/usr/src/tensorrt/bin/trtexec --onnx=/home/user/Edge-ML/models/v5/TCN/bs32/TCN.onnx --saveEngine=/home/user/Edge-ML/models/v5/TCN/bs32/TCN_fp32.engine --exportLayerInfo=/home/user/Edge-ML/models/v5/TCN/bs32/logs/quantisation_fp32_layers.json --memPoolSize=workspace:4096MiB --tacticSources=+CUBLAS,+CUBLAS_LT,+CUDNN --noDataTransfers

&&&& RUNNING TensorRT.trtexec [TensorRT v8502] # /usr/src/tensorrt/bin/trtexec --onnx=/home/user/Edge-ML/models/v5/TCN/bs32/TCN.onnx --saveEngine=/home/user/Edge-ML/models/v5/TCN/bs32/TCN_fp32.engine --exportLayerInfo=/home/user/Edge-ML/models/v5/TCN/bs32/logs/quantisation_fp32_layers.json --memPoolSize=workspace:4096MiB --tacticSources=+CUBLAS,+CUBLAS_LT,+CUDNN --noDataTransfers
[03/03/2026-11:04:50] [I] === Model Options ===
[03/03/2026-11:04:50] [I] Format: ONNX
[03/03/2026-11:04:50] [I] Model: /home/user/Edge-ML/models/v5/TCN/bs32/TCN.onnx
[03/03/2026-11:04:50] [I] Output:
[03/03/2026-11:04:50] [I] === Build Options ===
[03/03/2026-11:04:50] [I] Max batch: explicit batch
[03/03/2026-11:04:50] [I] Memory Pools: workspace: 4096 MiB, dlaSRAM: default, dlaLocalDRAM: default, dlaGlobalDRAM: default
[03/03/2026-11:04:50] [I] minTiming: 1
[03/03/2026-11:04:50] [I] avgTiming: 8
[03/03/2026-11:04:50] [I] Precision: FP32
[03/03/2026-11:04:50] [I] LayerPrecisions: 
[03/03/2026-11:04:50] [I] Calibration: 
[03/03/2026-11:04:50] [I] Refit: Disabled
[03/03/2026-11:04:50] [I] Sparsity: Disabled
[03/03/2026-11:04:50] [I] Safe mode: Disabled
[03/03/2026-11:04:50] [I] DirectIO mode: Disabled
[03/03/2026-11:04:50] [I] Restricted mode: Disabled
[03/03/2026-11:04:50] [I] Build only: Disabled
[03/03/2026-11:04:50] [I] Save engine: /home/user/Edge-ML/models/v5/TCN/bs32/TCN_fp32.engine
[03/03/2026-11:04:50] [I] Load engine: 
[03/03/2026-11:04:50] [I] Profiling verbosity: 0
[03/03/2026-11:04:50] [I] Tactic sources: cublas [ON], cublasLt [ON], cudnn [ON], 
[03/03/2026-11:04:50] [I] timingCacheMode: local
[03/03/2026-11:04:50] [I] timingCacheFile: 
[03/03/2026-11:04:50] [I] Heuristic: Disabled
[03/03/2026-11:04:50] [I] Preview Features: Use default preview flags.
[03/03/2026-11:04:50] [I] Input(s)s format: fp32:CHW
[03/03/2026-11:04:50] [I] Output(s)s format: fp32:CHW
[03/03/2026-11:04:50] [I] Input build shapes: model
[03/03/2026-11:04:50] [I] Input calibration shapes: model
[03/03/2026-11:04:50] [I] === System Options ===
[03/03/2026-11:04:50] [I] Device: 0
[03/03/2026-11:04:50] [I] DLACore: 
[03/03/2026-11:04:50] [I] Plugins:
[03/03/2026-11:04:50] [I] === Inference Options ===
[03/03/2026-11:04:50] [I] Batch: Explicit
[03/03/2026-11:04:50] [I] Input inference shapes: model
[03/03/2026-11:04:50] [I] Iterations: 10
[03/03/2026-11:04:50] [I] Duration: 3s (+ 200ms warm up)
[03/03/2026-11:04:50] [I] Sleep time: 0ms
[03/03/2026-11:04:50] [I] Idle time: 0ms
[03/03/2026-11:04:50] [I] Streams: 1
[03/03/2026-11:04:50] [I] ExposeDMA: Disabled
[03/03/2026-11:04:50] [I] Data transfers: Disabled
[03/03/2026-11:04:50] [I] Spin-wait: Disabled
[03/03/2026-11:04:50] [I] Multithreading: Disabled
[03/03/2026-11:04:50] [I] CUDA Graph: Disabled
[03/03/2026-11:04:50] [I] Separate profiling: Disabled
[03/03/2026-11:04:50] [I] Time Deserialize: Disabled
[03/03/2026-11:04:50] [I] Time Refit: Disabled
[03/03/2026-11:04:50] [I] NVTX verbosity: 0
[03/03/2026-11:04:50] [I] Persistent Cache Ratio: 0
[03/03/2026-11:04:50] [I] Inputs:
[03/03/2026-11:04:50] [I] === Reporting Options ===
[03/03/2026-11:04:50] [I] Verbose: Disabled
[03/03/2026-11:04:50] [I] Averages: 10 inferences
[03/03/2026-11:04:50] [I] Percentiles: 90,95,99
[03/03/2026-11:04:50] [I] Dump refittable layers:Disabled
[03/03/2026-11:04:50] [I] Dump output: Disabled
[03/03/2026-11:04:50] [I] Profile: Disabled
[03/03/2026-11:04:50] [I] Export timing to JSON file: 
[03/03/2026-11:04:50] [I] Export output to JSON file: 
[03/03/2026-11:04:50] [I] Export profile to JSON file: 
[03/03/2026-11:04:50] [I] 
[03/03/2026-11:04:50] [I] === Device Information ===
[03/03/2026-11:04:50] [I] Selected Device: Orin
[03/03/2026-11:04:50] [I] Compute Capability: 8.7
[03/03/2026-11:04:50] [I] SMs: 4
[03/03/2026-11:04:50] [I] Compute Clock Rate: 0.624 GHz
[03/03/2026-11:04:50] [I] Device Global Memory: 3425 MiB
[03/03/2026-11:04:50] [I] Shared Memory per SM: 164 KiB
[03/03/2026-11:04:50] [I] Memory Bus Width: 128 bits (ECC disabled)
[03/03/2026-11:04:50] [I] Memory Clock Rate: 0.624 GHz
[03/03/2026-11:04:50] [I] 
[03/03/2026-11:04:50] [I] TensorRT version: 8.5.2
[03/03/2026-11:04:50] [I] [TRT] [MemUsageChange] Init CUDA: CPU +220, GPU +0, now: CPU 249, GPU 1569 (MiB)
[03/03/2026-11:04:53] [I] [TRT] [MemUsageChange] Init builder kernel library: CPU +302, GPU +104, now: CPU 574, GPU 1667 (MiB)
[03/03/2026-11:04:53] [I] Start parsing network model
[03/03/2026-11:04:53] [I] [TRT] ----------------------------------------------------------------
[03/03/2026-11:04:53] [I] [TRT] Input filename:   /home/user/Edge-ML/models/v5/TCN/bs32/TCN.onnx
[03/03/2026-11:04:53] [I] [TRT] ONNX IR version:  0.0.7
[03/03/2026-11:04:53] [I] [TRT] Opset version:    12
[03/03/2026-11:04:53] [I] [TRT] Producer name:    pytorch
[03/03/2026-11:04:53] [I] [TRT] Producer version: 2.5.1
[03/03/2026-11:04:53] [I] [TRT] Domain:           
[03/03/2026-11:04:53] [I] [TRT] Model version:    0
[03/03/2026-11:04:53] [I] [TRT] Doc string:       
[03/03/2026-11:04:53] [I] [TRT] ----------------------------------------------------------------
[03/03/2026-11:04:53] [I] Finish parsing network model
[03/03/2026-11:04:53] [I] [TRT] ---------- Layers Running on DLA ----------
[03/03/2026-11:04:53] [I] [TRT] ---------- Layers Running on GPU ----------
[03/03/2026-11:04:53] [I] [TRT] [GpuLayer] SHUFFLE: /Unsqueeze + (Unnamed Layer* 1) [Shuffle]
[03/03/2026-11:04:53] [I] [TRT] [GpuLayer] SHUFFLE: shuffle_between_(Unnamed Layer* 1) [Shuffle]_output_and_/block1/block1.0/Conv + /block1/block1.2/Relu
[03/03/2026-11:04:53] [I] [TRT] [GpuLayer] CONVOLUTION: /block1/block1.0/Conv + /block1/block1.2/Relu
[03/03/2026-11:04:53] [I] [TRT] [GpuLayer] SHUFFLE: shuffle_after_/block1/block1.2/Relu_out_tensor
[03/03/2026-11:04:53] [I] [TRT] [GpuLayer] POOLING: /block1/block1.3/MaxPool
[03/03/2026-11:04:53] [I] [TRT] [GpuLayer] SHUFFLE: shuffle_between_(Unnamed Layer* 6) [Pooling]_output_and_/block2/block2.0/Conv + /block2/block2.2/Relu
[03/03/2026-11:04:53] [I] [TRT] [GpuLayer] CONVOLUTION: /block2/block2.0/Conv + /block2/block2.2/Relu
[03/03/2026-11:04:53] [I] [TRT] [GpuLayer] SHUFFLE: shuffle_after_/block2/block2.2/Relu_out_tensor
[03/03/2026-11:04:53] [I] [TRT] [GpuLayer] POOLING: /block2/block2.3/MaxPool
[03/03/2026-11:04:53] [I] [TRT] [GpuLayer] SHUFFLE: shuffle_between_(Unnamed Layer* 13) [Pooling]_output_and_/block3/block3.0/Conv + /block3/block3.2/Relu
[03/03/2026-11:04:53] [I] [TRT] [GpuLayer] CONVOLUTION: /block3/block3.0/Conv + /block3/block3.2/Relu
[03/03/2026-11:04:53] [I] [TRT] [GpuLayer] SHUFFLE: shuffle_after_/block3/block3.2/Relu_out_tensor
[03/03/2026-11:04:53] [I] [TRT] [GpuLayer] SHUFFLE: squeeze_after_/block3/block3.2/Relu
[03/03/2026-11:04:53] [I] [TRT] [GpuLayer] REDUCE: /block3/block3.3/GlobalAveragePool
[03/03/2026-11:04:53] [I] [TRT] [GpuLayer] SHUFFLE: /fc/fc.0/Flatten + reshape_before_/fc/fc.1/Gemm
[03/03/2026-11:04:53] [I] [TRT] [GpuLayer] CONVOLUTION: /fc/fc.1/Gemm + /fc/fc.2/Relu
[03/03/2026-11:04:53] [I] [TRT] [GpuLayer] CONVOLUTION: /fc/fc.4/Gemm
[03/03/2026-11:04:53] [I] [TRT] [GpuLayer] SHUFFLE: reshape_after_/fc/fc.4/Gemm + /Squeeze
[03/03/2026-11:04:54] [I] [TRT] [MemUsageChange] Init cuBLAS/cuBLASLt: CPU +534, GPU +825, now: CPU 1108, GPU 2492 (MiB)
[03/03/2026-11:04:54] [I] [TRT] [MemUsageChange] Init cuDNN: CPU +83, GPU +128, now: CPU 1191, GPU 2620 (MiB)
[03/03/2026-11:04:54] [I] [TRT] Local timing cache in use. Profiling results in this builder pass will not be stored.
[03/03/2026-11:05:02] [I] [TRT] Total Activation Memory: 4296953344
[03/03/2026-11:05:02] [I] [TRT] Detected 1 inputs and 1 output network tensors.
[03/03/2026-11:05:02] [I] [TRT] Total Host Persistent Memory: 24192
[03/03/2026-11:05:02] [I] [TRT] Total Device Persistent Memory: 0
[03/03/2026-11:05:02] [I] [TRT] Total Scratch Memory: 0
[03/03/2026-11:05:02] [I] [TRT] [MemUsageStats] Peak memory usage of TRT CPU/GPU memory allocators: CPU 0 MiB, GPU 134 MiB
[03/03/2026-11:05:02] [I] [TRT] [BlockAssignment] Started assigning block shifts. This will take 23 steps to complete.
[03/03/2026-11:05:02] [I] [TRT] [BlockAssignment] Algorithm ShiftNTopDown took 0.230278ms to assign 3 blocks to 23 nodes requiring 737792 bytes.
[03/03/2026-11:05:02] [I] [TRT] Total Activation Memory: 737792
[03/03/2026-11:05:02] [I] [TRT] [MemUsageChange] TensorRT-managed allocation in building engine: CPU +0, GPU +4, now: CPU 0, GPU 4 (MiB)
[03/03/2026-11:05:02] [I] Engine built in 12.2603 sec.
[03/03/2026-11:05:02] [I] [TRT] Loaded engine size: 0 MiB
[03/03/2026-11:05:02] [I] [TRT] [MemUsageChange] TensorRT-managed allocation in engine deserialization: CPU +0, GPU +0, now: CPU 0, GPU 0 (MiB)
[03/03/2026-11:05:02] [I] Engine deserialized in 0.00976409 sec.
[03/03/2026-11:05:02] [I] [TRT] [MemUsageChange] TensorRT-managed allocation in IExecutionContext creation: CPU +0, GPU +0, now: CPU 0, GPU 0 (MiB)
[03/03/2026-11:05:02] [I] Setting persistentCacheLimit to 0 bytes.
[03/03/2026-11:05:02] [I] Using random values for input input
[03/03/2026-11:05:02] [I] Created input binding for input with dimensions 32x120
[03/03/2026-11:05:02] [I] Using random values for output capacity
[03/03/2026-11:05:02] [I] Created output binding for capacity with dimensions 32
[03/03/2026-11:05:02] [I] [TRT] The profiling verbosity was set to ProfilingVerbosity::kLAYER_NAMES_ONLY when the engine was built, so only the layer names will be returned. Rebuild the engine with ProfilingVerbosity::kDETAILED to get more verbose layer information.
[03/03/2026-11:05:02] [I] Starting inference
[03/03/2026-11:05:06] [I] Warmup completed 763 queries over 200 ms
[03/03/2026-11:05:06] [I] Timing trace has 11421 queries over 3.00035 s
[03/03/2026-11:05:06] [I] 
[03/03/2026-11:05:06] [I] === Trace details ===
[03/03/2026-11:05:06] [I] Trace averages of 10 runs:
[03/03/2026-11:05:06] [I] Average on 10 runs - GPU latency: 0.260321 ms - Host latency: 0.260321 ms (enqueue 0.0996033 ms)
[03/03/2026-11:05:06] [I] Average on 10 runs - GPU latency: 0.260417 ms - Host latency: 0.260417 ms (enqueue 0.0986572 ms)
[03/03/2026-11:05:06] [I] Average on 10 runs - GPU latency: 0.26003 ms - Host latency: 0.26003 ms (enqueue 0.105064 ms)
[03/03/2026-11:05:06] [I] Average on 10 runs - GPU latency: 0.260823 ms - Host latency: 0.260823 ms (enqueue 0.0981934 ms)
[03/03/2026-11:05:06] [I] Average on 10 runs - GPU latency: 0.260068 ms - Host latency: 0.260068 ms (enqueue 0.0960175 ms)
[03/03/2026-11:05:06] [I] Average on 10 runs - GPU latency: 0.261435 ms - Host latency: 0.261435 ms (enqueue 0.0993912 ms)
[03/03/2026-11:05:06] [I] Average on 10 runs - GPU latency: 0.261404 ms - Host latency: 0.261404 ms (enqueue 0.0979797 ms)
[03/03/2026-11:05:06] [I] Average on 10 runs - GPU latency: 0.260138 ms - Host latency: 0.260138 ms (enqueue 0.0992676 ms)
[03/03/2026-11:05:06] [I] Average on 10 runs - GPU latency: 0.259543 ms - Host latency: 0.259543 ms (enqueue 0.0953796 ms)
[03/03/2026-11:05:06] [I] Average on 10 runs - GPU latency: 0.261069 ms - Host latency: 0.261069 ms (enqueue 0.0973709 ms)
[03/03/2026-11:05:06] [I] Average on 10 runs - GPU latency: 0.260194 ms - Host latency: 0.260194 ms (enqueue 0.0980331 ms)
[03/03/2026-11:05:06] [I] Average on 10 runs - GPU latency: 0.262102 ms - Host latency: 0.262102 ms (enqueue 0.0976562 ms)
[03/03/2026-11:05:06] [I] Average on 10 runs - GPU latency: 0.260664 ms - Host latency: 0.260664 ms (enqueue 0.100595 ms)
[03/03/2026-11:05:06] [I] Average on 10 runs - GPU latency: 0.262079 ms - Host latency: 0.262079 ms (enqueue 0.0963211 ms)
[03/03/2026-11:05:06] [I] Average on 10 runs - GPU latency: 0.261317 ms - Host latency: 0.261317 ms (enqueue 0.0971939 ms)
[03/03/2026-11:05:06] [I] Average on 10 runs - GPU latency: 0.261612 ms - Host latency: 0.261612 ms (enqueue 0.0971954 ms)
[03/03/2026-11:05:06] [I] Average on 10 runs - GPU latency: 0.260861 ms - Host latency: 0.260861 ms (enqueue 0.096814 ms)
[03/03/2026-11:05:06] [I] Average on 10 runs - GPU latency: 0.260995 ms - Host latency: 0.260995 ms (enqueue 0.0972748 ms)
[03/03/2026-11:05:06] [I] Average on 10 runs - GPU latency: 0.260789 ms - Host latency: 0.260789 ms (enqueue 0.0949097 ms)
[03/03/2026-11:05:06] [I] Average on 10 runs - GPU latency: 0.259865 ms - Host latency: 0.259865 ms (enqueue 0.098259 ms)
[03/03/2026-11:05:06] [I] Average on 10 runs - GPU latency: 0.261539 ms - Host latency: 0.261539 ms (enqueue 0.0962601 ms)
[03/03/2026-11:05:06] [I] Average on 10 runs - GPU latency: 0.261763 ms - Host latency: 0.261763 ms (enqueue 0.102887 ms)
[03/03/2026-11:05:06] [I] Average on 10 runs - GPU latency: 0.261633 ms - Host latency: 0.261633 ms (enqueue 0.0948547 ms)
[03/03/2026-11:05:06] [I] Average on 10 runs - GPU latency: 0.259949 ms - Host latency: 0.259949 ms (enqueue 0.0984833 ms)
[03/03/2026-11:05:06] [I] Average on 10 runs - GPU latency: 0.261145 ms - Host latency: 0.261145 ms (enqueue 0.0985504 ms)
[03/03/2026-11:05:06] [I] Average on 10 runs - GPU latency: 0.259766 ms - Host latency: 0.259766 ms (enqueue 0.0986633 ms)
[03/03/2026-11:05:06] [I] Average on 10 runs - GPU latency: 0.260345 ms - Host latency: 0.260345 ms (enqueue 0.0987183 ms)
[03/03/2026-11:05:06] [I] Average on 10 runs - GPU latency: 0.260999 ms - Host latency: 0.260999 ms (enqueue 0.100333 ms)
[03/03/2026-11:05:06] [I] Average on 10 runs - GPU latency: 0.262247 ms - Host latency: 0.262247 ms (enqueue 0.0980255 ms)
[03/03/2026-11:05:06] [I] Average on 10 runs - GPU latency: 0.260989 ms - Host latency: 0.260989 ms (enqueue 0.0977936 ms)
[03/03/2026-11:05:06] [I] Average on 10 runs - GPU latency: 0.262387 ms - Host latency: 0.262387 ms (enqueue 0.094519 ms)
[03/03/2026-11:05:06] [I] Average on 10 runs - GPU latency: 0.259949 ms - Host latency: 0.259949 ms (enqueue 0.101666 ms)
[03/03/2026-11:05:06] [I] Average on 10 runs - GPU latency: 0.259665 ms - Host latency: 0.259665 ms (enqueue 0.102533 ms)
[03/03/2026-11:05:06] [I] Average on 10 runs - GPU latency: 0.26145 ms - Host latency: 0.26145 ms (enqueue 0.097522 ms)
[03/03/2026-11:05:06] [I] Average on 10 runs - GPU latency: 0.261304 ms - Host latency: 0.261304 ms (enqueue 0.101648 ms)
[03/03/2026-11:05:06] [I] Average on 10 runs - GPU latency: 0.260175 ms - Host latency: 0.260175 ms (enqueue 0.101236 ms)
[03/03/2026-11:05:06] [I] Average on 10 runs - GPU latency: 0.261719 ms - Host latency: 0.261719 ms (enqueue 0.0954071 ms)
[03/03/2026-11:05:06] [I] Average on 10 runs - GPU latency: 0.26138 ms - Host latency: 0.26138 ms (enqueue 0.0989197 ms)
[03/03/2026-11:05:06] [I] Average on 10 runs - GPU latency: 0.259659 ms - Host latency: 0.259659 ms (enqueue 0.101028 ms)
[03/03/2026-11:05:06] [I] Average on 10 runs - GPU latency: 0.259692 ms - Host latency: 0.259692 ms (enqueue 0.102695 ms)
[03/03/2026-11:05:06] [I] Average on 10 runs - GPU latency: 0.260873 ms - Host latency: 0.260873 ms (enqueue 0.103516 ms)
[03/03/2026-11:05:06] [I] Average on 10 runs - GPU latency: 0.260553 ms - Host latency: 0.260553 ms (enqueue 0.103159 ms)
[03/03/2026-11:05:06] [I] Average on 10 runs - GPU latency: 0.261295 ms - Host latency: 0.261295 ms (enqueue 0.0982361 ms)
[03/03/2026-11:05:06] [I] Average on 10 runs - GPU latency: 0.261209 ms - Host latency: 0.261209 ms (enqueue 0.0957184 ms)
[03/03/2026-11:05:06] [I] Average on 10 runs - GPU latency: 0.260291 ms - Host latency: 0.260291 ms (enqueue 0.0968872 ms)
[03/03/2026-11:05:06] [I] Average on 10 runs - GPU latency: 0.259821 ms - Host latency: 0.259821 ms (enqueue 0.0982452 ms)
[03/03/2026-11:05:06] [I] Average on 10 runs - GPU latency: 0.260202 ms - Host latency: 0.260202 ms (enqueue 0.0980133 ms)
[03/03/2026-11:05:06] [I] Average on 10 runs - GPU latency: 0.260074 ms - Host latency: 0.260074 ms (enqueue 0.104242 ms)
[03/03/2026-11:05:06] [I] Average on 10 runs - GPU latency: 0.261133 ms - Host latency: 0.261133 ms (enqueue 0.0995941 ms)
[03/03/2026-11:05:06] [I] Average on 10 runs - GPU latency: 0.259067 ms - Host latency: 0.259067 ms (enqueue 0.105502 ms)
[03/03/2026-11:05:06] [I] Average on 10 runs - GPU latency: 0.261694 ms - Host latency: 0.261694 ms (enqueue 0.0988556 ms)
[03/03/2026-11:05:06] [I] Average on 10 runs - GPU latency: 0.259479 ms - Host latency: 0.259479 ms (enqueue 0.101877 ms)
[03/03/2026-11:05:06] [I] Average on 10 runs - GPU latency: 0.260709 ms - Host latency: 0.260709 ms (enqueue 0.0964844 ms)
[03/03/2026-11:05:06] [I] Average on 10 runs - GPU latency: 0.261084 ms - Host latency: 0.261084 ms (enqueue 0.0989075 ms)
[03/03/2026-11:05:06] [I] Average on 10 runs - GPU latency: 0.260043 ms - Host latency: 0.260043 ms (enqueue 0.0996643 ms)
[03/03/2026-11:05:06] [I] Average on 10 runs - GPU latency: 0.259735 ms - Host latency: 0.259735 ms (enqueue 0.106467 ms)
[03/03/2026-11:05:06] [I] Average on 10 runs - GPU latency: 0.259485 ms - Host latency: 0.259485 ms (enqueue 0.0986572 ms)
[03/03/2026-11:05:06] [I] Average on 10 runs - GPU latency: 0.261426 ms - Host latency: 0.261426 ms (enqueue 0.096933 ms)
[03/03/2026-11:05:06] [I] Average on 10 runs - GPU latency: 0.260809 ms - Host latency: 0.260809 ms (enqueue 0.100745 ms)
[03/03/2026-11:05:06] [I] Average on 10 runs - GPU latency: 0.261041 ms - Host latency: 0.261041 ms (enqueue 0.103174 ms)
[03/03/2026-11:05:06] [I] Average on 10 runs - GPU latency: 0.259723 ms - Host latency: 0.259723 ms (enqueue 0.099942 ms)
[03/03/2026-11:05:06] [I] Average on 10 runs - GPU latency: 0.261771 ms - Host latency: 0.261771 ms (enqueue 0.0987823 ms)
[03/03/2026-11:05:06] [I] Average on 10 runs - GPU latency: 0.260175 ms - Host latency: 0.260175 ms (enqueue 0.0997833 ms)
[03/03/2026-11:05:06] [I] Average on 10 runs - GPU latency: 0.26015 ms - Host latency: 0.26015 ms (enqueue 0.100629 ms)
[03/03/2026-11:05:06] [I] Average on 10 runs - GPU latency: 0.259003 ms - Host latency: 0.259003 ms (enqueue 0.10264 ms)
[03/03/2026-11:05:06] [I] Average on 10 runs - GPU latency: 0.26076 ms - Host latency: 0.26076 ms (enqueue 0.0956085 ms)
[03/03/2026-11:05:06] [I] Average on 10 runs - GPU latency: 0.260123 ms - Host latency: 0.260123 ms (enqueue 0.0993439 ms)
[03/03/2026-11:05:06] [I] Average on 10 runs - GPU latency: 0.259518 ms - Host latency: 0.259518 ms (enqueue 0.101682 ms)
[03/03/2026-11:05:06] [I] Average on 10 runs - GPU latency: 0.261743 ms - Host latency: 0.261743 ms (enqueue 0.096347 ms)
[03/03/2026-11:05:06] [I] Average on 10 runs - GPU latency: 0.261328 ms - Host latency: 0.261328 ms (enqueue 0.099353 ms)
[03/03/2026-11:05:06] [I] Average on 10 runs - GPU latency: 0.259937 ms - Host latency: 0.259937 ms (enqueue 0.0934906 ms)
[03/03/2026-11:05:06] [I] Average on 10 runs - GPU latency: 0.260233 ms - Host latency: 0.260233 ms (enqueue 0.101956 ms)
[03/03/2026-11:05:06] [I] Average on 10 runs - GPU latency: 0.260376 ms - Host latency: 0.260376 ms (enqueue 0.101807 ms)
[03/03/2026-11:05:06] [I] Average on 10 runs - GPU latency: 0.261078 ms - Host latency: 0.261078 ms (enqueue 0.102826 ms)
[03/03/2026-11:05:06] [I] Average on 10 runs - GPU latency: 0.260535 ms - Host latency: 0.260535 ms (enqueue 0.0994781 ms)
[03/03/2026-11:05:06] [I] Average on 10 runs - GPU latency: 0.261087 ms - Host latency: 0.261087 ms (enqueue 0.0983002 ms)
[03/03/2026-11:05:06] [I] Average on 10 runs - GPU latency: 0.260403 ms - Host latency: 0.260403 ms (enqueue 0.100735 ms)
[03/03/2026-11:05:06] [I] Average on 10 runs - GPU latency: 0.260992 ms - Host latency: 0.260992 ms (enqueue 0.0981415 ms)
[03/03/2026-11:05:06] [I] Average on 10 runs - GPU latency: 0.25965 ms - Host latency: 0.25965 ms (enqueue 0.100439 ms)
[03/03/2026-11:05:06] [I] Average on 10 runs - GPU latency: 0.258282 ms - Host latency: 0.258282 ms (enqueue 0.104483 ms)
[03/03/2026-11:05:06] [I] Average on 10 runs - GPU latency: 0.260706 ms - Host latency: 0.260706 ms (enqueue 0.0946533 ms)
[03/03/2026-11:05:06] [I] Average on 10 runs - GPU latency: 0.260291 ms - Host latency: 0.260291 ms (enqueue 0.0989197 ms)
[03/03/2026-11:05:06] [I] Average on 10 runs - GPU latency: 0.261176 ms - Host latency: 0.261176 ms (enqueue 0.0980377 ms)
[03/03/2026-11:05:06] [I] Average on 10 runs - GPU latency: 0.25986 ms - Host latency: 0.25986 ms (enqueue 0.0967407 ms)
[03/03/2026-11:05:06] [I] Average on 10 runs - GPU latency: 0.261133 ms - Host latency: 0.261133 ms (enqueue 0.0959686 ms)
[03/03/2026-11:05:06] [I] Average on 10 runs - GPU latency: 0.260849 ms - Host latency: 0.260849 ms (enqueue 0.0993225 ms)
[03/03/2026-11:05:06] [I] Average on 10 runs - GPU latency: 0.261948 ms - Host latency: 0.261948 ms (enqueue 0.097049 ms)
[03/03/2026-11:05:06] [I] Average on 10 runs - GPU latency: 0.261304 ms - Host latency: 0.261304 ms (enqueue 0.0967987 ms)
[03/03/2026-11:05:06] [I] Average on 10 runs - GPU latency: 0.260486 ms - Host latency: 0.260486 ms (enqueue 0.100858 ms)
[03/03/2026-11:05:06] [I] Average on 10 runs - GPU latency: 0.259219 ms - Host latency: 0.259219 ms (enqueue 0.100104 ms)
[03/03/2026-11:05:06] [I] Average on 10 runs - GPU latency: 0.262143 ms - Host latency: 0.262143 ms (enqueue 0.0971832 ms)
[03/03/2026-11:05:06] [I] Average on 10 runs - GPU latency: 0.259854 ms - Host latency: 0.259854 ms (enqueue 0.099057 ms)
[03/03/2026-11:05:06] [I] Average on 10 runs - GPU latency: 0.260983 ms - Host latency: 0.260983 ms (enqueue 0.0970215 ms)
[03/03/2026-11:05:06] [I] Average on 10 runs - GPU latency: 0.26123 ms - Host latency: 0.26123 ms (enqueue 0.0997711 ms)
[03/03/2026-11:05:06] [I] Average on 10 runs - GPU latency: 0.261172 ms - Host latency: 0.261172 ms (enqueue 0.097348 ms)
[03/03/2026-11:05:06] [I] Average on 10 runs - GPU latency: 0.260272 ms - Host latency: 0.260272 ms (enqueue 0.102118 ms)
[03/03/2026-11:05:06] [I] Average on 10 runs - GPU latency: 0.262195 ms - Host latency: 0.262195 ms (enqueue 0.0946747 ms)
[03/03/2026-11:05:06] [I] Average on 10 runs - GPU latency: 0.260602 ms - Host latency: 0.260602 ms (enqueue 0.0969482 ms)
[03/03/2026-11:05:06] [I] Average on 10 runs - GPU latency: 0.262427 ms - Host latency: 0.262427 ms (enqueue 0.0947876 ms)
[03/03/2026-11:05:06] [I] Average on 10 runs - GPU latency: 0.26185 ms - Host latency: 0.26185 ms (enqueue 0.0982452 ms)
[03/03/2026-11:05:06] [I] Average on 10 runs - GPU latency: 0.262515 ms - Host latency: 0.262515 ms (enqueue 0.0970551 ms)
[03/03/2026-11:05:06] [I] Average on 10 runs - GPU latency: 0.261743 ms - Host latency: 0.261743 ms (enqueue 0.098465 ms)
[03/03/2026-11:05:06] [I] Average on 10 runs - GPU latency: 0.260965 ms - Host latency: 0.260965 ms (enqueue 0.0993561 ms)
[03/03/2026-11:05:06] [I] Average on 10 runs - GPU latency: 0.260822 ms - Host latency: 0.260822 ms (enqueue 0.0984161 ms)
[03/03/2026-11:05:06] [I] Average on 10 runs - GPU latency: 0.260339 ms - Host latency: 0.260339 ms (enqueue 0.0976593 ms)
[03/03/2026-11:05:06] [I] Average on 10 runs - GPU latency: 0.260553 ms - Host latency: 0.260553 ms (enqueue 0.0989929 ms)
[03/03/2026-11:05:06] [I] Average on 10 runs - GPU latency: 0.260638 ms - Host latency: 0.260638 ms (enqueue 0.0999786 ms)
[03/03/2026-11:05:06] [I] Average on 10 runs - GPU latency: 0.258789 ms - Host latency: 0.258789 ms (enqueue 0.103177 ms)
[03/03/2026-11:05:06] [I] Average on 10 runs - GPU latency: 0.260767 ms - Host latency: 0.260767 ms (enqueue 0.0967896 ms)
[03/03/2026-11:05:06] [I] Average on 10 runs - GPU latency: 0.260443 ms - Host latency: 0.260443 ms (enqueue 0.0978119 ms)
[03/03/2026-11:05:06] [I] Average on 10 runs - GPU latency: 0.261621 ms - Host latency: 0.261621 ms (enqueue 0.0942932 ms)
[03/03/2026-11:05:06] [I] Average on 10 runs - GPU latency: 0.261835 ms - Host latency: 0.261835 ms (enqueue 0.0932404 ms)
[03/03/2026-11:05:06] [I] Average on 10 runs - GPU latency: 0.25947 ms - Host latency: 0.25947 ms (enqueue 0.0994842 ms)
[03/03/2026-11:05:06] [I] Average on 10 runs - GPU latency: 0.261136 ms - Host latency: 0.261136 ms (enqueue 0.100613 ms)
[03/03/2026-11:05:06] [I] Average on 10 runs - GPU latency: 0.26062 ms - Host latency: 0.26062 ms (enqueue 0.104614 ms)
[03/03/2026-11:05:06] [I] Average on 10 runs - GPU latency: 0.261029 ms - Host latency: 0.261029 ms (enqueue 0.0973541 ms)
[03/03/2026-11:05:06] [I] Average on 10 runs - GPU latency: 0.2612 ms - Host latency: 0.2612 ms (enqueue 0.0976532 ms)
[03/03/2026-11:05:06] [I] Average on 10 runs - GPU latency: 0.261786 ms - Host latency: 0.261786 ms (enqueue 0.0966095 ms)
[03/03/2026-11:05:06] [I] Average on 10 runs - GPU latency: 0.260486 ms - Host latency: 0.260486 ms (enqueue 0.0973969 ms)
[03/03/2026-11:05:06] [I] Average on 10 runs - GPU latency: 0.259644 ms - Host latency: 0.259644 ms (enqueue 0.102667 ms)
[03/03/2026-11:05:06] [I] Average on 10 runs - GPU latency: 0.260974 ms - Host latency: 0.260974 ms (enqueue 0.0994812 ms)
[03/03/2026-11:05:06] [I] Average on 10 runs - GPU latency: 0.260809 ms - Host latency: 0.260809 ms (enqueue 0.0970215 ms)
[03/03/2026-11:05:06] [I] Average on 10 runs - GPU latency: 0.260217 ms - Host latency: 0.260217 ms (enqueue 0.100684 ms)
[03/03/2026-11:05:06] [I] Average on 10 runs - GPU latency: 0.260968 ms - Host latency: 0.260968 ms (enqueue 0.100275 ms)
[03/03/2026-11:05:06] [I] Average on 10 runs - GPU latency: 0.261133 ms - Host latency: 0.261133 ms (enqueue 0.101642 ms)
[03/03/2026-11:05:06] [I] Average on 10 runs - GPU latency: 0.259991 ms - Host latency: 0.259991 ms (enqueue 0.103131 ms)
[03/03/2026-11:05:06] [I] Average on 10 runs - GPU latency: 0.259497 ms - Host latency: 0.259497 ms (enqueue 0.105322 ms)
[03/03/2026-11:05:06] [I] Average on 10 runs - GPU latency: 0.260364 ms - Host latency: 0.260364 ms (enqueue 0.0956299 ms)
[03/03/2026-11:05:06] [I] Average on 10 runs - GPU latency: 0.260162 ms - Host latency: 0.260162 ms (enqueue 0.0999023 ms)
[03/03/2026-11:05:06] [I] Average on 10 runs - GPU latency: 0.259778 ms - Host latency: 0.259778 ms (enqueue 0.101483 ms)
[03/03/2026-11:05:06] [I] Average on 10 runs - GPU latency: 0.26167 ms - Host latency: 0.26167 ms (enqueue 0.0977234 ms)
[03/03/2026-11:05:06] [I] Average on 10 runs - GPU latency: 0.261322 ms - Host latency: 0.261322 ms (enqueue 0.0971741 ms)
[03/03/2026-11:05:06] [I] Average on 10 runs - GPU latency: 0.261017 ms - Host latency: 0.261017 ms (enqueue 0.0979309 ms)
[03/03/2026-11:05:06] [I] Average on 10 runs - GPU latency: 0.262384 ms - Host latency: 0.262384 ms (enqueue 0.100659 ms)
[03/03/2026-11:05:06] [I] Average on 10 runs - GPU latency: 0.259802 ms - Host latency: 0.259802 ms (enqueue 0.103638 ms)
[03/03/2026-11:05:06] [I] Average on 10 runs - GPU latency: 0.260535 ms - Host latency: 0.260535 ms (enqueue 0.097699 ms)
[03/03/2026-11:05:06] [I] Average on 10 runs - GPU latency: 0.260095 ms - Host latency: 0.260095 ms (enqueue 0.0975464 ms)
[03/03/2026-11:05:06] [I] Average on 10 runs - GPU latency: 0.260291 ms - Host latency: 0.260291 ms (enqueue 0.100421 ms)
[03/03/2026-11:05:06] [I] Average on 10 runs - GPU latency: 0.260596 ms - Host latency: 0.260596 ms (enqueue 0.100317 ms)
[03/03/2026-11:05:06] [I] Average on 10 runs - GPU latency: 0.260919 ms - Host latency: 0.260919 ms (enqueue 0.0990845 ms)
[03/03/2026-11:05:06] [I] Average on 10 runs - GPU latency: 0.260944 ms - Host latency: 0.260944 ms (enqueue 0.102826 ms)
[03/03/2026-11:05:06] [I] Average on 10 runs - GPU latency: 0.260461 ms - Host latency: 0.260461 ms (enqueue 0.102454 ms)
[03/03/2026-11:05:06] [I] Average on 10 runs - GPU latency: 0.25957 ms - Host latency: 0.25957 ms (enqueue 0.100092 ms)
[03/03/2026-11:05:06] [I] Average on 10 runs - GPU latency: 0.260419 ms - Host latency: 0.260419 ms (enqueue 0.0989319 ms)
[03/03/2026-11:05:06] [I] Average on 10 runs - GPU latency: 0.260858 ms - Host latency: 0.260858 ms (enqueue 0.100476 ms)
[03/03/2026-11:05:06] [I] Average on 10 runs - GPU latency: 0.260144 ms - Host latency: 0.260144 ms (enqueue 0.100311 ms)
[03/03/2026-11:05:06] [I] Average on 10 runs - GPU latency: 0.260645 ms - Host latency: 0.260645 ms (enqueue 0.101678 ms)
[03/03/2026-11:05:06] [I] Average on 10 runs - GPU latency: 0.261359 ms - Host latency: 0.261359 ms (enqueue 0.0963684 ms)
[03/03/2026-11:05:06] [I] Average on 10 runs - GPU latency: 0.259784 ms - Host latency: 0.259784 ms (enqueue 0.100507 ms)
[03/03/2026-11:05:06] [I] Average on 10 runs - GPU latency: 0.260828 ms - Host latency: 0.260828 ms (enqueue 0.094635 ms)
[03/03/2026-11:05:06] [I] Average on 10 runs - GPU latency: 0.261377 ms - Host latency: 0.261377 ms (enqueue 0.0969849 ms)
[03/03/2026-11:05:06] [I] Average on 10 runs - GPU latency: 0.261224 ms - Host latency: 0.261224 ms (enqueue 0.0950195 ms)
[03/03/2026-11:05:06] [I] Average on 10 runs - GPU latency: 0.261914 ms - Host latency: 0.261914 ms (enqueue 0.0947144 ms)
[03/03/2026-11:05:06] [I] Average on 10 runs - GPU latency: 0.261536 ms - Host latency: 0.261536 ms (enqueue 0.0959839 ms)
[03/03/2026-11:05:06] [I] Average on 10 runs - GPU latency: 0.26167 ms - Host latency: 0.26167 ms (enqueue 0.0976135 ms)
[03/03/2026-11:05:06] [I] Average on 10 runs - GPU latency: 0.259906 ms - Host latency: 0.259906 ms (enqueue 0.10318 ms)
[03/03/2026-11:05:06] [I] Average on 10 runs - GPU latency: 0.260675 ms - Host latency: 0.260675 ms (enqueue 0.101434 ms)
[03/03/2026-11:05:06] [I] Average on 10 runs - GPU latency: 0.260101 ms - Host latency: 0.260101 ms (enqueue 0.101709 ms)
[03/03/2026-11:05:06] [I] Average on 10 runs - GPU latency: 0.261511 ms - Host latency: 0.261511 ms (enqueue 0.0991272 ms)
[03/03/2026-11:05:06] [I] Average on 10 runs - GPU latency: 0.260645 ms - Host latency: 0.260645 ms (enqueue 0.0949951 ms)
[03/03/2026-11:05:06] [I] Average on 10 runs - GPU latency: 0.261816 ms - Host latency: 0.261816 ms (enqueue 0.0967285 ms)
[03/03/2026-11:05:06] [I] Average on 10 runs - GPU latency: 0.259424 ms - Host latency: 0.259424 ms (enqueue 0.100519 ms)
[03/03/2026-11:05:06] [I] Average on 10 runs - GPU latency: 0.26073 ms - Host latency: 0.26073 ms (enqueue 0.0960754 ms)
[03/03/2026-11:05:06] [I] Average on 10 runs - GPU latency: 0.260785 ms - Host latency: 0.260785 ms (enqueue 0.0985596 ms)
[03/03/2026-11:05:06] [I] Average on 10 runs - GPU latency: 0.259363 ms - Host latency: 0.259363 ms (enqueue 0.100116 ms)
[03/03/2026-11:05:06] [I] Average on 10 runs - GPU latency: 0.26109 ms - Host latency: 0.26109 ms (enqueue 0.0973084 ms)
[03/03/2026-11:05:06] [I] Average on 10 runs - GPU latency: 0.26059 ms - Host latency: 0.26059 ms (enqueue 0.0997009 ms)
[03/03/2026-11:05:06] [I] Average on 10 runs - GPU latency: 0.260522 ms - Host latency: 0.260522 ms (enqueue 0.0989563 ms)
[03/03/2026-11:05:06] [I] Average on 10 runs - GPU latency: 0.260931 ms - Host latency: 0.260931 ms (enqueue 0.097168 ms)
[03/03/2026-11:05:06] [I] Average on 10 runs - GPU latency: 0.261609 ms - Host latency: 0.261609 ms (enqueue 0.0976562 ms)
[03/03/2026-11:05:06] [I] Average on 10 runs - GPU latency: 0.260815 ms - Host latency: 0.260815 ms (enqueue 0.102612 ms)
[03/03/2026-11:05:06] [I] Average on 10 runs - GPU latency: 0.260388 ms - Host latency: 0.260388 ms (enqueue 0.101508 ms)
[03/03/2026-11:05:06] [I] Average on 10 runs - GPU latency: 0.260272 ms - Host latency: 0.260272 ms (enqueue 0.0960632 ms)
[03/03/2026-11:05:06] [I] Average on 10 runs - GPU latency: 0.260522 ms - Host latency: 0.260522 ms (enqueue 0.0993713 ms)
[03/03/2026-11:05:06] [I] Average on 10 runs - GPU latency: 0.260559 ms - Host latency: 0.260559 ms (enqueue 0.0978394 ms)
[03/03/2026-11:05:06] [I] Average on 10 runs - GPU latency: 0.26015 ms - Host latency: 0.26015 ms (enqueue 0.100232 ms)
[03/03/2026-11:05:06] [I] Average on 10 runs - GPU latency: 0.258844 ms - Host latency: 0.258844 ms (enqueue 0.102448 ms)
[03/03/2026-11:05:06] [I] Average on 10 runs - GPU latency: 0.259314 ms - Host latency: 0.259314 ms (enqueue 0.102002 ms)
[03/03/2026-11:05:06] [I] Average on 10 runs - GPU latency: 0.261359 ms - Host latency: 0.261359 ms (enqueue 0.0950562 ms)
[03/03/2026-11:05:06] [I] Average on 10 runs - GPU latency: 0.259808 ms - Host latency: 0.259808 ms (enqueue 0.099231 ms)
[03/03/2026-11:05:06] [I] Average on 10 runs - GPU latency: 0.259735 ms - Host latency: 0.259735 ms (enqueue 0.101575 ms)
[03/03/2026-11:05:06] [I] Average on 10 runs - GPU latency: 0.259845 ms - Host latency: 0.259845 ms (enqueue 0.104511 ms)
[03/03/2026-11:05:06] [I] Average on 10 runs - GPU latency: 0.260876 ms - Host latency: 0.260876 ms (enqueue 0.0979736 ms)
[03/03/2026-11:05:06] [I] Average on 10 runs - GPU latency: 0.26076 ms - Host latency: 0.26076 ms (enqueue 0.0989197 ms)
[03/03/2026-11:05:06] [I] Average on 10 runs - GPU latency: 0.260712 ms - Host latency: 0.260712 ms (enqueue 0.102563 ms)
[03/03/2026-11:05:06] [I] Average on 10 runs - GPU latency: 0.262195 ms - Host latency: 0.262195 ms (enqueue 0.0965027 ms)
[03/03/2026-11:05:06] [I] Average on 10 runs - GPU latency: 0.259326 ms - Host latency: 0.259326 ms (enqueue 0.104205 ms)
[03/03/2026-11:05:06] [I] Average on 10 runs - GPU latency: 0.25882 ms - Host latency: 0.25882 ms (enqueue 0.0977905 ms)
[03/03/2026-11:05:06] [I] Average on 10 runs - GPU latency: 0.259357 ms - Host latency: 0.259357 ms (enqueue 0.102435 ms)
[03/03/2026-11:05:06] [I] Average on 10 runs - GPU latency: 0.258588 ms - Host latency: 0.258588 ms (enqueue 0.100537 ms)
[03/03/2026-11:05:06] [I] Average on 10 runs - GPU latency: 0.260333 ms - Host latency: 0.260333 ms (enqueue 0.100476 ms)
[03/03/2026-11:05:06] [I] Average on 10 runs - GPU latency: 0.260553 ms - Host latency: 0.260553 ms (enqueue 0.0961182 ms)
[03/03/2026-11:05:06] [I] Average on 10 runs - GPU latency: 0.261365 ms - Host latency: 0.261365 ms (enqueue 0.0975769 ms)
[03/03/2026-11:05:06] [I] Average on 10 runs - GPU latency: 0.261316 ms - Host latency: 0.261316 ms (enqueue 0.0969543 ms)
[03/03/2026-11:05:06] [I] Average on 10 runs - GPU latency: 0.261157 ms - Host latency: 0.261157 ms (enqueue 0.0968079 ms)
[03/03/2026-11:05:06] [I] Average on 10 runs - GPU latency: 0.260797 ms - Host latency: 0.260797 ms (enqueue 0.0980041 ms)
[03/03/2026-11:05:06] [I] Average on 10 runs - GPU latency: 0.25965 ms - Host latency: 0.25965 ms (enqueue 0.0992432 ms)
[03/03/2026-11:05:06] [I] Average on 10 runs - GPU latency: 0.260895 ms - Host latency: 0.260895 ms (enqueue 0.0988586 ms)
[03/03/2026-11:05:06] [I] Average on 10 runs - GPU latency: 0.26012 ms - Host latency: 0.26012 ms (enqueue 0.101361 ms)
[03/03/2026-11:05:06] [I] Average on 10 runs - GPU latency: 0.261249 ms - Host latency: 0.261249 ms (enqueue 0.100739 ms)
[03/03/2026-11:05:06] [I] Average on 10 runs - GPU latency: 0.261084 ms - Host latency: 0.261084 ms (enqueue 0.0975342 ms)
[03/03/2026-11:05:06] [I] Average on 10 runs - GPU latency: 0.262128 ms - Host latency: 0.262128 ms (enqueue 0.0953674 ms)
[03/03/2026-11:05:06] [I] Average on 10 runs - GPU latency: 0.260114 ms - Host latency: 0.260114 ms (enqueue 0.100757 ms)
[03/03/2026-11:05:06] [I] Average on 10 runs - GPU latency: 0.260742 ms - Host latency: 0.260742 ms (enqueue 0.0996765 ms)
[03/03/2026-11:05:06] [I] Average on 10 runs - GPU latency: 0.260455 ms - Host latency: 0.260455 ms (enqueue 0.100024 ms)
[03/03/2026-11:05:06] [I] Average on 10 runs - GPU latency: 0.26134 ms - Host latency: 0.26134 ms (enqueue 0.0966187 ms)
[03/03/2026-11:05:06] [I] Average on 10 runs - GPU latency: 0.259595 ms - Host latency: 0.259595 ms (enqueue 0.0986206 ms)
[03/03/2026-11:05:06] [I] Average on 10 runs - GPU latency: 0.262604 ms - Host latency: 0.262604 ms (enqueue 0.0958008 ms)
[03/03/2026-11:05:06] [I] Average on 10 runs - GPU latency: 0.259979 ms - Host latency: 0.259979 ms (enqueue 0.100555 ms)
[03/03/2026-11:05:06] [I] Average on 10 runs - GPU latency: 0.260095 ms - Host latency: 0.260095 ms (enqueue 0.103876 ms)
[03/03/2026-11:05:06] [I] Average on 10 runs - GPU latency: 0.261279 ms - Host latency: 0.261279 ms (enqueue 0.0982422 ms)
[03/03/2026-11:05:06] [I] Average on 10 runs - GPU latency: 0.259711 ms - Host latency: 0.259711 ms (enqueue 0.0999451 ms)
[03/03/2026-11:05:06] [I] Average on 10 runs - GPU latency: 0.260089 ms - Host latency: 0.260089 ms (enqueue 0.0991882 ms)
[03/03/2026-11:05:06] [I] Average on 10 runs - GPU latency: 0.259729 ms - Host latency: 0.259729 ms (enqueue 0.0988281 ms)
[03/03/2026-11:05:06] [I] Average on 10 runs - GPU latency: 0.26153 ms - Host latency: 0.26153 ms (enqueue 0.100598 ms)
[03/03/2026-11:05:06] [I] Average on 10 runs - GPU latency: 0.260352 ms - Host latency: 0.260352 ms (enqueue 0.101575 ms)
[03/03/2026-11:05:06] [I] Average on 10 runs - GPU latency: 0.260602 ms - Host latency: 0.260602 ms (enqueue 0.0977417 ms)
[03/03/2026-11:05:06] [I] Average on 10 runs - GPU latency: 0.261584 ms - Host latency: 0.261584 ms (enqueue 0.0991821 ms)
[03/03/2026-11:05:06] [I] Average on 10 runs - GPU latency: 0.260126 ms - Host latency: 0.260126 ms (enqueue 0.100092 ms)
[03/03/2026-11:05:06] [I] Average on 10 runs - GPU latency: 0.261273 ms - Host latency: 0.261273 ms (enqueue 0.0949341 ms)
[03/03/2026-11:05:06] [I] Average on 10 runs - GPU latency: 0.26051 ms - Host latency: 0.26051 ms (enqueue 0.0983887 ms)
[03/03/2026-11:05:06] [I] Average on 10 runs - GPU latency: 0.261395 ms - Host latency: 0.261395 ms (enqueue 0.0958313 ms)
[03/03/2026-11:05:06] [I] Average on 10 runs - GPU latency: 0.261761 ms - Host latency: 0.261761 ms (enqueue 0.0955994 ms)
[03/03/2026-11:05:06] [I] Average on 10 runs - GPU latency: 0.261169 ms - Host latency: 0.261169 ms (enqueue 0.0949219 ms)
[03/03/2026-11:05:06] [I] Average on 10 runs - GPU latency: 0.259601 ms - Host latency: 0.259601 ms (enqueue 0.0978943 ms)
[03/03/2026-11:05:06] [I] Average on 10 runs - GPU latency: 0.260669 ms - Host latency: 0.260669 ms (enqueue 0.0994629 ms)
[03/03/2026-11:05:06] [I] Average on 10 runs - GPU latency: 0.260663 ms - Host latency: 0.260663 ms (enqueue 0.0996277 ms)
[03/03/2026-11:05:06] [I] Average on 10 runs - GPU latency: 0.261017 ms - Host latency: 0.261017 ms (enqueue 0.0960083 ms)
[03/03/2026-11:05:06] [I] Average on 10 runs - GPU latency: 0.261407 ms - Host latency: 0.261407 ms (enqueue 0.0951477 ms)
[03/03/2026-11:05:06] [I] Average on 10 runs - GPU latency: 0.260522 ms - Host latency: 0.260522 ms (enqueue 0.0985962 ms)
[03/03/2026-11:05:06] [I] Average on 10 runs - GPU latency: 0.261816 ms - Host latency: 0.261816 ms (enqueue 0.099353 ms)
[03/03/2026-11:05:06] [I] Average on 10 runs - GPU latency: 0.260132 ms - Host latency: 0.260132 ms (enqueue 0.10155 ms)
[03/03/2026-11:05:06] [I] Average on 10 runs - GPU latency: 0.260718 ms - Host latency: 0.260718 ms (enqueue 0.101642 ms)
[03/03/2026-11:05:06] [I] Average on 10 runs - GPU latency: 0.260699 ms - Host latency: 0.260699 ms (enqueue 0.100287 ms)
[03/03/2026-11:05:06] [I] Average on 10 runs - GPU latency: 0.260938 ms - Host latency: 0.260938 ms (enqueue 0.0986816 ms)
[03/03/2026-11:05:06] [I] Average on 10 runs - GPU latency: 0.260736 ms - Host latency: 0.260736 ms (enqueue 0.0955444 ms)
[03/03/2026-11:05:06] [I] Average on 10 runs - GPU latency: 0.260669 ms - Host latency: 0.260669 ms (enqueue 0.0965332 ms)
[03/03/2026-11:05:06] [I] Average on 10 runs - GPU latency: 0.262396 ms - Host latency: 0.262396 ms (enqueue 0.0984253 ms)
[03/03/2026-11:05:06] [I] Average on 10 runs - GPU latency: 0.261096 ms - Host latency: 0.261096 ms (enqueue 0.0987122 ms)
[03/03/2026-11:05:06] [I] Average on 10 runs - GPU latency: 0.260724 ms - Host latency: 0.260724 ms (enqueue 0.103595 ms)
[03/03/2026-11:05:06] [I] Average on 10 runs - GPU latency: 0.261212 ms - Host latency: 0.261212 ms (enqueue 0.0944214 ms)
[03/03/2026-11:05:06] [I] Average on 10 runs - GPU latency: 0.261005 ms - Host latency: 0.261005 ms (enqueue 0.0960449 ms)
[03/03/2026-11:05:06] [I] Average on 10 runs - GPU latency: 0.261176 ms - Host latency: 0.261176 ms (enqueue 0.0958923 ms)
[03/03/2026-11:05:06] [I] Average on 10 runs - GPU latency: 0.261255 ms - Host latency: 0.261255 ms (enqueue 0.0918762 ms)
[03/03/2026-11:05:06] [I] Average on 10 runs - GPU latency: 0.260626 ms - Host latency: 0.260626 ms (enqueue 0.100995 ms)
[03/03/2026-11:05:06] [I] Average on 10 runs - GPU latency: 0.261218 ms - Host latency: 0.261218 ms (enqueue 0.100964 ms)
[03/03/2026-11:05:06] [I] Average on 10 runs - GPU latency: 0.260779 ms - Host latency: 0.260779 ms (enqueue 0.0976624 ms)
[03/03/2026-11:05:06] [I] Average on 10 runs - GPU latency: 0.260748 ms - Host latency: 0.260748 ms (enqueue 0.100464 ms)
[03/03/2026-11:05:06] [I] Average on 10 runs - GPU latency: 0.260852 ms - Host latency: 0.260852 ms (enqueue 0.100629 ms)
[03/03/2026-11:05:06] [I] Average on 10 runs - GPU latency: 0.260553 ms - Host latency: 0.260553 ms (enqueue 0.0918762 ms)
[03/03/2026-11:05:06] [I] Average on 10 runs - GPU latency: 0.261664 ms - Host latency: 0.261664 ms (enqueue 0.0964539 ms)
[03/03/2026-11:05:06] [I] Average on 10 runs - GPU latency: 0.259448 ms - Host latency: 0.259448 ms (enqueue 0.101172 ms)
[03/03/2026-11:05:06] [I] Average on 10 runs - GPU latency: 0.259692 ms - Host latency: 0.259692 ms (enqueue 0.0962646 ms)
[03/03/2026-11:05:06] [I] Average on 10 runs - GPU latency: 0.260754 ms - Host latency: 0.260754 ms (enqueue 0.0978088 ms)
[03/03/2026-11:05:06] [I] Average on 10 runs - GPU latency: 0.260284 ms - Host latency: 0.260284 ms (enqueue 0.099353 ms)
[03/03/2026-11:05:06] [I] Average on 10 runs - GPU latency: 0.260522 ms - Host latency: 0.260522 ms (enqueue 0.098645 ms)
[03/03/2026-11:05:06] [I] Average on 10 runs - GPU latency: 0.25976 ms - Host latency: 0.25976 ms (enqueue 0.0993774 ms)
[03/03/2026-11:05:06] [I] Average on 10 runs - GPU latency: 0.260388 ms - Host latency: 0.260388 ms (enqueue 0.0966126 ms)
[03/03/2026-11:05:06] [I] Average on 10 runs - GPU latency: 0.262024 ms - Host latency: 0.262024 ms (enqueue 0.0984985 ms)
[03/03/2026-11:05:06] [I] Average on 10 runs - GPU latency: 0.260828 ms - Host latency: 0.260828 ms (enqueue 0.0998779 ms)
[03/03/2026-11:05:06] [I] Average on 10 runs - GPU latency: 0.261328 ms - Host latency: 0.261328 ms (enqueue 0.100989 ms)
[03/03/2026-11:05:06] [I] Average on 10 runs - GPU latency: 0.259094 ms - Host latency: 0.259094 ms (enqueue 0.103717 ms)
[03/03/2026-11:05:06] [I] Average on 10 runs - GPU latency: 0.260907 ms - Host latency: 0.260907 ms (enqueue 0.101831 ms)
[03/03/2026-11:05:06] [I] Average on 10 runs - GPU latency: 0.260925 ms - Host latency: 0.260925 ms (enqueue 0.100909 ms)
[03/03/2026-11:05:06] [I] Average on 10 runs - GPU latency: 0.260535 ms - Host latency: 0.260535 ms (enqueue 0.101392 ms)
[03/03/2026-11:05:06] [I] Average on 10 runs - GPU latency: 0.260706 ms - Host latency: 0.260706 ms (enqueue 0.10274 ms)
[03/03/2026-11:05:06] [I] Average on 10 runs - GPU latency: 0.261835 ms - Host latency: 0.261835 ms (enqueue 0.0946777 ms)
[03/03/2026-11:05:06] [I] Average on 10 runs - GPU latency: 0.2617 ms - Host latency: 0.2617 ms (enqueue 0.095697 ms)
[03/03/2026-11:05:06] [I] Average on 10 runs - GPU latency: 0.260254 ms - Host latency: 0.260254 ms (enqueue 0.100598 ms)
[03/03/2026-11:05:06] [I] Average on 10 runs - GPU latency: 0.260773 ms - Host latency: 0.260773 ms (enqueue 0.094812 ms)
[03/03/2026-11:05:06] [I] Average on 10 runs - GPU latency: 0.26134 ms - Host latency: 0.26134 ms (enqueue 0.094751 ms)
[03/03/2026-11:05:06] [I] Average on 10 runs - GPU latency: 0.260046 ms - Host latency: 0.260046 ms (enqueue 0.0978088 ms)
[03/03/2026-11:05:06] [I] Average on 10 runs - GPU latency: 0.25979 ms - Host latency: 0.25979 ms (enqueue 0.100201 ms)
[03/03/2026-11:05:06] [I] Average on 10 runs - GPU latency: 0.25993 ms - Host latency: 0.25993 ms (enqueue 0.101233 ms)
[03/03/2026-11:05:06] [I] Average on 10 runs - GPU latency: 0.261047 ms - Host latency: 0.261047 ms (enqueue 0.0966736 ms)
[03/03/2026-11:05:06] [I] Average on 10 runs - GPU latency: 0.26178 ms - Host latency: 0.26178 ms (enqueue 0.0957947 ms)
[03/03/2026-11:05:06] [I] Average on 10 runs - GPU latency: 0.263031 ms - Host latency: 0.263031 ms (enqueue 0.0952148 ms)
[03/03/2026-11:05:06] [I] Average on 10 runs - GPU latency: 0.26062 ms - Host latency: 0.26062 ms (enqueue 0.100763 ms)
[03/03/2026-11:05:06] [I] Average on 10 runs - GPU latency: 0.262769 ms - Host latency: 0.262769 ms (enqueue 0.0943787 ms)
[03/03/2026-11:05:06] [I] Average on 10 runs - GPU latency: 0.25835 ms - Host latency: 0.25835 ms (enqueue 0.10531 ms)
[03/03/2026-11:05:06] [I] Average on 10 runs - GPU latency: 0.261102 ms - Host latency: 0.261102 ms (enqueue 0.100574 ms)
[03/03/2026-11:05:06] [I] Average on 10 runs - GPU latency: 0.26264 ms - Host latency: 0.26264 ms (enqueue 0.0945496 ms)
[03/03/2026-11:05:06] [I] Average on 10 runs - GPU latency: 0.260205 ms - Host latency: 0.260205 ms (enqueue 0.0972229 ms)
[03/03/2026-11:05:06] [I] Average on 10 runs - GPU latency: 0.26001 ms - Host latency: 0.26001 ms (enqueue 0.0965881 ms)
[03/03/2026-11:05:06] [I] Average on 10 runs - GPU latency: 0.260608 ms - Host latency: 0.260608 ms (enqueue 0.101379 ms)
[03/03/2026-11:05:06] [I] Average on 10 runs - GPU latency: 0.260797 ms - Host latency: 0.260797 ms (enqueue 0.0966736 ms)
[03/03/2026-11:05:06] [I] Average on 10 runs - GPU latency: 0.260895 ms - Host latency: 0.260895 ms (enqueue 0.0961731 ms)
[03/03/2026-11:05:06] [I] Average on 10 runs - GPU latency: 0.26181 ms - Host latency: 0.26181 ms (enqueue 0.0938232 ms)
[03/03/2026-11:05:06] [I] Average on 10 runs - GPU latency: 0.259802 ms - Host latency: 0.259802 ms (enqueue 0.0974121 ms)
[03/03/2026-11:05:06] [I] Average on 10 runs - GPU latency: 0.260968 ms - Host latency: 0.260968 ms (enqueue 0.0964416 ms)
[03/03/2026-11:05:06] [I] Average on 10 runs - GPU latency: 0.260944 ms - Host latency: 0.260944 ms (enqueue 0.0973755 ms)
[03/03/2026-11:05:06] [I] Average on 10 runs - GPU latency: 0.260461 ms - Host latency: 0.260461 ms (enqueue 0.098407 ms)
[03/03/2026-11:05:06] [I] Average on 10 runs - GPU latency: 0.262048 ms - Host latency: 0.262048 ms (enqueue 0.0974365 ms)
[03/03/2026-11:05:06] [I] Average on 10 runs - GPU latency: 0.260846 ms - Host latency: 0.260846 ms (enqueue 0.0998535 ms)
[03/03/2026-11:05:06] [I] Average on 10 runs - GPU latency: 0.260388 ms - Host latency: 0.260388 ms (enqueue 0.0998108 ms)
[03/03/2026-11:05:06] [I] Average on 10 runs - GPU latency: 0.261285 ms - Host latency: 0.261285 ms (enqueue 0.0959778 ms)
[03/03/2026-11:05:06] [I] Average on 10 runs - GPU latency: 0.259766 ms - Host latency: 0.259766 ms (enqueue 0.097522 ms)
[03/03/2026-11:05:06] [I] Average on 10 runs - GPU latency: 0.260559 ms - Host latency: 0.260559 ms (enqueue 0.100104 ms)
[03/03/2026-11:05:06] [I] Average on 10 runs - GPU latency: 0.260059 ms - Host latency: 0.260059 ms (enqueue 0.0975281 ms)
[03/03/2026-11:05:06] [I] Average on 10 runs - GPU latency: 0.260382 ms - Host latency: 0.260382 ms (enqueue 0.101746 ms)
[03/03/2026-11:05:06] [I] Average on 10 runs - GPU latency: 0.26098 ms - Host latency: 0.26098 ms (enqueue 0.0966431 ms)
[03/03/2026-11:05:06] [I] Average on 10 runs - GPU latency: 0.260577 ms - Host latency: 0.260577 ms (enqueue 0.0969238 ms)
[03/03/2026-11:05:06] [I] Average on 10 runs - GPU latency: 0.262378 ms - Host latency: 0.262378 ms (enqueue 0.0944885 ms)
[03/03/2026-11:05:06] [I] Average on 10 runs - GPU latency: 0.260376 ms - Host latency: 0.260376 ms (enqueue 0.098407 ms)
[03/03/2026-11:05:06] [I] Average on 10 runs - GPU latency: 0.260406 ms - Host latency: 0.260406 ms (enqueue 0.0970398 ms)
[03/03/2026-11:05:06] [I] Average on 10 runs - GPU latency: 0.260956 ms - Host latency: 0.260956 ms (enqueue 0.0980774 ms)
[03/03/2026-11:05:06] [I] Average on 10 runs - GPU latency: 0.260083 ms - Host latency: 0.260083 ms (enqueue 0.101355 ms)
[03/03/2026-11:05:06] [I] Average on 10 runs - GPU latency: 0.260687 ms - Host latency: 0.260687 ms (enqueue 0.0980164 ms)
[03/03/2026-11:05:06] [I] Average on 10 runs - GPU latency: 0.261505 ms - Host latency: 0.261505 ms (enqueue 0.0928955 ms)
[03/03/2026-11:05:06] [I] Average on 10 runs - GPU latency: 0.261261 ms - Host latency: 0.261261 ms (enqueue 0.0955933 ms)
[03/03/2026-11:05:06] [I] Average on 10 runs - GPU latency: 0.262012 ms - Host latency: 0.262012 ms (enqueue 0.0985474 ms)
[03/03/2026-11:05:06] [I] Average on 10 runs - GPU latency: 0.259875 ms - Host latency: 0.259875 ms (enqueue 0.0967163 ms)
[03/03/2026-11:05:06] [I] Average on 10 runs - GPU latency: 0.26073 ms - Host latency: 0.26073 ms (enqueue 0.0991821 ms)
[03/03/2026-11:05:06] [I] Average on 10 runs - GPU latency: 0.260645 ms - Host latency: 0.260645 ms (enqueue 0.10083 ms)
[03/03/2026-11:05:06] [I] Average on 10 runs - GPU latency: 0.260938 ms - Host latency: 0.260938 ms (enqueue 0.0983398 ms)
[03/03/2026-11:05:06] [I] Average on 10 runs - GPU latency: 0.261645 ms - Host latency: 0.261645 ms (enqueue 0.0952393 ms)
[03/03/2026-11:05:06] [I] Average on 10 runs - GPU latency: 0.260083 ms - Host latency: 0.260083 ms (enqueue 0.0979126 ms)
[03/03/2026-11:05:06] [I] Average on 10 runs - GPU latency: 0.259509 ms - Host latency: 0.259509 ms (enqueue 0.09823 ms)
[03/03/2026-11:05:06] [I] Average on 10 runs - GPU latency: 0.260828 ms - Host latency: 0.260828 ms (enqueue 0.0980957 ms)
[03/03/2026-11:05:06] [I] Average on 10 runs - GPU latency: 0.261401 ms - Host latency: 0.261401 ms (enqueue 0.0991699 ms)
[03/03/2026-11:05:06] [I] Average on 10 runs - GPU latency: 0.260425 ms - Host latency: 0.260425 ms (enqueue 0.103796 ms)
[03/03/2026-11:05:06] [I] Average on 10 runs - GPU latency: 0.261255 ms - Host latency: 0.261255 ms (enqueue 0.0975464 ms)
[03/03/2026-11:05:06] [I] Average on 10 runs - GPU latency: 0.258972 ms - Host latency: 0.258972 ms (enqueue 0.100684 ms)
[03/03/2026-11:05:06] [I] Average on 10 runs - GPU latency: 0.261218 ms - Host latency: 0.261218 ms (enqueue 0.0951172 ms)
[03/03/2026-11:05:06] [I] Average on 10 runs - GPU latency: 0.26178 ms - Host latency: 0.26178 ms (enqueue 0.0960815 ms)
[03/03/2026-11:05:06] [I] Average on 10 runs - GPU latency: 0.260388 ms - Host latency: 0.260388 ms (enqueue 0.0965942 ms)
[03/03/2026-11:05:06] [I] Average on 10 runs - GPU latency: 0.260376 ms - Host latency: 0.260376 ms (enqueue 0.0982666 ms)
[03/03/2026-11:05:06] [I] Average on 10 runs - GPU latency: 0.260266 ms - Host latency: 0.260266 ms (enqueue 0.100757 ms)
[03/03/2026-11:05:06] [I] Average on 10 runs - GPU latency: 0.262549 ms - Host latency: 0.262549 ms (enqueue 0.0950439 ms)
[03/03/2026-11:05:06] [I] Average on 10 runs - GPU latency: 0.260413 ms - Host latency: 0.260413 ms (enqueue 0.100269 ms)
[03/03/2026-11:05:06] [I] Average on 10 runs - GPU latency: 0.260962 ms - Host latency: 0.260962 ms (enqueue 0.0954468 ms)
[03/03/2026-11:05:06] [I] Average on 10 runs - GPU latency: 0.259253 ms - Host latency: 0.259253 ms (enqueue 0.0991699 ms)
[03/03/2026-11:05:06] [I] Average on 10 runs - GPU latency: 0.261609 ms - Host latency: 0.261609 ms (enqueue 0.0931763 ms)
[03/03/2026-11:05:06] [I] Average on 10 runs - GPU latency: 0.259607 ms - Host latency: 0.259607 ms (enqueue 0.0946167 ms)
[03/03/2026-11:05:06] [I] Average on 10 runs - GPU latency: 0.260632 ms - Host latency: 0.260632 ms (enqueue 0.0984497 ms)
[03/03/2026-11:05:06] [I] Average on 10 runs - GPU latency: 0.263037 ms - Host latency: 0.263037 ms (enqueue 0.0962158 ms)
[03/03/2026-11:05:06] [I] Average on 10 runs - GPU latency: 0.261084 ms - Host latency: 0.261084 ms (enqueue 0.0968994 ms)
[03/03/2026-11:05:06] [I] Average on 10 runs - GPU latency: 0.260681 ms - Host latency: 0.260681 ms (enqueue 0.101941 ms)
[03/03/2026-11:05:06] [I] Average on 10 runs - GPU latency: 0.26084 ms - Host latency: 0.26084 ms (enqueue 0.0969604 ms)
[03/03/2026-11:05:06] [I] Average on 10 runs - GPU latency: 0.261243 ms - Host latency: 0.261243 ms (enqueue 0.0921631 ms)
[03/03/2026-11:05:06] [I] Average on 10 runs - GPU latency: 0.260278 ms - Host latency: 0.260278 ms (enqueue 0.0973145 ms)
[03/03/2026-11:05:06] [I] Average on 10 runs - GPU latency: 0.259924 ms - Host latency: 0.259924 ms (enqueue 0.103271 ms)
[03/03/2026-11:05:06] [I] Average on 10 runs - GPU latency: 0.261865 ms - Host latency: 0.261865 ms (enqueue 0.0963867 ms)
[03/03/2026-11:05:06] [I] Average on 10 runs - GPU latency: 0.260803 ms - Host latency: 0.260803 ms (enqueue 0.0973511 ms)
[03/03/2026-11:05:06] [I] Average on 10 runs - GPU latency: 0.260156 ms - Host latency: 0.260156 ms (enqueue 0.10365 ms)
[03/03/2026-11:05:06] [I] Average on 10 runs - GPU latency: 0.261475 ms - Host latency: 0.261475 ms (enqueue 0.0963135 ms)
[03/03/2026-11:05:06] [I] Average on 10 runs - GPU latency: 0.260559 ms - Host latency: 0.260559 ms (enqueue 0.0962402 ms)
[03/03/2026-11:05:06] [I] Average on 10 runs - GPU latency: 0.259656 ms - Host latency: 0.259656 ms (enqueue 0.100793 ms)
[03/03/2026-11:05:06] [I] Average on 10 runs - GPU latency: 0.261597 ms - Host latency: 0.261597 ms (enqueue 0.0973267 ms)
[03/03/2026-11:05:06] [I] Average on 10 runs - GPU latency: 0.260693 ms - Host latency: 0.260693 ms (enqueue 0.0952148 ms)
[03/03/2026-11:05:06] [I] Average on 10 runs - GPU latency: 0.260852 ms - Host latency: 0.260852 ms (enqueue 0.0997803 ms)
[03/03/2026-11:05:06] [I] Average on 10 runs - GPU latency: 0.260364 ms - Host latency: 0.260364 ms (enqueue 0.0936035 ms)
[03/03/2026-11:05:06] [I] Average on 10 runs - GPU latency: 0.261108 ms - Host latency: 0.261108 ms (enqueue 0.0983643 ms)
[03/03/2026-11:05:06] [I] Average on 10 runs - GPU latency: 0.259106 ms - Host latency: 0.259106 ms (enqueue 0.0979126 ms)
[03/03/2026-11:05:06] [I] Average on 10 runs - GPU latency: 0.261426 ms - Host latency: 0.261426 ms (enqueue 0.0984375 ms)
[03/03/2026-11:05:06] [I] Average on 10 runs - GPU latency: 0.258582 ms - Host latency: 0.258582 ms (enqueue 0.1 ms)
[03/03/2026-11:05:06] [I] Average on 10 runs - GPU latency: 0.261609 ms - Host latency: 0.261609 ms (enqueue 0.0993042 ms)
[03/03/2026-11:05:06] [I] Average on 10 runs - GPU latency: 0.260413 ms - Host latency: 0.260413 ms (enqueue 0.0967407 ms)
[03/03/2026-11:05:06] [I] Average on 10 runs - GPU latency: 0.259717 ms - Host latency: 0.259717 ms (enqueue 0.100366 ms)
[03/03/2026-11:05:06] [I] Average on 10 runs - GPU latency: 0.261133 ms - Host latency: 0.261133 ms (enqueue 0.0971436 ms)
[03/03/2026-11:05:06] [I] Average on 10 runs - GPU latency: 0.260339 ms - Host latency: 0.260339 ms (enqueue 0.0966553 ms)
[03/03/2026-11:05:06] [I] Average on 10 runs - GPU latency: 0.261182 ms - Host latency: 0.261182 ms (enqueue 0.0997925 ms)
[03/03/2026-11:05:06] [I] Average on 10 runs - GPU latency: 0.261121 ms - Host latency: 0.261121 ms (enqueue 0.0967163 ms)
[03/03/2026-11:05:06] [I] Average on 10 runs - GPU latency: 0.261365 ms - Host latency: 0.261365 ms (enqueue 0.095105 ms)
[03/03/2026-11:05:06] [I] Average on 10 runs - GPU latency: 0.261255 ms - Host latency: 0.261255 ms (enqueue 0.0954834 ms)
[03/03/2026-11:05:06] [I] Average on 10 runs - GPU latency: 0.260339 ms - Host latency: 0.260339 ms (enqueue 0.10094 ms)
[03/03/2026-11:05:06] [I] Average on 10 runs - GPU latency: 0.261768 ms - Host latency: 0.261768 ms (enqueue 0.0933105 ms)
[03/03/2026-11:05:06] [I] Average on 10 runs - GPU latency: 0.261267 ms - Host latency: 0.261267 ms (enqueue 0.0968994 ms)
[03/03/2026-11:05:06] [I] Average on 10 runs - GPU latency: 0.260999 ms - Host latency: 0.260999 ms (enqueue 0.09646 ms)
[03/03/2026-11:05:06] [I] Average on 10 runs - GPU latency: 0.261414 ms - Host latency: 0.261414 ms (enqueue 0.0982178 ms)
[03/03/2026-11:05:06] [I] Average on 10 runs - GPU latency: 0.259814 ms - Host latency: 0.259814 ms (enqueue 0.102747 ms)
[03/03/2026-11:05:06] [I] Average on 10 runs - GPU latency: 0.261804 ms - Host latency: 0.261804 ms (enqueue 0.0976562 ms)
[03/03/2026-11:05:06] [I] Average on 10 runs - GPU latency: 0.261023 ms - Host latency: 0.261023 ms (enqueue 0.0985107 ms)
[03/03/2026-11:05:06] [I] Average on 10 runs - GPU latency: 0.259949 ms - Host latency: 0.259949 ms (enqueue 0.0997314 ms)
[03/03/2026-11:05:06] [I] Average on 10 runs - GPU latency: 0.260901 ms - Host latency: 0.260901 ms (enqueue 0.0946655 ms)
[03/03/2026-11:05:06] [I] Average on 10 runs - GPU latency: 0.2604 ms - Host latency: 0.2604 ms (enqueue 0.103882 ms)
[03/03/2026-11:05:06] [I] Average on 10 runs - GPU latency: 0.261792 ms - Host latency: 0.261792 ms (enqueue 0.0977539 ms)
[03/03/2026-11:05:06] [I] Average on 10 runs - GPU latency: 0.260718 ms - Host latency: 0.260718 ms (enqueue 0.096106 ms)
[03/03/2026-11:05:06] [I] Average on 10 runs - GPU latency: 0.261755 ms - Host latency: 0.261755 ms (enqueue 0.09375 ms)
[03/03/2026-11:05:06] [I] Average on 10 runs - GPU latency: 0.26051 ms - Host latency: 0.26051 ms (enqueue 0.0960205 ms)
[03/03/2026-11:05:06] [I] Average on 10 runs - GPU latency: 0.260229 ms - Host latency: 0.260229 ms (enqueue 0.0977051 ms)
[03/03/2026-11:05:06] [I] Average on 10 runs - GPU latency: 0.260938 ms - Host latency: 0.260938 ms (enqueue 0.101245 ms)
[03/03/2026-11:05:06] [I] Average on 10 runs - GPU latency: 0.26106 ms - Host latency: 0.26106 ms (enqueue 0.0979858 ms)
[03/03/2026-11:05:06] [I] Average on 10 runs - GPU latency: 0.261426 ms - Host latency: 0.261426 ms (enqueue 0.0970825 ms)
[03/03/2026-11:05:06] [I] Average on 10 runs - GPU latency: 0.260742 ms - Host latency: 0.260742 ms (enqueue 0.098999 ms)
[03/03/2026-11:05:06] [I] Average on 10 runs - GPU latency: 0.259973 ms - Host latency: 0.259973 ms (enqueue 0.0968994 ms)
[03/03/2026-11:05:06] [I] Average on 10 runs - GPU latency: 0.261084 ms - Host latency: 0.261084 ms (enqueue 0.0959961 ms)
[03/03/2026-11:05:06] [I] Average on 10 runs - GPU latency: 0.260364 ms - Host latency: 0.260364 ms (enqueue 0.0990112 ms)
[03/03/2026-11:05:06] [I] Average on 10 runs - GPU latency: 0.260254 ms - Host latency: 0.260254 ms (enqueue 0.102722 ms)
[03/03/2026-11:05:06] [I] Average on 10 runs - GPU latency: 0.260962 ms - Host latency: 0.260962 ms (enqueue 0.0979614 ms)
[03/03/2026-11:05:06] [I] Average on 10 runs - GPU latency: 0.26178 ms - Host latency: 0.26178 ms (enqueue 0.0968262 ms)
[03/03/2026-11:05:06] [I] Average on 10 runs - GPU latency: 0.261084 ms - Host latency: 0.261084 ms (enqueue 0.101221 ms)
[03/03/2026-11:05:06] [I] Average on 10 runs - GPU latency: 0.26062 ms - Host latency: 0.26062 ms (enqueue 0.0963257 ms)
[03/03/2026-11:05:06] [I] Average on 10 runs - GPU latency: 0.260889 ms - Host latency: 0.260889 ms (enqueue 0.0945313 ms)
[03/03/2026-11:05:06] [I] Average on 10 runs - GPU latency: 0.260889 ms - Host latency: 0.260889 ms (enqueue 0.0974121 ms)
[03/03/2026-11:05:06] [I] Average on 10 runs - GPU latency: 0.261377 ms - Host latency: 0.261377 ms (enqueue 0.0925659 ms)
[03/03/2026-11:05:06] [I] Average on 10 runs - GPU latency: 0.260266 ms - Host latency: 0.260266 ms (enqueue 0.0959106 ms)
[03/03/2026-11:05:06] [I] Average on 10 runs - GPU latency: 0.260986 ms - Host latency: 0.260986 ms (enqueue 0.103662 ms)
[03/03/2026-11:05:06] [I] Average on 10 runs - GPU latency: 0.262622 ms - Host latency: 0.262622 ms (enqueue 0.0924072 ms)
[03/03/2026-11:05:06] [I] Average on 10 runs - GPU latency: 0.262305 ms - Host latency: 0.262305 ms (enqueue 0.0977661 ms)
[03/03/2026-11:05:06] [I] Average on 10 runs - GPU latency: 0.260449 ms - Host latency: 0.260449 ms (enqueue 0.0967651 ms)
[03/03/2026-11:05:06] [I] Average on 10 runs - GPU latency: 0.261511 ms - Host latency: 0.261511 ms (enqueue 0.0981812 ms)
[03/03/2026-11:05:06] [I] Average on 10 runs - GPU latency: 0.259802 ms - Host latency: 0.259802 ms (enqueue 0.0979004 ms)
[03/03/2026-11:05:06] [I] Average on 10 runs - GPU latency: 0.26123 ms - Host latency: 0.26123 ms (enqueue 0.0969238 ms)
[03/03/2026-11:05:06] [I] Average on 10 runs - GPU latency: 0.259497 ms - Host latency: 0.259497 ms (enqueue 0.103687 ms)
[03/03/2026-11:05:06] [I] Average on 10 runs - GPU latency: 0.261035 ms - Host latency: 0.261035 ms (enqueue 0.0969116 ms)
[03/03/2026-11:05:06] [I] Average on 10 runs - GPU latency: 0.26084 ms - Host latency: 0.26084 ms (enqueue 0.0981323 ms)
[03/03/2026-11:05:06] [I] Average on 10 runs - GPU latency: 0.259412 ms - Host latency: 0.259412 ms (enqueue 0.0997436 ms)
[03/03/2026-11:05:06] [I] Average on 10 runs - GPU latency: 0.260181 ms - Host latency: 0.260181 ms (enqueue 0.100684 ms)
[03/03/2026-11:05:06] [I] Average on 10 runs - GPU latency: 0.261365 ms - Host latency: 0.261365 ms (enqueue 0.0946167 ms)
[03/03/2026-11:05:06] [I] Average on 10 runs - GPU latency: 0.26073 ms - Host latency: 0.26073 ms (enqueue 0.0984253 ms)
[03/03/2026-11:05:06] [I] Average on 10 runs - GPU latency: 0.260254 ms - Host latency: 0.260254 ms (enqueue 0.0960938 ms)
[03/03/2026-11:05:06] [I] Average on 10 runs - GPU latency: 0.262109 ms - Host latency: 0.262109 ms (enqueue 0.0977417 ms)
[03/03/2026-11:05:06] [I] Average on 10 runs - GPU latency: 0.26084 ms - Host latency: 0.26084 ms (enqueue 0.0984253 ms)
[03/03/2026-11:05:06] [I] Average on 10 runs - GPU latency: 0.259875 ms - Host latency: 0.259875 ms (enqueue 0.0963501 ms)
[03/03/2026-11:05:06] [I] Average on 10 runs - GPU latency: 0.260999 ms - Host latency: 0.260999 ms (enqueue 0.0973022 ms)
[03/03/2026-11:05:06] [I] Average on 10 runs - GPU latency: 0.260938 ms - Host latency: 0.260938 ms (enqueue 0.0966919 ms)
[03/03/2026-11:05:06] [I] Average on 10 runs - GPU latency: 0.260938 ms - Host latency: 0.260938 ms (enqueue 0.0953247 ms)
[03/03/2026-11:05:06] [I] Average on 10 runs - GPU latency: 0.26178 ms - Host latency: 0.26178 ms (enqueue 0.0964111 ms)
[03/03/2026-11:05:06] [I] Average on 10 runs - GPU latency: 0.260352 ms - Host latency: 0.260352 ms (enqueue 0.0961792 ms)
[03/03/2026-11:05:06] [I] Average on 10 runs - GPU latency: 0.261243 ms - Host latency: 0.261243 ms (enqueue 0.0938965 ms)
[03/03/2026-11:05:06] [I] Average on 10 runs - GPU latency: 0.261877 ms - Host latency: 0.261877 ms (enqueue 0.095459 ms)
[03/03/2026-11:05:06] [I] Average on 10 runs - GPU latency: 0.262073 ms - Host latency: 0.262073 ms (enqueue 0.0944702 ms)
[03/03/2026-11:05:06] [I] Average on 10 runs - GPU latency: 0.261084 ms - Host latency: 0.261084 ms (enqueue 0.097522 ms)
[03/03/2026-11:05:06] [I] Average on 10 runs - GPU latency: 0.26106 ms - Host latency: 0.26106 ms (enqueue 0.0976074 ms)
[03/03/2026-11:05:06] [I] Average on 10 runs - GPU latency: 0.260718 ms - Host latency: 0.260718 ms (enqueue 0.101062 ms)
[03/03/2026-11:05:06] [I] Average on 10 runs - GPU latency: 0.260803 ms - Host latency: 0.260803 ms (enqueue 0.0985107 ms)
[03/03/2026-11:05:06] [I] Average on 10 runs - GPU latency: 0.261084 ms - Host latency: 0.261084 ms (enqueue 0.0972656 ms)
[03/03/2026-11:05:06] [I] Average on 10 runs - GPU latency: 0.26012 ms - Host latency: 0.26012 ms (enqueue 0.0983276 ms)
[03/03/2026-11:05:06] [I] Average on 10 runs - GPU latency: 0.261914 ms - Host latency: 0.261914 ms (enqueue 0.0967896 ms)
[03/03/2026-11:05:06] [I] Average on 10 runs - GPU latency: 0.262292 ms - Host latency: 0.262292 ms (enqueue 0.0956543 ms)
[03/03/2026-11:05:06] [I] Average on 10 runs - GPU latency: 0.26134 ms - Host latency: 0.26134 ms (enqueue 0.0997681 ms)
[03/03/2026-11:05:06] [I] Average on 10 runs - GPU latency: 0.260156 ms - Host latency: 0.260156 ms (enqueue 0.0950439 ms)
[03/03/2026-11:05:06] [I] Average on 10 runs - GPU latency: 0.262183 ms - Host latency: 0.262183 ms (enqueue 0.096228 ms)
[03/03/2026-11:05:06] [I] Average on 10 runs - GPU latency: 0.260217 ms - Host latency: 0.260217 ms (enqueue 0.0954102 ms)
[03/03/2026-11:05:06] [I] Average on 10 runs - GPU latency: 0.261548 ms - Host latency: 0.261548 ms (enqueue 0.0962891 ms)
[03/03/2026-11:05:06] [I] Average on 10 runs - GPU latency: 0.262073 ms - Host latency: 0.262073 ms (enqueue 0.0966919 ms)
[03/03/2026-11:05:06] [I] Average on 10 runs - GPU latency: 0.260876 ms - Host latency: 0.260876 ms (enqueue 0.0979614 ms)
[03/03/2026-11:05:06] [I] Average on 10 runs - GPU latency: 0.259119 ms - Host latency: 0.259119 ms (enqueue 0.0970581 ms)
[03/03/2026-11:05:06] [I] Average on 10 runs - GPU latency: 0.261035 ms - Host latency: 0.261035 ms (enqueue 0.0981201 ms)
[03/03/2026-11:05:06] [I] Average on 10 runs - GPU latency: 0.262134 ms - Host latency: 0.262134 ms (enqueue 0.0994507 ms)
[03/03/2026-11:05:06] [I] Average on 10 runs - GPU latency: 0.260181 ms - Host latency: 0.260181 ms (enqueue 0.0962402 ms)
[03/03/2026-11:05:06] [I] Average on 10 runs - GPU latency: 0.260388 ms - Host latency: 0.260388 ms (enqueue 0.101294 ms)
[03/03/2026-11:05:06] [I] Average on 10 runs - GPU latency: 0.260876 ms - Host latency: 0.260876 ms (enqueue 0.100415 ms)
[03/03/2026-11:05:06] [I] Average on 10 runs - GPU latency: 0.261401 ms - Host latency: 0.261401 ms (enqueue 0.0949219 ms)
[03/03/2026-11:05:06] [I] Average on 10 runs - GPU latency: 0.260718 ms - Host latency: 0.260718 ms (enqueue 0.0993652 ms)
[03/03/2026-11:05:06] [I] Average on 10 runs - GPU latency: 0.260718 ms - Host latency: 0.260718 ms (enqueue 0.0975708 ms)
[03/03/2026-11:05:06] [I] Average on 10 runs - GPU latency: 0.260938 ms - Host latency: 0.260938 ms (enqueue 0.095752 ms)
[03/03/2026-11:05:06] [I] Average on 10 runs - GPU latency: 0.261255 ms - Host latency: 0.261255 ms (enqueue 0.098584 ms)
[03/03/2026-11:05:06] [I] Average on 10 runs - GPU latency: 0.26062 ms - Host latency: 0.26062 ms (enqueue 0.099353 ms)
[03/03/2026-11:05:06] [I] Average on 10 runs - GPU latency: 0.261084 ms - Host latency: 0.261084 ms (enqueue 0.0977905 ms)
[03/03/2026-11:05:06] [I] Average on 10 runs - GPU latency: 0.260339 ms - Host latency: 0.260339 ms (enqueue 0.099585 ms)
[03/03/2026-11:05:06] [I] Average on 10 runs - GPU latency: 0.261084 ms - Host latency: 0.261084 ms (enqueue 0.0986572 ms)
[03/03/2026-11:05:06] [I] Average on 10 runs - GPU latency: 0.261047 ms - Host latency: 0.261047 ms (enqueue 0.0980225 ms)
[03/03/2026-11:05:06] [I] Average on 10 runs - GPU latency: 0.25957 ms - Host latency: 0.25957 ms (enqueue 0.100793 ms)
[03/03/2026-11:05:06] [I] Average on 10 runs - GPU latency: 0.260693 ms - Host latency: 0.260693 ms (enqueue 0.0952637 ms)
[03/03/2026-11:05:06] [I] Average on 10 runs - GPU latency: 0.260828 ms - Host latency: 0.260828 ms (enqueue 0.0953247 ms)
[03/03/2026-11:05:06] [I] Average on 10 runs - GPU latency: 0.261011 ms - Host latency: 0.261011 ms (enqueue 0.0981201 ms)
[03/03/2026-11:05:06] [I] Average on 10 runs - GPU latency: 0.261292 ms - Host latency: 0.261292 ms (enqueue 0.0973022 ms)
[03/03/2026-11:05:06] [I] Average on 10 runs - GPU latency: 0.261267 ms - Host latency: 0.261267 ms (enqueue 0.0974609 ms)
[03/03/2026-11:05:06] [I] Average on 10 runs - GPU latency: 0.260254 ms - Host latency: 0.260254 ms (enqueue 0.10022 ms)
[03/03/2026-11:05:06] [I] Average on 10 runs - GPU latency: 0.260315 ms - Host latency: 0.260315 ms (enqueue 0.096875 ms)
[03/03/2026-11:05:06] [I] Average on 10 runs - GPU latency: 0.261645 ms - Host latency: 0.261645 ms (enqueue 0.099707 ms)
[03/03/2026-11:05:06] [I] Average on 10 runs - GPU latency: 0.260156 ms - Host latency: 0.260156 ms (enqueue 0.0976318 ms)
[03/03/2026-11:05:06] [I] Average on 10 runs - GPU latency: 0.261841 ms - Host latency: 0.261841 ms (enqueue 0.0994385 ms)
[03/03/2026-11:05:06] [I] Average on 10 runs - GPU latency: 0.259595 ms - Host latency: 0.259595 ms (enqueue 0.0987793 ms)
[03/03/2026-11:05:06] [I] Average on 10 runs - GPU latency: 0.260291 ms - Host latency: 0.260291 ms (enqueue 0.100867 ms)
[03/03/2026-11:05:06] [I] Average on 10 runs - GPU latency: 0.259656 ms - Host latency: 0.259656 ms (enqueue 0.100635 ms)
[03/03/2026-11:05:06] [I] Average on 10 runs - GPU latency: 0.261353 ms - Host latency: 0.261353 ms (enqueue 0.0940674 ms)
[03/03/2026-11:05:06] [I] Average on 10 runs - GPU latency: 0.260486 ms - Host latency: 0.260486 ms (enqueue 0.0985718 ms)
[03/03/2026-11:05:06] [I] Average on 10 runs - GPU latency: 0.261877 ms - Host latency: 0.261877 ms (enqueue 0.098999 ms)
[03/03/2026-11:05:06] [I] Average on 10 runs - GPU latency: 0.260388 ms - Host latency: 0.260388 ms (enqueue 0.0985474 ms)
[03/03/2026-11:05:06] [I] Average on 10 runs - GPU latency: 0.260266 ms - Host latency: 0.260266 ms (enqueue 0.101733 ms)
[03/03/2026-11:05:06] [I] Average on 10 runs - GPU latency: 0.261841 ms - Host latency: 0.261841 ms (enqueue 0.0954834 ms)
[03/03/2026-11:05:06] [I] Average on 10 runs - GPU latency: 0.262378 ms - Host latency: 0.262378 ms (enqueue 0.0963867 ms)
[03/03/2026-11:05:06] [I] Average on 10 runs - GPU latency: 0.259033 ms - Host latency: 0.259033 ms (enqueue 0.0981812 ms)
[03/03/2026-11:05:06] [I] Average on 10 runs - GPU latency: 0.258777 ms - Host latency: 0.258777 ms (enqueue 0.0975708 ms)
[03/03/2026-11:05:06] [I] Average on 10 runs - GPU latency: 0.260962 ms - Host latency: 0.260962 ms (enqueue 0.0996216 ms)
[03/03/2026-11:05:06] [I] Average on 10 runs - GPU latency: 0.262122 ms - Host latency: 0.262122 ms (enqueue 0.0976074 ms)
[03/03/2026-11:05:06] [I] Average on 10 runs - GPU latency: 0.260278 ms - Host latency: 0.260278 ms (enqueue 0.0962158 ms)
[03/03/2026-11:05:06] [I] Average on 10 runs - GPU latency: 0.260938 ms - Host latency: 0.260938 ms (enqueue 0.10022 ms)
[03/03/2026-11:05:06] [I] Average on 10 runs - GPU latency: 0.261279 ms - Host latency: 0.261279 ms (enqueue 0.0971558 ms)
[03/03/2026-11:05:06] [I] Average on 10 runs - GPU latency: 0.260303 ms - Host latency: 0.260303 ms (enqueue 0.0963989 ms)
[03/03/2026-11:05:06] [I] Average on 10 runs - GPU latency: 0.259827 ms - Host latency: 0.259827 ms (enqueue 0.100391 ms)
[03/03/2026-11:05:06] [I] Average on 10 runs - GPU latency: 0.260632 ms - Host latency: 0.260632 ms (enqueue 0.100635 ms)
[03/03/2026-11:05:06] [I] Average on 10 runs - GPU latency: 0.261548 ms - Host latency: 0.261548 ms (enqueue 0.0962646 ms)
[03/03/2026-11:05:06] [I] Average on 10 runs - GPU latency: 0.259705 ms - Host latency: 0.259705 ms (enqueue 0.105872 ms)
[03/03/2026-11:05:06] [I] Average on 10 runs - GPU latency: 0.26123 ms - Host latency: 0.26123 ms (enqueue 0.103784 ms)
[03/03/2026-11:05:06] [I] Average on 10 runs - GPU latency: 0.260632 ms - Host latency: 0.260632 ms (enqueue 0.10127 ms)
[03/03/2026-11:05:06] [I] Average on 10 runs - GPU latency: 0.261951 ms - Host latency: 0.261951 ms (enqueue 0.095813 ms)
[03/03/2026-11:05:06] [I] Average on 10 runs - GPU latency: 0.260864 ms - Host latency: 0.260864 ms (enqueue 0.095813 ms)
[03/03/2026-11:05:06] [I] Average on 10 runs - GPU latency: 0.260669 ms - Host latency: 0.260669 ms (enqueue 0.0981201 ms)
[03/03/2026-11:05:06] [I] Average on 10 runs - GPU latency: 0.261279 ms - Host latency: 0.261279 ms (enqueue 0.100342 ms)
[03/03/2026-11:05:06] [I] Average on 10 runs - GPU latency: 0.260352 ms - Host latency: 0.260352 ms (enqueue 0.0984741 ms)
[03/03/2026-11:05:06] [I] Average on 10 runs - GPU latency: 0.260156 ms - Host latency: 0.260156 ms (enqueue 0.102148 ms)
[03/03/2026-11:05:06] [I] Average on 10 runs - GPU latency: 0.261438 ms - Host latency: 0.261438 ms (enqueue 0.0971069 ms)
[03/03/2026-11:05:06] [I] Average on 10 runs - GPU latency: 0.260144 ms - Host latency: 0.260144 ms (enqueue 0.0981567 ms)
[03/03/2026-11:05:06] [I] Average on 10 runs - GPU latency: 0.26084 ms - Host latency: 0.26084 ms (enqueue 0.102527 ms)
[03/03/2026-11:05:06] [I] Average on 10 runs - GPU latency: 0.261328 ms - Host latency: 0.261328 ms (enqueue 0.0940796 ms)
[03/03/2026-11:05:06] [I] Average on 10 runs - GPU latency: 0.260315 ms - Host latency: 0.260315 ms (enqueue 0.100867 ms)
[03/03/2026-11:05:06] [I] Average on 10 runs - GPU latency: 0.260291 ms - Host latency: 0.260291 ms (enqueue 0.0990723 ms)
[03/03/2026-11:05:06] [I] Average on 10 runs - GPU latency: 0.261377 ms - Host latency: 0.261377 ms (enqueue 0.0962524 ms)
[03/03/2026-11:05:06] [I] Average on 10 runs - GPU latency: 0.261206 ms - Host latency: 0.261206 ms (enqueue 0.0976562 ms)
[03/03/2026-11:05:06] [I] Average on 10 runs - GPU latency: 0.259839 ms - Host latency: 0.259839 ms (enqueue 0.0977539 ms)
[03/03/2026-11:05:06] [I] Average on 10 runs - GPU latency: 0.260205 ms - Host latency: 0.260205 ms (enqueue 0.0949707 ms)
[03/03/2026-11:05:06] [I] Average on 10 runs - GPU latency: 0.262061 ms - Host latency: 0.262061 ms (enqueue 0.0946045 ms)
[03/03/2026-11:05:06] [I] Average on 10 runs - GPU latency: 0.259875 ms - Host latency: 0.259875 ms (enqueue 0.0985474 ms)
[03/03/2026-11:05:06] [I] Average on 10 runs - GPU latency: 0.260229 ms - Host latency: 0.260229 ms (enqueue 0.0971436 ms)
[03/03/2026-11:05:06] [I] Average on 10 runs - GPU latency: 0.261096 ms - Host latency: 0.261096 ms (enqueue 0.0944946 ms)
[03/03/2026-11:05:06] [I] Average on 10 runs - GPU latency: 0.260999 ms - Host latency: 0.260999 ms (enqueue 0.0973877 ms)
[03/03/2026-11:05:06] [I] Average on 10 runs - GPU latency: 0.260742 ms - Host latency: 0.260742 ms (enqueue 0.0995728 ms)
[03/03/2026-11:05:06] [I] Average on 10 runs - GPU latency: 0.261267 ms - Host latency: 0.261267 ms (enqueue 0.098938 ms)
[03/03/2026-11:05:06] [I] Average on 10 runs - GPU latency: 0.260938 ms - Host latency: 0.260938 ms (enqueue 0.0975342 ms)
[03/03/2026-11:05:06] [I] Average on 10 runs - GPU latency: 0.259338 ms - Host latency: 0.259338 ms (enqueue 0.102905 ms)
[03/03/2026-11:05:06] [I] Average on 10 runs - GPU latency: 0.260596 ms - Host latency: 0.260596 ms (enqueue 0.0963257 ms)
[03/03/2026-11:05:06] [I] Average on 10 runs - GPU latency: 0.260876 ms - Host latency: 0.260876 ms (enqueue 0.100574 ms)
[03/03/2026-11:05:06] [I] Average on 10 runs - GPU latency: 0.261499 ms - Host latency: 0.261499 ms (enqueue 0.100012 ms)
[03/03/2026-11:05:06] [I] Average on 10 runs - GPU latency: 0.261353 ms - Host latency: 0.261353 ms (enqueue 0.0950317 ms)
[03/03/2026-11:05:06] [I] Average on 10 runs - GPU latency: 0.260596 ms - Host latency: 0.260596 ms (enqueue 0.0958008 ms)
[03/03/2026-11:05:06] [I] Average on 10 runs - GPU latency: 0.261536 ms - Host latency: 0.261536 ms (enqueue 0.0974976 ms)
[03/03/2026-11:05:06] [I] Average on 10 runs - GPU latency: 0.260437 ms - Host latency: 0.260437 ms (enqueue 0.0963623 ms)
[03/03/2026-11:05:06] [I] Average on 10 runs - GPU latency: 0.26073 ms - Host latency: 0.26073 ms (enqueue 0.100464 ms)
[03/03/2026-11:05:06] [I] Average on 10 runs - GPU latency: 0.260168 ms - Host latency: 0.260168 ms (enqueue 0.097937 ms)
[03/03/2026-11:05:06] [I] Average on 10 runs - GPU latency: 0.261035 ms - Host latency: 0.261035 ms (enqueue 0.0949097 ms)
[03/03/2026-11:05:06] [I] Average on 10 runs - GPU latency: 0.260767 ms - Host latency: 0.260767 ms (enqueue 0.0976196 ms)
[03/03/2026-11:05:06] [I] Average on 10 runs - GPU latency: 0.260364 ms - Host latency: 0.260364 ms (enqueue 0.0993408 ms)
[03/03/2026-11:05:06] [I] Average on 10 runs - GPU latency: 0.26106 ms - Host latency: 0.26106 ms (enqueue 0.0972778 ms)
[03/03/2026-11:05:06] [I] Average on 10 runs - GPU latency: 0.260461 ms - Host latency: 0.260461 ms (enqueue 0.101233 ms)
[03/03/2026-11:05:06] [I] Average on 10 runs - GPU latency: 0.260596 ms - Host latency: 0.260596 ms (enqueue 0.101489 ms)
[03/03/2026-11:05:06] [I] Average on 10 runs - GPU latency: 0.261389 ms - Host latency: 0.261389 ms (enqueue 0.0983154 ms)
[03/03/2026-11:05:06] [I] Average on 10 runs - GPU latency: 0.261926 ms - Host latency: 0.261926 ms (enqueue 0.0983887 ms)
[03/03/2026-11:05:06] [I] Average on 10 runs - GPU latency: 0.261633 ms - Host latency: 0.261633 ms (enqueue 0.0968262 ms)
[03/03/2026-11:05:06] [I] Average on 10 runs - GPU latency: 0.260815 ms - Host latency: 0.260815 ms (enqueue 0.0986206 ms)
[03/03/2026-11:05:06] [I] Average on 10 runs - GPU latency: 0.260986 ms - Host latency: 0.260986 ms (enqueue 0.0984131 ms)
[03/03/2026-11:05:06] [I] Average on 10 runs - GPU latency: 0.261133 ms - Host latency: 0.261133 ms (enqueue 0.100464 ms)
[03/03/2026-11:05:06] [I] Average on 10 runs - GPU latency: 0.261658 ms - Host latency: 0.261658 ms (enqueue 0.0971436 ms)
[03/03/2026-11:05:06] [I] Average on 10 runs - GPU latency: 0.26311 ms - Host latency: 0.26311 ms (enqueue 0.0957275 ms)
[03/03/2026-11:05:06] [I] Average on 10 runs - GPU latency: 0.261536 ms - Host latency: 0.261536 ms (enqueue 0.0959839 ms)
[03/03/2026-11:05:06] [I] Average on 10 runs - GPU latency: 0.260754 ms - Host latency: 0.260754 ms (enqueue 0.103723 ms)
[03/03/2026-11:05:06] [I] Average on 10 runs - GPU latency: 0.259973 ms - Host latency: 0.259973 ms (enqueue 0.105139 ms)
[03/03/2026-11:05:06] [I] Average on 10 runs - GPU latency: 0.260095 ms - Host latency: 0.260095 ms (enqueue 0.0964233 ms)
[03/03/2026-11:05:06] [I] Average on 10 runs - GPU latency: 0.260095 ms - Host latency: 0.260095 ms (enqueue 0.101477 ms)
[03/03/2026-11:05:06] [I] Average on 10 runs - GPU latency: 0.261072 ms - Host latency: 0.261072 ms (enqueue 0.101843 ms)
[03/03/2026-11:05:06] [I] Average on 10 runs - GPU latency: 0.261279 ms - Host latency: 0.261279 ms (enqueue 0.0962646 ms)
[03/03/2026-11:05:06] [I] Average on 10 runs - GPU latency: 0.260596 ms - Host latency: 0.260596 ms (enqueue 0.0994263 ms)
[03/03/2026-11:05:06] [I] Average on 10 runs - GPU latency: 0.259167 ms - Host latency: 0.259167 ms (enqueue 0.104822 ms)
[03/03/2026-11:05:06] [I] Average on 10 runs - GPU latency: 0.261011 ms - Host latency: 0.261011 ms (enqueue 0.0988159 ms)
[03/03/2026-11:05:06] [I] Average on 10 runs - GPU latency: 0.259778 ms - Host latency: 0.259778 ms (enqueue 0.097522 ms)
[03/03/2026-11:05:06] [I] Average on 10 runs - GPU latency: 0.260596 ms - Host latency: 0.260596 ms (enqueue 0.0996948 ms)
[03/03/2026-11:05:06] [I] Average on 10 runs - GPU latency: 0.259985 ms - Host latency: 0.259985 ms (enqueue 0.0989624 ms)
[03/03/2026-11:05:06] [I] Average on 10 runs - GPU latency: 0.261304 ms - Host latency: 0.261304 ms (enqueue 0.0958862 ms)
[03/03/2026-11:05:06] [I] Average on 10 runs - GPU latency: 0.261707 ms - Host latency: 0.261707 ms (enqueue 0.0922119 ms)
[03/03/2026-11:05:06] [I] Average on 10 runs - GPU latency: 0.261084 ms - Host latency: 0.261084 ms (enqueue 0.0945923 ms)
[03/03/2026-11:05:06] [I] Average on 10 runs - GPU latency: 0.262219 ms - Host latency: 0.262219 ms (enqueue 0.0960449 ms)
[03/03/2026-11:05:06] [I] Average on 10 runs - GPU latency: 0.261389 ms - Host latency: 0.261389 ms (enqueue 0.0980347 ms)
[03/03/2026-11:05:06] [I] Average on 10 runs - GPU latency: 0.259424 ms - Host latency: 0.259424 ms (enqueue 0.101648 ms)
[03/03/2026-11:05:06] [I] Average on 10 runs - GPU latency: 0.259619 ms - Host latency: 0.259619 ms (enqueue 0.0978027 ms)
[03/03/2026-11:05:06] [I] Average on 10 runs - GPU latency: 0.259753 ms - Host latency: 0.259753 ms (enqueue 0.0992554 ms)
[03/03/2026-11:05:06] [I] Average on 10 runs - GPU latency: 0.261511 ms - Host latency: 0.261511 ms (enqueue 0.0973633 ms)
[03/03/2026-11:05:06] [I] Average on 10 runs - GPU latency: 0.259705 ms - Host latency: 0.259705 ms (enqueue 0.0989502 ms)
[03/03/2026-11:05:06] [I] Average on 10 runs - GPU latency: 0.26239 ms - Host latency: 0.26239 ms (enqueue 0.0981201 ms)
[03/03/2026-11:05:06] [I] Average on 10 runs - GPU latency: 0.260925 ms - Host latency: 0.260925 ms (enqueue 0.0995605 ms)
[03/03/2026-11:05:06] [I] Average on 10 runs - GPU latency: 0.260376 ms - Host latency: 0.260376 ms (enqueue 0.0999268 ms)
[03/03/2026-11:05:06] [I] Average on 10 runs - GPU latency: 0.260486 ms - Host latency: 0.260486 ms (enqueue 0.0995605 ms)
[03/03/2026-11:05:06] [I] Average on 10 runs - GPU latency: 0.259448 ms - Host latency: 0.259448 ms (enqueue 0.0967163 ms)
[03/03/2026-11:05:06] [I] Average on 10 runs - GPU latency: 0.260193 ms - Host latency: 0.260193 ms (enqueue 0.101245 ms)
[03/03/2026-11:05:06] [I] Average on 10 runs - GPU latency: 0.261292 ms - Host latency: 0.261292 ms (enqueue 0.0984497 ms)
[03/03/2026-11:05:06] [I] Average on 10 runs - GPU latency: 0.260486 ms - Host latency: 0.260486 ms (enqueue 0.0971924 ms)
[03/03/2026-11:05:06] [I] Average on 10 runs - GPU latency: 0.259485 ms - Host latency: 0.259485 ms (enqueue 0.10343 ms)
[03/03/2026-11:05:06] [I] Average on 10 runs - GPU latency: 0.261829 ms - Host latency: 0.261829 ms (enqueue 0.0968872 ms)
[03/03/2026-11:05:06] [I] Average on 10 runs - GPU latency: 0.260535 ms - Host latency: 0.260535 ms (enqueue 0.097998 ms)
[03/03/2026-11:05:06] [I] Average on 10 runs - GPU latency: 0.260437 ms - Host latency: 0.260437 ms (enqueue 0.100806 ms)
[03/03/2026-11:05:06] [I] Average on 10 runs - GPU latency: 0.261792 ms - Host latency: 0.261792 ms (enqueue 0.0963379 ms)
[03/03/2026-11:05:06] [I] Average on 10 runs - GPU latency: 0.260486 ms - Host latency: 0.260486 ms (enqueue 0.0985352 ms)
[03/03/2026-11:05:06] [I] Average on 10 runs - GPU latency: 0.260046 ms - Host latency: 0.260046 ms (enqueue 0.0999756 ms)
[03/03/2026-11:05:06] [I] Average on 10 runs - GPU latency: 0.260754 ms - Host latency: 0.260754 ms (enqueue 0.0981812 ms)
[03/03/2026-11:05:06] [I] Average on 10 runs - GPU latency: 0.260437 ms - Host latency: 0.260437 ms (enqueue 0.0993164 ms)
[03/03/2026-11:05:06] [I] Average on 10 runs - GPU latency: 0.260425 ms - Host latency: 0.260425 ms (enqueue 0.0992432 ms)
[03/03/2026-11:05:06] [I] Average on 10 runs - GPU latency: 0.261108 ms - Host latency: 0.261108 ms (enqueue 0.100745 ms)
[03/03/2026-11:05:06] [I] Average on 10 runs - GPU latency: 0.261316 ms - Host latency: 0.261316 ms (enqueue 0.0969116 ms)
[03/03/2026-11:05:06] [I] Average on 10 runs - GPU latency: 0.260498 ms - Host latency: 0.260498 ms (enqueue 0.0979126 ms)
[03/03/2026-11:05:06] [I] Average on 10 runs - GPU latency: 0.260181 ms - Host latency: 0.260181 ms (enqueue 0.0963501 ms)
[03/03/2026-11:05:06] [I] Average on 10 runs - GPU latency: 0.260657 ms - Host latency: 0.260657 ms (enqueue 0.0939331 ms)
[03/03/2026-11:05:06] [I] Average on 10 runs - GPU latency: 0.262292 ms - Host latency: 0.262292 ms (enqueue 0.095459 ms)
[03/03/2026-11:05:06] [I] Average on 10 runs - GPU latency: 0.262085 ms - Host latency: 0.262085 ms (enqueue 0.0946777 ms)
[03/03/2026-11:05:06] [I] Average on 10 runs - GPU latency: 0.261011 ms - Host latency: 0.261011 ms (enqueue 0.096814 ms)
[03/03/2026-11:05:06] [I] Average on 10 runs - GPU latency: 0.260962 ms - Host latency: 0.260962 ms (enqueue 0.0982666 ms)
[03/03/2026-11:05:06] [I] Average on 10 runs - GPU latency: 0.262073 ms - Host latency: 0.262073 ms (enqueue 0.092981 ms)
[03/03/2026-11:05:06] [I] Average on 10 runs - GPU latency: 0.260828 ms - Host latency: 0.260828 ms (enqueue 0.0992065 ms)
[03/03/2026-11:05:06] [I] Average on 10 runs - GPU latency: 0.260107 ms - Host latency: 0.260107 ms (enqueue 0.100537 ms)
[03/03/2026-11:05:06] [I] Average on 10 runs - GPU latency: 0.260376 ms - Host latency: 0.260376 ms (enqueue 0.097876 ms)
[03/03/2026-11:05:06] [I] Average on 10 runs - GPU latency: 0.261292 ms - Host latency: 0.261292 ms (enqueue 0.0970215 ms)
[03/03/2026-11:05:06] [I] Average on 10 runs - GPU latency: 0.260315 ms - Host latency: 0.260315 ms (enqueue 0.100464 ms)
[03/03/2026-11:05:06] [I] Average on 10 runs - GPU latency: 0.260181 ms - Host latency: 0.260181 ms (enqueue 0.0980957 ms)
[03/03/2026-11:05:06] [I] Average on 10 runs - GPU latency: 0.26084 ms - Host latency: 0.26084 ms (enqueue 0.101501 ms)
[03/03/2026-11:05:06] [I] Average on 10 runs - GPU latency: 0.260901 ms - Host latency: 0.260901 ms (enqueue 0.0988281 ms)
[03/03/2026-11:05:06] [I] Average on 10 runs - GPU latency: 0.260583 ms - Host latency: 0.260583 ms (enqueue 0.0996216 ms)
[03/03/2026-11:05:06] [I] Average on 10 runs - GPU latency: 0.260193 ms - Host latency: 0.260193 ms (enqueue 0.100366 ms)
[03/03/2026-11:05:06] [I] Average on 10 runs - GPU latency: 0.260925 ms - Host latency: 0.260925 ms (enqueue 0.0995483 ms)
[03/03/2026-11:05:06] [I] Average on 10 runs - GPU latency: 0.261328 ms - Host latency: 0.261328 ms (enqueue 0.095813 ms)
[03/03/2026-11:05:06] [I] Average on 10 runs - GPU latency: 0.261023 ms - Host latency: 0.261023 ms (enqueue 0.0958008 ms)
[03/03/2026-11:05:06] [I] Average on 10 runs - GPU latency: 0.260144 ms - Host latency: 0.260144 ms (enqueue 0.099939 ms)
[03/03/2026-11:05:06] [I] Average on 10 runs - GPU latency: 0.260364 ms - Host latency: 0.260364 ms (enqueue 0.0990723 ms)
[03/03/2026-11:05:06] [I] Average on 10 runs - GPU latency: 0.259277 ms - Host latency: 0.259277 ms (enqueue 0.100037 ms)
[03/03/2026-11:05:06] [I] Average on 10 runs - GPU latency: 0.261292 ms - Host latency: 0.261292 ms (enqueue 0.096521 ms)
[03/03/2026-11:05:06] [I] Average on 10 runs - GPU latency: 0.260278 ms - Host latency: 0.260278 ms (enqueue 0.0978638 ms)
[03/03/2026-11:05:06] [I] Average on 10 runs - GPU latency: 0.260962 ms - Host latency: 0.260962 ms (enqueue 0.0963623 ms)
[03/03/2026-11:05:06] [I] Average on 10 runs - GPU latency: 0.25968 ms - Host latency: 0.25968 ms (enqueue 0.0997314 ms)
[03/03/2026-11:05:06] [I] Average on 10 runs - GPU latency: 0.260107 ms - Host latency: 0.260107 ms (enqueue 0.104163 ms)
[03/03/2026-11:05:06] [I] Average on 10 runs - GPU latency: 0.260669 ms - Host latency: 0.260669 ms (enqueue 0.104114 ms)
[03/03/2026-11:05:06] [I] Average on 10 runs - GPU latency: 0.260132 ms - Host latency: 0.260132 ms (enqueue 0.099585 ms)
[03/03/2026-11:05:06] [I] Average on 10 runs - GPU latency: 0.259241 ms - Host latency: 0.259241 ms (enqueue 0.100085 ms)
[03/03/2026-11:05:06] [I] Average on 10 runs - GPU latency: 0.260083 ms - Host latency: 0.260083 ms (enqueue 0.100073 ms)
[03/03/2026-11:05:06] [I] Average on 10 runs - GPU latency: 0.259961 ms - Host latency: 0.259961 ms (enqueue 0.103906 ms)
[03/03/2026-11:05:06] [I] Average on 10 runs - GPU latency: 0.259973 ms - Host latency: 0.259973 ms (enqueue 0.102185 ms)
[03/03/2026-11:05:06] [I] Average on 10 runs - GPU latency: 0.260156 ms - Host latency: 0.260156 ms (enqueue 0.0968994 ms)
[03/03/2026-11:05:06] [I] Average on 10 runs - GPU latency: 0.261206 ms - Host latency: 0.261206 ms (enqueue 0.0956055 ms)
[03/03/2026-11:05:06] [I] Average on 10 runs - GPU latency: 0.262939 ms - Host latency: 0.262939 ms (enqueue 0.0950073 ms)
[03/03/2026-11:05:06] [I] Average on 10 runs - GPU latency: 0.259277 ms - Host latency: 0.259277 ms (enqueue 0.100085 ms)
[03/03/2026-11:05:06] [I] Average on 10 runs - GPU latency: 0.260852 ms - Host latency: 0.260852 ms (enqueue 0.102209 ms)
[03/03/2026-11:05:06] [I] Average on 10 runs - GPU latency: 0.260645 ms - Host latency: 0.260645 ms (enqueue 0.0993896 ms)
[03/03/2026-11:05:06] [I] Average on 10 runs - GPU latency: 0.261267 ms - Host latency: 0.261267 ms (enqueue 0.096167 ms)
[03/03/2026-11:05:06] [I] Average on 10 runs - GPU latency: 0.261865 ms - Host latency: 0.261865 ms (enqueue 0.0971191 ms)
[03/03/2026-11:05:06] [I] Average on 10 runs - GPU latency: 0.2599 ms - Host latency: 0.2599 ms (enqueue 0.0997436 ms)
[03/03/2026-11:05:06] [I] Average on 10 runs - GPU latency: 0.261279 ms - Host latency: 0.261279 ms (enqueue 0.103259 ms)
[03/03/2026-11:05:06] [I] Average on 10 runs - GPU latency: 0.26051 ms - Host latency: 0.26051 ms (enqueue 0.0958496 ms)
[03/03/2026-11:05:06] [I] Average on 10 runs - GPU latency: 0.259924 ms - Host latency: 0.259924 ms (enqueue 0.0998779 ms)
[03/03/2026-11:05:06] [I] Average on 10 runs - GPU latency: 0.260059 ms - Host latency: 0.260059 ms (enqueue 0.103235 ms)
[03/03/2026-11:05:06] [I] Average on 10 runs - GPU latency: 0.260828 ms - Host latency: 0.260828 ms (enqueue 0.0965942 ms)
[03/03/2026-11:05:06] [I] Average on 10 runs - GPU latency: 0.261462 ms - Host latency: 0.261462 ms (enqueue 0.0988647 ms)
[03/03/2026-11:05:06] [I] Average on 10 runs - GPU latency: 0.260522 ms - Host latency: 0.260522 ms (enqueue 0.097644 ms)
[03/03/2026-11:05:06] [I] Average on 10 runs - GPU latency: 0.26084 ms - Host latency: 0.26084 ms (enqueue 0.0977051 ms)
[03/03/2026-11:05:06] [I] Average on 10 runs - GPU latency: 0.262195 ms - Host latency: 0.262195 ms (enqueue 0.0967285 ms)
[03/03/2026-11:05:06] [I] Average on 10 runs - GPU latency: 0.26001 ms - Host latency: 0.26001 ms (enqueue 0.101099 ms)
[03/03/2026-11:05:06] [I] Average on 10 runs - GPU latency: 0.259534 ms - Host latency: 0.259534 ms (enqueue 0.102002 ms)
[03/03/2026-11:05:06] [I] Average on 10 runs - GPU latency: 0.261292 ms - Host latency: 0.261292 ms (enqueue 0.100122 ms)
[03/03/2026-11:05:06] [I] Average on 10 runs - GPU latency: 0.26001 ms - Host latency: 0.26001 ms (enqueue 0.0995117 ms)
[03/03/2026-11:05:06] [I] Average on 10 runs - GPU latency: 0.261279 ms - Host latency: 0.261279 ms (enqueue 0.0940186 ms)
[03/03/2026-11:05:06] [I] Average on 10 runs - GPU latency: 0.260339 ms - Host latency: 0.260339 ms (enqueue 0.09729 ms)
[03/03/2026-11:05:06] [I] Average on 10 runs - GPU latency: 0.260242 ms - Host latency: 0.260242 ms (enqueue 0.102246 ms)
[03/03/2026-11:05:06] [I] Average on 10 runs - GPU latency: 0.260583 ms - Host latency: 0.260583 ms (enqueue 0.102148 ms)
[03/03/2026-11:05:06] [I] Average on 10 runs - GPU latency: 0.260034 ms - Host latency: 0.260034 ms (enqueue 0.104114 ms)
[03/03/2026-11:05:06] [I] Average on 10 runs - GPU latency: 0.260327 ms - Host latency: 0.260327 ms (enqueue 0.102722 ms)
[03/03/2026-11:05:06] [I] Average on 10 runs - GPU latency: 0.260803 ms - Host latency: 0.260803 ms (enqueue 0.100037 ms)
[03/03/2026-11:05:06] [I] Average on 10 runs - GPU latency: 0.260974 ms - Host latency: 0.260974 ms (enqueue 0.0988525 ms)
[03/03/2026-11:05:06] [I] Average on 10 runs - GPU latency: 0.259448 ms - Host latency: 0.259448 ms (enqueue 0.101184 ms)
[03/03/2026-11:05:06] [I] Average on 10 runs - GPU latency: 0.259717 ms - Host latency: 0.259717 ms (enqueue 0.100513 ms)
[03/03/2026-11:05:06] [I] Average on 10 runs - GPU latency: 0.260071 ms - Host latency: 0.260071 ms (enqueue 0.0999878 ms)
[03/03/2026-11:05:06] [I] Average on 10 runs - GPU latency: 0.260242 ms - Host latency: 0.260242 ms (enqueue 0.100305 ms)
[03/03/2026-11:05:06] [I] Average on 10 runs - GPU latency: 0.259644 ms - Host latency: 0.259644 ms (enqueue 0.10387 ms)
[03/03/2026-11:05:06] [I] Average on 10 runs - GPU latency: 0.259241 ms - Host latency: 0.259241 ms (enqueue 0.10426 ms)
[03/03/2026-11:05:06] [I] Average on 10 runs - GPU latency: 0.260632 ms - Host latency: 0.260632 ms (enqueue 0.0998169 ms)
[03/03/2026-11:05:06] [I] Average on 10 runs - GPU latency: 0.259656 ms - Host latency: 0.259656 ms (enqueue 0.100403 ms)
[03/03/2026-11:05:06] [I] Average on 10 runs - GPU latency: 0.260657 ms - Host latency: 0.260657 ms (enqueue 0.0971558 ms)
[03/03/2026-11:05:06] [I] Average on 10 runs - GPU latency: 0.259741 ms - Host latency: 0.259741 ms (enqueue 0.0982422 ms)
[03/03/2026-11:05:06] [I] Average on 10 runs - GPU latency: 0.262524 ms - Host latency: 0.262524 ms (enqueue 0.101477 ms)
[03/03/2026-11:05:06] [I] Average on 10 runs - GPU latency: 0.260327 ms - Host latency: 0.260327 ms (enqueue 0.0982178 ms)
[03/03/2026-11:05:06] [I] Average on 10 runs - GPU latency: 0.258447 ms - Host latency: 0.258447 ms (enqueue 0.0983276 ms)
[03/03/2026-11:05:06] [I] Average on 10 runs - GPU latency: 0.260071 ms - Host latency: 0.260071 ms (enqueue 0.100623 ms)
[03/03/2026-11:05:06] [I] Average on 10 runs - GPU latency: 0.259546 ms - Host latency: 0.259546 ms (enqueue 0.0991089 ms)
[03/03/2026-11:05:06] [I] Average on 10 runs - GPU latency: 0.259802 ms - Host latency: 0.259802 ms (enqueue 0.100952 ms)
[03/03/2026-11:05:06] [I] Average on 10 runs - GPU latency: 0.260364 ms - Host latency: 0.260364 ms (enqueue 0.100159 ms)
[03/03/2026-11:05:06] [I] Average on 10 runs - GPU latency: 0.260767 ms - Host latency: 0.260767 ms (enqueue 0.101086 ms)
[03/03/2026-11:05:06] [I] Average on 10 runs - GPU latency: 0.261658 ms - Host latency: 0.261658 ms (enqueue 0.0999878 ms)
[03/03/2026-11:05:06] [I] Average on 10 runs - GPU latency: 0.260596 ms - Host latency: 0.260596 ms (enqueue 0.103503 ms)
[03/03/2026-11:05:06] [I] Average on 10 runs - GPU latency: 0.26051 ms - Host latency: 0.26051 ms (enqueue 0.104749 ms)
[03/03/2026-11:05:06] [I] Average on 10 runs - GPU latency: 0.261902 ms - Host latency: 0.261902 ms (enqueue 0.100317 ms)
[03/03/2026-11:05:06] [I] Average on 10 runs - GPU latency: 0.261218 ms - Host latency: 0.261218 ms (enqueue 0.0976074 ms)
[03/03/2026-11:05:06] [I] Average on 10 runs - GPU latency: 0.259839 ms - Host latency: 0.259839 ms (enqueue 0.100183 ms)
[03/03/2026-11:05:06] [I] Average on 10 runs - GPU latency: 0.260498 ms - Host latency: 0.260498 ms (enqueue 0.0976318 ms)
[03/03/2026-11:05:06] [I] Average on 10 runs - GPU latency: 0.26084 ms - Host latency: 0.26084 ms (enqueue 0.0972656 ms)
[03/03/2026-11:05:06] [I] Average on 10 runs - GPU latency: 0.260449 ms - Host latency: 0.260449 ms (enqueue 0.0957153 ms)
[03/03/2026-11:05:06] [I] Average on 10 runs - GPU latency: 0.260986 ms - Host latency: 0.260986 ms (enqueue 0.097168 ms)
[03/03/2026-11:05:06] [I] Average on 10 runs - GPU latency: 0.260828 ms - Host latency: 0.260828 ms (enqueue 0.0955566 ms)
[03/03/2026-11:05:06] [I] Average on 10 runs - GPU latency: 0.259827 ms - Host latency: 0.259827 ms (enqueue 0.103918 ms)
[03/03/2026-11:05:06] [I] Average on 10 runs - GPU latency: 0.262378 ms - Host latency: 0.262378 ms (enqueue 0.098999 ms)
[03/03/2026-11:05:06] [I] Average on 10 runs - GPU latency: 0.259778 ms - Host latency: 0.259778 ms (enqueue 0.10166 ms)
[03/03/2026-11:05:06] [I] Average on 10 runs - GPU latency: 0.259692 ms - Host latency: 0.259692 ms (enqueue 0.0986328 ms)
[03/03/2026-11:05:06] [I] Average on 10 runs - GPU latency: 0.260754 ms - Host latency: 0.260754 ms (enqueue 0.0992065 ms)
[03/03/2026-11:05:06] [I] Average on 10 runs - GPU latency: 0.2604 ms - Host latency: 0.2604 ms (enqueue 0.0963989 ms)
[03/03/2026-11:05:06] [I] Average on 10 runs - GPU latency: 0.26217 ms - Host latency: 0.26217 ms (enqueue 0.0959473 ms)
[03/03/2026-11:05:06] [I] Average on 10 runs - GPU latency: 0.260852 ms - Host latency: 0.260852 ms (enqueue 0.1047 ms)
[03/03/2026-11:05:06] [I] Average on 10 runs - GPU latency: 0.260266 ms - Host latency: 0.260266 ms (enqueue 0.0971558 ms)
[03/03/2026-11:05:06] [I] Average on 10 runs - GPU latency: 0.260913 ms - Host latency: 0.260913 ms (enqueue 0.100317 ms)
[03/03/2026-11:05:06] [I] Average on 10 runs - GPU latency: 0.26001 ms - Host latency: 0.26001 ms (enqueue 0.102014 ms)
[03/03/2026-11:05:06] [I] Average on 10 runs - GPU latency: 0.260254 ms - Host latency: 0.260254 ms (enqueue 0.101599 ms)
[03/03/2026-11:05:06] [I] Average on 10 runs - GPU latency: 0.261267 ms - Host latency: 0.261267 ms (enqueue 0.100806 ms)
[03/03/2026-11:05:06] [I] Average on 10 runs - GPU latency: 0.261597 ms - Host latency: 0.261597 ms (enqueue 0.0988647 ms)
[03/03/2026-11:05:06] [I] Average on 10 runs - GPU latency: 0.261804 ms - Host latency: 0.261804 ms (enqueue 0.0992187 ms)
[03/03/2026-11:05:06] [I] Average on 10 runs - GPU latency: 0.259985 ms - Host latency: 0.259985 ms (enqueue 0.102051 ms)
[03/03/2026-11:05:06] [I] Average on 10 runs - GPU latency: 0.260693 ms - Host latency: 0.260693 ms (enqueue 0.101196 ms)
[03/03/2026-11:05:06] [I] Average on 10 runs - GPU latency: 0.259949 ms - Host latency: 0.259949 ms (enqueue 0.104761 ms)
[03/03/2026-11:05:06] [I] Average on 10 runs - GPU latency: 0.261316 ms - Host latency: 0.261316 ms (enqueue 0.0974243 ms)
[03/03/2026-11:05:06] [I] Average on 10 runs - GPU latency: 0.260168 ms - Host latency: 0.260168 ms (enqueue 0.0980469 ms)
[03/03/2026-11:05:06] [I] Average on 10 runs - GPU latency: 0.259485 ms - Host latency: 0.259485 ms (enqueue 0.100378 ms)
[03/03/2026-11:05:06] [I] Average on 10 runs - GPU latency: 0.260413 ms - Host latency: 0.260413 ms (enqueue 0.104321 ms)
[03/03/2026-11:05:06] [I] Average on 10 runs - GPU latency: 0.25968 ms - Host latency: 0.25968 ms (enqueue 0.0974853 ms)
[03/03/2026-11:05:06] [I] Average on 10 runs - GPU latency: 0.259741 ms - Host latency: 0.259741 ms (enqueue 0.100439 ms)
[03/03/2026-11:05:06] [I] Average on 10 runs - GPU latency: 0.261731 ms - Host latency: 0.261731 ms (enqueue 0.098645 ms)
[03/03/2026-11:05:06] [I] Average on 10 runs - GPU latency: 0.259875 ms - Host latency: 0.259875 ms (enqueue 0.0958496 ms)
[03/03/2026-11:05:06] [I] Average on 10 runs - GPU latency: 0.260925 ms - Host latency: 0.260925 ms (enqueue 0.094751 ms)
[03/03/2026-11:05:06] [I] Average on 10 runs - GPU latency: 0.259131 ms - Host latency: 0.259131 ms (enqueue 0.104517 ms)
[03/03/2026-11:05:06] [I] Average on 10 runs - GPU latency: 0.260596 ms - Host latency: 0.260596 ms (enqueue 0.0998657 ms)
[03/03/2026-11:05:06] [I] Average on 10 runs - GPU latency: 0.259302 ms - Host latency: 0.259302 ms (enqueue 0.100793 ms)
[03/03/2026-11:05:06] [I] Average on 10 runs - GPU latency: 0.260107 ms - Host latency: 0.260107 ms (enqueue 0.102686 ms)
[03/03/2026-11:05:06] [I] Average on 10 runs - GPU latency: 0.260474 ms - Host latency: 0.260474 ms (enqueue 0.0994385 ms)
[03/03/2026-11:05:06] [I] Average on 10 runs - GPU latency: 0.261792 ms - Host latency: 0.261792 ms (enqueue 0.097168 ms)
[03/03/2026-11:05:06] [I] Average on 10 runs - GPU latency: 0.260352 ms - Host latency: 0.260352 ms (enqueue 0.0999023 ms)
[03/03/2026-11:05:06] [I] Average on 10 runs - GPU latency: 0.260327 ms - Host latency: 0.260327 ms (enqueue 0.101099 ms)
[03/03/2026-11:05:06] [I] Average on 10 runs - GPU latency: 0.261035 ms - Host latency: 0.261035 ms (enqueue 0.0972168 ms)
[03/03/2026-11:05:06] [I] Average on 10 runs - GPU latency: 0.261377 ms - Host latency: 0.261377 ms (enqueue 0.10332 ms)
[03/03/2026-11:05:06] [I] Average on 10 runs - GPU latency: 0.26106 ms - Host latency: 0.26106 ms (enqueue 0.0966309 ms)
[03/03/2026-11:05:06] [I] Average on 10 runs - GPU latency: 0.260986 ms - Host latency: 0.260986 ms (enqueue 0.0955811 ms)
[03/03/2026-11:05:06] [I] Average on 10 runs - GPU latency: 0.260962 ms - Host latency: 0.260962 ms (enqueue 0.0984131 ms)
[03/03/2026-11:05:06] [I] Average on 10 runs - GPU latency: 0.26123 ms - Host latency: 0.26123 ms (enqueue 0.0950195 ms)
[03/03/2026-11:05:06] [I] Average on 10 runs - GPU latency: 0.260376 ms - Host latency: 0.260376 ms (enqueue 0.0986572 ms)
[03/03/2026-11:05:06] [I] Average on 10 runs - GPU latency: 0.260229 ms - Host latency: 0.260229 ms (enqueue 0.100708 ms)
[03/03/2026-11:05:06] [I] Average on 10 runs - GPU latency: 0.260718 ms - Host latency: 0.260718 ms (enqueue 0.0976807 ms)
[03/03/2026-11:05:06] [I] Average on 10 runs - GPU latency: 0.260791 ms - Host latency: 0.260791 ms (enqueue 0.0980713 ms)
[03/03/2026-11:05:06] [I] Average on 10 runs - GPU latency: 0.260913 ms - Host latency: 0.260913 ms (enqueue 0.0981201 ms)
[03/03/2026-11:05:06] [I] Average on 10 runs - GPU latency: 0.25957 ms - Host latency: 0.25957 ms (enqueue 0.102539 ms)
[03/03/2026-11:05:06] [I] Average on 10 runs - GPU latency: 0.260376 ms - Host latency: 0.260376 ms (enqueue 0.0976074 ms)
[03/03/2026-11:05:06] [I] Average on 10 runs - GPU latency: 0.260889 ms - Host latency: 0.260889 ms (enqueue 0.0977783 ms)
[03/03/2026-11:05:06] [I] Average on 10 runs - GPU latency: 0.260938 ms - Host latency: 0.260938 ms (enqueue 0.100439 ms)
[03/03/2026-11:05:06] [I] Average on 10 runs - GPU latency: 0.26106 ms - Host latency: 0.26106 ms (enqueue 0.0977783 ms)
[03/03/2026-11:05:06] [I] Average on 10 runs - GPU latency: 0.259644 ms - Host latency: 0.259644 ms (enqueue 0.099707 ms)
[03/03/2026-11:05:06] [I] Average on 10 runs - GPU latency: 0.26062 ms - Host latency: 0.26062 ms (enqueue 0.0992187 ms)
[03/03/2026-11:05:06] [I] Average on 10 runs - GPU latency: 0.261719 ms - Host latency: 0.261719 ms (enqueue 0.0977539 ms)
[03/03/2026-11:05:06] [I] Average on 10 runs - GPU latency: 0.261694 ms - Host latency: 0.261694 ms (enqueue 0.0980225 ms)
[03/03/2026-11:05:06] [I] Average on 10 runs - GPU latency: 0.261084 ms - Host latency: 0.261084 ms (enqueue 0.0966309 ms)
[03/03/2026-11:05:06] [I] Average on 10 runs - GPU latency: 0.260718 ms - Host latency: 0.260718 ms (enqueue 0.101904 ms)
[03/03/2026-11:05:06] [I] Average on 10 runs - GPU latency: 0.260083 ms - Host latency: 0.260083 ms (enqueue 0.1 ms)
[03/03/2026-11:05:06] [I] Average on 10 runs - GPU latency: 0.260498 ms - Host latency: 0.260498 ms (enqueue 0.100586 ms)
[03/03/2026-11:05:06] [I] Average on 10 runs - GPU latency: 0.260205 ms - Host latency: 0.260205 ms (enqueue 0.0980469 ms)
[03/03/2026-11:05:06] [I] Average on 10 runs - GPU latency: 0.259985 ms - Host latency: 0.259985 ms (enqueue 0.100708 ms)
[03/03/2026-11:05:06] [I] Average on 10 runs - GPU latency: 0.261084 ms - Host latency: 0.261084 ms (enqueue 0.0958496 ms)
[03/03/2026-11:05:06] [I] Average on 10 runs - GPU latency: 0.26084 ms - Host latency: 0.26084 ms (enqueue 0.0978272 ms)
[03/03/2026-11:05:06] [I] Average on 10 runs - GPU latency: 0.26123 ms - Host latency: 0.26123 ms (enqueue 0.0956787 ms)
[03/03/2026-11:05:06] [I] Average on 10 runs - GPU latency: 0.26084 ms - Host latency: 0.26084 ms (enqueue 0.0986084 ms)
[03/03/2026-11:05:06] [I] Average on 10 runs - GPU latency: 0.262207 ms - Host latency: 0.262207 ms (enqueue 0.093335 ms)
[03/03/2026-11:05:06] [I] Average on 10 runs - GPU latency: 0.261328 ms - Host latency: 0.261328 ms (enqueue 0.0986328 ms)
[03/03/2026-11:05:06] [I] Average on 10 runs - GPU latency: 0.261133 ms - Host latency: 0.261133 ms (enqueue 0.0967285 ms)
[03/03/2026-11:05:06] [I] Average on 10 runs - GPU latency: 0.260889 ms - Host latency: 0.260889 ms (enqueue 0.0959961 ms)
[03/03/2026-11:05:06] [I] Average on 10 runs - GPU latency: 0.26228 ms - Host latency: 0.26228 ms (enqueue 0.0988281 ms)
[03/03/2026-11:05:06] [I] Average on 10 runs - GPU latency: 0.260791 ms - Host latency: 0.260791 ms (enqueue 0.096582 ms)
[03/03/2026-11:05:06] [I] Average on 10 runs - GPU latency: 0.260693 ms - Host latency: 0.260693 ms (enqueue 0.0954102 ms)
[03/03/2026-11:05:06] [I] Average on 10 runs - GPU latency: 0.26123 ms - Host latency: 0.26123 ms (enqueue 0.09646 ms)
[03/03/2026-11:05:06] [I] Average on 10 runs - GPU latency: 0.260083 ms - Host latency: 0.260083 ms (enqueue 0.0939697 ms)
[03/03/2026-11:05:06] [I] Average on 10 runs - GPU latency: 0.260376 ms - Host latency: 0.260376 ms (enqueue 0.100317 ms)
[03/03/2026-11:05:06] [I] Average on 10 runs - GPU latency: 0.259009 ms - Host latency: 0.259009 ms (enqueue 0.103931 ms)
[03/03/2026-11:05:06] [I] Average on 10 runs - GPU latency: 0.260693 ms - Host latency: 0.260693 ms (enqueue 0.0946289 ms)
[03/03/2026-11:05:06] [I] Average on 10 runs - GPU latency: 0.261084 ms - Host latency: 0.261084 ms (enqueue 0.0970215 ms)
[03/03/2026-11:05:06] [I] Average on 10 runs - GPU latency: 0.261182 ms - Host latency: 0.261182 ms (enqueue 0.0977783 ms)
[03/03/2026-11:05:06] [I] Average on 10 runs - GPU latency: 0.259619 ms - Host latency: 0.259619 ms (enqueue 0.097876 ms)
[03/03/2026-11:05:06] [I] Average on 10 runs - GPU latency: 0.260815 ms - Host latency: 0.260815 ms (enqueue 0.0939209 ms)
[03/03/2026-11:05:06] [I] Average on 10 runs - GPU latency: 0.259814 ms - Host latency: 0.259814 ms (enqueue 0.102026 ms)
[03/03/2026-11:05:06] [I] Average on 10 runs - GPU latency: 0.260327 ms - Host latency: 0.260327 ms (enqueue 0.0964355 ms)
[03/03/2026-11:05:06] [I] Average on 10 runs - GPU latency: 0.261084 ms - Host latency: 0.261084 ms (enqueue 0.103882 ms)
[03/03/2026-11:05:06] [I] Average on 10 runs - GPU latency: 0.261182 ms - Host latency: 0.261182 ms (enqueue 0.101733 ms)
[03/03/2026-11:05:06] [I] Average on 10 runs - GPU latency: 0.25979 ms - Host latency: 0.25979 ms (enqueue 0.0960205 ms)
[03/03/2026-11:05:06] [I] Average on 10 runs - GPU latency: 0.261841 ms - Host latency: 0.261841 ms (enqueue 0.0999756 ms)
[03/03/2026-11:05:06] [I] Average on 10 runs - GPU latency: 0.260547 ms - Host latency: 0.260547 ms (enqueue 0.0985107 ms)
[03/03/2026-11:05:06] [I] Average on 10 runs - GPU latency: 0.26084 ms - Host latency: 0.26084 ms (enqueue 0.0970459 ms)
[03/03/2026-11:05:06] [I] Average on 10 runs - GPU latency: 0.260132 ms - Host latency: 0.260132 ms (enqueue 0.097583 ms)
[03/03/2026-11:05:06] [I] Average on 10 runs - GPU latency: 0.260425 ms - Host latency: 0.260425 ms (enqueue 0.0967529 ms)
[03/03/2026-11:05:06] [I] Average on 10 runs - GPU latency: 0.260596 ms - Host latency: 0.260596 ms (enqueue 0.0985596 ms)
[03/03/2026-11:05:06] [I] Average on 10 runs - GPU latency: 0.260767 ms - Host latency: 0.260767 ms (enqueue 0.0970703 ms)
[03/03/2026-11:05:06] [I] Average on 10 runs - GPU latency: 0.259961 ms - Host latency: 0.259961 ms (enqueue 0.102026 ms)
[03/03/2026-11:05:06] [I] Average on 10 runs - GPU latency: 0.260742 ms - Host latency: 0.260742 ms (enqueue 0.0960449 ms)
[03/03/2026-11:05:06] [I] Average on 10 runs - GPU latency: 0.260645 ms - Host latency: 0.260645 ms (enqueue 0.0985352 ms)
[03/03/2026-11:05:06] [I] Average on 10 runs - GPU latency: 0.26145 ms - Host latency: 0.26145 ms (enqueue 0.0941895 ms)
[03/03/2026-11:05:06] [I] Average on 10 runs - GPU latency: 0.260864 ms - Host latency: 0.260864 ms (enqueue 0.0997803 ms)
[03/03/2026-11:05:06] [I] Average on 10 runs - GPU latency: 0.262378 ms - Host latency: 0.262378 ms (enqueue 0.0966064 ms)
[03/03/2026-11:05:06] [I] Average on 10 runs - GPU latency: 0.260962 ms - Host latency: 0.260962 ms (enqueue 0.0968506 ms)
[03/03/2026-11:05:06] [I] Average on 10 runs - GPU latency: 0.261426 ms - Host latency: 0.261426 ms (enqueue 0.0987061 ms)
[03/03/2026-11:05:06] [I] Average on 10 runs - GPU latency: 0.259644 ms - Host latency: 0.259644 ms (enqueue 0.0988037 ms)
[03/03/2026-11:05:06] [I] Average on 10 runs - GPU latency: 0.260083 ms - Host latency: 0.260083 ms (enqueue 0.0974121 ms)
[03/03/2026-11:05:06] [I] Average on 10 runs - GPU latency: 0.26272 ms - Host latency: 0.26272 ms (enqueue 0.0976807 ms)
[03/03/2026-11:05:06] [I] Average on 10 runs - GPU latency: 0.261963 ms - Host latency: 0.261963 ms (enqueue 0.0964111 ms)
[03/03/2026-11:05:06] [I] Average on 10 runs - GPU latency: 0.261914 ms - Host latency: 0.261914 ms (enqueue 0.0951904 ms)
[03/03/2026-11:05:06] [I] Average on 10 runs - GPU latency: 0.26106 ms - Host latency: 0.26106 ms (enqueue 0.0975098 ms)
[03/03/2026-11:05:06] [I] Average on 10 runs - GPU latency: 0.260767 ms - Host latency: 0.260767 ms (enqueue 0.0931885 ms)
[03/03/2026-11:05:06] [I] Average on 10 runs - GPU latency: 0.260376 ms - Host latency: 0.260376 ms (enqueue 0.0991211 ms)
[03/03/2026-11:05:06] [I] Average on 10 runs - GPU latency: 0.261597 ms - Host latency: 0.261597 ms (enqueue 0.100977 ms)
[03/03/2026-11:05:06] [I] Average on 10 runs - GPU latency: 0.260376 ms - Host latency: 0.260376 ms (enqueue 0.0995361 ms)
[03/03/2026-11:05:06] [I] Average on 10 runs - GPU latency: 0.261304 ms - Host latency: 0.261304 ms (enqueue 0.0976074 ms)
[03/03/2026-11:05:06] [I] Average on 10 runs - GPU latency: 0.260547 ms - Host latency: 0.260547 ms (enqueue 0.0998047 ms)
[03/03/2026-11:05:06] [I] Average on 10 runs - GPU latency: 0.259814 ms - Host latency: 0.259814 ms (enqueue 0.100195 ms)
[03/03/2026-11:05:06] [I] Average on 10 runs - GPU latency: 0.26123 ms - Host latency: 0.26123 ms (enqueue 0.0993652 ms)
[03/03/2026-11:05:06] [I] Average on 10 runs - GPU latency: 0.260791 ms - Host latency: 0.260791 ms (enqueue 0.0962891 ms)
[03/03/2026-11:05:06] [I] Average on 10 runs - GPU latency: 0.258838 ms - Host latency: 0.258838 ms (enqueue 0.0993408 ms)
[03/03/2026-11:05:06] [I] Average on 10 runs - GPU latency: 0.263184 ms - Host latency: 0.263184 ms (enqueue 0.0955078 ms)
[03/03/2026-11:05:06] [I] Average on 10 runs - GPU latency: 0.260522 ms - Host latency: 0.260522 ms (enqueue 0.10105 ms)
[03/03/2026-11:05:06] [I] Average on 10 runs - GPU latency: 0.260522 ms - Host latency: 0.260522 ms (enqueue 0.0951904 ms)
[03/03/2026-11:05:06] [I] Average on 10 runs - GPU latency: 0.259766 ms - Host latency: 0.259766 ms (enqueue 0.0990234 ms)
[03/03/2026-11:05:06] [I] Average on 10 runs - GPU latency: 0.261206 ms - Host latency: 0.261206 ms (enqueue 0.0971924 ms)
[03/03/2026-11:05:06] [I] Average on 10 runs - GPU latency: 0.261182 ms - Host latency: 0.261182 ms (enqueue 0.0974365 ms)
[03/03/2026-11:05:06] [I] Average on 10 runs - GPU latency: 0.260522 ms - Host latency: 0.260522 ms (enqueue 0.0978027 ms)
[03/03/2026-11:05:06] [I] Average on 10 runs - GPU latency: 0.260913 ms - Host latency: 0.260913 ms (enqueue 0.0991943 ms)
[03/03/2026-11:05:06] [I] Average on 10 runs - GPU latency: 0.259521 ms - Host latency: 0.259521 ms (enqueue 0.103613 ms)
[03/03/2026-11:05:06] [I] Average on 10 runs - GPU latency: 0.260571 ms - Host latency: 0.260571 ms (enqueue 0.0990723 ms)
[03/03/2026-11:05:06] [I] Average on 10 runs - GPU latency: 0.260669 ms - Host latency: 0.260669 ms (enqueue 0.0966553 ms)
[03/03/2026-11:05:06] [I] Average on 10 runs - GPU latency: 0.260815 ms - Host latency: 0.260815 ms (enqueue 0.0952148 ms)
[03/03/2026-11:05:06] [I] Average on 10 runs - GPU latency: 0.261963 ms - Host latency: 0.261963 ms (enqueue 0.0973389 ms)
[03/03/2026-11:05:06] [I] Average on 10 runs - GPU latency: 0.260303 ms - Host latency: 0.260303 ms (enqueue 0.101245 ms)
[03/03/2026-11:05:06] [I] Average on 10 runs - GPU latency: 0.260327 ms - Host latency: 0.260327 ms (enqueue 0.0991455 ms)
[03/03/2026-11:05:06] [I] Average on 10 runs - GPU latency: 0.259912 ms - Host latency: 0.259912 ms (enqueue 0.102856 ms)
[03/03/2026-11:05:06] [I] Average on 10 runs - GPU latency: 0.258936 ms - Host latency: 0.258936 ms (enqueue 0.0975586 ms)
[03/03/2026-11:05:06] [I] Average on 10 runs - GPU latency: 0.259937 ms - Host latency: 0.259937 ms (enqueue 0.0976807 ms)
[03/03/2026-11:05:06] [I] Average on 10 runs - GPU latency: 0.259595 ms - Host latency: 0.259595 ms (enqueue 0.0990967 ms)
[03/03/2026-11:05:06] [I] Average on 10 runs - GPU latency: 0.259863 ms - Host latency: 0.259863 ms (enqueue 0.102295 ms)
[03/03/2026-11:05:06] [I] Average on 10 runs - GPU latency: 0.258984 ms - Host latency: 0.258984 ms (enqueue 0.101929 ms)
[03/03/2026-11:05:06] [I] Average on 10 runs - GPU latency: 0.261645 ms - Host latency: 0.261645 ms (enqueue 0.0926514 ms)
[03/03/2026-11:05:06] [I] Average on 10 runs - GPU latency: 0.260596 ms - Host latency: 0.260596 ms (enqueue 0.0954346 ms)
[03/03/2026-11:05:06] [I] Average on 10 runs - GPU latency: 0.26084 ms - Host latency: 0.26084 ms (enqueue 0.0971436 ms)
[03/03/2026-11:05:06] [I] Average on 10 runs - GPU latency: 0.261597 ms - Host latency: 0.261597 ms (enqueue 0.100293 ms)
[03/03/2026-11:05:06] [I] Average on 10 runs - GPU latency: 0.2604 ms - Host latency: 0.2604 ms (enqueue 0.0969971 ms)
[03/03/2026-11:05:06] [I] Average on 10 runs - GPU latency: 0.260864 ms - Host latency: 0.260864 ms (enqueue 0.0969727 ms)
[03/03/2026-11:05:06] [I] Average on 10 runs - GPU latency: 0.260352 ms - Host latency: 0.260352 ms (enqueue 0.0998535 ms)
[03/03/2026-11:05:06] [I] Average on 10 runs - GPU latency: 0.261768 ms - Host latency: 0.261768 ms (enqueue 0.097168 ms)
[03/03/2026-11:05:06] [I] Average on 10 runs - GPU latency: 0.259595 ms - Host latency: 0.259595 ms (enqueue 0.100073 ms)
[03/03/2026-11:05:06] [I] Average on 10 runs - GPU latency: 0.261768 ms - Host latency: 0.261768 ms (enqueue 0.0948975 ms)
[03/03/2026-11:05:06] [I] Average on 10 runs - GPU latency: 0.260278 ms - Host latency: 0.260278 ms (enqueue 0.102026 ms)
[03/03/2026-11:05:06] [I] Average on 10 runs - GPU latency: 0.260254 ms - Host latency: 0.260254 ms (enqueue 0.0969971 ms)
[03/03/2026-11:05:06] [I] Average on 10 runs - GPU latency: 0.260181 ms - Host latency: 0.260181 ms (enqueue 0.100684 ms)
[03/03/2026-11:05:06] [I] Average on 10 runs - GPU latency: 0.260864 ms - Host latency: 0.260864 ms (enqueue 0.0981689 ms)
[03/03/2026-11:05:06] [I] Average on 10 runs - GPU latency: 0.259717 ms - Host latency: 0.259717 ms (enqueue 0.0950684 ms)
[03/03/2026-11:05:06] [I] Average on 10 runs - GPU latency: 0.26167 ms - Host latency: 0.26167 ms (enqueue 0.0942139 ms)
[03/03/2026-11:05:06] [I] Average on 10 runs - GPU latency: 0.261572 ms - Host latency: 0.261572 ms (enqueue 0.0974365 ms)
[03/03/2026-11:05:06] [I] Average on 10 runs - GPU latency: 0.261938 ms - Host latency: 0.261938 ms (enqueue 0.0945801 ms)
[03/03/2026-11:05:06] [I] Average on 10 runs - GPU latency: 0.259839 ms - Host latency: 0.259839 ms (enqueue 0.10188 ms)
[03/03/2026-11:05:06] [I] Average on 10 runs - GPU latency: 0.259619 ms - Host latency: 0.259619 ms (enqueue 0.101636 ms)
[03/03/2026-11:05:06] [I] Average on 10 runs - GPU latency: 0.261816 ms - Host latency: 0.261816 ms (enqueue 0.0975098 ms)
[03/03/2026-11:05:06] [I] Average on 10 runs - GPU latency: 0.261353 ms - Host latency: 0.261353 ms (enqueue 0.0953125 ms)
[03/03/2026-11:05:06] [I] Average on 10 runs - GPU latency: 0.260498 ms - Host latency: 0.260498 ms (enqueue 0.0984619 ms)
[03/03/2026-11:05:06] [I] Average on 10 runs - GPU latency: 0.25979 ms - Host latency: 0.25979 ms (enqueue 0.103076 ms)
[03/03/2026-11:05:06] [I] Average on 10 runs - GPU latency: 0.262231 ms - Host latency: 0.262231 ms (enqueue 0.0996582 ms)
[03/03/2026-11:05:06] [I] Average on 10 runs - GPU latency: 0.260986 ms - Host latency: 0.260986 ms (enqueue 0.0983398 ms)
[03/03/2026-11:05:06] [I] Average on 10 runs - GPU latency: 0.260547 ms - Host latency: 0.260547 ms (enqueue 0.0988037 ms)
[03/03/2026-11:05:06] [I] Average on 10 runs - GPU latency: 0.261279 ms - Host latency: 0.261279 ms (enqueue 0.0965576 ms)
[03/03/2026-11:05:06] [I] Average on 10 runs - GPU latency: 0.26123 ms - Host latency: 0.26123 ms (enqueue 0.0997559 ms)
[03/03/2026-11:05:06] [I] Average on 10 runs - GPU latency: 0.260571 ms - Host latency: 0.260571 ms (enqueue 0.0994873 ms)
[03/03/2026-11:05:06] [I] Average on 10 runs - GPU latency: 0.261597 ms - Host latency: 0.261597 ms (enqueue 0.101294 ms)
[03/03/2026-11:05:06] [I] Average on 10 runs - GPU latency: 0.259033 ms - Host latency: 0.259033 ms (enqueue 0.100317 ms)
[03/03/2026-11:05:06] [I] Average on 10 runs - GPU latency: 0.261377 ms - Host latency: 0.261377 ms (enqueue 0.100488 ms)
[03/03/2026-11:05:06] [I] Average on 10 runs - GPU latency: 0.26123 ms - Host latency: 0.26123 ms (enqueue 0.103442 ms)
[03/03/2026-11:05:06] [I] Average on 10 runs - GPU latency: 0.260156 ms - Host latency: 0.260156 ms (enqueue 0.095752 ms)
[03/03/2026-11:05:06] [I] Average on 10 runs - GPU latency: 0.261499 ms - Host latency: 0.261499 ms (enqueue 0.0971191 ms)
[03/03/2026-11:05:06] [I] Average on 10 runs - GPU latency: 0.260791 ms - Host latency: 0.260791 ms (enqueue 0.0945313 ms)
[03/03/2026-11:05:06] [I] Average on 10 runs - GPU latency: 0.261255 ms - Host latency: 0.261255 ms (enqueue 0.0943604 ms)
[03/03/2026-11:05:06] [I] Average on 10 runs - GPU latency: 0.260352 ms - Host latency: 0.260352 ms (enqueue 0.0971924 ms)
[03/03/2026-11:05:06] [I] Average on 10 runs - GPU latency: 0.260474 ms - Host latency: 0.260474 ms (enqueue 0.0979248 ms)
[03/03/2026-11:05:06] [I] Average on 10 runs - GPU latency: 0.260889 ms - Host latency: 0.260889 ms (enqueue 0.098291 ms)
[03/03/2026-11:05:06] [I] Average on 10 runs - GPU latency: 0.26123 ms - Host latency: 0.26123 ms (enqueue 0.0980713 ms)
[03/03/2026-11:05:06] [I] Average on 10 runs - GPU latency: 0.260913 ms - Host latency: 0.260913 ms (enqueue 0.100024 ms)
[03/03/2026-11:05:06] [I] Average on 10 runs - GPU latency: 0.25979 ms - Host latency: 0.25979 ms (enqueue 0.101318 ms)
[03/03/2026-11:05:06] [I] Average on 10 runs - GPU latency: 0.260693 ms - Host latency: 0.260693 ms (enqueue 0.100854 ms)
[03/03/2026-11:05:06] [I] Average on 10 runs - GPU latency: 0.260498 ms - Host latency: 0.260498 ms (enqueue 0.0991455 ms)
[03/03/2026-11:05:06] [I] Average on 10 runs - GPU latency: 0.260278 ms - Host latency: 0.260278 ms (enqueue 0.099707 ms)
[03/03/2026-11:05:06] [I] Average on 10 runs - GPU latency: 0.260205 ms - Host latency: 0.260205 ms (enqueue 0.0999756 ms)
[03/03/2026-11:05:06] [I] Average on 10 runs - GPU latency: 0.261621 ms - Host latency: 0.261621 ms (enqueue 0.0983643 ms)
[03/03/2026-11:05:06] [I] Average on 10 runs - GPU latency: 0.262134 ms - Host latency: 0.262134 ms (enqueue 0.0967773 ms)
[03/03/2026-11:05:06] [I] Average on 10 runs - GPU latency: 0.258691 ms - Host latency: 0.258691 ms (enqueue 0.100708 ms)
[03/03/2026-11:05:06] [I] Average on 10 runs - GPU latency: 0.260645 ms - Host latency: 0.260645 ms (enqueue 0.0983887 ms)
[03/03/2026-11:05:06] [I] Average on 10 runs - GPU latency: 0.261133 ms - Host latency: 0.261133 ms (enqueue 0.0994629 ms)
[03/03/2026-11:05:06] [I] Average on 10 runs - GPU latency: 0.261011 ms - Host latency: 0.261011 ms (enqueue 0.0990967 ms)
[03/03/2026-11:05:06] [I] Average on 10 runs - GPU latency: 0.261279 ms - Host latency: 0.261279 ms (enqueue 0.0960938 ms)
[03/03/2026-11:05:06] [I] Average on 10 runs - GPU latency: 0.260913 ms - Host latency: 0.260913 ms (enqueue 0.0962158 ms)
[03/03/2026-11:05:06] [I] Average on 10 runs - GPU latency: 0.260303 ms - Host latency: 0.260303 ms (enqueue 0.0967773 ms)
[03/03/2026-11:05:06] [I] Average on 10 runs - GPU latency: 0.260205 ms - Host latency: 0.260205 ms (enqueue 0.0977295 ms)
[03/03/2026-11:05:06] [I] Average on 10 runs - GPU latency: 0.26145 ms - Host latency: 0.26145 ms (enqueue 0.0994141 ms)
[03/03/2026-11:05:06] [I] Average on 10 runs - GPU latency: 0.260889 ms - Host latency: 0.260889 ms (enqueue 0.0982422 ms)
[03/03/2026-11:05:06] [I] Average on 10 runs - GPU latency: 0.261035 ms - Host latency: 0.261035 ms (enqueue 0.101514 ms)
[03/03/2026-11:05:06] [I] Average on 10 runs - GPU latency: 0.261255 ms - Host latency: 0.261255 ms (enqueue 0.0960938 ms)
[03/03/2026-11:05:06] [I] Average on 10 runs - GPU latency: 0.259985 ms - Host latency: 0.259985 ms (enqueue 0.09729 ms)
[03/03/2026-11:05:06] [I] Average on 10 runs - GPU latency: 0.259595 ms - Host latency: 0.259595 ms (enqueue 0.0982666 ms)
[03/03/2026-11:05:06] [I] Average on 10 runs - GPU latency: 0.261157 ms - Host latency: 0.261157 ms (enqueue 0.0977295 ms)
[03/03/2026-11:05:06] [I] Average on 10 runs - GPU latency: 0.261426 ms - Host latency: 0.261426 ms (enqueue 0.0989014 ms)
[03/03/2026-11:05:06] [I] Average on 10 runs - GPU latency: 0.259521 ms - Host latency: 0.259521 ms (enqueue 0.098877 ms)
[03/03/2026-11:05:06] [I] Average on 10 runs - GPU latency: 0.260718 ms - Host latency: 0.260718 ms (enqueue 0.0977783 ms)
[03/03/2026-11:05:06] [I] Average on 10 runs - GPU latency: 0.260254 ms - Host latency: 0.260254 ms (enqueue 0.102563 ms)
[03/03/2026-11:05:06] [I] Average on 10 runs - GPU latency: 0.261621 ms - Host latency: 0.261621 ms (enqueue 0.10144 ms)
[03/03/2026-11:05:06] [I] Average on 10 runs - GPU latency: 0.26001 ms - Host latency: 0.26001 ms (enqueue 0.0972412 ms)
[03/03/2026-11:05:06] [I] Average on 10 runs - GPU latency: 0.260498 ms - Host latency: 0.260498 ms (enqueue 0.0992676 ms)
[03/03/2026-11:05:06] [I] Average on 10 runs - GPU latency: 0.260181 ms - Host latency: 0.260181 ms (enqueue 0.0983643 ms)
[03/03/2026-11:05:06] [I] Average on 10 runs - GPU latency: 0.26062 ms - Host latency: 0.26062 ms (enqueue 0.0955811 ms)
[03/03/2026-11:05:06] [I] Average on 10 runs - GPU latency: 0.262354 ms - Host latency: 0.262354 ms (enqueue 0.0979248 ms)
[03/03/2026-11:05:06] [I] Average on 10 runs - GPU latency: 0.260938 ms - Host latency: 0.260938 ms (enqueue 0.095459 ms)
[03/03/2026-11:05:06] [I] Average on 10 runs - GPU latency: 0.262012 ms - Host latency: 0.262012 ms (enqueue 0.0973633 ms)
[03/03/2026-11:05:06] [I] Average on 10 runs - GPU latency: 0.260742 ms - Host latency: 0.260742 ms (enqueue 0.0973633 ms)
[03/03/2026-11:05:06] [I] Average on 10 runs - GPU latency: 0.260986 ms - Host latency: 0.260986 ms (enqueue 0.0981201 ms)
[03/03/2026-11:05:06] [I] Average on 10 runs - GPU latency: 0.260791 ms - Host latency: 0.260791 ms (enqueue 0.100342 ms)
[03/03/2026-11:05:06] [I] Average on 10 runs - GPU latency: 0.259985 ms - Host latency: 0.259985 ms (enqueue 0.0987793 ms)
[03/03/2026-11:05:06] [I] Average on 10 runs - GPU latency: 0.260889 ms - Host latency: 0.260889 ms (enqueue 0.0992432 ms)
[03/03/2026-11:05:06] [I] Average on 10 runs - GPU latency: 0.259351 ms - Host latency: 0.259351 ms (enqueue 0.102832 ms)
[03/03/2026-11:05:06] [I] Average on 10 runs - GPU latency: 0.260986 ms - Host latency: 0.260986 ms (enqueue 0.0980225 ms)
[03/03/2026-11:05:06] [I] Average on 10 runs - GPU latency: 0.260254 ms - Host latency: 0.260254 ms (enqueue 0.100732 ms)
[03/03/2026-11:05:06] [I] Average on 10 runs - GPU latency: 0.260278 ms - Host latency: 0.260278 ms (enqueue 0.097998 ms)
[03/03/2026-11:05:06] [I] Average on 10 runs - GPU latency: 0.262354 ms - Host latency: 0.262354 ms (enqueue 0.0940674 ms)
[03/03/2026-11:05:06] [I] Average on 10 runs - GPU latency: 0.260498 ms - Host latency: 0.260498 ms (enqueue 0.094873 ms)
[03/03/2026-11:05:06] [I] Average on 10 runs - GPU latency: 0.260718 ms - Host latency: 0.260718 ms (enqueue 0.0980957 ms)
[03/03/2026-11:05:06] [I] Average on 10 runs - GPU latency: 0.262476 ms - Host latency: 0.262476 ms (enqueue 0.0966797 ms)
[03/03/2026-11:05:06] [I] Average on 10 runs - GPU latency: 0.260425 ms - Host latency: 0.260425 ms (enqueue 0.0981689 ms)
[03/03/2026-11:05:06] [I] Average on 10 runs - GPU latency: 0.260767 ms - Host latency: 0.260767 ms (enqueue 0.0994141 ms)
[03/03/2026-11:05:06] [I] Average on 10 runs - GPU latency: 0.259741 ms - Host latency: 0.259741 ms (enqueue 0.0962646 ms)
[03/03/2026-11:05:06] [I] Average on 10 runs - GPU latency: 0.262891 ms - Host latency: 0.262891 ms (enqueue 0.0993652 ms)
[03/03/2026-11:05:06] [I] Average on 10 runs - GPU latency: 0.260132 ms - Host latency: 0.260132 ms (enqueue 0.102148 ms)
[03/03/2026-11:05:06] [I] Average on 10 runs - GPU latency: 0.260889 ms - Host latency: 0.260889 ms (enqueue 0.0987793 ms)
[03/03/2026-11:05:06] [I] Average on 10 runs - GPU latency: 0.259644 ms - Host latency: 0.259644 ms (enqueue 0.0967773 ms)
[03/03/2026-11:05:06] [I] Average on 10 runs - GPU latency: 0.259204 ms - Host latency: 0.259204 ms (enqueue 0.103223 ms)
[03/03/2026-11:05:06] [I] Average on 10 runs - GPU latency: 0.260254 ms - Host latency: 0.260254 ms (enqueue 0.0938965 ms)
[03/03/2026-11:05:06] [I] Average on 10 runs - GPU latency: 0.260327 ms - Host latency: 0.260327 ms (enqueue 0.0999512 ms)
[03/03/2026-11:05:06] [I] Average on 10 runs - GPU latency: 0.261816 ms - Host latency: 0.261816 ms (enqueue 0.100732 ms)
[03/03/2026-11:05:06] [I] Average on 10 runs - GPU latency: 0.260522 ms - Host latency: 0.260522 ms (enqueue 0.0996582 ms)
[03/03/2026-11:05:06] [I] Average on 10 runs - GPU latency: 0.261084 ms - Host latency: 0.261084 ms (enqueue 0.0948975 ms)
[03/03/2026-11:05:06] [I] Average on 10 runs - GPU latency: 0.260059 ms - Host latency: 0.260059 ms (enqueue 0.0971924 ms)
[03/03/2026-11:05:06] [I] Average on 10 runs - GPU latency: 0.26189 ms - Host latency: 0.26189 ms (enqueue 0.0969727 ms)
[03/03/2026-11:05:06] [I] Average on 10 runs - GPU latency: 0.261426 ms - Host latency: 0.261426 ms (enqueue 0.0980225 ms)
[03/03/2026-11:05:06] [I] Average on 10 runs - GPU latency: 0.260645 ms - Host latency: 0.260645 ms (enqueue 0.103394 ms)
[03/03/2026-11:05:06] [I] Average on 10 runs - GPU latency: 0.260864 ms - Host latency: 0.260864 ms (enqueue 0.0947998 ms)
[03/03/2026-11:05:06] [I] Average on 10 runs - GPU latency: 0.26145 ms - Host latency: 0.26145 ms (enqueue 0.0942627 ms)
[03/03/2026-11:05:06] [I] Average on 10 runs - GPU latency: 0.261011 ms - Host latency: 0.261011 ms (enqueue 0.0947021 ms)
[03/03/2026-11:05:06] [I] Average on 10 runs - GPU latency: 0.262012 ms - Host latency: 0.262012 ms (enqueue 0.0926514 ms)
[03/03/2026-11:05:06] [I] Average on 10 runs - GPU latency: 0.262451 ms - Host latency: 0.262451 ms (enqueue 0.0973145 ms)
[03/03/2026-11:05:06] [I] Average on 10 runs - GPU latency: 0.262134 ms - Host latency: 0.262134 ms (enqueue 0.0966064 ms)
[03/03/2026-11:05:06] [I] Average on 10 runs - GPU latency: 0.260498 ms - Host latency: 0.260498 ms (enqueue 0.0976318 ms)
[03/03/2026-11:05:06] [I] Average on 10 runs - GPU latency: 0.26145 ms - Host latency: 0.26145 ms (enqueue 0.101514 ms)
[03/03/2026-11:05:06] [I] Average on 10 runs - GPU latency: 0.261279 ms - Host latency: 0.261279 ms (enqueue 0.0956055 ms)
[03/03/2026-11:05:06] [I] Average on 10 runs - GPU latency: 0.260132 ms - Host latency: 0.260132 ms (enqueue 0.100195 ms)
[03/03/2026-11:05:06] [I] Average on 10 runs - GPU latency: 0.261475 ms - Host latency: 0.261475 ms (enqueue 0.0976318 ms)
[03/03/2026-11:05:06] [I] Average on 10 runs - GPU latency: 0.259155 ms - Host latency: 0.259155 ms (enqueue 0.0984375 ms)
[03/03/2026-11:05:06] [I] Average on 10 runs - GPU latency: 0.261157 ms - Host latency: 0.261157 ms (enqueue 0.0999268 ms)
[03/03/2026-11:05:06] [I] Average on 10 runs - GPU latency: 0.260425 ms - Host latency: 0.260425 ms (enqueue 0.0991699 ms)
[03/03/2026-11:05:06] [I] Average on 10 runs - GPU latency: 0.260303 ms - Host latency: 0.260303 ms (enqueue 0.0944092 ms)
[03/03/2026-11:05:06] [I] Average on 10 runs - GPU latency: 0.260767 ms - Host latency: 0.260767 ms (enqueue 0.0974121 ms)
[03/03/2026-11:05:06] [I] Average on 10 runs - GPU latency: 0.261816 ms - Host latency: 0.261816 ms (enqueue 0.0995605 ms)
[03/03/2026-11:05:06] [I] Average on 10 runs - GPU latency: 0.25957 ms - Host latency: 0.25957 ms (enqueue 0.099292 ms)
[03/03/2026-11:05:06] [I] Average on 10 runs - GPU latency: 0.259521 ms - Host latency: 0.259521 ms (enqueue 0.101587 ms)
[03/03/2026-11:05:06] [I] Average on 10 runs - GPU latency: 0.259473 ms - Host latency: 0.259473 ms (enqueue 0.100659 ms)
[03/03/2026-11:05:06] [I] Average on 10 runs - GPU latency: 0.260083 ms - Host latency: 0.260083 ms (enqueue 0.0984131 ms)
[03/03/2026-11:05:06] [I] Average on 10 runs - GPU latency: 0.260303 ms - Host latency: 0.260303 ms (enqueue 0.100439 ms)
[03/03/2026-11:05:06] [I] Average on 10 runs - GPU latency: 0.259619 ms - Host latency: 0.259619 ms (enqueue 0.0983887 ms)
[03/03/2026-11:05:06] [I] Average on 10 runs - GPU latency: 0.260132 ms - Host latency: 0.260132 ms (enqueue 0.102563 ms)
[03/03/2026-11:05:06] [I] Average on 10 runs - GPU latency: 0.260645 ms - Host latency: 0.260645 ms (enqueue 0.100342 ms)
[03/03/2026-11:05:06] [I] Average on 10 runs - GPU latency: 0.259546 ms - Host latency: 0.259546 ms (enqueue 0.106274 ms)
[03/03/2026-11:05:06] [I] Average on 10 runs - GPU latency: 0.260205 ms - Host latency: 0.260205 ms (enqueue 0.0986328 ms)
[03/03/2026-11:05:06] [I] Average on 10 runs - GPU latency: 0.260913 ms - Host latency: 0.260913 ms (enqueue 0.0977051 ms)
[03/03/2026-11:05:06] [I] Average on 10 runs - GPU latency: 0.259985 ms - Host latency: 0.259985 ms (enqueue 0.0971924 ms)
[03/03/2026-11:05:06] [I] Average on 10 runs - GPU latency: 0.259302 ms - Host latency: 0.259302 ms (enqueue 0.103857 ms)
[03/03/2026-11:05:06] [I] Average on 10 runs - GPU latency: 0.26001 ms - Host latency: 0.26001 ms (enqueue 0.100879 ms)
[03/03/2026-11:05:06] [I] Average on 10 runs - GPU latency: 0.262256 ms - Host latency: 0.262256 ms (enqueue 0.0994629 ms)
[03/03/2026-11:05:06] [I] Average on 10 runs - GPU latency: 0.261182 ms - Host latency: 0.261182 ms (enqueue 0.0984863 ms)
[03/03/2026-11:05:06] [I] Average on 10 runs - GPU latency: 0.260132 ms - Host latency: 0.260132 ms (enqueue 0.101562 ms)
[03/03/2026-11:05:06] [I] Average on 10 runs - GPU latency: 0.2625 ms - Host latency: 0.2625 ms (enqueue 0.0984131 ms)
[03/03/2026-11:05:06] [I] Average on 10 runs - GPU latency: 0.261816 ms - Host latency: 0.261816 ms (enqueue 0.0989746 ms)
[03/03/2026-11:05:06] [I] Average on 10 runs - GPU latency: 0.259521 ms - Host latency: 0.259521 ms (enqueue 0.0971924 ms)
[03/03/2026-11:05:06] [I] Average on 10 runs - GPU latency: 0.260864 ms - Host latency: 0.260864 ms (enqueue 0.0971436 ms)
[03/03/2026-11:05:06] [I] Average on 10 runs - GPU latency: 0.262427 ms - Host latency: 0.262427 ms (enqueue 0.0943359 ms)
[03/03/2026-11:05:06] [I] Average on 10 runs - GPU latency: 0.260938 ms - Host latency: 0.260938 ms (enqueue 0.100195 ms)
[03/03/2026-11:05:06] [I] Average on 10 runs - GPU latency: 0.261621 ms - Host latency: 0.261621 ms (enqueue 0.0980713 ms)
[03/03/2026-11:05:06] [I] Average on 10 runs - GPU latency: 0.260913 ms - Host latency: 0.260913 ms (enqueue 0.096582 ms)
[03/03/2026-11:05:06] [I] Average on 10 runs - GPU latency: 0.261279 ms - Host latency: 0.261279 ms (enqueue 0.0984619 ms)
[03/03/2026-11:05:06] [I] Average on 10 runs - GPU latency: 0.261475 ms - Host latency: 0.261475 ms (enqueue 0.100977 ms)
[03/03/2026-11:05:06] [I] Average on 10 runs - GPU latency: 0.261963 ms - Host latency: 0.261963 ms (enqueue 0.0927246 ms)
[03/03/2026-11:05:06] [I] Average on 10 runs - GPU latency: 0.26084 ms - Host latency: 0.26084 ms (enqueue 0.101489 ms)
[03/03/2026-11:05:06] [I] Average on 10 runs - GPU latency: 0.260596 ms - Host latency: 0.260596 ms (enqueue 0.0993408 ms)
[03/03/2026-11:05:06] [I] Average on 10 runs - GPU latency: 0.262305 ms - Host latency: 0.262305 ms (enqueue 0.0955078 ms)
[03/03/2026-11:05:06] [I] Average on 10 runs - GPU latency: 0.261108 ms - Host latency: 0.261108 ms (enqueue 0.0973877 ms)
[03/03/2026-11:05:06] [I] Average on 10 runs - GPU latency: 0.2604 ms - Host latency: 0.2604 ms (enqueue 0.0997803 ms)
[03/03/2026-11:05:06] [I] Average on 10 runs - GPU latency: 0.261523 ms - Host latency: 0.261523 ms (enqueue 0.0964844 ms)
[03/03/2026-11:05:06] [I] Average on 10 runs - GPU latency: 0.262524 ms - Host latency: 0.262524 ms (enqueue 0.096582 ms)
[03/03/2026-11:05:06] [I] Average on 10 runs - GPU latency: 0.261328 ms - Host latency: 0.261328 ms (enqueue 0.0968262 ms)
[03/03/2026-11:05:06] [I] Average on 10 runs - GPU latency: 0.260205 ms - Host latency: 0.260205 ms (enqueue 0.0993164 ms)
[03/03/2026-11:05:06] [I] Average on 10 runs - GPU latency: 0.26084 ms - Host latency: 0.26084 ms (enqueue 0.0993652 ms)
[03/03/2026-11:05:06] [I] Average on 10 runs - GPU latency: 0.261401 ms - Host latency: 0.261401 ms (enqueue 0.096875 ms)
[03/03/2026-11:05:06] [I] Average on 10 runs - GPU latency: 0.259985 ms - Host latency: 0.259985 ms (enqueue 0.10144 ms)
[03/03/2026-11:05:06] [I] Average on 10 runs - GPU latency: 0.260645 ms - Host latency: 0.260645 ms (enqueue 0.0988525 ms)
[03/03/2026-11:05:06] [I] Average on 10 runs - GPU latency: 0.262183 ms - Host latency: 0.262183 ms (enqueue 0.0941162 ms)
[03/03/2026-11:05:06] [I] Average on 10 runs - GPU latency: 0.261084 ms - Host latency: 0.261084 ms (enqueue 0.0976562 ms)
[03/03/2026-11:05:06] [I] Average on 10 runs - GPU latency: 0.258423 ms - Host latency: 0.258423 ms (enqueue 0.101392 ms)
[03/03/2026-11:05:06] [I] Average on 10 runs - GPU latency: 0.261792 ms - Host latency: 0.261792 ms (enqueue 0.0962158 ms)
[03/03/2026-11:05:06] [I] Average on 10 runs - GPU latency: 0.260986 ms - Host latency: 0.260986 ms (enqueue 0.0948486 ms)
[03/03/2026-11:05:06] [I] Average on 10 runs - GPU latency: 0.259497 ms - Host latency: 0.259497 ms (enqueue 0.0978027 ms)
[03/03/2026-11:05:06] [I] Average on 10 runs - GPU latency: 0.261621 ms - Host latency: 0.261621 ms (enqueue 0.0985352 ms)
[03/03/2026-11:05:06] [I] Average on 10 runs - GPU latency: 0.259937 ms - Host latency: 0.259937 ms (enqueue 0.0984619 ms)
[03/03/2026-11:05:06] [I] Average on 10 runs - GPU latency: 0.26062 ms - Host latency: 0.26062 ms (enqueue 0.0968994 ms)
[03/03/2026-11:05:06] [I] Average on 10 runs - GPU latency: 0.260718 ms - Host latency: 0.260718 ms (enqueue 0.101025 ms)
[03/03/2026-11:05:06] [I] Average on 10 runs - GPU latency: 0.261035 ms - Host latency: 0.261035 ms (enqueue 0.0966797 ms)
[03/03/2026-11:05:06] [I] Average on 10 runs - GPU latency: 0.261597 ms - Host latency: 0.261597 ms (enqueue 0.0975586 ms)
[03/03/2026-11:05:06] [I] Average on 10 runs - GPU latency: 0.261914 ms - Host latency: 0.261914 ms (enqueue 0.0955078 ms)
[03/03/2026-11:05:06] [I] Average on 10 runs - GPU latency: 0.260498 ms - Host latency: 0.260498 ms (enqueue 0.094458 ms)
[03/03/2026-11:05:06] [I] Average on 10 runs - GPU latency: 0.261597 ms - Host latency: 0.261597 ms (enqueue 0.0930908 ms)
[03/03/2026-11:05:06] [I] Average on 10 runs - GPU latency: 0.261621 ms - Host latency: 0.261621 ms (enqueue 0.103442 ms)
[03/03/2026-11:05:06] [I] Average on 10 runs - GPU latency: 0.260889 ms - Host latency: 0.260889 ms (enqueue 0.100122 ms)
[03/03/2026-11:05:06] [I] Average on 10 runs - GPU latency: 0.260767 ms - Host latency: 0.260767 ms (enqueue 0.0993164 ms)
[03/03/2026-11:05:06] [I] Average on 10 runs - GPU latency: 0.261206 ms - Host latency: 0.261206 ms (enqueue 0.0968506 ms)
[03/03/2026-11:05:06] [I] Average on 10 runs - GPU latency: 0.26167 ms - Host latency: 0.26167 ms (enqueue 0.100513 ms)
[03/03/2026-11:05:06] [I] Average on 10 runs - GPU latency: 0.261011 ms - Host latency: 0.261011 ms (enqueue 0.100928 ms)
[03/03/2026-11:05:06] [I] Average on 10 runs - GPU latency: 0.261645 ms - Host latency: 0.261645 ms (enqueue 0.0955322 ms)
[03/03/2026-11:05:06] [I] Average on 10 runs - GPU latency: 0.261182 ms - Host latency: 0.261182 ms (enqueue 0.0954102 ms)
[03/03/2026-11:05:06] [I] Average on 10 runs - GPU latency: 0.259521 ms - Host latency: 0.259521 ms (enqueue 0.0998779 ms)
[03/03/2026-11:05:06] [I] Average on 10 runs - GPU latency: 0.261963 ms - Host latency: 0.261963 ms (enqueue 0.0953857 ms)
[03/03/2026-11:05:06] [I] Average on 10 runs - GPU latency: 0.25957 ms - Host latency: 0.25957 ms (enqueue 0.0963379 ms)
[03/03/2026-11:05:06] [I] Average on 10 runs - GPU latency: 0.261597 ms - Host latency: 0.261597 ms (enqueue 0.0961914 ms)
[03/03/2026-11:05:06] [I] Average on 10 runs - GPU latency: 0.261377 ms - Host latency: 0.261377 ms (enqueue 0.0966797 ms)
[03/03/2026-11:05:06] [I] Average on 10 runs - GPU latency: 0.26272 ms - Host latency: 0.26272 ms (enqueue 0.0957275 ms)
[03/03/2026-11:05:06] [I] Average on 10 runs - GPU latency: 0.260132 ms - Host latency: 0.260132 ms (enqueue 0.0977051 ms)
[03/03/2026-11:05:06] [I] Average on 10 runs - GPU latency: 0.260645 ms - Host latency: 0.260645 ms (enqueue 0.0970459 ms)
[03/03/2026-11:05:06] [I] Average on 10 runs - GPU latency: 0.261035 ms - Host latency: 0.261035 ms (enqueue 0.0973633 ms)
[03/03/2026-11:05:06] [I] Average on 10 runs - GPU latency: 0.261401 ms - Host latency: 0.261401 ms (enqueue 0.09646 ms)
[03/03/2026-11:05:06] [I] Average on 10 runs - GPU latency: 0.260889 ms - Host latency: 0.260889 ms (enqueue 0.099292 ms)
[03/03/2026-11:05:06] [I] Average on 10 runs - GPU latency: 0.261304 ms - Host latency: 0.261304 ms (enqueue 0.0969482 ms)
[03/03/2026-11:05:06] [I] Average on 10 runs - GPU latency: 0.259961 ms - Host latency: 0.259961 ms (enqueue 0.0985352 ms)
[03/03/2026-11:05:06] [I] Average on 10 runs - GPU latency: 0.26123 ms - Host latency: 0.26123 ms (enqueue 0.100073 ms)
[03/03/2026-11:05:06] [I] Average on 10 runs - GPU latency: 0.261182 ms - Host latency: 0.261182 ms (enqueue 0.100781 ms)
[03/03/2026-11:05:06] [I] Average on 10 runs - GPU latency: 0.26084 ms - Host latency: 0.26084 ms (enqueue 0.0960693 ms)
[03/03/2026-11:05:06] [I] Average on 10 runs - GPU latency: 0.261108 ms - Host latency: 0.261108 ms (enqueue 0.100244 ms)
[03/03/2026-11:05:06] [I] Average on 10 runs - GPU latency: 0.261377 ms - Host latency: 0.261377 ms (enqueue 0.100977 ms)
[03/03/2026-11:05:06] [I] Average on 10 runs - GPU latency: 0.261426 ms - Host latency: 0.261426 ms (enqueue 0.0964844 ms)
[03/03/2026-11:05:06] [I] Average on 10 runs - GPU latency: 0.260376 ms - Host latency: 0.260376 ms (enqueue 0.0967773 ms)
[03/03/2026-11:05:06] [I] Average on 10 runs - GPU latency: 0.261719 ms - Host latency: 0.261719 ms (enqueue 0.0972412 ms)
[03/03/2026-11:05:06] [I] Average on 10 runs - GPU latency: 0.261108 ms - Host latency: 0.261108 ms (enqueue 0.0953369 ms)
[03/03/2026-11:05:06] [I] Average on 10 runs - GPU latency: 0.260205 ms - Host latency: 0.260205 ms (enqueue 0.0999268 ms)
[03/03/2026-11:05:06] [I] Average on 10 runs - GPU latency: 0.261035 ms - Host latency: 0.261035 ms (enqueue 0.0998535 ms)
[03/03/2026-11:05:06] [I] Average on 10 runs - GPU latency: 0.260596 ms - Host latency: 0.260596 ms (enqueue 0.0963135 ms)
[03/03/2026-11:05:06] [I] Average on 10 runs - GPU latency: 0.260498 ms - Host latency: 0.260498 ms (enqueue 0.102368 ms)
[03/03/2026-11:05:06] [I] Average on 10 runs - GPU latency: 0.261572 ms - Host latency: 0.261572 ms (enqueue 0.098877 ms)
[03/03/2026-11:05:06] [I] Average on 10 runs - GPU latency: 0.260059 ms - Host latency: 0.260059 ms (enqueue 0.100977 ms)
[03/03/2026-11:05:06] [I] Average on 10 runs - GPU latency: 0.260742 ms - Host latency: 0.260742 ms (enqueue 0.0944336 ms)
[03/03/2026-11:05:06] [I] Average on 10 runs - GPU latency: 0.260938 ms - Host latency: 0.260938 ms (enqueue 0.101416 ms)
[03/03/2026-11:05:06] [I] Average on 10 runs - GPU latency: 0.260449 ms - Host latency: 0.260449 ms (enqueue 0.0987549 ms)
[03/03/2026-11:05:06] [I] Average on 10 runs - GPU latency: 0.26106 ms - Host latency: 0.26106 ms (enqueue 0.0981201 ms)
[03/03/2026-11:05:06] [I] Average on 10 runs - GPU latency: 0.261426 ms - Host latency: 0.261426 ms (enqueue 0.0970215 ms)
[03/03/2026-11:05:06] [I] Average on 10 runs - GPU latency: 0.261182 ms - Host latency: 0.261182 ms (enqueue 0.0960449 ms)
[03/03/2026-11:05:06] [I] Average on 10 runs - GPU latency: 0.260156 ms - Host latency: 0.260156 ms (enqueue 0.0980469 ms)
[03/03/2026-11:05:06] [I] Average on 10 runs - GPU latency: 0.259009 ms - Host latency: 0.259009 ms (enqueue 0.10127 ms)
[03/03/2026-11:05:06] [I] Average on 10 runs - GPU latency: 0.261255 ms - Host latency: 0.261255 ms (enqueue 0.0970947 ms)
[03/03/2026-11:05:06] [I] Average on 10 runs - GPU latency: 0.260889 ms - Host latency: 0.260889 ms (enqueue 0.0975342 ms)
[03/03/2026-11:05:06] [I] Average on 10 runs - GPU latency: 0.260547 ms - Host latency: 0.260547 ms (enqueue 0.0945313 ms)
[03/03/2026-11:05:06] [I] Average on 10 runs - GPU latency: 0.260547 ms - Host latency: 0.260547 ms (enqueue 0.0978516 ms)
[03/03/2026-11:05:06] [I] Average on 10 runs - GPU latency: 0.261133 ms - Host latency: 0.261133 ms (enqueue 0.0940186 ms)
[03/03/2026-11:05:06] [I] Average on 10 runs - GPU latency: 0.260132 ms - Host latency: 0.260132 ms (enqueue 0.0953613 ms)
[03/03/2026-11:05:06] [I] Average on 10 runs - GPU latency: 0.260986 ms - Host latency: 0.260986 ms (enqueue 0.0982666 ms)
[03/03/2026-11:05:06] [I] Average on 10 runs - GPU latency: 0.260938 ms - Host latency: 0.260938 ms (enqueue 0.0983887 ms)
[03/03/2026-11:05:06] [I] Average on 10 runs - GPU latency: 0.260889 ms - Host latency: 0.260889 ms (enqueue 0.101392 ms)
[03/03/2026-11:05:06] [I] Average on 10 runs - GPU latency: 0.260962 ms - Host latency: 0.260962 ms (enqueue 0.0964111 ms)
[03/03/2026-11:05:06] [I] Average on 10 runs - GPU latency: 0.260522 ms - Host latency: 0.260522 ms (enqueue 0.0956299 ms)
[03/03/2026-11:05:06] [I] Average on 10 runs - GPU latency: 0.261963 ms - Host latency: 0.261963 ms (enqueue 0.0962158 ms)
[03/03/2026-11:05:06] [I] Average on 10 runs - GPU latency: 0.261694 ms - Host latency: 0.261694 ms (enqueue 0.094458 ms)
[03/03/2026-11:05:06] [I] Average on 10 runs - GPU latency: 0.260986 ms - Host latency: 0.260986 ms (enqueue 0.0969971 ms)
[03/03/2026-11:05:06] [I] Average on 10 runs - GPU latency: 0.261206 ms - Host latency: 0.261206 ms (enqueue 0.096875 ms)
[03/03/2026-11:05:06] [I] Average on 10 runs - GPU latency: 0.259961 ms - Host latency: 0.259961 ms (enqueue 0.0997314 ms)
[03/03/2026-11:05:06] [I] Average on 10 runs - GPU latency: 0.262158 ms - Host latency: 0.262158 ms (enqueue 0.0947998 ms)
[03/03/2026-11:05:06] [I] Average on 10 runs - GPU latency: 0.263135 ms - Host latency: 0.263135 ms (enqueue 0.0937012 ms)
[03/03/2026-11:05:06] [I] Average on 10 runs - GPU latency: 0.261816 ms - Host latency: 0.261816 ms (enqueue 0.0941162 ms)
[03/03/2026-11:05:06] [I] Average on 10 runs - GPU latency: 0.261865 ms - Host latency: 0.261865 ms (enqueue 0.0961426 ms)
[03/03/2026-11:05:06] [I] Average on 10 runs - GPU latency: 0.262012 ms - Host latency: 0.262012 ms (enqueue 0.0949951 ms)
[03/03/2026-11:05:06] [I] Average on 10 runs - GPU latency: 0.26084 ms - Host latency: 0.26084 ms (enqueue 0.0950195 ms)
[03/03/2026-11:05:06] [I] Average on 10 runs - GPU latency: 0.260864 ms - Host latency: 0.260864 ms (enqueue 0.0977539 ms)
[03/03/2026-11:05:06] [I] Average on 10 runs - GPU latency: 0.260596 ms - Host latency: 0.260596 ms (enqueue 0.0988037 ms)
[03/03/2026-11:05:06] [I] Average on 10 runs - GPU latency: 0.260938 ms - Host latency: 0.260938 ms (enqueue 0.0968018 ms)
[03/03/2026-11:05:06] [I] Average on 10 runs - GPU latency: 0.261206 ms - Host latency: 0.261206 ms (enqueue 0.0935791 ms)
[03/03/2026-11:05:06] [I] Average on 10 runs - GPU latency: 0.260742 ms - Host latency: 0.260742 ms (enqueue 0.0981201 ms)
[03/03/2026-11:05:06] [I] Average on 10 runs - GPU latency: 0.259717 ms - Host latency: 0.259717 ms (enqueue 0.100659 ms)
[03/03/2026-11:05:06] [I] Average on 10 runs - GPU latency: 0.259375 ms - Host latency: 0.259375 ms (enqueue 0.101367 ms)
[03/03/2026-11:05:06] [I] Average on 10 runs - GPU latency: 0.260327 ms - Host latency: 0.260327 ms (enqueue 0.0978516 ms)
[03/03/2026-11:05:06] [I] Average on 10 runs - GPU latency: 0.260303 ms - Host latency: 0.260303 ms (enqueue 0.101611 ms)
[03/03/2026-11:05:06] [I] Average on 10 runs - GPU latency: 0.259814 ms - Host latency: 0.259814 ms (enqueue 0.0991211 ms)
[03/03/2026-11:05:06] [I] Average on 10 runs - GPU latency: 0.25957 ms - Host latency: 0.25957 ms (enqueue 0.0976318 ms)
[03/03/2026-11:05:06] [I] Average on 10 runs - GPU latency: 0.262354 ms - Host latency: 0.262354 ms (enqueue 0.0986328 ms)
[03/03/2026-11:05:06] [I] Average on 10 runs - GPU latency: 0.260986 ms - Host latency: 0.260986 ms (enqueue 0.097583 ms)
[03/03/2026-11:05:06] [I] Average on 10 runs - GPU latency: 0.261084 ms - Host latency: 0.261084 ms (enqueue 0.09729 ms)
[03/03/2026-11:05:06] [I] Average on 10 runs - GPU latency: 0.260303 ms - Host latency: 0.260303 ms (enqueue 0.104419 ms)
[03/03/2026-11:05:06] [I] Average on 10 runs - GPU latency: 0.261743 ms - Host latency: 0.261743 ms (enqueue 0.0980469 ms)
[03/03/2026-11:05:06] [I] Average on 10 runs - GPU latency: 0.261475 ms - Host latency: 0.261475 ms (enqueue 0.0947998 ms)
[03/03/2026-11:05:06] [I] Average on 10 runs - GPU latency: 0.260864 ms - Host latency: 0.260864 ms (enqueue 0.100684 ms)
[03/03/2026-11:05:06] [I] Average on 10 runs - GPU latency: 0.260059 ms - Host latency: 0.260059 ms (enqueue 0.0974365 ms)
[03/03/2026-11:05:06] [I] Average on 10 runs - GPU latency: 0.261426 ms - Host latency: 0.261426 ms (enqueue 0.10022 ms)
[03/03/2026-11:05:06] [I] Average on 10 runs - GPU latency: 0.262085 ms - Host latency: 0.262085 ms (enqueue 0.0965576 ms)
[03/03/2026-11:05:06] [I] Average on 10 runs - GPU latency: 0.260254 ms - Host latency: 0.260254 ms (enqueue 0.0973389 ms)
[03/03/2026-11:05:06] [I] Average on 10 runs - GPU latency: 0.26106 ms - Host latency: 0.26106 ms (enqueue 0.097583 ms)
[03/03/2026-11:05:06] [I] Average on 10 runs - GPU latency: 0.261255 ms - Host latency: 0.261255 ms (enqueue 0.0950684 ms)
[03/03/2026-11:05:06] [I] Average on 10 runs - GPU latency: 0.260767 ms - Host latency: 0.260767 ms (enqueue 0.100635 ms)
[03/03/2026-11:05:06] [I] Average on 10 runs - GPU latency: 0.261182 ms - Host latency: 0.261182 ms (enqueue 0.0969238 ms)
[03/03/2026-11:05:06] [I] Average on 10 runs - GPU latency: 0.2604 ms - Host latency: 0.2604 ms (enqueue 0.0989014 ms)
[03/03/2026-11:05:06] [I] Average on 10 runs - GPU latency: 0.26062 ms - Host latency: 0.26062 ms (enqueue 0.100098 ms)
[03/03/2026-11:05:06] [I] Average on 10 runs - GPU latency: 0.260645 ms - Host latency: 0.260645 ms (enqueue 0.0963135 ms)
[03/03/2026-11:05:06] [I] Average on 10 runs - GPU latency: 0.260352 ms - Host latency: 0.260352 ms (enqueue 0.0999268 ms)
[03/03/2026-11:05:06] [I] Average on 10 runs - GPU latency: 0.261011 ms - Host latency: 0.261011 ms (enqueue 0.0932617 ms)
[03/03/2026-11:05:06] [I] Average on 10 runs - GPU latency: 0.260522 ms - Host latency: 0.260522 ms (enqueue 0.0976807 ms)
[03/03/2026-11:05:06] [I] Average on 10 runs - GPU latency: 0.261108 ms - Host latency: 0.261108 ms (enqueue 0.0981445 ms)
[03/03/2026-11:05:06] [I] Average on 10 runs - GPU latency: 0.261768 ms - Host latency: 0.261768 ms (enqueue 0.0930664 ms)
[03/03/2026-11:05:06] [I] Average on 10 runs - GPU latency: 0.259229 ms - Host latency: 0.259229 ms (enqueue 0.103052 ms)
[03/03/2026-11:05:06] [I] Average on 10 runs - GPU latency: 0.260864 ms - Host latency: 0.260864 ms (enqueue 0.0987549 ms)
[03/03/2026-11:05:06] [I] Average on 10 runs - GPU latency: 0.26123 ms - Host latency: 0.26123 ms (enqueue 0.0947266 ms)
[03/03/2026-11:05:06] [I] Average on 10 runs - GPU latency: 0.260913 ms - Host latency: 0.260913 ms (enqueue 0.0970703 ms)
[03/03/2026-11:05:06] [I] Average on 10 runs - GPU latency: 0.261353 ms - Host latency: 0.261353 ms (enqueue 0.0994629 ms)
[03/03/2026-11:05:06] [I] Average on 10 runs - GPU latency: 0.259961 ms - Host latency: 0.259961 ms (enqueue 0.0986328 ms)
[03/03/2026-11:05:06] [I] Average on 10 runs - GPU latency: 0.260718 ms - Host latency: 0.260718 ms (enqueue 0.0961182 ms)
[03/03/2026-11:05:06] [I] Average on 10 runs - GPU latency: 0.260742 ms - Host latency: 0.260742 ms (enqueue 0.101025 ms)
[03/03/2026-11:05:06] [I] Average on 10 runs - GPU latency: 0.26145 ms - Host latency: 0.26145 ms (enqueue 0.0952881 ms)
[03/03/2026-11:05:06] [I] Average on 10 runs - GPU latency: 0.259814 ms - Host latency: 0.259814 ms (enqueue 0.0993164 ms)
[03/03/2026-11:05:06] [I] Average on 10 runs - GPU latency: 0.261011 ms - Host latency: 0.261011 ms (enqueue 0.100562 ms)
[03/03/2026-11:05:06] [I] Average on 10 runs - GPU latency: 0.261914 ms - Host latency: 0.261914 ms (enqueue 0.094751 ms)
[03/03/2026-11:05:06] [I] Average on 10 runs - GPU latency: 0.259888 ms - Host latency: 0.259888 ms (enqueue 0.0982422 ms)
[03/03/2026-11:05:06] [I] Average on 10 runs - GPU latency: 0.260474 ms - Host latency: 0.260474 ms (enqueue 0.101001 ms)
[03/03/2026-11:05:06] [I] Average on 10 runs - GPU latency: 0.261621 ms - Host latency: 0.261621 ms (enqueue 0.0955811 ms)
[03/03/2026-11:05:06] [I] Average on 10 runs - GPU latency: 0.260913 ms - Host latency: 0.260913 ms (enqueue 0.0972412 ms)
[03/03/2026-11:05:06] [I] Average on 10 runs - GPU latency: 0.26084 ms - Host latency: 0.26084 ms (enqueue 0.0937988 ms)
[03/03/2026-11:05:06] [I] Average on 10 runs - GPU latency: 0.261841 ms - Host latency: 0.261841 ms (enqueue 0.0946777 ms)
[03/03/2026-11:05:06] [I] Average on 10 runs - GPU latency: 0.261475 ms - Host latency: 0.261475 ms (enqueue 0.0962891 ms)
[03/03/2026-11:05:06] [I] Average on 10 runs - GPU latency: 0.259863 ms - Host latency: 0.259863 ms (enqueue 0.0981445 ms)
[03/03/2026-11:05:06] [I] Average on 10 runs - GPU latency: 0.260132 ms - Host latency: 0.260132 ms (enqueue 0.100684 ms)
[03/03/2026-11:05:06] [I] Average on 10 runs - GPU latency: 0.259766 ms - Host latency: 0.259766 ms (enqueue 0.101758 ms)
[03/03/2026-11:05:06] [I] Average on 10 runs - GPU latency: 0.260938 ms - Host latency: 0.260938 ms (enqueue 0.0953125 ms)
[03/03/2026-11:05:06] [I] Average on 10 runs - GPU latency: 0.261645 ms - Host latency: 0.261645 ms (enqueue 0.101904 ms)
[03/03/2026-11:05:06] [I] Average on 10 runs - GPU latency: 0.261816 ms - Host latency: 0.261816 ms (enqueue 0.0955078 ms)
[03/03/2026-11:05:06] [I] Average on 10 runs - GPU latency: 0.261157 ms - Host latency: 0.261157 ms (enqueue 0.0983887 ms)
[03/03/2026-11:05:06] [I] Average on 10 runs - GPU latency: 0.261426 ms - Host latency: 0.261426 ms (enqueue 0.0957031 ms)
[03/03/2026-11:05:06] [I] Average on 10 runs - GPU latency: 0.260083 ms - Host latency: 0.260083 ms (enqueue 0.0987061 ms)
[03/03/2026-11:05:06] [I] Average on 10 runs - GPU latency: 0.259839 ms - Host latency: 0.259839 ms (enqueue 0.100146 ms)
[03/03/2026-11:05:06] [I] Average on 10 runs - GPU latency: 0.258643 ms - Host latency: 0.258643 ms (enqueue 0.100903 ms)
[03/03/2026-11:05:06] [I] Average on 10 runs - GPU latency: 0.26001 ms - Host latency: 0.26001 ms (enqueue 0.0999756 ms)
[03/03/2026-11:05:06] [I] Average on 10 runs - GPU latency: 0.261353 ms - Host latency: 0.261353 ms (enqueue 0.0968262 ms)
[03/03/2026-11:05:06] [I] Average on 10 runs - GPU latency: 0.261597 ms - Host latency: 0.261597 ms (enqueue 0.0979248 ms)
[03/03/2026-11:05:06] [I] Average on 10 runs - GPU latency: 0.26145 ms - Host latency: 0.26145 ms (enqueue 0.0981201 ms)
[03/03/2026-11:05:06] [I] Average on 10 runs - GPU latency: 0.261255 ms - Host latency: 0.261255 ms (enqueue 0.0997559 ms)
[03/03/2026-11:05:06] [I] Average on 10 runs - GPU latency: 0.261597 ms - Host latency: 0.261597 ms (enqueue 0.0958252 ms)
[03/03/2026-11:05:06] [I] Average on 10 runs - GPU latency: 0.259692 ms - Host latency: 0.259692 ms (enqueue 0.0983398 ms)
[03/03/2026-11:05:06] [I] Average on 10 runs - GPU latency: 0.26106 ms - Host latency: 0.26106 ms (enqueue 0.0958496 ms)
[03/03/2026-11:05:06] [I] Average on 10 runs - GPU latency: 0.260669 ms - Host latency: 0.260669 ms (enqueue 0.099585 ms)
[03/03/2026-11:05:06] [I] Average on 10 runs - GPU latency: 0.259888 ms - Host latency: 0.259888 ms (enqueue 0.101807 ms)
[03/03/2026-11:05:06] [I] Average on 10 runs - GPU latency: 0.260742 ms - Host latency: 0.260742 ms (enqueue 0.0941162 ms)
[03/03/2026-11:05:06] [I] Average on 10 runs - GPU latency: 0.260693 ms - Host latency: 0.260693 ms (enqueue 0.0976074 ms)
[03/03/2026-11:05:06] [I] Average on 10 runs - GPU latency: 0.260815 ms - Host latency: 0.260815 ms (enqueue 0.0969482 ms)
[03/03/2026-11:05:06] [I] Average on 10 runs - GPU latency: 0.261719 ms - Host latency: 0.261719 ms (enqueue 0.0949463 ms)
[03/03/2026-11:05:06] [I] Average on 10 runs - GPU latency: 0.261133 ms - Host latency: 0.261133 ms (enqueue 0.0991943 ms)
[03/03/2026-11:05:06] [I] Average on 10 runs - GPU latency: 0.260596 ms - Host latency: 0.260596 ms (enqueue 0.101489 ms)
[03/03/2026-11:05:06] [I] Average on 10 runs - GPU latency: 0.260962 ms - Host latency: 0.260962 ms (enqueue 0.0981445 ms)
[03/03/2026-11:05:06] [I] Average on 10 runs - GPU latency: 0.260254 ms - Host latency: 0.260254 ms (enqueue 0.101855 ms)
[03/03/2026-11:05:06] [I] Average on 10 runs - GPU latency: 0.260547 ms - Host latency: 0.260547 ms (enqueue 0.101562 ms)
[03/03/2026-11:05:06] [I] Average on 10 runs - GPU latency: 0.261304 ms - Host latency: 0.261304 ms (enqueue 0.0994141 ms)
[03/03/2026-11:05:06] [I] 
[03/03/2026-11:05:06] [I] === Performance summary ===
[03/03/2026-11:05:06] [I] Throughput: 3806.55 qps
[03/03/2026-11:05:06] [I] Latency: min = 0.249268 ms, max = 0.275635 ms, mean = 0.260759 ms, median = 0.260498 ms, percentile(90%) = 0.26416 ms, percentile(95%) = 0.264954 ms, percentile(99%) = 0.266357 ms
[03/03/2026-11:05:06] [I] Enqueue Time: min = 0.0800781 ms, max = 0.140198 ms, mean = 0.0984498 ms, median = 0.0961304 ms, percentile(90%) = 0.108887 ms, percentile(95%) = 0.111572 ms, percentile(99%) = 0.11853 ms
[03/03/2026-11:05:06] [I] H2D Latency: min = 0 ms, max = 0 ms, mean = 0 ms, median = 0 ms, percentile(90%) = 0 ms, percentile(95%) = 0 ms, percentile(99%) = 0 ms
[03/03/2026-11:05:06] [I] GPU Compute Time: min = 0.249268 ms, max = 0.275635 ms, mean = 0.260759 ms, median = 0.260498 ms, percentile(90%) = 0.26416 ms, percentile(95%) = 0.264954 ms, percentile(99%) = 0.266357 ms
[03/03/2026-11:05:06] [I] D2H Latency: min = 0 ms, max = 0 ms, mean = 0 ms, median = 0 ms, percentile(90%) = 0 ms, percentile(95%) = 0 ms, percentile(99%) = 0 ms
[03/03/2026-11:05:06] [I] Total Host Walltime: 3.00035 s
[03/03/2026-11:05:06] [I] Total GPU Compute Time: 2.97813 s
[03/03/2026-11:05:06] [I] Explanations of the performance metrics are printed in the verbose logs.
[03/03/2026-11:05:06] [I] 
&&&& PASSED TensorRT.trtexec [TensorRT v8502] # /usr/src/tensorrt/bin/trtexec --onnx=/home/user/Edge-ML/models/v5/TCN/bs32/TCN.onnx --saveEngine=/home/user/Edge-ML/models/v5/TCN/bs32/TCN_fp32.engine --exportLayerInfo=/home/user/Edge-ML/models/v5/TCN/bs32/logs/quantisation_fp32_layers.json --memPoolSize=workspace:4096MiB --tacticSources=+CUBLAS,+CUBLAS_LT,+CUDNN --noDataTransfers
