/usr/src/tensorrt/bin/trtexec --onnx=/home/user/Edge-ML/models/v5/TCN/bs32/TCN.onnx --saveEngine=/home/user/Edge-ML/models/v5/TCN/bs32/TCN_fp16.engine --fp16 --exportLayerInfo=/home/user/Edge-ML/models/v5/TCN/bs32/logs/quantisation_fp16_layers.json --memPoolSize=workspace:4096MiB --tacticSources=+CUBLAS,+CUBLAS_LT,+CUDNN --noDataTransfers

&&&& RUNNING TensorRT.trtexec [TensorRT v8502] # /usr/src/tensorrt/bin/trtexec --onnx=/home/user/Edge-ML/models/v5/TCN/bs32/TCN.onnx --saveEngine=/home/user/Edge-ML/models/v5/TCN/bs32/TCN_fp16.engine --fp16 --exportLayerInfo=/home/user/Edge-ML/models/v5/TCN/bs32/logs/quantisation_fp16_layers.json --memPoolSize=workspace:4096MiB --tacticSources=+CUBLAS,+CUBLAS_LT,+CUDNN --noDataTransfers
[03/03/2026-11:05:07] [I] === Model Options ===
[03/03/2026-11:05:07] [I] Format: ONNX
[03/03/2026-11:05:07] [I] Model: /home/user/Edge-ML/models/v5/TCN/bs32/TCN.onnx
[03/03/2026-11:05:07] [I] Output:
[03/03/2026-11:05:07] [I] === Build Options ===
[03/03/2026-11:05:07] [I] Max batch: explicit batch
[03/03/2026-11:05:07] [I] Memory Pools: workspace: 4096 MiB, dlaSRAM: default, dlaLocalDRAM: default, dlaGlobalDRAM: default
[03/03/2026-11:05:07] [I] minTiming: 1
[03/03/2026-11:05:07] [I] avgTiming: 8
[03/03/2026-11:05:07] [I] Precision: FP32+FP16
[03/03/2026-11:05:07] [I] LayerPrecisions: 
[03/03/2026-11:05:07] [I] Calibration: 
[03/03/2026-11:05:07] [I] Refit: Disabled
[03/03/2026-11:05:07] [I] Sparsity: Disabled
[03/03/2026-11:05:07] [I] Safe mode: Disabled
[03/03/2026-11:05:07] [I] DirectIO mode: Disabled
[03/03/2026-11:05:07] [I] Restricted mode: Disabled
[03/03/2026-11:05:07] [I] Build only: Disabled
[03/03/2026-11:05:07] [I] Save engine: /home/user/Edge-ML/models/v5/TCN/bs32/TCN_fp16.engine
[03/03/2026-11:05:07] [I] Load engine: 
[03/03/2026-11:05:07] [I] Profiling verbosity: 0
[03/03/2026-11:05:07] [I] Tactic sources: cublas [ON], cublasLt [ON], cudnn [ON], 
[03/03/2026-11:05:07] [I] timingCacheMode: local
[03/03/2026-11:05:07] [I] timingCacheFile: 
[03/03/2026-11:05:07] [I] Heuristic: Disabled
[03/03/2026-11:05:07] [I] Preview Features: Use default preview flags.
[03/03/2026-11:05:07] [I] Input(s)s format: fp32:CHW
[03/03/2026-11:05:07] [I] Output(s)s format: fp32:CHW
[03/03/2026-11:05:07] [I] Input build shapes: model
[03/03/2026-11:05:07] [I] Input calibration shapes: model
[03/03/2026-11:05:07] [I] === System Options ===
[03/03/2026-11:05:07] [I] Device: 0
[03/03/2026-11:05:07] [I] DLACore: 
[03/03/2026-11:05:07] [I] Plugins:
[03/03/2026-11:05:07] [I] === Inference Options ===
[03/03/2026-11:05:07] [I] Batch: Explicit
[03/03/2026-11:05:07] [I] Input inference shapes: model
[03/03/2026-11:05:07] [I] Iterations: 10
[03/03/2026-11:05:07] [I] Duration: 3s (+ 200ms warm up)
[03/03/2026-11:05:07] [I] Sleep time: 0ms
[03/03/2026-11:05:07] [I] Idle time: 0ms
[03/03/2026-11:05:07] [I] Streams: 1
[03/03/2026-11:05:07] [I] ExposeDMA: Disabled
[03/03/2026-11:05:07] [I] Data transfers: Disabled
[03/03/2026-11:05:07] [I] Spin-wait: Disabled
[03/03/2026-11:05:07] [I] Multithreading: Disabled
[03/03/2026-11:05:07] [I] CUDA Graph: Disabled
[03/03/2026-11:05:07] [I] Separate profiling: Disabled
[03/03/2026-11:05:07] [I] Time Deserialize: Disabled
[03/03/2026-11:05:07] [I] Time Refit: Disabled
[03/03/2026-11:05:07] [I] NVTX verbosity: 0
[03/03/2026-11:05:07] [I] Persistent Cache Ratio: 0
[03/03/2026-11:05:07] [I] Inputs:
[03/03/2026-11:05:07] [I] === Reporting Options ===
[03/03/2026-11:05:07] [I] Verbose: Disabled
[03/03/2026-11:05:07] [I] Averages: 10 inferences
[03/03/2026-11:05:07] [I] Percentiles: 90,95,99
[03/03/2026-11:05:07] [I] Dump refittable layers:Disabled
[03/03/2026-11:05:07] [I] Dump output: Disabled
[03/03/2026-11:05:07] [I] Profile: Disabled
[03/03/2026-11:05:07] [I] Export timing to JSON file: 
[03/03/2026-11:05:07] [I] Export output to JSON file: 
[03/03/2026-11:05:07] [I] Export profile to JSON file: 
[03/03/2026-11:05:07] [I] 
[03/03/2026-11:05:07] [I] === Device Information ===
[03/03/2026-11:05:07] [I] Selected Device: Orin
[03/03/2026-11:05:07] [I] Compute Capability: 8.7
[03/03/2026-11:05:07] [I] SMs: 4
[03/03/2026-11:05:07] [I] Compute Clock Rate: 0.624 GHz
[03/03/2026-11:05:07] [I] Device Global Memory: 3425 MiB
[03/03/2026-11:05:07] [I] Shared Memory per SM: 164 KiB
[03/03/2026-11:05:07] [I] Memory Bus Width: 128 bits (ECC disabled)
[03/03/2026-11:05:07] [I] Memory Clock Rate: 0.624 GHz
[03/03/2026-11:05:07] [I] 
[03/03/2026-11:05:07] [I] TensorRT version: 8.5.2
[03/03/2026-11:05:07] [I] [TRT] [MemUsageChange] Init CUDA: CPU +220, GPU +0, now: CPU 249, GPU 1564 (MiB)
[03/03/2026-11:05:10] [I] [TRT] [MemUsageChange] Init builder kernel library: CPU +302, GPU +89, now: CPU 574, GPU 1673 (MiB)
[03/03/2026-11:05:10] [I] Start parsing network model
[03/03/2026-11:05:10] [I] [TRT] ----------------------------------------------------------------
[03/03/2026-11:05:10] [I] [TRT] Input filename:   /home/user/Edge-ML/models/v5/TCN/bs32/TCN.onnx
[03/03/2026-11:05:10] [I] [TRT] ONNX IR version:  0.0.7
[03/03/2026-11:05:10] [I] [TRT] Opset version:    12
[03/03/2026-11:05:10] [I] [TRT] Producer name:    pytorch
[03/03/2026-11:05:10] [I] [TRT] Producer version: 2.5.1
[03/03/2026-11:05:10] [I] [TRT] Domain:           
[03/03/2026-11:05:10] [I] [TRT] Model version:    0
[03/03/2026-11:05:10] [I] [TRT] Doc string:       
[03/03/2026-11:05:10] [I] [TRT] ----------------------------------------------------------------
[03/03/2026-11:05:10] [I] Finish parsing network model
[03/03/2026-11:05:10] [I] [TRT] ---------- Layers Running on DLA ----------
[03/03/2026-11:05:10] [I] [TRT] ---------- Layers Running on GPU ----------
[03/03/2026-11:05:10] [I] [TRT] [GpuLayer] SHUFFLE: /Unsqueeze + (Unnamed Layer* 1) [Shuffle]
[03/03/2026-11:05:10] [I] [TRT] [GpuLayer] SHUFFLE: shuffle_between_(Unnamed Layer* 1) [Shuffle]_output_and_/block1/block1.0/Conv + /block1/block1.2/Relu
[03/03/2026-11:05:10] [I] [TRT] [GpuLayer] CONVOLUTION: /block1/block1.0/Conv + /block1/block1.2/Relu
[03/03/2026-11:05:10] [I] [TRT] [GpuLayer] SHUFFLE: shuffle_after_/block1/block1.2/Relu_out_tensor
[03/03/2026-11:05:10] [I] [TRT] [GpuLayer] POOLING: /block1/block1.3/MaxPool
[03/03/2026-11:05:10] [I] [TRT] [GpuLayer] SHUFFLE: shuffle_between_(Unnamed Layer* 6) [Pooling]_output_and_/block2/block2.0/Conv + /block2/block2.2/Relu
[03/03/2026-11:05:10] [I] [TRT] [GpuLayer] CONVOLUTION: /block2/block2.0/Conv + /block2/block2.2/Relu
[03/03/2026-11:05:10] [I] [TRT] [GpuLayer] SHUFFLE: shuffle_after_/block2/block2.2/Relu_out_tensor
[03/03/2026-11:05:10] [I] [TRT] [GpuLayer] POOLING: /block2/block2.3/MaxPool
[03/03/2026-11:05:10] [I] [TRT] [GpuLayer] SHUFFLE: shuffle_between_(Unnamed Layer* 13) [Pooling]_output_and_/block3/block3.0/Conv + /block3/block3.2/Relu
[03/03/2026-11:05:10] [I] [TRT] [GpuLayer] CONVOLUTION: /block3/block3.0/Conv + /block3/block3.2/Relu
[03/03/2026-11:05:10] [I] [TRT] [GpuLayer] SHUFFLE: shuffle_after_/block3/block3.2/Relu_out_tensor
[03/03/2026-11:05:10] [I] [TRT] [GpuLayer] SHUFFLE: squeeze_after_/block3/block3.2/Relu
[03/03/2026-11:05:10] [I] [TRT] [GpuLayer] REDUCE: /block3/block3.3/GlobalAveragePool
[03/03/2026-11:05:10] [I] [TRT] [GpuLayer] SHUFFLE: /fc/fc.0/Flatten + reshape_before_/fc/fc.1/Gemm
[03/03/2026-11:05:10] [I] [TRT] [GpuLayer] CONVOLUTION: /fc/fc.1/Gemm + /fc/fc.2/Relu
[03/03/2026-11:05:10] [I] [TRT] [GpuLayer] CONVOLUTION: /fc/fc.4/Gemm
[03/03/2026-11:05:10] [I] [TRT] [GpuLayer] SHUFFLE: reshape_after_/fc/fc.4/Gemm + /Squeeze
[03/03/2026-11:05:11] [I] [TRT] [MemUsageChange] Init cuBLAS/cuBLASLt: CPU +534, GPU +828, now: CPU 1108, GPU 2501 (MiB)
[03/03/2026-11:05:11] [I] [TRT] [MemUsageChange] Init cuDNN: CPU +83, GPU +132, now: CPU 1191, GPU 2633 (MiB)
[03/03/2026-11:05:11] [I] [TRT] Local timing cache in use. Profiling results in this builder pass will not be stored.
[03/03/2026-11:05:28] [I] [TRT] Total Activation Memory: 4296122368
[03/03/2026-11:05:28] [I] [TRT] Detected 1 inputs and 1 output network tensors.
[03/03/2026-11:05:28] [I] [TRT] Total Host Persistent Memory: 23296
[03/03/2026-11:05:28] [I] [TRT] Total Device Persistent Memory: 0
[03/03/2026-11:05:28] [I] [TRT] Total Scratch Memory: 0
[03/03/2026-11:05:28] [I] [TRT] [MemUsageStats] Peak memory usage of TRT CPU/GPU memory allocators: CPU 0 MiB, GPU 134 MiB
[03/03/2026-11:05:28] [I] [TRT] [BlockAssignment] Started assigning block shifts. This will take 21 steps to complete.
[03/03/2026-11:05:28] [I] [TRT] [BlockAssignment] Algorithm ShiftNTopDown took 0.278088ms to assign 3 blocks to 21 nodes requiring 491520 bytes.
[03/03/2026-11:05:28] [I] [TRT] Total Activation Memory: 491520
[03/03/2026-11:05:29] [W] [TRT] TensorRT encountered issues when converting weights between types and that could affect accuracy.
[03/03/2026-11:05:29] [W] [TRT] If this is not the desired behavior, please modify the weights or retrain with regularization to adjust the magnitude of the weights.
[03/03/2026-11:05:29] [W] [TRT] Check verbose logs for the list of affected weights.
[03/03/2026-11:05:29] [W] [TRT] - 2 weights are affected by this issue: Detected subnormal FP16 values.
[03/03/2026-11:05:29] [I] [TRT] [MemUsageChange] TensorRT-managed allocation in building engine: CPU +0, GPU +4, now: CPU 0, GPU 4 (MiB)
[03/03/2026-11:05:29] [I] Engine built in 21.9055 sec.
[03/03/2026-11:05:29] [I] [TRT] Loaded engine size: 0 MiB
[03/03/2026-11:05:29] [I] [TRT] [MemUsageChange] TensorRT-managed allocation in engine deserialization: CPU +0, GPU +0, now: CPU 0, GPU 0 (MiB)
[03/03/2026-11:05:29] [I] Engine deserialized in 0.00972978 sec.
[03/03/2026-11:05:29] [I] [TRT] [MemUsageChange] TensorRT-managed allocation in IExecutionContext creation: CPU +0, GPU +0, now: CPU 0, GPU 0 (MiB)
[03/03/2026-11:05:29] [I] Setting persistentCacheLimit to 0 bytes.
[03/03/2026-11:05:29] [I] Using random values for input input
[03/03/2026-11:05:29] [I] Created input binding for input with dimensions 32x120
[03/03/2026-11:05:29] [I] Using random values for output capacity
[03/03/2026-11:05:29] [I] Created output binding for capacity with dimensions 32
[03/03/2026-11:05:29] [I] [TRT] The profiling verbosity was set to ProfilingVerbosity::kLAYER_NAMES_ONLY when the engine was built, so only the layer names will be returned. Rebuild the engine with ProfilingVerbosity::kDETAILED to get more verbose layer information.
[03/03/2026-11:05:29] [I] Starting inference
[03/03/2026-11:05:32] [I] Warmup completed 1104 queries over 200 ms
[03/03/2026-11:05:32] [I] Timing trace has 16625 queries over 3.00041 s
[03/03/2026-11:05:32] [I] 
[03/03/2026-11:05:32] [I] === Trace details ===
[03/03/2026-11:05:32] [I] Trace averages of 10 runs:
[03/03/2026-11:05:32] [I] Average on 10 runs - GPU latency: 0.178169 ms - Host latency: 0.178169 ms (enqueue 0.107532 ms)
[03/03/2026-11:05:32] [I] Average on 10 runs - GPU latency: 0.177123 ms - Host latency: 0.177123 ms (enqueue 0.110393 ms)
[03/03/2026-11:05:32] [I] Average on 10 runs - GPU latency: 0.179169 ms - Host latency: 0.179169 ms (enqueue 0.104384 ms)
[03/03/2026-11:05:32] [I] Average on 10 runs - GPU latency: 0.177306 ms - Host latency: 0.177306 ms (enqueue 0.110362 ms)
[03/03/2026-11:05:32] [I] Average on 10 runs - GPU latency: 0.178622 ms - Host latency: 0.178622 ms (enqueue 0.10899 ms)
[03/03/2026-11:05:32] [I] Average on 10 runs - GPU latency: 0.178572 ms - Host latency: 0.178572 ms (enqueue 0.107829 ms)
[03/03/2026-11:05:32] [I] Average on 10 runs - GPU latency: 0.178458 ms - Host latency: 0.178458 ms (enqueue 0.112157 ms)
[03/03/2026-11:05:32] [I] Average on 10 runs - GPU latency: 0.178072 ms - Host latency: 0.178072 ms (enqueue 0.110132 ms)
[03/03/2026-11:05:32] [I] Average on 10 runs - GPU latency: 0.179147 ms - Host latency: 0.179147 ms (enqueue 0.107495 ms)
[03/03/2026-11:05:32] [I] Average on 10 runs - GPU latency: 0.178087 ms - Host latency: 0.178087 ms (enqueue 0.106186 ms)
[03/03/2026-11:05:32] [I] Average on 10 runs - GPU latency: 0.178844 ms - Host latency: 0.178844 ms (enqueue 0.107896 ms)
[03/03/2026-11:05:32] [I] Average on 10 runs - GPU latency: 0.178403 ms - Host latency: 0.178403 ms (enqueue 0.106943 ms)
[03/03/2026-11:05:32] [I] Average on 10 runs - GPU latency: 0.178862 ms - Host latency: 0.178862 ms (enqueue 0.110071 ms)
[03/03/2026-11:05:32] [I] Average on 10 runs - GPU latency: 0.178928 ms - Host latency: 0.178928 ms (enqueue 0.111337 ms)
[03/03/2026-11:05:32] [I] Average on 10 runs - GPU latency: 0.177791 ms - Host latency: 0.177791 ms (enqueue 0.108632 ms)
[03/03/2026-11:05:32] [I] Average on 10 runs - GPU latency: 0.178845 ms - Host latency: 0.178845 ms (enqueue 0.106554 ms)
[03/03/2026-11:05:32] [I] Average on 10 runs - GPU latency: 0.177446 ms - Host latency: 0.177446 ms (enqueue 0.106779 ms)
[03/03/2026-11:05:32] [I] Average on 10 runs - GPU latency: 0.178062 ms - Host latency: 0.178062 ms (enqueue 0.112053 ms)
[03/03/2026-11:05:32] [I] Average on 10 runs - GPU latency: 0.178448 ms - Host latency: 0.178448 ms (enqueue 0.107906 ms)
[03/03/2026-11:05:32] [I] Average on 10 runs - GPU latency: 0.179257 ms - Host latency: 0.179257 ms (enqueue 0.106985 ms)
[03/03/2026-11:05:32] [I] Average on 10 runs - GPU latency: 0.178064 ms - Host latency: 0.178064 ms (enqueue 0.110378 ms)
[03/03/2026-11:05:32] [I] Average on 10 runs - GPU latency: 0.177719 ms - Host latency: 0.177719 ms (enqueue 0.110342 ms)
[03/03/2026-11:05:32] [I] Average on 10 runs - GPU latency: 0.178033 ms - Host latency: 0.178033 ms (enqueue 0.109329 ms)
[03/03/2026-11:05:32] [I] Average on 10 runs - GPU latency: 0.178999 ms - Host latency: 0.178999 ms (enqueue 0.111139 ms)
[03/03/2026-11:05:32] [I] Average on 10 runs - GPU latency: 0.178194 ms - Host latency: 0.178194 ms (enqueue 0.109831 ms)
[03/03/2026-11:05:32] [I] Average on 10 runs - GPU latency: 0.179117 ms - Host latency: 0.179117 ms (enqueue 0.106778 ms)
[03/03/2026-11:05:32] [I] Average on 10 runs - GPU latency: 0.180305 ms - Host latency: 0.180305 ms (enqueue 0.107195 ms)
[03/03/2026-11:05:32] [I] Average on 10 runs - GPU latency: 0.177951 ms - Host latency: 0.177951 ms (enqueue 0.10885 ms)
[03/03/2026-11:05:32] [I] Average on 10 runs - GPU latency: 0.178473 ms - Host latency: 0.178473 ms (enqueue 0.108647 ms)
[03/03/2026-11:05:32] [I] Average on 10 runs - GPU latency: 0.178127 ms - Host latency: 0.178127 ms (enqueue 0.108926 ms)
[03/03/2026-11:05:32] [I] Average on 10 runs - GPU latency: 0.178392 ms - Host latency: 0.178392 ms (enqueue 0.110371 ms)
[03/03/2026-11:05:32] [I] Average on 10 runs - GPU latency: 0.179503 ms - Host latency: 0.179503 ms (enqueue 0.108029 ms)
[03/03/2026-11:05:32] [I] Average on 10 runs - GPU latency: 0.177118 ms - Host latency: 0.177118 ms (enqueue 0.1108 ms)
[03/03/2026-11:05:32] [I] Average on 10 runs - GPU latency: 0.179004 ms - Host latency: 0.179004 ms (enqueue 0.107394 ms)
[03/03/2026-11:05:32] [I] Average on 10 runs - GPU latency: 0.17688 ms - Host latency: 0.17688 ms (enqueue 0.110223 ms)
[03/03/2026-11:05:32] [I] Average on 10 runs - GPU latency: 0.178479 ms - Host latency: 0.178479 ms (enqueue 0.108765 ms)
[03/03/2026-11:05:32] [I] Average on 10 runs - GPU latency: 0.178149 ms - Host latency: 0.178149 ms (enqueue 0.109369 ms)
[03/03/2026-11:05:32] [I] Average on 10 runs - GPU latency: 0.178369 ms - Host latency: 0.178369 ms (enqueue 0.107434 ms)
[03/03/2026-11:05:32] [I] Average on 10 runs - GPU latency: 0.178232 ms - Host latency: 0.178232 ms (enqueue 0.115231 ms)
[03/03/2026-11:05:32] [I] Average on 10 runs - GPU latency: 0.179599 ms - Host latency: 0.179599 ms (enqueue 0.106723 ms)
[03/03/2026-11:05:32] [I] Average on 10 runs - GPU latency: 0.177844 ms - Host latency: 0.177844 ms (enqueue 0.11113 ms)
[03/03/2026-11:05:32] [I] Average on 10 runs - GPU latency: 0.179828 ms - Host latency: 0.179828 ms (enqueue 0.110269 ms)
[03/03/2026-11:05:32] [I] Average on 10 runs - GPU latency: 0.178378 ms - Host latency: 0.178378 ms (enqueue 0.108441 ms)
[03/03/2026-11:05:32] [I] Average on 10 runs - GPU latency: 0.179242 ms - Host latency: 0.179242 ms (enqueue 0.108386 ms)
[03/03/2026-11:05:32] [I] Average on 10 runs - GPU latency: 0.178967 ms - Host latency: 0.178967 ms (enqueue 0.10697 ms)
[03/03/2026-11:05:32] [I] Average on 10 runs - GPU latency: 0.178772 ms - Host latency: 0.178772 ms (enqueue 0.108273 ms)
[03/03/2026-11:05:32] [I] Average on 10 runs - GPU latency: 0.178098 ms - Host latency: 0.178098 ms (enqueue 0.108417 ms)
[03/03/2026-11:05:32] [I] Average on 10 runs - GPU latency: 0.177319 ms - Host latency: 0.177319 ms (enqueue 0.111313 ms)
[03/03/2026-11:05:32] [I] Average on 10 runs - GPU latency: 0.178629 ms - Host latency: 0.178629 ms (enqueue 0.110751 ms)
[03/03/2026-11:05:32] [I] Average on 10 runs - GPU latency: 0.178934 ms - Host latency: 0.178934 ms (enqueue 0.106958 ms)
[03/03/2026-11:05:32] [I] Average on 10 runs - GPU latency: 0.176886 ms - Host latency: 0.176886 ms (enqueue 0.109561 ms)
[03/03/2026-11:05:32] [I] Average on 10 runs - GPU latency: 0.17955 ms - Host latency: 0.17955 ms (enqueue 0.108255 ms)
[03/03/2026-11:05:32] [I] Average on 10 runs - GPU latency: 0.177939 ms - Host latency: 0.177939 ms (enqueue 0.112051 ms)
[03/03/2026-11:05:32] [I] Average on 10 runs - GPU latency: 0.177939 ms - Host latency: 0.177939 ms (enqueue 0.111072 ms)
[03/03/2026-11:05:32] [I] Average on 10 runs - GPU latency: 0.177432 ms - Host latency: 0.177432 ms (enqueue 0.111362 ms)
[03/03/2026-11:05:32] [I] Average on 10 runs - GPU latency: 0.177701 ms - Host latency: 0.177701 ms (enqueue 0.113245 ms)
[03/03/2026-11:05:32] [I] Average on 10 runs - GPU latency: 0.179395 ms - Host latency: 0.179395 ms (enqueue 0.106052 ms)
[03/03/2026-11:05:32] [I] Average on 10 runs - GPU latency: 0.177936 ms - Host latency: 0.177936 ms (enqueue 0.108786 ms)
[03/03/2026-11:05:32] [I] Average on 10 runs - GPU latency: 0.178494 ms - Host latency: 0.178494 ms (enqueue 0.108533 ms)
[03/03/2026-11:05:32] [I] Average on 10 runs - GPU latency: 0.176874 ms - Host latency: 0.176874 ms (enqueue 0.11008 ms)
[03/03/2026-11:05:32] [I] Average on 10 runs - GPU latency: 0.178107 ms - Host latency: 0.178107 ms (enqueue 0.109482 ms)
[03/03/2026-11:05:32] [I] Average on 10 runs - GPU latency: 0.177969 ms - Host latency: 0.177969 ms (enqueue 0.110138 ms)
[03/03/2026-11:05:32] [I] Average on 10 runs - GPU latency: 0.177371 ms - Host latency: 0.177371 ms (enqueue 0.107855 ms)
[03/03/2026-11:05:32] [I] Average on 10 runs - GPU latency: 0.178732 ms - Host latency: 0.178732 ms (enqueue 0.108334 ms)
[03/03/2026-11:05:32] [I] Average on 10 runs - GPU latency: 0.178448 ms - Host latency: 0.178448 ms (enqueue 0.109476 ms)
[03/03/2026-11:05:32] [I] Average on 10 runs - GPU latency: 0.178851 ms - Host latency: 0.178851 ms (enqueue 0.106512 ms)
[03/03/2026-11:05:32] [I] Average on 10 runs - GPU latency: 0.179312 ms - Host latency: 0.179312 ms (enqueue 0.107294 ms)
[03/03/2026-11:05:32] [I] Average on 10 runs - GPU latency: 0.177893 ms - Host latency: 0.177893 ms (enqueue 0.108713 ms)
[03/03/2026-11:05:32] [I] Average on 10 runs - GPU latency: 0.176996 ms - Host latency: 0.176996 ms (enqueue 0.108676 ms)
[03/03/2026-11:05:32] [I] Average on 10 runs - GPU latency: 0.177682 ms - Host latency: 0.177682 ms (enqueue 0.108295 ms)
[03/03/2026-11:05:32] [I] Average on 10 runs - GPU latency: 0.178448 ms - Host latency: 0.178448 ms (enqueue 0.110367 ms)
[03/03/2026-11:05:32] [I] Average on 10 runs - GPU latency: 0.179202 ms - Host latency: 0.179202 ms (enqueue 0.105676 ms)
[03/03/2026-11:05:32] [I] Average on 10 runs - GPU latency: 0.177869 ms - Host latency: 0.177869 ms (enqueue 0.110654 ms)
[03/03/2026-11:05:32] [I] Average on 10 runs - GPU latency: 0.178448 ms - Host latency: 0.178448 ms (enqueue 0.109955 ms)
[03/03/2026-11:05:32] [I] Average on 10 runs - GPU latency: 0.179321 ms - Host latency: 0.179321 ms (enqueue 0.111346 ms)
[03/03/2026-11:05:32] [I] Average on 10 runs - GPU latency: 0.177039 ms - Host latency: 0.177039 ms (enqueue 0.111832 ms)
[03/03/2026-11:05:32] [I] Average on 10 runs - GPU latency: 0.177213 ms - Host latency: 0.177213 ms (enqueue 0.111548 ms)
[03/03/2026-11:05:32] [I] Average on 10 runs - GPU latency: 0.177991 ms - Host latency: 0.177991 ms (enqueue 0.112146 ms)
[03/03/2026-11:05:32] [I] Average on 10 runs - GPU latency: 0.178506 ms - Host latency: 0.178506 ms (enqueue 0.114993 ms)
[03/03/2026-11:05:32] [I] Average on 10 runs - GPU latency: 0.178906 ms - Host latency: 0.178906 ms (enqueue 0.107065 ms)
[03/03/2026-11:05:32] [I] Average on 10 runs - GPU latency: 0.177368 ms - Host latency: 0.177368 ms (enqueue 0.114056 ms)
[03/03/2026-11:05:32] [I] Average on 10 runs - GPU latency: 0.178333 ms - Host latency: 0.178333 ms (enqueue 0.114246 ms)
[03/03/2026-11:05:32] [I] Average on 10 runs - GPU latency: 0.178629 ms - Host latency: 0.178629 ms (enqueue 0.108127 ms)
[03/03/2026-11:05:32] [I] Average on 10 runs - GPU latency: 0.178928 ms - Host latency: 0.178928 ms (enqueue 0.10625 ms)
[03/03/2026-11:05:32] [I] Average on 10 runs - GPU latency: 0.178543 ms - Host latency: 0.178543 ms (enqueue 0.10575 ms)
[03/03/2026-11:05:32] [I] Average on 10 runs - GPU latency: 0.177997 ms - Host latency: 0.177997 ms (enqueue 0.106415 ms)
[03/03/2026-11:05:32] [I] Average on 10 runs - GPU latency: 0.179422 ms - Host latency: 0.179422 ms (enqueue 0.105966 ms)
[03/03/2026-11:05:32] [I] Average on 10 runs - GPU latency: 0.177576 ms - Host latency: 0.177576 ms (enqueue 0.110266 ms)
[03/03/2026-11:05:32] [I] Average on 10 runs - GPU latency: 0.178323 ms - Host latency: 0.178323 ms (enqueue 0.10657 ms)
[03/03/2026-11:05:32] [I] Average on 10 runs - GPU latency: 0.178125 ms - Host latency: 0.178125 ms (enqueue 0.107413 ms)
[03/03/2026-11:05:32] [I] Average on 10 runs - GPU latency: 0.179306 ms - Host latency: 0.179306 ms (enqueue 0.107346 ms)
[03/03/2026-11:05:32] [I] Average on 10 runs - GPU latency: 0.178973 ms - Host latency: 0.178973 ms (enqueue 0.108194 ms)
[03/03/2026-11:05:32] [I] Average on 10 runs - GPU latency: 0.179987 ms - Host latency: 0.179987 ms (enqueue 0.105399 ms)
[03/03/2026-11:05:32] [I] Average on 10 runs - GPU latency: 0.179178 ms - Host latency: 0.179178 ms (enqueue 0.10495 ms)
[03/03/2026-11:05:32] [I] Average on 10 runs - GPU latency: 0.178204 ms - Host latency: 0.178204 ms (enqueue 0.11048 ms)
[03/03/2026-11:05:32] [I] Average on 10 runs - GPU latency: 0.179318 ms - Host latency: 0.179318 ms (enqueue 0.105096 ms)
[03/03/2026-11:05:32] [I] Average on 10 runs - GPU latency: 0.179135 ms - Host latency: 0.179135 ms (enqueue 0.110117 ms)
[03/03/2026-11:05:32] [I] Average on 10 runs - GPU latency: 0.178223 ms - Host latency: 0.178223 ms (enqueue 0.108752 ms)
[03/03/2026-11:05:32] [I] Average on 10 runs - GPU latency: 0.17756 ms - Host latency: 0.17756 ms (enqueue 0.113675 ms)
[03/03/2026-11:05:32] [I] Average on 10 runs - GPU latency: 0.178766 ms - Host latency: 0.178766 ms (enqueue 0.106976 ms)
[03/03/2026-11:05:32] [I] Average on 10 runs - GPU latency: 0.178015 ms - Host latency: 0.178015 ms (enqueue 0.108224 ms)
[03/03/2026-11:05:32] [I] Average on 10 runs - GPU latency: 0.180002 ms - Host latency: 0.180002 ms (enqueue 0.108987 ms)
[03/03/2026-11:05:32] [I] Average on 10 runs - GPU latency: 0.178488 ms - Host latency: 0.178488 ms (enqueue 0.108957 ms)
[03/03/2026-11:05:32] [I] Average on 10 runs - GPU latency: 0.178339 ms - Host latency: 0.178339 ms (enqueue 0.106543 ms)
[03/03/2026-11:05:32] [I] Average on 10 runs - GPU latency: 0.177969 ms - Host latency: 0.177969 ms (enqueue 0.107397 ms)
[03/03/2026-11:05:32] [I] Average on 10 runs - GPU latency: 0.179153 ms - Host latency: 0.179153 ms (enqueue 0.105057 ms)
[03/03/2026-11:05:32] [I] Average on 10 runs - GPU latency: 0.178506 ms - Host latency: 0.178506 ms (enqueue 0.106546 ms)
[03/03/2026-11:05:32] [I] Average on 10 runs - GPU latency: 0.178864 ms - Host latency: 0.178864 ms (enqueue 0.106104 ms)
[03/03/2026-11:05:32] [I] Average on 10 runs - GPU latency: 0.179163 ms - Host latency: 0.179163 ms (enqueue 0.105402 ms)
[03/03/2026-11:05:32] [I] Average on 10 runs - GPU latency: 0.177753 ms - Host latency: 0.177753 ms (enqueue 0.111343 ms)
[03/03/2026-11:05:32] [I] Average on 10 runs - GPU latency: 0.177789 ms - Host latency: 0.177789 ms (enqueue 0.109021 ms)
[03/03/2026-11:05:32] [I] Average on 10 runs - GPU latency: 0.178046 ms - Host latency: 0.178046 ms (enqueue 0.106619 ms)
[03/03/2026-11:05:32] [I] Average on 10 runs - GPU latency: 0.17746 ms - Host latency: 0.17746 ms (enqueue 0.111017 ms)
[03/03/2026-11:05:32] [I] Average on 10 runs - GPU latency: 0.176965 ms - Host latency: 0.176965 ms (enqueue 0.106534 ms)
[03/03/2026-11:05:32] [I] Average on 10 runs - GPU latency: 0.17937 ms - Host latency: 0.17937 ms (enqueue 0.104645 ms)
[03/03/2026-11:05:32] [I] Average on 10 runs - GPU latency: 0.178482 ms - Host latency: 0.178482 ms (enqueue 0.106961 ms)
[03/03/2026-11:05:32] [I] Average on 10 runs - GPU latency: 0.178571 ms - Host latency: 0.178571 ms (enqueue 0.110727 ms)
[03/03/2026-11:05:32] [I] Average on 10 runs - GPU latency: 0.180453 ms - Host latency: 0.180453 ms (enqueue 0.10592 ms)
[03/03/2026-11:05:32] [I] Average on 10 runs - GPU latency: 0.177728 ms - Host latency: 0.177728 ms (enqueue 0.105124 ms)
[03/03/2026-11:05:32] [I] Average on 10 runs - GPU latency: 0.179044 ms - Host latency: 0.179044 ms (enqueue 0.107608 ms)
[03/03/2026-11:05:32] [I] Average on 10 runs - GPU latency: 0.179126 ms - Host latency: 0.179126 ms (enqueue 0.106281 ms)
[03/03/2026-11:05:32] [I] Average on 10 runs - GPU latency: 0.178845 ms - Host latency: 0.178845 ms (enqueue 0.107504 ms)
[03/03/2026-11:05:32] [I] Average on 10 runs - GPU latency: 0.178461 ms - Host latency: 0.178461 ms (enqueue 0.10676 ms)
[03/03/2026-11:05:32] [I] Average on 10 runs - GPU latency: 0.17771 ms - Host latency: 0.17771 ms (enqueue 0.112265 ms)
[03/03/2026-11:05:32] [I] Average on 10 runs - GPU latency: 0.17901 ms - Host latency: 0.17901 ms (enqueue 0.109091 ms)
[03/03/2026-11:05:32] [I] Average on 10 runs - GPU latency: 0.177722 ms - Host latency: 0.177722 ms (enqueue 0.110175 ms)
[03/03/2026-11:05:32] [I] Average on 10 runs - GPU latency: 0.179028 ms - Host latency: 0.179028 ms (enqueue 0.110855 ms)
[03/03/2026-11:05:32] [I] Average on 10 runs - GPU latency: 0.177307 ms - Host latency: 0.177307 ms (enqueue 0.109271 ms)
[03/03/2026-11:05:32] [I] Average on 10 runs - GPU latency: 0.177872 ms - Host latency: 0.177872 ms (enqueue 0.106708 ms)
[03/03/2026-11:05:32] [I] Average on 10 runs - GPU latency: 0.179163 ms - Host latency: 0.179163 ms (enqueue 0.107852 ms)
[03/03/2026-11:05:32] [I] Average on 10 runs - GPU latency: 0.179056 ms - Host latency: 0.179056 ms (enqueue 0.107196 ms)
[03/03/2026-11:05:32] [I] Average on 10 runs - GPU latency: 0.178015 ms - Host latency: 0.178015 ms (enqueue 0.108655 ms)
[03/03/2026-11:05:32] [I] Average on 10 runs - GPU latency: 0.179428 ms - Host latency: 0.179428 ms (enqueue 0.10553 ms)
[03/03/2026-11:05:32] [I] Average on 10 runs - GPU latency: 0.179837 ms - Host latency: 0.179837 ms (enqueue 0.103467 ms)
[03/03/2026-11:05:32] [I] Average on 10 runs - GPU latency: 0.179352 ms - Host latency: 0.179352 ms (enqueue 0.108246 ms)
[03/03/2026-11:05:32] [I] Average on 10 runs - GPU latency: 0.178226 ms - Host latency: 0.178226 ms (enqueue 0.110193 ms)
[03/03/2026-11:05:32] [I] Average on 10 runs - GPU latency: 0.178796 ms - Host latency: 0.178796 ms (enqueue 0.108881 ms)
[03/03/2026-11:05:32] [I] Average on 10 runs - GPU latency: 0.179315 ms - Host latency: 0.179315 ms (enqueue 0.10376 ms)
[03/03/2026-11:05:32] [I] Average on 10 runs - GPU latency: 0.179675 ms - Host latency: 0.179675 ms (enqueue 0.108093 ms)
[03/03/2026-11:05:32] [I] Average on 10 runs - GPU latency: 0.178214 ms - Host latency: 0.178214 ms (enqueue 0.10986 ms)
[03/03/2026-11:05:32] [I] Average on 10 runs - GPU latency: 0.176727 ms - Host latency: 0.176727 ms (enqueue 0.112704 ms)
[03/03/2026-11:05:32] [I] Average on 10 runs - GPU latency: 0.177429 ms - Host latency: 0.177429 ms (enqueue 0.105045 ms)
[03/03/2026-11:05:32] [I] Average on 10 runs - GPU latency: 0.178329 ms - Host latency: 0.178329 ms (enqueue 0.107526 ms)
[03/03/2026-11:05:32] [I] Average on 10 runs - GPU latency: 0.178262 ms - Host latency: 0.178262 ms (enqueue 0.111224 ms)
[03/03/2026-11:05:32] [I] Average on 10 runs - GPU latency: 0.178247 ms - Host latency: 0.178247 ms (enqueue 0.107407 ms)
[03/03/2026-11:05:32] [I] Average on 10 runs - GPU latency: 0.180795 ms - Host latency: 0.180795 ms (enqueue 0.106607 ms)
[03/03/2026-11:05:32] [I] Average on 10 runs - GPU latency: 0.17735 ms - Host latency: 0.17735 ms (enqueue 0.112558 ms)
[03/03/2026-11:05:32] [I] Average on 10 runs - GPU latency: 0.177798 ms - Host latency: 0.177798 ms (enqueue 0.109085 ms)
[03/03/2026-11:05:32] [I] Average on 10 runs - GPU latency: 0.178043 ms - Host latency: 0.178043 ms (enqueue 0.111639 ms)
[03/03/2026-11:05:32] [I] Average on 10 runs - GPU latency: 0.178522 ms - Host latency: 0.178522 ms (enqueue 0.108475 ms)
[03/03/2026-11:05:32] [I] Average on 10 runs - GPU latency: 0.179187 ms - Host latency: 0.179187 ms (enqueue 0.110019 ms)
[03/03/2026-11:05:32] [I] Average on 10 runs - GPU latency: 0.178644 ms - Host latency: 0.178644 ms (enqueue 0.106009 ms)
[03/03/2026-11:05:32] [I] Average on 10 runs - GPU latency: 0.179913 ms - Host latency: 0.179913 ms (enqueue 0.104785 ms)
[03/03/2026-11:05:32] [I] Average on 10 runs - GPU latency: 0.17851 ms - Host latency: 0.17851 ms (enqueue 0.108493 ms)
[03/03/2026-11:05:32] [I] Average on 10 runs - GPU latency: 0.178046 ms - Host latency: 0.178046 ms (enqueue 0.115955 ms)
[03/03/2026-11:05:32] [I] Average on 10 runs - GPU latency: 0.178647 ms - Host latency: 0.178647 ms (enqueue 0.108298 ms)
[03/03/2026-11:05:32] [I] Average on 10 runs - GPU latency: 0.179044 ms - Host latency: 0.179044 ms (enqueue 0.110724 ms)
[03/03/2026-11:05:32] [I] Average on 10 runs - GPU latency: 0.178787 ms - Host latency: 0.178787 ms (enqueue 0.106186 ms)
[03/03/2026-11:05:32] [I] Average on 10 runs - GPU latency: 0.178757 ms - Host latency: 0.178757 ms (enqueue 0.105478 ms)
[03/03/2026-11:05:32] [I] Average on 10 runs - GPU latency: 0.178021 ms - Host latency: 0.178021 ms (enqueue 0.108508 ms)
[03/03/2026-11:05:32] [I] Average on 10 runs - GPU latency: 0.178745 ms - Host latency: 0.178745 ms (enqueue 0.108023 ms)
[03/03/2026-11:05:32] [I] Average on 10 runs - GPU latency: 0.1785 ms - Host latency: 0.1785 ms (enqueue 0.110516 ms)
[03/03/2026-11:05:32] [I] Average on 10 runs - GPU latency: 0.17952 ms - Host latency: 0.17952 ms (enqueue 0.105554 ms)
[03/03/2026-11:05:32] [I] Average on 10 runs - GPU latency: 0.1776 ms - Host latency: 0.1776 ms (enqueue 0.113919 ms)
[03/03/2026-11:05:32] [I] Average on 10 runs - GPU latency: 0.177692 ms - Host latency: 0.177692 ms (enqueue 0.109305 ms)
[03/03/2026-11:05:32] [I] Average on 10 runs - GPU latency: 0.179623 ms - Host latency: 0.179623 ms (enqueue 0.105746 ms)
[03/03/2026-11:05:32] [I] Average on 10 runs - GPU latency: 0.178738 ms - Host latency: 0.178738 ms (enqueue 0.107867 ms)
[03/03/2026-11:05:32] [I] Average on 10 runs - GPU latency: 0.180417 ms - Host latency: 0.180417 ms (enqueue 0.106815 ms)
[03/03/2026-11:05:32] [I] Average on 10 runs - GPU latency: 0.178287 ms - Host latency: 0.178287 ms (enqueue 0.106076 ms)
[03/03/2026-11:05:32] [I] Average on 10 runs - GPU latency: 0.17883 ms - Host latency: 0.17883 ms (enqueue 0.107758 ms)
[03/03/2026-11:05:32] [I] Average on 10 runs - GPU latency: 0.178497 ms - Host latency: 0.178497 ms (enqueue 0.105234 ms)
[03/03/2026-11:05:32] [I] Average on 10 runs - GPU latency: 0.177747 ms - Host latency: 0.177747 ms (enqueue 0.106985 ms)
[03/03/2026-11:05:32] [I] Average on 10 runs - GPU latency: 0.17836 ms - Host latency: 0.17836 ms (enqueue 0.109406 ms)
[03/03/2026-11:05:32] [I] Average on 10 runs - GPU latency: 0.178339 ms - Host latency: 0.178339 ms (enqueue 0.107556 ms)
[03/03/2026-11:05:32] [I] Average on 10 runs - GPU latency: 0.178119 ms - Host latency: 0.178119 ms (enqueue 0.105963 ms)
[03/03/2026-11:05:32] [I] Average on 10 runs - GPU latency: 0.178412 ms - Host latency: 0.178412 ms (enqueue 0.107703 ms)
[03/03/2026-11:05:32] [I] Average on 10 runs - GPU latency: 0.177881 ms - Host latency: 0.177881 ms (enqueue 0.106049 ms)
[03/03/2026-11:05:32] [I] Average on 10 runs - GPU latency: 0.181036 ms - Host latency: 0.181036 ms (enqueue 0.106775 ms)
[03/03/2026-11:05:32] [I] Average on 10 runs - GPU latency: 0.177808 ms - Host latency: 0.177808 ms (enqueue 0.109698 ms)
[03/03/2026-11:05:32] [I] Average on 10 runs - GPU latency: 0.179822 ms - Host latency: 0.179822 ms (enqueue 0.106348 ms)
[03/03/2026-11:05:32] [I] Average on 10 runs - GPU latency: 0.178308 ms - Host latency: 0.178308 ms (enqueue 0.109174 ms)
[03/03/2026-11:05:32] [I] Average on 10 runs - GPU latency: 0.177246 ms - Host latency: 0.177246 ms (enqueue 0.105762 ms)
[03/03/2026-11:05:32] [I] Average on 10 runs - GPU latency: 0.177924 ms - Host latency: 0.177924 ms (enqueue 0.104608 ms)
[03/03/2026-11:05:32] [I] Average on 10 runs - GPU latency: 0.178052 ms - Host latency: 0.178052 ms (enqueue 0.108276 ms)
[03/03/2026-11:05:32] [I] Average on 10 runs - GPU latency: 0.179285 ms - Host latency: 0.179285 ms (enqueue 0.110364 ms)
[03/03/2026-11:05:32] [I] Average on 10 runs - GPU latency: 0.178125 ms - Host latency: 0.178125 ms (enqueue 0.109363 ms)
[03/03/2026-11:05:32] [I] Average on 10 runs - GPU latency: 0.179803 ms - Host latency: 0.179803 ms (enqueue 0.108746 ms)
[03/03/2026-11:05:32] [I] Average on 10 runs - GPU latency: 0.177319 ms - Host latency: 0.177319 ms (enqueue 0.108197 ms)
[03/03/2026-11:05:32] [I] Average on 10 runs - GPU latency: 0.178308 ms - Host latency: 0.178308 ms (enqueue 0.107623 ms)
[03/03/2026-11:05:32] [I] Average on 10 runs - GPU latency: 0.178387 ms - Host latency: 0.178387 ms (enqueue 0.108325 ms)
[03/03/2026-11:05:32] [I] Average on 10 runs - GPU latency: 0.179138 ms - Host latency: 0.179138 ms (enqueue 0.106793 ms)
[03/03/2026-11:05:32] [I] Average on 10 runs - GPU latency: 0.176489 ms - Host latency: 0.176489 ms (enqueue 0.111432 ms)
[03/03/2026-11:05:32] [I] Average on 10 runs - GPU latency: 0.180145 ms - Host latency: 0.180145 ms (enqueue 0.104987 ms)
[03/03/2026-11:05:32] [I] Average on 10 runs - GPU latency: 0.177515 ms - Host latency: 0.177515 ms (enqueue 0.108759 ms)
[03/03/2026-11:05:32] [I] Average on 10 runs - GPU latency: 0.178406 ms - Host latency: 0.178406 ms (enqueue 0.109552 ms)
[03/03/2026-11:05:32] [I] Average on 10 runs - GPU latency: 0.179016 ms - Host latency: 0.179016 ms (enqueue 0.108661 ms)
[03/03/2026-11:05:32] [I] Average on 10 runs - GPU latency: 0.179437 ms - Host latency: 0.179437 ms (enqueue 0.110065 ms)
[03/03/2026-11:05:32] [I] Average on 10 runs - GPU latency: 0.178284 ms - Host latency: 0.178284 ms (enqueue 0.10672 ms)
[03/03/2026-11:05:32] [I] Average on 10 runs - GPU latency: 0.177399 ms - Host latency: 0.177399 ms (enqueue 0.1099 ms)
[03/03/2026-11:05:32] [I] Average on 10 runs - GPU latency: 0.178943 ms - Host latency: 0.178943 ms (enqueue 0.104974 ms)
[03/03/2026-11:05:32] [I] Average on 10 runs - GPU latency: 0.178864 ms - Host latency: 0.178864 ms (enqueue 0.106012 ms)
[03/03/2026-11:05:32] [I] Average on 10 runs - GPU latency: 0.179767 ms - Host latency: 0.179767 ms (enqueue 0.107306 ms)
[03/03/2026-11:05:32] [I] Average on 10 runs - GPU latency: 0.180383 ms - Host latency: 0.180383 ms (enqueue 0.108698 ms)
[03/03/2026-11:05:32] [I] Average on 10 runs - GPU latency: 0.178461 ms - Host latency: 0.178461 ms (enqueue 0.109961 ms)
[03/03/2026-11:05:32] [I] Average on 10 runs - GPU latency: 0.178418 ms - Host latency: 0.178418 ms (enqueue 0.109705 ms)
[03/03/2026-11:05:32] [I] Average on 10 runs - GPU latency: 0.178601 ms - Host latency: 0.178601 ms (enqueue 0.111786 ms)
[03/03/2026-11:05:32] [I] Average on 10 runs - GPU latency: 0.178802 ms - Host latency: 0.178802 ms (enqueue 0.108099 ms)
[03/03/2026-11:05:32] [I] Average on 10 runs - GPU latency: 0.178894 ms - Host latency: 0.178894 ms (enqueue 0.109833 ms)
[03/03/2026-11:05:32] [I] Average on 10 runs - GPU latency: 0.178369 ms - Host latency: 0.178369 ms (enqueue 0.107745 ms)
[03/03/2026-11:05:32] [I] Average on 10 runs - GPU latency: 0.178766 ms - Host latency: 0.178766 ms (enqueue 0.108832 ms)
[03/03/2026-11:05:32] [I] Average on 10 runs - GPU latency: 0.17912 ms - Host latency: 0.17912 ms (enqueue 0.105957 ms)
[03/03/2026-11:05:32] [I] Average on 10 runs - GPU latency: 0.179028 ms - Host latency: 0.179028 ms (enqueue 0.108679 ms)
[03/03/2026-11:05:32] [I] Average on 10 runs - GPU latency: 0.178546 ms - Host latency: 0.178546 ms (enqueue 0.108453 ms)
[03/03/2026-11:05:32] [I] Average on 10 runs - GPU latency: 0.1802 ms - Host latency: 0.1802 ms (enqueue 0.10434 ms)
[03/03/2026-11:05:32] [I] Average on 10 runs - GPU latency: 0.18042 ms - Host latency: 0.18042 ms (enqueue 0.105475 ms)
[03/03/2026-11:05:32] [I] Average on 10 runs - GPU latency: 0.180011 ms - Host latency: 0.180011 ms (enqueue 0.105615 ms)
[03/03/2026-11:05:32] [I] Average on 10 runs - GPU latency: 0.178387 ms - Host latency: 0.178387 ms (enqueue 0.10799 ms)
[03/03/2026-11:05:32] [I] Average on 10 runs - GPU latency: 0.179883 ms - Host latency: 0.179883 ms (enqueue 0.103809 ms)
[03/03/2026-11:05:32] [I] Average on 10 runs - GPU latency: 0.179095 ms - Host latency: 0.179095 ms (enqueue 0.108136 ms)
[03/03/2026-11:05:32] [I] Average on 10 runs - GPU latency: 0.179633 ms - Host latency: 0.179633 ms (enqueue 0.10437 ms)
[03/03/2026-11:05:32] [I] Average on 10 runs - GPU latency: 0.177924 ms - Host latency: 0.177924 ms (enqueue 0.108057 ms)
[03/03/2026-11:05:32] [I] Average on 10 runs - GPU latency: 0.178925 ms - Host latency: 0.178925 ms (enqueue 0.105389 ms)
[03/03/2026-11:05:32] [I] Average on 10 runs - GPU latency: 0.17868 ms - Host latency: 0.17868 ms (enqueue 0.10824 ms)
[03/03/2026-11:05:32] [I] Average on 10 runs - GPU latency: 0.178564 ms - Host latency: 0.178564 ms (enqueue 0.107623 ms)
[03/03/2026-11:05:32] [I] Average on 10 runs - GPU latency: 0.18067 ms - Host latency: 0.18067 ms (enqueue 0.106921 ms)
[03/03/2026-11:05:32] [I] Average on 10 runs - GPU latency: 0.178339 ms - Host latency: 0.178339 ms (enqueue 0.10625 ms)
[03/03/2026-11:05:32] [I] Average on 10 runs - GPU latency: 0.179456 ms - Host latency: 0.179456 ms (enqueue 0.108167 ms)
[03/03/2026-11:05:32] [I] Average on 10 runs - GPU latency: 0.178595 ms - Host latency: 0.178595 ms (enqueue 0.107263 ms)
[03/03/2026-11:05:32] [I] Average on 10 runs - GPU latency: 0.178973 ms - Host latency: 0.178973 ms (enqueue 0.106879 ms)
[03/03/2026-11:05:32] [I] Average on 10 runs - GPU latency: 0.179462 ms - Host latency: 0.179462 ms (enqueue 0.109094 ms)
[03/03/2026-11:05:32] [I] Average on 10 runs - GPU latency: 0.177997 ms - Host latency: 0.177997 ms (enqueue 0.10943 ms)
[03/03/2026-11:05:32] [I] Average on 10 runs - GPU latency: 0.178448 ms - Host latency: 0.178448 ms (enqueue 0.110931 ms)
[03/03/2026-11:05:32] [I] Average on 10 runs - GPU latency: 0.179083 ms - Host latency: 0.179083 ms (enqueue 0.108282 ms)
[03/03/2026-11:05:32] [I] Average on 10 runs - GPU latency: 0.177887 ms - Host latency: 0.177887 ms (enqueue 0.110065 ms)
[03/03/2026-11:05:32] [I] Average on 10 runs - GPU latency: 0.178241 ms - Host latency: 0.178241 ms (enqueue 0.106671 ms)
[03/03/2026-11:05:32] [I] Average on 10 runs - GPU latency: 0.177936 ms - Host latency: 0.177936 ms (enqueue 0.111115 ms)
[03/03/2026-11:05:32] [I] Average on 10 runs - GPU latency: 0.178076 ms - Host latency: 0.178076 ms (enqueue 0.108917 ms)
[03/03/2026-11:05:32] [I] Average on 10 runs - GPU latency: 0.178839 ms - Host latency: 0.178839 ms (enqueue 0.103345 ms)
[03/03/2026-11:05:32] [I] Average on 10 runs - GPU latency: 0.177747 ms - Host latency: 0.177747 ms (enqueue 0.108856 ms)
[03/03/2026-11:05:32] [I] Average on 10 runs - GPU latency: 0.177423 ms - Host latency: 0.177423 ms (enqueue 0.110168 ms)
[03/03/2026-11:05:32] [I] Average on 10 runs - GPU latency: 0.177722 ms - Host latency: 0.177722 ms (enqueue 0.111194 ms)
[03/03/2026-11:05:32] [I] Average on 10 runs - GPU latency: 0.179163 ms - Host latency: 0.179163 ms (enqueue 0.107227 ms)
[03/03/2026-11:05:32] [I] Average on 10 runs - GPU latency: 0.17829 ms - Host latency: 0.17829 ms (enqueue 0.107251 ms)
[03/03/2026-11:05:32] [I] Average on 10 runs - GPU latency: 0.179272 ms - Host latency: 0.179272 ms (enqueue 0.10755 ms)
[03/03/2026-11:05:32] [I] Average on 10 runs - GPU latency: 0.177258 ms - Host latency: 0.177258 ms (enqueue 0.111597 ms)
[03/03/2026-11:05:32] [I] Average on 10 runs - GPU latency: 0.180255 ms - Host latency: 0.180255 ms (enqueue 0.108685 ms)
[03/03/2026-11:05:32] [I] Average on 10 runs - GPU latency: 0.177832 ms - Host latency: 0.177832 ms (enqueue 0.107306 ms)
[03/03/2026-11:05:32] [I] Average on 10 runs - GPU latency: 0.180212 ms - Host latency: 0.180212 ms (enqueue 0.108881 ms)
[03/03/2026-11:05:32] [I] Average on 10 runs - GPU latency: 0.179132 ms - Host latency: 0.179132 ms (enqueue 0.108221 ms)
[03/03/2026-11:05:32] [I] Average on 10 runs - GPU latency: 0.177228 ms - Host latency: 0.177228 ms (enqueue 0.10871 ms)
[03/03/2026-11:05:32] [I] Average on 10 runs - GPU latency: 0.179114 ms - Host latency: 0.179114 ms (enqueue 0.108344 ms)
[03/03/2026-11:05:32] [I] Average on 10 runs - GPU latency: 0.178253 ms - Host latency: 0.178253 ms (enqueue 0.108759 ms)
[03/03/2026-11:05:32] [I] Average on 10 runs - GPU latency: 0.178546 ms - Host latency: 0.178546 ms (enqueue 0.109088 ms)
[03/03/2026-11:05:32] [I] Average on 10 runs - GPU latency: 0.177509 ms - Host latency: 0.177509 ms (enqueue 0.106219 ms)
[03/03/2026-11:05:32] [I] Average on 10 runs - GPU latency: 0.178674 ms - Host latency: 0.178674 ms (enqueue 0.106219 ms)
[03/03/2026-11:05:32] [I] Average on 10 runs - GPU latency: 0.179413 ms - Host latency: 0.179413 ms (enqueue 0.106134 ms)
[03/03/2026-11:05:32] [I] Average on 10 runs - GPU latency: 0.17865 ms - Host latency: 0.17865 ms (enqueue 0.109576 ms)
[03/03/2026-11:05:32] [I] Average on 10 runs - GPU latency: 0.178345 ms - Host latency: 0.178345 ms (enqueue 0.108789 ms)
[03/03/2026-11:05:32] [I] Average on 10 runs - GPU latency: 0.178809 ms - Host latency: 0.178809 ms (enqueue 0.10979 ms)
[03/03/2026-11:05:32] [I] Average on 10 runs - GPU latency: 0.177838 ms - Host latency: 0.177838 ms (enqueue 0.109674 ms)
[03/03/2026-11:05:32] [I] Average on 10 runs - GPU latency: 0.17807 ms - Host latency: 0.17807 ms (enqueue 0.111072 ms)
[03/03/2026-11:05:32] [I] Average on 10 runs - GPU latency: 0.179218 ms - Host latency: 0.179218 ms (enqueue 0.108936 ms)
[03/03/2026-11:05:32] [I] Average on 10 runs - GPU latency: 0.179077 ms - Host latency: 0.179077 ms (enqueue 0.108807 ms)
[03/03/2026-11:05:32] [I] Average on 10 runs - GPU latency: 0.178235 ms - Host latency: 0.178235 ms (enqueue 0.109387 ms)
[03/03/2026-11:05:32] [I] Average on 10 runs - GPU latency: 0.178003 ms - Host latency: 0.178003 ms (enqueue 0.108972 ms)
[03/03/2026-11:05:32] [I] Average on 10 runs - GPU latency: 0.177777 ms - Host latency: 0.177777 ms (enqueue 0.106207 ms)
[03/03/2026-11:05:32] [I] Average on 10 runs - GPU latency: 0.178369 ms - Host latency: 0.178369 ms (enqueue 0.110309 ms)
[03/03/2026-11:05:32] [I] Average on 10 runs - GPU latency: 0.177905 ms - Host latency: 0.177905 ms (enqueue 0.107281 ms)
[03/03/2026-11:05:32] [I] Average on 10 runs - GPU latency: 0.17995 ms - Host latency: 0.17995 ms (enqueue 0.107147 ms)
[03/03/2026-11:05:32] [I] Average on 10 runs - GPU latency: 0.178577 ms - Host latency: 0.178577 ms (enqueue 0.108075 ms)
[03/03/2026-11:05:32] [I] Average on 10 runs - GPU latency: 0.178864 ms - Host latency: 0.178864 ms (enqueue 0.108392 ms)
[03/03/2026-11:05:32] [I] Average on 10 runs - GPU latency: 0.17948 ms - Host latency: 0.17948 ms (enqueue 0.107977 ms)
[03/03/2026-11:05:32] [I] Average on 10 runs - GPU latency: 0.179163 ms - Host latency: 0.179163 ms (enqueue 0.108496 ms)
[03/03/2026-11:05:32] [I] Average on 10 runs - GPU latency: 0.178851 ms - Host latency: 0.178851 ms (enqueue 0.106726 ms)
[03/03/2026-11:05:32] [I] Average on 10 runs - GPU latency: 0.178583 ms - Host latency: 0.178583 ms (enqueue 0.107941 ms)
[03/03/2026-11:05:32] [I] Average on 10 runs - GPU latency: 0.179022 ms - Host latency: 0.179022 ms (enqueue 0.107172 ms)
[03/03/2026-11:05:32] [I] Average on 10 runs - GPU latency: 0.178687 ms - Host latency: 0.178687 ms (enqueue 0.110144 ms)
[03/03/2026-11:05:32] [I] Average on 10 runs - GPU latency: 0.178461 ms - Host latency: 0.178461 ms (enqueue 0.105756 ms)
[03/03/2026-11:05:32] [I] Average on 10 runs - GPU latency: 0.177307 ms - Host latency: 0.177307 ms (enqueue 0.108154 ms)
[03/03/2026-11:05:32] [I] Average on 10 runs - GPU latency: 0.179864 ms - Host latency: 0.179864 ms (enqueue 0.107391 ms)
[03/03/2026-11:05:32] [I] Average on 10 runs - GPU latency: 0.179553 ms - Host latency: 0.179553 ms (enqueue 0.105304 ms)
[03/03/2026-11:05:32] [I] Average on 10 runs - GPU latency: 0.178552 ms - Host latency: 0.178552 ms (enqueue 0.109668 ms)
[03/03/2026-11:05:32] [I] Average on 10 runs - GPU latency: 0.180157 ms - Host latency: 0.180157 ms (enqueue 0.106116 ms)
[03/03/2026-11:05:32] [I] Average on 10 runs - GPU latency: 0.178705 ms - Host latency: 0.178705 ms (enqueue 0.107043 ms)
[03/03/2026-11:05:32] [I] Average on 10 runs - GPU latency: 0.178284 ms - Host latency: 0.178284 ms (enqueue 0.108893 ms)
[03/03/2026-11:05:32] [I] Average on 10 runs - GPU latency: 0.178363 ms - Host latency: 0.178363 ms (enqueue 0.110345 ms)
[03/03/2026-11:05:32] [I] Average on 10 runs - GPU latency: 0.179803 ms - Host latency: 0.179803 ms (enqueue 0.104919 ms)
[03/03/2026-11:05:32] [I] Average on 10 runs - GPU latency: 0.17915 ms - Host latency: 0.17915 ms (enqueue 0.107001 ms)
[03/03/2026-11:05:32] [I] Average on 10 runs - GPU latency: 0.18147 ms - Host latency: 0.18147 ms (enqueue 0.105646 ms)
[03/03/2026-11:05:32] [I] Average on 10 runs - GPU latency: 0.178455 ms - Host latency: 0.178455 ms (enqueue 0.106238 ms)
[03/03/2026-11:05:32] [I] Average on 10 runs - GPU latency: 0.178912 ms - Host latency: 0.178912 ms (enqueue 0.108203 ms)
[03/03/2026-11:05:32] [I] Average on 10 runs - GPU latency: 0.179004 ms - Host latency: 0.179004 ms (enqueue 0.107306 ms)
[03/03/2026-11:05:32] [I] Average on 10 runs - GPU latency: 0.179059 ms - Host latency: 0.179059 ms (enqueue 0.107074 ms)
[03/03/2026-11:05:32] [I] Average on 10 runs - GPU latency: 0.177844 ms - Host latency: 0.177844 ms (enqueue 0.10799 ms)
[03/03/2026-11:05:32] [I] Average on 10 runs - GPU latency: 0.179022 ms - Host latency: 0.179022 ms (enqueue 0.108502 ms)
[03/03/2026-11:05:32] [I] Average on 10 runs - GPU latency: 0.178296 ms - Host latency: 0.178296 ms (enqueue 0.109131 ms)
[03/03/2026-11:05:32] [I] Average on 10 runs - GPU latency: 0.178571 ms - Host latency: 0.178571 ms (enqueue 0.108685 ms)
[03/03/2026-11:05:32] [I] Average on 10 runs - GPU latency: 0.178247 ms - Host latency: 0.178247 ms (enqueue 0.108118 ms)
[03/03/2026-11:05:32] [I] Average on 10 runs - GPU latency: 0.17912 ms - Host latency: 0.17912 ms (enqueue 0.108167 ms)
[03/03/2026-11:05:32] [I] Average on 10 runs - GPU latency: 0.179114 ms - Host latency: 0.179114 ms (enqueue 0.10354 ms)
[03/03/2026-11:05:32] [I] Average on 10 runs - GPU latency: 0.177405 ms - Host latency: 0.177405 ms (enqueue 0.107562 ms)
[03/03/2026-11:05:32] [I] Average on 10 runs - GPU latency: 0.179285 ms - Host latency: 0.179285 ms (enqueue 0.106891 ms)
[03/03/2026-11:05:32] [I] Average on 10 runs - GPU latency: 0.179736 ms - Host latency: 0.179736 ms (enqueue 0.105609 ms)
[03/03/2026-11:05:32] [I] Average on 10 runs - GPU latency: 0.17937 ms - Host latency: 0.17937 ms (enqueue 0.106348 ms)
[03/03/2026-11:05:32] [I] Average on 10 runs - GPU latency: 0.178687 ms - Host latency: 0.178687 ms (enqueue 0.108527 ms)
[03/03/2026-11:05:32] [I] Average on 10 runs - GPU latency: 0.179321 ms - Host latency: 0.179321 ms (enqueue 0.106824 ms)
[03/03/2026-11:05:32] [I] Average on 10 runs - GPU latency: 0.179944 ms - Host latency: 0.179944 ms (enqueue 0.106104 ms)
[03/03/2026-11:05:32] [I] Average on 10 runs - GPU latency: 0.177985 ms - Host latency: 0.177985 ms (enqueue 0.107684 ms)
[03/03/2026-11:05:32] [I] Average on 10 runs - GPU latency: 0.178107 ms - Host latency: 0.178107 ms (enqueue 0.104816 ms)
[03/03/2026-11:05:32] [I] Average on 10 runs - GPU latency: 0.177441 ms - Host latency: 0.177441 ms (enqueue 0.107733 ms)
[03/03/2026-11:05:32] [I] Average on 10 runs - GPU latency: 0.181104 ms - Host latency: 0.181104 ms (enqueue 0.104297 ms)
[03/03/2026-11:05:32] [I] Average on 10 runs - GPU latency: 0.178424 ms - Host latency: 0.178424 ms (enqueue 0.107666 ms)
[03/03/2026-11:05:32] [I] Average on 10 runs - GPU latency: 0.178394 ms - Host latency: 0.178394 ms (enqueue 0.108075 ms)
[03/03/2026-11:05:32] [I] Average on 10 runs - GPU latency: 0.178223 ms - Host latency: 0.178223 ms (enqueue 0.11167 ms)
[03/03/2026-11:05:32] [I] Average on 10 runs - GPU latency: 0.178241 ms - Host latency: 0.178241 ms (enqueue 0.106891 ms)
[03/03/2026-11:05:32] [I] Average on 10 runs - GPU latency: 0.177667 ms - Host latency: 0.177667 ms (enqueue 0.106012 ms)
[03/03/2026-11:05:32] [I] Average on 10 runs - GPU latency: 0.178247 ms - Host latency: 0.178247 ms (enqueue 0.103546 ms)
[03/03/2026-11:05:32] [I] Average on 10 runs - GPU latency: 0.179163 ms - Host latency: 0.179163 ms (enqueue 0.105884 ms)
[03/03/2026-11:05:32] [I] Average on 10 runs - GPU latency: 0.179272 ms - Host latency: 0.179272 ms (enqueue 0.104437 ms)
[03/03/2026-11:05:32] [I] Average on 10 runs - GPU latency: 0.1789 ms - Host latency: 0.1789 ms (enqueue 0.105756 ms)
[03/03/2026-11:05:32] [I] Average on 10 runs - GPU latency: 0.178979 ms - Host latency: 0.178979 ms (enqueue 0.103302 ms)
[03/03/2026-11:05:32] [I] Average on 10 runs - GPU latency: 0.177643 ms - Host latency: 0.177643 ms (enqueue 0.108673 ms)
[03/03/2026-11:05:32] [I] Average on 10 runs - GPU latency: 0.179004 ms - Host latency: 0.179004 ms (enqueue 0.106934 ms)
[03/03/2026-11:05:32] [I] Average on 10 runs - GPU latency: 0.179852 ms - Host latency: 0.179852 ms (enqueue 0.107104 ms)
[03/03/2026-11:05:32] [I] Average on 10 runs - GPU latency: 0.178033 ms - Host latency: 0.178033 ms (enqueue 0.10838 ms)
[03/03/2026-11:05:32] [I] Average on 10 runs - GPU latency: 0.17804 ms - Host latency: 0.17804 ms (enqueue 0.108759 ms)
[03/03/2026-11:05:32] [I] Average on 10 runs - GPU latency: 0.178326 ms - Host latency: 0.178326 ms (enqueue 0.109467 ms)
[03/03/2026-11:05:32] [I] Average on 10 runs - GPU latency: 0.177753 ms - Host latency: 0.177753 ms (enqueue 0.105798 ms)
[03/03/2026-11:05:32] [I] Average on 10 runs - GPU latency: 0.179114 ms - Host latency: 0.179114 ms (enqueue 0.109052 ms)
[03/03/2026-11:05:32] [I] Average on 10 runs - GPU latency: 0.179504 ms - Host latency: 0.179504 ms (enqueue 0.110785 ms)
[03/03/2026-11:05:32] [I] Average on 10 runs - GPU latency: 0.17749 ms - Host latency: 0.17749 ms (enqueue 0.109473 ms)
[03/03/2026-11:05:32] [I] Average on 10 runs - GPU latency: 0.178577 ms - Host latency: 0.178577 ms (enqueue 0.108246 ms)
[03/03/2026-11:05:32] [I] Average on 10 runs - GPU latency: 0.178882 ms - Host latency: 0.178882 ms (enqueue 0.109399 ms)
[03/03/2026-11:05:32] [I] Average on 10 runs - GPU latency: 0.177521 ms - Host latency: 0.177521 ms (enqueue 0.108093 ms)
[03/03/2026-11:05:32] [I] Average on 10 runs - GPU latency: 0.178644 ms - Host latency: 0.178644 ms (enqueue 0.11004 ms)
[03/03/2026-11:05:32] [I] Average on 10 runs - GPU latency: 0.178198 ms - Host latency: 0.178198 ms (enqueue 0.115265 ms)
[03/03/2026-11:05:32] [I] Average on 10 runs - GPU latency: 0.177155 ms - Host latency: 0.177155 ms (enqueue 0.109607 ms)
[03/03/2026-11:05:32] [I] Average on 10 runs - GPU latency: 0.178595 ms - Host latency: 0.178595 ms (enqueue 0.108496 ms)
[03/03/2026-11:05:32] [I] Average on 10 runs - GPU latency: 0.17843 ms - Host latency: 0.17843 ms (enqueue 0.108264 ms)
[03/03/2026-11:05:32] [I] Average on 10 runs - GPU latency: 0.178137 ms - Host latency: 0.178137 ms (enqueue 0.109155 ms)
[03/03/2026-11:05:32] [I] Average on 10 runs - GPU latency: 0.178632 ms - Host latency: 0.178632 ms (enqueue 0.108179 ms)
[03/03/2026-11:05:32] [I] Average on 10 runs - GPU latency: 0.178455 ms - Host latency: 0.178455 ms (enqueue 0.108466 ms)
[03/03/2026-11:05:32] [I] Average on 10 runs - GPU latency: 0.178467 ms - Host latency: 0.178467 ms (enqueue 0.108319 ms)
[03/03/2026-11:05:32] [I] Average on 10 runs - GPU latency: 0.177832 ms - Host latency: 0.177832 ms (enqueue 0.111285 ms)
[03/03/2026-11:05:32] [I] Average on 10 runs - GPU latency: 0.178284 ms - Host latency: 0.178284 ms (enqueue 0.108368 ms)
[03/03/2026-11:05:32] [I] Average on 10 runs - GPU latency: 0.179492 ms - Host latency: 0.179492 ms (enqueue 0.106921 ms)
[03/03/2026-11:05:32] [I] Average on 10 runs - GPU latency: 0.178308 ms - Host latency: 0.178308 ms (enqueue 0.114496 ms)
[03/03/2026-11:05:32] [I] Average on 10 runs - GPU latency: 0.179156 ms - Host latency: 0.179156 ms (enqueue 0.10907 ms)
[03/03/2026-11:05:32] [I] Average on 10 runs - GPU latency: 0.178326 ms - Host latency: 0.178326 ms (enqueue 0.110205 ms)
[03/03/2026-11:05:32] [I] Average on 10 runs - GPU latency: 0.177917 ms - Host latency: 0.177917 ms (enqueue 0.10976 ms)
[03/03/2026-11:05:32] [I] Average on 10 runs - GPU latency: 0.177039 ms - Host latency: 0.177039 ms (enqueue 0.10824 ms)
[03/03/2026-11:05:32] [I] Average on 10 runs - GPU latency: 0.178632 ms - Host latency: 0.178632 ms (enqueue 0.110675 ms)
[03/03/2026-11:05:32] [I] Average on 10 runs - GPU latency: 0.177612 ms - Host latency: 0.177612 ms (enqueue 0.10575 ms)
[03/03/2026-11:05:32] [I] Average on 10 runs - GPU latency: 0.178113 ms - Host latency: 0.178113 ms (enqueue 0.10733 ms)
[03/03/2026-11:05:32] [I] Average on 10 runs - GPU latency: 0.177148 ms - Host latency: 0.177148 ms (enqueue 0.107025 ms)
[03/03/2026-11:05:32] [I] Average on 10 runs - GPU latency: 0.177649 ms - Host latency: 0.177649 ms (enqueue 0.106055 ms)
[03/03/2026-11:05:32] [I] Average on 10 runs - GPU latency: 0.178375 ms - Host latency: 0.178375 ms (enqueue 0.107574 ms)
[03/03/2026-11:05:32] [I] Average on 10 runs - GPU latency: 0.177753 ms - Host latency: 0.177753 ms (enqueue 0.111621 ms)
[03/03/2026-11:05:32] [I] Average on 10 runs - GPU latency: 0.177759 ms - Host latency: 0.177759 ms (enqueue 0.112744 ms)
[03/03/2026-11:05:32] [I] Average on 10 runs - GPU latency: 0.177118 ms - Host latency: 0.177118 ms (enqueue 0.111554 ms)
[03/03/2026-11:05:32] [I] Average on 10 runs - GPU latency: 0.177472 ms - Host latency: 0.177472 ms (enqueue 0.110547 ms)
[03/03/2026-11:05:32] [I] Average on 10 runs - GPU latency: 0.178796 ms - Host latency: 0.178796 ms (enqueue 0.107709 ms)
[03/03/2026-11:05:32] [I] Average on 10 runs - GPU latency: 0.178229 ms - Host latency: 0.178229 ms (enqueue 0.110065 ms)
[03/03/2026-11:05:32] [I] Average on 10 runs - GPU latency: 0.178656 ms - Host latency: 0.178656 ms (enqueue 0.109851 ms)
[03/03/2026-11:05:32] [I] Average on 10 runs - GPU latency: 0.177441 ms - Host latency: 0.177441 ms (enqueue 0.11217 ms)
[03/03/2026-11:05:32] [I] Average on 10 runs - GPU latency: 0.179163 ms - Host latency: 0.179163 ms (enqueue 0.108508 ms)
[03/03/2026-11:05:32] [I] Average on 10 runs - GPU latency: 0.178265 ms - Host latency: 0.178265 ms (enqueue 0.108868 ms)
[03/03/2026-11:05:32] [I] Average on 10 runs - GPU latency: 0.177173 ms - Host latency: 0.177173 ms (enqueue 0.109674 ms)
[03/03/2026-11:05:32] [I] Average on 10 runs - GPU latency: 0.178131 ms - Host latency: 0.178131 ms (enqueue 0.111475 ms)
[03/03/2026-11:05:32] [I] Average on 10 runs - GPU latency: 0.178308 ms - Host latency: 0.178308 ms (enqueue 0.110181 ms)
[03/03/2026-11:05:32] [I] Average on 10 runs - GPU latency: 0.179614 ms - Host latency: 0.179614 ms (enqueue 0.109369 ms)
[03/03/2026-11:05:32] [I] Average on 10 runs - GPU latency: 0.179083 ms - Host latency: 0.179083 ms (enqueue 0.109601 ms)
[03/03/2026-11:05:32] [I] Average on 10 runs - GPU latency: 0.179572 ms - Host latency: 0.179572 ms (enqueue 0.106696 ms)
[03/03/2026-11:05:32] [I] Average on 10 runs - GPU latency: 0.17843 ms - Host latency: 0.17843 ms (enqueue 0.108875 ms)
[03/03/2026-11:05:32] [I] Average on 10 runs - GPU latency: 0.177979 ms - Host latency: 0.177979 ms (enqueue 0.109424 ms)
[03/03/2026-11:05:32] [I] Average on 10 runs - GPU latency: 0.177008 ms - Host latency: 0.177008 ms (enqueue 0.109918 ms)
[03/03/2026-11:05:32] [I] Average on 10 runs - GPU latency: 0.177954 ms - Host latency: 0.177954 ms (enqueue 0.107422 ms)
[03/03/2026-11:05:32] [I] Average on 10 runs - GPU latency: 0.177118 ms - Host latency: 0.177118 ms (enqueue 0.108087 ms)
[03/03/2026-11:05:32] [I] Average on 10 runs - GPU latency: 0.177417 ms - Host latency: 0.177417 ms (enqueue 0.114166 ms)
[03/03/2026-11:05:32] [I] Average on 10 runs - GPU latency: 0.178015 ms - Host latency: 0.178015 ms (enqueue 0.109198 ms)
[03/03/2026-11:05:32] [I] Average on 10 runs - GPU latency: 0.177777 ms - Host latency: 0.177777 ms (enqueue 0.109991 ms)
[03/03/2026-11:05:32] [I] Average on 10 runs - GPU latency: 0.178894 ms - Host latency: 0.178894 ms (enqueue 0.104535 ms)
[03/03/2026-11:05:32] [I] Average on 10 runs - GPU latency: 0.17702 ms - Host latency: 0.17702 ms (enqueue 0.109497 ms)
[03/03/2026-11:05:32] [I] Average on 10 runs - GPU latency: 0.178064 ms - Host latency: 0.178064 ms (enqueue 0.110321 ms)
[03/03/2026-11:05:32] [I] Average on 10 runs - GPU latency: 0.177795 ms - Host latency: 0.177795 ms (enqueue 0.113855 ms)
[03/03/2026-11:05:32] [I] Average on 10 runs - GPU latency: 0.178815 ms - Host latency: 0.178815 ms (enqueue 0.113885 ms)
[03/03/2026-11:05:32] [I] Average on 10 runs - GPU latency: 0.177734 ms - Host latency: 0.177734 ms (enqueue 0.107709 ms)
[03/03/2026-11:05:32] [I] Average on 10 runs - GPU latency: 0.178174 ms - Host latency: 0.178174 ms (enqueue 0.107416 ms)
[03/03/2026-11:05:32] [I] Average on 10 runs - GPU latency: 0.178143 ms - Host latency: 0.178143 ms (enqueue 0.1099 ms)
[03/03/2026-11:05:32] [I] Average on 10 runs - GPU latency: 0.1797 ms - Host latency: 0.1797 ms (enqueue 0.111255 ms)
[03/03/2026-11:05:32] [I] Average on 10 runs - GPU latency: 0.177954 ms - Host latency: 0.177954 ms (enqueue 0.111182 ms)
[03/03/2026-11:05:32] [I] Average on 10 runs - GPU latency: 0.177905 ms - Host latency: 0.177905 ms (enqueue 0.114502 ms)
[03/03/2026-11:05:32] [I] Average on 10 runs - GPU latency: 0.177277 ms - Host latency: 0.177277 ms (enqueue 0.108795 ms)
[03/03/2026-11:05:32] [I] Average on 10 runs - GPU latency: 0.177539 ms - Host latency: 0.177539 ms (enqueue 0.111884 ms)
[03/03/2026-11:05:32] [I] Average on 10 runs - GPU latency: 0.177405 ms - Host latency: 0.177405 ms (enqueue 0.110236 ms)
[03/03/2026-11:05:32] [I] Average on 10 runs - GPU latency: 0.178534 ms - Host latency: 0.178534 ms (enqueue 0.108685 ms)
[03/03/2026-11:05:32] [I] Average on 10 runs - GPU latency: 0.177173 ms - Host latency: 0.177173 ms (enqueue 0.10882 ms)
[03/03/2026-11:05:32] [I] Average on 10 runs - GPU latency: 0.177594 ms - Host latency: 0.177594 ms (enqueue 0.10694 ms)
[03/03/2026-11:05:32] [I] Average on 10 runs - GPU latency: 0.179523 ms - Host latency: 0.179523 ms (enqueue 0.109216 ms)
[03/03/2026-11:05:32] [I] Average on 10 runs - GPU latency: 0.178455 ms - Host latency: 0.178455 ms (enqueue 0.107739 ms)
[03/03/2026-11:05:32] [I] Average on 10 runs - GPU latency: 0.177667 ms - Host latency: 0.177667 ms (enqueue 0.112866 ms)
[03/03/2026-11:05:32] [I] Average on 10 runs - GPU latency: 0.178271 ms - Host latency: 0.178271 ms (enqueue 0.113 ms)
[03/03/2026-11:05:32] [I] Average on 10 runs - GPU latency: 0.176508 ms - Host latency: 0.176508 ms (enqueue 0.11123 ms)
[03/03/2026-11:05:32] [I] Average on 10 runs - GPU latency: 0.178101 ms - Host latency: 0.178101 ms (enqueue 0.114374 ms)
[03/03/2026-11:05:32] [I] Average on 10 runs - GPU latency: 0.178259 ms - Host latency: 0.178259 ms (enqueue 0.108533 ms)
[03/03/2026-11:05:32] [I] Average on 10 runs - GPU latency: 0.1776 ms - Host latency: 0.1776 ms (enqueue 0.112488 ms)
[03/03/2026-11:05:32] [I] Average on 10 runs - GPU latency: 0.178131 ms - Host latency: 0.178131 ms (enqueue 0.110266 ms)
[03/03/2026-11:05:32] [I] Average on 10 runs - GPU latency: 0.178192 ms - Host latency: 0.178192 ms (enqueue 0.106433 ms)
[03/03/2026-11:05:32] [I] Average on 10 runs - GPU latency: 0.177594 ms - Host latency: 0.177594 ms (enqueue 0.108905 ms)
[03/03/2026-11:05:32] [I] Average on 10 runs - GPU latency: 0.176929 ms - Host latency: 0.176929 ms (enqueue 0.109113 ms)
[03/03/2026-11:05:32] [I] Average on 10 runs - GPU latency: 0.177722 ms - Host latency: 0.177722 ms (enqueue 0.109509 ms)
[03/03/2026-11:05:32] [I] Average on 10 runs - GPU latency: 0.177728 ms - Host latency: 0.177728 ms (enqueue 0.109216 ms)
[03/03/2026-11:05:32] [I] Average on 10 runs - GPU latency: 0.177283 ms - Host latency: 0.177283 ms (enqueue 0.110638 ms)
[03/03/2026-11:05:32] [I] Average on 10 runs - GPU latency: 0.178503 ms - Host latency: 0.178503 ms (enqueue 0.105121 ms)
[03/03/2026-11:05:32] [I] Average on 10 runs - GPU latency: 0.178564 ms - Host latency: 0.178564 ms (enqueue 0.109991 ms)
[03/03/2026-11:05:32] [I] Average on 10 runs - GPU latency: 0.17879 ms - Host latency: 0.17879 ms (enqueue 0.10943 ms)
[03/03/2026-11:05:32] [I] Average on 10 runs - GPU latency: 0.177911 ms - Host latency: 0.177911 ms (enqueue 0.107825 ms)
[03/03/2026-11:05:32] [I] Average on 10 runs - GPU latency: 0.179095 ms - Host latency: 0.179095 ms (enqueue 0.108795 ms)
[03/03/2026-11:05:32] [I] Average on 10 runs - GPU latency: 0.178711 ms - Host latency: 0.178711 ms (enqueue 0.111548 ms)
[03/03/2026-11:05:32] [I] Average on 10 runs - GPU latency: 0.179718 ms - Host latency: 0.179718 ms (enqueue 0.10719 ms)
[03/03/2026-11:05:32] [I] Average on 10 runs - GPU latency: 0.17937 ms - Host latency: 0.17937 ms (enqueue 0.109888 ms)
[03/03/2026-11:05:32] [I] Average on 10 runs - GPU latency: 0.178241 ms - Host latency: 0.178241 ms (enqueue 0.109363 ms)
[03/03/2026-11:05:32] [I] Average on 10 runs - GPU latency: 0.178705 ms - Host latency: 0.178705 ms (enqueue 0.108118 ms)
[03/03/2026-11:05:32] [I] Average on 10 runs - GPU latency: 0.178314 ms - Host latency: 0.178314 ms (enqueue 0.110498 ms)
[03/03/2026-11:05:32] [I] Average on 10 runs - GPU latency: 0.178125 ms - Host latency: 0.178125 ms (enqueue 0.116528 ms)
[03/03/2026-11:05:32] [I] Average on 10 runs - GPU latency: 0.178436 ms - Host latency: 0.178436 ms (enqueue 0.110547 ms)
[03/03/2026-11:05:32] [I] Average on 10 runs - GPU latency: 0.178406 ms - Host latency: 0.178406 ms (enqueue 0.109399 ms)
[03/03/2026-11:05:32] [I] Average on 10 runs - GPU latency: 0.178552 ms - Host latency: 0.178552 ms (enqueue 0.110596 ms)
[03/03/2026-11:05:32] [I] Average on 10 runs - GPU latency: 0.178857 ms - Host latency: 0.178857 ms (enqueue 0.108429 ms)
[03/03/2026-11:05:32] [I] Average on 10 runs - GPU latency: 0.178656 ms - Host latency: 0.178656 ms (enqueue 0.111426 ms)
[03/03/2026-11:05:32] [I] Average on 10 runs - GPU latency: 0.177979 ms - Host latency: 0.177979 ms (enqueue 0.107373 ms)
[03/03/2026-11:05:32] [I] Average on 10 runs - GPU latency: 0.178772 ms - Host latency: 0.178772 ms (enqueue 0.110571 ms)
[03/03/2026-11:05:32] [I] Average on 10 runs - GPU latency: 0.178729 ms - Host latency: 0.178729 ms (enqueue 0.109332 ms)
[03/03/2026-11:05:32] [I] Average on 10 runs - GPU latency: 0.178131 ms - Host latency: 0.178131 ms (enqueue 0.111774 ms)
[03/03/2026-11:05:32] [I] Average on 10 runs - GPU latency: 0.17868 ms - Host latency: 0.17868 ms (enqueue 0.10672 ms)
[03/03/2026-11:05:32] [I] Average on 10 runs - GPU latency: 0.17807 ms - Host latency: 0.17807 ms (enqueue 0.111664 ms)
[03/03/2026-11:05:32] [I] Average on 10 runs - GPU latency: 0.178613 ms - Host latency: 0.178613 ms (enqueue 0.112775 ms)
[03/03/2026-11:05:32] [I] Average on 10 runs - GPU latency: 0.176776 ms - Host latency: 0.176776 ms (enqueue 0.11095 ms)
[03/03/2026-11:05:32] [I] Average on 10 runs - GPU latency: 0.180206 ms - Host latency: 0.180206 ms (enqueue 0.103015 ms)
[03/03/2026-11:05:32] [I] Average on 10 runs - GPU latency: 0.179279 ms - Host latency: 0.179279 ms (enqueue 0.111096 ms)
[03/03/2026-11:05:32] [I] Average on 10 runs - GPU latency: 0.177588 ms - Host latency: 0.177588 ms (enqueue 0.109851 ms)
[03/03/2026-11:05:32] [I] Average on 10 runs - GPU latency: 0.176544 ms - Host latency: 0.176544 ms (enqueue 0.108099 ms)
[03/03/2026-11:05:32] [I] Average on 10 runs - GPU latency: 0.177905 ms - Host latency: 0.177905 ms (enqueue 0.111963 ms)
[03/03/2026-11:05:32] [I] Average on 10 runs - GPU latency: 0.177423 ms - Host latency: 0.177423 ms (enqueue 0.111169 ms)
[03/03/2026-11:05:32] [I] Average on 10 runs - GPU latency: 0.177423 ms - Host latency: 0.177423 ms (enqueue 0.112097 ms)
[03/03/2026-11:05:32] [I] Average on 10 runs - GPU latency: 0.177856 ms - Host latency: 0.177856 ms (enqueue 0.114832 ms)
[03/03/2026-11:05:32] [I] Average on 10 runs - GPU latency: 0.1784 ms - Host latency: 0.1784 ms (enqueue 0.115338 ms)
[03/03/2026-11:05:32] [I] Average on 10 runs - GPU latency: 0.177856 ms - Host latency: 0.177856 ms (enqueue 0.108624 ms)
[03/03/2026-11:05:32] [I] Average on 10 runs - GPU latency: 0.178284 ms - Host latency: 0.178284 ms (enqueue 0.107941 ms)
[03/03/2026-11:05:32] [I] Average on 10 runs - GPU latency: 0.179584 ms - Host latency: 0.179584 ms (enqueue 0.108417 ms)
[03/03/2026-11:05:32] [I] Average on 10 runs - GPU latency: 0.178949 ms - Host latency: 0.178949 ms (enqueue 0.106781 ms)
[03/03/2026-11:05:32] [I] Average on 10 runs - GPU latency: 0.177875 ms - Host latency: 0.177875 ms (enqueue 0.109143 ms)
[03/03/2026-11:05:32] [I] Average on 10 runs - GPU latency: 0.178186 ms - Host latency: 0.178186 ms (enqueue 0.109302 ms)
[03/03/2026-11:05:32] [I] Average on 10 runs - GPU latency: 0.177997 ms - Host latency: 0.177997 ms (enqueue 0.111157 ms)
[03/03/2026-11:05:32] [I] Average on 10 runs - GPU latency: 0.179462 ms - Host latency: 0.179462 ms (enqueue 0.108533 ms)
[03/03/2026-11:05:32] [I] Average on 10 runs - GPU latency: 0.177911 ms - Host latency: 0.177911 ms (enqueue 0.111261 ms)
[03/03/2026-11:05:32] [I] Average on 10 runs - GPU latency: 0.179474 ms - Host latency: 0.179474 ms (enqueue 0.107861 ms)
[03/03/2026-11:05:32] [I] Average on 10 runs - GPU latency: 0.177917 ms - Host latency: 0.177917 ms (enqueue 0.112256 ms)
[03/03/2026-11:05:32] [I] Average on 10 runs - GPU latency: 0.177771 ms - Host latency: 0.177771 ms (enqueue 0.118213 ms)
[03/03/2026-11:05:32] [I] Average on 10 runs - GPU latency: 0.177649 ms - Host latency: 0.177649 ms (enqueue 0.11189 ms)
[03/03/2026-11:05:32] [I] Average on 10 runs - GPU latency: 0.176953 ms - Host latency: 0.176953 ms (enqueue 0.110315 ms)
[03/03/2026-11:05:32] [I] Average on 10 runs - GPU latency: 0.177344 ms - Host latency: 0.177344 ms (enqueue 0.110535 ms)
[03/03/2026-11:05:32] [I] Average on 10 runs - GPU latency: 0.177258 ms - Host latency: 0.177258 ms (enqueue 0.113306 ms)
[03/03/2026-11:05:32] [I] Average on 10 runs - GPU latency: 0.177783 ms - Host latency: 0.177783 ms (enqueue 0.110559 ms)
[03/03/2026-11:05:32] [I] Average on 10 runs - GPU latency: 0.177466 ms - Host latency: 0.177466 ms (enqueue 0.115173 ms)
[03/03/2026-11:05:32] [I] Average on 10 runs - GPU latency: 0.177905 ms - Host latency: 0.177905 ms (enqueue 0.112244 ms)
[03/03/2026-11:05:32] [I] Average on 10 runs - GPU latency: 0.177673 ms - Host latency: 0.177673 ms (enqueue 0.111536 ms)
[03/03/2026-11:05:32] [I] Average on 10 runs - GPU latency: 0.178394 ms - Host latency: 0.178394 ms (enqueue 0.113794 ms)
[03/03/2026-11:05:32] [I] Average on 10 runs - GPU latency: 0.176575 ms - Host latency: 0.176575 ms (enqueue 0.109656 ms)
[03/03/2026-11:05:32] [I] Average on 10 runs - GPU latency: 0.178381 ms - Host latency: 0.178381 ms (enqueue 0.111597 ms)
[03/03/2026-11:05:32] [I] Average on 10 runs - GPU latency: 0.17865 ms - Host latency: 0.17865 ms (enqueue 0.112732 ms)
[03/03/2026-11:05:32] [I] Average on 10 runs - GPU latency: 0.177075 ms - Host latency: 0.177075 ms (enqueue 0.109485 ms)
[03/03/2026-11:05:32] [I] Average on 10 runs - GPU latency: 0.178406 ms - Host latency: 0.178406 ms (enqueue 0.109058 ms)
[03/03/2026-11:05:32] [I] Average on 10 runs - GPU latency: 0.178247 ms - Host latency: 0.178247 ms (enqueue 0.110608 ms)
[03/03/2026-11:05:32] [I] Average on 10 runs - GPU latency: 0.17793 ms - Host latency: 0.17793 ms (enqueue 0.107715 ms)
[03/03/2026-11:05:32] [I] Average on 10 runs - GPU latency: 0.178516 ms - Host latency: 0.178516 ms (enqueue 0.107678 ms)
[03/03/2026-11:05:32] [I] Average on 10 runs - GPU latency: 0.178259 ms - Host latency: 0.178259 ms (enqueue 0.108484 ms)
[03/03/2026-11:05:32] [I] Average on 10 runs - GPU latency: 0.17865 ms - Host latency: 0.17865 ms (enqueue 0.103918 ms)
[03/03/2026-11:05:32] [I] Average on 10 runs - GPU latency: 0.177991 ms - Host latency: 0.177991 ms (enqueue 0.110645 ms)
[03/03/2026-11:05:32] [I] Average on 10 runs - GPU latency: 0.179834 ms - Host latency: 0.179834 ms (enqueue 0.107422 ms)
[03/03/2026-11:05:32] [I] Average on 10 runs - GPU latency: 0.178101 ms - Host latency: 0.178101 ms (enqueue 0.111365 ms)
[03/03/2026-11:05:32] [I] Average on 10 runs - GPU latency: 0.178577 ms - Host latency: 0.178577 ms (enqueue 0.108374 ms)
[03/03/2026-11:05:32] [I] Average on 10 runs - GPU latency: 0.179297 ms - Host latency: 0.179297 ms (enqueue 0.108789 ms)
[03/03/2026-11:05:32] [I] Average on 10 runs - GPU latency: 0.180225 ms - Host latency: 0.180225 ms (enqueue 0.10802 ms)
[03/03/2026-11:05:32] [I] Average on 10 runs - GPU latency: 0.179199 ms - Host latency: 0.179199 ms (enqueue 0.105273 ms)
[03/03/2026-11:05:32] [I] Average on 10 runs - GPU latency: 0.179297 ms - Host latency: 0.179297 ms (enqueue 0.104175 ms)
[03/03/2026-11:05:32] [I] Average on 10 runs - GPU latency: 0.178247 ms - Host latency: 0.178247 ms (enqueue 0.109363 ms)
[03/03/2026-11:05:32] [I] Average on 10 runs - GPU latency: 0.178357 ms - Host latency: 0.178357 ms (enqueue 0.109485 ms)
[03/03/2026-11:05:32] [I] Average on 10 runs - GPU latency: 0.177661 ms - Host latency: 0.177661 ms (enqueue 0.109106 ms)
[03/03/2026-11:05:32] [I] Average on 10 runs - GPU latency: 0.176489 ms - Host latency: 0.176489 ms (enqueue 0.108972 ms)
[03/03/2026-11:05:32] [I] Average on 10 runs - GPU latency: 0.17782 ms - Host latency: 0.17782 ms (enqueue 0.109448 ms)
[03/03/2026-11:05:32] [I] Average on 10 runs - GPU latency: 0.18064 ms - Host latency: 0.18064 ms (enqueue 0.107031 ms)
[03/03/2026-11:05:32] [I] Average on 10 runs - GPU latency: 0.17843 ms - Host latency: 0.17843 ms (enqueue 0.109656 ms)
[03/03/2026-11:05:32] [I] Average on 10 runs - GPU latency: 0.179297 ms - Host latency: 0.179297 ms (enqueue 0.107178 ms)
[03/03/2026-11:05:32] [I] Average on 10 runs - GPU latency: 0.179395 ms - Host latency: 0.179395 ms (enqueue 0.104431 ms)
[03/03/2026-11:05:32] [I] Average on 10 runs - GPU latency: 0.178162 ms - Host latency: 0.178162 ms (enqueue 0.105762 ms)
[03/03/2026-11:05:32] [I] Average on 10 runs - GPU latency: 0.178186 ms - Host latency: 0.178186 ms (enqueue 0.108643 ms)
[03/03/2026-11:05:32] [I] Average on 10 runs - GPU latency: 0.176892 ms - Host latency: 0.176892 ms (enqueue 0.109729 ms)
[03/03/2026-11:05:32] [I] Average on 10 runs - GPU latency: 0.179443 ms - Host latency: 0.179443 ms (enqueue 0.106946 ms)
[03/03/2026-11:05:32] [I] Average on 10 runs - GPU latency: 0.179126 ms - Host latency: 0.179126 ms (enqueue 0.106873 ms)
[03/03/2026-11:05:32] [I] Average on 10 runs - GPU latency: 0.179492 ms - Host latency: 0.179492 ms (enqueue 0.109192 ms)
[03/03/2026-11:05:32] [I] Average on 10 runs - GPU latency: 0.17804 ms - Host latency: 0.17804 ms (enqueue 0.106177 ms)
[03/03/2026-11:05:32] [I] Average on 10 runs - GPU latency: 0.178564 ms - Host latency: 0.178564 ms (enqueue 0.105908 ms)
[03/03/2026-11:05:32] [I] Average on 10 runs - GPU latency: 0.176965 ms - Host latency: 0.176965 ms (enqueue 0.109424 ms)
[03/03/2026-11:05:32] [I] Average on 10 runs - GPU latency: 0.178845 ms - Host latency: 0.178845 ms (enqueue 0.10957 ms)
[03/03/2026-11:05:32] [I] Average on 10 runs - GPU latency: 0.179065 ms - Host latency: 0.179065 ms (enqueue 0.109082 ms)
[03/03/2026-11:05:32] [I] Average on 10 runs - GPU latency: 0.178772 ms - Host latency: 0.178772 ms (enqueue 0.106714 ms)
[03/03/2026-11:05:32] [I] Average on 10 runs - GPU latency: 0.178796 ms - Host latency: 0.178796 ms (enqueue 0.107581 ms)
[03/03/2026-11:05:32] [I] Average on 10 runs - GPU latency: 0.177136 ms - Host latency: 0.177136 ms (enqueue 0.10835 ms)
[03/03/2026-11:05:32] [I] Average on 10 runs - GPU latency: 0.178125 ms - Host latency: 0.178125 ms (enqueue 0.113452 ms)
[03/03/2026-11:05:32] [I] Average on 10 runs - GPU latency: 0.178369 ms - Host latency: 0.178369 ms (enqueue 0.109497 ms)
[03/03/2026-11:05:32] [I] Average on 10 runs - GPU latency: 0.177063 ms - Host latency: 0.177063 ms (enqueue 0.110815 ms)
[03/03/2026-11:05:32] [I] Average on 10 runs - GPU latency: 0.178491 ms - Host latency: 0.178491 ms (enqueue 0.10658 ms)
[03/03/2026-11:05:32] [I] Average on 10 runs - GPU latency: 0.178076 ms - Host latency: 0.178076 ms (enqueue 0.111426 ms)
[03/03/2026-11:05:32] [I] Average on 10 runs - GPU latency: 0.178174 ms - Host latency: 0.178174 ms (enqueue 0.10769 ms)
[03/03/2026-11:05:32] [I] Average on 10 runs - GPU latency: 0.177527 ms - Host latency: 0.177527 ms (enqueue 0.111951 ms)
[03/03/2026-11:05:32] [I] Average on 10 runs - GPU latency: 0.17804 ms - Host latency: 0.17804 ms (enqueue 0.109644 ms)
[03/03/2026-11:05:32] [I] Average on 10 runs - GPU latency: 0.177917 ms - Host latency: 0.177917 ms (enqueue 0.107971 ms)
[03/03/2026-11:05:32] [I] Average on 10 runs - GPU latency: 0.178735 ms - Host latency: 0.178735 ms (enqueue 0.111182 ms)
[03/03/2026-11:05:32] [I] Average on 10 runs - GPU latency: 0.177893 ms - Host latency: 0.177893 ms (enqueue 0.108972 ms)
[03/03/2026-11:05:32] [I] Average on 10 runs - GPU latency: 0.178467 ms - Host latency: 0.178467 ms (enqueue 0.110962 ms)
[03/03/2026-11:05:32] [I] Average on 10 runs - GPU latency: 0.17749 ms - Host latency: 0.17749 ms (enqueue 0.1125 ms)
[03/03/2026-11:05:32] [I] Average on 10 runs - GPU latency: 0.177673 ms - Host latency: 0.177673 ms (enqueue 0.108142 ms)
[03/03/2026-11:05:32] [I] Average on 10 runs - GPU latency: 0.178601 ms - Host latency: 0.178601 ms (enqueue 0.105713 ms)
[03/03/2026-11:05:32] [I] Average on 10 runs - GPU latency: 0.178052 ms - Host latency: 0.178052 ms (enqueue 0.111804 ms)
[03/03/2026-11:05:32] [I] Average on 10 runs - GPU latency: 0.178015 ms - Host latency: 0.178015 ms (enqueue 0.110791 ms)
[03/03/2026-11:05:32] [I] Average on 10 runs - GPU latency: 0.176697 ms - Host latency: 0.176697 ms (enqueue 0.110193 ms)
[03/03/2026-11:05:32] [I] Average on 10 runs - GPU latency: 0.177747 ms - Host latency: 0.177747 ms (enqueue 0.107886 ms)
[03/03/2026-11:05:32] [I] Average on 10 runs - GPU latency: 0.178394 ms - Host latency: 0.178394 ms (enqueue 0.109253 ms)
[03/03/2026-11:05:32] [I] Average on 10 runs - GPU latency: 0.178552 ms - Host latency: 0.178552 ms (enqueue 0.112231 ms)
[03/03/2026-11:05:32] [I] Average on 10 runs - GPU latency: 0.179004 ms - Host latency: 0.179004 ms (enqueue 0.112 ms)
[03/03/2026-11:05:32] [I] Average on 10 runs - GPU latency: 0.178223 ms - Host latency: 0.178223 ms (enqueue 0.11084 ms)
[03/03/2026-11:05:32] [I] Average on 10 runs - GPU latency: 0.178503 ms - Host latency: 0.178503 ms (enqueue 0.109497 ms)
[03/03/2026-11:05:32] [I] Average on 10 runs - GPU latency: 0.178088 ms - Host latency: 0.178088 ms (enqueue 0.11073 ms)
[03/03/2026-11:05:32] [I] Average on 10 runs - GPU latency: 0.178162 ms - Host latency: 0.178162 ms (enqueue 0.107983 ms)
[03/03/2026-11:05:32] [I] Average on 10 runs - GPU latency: 0.178845 ms - Host latency: 0.178845 ms (enqueue 0.11239 ms)
[03/03/2026-11:05:32] [I] Average on 10 runs - GPU latency: 0.178809 ms - Host latency: 0.178809 ms (enqueue 0.109912 ms)
[03/03/2026-11:05:32] [I] Average on 10 runs - GPU latency: 0.178137 ms - Host latency: 0.178137 ms (enqueue 0.115076 ms)
[03/03/2026-11:05:32] [I] Average on 10 runs - GPU latency: 0.176794 ms - Host latency: 0.176794 ms (enqueue 0.111694 ms)
[03/03/2026-11:05:32] [I] Average on 10 runs - GPU latency: 0.178271 ms - Host latency: 0.178271 ms (enqueue 0.10957 ms)
[03/03/2026-11:05:32] [I] Average on 10 runs - GPU latency: 0.178259 ms - Host latency: 0.178259 ms (enqueue 0.113171 ms)
[03/03/2026-11:05:32] [I] Average on 10 runs - GPU latency: 0.177576 ms - Host latency: 0.177576 ms (enqueue 0.111023 ms)
[03/03/2026-11:05:32] [I] Average on 10 runs - GPU latency: 0.17749 ms - Host latency: 0.17749 ms (enqueue 0.111133 ms)
[03/03/2026-11:05:32] [I] Average on 10 runs - GPU latency: 0.17793 ms - Host latency: 0.17793 ms (enqueue 0.112268 ms)
[03/03/2026-11:05:32] [I] Average on 10 runs - GPU latency: 0.178821 ms - Host latency: 0.178821 ms (enqueue 0.113306 ms)
[03/03/2026-11:05:32] [I] Average on 10 runs - GPU latency: 0.178625 ms - Host latency: 0.178625 ms (enqueue 0.11073 ms)
[03/03/2026-11:05:32] [I] Average on 10 runs - GPU latency: 0.177686 ms - Host latency: 0.177686 ms (enqueue 0.109753 ms)
[03/03/2026-11:05:32] [I] Average on 10 runs - GPU latency: 0.177258 ms - Host latency: 0.177258 ms (enqueue 0.1104 ms)
[03/03/2026-11:05:32] [I] Average on 10 runs - GPU latency: 0.176355 ms - Host latency: 0.176355 ms (enqueue 0.113501 ms)
[03/03/2026-11:05:32] [I] Average on 10 runs - GPU latency: 0.179614 ms - Host latency: 0.179614 ms (enqueue 0.109143 ms)
[03/03/2026-11:05:32] [I] Average on 10 runs - GPU latency: 0.178711 ms - Host latency: 0.178711 ms (enqueue 0.108447 ms)
[03/03/2026-11:05:32] [I] Average on 10 runs - GPU latency: 0.177637 ms - Host latency: 0.177637 ms (enqueue 0.10791 ms)
[03/03/2026-11:05:32] [I] Average on 10 runs - GPU latency: 0.177014 ms - Host latency: 0.177014 ms (enqueue 0.112329 ms)
[03/03/2026-11:05:32] [I] Average on 10 runs - GPU latency: 0.177527 ms - Host latency: 0.177527 ms (enqueue 0.11145 ms)
[03/03/2026-11:05:32] [I] Average on 10 runs - GPU latency: 0.1776 ms - Host latency: 0.1776 ms (enqueue 0.109192 ms)
[03/03/2026-11:05:32] [I] Average on 10 runs - GPU latency: 0.179089 ms - Host latency: 0.179089 ms (enqueue 0.10769 ms)
[03/03/2026-11:05:32] [I] Average on 10 runs - GPU latency: 0.178809 ms - Host latency: 0.178809 ms (enqueue 0.109448 ms)
[03/03/2026-11:05:32] [I] Average on 10 runs - GPU latency: 0.177649 ms - Host latency: 0.177649 ms (enqueue 0.109485 ms)
[03/03/2026-11:05:32] [I] Average on 10 runs - GPU latency: 0.179004 ms - Host latency: 0.179004 ms (enqueue 0.108264 ms)
[03/03/2026-11:05:32] [I] Average on 10 runs - GPU latency: 0.178174 ms - Host latency: 0.178174 ms (enqueue 0.108191 ms)
[03/03/2026-11:05:32] [I] Average on 10 runs - GPU latency: 0.179028 ms - Host latency: 0.179028 ms (enqueue 0.10946 ms)
[03/03/2026-11:05:32] [I] Average on 10 runs - GPU latency: 0.178101 ms - Host latency: 0.178101 ms (enqueue 0.108301 ms)
[03/03/2026-11:05:32] [I] Average on 10 runs - GPU latency: 0.177332 ms - Host latency: 0.177332 ms (enqueue 0.109802 ms)
[03/03/2026-11:05:32] [I] Average on 10 runs - GPU latency: 0.17959 ms - Host latency: 0.17959 ms (enqueue 0.105896 ms)
[03/03/2026-11:05:32] [I] Average on 10 runs - GPU latency: 0.180127 ms - Host latency: 0.180127 ms (enqueue 0.109155 ms)
[03/03/2026-11:05:32] [I] Average on 10 runs - GPU latency: 0.178357 ms - Host latency: 0.178357 ms (enqueue 0.110193 ms)
[03/03/2026-11:05:32] [I] Average on 10 runs - GPU latency: 0.177808 ms - Host latency: 0.177808 ms (enqueue 0.110217 ms)
[03/03/2026-11:05:32] [I] Average on 10 runs - GPU latency: 0.179028 ms - Host latency: 0.179028 ms (enqueue 0.106885 ms)
[03/03/2026-11:05:32] [I] Average on 10 runs - GPU latency: 0.178064 ms - Host latency: 0.178064 ms (enqueue 0.107739 ms)
[03/03/2026-11:05:32] [I] Average on 10 runs - GPU latency: 0.178906 ms - Host latency: 0.178906 ms (enqueue 0.10918 ms)
[03/03/2026-11:05:32] [I] Average on 10 runs - GPU latency: 0.178723 ms - Host latency: 0.178723 ms (enqueue 0.110681 ms)
[03/03/2026-11:05:32] [I] Average on 10 runs - GPU latency: 0.178442 ms - Host latency: 0.178442 ms (enqueue 0.112219 ms)
[03/03/2026-11:05:32] [I] Average on 10 runs - GPU latency: 0.177942 ms - Host latency: 0.177942 ms (enqueue 0.11283 ms)
[03/03/2026-11:05:32] [I] Average on 10 runs - GPU latency: 0.178601 ms - Host latency: 0.178601 ms (enqueue 0.110107 ms)
[03/03/2026-11:05:32] [I] Average on 10 runs - GPU latency: 0.178308 ms - Host latency: 0.178308 ms (enqueue 0.109937 ms)
[03/03/2026-11:05:32] [I] Average on 10 runs - GPU latency: 0.177551 ms - Host latency: 0.177551 ms (enqueue 0.111938 ms)
[03/03/2026-11:05:32] [I] Average on 10 runs - GPU latency: 0.17821 ms - Host latency: 0.17821 ms (enqueue 0.106165 ms)
[03/03/2026-11:05:32] [I] Average on 10 runs - GPU latency: 0.18031 ms - Host latency: 0.18031 ms (enqueue 0.107202 ms)
[03/03/2026-11:05:32] [I] Average on 10 runs - GPU latency: 0.177576 ms - Host latency: 0.177576 ms (enqueue 0.108899 ms)
[03/03/2026-11:05:32] [I] Average on 10 runs - GPU latency: 0.178577 ms - Host latency: 0.178577 ms (enqueue 0.107971 ms)
[03/03/2026-11:05:32] [I] Average on 10 runs - GPU latency: 0.177441 ms - Host latency: 0.177441 ms (enqueue 0.111243 ms)
[03/03/2026-11:05:32] [I] Average on 10 runs - GPU latency: 0.177527 ms - Host latency: 0.177527 ms (enqueue 0.107361 ms)
[03/03/2026-11:05:32] [I] Average on 10 runs - GPU latency: 0.176929 ms - Host latency: 0.176929 ms (enqueue 0.107288 ms)
[03/03/2026-11:05:32] [I] Average on 10 runs - GPU latency: 0.177759 ms - Host latency: 0.177759 ms (enqueue 0.108496 ms)
[03/03/2026-11:05:32] [I] Average on 10 runs - GPU latency: 0.178613 ms - Host latency: 0.178613 ms (enqueue 0.109094 ms)
[03/03/2026-11:05:32] [I] Average on 10 runs - GPU latency: 0.178503 ms - Host latency: 0.178503 ms (enqueue 0.108557 ms)
[03/03/2026-11:05:32] [I] Average on 10 runs - GPU latency: 0.178186 ms - Host latency: 0.178186 ms (enqueue 0.110168 ms)
[03/03/2026-11:05:32] [I] Average on 10 runs - GPU latency: 0.180103 ms - Host latency: 0.180103 ms (enqueue 0.105762 ms)
[03/03/2026-11:05:32] [I] Average on 10 runs - GPU latency: 0.17793 ms - Host latency: 0.17793 ms (enqueue 0.113635 ms)
[03/03/2026-11:05:32] [I] Average on 10 runs - GPU latency: 0.17821 ms - Host latency: 0.17821 ms (enqueue 0.110242 ms)
[03/03/2026-11:05:32] [I] Average on 10 runs - GPU latency: 0.177783 ms - Host latency: 0.177783 ms (enqueue 0.10863 ms)
[03/03/2026-11:05:32] [I] Average on 10 runs - GPU latency: 0.178125 ms - Host latency: 0.178125 ms (enqueue 0.10957 ms)
[03/03/2026-11:05:32] [I] Average on 10 runs - GPU latency: 0.178821 ms - Host latency: 0.178821 ms (enqueue 0.110413 ms)
[03/03/2026-11:05:32] [I] Average on 10 runs - GPU latency: 0.178381 ms - Host latency: 0.178381 ms (enqueue 0.109485 ms)
[03/03/2026-11:05:32] [I] Average on 10 runs - GPU latency: 0.177869 ms - Host latency: 0.177869 ms (enqueue 0.106995 ms)
[03/03/2026-11:05:32] [I] Average on 10 runs - GPU latency: 0.178931 ms - Host latency: 0.178931 ms (enqueue 0.110229 ms)
[03/03/2026-11:05:32] [I] Average on 10 runs - GPU latency: 0.177649 ms - Host latency: 0.177649 ms (enqueue 0.108167 ms)
[03/03/2026-11:05:32] [I] Average on 10 runs - GPU latency: 0.177869 ms - Host latency: 0.177869 ms (enqueue 0.110217 ms)
[03/03/2026-11:05:32] [I] Average on 10 runs - GPU latency: 0.179456 ms - Host latency: 0.179456 ms (enqueue 0.110217 ms)
[03/03/2026-11:05:32] [I] Average on 10 runs - GPU latency: 0.178357 ms - Host latency: 0.178357 ms (enqueue 0.106409 ms)
[03/03/2026-11:05:32] [I] Average on 10 runs - GPU latency: 0.179126 ms - Host latency: 0.179126 ms (enqueue 0.113293 ms)
[03/03/2026-11:05:32] [I] Average on 10 runs - GPU latency: 0.178064 ms - Host latency: 0.178064 ms (enqueue 0.111621 ms)
[03/03/2026-11:05:32] [I] Average on 10 runs - GPU latency: 0.177625 ms - Host latency: 0.177625 ms (enqueue 0.110181 ms)
[03/03/2026-11:05:32] [I] Average on 10 runs - GPU latency: 0.178235 ms - Host latency: 0.178235 ms (enqueue 0.10863 ms)
[03/03/2026-11:05:32] [I] Average on 10 runs - GPU latency: 0.177576 ms - Host latency: 0.177576 ms (enqueue 0.107495 ms)
[03/03/2026-11:05:32] [I] Average on 10 runs - GPU latency: 0.179517 ms - Host latency: 0.179517 ms (enqueue 0.109509 ms)
[03/03/2026-11:05:32] [I] Average on 10 runs - GPU latency: 0.177405 ms - Host latency: 0.177405 ms (enqueue 0.105945 ms)
[03/03/2026-11:05:32] [I] Average on 10 runs - GPU latency: 0.177869 ms - Host latency: 0.177869 ms (enqueue 0.108362 ms)
[03/03/2026-11:05:32] [I] Average on 10 runs - GPU latency: 0.17782 ms - Host latency: 0.17782 ms (enqueue 0.113794 ms)
[03/03/2026-11:05:32] [I] Average on 10 runs - GPU latency: 0.178418 ms - Host latency: 0.178418 ms (enqueue 0.105713 ms)
[03/03/2026-11:05:32] [I] Average on 10 runs - GPU latency: 0.178625 ms - Host latency: 0.178625 ms (enqueue 0.110474 ms)
[03/03/2026-11:05:32] [I] Average on 10 runs - GPU latency: 0.177502 ms - Host latency: 0.177502 ms (enqueue 0.108252 ms)
[03/03/2026-11:05:32] [I] Average on 10 runs - GPU latency: 0.177185 ms - Host latency: 0.177185 ms (enqueue 0.106775 ms)
[03/03/2026-11:05:32] [I] Average on 10 runs - GPU latency: 0.178284 ms - Host latency: 0.178284 ms (enqueue 0.110449 ms)
[03/03/2026-11:05:32] [I] Average on 10 runs - GPU latency: 0.178357 ms - Host latency: 0.178357 ms (enqueue 0.110352 ms)
[03/03/2026-11:05:32] [I] Average on 10 runs - GPU latency: 0.178271 ms - Host latency: 0.178271 ms (enqueue 0.11001 ms)
[03/03/2026-11:05:32] [I] Average on 10 runs - GPU latency: 0.177771 ms - Host latency: 0.177771 ms (enqueue 0.106812 ms)
[03/03/2026-11:05:32] [I] Average on 10 runs - GPU latency: 0.177966 ms - Host latency: 0.177966 ms (enqueue 0.110815 ms)
[03/03/2026-11:05:32] [I] Average on 10 runs - GPU latency: 0.178052 ms - Host latency: 0.178052 ms (enqueue 0.108032 ms)
[03/03/2026-11:05:32] [I] Average on 10 runs - GPU latency: 0.178052 ms - Host latency: 0.178052 ms (enqueue 0.111768 ms)
[03/03/2026-11:05:32] [I] Average on 10 runs - GPU latency: 0.177856 ms - Host latency: 0.177856 ms (enqueue 0.11377 ms)
[03/03/2026-11:05:32] [I] Average on 10 runs - GPU latency: 0.179053 ms - Host latency: 0.179053 ms (enqueue 0.108887 ms)
[03/03/2026-11:05:32] [I] Average on 10 runs - GPU latency: 0.178735 ms - Host latency: 0.178735 ms (enqueue 0.110803 ms)
[03/03/2026-11:05:32] [I] Average on 10 runs - GPU latency: 0.17699 ms - Host latency: 0.17699 ms (enqueue 0.108032 ms)
[03/03/2026-11:05:32] [I] Average on 10 runs - GPU latency: 0.178394 ms - Host latency: 0.178394 ms (enqueue 0.107397 ms)
[03/03/2026-11:05:32] [I] Average on 10 runs - GPU latency: 0.177527 ms - Host latency: 0.177527 ms (enqueue 0.107764 ms)
[03/03/2026-11:05:32] [I] Average on 10 runs - GPU latency: 0.178296 ms - Host latency: 0.178296 ms (enqueue 0.108093 ms)
[03/03/2026-11:05:32] [I] Average on 10 runs - GPU latency: 0.179663 ms - Host latency: 0.179663 ms (enqueue 0.109094 ms)
[03/03/2026-11:05:32] [I] Average on 10 runs - GPU latency: 0.178589 ms - Host latency: 0.178589 ms (enqueue 0.106201 ms)
[03/03/2026-11:05:32] [I] Average on 10 runs - GPU latency: 0.178455 ms - Host latency: 0.178455 ms (enqueue 0.106567 ms)
[03/03/2026-11:05:32] [I] Average on 10 runs - GPU latency: 0.178857 ms - Host latency: 0.178857 ms (enqueue 0.106726 ms)
[03/03/2026-11:05:32] [I] Average on 10 runs - GPU latency: 0.17804 ms - Host latency: 0.17804 ms (enqueue 0.111572 ms)
[03/03/2026-11:05:32] [I] Average on 10 runs - GPU latency: 0.177966 ms - Host latency: 0.177966 ms (enqueue 0.107727 ms)
[03/03/2026-11:05:32] [I] Average on 10 runs - GPU latency: 0.177905 ms - Host latency: 0.177905 ms (enqueue 0.109106 ms)
[03/03/2026-11:05:32] [I] Average on 10 runs - GPU latency: 0.178931 ms - Host latency: 0.178931 ms (enqueue 0.106299 ms)
[03/03/2026-11:05:32] [I] Average on 10 runs - GPU latency: 0.178662 ms - Host latency: 0.178662 ms (enqueue 0.108569 ms)
[03/03/2026-11:05:32] [I] Average on 10 runs - GPU latency: 0.177478 ms - Host latency: 0.177478 ms (enqueue 0.10675 ms)
[03/03/2026-11:05:32] [I] Average on 10 runs - GPU latency: 0.178345 ms - Host latency: 0.178345 ms (enqueue 0.107397 ms)
[03/03/2026-11:05:32] [I] Average on 10 runs - GPU latency: 0.180042 ms - Host latency: 0.180042 ms (enqueue 0.10835 ms)
[03/03/2026-11:05:32] [I] Average on 10 runs - GPU latency: 0.178076 ms - Host latency: 0.178076 ms (enqueue 0.107947 ms)
[03/03/2026-11:05:32] [I] Average on 10 runs - GPU latency: 0.178369 ms - Host latency: 0.178369 ms (enqueue 0.108093 ms)
[03/03/2026-11:05:32] [I] Average on 10 runs - GPU latency: 0.179431 ms - Host latency: 0.179431 ms (enqueue 0.107275 ms)
[03/03/2026-11:05:32] [I] Average on 10 runs - GPU latency: 0.178687 ms - Host latency: 0.178687 ms (enqueue 0.108093 ms)
[03/03/2026-11:05:32] [I] Average on 10 runs - GPU latency: 0.180359 ms - Host latency: 0.180359 ms (enqueue 0.105017 ms)
[03/03/2026-11:05:32] [I] Average on 10 runs - GPU latency: 0.177966 ms - Host latency: 0.177966 ms (enqueue 0.109705 ms)
[03/03/2026-11:05:32] [I] Average on 10 runs - GPU latency: 0.177295 ms - Host latency: 0.177295 ms (enqueue 0.107825 ms)
[03/03/2026-11:05:32] [I] Average on 10 runs - GPU latency: 0.178186 ms - Host latency: 0.178186 ms (enqueue 0.111035 ms)
[03/03/2026-11:05:32] [I] Average on 10 runs - GPU latency: 0.178638 ms - Host latency: 0.178638 ms (enqueue 0.111145 ms)
[03/03/2026-11:05:32] [I] Average on 10 runs - GPU latency: 0.178882 ms - Host latency: 0.178882 ms (enqueue 0.109436 ms)
[03/03/2026-11:05:32] [I] Average on 10 runs - GPU latency: 0.177539 ms - Host latency: 0.177539 ms (enqueue 0.109692 ms)
[03/03/2026-11:05:32] [I] Average on 10 runs - GPU latency: 0.178845 ms - Host latency: 0.178845 ms (enqueue 0.109302 ms)
[03/03/2026-11:05:32] [I] Average on 10 runs - GPU latency: 0.179321 ms - Host latency: 0.179321 ms (enqueue 0.105823 ms)
[03/03/2026-11:05:32] [I] Average on 10 runs - GPU latency: 0.177881 ms - Host latency: 0.177881 ms (enqueue 0.108325 ms)
[03/03/2026-11:05:32] [I] Average on 10 runs - GPU latency: 0.178809 ms - Host latency: 0.178809 ms (enqueue 0.10614 ms)
[03/03/2026-11:05:32] [I] Average on 10 runs - GPU latency: 0.179248 ms - Host latency: 0.179248 ms (enqueue 0.106543 ms)
[03/03/2026-11:05:32] [I] Average on 10 runs - GPU latency: 0.178149 ms - Host latency: 0.178149 ms (enqueue 0.111499 ms)
[03/03/2026-11:05:32] [I] Average on 10 runs - GPU latency: 0.177771 ms - Host latency: 0.177771 ms (enqueue 0.110779 ms)
[03/03/2026-11:05:32] [I] Average on 10 runs - GPU latency: 0.178088 ms - Host latency: 0.178088 ms (enqueue 0.109399 ms)
[03/03/2026-11:05:32] [I] Average on 10 runs - GPU latency: 0.179333 ms - Host latency: 0.179333 ms (enqueue 0.107214 ms)
[03/03/2026-11:05:32] [I] Average on 10 runs - GPU latency: 0.179456 ms - Host latency: 0.179456 ms (enqueue 0.113647 ms)
[03/03/2026-11:05:32] [I] Average on 10 runs - GPU latency: 0.177661 ms - Host latency: 0.177661 ms (enqueue 0.107471 ms)
[03/03/2026-11:05:32] [I] Average on 10 runs - GPU latency: 0.178662 ms - Host latency: 0.178662 ms (enqueue 0.111523 ms)
[03/03/2026-11:05:32] [I] Average on 10 runs - GPU latency: 0.178369 ms - Host latency: 0.178369 ms (enqueue 0.112964 ms)
[03/03/2026-11:05:32] [I] Average on 10 runs - GPU latency: 0.178149 ms - Host latency: 0.178149 ms (enqueue 0.108545 ms)
[03/03/2026-11:05:32] [I] Average on 10 runs - GPU latency: 0.177673 ms - Host latency: 0.177673 ms (enqueue 0.112793 ms)
[03/03/2026-11:05:32] [I] Average on 10 runs - GPU latency: 0.178125 ms - Host latency: 0.178125 ms (enqueue 0.110095 ms)
[03/03/2026-11:05:32] [I] Average on 10 runs - GPU latency: 0.179358 ms - Host latency: 0.179358 ms (enqueue 0.110889 ms)
[03/03/2026-11:05:32] [I] Average on 10 runs - GPU latency: 0.17865 ms - Host latency: 0.17865 ms (enqueue 0.108264 ms)
[03/03/2026-11:05:32] [I] Average on 10 runs - GPU latency: 0.177637 ms - Host latency: 0.177637 ms (enqueue 0.111499 ms)
[03/03/2026-11:05:32] [I] Average on 10 runs - GPU latency: 0.179211 ms - Host latency: 0.179211 ms (enqueue 0.108203 ms)
[03/03/2026-11:05:32] [I] Average on 10 runs - GPU latency: 0.17821 ms - Host latency: 0.17821 ms (enqueue 0.109424 ms)
[03/03/2026-11:05:32] [I] Average on 10 runs - GPU latency: 0.177429 ms - Host latency: 0.177429 ms (enqueue 0.110254 ms)
[03/03/2026-11:05:32] [I] Average on 10 runs - GPU latency: 0.180103 ms - Host latency: 0.180103 ms (enqueue 0.106323 ms)
[03/03/2026-11:05:32] [I] Average on 10 runs - GPU latency: 0.178809 ms - Host latency: 0.178809 ms (enqueue 0.111292 ms)
[03/03/2026-11:05:32] [I] Average on 10 runs - GPU latency: 0.180042 ms - Host latency: 0.180042 ms (enqueue 0.107214 ms)
[03/03/2026-11:05:32] [I] Average on 10 runs - GPU latency: 0.178625 ms - Host latency: 0.178625 ms (enqueue 0.108081 ms)
[03/03/2026-11:05:32] [I] Average on 10 runs - GPU latency: 0.179846 ms - Host latency: 0.179846 ms (enqueue 0.106311 ms)
[03/03/2026-11:05:32] [I] Average on 10 runs - GPU latency: 0.178674 ms - Host latency: 0.178674 ms (enqueue 0.109546 ms)
[03/03/2026-11:05:32] [I] Average on 10 runs - GPU latency: 0.177649 ms - Host latency: 0.177649 ms (enqueue 0.111353 ms)
[03/03/2026-11:05:32] [I] Average on 10 runs - GPU latency: 0.176819 ms - Host latency: 0.176819 ms (enqueue 0.110999 ms)
[03/03/2026-11:05:32] [I] Average on 10 runs - GPU latency: 0.177356 ms - Host latency: 0.177356 ms (enqueue 0.110937 ms)
[03/03/2026-11:05:32] [I] Average on 10 runs - GPU latency: 0.178027 ms - Host latency: 0.178027 ms (enqueue 0.108142 ms)
[03/03/2026-11:05:32] [I] Average on 10 runs - GPU latency: 0.178381 ms - Host latency: 0.178381 ms (enqueue 0.107446 ms)
[03/03/2026-11:05:32] [I] Average on 10 runs - GPU latency: 0.17948 ms - Host latency: 0.17948 ms (enqueue 0.10929 ms)
[03/03/2026-11:05:32] [I] Average on 10 runs - GPU latency: 0.177979 ms - Host latency: 0.177979 ms (enqueue 0.112329 ms)
[03/03/2026-11:05:32] [I] Average on 10 runs - GPU latency: 0.177893 ms - Host latency: 0.177893 ms (enqueue 0.110767 ms)
[03/03/2026-11:05:32] [I] Average on 10 runs - GPU latency: 0.178235 ms - Host latency: 0.178235 ms (enqueue 0.110034 ms)
[03/03/2026-11:05:32] [I] Average on 10 runs - GPU latency: 0.177527 ms - Host latency: 0.177527 ms (enqueue 0.109265 ms)
[03/03/2026-11:05:32] [I] Average on 10 runs - GPU latency: 0.17821 ms - Host latency: 0.17821 ms (enqueue 0.111011 ms)
[03/03/2026-11:05:32] [I] Average on 10 runs - GPU latency: 0.178784 ms - Host latency: 0.178784 ms (enqueue 0.110474 ms)
[03/03/2026-11:05:32] [I] Average on 10 runs - GPU latency: 0.177222 ms - Host latency: 0.177222 ms (enqueue 0.112427 ms)
[03/03/2026-11:05:32] [I] Average on 10 runs - GPU latency: 0.179102 ms - Host latency: 0.179102 ms (enqueue 0.110718 ms)
[03/03/2026-11:05:32] [I] Average on 10 runs - GPU latency: 0.178137 ms - Host latency: 0.178137 ms (enqueue 0.110083 ms)
[03/03/2026-11:05:32] [I] Average on 10 runs - GPU latency: 0.178784 ms - Host latency: 0.178784 ms (enqueue 0.10658 ms)
[03/03/2026-11:05:32] [I] Average on 10 runs - GPU latency: 0.17749 ms - Host latency: 0.17749 ms (enqueue 0.108679 ms)
[03/03/2026-11:05:32] [I] Average on 10 runs - GPU latency: 0.178491 ms - Host latency: 0.178491 ms (enqueue 0.108167 ms)
[03/03/2026-11:05:32] [I] Average on 10 runs - GPU latency: 0.178381 ms - Host latency: 0.178381 ms (enqueue 0.106763 ms)
[03/03/2026-11:05:32] [I] Average on 10 runs - GPU latency: 0.178406 ms - Host latency: 0.178406 ms (enqueue 0.113818 ms)
[03/03/2026-11:05:32] [I] Average on 10 runs - GPU latency: 0.178723 ms - Host latency: 0.178723 ms (enqueue 0.111548 ms)
[03/03/2026-11:05:32] [I] Average on 10 runs - GPU latency: 0.178479 ms - Host latency: 0.178479 ms (enqueue 0.109534 ms)
[03/03/2026-11:05:32] [I] Average on 10 runs - GPU latency: 0.178284 ms - Host latency: 0.178284 ms (enqueue 0.110437 ms)
[03/03/2026-11:05:32] [I] Average on 10 runs - GPU latency: 0.176941 ms - Host latency: 0.176941 ms (enqueue 0.107117 ms)
[03/03/2026-11:05:32] [I] Average on 10 runs - GPU latency: 0.177576 ms - Host latency: 0.177576 ms (enqueue 0.107251 ms)
[03/03/2026-11:05:32] [I] Average on 10 runs - GPU latency: 0.176917 ms - Host latency: 0.176917 ms (enqueue 0.109082 ms)
[03/03/2026-11:05:32] [I] Average on 10 runs - GPU latency: 0.177625 ms - Host latency: 0.177625 ms (enqueue 0.112378 ms)
[03/03/2026-11:05:32] [I] Average on 10 runs - GPU latency: 0.178943 ms - Host latency: 0.178943 ms (enqueue 0.107617 ms)
[03/03/2026-11:05:32] [I] Average on 10 runs - GPU latency: 0.177991 ms - Host latency: 0.177991 ms (enqueue 0.109607 ms)
[03/03/2026-11:05:32] [I] Average on 10 runs - GPU latency: 0.179089 ms - Host latency: 0.179089 ms (enqueue 0.109424 ms)
[03/03/2026-11:05:32] [I] Average on 10 runs - GPU latency: 0.176721 ms - Host latency: 0.176721 ms (enqueue 0.113135 ms)
[03/03/2026-11:05:32] [I] Average on 10 runs - GPU latency: 0.181787 ms - Host latency: 0.181787 ms (enqueue 0.104687 ms)
[03/03/2026-11:05:32] [I] Average on 10 runs - GPU latency: 0.178259 ms - Host latency: 0.178259 ms (enqueue 0.110498 ms)
[03/03/2026-11:05:32] [I] Average on 10 runs - GPU latency: 0.178931 ms - Host latency: 0.178931 ms (enqueue 0.10968 ms)
[03/03/2026-11:05:32] [I] Average on 10 runs - GPU latency: 0.177112 ms - Host latency: 0.177112 ms (enqueue 0.109131 ms)
[03/03/2026-11:05:32] [I] Average on 10 runs - GPU latency: 0.179297 ms - Host latency: 0.179297 ms (enqueue 0.106775 ms)
[03/03/2026-11:05:32] [I] Average on 10 runs - GPU latency: 0.179248 ms - Host latency: 0.179248 ms (enqueue 0.107288 ms)
[03/03/2026-11:05:32] [I] Average on 10 runs - GPU latency: 0.179456 ms - Host latency: 0.179456 ms (enqueue 0.105066 ms)
[03/03/2026-11:05:32] [I] Average on 10 runs - GPU latency: 0.177112 ms - Host latency: 0.177112 ms (enqueue 0.108728 ms)
[03/03/2026-11:05:32] [I] Average on 10 runs - GPU latency: 0.178162 ms - Host latency: 0.178162 ms (enqueue 0.111658 ms)
[03/03/2026-11:05:32] [I] Average on 10 runs - GPU latency: 0.177722 ms - Host latency: 0.177722 ms (enqueue 0.107678 ms)
[03/03/2026-11:05:32] [I] Average on 10 runs - GPU latency: 0.177917 ms - Host latency: 0.177917 ms (enqueue 0.108411 ms)
[03/03/2026-11:05:32] [I] Average on 10 runs - GPU latency: 0.178333 ms - Host latency: 0.178333 ms (enqueue 0.107849 ms)
[03/03/2026-11:05:32] [I] Average on 10 runs - GPU latency: 0.178052 ms - Host latency: 0.178052 ms (enqueue 0.107153 ms)
[03/03/2026-11:05:32] [I] Average on 10 runs - GPU latency: 0.177417 ms - Host latency: 0.177417 ms (enqueue 0.110706 ms)
[03/03/2026-11:05:32] [I] Average on 10 runs - GPU latency: 0.179797 ms - Host latency: 0.179797 ms (enqueue 0.109229 ms)
[03/03/2026-11:05:32] [I] Average on 10 runs - GPU latency: 0.178894 ms - Host latency: 0.178894 ms (enqueue 0.109839 ms)
[03/03/2026-11:05:32] [I] Average on 10 runs - GPU latency: 0.179407 ms - Host latency: 0.179407 ms (enqueue 0.104822 ms)
[03/03/2026-11:05:32] [I] Average on 10 runs - GPU latency: 0.177771 ms - Host latency: 0.177771 ms (enqueue 0.109497 ms)
[03/03/2026-11:05:32] [I] Average on 10 runs - GPU latency: 0.179028 ms - Host latency: 0.179028 ms (enqueue 0.107739 ms)
[03/03/2026-11:05:32] [I] Average on 10 runs - GPU latency: 0.178369 ms - Host latency: 0.178369 ms (enqueue 0.108289 ms)
[03/03/2026-11:05:32] [I] Average on 10 runs - GPU latency: 0.179114 ms - Host latency: 0.179114 ms (enqueue 0.107605 ms)
[03/03/2026-11:05:32] [I] Average on 10 runs - GPU latency: 0.178918 ms - Host latency: 0.178918 ms (enqueue 0.10575 ms)
[03/03/2026-11:05:32] [I] Average on 10 runs - GPU latency: 0.17876 ms - Host latency: 0.17876 ms (enqueue 0.106958 ms)
[03/03/2026-11:05:32] [I] Average on 10 runs - GPU latency: 0.178369 ms - Host latency: 0.178369 ms (enqueue 0.1104 ms)
[03/03/2026-11:05:32] [I] Average on 10 runs - GPU latency: 0.177686 ms - Host latency: 0.177686 ms (enqueue 0.110156 ms)
[03/03/2026-11:05:32] [I] Average on 10 runs - GPU latency: 0.177271 ms - Host latency: 0.177271 ms (enqueue 0.107727 ms)
[03/03/2026-11:05:32] [I] Average on 10 runs - GPU latency: 0.178003 ms - Host latency: 0.178003 ms (enqueue 0.110999 ms)
[03/03/2026-11:05:32] [I] Average on 10 runs - GPU latency: 0.179663 ms - Host latency: 0.179663 ms (enqueue 0.109363 ms)
[03/03/2026-11:05:32] [I] Average on 10 runs - GPU latency: 0.178638 ms - Host latency: 0.178638 ms (enqueue 0.110046 ms)
[03/03/2026-11:05:32] [I] Average on 10 runs - GPU latency: 0.179053 ms - Host latency: 0.179053 ms (enqueue 0.109229 ms)
[03/03/2026-11:05:32] [I] Average on 10 runs - GPU latency: 0.177832 ms - Host latency: 0.177832 ms (enqueue 0.110303 ms)
[03/03/2026-11:05:32] [I] Average on 10 runs - GPU latency: 0.179016 ms - Host latency: 0.179016 ms (enqueue 0.106848 ms)
[03/03/2026-11:05:32] [I] Average on 10 runs - GPU latency: 0.178467 ms - Host latency: 0.178467 ms (enqueue 0.110925 ms)
[03/03/2026-11:05:32] [I] Average on 10 runs - GPU latency: 0.178589 ms - Host latency: 0.178589 ms (enqueue 0.109387 ms)
[03/03/2026-11:05:32] [I] Average on 10 runs - GPU latency: 0.178833 ms - Host latency: 0.178833 ms (enqueue 0.106067 ms)
[03/03/2026-11:05:32] [I] Average on 10 runs - GPU latency: 0.178748 ms - Host latency: 0.178748 ms (enqueue 0.111011 ms)
[03/03/2026-11:05:32] [I] Average on 10 runs - GPU latency: 0.179602 ms - Host latency: 0.179602 ms (enqueue 0.108167 ms)
[03/03/2026-11:05:32] [I] Average on 10 runs - GPU latency: 0.178552 ms - Host latency: 0.178552 ms (enqueue 0.109717 ms)
[03/03/2026-11:05:32] [I] Average on 10 runs - GPU latency: 0.178027 ms - Host latency: 0.178027 ms (enqueue 0.107495 ms)
[03/03/2026-11:05:32] [I] Average on 10 runs - GPU latency: 0.177356 ms - Host latency: 0.177356 ms (enqueue 0.114795 ms)
[03/03/2026-11:05:32] [I] Average on 10 runs - GPU latency: 0.177698 ms - Host latency: 0.177698 ms (enqueue 0.10946 ms)
[03/03/2026-11:05:32] [I] Average on 10 runs - GPU latency: 0.177051 ms - Host latency: 0.177051 ms (enqueue 0.111792 ms)
[03/03/2026-11:05:32] [I] Average on 10 runs - GPU latency: 0.17832 ms - Host latency: 0.17832 ms (enqueue 0.110693 ms)
[03/03/2026-11:05:32] [I] Average on 10 runs - GPU latency: 0.178162 ms - Host latency: 0.178162 ms (enqueue 0.110095 ms)
[03/03/2026-11:05:32] [I] Average on 10 runs - GPU latency: 0.17865 ms - Host latency: 0.17865 ms (enqueue 0.106836 ms)
[03/03/2026-11:05:32] [I] Average on 10 runs - GPU latency: 0.178687 ms - Host latency: 0.178687 ms (enqueue 0.107324 ms)
[03/03/2026-11:05:32] [I] Average on 10 runs - GPU latency: 0.17937 ms - Host latency: 0.17937 ms (enqueue 0.105396 ms)
[03/03/2026-11:05:32] [I] Average on 10 runs - GPU latency: 0.179126 ms - Host latency: 0.179126 ms (enqueue 0.105457 ms)
[03/03/2026-11:05:32] [I] Average on 10 runs - GPU latency: 0.179932 ms - Host latency: 0.179932 ms (enqueue 0.103406 ms)
[03/03/2026-11:05:32] [I] Average on 10 runs - GPU latency: 0.178772 ms - Host latency: 0.178772 ms (enqueue 0.103345 ms)
[03/03/2026-11:05:32] [I] Average on 10 runs - GPU latency: 0.17981 ms - Host latency: 0.17981 ms (enqueue 0.107678 ms)
[03/03/2026-11:05:32] [I] Average on 10 runs - GPU latency: 0.180103 ms - Host latency: 0.180103 ms (enqueue 0.104602 ms)
[03/03/2026-11:05:32] [I] Average on 10 runs - GPU latency: 0.181262 ms - Host latency: 0.181262 ms (enqueue 0.104114 ms)
[03/03/2026-11:05:32] [I] Average on 10 runs - GPU latency: 0.178162 ms - Host latency: 0.178162 ms (enqueue 0.107007 ms)
[03/03/2026-11:05:32] [I] Average on 10 runs - GPU latency: 0.178198 ms - Host latency: 0.178198 ms (enqueue 0.106909 ms)
[03/03/2026-11:05:32] [I] Average on 10 runs - GPU latency: 0.178735 ms - Host latency: 0.178735 ms (enqueue 0.109082 ms)
[03/03/2026-11:05:32] [I] Average on 10 runs - GPU latency: 0.179712 ms - Host latency: 0.179712 ms (enqueue 0.107642 ms)
[03/03/2026-11:05:32] [I] Average on 10 runs - GPU latency: 0.178333 ms - Host latency: 0.178333 ms (enqueue 0.111353 ms)
[03/03/2026-11:05:32] [I] Average on 10 runs - GPU latency: 0.17876 ms - Host latency: 0.17876 ms (enqueue 0.107214 ms)
[03/03/2026-11:05:32] [I] Average on 10 runs - GPU latency: 0.178918 ms - Host latency: 0.178918 ms (enqueue 0.107349 ms)
[03/03/2026-11:05:32] [I] Average on 10 runs - GPU latency: 0.178333 ms - Host latency: 0.178333 ms (enqueue 0.10697 ms)
[03/03/2026-11:05:32] [I] Average on 10 runs - GPU latency: 0.178333 ms - Host latency: 0.178333 ms (enqueue 0.108862 ms)
[03/03/2026-11:05:32] [I] Average on 10 runs - GPU latency: 0.179077 ms - Host latency: 0.179077 ms (enqueue 0.108313 ms)
[03/03/2026-11:05:32] [I] Average on 10 runs - GPU latency: 0.176868 ms - Host latency: 0.176868 ms (enqueue 0.109399 ms)
[03/03/2026-11:05:32] [I] Average on 10 runs - GPU latency: 0.17843 ms - Host latency: 0.17843 ms (enqueue 0.10625 ms)
[03/03/2026-11:05:32] [I] Average on 10 runs - GPU latency: 0.179138 ms - Host latency: 0.179138 ms (enqueue 0.105212 ms)
[03/03/2026-11:05:32] [I] Average on 10 runs - GPU latency: 0.179724 ms - Host latency: 0.179724 ms (enqueue 0.107178 ms)
[03/03/2026-11:05:32] [I] Average on 10 runs - GPU latency: 0.178894 ms - Host latency: 0.178894 ms (enqueue 0.107117 ms)
[03/03/2026-11:05:32] [I] Average on 10 runs - GPU latency: 0.178857 ms - Host latency: 0.178857 ms (enqueue 0.107825 ms)
[03/03/2026-11:05:32] [I] Average on 10 runs - GPU latency: 0.180151 ms - Host latency: 0.180151 ms (enqueue 0.106555 ms)
[03/03/2026-11:05:32] [I] Average on 10 runs - GPU latency: 0.177979 ms - Host latency: 0.177979 ms (enqueue 0.109753 ms)
[03/03/2026-11:05:32] [I] Average on 10 runs - GPU latency: 0.177185 ms - Host latency: 0.177185 ms (enqueue 0.109729 ms)
[03/03/2026-11:05:32] [I] Average on 10 runs - GPU latency: 0.178491 ms - Host latency: 0.178491 ms (enqueue 0.108679 ms)
[03/03/2026-11:05:32] [I] Average on 10 runs - GPU latency: 0.178857 ms - Host latency: 0.178857 ms (enqueue 0.107788 ms)
[03/03/2026-11:05:32] [I] Average on 10 runs - GPU latency: 0.177576 ms - Host latency: 0.177576 ms (enqueue 0.109204 ms)
[03/03/2026-11:05:32] [I] Average on 10 runs - GPU latency: 0.178943 ms - Host latency: 0.178943 ms (enqueue 0.109534 ms)
[03/03/2026-11:05:32] [I] Average on 10 runs - GPU latency: 0.18042 ms - Host latency: 0.18042 ms (enqueue 0.109521 ms)
[03/03/2026-11:05:32] [I] Average on 10 runs - GPU latency: 0.177307 ms - Host latency: 0.177307 ms (enqueue 0.109167 ms)
[03/03/2026-11:05:32] [I] Average on 10 runs - GPU latency: 0.179297 ms - Host latency: 0.179297 ms (enqueue 0.109045 ms)
[03/03/2026-11:05:32] [I] Average on 10 runs - GPU latency: 0.177625 ms - Host latency: 0.177625 ms (enqueue 0.111768 ms)
[03/03/2026-11:05:32] [I] Average on 10 runs - GPU latency: 0.179578 ms - Host latency: 0.179578 ms (enqueue 0.108191 ms)
[03/03/2026-11:05:32] [I] Average on 10 runs - GPU latency: 0.18031 ms - Host latency: 0.18031 ms (enqueue 0.108582 ms)
[03/03/2026-11:05:32] [I] Average on 10 runs - GPU latency: 0.178259 ms - Host latency: 0.178259 ms (enqueue 0.111133 ms)
[03/03/2026-11:05:32] [I] Average on 10 runs - GPU latency: 0.178699 ms - Host latency: 0.178699 ms (enqueue 0.107422 ms)
[03/03/2026-11:05:32] [I] Average on 10 runs - GPU latency: 0.17793 ms - Host latency: 0.17793 ms (enqueue 0.110266 ms)
[03/03/2026-11:05:32] [I] Average on 10 runs - GPU latency: 0.178125 ms - Host latency: 0.178125 ms (enqueue 0.115674 ms)
[03/03/2026-11:05:32] [I] Average on 10 runs - GPU latency: 0.177637 ms - Host latency: 0.177637 ms (enqueue 0.11106 ms)
[03/03/2026-11:05:32] [I] Average on 10 runs - GPU latency: 0.17771 ms - Host latency: 0.17771 ms (enqueue 0.112268 ms)
[03/03/2026-11:05:32] [I] Average on 10 runs - GPU latency: 0.178577 ms - Host latency: 0.178577 ms (enqueue 0.110498 ms)
[03/03/2026-11:05:32] [I] Average on 10 runs - GPU latency: 0.178381 ms - Host latency: 0.178381 ms (enqueue 0.112744 ms)
[03/03/2026-11:05:32] [I] Average on 10 runs - GPU latency: 0.178198 ms - Host latency: 0.178198 ms (enqueue 0.112134 ms)
[03/03/2026-11:05:32] [I] Average on 10 runs - GPU latency: 0.178149 ms - Host latency: 0.178149 ms (enqueue 0.112952 ms)
[03/03/2026-11:05:32] [I] Average on 10 runs - GPU latency: 0.177576 ms - Host latency: 0.177576 ms (enqueue 0.112793 ms)
[03/03/2026-11:05:32] [I] Average on 10 runs - GPU latency: 0.176672 ms - Host latency: 0.176672 ms (enqueue 0.114063 ms)
[03/03/2026-11:05:32] [I] Average on 10 runs - GPU latency: 0.178821 ms - Host latency: 0.178821 ms (enqueue 0.109595 ms)
[03/03/2026-11:05:32] [I] Average on 10 runs - GPU latency: 0.17749 ms - Host latency: 0.17749 ms (enqueue 0.113525 ms)
[03/03/2026-11:05:32] [I] Average on 10 runs - GPU latency: 0.178174 ms - Host latency: 0.178174 ms (enqueue 0.11167 ms)
[03/03/2026-11:05:32] [I] Average on 10 runs - GPU latency: 0.177979 ms - Host latency: 0.177979 ms (enqueue 0.112146 ms)
[03/03/2026-11:05:32] [I] Average on 10 runs - GPU latency: 0.178027 ms - Host latency: 0.178027 ms (enqueue 0.109229 ms)
[03/03/2026-11:05:32] [I] Average on 10 runs - GPU latency: 0.178479 ms - Host latency: 0.178479 ms (enqueue 0.110315 ms)
[03/03/2026-11:05:32] [I] Average on 10 runs - GPU latency: 0.178296 ms - Host latency: 0.178296 ms (enqueue 0.112561 ms)
[03/03/2026-11:05:32] [I] Average on 10 runs - GPU latency: 0.178137 ms - Host latency: 0.178137 ms (enqueue 0.110144 ms)
[03/03/2026-11:05:32] [I] Average on 10 runs - GPU latency: 0.177197 ms - Host latency: 0.177197 ms (enqueue 0.113025 ms)
[03/03/2026-11:05:32] [I] Average on 10 runs - GPU latency: 0.178284 ms - Host latency: 0.178284 ms (enqueue 0.116284 ms)
[03/03/2026-11:05:32] [I] Average on 10 runs - GPU latency: 0.1776 ms - Host latency: 0.1776 ms (enqueue 0.110815 ms)
[03/03/2026-11:05:32] [I] Average on 10 runs - GPU latency: 0.178003 ms - Host latency: 0.178003 ms (enqueue 0.109973 ms)
[03/03/2026-11:05:32] [I] Average on 10 runs - GPU latency: 0.177954 ms - Host latency: 0.177954 ms (enqueue 0.111914 ms)
[03/03/2026-11:05:32] [I] Average on 10 runs - GPU latency: 0.176257 ms - Host latency: 0.176257 ms (enqueue 0.11145 ms)
[03/03/2026-11:05:32] [I] Average on 10 runs - GPU latency: 0.176599 ms - Host latency: 0.176599 ms (enqueue 0.110681 ms)
[03/03/2026-11:05:32] [I] Average on 10 runs - GPU latency: 0.178027 ms - Host latency: 0.178027 ms (enqueue 0.113403 ms)
[03/03/2026-11:05:32] [I] Average on 10 runs - GPU latency: 0.179199 ms - Host latency: 0.179199 ms (enqueue 0.108752 ms)
[03/03/2026-11:05:32] [I] Average on 10 runs - GPU latency: 0.179834 ms - Host latency: 0.179834 ms (enqueue 0.10929 ms)
[03/03/2026-11:05:32] [I] Average on 10 runs - GPU latency: 0.176709 ms - Host latency: 0.176709 ms (enqueue 0.111865 ms)
[03/03/2026-11:05:32] [I] Average on 10 runs - GPU latency: 0.177185 ms - Host latency: 0.177185 ms (enqueue 0.109521 ms)
[03/03/2026-11:05:32] [I] Average on 10 runs - GPU latency: 0.177441 ms - Host latency: 0.177441 ms (enqueue 0.113867 ms)
[03/03/2026-11:05:32] [I] Average on 10 runs - GPU latency: 0.177783 ms - Host latency: 0.177783 ms (enqueue 0.111499 ms)
[03/03/2026-11:05:32] [I] Average on 10 runs - GPU latency: 0.179211 ms - Host latency: 0.179211 ms (enqueue 0.108374 ms)
[03/03/2026-11:05:32] [I] Average on 10 runs - GPU latency: 0.17782 ms - Host latency: 0.17782 ms (enqueue 0.11145 ms)
[03/03/2026-11:05:32] [I] Average on 10 runs - GPU latency: 0.178027 ms - Host latency: 0.178027 ms (enqueue 0.108936 ms)
[03/03/2026-11:05:32] [I] Average on 10 runs - GPU latency: 0.177539 ms - Host latency: 0.177539 ms (enqueue 0.109839 ms)
[03/03/2026-11:05:32] [I] Average on 10 runs - GPU latency: 0.177441 ms - Host latency: 0.177441 ms (enqueue 0.110791 ms)
[03/03/2026-11:05:32] [I] Average on 10 runs - GPU latency: 0.177039 ms - Host latency: 0.177039 ms (enqueue 0.114868 ms)
[03/03/2026-11:05:32] [I] Average on 10 runs - GPU latency: 0.178174 ms - Host latency: 0.178174 ms (enqueue 0.108496 ms)
[03/03/2026-11:05:32] [I] Average on 10 runs - GPU latency: 0.177893 ms - Host latency: 0.177893 ms (enqueue 0.114771 ms)
[03/03/2026-11:05:32] [I] Average on 10 runs - GPU latency: 0.177734 ms - Host latency: 0.177734 ms (enqueue 0.107654 ms)
[03/03/2026-11:05:32] [I] Average on 10 runs - GPU latency: 0.177759 ms - Host latency: 0.177759 ms (enqueue 0.107642 ms)
[03/03/2026-11:05:32] [I] Average on 10 runs - GPU latency: 0.177063 ms - Host latency: 0.177063 ms (enqueue 0.109119 ms)
[03/03/2026-11:05:32] [I] Average on 10 runs - GPU latency: 0.176904 ms - Host latency: 0.176904 ms (enqueue 0.110791 ms)
[03/03/2026-11:05:32] [I] Average on 10 runs - GPU latency: 0.177112 ms - Host latency: 0.177112 ms (enqueue 0.113403 ms)
[03/03/2026-11:05:32] [I] Average on 10 runs - GPU latency: 0.17782 ms - Host latency: 0.17782 ms (enqueue 0.110767 ms)
[03/03/2026-11:05:32] [I] Average on 10 runs - GPU latency: 0.178015 ms - Host latency: 0.178015 ms (enqueue 0.112769 ms)
[03/03/2026-11:05:32] [I] Average on 10 runs - GPU latency: 0.177747 ms - Host latency: 0.177747 ms (enqueue 0.106201 ms)
[03/03/2026-11:05:32] [I] Average on 10 runs - GPU latency: 0.178772 ms - Host latency: 0.178772 ms (enqueue 0.116174 ms)
[03/03/2026-11:05:32] [I] Average on 10 runs - GPU latency: 0.178796 ms - Host latency: 0.178796 ms (enqueue 0.110278 ms)
[03/03/2026-11:05:32] [I] Average on 10 runs - GPU latency: 0.178796 ms - Host latency: 0.178796 ms (enqueue 0.10957 ms)
[03/03/2026-11:05:32] [I] Average on 10 runs - GPU latency: 0.176697 ms - Host latency: 0.176697 ms (enqueue 0.113171 ms)
[03/03/2026-11:05:32] [I] Average on 10 runs - GPU latency: 0.177209 ms - Host latency: 0.177209 ms (enqueue 0.110779 ms)
[03/03/2026-11:05:32] [I] Average on 10 runs - GPU latency: 0.178308 ms - Host latency: 0.178308 ms (enqueue 0.109387 ms)
[03/03/2026-11:05:32] [I] Average on 10 runs - GPU latency: 0.178467 ms - Host latency: 0.178467 ms (enqueue 0.106519 ms)
[03/03/2026-11:05:32] [I] Average on 10 runs - GPU latency: 0.177722 ms - Host latency: 0.177722 ms (enqueue 0.108984 ms)
[03/03/2026-11:05:32] [I] Average on 10 runs - GPU latency: 0.177075 ms - Host latency: 0.177075 ms (enqueue 0.113074 ms)
[03/03/2026-11:05:32] [I] Average on 10 runs - GPU latency: 0.179639 ms - Host latency: 0.179639 ms (enqueue 0.110974 ms)
[03/03/2026-11:05:32] [I] Average on 10 runs - GPU latency: 0.178833 ms - Host latency: 0.178833 ms (enqueue 0.106372 ms)
[03/03/2026-11:05:32] [I] Average on 10 runs - GPU latency: 0.178894 ms - Host latency: 0.178894 ms (enqueue 0.11261 ms)
[03/03/2026-11:05:32] [I] Average on 10 runs - GPU latency: 0.179297 ms - Host latency: 0.179297 ms (enqueue 0.109827 ms)
[03/03/2026-11:05:32] [I] Average on 10 runs - GPU latency: 0.179919 ms - Host latency: 0.179919 ms (enqueue 0.108582 ms)
[03/03/2026-11:05:32] [I] Average on 10 runs - GPU latency: 0.179675 ms - Host latency: 0.179675 ms (enqueue 0.110303 ms)
[03/03/2026-11:05:32] [I] Average on 10 runs - GPU latency: 0.17937 ms - Host latency: 0.17937 ms (enqueue 0.107898 ms)
[03/03/2026-11:05:32] [I] Average on 10 runs - GPU latency: 0.17804 ms - Host latency: 0.17804 ms (enqueue 0.109204 ms)
[03/03/2026-11:05:32] [I] Average on 10 runs - GPU latency: 0.178223 ms - Host latency: 0.178223 ms (enqueue 0.107458 ms)
[03/03/2026-11:05:32] [I] Average on 10 runs - GPU latency: 0.178223 ms - Host latency: 0.178223 ms (enqueue 0.10885 ms)
[03/03/2026-11:05:32] [I] Average on 10 runs - GPU latency: 0.179834 ms - Host latency: 0.179834 ms (enqueue 0.109192 ms)
[03/03/2026-11:05:32] [I] Average on 10 runs - GPU latency: 0.177673 ms - Host latency: 0.177673 ms (enqueue 0.112732 ms)
[03/03/2026-11:05:32] [I] Average on 10 runs - GPU latency: 0.178162 ms - Host latency: 0.178162 ms (enqueue 0.111938 ms)
[03/03/2026-11:05:32] [I] Average on 10 runs - GPU latency: 0.178552 ms - Host latency: 0.178552 ms (enqueue 0.110376 ms)
[03/03/2026-11:05:32] [I] Average on 10 runs - GPU latency: 0.178638 ms - Host latency: 0.178638 ms (enqueue 0.111963 ms)
[03/03/2026-11:05:32] [I] Average on 10 runs - GPU latency: 0.178149 ms - Host latency: 0.178149 ms (enqueue 0.107654 ms)
[03/03/2026-11:05:32] [I] Average on 10 runs - GPU latency: 0.177869 ms - Host latency: 0.177869 ms (enqueue 0.110535 ms)
[03/03/2026-11:05:32] [I] Average on 10 runs - GPU latency: 0.178223 ms - Host latency: 0.178223 ms (enqueue 0.107288 ms)
[03/03/2026-11:05:32] [I] Average on 10 runs - GPU latency: 0.177979 ms - Host latency: 0.177979 ms (enqueue 0.11228 ms)
[03/03/2026-11:05:32] [I] Average on 10 runs - GPU latency: 0.179089 ms - Host latency: 0.179089 ms (enqueue 0.110132 ms)
[03/03/2026-11:05:32] [I] Average on 10 runs - GPU latency: 0.17876 ms - Host latency: 0.17876 ms (enqueue 0.110522 ms)
[03/03/2026-11:05:32] [I] Average on 10 runs - GPU latency: 0.179041 ms - Host latency: 0.179041 ms (enqueue 0.107385 ms)
[03/03/2026-11:05:32] [I] Average on 10 runs - GPU latency: 0.179138 ms - Host latency: 0.179138 ms (enqueue 0.106042 ms)
[03/03/2026-11:05:32] [I] Average on 10 runs - GPU latency: 0.178442 ms - Host latency: 0.178442 ms (enqueue 0.104297 ms)
[03/03/2026-11:05:32] [I] Average on 10 runs - GPU latency: 0.179175 ms - Host latency: 0.179175 ms (enqueue 0.109937 ms)
[03/03/2026-11:05:32] [I] Average on 10 runs - GPU latency: 0.177063 ms - Host latency: 0.177063 ms (enqueue 0.108704 ms)
[03/03/2026-11:05:32] [I] Average on 10 runs - GPU latency: 0.177698 ms - Host latency: 0.177698 ms (enqueue 0.110193 ms)
[03/03/2026-11:05:32] [I] Average on 10 runs - GPU latency: 0.178516 ms - Host latency: 0.178516 ms (enqueue 0.109717 ms)
[03/03/2026-11:05:32] [I] Average on 10 runs - GPU latency: 0.177844 ms - Host latency: 0.177844 ms (enqueue 0.11012 ms)
[03/03/2026-11:05:32] [I] Average on 10 runs - GPU latency: 0.178516 ms - Host latency: 0.178516 ms (enqueue 0.108459 ms)
[03/03/2026-11:05:32] [I] Average on 10 runs - GPU latency: 0.179053 ms - Host latency: 0.179053 ms (enqueue 0.108362 ms)
[03/03/2026-11:05:32] [I] Average on 10 runs - GPU latency: 0.177539 ms - Host latency: 0.177539 ms (enqueue 0.111755 ms)
[03/03/2026-11:05:32] [I] Average on 10 runs - GPU latency: 0.177271 ms - Host latency: 0.177271 ms (enqueue 0.115259 ms)
[03/03/2026-11:05:32] [I] Average on 10 runs - GPU latency: 0.179321 ms - Host latency: 0.179321 ms (enqueue 0.106372 ms)
[03/03/2026-11:05:32] [I] Average on 10 runs - GPU latency: 0.178076 ms - Host latency: 0.178076 ms (enqueue 0.110327 ms)
[03/03/2026-11:05:32] [I] Average on 10 runs - GPU latency: 0.178406 ms - Host latency: 0.178406 ms (enqueue 0.112012 ms)
[03/03/2026-11:05:32] [I] Average on 10 runs - GPU latency: 0.177649 ms - Host latency: 0.177649 ms (enqueue 0.108447 ms)
[03/03/2026-11:05:32] [I] Average on 10 runs - GPU latency: 0.177661 ms - Host latency: 0.177661 ms (enqueue 0.110205 ms)
[03/03/2026-11:05:32] [I] Average on 10 runs - GPU latency: 0.177661 ms - Host latency: 0.177661 ms (enqueue 0.109131 ms)
[03/03/2026-11:05:32] [I] Average on 10 runs - GPU latency: 0.177332 ms - Host latency: 0.177332 ms (enqueue 0.110864 ms)
[03/03/2026-11:05:32] [I] Average on 10 runs - GPU latency: 0.177148 ms - Host latency: 0.177148 ms (enqueue 0.106458 ms)
[03/03/2026-11:05:32] [I] Average on 10 runs - GPU latency: 0.178796 ms - Host latency: 0.178796 ms (enqueue 0.106042 ms)
[03/03/2026-11:05:32] [I] Average on 10 runs - GPU latency: 0.177893 ms - Host latency: 0.177893 ms (enqueue 0.109534 ms)
[03/03/2026-11:05:32] [I] Average on 10 runs - GPU latency: 0.178174 ms - Host latency: 0.178174 ms (enqueue 0.108264 ms)
[03/03/2026-11:05:32] [I] Average on 10 runs - GPU latency: 0.179541 ms - Host latency: 0.179541 ms (enqueue 0.104565 ms)
[03/03/2026-11:05:32] [I] Average on 10 runs - GPU latency: 0.17699 ms - Host latency: 0.17699 ms (enqueue 0.111365 ms)
[03/03/2026-11:05:32] [I] Average on 10 runs - GPU latency: 0.178381 ms - Host latency: 0.178381 ms (enqueue 0.106787 ms)
[03/03/2026-11:05:32] [I] Average on 10 runs - GPU latency: 0.177783 ms - Host latency: 0.177783 ms (enqueue 0.110291 ms)
[03/03/2026-11:05:32] [I] Average on 10 runs - GPU latency: 0.177173 ms - Host latency: 0.177173 ms (enqueue 0.107495 ms)
[03/03/2026-11:05:32] [I] Average on 10 runs - GPU latency: 0.177454 ms - Host latency: 0.177454 ms (enqueue 0.110828 ms)
[03/03/2026-11:05:32] [I] Average on 10 runs - GPU latency: 0.178711 ms - Host latency: 0.178711 ms (enqueue 0.107996 ms)
[03/03/2026-11:05:32] [I] Average on 10 runs - GPU latency: 0.17937 ms - Host latency: 0.17937 ms (enqueue 0.107129 ms)
[03/03/2026-11:05:32] [I] Average on 10 runs - GPU latency: 0.179199 ms - Host latency: 0.179199 ms (enqueue 0.110327 ms)
[03/03/2026-11:05:32] [I] Average on 10 runs - GPU latency: 0.177551 ms - Host latency: 0.177551 ms (enqueue 0.105518 ms)
[03/03/2026-11:05:32] [I] Average on 10 runs - GPU latency: 0.180322 ms - Host latency: 0.180322 ms (enqueue 0.107727 ms)
[03/03/2026-11:05:32] [I] Average on 10 runs - GPU latency: 0.176807 ms - Host latency: 0.176807 ms (enqueue 0.108691 ms)
[03/03/2026-11:05:32] [I] Average on 10 runs - GPU latency: 0.178174 ms - Host latency: 0.178174 ms (enqueue 0.10592 ms)
[03/03/2026-11:05:32] [I] Average on 10 runs - GPU latency: 0.178723 ms - Host latency: 0.178723 ms (enqueue 0.111902 ms)
[03/03/2026-11:05:32] [I] Average on 10 runs - GPU latency: 0.178979 ms - Host latency: 0.178979 ms (enqueue 0.110864 ms)
[03/03/2026-11:05:32] [I] Average on 10 runs - GPU latency: 0.178296 ms - Host latency: 0.178296 ms (enqueue 0.109583 ms)
[03/03/2026-11:05:32] [I] Average on 10 runs - GPU latency: 0.179956 ms - Host latency: 0.179956 ms (enqueue 0.108826 ms)
[03/03/2026-11:05:32] [I] Average on 10 runs - GPU latency: 0.178381 ms - Host latency: 0.178381 ms (enqueue 0.108264 ms)
[03/03/2026-11:05:32] [I] Average on 10 runs - GPU latency: 0.179224 ms - Host latency: 0.179224 ms (enqueue 0.110242 ms)
[03/03/2026-11:05:32] [I] Average on 10 runs - GPU latency: 0.178601 ms - Host latency: 0.178601 ms (enqueue 0.108789 ms)
[03/03/2026-11:05:32] [I] Average on 10 runs - GPU latency: 0.178455 ms - Host latency: 0.178455 ms (enqueue 0.10531 ms)
[03/03/2026-11:05:32] [I] Average on 10 runs - GPU latency: 0.178931 ms - Host latency: 0.178931 ms (enqueue 0.105945 ms)
[03/03/2026-11:05:32] [I] Average on 10 runs - GPU latency: 0.17832 ms - Host latency: 0.17832 ms (enqueue 0.107837 ms)
[03/03/2026-11:05:32] [I] Average on 10 runs - GPU latency: 0.179077 ms - Host latency: 0.179077 ms (enqueue 0.106885 ms)
[03/03/2026-11:05:32] [I] Average on 10 runs - GPU latency: 0.179102 ms - Host latency: 0.179102 ms (enqueue 0.104895 ms)
[03/03/2026-11:05:32] [I] Average on 10 runs - GPU latency: 0.179639 ms - Host latency: 0.179639 ms (enqueue 0.106091 ms)
[03/03/2026-11:05:32] [I] Average on 10 runs - GPU latency: 0.179846 ms - Host latency: 0.179846 ms (enqueue 0.103882 ms)
[03/03/2026-11:05:32] [I] Average on 10 runs - GPU latency: 0.1776 ms - Host latency: 0.1776 ms (enqueue 0.108508 ms)
[03/03/2026-11:05:32] [I] Average on 10 runs - GPU latency: 0.17865 ms - Host latency: 0.17865 ms (enqueue 0.110632 ms)
[03/03/2026-11:05:32] [I] Average on 10 runs - GPU latency: 0.178601 ms - Host latency: 0.178601 ms (enqueue 0.107703 ms)
[03/03/2026-11:05:32] [I] Average on 10 runs - GPU latency: 0.178638 ms - Host latency: 0.178638 ms (enqueue 0.108423 ms)
[03/03/2026-11:05:32] [I] Average on 10 runs - GPU latency: 0.177832 ms - Host latency: 0.177832 ms (enqueue 0.108997 ms)
[03/03/2026-11:05:32] [I] Average on 10 runs - GPU latency: 0.179846 ms - Host latency: 0.179846 ms (enqueue 0.107922 ms)
[03/03/2026-11:05:32] [I] Average on 10 runs - GPU latency: 0.176929 ms - Host latency: 0.176929 ms (enqueue 0.111609 ms)
[03/03/2026-11:05:32] [I] Average on 10 runs - GPU latency: 0.178809 ms - Host latency: 0.178809 ms (enqueue 0.108105 ms)
[03/03/2026-11:05:32] [I] Average on 10 runs - GPU latency: 0.177954 ms - Host latency: 0.177954 ms (enqueue 0.108801 ms)
[03/03/2026-11:05:32] [I] Average on 10 runs - GPU latency: 0.177588 ms - Host latency: 0.177588 ms (enqueue 0.108215 ms)
[03/03/2026-11:05:32] [I] Average on 10 runs - GPU latency: 0.179077 ms - Host latency: 0.179077 ms (enqueue 0.11106 ms)
[03/03/2026-11:05:32] [I] Average on 10 runs - GPU latency: 0.179504 ms - Host latency: 0.179504 ms (enqueue 0.107922 ms)
[03/03/2026-11:05:32] [I] Average on 10 runs - GPU latency: 0.177576 ms - Host latency: 0.177576 ms (enqueue 0.109058 ms)
[03/03/2026-11:05:32] [I] Average on 10 runs - GPU latency: 0.178723 ms - Host latency: 0.178723 ms (enqueue 0.109888 ms)
[03/03/2026-11:05:32] [I] Average on 10 runs - GPU latency: 0.178809 ms - Host latency: 0.178809 ms (enqueue 0.10553 ms)
[03/03/2026-11:05:32] [I] Average on 10 runs - GPU latency: 0.179114 ms - Host latency: 0.179114 ms (enqueue 0.108447 ms)
[03/03/2026-11:05:32] [I] Average on 10 runs - GPU latency: 0.176794 ms - Host latency: 0.176794 ms (enqueue 0.110596 ms)
[03/03/2026-11:05:32] [I] Average on 10 runs - GPU latency: 0.179102 ms - Host latency: 0.179102 ms (enqueue 0.107092 ms)
[03/03/2026-11:05:32] [I] Average on 10 runs - GPU latency: 0.179944 ms - Host latency: 0.179944 ms (enqueue 0.108459 ms)
[03/03/2026-11:05:32] [I] Average on 10 runs - GPU latency: 0.180591 ms - Host latency: 0.180591 ms (enqueue 0.106299 ms)
[03/03/2026-11:05:32] [I] Average on 10 runs - GPU latency: 0.178345 ms - Host latency: 0.178345 ms (enqueue 0.109253 ms)
[03/03/2026-11:05:32] [I] Average on 10 runs - GPU latency: 0.178699 ms - Host latency: 0.178699 ms (enqueue 0.109363 ms)
[03/03/2026-11:05:32] [I] Average on 10 runs - GPU latency: 0.177039 ms - Host latency: 0.177039 ms (enqueue 0.111328 ms)
[03/03/2026-11:05:32] [I] Average on 10 runs - GPU latency: 0.177905 ms - Host latency: 0.177905 ms (enqueue 0.109338 ms)
[03/03/2026-11:05:32] [I] Average on 10 runs - GPU latency: 0.178015 ms - Host latency: 0.178015 ms (enqueue 0.108813 ms)
[03/03/2026-11:05:32] [I] Average on 10 runs - GPU latency: 0.17793 ms - Host latency: 0.17793 ms (enqueue 0.10625 ms)
[03/03/2026-11:05:32] [I] Average on 10 runs - GPU latency: 0.17832 ms - Host latency: 0.17832 ms (enqueue 0.110974 ms)
[03/03/2026-11:05:32] [I] Average on 10 runs - GPU latency: 0.17738 ms - Host latency: 0.17738 ms (enqueue 0.11084 ms)
[03/03/2026-11:05:32] [I] Average on 10 runs - GPU latency: 0.178076 ms - Host latency: 0.178076 ms (enqueue 0.110608 ms)
[03/03/2026-11:05:32] [I] Average on 10 runs - GPU latency: 0.178076 ms - Host latency: 0.178076 ms (enqueue 0.110986 ms)
[03/03/2026-11:05:32] [I] Average on 10 runs - GPU latency: 0.178772 ms - Host latency: 0.178772 ms (enqueue 0.108496 ms)
[03/03/2026-11:05:32] [I] Average on 10 runs - GPU latency: 0.178418 ms - Host latency: 0.178418 ms (enqueue 0.108203 ms)
[03/03/2026-11:05:32] [I] Average on 10 runs - GPU latency: 0.179602 ms - Host latency: 0.179602 ms (enqueue 0.104858 ms)
[03/03/2026-11:05:32] [I] Average on 10 runs - GPU latency: 0.177966 ms - Host latency: 0.177966 ms (enqueue 0.114282 ms)
[03/03/2026-11:05:32] [I] Average on 10 runs - GPU latency: 0.177576 ms - Host latency: 0.177576 ms (enqueue 0.111633 ms)
[03/03/2026-11:05:32] [I] Average on 10 runs - GPU latency: 0.178516 ms - Host latency: 0.178516 ms (enqueue 0.107739 ms)
[03/03/2026-11:05:32] [I] Average on 10 runs - GPU latency: 0.178406 ms - Host latency: 0.178406 ms (enqueue 0.108484 ms)
[03/03/2026-11:05:32] [I] Average on 10 runs - GPU latency: 0.177686 ms - Host latency: 0.177686 ms (enqueue 0.108276 ms)
[03/03/2026-11:05:32] [I] Average on 10 runs - GPU latency: 0.177869 ms - Host latency: 0.177869 ms (enqueue 0.107776 ms)
[03/03/2026-11:05:32] [I] Average on 10 runs - GPU latency: 0.178955 ms - Host latency: 0.178955 ms (enqueue 0.109143 ms)
[03/03/2026-11:05:32] [I] Average on 10 runs - GPU latency: 0.177502 ms - Host latency: 0.177502 ms (enqueue 0.108911 ms)
[03/03/2026-11:05:32] [I] Average on 10 runs - GPU latency: 0.178809 ms - Host latency: 0.178809 ms (enqueue 0.10791 ms)
[03/03/2026-11:05:32] [I] Average on 10 runs - GPU latency: 0.179358 ms - Host latency: 0.179358 ms (enqueue 0.107788 ms)
[03/03/2026-11:05:32] [I] Average on 10 runs - GPU latency: 0.177576 ms - Host latency: 0.177576 ms (enqueue 0.108923 ms)
[03/03/2026-11:05:32] [I] Average on 10 runs - GPU latency: 0.17749 ms - Host latency: 0.17749 ms (enqueue 0.10979 ms)
[03/03/2026-11:05:32] [I] Average on 10 runs - GPU latency: 0.178662 ms - Host latency: 0.178662 ms (enqueue 0.111243 ms)
[03/03/2026-11:05:32] [I] Average on 10 runs - GPU latency: 0.179089 ms - Host latency: 0.179089 ms (enqueue 0.110681 ms)
[03/03/2026-11:05:32] [I] Average on 10 runs - GPU latency: 0.177966 ms - Host latency: 0.177966 ms (enqueue 0.110156 ms)
[03/03/2026-11:05:32] [I] Average on 10 runs - GPU latency: 0.179077 ms - Host latency: 0.179077 ms (enqueue 0.109424 ms)
[03/03/2026-11:05:32] [I] Average on 10 runs - GPU latency: 0.179065 ms - Host latency: 0.179065 ms (enqueue 0.106262 ms)
[03/03/2026-11:05:32] [I] Average on 10 runs - GPU latency: 0.178479 ms - Host latency: 0.178479 ms (enqueue 0.106311 ms)
[03/03/2026-11:05:32] [I] Average on 10 runs - GPU latency: 0.17937 ms - Host latency: 0.17937 ms (enqueue 0.10907 ms)
[03/03/2026-11:05:32] [I] Average on 10 runs - GPU latency: 0.180396 ms - Host latency: 0.180396 ms (enqueue 0.106506 ms)
[03/03/2026-11:05:32] [I] Average on 10 runs - GPU latency: 0.179114 ms - Host latency: 0.179114 ms (enqueue 0.10791 ms)
[03/03/2026-11:05:32] [I] Average on 10 runs - GPU latency: 0.179041 ms - Host latency: 0.179041 ms (enqueue 0.107178 ms)
[03/03/2026-11:05:32] [I] Average on 10 runs - GPU latency: 0.177869 ms - Host latency: 0.177869 ms (enqueue 0.106946 ms)
[03/03/2026-11:05:32] [I] Average on 10 runs - GPU latency: 0.179456 ms - Host latency: 0.179456 ms (enqueue 0.108813 ms)
[03/03/2026-11:05:32] [I] Average on 10 runs - GPU latency: 0.178711 ms - Host latency: 0.178711 ms (enqueue 0.107629 ms)
[03/03/2026-11:05:32] [I] Average on 10 runs - GPU latency: 0.177893 ms - Host latency: 0.177893 ms (enqueue 0.110706 ms)
[03/03/2026-11:05:32] [I] Average on 10 runs - GPU latency: 0.17793 ms - Host latency: 0.17793 ms (enqueue 0.111267 ms)
[03/03/2026-11:05:32] [I] Average on 10 runs - GPU latency: 0.177881 ms - Host latency: 0.177881 ms (enqueue 0.110962 ms)
[03/03/2026-11:05:32] [I] Average on 10 runs - GPU latency: 0.178589 ms - Host latency: 0.178589 ms (enqueue 0.106946 ms)
[03/03/2026-11:05:32] [I] Average on 10 runs - GPU latency: 0.178967 ms - Host latency: 0.178967 ms (enqueue 0.107642 ms)
[03/03/2026-11:05:32] [I] Average on 10 runs - GPU latency: 0.177783 ms - Host latency: 0.177783 ms (enqueue 0.106897 ms)
[03/03/2026-11:05:32] [I] Average on 10 runs - GPU latency: 0.178748 ms - Host latency: 0.178748 ms (enqueue 0.108167 ms)
[03/03/2026-11:05:32] [I] Average on 10 runs - GPU latency: 0.178076 ms - Host latency: 0.178076 ms (enqueue 0.106079 ms)
[03/03/2026-11:05:32] [I] Average on 10 runs - GPU latency: 0.178394 ms - Host latency: 0.178394 ms (enqueue 0.108325 ms)
[03/03/2026-11:05:32] [I] Average on 10 runs - GPU latency: 0.178088 ms - Host latency: 0.178088 ms (enqueue 0.106775 ms)
[03/03/2026-11:05:32] [I] Average on 10 runs - GPU latency: 0.17843 ms - Host latency: 0.17843 ms (enqueue 0.105737 ms)
[03/03/2026-11:05:32] [I] Average on 10 runs - GPU latency: 0.178101 ms - Host latency: 0.178101 ms (enqueue 0.11145 ms)
[03/03/2026-11:05:32] [I] Average on 10 runs - GPU latency: 0.179321 ms - Host latency: 0.179321 ms (enqueue 0.109058 ms)
[03/03/2026-11:05:32] [I] Average on 10 runs - GPU latency: 0.178735 ms - Host latency: 0.178735 ms (enqueue 0.109973 ms)
[03/03/2026-11:05:32] [I] Average on 10 runs - GPU latency: 0.178271 ms - Host latency: 0.178271 ms (enqueue 0.10553 ms)
[03/03/2026-11:05:32] [I] Average on 10 runs - GPU latency: 0.179004 ms - Host latency: 0.179004 ms (enqueue 0.107007 ms)
[03/03/2026-11:05:32] [I] Average on 10 runs - GPU latency: 0.178552 ms - Host latency: 0.178552 ms (enqueue 0.105432 ms)
[03/03/2026-11:05:32] [I] Average on 10 runs - GPU latency: 0.177527 ms - Host latency: 0.177527 ms (enqueue 0.106433 ms)
[03/03/2026-11:05:32] [I] Average on 10 runs - GPU latency: 0.17948 ms - Host latency: 0.17948 ms (enqueue 0.10802 ms)
[03/03/2026-11:05:32] [I] Average on 10 runs - GPU latency: 0.17937 ms - Host latency: 0.17937 ms (enqueue 0.10979 ms)
[03/03/2026-11:05:32] [I] Average on 10 runs - GPU latency: 0.178552 ms - Host latency: 0.178552 ms (enqueue 0.109021 ms)
[03/03/2026-11:05:32] [I] Average on 10 runs - GPU latency: 0.179309 ms - Host latency: 0.179309 ms (enqueue 0.11012 ms)
[03/03/2026-11:05:32] [I] Average on 10 runs - GPU latency: 0.180237 ms - Host latency: 0.180237 ms (enqueue 0.109009 ms)
[03/03/2026-11:05:32] [I] Average on 10 runs - GPU latency: 0.17821 ms - Host latency: 0.17821 ms (enqueue 0.108411 ms)
[03/03/2026-11:05:32] [I] Average on 10 runs - GPU latency: 0.179468 ms - Host latency: 0.179468 ms (enqueue 0.10415 ms)
[03/03/2026-11:05:32] [I] Average on 10 runs - GPU latency: 0.179321 ms - Host latency: 0.179321 ms (enqueue 0.107629 ms)
[03/03/2026-11:05:32] [I] Average on 10 runs - GPU latency: 0.177795 ms - Host latency: 0.177795 ms (enqueue 0.111743 ms)
[03/03/2026-11:05:32] [I] Average on 10 runs - GPU latency: 0.18042 ms - Host latency: 0.18042 ms (enqueue 0.105554 ms)
[03/03/2026-11:05:32] [I] Average on 10 runs - GPU latency: 0.177588 ms - Host latency: 0.177588 ms (enqueue 0.1104 ms)
[03/03/2026-11:05:32] [I] Average on 10 runs - GPU latency: 0.177246 ms - Host latency: 0.177246 ms (enqueue 0.110962 ms)
[03/03/2026-11:05:32] [I] Average on 10 runs - GPU latency: 0.178394 ms - Host latency: 0.178394 ms (enqueue 0.112329 ms)
[03/03/2026-11:05:32] [I] Average on 10 runs - GPU latency: 0.178345 ms - Host latency: 0.178345 ms (enqueue 0.110303 ms)
[03/03/2026-11:05:32] [I] Average on 10 runs - GPU latency: 0.178748 ms - Host latency: 0.178748 ms (enqueue 0.10802 ms)
[03/03/2026-11:05:32] [I] Average on 10 runs - GPU latency: 0.178296 ms - Host latency: 0.178296 ms (enqueue 0.109119 ms)
[03/03/2026-11:05:32] [I] Average on 10 runs - GPU latency: 0.178479 ms - Host latency: 0.178479 ms (enqueue 0.109082 ms)
[03/03/2026-11:05:32] [I] Average on 10 runs - GPU latency: 0.17738 ms - Host latency: 0.17738 ms (enqueue 0.10719 ms)
[03/03/2026-11:05:32] [I] Average on 10 runs - GPU latency: 0.179187 ms - Host latency: 0.179187 ms (enqueue 0.109106 ms)
[03/03/2026-11:05:32] [I] Average on 10 runs - GPU latency: 0.178308 ms - Host latency: 0.178308 ms (enqueue 0.109888 ms)
[03/03/2026-11:05:32] [I] Average on 10 runs - GPU latency: 0.179114 ms - Host latency: 0.179114 ms (enqueue 0.106787 ms)
[03/03/2026-11:05:32] [I] Average on 10 runs - GPU latency: 0.1776 ms - Host latency: 0.1776 ms (enqueue 0.108862 ms)
[03/03/2026-11:05:32] [I] Average on 10 runs - GPU latency: 0.177637 ms - Host latency: 0.177637 ms (enqueue 0.112109 ms)
[03/03/2026-11:05:32] [I] Average on 10 runs - GPU latency: 0.177576 ms - Host latency: 0.177576 ms (enqueue 0.108862 ms)
[03/03/2026-11:05:32] [I] Average on 10 runs - GPU latency: 0.177661 ms - Host latency: 0.177661 ms (enqueue 0.111609 ms)
[03/03/2026-11:05:32] [I] Average on 10 runs - GPU latency: 0.17793 ms - Host latency: 0.17793 ms (enqueue 0.106616 ms)
[03/03/2026-11:05:32] [I] Average on 10 runs - GPU latency: 0.178687 ms - Host latency: 0.178687 ms (enqueue 0.110815 ms)
[03/03/2026-11:05:32] [I] Average on 10 runs - GPU latency: 0.179077 ms - Host latency: 0.179077 ms (enqueue 0.108606 ms)
[03/03/2026-11:05:32] [I] Average on 10 runs - GPU latency: 0.179102 ms - Host latency: 0.179102 ms (enqueue 0.106055 ms)
[03/03/2026-11:05:32] [I] Average on 10 runs - GPU latency: 0.179517 ms - Host latency: 0.179517 ms (enqueue 0.107446 ms)
[03/03/2026-11:05:32] [I] Average on 10 runs - GPU latency: 0.179199 ms - Host latency: 0.179199 ms (enqueue 0.106177 ms)
[03/03/2026-11:05:32] [I] Average on 10 runs - GPU latency: 0.176709 ms - Host latency: 0.176709 ms (enqueue 0.105249 ms)
[03/03/2026-11:05:32] [I] Average on 10 runs - GPU latency: 0.17832 ms - Host latency: 0.17832 ms (enqueue 0.106836 ms)
[03/03/2026-11:05:32] [I] Average on 10 runs - GPU latency: 0.177856 ms - Host latency: 0.177856 ms (enqueue 0.107935 ms)
[03/03/2026-11:05:32] [I] Average on 10 runs - GPU latency: 0.177905 ms - Host latency: 0.177905 ms (enqueue 0.11084 ms)
[03/03/2026-11:05:32] [I] Average on 10 runs - GPU latency: 0.177588 ms - Host latency: 0.177588 ms (enqueue 0.111499 ms)
[03/03/2026-11:05:32] [I] Average on 10 runs - GPU latency: 0.179004 ms - Host latency: 0.179004 ms (enqueue 0.105786 ms)
[03/03/2026-11:05:32] [I] Average on 10 runs - GPU latency: 0.178223 ms - Host latency: 0.178223 ms (enqueue 0.107568 ms)
[03/03/2026-11:05:32] [I] Average on 10 runs - GPU latency: 0.177954 ms - Host latency: 0.177954 ms (enqueue 0.108228 ms)
[03/03/2026-11:05:32] [I] Average on 10 runs - GPU latency: 0.178809 ms - Host latency: 0.178809 ms (enqueue 0.107495 ms)
[03/03/2026-11:05:32] [I] Average on 10 runs - GPU latency: 0.17749 ms - Host latency: 0.17749 ms (enqueue 0.110742 ms)
[03/03/2026-11:05:32] [I] Average on 10 runs - GPU latency: 0.177734 ms - Host latency: 0.177734 ms (enqueue 0.112915 ms)
[03/03/2026-11:05:32] [I] Average on 10 runs - GPU latency: 0.177539 ms - Host latency: 0.177539 ms (enqueue 0.113477 ms)
[03/03/2026-11:05:32] [I] Average on 10 runs - GPU latency: 0.178979 ms - Host latency: 0.178979 ms (enqueue 0.107837 ms)
[03/03/2026-11:05:32] [I] Average on 10 runs - GPU latency: 0.179395 ms - Host latency: 0.179395 ms (enqueue 0.107056 ms)
[03/03/2026-11:05:32] [I] Average on 10 runs - GPU latency: 0.178296 ms - Host latency: 0.178296 ms (enqueue 0.108691 ms)
[03/03/2026-11:05:32] [I] Average on 10 runs - GPU latency: 0.17937 ms - Host latency: 0.17937 ms (enqueue 0.108789 ms)
[03/03/2026-11:05:32] [I] Average on 10 runs - GPU latency: 0.178467 ms - Host latency: 0.178467 ms (enqueue 0.108203 ms)
[03/03/2026-11:05:32] [I] Average on 10 runs - GPU latency: 0.179028 ms - Host latency: 0.179028 ms (enqueue 0.108105 ms)
[03/03/2026-11:05:32] [I] Average on 10 runs - GPU latency: 0.178149 ms - Host latency: 0.178149 ms (enqueue 0.108667 ms)
[03/03/2026-11:05:32] [I] Average on 10 runs - GPU latency: 0.178906 ms - Host latency: 0.178906 ms (enqueue 0.109351 ms)
[03/03/2026-11:05:32] [I] Average on 10 runs - GPU latency: 0.179077 ms - Host latency: 0.179077 ms (enqueue 0.108398 ms)
[03/03/2026-11:05:32] [I] Average on 10 runs - GPU latency: 0.177051 ms - Host latency: 0.177051 ms (enqueue 0.110181 ms)
[03/03/2026-11:05:32] [I] Average on 10 runs - GPU latency: 0.178174 ms - Host latency: 0.178174 ms (enqueue 0.111768 ms)
[03/03/2026-11:05:32] [I] Average on 10 runs - GPU latency: 0.178662 ms - Host latency: 0.178662 ms (enqueue 0.109253 ms)
[03/03/2026-11:05:32] [I] Average on 10 runs - GPU latency: 0.178271 ms - Host latency: 0.178271 ms (enqueue 0.111426 ms)
[03/03/2026-11:05:32] [I] Average on 10 runs - GPU latency: 0.177734 ms - Host latency: 0.177734 ms (enqueue 0.11084 ms)
[03/03/2026-11:05:32] [I] Average on 10 runs - GPU latency: 0.178857 ms - Host latency: 0.178857 ms (enqueue 0.113281 ms)
[03/03/2026-11:05:32] [I] Average on 10 runs - GPU latency: 0.177661 ms - Host latency: 0.177661 ms (enqueue 0.110205 ms)
[03/03/2026-11:05:32] [I] Average on 10 runs - GPU latency: 0.178564 ms - Host latency: 0.178564 ms (enqueue 0.113379 ms)
[03/03/2026-11:05:32] [I] Average on 10 runs - GPU latency: 0.17771 ms - Host latency: 0.17771 ms (enqueue 0.107886 ms)
[03/03/2026-11:05:32] [I] Average on 10 runs - GPU latency: 0.178589 ms - Host latency: 0.178589 ms (enqueue 0.108228 ms)
[03/03/2026-11:05:32] [I] Average on 10 runs - GPU latency: 0.179395 ms - Host latency: 0.179395 ms (enqueue 0.108398 ms)
[03/03/2026-11:05:32] [I] Average on 10 runs - GPU latency: 0.178833 ms - Host latency: 0.178833 ms (enqueue 0.106836 ms)
[03/03/2026-11:05:32] [I] Average on 10 runs - GPU latency: 0.177686 ms - Host latency: 0.177686 ms (enqueue 0.110962 ms)
[03/03/2026-11:05:32] [I] Average on 10 runs - GPU latency: 0.178052 ms - Host latency: 0.178052 ms (enqueue 0.11123 ms)
[03/03/2026-11:05:32] [I] Average on 10 runs - GPU latency: 0.178003 ms - Host latency: 0.178003 ms (enqueue 0.108862 ms)
[03/03/2026-11:05:32] [I] Average on 10 runs - GPU latency: 0.176855 ms - Host latency: 0.176855 ms (enqueue 0.108472 ms)
[03/03/2026-11:05:32] [I] Average on 10 runs - GPU latency: 0.177612 ms - Host latency: 0.177612 ms (enqueue 0.109766 ms)
[03/03/2026-11:05:32] [I] Average on 10 runs - GPU latency: 0.177295 ms - Host latency: 0.177295 ms (enqueue 0.107324 ms)
[03/03/2026-11:05:32] [I] Average on 10 runs - GPU latency: 0.177246 ms - Host latency: 0.177246 ms (enqueue 0.107959 ms)
[03/03/2026-11:05:32] [I] Average on 10 runs - GPU latency: 0.179297 ms - Host latency: 0.179297 ms (enqueue 0.109692 ms)
[03/03/2026-11:05:32] [I] Average on 10 runs - GPU latency: 0.178345 ms - Host latency: 0.178345 ms (enqueue 0.106714 ms)
[03/03/2026-11:05:32] [I] Average on 10 runs - GPU latency: 0.178467 ms - Host latency: 0.178467 ms (enqueue 0.110547 ms)
[03/03/2026-11:05:32] [I] Average on 10 runs - GPU latency: 0.178638 ms - Host latency: 0.178638 ms (enqueue 0.107251 ms)
[03/03/2026-11:05:32] [I] Average on 10 runs - GPU latency: 0.178564 ms - Host latency: 0.178564 ms (enqueue 0.110742 ms)
[03/03/2026-11:05:32] [I] Average on 10 runs - GPU latency: 0.177661 ms - Host latency: 0.177661 ms (enqueue 0.10874 ms)
[03/03/2026-11:05:32] [I] Average on 10 runs - GPU latency: 0.178613 ms - Host latency: 0.178613 ms (enqueue 0.110107 ms)
[03/03/2026-11:05:32] [I] Average on 10 runs - GPU latency: 0.179517 ms - Host latency: 0.179517 ms (enqueue 0.106641 ms)
[03/03/2026-11:05:32] [I] Average on 10 runs - GPU latency: 0.178003 ms - Host latency: 0.178003 ms (enqueue 0.109985 ms)
[03/03/2026-11:05:32] [I] Average on 10 runs - GPU latency: 0.177759 ms - Host latency: 0.177759 ms (enqueue 0.109326 ms)
[03/03/2026-11:05:32] [I] Average on 10 runs - GPU latency: 0.17937 ms - Host latency: 0.17937 ms (enqueue 0.107935 ms)
[03/03/2026-11:05:32] [I] Average on 10 runs - GPU latency: 0.178442 ms - Host latency: 0.178442 ms (enqueue 0.105176 ms)
[03/03/2026-11:05:32] [I] Average on 10 runs - GPU latency: 0.177954 ms - Host latency: 0.177954 ms (enqueue 0.109375 ms)
[03/03/2026-11:05:32] [I] Average on 10 runs - GPU latency: 0.178247 ms - Host latency: 0.178247 ms (enqueue 0.110376 ms)
[03/03/2026-11:05:32] [I] Average on 10 runs - GPU latency: 0.178735 ms - Host latency: 0.178735 ms (enqueue 0.108252 ms)
[03/03/2026-11:05:32] [I] Average on 10 runs - GPU latency: 0.178296 ms - Host latency: 0.178296 ms (enqueue 0.108252 ms)
[03/03/2026-11:05:32] [I] Average on 10 runs - GPU latency: 0.178857 ms - Host latency: 0.178857 ms (enqueue 0.106567 ms)
[03/03/2026-11:05:32] [I] Average on 10 runs - GPU latency: 0.178394 ms - Host latency: 0.178394 ms (enqueue 0.106934 ms)
[03/03/2026-11:05:32] [I] Average on 10 runs - GPU latency: 0.177905 ms - Host latency: 0.177905 ms (enqueue 0.10603 ms)
[03/03/2026-11:05:32] [I] Average on 10 runs - GPU latency: 0.177124 ms - Host latency: 0.177124 ms (enqueue 0.110522 ms)
[03/03/2026-11:05:32] [I] Average on 10 runs - GPU latency: 0.1771 ms - Host latency: 0.1771 ms (enqueue 0.110522 ms)
[03/03/2026-11:05:32] [I] Average on 10 runs - GPU latency: 0.179712 ms - Host latency: 0.179712 ms (enqueue 0.107422 ms)
[03/03/2026-11:05:32] [I] Average on 10 runs - GPU latency: 0.178101 ms - Host latency: 0.178101 ms (enqueue 0.110864 ms)
[03/03/2026-11:05:32] [I] Average on 10 runs - GPU latency: 0.177881 ms - Host latency: 0.177881 ms (enqueue 0.110059 ms)
[03/03/2026-11:05:32] [I] Average on 10 runs - GPU latency: 0.17793 ms - Host latency: 0.17793 ms (enqueue 0.11394 ms)
[03/03/2026-11:05:32] [I] Average on 10 runs - GPU latency: 0.178979 ms - Host latency: 0.178979 ms (enqueue 0.108569 ms)
[03/03/2026-11:05:32] [I] Average on 10 runs - GPU latency: 0.176733 ms - Host latency: 0.176733 ms (enqueue 0.109912 ms)
[03/03/2026-11:05:32] [I] Average on 10 runs - GPU latency: 0.178223 ms - Host latency: 0.178223 ms (enqueue 0.107471 ms)
[03/03/2026-11:05:32] [I] Average on 10 runs - GPU latency: 0.220264 ms - Host latency: 0.220264 ms (enqueue 0.143018 ms)
[03/03/2026-11:05:32] [I] Average on 10 runs - GPU latency: 0.177466 ms - Host latency: 0.177466 ms (enqueue 0.105981 ms)
[03/03/2026-11:05:32] [I] Average on 10 runs - GPU latency: 0.178125 ms - Host latency: 0.178125 ms (enqueue 0.108374 ms)
[03/03/2026-11:05:32] [I] Average on 10 runs - GPU latency: 0.178052 ms - Host latency: 0.178052 ms (enqueue 0.109058 ms)
[03/03/2026-11:05:32] [I] Average on 10 runs - GPU latency: 0.177759 ms - Host latency: 0.177759 ms (enqueue 0.111792 ms)
[03/03/2026-11:05:32] [I] Average on 10 runs - GPU latency: 0.178296 ms - Host latency: 0.178296 ms (enqueue 0.110181 ms)
[03/03/2026-11:05:32] [I] Average on 10 runs - GPU latency: 0.178394 ms - Host latency: 0.178394 ms (enqueue 0.110498 ms)
[03/03/2026-11:05:32] [I] Average on 10 runs - GPU latency: 0.176831 ms - Host latency: 0.176831 ms (enqueue 0.10957 ms)
[03/03/2026-11:05:32] [I] Average on 10 runs - GPU latency: 0.17854 ms - Host latency: 0.17854 ms (enqueue 0.111938 ms)
[03/03/2026-11:05:32] [I] Average on 10 runs - GPU latency: 0.177466 ms - Host latency: 0.177466 ms (enqueue 0.111597 ms)
[03/03/2026-11:05:32] [I] Average on 10 runs - GPU latency: 0.17876 ms - Host latency: 0.17876 ms (enqueue 0.109863 ms)
[03/03/2026-11:05:32] [I] Average on 10 runs - GPU latency: 0.178906 ms - Host latency: 0.178906 ms (enqueue 0.106714 ms)
[03/03/2026-11:05:32] [I] Average on 10 runs - GPU latency: 0.178442 ms - Host latency: 0.178442 ms (enqueue 0.106421 ms)
[03/03/2026-11:05:32] [I] Average on 10 runs - GPU latency: 0.178442 ms - Host latency: 0.178442 ms (enqueue 0.108203 ms)
[03/03/2026-11:05:32] [I] Average on 10 runs - GPU latency: 0.178076 ms - Host latency: 0.178076 ms (enqueue 0.109937 ms)
[03/03/2026-11:05:32] [I] Average on 10 runs - GPU latency: 0.180054 ms - Host latency: 0.180054 ms (enqueue 0.107983 ms)
[03/03/2026-11:05:32] [I] Average on 10 runs - GPU latency: 0.178564 ms - Host latency: 0.178564 ms (enqueue 0.108325 ms)
[03/03/2026-11:05:32] [I] Average on 10 runs - GPU latency: 0.178125 ms - Host latency: 0.178125 ms (enqueue 0.10437 ms)
[03/03/2026-11:05:32] [I] Average on 10 runs - GPU latency: 0.177686 ms - Host latency: 0.177686 ms (enqueue 0.108545 ms)
[03/03/2026-11:05:32] [I] Average on 10 runs - GPU latency: 0.17959 ms - Host latency: 0.17959 ms (enqueue 0.107275 ms)
[03/03/2026-11:05:32] [I] Average on 10 runs - GPU latency: 0.178418 ms - Host latency: 0.178418 ms (enqueue 0.108008 ms)
[03/03/2026-11:05:32] [I] Average on 10 runs - GPU latency: 0.178027 ms - Host latency: 0.178027 ms (enqueue 0.109131 ms)
[03/03/2026-11:05:32] [I] Average on 10 runs - GPU latency: 0.17749 ms - Host latency: 0.17749 ms (enqueue 0.109302 ms)
[03/03/2026-11:05:32] [I] Average on 10 runs - GPU latency: 0.178833 ms - Host latency: 0.178833 ms (enqueue 0.105518 ms)
[03/03/2026-11:05:32] [I] Average on 10 runs - GPU latency: 0.178101 ms - Host latency: 0.178101 ms (enqueue 0.105542 ms)
[03/03/2026-11:05:32] [I] Average on 10 runs - GPU latency: 0.177515 ms - Host latency: 0.177515 ms (enqueue 0.108521 ms)
[03/03/2026-11:05:32] [I] Average on 10 runs - GPU latency: 0.177612 ms - Host latency: 0.177612 ms (enqueue 0.10896 ms)
[03/03/2026-11:05:32] [I] Average on 10 runs - GPU latency: 0.178687 ms - Host latency: 0.178687 ms (enqueue 0.108203 ms)
[03/03/2026-11:05:32] [I] Average on 10 runs - GPU latency: 0.178906 ms - Host latency: 0.178906 ms (enqueue 0.107739 ms)
[03/03/2026-11:05:32] [I] Average on 10 runs - GPU latency: 0.17915 ms - Host latency: 0.17915 ms (enqueue 0.108398 ms)
[03/03/2026-11:05:32] [I] Average on 10 runs - GPU latency: 0.178003 ms - Host latency: 0.178003 ms (enqueue 0.107349 ms)
[03/03/2026-11:05:32] [I] Average on 10 runs - GPU latency: 0.178296 ms - Host latency: 0.178296 ms (enqueue 0.109595 ms)
[03/03/2026-11:05:32] [I] Average on 10 runs - GPU latency: 0.178662 ms - Host latency: 0.178662 ms (enqueue 0.110815 ms)
[03/03/2026-11:05:32] [I] Average on 10 runs - GPU latency: 0.178223 ms - Host latency: 0.178223 ms (enqueue 0.107202 ms)
[03/03/2026-11:05:32] [I] Average on 10 runs - GPU latency: 0.178247 ms - Host latency: 0.178247 ms (enqueue 0.108154 ms)
[03/03/2026-11:05:32] [I] Average on 10 runs - GPU latency: 0.17793 ms - Host latency: 0.17793 ms (enqueue 0.109424 ms)
[03/03/2026-11:05:32] [I] Average on 10 runs - GPU latency: 0.178052 ms - Host latency: 0.178052 ms (enqueue 0.107031 ms)
[03/03/2026-11:05:32] [I] Average on 10 runs - GPU latency: 0.178418 ms - Host latency: 0.178418 ms (enqueue 0.111963 ms)
[03/03/2026-11:05:32] [I] Average on 10 runs - GPU latency: 0.179541 ms - Host latency: 0.179541 ms (enqueue 0.106445 ms)
[03/03/2026-11:05:32] [I] Average on 10 runs - GPU latency: 0.178711 ms - Host latency: 0.178711 ms (enqueue 0.107324 ms)
[03/03/2026-11:05:32] [I] Average on 10 runs - GPU latency: 0.17793 ms - Host latency: 0.17793 ms (enqueue 0.110474 ms)
[03/03/2026-11:05:32] [I] Average on 10 runs - GPU latency: 0.179224 ms - Host latency: 0.179224 ms (enqueue 0.108423 ms)
[03/03/2026-11:05:32] [I] Average on 10 runs - GPU latency: 0.178589 ms - Host latency: 0.178589 ms (enqueue 0.108521 ms)
[03/03/2026-11:05:32] [I] Average on 10 runs - GPU latency: 0.178223 ms - Host latency: 0.178223 ms (enqueue 0.109253 ms)
[03/03/2026-11:05:32] [I] Average on 10 runs - GPU latency: 0.178735 ms - Host latency: 0.178735 ms (enqueue 0.107446 ms)
[03/03/2026-11:05:32] [I] Average on 10 runs - GPU latency: 0.178955 ms - Host latency: 0.178955 ms (enqueue 0.110425 ms)
[03/03/2026-11:05:32] [I] Average on 10 runs - GPU latency: 0.177832 ms - Host latency: 0.177832 ms (enqueue 0.109229 ms)
[03/03/2026-11:05:32] [I] Average on 10 runs - GPU latency: 0.178955 ms - Host latency: 0.178955 ms (enqueue 0.107764 ms)
[03/03/2026-11:05:32] [I] Average on 10 runs - GPU latency: 0.17998 ms - Host latency: 0.17998 ms (enqueue 0.103564 ms)
[03/03/2026-11:05:32] [I] Average on 10 runs - GPU latency: 0.178979 ms - Host latency: 0.178979 ms (enqueue 0.108521 ms)
[03/03/2026-11:05:32] [I] Average on 10 runs - GPU latency: 0.179053 ms - Host latency: 0.179053 ms (enqueue 0.105933 ms)
[03/03/2026-11:05:32] [I] Average on 10 runs - GPU latency: 0.177222 ms - Host latency: 0.177222 ms (enqueue 0.110083 ms)
[03/03/2026-11:05:32] [I] Average on 10 runs - GPU latency: 0.17915 ms - Host latency: 0.17915 ms (enqueue 0.104541 ms)
[03/03/2026-11:05:32] [I] Average on 10 runs - GPU latency: 0.178833 ms - Host latency: 0.178833 ms (enqueue 0.110229 ms)
[03/03/2026-11:05:32] [I] Average on 10 runs - GPU latency: 0.179639 ms - Host latency: 0.179639 ms (enqueue 0.104102 ms)
[03/03/2026-11:05:32] [I] Average on 10 runs - GPU latency: 0.181128 ms - Host latency: 0.181128 ms (enqueue 0.104346 ms)
[03/03/2026-11:05:32] [I] Average on 10 runs - GPU latency: 0.178809 ms - Host latency: 0.178809 ms (enqueue 0.10752 ms)
[03/03/2026-11:05:32] [I] Average on 10 runs - GPU latency: 0.177637 ms - Host latency: 0.177637 ms (enqueue 0.107983 ms)
[03/03/2026-11:05:32] [I] Average on 10 runs - GPU latency: 0.177881 ms - Host latency: 0.177881 ms (enqueue 0.107788 ms)
[03/03/2026-11:05:32] [I] Average on 10 runs - GPU latency: 0.178711 ms - Host latency: 0.178711 ms (enqueue 0.109814 ms)
[03/03/2026-11:05:32] [I] Average on 10 runs - GPU latency: 0.17854 ms - Host latency: 0.17854 ms (enqueue 0.109741 ms)
[03/03/2026-11:05:32] [I] Average on 10 runs - GPU latency: 0.178735 ms - Host latency: 0.178735 ms (enqueue 0.105981 ms)
[03/03/2026-11:05:32] [I] Average on 10 runs - GPU latency: 0.177808 ms - Host latency: 0.177808 ms (enqueue 0.108765 ms)
[03/03/2026-11:05:32] [I] Average on 10 runs - GPU latency: 0.177954 ms - Host latency: 0.177954 ms (enqueue 0.105859 ms)
[03/03/2026-11:05:32] [I] Average on 10 runs - GPU latency: 0.178149 ms - Host latency: 0.178149 ms (enqueue 0.110083 ms)
[03/03/2026-11:05:32] [I] Average on 10 runs - GPU latency: 0.178638 ms - Host latency: 0.178638 ms (enqueue 0.107471 ms)
[03/03/2026-11:05:32] [I] Average on 10 runs - GPU latency: 0.177954 ms - Host latency: 0.177954 ms (enqueue 0.109692 ms)
[03/03/2026-11:05:32] [I] Average on 10 runs - GPU latency: 0.179102 ms - Host latency: 0.179102 ms (enqueue 0.105322 ms)
[03/03/2026-11:05:32] [I] Average on 10 runs - GPU latency: 0.179346 ms - Host latency: 0.179346 ms (enqueue 0.107324 ms)
[03/03/2026-11:05:32] [I] Average on 10 runs - GPU latency: 0.178369 ms - Host latency: 0.178369 ms (enqueue 0.110327 ms)
[03/03/2026-11:05:32] [I] Average on 10 runs - GPU latency: 0.177075 ms - Host latency: 0.177075 ms (enqueue 0.108276 ms)
[03/03/2026-11:05:32] [I] Average on 10 runs - GPU latency: 0.179346 ms - Host latency: 0.179346 ms (enqueue 0.108862 ms)
[03/03/2026-11:05:32] [I] Average on 10 runs - GPU latency: 0.178149 ms - Host latency: 0.178149 ms (enqueue 0.104297 ms)
[03/03/2026-11:05:32] [I] Average on 10 runs - GPU latency: 0.179443 ms - Host latency: 0.179443 ms (enqueue 0.112842 ms)
[03/03/2026-11:05:32] [I] Average on 10 runs - GPU latency: 0.179126 ms - Host latency: 0.179126 ms (enqueue 0.106006 ms)
[03/03/2026-11:05:32] [I] Average on 10 runs - GPU latency: 0.177271 ms - Host latency: 0.177271 ms (enqueue 0.108301 ms)
[03/03/2026-11:05:32] [I] Average on 10 runs - GPU latency: 0.178101 ms - Host latency: 0.178101 ms (enqueue 0.11333 ms)
[03/03/2026-11:05:32] [I] Average on 10 runs - GPU latency: 0.178345 ms - Host latency: 0.178345 ms (enqueue 0.11228 ms)
[03/03/2026-11:05:32] [I] Average on 10 runs - GPU latency: 0.178491 ms - Host latency: 0.178491 ms (enqueue 0.107935 ms)
[03/03/2026-11:05:32] [I] Average on 10 runs - GPU latency: 0.178198 ms - Host latency: 0.178198 ms (enqueue 0.104883 ms)
[03/03/2026-11:05:32] [I] Average on 10 runs - GPU latency: 0.178638 ms - Host latency: 0.178638 ms (enqueue 0.106128 ms)
[03/03/2026-11:05:32] [I] Average on 10 runs - GPU latency: 0.17854 ms - Host latency: 0.17854 ms (enqueue 0.109985 ms)
[03/03/2026-11:05:32] [I] Average on 10 runs - GPU latency: 0.179126 ms - Host latency: 0.179126 ms (enqueue 0.104932 ms)
[03/03/2026-11:05:32] [I] Average on 10 runs - GPU latency: 0.179028 ms - Host latency: 0.179028 ms (enqueue 0.106372 ms)
[03/03/2026-11:05:32] [I] Average on 10 runs - GPU latency: 0.178662 ms - Host latency: 0.178662 ms (enqueue 0.109131 ms)
[03/03/2026-11:05:32] [I] Average on 10 runs - GPU latency: 0.178442 ms - Host latency: 0.178442 ms (enqueue 0.105957 ms)
[03/03/2026-11:05:32] [I] Average on 10 runs - GPU latency: 0.178223 ms - Host latency: 0.178223 ms (enqueue 0.105493 ms)
[03/03/2026-11:05:32] [I] Average on 10 runs - GPU latency: 0.177344 ms - Host latency: 0.177344 ms (enqueue 0.10752 ms)
[03/03/2026-11:05:32] [I] Average on 10 runs - GPU latency: 0.179199 ms - Host latency: 0.179199 ms (enqueue 0.107666 ms)
[03/03/2026-11:05:32] [I] Average on 10 runs - GPU latency: 0.177026 ms - Host latency: 0.177026 ms (enqueue 0.105298 ms)
[03/03/2026-11:05:32] [I] Average on 10 runs - GPU latency: 0.179761 ms - Host latency: 0.179761 ms (enqueue 0.106885 ms)
[03/03/2026-11:05:32] [I] Average on 10 runs - GPU latency: 0.178418 ms - Host latency: 0.178418 ms (enqueue 0.108252 ms)
[03/03/2026-11:05:32] [I] Average on 10 runs - GPU latency: 0.179736 ms - Host latency: 0.179736 ms (enqueue 0.10686 ms)
[03/03/2026-11:05:32] [I] Average on 10 runs - GPU latency: 0.179224 ms - Host latency: 0.179224 ms (enqueue 0.107178 ms)
[03/03/2026-11:05:32] [I] Average on 10 runs - GPU latency: 0.178491 ms - Host latency: 0.178491 ms (enqueue 0.113672 ms)
[03/03/2026-11:05:32] [I] Average on 10 runs - GPU latency: 0.178662 ms - Host latency: 0.178662 ms (enqueue 0.109351 ms)
[03/03/2026-11:05:32] [I] Average on 10 runs - GPU latency: 0.181006 ms - Host latency: 0.181006 ms (enqueue 0.105835 ms)
[03/03/2026-11:05:32] [I] Average on 10 runs - GPU latency: 0.18125 ms - Host latency: 0.18125 ms (enqueue 0.107422 ms)
[03/03/2026-11:05:32] [I] Average on 10 runs - GPU latency: 0.178516 ms - Host latency: 0.178516 ms (enqueue 0.105566 ms)
[03/03/2026-11:05:32] [I] Average on 10 runs - GPU latency: 0.177783 ms - Host latency: 0.177783 ms (enqueue 0.107861 ms)
[03/03/2026-11:05:32] [I] Average on 10 runs - GPU latency: 0.179199 ms - Host latency: 0.179199 ms (enqueue 0.106812 ms)
[03/03/2026-11:05:32] [I] Average on 10 runs - GPU latency: 0.17876 ms - Host latency: 0.17876 ms (enqueue 0.107983 ms)
[03/03/2026-11:05:32] [I] Average on 10 runs - GPU latency: 0.178613 ms - Host latency: 0.178613 ms (enqueue 0.107666 ms)
[03/03/2026-11:05:32] [I] Average on 10 runs - GPU latency: 0.180664 ms - Host latency: 0.180664 ms (enqueue 0.105054 ms)
[03/03/2026-11:05:32] [I] Average on 10 runs - GPU latency: 0.179102 ms - Host latency: 0.179102 ms (enqueue 0.107739 ms)
[03/03/2026-11:05:32] [I] Average on 10 runs - GPU latency: 0.17749 ms - Host latency: 0.17749 ms (enqueue 0.106836 ms)
[03/03/2026-11:05:32] [I] Average on 10 runs - GPU latency: 0.178394 ms - Host latency: 0.178394 ms (enqueue 0.106592 ms)
[03/03/2026-11:05:32] [I] Average on 10 runs - GPU latency: 0.178101 ms - Host latency: 0.178101 ms (enqueue 0.107983 ms)
[03/03/2026-11:05:32] [I] Average on 10 runs - GPU latency: 0.178442 ms - Host latency: 0.178442 ms (enqueue 0.105469 ms)
[03/03/2026-11:05:32] [I] Average on 10 runs - GPU latency: 0.178345 ms - Host latency: 0.178345 ms (enqueue 0.109229 ms)
[03/03/2026-11:05:32] [I] Average on 10 runs - GPU latency: 0.178052 ms - Host latency: 0.178052 ms (enqueue 0.10896 ms)
[03/03/2026-11:05:32] [I] Average on 10 runs - GPU latency: 0.179272 ms - Host latency: 0.179272 ms (enqueue 0.106519 ms)
[03/03/2026-11:05:32] [I] Average on 10 runs - GPU latency: 0.179297 ms - Host latency: 0.179297 ms (enqueue 0.102954 ms)
[03/03/2026-11:05:32] [I] Average on 10 runs - GPU latency: 0.181445 ms - Host latency: 0.181445 ms (enqueue 0.10249 ms)
[03/03/2026-11:05:32] [I] Average on 10 runs - GPU latency: 0.178003 ms - Host latency: 0.178003 ms (enqueue 0.106372 ms)
[03/03/2026-11:05:32] [I] Average on 10 runs - GPU latency: 0.178198 ms - Host latency: 0.178198 ms (enqueue 0.108545 ms)
[03/03/2026-11:05:32] [I] Average on 10 runs - GPU latency: 0.178711 ms - Host latency: 0.178711 ms (enqueue 0.106421 ms)
[03/03/2026-11:05:32] [I] Average on 10 runs - GPU latency: 0.180737 ms - Host latency: 0.180737 ms (enqueue 0.106665 ms)
[03/03/2026-11:05:32] [I] Average on 10 runs - GPU latency: 0.18042 ms - Host latency: 0.18042 ms (enqueue 0.10708 ms)
[03/03/2026-11:05:32] [I] Average on 10 runs - GPU latency: 0.179419 ms - Host latency: 0.179419 ms (enqueue 0.10835 ms)
[03/03/2026-11:05:32] [I] Average on 10 runs - GPU latency: 0.178296 ms - Host latency: 0.178296 ms (enqueue 0.108765 ms)
[03/03/2026-11:05:32] [I] Average on 10 runs - GPU latency: 0.178906 ms - Host latency: 0.178906 ms (enqueue 0.105249 ms)
[03/03/2026-11:05:32] [I] Average on 10 runs - GPU latency: 0.177563 ms - Host latency: 0.177563 ms (enqueue 0.10979 ms)
[03/03/2026-11:05:32] [I] Average on 10 runs - GPU latency: 0.178247 ms - Host latency: 0.178247 ms (enqueue 0.110889 ms)
[03/03/2026-11:05:32] [I] Average on 10 runs - GPU latency: 0.179224 ms - Host latency: 0.179224 ms (enqueue 0.11123 ms)
[03/03/2026-11:05:32] [I] Average on 10 runs - GPU latency: 0.17793 ms - Host latency: 0.17793 ms (enqueue 0.110205 ms)
[03/03/2026-11:05:32] [I] Average on 10 runs - GPU latency: 0.179102 ms - Host latency: 0.179102 ms (enqueue 0.10979 ms)
[03/03/2026-11:05:32] [I] Average on 10 runs - GPU latency: 0.178589 ms - Host latency: 0.178589 ms (enqueue 0.108862 ms)
[03/03/2026-11:05:32] [I] Average on 10 runs - GPU latency: 0.177295 ms - Host latency: 0.177295 ms (enqueue 0.107959 ms)
[03/03/2026-11:05:32] [I] Average on 10 runs - GPU latency: 0.178638 ms - Host latency: 0.178638 ms (enqueue 0.10769 ms)
[03/03/2026-11:05:32] [I] Average on 10 runs - GPU latency: 0.176855 ms - Host latency: 0.176855 ms (enqueue 0.110449 ms)
[03/03/2026-11:05:32] [I] Average on 10 runs - GPU latency: 0.178125 ms - Host latency: 0.178125 ms (enqueue 0.108374 ms)
[03/03/2026-11:05:32] [I] Average on 10 runs - GPU latency: 0.177295 ms - Host latency: 0.177295 ms (enqueue 0.113013 ms)
[03/03/2026-11:05:32] [I] Average on 10 runs - GPU latency: 0.180322 ms - Host latency: 0.180322 ms (enqueue 0.107861 ms)
[03/03/2026-11:05:32] [I] Average on 10 runs - GPU latency: 0.177417 ms - Host latency: 0.177417 ms (enqueue 0.11062 ms)
[03/03/2026-11:05:32] [I] Average on 10 runs - GPU latency: 0.178198 ms - Host latency: 0.178198 ms (enqueue 0.109668 ms)
[03/03/2026-11:05:32] [I] Average on 10 runs - GPU latency: 0.178711 ms - Host latency: 0.178711 ms (enqueue 0.110376 ms)
[03/03/2026-11:05:32] [I] Average on 10 runs - GPU latency: 0.178442 ms - Host latency: 0.178442 ms (enqueue 0.108838 ms)
[03/03/2026-11:05:32] [I] Average on 10 runs - GPU latency: 0.178125 ms - Host latency: 0.178125 ms (enqueue 0.108765 ms)
[03/03/2026-11:05:32] [I] Average on 10 runs - GPU latency: 0.177417 ms - Host latency: 0.177417 ms (enqueue 0.11377 ms)
[03/03/2026-11:05:32] [I] Average on 10 runs - GPU latency: 0.179395 ms - Host latency: 0.179395 ms (enqueue 0.106543 ms)
[03/03/2026-11:05:32] [I] Average on 10 runs - GPU latency: 0.178687 ms - Host latency: 0.178687 ms (enqueue 0.105664 ms)
[03/03/2026-11:05:32] [I] Average on 10 runs - GPU latency: 0.178027 ms - Host latency: 0.178027 ms (enqueue 0.113745 ms)
[03/03/2026-11:05:32] [I] Average on 10 runs - GPU latency: 0.178223 ms - Host latency: 0.178223 ms (enqueue 0.109937 ms)
[03/03/2026-11:05:32] [I] Average on 10 runs - GPU latency: 0.179297 ms - Host latency: 0.179297 ms (enqueue 0.108984 ms)
[03/03/2026-11:05:32] [I] Average on 10 runs - GPU latency: 0.178247 ms - Host latency: 0.178247 ms (enqueue 0.110962 ms)
[03/03/2026-11:05:32] [I] Average on 10 runs - GPU latency: 0.179297 ms - Host latency: 0.179297 ms (enqueue 0.108057 ms)
[03/03/2026-11:05:32] [I] Average on 10 runs - GPU latency: 0.17876 ms - Host latency: 0.17876 ms (enqueue 0.104565 ms)
[03/03/2026-11:05:32] [I] Average on 10 runs - GPU latency: 0.178149 ms - Host latency: 0.178149 ms (enqueue 0.104932 ms)
[03/03/2026-11:05:32] [I] Average on 10 runs - GPU latency: 0.179688 ms - Host latency: 0.179688 ms (enqueue 0.108374 ms)
[03/03/2026-11:05:32] [I] Average on 10 runs - GPU latency: 0.178662 ms - Host latency: 0.178662 ms (enqueue 0.108301 ms)
[03/03/2026-11:05:32] [I] Average on 10 runs - GPU latency: 0.178564 ms - Host latency: 0.178564 ms (enqueue 0.111304 ms)
[03/03/2026-11:05:32] [I] Average on 10 runs - GPU latency: 0.179053 ms - Host latency: 0.179053 ms (enqueue 0.107349 ms)
[03/03/2026-11:05:32] [I] Average on 10 runs - GPU latency: 0.177515 ms - Host latency: 0.177515 ms (enqueue 0.104736 ms)
[03/03/2026-11:05:32] [I] Average on 10 runs - GPU latency: 0.178735 ms - Host latency: 0.178735 ms (enqueue 0.110889 ms)
[03/03/2026-11:05:32] [I] Average on 10 runs - GPU latency: 0.177563 ms - Host latency: 0.177563 ms (enqueue 0.108057 ms)
[03/03/2026-11:05:32] [I] Average on 10 runs - GPU latency: 0.178906 ms - Host latency: 0.178906 ms (enqueue 0.114258 ms)
[03/03/2026-11:05:32] [I] Average on 10 runs - GPU latency: 0.177612 ms - Host latency: 0.177612 ms (enqueue 0.110864 ms)
[03/03/2026-11:05:32] [I] Average on 10 runs - GPU latency: 0.178491 ms - Host latency: 0.178491 ms (enqueue 0.112866 ms)
[03/03/2026-11:05:32] [I] Average on 10 runs - GPU latency: 0.178223 ms - Host latency: 0.178223 ms (enqueue 0.109912 ms)
[03/03/2026-11:05:32] [I] Average on 10 runs - GPU latency: 0.178223 ms - Host latency: 0.178223 ms (enqueue 0.11189 ms)
[03/03/2026-11:05:32] [I] Average on 10 runs - GPU latency: 0.178247 ms - Host latency: 0.178247 ms (enqueue 0.111841 ms)
[03/03/2026-11:05:32] [I] Average on 10 runs - GPU latency: 0.178198 ms - Host latency: 0.178198 ms (enqueue 0.11853 ms)
[03/03/2026-11:05:32] [I] Average on 10 runs - GPU latency: 0.177979 ms - Host latency: 0.177979 ms (enqueue 0.118286 ms)
[03/03/2026-11:05:32] [I] Average on 10 runs - GPU latency: 0.179126 ms - Host latency: 0.179126 ms (enqueue 0.109424 ms)
[03/03/2026-11:05:32] [I] Average on 10 runs - GPU latency: 0.177246 ms - Host latency: 0.177246 ms (enqueue 0.113354 ms)
[03/03/2026-11:05:32] [I] Average on 10 runs - GPU latency: 0.176758 ms - Host latency: 0.176758 ms (enqueue 0.113013 ms)
[03/03/2026-11:05:32] [I] Average on 10 runs - GPU latency: 0.178857 ms - Host latency: 0.178857 ms (enqueue 0.114771 ms)
[03/03/2026-11:05:32] [I] Average on 10 runs - GPU latency: 0.176831 ms - Host latency: 0.176831 ms (enqueue 0.112817 ms)
[03/03/2026-11:05:32] [I] Average on 10 runs - GPU latency: 0.177979 ms - Host latency: 0.177979 ms (enqueue 0.117993 ms)
[03/03/2026-11:05:32] [I] Average on 10 runs - GPU latency: 0.178442 ms - Host latency: 0.178442 ms (enqueue 0.112793 ms)
[03/03/2026-11:05:32] [I] Average on 10 runs - GPU latency: 0.179028 ms - Host latency: 0.179028 ms (enqueue 0.111865 ms)
[03/03/2026-11:05:32] [I] Average on 10 runs - GPU latency: 0.179053 ms - Host latency: 0.179053 ms (enqueue 0.109546 ms)
[03/03/2026-11:05:32] [I] Average on 10 runs - GPU latency: 0.177783 ms - Host latency: 0.177783 ms (enqueue 0.113062 ms)
[03/03/2026-11:05:32] [I] Average on 10 runs - GPU latency: 0.177905 ms - Host latency: 0.177905 ms (enqueue 0.111279 ms)
[03/03/2026-11:05:32] [I] Average on 10 runs - GPU latency: 0.178198 ms - Host latency: 0.178198 ms (enqueue 0.115894 ms)
[03/03/2026-11:05:32] [I] Average on 10 runs - GPU latency: 0.177466 ms - Host latency: 0.177466 ms (enqueue 0.109961 ms)
[03/03/2026-11:05:32] [I] Average on 10 runs - GPU latency: 0.17793 ms - Host latency: 0.17793 ms (enqueue 0.112549 ms)
[03/03/2026-11:05:32] [I] Average on 10 runs - GPU latency: 0.177197 ms - Host latency: 0.177197 ms (enqueue 0.111792 ms)
[03/03/2026-11:05:32] [I] Average on 10 runs - GPU latency: 0.177759 ms - Host latency: 0.177759 ms (enqueue 0.112134 ms)
[03/03/2026-11:05:32] [I] Average on 10 runs - GPU latency: 0.179419 ms - Host latency: 0.179419 ms (enqueue 0.110425 ms)
[03/03/2026-11:05:32] [I] Average on 10 runs - GPU latency: 0.180273 ms - Host latency: 0.180273 ms (enqueue 0.110937 ms)
[03/03/2026-11:05:32] [I] Average on 10 runs - GPU latency: 0.177002 ms - Host latency: 0.177002 ms (enqueue 0.108521 ms)
[03/03/2026-11:05:32] [I] Average on 10 runs - GPU latency: 0.178223 ms - Host latency: 0.178223 ms (enqueue 0.111694 ms)
[03/03/2026-11:05:32] [I] Average on 10 runs - GPU latency: 0.177515 ms - Host latency: 0.177515 ms (enqueue 0.112988 ms)
[03/03/2026-11:05:32] [I] Average on 10 runs - GPU latency: 0.177979 ms - Host latency: 0.177979 ms (enqueue 0.108862 ms)
[03/03/2026-11:05:32] [I] Average on 10 runs - GPU latency: 0.17832 ms - Host latency: 0.17832 ms (enqueue 0.109741 ms)
[03/03/2026-11:05:32] [I] Average on 10 runs - GPU latency: 0.178369 ms - Host latency: 0.178369 ms (enqueue 0.109448 ms)
[03/03/2026-11:05:32] [I] Average on 10 runs - GPU latency: 0.177979 ms - Host latency: 0.177979 ms (enqueue 0.107397 ms)
[03/03/2026-11:05:32] [I] Average on 10 runs - GPU latency: 0.178125 ms - Host latency: 0.178125 ms (enqueue 0.114331 ms)
[03/03/2026-11:05:32] [I] Average on 10 runs - GPU latency: 0.177295 ms - Host latency: 0.177295 ms (enqueue 0.110425 ms)
[03/03/2026-11:05:32] [I] Average on 10 runs - GPU latency: 0.178809 ms - Host latency: 0.178809 ms (enqueue 0.110327 ms)
[03/03/2026-11:05:32] [I] Average on 10 runs - GPU latency: 0.17959 ms - Host latency: 0.17959 ms (enqueue 0.109766 ms)
[03/03/2026-11:05:32] [I] Average on 10 runs - GPU latency: 0.178931 ms - Host latency: 0.178931 ms (enqueue 0.109229 ms)
[03/03/2026-11:05:32] [I] Average on 10 runs - GPU latency: 0.177612 ms - Host latency: 0.177612 ms (enqueue 0.112476 ms)
[03/03/2026-11:05:32] [I] Average on 10 runs - GPU latency: 0.179468 ms - Host latency: 0.179468 ms (enqueue 0.11228 ms)
[03/03/2026-11:05:32] [I] Average on 10 runs - GPU latency: 0.177808 ms - Host latency: 0.177808 ms (enqueue 0.112402 ms)
[03/03/2026-11:05:32] [I] Average on 10 runs - GPU latency: 0.179272 ms - Host latency: 0.179272 ms (enqueue 0.106958 ms)
[03/03/2026-11:05:32] [I] Average on 10 runs - GPU latency: 0.178516 ms - Host latency: 0.178516 ms (enqueue 0.109619 ms)
[03/03/2026-11:05:32] [I] Average on 10 runs - GPU latency: 0.180103 ms - Host latency: 0.180103 ms (enqueue 0.108447 ms)
[03/03/2026-11:05:32] [I] Average on 10 runs - GPU latency: 0.178271 ms - Host latency: 0.178271 ms (enqueue 0.108057 ms)
[03/03/2026-11:05:32] [I] Average on 10 runs - GPU latency: 0.179297 ms - Host latency: 0.179297 ms (enqueue 0.104443 ms)
[03/03/2026-11:05:32] [I] Average on 10 runs - GPU latency: 0.178857 ms - Host latency: 0.178857 ms (enqueue 0.110864 ms)
[03/03/2026-11:05:32] [I] Average on 10 runs - GPU latency: 0.177905 ms - Host latency: 0.177905 ms (enqueue 0.107959 ms)
[03/03/2026-11:05:32] [I] Average on 10 runs - GPU latency: 0.177979 ms - Host latency: 0.177979 ms (enqueue 0.108936 ms)
[03/03/2026-11:05:32] [I] Average on 10 runs - GPU latency: 0.180542 ms - Host latency: 0.180542 ms (enqueue 0.110107 ms)
[03/03/2026-11:05:32] [I] Average on 10 runs - GPU latency: 0.179224 ms - Host latency: 0.179224 ms (enqueue 0.107446 ms)
[03/03/2026-11:05:32] [I] Average on 10 runs - GPU latency: 0.178369 ms - Host latency: 0.178369 ms (enqueue 0.106738 ms)
[03/03/2026-11:05:32] [I] Average on 10 runs - GPU latency: 0.177124 ms - Host latency: 0.177124 ms (enqueue 0.10896 ms)
[03/03/2026-11:05:32] [I] Average on 10 runs - GPU latency: 0.177271 ms - Host latency: 0.177271 ms (enqueue 0.11106 ms)
[03/03/2026-11:05:32] [I] Average on 10 runs - GPU latency: 0.178003 ms - Host latency: 0.178003 ms (enqueue 0.109009 ms)
[03/03/2026-11:05:32] [I] Average on 10 runs - GPU latency: 0.177417 ms - Host latency: 0.177417 ms (enqueue 0.111035 ms)
[03/03/2026-11:05:32] [I] Average on 10 runs - GPU latency: 0.178027 ms - Host latency: 0.178027 ms (enqueue 0.110107 ms)
[03/03/2026-11:05:32] [I] Average on 10 runs - GPU latency: 0.178027 ms - Host latency: 0.178027 ms (enqueue 0.112378 ms)
[03/03/2026-11:05:32] [I] Average on 10 runs - GPU latency: 0.177954 ms - Host latency: 0.177954 ms (enqueue 0.113599 ms)
[03/03/2026-11:05:32] [I] Average on 10 runs - GPU latency: 0.178027 ms - Host latency: 0.178027 ms (enqueue 0.110986 ms)
[03/03/2026-11:05:32] [I] Average on 10 runs - GPU latency: 0.178784 ms - Host latency: 0.178784 ms (enqueue 0.106909 ms)
[03/03/2026-11:05:32] [I] Average on 10 runs - GPU latency: 0.178223 ms - Host latency: 0.178223 ms (enqueue 0.109009 ms)
[03/03/2026-11:05:32] [I] Average on 10 runs - GPU latency: 0.179297 ms - Host latency: 0.179297 ms (enqueue 0.106616 ms)
[03/03/2026-11:05:32] [I] Average on 10 runs - GPU latency: 0.176782 ms - Host latency: 0.176782 ms (enqueue 0.111938 ms)
[03/03/2026-11:05:32] [I] Average on 10 runs - GPU latency: 0.179956 ms - Host latency: 0.179956 ms (enqueue 0.106641 ms)
[03/03/2026-11:05:32] [I] Average on 10 runs - GPU latency: 0.177271 ms - Host latency: 0.177271 ms (enqueue 0.107471 ms)
[03/03/2026-11:05:32] [I] Average on 10 runs - GPU latency: 0.180347 ms - Host latency: 0.180347 ms (enqueue 0.105786 ms)
[03/03/2026-11:05:32] [I] Average on 10 runs - GPU latency: 0.178638 ms - Host latency: 0.178638 ms (enqueue 0.108374 ms)
[03/03/2026-11:05:32] [I] Average on 10 runs - GPU latency: 0.177002 ms - Host latency: 0.177002 ms (enqueue 0.109058 ms)
[03/03/2026-11:05:32] [I] Average on 10 runs - GPU latency: 0.179443 ms - Host latency: 0.179443 ms (enqueue 0.107593 ms)
[03/03/2026-11:05:32] [I] Average on 10 runs - GPU latency: 0.177466 ms - Host latency: 0.177466 ms (enqueue 0.113257 ms)
[03/03/2026-11:05:32] [I] Average on 10 runs - GPU latency: 0.178613 ms - Host latency: 0.178613 ms (enqueue 0.109302 ms)
[03/03/2026-11:05:32] [I] Average on 10 runs - GPU latency: 0.178101 ms - Host latency: 0.178101 ms (enqueue 0.11145 ms)
[03/03/2026-11:05:32] [I] Average on 10 runs - GPU latency: 0.177808 ms - Host latency: 0.177808 ms (enqueue 0.11145 ms)
[03/03/2026-11:05:32] [I] Average on 10 runs - GPU latency: 0.177832 ms - Host latency: 0.177832 ms (enqueue 0.110937 ms)
[03/03/2026-11:05:32] [I] Average on 10 runs - GPU latency: 0.177075 ms - Host latency: 0.177075 ms (enqueue 0.115015 ms)
[03/03/2026-11:05:32] [I] Average on 10 runs - GPU latency: 0.176807 ms - Host latency: 0.176807 ms (enqueue 0.112915 ms)
[03/03/2026-11:05:32] [I] Average on 10 runs - GPU latency: 0.179028 ms - Host latency: 0.179028 ms (enqueue 0.107666 ms)
[03/03/2026-11:05:32] [I] Average on 10 runs - GPU latency: 0.17832 ms - Host latency: 0.17832 ms (enqueue 0.107983 ms)
[03/03/2026-11:05:32] [I] Average on 10 runs - GPU latency: 0.179053 ms - Host latency: 0.179053 ms (enqueue 0.107617 ms)
[03/03/2026-11:05:32] [I] Average on 10 runs - GPU latency: 0.179175 ms - Host latency: 0.179175 ms (enqueue 0.104224 ms)
[03/03/2026-11:05:32] [I] Average on 10 runs - GPU latency: 0.178833 ms - Host latency: 0.178833 ms (enqueue 0.109692 ms)
[03/03/2026-11:05:32] [I] Average on 10 runs - GPU latency: 0.178687 ms - Host latency: 0.178687 ms (enqueue 0.106641 ms)
[03/03/2026-11:05:32] [I] Average on 10 runs - GPU latency: 0.178345 ms - Host latency: 0.178345 ms (enqueue 0.105688 ms)
[03/03/2026-11:05:32] [I] Average on 10 runs - GPU latency: 0.178491 ms - Host latency: 0.178491 ms (enqueue 0.110913 ms)
[03/03/2026-11:05:32] [I] Average on 10 runs - GPU latency: 0.177783 ms - Host latency: 0.177783 ms (enqueue 0.107446 ms)
[03/03/2026-11:05:32] [I] Average on 10 runs - GPU latency: 0.177124 ms - Host latency: 0.177124 ms (enqueue 0.109595 ms)
[03/03/2026-11:05:32] [I] Average on 10 runs - GPU latency: 0.179736 ms - Host latency: 0.179736 ms (enqueue 0.108447 ms)
[03/03/2026-11:05:32] [I] Average on 10 runs - GPU latency: 0.178052 ms - Host latency: 0.178052 ms (enqueue 0.105078 ms)
[03/03/2026-11:05:32] [I] Average on 10 runs - GPU latency: 0.178125 ms - Host latency: 0.178125 ms (enqueue 0.105859 ms)
[03/03/2026-11:05:32] [I] Average on 10 runs - GPU latency: 0.17793 ms - Host latency: 0.17793 ms (enqueue 0.111768 ms)
[03/03/2026-11:05:32] [I] Average on 10 runs - GPU latency: 0.178076 ms - Host latency: 0.178076 ms (enqueue 0.109888 ms)
[03/03/2026-11:05:32] [I] Average on 10 runs - GPU latency: 0.179517 ms - Host latency: 0.179517 ms (enqueue 0.112476 ms)
[03/03/2026-11:05:32] [I] Average on 10 runs - GPU latency: 0.177393 ms - Host latency: 0.177393 ms (enqueue 0.110498 ms)
[03/03/2026-11:05:32] [I] Average on 10 runs - GPU latency: 0.179297 ms - Host latency: 0.179297 ms (enqueue 0.112671 ms)
[03/03/2026-11:05:32] [I] Average on 10 runs - GPU latency: 0.177954 ms - Host latency: 0.177954 ms (enqueue 0.108691 ms)
[03/03/2026-11:05:32] [I] Average on 10 runs - GPU latency: 0.177148 ms - Host latency: 0.177148 ms (enqueue 0.110522 ms)
[03/03/2026-11:05:32] [I] Average on 10 runs - GPU latency: 0.177979 ms - Host latency: 0.177979 ms (enqueue 0.112915 ms)
[03/03/2026-11:05:32] [I] Average on 10 runs - GPU latency: 0.178809 ms - Host latency: 0.178809 ms (enqueue 0.107031 ms)
[03/03/2026-11:05:32] [I] Average on 10 runs - GPU latency: 0.178955 ms - Host latency: 0.178955 ms (enqueue 0.111523 ms)
[03/03/2026-11:05:32] [I] Average on 10 runs - GPU latency: 0.178564 ms - Host latency: 0.178564 ms (enqueue 0.106934 ms)
[03/03/2026-11:05:32] [I] Average on 10 runs - GPU latency: 0.178271 ms - Host latency: 0.178271 ms (enqueue 0.108862 ms)
[03/03/2026-11:05:32] [I] Average on 10 runs - GPU latency: 0.178394 ms - Host latency: 0.178394 ms (enqueue 0.110107 ms)
[03/03/2026-11:05:32] [I] Average on 10 runs - GPU latency: 0.178271 ms - Host latency: 0.178271 ms (enqueue 0.111426 ms)
[03/03/2026-11:05:32] [I] Average on 10 runs - GPU latency: 0.177002 ms - Host latency: 0.177002 ms (enqueue 0.109839 ms)
[03/03/2026-11:05:32] [I] Average on 10 runs - GPU latency: 0.18042 ms - Host latency: 0.18042 ms (enqueue 0.107764 ms)
[03/03/2026-11:05:32] [I] Average on 10 runs - GPU latency: 0.178711 ms - Host latency: 0.178711 ms (enqueue 0.108276 ms)
[03/03/2026-11:05:32] [I] Average on 10 runs - GPU latency: 0.177344 ms - Host latency: 0.177344 ms (enqueue 0.108154 ms)
[03/03/2026-11:05:32] [I] Average on 10 runs - GPU latency: 0.179614 ms - Host latency: 0.179614 ms (enqueue 0.109961 ms)
[03/03/2026-11:05:32] [I] Average on 10 runs - GPU latency: 0.178149 ms - Host latency: 0.178149 ms (enqueue 0.104346 ms)
[03/03/2026-11:05:32] [I] Average on 10 runs - GPU latency: 0.178247 ms - Host latency: 0.178247 ms (enqueue 0.106104 ms)
[03/03/2026-11:05:32] [I] Average on 10 runs - GPU latency: 0.17981 ms - Host latency: 0.17981 ms (enqueue 0.105884 ms)
[03/03/2026-11:05:32] [I] Average on 10 runs - GPU latency: 0.181763 ms - Host latency: 0.181763 ms (enqueue 0.105322 ms)
[03/03/2026-11:05:32] [I] Average on 10 runs - GPU latency: 0.179004 ms - Host latency: 0.179004 ms (enqueue 0.106055 ms)
[03/03/2026-11:05:32] [I] Average on 10 runs - GPU latency: 0.178882 ms - Host latency: 0.178882 ms (enqueue 0.104346 ms)
[03/03/2026-11:05:32] [I] Average on 10 runs - GPU latency: 0.178418 ms - Host latency: 0.178418 ms (enqueue 0.108154 ms)
[03/03/2026-11:05:32] [I] Average on 10 runs - GPU latency: 0.179028 ms - Host latency: 0.179028 ms (enqueue 0.10603 ms)
[03/03/2026-11:05:32] [I] Average on 10 runs - GPU latency: 0.177832 ms - Host latency: 0.177832 ms (enqueue 0.105542 ms)
[03/03/2026-11:05:32] [I] Average on 10 runs - GPU latency: 0.179053 ms - Host latency: 0.179053 ms (enqueue 0.1073 ms)
[03/03/2026-11:05:32] [I] Average on 10 runs - GPU latency: 0.179175 ms - Host latency: 0.179175 ms (enqueue 0.104297 ms)
[03/03/2026-11:05:32] [I] Average on 10 runs - GPU latency: 0.179004 ms - Host latency: 0.179004 ms (enqueue 0.105811 ms)
[03/03/2026-11:05:32] [I] Average on 10 runs - GPU latency: 0.178223 ms - Host latency: 0.178223 ms (enqueue 0.111523 ms)
[03/03/2026-11:05:32] [I] Average on 10 runs - GPU latency: 0.17793 ms - Host latency: 0.17793 ms (enqueue 0.111548 ms)
[03/03/2026-11:05:32] [I] Average on 10 runs - GPU latency: 0.178125 ms - Host latency: 0.178125 ms (enqueue 0.106372 ms)
[03/03/2026-11:05:32] [I] Average on 10 runs - GPU latency: 0.179126 ms - Host latency: 0.179126 ms (enqueue 0.11145 ms)
[03/03/2026-11:05:32] [I] Average on 10 runs - GPU latency: 0.179785 ms - Host latency: 0.179785 ms (enqueue 0.108545 ms)
[03/03/2026-11:05:32] [I] Average on 10 runs - GPU latency: 0.177466 ms - Host latency: 0.177466 ms (enqueue 0.112354 ms)
[03/03/2026-11:05:32] [I] Average on 10 runs - GPU latency: 0.179028 ms - Host latency: 0.179028 ms (enqueue 0.107544 ms)
[03/03/2026-11:05:32] [I] Average on 10 runs - GPU latency: 0.178857 ms - Host latency: 0.178857 ms (enqueue 0.109546 ms)
[03/03/2026-11:05:32] [I] Average on 10 runs - GPU latency: 0.179614 ms - Host latency: 0.179614 ms (enqueue 0.106982 ms)
[03/03/2026-11:05:32] [I] Average on 10 runs - GPU latency: 0.178052 ms - Host latency: 0.178052 ms (enqueue 0.110742 ms)
[03/03/2026-11:05:32] [I] Average on 10 runs - GPU latency: 0.178174 ms - Host latency: 0.178174 ms (enqueue 0.107324 ms)
[03/03/2026-11:05:32] [I] Average on 10 runs - GPU latency: 0.177759 ms - Host latency: 0.177759 ms (enqueue 0.111816 ms)
[03/03/2026-11:05:32] [I] Average on 10 runs - GPU latency: 0.178833 ms - Host latency: 0.178833 ms (enqueue 0.109692 ms)
[03/03/2026-11:05:32] [I] Average on 10 runs - GPU latency: 0.17854 ms - Host latency: 0.17854 ms (enqueue 0.108984 ms)
[03/03/2026-11:05:32] [I] Average on 10 runs - GPU latency: 0.179395 ms - Host latency: 0.179395 ms (enqueue 0.108789 ms)
[03/03/2026-11:05:32] [I] Average on 10 runs - GPU latency: 0.178125 ms - Host latency: 0.178125 ms (enqueue 0.104956 ms)
[03/03/2026-11:05:32] [I] Average on 10 runs - GPU latency: 0.17959 ms - Host latency: 0.17959 ms (enqueue 0.108276 ms)
[03/03/2026-11:05:32] [I] Average on 10 runs - GPU latency: 0.179443 ms - Host latency: 0.179443 ms (enqueue 0.107471 ms)
[03/03/2026-11:05:32] [I] Average on 10 runs - GPU latency: 0.179004 ms - Host latency: 0.179004 ms (enqueue 0.108911 ms)
[03/03/2026-11:05:32] [I] Average on 10 runs - GPU latency: 0.17793 ms - Host latency: 0.17793 ms (enqueue 0.107104 ms)
[03/03/2026-11:05:32] [I] Average on 10 runs - GPU latency: 0.176782 ms - Host latency: 0.176782 ms (enqueue 0.110449 ms)
[03/03/2026-11:05:32] [I] Average on 10 runs - GPU latency: 0.179272 ms - Host latency: 0.179272 ms (enqueue 0.10791 ms)
[03/03/2026-11:05:32] [I] Average on 10 runs - GPU latency: 0.179565 ms - Host latency: 0.179565 ms (enqueue 0.109546 ms)
[03/03/2026-11:05:32] [I] Average on 10 runs - GPU latency: 0.178784 ms - Host latency: 0.178784 ms (enqueue 0.109058 ms)
[03/03/2026-11:05:32] [I] Average on 10 runs - GPU latency: 0.179858 ms - Host latency: 0.179858 ms (enqueue 0.106519 ms)
[03/03/2026-11:05:32] [I] Average on 10 runs - GPU latency: 0.178516 ms - Host latency: 0.178516 ms (enqueue 0.110205 ms)
[03/03/2026-11:05:32] [I] Average on 10 runs - GPU latency: 0.178394 ms - Host latency: 0.178394 ms (enqueue 0.107642 ms)
[03/03/2026-11:05:32] [I] Average on 10 runs - GPU latency: 0.179395 ms - Host latency: 0.179395 ms (enqueue 0.109839 ms)
[03/03/2026-11:05:32] [I] Average on 10 runs - GPU latency: 0.178564 ms - Host latency: 0.178564 ms (enqueue 0.109424 ms)
[03/03/2026-11:05:32] [I] Average on 10 runs - GPU latency: 0.178418 ms - Host latency: 0.178418 ms (enqueue 0.108179 ms)
[03/03/2026-11:05:32] [I] Average on 10 runs - GPU latency: 0.178906 ms - Host latency: 0.178906 ms (enqueue 0.106079 ms)
[03/03/2026-11:05:32] [I] Average on 10 runs - GPU latency: 0.177417 ms - Host latency: 0.177417 ms (enqueue 0.106177 ms)
[03/03/2026-11:05:32] [I] Average on 10 runs - GPU latency: 0.17876 ms - Host latency: 0.17876 ms (enqueue 0.108569 ms)
[03/03/2026-11:05:32] [I] Average on 10 runs - GPU latency: 0.178369 ms - Host latency: 0.178369 ms (enqueue 0.107861 ms)
[03/03/2026-11:05:32] [I] Average on 10 runs - GPU latency: 0.178735 ms - Host latency: 0.178735 ms (enqueue 0.110034 ms)
[03/03/2026-11:05:32] [I] Average on 10 runs - GPU latency: 0.178198 ms - Host latency: 0.178198 ms (enqueue 0.107471 ms)
[03/03/2026-11:05:32] [I] Average on 10 runs - GPU latency: 0.177734 ms - Host latency: 0.177734 ms (enqueue 0.109253 ms)
[03/03/2026-11:05:32] [I] Average on 10 runs - GPU latency: 0.177856 ms - Host latency: 0.177856 ms (enqueue 0.109619 ms)
[03/03/2026-11:05:32] [I] Average on 10 runs - GPU latency: 0.178027 ms - Host latency: 0.178027 ms (enqueue 0.106128 ms)
[03/03/2026-11:05:32] [I] Average on 10 runs - GPU latency: 0.178638 ms - Host latency: 0.178638 ms (enqueue 0.109595 ms)
[03/03/2026-11:05:32] [I] Average on 10 runs - GPU latency: 0.178979 ms - Host latency: 0.178979 ms (enqueue 0.106128 ms)
[03/03/2026-11:05:32] [I] Average on 10 runs - GPU latency: 0.178833 ms - Host latency: 0.178833 ms (enqueue 0.110937 ms)
[03/03/2026-11:05:32] [I] Average on 10 runs - GPU latency: 0.177539 ms - Host latency: 0.177539 ms (enqueue 0.110815 ms)
[03/03/2026-11:05:32] [I] Average on 10 runs - GPU latency: 0.177441 ms - Host latency: 0.177441 ms (enqueue 0.108984 ms)
[03/03/2026-11:05:32] [I] Average on 10 runs - GPU latency: 0.178247 ms - Host latency: 0.178247 ms (enqueue 0.107568 ms)
[03/03/2026-11:05:32] [I] Average on 10 runs - GPU latency: 0.177734 ms - Host latency: 0.177734 ms (enqueue 0.110522 ms)
[03/03/2026-11:05:32] [I] Average on 10 runs - GPU latency: 0.17832 ms - Host latency: 0.17832 ms (enqueue 0.110596 ms)
[03/03/2026-11:05:32] [I] Average on 10 runs - GPU latency: 0.178711 ms - Host latency: 0.178711 ms (enqueue 0.110352 ms)
[03/03/2026-11:05:32] [I] Average on 10 runs - GPU latency: 0.179028 ms - Host latency: 0.179028 ms (enqueue 0.106396 ms)
[03/03/2026-11:05:32] [I] Average on 10 runs - GPU latency: 0.177808 ms - Host latency: 0.177808 ms (enqueue 0.113989 ms)
[03/03/2026-11:05:32] [I] Average on 10 runs - GPU latency: 0.17959 ms - Host latency: 0.17959 ms (enqueue 0.10564 ms)
[03/03/2026-11:05:32] [I] Average on 10 runs - GPU latency: 0.178491 ms - Host latency: 0.178491 ms (enqueue 0.106592 ms)
[03/03/2026-11:05:32] [I] Average on 10 runs - GPU latency: 0.178784 ms - Host latency: 0.178784 ms (enqueue 0.107837 ms)
[03/03/2026-11:05:32] [I] Average on 10 runs - GPU latency: 0.177075 ms - Host latency: 0.177075 ms (enqueue 0.112207 ms)
[03/03/2026-11:05:32] [I] Average on 10 runs - GPU latency: 0.17854 ms - Host latency: 0.17854 ms (enqueue 0.110156 ms)
[03/03/2026-11:05:32] [I] Average on 10 runs - GPU latency: 0.178662 ms - Host latency: 0.178662 ms (enqueue 0.105078 ms)
[03/03/2026-11:05:32] [I] Average on 10 runs - GPU latency: 0.17915 ms - Host latency: 0.17915 ms (enqueue 0.106348 ms)
[03/03/2026-11:05:32] [I] Average on 10 runs - GPU latency: 0.177856 ms - Host latency: 0.177856 ms (enqueue 0.107715 ms)
[03/03/2026-11:05:32] [I] Average on 10 runs - GPU latency: 0.178979 ms - Host latency: 0.178979 ms (enqueue 0.104395 ms)
[03/03/2026-11:05:32] [I] Average on 10 runs - GPU latency: 0.180005 ms - Host latency: 0.180005 ms (enqueue 0.107397 ms)
[03/03/2026-11:05:32] [I] Average on 10 runs - GPU latency: 0.177441 ms - Host latency: 0.177441 ms (enqueue 0.110229 ms)
[03/03/2026-11:05:32] [I] Average on 10 runs - GPU latency: 0.178418 ms - Host latency: 0.178418 ms (enqueue 0.10564 ms)
[03/03/2026-11:05:32] [I] Average on 10 runs - GPU latency: 0.177881 ms - Host latency: 0.177881 ms (enqueue 0.109668 ms)
[03/03/2026-11:05:32] [I] Average on 10 runs - GPU latency: 0.177759 ms - Host latency: 0.177759 ms (enqueue 0.107666 ms)
[03/03/2026-11:05:32] [I] Average on 10 runs - GPU latency: 0.179272 ms - Host latency: 0.179272 ms (enqueue 0.108618 ms)
[03/03/2026-11:05:32] [I] Average on 10 runs - GPU latency: 0.179443 ms - Host latency: 0.179443 ms (enqueue 0.10791 ms)
[03/03/2026-11:05:32] [I] Average on 10 runs - GPU latency: 0.181738 ms - Host latency: 0.181738 ms (enqueue 0.105322 ms)
[03/03/2026-11:05:32] [I] Average on 10 runs - GPU latency: 0.178149 ms - Host latency: 0.178149 ms (enqueue 0.109814 ms)
[03/03/2026-11:05:32] [I] Average on 10 runs - GPU latency: 0.179346 ms - Host latency: 0.179346 ms (enqueue 0.106763 ms)
[03/03/2026-11:05:32] [I] Average on 10 runs - GPU latency: 0.17915 ms - Host latency: 0.17915 ms (enqueue 0.103906 ms)
[03/03/2026-11:05:32] [I] Average on 10 runs - GPU latency: 0.179517 ms - Host latency: 0.179517 ms (enqueue 0.10498 ms)
[03/03/2026-11:05:32] [I] Average on 10 runs - GPU latency: 0.178735 ms - Host latency: 0.178735 ms (enqueue 0.107007 ms)
[03/03/2026-11:05:32] [I] Average on 10 runs - GPU latency: 0.179712 ms - Host latency: 0.179712 ms (enqueue 0.106152 ms)
[03/03/2026-11:05:32] [I] Average on 10 runs - GPU latency: 0.179175 ms - Host latency: 0.179175 ms (enqueue 0.105566 ms)
[03/03/2026-11:05:32] [I] Average on 10 runs - GPU latency: 0.177417 ms - Host latency: 0.177417 ms (enqueue 0.107617 ms)
[03/03/2026-11:05:32] [I] Average on 10 runs - GPU latency: 0.179517 ms - Host latency: 0.179517 ms (enqueue 0.108618 ms)
[03/03/2026-11:05:32] [I] Average on 10 runs - GPU latency: 0.178223 ms - Host latency: 0.178223 ms (enqueue 0.109863 ms)
[03/03/2026-11:05:32] [I] Average on 10 runs - GPU latency: 0.179419 ms - Host latency: 0.179419 ms (enqueue 0.108643 ms)
[03/03/2026-11:05:32] [I] Average on 10 runs - GPU latency: 0.179395 ms - Host latency: 0.179395 ms (enqueue 0.108521 ms)
[03/03/2026-11:05:32] [I] Average on 10 runs - GPU latency: 0.178491 ms - Host latency: 0.178491 ms (enqueue 0.107153 ms)
[03/03/2026-11:05:32] [I] Average on 10 runs - GPU latency: 0.177588 ms - Host latency: 0.177588 ms (enqueue 0.110132 ms)
[03/03/2026-11:05:32] [I] Average on 10 runs - GPU latency: 0.180005 ms - Host latency: 0.180005 ms (enqueue 0.107275 ms)
[03/03/2026-11:05:32] [I] Average on 10 runs - GPU latency: 0.179858 ms - Host latency: 0.179858 ms (enqueue 0.106885 ms)
[03/03/2026-11:05:32] [I] Average on 10 runs - GPU latency: 0.18042 ms - Host latency: 0.18042 ms (enqueue 0.1021 ms)
[03/03/2026-11:05:32] [I] Average on 10 runs - GPU latency: 0.178662 ms - Host latency: 0.178662 ms (enqueue 0.107104 ms)
[03/03/2026-11:05:32] [I] Average on 10 runs - GPU latency: 0.179028 ms - Host latency: 0.179028 ms (enqueue 0.10625 ms)
[03/03/2026-11:05:32] [I] Average on 10 runs - GPU latency: 0.179956 ms - Host latency: 0.179956 ms (enqueue 0.109424 ms)
[03/03/2026-11:05:32] [I] Average on 10 runs - GPU latency: 0.176733 ms - Host latency: 0.176733 ms (enqueue 0.111841 ms)
[03/03/2026-11:05:32] [I] Average on 10 runs - GPU latency: 0.179688 ms - Host latency: 0.179688 ms (enqueue 0.107959 ms)
[03/03/2026-11:05:32] [I] Average on 10 runs - GPU latency: 0.179565 ms - Host latency: 0.179565 ms (enqueue 0.107495 ms)
[03/03/2026-11:05:32] [I] Average on 10 runs - GPU latency: 0.179272 ms - Host latency: 0.179272 ms (enqueue 0.106201 ms)
[03/03/2026-11:05:32] [I] Average on 10 runs - GPU latency: 0.178296 ms - Host latency: 0.178296 ms (enqueue 0.107568 ms)
[03/03/2026-11:05:32] [I] Average on 10 runs - GPU latency: 0.177393 ms - Host latency: 0.177393 ms (enqueue 0.108716 ms)
[03/03/2026-11:05:32] [I] Average on 10 runs - GPU latency: 0.180127 ms - Host latency: 0.180127 ms (enqueue 0.106592 ms)
[03/03/2026-11:05:32] [I] Average on 10 runs - GPU latency: 0.179053 ms - Host latency: 0.179053 ms (enqueue 0.107617 ms)
[03/03/2026-11:05:32] [I] Average on 10 runs - GPU latency: 0.17981 ms - Host latency: 0.17981 ms (enqueue 0.10708 ms)
[03/03/2026-11:05:32] [I] Average on 10 runs - GPU latency: 0.179199 ms - Host latency: 0.179199 ms (enqueue 0.105713 ms)
[03/03/2026-11:05:32] [I] Average on 10 runs - GPU latency: 0.179053 ms - Host latency: 0.179053 ms (enqueue 0.102637 ms)
[03/03/2026-11:05:32] [I] Average on 10 runs - GPU latency: 0.178296 ms - Host latency: 0.178296 ms (enqueue 0.106958 ms)
[03/03/2026-11:05:32] [I] Average on 10 runs - GPU latency: 0.178809 ms - Host latency: 0.178809 ms (enqueue 0.106396 ms)
[03/03/2026-11:05:32] [I] Average on 10 runs - GPU latency: 0.178638 ms - Host latency: 0.178638 ms (enqueue 0.10791 ms)
[03/03/2026-11:05:32] [I] Average on 10 runs - GPU latency: 0.179419 ms - Host latency: 0.179419 ms (enqueue 0.107568 ms)
[03/03/2026-11:05:32] [I] Average on 10 runs - GPU latency: 0.178931 ms - Host latency: 0.178931 ms (enqueue 0.112378 ms)
[03/03/2026-11:05:32] [I] Average on 10 runs - GPU latency: 0.177954 ms - Host latency: 0.177954 ms (enqueue 0.108496 ms)
[03/03/2026-11:05:32] [I] Average on 10 runs - GPU latency: 0.178369 ms - Host latency: 0.178369 ms (enqueue 0.112085 ms)
[03/03/2026-11:05:32] [I] Average on 10 runs - GPU latency: 0.179736 ms - Host latency: 0.179736 ms (enqueue 0.106152 ms)
[03/03/2026-11:05:32] [I] Average on 10 runs - GPU latency: 0.17959 ms - Host latency: 0.17959 ms (enqueue 0.106885 ms)
[03/03/2026-11:05:32] [I] Average on 10 runs - GPU latency: 0.178247 ms - Host latency: 0.178247 ms (enqueue 0.109985 ms)
[03/03/2026-11:05:32] [I] Average on 10 runs - GPU latency: 0.176953 ms - Host latency: 0.176953 ms (enqueue 0.108569 ms)
[03/03/2026-11:05:32] [I] Average on 10 runs - GPU latency: 0.178906 ms - Host latency: 0.178906 ms (enqueue 0.110059 ms)
[03/03/2026-11:05:32] [I] Average on 10 runs - GPU latency: 0.179736 ms - Host latency: 0.179736 ms (enqueue 0.107593 ms)
[03/03/2026-11:05:32] [I] Average on 10 runs - GPU latency: 0.177588 ms - Host latency: 0.177588 ms (enqueue 0.109351 ms)
[03/03/2026-11:05:32] [I] Average on 10 runs - GPU latency: 0.178223 ms - Host latency: 0.178223 ms (enqueue 0.109229 ms)
[03/03/2026-11:05:32] [I] Average on 10 runs - GPU latency: 0.177954 ms - Host latency: 0.177954 ms (enqueue 0.110596 ms)
[03/03/2026-11:05:32] [I] Average on 10 runs - GPU latency: 0.178174 ms - Host latency: 0.178174 ms (enqueue 0.10896 ms)
[03/03/2026-11:05:32] [I] Average on 10 runs - GPU latency: 0.177661 ms - Host latency: 0.177661 ms (enqueue 0.112305 ms)
[03/03/2026-11:05:32] [I] Average on 10 runs - GPU latency: 0.179053 ms - Host latency: 0.179053 ms (enqueue 0.10752 ms)
[03/03/2026-11:05:32] [I] Average on 10 runs - GPU latency: 0.179077 ms - Host latency: 0.179077 ms (enqueue 0.108496 ms)
[03/03/2026-11:05:32] [I] Average on 10 runs - GPU latency: 0.178833 ms - Host latency: 0.178833 ms (enqueue 0.107983 ms)
[03/03/2026-11:05:32] [I] Average on 10 runs - GPU latency: 0.178296 ms - Host latency: 0.178296 ms (enqueue 0.108203 ms)
[03/03/2026-11:05:32] [I] Average on 10 runs - GPU latency: 0.177832 ms - Host latency: 0.177832 ms (enqueue 0.108423 ms)
[03/03/2026-11:05:32] [I] Average on 10 runs - GPU latency: 0.179272 ms - Host latency: 0.179272 ms (enqueue 0.107813 ms)
[03/03/2026-11:05:32] [I] Average on 10 runs - GPU latency: 0.180249 ms - Host latency: 0.180249 ms (enqueue 0.107397 ms)
[03/03/2026-11:05:32] [I] Average on 10 runs - GPU latency: 0.180249 ms - Host latency: 0.180249 ms (enqueue 0.106055 ms)
[03/03/2026-11:05:32] [I] Average on 10 runs - GPU latency: 0.178906 ms - Host latency: 0.178906 ms (enqueue 0.10647 ms)
[03/03/2026-11:05:32] [I] Average on 10 runs - GPU latency: 0.180664 ms - Host latency: 0.180664 ms (enqueue 0.105884 ms)
[03/03/2026-11:05:32] [I] Average on 10 runs - GPU latency: 0.17876 ms - Host latency: 0.17876 ms (enqueue 0.107886 ms)
[03/03/2026-11:05:32] [I] Average on 10 runs - GPU latency: 0.177832 ms - Host latency: 0.177832 ms (enqueue 0.110425 ms)
[03/03/2026-11:05:32] [I] Average on 10 runs - GPU latency: 0.17981 ms - Host latency: 0.17981 ms (enqueue 0.106641 ms)
[03/03/2026-11:05:32] [I] Average on 10 runs - GPU latency: 0.17998 ms - Host latency: 0.17998 ms (enqueue 0.10813 ms)
[03/03/2026-11:05:32] [I] Average on 10 runs - GPU latency: 0.177441 ms - Host latency: 0.177441 ms (enqueue 0.108594 ms)
[03/03/2026-11:05:32] [I] Average on 10 runs - GPU latency: 0.178809 ms - Host latency: 0.178809 ms (enqueue 0.109863 ms)
[03/03/2026-11:05:32] [I] Average on 10 runs - GPU latency: 0.178735 ms - Host latency: 0.178735 ms (enqueue 0.11123 ms)
[03/03/2026-11:05:32] [I] Average on 10 runs - GPU latency: 0.177637 ms - Host latency: 0.177637 ms (enqueue 0.110498 ms)
[03/03/2026-11:05:32] [I] Average on 10 runs - GPU latency: 0.177539 ms - Host latency: 0.177539 ms (enqueue 0.108203 ms)
[03/03/2026-11:05:32] [I] Average on 10 runs - GPU latency: 0.178882 ms - Host latency: 0.178882 ms (enqueue 0.109595 ms)
[03/03/2026-11:05:32] [I] Average on 10 runs - GPU latency: 0.180322 ms - Host latency: 0.180322 ms (enqueue 0.106494 ms)
[03/03/2026-11:05:32] [I] Average on 10 runs - GPU latency: 0.179395 ms - Host latency: 0.179395 ms (enqueue 0.107275 ms)
[03/03/2026-11:05:32] [I] Average on 10 runs - GPU latency: 0.179468 ms - Host latency: 0.179468 ms (enqueue 0.110962 ms)
[03/03/2026-11:05:32] [I] Average on 10 runs - GPU latency: 0.176636 ms - Host latency: 0.176636 ms (enqueue 0.107104 ms)
[03/03/2026-11:05:32] [I] Average on 10 runs - GPU latency: 0.178369 ms - Host latency: 0.178369 ms (enqueue 0.108716 ms)
[03/03/2026-11:05:32] [I] Average on 10 runs - GPU latency: 0.180054 ms - Host latency: 0.180054 ms (enqueue 0.106421 ms)
[03/03/2026-11:05:32] [I] Average on 10 runs - GPU latency: 0.177563 ms - Host latency: 0.177563 ms (enqueue 0.109668 ms)
[03/03/2026-11:05:32] [I] Average on 10 runs - GPU latency: 0.179077 ms - Host latency: 0.179077 ms (enqueue 0.10813 ms)
[03/03/2026-11:05:32] [I] Average on 10 runs - GPU latency: 0.178613 ms - Host latency: 0.178613 ms (enqueue 0.109326 ms)
[03/03/2026-11:05:32] [I] Average on 10 runs - GPU latency: 0.178516 ms - Host latency: 0.178516 ms (enqueue 0.10979 ms)
[03/03/2026-11:05:32] [I] Average on 10 runs - GPU latency: 0.179175 ms - Host latency: 0.179175 ms (enqueue 0.11062 ms)
[03/03/2026-11:05:32] [I] Average on 10 runs - GPU latency: 0.178589 ms - Host latency: 0.178589 ms (enqueue 0.104419 ms)
[03/03/2026-11:05:32] [I] Average on 10 runs - GPU latency: 0.17915 ms - Host latency: 0.17915 ms (enqueue 0.107007 ms)
[03/03/2026-11:05:32] [I] Average on 10 runs - GPU latency: 0.177686 ms - Host latency: 0.177686 ms (enqueue 0.105298 ms)
[03/03/2026-11:05:32] [I] Average on 10 runs - GPU latency: 0.178223 ms - Host latency: 0.178223 ms (enqueue 0.10835 ms)
[03/03/2026-11:05:32] [I] Average on 10 runs - GPU latency: 0.179102 ms - Host latency: 0.179102 ms (enqueue 0.109668 ms)
[03/03/2026-11:05:32] [I] Average on 10 runs - GPU latency: 0.177612 ms - Host latency: 0.177612 ms (enqueue 0.11189 ms)
[03/03/2026-11:05:32] [I] Average on 10 runs - GPU latency: 0.178101 ms - Host latency: 0.178101 ms (enqueue 0.10896 ms)
[03/03/2026-11:05:32] [I] Average on 10 runs - GPU latency: 0.178931 ms - Host latency: 0.178931 ms (enqueue 0.109741 ms)
[03/03/2026-11:05:32] [I] Average on 10 runs - GPU latency: 0.177759 ms - Host latency: 0.177759 ms (enqueue 0.110547 ms)
[03/03/2026-11:05:32] [I] Average on 10 runs - GPU latency: 0.178906 ms - Host latency: 0.178906 ms (enqueue 0.107544 ms)
[03/03/2026-11:05:32] [I] Average on 10 runs - GPU latency: 0.176855 ms - Host latency: 0.176855 ms (enqueue 0.107202 ms)
[03/03/2026-11:05:32] [I] Average on 10 runs - GPU latency: 0.178101 ms - Host latency: 0.178101 ms (enqueue 0.107861 ms)
[03/03/2026-11:05:32] [I] Average on 10 runs - GPU latency: 0.178735 ms - Host latency: 0.178735 ms (enqueue 0.107642 ms)
[03/03/2026-11:05:32] [I] Average on 10 runs - GPU latency: 0.179199 ms - Host latency: 0.179199 ms (enqueue 0.107715 ms)
[03/03/2026-11:05:32] [I] Average on 10 runs - GPU latency: 0.180786 ms - Host latency: 0.180786 ms (enqueue 0.105005 ms)
[03/03/2026-11:05:32] [I] Average on 10 runs - GPU latency: 0.178369 ms - Host latency: 0.178369 ms (enqueue 0.105811 ms)
[03/03/2026-11:05:32] [I] Average on 10 runs - GPU latency: 0.177856 ms - Host latency: 0.177856 ms (enqueue 0.108398 ms)
[03/03/2026-11:05:32] [I] Average on 10 runs - GPU latency: 0.179004 ms - Host latency: 0.179004 ms (enqueue 0.107739 ms)
[03/03/2026-11:05:32] [I] Average on 10 runs - GPU latency: 0.179272 ms - Host latency: 0.179272 ms (enqueue 0.104687 ms)
[03/03/2026-11:05:32] [I] Average on 10 runs - GPU latency: 0.178906 ms - Host latency: 0.178906 ms (enqueue 0.111938 ms)
[03/03/2026-11:05:32] [I] Average on 10 runs - GPU latency: 0.178931 ms - Host latency: 0.178931 ms (enqueue 0.108618 ms)
[03/03/2026-11:05:32] [I] Average on 10 runs - GPU latency: 0.177856 ms - Host latency: 0.177856 ms (enqueue 0.11001 ms)
[03/03/2026-11:05:32] [I] Average on 10 runs - GPU latency: 0.179956 ms - Host latency: 0.179956 ms (enqueue 0.107495 ms)
[03/03/2026-11:05:32] [I] Average on 10 runs - GPU latency: 0.177661 ms - Host latency: 0.177661 ms (enqueue 0.105176 ms)
[03/03/2026-11:05:32] [I] Average on 10 runs - GPU latency: 0.178369 ms - Host latency: 0.178369 ms (enqueue 0.109058 ms)
[03/03/2026-11:05:32] [I] Average on 10 runs - GPU latency: 0.179858 ms - Host latency: 0.179858 ms (enqueue 0.105835 ms)
[03/03/2026-11:05:32] [I] Average on 10 runs - GPU latency: 0.179419 ms - Host latency: 0.179419 ms (enqueue 0.108203 ms)
[03/03/2026-11:05:32] [I] Average on 10 runs - GPU latency: 0.179126 ms - Host latency: 0.179126 ms (enqueue 0.105176 ms)
[03/03/2026-11:05:32] [I] Average on 10 runs - GPU latency: 0.178979 ms - Host latency: 0.178979 ms (enqueue 0.105078 ms)
[03/03/2026-11:05:32] [I] Average on 10 runs - GPU latency: 0.178369 ms - Host latency: 0.178369 ms (enqueue 0.106274 ms)
[03/03/2026-11:05:32] [I] Average on 10 runs - GPU latency: 0.178564 ms - Host latency: 0.178564 ms (enqueue 0.106909 ms)
[03/03/2026-11:05:32] [I] Average on 10 runs - GPU latency: 0.178198 ms - Host latency: 0.178198 ms (enqueue 0.106836 ms)
[03/03/2026-11:05:32] [I] Average on 10 runs - GPU latency: 0.178467 ms - Host latency: 0.178467 ms (enqueue 0.109155 ms)
[03/03/2026-11:05:32] [I] Average on 10 runs - GPU latency: 0.179688 ms - Host latency: 0.179688 ms (enqueue 0.105518 ms)
[03/03/2026-11:05:32] [I] Average on 10 runs - GPU latency: 0.179712 ms - Host latency: 0.179712 ms (enqueue 0.104199 ms)
[03/03/2026-11:05:32] [I] Average on 10 runs - GPU latency: 0.180322 ms - Host latency: 0.180322 ms (enqueue 0.109375 ms)
[03/03/2026-11:05:32] [I] Average on 10 runs - GPU latency: 0.179102 ms - Host latency: 0.179102 ms (enqueue 0.105933 ms)
[03/03/2026-11:05:32] [I] Average on 10 runs - GPU latency: 0.179639 ms - Host latency: 0.179639 ms (enqueue 0.108765 ms)
[03/03/2026-11:05:32] [I] Average on 10 runs - GPU latency: 0.179102 ms - Host latency: 0.179102 ms (enqueue 0.106055 ms)
[03/03/2026-11:05:32] [I] Average on 10 runs - GPU latency: 0.17915 ms - Host latency: 0.17915 ms (enqueue 0.10708 ms)
[03/03/2026-11:05:32] [I] Average on 10 runs - GPU latency: 0.179248 ms - Host latency: 0.179248 ms (enqueue 0.104639 ms)
[03/03/2026-11:05:32] [I] Average on 10 runs - GPU latency: 0.178076 ms - Host latency: 0.178076 ms (enqueue 0.109253 ms)
[03/03/2026-11:05:32] [I] Average on 10 runs - GPU latency: 0.177271 ms - Host latency: 0.177271 ms (enqueue 0.109326 ms)
[03/03/2026-11:05:32] [I] Average on 10 runs - GPU latency: 0.178296 ms - Host latency: 0.178296 ms (enqueue 0.11062 ms)
[03/03/2026-11:05:32] [I] Average on 10 runs - GPU latency: 0.177808 ms - Host latency: 0.177808 ms (enqueue 0.108447 ms)
[03/03/2026-11:05:32] [I] Average on 10 runs - GPU latency: 0.179053 ms - Host latency: 0.179053 ms (enqueue 0.108472 ms)
[03/03/2026-11:05:32] [I] Average on 10 runs - GPU latency: 0.177783 ms - Host latency: 0.177783 ms (enqueue 0.108423 ms)
[03/03/2026-11:05:32] [I] Average on 10 runs - GPU latency: 0.177441 ms - Host latency: 0.177441 ms (enqueue 0.109033 ms)
[03/03/2026-11:05:32] [I] Average on 10 runs - GPU latency: 0.17793 ms - Host latency: 0.17793 ms (enqueue 0.110254 ms)
[03/03/2026-11:05:32] [I] Average on 10 runs - GPU latency: 0.178491 ms - Host latency: 0.178491 ms (enqueue 0.105225 ms)
[03/03/2026-11:05:32] [I] Average on 10 runs - GPU latency: 0.178369 ms - Host latency: 0.178369 ms (enqueue 0.109473 ms)
[03/03/2026-11:05:32] [I] Average on 10 runs - GPU latency: 0.179834 ms - Host latency: 0.179834 ms (enqueue 0.107593 ms)
[03/03/2026-11:05:32] [I] Average on 10 runs - GPU latency: 0.178613 ms - Host latency: 0.178613 ms (enqueue 0.108984 ms)
[03/03/2026-11:05:32] [I] Average on 10 runs - GPU latency: 0.180249 ms - Host latency: 0.180249 ms (enqueue 0.109424 ms)
[03/03/2026-11:05:32] [I] Average on 10 runs - GPU latency: 0.178174 ms - Host latency: 0.178174 ms (enqueue 0.109912 ms)
[03/03/2026-11:05:32] [I] Average on 10 runs - GPU latency: 0.179907 ms - Host latency: 0.179907 ms (enqueue 0.103394 ms)
[03/03/2026-11:05:32] [I] Average on 10 runs - GPU latency: 0.178809 ms - Host latency: 0.178809 ms (enqueue 0.107373 ms)
[03/03/2026-11:05:32] [I] Average on 10 runs - GPU latency: 0.180396 ms - Host latency: 0.180396 ms (enqueue 0.105127 ms)
[03/03/2026-11:05:32] [I] Average on 10 runs - GPU latency: 0.179053 ms - Host latency: 0.179053 ms (enqueue 0.108594 ms)
[03/03/2026-11:05:32] [I] Average on 10 runs - GPU latency: 0.179492 ms - Host latency: 0.179492 ms (enqueue 0.108789 ms)
[03/03/2026-11:05:32] [I] Average on 10 runs - GPU latency: 0.178271 ms - Host latency: 0.178271 ms (enqueue 0.111035 ms)
[03/03/2026-11:05:32] [I] Average on 10 runs - GPU latency: 0.178833 ms - Host latency: 0.178833 ms (enqueue 0.108081 ms)
[03/03/2026-11:05:32] [I] Average on 10 runs - GPU latency: 0.178979 ms - Host latency: 0.178979 ms (enqueue 0.106567 ms)
[03/03/2026-11:05:32] [I] Average on 10 runs - GPU latency: 0.178784 ms - Host latency: 0.178784 ms (enqueue 0.104834 ms)
[03/03/2026-11:05:32] [I] Average on 10 runs - GPU latency: 0.178345 ms - Host latency: 0.178345 ms (enqueue 0.109326 ms)
[03/03/2026-11:05:32] [I] Average on 10 runs - GPU latency: 0.180005 ms - Host latency: 0.180005 ms (enqueue 0.106763 ms)
[03/03/2026-11:05:32] [I] Average on 10 runs - GPU latency: 0.178491 ms - Host latency: 0.178491 ms (enqueue 0.107104 ms)
[03/03/2026-11:05:32] [I] Average on 10 runs - GPU latency: 0.179956 ms - Host latency: 0.179956 ms (enqueue 0.106128 ms)
[03/03/2026-11:05:32] [I] Average on 10 runs - GPU latency: 0.180981 ms - Host latency: 0.180981 ms (enqueue 0.104517 ms)
[03/03/2026-11:05:32] [I] Average on 10 runs - GPU latency: 0.178784 ms - Host latency: 0.178784 ms (enqueue 0.105518 ms)
[03/03/2026-11:05:32] [I] Average on 10 runs - GPU latency: 0.17937 ms - Host latency: 0.17937 ms (enqueue 0.108374 ms)
[03/03/2026-11:05:32] [I] Average on 10 runs - GPU latency: 0.178198 ms - Host latency: 0.178198 ms (enqueue 0.107422 ms)
[03/03/2026-11:05:32] [I] Average on 10 runs - GPU latency: 0.177563 ms - Host latency: 0.177563 ms (enqueue 0.109497 ms)
[03/03/2026-11:05:32] [I] Average on 10 runs - GPU latency: 0.178174 ms - Host latency: 0.178174 ms (enqueue 0.111401 ms)
[03/03/2026-11:05:32] [I] Average on 10 runs - GPU latency: 0.180493 ms - Host latency: 0.180493 ms (enqueue 0.106274 ms)
[03/03/2026-11:05:32] [I] Average on 10 runs - GPU latency: 0.1802 ms - Host latency: 0.1802 ms (enqueue 0.107446 ms)
[03/03/2026-11:05:32] [I] Average on 10 runs - GPU latency: 0.177368 ms - Host latency: 0.177368 ms (enqueue 0.107715 ms)
[03/03/2026-11:05:32] [I] Average on 10 runs - GPU latency: 0.178638 ms - Host latency: 0.178638 ms (enqueue 0.110425 ms)
[03/03/2026-11:05:32] [I] Average on 10 runs - GPU latency: 0.180981 ms - Host latency: 0.180981 ms (enqueue 0.105981 ms)
[03/03/2026-11:05:32] [I] Average on 10 runs - GPU latency: 0.17793 ms - Host latency: 0.17793 ms (enqueue 0.107056 ms)
[03/03/2026-11:05:32] [I] Average on 10 runs - GPU latency: 0.178979 ms - Host latency: 0.178979 ms (enqueue 0.104126 ms)
[03/03/2026-11:05:32] [I] Average on 10 runs - GPU latency: 0.177905 ms - Host latency: 0.177905 ms (enqueue 0.109741 ms)
[03/03/2026-11:05:32] [I] Average on 10 runs - GPU latency: 0.179224 ms - Host latency: 0.179224 ms (enqueue 0.106836 ms)
[03/03/2026-11:05:32] [I] Average on 10 runs - GPU latency: 0.180298 ms - Host latency: 0.180298 ms (enqueue 0.104199 ms)
[03/03/2026-11:05:32] [I] Average on 10 runs - GPU latency: 0.180225 ms - Host latency: 0.180225 ms (enqueue 0.106909 ms)
[03/03/2026-11:05:32] [I] Average on 10 runs - GPU latency: 0.180273 ms - Host latency: 0.180273 ms (enqueue 0.107544 ms)
[03/03/2026-11:05:32] [I] Average on 10 runs - GPU latency: 0.17876 ms - Host latency: 0.17876 ms (enqueue 0.106494 ms)
[03/03/2026-11:05:32] [I] Average on 10 runs - GPU latency: 0.179834 ms - Host latency: 0.179834 ms (enqueue 0.104956 ms)
[03/03/2026-11:05:32] [I] Average on 10 runs - GPU latency: 0.17937 ms - Host latency: 0.17937 ms (enqueue 0.110522 ms)
[03/03/2026-11:05:32] [I] Average on 10 runs - GPU latency: 0.178687 ms - Host latency: 0.178687 ms (enqueue 0.10752 ms)
[03/03/2026-11:05:32] [I] Average on 10 runs - GPU latency: 0.179321 ms - Host latency: 0.179321 ms (enqueue 0.107007 ms)
[03/03/2026-11:05:32] [I] Average on 10 runs - GPU latency: 0.180542 ms - Host latency: 0.180542 ms (enqueue 0.109888 ms)
[03/03/2026-11:05:32] [I] Average on 10 runs - GPU latency: 0.179346 ms - Host latency: 0.179346 ms (enqueue 0.10647 ms)
[03/03/2026-11:05:32] [I] Average on 10 runs - GPU latency: 0.179272 ms - Host latency: 0.179272 ms (enqueue 0.106616 ms)
[03/03/2026-11:05:32] [I] Average on 10 runs - GPU latency: 0.179492 ms - Host latency: 0.179492 ms (enqueue 0.104614 ms)
[03/03/2026-11:05:32] [I] Average on 10 runs - GPU latency: 0.17793 ms - Host latency: 0.17793 ms (enqueue 0.106934 ms)
[03/03/2026-11:05:32] [I] Average on 10 runs - GPU latency: 0.178955 ms - Host latency: 0.178955 ms (enqueue 0.1052 ms)
[03/03/2026-11:05:32] [I] Average on 10 runs - GPU latency: 0.180029 ms - Host latency: 0.180029 ms (enqueue 0.105591 ms)
[03/03/2026-11:05:32] [I] Average on 10 runs - GPU latency: 0.17959 ms - Host latency: 0.17959 ms (enqueue 0.104565 ms)
[03/03/2026-11:05:32] [I] Average on 10 runs - GPU latency: 0.178589 ms - Host latency: 0.178589 ms (enqueue 0.10874 ms)
[03/03/2026-11:05:32] [I] Average on 10 runs - GPU latency: 0.180103 ms - Host latency: 0.180103 ms (enqueue 0.104712 ms)
[03/03/2026-11:05:32] [I] Average on 10 runs - GPU latency: 0.178198 ms - Host latency: 0.178198 ms (enqueue 0.109546 ms)
[03/03/2026-11:05:32] [I] Average on 10 runs - GPU latency: 0.179199 ms - Host latency: 0.179199 ms (enqueue 0.105493 ms)
[03/03/2026-11:05:32] [I] Average on 10 runs - GPU latency: 0.178906 ms - Host latency: 0.178906 ms (enqueue 0.109302 ms)
[03/03/2026-11:05:32] [I] Average on 10 runs - GPU latency: 0.178882 ms - Host latency: 0.178882 ms (enqueue 0.108228 ms)
[03/03/2026-11:05:32] [I] Average on 10 runs - GPU latency: 0.179712 ms - Host latency: 0.179712 ms (enqueue 0.106787 ms)
[03/03/2026-11:05:32] [I] Average on 10 runs - GPU latency: 0.178784 ms - Host latency: 0.178784 ms (enqueue 0.107178 ms)
[03/03/2026-11:05:32] [I] Average on 10 runs - GPU latency: 0.178833 ms - Host latency: 0.178833 ms (enqueue 0.107739 ms)
[03/03/2026-11:05:32] [I] Average on 10 runs - GPU latency: 0.179028 ms - Host latency: 0.179028 ms (enqueue 0.107935 ms)
[03/03/2026-11:05:32] [I] Average on 10 runs - GPU latency: 0.179321 ms - Host latency: 0.179321 ms (enqueue 0.109863 ms)
[03/03/2026-11:05:32] [I] Average on 10 runs - GPU latency: 0.179663 ms - Host latency: 0.179663 ms (enqueue 0.1073 ms)
[03/03/2026-11:05:32] [I] Average on 10 runs - GPU latency: 0.179004 ms - Host latency: 0.179004 ms (enqueue 0.106372 ms)
[03/03/2026-11:05:32] [I] Average on 10 runs - GPU latency: 0.176709 ms - Host latency: 0.176709 ms (enqueue 0.110571 ms)
[03/03/2026-11:05:32] [I] Average on 10 runs - GPU latency: 0.179468 ms - Host latency: 0.179468 ms (enqueue 0.10647 ms)
[03/03/2026-11:05:32] [I] Average on 10 runs - GPU latency: 0.178931 ms - Host latency: 0.178931 ms (enqueue 0.108447 ms)
[03/03/2026-11:05:32] [I] Average on 10 runs - GPU latency: 0.17876 ms - Host latency: 0.17876 ms (enqueue 0.109302 ms)
[03/03/2026-11:05:32] [I] Average on 10 runs - GPU latency: 0.179004 ms - Host latency: 0.179004 ms (enqueue 0.106714 ms)
[03/03/2026-11:05:32] [I] Average on 10 runs - GPU latency: 0.179248 ms - Host latency: 0.179248 ms (enqueue 0.105298 ms)
[03/03/2026-11:05:32] [I] Average on 10 runs - GPU latency: 0.177271 ms - Host latency: 0.177271 ms (enqueue 0.109448 ms)
[03/03/2026-11:05:32] [I] Average on 10 runs - GPU latency: 0.178662 ms - Host latency: 0.178662 ms (enqueue 0.106836 ms)
[03/03/2026-11:05:32] [I] Average on 10 runs - GPU latency: 0.179883 ms - Host latency: 0.179883 ms (enqueue 0.10708 ms)
[03/03/2026-11:05:32] [I] Average on 10 runs - GPU latency: 0.178394 ms - Host latency: 0.178394 ms (enqueue 0.110083 ms)
[03/03/2026-11:05:32] [I] Average on 10 runs - GPU latency: 0.180151 ms - Host latency: 0.180151 ms (enqueue 0.109277 ms)
[03/03/2026-11:05:32] [I] Average on 10 runs - GPU latency: 0.178223 ms - Host latency: 0.178223 ms (enqueue 0.108716 ms)
[03/03/2026-11:05:32] [I] Average on 10 runs - GPU latency: 0.179517 ms - Host latency: 0.179517 ms (enqueue 0.105811 ms)
[03/03/2026-11:05:32] [I] Average on 10 runs - GPU latency: 0.178369 ms - Host latency: 0.178369 ms (enqueue 0.111499 ms)
[03/03/2026-11:05:32] [I] Average on 10 runs - GPU latency: 0.180298 ms - Host latency: 0.180298 ms (enqueue 0.107129 ms)
[03/03/2026-11:05:32] [I] Average on 10 runs - GPU latency: 0.177686 ms - Host latency: 0.177686 ms (enqueue 0.10918 ms)
[03/03/2026-11:05:32] [I] Average on 10 runs - GPU latency: 0.177319 ms - Host latency: 0.177319 ms (enqueue 0.108984 ms)
[03/03/2026-11:05:32] [I] Average on 10 runs - GPU latency: 0.178979 ms - Host latency: 0.178979 ms (enqueue 0.108887 ms)
[03/03/2026-11:05:32] [I] Average on 10 runs - GPU latency: 0.177563 ms - Host latency: 0.177563 ms (enqueue 0.108838 ms)
[03/03/2026-11:05:32] [I] Average on 10 runs - GPU latency: 0.178491 ms - Host latency: 0.178491 ms (enqueue 0.108765 ms)
[03/03/2026-11:05:32] [I] Average on 10 runs - GPU latency: 0.179736 ms - Host latency: 0.179736 ms (enqueue 0.108887 ms)
[03/03/2026-11:05:32] [I] Average on 10 runs - GPU latency: 0.179834 ms - Host latency: 0.179834 ms (enqueue 0.104932 ms)
[03/03/2026-11:05:32] [I] Average on 10 runs - GPU latency: 0.178638 ms - Host latency: 0.178638 ms (enqueue 0.109033 ms)
[03/03/2026-11:05:32] [I] Average on 10 runs - GPU latency: 0.17981 ms - Host latency: 0.17981 ms (enqueue 0.106616 ms)
[03/03/2026-11:05:32] [I] Average on 10 runs - GPU latency: 0.178003 ms - Host latency: 0.178003 ms (enqueue 0.109644 ms)
[03/03/2026-11:05:32] [I] Average on 10 runs - GPU latency: 0.17749 ms - Host latency: 0.17749 ms (enqueue 0.107202 ms)
[03/03/2026-11:05:32] [I] Average on 10 runs - GPU latency: 0.177808 ms - Host latency: 0.177808 ms (enqueue 0.109229 ms)
[03/03/2026-11:05:32] [I] Average on 10 runs - GPU latency: 0.17854 ms - Host latency: 0.17854 ms (enqueue 0.11001 ms)
[03/03/2026-11:05:32] [I] Average on 10 runs - GPU latency: 0.178247 ms - Host latency: 0.178247 ms (enqueue 0.109399 ms)
[03/03/2026-11:05:32] [I] Average on 10 runs - GPU latency: 0.178613 ms - Host latency: 0.178613 ms (enqueue 0.110645 ms)
[03/03/2026-11:05:32] [I] 
[03/03/2026-11:05:32] [I] === Performance summary ===
[03/03/2026-11:05:32] [I] Throughput: 5540.91 qps
[03/03/2026-11:05:32] [I] Latency: min = 0.171997 ms, max = 0.603027 ms, mean = 0.178511 ms, median = 0.177979 ms, percentile(90%) = 0.182373 ms, percentile(95%) = 0.183105 ms, percentile(99%) = 0.184326 ms
[03/03/2026-11:05:32] [I] Enqueue Time: min = 0.0822754 ms, max = 0.426025 ms, mean = 0.108809 ms, median = 0.108002 ms, percentile(90%) = 0.116577 ms, percentile(95%) = 0.120117 ms, percentile(99%) = 0.130981 ms
[03/03/2026-11:05:32] [I] H2D Latency: min = 0 ms, max = 0 ms, mean = 0 ms, median = 0 ms, percentile(90%) = 0 ms, percentile(95%) = 0 ms, percentile(99%) = 0 ms
[03/03/2026-11:05:32] [I] GPU Compute Time: min = 0.171997 ms, max = 0.603027 ms, mean = 0.178511 ms, median = 0.177979 ms, percentile(90%) = 0.182373 ms, percentile(95%) = 0.183105 ms, percentile(99%) = 0.184326 ms
[03/03/2026-11:05:32] [I] D2H Latency: min = 0 ms, max = 0 ms, mean = 0 ms, median = 0 ms, percentile(90%) = 0 ms, percentile(95%) = 0 ms, percentile(99%) = 0 ms
[03/03/2026-11:05:32] [I] Total Host Walltime: 3.00041 s
[03/03/2026-11:05:32] [I] Total GPU Compute Time: 2.96775 s
[03/03/2026-11:05:32] [W] * GPU compute time is unstable, with coefficient of variance = 2.32228%.
[03/03/2026-11:05:32] [W]   If not already in use, locking GPU clock frequency or adding --useSpinWait may improve the stability.
[03/03/2026-11:05:32] [I] Explanations of the performance metrics are printed in the verbose logs.
[03/03/2026-11:05:32] [I] 
&&&& PASSED TensorRT.trtexec [TensorRT v8502] # /usr/src/tensorrt/bin/trtexec --onnx=/home/user/Edge-ML/models/v5/TCN/bs32/TCN.onnx --saveEngine=/home/user/Edge-ML/models/v5/TCN/bs32/TCN_fp16.engine --fp16 --exportLayerInfo=/home/user/Edge-ML/models/v5/TCN/bs32/logs/quantisation_fp16_layers.json --memPoolSize=workspace:4096MiB --tacticSources=+CUBLAS,+CUBLAS_LT,+CUDNN --noDataTransfers
