/usr/src/tensorrt/bin/trtexec --onnx=/home/user/Edge-ML/models/v5/TCN/bs32/TCN.onnx --saveEngine=/home/user/Edge-ML/models/v5/TCN/bs32/TCN_int8.engine --int8 --fp16 --exportLayerInfo=/home/user/Edge-ML/models/v5/TCN/bs32/logs/quantisation_int8_layers.json --memPoolSize=workspace:4096MiB --tacticSources=+CUBLAS,+CUBLAS_LT,+CUDNN --noDataTransfers --calib=/home/user/Edge-ML/models/v5/TCN/bs32/TCN.cache

&&&& RUNNING TensorRT.trtexec [TensorRT v8502] # /usr/src/tensorrt/bin/trtexec --onnx=/home/user/Edge-ML/models/v5/TCN/bs32/TCN.onnx --saveEngine=/home/user/Edge-ML/models/v5/TCN/bs32/TCN_int8.engine --int8 --fp16 --exportLayerInfo=/home/user/Edge-ML/models/v5/TCN/bs32/logs/quantisation_int8_layers.json --memPoolSize=workspace:4096MiB --tacticSources=+CUBLAS,+CUBLAS_LT,+CUDNN --noDataTransfers --calib=/home/user/Edge-ML/models/v5/TCN/bs32/TCN.cache
[03/03/2026-11:05:33] [I] === Model Options ===
[03/03/2026-11:05:33] [I] Format: ONNX
[03/03/2026-11:05:33] [I] Model: /home/user/Edge-ML/models/v5/TCN/bs32/TCN.onnx
[03/03/2026-11:05:33] [I] Output:
[03/03/2026-11:05:33] [I] === Build Options ===
[03/03/2026-11:05:33] [I] Max batch: explicit batch
[03/03/2026-11:05:33] [I] Memory Pools: workspace: 4096 MiB, dlaSRAM: default, dlaLocalDRAM: default, dlaGlobalDRAM: default
[03/03/2026-11:05:33] [I] minTiming: 1
[03/03/2026-11:05:33] [I] avgTiming: 8
[03/03/2026-11:05:33] [I] Precision: FP32+FP16+INT8
[03/03/2026-11:05:33] [I] LayerPrecisions: 
[03/03/2026-11:05:33] [I] Calibration: /home/user/Edge-ML/models/v5/TCN/bs32/TCN.cache
[03/03/2026-11:05:33] [I] Refit: Disabled
[03/03/2026-11:05:33] [I] Sparsity: Disabled
[03/03/2026-11:05:33] [I] Safe mode: Disabled
[03/03/2026-11:05:33] [I] DirectIO mode: Disabled
[03/03/2026-11:05:33] [I] Restricted mode: Disabled
[03/03/2026-11:05:33] [I] Build only: Disabled
[03/03/2026-11:05:33] [I] Save engine: /home/user/Edge-ML/models/v5/TCN/bs32/TCN_int8.engine
[03/03/2026-11:05:33] [I] Load engine: 
[03/03/2026-11:05:33] [I] Profiling verbosity: 0
[03/03/2026-11:05:33] [I] Tactic sources: cublas [ON], cublasLt [ON], cudnn [ON], 
[03/03/2026-11:05:33] [I] timingCacheMode: local
[03/03/2026-11:05:33] [I] timingCacheFile: 
[03/03/2026-11:05:33] [I] Heuristic: Disabled
[03/03/2026-11:05:33] [I] Preview Features: Use default preview flags.
[03/03/2026-11:05:33] [I] Input(s)s format: fp32:CHW
[03/03/2026-11:05:33] [I] Output(s)s format: fp32:CHW
[03/03/2026-11:05:33] [I] Input build shapes: model
[03/03/2026-11:05:33] [I] Input calibration shapes: model
[03/03/2026-11:05:33] [I] === System Options ===
[03/03/2026-11:05:33] [I] Device: 0
[03/03/2026-11:05:33] [I] DLACore: 
[03/03/2026-11:05:33] [I] Plugins:
[03/03/2026-11:05:33] [I] === Inference Options ===
[03/03/2026-11:05:33] [I] Batch: Explicit
[03/03/2026-11:05:33] [I] Input inference shapes: model
[03/03/2026-11:05:33] [I] Iterations: 10
[03/03/2026-11:05:33] [I] Duration: 3s (+ 200ms warm up)
[03/03/2026-11:05:33] [I] Sleep time: 0ms
[03/03/2026-11:05:33] [I] Idle time: 0ms
[03/03/2026-11:05:33] [I] Streams: 1
[03/03/2026-11:05:33] [I] ExposeDMA: Disabled
[03/03/2026-11:05:33] [I] Data transfers: Disabled
[03/03/2026-11:05:33] [I] Spin-wait: Disabled
[03/03/2026-11:05:33] [I] Multithreading: Disabled
[03/03/2026-11:05:33] [I] CUDA Graph: Disabled
[03/03/2026-11:05:33] [I] Separate profiling: Disabled
[03/03/2026-11:05:33] [I] Time Deserialize: Disabled
[03/03/2026-11:05:33] [I] Time Refit: Disabled
[03/03/2026-11:05:33] [I] NVTX verbosity: 0
[03/03/2026-11:05:33] [I] Persistent Cache Ratio: 0
[03/03/2026-11:05:33] [I] Inputs:
[03/03/2026-11:05:33] [I] === Reporting Options ===
[03/03/2026-11:05:33] [I] Verbose: Disabled
[03/03/2026-11:05:33] [I] Averages: 10 inferences
[03/03/2026-11:05:33] [I] Percentiles: 90,95,99
[03/03/2026-11:05:33] [I] Dump refittable layers:Disabled
[03/03/2026-11:05:33] [I] Dump output: Disabled
[03/03/2026-11:05:33] [I] Profile: Disabled
[03/03/2026-11:05:33] [I] Export timing to JSON file: 
[03/03/2026-11:05:33] [I] Export output to JSON file: 
[03/03/2026-11:05:33] [I] Export profile to JSON file: 
[03/03/2026-11:05:33] [I] 
[03/03/2026-11:05:33] [I] === Device Information ===
[03/03/2026-11:05:33] [I] Selected Device: Orin
[03/03/2026-11:05:33] [I] Compute Capability: 8.7
[03/03/2026-11:05:33] [I] SMs: 4
[03/03/2026-11:05:33] [I] Compute Clock Rate: 0.624 GHz
[03/03/2026-11:05:33] [I] Device Global Memory: 3425 MiB
[03/03/2026-11:05:33] [I] Shared Memory per SM: 164 KiB
[03/03/2026-11:05:33] [I] Memory Bus Width: 128 bits (ECC disabled)
[03/03/2026-11:05:33] [I] Memory Clock Rate: 0.624 GHz
[03/03/2026-11:05:33] [I] 
[03/03/2026-11:05:33] [I] TensorRT version: 8.5.2
[03/03/2026-11:05:34] [I] [TRT] [MemUsageChange] Init CUDA: CPU +220, GPU +0, now: CPU 249, GPU 1560 (MiB)
[03/03/2026-11:05:36] [I] [TRT] [MemUsageChange] Init builder kernel library: CPU +302, GPU +111, now: CPU 574, GPU 1691 (MiB)
[03/03/2026-11:05:36] [I] Start parsing network model
[03/03/2026-11:05:36] [I] [TRT] ----------------------------------------------------------------
[03/03/2026-11:05:36] [I] [TRT] Input filename:   /home/user/Edge-ML/models/v5/TCN/bs32/TCN.onnx
[03/03/2026-11:05:36] [I] [TRT] ONNX IR version:  0.0.7
[03/03/2026-11:05:36] [I] [TRT] Opset version:    12
[03/03/2026-11:05:36] [I] [TRT] Producer name:    pytorch
[03/03/2026-11:05:36] [I] [TRT] Producer version: 2.5.1
[03/03/2026-11:05:36] [I] [TRT] Domain:           
[03/03/2026-11:05:36] [I] [TRT] Model version:    0
[03/03/2026-11:05:36] [I] [TRT] Doc string:       
[03/03/2026-11:05:36] [I] [TRT] ----------------------------------------------------------------
[03/03/2026-11:05:36] [I] Finish parsing network model
[03/03/2026-11:05:36] [I] [TRT] Reading Calibration Cache for calibrator: EntropyCalibration2
[03/03/2026-11:05:36] [I] [TRT] Generated calibration scales using calibration cache. Make sure that calibration cache has latest scales.
[03/03/2026-11:05:36] [I] [TRT] To regenerate calibration cache, please delete the existing one. TensorRT will generate a new calibration cache.
[03/03/2026-11:05:36] [I] [TRT] ---------- Layers Running on DLA ----------
[03/03/2026-11:05:36] [I] [TRT] ---------- Layers Running on GPU ----------
[03/03/2026-11:05:36] [I] [TRT] [GpuLayer] SHUFFLE: /Unsqueeze + (Unnamed Layer* 1) [Shuffle]
[03/03/2026-11:05:36] [I] [TRT] [GpuLayer] SHUFFLE: shuffle_between_(Unnamed Layer* 1) [Shuffle]_output_and_/block1/block1.0/Conv + /block1/block1.2/Relu
[03/03/2026-11:05:36] [I] [TRT] [GpuLayer] CONVOLUTION: /block1/block1.0/Conv + /block1/block1.2/Relu
[03/03/2026-11:05:36] [I] [TRT] [GpuLayer] SHUFFLE: shuffle_after_/block1/block1.2/Relu_out_tensor
[03/03/2026-11:05:36] [I] [TRT] [GpuLayer] POOLING: /block1/block1.3/MaxPool
[03/03/2026-11:05:36] [I] [TRT] [GpuLayer] SHUFFLE: shuffle_between_(Unnamed Layer* 6) [Pooling]_output_and_/block2/block2.0/Conv + /block2/block2.2/Relu
[03/03/2026-11:05:36] [I] [TRT] [GpuLayer] CONVOLUTION: /block2/block2.0/Conv + /block2/block2.2/Relu
[03/03/2026-11:05:36] [I] [TRT] [GpuLayer] SHUFFLE: shuffle_after_/block2/block2.2/Relu_out_tensor
[03/03/2026-11:05:36] [I] [TRT] [GpuLayer] POOLING: /block2/block2.3/MaxPool
[03/03/2026-11:05:36] [I] [TRT] [GpuLayer] SHUFFLE: shuffle_between_(Unnamed Layer* 13) [Pooling]_output_and_/block3/block3.0/Conv + /block3/block3.2/Relu
[03/03/2026-11:05:36] [I] [TRT] [GpuLayer] CONVOLUTION: /block3/block3.0/Conv + /block3/block3.2/Relu
[03/03/2026-11:05:36] [I] [TRT] [GpuLayer] SHUFFLE: shuffle_after_/block3/block3.2/Relu_out_tensor
[03/03/2026-11:05:36] [I] [TRT] [GpuLayer] SHUFFLE: squeeze_after_/block3/block3.2/Relu
[03/03/2026-11:05:36] [I] [TRT] [GpuLayer] REDUCE: /block3/block3.3/GlobalAveragePool
[03/03/2026-11:05:36] [I] [TRT] [GpuLayer] SHUFFLE: /fc/fc.0/Flatten + reshape_before_/fc/fc.1/Gemm
[03/03/2026-11:05:36] [I] [TRT] [GpuLayer] CONVOLUTION: /fc/fc.1/Gemm + /fc/fc.2/Relu
[03/03/2026-11:05:36] [I] [TRT] [GpuLayer] CONVOLUTION: /fc/fc.4/Gemm
[03/03/2026-11:05:36] [I] [TRT] [GpuLayer] SHUFFLE: reshape_after_/fc/fc.4/Gemm + /Squeeze
[03/03/2026-11:05:38] [I] [TRT] [MemUsageChange] Init cuBLAS/cuBLASLt: CPU +534, GPU +826, now: CPU 1108, GPU 2517 (MiB)
[03/03/2026-11:05:38] [I] [TRT] [MemUsageChange] Init cuDNN: CPU +83, GPU +133, now: CPU 1191, GPU 2650 (MiB)
[03/03/2026-11:05:38] [I] [TRT] Local timing cache in use. Profiling results in this builder pass will not be stored.
[03/03/2026-11:06:10] [I] [TRT] Total Activation Memory: 4296122368
[03/03/2026-11:06:10] [I] [TRT] Detected 1 inputs and 1 output network tensors.
[03/03/2026-11:06:10] [I] [TRT] Total Host Persistent Memory: 23296
[03/03/2026-11:06:10] [I] [TRT] Total Device Persistent Memory: 0
[03/03/2026-11:06:10] [I] [TRT] Total Scratch Memory: 0
[03/03/2026-11:06:10] [I] [TRT] [MemUsageStats] Peak memory usage of TRT CPU/GPU memory allocators: CPU 0 MiB, GPU 134 MiB
[03/03/2026-11:06:10] [I] [TRT] [BlockAssignment] Started assigning block shifts. This will take 21 steps to complete.
[03/03/2026-11:06:10] [I] [TRT] [BlockAssignment] Algorithm ShiftNTopDown took 0.213094ms to assign 3 blocks to 21 nodes requiring 491520 bytes.
[03/03/2026-11:06:10] [I] [TRT] Total Activation Memory: 491520
[03/03/2026-11:06:10] [W] [TRT] TensorRT encountered issues when converting weights between types and that could affect accuracy.
[03/03/2026-11:06:10] [W] [TRT] If this is not the desired behavior, please modify the weights or retrain with regularization to adjust the magnitude of the weights.
[03/03/2026-11:06:10] [W] [TRT] Check verbose logs for the list of affected weights.
[03/03/2026-11:06:10] [W] [TRT] - 2 weights are affected by this issue: Detected subnormal FP16 values.
[03/03/2026-11:06:10] [I] [TRT] [MemUsageChange] TensorRT-managed allocation in building engine: CPU +0, GPU +4, now: CPU 0, GPU 4 (MiB)
[03/03/2026-11:06:10] [I] Engine built in 36.5685 sec.
[03/03/2026-11:06:10] [I] [TRT] Loaded engine size: 0 MiB
[03/03/2026-11:06:10] [I] [TRT] [MemUsageChange] TensorRT-managed allocation in engine deserialization: CPU +0, GPU +0, now: CPU 0, GPU 0 (MiB)
[03/03/2026-11:06:10] [I] Engine deserialized in 0.00915476 sec.
[03/03/2026-11:06:10] [I] [TRT] [MemUsageChange] TensorRT-managed allocation in IExecutionContext creation: CPU +0, GPU +0, now: CPU 0, GPU 0 (MiB)
[03/03/2026-11:06:10] [I] Setting persistentCacheLimit to 0 bytes.
[03/03/2026-11:06:10] [I] Using random values for input input
[03/03/2026-11:06:10] [I] Created input binding for input with dimensions 32x120
[03/03/2026-11:06:10] [I] Using random values for output capacity
[03/03/2026-11:06:10] [I] Created output binding for capacity with dimensions 32
[03/03/2026-11:06:10] [I] [TRT] The profiling verbosity was set to ProfilingVerbosity::kLAYER_NAMES_ONLY when the engine was built, so only the layer names will be returned. Rebuild the engine with ProfilingVerbosity::kDETAILED to get more verbose layer information.
[03/03/2026-11:06:10] [I] Starting inference
[03/03/2026-11:06:13] [I] Warmup completed 1117 queries over 200 ms
[03/03/2026-11:06:13] [I] Timing trace has 16751 queries over 3.00027 s
[03/03/2026-11:06:13] [I] 
[03/03/2026-11:06:13] [I] === Trace details ===
[03/03/2026-11:06:13] [I] Trace averages of 10 runs:
[03/03/2026-11:06:13] [I] Average on 10 runs - GPU latency: 0.176208 ms - Host latency: 0.176208 ms (enqueue 0.105878 ms)
[03/03/2026-11:06:13] [I] Average on 10 runs - GPU latency: 0.176051 ms - Host latency: 0.176051 ms (enqueue 0.103885 ms)
[03/03/2026-11:06:13] [I] Average on 10 runs - GPU latency: 0.175635 ms - Host latency: 0.175635 ms (enqueue 0.107301 ms)
[03/03/2026-11:06:13] [I] Average on 10 runs - GPU latency: 0.17645 ms - Host latency: 0.17645 ms (enqueue 0.102667 ms)
[03/03/2026-11:06:13] [I] Average on 10 runs - GPU latency: 0.176999 ms - Host latency: 0.176999 ms (enqueue 0.105084 ms)
[03/03/2026-11:06:13] [I] Average on 10 runs - GPU latency: 0.177603 ms - Host latency: 0.177603 ms (enqueue 0.103934 ms)
[03/03/2026-11:06:13] [I] Average on 10 runs - GPU latency: 0.178214 ms - Host latency: 0.178214 ms (enqueue 0.104225 ms)
[03/03/2026-11:06:13] [I] Average on 10 runs - GPU latency: 0.177414 ms - Host latency: 0.177414 ms (enqueue 0.106917 ms)
[03/03/2026-11:06:13] [I] Average on 10 runs - GPU latency: 0.176428 ms - Host latency: 0.176428 ms (enqueue 0.10569 ms)
[03/03/2026-11:06:13] [I] Average on 10 runs - GPU latency: 0.176558 ms - Host latency: 0.176558 ms (enqueue 0.105005 ms)
[03/03/2026-11:06:13] [I] Average on 10 runs - GPU latency: 0.177301 ms - Host latency: 0.177301 ms (enqueue 0.105074 ms)
[03/03/2026-11:06:13] [I] Average on 10 runs - GPU latency: 0.176846 ms - Host latency: 0.176846 ms (enqueue 0.106828 ms)
[03/03/2026-11:06:13] [I] Average on 10 runs - GPU latency: 0.17594 ms - Host latency: 0.17594 ms (enqueue 0.102667 ms)
[03/03/2026-11:06:13] [I] Average on 10 runs - GPU latency: 0.176369 ms - Host latency: 0.176369 ms (enqueue 0.104176 ms)
[03/03/2026-11:06:13] [I] Average on 10 runs - GPU latency: 0.177415 ms - Host latency: 0.177415 ms (enqueue 0.104565 ms)
[03/03/2026-11:06:13] [I] Average on 10 runs - GPU latency: 0.178018 ms - Host latency: 0.178018 ms (enqueue 0.106491 ms)
[03/03/2026-11:06:13] [I] Average on 10 runs - GPU latency: 0.177609 ms - Host latency: 0.177609 ms (enqueue 0.104485 ms)
[03/03/2026-11:06:13] [I] Average on 10 runs - GPU latency: 0.176845 ms - Host latency: 0.176845 ms (enqueue 0.107469 ms)
[03/03/2026-11:06:13] [I] Average on 10 runs - GPU latency: 0.176585 ms - Host latency: 0.176585 ms (enqueue 0.102742 ms)
[03/03/2026-11:06:13] [I] Average on 10 runs - GPU latency: 0.176169 ms - Host latency: 0.176169 ms (enqueue 0.103517 ms)
[03/03/2026-11:06:13] [I] Average on 10 runs - GPU latency: 0.177739 ms - Host latency: 0.177739 ms (enqueue 0.105302 ms)
[03/03/2026-11:06:13] [I] Average on 10 runs - GPU latency: 0.177773 ms - Host latency: 0.177773 ms (enqueue 0.107957 ms)
[03/03/2026-11:06:13] [I] Average on 10 runs - GPU latency: 0.176176 ms - Host latency: 0.176176 ms (enqueue 0.10533 ms)
[03/03/2026-11:06:13] [I] Average on 10 runs - GPU latency: 0.176636 ms - Host latency: 0.176636 ms (enqueue 0.104541 ms)
[03/03/2026-11:06:13] [I] Average on 10 runs - GPU latency: 0.177228 ms - Host latency: 0.177228 ms (enqueue 0.105498 ms)
[03/03/2026-11:06:13] [I] Average on 10 runs - GPU latency: 0.176811 ms - Host latency: 0.176811 ms (enqueue 0.108202 ms)
[03/03/2026-11:06:13] [I] Average on 10 runs - GPU latency: 0.176364 ms - Host latency: 0.176364 ms (enqueue 0.10919 ms)
[03/03/2026-11:06:13] [I] Average on 10 runs - GPU latency: 0.176538 ms - Host latency: 0.176538 ms (enqueue 0.108386 ms)
[03/03/2026-11:06:13] [I] Average on 10 runs - GPU latency: 0.175645 ms - Host latency: 0.175645 ms (enqueue 0.108203 ms)
[03/03/2026-11:06:13] [I] Average on 10 runs - GPU latency: 0.178783 ms - Host latency: 0.178783 ms (enqueue 0.105309 ms)
[03/03/2026-11:06:13] [I] Average on 10 runs - GPU latency: 0.176016 ms - Host latency: 0.176016 ms (enqueue 0.107959 ms)
[03/03/2026-11:06:13] [I] Average on 10 runs - GPU latency: 0.175674 ms - Host latency: 0.175674 ms (enqueue 0.109964 ms)
[03/03/2026-11:06:13] [I] Average on 10 runs - GPU latency: 0.177081 ms - Host latency: 0.177081 ms (enqueue 0.110815 ms)
[03/03/2026-11:06:13] [I] Average on 10 runs - GPU latency: 0.177444 ms - Host latency: 0.177444 ms (enqueue 0.108478 ms)
[03/03/2026-11:06:13] [I] Average on 10 runs - GPU latency: 0.175336 ms - Host latency: 0.175336 ms (enqueue 0.109287 ms)
[03/03/2026-11:06:13] [I] Average on 10 runs - GPU latency: 0.176825 ms - Host latency: 0.176825 ms (enqueue 0.108334 ms)
[03/03/2026-11:06:13] [I] Average on 10 runs - GPU latency: 0.176196 ms - Host latency: 0.176196 ms (enqueue 0.109311 ms)
[03/03/2026-11:06:13] [I] Average on 10 runs - GPU latency: 0.176678 ms - Host latency: 0.176678 ms (enqueue 0.106369 ms)
[03/03/2026-11:06:13] [I] Average on 10 runs - GPU latency: 0.177142 ms - Host latency: 0.177142 ms (enqueue 0.106412 ms)
[03/03/2026-11:06:13] [I] Average on 10 runs - GPU latency: 0.176874 ms - Host latency: 0.176874 ms (enqueue 0.108636 ms)
[03/03/2026-11:06:13] [I] Average on 10 runs - GPU latency: 0.176233 ms - Host latency: 0.176233 ms (enqueue 0.108463 ms)
[03/03/2026-11:06:13] [I] Average on 10 runs - GPU latency: 0.178076 ms - Host latency: 0.178076 ms (enqueue 0.107648 ms)
[03/03/2026-11:06:13] [I] Average on 10 runs - GPU latency: 0.177026 ms - Host latency: 0.177026 ms (enqueue 0.104825 ms)
[03/03/2026-11:06:13] [I] Average on 10 runs - GPU latency: 0.177686 ms - Host latency: 0.177686 ms (enqueue 0.109653 ms)
[03/03/2026-11:06:13] [I] Average on 10 runs - GPU latency: 0.177536 ms - Host latency: 0.177536 ms (enqueue 0.10809 ms)
[03/03/2026-11:06:13] [I] Average on 10 runs - GPU latency: 0.177118 ms - Host latency: 0.177118 ms (enqueue 0.108545 ms)
[03/03/2026-11:06:13] [I] Average on 10 runs - GPU latency: 0.176172 ms - Host latency: 0.176172 ms (enqueue 0.10567 ms)
[03/03/2026-11:06:13] [I] Average on 10 runs - GPU latency: 0.176596 ms - Host latency: 0.176596 ms (enqueue 0.105536 ms)
[03/03/2026-11:06:13] [I] Average on 10 runs - GPU latency: 0.176346 ms - Host latency: 0.176346 ms (enqueue 0.107843 ms)
[03/03/2026-11:06:13] [I] Average on 10 runs - GPU latency: 0.176913 ms - Host latency: 0.176913 ms (enqueue 0.113742 ms)
[03/03/2026-11:06:13] [I] Average on 10 runs - GPU latency: 0.176147 ms - Host latency: 0.176147 ms (enqueue 0.105942 ms)
[03/03/2026-11:06:13] [I] Average on 10 runs - GPU latency: 0.176624 ms - Host latency: 0.176624 ms (enqueue 0.108221 ms)
[03/03/2026-11:06:13] [I] Average on 10 runs - GPU latency: 0.176376 ms - Host latency: 0.176376 ms (enqueue 0.107883 ms)
[03/03/2026-11:06:13] [I] Average on 10 runs - GPU latency: 0.176483 ms - Host latency: 0.176483 ms (enqueue 0.106674 ms)
[03/03/2026-11:06:13] [I] Average on 10 runs - GPU latency: 0.176984 ms - Host latency: 0.176984 ms (enqueue 0.109808 ms)
[03/03/2026-11:06:13] [I] Average on 10 runs - GPU latency: 0.176053 ms - Host latency: 0.176053 ms (enqueue 0.106964 ms)
[03/03/2026-11:06:13] [I] Average on 10 runs - GPU latency: 0.176761 ms - Host latency: 0.176761 ms (enqueue 0.105835 ms)
[03/03/2026-11:06:13] [I] Average on 10 runs - GPU latency: 0.176407 ms - Host latency: 0.176407 ms (enqueue 0.10838 ms)
[03/03/2026-11:06:13] [I] Average on 10 runs - GPU latency: 0.176767 ms - Host latency: 0.176767 ms (enqueue 0.1069 ms)
[03/03/2026-11:06:13] [I] Average on 10 runs - GPU latency: 0.176315 ms - Host latency: 0.176315 ms (enqueue 0.107428 ms)
[03/03/2026-11:06:13] [I] Average on 10 runs - GPU latency: 0.177151 ms - Host latency: 0.177151 ms (enqueue 0.108649 ms)
[03/03/2026-11:06:13] [I] Average on 10 runs - GPU latency: 0.175589 ms - Host latency: 0.175589 ms (enqueue 0.107944 ms)
[03/03/2026-11:06:13] [I] Average on 10 runs - GPU latency: 0.176837 ms - Host latency: 0.176837 ms (enqueue 0.108185 ms)
[03/03/2026-11:06:13] [I] Average on 10 runs - GPU latency: 0.176739 ms - Host latency: 0.176739 ms (enqueue 0.110675 ms)
[03/03/2026-11:06:13] [I] Average on 10 runs - GPU latency: 0.176245 ms - Host latency: 0.176245 ms (enqueue 0.106833 ms)
[03/03/2026-11:06:13] [I] Average on 10 runs - GPU latency: 0.177509 ms - Host latency: 0.177509 ms (enqueue 0.107922 ms)
[03/03/2026-11:06:13] [I] Average on 10 runs - GPU latency: 0.177536 ms - Host latency: 0.177536 ms (enqueue 0.10556 ms)
[03/03/2026-11:06:13] [I] Average on 10 runs - GPU latency: 0.177811 ms - Host latency: 0.177811 ms (enqueue 0.106808 ms)
[03/03/2026-11:06:13] [I] Average on 10 runs - GPU latency: 0.177023 ms - Host latency: 0.177023 ms (enqueue 0.107166 ms)
[03/03/2026-11:06:13] [I] Average on 10 runs - GPU latency: 0.176569 ms - Host latency: 0.176569 ms (enqueue 0.10705 ms)
[03/03/2026-11:06:13] [I] Average on 10 runs - GPU latency: 0.176422 ms - Host latency: 0.176422 ms (enqueue 0.105557 ms)
[03/03/2026-11:06:13] [I] Average on 10 runs - GPU latency: 0.177078 ms - Host latency: 0.177078 ms (enqueue 0.107407 ms)
[03/03/2026-11:06:13] [I] Average on 10 runs - GPU latency: 0.17702 ms - Host latency: 0.17702 ms (enqueue 0.108008 ms)
[03/03/2026-11:06:13] [I] Average on 10 runs - GPU latency: 0.176529 ms - Host latency: 0.176529 ms (enqueue 0.107275 ms)
[03/03/2026-11:06:13] [I] Average on 10 runs - GPU latency: 0.176401 ms - Host latency: 0.176401 ms (enqueue 0.105753 ms)
[03/03/2026-11:06:13] [I] Average on 10 runs - GPU latency: 0.176514 ms - Host latency: 0.176514 ms (enqueue 0.106714 ms)
[03/03/2026-11:06:13] [I] Average on 10 runs - GPU latency: 0.176596 ms - Host latency: 0.176596 ms (enqueue 0.107803 ms)
[03/03/2026-11:06:13] [I] Average on 10 runs - GPU latency: 0.176541 ms - Host latency: 0.176541 ms (enqueue 0.10654 ms)
[03/03/2026-11:06:13] [I] Average on 10 runs - GPU latency: 0.176495 ms - Host latency: 0.176495 ms (enqueue 0.107056 ms)
[03/03/2026-11:06:13] [I] Average on 10 runs - GPU latency: 0.176663 ms - Host latency: 0.176663 ms (enqueue 0.108609 ms)
[03/03/2026-11:06:13] [I] Average on 10 runs - GPU latency: 0.177539 ms - Host latency: 0.177539 ms (enqueue 0.107364 ms)
[03/03/2026-11:06:13] [I] Average on 10 runs - GPU latency: 0.177493 ms - Host latency: 0.177493 ms (enqueue 0.108536 ms)
[03/03/2026-11:06:13] [I] Average on 10 runs - GPU latency: 0.176254 ms - Host latency: 0.176254 ms (enqueue 0.104843 ms)
[03/03/2026-11:06:13] [I] Average on 10 runs - GPU latency: 0.176517 ms - Host latency: 0.176517 ms (enqueue 0.106232 ms)
[03/03/2026-11:06:13] [I] Average on 10 runs - GPU latency: 0.177921 ms - Host latency: 0.177921 ms (enqueue 0.102411 ms)
[03/03/2026-11:06:13] [I] Average on 10 runs - GPU latency: 0.179657 ms - Host latency: 0.179657 ms (enqueue 0.103137 ms)
[03/03/2026-11:06:13] [I] Average on 10 runs - GPU latency: 0.177612 ms - Host latency: 0.177612 ms (enqueue 0.107739 ms)
[03/03/2026-11:06:13] [I] Average on 10 runs - GPU latency: 0.177277 ms - Host latency: 0.177277 ms (enqueue 0.103851 ms)
[03/03/2026-11:06:13] [I] Average on 10 runs - GPU latency: 0.177798 ms - Host latency: 0.177798 ms (enqueue 0.102884 ms)
[03/03/2026-11:06:13] [I] Average on 10 runs - GPU latency: 0.17724 ms - Host latency: 0.17724 ms (enqueue 0.107639 ms)
[03/03/2026-11:06:13] [I] Average on 10 runs - GPU latency: 0.177145 ms - Host latency: 0.177145 ms (enqueue 0.106302 ms)
[03/03/2026-11:06:13] [I] Average on 10 runs - GPU latency: 0.177194 ms - Host latency: 0.177194 ms (enqueue 0.105157 ms)
[03/03/2026-11:06:13] [I] Average on 10 runs - GPU latency: 0.175684 ms - Host latency: 0.175684 ms (enqueue 0.106598 ms)
[03/03/2026-11:06:13] [I] Average on 10 runs - GPU latency: 0.177106 ms - Host latency: 0.177106 ms (enqueue 0.105032 ms)
[03/03/2026-11:06:13] [I] Average on 10 runs - GPU latency: 0.174701 ms - Host latency: 0.174701 ms (enqueue 0.109311 ms)
[03/03/2026-11:06:13] [I] Average on 10 runs - GPU latency: 0.177911 ms - Host latency: 0.177911 ms (enqueue 0.105151 ms)
[03/03/2026-11:06:13] [I] Average on 10 runs - GPU latency: 0.177188 ms - Host latency: 0.177188 ms (enqueue 0.105566 ms)
[03/03/2026-11:06:13] [I] Average on 10 runs - GPU latency: 0.176563 ms - Host latency: 0.176563 ms (enqueue 0.105011 ms)
[03/03/2026-11:06:13] [I] Average on 10 runs - GPU latency: 0.177057 ms - Host latency: 0.177057 ms (enqueue 0.105637 ms)
[03/03/2026-11:06:13] [I] Average on 10 runs - GPU latency: 0.17645 ms - Host latency: 0.17645 ms (enqueue 0.108948 ms)
[03/03/2026-11:06:13] [I] Average on 10 runs - GPU latency: 0.175735 ms - Host latency: 0.175735 ms (enqueue 0.106219 ms)
[03/03/2026-11:06:13] [I] Average on 10 runs - GPU latency: 0.176874 ms - Host latency: 0.176874 ms (enqueue 0.104611 ms)
[03/03/2026-11:06:13] [I] Average on 10 runs - GPU latency: 0.174994 ms - Host latency: 0.174994 ms (enqueue 0.106464 ms)
[03/03/2026-11:06:13] [I] Average on 10 runs - GPU latency: 0.176584 ms - Host latency: 0.176584 ms (enqueue 0.106418 ms)
[03/03/2026-11:06:13] [I] Average on 10 runs - GPU latency: 0.17681 ms - Host latency: 0.17681 ms (enqueue 0.105704 ms)
[03/03/2026-11:06:13] [I] Average on 10 runs - GPU latency: 0.176532 ms - Host latency: 0.176532 ms (enqueue 0.105496 ms)
[03/03/2026-11:06:13] [I] Average on 10 runs - GPU latency: 0.176767 ms - Host latency: 0.176767 ms (enqueue 0.106781 ms)
[03/03/2026-11:06:13] [I] Average on 10 runs - GPU latency: 0.177176 ms - Host latency: 0.177176 ms (enqueue 0.109311 ms)
[03/03/2026-11:06:13] [I] Average on 10 runs - GPU latency: 0.176056 ms - Host latency: 0.176056 ms (enqueue 0.107941 ms)
[03/03/2026-11:06:13] [I] Average on 10 runs - GPU latency: 0.176767 ms - Host latency: 0.176767 ms (enqueue 0.106537 ms)
[03/03/2026-11:06:13] [I] Average on 10 runs - GPU latency: 0.1755 ms - Host latency: 0.1755 ms (enqueue 0.110175 ms)
[03/03/2026-11:06:13] [I] Average on 10 runs - GPU latency: 0.175537 ms - Host latency: 0.175537 ms (enqueue 0.10795 ms)
[03/03/2026-11:06:13] [I] Average on 10 runs - GPU latency: 0.176828 ms - Host latency: 0.176828 ms (enqueue 0.113168 ms)
[03/03/2026-11:06:13] [I] Average on 10 runs - GPU latency: 0.175888 ms - Host latency: 0.175888 ms (enqueue 0.107715 ms)
[03/03/2026-11:06:13] [I] Average on 10 runs - GPU latency: 0.176788 ms - Host latency: 0.176788 ms (enqueue 0.104443 ms)
[03/03/2026-11:06:13] [I] Average on 10 runs - GPU latency: 0.177542 ms - Host latency: 0.177542 ms (enqueue 0.106924 ms)
[03/03/2026-11:06:13] [I] Average on 10 runs - GPU latency: 0.176682 ms - Host latency: 0.176682 ms (enqueue 0.106213 ms)
[03/03/2026-11:06:13] [I] Average on 10 runs - GPU latency: 0.177173 ms - Host latency: 0.177173 ms (enqueue 0.110489 ms)
[03/03/2026-11:06:13] [I] Average on 10 runs - GPU latency: 0.176651 ms - Host latency: 0.176651 ms (enqueue 0.113959 ms)
[03/03/2026-11:06:13] [I] Average on 10 runs - GPU latency: 0.17699 ms - Host latency: 0.17699 ms (enqueue 0.110312 ms)
[03/03/2026-11:06:13] [I] Average on 10 runs - GPU latency: 0.177542 ms - Host latency: 0.177542 ms (enqueue 0.107526 ms)
[03/03/2026-11:06:13] [I] Average on 10 runs - GPU latency: 0.176089 ms - Host latency: 0.176089 ms (enqueue 0.108157 ms)
[03/03/2026-11:06:13] [I] Average on 10 runs - GPU latency: 0.177115 ms - Host latency: 0.177115 ms (enqueue 0.105881 ms)
[03/03/2026-11:06:13] [I] Average on 10 runs - GPU latency: 0.176419 ms - Host latency: 0.176419 ms (enqueue 0.107095 ms)
[03/03/2026-11:06:13] [I] Average on 10 runs - GPU latency: 0.176511 ms - Host latency: 0.176511 ms (enqueue 0.110715 ms)
[03/03/2026-11:06:13] [I] Average on 10 runs - GPU latency: 0.175958 ms - Host latency: 0.175958 ms (enqueue 0.109683 ms)
[03/03/2026-11:06:13] [I] Average on 10 runs - GPU latency: 0.175903 ms - Host latency: 0.175903 ms (enqueue 0.11012 ms)
[03/03/2026-11:06:13] [I] Average on 10 runs - GPU latency: 0.17623 ms - Host latency: 0.17623 ms (enqueue 0.106415 ms)
[03/03/2026-11:06:13] [I] Average on 10 runs - GPU latency: 0.177576 ms - Host latency: 0.177576 ms (enqueue 0.106323 ms)
[03/03/2026-11:06:13] [I] Average on 10 runs - GPU latency: 0.17565 ms - Host latency: 0.17565 ms (enqueue 0.111017 ms)
[03/03/2026-11:06:13] [I] Average on 10 runs - GPU latency: 0.176456 ms - Host latency: 0.176456 ms (enqueue 0.110883 ms)
[03/03/2026-11:06:13] [I] Average on 10 runs - GPU latency: 0.17829 ms - Host latency: 0.17829 ms (enqueue 0.103577 ms)
[03/03/2026-11:06:13] [I] Average on 10 runs - GPU latency: 0.176016 ms - Host latency: 0.176016 ms (enqueue 0.108505 ms)
[03/03/2026-11:06:13] [I] Average on 10 runs - GPU latency: 0.175818 ms - Host latency: 0.175818 ms (enqueue 0.106693 ms)
[03/03/2026-11:06:13] [I] Average on 10 runs - GPU latency: 0.178082 ms - Host latency: 0.178082 ms (enqueue 0.106516 ms)
[03/03/2026-11:06:13] [I] Average on 10 runs - GPU latency: 0.177176 ms - Host latency: 0.177176 ms (enqueue 0.110114 ms)
[03/03/2026-11:06:13] [I] Average on 10 runs - GPU latency: 0.176526 ms - Host latency: 0.176526 ms (enqueue 0.106412 ms)
[03/03/2026-11:06:13] [I] Average on 10 runs - GPU latency: 0.178265 ms - Host latency: 0.178265 ms (enqueue 0.104715 ms)
[03/03/2026-11:06:13] [I] Average on 10 runs - GPU latency: 0.176917 ms - Host latency: 0.176917 ms (enqueue 0.105173 ms)
[03/03/2026-11:06:13] [I] Average on 10 runs - GPU latency: 0.176993 ms - Host latency: 0.176993 ms (enqueue 0.107452 ms)
[03/03/2026-11:06:13] [I] Average on 10 runs - GPU latency: 0.175864 ms - Host latency: 0.175864 ms (enqueue 0.106772 ms)
[03/03/2026-11:06:13] [I] Average on 10 runs - GPU latency: 0.176437 ms - Host latency: 0.176437 ms (enqueue 0.110413 ms)
[03/03/2026-11:06:13] [I] Average on 10 runs - GPU latency: 0.175607 ms - Host latency: 0.175607 ms (enqueue 0.108188 ms)
[03/03/2026-11:06:13] [I] Average on 10 runs - GPU latency: 0.176917 ms - Host latency: 0.176917 ms (enqueue 0.106064 ms)
[03/03/2026-11:06:13] [I] Average on 10 runs - GPU latency: 0.178027 ms - Host latency: 0.178027 ms (enqueue 0.104715 ms)
[03/03/2026-11:06:13] [I] Average on 10 runs - GPU latency: 0.177985 ms - Host latency: 0.177985 ms (enqueue 0.103088 ms)
[03/03/2026-11:06:13] [I] Average on 10 runs - GPU latency: 0.177808 ms - Host latency: 0.177808 ms (enqueue 0.105185 ms)
[03/03/2026-11:06:13] [I] Average on 10 runs - GPU latency: 0.17569 ms - Host latency: 0.17569 ms (enqueue 0.107199 ms)
[03/03/2026-11:06:13] [I] Average on 10 runs - GPU latency: 0.176355 ms - Host latency: 0.176355 ms (enqueue 0.107895 ms)
[03/03/2026-11:06:13] [I] Average on 10 runs - GPU latency: 0.176108 ms - Host latency: 0.176108 ms (enqueue 0.107385 ms)
[03/03/2026-11:06:13] [I] Average on 10 runs - GPU latency: 0.177127 ms - Host latency: 0.177127 ms (enqueue 0.106305 ms)
[03/03/2026-11:06:13] [I] Average on 10 runs - GPU latency: 0.175964 ms - Host latency: 0.175964 ms (enqueue 0.105704 ms)
[03/03/2026-11:06:13] [I] Average on 10 runs - GPU latency: 0.177161 ms - Host latency: 0.177161 ms (enqueue 0.104865 ms)
[03/03/2026-11:06:13] [I] Average on 10 runs - GPU latency: 0.177655 ms - Host latency: 0.177655 ms (enqueue 0.106421 ms)
[03/03/2026-11:06:13] [I] Average on 10 runs - GPU latency: 0.176883 ms - Host latency: 0.176883 ms (enqueue 0.108157 ms)
[03/03/2026-11:06:13] [I] Average on 10 runs - GPU latency: 0.176968 ms - Host latency: 0.176968 ms (enqueue 0.110925 ms)
[03/03/2026-11:06:13] [I] Average on 10 runs - GPU latency: 0.178058 ms - Host latency: 0.178058 ms (enqueue 0.105597 ms)
[03/03/2026-11:06:13] [I] Average on 10 runs - GPU latency: 0.177246 ms - Host latency: 0.177246 ms (enqueue 0.10603 ms)
[03/03/2026-11:06:13] [I] Average on 10 runs - GPU latency: 0.176895 ms - Host latency: 0.176895 ms (enqueue 0.105527 ms)
[03/03/2026-11:06:13] [I] Average on 10 runs - GPU latency: 0.176071 ms - Host latency: 0.176071 ms (enqueue 0.107355 ms)
[03/03/2026-11:06:13] [I] Average on 10 runs - GPU latency: 0.177097 ms - Host latency: 0.177097 ms (enqueue 0.106906 ms)
[03/03/2026-11:06:13] [I] Average on 10 runs - GPU latency: 0.177261 ms - Host latency: 0.177261 ms (enqueue 0.107449 ms)
[03/03/2026-11:06:13] [I] Average on 10 runs - GPU latency: 0.178198 ms - Host latency: 0.178198 ms (enqueue 0.101065 ms)
[03/03/2026-11:06:13] [I] Average on 10 runs - GPU latency: 0.176828 ms - Host latency: 0.176828 ms (enqueue 0.104321 ms)
[03/03/2026-11:06:13] [I] Average on 10 runs - GPU latency: 0.177301 ms - Host latency: 0.177301 ms (enqueue 0.106381 ms)
[03/03/2026-11:06:13] [I] Average on 10 runs - GPU latency: 0.176871 ms - Host latency: 0.176871 ms (enqueue 0.110037 ms)
[03/03/2026-11:06:13] [I] Average on 10 runs - GPU latency: 0.175674 ms - Host latency: 0.175674 ms (enqueue 0.108536 ms)
[03/03/2026-11:06:13] [I] Average on 10 runs - GPU latency: 0.177759 ms - Host latency: 0.177759 ms (enqueue 0.108453 ms)
[03/03/2026-11:06:13] [I] Average on 10 runs - GPU latency: 0.177325 ms - Host latency: 0.177325 ms (enqueue 0.107593 ms)
[03/03/2026-11:06:13] [I] Average on 10 runs - GPU latency: 0.176248 ms - Host latency: 0.176248 ms (enqueue 0.108179 ms)
[03/03/2026-11:06:13] [I] Average on 10 runs - GPU latency: 0.176285 ms - Host latency: 0.176285 ms (enqueue 0.106253 ms)
[03/03/2026-11:06:13] [I] Average on 10 runs - GPU latency: 0.177466 ms - Host latency: 0.177466 ms (enqueue 0.108765 ms)
[03/03/2026-11:06:13] [I] Average on 10 runs - GPU latency: 0.176263 ms - Host latency: 0.176263 ms (enqueue 0.105093 ms)
[03/03/2026-11:06:13] [I] Average on 10 runs - GPU latency: 0.17724 ms - Host latency: 0.17724 ms (enqueue 0.104355 ms)
[03/03/2026-11:06:13] [I] Average on 10 runs - GPU latency: 0.177982 ms - Host latency: 0.177982 ms (enqueue 0.105923 ms)
[03/03/2026-11:06:13] [I] Average on 10 runs - GPU latency: 0.177136 ms - Host latency: 0.177136 ms (enqueue 0.1052 ms)
[03/03/2026-11:06:13] [I] Average on 10 runs - GPU latency: 0.175641 ms - Host latency: 0.175641 ms (enqueue 0.105859 ms)
[03/03/2026-11:06:13] [I] Average on 10 runs - GPU latency: 0.176459 ms - Host latency: 0.176459 ms (enqueue 0.106812 ms)
[03/03/2026-11:06:13] [I] Average on 10 runs - GPU latency: 0.176819 ms - Host latency: 0.176819 ms (enqueue 0.105853 ms)
[03/03/2026-11:06:13] [I] Average on 10 runs - GPU latency: 0.176752 ms - Host latency: 0.176752 ms (enqueue 0.109479 ms)
[03/03/2026-11:06:13] [I] Average on 10 runs - GPU latency: 0.176172 ms - Host latency: 0.176172 ms (enqueue 0.109784 ms)
[03/03/2026-11:06:13] [I] Average on 10 runs - GPU latency: 0.176245 ms - Host latency: 0.176245 ms (enqueue 0.107025 ms)
[03/03/2026-11:06:13] [I] Average on 10 runs - GPU latency: 0.177118 ms - Host latency: 0.177118 ms (enqueue 0.107532 ms)
[03/03/2026-11:06:13] [I] Average on 10 runs - GPU latency: 0.176373 ms - Host latency: 0.176373 ms (enqueue 0.109393 ms)
[03/03/2026-11:06:13] [I] Average on 10 runs - GPU latency: 0.176392 ms - Host latency: 0.176392 ms (enqueue 0.108276 ms)
[03/03/2026-11:06:13] [I] Average on 10 runs - GPU latency: 0.176141 ms - Host latency: 0.176141 ms (enqueue 0.106989 ms)
[03/03/2026-11:06:13] [I] Average on 10 runs - GPU latency: 0.177283 ms - Host latency: 0.177283 ms (enqueue 0.109216 ms)
[03/03/2026-11:06:13] [I] Average on 10 runs - GPU latency: 0.176746 ms - Host latency: 0.176746 ms (enqueue 0.108612 ms)
[03/03/2026-11:06:13] [I] Average on 10 runs - GPU latency: 0.176019 ms - Host latency: 0.176019 ms (enqueue 0.107288 ms)
[03/03/2026-11:06:13] [I] Average on 10 runs - GPU latency: 0.177209 ms - Host latency: 0.177209 ms (enqueue 0.10885 ms)
[03/03/2026-11:06:13] [I] Average on 10 runs - GPU latency: 0.177521 ms - Host latency: 0.177521 ms (enqueue 0.108344 ms)
[03/03/2026-11:06:13] [I] Average on 10 runs - GPU latency: 0.177679 ms - Host latency: 0.177679 ms (enqueue 0.10838 ms)
[03/03/2026-11:06:13] [I] Average on 10 runs - GPU latency: 0.17735 ms - Host latency: 0.17735 ms (enqueue 0.107324 ms)
[03/03/2026-11:06:13] [I] Average on 10 runs - GPU latency: 0.176794 ms - Host latency: 0.176794 ms (enqueue 0.103882 ms)
[03/03/2026-11:06:13] [I] Average on 10 runs - GPU latency: 0.178558 ms - Host latency: 0.178558 ms (enqueue 0.106317 ms)
[03/03/2026-11:06:13] [I] Average on 10 runs - GPU latency: 0.177216 ms - Host latency: 0.177216 ms (enqueue 0.105701 ms)
[03/03/2026-11:06:13] [I] Average on 10 runs - GPU latency: 0.176373 ms - Host latency: 0.176373 ms (enqueue 0.106256 ms)
[03/03/2026-11:06:13] [I] Average on 10 runs - GPU latency: 0.176178 ms - Host latency: 0.176178 ms (enqueue 0.108972 ms)
[03/03/2026-11:06:13] [I] Average on 10 runs - GPU latency: 0.177228 ms - Host latency: 0.177228 ms (enqueue 0.107111 ms)
[03/03/2026-11:06:13] [I] Average on 10 runs - GPU latency: 0.17713 ms - Host latency: 0.17713 ms (enqueue 0.10882 ms)
[03/03/2026-11:06:13] [I] Average on 10 runs - GPU latency: 0.175153 ms - Host latency: 0.175153 ms (enqueue 0.104791 ms)
[03/03/2026-11:06:13] [I] Average on 10 runs - GPU latency: 0.176801 ms - Host latency: 0.176801 ms (enqueue 0.10885 ms)
[03/03/2026-11:06:13] [I] Average on 10 runs - GPU latency: 0.176996 ms - Host latency: 0.176996 ms (enqueue 0.108783 ms)
[03/03/2026-11:06:13] [I] Average on 10 runs - GPU latency: 0.17691 ms - Host latency: 0.17691 ms (enqueue 0.108289 ms)
[03/03/2026-11:06:13] [I] Average on 10 runs - GPU latency: 0.176672 ms - Host latency: 0.176672 ms (enqueue 0.106177 ms)
[03/03/2026-11:06:13] [I] Average on 10 runs - GPU latency: 0.178839 ms - Host latency: 0.178839 ms (enqueue 0.104803 ms)
[03/03/2026-11:06:13] [I] Average on 10 runs - GPU latency: 0.17666 ms - Host latency: 0.17666 ms (enqueue 0.106647 ms)
[03/03/2026-11:06:13] [I] Average on 10 runs - GPU latency: 0.177161 ms - Host latency: 0.177161 ms (enqueue 0.106329 ms)
[03/03/2026-11:06:13] [I] Average on 10 runs - GPU latency: 0.178009 ms - Host latency: 0.178009 ms (enqueue 0.107831 ms)
[03/03/2026-11:06:13] [I] Average on 10 runs - GPU latency: 0.17644 ms - Host latency: 0.17644 ms (enqueue 0.108063 ms)
[03/03/2026-11:06:13] [I] Average on 10 runs - GPU latency: 0.177985 ms - Host latency: 0.177985 ms (enqueue 0.107684 ms)
[03/03/2026-11:06:13] [I] Average on 10 runs - GPU latency: 0.17652 ms - Host latency: 0.17652 ms (enqueue 0.107599 ms)
[03/03/2026-11:06:13] [I] Average on 10 runs - GPU latency: 0.176923 ms - Host latency: 0.176923 ms (enqueue 0.108368 ms)
[03/03/2026-11:06:13] [I] Average on 10 runs - GPU latency: 0.176398 ms - Host latency: 0.176398 ms (enqueue 0.108093 ms)
[03/03/2026-11:06:13] [I] Average on 10 runs - GPU latency: 0.176337 ms - Host latency: 0.176337 ms (enqueue 0.104382 ms)
[03/03/2026-11:06:13] [I] Average on 10 runs - GPU latency: 0.17655 ms - Host latency: 0.17655 ms (enqueue 0.106366 ms)
[03/03/2026-11:06:13] [I] Average on 10 runs - GPU latency: 0.177234 ms - Host latency: 0.177234 ms (enqueue 0.110205 ms)
[03/03/2026-11:06:13] [I] Average on 10 runs - GPU latency: 0.176306 ms - Host latency: 0.176306 ms (enqueue 0.109717 ms)
[03/03/2026-11:06:13] [I] Average on 10 runs - GPU latency: 0.1763 ms - Host latency: 0.1763 ms (enqueue 0.108618 ms)
[03/03/2026-11:06:13] [I] Average on 10 runs - GPU latency: 0.176624 ms - Host latency: 0.176624 ms (enqueue 0.10824 ms)
[03/03/2026-11:06:13] [I] Average on 10 runs - GPU latency: 0.177618 ms - Host latency: 0.177618 ms (enqueue 0.108441 ms)
[03/03/2026-11:06:13] [I] Average on 10 runs - GPU latency: 0.179053 ms - Host latency: 0.179053 ms (enqueue 0.106091 ms)
[03/03/2026-11:06:13] [I] Average on 10 runs - GPU latency: 0.177435 ms - Host latency: 0.177435 ms (enqueue 0.106781 ms)
[03/03/2026-11:06:13] [I] Average on 10 runs - GPU latency: 0.17793 ms - Host latency: 0.17793 ms (enqueue 0.105975 ms)
[03/03/2026-11:06:13] [I] Average on 10 runs - GPU latency: 0.176617 ms - Host latency: 0.176617 ms (enqueue 0.105957 ms)
[03/03/2026-11:06:13] [I] Average on 10 runs - GPU latency: 0.177167 ms - Host latency: 0.177167 ms (enqueue 0.104395 ms)
[03/03/2026-11:06:13] [I] Average on 10 runs - GPU latency: 0.177313 ms - Host latency: 0.177313 ms (enqueue 0.110382 ms)
[03/03/2026-11:06:13] [I] Average on 10 runs - GPU latency: 0.17663 ms - Host latency: 0.17663 ms (enqueue 0.106604 ms)
[03/03/2026-11:06:13] [I] Average on 10 runs - GPU latency: 0.178174 ms - Host latency: 0.178174 ms (enqueue 0.105688 ms)
[03/03/2026-11:06:13] [I] Average on 10 runs - GPU latency: 0.176477 ms - Host latency: 0.176477 ms (enqueue 0.106036 ms)
[03/03/2026-11:06:13] [I] Average on 10 runs - GPU latency: 0.17793 ms - Host latency: 0.17793 ms (enqueue 0.106714 ms)
[03/03/2026-11:06:13] [I] Average on 10 runs - GPU latency: 0.176495 ms - Host latency: 0.176495 ms (enqueue 0.104785 ms)
[03/03/2026-11:06:13] [I] Average on 10 runs - GPU latency: 0.176917 ms - Host latency: 0.176917 ms (enqueue 0.107538 ms)
[03/03/2026-11:06:13] [I] Average on 10 runs - GPU latency: 0.17702 ms - Host latency: 0.17702 ms (enqueue 0.107318 ms)
[03/03/2026-11:06:13] [I] Average on 10 runs - GPU latency: 0.176776 ms - Host latency: 0.176776 ms (enqueue 0.105054 ms)
[03/03/2026-11:06:13] [I] Average on 10 runs - GPU latency: 0.176758 ms - Host latency: 0.176758 ms (enqueue 0.107092 ms)
[03/03/2026-11:06:13] [I] Average on 10 runs - GPU latency: 0.177277 ms - Host latency: 0.177277 ms (enqueue 0.104675 ms)
[03/03/2026-11:06:13] [I] Average on 10 runs - GPU latency: 0.176709 ms - Host latency: 0.176709 ms (enqueue 0.105457 ms)
[03/03/2026-11:06:13] [I] Average on 10 runs - GPU latency: 0.175983 ms - Host latency: 0.175983 ms (enqueue 0.104736 ms)
[03/03/2026-11:06:13] [I] Average on 10 runs - GPU latency: 0.177222 ms - Host latency: 0.177222 ms (enqueue 0.104236 ms)
[03/03/2026-11:06:13] [I] Average on 10 runs - GPU latency: 0.17594 ms - Host latency: 0.17594 ms (enqueue 0.108038 ms)
[03/03/2026-11:06:13] [I] Average on 10 runs - GPU latency: 0.17757 ms - Host latency: 0.17757 ms (enqueue 0.105121 ms)
[03/03/2026-11:06:13] [I] Average on 10 runs - GPU latency: 0.17749 ms - Host latency: 0.17749 ms (enqueue 0.104993 ms)
[03/03/2026-11:06:13] [I] Average on 10 runs - GPU latency: 0.17735 ms - Host latency: 0.17735 ms (enqueue 0.105823 ms)
[03/03/2026-11:06:13] [I] Average on 10 runs - GPU latency: 0.17597 ms - Host latency: 0.17597 ms (enqueue 0.107465 ms)
[03/03/2026-11:06:13] [I] Average on 10 runs - GPU latency: 0.175995 ms - Host latency: 0.175995 ms (enqueue 0.105267 ms)
[03/03/2026-11:06:13] [I] Average on 10 runs - GPU latency: 0.177441 ms - Host latency: 0.177441 ms (enqueue 0.108539 ms)
[03/03/2026-11:06:13] [I] Average on 10 runs - GPU latency: 0.17652 ms - Host latency: 0.17652 ms (enqueue 0.107294 ms)
[03/03/2026-11:06:13] [I] Average on 10 runs - GPU latency: 0.175964 ms - Host latency: 0.175964 ms (enqueue 0.109204 ms)
[03/03/2026-11:06:13] [I] Average on 10 runs - GPU latency: 0.176971 ms - Host latency: 0.176971 ms (enqueue 0.106689 ms)
[03/03/2026-11:06:13] [I] Average on 10 runs - GPU latency: 0.178003 ms - Host latency: 0.178003 ms (enqueue 0.105585 ms)
[03/03/2026-11:06:13] [I] Average on 10 runs - GPU latency: 0.176965 ms - Host latency: 0.176965 ms (enqueue 0.110028 ms)
[03/03/2026-11:06:13] [I] Average on 10 runs - GPU latency: 0.176501 ms - Host latency: 0.176501 ms (enqueue 0.108173 ms)
[03/03/2026-11:06:13] [I] Average on 10 runs - GPU latency: 0.177191 ms - Host latency: 0.177191 ms (enqueue 0.107983 ms)
[03/03/2026-11:06:13] [I] Average on 10 runs - GPU latency: 0.177136 ms - Host latency: 0.177136 ms (enqueue 0.106464 ms)
[03/03/2026-11:06:13] [I] Average on 10 runs - GPU latency: 0.176514 ms - Host latency: 0.176514 ms (enqueue 0.110327 ms)
[03/03/2026-11:06:13] [I] Average on 10 runs - GPU latency: 0.17793 ms - Host latency: 0.17793 ms (enqueue 0.102753 ms)
[03/03/2026-11:06:13] [I] Average on 10 runs - GPU latency: 0.176404 ms - Host latency: 0.176404 ms (enqueue 0.102722 ms)
[03/03/2026-11:06:13] [I] Average on 10 runs - GPU latency: 0.177362 ms - Host latency: 0.177362 ms (enqueue 0.108356 ms)
[03/03/2026-11:06:13] [I] Average on 10 runs - GPU latency: 0.176294 ms - Host latency: 0.176294 ms (enqueue 0.105975 ms)
[03/03/2026-11:06:13] [I] Average on 10 runs - GPU latency: 0.176202 ms - Host latency: 0.176202 ms (enqueue 0.107214 ms)
[03/03/2026-11:06:13] [I] Average on 10 runs - GPU latency: 0.175958 ms - Host latency: 0.175958 ms (enqueue 0.106384 ms)
[03/03/2026-11:06:13] [I] Average on 10 runs - GPU latency: 0.176086 ms - Host latency: 0.176086 ms (enqueue 0.108386 ms)
[03/03/2026-11:06:13] [I] Average on 10 runs - GPU latency: 0.177942 ms - Host latency: 0.177942 ms (enqueue 0.105133 ms)
[03/03/2026-11:06:13] [I] Average on 10 runs - GPU latency: 0.177557 ms - Host latency: 0.177557 ms (enqueue 0.104755 ms)
[03/03/2026-11:06:13] [I] Average on 10 runs - GPU latency: 0.177966 ms - Host latency: 0.177966 ms (enqueue 0.106531 ms)
[03/03/2026-11:06:13] [I] Average on 10 runs - GPU latency: 0.178101 ms - Host latency: 0.178101 ms (enqueue 0.106555 ms)
[03/03/2026-11:06:13] [I] Average on 10 runs - GPU latency: 0.177161 ms - Host latency: 0.177161 ms (enqueue 0.106555 ms)
[03/03/2026-11:06:13] [I] Average on 10 runs - GPU latency: 0.176752 ms - Host latency: 0.176752 ms (enqueue 0.104626 ms)
[03/03/2026-11:06:13] [I] Average on 10 runs - GPU latency: 0.175885 ms - Host latency: 0.175885 ms (enqueue 0.107153 ms)
[03/03/2026-11:06:13] [I] Average on 10 runs - GPU latency: 0.176208 ms - Host latency: 0.176208 ms (enqueue 0.106836 ms)
[03/03/2026-11:06:13] [I] Average on 10 runs - GPU latency: 0.177228 ms - Host latency: 0.177228 ms (enqueue 0.107111 ms)
[03/03/2026-11:06:13] [I] Average on 10 runs - GPU latency: 0.175909 ms - Host latency: 0.175909 ms (enqueue 0.108423 ms)
[03/03/2026-11:06:13] [I] Average on 10 runs - GPU latency: 0.177222 ms - Host latency: 0.177222 ms (enqueue 0.104913 ms)
[03/03/2026-11:06:13] [I] Average on 10 runs - GPU latency: 0.17713 ms - Host latency: 0.17713 ms (enqueue 0.106677 ms)
[03/03/2026-11:06:13] [I] Average on 10 runs - GPU latency: 0.177631 ms - Host latency: 0.177631 ms (enqueue 0.108667 ms)
[03/03/2026-11:06:13] [I] Average on 10 runs - GPU latency: 0.176422 ms - Host latency: 0.176422 ms (enqueue 0.107983 ms)
[03/03/2026-11:06:13] [I] Average on 10 runs - GPU latency: 0.176581 ms - Host latency: 0.176581 ms (enqueue 0.106921 ms)
[03/03/2026-11:06:13] [I] Average on 10 runs - GPU latency: 0.178162 ms - Host latency: 0.178162 ms (enqueue 0.107031 ms)
[03/03/2026-11:06:13] [I] Average on 10 runs - GPU latency: 0.177228 ms - Host latency: 0.177228 ms (enqueue 0.105328 ms)
[03/03/2026-11:06:13] [I] Average on 10 runs - GPU latency: 0.17605 ms - Host latency: 0.17605 ms (enqueue 0.109418 ms)
[03/03/2026-11:06:13] [I] Average on 10 runs - GPU latency: 0.177325 ms - Host latency: 0.177325 ms (enqueue 0.106763 ms)
[03/03/2026-11:06:13] [I] Average on 10 runs - GPU latency: 0.176892 ms - Host latency: 0.176892 ms (enqueue 0.105975 ms)
[03/03/2026-11:06:13] [I] Average on 10 runs - GPU latency: 0.175653 ms - Host latency: 0.175653 ms (enqueue 0.107037 ms)
[03/03/2026-11:06:13] [I] Average on 10 runs - GPU latency: 0.177045 ms - Host latency: 0.177045 ms (enqueue 0.109601 ms)
[03/03/2026-11:06:13] [I] Average on 10 runs - GPU latency: 0.175861 ms - Host latency: 0.175861 ms (enqueue 0.106622 ms)
[03/03/2026-11:06:13] [I] Average on 10 runs - GPU latency: 0.176678 ms - Host latency: 0.176678 ms (enqueue 0.107391 ms)
[03/03/2026-11:06:13] [I] Average on 10 runs - GPU latency: 0.176074 ms - Host latency: 0.176074 ms (enqueue 0.106866 ms)
[03/03/2026-11:06:13] [I] Average on 10 runs - GPU latency: 0.175714 ms - Host latency: 0.175714 ms (enqueue 0.109277 ms)
[03/03/2026-11:06:13] [I] Average on 10 runs - GPU latency: 0.176862 ms - Host latency: 0.176862 ms (enqueue 0.106732 ms)
[03/03/2026-11:06:13] [I] Average on 10 runs - GPU latency: 0.176746 ms - Host latency: 0.176746 ms (enqueue 0.105658 ms)
[03/03/2026-11:06:13] [I] Average on 10 runs - GPU latency: 0.176709 ms - Host latency: 0.176709 ms (enqueue 0.104248 ms)
[03/03/2026-11:06:13] [I] Average on 10 runs - GPU latency: 0.176508 ms - Host latency: 0.176508 ms (enqueue 0.107184 ms)
[03/03/2026-11:06:13] [I] Average on 10 runs - GPU latency: 0.176929 ms - Host latency: 0.176929 ms (enqueue 0.10777 ms)
[03/03/2026-11:06:13] [I] Average on 10 runs - GPU latency: 0.176385 ms - Host latency: 0.176385 ms (enqueue 0.108105 ms)
[03/03/2026-11:06:13] [I] Average on 10 runs - GPU latency: 0.175787 ms - Host latency: 0.175787 ms (enqueue 0.104791 ms)
[03/03/2026-11:06:13] [I] Average on 10 runs - GPU latency: 0.17757 ms - Host latency: 0.17757 ms (enqueue 0.105194 ms)
[03/03/2026-11:06:13] [I] Average on 10 runs - GPU latency: 0.177319 ms - Host latency: 0.177319 ms (enqueue 0.104614 ms)
[03/03/2026-11:06:13] [I] Average on 10 runs - GPU latency: 0.176282 ms - Host latency: 0.176282 ms (enqueue 0.104388 ms)
[03/03/2026-11:06:13] [I] Average on 10 runs - GPU latency: 0.178644 ms - Host latency: 0.178644 ms (enqueue 0.107477 ms)
[03/03/2026-11:06:13] [I] Average on 10 runs - GPU latency: 0.177008 ms - Host latency: 0.177008 ms (enqueue 0.105298 ms)
[03/03/2026-11:06:13] [I] Average on 10 runs - GPU latency: 0.176923 ms - Host latency: 0.176923 ms (enqueue 0.103467 ms)
[03/03/2026-11:06:13] [I] Average on 10 runs - GPU latency: 0.178412 ms - Host latency: 0.178412 ms (enqueue 0.106 ms)
[03/03/2026-11:06:13] [I] Average on 10 runs - GPU latency: 0.176447 ms - Host latency: 0.176447 ms (enqueue 0.10766 ms)
[03/03/2026-11:06:13] [I] Average on 10 runs - GPU latency: 0.176178 ms - Host latency: 0.176178 ms (enqueue 0.105627 ms)
[03/03/2026-11:06:13] [I] Average on 10 runs - GPU latency: 0.177563 ms - Host latency: 0.177563 ms (enqueue 0.103925 ms)
[03/03/2026-11:06:13] [I] Average on 10 runs - GPU latency: 0.176935 ms - Host latency: 0.176935 ms (enqueue 0.108167 ms)
[03/03/2026-11:06:13] [I] Average on 10 runs - GPU latency: 0.177454 ms - Host latency: 0.177454 ms (enqueue 0.107458 ms)
[03/03/2026-11:06:13] [I] Average on 10 runs - GPU latency: 0.176276 ms - Host latency: 0.176276 ms (enqueue 0.107269 ms)
[03/03/2026-11:06:13] [I] Average on 10 runs - GPU latency: 0.175812 ms - Host latency: 0.175812 ms (enqueue 0.106 ms)
[03/03/2026-11:06:13] [I] Average on 10 runs - GPU latency: 0.17594 ms - Host latency: 0.17594 ms (enqueue 0.108752 ms)
[03/03/2026-11:06:13] [I] Average on 10 runs - GPU latency: 0.178015 ms - Host latency: 0.178015 ms (enqueue 0.106354 ms)
[03/03/2026-11:06:13] [I] Average on 10 runs - GPU latency: 0.176477 ms - Host latency: 0.176477 ms (enqueue 0.107062 ms)
[03/03/2026-11:06:13] [I] Average on 10 runs - GPU latency: 0.177496 ms - Host latency: 0.177496 ms (enqueue 0.105927 ms)
[03/03/2026-11:06:13] [I] Average on 10 runs - GPU latency: 0.177551 ms - Host latency: 0.177551 ms (enqueue 0.102557 ms)
[03/03/2026-11:06:13] [I] Average on 10 runs - GPU latency: 0.17688 ms - Host latency: 0.17688 ms (enqueue 0.104089 ms)
[03/03/2026-11:06:13] [I] Average on 10 runs - GPU latency: 0.176917 ms - Host latency: 0.176917 ms (enqueue 0.103235 ms)
[03/03/2026-11:06:13] [I] Average on 10 runs - GPU latency: 0.178259 ms - Host latency: 0.178259 ms (enqueue 0.104419 ms)
[03/03/2026-11:06:13] [I] Average on 10 runs - GPU latency: 0.177594 ms - Host latency: 0.177594 ms (enqueue 0.105219 ms)
[03/03/2026-11:06:13] [I] Average on 10 runs - GPU latency: 0.17829 ms - Host latency: 0.17829 ms (enqueue 0.105609 ms)
[03/03/2026-11:06:13] [I] Average on 10 runs - GPU latency: 0.177521 ms - Host latency: 0.177521 ms (enqueue 0.105615 ms)
[03/03/2026-11:06:13] [I] Average on 10 runs - GPU latency: 0.178162 ms - Host latency: 0.178162 ms (enqueue 0.103076 ms)
[03/03/2026-11:06:13] [I] Average on 10 runs - GPU latency: 0.178149 ms - Host latency: 0.178149 ms (enqueue 0.105273 ms)
[03/03/2026-11:06:13] [I] Average on 10 runs - GPU latency: 0.175909 ms - Host latency: 0.175909 ms (enqueue 0.105426 ms)
[03/03/2026-11:06:13] [I] Average on 10 runs - GPU latency: 0.177063 ms - Host latency: 0.177063 ms (enqueue 0.106366 ms)
[03/03/2026-11:06:13] [I] Average on 10 runs - GPU latency: 0.177319 ms - Host latency: 0.177319 ms (enqueue 0.107404 ms)
[03/03/2026-11:06:13] [I] Average on 10 runs - GPU latency: 0.176062 ms - Host latency: 0.176062 ms (enqueue 0.103003 ms)
[03/03/2026-11:06:13] [I] Average on 10 runs - GPU latency: 0.176703 ms - Host latency: 0.176703 ms (enqueue 0.105878 ms)
[03/03/2026-11:06:13] [I] Average on 10 runs - GPU latency: 0.175769 ms - Host latency: 0.175769 ms (enqueue 0.104156 ms)
[03/03/2026-11:06:13] [I] Average on 10 runs - GPU latency: 0.176477 ms - Host latency: 0.176477 ms (enqueue 0.105249 ms)
[03/03/2026-11:06:13] [I] Average on 10 runs - GPU latency: 0.177588 ms - Host latency: 0.177588 ms (enqueue 0.105066 ms)
[03/03/2026-11:06:13] [I] Average on 10 runs - GPU latency: 0.176593 ms - Host latency: 0.176593 ms (enqueue 0.105054 ms)
[03/03/2026-11:06:13] [I] Average on 10 runs - GPU latency: 0.177142 ms - Host latency: 0.177142 ms (enqueue 0.107129 ms)
[03/03/2026-11:06:13] [I] Average on 10 runs - GPU latency: 0.178271 ms - Host latency: 0.178271 ms (enqueue 0.105023 ms)
[03/03/2026-11:06:13] [I] Average on 10 runs - GPU latency: 0.176196 ms - Host latency: 0.176196 ms (enqueue 0.106451 ms)
[03/03/2026-11:06:13] [I] Average on 10 runs - GPU latency: 0.177216 ms - Host latency: 0.177216 ms (enqueue 0.106281 ms)
[03/03/2026-11:06:13] [I] Average on 10 runs - GPU latency: 0.177777 ms - Host latency: 0.177777 ms (enqueue 0.109106 ms)
[03/03/2026-11:06:13] [I] Average on 10 runs - GPU latency: 0.177966 ms - Host latency: 0.177966 ms (enqueue 0.104633 ms)
[03/03/2026-11:06:13] [I] Average on 10 runs - GPU latency: 0.176776 ms - Host latency: 0.176776 ms (enqueue 0.107391 ms)
[03/03/2026-11:06:13] [I] Average on 10 runs - GPU latency: 0.17619 ms - Host latency: 0.17619 ms (enqueue 0.107129 ms)
[03/03/2026-11:06:13] [I] Average on 10 runs - GPU latency: 0.177551 ms - Host latency: 0.177551 ms (enqueue 0.110907 ms)
[03/03/2026-11:06:13] [I] Average on 10 runs - GPU latency: 0.176538 ms - Host latency: 0.176538 ms (enqueue 0.106036 ms)
[03/03/2026-11:06:13] [I] Average on 10 runs - GPU latency: 0.177136 ms - Host latency: 0.177136 ms (enqueue 0.105884 ms)
[03/03/2026-11:06:13] [I] Average on 10 runs - GPU latency: 0.177441 ms - Host latency: 0.177441 ms (enqueue 0.108563 ms)
[03/03/2026-11:06:13] [I] Average on 10 runs - GPU latency: 0.176923 ms - Host latency: 0.176923 ms (enqueue 0.105383 ms)
[03/03/2026-11:06:13] [I] Average on 10 runs - GPU latency: 0.176953 ms - Host latency: 0.176953 ms (enqueue 0.104803 ms)
[03/03/2026-11:06:13] [I] Average on 10 runs - GPU latency: 0.177917 ms - Host latency: 0.177917 ms (enqueue 0.106738 ms)
[03/03/2026-11:06:13] [I] Average on 10 runs - GPU latency: 0.177911 ms - Host latency: 0.177911 ms (enqueue 0.107086 ms)
[03/03/2026-11:06:13] [I] Average on 10 runs - GPU latency: 0.17793 ms - Host latency: 0.17793 ms (enqueue 0.106836 ms)
[03/03/2026-11:06:13] [I] Average on 10 runs - GPU latency: 0.178101 ms - Host latency: 0.178101 ms (enqueue 0.106049 ms)
[03/03/2026-11:06:13] [I] Average on 10 runs - GPU latency: 0.176312 ms - Host latency: 0.176312 ms (enqueue 0.106146 ms)
[03/03/2026-11:06:13] [I] Average on 10 runs - GPU latency: 0.176727 ms - Host latency: 0.176727 ms (enqueue 0.1091 ms)
[03/03/2026-11:06:13] [I] Average on 10 runs - GPU latency: 0.177539 ms - Host latency: 0.177539 ms (enqueue 0.103015 ms)
[03/03/2026-11:06:13] [I] Average on 10 runs - GPU latency: 0.177911 ms - Host latency: 0.177911 ms (enqueue 0.105914 ms)
[03/03/2026-11:06:13] [I] Average on 10 runs - GPU latency: 0.176898 ms - Host latency: 0.176898 ms (enqueue 0.107434 ms)
[03/03/2026-11:06:13] [I] Average on 10 runs - GPU latency: 0.176477 ms - Host latency: 0.176477 ms (enqueue 0.106525 ms)
[03/03/2026-11:06:13] [I] Average on 10 runs - GPU latency: 0.178625 ms - Host latency: 0.178625 ms (enqueue 0.104541 ms)
[03/03/2026-11:06:13] [I] Average on 10 runs - GPU latency: 0.175714 ms - Host latency: 0.175714 ms (enqueue 0.106049 ms)
[03/03/2026-11:06:13] [I] Average on 10 runs - GPU latency: 0.176605 ms - Host latency: 0.176605 ms (enqueue 0.107208 ms)
[03/03/2026-11:06:13] [I] Average on 10 runs - GPU latency: 0.176483 ms - Host latency: 0.176483 ms (enqueue 0.107501 ms)
[03/03/2026-11:06:13] [I] Average on 10 runs - GPU latency: 0.176233 ms - Host latency: 0.176233 ms (enqueue 0.107068 ms)
[03/03/2026-11:06:13] [I] Average on 10 runs - GPU latency: 0.177557 ms - Host latency: 0.177557 ms (enqueue 0.108148 ms)
[03/03/2026-11:06:13] [I] Average on 10 runs - GPU latency: 0.176862 ms - Host latency: 0.176862 ms (enqueue 0.103656 ms)
[03/03/2026-11:06:13] [I] Average on 10 runs - GPU latency: 0.178253 ms - Host latency: 0.178253 ms (enqueue 0.103033 ms)
[03/03/2026-11:06:13] [I] Average on 10 runs - GPU latency: 0.177368 ms - Host latency: 0.177368 ms (enqueue 0.104736 ms)
[03/03/2026-11:06:13] [I] Average on 10 runs - GPU latency: 0.176062 ms - Host latency: 0.176062 ms (enqueue 0.109241 ms)
[03/03/2026-11:06:13] [I] Average on 10 runs - GPU latency: 0.176245 ms - Host latency: 0.176245 ms (enqueue 0.108081 ms)
[03/03/2026-11:06:13] [I] Average on 10 runs - GPU latency: 0.176575 ms - Host latency: 0.176575 ms (enqueue 0.107642 ms)
[03/03/2026-11:06:13] [I] Average on 10 runs - GPU latency: 0.175946 ms - Host latency: 0.175946 ms (enqueue 0.107239 ms)
[03/03/2026-11:06:13] [I] Average on 10 runs - GPU latency: 0.17735 ms - Host latency: 0.17735 ms (enqueue 0.109906 ms)
[03/03/2026-11:06:13] [I] Average on 10 runs - GPU latency: 0.177136 ms - Host latency: 0.177136 ms (enqueue 0.108405 ms)
[03/03/2026-11:06:13] [I] Average on 10 runs - GPU latency: 0.177161 ms - Host latency: 0.177161 ms (enqueue 0.107941 ms)
[03/03/2026-11:06:13] [I] Average on 10 runs - GPU latency: 0.176654 ms - Host latency: 0.176654 ms (enqueue 0.110193 ms)
[03/03/2026-11:06:13] [I] Average on 10 runs - GPU latency: 0.177887 ms - Host latency: 0.177887 ms (enqueue 0.108264 ms)
[03/03/2026-11:06:13] [I] Average on 10 runs - GPU latency: 0.175848 ms - Host latency: 0.175848 ms (enqueue 0.107019 ms)
[03/03/2026-11:06:13] [I] Average on 10 runs - GPU latency: 0.17702 ms - Host latency: 0.17702 ms (enqueue 0.106213 ms)
[03/03/2026-11:06:13] [I] Average on 10 runs - GPU latency: 0.17691 ms - Host latency: 0.17691 ms (enqueue 0.109576 ms)
[03/03/2026-11:06:13] [I] Average on 10 runs - GPU latency: 0.176837 ms - Host latency: 0.176837 ms (enqueue 0.104169 ms)
[03/03/2026-11:06:13] [I] Average on 10 runs - GPU latency: 0.176569 ms - Host latency: 0.176569 ms (enqueue 0.105365 ms)
[03/03/2026-11:06:13] [I] Average on 10 runs - GPU latency: 0.176923 ms - Host latency: 0.176923 ms (enqueue 0.106262 ms)
[03/03/2026-11:06:13] [I] Average on 10 runs - GPU latency: 0.176825 ms - Host latency: 0.176825 ms (enqueue 0.110474 ms)
[03/03/2026-11:06:13] [I] Average on 10 runs - GPU latency: 0.176697 ms - Host latency: 0.176697 ms (enqueue 0.106287 ms)
[03/03/2026-11:06:13] [I] Average on 10 runs - GPU latency: 0.177319 ms - Host latency: 0.177319 ms (enqueue 0.106586 ms)
[03/03/2026-11:06:13] [I] Average on 10 runs - GPU latency: 0.17829 ms - Host latency: 0.17829 ms (enqueue 0.104028 ms)
[03/03/2026-11:06:13] [I] Average on 10 runs - GPU latency: 0.177417 ms - Host latency: 0.177417 ms (enqueue 0.105524 ms)
[03/03/2026-11:06:13] [I] Average on 10 runs - GPU latency: 0.177191 ms - Host latency: 0.177191 ms (enqueue 0.105365 ms)
[03/03/2026-11:06:13] [I] Average on 10 runs - GPU latency: 0.176477 ms - Host latency: 0.176477 ms (enqueue 0.10672 ms)
[03/03/2026-11:06:13] [I] Average on 10 runs - GPU latency: 0.178198 ms - Host latency: 0.178198 ms (enqueue 0.107452 ms)
[03/03/2026-11:06:13] [I] Average on 10 runs - GPU latency: 0.176886 ms - Host latency: 0.176886 ms (enqueue 0.104865 ms)
[03/03/2026-11:06:13] [I] Average on 10 runs - GPU latency: 0.177972 ms - Host latency: 0.177972 ms (enqueue 0.10932 ms)
[03/03/2026-11:06:13] [I] Average on 10 runs - GPU latency: 0.177252 ms - Host latency: 0.177252 ms (enqueue 0.103314 ms)
[03/03/2026-11:06:13] [I] Average on 10 runs - GPU latency: 0.177521 ms - Host latency: 0.177521 ms (enqueue 0.106232 ms)
[03/03/2026-11:06:13] [I] Average on 10 runs - GPU latency: 0.17561 ms - Host latency: 0.17561 ms (enqueue 0.107526 ms)
[03/03/2026-11:06:13] [I] Average on 10 runs - GPU latency: 0.177747 ms - Host latency: 0.177747 ms (enqueue 0.103979 ms)
[03/03/2026-11:06:13] [I] Average on 10 runs - GPU latency: 0.177789 ms - Host latency: 0.177789 ms (enqueue 0.106427 ms)
[03/03/2026-11:06:13] [I] Average on 10 runs - GPU latency: 0.176868 ms - Host latency: 0.176868 ms (enqueue 0.107745 ms)
[03/03/2026-11:06:13] [I] Average on 10 runs - GPU latency: 0.176727 ms - Host latency: 0.176727 ms (enqueue 0.107666 ms)
[03/03/2026-11:06:13] [I] Average on 10 runs - GPU latency: 0.176196 ms - Host latency: 0.176196 ms (enqueue 0.103674 ms)
[03/03/2026-11:06:13] [I] Average on 10 runs - GPU latency: 0.177686 ms - Host latency: 0.177686 ms (enqueue 0.105548 ms)
[03/03/2026-11:06:13] [I] Average on 10 runs - GPU latency: 0.177014 ms - Host latency: 0.177014 ms (enqueue 0.107153 ms)
[03/03/2026-11:06:13] [I] Average on 10 runs - GPU latency: 0.178516 ms - Host latency: 0.178516 ms (enqueue 0.106433 ms)
[03/03/2026-11:06:13] [I] Average on 10 runs - GPU latency: 0.17655 ms - Host latency: 0.17655 ms (enqueue 0.107703 ms)
[03/03/2026-11:06:13] [I] Average on 10 runs - GPU latency: 0.176019 ms - Host latency: 0.176019 ms (enqueue 0.107788 ms)
[03/03/2026-11:06:13] [I] Average on 10 runs - GPU latency: 0.176367 ms - Host latency: 0.176367 ms (enqueue 0.105511 ms)
[03/03/2026-11:06:13] [I] Average on 10 runs - GPU latency: 0.177167 ms - Host latency: 0.177167 ms (enqueue 0.107483 ms)
[03/03/2026-11:06:13] [I] Average on 10 runs - GPU latency: 0.176324 ms - Host latency: 0.176324 ms (enqueue 0.105176 ms)
[03/03/2026-11:06:13] [I] Average on 10 runs - GPU latency: 0.176959 ms - Host latency: 0.176959 ms (enqueue 0.105573 ms)
[03/03/2026-11:06:13] [I] Average on 10 runs - GPU latency: 0.176563 ms - Host latency: 0.176563 ms (enqueue 0.106158 ms)
[03/03/2026-11:06:13] [I] Average on 10 runs - GPU latency: 0.177234 ms - Host latency: 0.177234 ms (enqueue 0.107697 ms)
[03/03/2026-11:06:13] [I] Average on 10 runs - GPU latency: 0.177087 ms - Host latency: 0.177087 ms (enqueue 0.105902 ms)
[03/03/2026-11:06:13] [I] Average on 10 runs - GPU latency: 0.177185 ms - Host latency: 0.177185 ms (enqueue 0.104755 ms)
[03/03/2026-11:06:13] [I] Average on 10 runs - GPU latency: 0.177692 ms - Host latency: 0.177692 ms (enqueue 0.103436 ms)
[03/03/2026-11:06:13] [I] Average on 10 runs - GPU latency: 0.179169 ms - Host latency: 0.179169 ms (enqueue 0.103827 ms)
[03/03/2026-11:06:13] [I] Average on 10 runs - GPU latency: 0.177625 ms - Host latency: 0.177625 ms (enqueue 0.103796 ms)
[03/03/2026-11:06:13] [I] Average on 10 runs - GPU latency: 0.176495 ms - Host latency: 0.176495 ms (enqueue 0.106268 ms)
[03/03/2026-11:06:13] [I] Average on 10 runs - GPU latency: 0.178296 ms - Host latency: 0.178296 ms (enqueue 0.106036 ms)
[03/03/2026-11:06:13] [I] Average on 10 runs - GPU latency: 0.1763 ms - Host latency: 0.1763 ms (enqueue 0.106049 ms)
[03/03/2026-11:06:13] [I] Average on 10 runs - GPU latency: 0.177325 ms - Host latency: 0.177325 ms (enqueue 0.105334 ms)
[03/03/2026-11:06:13] [I] Average on 10 runs - GPU latency: 0.176068 ms - Host latency: 0.176068 ms (enqueue 0.107257 ms)
[03/03/2026-11:06:13] [I] Average on 10 runs - GPU latency: 0.176685 ms - Host latency: 0.176685 ms (enqueue 0.106567 ms)
[03/03/2026-11:06:13] [I] Average on 10 runs - GPU latency: 0.177014 ms - Host latency: 0.177014 ms (enqueue 0.105536 ms)
[03/03/2026-11:06:13] [I] Average on 10 runs - GPU latency: 0.178271 ms - Host latency: 0.178271 ms (enqueue 0.104425 ms)
[03/03/2026-11:06:13] [I] Average on 10 runs - GPU latency: 0.178113 ms - Host latency: 0.178113 ms (enqueue 0.102612 ms)
[03/03/2026-11:06:13] [I] Average on 10 runs - GPU latency: 0.17644 ms - Host latency: 0.17644 ms (enqueue 0.111029 ms)
[03/03/2026-11:06:13] [I] Average on 10 runs - GPU latency: 0.178448 ms - Host latency: 0.178448 ms (enqueue 0.103619 ms)
[03/03/2026-11:06:13] [I] Average on 10 runs - GPU latency: 0.176599 ms - Host latency: 0.176599 ms (enqueue 0.102368 ms)
[03/03/2026-11:06:13] [I] Average on 10 runs - GPU latency: 0.17771 ms - Host latency: 0.17771 ms (enqueue 0.107074 ms)
[03/03/2026-11:06:13] [I] Average on 10 runs - GPU latency: 0.17533 ms - Host latency: 0.17533 ms (enqueue 0.109528 ms)
[03/03/2026-11:06:13] [I] Average on 10 runs - GPU latency: 0.177216 ms - Host latency: 0.177216 ms (enqueue 0.107043 ms)
[03/03/2026-11:06:13] [I] Average on 10 runs - GPU latency: 0.177881 ms - Host latency: 0.177881 ms (enqueue 0.104279 ms)
[03/03/2026-11:06:13] [I] Average on 10 runs - GPU latency: 0.176416 ms - Host latency: 0.176416 ms (enqueue 0.10531 ms)
[03/03/2026-11:06:13] [I] Average on 10 runs - GPU latency: 0.176593 ms - Host latency: 0.176593 ms (enqueue 0.104083 ms)
[03/03/2026-11:06:13] [I] Average on 10 runs - GPU latency: 0.177533 ms - Host latency: 0.177533 ms (enqueue 0.103918 ms)
[03/03/2026-11:06:13] [I] Average on 10 runs - GPU latency: 0.177789 ms - Host latency: 0.177789 ms (enqueue 0.105164 ms)
[03/03/2026-11:06:13] [I] Average on 10 runs - GPU latency: 0.176349 ms - Host latency: 0.176349 ms (enqueue 0.106873 ms)
[03/03/2026-11:06:13] [I] Average on 10 runs - GPU latency: 0.177618 ms - Host latency: 0.177618 ms (enqueue 0.103638 ms)
[03/03/2026-11:06:13] [I] Average on 10 runs - GPU latency: 0.177539 ms - Host latency: 0.177539 ms (enqueue 0.108844 ms)
[03/03/2026-11:06:13] [I] Average on 10 runs - GPU latency: 0.177521 ms - Host latency: 0.177521 ms (enqueue 0.104779 ms)
[03/03/2026-11:06:13] [I] Average on 10 runs - GPU latency: 0.177557 ms - Host latency: 0.177557 ms (enqueue 0.106378 ms)
[03/03/2026-11:06:13] [I] Average on 10 runs - GPU latency: 0.1784 ms - Host latency: 0.1784 ms (enqueue 0.106183 ms)
[03/03/2026-11:06:13] [I] Average on 10 runs - GPU latency: 0.177313 ms - Host latency: 0.177313 ms (enqueue 0.106006 ms)
[03/03/2026-11:06:13] [I] Average on 10 runs - GPU latency: 0.17652 ms - Host latency: 0.17652 ms (enqueue 0.105719 ms)
[03/03/2026-11:06:13] [I] Average on 10 runs - GPU latency: 0.176721 ms - Host latency: 0.176721 ms (enqueue 0.105109 ms)
[03/03/2026-11:06:13] [I] Average on 10 runs - GPU latency: 0.176892 ms - Host latency: 0.176892 ms (enqueue 0.110278 ms)
[03/03/2026-11:06:13] [I] Average on 10 runs - GPU latency: 0.178284 ms - Host latency: 0.178284 ms (enqueue 0.106677 ms)
[03/03/2026-11:06:13] [I] Average on 10 runs - GPU latency: 0.17724 ms - Host latency: 0.17724 ms (enqueue 0.105524 ms)
[03/03/2026-11:06:13] [I] Average on 10 runs - GPU latency: 0.177167 ms - Host latency: 0.177167 ms (enqueue 0.105865 ms)
[03/03/2026-11:06:13] [I] Average on 10 runs - GPU latency: 0.178357 ms - Host latency: 0.178357 ms (enqueue 0.10542 ms)
[03/03/2026-11:06:13] [I] Average on 10 runs - GPU latency: 0.177484 ms - Host latency: 0.177484 ms (enqueue 0.106396 ms)
[03/03/2026-11:06:13] [I] Average on 10 runs - GPU latency: 0.178882 ms - Host latency: 0.178882 ms (enqueue 0.10365 ms)
[03/03/2026-11:06:13] [I] Average on 10 runs - GPU latency: 0.176965 ms - Host latency: 0.176965 ms (enqueue 0.108759 ms)
[03/03/2026-11:06:13] [I] Average on 10 runs - GPU latency: 0.177533 ms - Host latency: 0.177533 ms (enqueue 0.105402 ms)
[03/03/2026-11:06:13] [I] Average on 10 runs - GPU latency: 0.176428 ms - Host latency: 0.176428 ms (enqueue 0.106592 ms)
[03/03/2026-11:06:13] [I] Average on 10 runs - GPU latency: 0.177563 ms - Host latency: 0.177563 ms (enqueue 0.104578 ms)
[03/03/2026-11:06:13] [I] Average on 10 runs - GPU latency: 0.177722 ms - Host latency: 0.177722 ms (enqueue 0.10257 ms)
[03/03/2026-11:06:13] [I] Average on 10 runs - GPU latency: 0.177057 ms - Host latency: 0.177057 ms (enqueue 0.104669 ms)
[03/03/2026-11:06:13] [I] Average on 10 runs - GPU latency: 0.176044 ms - Host latency: 0.176044 ms (enqueue 0.104938 ms)
[03/03/2026-11:06:13] [I] Average on 10 runs - GPU latency: 0.178369 ms - Host latency: 0.178369 ms (enqueue 0.101782 ms)
[03/03/2026-11:06:13] [I] Average on 10 runs - GPU latency: 0.176166 ms - Host latency: 0.176166 ms (enqueue 0.1047 ms)
[03/03/2026-11:06:13] [I] Average on 10 runs - GPU latency: 0.177789 ms - Host latency: 0.177789 ms (enqueue 0.101917 ms)
[03/03/2026-11:06:13] [I] Average on 10 runs - GPU latency: 0.177747 ms - Host latency: 0.177747 ms (enqueue 0.100378 ms)
[03/03/2026-11:06:13] [I] Average on 10 runs - GPU latency: 0.177173 ms - Host latency: 0.177173 ms (enqueue 0.104517 ms)
[03/03/2026-11:06:13] [I] Average on 10 runs - GPU latency: 0.178394 ms - Host latency: 0.178394 ms (enqueue 0.103528 ms)
[03/03/2026-11:06:13] [I] Average on 10 runs - GPU latency: 0.179333 ms - Host latency: 0.179333 ms (enqueue 0.101721 ms)
[03/03/2026-11:06:13] [I] Average on 10 runs - GPU latency: 0.178784 ms - Host latency: 0.178784 ms (enqueue 0.100098 ms)
[03/03/2026-11:06:13] [I] Average on 10 runs - GPU latency: 0.177966 ms - Host latency: 0.177966 ms (enqueue 0.105774 ms)
[03/03/2026-11:06:13] [I] Average on 10 runs - GPU latency: 0.177832 ms - Host latency: 0.177832 ms (enqueue 0.0982544 ms)
[03/03/2026-11:06:13] [I] Average on 10 runs - GPU latency: 0.17655 ms - Host latency: 0.17655 ms (enqueue 0.105188 ms)
[03/03/2026-11:06:13] [I] Average on 10 runs - GPU latency: 0.177112 ms - Host latency: 0.177112 ms (enqueue 0.104041 ms)
[03/03/2026-11:06:13] [I] Average on 10 runs - GPU latency: 0.178479 ms - Host latency: 0.178479 ms (enqueue 0.100525 ms)
[03/03/2026-11:06:13] [I] Average on 10 runs - GPU latency: 0.177063 ms - Host latency: 0.177063 ms (enqueue 0.101367 ms)
[03/03/2026-11:06:13] [I] Average on 10 runs - GPU latency: 0.178564 ms - Host latency: 0.178564 ms (enqueue 0.0990723 ms)
[03/03/2026-11:06:13] [I] Average on 10 runs - GPU latency: 0.17793 ms - Host latency: 0.17793 ms (enqueue 0.101282 ms)
[03/03/2026-11:06:13] [I] Average on 10 runs - GPU latency: 0.178113 ms - Host latency: 0.178113 ms (enqueue 0.10437 ms)
[03/03/2026-11:06:13] [I] Average on 10 runs - GPU latency: 0.1776 ms - Host latency: 0.1776 ms (enqueue 0.103198 ms)
[03/03/2026-11:06:13] [I] Average on 10 runs - GPU latency: 0.178809 ms - Host latency: 0.178809 ms (enqueue 0.0984985 ms)
[03/03/2026-11:06:13] [I] Average on 10 runs - GPU latency: 0.175903 ms - Host latency: 0.175903 ms (enqueue 0.103687 ms)
[03/03/2026-11:06:13] [I] Average on 10 runs - GPU latency: 0.17804 ms - Host latency: 0.17804 ms (enqueue 0.104199 ms)
[03/03/2026-11:06:13] [I] Average on 10 runs - GPU latency: 0.178455 ms - Host latency: 0.178455 ms (enqueue 0.103564 ms)
[03/03/2026-11:06:13] [I] Average on 10 runs - GPU latency: 0.177722 ms - Host latency: 0.177722 ms (enqueue 0.103003 ms)
[03/03/2026-11:06:13] [I] Average on 10 runs - GPU latency: 0.178052 ms - Host latency: 0.178052 ms (enqueue 0.105823 ms)
[03/03/2026-11:06:13] [I] Average on 10 runs - GPU latency: 0.178088 ms - Host latency: 0.178088 ms (enqueue 0.103174 ms)
[03/03/2026-11:06:13] [I] Average on 10 runs - GPU latency: 0.176526 ms - Host latency: 0.176526 ms (enqueue 0.104614 ms)
[03/03/2026-11:06:13] [I] Average on 10 runs - GPU latency: 0.178491 ms - Host latency: 0.178491 ms (enqueue 0.102649 ms)
[03/03/2026-11:06:13] [I] Average on 10 runs - GPU latency: 0.178064 ms - Host latency: 0.178064 ms (enqueue 0.101196 ms)
[03/03/2026-11:06:13] [I] Average on 10 runs - GPU latency: 0.17655 ms - Host latency: 0.17655 ms (enqueue 0.104944 ms)
[03/03/2026-11:06:13] [I] Average on 10 runs - GPU latency: 0.177441 ms - Host latency: 0.177441 ms (enqueue 0.102087 ms)
[03/03/2026-11:06:13] [I] Average on 10 runs - GPU latency: 0.178577 ms - Host latency: 0.178577 ms (enqueue 0.10376 ms)
[03/03/2026-11:06:13] [I] Average on 10 runs - GPU latency: 0.178516 ms - Host latency: 0.178516 ms (enqueue 0.100574 ms)
[03/03/2026-11:06:13] [I] Average on 10 runs - GPU latency: 0.176245 ms - Host latency: 0.176245 ms (enqueue 0.103625 ms)
[03/03/2026-11:06:13] [I] Average on 10 runs - GPU latency: 0.17594 ms - Host latency: 0.17594 ms (enqueue 0.10686 ms)
[03/03/2026-11:06:13] [I] Average on 10 runs - GPU latency: 0.176904 ms - Host latency: 0.176904 ms (enqueue 0.10614 ms)
[03/03/2026-11:06:13] [I] Average on 10 runs - GPU latency: 0.176318 ms - Host latency: 0.176318 ms (enqueue 0.105627 ms)
[03/03/2026-11:06:13] [I] Average on 10 runs - GPU latency: 0.177246 ms - Host latency: 0.177246 ms (enqueue 0.104602 ms)
[03/03/2026-11:06:13] [I] Average on 10 runs - GPU latency: 0.177026 ms - Host latency: 0.177026 ms (enqueue 0.107593 ms)
[03/03/2026-11:06:13] [I] Average on 10 runs - GPU latency: 0.177124 ms - Host latency: 0.177124 ms (enqueue 0.106982 ms)
[03/03/2026-11:06:13] [I] Average on 10 runs - GPU latency: 0.177002 ms - Host latency: 0.177002 ms (enqueue 0.103809 ms)
[03/03/2026-11:06:13] [I] Average on 10 runs - GPU latency: 0.177026 ms - Host latency: 0.177026 ms (enqueue 0.109265 ms)
[03/03/2026-11:06:13] [I] Average on 10 runs - GPU latency: 0.177075 ms - Host latency: 0.177075 ms (enqueue 0.104785 ms)
[03/03/2026-11:06:13] [I] Average on 10 runs - GPU latency: 0.177686 ms - Host latency: 0.177686 ms (enqueue 0.104895 ms)
[03/03/2026-11:06:13] [I] Average on 10 runs - GPU latency: 0.176147 ms - Host latency: 0.176147 ms (enqueue 0.104077 ms)
[03/03/2026-11:06:13] [I] Average on 10 runs - GPU latency: 0.176929 ms - Host latency: 0.176929 ms (enqueue 0.106946 ms)
[03/03/2026-11:06:13] [I] Average on 10 runs - GPU latency: 0.178223 ms - Host latency: 0.178223 ms (enqueue 0.105176 ms)
[03/03/2026-11:06:13] [I] Average on 10 runs - GPU latency: 0.177917 ms - Host latency: 0.177917 ms (enqueue 0.105042 ms)
[03/03/2026-11:06:13] [I] Average on 10 runs - GPU latency: 0.17699 ms - Host latency: 0.17699 ms (enqueue 0.106055 ms)
[03/03/2026-11:06:13] [I] Average on 10 runs - GPU latency: 0.177808 ms - Host latency: 0.177808 ms (enqueue 0.103418 ms)
[03/03/2026-11:06:13] [I] Average on 10 runs - GPU latency: 0.176819 ms - Host latency: 0.176819 ms (enqueue 0.105566 ms)
[03/03/2026-11:06:13] [I] Average on 10 runs - GPU latency: 0.176453 ms - Host latency: 0.176453 ms (enqueue 0.104382 ms)
[03/03/2026-11:06:13] [I] Average on 10 runs - GPU latency: 0.175891 ms - Host latency: 0.175891 ms (enqueue 0.107568 ms)
[03/03/2026-11:06:13] [I] Average on 10 runs - GPU latency: 0.176709 ms - Host latency: 0.176709 ms (enqueue 0.105127 ms)
[03/03/2026-11:06:13] [I] Average on 10 runs - GPU latency: 0.177441 ms - Host latency: 0.177441 ms (enqueue 0.107275 ms)
[03/03/2026-11:06:13] [I] Average on 10 runs - GPU latency: 0.176245 ms - Host latency: 0.176245 ms (enqueue 0.103076 ms)
[03/03/2026-11:06:13] [I] Average on 10 runs - GPU latency: 0.17854 ms - Host latency: 0.17854 ms (enqueue 0.101843 ms)
[03/03/2026-11:06:13] [I] Average on 10 runs - GPU latency: 0.177966 ms - Host latency: 0.177966 ms (enqueue 0.104626 ms)
[03/03/2026-11:06:13] [I] Average on 10 runs - GPU latency: 0.176538 ms - Host latency: 0.176538 ms (enqueue 0.105005 ms)
[03/03/2026-11:06:13] [I] Average on 10 runs - GPU latency: 0.175891 ms - Host latency: 0.175891 ms (enqueue 0.103833 ms)
[03/03/2026-11:06:13] [I] Average on 10 runs - GPU latency: 0.17749 ms - Host latency: 0.17749 ms (enqueue 0.101318 ms)
[03/03/2026-11:06:13] [I] Average on 10 runs - GPU latency: 0.177576 ms - Host latency: 0.177576 ms (enqueue 0.108313 ms)
[03/03/2026-11:06:13] [I] Average on 10 runs - GPU latency: 0.178027 ms - Host latency: 0.178027 ms (enqueue 0.106641 ms)
[03/03/2026-11:06:13] [I] Average on 10 runs - GPU latency: 0.177637 ms - Host latency: 0.177637 ms (enqueue 0.101648 ms)
[03/03/2026-11:06:13] [I] Average on 10 runs - GPU latency: 0.178308 ms - Host latency: 0.178308 ms (enqueue 0.10105 ms)
[03/03/2026-11:06:13] [I] Average on 10 runs - GPU latency: 0.177222 ms - Host latency: 0.177222 ms (enqueue 0.103223 ms)
[03/03/2026-11:06:13] [I] Average on 10 runs - GPU latency: 0.178064 ms - Host latency: 0.178064 ms (enqueue 0.102148 ms)
[03/03/2026-11:06:13] [I] Average on 10 runs - GPU latency: 0.177698 ms - Host latency: 0.177698 ms (enqueue 0.10929 ms)
[03/03/2026-11:06:13] [I] Average on 10 runs - GPU latency: 0.177637 ms - Host latency: 0.177637 ms (enqueue 0.104919 ms)
[03/03/2026-11:06:13] [I] Average on 10 runs - GPU latency: 0.176111 ms - Host latency: 0.176111 ms (enqueue 0.103674 ms)
[03/03/2026-11:06:13] [I] Average on 10 runs - GPU latency: 0.178247 ms - Host latency: 0.178247 ms (enqueue 0.104895 ms)
[03/03/2026-11:06:13] [I] Average on 10 runs - GPU latency: 0.178137 ms - Host latency: 0.178137 ms (enqueue 0.100977 ms)
[03/03/2026-11:06:13] [I] Average on 10 runs - GPU latency: 0.178467 ms - Host latency: 0.178467 ms (enqueue 0.103687 ms)
[03/03/2026-11:06:13] [I] Average on 10 runs - GPU latency: 0.179053 ms - Host latency: 0.179053 ms (enqueue 0.1021 ms)
[03/03/2026-11:06:13] [I] Average on 10 runs - GPU latency: 0.176782 ms - Host latency: 0.176782 ms (enqueue 0.104675 ms)
[03/03/2026-11:06:13] [I] Average on 10 runs - GPU latency: 0.177551 ms - Host latency: 0.177551 ms (enqueue 0.105298 ms)
[03/03/2026-11:06:13] [I] Average on 10 runs - GPU latency: 0.177209 ms - Host latency: 0.177209 ms (enqueue 0.103967 ms)
[03/03/2026-11:06:13] [I] Average on 10 runs - GPU latency: 0.177356 ms - Host latency: 0.177356 ms (enqueue 0.105029 ms)
[03/03/2026-11:06:13] [I] Average on 10 runs - GPU latency: 0.176819 ms - Host latency: 0.176819 ms (enqueue 0.103003 ms)
[03/03/2026-11:06:13] [I] Average on 10 runs - GPU latency: 0.178088 ms - Host latency: 0.178088 ms (enqueue 0.102771 ms)
[03/03/2026-11:06:13] [I] Average on 10 runs - GPU latency: 0.176636 ms - Host latency: 0.176636 ms (enqueue 0.102551 ms)
[03/03/2026-11:06:13] [I] Average on 10 runs - GPU latency: 0.219446 ms - Host latency: 0.219446 ms (enqueue 0.101746 ms)
[03/03/2026-11:06:13] [I] Average on 10 runs - GPU latency: 0.178784 ms - Host latency: 0.178784 ms (enqueue 0.101758 ms)
[03/03/2026-11:06:13] [I] Average on 10 runs - GPU latency: 0.177771 ms - Host latency: 0.177771 ms (enqueue 0.104102 ms)
[03/03/2026-11:06:13] [I] Average on 10 runs - GPU latency: 0.177832 ms - Host latency: 0.177832 ms (enqueue 0.102173 ms)
[03/03/2026-11:06:13] [I] Average on 10 runs - GPU latency: 0.17666 ms - Host latency: 0.17666 ms (enqueue 0.104932 ms)
[03/03/2026-11:06:13] [I] Average on 10 runs - GPU latency: 0.178918 ms - Host latency: 0.178918 ms (enqueue 0.100464 ms)
[03/03/2026-11:06:13] [I] Average on 10 runs - GPU latency: 0.177734 ms - Host latency: 0.177734 ms (enqueue 0.103357 ms)
[03/03/2026-11:06:13] [I] Average on 10 runs - GPU latency: 0.177332 ms - Host latency: 0.177332 ms (enqueue 0.104687 ms)
[03/03/2026-11:06:13] [I] Average on 10 runs - GPU latency: 0.177393 ms - Host latency: 0.177393 ms (enqueue 0.102441 ms)
[03/03/2026-11:06:13] [I] Average on 10 runs - GPU latency: 0.178418 ms - Host latency: 0.178418 ms (enqueue 0.103015 ms)
[03/03/2026-11:06:13] [I] Average on 10 runs - GPU latency: 0.176563 ms - Host latency: 0.176563 ms (enqueue 0.1073 ms)
[03/03/2026-11:06:13] [I] Average on 10 runs - GPU latency: 0.176172 ms - Host latency: 0.176172 ms (enqueue 0.105249 ms)
[03/03/2026-11:06:13] [I] Average on 10 runs - GPU latency: 0.178455 ms - Host latency: 0.178455 ms (enqueue 0.105078 ms)
[03/03/2026-11:06:13] [I] Average on 10 runs - GPU latency: 0.177905 ms - Host latency: 0.177905 ms (enqueue 0.105444 ms)
[03/03/2026-11:06:13] [I] Average on 10 runs - GPU latency: 0.177332 ms - Host latency: 0.177332 ms (enqueue 0.104724 ms)
[03/03/2026-11:06:13] [I] Average on 10 runs - GPU latency: 0.175928 ms - Host latency: 0.175928 ms (enqueue 0.106177 ms)
[03/03/2026-11:06:13] [I] Average on 10 runs - GPU latency: 0.175781 ms - Host latency: 0.175781 ms (enqueue 0.10614 ms)
[03/03/2026-11:06:13] [I] Average on 10 runs - GPU latency: 0.176697 ms - Host latency: 0.176697 ms (enqueue 0.108203 ms)
[03/03/2026-11:06:13] [I] Average on 10 runs - GPU latency: 0.178491 ms - Host latency: 0.178491 ms (enqueue 0.102979 ms)
[03/03/2026-11:06:13] [I] Average on 10 runs - GPU latency: 0.176599 ms - Host latency: 0.176599 ms (enqueue 0.104749 ms)
[03/03/2026-11:06:13] [I] Average on 10 runs - GPU latency: 0.176306 ms - Host latency: 0.176306 ms (enqueue 0.106763 ms)
[03/03/2026-11:06:13] [I] Average on 10 runs - GPU latency: 0.177307 ms - Host latency: 0.177307 ms (enqueue 0.104358 ms)
[03/03/2026-11:06:13] [I] Average on 10 runs - GPU latency: 0.176648 ms - Host latency: 0.176648 ms (enqueue 0.106909 ms)
[03/03/2026-11:06:13] [I] Average on 10 runs - GPU latency: 0.176538 ms - Host latency: 0.176538 ms (enqueue 0.106921 ms)
[03/03/2026-11:06:13] [I] Average on 10 runs - GPU latency: 0.176648 ms - Host latency: 0.176648 ms (enqueue 0.10863 ms)
[03/03/2026-11:06:13] [I] Average on 10 runs - GPU latency: 0.176685 ms - Host latency: 0.176685 ms (enqueue 0.105457 ms)
[03/03/2026-11:06:13] [I] Average on 10 runs - GPU latency: 0.175891 ms - Host latency: 0.175891 ms (enqueue 0.106226 ms)
[03/03/2026-11:06:13] [I] Average on 10 runs - GPU latency: 0.175806 ms - Host latency: 0.175806 ms (enqueue 0.107581 ms)
[03/03/2026-11:06:13] [I] Average on 10 runs - GPU latency: 0.176758 ms - Host latency: 0.176758 ms (enqueue 0.108545 ms)
[03/03/2026-11:06:13] [I] Average on 10 runs - GPU latency: 0.176929 ms - Host latency: 0.176929 ms (enqueue 0.108667 ms)
[03/03/2026-11:06:13] [I] Average on 10 runs - GPU latency: 0.177344 ms - Host latency: 0.177344 ms (enqueue 0.105566 ms)
[03/03/2026-11:06:13] [I] Average on 10 runs - GPU latency: 0.176758 ms - Host latency: 0.176758 ms (enqueue 0.107959 ms)
[03/03/2026-11:06:13] [I] Average on 10 runs - GPU latency: 0.177283 ms - Host latency: 0.177283 ms (enqueue 0.105688 ms)
[03/03/2026-11:06:13] [I] Average on 10 runs - GPU latency: 0.178186 ms - Host latency: 0.178186 ms (enqueue 0.105884 ms)
[03/03/2026-11:06:13] [I] Average on 10 runs - GPU latency: 0.177661 ms - Host latency: 0.177661 ms (enqueue 0.105249 ms)
[03/03/2026-11:06:13] [I] Average on 10 runs - GPU latency: 0.17627 ms - Host latency: 0.17627 ms (enqueue 0.103992 ms)
[03/03/2026-11:06:13] [I] Average on 10 runs - GPU latency: 0.177209 ms - Host latency: 0.177209 ms (enqueue 0.104517 ms)
[03/03/2026-11:06:13] [I] Average on 10 runs - GPU latency: 0.178369 ms - Host latency: 0.178369 ms (enqueue 0.104858 ms)
[03/03/2026-11:06:13] [I] Average on 10 runs - GPU latency: 0.176843 ms - Host latency: 0.176843 ms (enqueue 0.104333 ms)
[03/03/2026-11:06:13] [I] Average on 10 runs - GPU latency: 0.178247 ms - Host latency: 0.178247 ms (enqueue 0.103064 ms)
[03/03/2026-11:06:13] [I] Average on 10 runs - GPU latency: 0.176514 ms - Host latency: 0.176514 ms (enqueue 0.104797 ms)
[03/03/2026-11:06:13] [I] Average on 10 runs - GPU latency: 0.176929 ms - Host latency: 0.176929 ms (enqueue 0.105029 ms)
[03/03/2026-11:06:13] [I] Average on 10 runs - GPU latency: 0.176563 ms - Host latency: 0.176563 ms (enqueue 0.104797 ms)
[03/03/2026-11:06:13] [I] Average on 10 runs - GPU latency: 0.176245 ms - Host latency: 0.176245 ms (enqueue 0.103833 ms)
[03/03/2026-11:06:13] [I] Average on 10 runs - GPU latency: 0.177429 ms - Host latency: 0.177429 ms (enqueue 0.105811 ms)
[03/03/2026-11:06:13] [I] Average on 10 runs - GPU latency: 0.176575 ms - Host latency: 0.176575 ms (enqueue 0.105066 ms)
[03/03/2026-11:06:13] [I] Average on 10 runs - GPU latency: 0.178442 ms - Host latency: 0.178442 ms (enqueue 0.101746 ms)
[03/03/2026-11:06:13] [I] Average on 10 runs - GPU latency: 0.177002 ms - Host latency: 0.177002 ms (enqueue 0.105713 ms)
[03/03/2026-11:06:13] [I] Average on 10 runs - GPU latency: 0.177673 ms - Host latency: 0.177673 ms (enqueue 0.104785 ms)
[03/03/2026-11:06:13] [I] Average on 10 runs - GPU latency: 0.176892 ms - Host latency: 0.176892 ms (enqueue 0.106458 ms)
[03/03/2026-11:06:13] [I] Average on 10 runs - GPU latency: 0.176306 ms - Host latency: 0.176306 ms (enqueue 0.105566 ms)
[03/03/2026-11:06:13] [I] Average on 10 runs - GPU latency: 0.178052 ms - Host latency: 0.178052 ms (enqueue 0.105371 ms)
[03/03/2026-11:06:13] [I] Average on 10 runs - GPU latency: 0.178564 ms - Host latency: 0.178564 ms (enqueue 0.102625 ms)
[03/03/2026-11:06:13] [I] Average on 10 runs - GPU latency: 0.177917 ms - Host latency: 0.177917 ms (enqueue 0.105908 ms)
[03/03/2026-11:06:13] [I] Average on 10 runs - GPU latency: 0.177026 ms - Host latency: 0.177026 ms (enqueue 0.105554 ms)
[03/03/2026-11:06:13] [I] Average on 10 runs - GPU latency: 0.178369 ms - Host latency: 0.178369 ms (enqueue 0.104053 ms)
[03/03/2026-11:06:13] [I] Average on 10 runs - GPU latency: 0.175708 ms - Host latency: 0.175708 ms (enqueue 0.104456 ms)
[03/03/2026-11:06:13] [I] Average on 10 runs - GPU latency: 0.179126 ms - Host latency: 0.179126 ms (enqueue 0.103906 ms)
[03/03/2026-11:06:13] [I] Average on 10 runs - GPU latency: 0.17749 ms - Host latency: 0.17749 ms (enqueue 0.10531 ms)
[03/03/2026-11:06:13] [I] Average on 10 runs - GPU latency: 0.176794 ms - Host latency: 0.176794 ms (enqueue 0.105078 ms)
[03/03/2026-11:06:13] [I] Average on 10 runs - GPU latency: 0.17677 ms - Host latency: 0.17677 ms (enqueue 0.108484 ms)
[03/03/2026-11:06:13] [I] Average on 10 runs - GPU latency: 0.176001 ms - Host latency: 0.176001 ms (enqueue 0.106213 ms)
[03/03/2026-11:06:13] [I] Average on 10 runs - GPU latency: 0.176978 ms - Host latency: 0.176978 ms (enqueue 0.104541 ms)
[03/03/2026-11:06:13] [I] Average on 10 runs - GPU latency: 0.17655 ms - Host latency: 0.17655 ms (enqueue 0.104956 ms)
[03/03/2026-11:06:13] [I] Average on 10 runs - GPU latency: 0.176648 ms - Host latency: 0.176648 ms (enqueue 0.106787 ms)
[03/03/2026-11:06:13] [I] Average on 10 runs - GPU latency: 0.177136 ms - Host latency: 0.177136 ms (enqueue 0.106055 ms)
[03/03/2026-11:06:13] [I] Average on 10 runs - GPU latency: 0.175671 ms - Host latency: 0.175671 ms (enqueue 0.105347 ms)
[03/03/2026-11:06:13] [I] Average on 10 runs - GPU latency: 0.177014 ms - Host latency: 0.177014 ms (enqueue 0.107239 ms)
[03/03/2026-11:06:13] [I] Average on 10 runs - GPU latency: 0.177832 ms - Host latency: 0.177832 ms (enqueue 0.10542 ms)
[03/03/2026-11:06:13] [I] Average on 10 runs - GPU latency: 0.17926 ms - Host latency: 0.17926 ms (enqueue 0.10238 ms)
[03/03/2026-11:06:13] [I] Average on 10 runs - GPU latency: 0.177844 ms - Host latency: 0.177844 ms (enqueue 0.103845 ms)
[03/03/2026-11:06:13] [I] Average on 10 runs - GPU latency: 0.175378 ms - Host latency: 0.175378 ms (enqueue 0.107031 ms)
[03/03/2026-11:06:13] [I] Average on 10 runs - GPU latency: 0.176501 ms - Host latency: 0.176501 ms (enqueue 0.104297 ms)
[03/03/2026-11:06:13] [I] Average on 10 runs - GPU latency: 0.17738 ms - Host latency: 0.17738 ms (enqueue 0.106689 ms)
[03/03/2026-11:06:13] [I] Average on 10 runs - GPU latency: 0.175635 ms - Host latency: 0.175635 ms (enqueue 0.106873 ms)
[03/03/2026-11:06:13] [I] Average on 10 runs - GPU latency: 0.177136 ms - Host latency: 0.177136 ms (enqueue 0.108142 ms)
[03/03/2026-11:06:13] [I] Average on 10 runs - GPU latency: 0.175879 ms - Host latency: 0.175879 ms (enqueue 0.106616 ms)
[03/03/2026-11:06:13] [I] Average on 10 runs - GPU latency: 0.178613 ms - Host latency: 0.178613 ms (enqueue 0.10321 ms)
[03/03/2026-11:06:13] [I] Average on 10 runs - GPU latency: 0.176355 ms - Host latency: 0.176355 ms (enqueue 0.108105 ms)
[03/03/2026-11:06:13] [I] Average on 10 runs - GPU latency: 0.177112 ms - Host latency: 0.177112 ms (enqueue 0.103564 ms)
[03/03/2026-11:06:13] [I] Average on 10 runs - GPU latency: 0.177649 ms - Host latency: 0.177649 ms (enqueue 0.105103 ms)
[03/03/2026-11:06:13] [I] Average on 10 runs - GPU latency: 0.17677 ms - Host latency: 0.17677 ms (enqueue 0.105566 ms)
[03/03/2026-11:06:13] [I] Average on 10 runs - GPU latency: 0.17666 ms - Host latency: 0.17666 ms (enqueue 0.108008 ms)
[03/03/2026-11:06:13] [I] Average on 10 runs - GPU latency: 0.17749 ms - Host latency: 0.17749 ms (enqueue 0.104175 ms)
[03/03/2026-11:06:13] [I] Average on 10 runs - GPU latency: 0.177222 ms - Host latency: 0.177222 ms (enqueue 0.105371 ms)
[03/03/2026-11:06:13] [I] Average on 10 runs - GPU latency: 0.177063 ms - Host latency: 0.177063 ms (enqueue 0.104565 ms)
[03/03/2026-11:06:13] [I] Average on 10 runs - GPU latency: 0.176721 ms - Host latency: 0.176721 ms (enqueue 0.106165 ms)
[03/03/2026-11:06:13] [I] Average on 10 runs - GPU latency: 0.176099 ms - Host latency: 0.176099 ms (enqueue 0.105774 ms)
[03/03/2026-11:06:13] [I] Average on 10 runs - GPU latency: 0.177905 ms - Host latency: 0.177905 ms (enqueue 0.107996 ms)
[03/03/2026-11:06:13] [I] Average on 10 runs - GPU latency: 0.175842 ms - Host latency: 0.175842 ms (enqueue 0.107263 ms)
[03/03/2026-11:06:13] [I] Average on 10 runs - GPU latency: 0.176208 ms - Host latency: 0.176208 ms (enqueue 0.107141 ms)
[03/03/2026-11:06:13] [I] Average on 10 runs - GPU latency: 0.178027 ms - Host latency: 0.178027 ms (enqueue 0.10343 ms)
[03/03/2026-11:06:13] [I] Average on 10 runs - GPU latency: 0.177856 ms - Host latency: 0.177856 ms (enqueue 0.10719 ms)
[03/03/2026-11:06:13] [I] Average on 10 runs - GPU latency: 0.175696 ms - Host latency: 0.175696 ms (enqueue 0.106555 ms)
[03/03/2026-11:06:13] [I] Average on 10 runs - GPU latency: 0.176819 ms - Host latency: 0.176819 ms (enqueue 0.104175 ms)
[03/03/2026-11:06:13] [I] Average on 10 runs - GPU latency: 0.177588 ms - Host latency: 0.177588 ms (enqueue 0.103271 ms)
[03/03/2026-11:06:13] [I] Average on 10 runs - GPU latency: 0.178223 ms - Host latency: 0.178223 ms (enqueue 0.104236 ms)
[03/03/2026-11:06:13] [I] Average on 10 runs - GPU latency: 0.177148 ms - Host latency: 0.177148 ms (enqueue 0.105823 ms)
[03/03/2026-11:06:13] [I] Average on 10 runs - GPU latency: 0.178503 ms - Host latency: 0.178503 ms (enqueue 0.104211 ms)
[03/03/2026-11:06:13] [I] Average on 10 runs - GPU latency: 0.177124 ms - Host latency: 0.177124 ms (enqueue 0.104065 ms)
[03/03/2026-11:06:13] [I] Average on 10 runs - GPU latency: 0.176489 ms - Host latency: 0.176489 ms (enqueue 0.105457 ms)
[03/03/2026-11:06:13] [I] Average on 10 runs - GPU latency: 0.177783 ms - Host latency: 0.177783 ms (enqueue 0.103162 ms)
[03/03/2026-11:06:13] [I] Average on 10 runs - GPU latency: 0.176709 ms - Host latency: 0.176709 ms (enqueue 0.109021 ms)
[03/03/2026-11:06:13] [I] Average on 10 runs - GPU latency: 0.176648 ms - Host latency: 0.176648 ms (enqueue 0.106555 ms)
[03/03/2026-11:06:13] [I] Average on 10 runs - GPU latency: 0.17804 ms - Host latency: 0.17804 ms (enqueue 0.105835 ms)
[03/03/2026-11:06:13] [I] Average on 10 runs - GPU latency: 0.176831 ms - Host latency: 0.176831 ms (enqueue 0.104443 ms)
[03/03/2026-11:06:13] [I] Average on 10 runs - GPU latency: 0.176587 ms - Host latency: 0.176587 ms (enqueue 0.103247 ms)
[03/03/2026-11:06:13] [I] Average on 10 runs - GPU latency: 0.177222 ms - Host latency: 0.177222 ms (enqueue 0.103589 ms)
[03/03/2026-11:06:13] [I] Average on 10 runs - GPU latency: 0.176392 ms - Host latency: 0.176392 ms (enqueue 0.104932 ms)
[03/03/2026-11:06:13] [I] Average on 10 runs - GPU latency: 0.176306 ms - Host latency: 0.176306 ms (enqueue 0.10426 ms)
[03/03/2026-11:06:13] [I] Average on 10 runs - GPU latency: 0.177771 ms - Host latency: 0.177771 ms (enqueue 0.107092 ms)
[03/03/2026-11:06:13] [I] Average on 10 runs - GPU latency: 0.176733 ms - Host latency: 0.176733 ms (enqueue 0.106592 ms)
[03/03/2026-11:06:13] [I] Average on 10 runs - GPU latency: 0.177625 ms - Host latency: 0.177625 ms (enqueue 0.105981 ms)
[03/03/2026-11:06:13] [I] Average on 10 runs - GPU latency: 0.17876 ms - Host latency: 0.17876 ms (enqueue 0.103564 ms)
[03/03/2026-11:06:13] [I] Average on 10 runs - GPU latency: 0.177063 ms - Host latency: 0.177063 ms (enqueue 0.10343 ms)
[03/03/2026-11:06:13] [I] Average on 10 runs - GPU latency: 0.177588 ms - Host latency: 0.177588 ms (enqueue 0.104822 ms)
[03/03/2026-11:06:13] [I] Average on 10 runs - GPU latency: 0.177185 ms - Host latency: 0.177185 ms (enqueue 0.10647 ms)
[03/03/2026-11:06:13] [I] Average on 10 runs - GPU latency: 0.176941 ms - Host latency: 0.176941 ms (enqueue 0.103479 ms)
[03/03/2026-11:06:13] [I] Average on 10 runs - GPU latency: 0.17782 ms - Host latency: 0.17782 ms (enqueue 0.101538 ms)
[03/03/2026-11:06:13] [I] Average on 10 runs - GPU latency: 0.177466 ms - Host latency: 0.177466 ms (enqueue 0.103992 ms)
[03/03/2026-11:06:13] [I] Average on 10 runs - GPU latency: 0.177246 ms - Host latency: 0.177246 ms (enqueue 0.102966 ms)
[03/03/2026-11:06:13] [I] Average on 10 runs - GPU latency: 0.176819 ms - Host latency: 0.176819 ms (enqueue 0.105176 ms)
[03/03/2026-11:06:13] [I] Average on 10 runs - GPU latency: 0.178674 ms - Host latency: 0.178674 ms (enqueue 0.105981 ms)
[03/03/2026-11:06:13] [I] Average on 10 runs - GPU latency: 0.177368 ms - Host latency: 0.177368 ms (enqueue 0.103455 ms)
[03/03/2026-11:06:13] [I] Average on 10 runs - GPU latency: 0.176648 ms - Host latency: 0.176648 ms (enqueue 0.104675 ms)
[03/03/2026-11:06:13] [I] Average on 10 runs - GPU latency: 0.179553 ms - Host latency: 0.179553 ms (enqueue 0.10437 ms)
[03/03/2026-11:06:13] [I] Average on 10 runs - GPU latency: 0.176526 ms - Host latency: 0.176526 ms (enqueue 0.103516 ms)
[03/03/2026-11:06:13] [I] Average on 10 runs - GPU latency: 0.176855 ms - Host latency: 0.176855 ms (enqueue 0.106897 ms)
[03/03/2026-11:06:13] [I] Average on 10 runs - GPU latency: 0.176807 ms - Host latency: 0.176807 ms (enqueue 0.105115 ms)
[03/03/2026-11:06:13] [I] Average on 10 runs - GPU latency: 0.178333 ms - Host latency: 0.178333 ms (enqueue 0.106848 ms)
[03/03/2026-11:06:13] [I] Average on 10 runs - GPU latency: 0.176794 ms - Host latency: 0.176794 ms (enqueue 0.10603 ms)
[03/03/2026-11:06:13] [I] Average on 10 runs - GPU latency: 0.176807 ms - Host latency: 0.176807 ms (enqueue 0.106531 ms)
[03/03/2026-11:06:13] [I] Average on 10 runs - GPU latency: 0.17627 ms - Host latency: 0.17627 ms (enqueue 0.105383 ms)
[03/03/2026-11:06:13] [I] Average on 10 runs - GPU latency: 0.176746 ms - Host latency: 0.176746 ms (enqueue 0.103394 ms)
[03/03/2026-11:06:13] [I] Average on 10 runs - GPU latency: 0.175708 ms - Host latency: 0.175708 ms (enqueue 0.105078 ms)
[03/03/2026-11:06:13] [I] Average on 10 runs - GPU latency: 0.177014 ms - Host latency: 0.177014 ms (enqueue 0.105017 ms)
[03/03/2026-11:06:13] [I] Average on 10 runs - GPU latency: 0.17627 ms - Host latency: 0.17627 ms (enqueue 0.106799 ms)
[03/03/2026-11:06:13] [I] Average on 10 runs - GPU latency: 0.175488 ms - Host latency: 0.175488 ms (enqueue 0.104321 ms)
[03/03/2026-11:06:13] [I] Average on 10 runs - GPU latency: 0.178003 ms - Host latency: 0.178003 ms (enqueue 0.106482 ms)
[03/03/2026-11:06:13] [I] Average on 10 runs - GPU latency: 0.176135 ms - Host latency: 0.176135 ms (enqueue 0.105835 ms)
[03/03/2026-11:06:13] [I] Average on 10 runs - GPU latency: 0.176514 ms - Host latency: 0.176514 ms (enqueue 0.107556 ms)
[03/03/2026-11:06:13] [I] Average on 10 runs - GPU latency: 0.176379 ms - Host latency: 0.176379 ms (enqueue 0.104541 ms)
[03/03/2026-11:06:13] [I] Average on 10 runs - GPU latency: 0.178345 ms - Host latency: 0.178345 ms (enqueue 0.104565 ms)
[03/03/2026-11:06:13] [I] Average on 10 runs - GPU latency: 0.176514 ms - Host latency: 0.176514 ms (enqueue 0.103979 ms)
[03/03/2026-11:06:13] [I] Average on 10 runs - GPU latency: 0.177332 ms - Host latency: 0.177332 ms (enqueue 0.105481 ms)
[03/03/2026-11:06:13] [I] Average on 10 runs - GPU latency: 0.17699 ms - Host latency: 0.17699 ms (enqueue 0.105676 ms)
[03/03/2026-11:06:13] [I] Average on 10 runs - GPU latency: 0.177686 ms - Host latency: 0.177686 ms (enqueue 0.105493 ms)
[03/03/2026-11:06:13] [I] Average on 10 runs - GPU latency: 0.177637 ms - Host latency: 0.177637 ms (enqueue 0.108337 ms)
[03/03/2026-11:06:13] [I] Average on 10 runs - GPU latency: 0.176563 ms - Host latency: 0.176563 ms (enqueue 0.104456 ms)
[03/03/2026-11:06:13] [I] Average on 10 runs - GPU latency: 0.177393 ms - Host latency: 0.177393 ms (enqueue 0.105078 ms)
[03/03/2026-11:06:13] [I] Average on 10 runs - GPU latency: 0.178955 ms - Host latency: 0.178955 ms (enqueue 0.103601 ms)
[03/03/2026-11:06:13] [I] Average on 10 runs - GPU latency: 0.177258 ms - Host latency: 0.177258 ms (enqueue 0.107813 ms)
[03/03/2026-11:06:13] [I] Average on 10 runs - GPU latency: 0.179297 ms - Host latency: 0.179297 ms (enqueue 0.102136 ms)
[03/03/2026-11:06:13] [I] Average on 10 runs - GPU latency: 0.176709 ms - Host latency: 0.176709 ms (enqueue 0.106665 ms)
[03/03/2026-11:06:13] [I] Average on 10 runs - GPU latency: 0.17699 ms - Host latency: 0.17699 ms (enqueue 0.108289 ms)
[03/03/2026-11:06:13] [I] Average on 10 runs - GPU latency: 0.17655 ms - Host latency: 0.17655 ms (enqueue 0.105664 ms)
[03/03/2026-11:06:13] [I] Average on 10 runs - GPU latency: 0.177185 ms - Host latency: 0.177185 ms (enqueue 0.106299 ms)
[03/03/2026-11:06:13] [I] Average on 10 runs - GPU latency: 0.176953 ms - Host latency: 0.176953 ms (enqueue 0.105908 ms)
[03/03/2026-11:06:13] [I] Average on 10 runs - GPU latency: 0.17793 ms - Host latency: 0.17793 ms (enqueue 0.106189 ms)
[03/03/2026-11:06:13] [I] Average on 10 runs - GPU latency: 0.176599 ms - Host latency: 0.176599 ms (enqueue 0.102014 ms)
[03/03/2026-11:06:13] [I] Average on 10 runs - GPU latency: 0.176831 ms - Host latency: 0.176831 ms (enqueue 0.105994 ms)
[03/03/2026-11:06:13] [I] Average on 10 runs - GPU latency: 0.176855 ms - Host latency: 0.176855 ms (enqueue 0.104773 ms)
[03/03/2026-11:06:13] [I] Average on 10 runs - GPU latency: 0.175781 ms - Host latency: 0.175781 ms (enqueue 0.106335 ms)
[03/03/2026-11:06:13] [I] Average on 10 runs - GPU latency: 0.178784 ms - Host latency: 0.178784 ms (enqueue 0.106433 ms)
[03/03/2026-11:06:13] [I] Average on 10 runs - GPU latency: 0.176941 ms - Host latency: 0.176941 ms (enqueue 0.107739 ms)
[03/03/2026-11:06:13] [I] Average on 10 runs - GPU latency: 0.177502 ms - Host latency: 0.177502 ms (enqueue 0.104822 ms)
[03/03/2026-11:06:13] [I] Average on 10 runs - GPU latency: 0.176208 ms - Host latency: 0.176208 ms (enqueue 0.104932 ms)
[03/03/2026-11:06:13] [I] Average on 10 runs - GPU latency: 0.178528 ms - Host latency: 0.178528 ms (enqueue 0.106531 ms)
[03/03/2026-11:06:13] [I] Average on 10 runs - GPU latency: 0.177185 ms - Host latency: 0.177185 ms (enqueue 0.104065 ms)
[03/03/2026-11:06:13] [I] Average on 10 runs - GPU latency: 0.176428 ms - Host latency: 0.176428 ms (enqueue 0.105908 ms)
[03/03/2026-11:06:13] [I] Average on 10 runs - GPU latency: 0.180957 ms - Host latency: 0.180957 ms (enqueue 0.103101 ms)
[03/03/2026-11:06:13] [I] Average on 10 runs - GPU latency: 0.176563 ms - Host latency: 0.176563 ms (enqueue 0.106824 ms)
[03/03/2026-11:06:13] [I] Average on 10 runs - GPU latency: 0.176965 ms - Host latency: 0.176965 ms (enqueue 0.104236 ms)
[03/03/2026-11:06:13] [I] Average on 10 runs - GPU latency: 0.177966 ms - Host latency: 0.177966 ms (enqueue 0.103796 ms)
[03/03/2026-11:06:13] [I] Average on 10 runs - GPU latency: 0.178003 ms - Host latency: 0.178003 ms (enqueue 0.104785 ms)
[03/03/2026-11:06:13] [I] Average on 10 runs - GPU latency: 0.178821 ms - Host latency: 0.178821 ms (enqueue 0.101904 ms)
[03/03/2026-11:06:13] [I] Average on 10 runs - GPU latency: 0.177344 ms - Host latency: 0.177344 ms (enqueue 0.105591 ms)
[03/03/2026-11:06:13] [I] Average on 10 runs - GPU latency: 0.177112 ms - Host latency: 0.177112 ms (enqueue 0.10304 ms)
[03/03/2026-11:06:13] [I] Average on 10 runs - GPU latency: 0.177014 ms - Host latency: 0.177014 ms (enqueue 0.105652 ms)
[03/03/2026-11:06:13] [I] Average on 10 runs - GPU latency: 0.177612 ms - Host latency: 0.177612 ms (enqueue 0.103687 ms)
[03/03/2026-11:06:13] [I] Average on 10 runs - GPU latency: 0.176038 ms - Host latency: 0.176038 ms (enqueue 0.106018 ms)
[03/03/2026-11:06:13] [I] Average on 10 runs - GPU latency: 0.176257 ms - Host latency: 0.176257 ms (enqueue 0.10437 ms)
[03/03/2026-11:06:13] [I] Average on 10 runs - GPU latency: 0.177039 ms - Host latency: 0.177039 ms (enqueue 0.102539 ms)
[03/03/2026-11:06:13] [I] Average on 10 runs - GPU latency: 0.178052 ms - Host latency: 0.178052 ms (enqueue 0.105884 ms)
[03/03/2026-11:06:13] [I] Average on 10 runs - GPU latency: 0.17782 ms - Host latency: 0.17782 ms (enqueue 0.104443 ms)
[03/03/2026-11:06:13] [I] Average on 10 runs - GPU latency: 0.177002 ms - Host latency: 0.177002 ms (enqueue 0.106494 ms)
[03/03/2026-11:06:13] [I] Average on 10 runs - GPU latency: 0.175793 ms - Host latency: 0.175793 ms (enqueue 0.107361 ms)
[03/03/2026-11:06:13] [I] Average on 10 runs - GPU latency: 0.176208 ms - Host latency: 0.176208 ms (enqueue 0.10531 ms)
[03/03/2026-11:06:13] [I] Average on 10 runs - GPU latency: 0.1771 ms - Host latency: 0.1771 ms (enqueue 0.103467 ms)
[03/03/2026-11:06:13] [I] Average on 10 runs - GPU latency: 0.177148 ms - Host latency: 0.177148 ms (enqueue 0.103772 ms)
[03/03/2026-11:06:13] [I] Average on 10 runs - GPU latency: 0.178076 ms - Host latency: 0.178076 ms (enqueue 0.104749 ms)
[03/03/2026-11:06:13] [I] Average on 10 runs - GPU latency: 0.176746 ms - Host latency: 0.176746 ms (enqueue 0.105054 ms)
[03/03/2026-11:06:13] [I] Average on 10 runs - GPU latency: 0.17738 ms - Host latency: 0.17738 ms (enqueue 0.107788 ms)
[03/03/2026-11:06:13] [I] Average on 10 runs - GPU latency: 0.176611 ms - Host latency: 0.176611 ms (enqueue 0.1047 ms)
[03/03/2026-11:06:13] [I] Average on 10 runs - GPU latency: 0.177429 ms - Host latency: 0.177429 ms (enqueue 0.102588 ms)
[03/03/2026-11:06:13] [I] Average on 10 runs - GPU latency: 0.176782 ms - Host latency: 0.176782 ms (enqueue 0.102661 ms)
[03/03/2026-11:06:13] [I] Average on 10 runs - GPU latency: 0.176648 ms - Host latency: 0.176648 ms (enqueue 0.107813 ms)
[03/03/2026-11:06:13] [I] Average on 10 runs - GPU latency: 0.177515 ms - Host latency: 0.177515 ms (enqueue 0.105139 ms)
[03/03/2026-11:06:13] [I] Average on 10 runs - GPU latency: 0.178784 ms - Host latency: 0.178784 ms (enqueue 0.106445 ms)
[03/03/2026-11:06:13] [I] Average on 10 runs - GPU latency: 0.17688 ms - Host latency: 0.17688 ms (enqueue 0.106201 ms)
[03/03/2026-11:06:13] [I] Average on 10 runs - GPU latency: 0.176672 ms - Host latency: 0.176672 ms (enqueue 0.104822 ms)
[03/03/2026-11:06:13] [I] Average on 10 runs - GPU latency: 0.176477 ms - Host latency: 0.176477 ms (enqueue 0.106836 ms)
[03/03/2026-11:06:13] [I] Average on 10 runs - GPU latency: 0.177063 ms - Host latency: 0.177063 ms (enqueue 0.106787 ms)
[03/03/2026-11:06:13] [I] Average on 10 runs - GPU latency: 0.177539 ms - Host latency: 0.177539 ms (enqueue 0.103528 ms)
[03/03/2026-11:06:13] [I] Average on 10 runs - GPU latency: 0.17594 ms - Host latency: 0.17594 ms (enqueue 0.105591 ms)
[03/03/2026-11:06:13] [I] Average on 10 runs - GPU latency: 0.176343 ms - Host latency: 0.176343 ms (enqueue 0.108447 ms)
[03/03/2026-11:06:13] [I] Average on 10 runs - GPU latency: 0.178906 ms - Host latency: 0.178906 ms (enqueue 0.106396 ms)
[03/03/2026-11:06:13] [I] Average on 10 runs - GPU latency: 0.178345 ms - Host latency: 0.178345 ms (enqueue 0.101843 ms)
[03/03/2026-11:06:13] [I] Average on 10 runs - GPU latency: 0.175977 ms - Host latency: 0.175977 ms (enqueue 0.106433 ms)
[03/03/2026-11:06:13] [I] Average on 10 runs - GPU latency: 0.177258 ms - Host latency: 0.177258 ms (enqueue 0.110547 ms)
[03/03/2026-11:06:13] [I] Average on 10 runs - GPU latency: 0.176245 ms - Host latency: 0.176245 ms (enqueue 0.101868 ms)
[03/03/2026-11:06:13] [I] Average on 10 runs - GPU latency: 0.176453 ms - Host latency: 0.176453 ms (enqueue 0.107446 ms)
[03/03/2026-11:06:13] [I] Average on 10 runs - GPU latency: 0.177234 ms - Host latency: 0.177234 ms (enqueue 0.104382 ms)
[03/03/2026-11:06:13] [I] Average on 10 runs - GPU latency: 0.175684 ms - Host latency: 0.175684 ms (enqueue 0.106323 ms)
[03/03/2026-11:06:13] [I] Average on 10 runs - GPU latency: 0.176831 ms - Host latency: 0.176831 ms (enqueue 0.10592 ms)
[03/03/2026-11:06:13] [I] Average on 10 runs - GPU latency: 0.176929 ms - Host latency: 0.176929 ms (enqueue 0.106458 ms)
[03/03/2026-11:06:13] [I] Average on 10 runs - GPU latency: 0.17627 ms - Host latency: 0.17627 ms (enqueue 0.104858 ms)
[03/03/2026-11:06:13] [I] Average on 10 runs - GPU latency: 0.177209 ms - Host latency: 0.177209 ms (enqueue 0.103638 ms)
[03/03/2026-11:06:13] [I] Average on 10 runs - GPU latency: 0.175549 ms - Host latency: 0.175549 ms (enqueue 0.106372 ms)
[03/03/2026-11:06:13] [I] Average on 10 runs - GPU latency: 0.177637 ms - Host latency: 0.177637 ms (enqueue 0.103113 ms)
[03/03/2026-11:06:13] [I] Average on 10 runs - GPU latency: 0.177759 ms - Host latency: 0.177759 ms (enqueue 0.104822 ms)
[03/03/2026-11:06:13] [I] Average on 10 runs - GPU latency: 0.178015 ms - Host latency: 0.178015 ms (enqueue 0.102625 ms)
[03/03/2026-11:06:13] [I] Average on 10 runs - GPU latency: 0.176245 ms - Host latency: 0.176245 ms (enqueue 0.106311 ms)
[03/03/2026-11:06:13] [I] Average on 10 runs - GPU latency: 0.176904 ms - Host latency: 0.176904 ms (enqueue 0.107349 ms)
[03/03/2026-11:06:13] [I] Average on 10 runs - GPU latency: 0.175745 ms - Host latency: 0.175745 ms (enqueue 0.103308 ms)
[03/03/2026-11:06:13] [I] Average on 10 runs - GPU latency: 0.176917 ms - Host latency: 0.176917 ms (enqueue 0.103699 ms)
[03/03/2026-11:06:13] [I] Average on 10 runs - GPU latency: 0.177576 ms - Host latency: 0.177576 ms (enqueue 0.103601 ms)
[03/03/2026-11:06:13] [I] Average on 10 runs - GPU latency: 0.176648 ms - Host latency: 0.176648 ms (enqueue 0.105334 ms)
[03/03/2026-11:06:13] [I] Average on 10 runs - GPU latency: 0.176135 ms - Host latency: 0.176135 ms (enqueue 0.10481 ms)
[03/03/2026-11:06:13] [I] Average on 10 runs - GPU latency: 0.177051 ms - Host latency: 0.177051 ms (enqueue 0.102783 ms)
[03/03/2026-11:06:13] [I] Average on 10 runs - GPU latency: 0.176355 ms - Host latency: 0.176355 ms (enqueue 0.104687 ms)
[03/03/2026-11:06:13] [I] Average on 10 runs - GPU latency: 0.178027 ms - Host latency: 0.178027 ms (enqueue 0.10426 ms)
[03/03/2026-11:06:13] [I] Average on 10 runs - GPU latency: 0.17655 ms - Host latency: 0.17655 ms (enqueue 0.10498 ms)
[03/03/2026-11:06:13] [I] Average on 10 runs - GPU latency: 0.178064 ms - Host latency: 0.178064 ms (enqueue 0.104272 ms)
[03/03/2026-11:06:13] [I] Average on 10 runs - GPU latency: 0.177441 ms - Host latency: 0.177441 ms (enqueue 0.106323 ms)
[03/03/2026-11:06:13] [I] Average on 10 runs - GPU latency: 0.175403 ms - Host latency: 0.175403 ms (enqueue 0.105188 ms)
[03/03/2026-11:06:13] [I] Average on 10 runs - GPU latency: 0.1771 ms - Host latency: 0.1771 ms (enqueue 0.10509 ms)
[03/03/2026-11:06:13] [I] Average on 10 runs - GPU latency: 0.177808 ms - Host latency: 0.177808 ms (enqueue 0.103406 ms)
[03/03/2026-11:06:13] [I] Average on 10 runs - GPU latency: 0.176843 ms - Host latency: 0.176843 ms (enqueue 0.105798 ms)
[03/03/2026-11:06:13] [I] Average on 10 runs - GPU latency: 0.17843 ms - Host latency: 0.17843 ms (enqueue 0.105298 ms)
[03/03/2026-11:06:13] [I] Average on 10 runs - GPU latency: 0.177258 ms - Host latency: 0.177258 ms (enqueue 0.10459 ms)
[03/03/2026-11:06:13] [I] Average on 10 runs - GPU latency: 0.177173 ms - Host latency: 0.177173 ms (enqueue 0.104126 ms)
[03/03/2026-11:06:13] [I] Average on 10 runs - GPU latency: 0.177551 ms - Host latency: 0.177551 ms (enqueue 0.104651 ms)
[03/03/2026-11:06:13] [I] Average on 10 runs - GPU latency: 0.176575 ms - Host latency: 0.176575 ms (enqueue 0.105835 ms)
[03/03/2026-11:06:13] [I] Average on 10 runs - GPU latency: 0.177161 ms - Host latency: 0.177161 ms (enqueue 0.103577 ms)
[03/03/2026-11:06:13] [I] Average on 10 runs - GPU latency: 0.17876 ms - Host latency: 0.17876 ms (enqueue 0.103613 ms)
[03/03/2026-11:06:13] [I] Average on 10 runs - GPU latency: 0.178186 ms - Host latency: 0.178186 ms (enqueue 0.105127 ms)
[03/03/2026-11:06:13] [I] Average on 10 runs - GPU latency: 0.176636 ms - Host latency: 0.176636 ms (enqueue 0.104126 ms)
[03/03/2026-11:06:13] [I] Average on 10 runs - GPU latency: 0.176575 ms - Host latency: 0.176575 ms (enqueue 0.10564 ms)
[03/03/2026-11:06:13] [I] Average on 10 runs - GPU latency: 0.1771 ms - Host latency: 0.1771 ms (enqueue 0.10686 ms)
[03/03/2026-11:06:13] [I] Average on 10 runs - GPU latency: 0.177527 ms - Host latency: 0.177527 ms (enqueue 0.105762 ms)
[03/03/2026-11:06:13] [I] Average on 10 runs - GPU latency: 0.176257 ms - Host latency: 0.176257 ms (enqueue 0.106213 ms)
[03/03/2026-11:06:13] [I] Average on 10 runs - GPU latency: 0.177441 ms - Host latency: 0.177441 ms (enqueue 0.10719 ms)
[03/03/2026-11:06:13] [I] Average on 10 runs - GPU latency: 0.176758 ms - Host latency: 0.176758 ms (enqueue 0.107153 ms)
[03/03/2026-11:06:13] [I] Average on 10 runs - GPU latency: 0.177625 ms - Host latency: 0.177625 ms (enqueue 0.10708 ms)
[03/03/2026-11:06:13] [I] Average on 10 runs - GPU latency: 0.178516 ms - Host latency: 0.178516 ms (enqueue 0.10625 ms)
[03/03/2026-11:06:13] [I] Average on 10 runs - GPU latency: 0.177063 ms - Host latency: 0.177063 ms (enqueue 0.108667 ms)
[03/03/2026-11:06:13] [I] Average on 10 runs - GPU latency: 0.176953 ms - Host latency: 0.176953 ms (enqueue 0.107202 ms)
[03/03/2026-11:06:13] [I] Average on 10 runs - GPU latency: 0.177246 ms - Host latency: 0.177246 ms (enqueue 0.107361 ms)
[03/03/2026-11:06:13] [I] Average on 10 runs - GPU latency: 0.177271 ms - Host latency: 0.177271 ms (enqueue 0.109045 ms)
[03/03/2026-11:06:13] [I] Average on 10 runs - GPU latency: 0.177332 ms - Host latency: 0.177332 ms (enqueue 0.104932 ms)
[03/03/2026-11:06:13] [I] Average on 10 runs - GPU latency: 0.178198 ms - Host latency: 0.178198 ms (enqueue 0.108362 ms)
[03/03/2026-11:06:13] [I] Average on 10 runs - GPU latency: 0.177271 ms - Host latency: 0.177271 ms (enqueue 0.104077 ms)
[03/03/2026-11:06:13] [I] Average on 10 runs - GPU latency: 0.17605 ms - Host latency: 0.17605 ms (enqueue 0.106519 ms)
[03/03/2026-11:06:13] [I] Average on 10 runs - GPU latency: 0.177612 ms - Host latency: 0.177612 ms (enqueue 0.103784 ms)
[03/03/2026-11:06:13] [I] Average on 10 runs - GPU latency: 0.176501 ms - Host latency: 0.176501 ms (enqueue 0.10332 ms)
[03/03/2026-11:06:13] [I] Average on 10 runs - GPU latency: 0.177856 ms - Host latency: 0.177856 ms (enqueue 0.10387 ms)
[03/03/2026-11:06:13] [I] Average on 10 runs - GPU latency: 0.176904 ms - Host latency: 0.176904 ms (enqueue 0.105115 ms)
[03/03/2026-11:06:13] [I] Average on 10 runs - GPU latency: 0.179138 ms - Host latency: 0.179138 ms (enqueue 0.105469 ms)
[03/03/2026-11:06:13] [I] Average on 10 runs - GPU latency: 0.176685 ms - Host latency: 0.176685 ms (enqueue 0.107239 ms)
[03/03/2026-11:06:13] [I] Average on 10 runs - GPU latency: 0.176477 ms - Host latency: 0.176477 ms (enqueue 0.107739 ms)
[03/03/2026-11:06:13] [I] Average on 10 runs - GPU latency: 0.177014 ms - Host latency: 0.177014 ms (enqueue 0.10575 ms)
[03/03/2026-11:06:13] [I] Average on 10 runs - GPU latency: 0.17749 ms - Host latency: 0.17749 ms (enqueue 0.104211 ms)
[03/03/2026-11:06:13] [I] Average on 10 runs - GPU latency: 0.178101 ms - Host latency: 0.178101 ms (enqueue 0.103552 ms)
[03/03/2026-11:06:13] [I] Average on 10 runs - GPU latency: 0.175952 ms - Host latency: 0.175952 ms (enqueue 0.105847 ms)
[03/03/2026-11:06:13] [I] Average on 10 runs - GPU latency: 0.177637 ms - Host latency: 0.177637 ms (enqueue 0.104956 ms)
[03/03/2026-11:06:13] [I] Average on 10 runs - GPU latency: 0.177161 ms - Host latency: 0.177161 ms (enqueue 0.106885 ms)
[03/03/2026-11:06:13] [I] Average on 10 runs - GPU latency: 0.177185 ms - Host latency: 0.177185 ms (enqueue 0.103809 ms)
[03/03/2026-11:06:13] [I] Average on 10 runs - GPU latency: 0.177783 ms - Host latency: 0.177783 ms (enqueue 0.104956 ms)
[03/03/2026-11:06:13] [I] Average on 10 runs - GPU latency: 0.177625 ms - Host latency: 0.177625 ms (enqueue 0.104187 ms)
[03/03/2026-11:06:13] [I] Average on 10 runs - GPU latency: 0.177502 ms - Host latency: 0.177502 ms (enqueue 0.104407 ms)
[03/03/2026-11:06:13] [I] Average on 10 runs - GPU latency: 0.176978 ms - Host latency: 0.176978 ms (enqueue 0.104138 ms)
[03/03/2026-11:06:13] [I] Average on 10 runs - GPU latency: 0.177686 ms - Host latency: 0.177686 ms (enqueue 0.103064 ms)
[03/03/2026-11:06:13] [I] Average on 10 runs - GPU latency: 0.176868 ms - Host latency: 0.176868 ms (enqueue 0.106934 ms)
[03/03/2026-11:06:13] [I] Average on 10 runs - GPU latency: 0.178967 ms - Host latency: 0.178967 ms (enqueue 0.103931 ms)
[03/03/2026-11:06:13] [I] Average on 10 runs - GPU latency: 0.176929 ms - Host latency: 0.176929 ms (enqueue 0.106226 ms)
[03/03/2026-11:06:13] [I] Average on 10 runs - GPU latency: 0.176526 ms - Host latency: 0.176526 ms (enqueue 0.103967 ms)
[03/03/2026-11:06:13] [I] Average on 10 runs - GPU latency: 0.177905 ms - Host latency: 0.177905 ms (enqueue 0.103674 ms)
[03/03/2026-11:06:13] [I] Average on 10 runs - GPU latency: 0.17865 ms - Host latency: 0.17865 ms (enqueue 0.105505 ms)
[03/03/2026-11:06:13] [I] Average on 10 runs - GPU latency: 0.176355 ms - Host latency: 0.176355 ms (enqueue 0.106445 ms)
[03/03/2026-11:06:13] [I] Average on 10 runs - GPU latency: 0.175757 ms - Host latency: 0.175757 ms (enqueue 0.105774 ms)
[03/03/2026-11:06:13] [I] Average on 10 runs - GPU latency: 0.176904 ms - Host latency: 0.176904 ms (enqueue 0.103821 ms)
[03/03/2026-11:06:13] [I] Average on 10 runs - GPU latency: 0.176001 ms - Host latency: 0.176001 ms (enqueue 0.110217 ms)
[03/03/2026-11:06:13] [I] Average on 10 runs - GPU latency: 0.177051 ms - Host latency: 0.177051 ms (enqueue 0.105432 ms)
[03/03/2026-11:06:13] [I] Average on 10 runs - GPU latency: 0.176453 ms - Host latency: 0.176453 ms (enqueue 0.107104 ms)
[03/03/2026-11:06:13] [I] Average on 10 runs - GPU latency: 0.17677 ms - Host latency: 0.17677 ms (enqueue 0.104492 ms)
[03/03/2026-11:06:13] [I] Average on 10 runs - GPU latency: 0.176587 ms - Host latency: 0.176587 ms (enqueue 0.105029 ms)
[03/03/2026-11:06:13] [I] Average on 10 runs - GPU latency: 0.176855 ms - Host latency: 0.176855 ms (enqueue 0.10741 ms)
[03/03/2026-11:06:13] [I] Average on 10 runs - GPU latency: 0.177209 ms - Host latency: 0.177209 ms (enqueue 0.106201 ms)
[03/03/2026-11:06:13] [I] Average on 10 runs - GPU latency: 0.178625 ms - Host latency: 0.178625 ms (enqueue 0.106128 ms)
[03/03/2026-11:06:13] [I] Average on 10 runs - GPU latency: 0.180066 ms - Host latency: 0.180066 ms (enqueue 0.1026 ms)
[03/03/2026-11:06:13] [I] Average on 10 runs - GPU latency: 0.1771 ms - Host latency: 0.1771 ms (enqueue 0.104724 ms)
[03/03/2026-11:06:13] [I] Average on 10 runs - GPU latency: 0.176501 ms - Host latency: 0.176501 ms (enqueue 0.105957 ms)
[03/03/2026-11:06:13] [I] Average on 10 runs - GPU latency: 0.177185 ms - Host latency: 0.177185 ms (enqueue 0.107141 ms)
[03/03/2026-11:06:13] [I] Average on 10 runs - GPU latency: 0.177454 ms - Host latency: 0.177454 ms (enqueue 0.106494 ms)
[03/03/2026-11:06:13] [I] Average on 10 runs - GPU latency: 0.177356 ms - Host latency: 0.177356 ms (enqueue 0.103162 ms)
[03/03/2026-11:06:13] [I] Average on 10 runs - GPU latency: 0.175793 ms - Host latency: 0.175793 ms (enqueue 0.106543 ms)
[03/03/2026-11:06:13] [I] Average on 10 runs - GPU latency: 0.176624 ms - Host latency: 0.176624 ms (enqueue 0.10553 ms)
[03/03/2026-11:06:13] [I] Average on 10 runs - GPU latency: 0.179028 ms - Host latency: 0.179028 ms (enqueue 0.104846 ms)
[03/03/2026-11:06:13] [I] Average on 10 runs - GPU latency: 0.176904 ms - Host latency: 0.176904 ms (enqueue 0.105713 ms)
[03/03/2026-11:06:13] [I] Average on 10 runs - GPU latency: 0.175769 ms - Host latency: 0.175769 ms (enqueue 0.106189 ms)
[03/03/2026-11:06:13] [I] Average on 10 runs - GPU latency: 0.177649 ms - Host latency: 0.177649 ms (enqueue 0.10282 ms)
[03/03/2026-11:06:13] [I] Average on 10 runs - GPU latency: 0.176501 ms - Host latency: 0.176501 ms (enqueue 0.10531 ms)
[03/03/2026-11:06:13] [I] Average on 10 runs - GPU latency: 0.177124 ms - Host latency: 0.177124 ms (enqueue 0.103516 ms)
[03/03/2026-11:06:13] [I] Average on 10 runs - GPU latency: 0.176538 ms - Host latency: 0.176538 ms (enqueue 0.106799 ms)
[03/03/2026-11:06:13] [I] Average on 10 runs - GPU latency: 0.176147 ms - Host latency: 0.176147 ms (enqueue 0.106726 ms)
[03/03/2026-11:06:13] [I] Average on 10 runs - GPU latency: 0.176721 ms - Host latency: 0.176721 ms (enqueue 0.105566 ms)
[03/03/2026-11:06:13] [I] Average on 10 runs - GPU latency: 0.177588 ms - Host latency: 0.177588 ms (enqueue 0.106787 ms)
[03/03/2026-11:06:13] [I] Average on 10 runs - GPU latency: 0.178186 ms - Host latency: 0.178186 ms (enqueue 0.103967 ms)
[03/03/2026-11:06:13] [I] Average on 10 runs - GPU latency: 0.177209 ms - Host latency: 0.177209 ms (enqueue 0.104639 ms)
[03/03/2026-11:06:13] [I] Average on 10 runs - GPU latency: 0.17572 ms - Host latency: 0.17572 ms (enqueue 0.103943 ms)
[03/03/2026-11:06:13] [I] Average on 10 runs - GPU latency: 0.178296 ms - Host latency: 0.178296 ms (enqueue 0.105066 ms)
[03/03/2026-11:06:13] [I] Average on 10 runs - GPU latency: 0.176819 ms - Host latency: 0.176819 ms (enqueue 0.102515 ms)
[03/03/2026-11:06:13] [I] Average on 10 runs - GPU latency: 0.177673 ms - Host latency: 0.177673 ms (enqueue 0.105737 ms)
[03/03/2026-11:06:13] [I] Average on 10 runs - GPU latency: 0.177307 ms - Host latency: 0.177307 ms (enqueue 0.106934 ms)
[03/03/2026-11:06:13] [I] Average on 10 runs - GPU latency: 0.177209 ms - Host latency: 0.177209 ms (enqueue 0.104138 ms)
[03/03/2026-11:06:13] [I] Average on 10 runs - GPU latency: 0.176538 ms - Host latency: 0.176538 ms (enqueue 0.103406 ms)
[03/03/2026-11:06:13] [I] Average on 10 runs - GPU latency: 0.177075 ms - Host latency: 0.177075 ms (enqueue 0.108093 ms)
[03/03/2026-11:06:13] [I] Average on 10 runs - GPU latency: 0.175684 ms - Host latency: 0.175684 ms (enqueue 0.107214 ms)
[03/03/2026-11:06:13] [I] Average on 10 runs - GPU latency: 0.178613 ms - Host latency: 0.178613 ms (enqueue 0.104236 ms)
[03/03/2026-11:06:13] [I] Average on 10 runs - GPU latency: 0.17605 ms - Host latency: 0.17605 ms (enqueue 0.107922 ms)
[03/03/2026-11:06:13] [I] Average on 10 runs - GPU latency: 0.176416 ms - Host latency: 0.176416 ms (enqueue 0.104675 ms)
[03/03/2026-11:06:13] [I] Average on 10 runs - GPU latency: 0.177954 ms - Host latency: 0.177954 ms (enqueue 0.102319 ms)
[03/03/2026-11:06:13] [I] Average on 10 runs - GPU latency: 0.177612 ms - Host latency: 0.177612 ms (enqueue 0.101099 ms)
[03/03/2026-11:06:13] [I] Average on 10 runs - GPU latency: 0.177344 ms - Host latency: 0.177344 ms (enqueue 0.103955 ms)
[03/03/2026-11:06:13] [I] Average on 10 runs - GPU latency: 0.17771 ms - Host latency: 0.17771 ms (enqueue 0.104248 ms)
[03/03/2026-11:06:13] [I] Average on 10 runs - GPU latency: 0.176465 ms - Host latency: 0.176465 ms (enqueue 0.103833 ms)
[03/03/2026-11:06:13] [I] Average on 10 runs - GPU latency: 0.178638 ms - Host latency: 0.178638 ms (enqueue 0.10625 ms)
[03/03/2026-11:06:13] [I] Average on 10 runs - GPU latency: 0.176306 ms - Host latency: 0.176306 ms (enqueue 0.105017 ms)
[03/03/2026-11:06:13] [I] Average on 10 runs - GPU latency: 0.176733 ms - Host latency: 0.176733 ms (enqueue 0.105115 ms)
[03/03/2026-11:06:13] [I] Average on 10 runs - GPU latency: 0.176892 ms - Host latency: 0.176892 ms (enqueue 0.105725 ms)
[03/03/2026-11:06:13] [I] Average on 10 runs - GPU latency: 0.177332 ms - Host latency: 0.177332 ms (enqueue 0.108777 ms)
[03/03/2026-11:06:13] [I] Average on 10 runs - GPU latency: 0.177173 ms - Host latency: 0.177173 ms (enqueue 0.105664 ms)
[03/03/2026-11:06:13] [I] Average on 10 runs - GPU latency: 0.177222 ms - Host latency: 0.177222 ms (enqueue 0.108325 ms)
[03/03/2026-11:06:13] [I] Average on 10 runs - GPU latency: 0.176575 ms - Host latency: 0.176575 ms (enqueue 0.106165 ms)
[03/03/2026-11:06:13] [I] Average on 10 runs - GPU latency: 0.176819 ms - Host latency: 0.176819 ms (enqueue 0.108386 ms)
[03/03/2026-11:06:13] [I] Average on 10 runs - GPU latency: 0.17749 ms - Host latency: 0.17749 ms (enqueue 0.105798 ms)
[03/03/2026-11:06:13] [I] Average on 10 runs - GPU latency: 0.17688 ms - Host latency: 0.17688 ms (enqueue 0.106213 ms)
[03/03/2026-11:06:13] [I] Average on 10 runs - GPU latency: 0.177161 ms - Host latency: 0.177161 ms (enqueue 0.107483 ms)
[03/03/2026-11:06:13] [I] Average on 10 runs - GPU latency: 0.177661 ms - Host latency: 0.177661 ms (enqueue 0.106274 ms)
[03/03/2026-11:06:13] [I] Average on 10 runs - GPU latency: 0.176575 ms - Host latency: 0.176575 ms (enqueue 0.107397 ms)
[03/03/2026-11:06:13] [I] Average on 10 runs - GPU latency: 0.177734 ms - Host latency: 0.177734 ms (enqueue 0.104016 ms)
[03/03/2026-11:06:13] [I] Average on 10 runs - GPU latency: 0.177026 ms - Host latency: 0.177026 ms (enqueue 0.104919 ms)
[03/03/2026-11:06:13] [I] Average on 10 runs - GPU latency: 0.176563 ms - Host latency: 0.176563 ms (enqueue 0.105676 ms)
[03/03/2026-11:06:13] [I] Average on 10 runs - GPU latency: 0.177075 ms - Host latency: 0.177075 ms (enqueue 0.103687 ms)
[03/03/2026-11:06:13] [I] Average on 10 runs - GPU latency: 0.176636 ms - Host latency: 0.176636 ms (enqueue 0.108557 ms)
[03/03/2026-11:06:13] [I] Average on 10 runs - GPU latency: 0.177393 ms - Host latency: 0.177393 ms (enqueue 0.107593 ms)
[03/03/2026-11:06:13] [I] Average on 10 runs - GPU latency: 0.176111 ms - Host latency: 0.176111 ms (enqueue 0.109607 ms)
[03/03/2026-11:06:13] [I] Average on 10 runs - GPU latency: 0.176721 ms - Host latency: 0.176721 ms (enqueue 0.108044 ms)
[03/03/2026-11:06:13] [I] Average on 10 runs - GPU latency: 0.175427 ms - Host latency: 0.175427 ms (enqueue 0.108081 ms)
[03/03/2026-11:06:13] [I] Average on 10 runs - GPU latency: 0.17804 ms - Host latency: 0.17804 ms (enqueue 0.103833 ms)
[03/03/2026-11:06:13] [I] Average on 10 runs - GPU latency: 0.177649 ms - Host latency: 0.177649 ms (enqueue 0.106482 ms)
[03/03/2026-11:06:13] [I] Average on 10 runs - GPU latency: 0.17677 ms - Host latency: 0.17677 ms (enqueue 0.103943 ms)
[03/03/2026-11:06:13] [I] Average on 10 runs - GPU latency: 0.177209 ms - Host latency: 0.177209 ms (enqueue 0.103723 ms)
[03/03/2026-11:06:13] [I] Average on 10 runs - GPU latency: 0.176416 ms - Host latency: 0.176416 ms (enqueue 0.103333 ms)
[03/03/2026-11:06:13] [I] Average on 10 runs - GPU latency: 0.175952 ms - Host latency: 0.175952 ms (enqueue 0.105237 ms)
[03/03/2026-11:06:13] [I] Average on 10 runs - GPU latency: 0.178784 ms - Host latency: 0.178784 ms (enqueue 0.10592 ms)
[03/03/2026-11:06:13] [I] Average on 10 runs - GPU latency: 0.177661 ms - Host latency: 0.177661 ms (enqueue 0.103589 ms)
[03/03/2026-11:06:13] [I] Average on 10 runs - GPU latency: 0.177197 ms - Host latency: 0.177197 ms (enqueue 0.10708 ms)
[03/03/2026-11:06:13] [I] Average on 10 runs - GPU latency: 0.177881 ms - Host latency: 0.177881 ms (enqueue 0.106104 ms)
[03/03/2026-11:06:13] [I] Average on 10 runs - GPU latency: 0.176221 ms - Host latency: 0.176221 ms (enqueue 0.106274 ms)
[03/03/2026-11:06:13] [I] Average on 10 runs - GPU latency: 0.177039 ms - Host latency: 0.177039 ms (enqueue 0.107922 ms)
[03/03/2026-11:06:13] [I] Average on 10 runs - GPU latency: 0.177222 ms - Host latency: 0.177222 ms (enqueue 0.106238 ms)
[03/03/2026-11:06:13] [I] Average on 10 runs - GPU latency: 0.176184 ms - Host latency: 0.176184 ms (enqueue 0.108594 ms)
[03/03/2026-11:06:13] [I] Average on 10 runs - GPU latency: 0.176697 ms - Host latency: 0.176697 ms (enqueue 0.107092 ms)
[03/03/2026-11:06:13] [I] Average on 10 runs - GPU latency: 0.177637 ms - Host latency: 0.177637 ms (enqueue 0.109424 ms)
[03/03/2026-11:06:13] [I] Average on 10 runs - GPU latency: 0.176245 ms - Host latency: 0.176245 ms (enqueue 0.10697 ms)
[03/03/2026-11:06:13] [I] Average on 10 runs - GPU latency: 0.177332 ms - Host latency: 0.177332 ms (enqueue 0.107483 ms)
[03/03/2026-11:06:13] [I] Average on 10 runs - GPU latency: 0.176807 ms - Host latency: 0.176807 ms (enqueue 0.104602 ms)
[03/03/2026-11:06:13] [I] Average on 10 runs - GPU latency: 0.17583 ms - Host latency: 0.17583 ms (enqueue 0.106348 ms)
[03/03/2026-11:06:13] [I] Average on 10 runs - GPU latency: 0.177356 ms - Host latency: 0.177356 ms (enqueue 0.106238 ms)
[03/03/2026-11:06:13] [I] Average on 10 runs - GPU latency: 0.177368 ms - Host latency: 0.177368 ms (enqueue 0.105994 ms)
[03/03/2026-11:06:13] [I] Average on 10 runs - GPU latency: 0.176465 ms - Host latency: 0.176465 ms (enqueue 0.105823 ms)
[03/03/2026-11:06:13] [I] Average on 10 runs - GPU latency: 0.17688 ms - Host latency: 0.17688 ms (enqueue 0.105945 ms)
[03/03/2026-11:06:13] [I] Average on 10 runs - GPU latency: 0.177441 ms - Host latency: 0.177441 ms (enqueue 0.103931 ms)
[03/03/2026-11:06:13] [I] Average on 10 runs - GPU latency: 0.17666 ms - Host latency: 0.17666 ms (enqueue 0.104248 ms)
[03/03/2026-11:06:13] [I] Average on 10 runs - GPU latency: 0.177905 ms - Host latency: 0.177905 ms (enqueue 0.107043 ms)
[03/03/2026-11:06:13] [I] Average on 10 runs - GPU latency: 0.177722 ms - Host latency: 0.177722 ms (enqueue 0.101941 ms)
[03/03/2026-11:06:13] [I] Average on 10 runs - GPU latency: 0.176831 ms - Host latency: 0.176831 ms (enqueue 0.107495 ms)
[03/03/2026-11:06:13] [I] Average on 10 runs - GPU latency: 0.176379 ms - Host latency: 0.176379 ms (enqueue 0.104614 ms)
[03/03/2026-11:06:13] [I] Average on 10 runs - GPU latency: 0.178162 ms - Host latency: 0.178162 ms (enqueue 0.102966 ms)
[03/03/2026-11:06:13] [I] Average on 10 runs - GPU latency: 0.17749 ms - Host latency: 0.17749 ms (enqueue 0.105933 ms)
[03/03/2026-11:06:13] [I] Average on 10 runs - GPU latency: 0.176013 ms - Host latency: 0.176013 ms (enqueue 0.104309 ms)
[03/03/2026-11:06:13] [I] Average on 10 runs - GPU latency: 0.178589 ms - Host latency: 0.178589 ms (enqueue 0.106116 ms)
[03/03/2026-11:06:13] [I] Average on 10 runs - GPU latency: 0.177881 ms - Host latency: 0.177881 ms (enqueue 0.103638 ms)
[03/03/2026-11:06:13] [I] Average on 10 runs - GPU latency: 0.176953 ms - Host latency: 0.176953 ms (enqueue 0.105933 ms)
[03/03/2026-11:06:13] [I] Average on 10 runs - GPU latency: 0.177173 ms - Host latency: 0.177173 ms (enqueue 0.107239 ms)
[03/03/2026-11:06:13] [I] Average on 10 runs - GPU latency: 0.176709 ms - Host latency: 0.176709 ms (enqueue 0.105566 ms)
[03/03/2026-11:06:13] [I] Average on 10 runs - GPU latency: 0.177612 ms - Host latency: 0.177612 ms (enqueue 0.106738 ms)
[03/03/2026-11:06:13] [I] Average on 10 runs - GPU latency: 0.176685 ms - Host latency: 0.176685 ms (enqueue 0.104883 ms)
[03/03/2026-11:06:13] [I] Average on 10 runs - GPU latency: 0.176941 ms - Host latency: 0.176941 ms (enqueue 0.107886 ms)
[03/03/2026-11:06:13] [I] Average on 10 runs - GPU latency: 0.177454 ms - Host latency: 0.177454 ms (enqueue 0.104541 ms)
[03/03/2026-11:06:13] [I] Average on 10 runs - GPU latency: 0.175745 ms - Host latency: 0.175745 ms (enqueue 0.108801 ms)
[03/03/2026-11:06:13] [I] Average on 10 runs - GPU latency: 0.177271 ms - Host latency: 0.177271 ms (enqueue 0.108398 ms)
[03/03/2026-11:06:13] [I] Average on 10 runs - GPU latency: 0.177124 ms - Host latency: 0.177124 ms (enqueue 0.108215 ms)
[03/03/2026-11:06:13] [I] Average on 10 runs - GPU latency: 0.178186 ms - Host latency: 0.178186 ms (enqueue 0.102283 ms)
[03/03/2026-11:06:13] [I] Average on 10 runs - GPU latency: 0.176709 ms - Host latency: 0.176709 ms (enqueue 0.105444 ms)
[03/03/2026-11:06:13] [I] Average on 10 runs - GPU latency: 0.176184 ms - Host latency: 0.176184 ms (enqueue 0.10575 ms)
[03/03/2026-11:06:13] [I] Average on 10 runs - GPU latency: 0.176648 ms - Host latency: 0.176648 ms (enqueue 0.105591 ms)
[03/03/2026-11:06:13] [I] Average on 10 runs - GPU latency: 0.177295 ms - Host latency: 0.177295 ms (enqueue 0.107007 ms)
[03/03/2026-11:06:13] [I] Average on 10 runs - GPU latency: 0.176318 ms - Host latency: 0.176318 ms (enqueue 0.105212 ms)
[03/03/2026-11:06:13] [I] Average on 10 runs - GPU latency: 0.178076 ms - Host latency: 0.178076 ms (enqueue 0.106812 ms)
[03/03/2026-11:06:13] [I] Average on 10 runs - GPU latency: 0.176819 ms - Host latency: 0.176819 ms (enqueue 0.103894 ms)
[03/03/2026-11:06:13] [I] Average on 10 runs - GPU latency: 0.177844 ms - Host latency: 0.177844 ms (enqueue 0.104919 ms)
[03/03/2026-11:06:13] [I] Average on 10 runs - GPU latency: 0.176941 ms - Host latency: 0.176941 ms (enqueue 0.10824 ms)
[03/03/2026-11:06:13] [I] Average on 10 runs - GPU latency: 0.17677 ms - Host latency: 0.17677 ms (enqueue 0.105347 ms)
[03/03/2026-11:06:13] [I] Average on 10 runs - GPU latency: 0.177527 ms - Host latency: 0.177527 ms (enqueue 0.104919 ms)
[03/03/2026-11:06:13] [I] Average on 10 runs - GPU latency: 0.177563 ms - Host latency: 0.177563 ms (enqueue 0.103223 ms)
[03/03/2026-11:06:13] [I] Average on 10 runs - GPU latency: 0.176917 ms - Host latency: 0.176917 ms (enqueue 0.102783 ms)
[03/03/2026-11:06:13] [I] Average on 10 runs - GPU latency: 0.179541 ms - Host latency: 0.179541 ms (enqueue 0.107813 ms)
[03/03/2026-11:06:13] [I] Average on 10 runs - GPU latency: 0.178479 ms - Host latency: 0.178479 ms (enqueue 0.100098 ms)
[03/03/2026-11:06:13] [I] Average on 10 runs - GPU latency: 0.175769 ms - Host latency: 0.175769 ms (enqueue 0.105371 ms)
[03/03/2026-11:06:13] [I] Average on 10 runs - GPU latency: 0.176855 ms - Host latency: 0.176855 ms (enqueue 0.105273 ms)
[03/03/2026-11:06:13] [I] Average on 10 runs - GPU latency: 0.176306 ms - Host latency: 0.176306 ms (enqueue 0.106274 ms)
[03/03/2026-11:06:13] [I] Average on 10 runs - GPU latency: 0.177612 ms - Host latency: 0.177612 ms (enqueue 0.105823 ms)
[03/03/2026-11:06:13] [I] Average on 10 runs - GPU latency: 0.177209 ms - Host latency: 0.177209 ms (enqueue 0.103821 ms)
[03/03/2026-11:06:13] [I] Average on 10 runs - GPU latency: 0.17699 ms - Host latency: 0.17699 ms (enqueue 0.106189 ms)
[03/03/2026-11:06:13] [I] Average on 10 runs - GPU latency: 0.178174 ms - Host latency: 0.178174 ms (enqueue 0.105969 ms)
[03/03/2026-11:06:13] [I] Average on 10 runs - GPU latency: 0.17749 ms - Host latency: 0.17749 ms (enqueue 0.106482 ms)
[03/03/2026-11:06:13] [I] Average on 10 runs - GPU latency: 0.177307 ms - Host latency: 0.177307 ms (enqueue 0.106445 ms)
[03/03/2026-11:06:13] [I] Average on 10 runs - GPU latency: 0.177795 ms - Host latency: 0.177795 ms (enqueue 0.105518 ms)
[03/03/2026-11:06:13] [I] Average on 10 runs - GPU latency: 0.177856 ms - Host latency: 0.177856 ms (enqueue 0.10459 ms)
[03/03/2026-11:06:13] [I] Average on 10 runs - GPU latency: 0.176331 ms - Host latency: 0.176331 ms (enqueue 0.105371 ms)
[03/03/2026-11:06:13] [I] Average on 10 runs - GPU latency: 0.177307 ms - Host latency: 0.177307 ms (enqueue 0.10874 ms)
[03/03/2026-11:06:13] [I] Average on 10 runs - GPU latency: 0.177075 ms - Host latency: 0.177075 ms (enqueue 0.106079 ms)
[03/03/2026-11:06:13] [I] Average on 10 runs - GPU latency: 0.176379 ms - Host latency: 0.176379 ms (enqueue 0.106128 ms)
[03/03/2026-11:06:13] [I] Average on 10 runs - GPU latency: 0.176807 ms - Host latency: 0.176807 ms (enqueue 0.105908 ms)
[03/03/2026-11:06:13] [I] Average on 10 runs - GPU latency: 0.177795 ms - Host latency: 0.177795 ms (enqueue 0.105237 ms)
[03/03/2026-11:06:13] [I] Average on 10 runs - GPU latency: 0.176245 ms - Host latency: 0.176245 ms (enqueue 0.105249 ms)
[03/03/2026-11:06:13] [I] Average on 10 runs - GPU latency: 0.177539 ms - Host latency: 0.177539 ms (enqueue 0.104272 ms)
[03/03/2026-11:06:13] [I] Average on 10 runs - GPU latency: 0.178687 ms - Host latency: 0.178687 ms (enqueue 0.102734 ms)
[03/03/2026-11:06:13] [I] Average on 10 runs - GPU latency: 0.176624 ms - Host latency: 0.176624 ms (enqueue 0.103796 ms)
[03/03/2026-11:06:13] [I] Average on 10 runs - GPU latency: 0.176965 ms - Host latency: 0.176965 ms (enqueue 0.107813 ms)
[03/03/2026-11:06:13] [I] Average on 10 runs - GPU latency: 0.176477 ms - Host latency: 0.176477 ms (enqueue 0.104822 ms)
[03/03/2026-11:06:13] [I] Average on 10 runs - GPU latency: 0.176257 ms - Host latency: 0.176257 ms (enqueue 0.107275 ms)
[03/03/2026-11:06:13] [I] Average on 10 runs - GPU latency: 0.177454 ms - Host latency: 0.177454 ms (enqueue 0.104773 ms)
[03/03/2026-11:06:13] [I] Average on 10 runs - GPU latency: 0.17771 ms - Host latency: 0.17771 ms (enqueue 0.106348 ms)
[03/03/2026-11:06:13] [I] Average on 10 runs - GPU latency: 0.176392 ms - Host latency: 0.176392 ms (enqueue 0.10415 ms)
[03/03/2026-11:06:13] [I] Average on 10 runs - GPU latency: 0.176709 ms - Host latency: 0.176709 ms (enqueue 0.106177 ms)
[03/03/2026-11:06:13] [I] Average on 10 runs - GPU latency: 0.176819 ms - Host latency: 0.176819 ms (enqueue 0.102832 ms)
[03/03/2026-11:06:13] [I] Average on 10 runs - GPU latency: 0.177441 ms - Host latency: 0.177441 ms (enqueue 0.105078 ms)
[03/03/2026-11:06:13] [I] Average on 10 runs - GPU latency: 0.17655 ms - Host latency: 0.17655 ms (enqueue 0.102734 ms)
[03/03/2026-11:06:13] [I] Average on 10 runs - GPU latency: 0.17655 ms - Host latency: 0.17655 ms (enqueue 0.105396 ms)
[03/03/2026-11:06:13] [I] Average on 10 runs - GPU latency: 0.179199 ms - Host latency: 0.179199 ms (enqueue 0.106897 ms)
[03/03/2026-11:06:13] [I] Average on 10 runs - GPU latency: 0.176257 ms - Host latency: 0.176257 ms (enqueue 0.103125 ms)
[03/03/2026-11:06:13] [I] Average on 10 runs - GPU latency: 0.177954 ms - Host latency: 0.177954 ms (enqueue 0.103638 ms)
[03/03/2026-11:06:13] [I] Average on 10 runs - GPU latency: 0.176575 ms - Host latency: 0.176575 ms (enqueue 0.105664 ms)
[03/03/2026-11:06:13] [I] Average on 10 runs - GPU latency: 0.177454 ms - Host latency: 0.177454 ms (enqueue 0.10249 ms)
[03/03/2026-11:06:13] [I] Average on 10 runs - GPU latency: 0.177783 ms - Host latency: 0.177783 ms (enqueue 0.104871 ms)
[03/03/2026-11:06:13] [I] Average on 10 runs - GPU latency: 0.177747 ms - Host latency: 0.177747 ms (enqueue 0.104199 ms)
[03/03/2026-11:06:13] [I] Average on 10 runs - GPU latency: 0.177112 ms - Host latency: 0.177112 ms (enqueue 0.105762 ms)
[03/03/2026-11:06:13] [I] Average on 10 runs - GPU latency: 0.177661 ms - Host latency: 0.177661 ms (enqueue 0.104919 ms)
[03/03/2026-11:06:13] [I] Average on 10 runs - GPU latency: 0.177429 ms - Host latency: 0.177429 ms (enqueue 0.109033 ms)
[03/03/2026-11:06:13] [I] Average on 10 runs - GPU latency: 0.177832 ms - Host latency: 0.177832 ms (enqueue 0.105042 ms)
[03/03/2026-11:06:13] [I] Average on 10 runs - GPU latency: 0.176233 ms - Host latency: 0.176233 ms (enqueue 0.106799 ms)
[03/03/2026-11:06:13] [I] Average on 10 runs - GPU latency: 0.178333 ms - Host latency: 0.178333 ms (enqueue 0.104236 ms)
[03/03/2026-11:06:13] [I] Average on 10 runs - GPU latency: 0.178027 ms - Host latency: 0.178027 ms (enqueue 0.103882 ms)
[03/03/2026-11:06:13] [I] Average on 10 runs - GPU latency: 0.176428 ms - Host latency: 0.176428 ms (enqueue 0.107983 ms)
[03/03/2026-11:06:13] [I] Average on 10 runs - GPU latency: 0.176233 ms - Host latency: 0.176233 ms (enqueue 0.107056 ms)
[03/03/2026-11:06:13] [I] Average on 10 runs - GPU latency: 0.17688 ms - Host latency: 0.17688 ms (enqueue 0.106445 ms)
[03/03/2026-11:06:13] [I] Average on 10 runs - GPU latency: 0.178906 ms - Host latency: 0.178906 ms (enqueue 0.103052 ms)
[03/03/2026-11:06:13] [I] Average on 10 runs - GPU latency: 0.177344 ms - Host latency: 0.177344 ms (enqueue 0.104211 ms)
[03/03/2026-11:06:13] [I] Average on 10 runs - GPU latency: 0.177612 ms - Host latency: 0.177612 ms (enqueue 0.103638 ms)
[03/03/2026-11:06:13] [I] Average on 10 runs - GPU latency: 0.176648 ms - Host latency: 0.176648 ms (enqueue 0.107922 ms)
[03/03/2026-11:06:13] [I] Average on 10 runs - GPU latency: 0.177161 ms - Host latency: 0.177161 ms (enqueue 0.105432 ms)
[03/03/2026-11:06:13] [I] Average on 10 runs - GPU latency: 0.176514 ms - Host latency: 0.176514 ms (enqueue 0.106287 ms)
[03/03/2026-11:06:13] [I] Average on 10 runs - GPU latency: 0.178113 ms - Host latency: 0.178113 ms (enqueue 0.104285 ms)
[03/03/2026-11:06:13] [I] Average on 10 runs - GPU latency: 0.177759 ms - Host latency: 0.177759 ms (enqueue 0.106445 ms)
[03/03/2026-11:06:13] [I] Average on 10 runs - GPU latency: 0.177014 ms - Host latency: 0.177014 ms (enqueue 0.105603 ms)
[03/03/2026-11:06:13] [I] Average on 10 runs - GPU latency: 0.1771 ms - Host latency: 0.1771 ms (enqueue 0.104456 ms)
[03/03/2026-11:06:13] [I] Average on 10 runs - GPU latency: 0.177002 ms - Host latency: 0.177002 ms (enqueue 0.105383 ms)
[03/03/2026-11:06:13] [I] Average on 10 runs - GPU latency: 0.177002 ms - Host latency: 0.177002 ms (enqueue 0.104907 ms)
[03/03/2026-11:06:13] [I] Average on 10 runs - GPU latency: 0.176099 ms - Host latency: 0.176099 ms (enqueue 0.107153 ms)
[03/03/2026-11:06:13] [I] Average on 10 runs - GPU latency: 0.176111 ms - Host latency: 0.176111 ms (enqueue 0.108154 ms)
[03/03/2026-11:06:13] [I] Average on 10 runs - GPU latency: 0.176038 ms - Host latency: 0.176038 ms (enqueue 0.107349 ms)
[03/03/2026-11:06:13] [I] Average on 10 runs - GPU latency: 0.176892 ms - Host latency: 0.176892 ms (enqueue 0.105286 ms)
[03/03/2026-11:06:13] [I] Average on 10 runs - GPU latency: 0.175781 ms - Host latency: 0.175781 ms (enqueue 0.107446 ms)
[03/03/2026-11:06:13] [I] Average on 10 runs - GPU latency: 0.177271 ms - Host latency: 0.177271 ms (enqueue 0.106018 ms)
[03/03/2026-11:06:13] [I] Average on 10 runs - GPU latency: 0.177271 ms - Host latency: 0.177271 ms (enqueue 0.103943 ms)
[03/03/2026-11:06:13] [I] Average on 10 runs - GPU latency: 0.175793 ms - Host latency: 0.175793 ms (enqueue 0.106982 ms)
[03/03/2026-11:06:13] [I] Average on 10 runs - GPU latency: 0.176843 ms - Host latency: 0.176843 ms (enqueue 0.107336 ms)
[03/03/2026-11:06:13] [I] Average on 10 runs - GPU latency: 0.176807 ms - Host latency: 0.176807 ms (enqueue 0.10824 ms)
[03/03/2026-11:06:13] [I] Average on 10 runs - GPU latency: 0.176062 ms - Host latency: 0.176062 ms (enqueue 0.105505 ms)
[03/03/2026-11:06:13] [I] Average on 10 runs - GPU latency: 0.177698 ms - Host latency: 0.177698 ms (enqueue 0.105859 ms)
[03/03/2026-11:06:13] [I] Average on 10 runs - GPU latency: 0.177576 ms - Host latency: 0.177576 ms (enqueue 0.104895 ms)
[03/03/2026-11:06:13] [I] Average on 10 runs - GPU latency: 0.177539 ms - Host latency: 0.177539 ms (enqueue 0.102612 ms)
[03/03/2026-11:06:13] [I] Average on 10 runs - GPU latency: 0.177856 ms - Host latency: 0.177856 ms (enqueue 0.102637 ms)
[03/03/2026-11:06:13] [I] Average on 10 runs - GPU latency: 0.177466 ms - Host latency: 0.177466 ms (enqueue 0.105664 ms)
[03/03/2026-11:06:13] [I] Average on 10 runs - GPU latency: 0.174805 ms - Host latency: 0.174805 ms (enqueue 0.108984 ms)
[03/03/2026-11:06:13] [I] Average on 10 runs - GPU latency: 0.176074 ms - Host latency: 0.176074 ms (enqueue 0.107813 ms)
[03/03/2026-11:06:13] [I] Average on 10 runs - GPU latency: 0.17644 ms - Host latency: 0.17644 ms (enqueue 0.110107 ms)
[03/03/2026-11:06:13] [I] Average on 10 runs - GPU latency: 0.177026 ms - Host latency: 0.177026 ms (enqueue 0.10874 ms)
[03/03/2026-11:06:13] [I] Average on 10 runs - GPU latency: 0.176855 ms - Host latency: 0.176855 ms (enqueue 0.108472 ms)
[03/03/2026-11:06:13] [I] Average on 10 runs - GPU latency: 0.176563 ms - Host latency: 0.176563 ms (enqueue 0.104224 ms)
[03/03/2026-11:06:13] [I] Average on 10 runs - GPU latency: 0.176001 ms - Host latency: 0.176001 ms (enqueue 0.106323 ms)
[03/03/2026-11:06:13] [I] Average on 10 runs - GPU latency: 0.177197 ms - Host latency: 0.177197 ms (enqueue 0.106836 ms)
[03/03/2026-11:06:13] [I] Average on 10 runs - GPU latency: 0.176709 ms - Host latency: 0.176709 ms (enqueue 0.108594 ms)
[03/03/2026-11:06:13] [I] Average on 10 runs - GPU latency: 0.177075 ms - Host latency: 0.177075 ms (enqueue 0.106299 ms)
[03/03/2026-11:06:13] [I] Average on 10 runs - GPU latency: 0.176123 ms - Host latency: 0.176123 ms (enqueue 0.105933 ms)
[03/03/2026-11:06:13] [I] Average on 10 runs - GPU latency: 0.177734 ms - Host latency: 0.177734 ms (enqueue 0.104858 ms)
[03/03/2026-11:06:13] [I] Average on 10 runs - GPU latency: 0.177246 ms - Host latency: 0.177246 ms (enqueue 0.105737 ms)
[03/03/2026-11:06:13] [I] Average on 10 runs - GPU latency: 0.177466 ms - Host latency: 0.177466 ms (enqueue 0.101343 ms)
[03/03/2026-11:06:13] [I] Average on 10 runs - GPU latency: 0.176733 ms - Host latency: 0.176733 ms (enqueue 0.103784 ms)
[03/03/2026-11:06:13] [I] Average on 10 runs - GPU latency: 0.177441 ms - Host latency: 0.177441 ms (enqueue 0.104102 ms)
[03/03/2026-11:06:13] [I] Average on 10 runs - GPU latency: 0.177979 ms - Host latency: 0.177979 ms (enqueue 0.103101 ms)
[03/03/2026-11:06:13] [I] Average on 10 runs - GPU latency: 0.177686 ms - Host latency: 0.177686 ms (enqueue 0.105664 ms)
[03/03/2026-11:06:13] [I] Average on 10 runs - GPU latency: 0.17832 ms - Host latency: 0.17832 ms (enqueue 0.106177 ms)
[03/03/2026-11:06:13] [I] Average on 10 runs - GPU latency: 0.179834 ms - Host latency: 0.179834 ms (enqueue 0.103149 ms)
[03/03/2026-11:06:13] [I] Average on 10 runs - GPU latency: 0.177515 ms - Host latency: 0.177515 ms (enqueue 0.106055 ms)
[03/03/2026-11:06:13] [I] Average on 10 runs - GPU latency: 0.177686 ms - Host latency: 0.177686 ms (enqueue 0.109058 ms)
[03/03/2026-11:06:13] [I] Average on 10 runs - GPU latency: 0.177368 ms - Host latency: 0.177368 ms (enqueue 0.107324 ms)
[03/03/2026-11:06:13] [I] Average on 10 runs - GPU latency: 0.177686 ms - Host latency: 0.177686 ms (enqueue 0.10459 ms)
[03/03/2026-11:06:13] [I] Average on 10 runs - GPU latency: 0.176563 ms - Host latency: 0.176563 ms (enqueue 0.105713 ms)
[03/03/2026-11:06:13] [I] Average on 10 runs - GPU latency: 0.1771 ms - Host latency: 0.1771 ms (enqueue 0.10271 ms)
[03/03/2026-11:06:13] [I] Average on 10 runs - GPU latency: 0.176099 ms - Host latency: 0.176099 ms (enqueue 0.108984 ms)
[03/03/2026-11:06:13] [I] Average on 10 runs - GPU latency: 0.177368 ms - Host latency: 0.177368 ms (enqueue 0.104272 ms)
[03/03/2026-11:06:13] [I] Average on 10 runs - GPU latency: 0.177393 ms - Host latency: 0.177393 ms (enqueue 0.103638 ms)
[03/03/2026-11:06:13] [I] Average on 10 runs - GPU latency: 0.176392 ms - Host latency: 0.176392 ms (enqueue 0.109717 ms)
[03/03/2026-11:06:13] [I] Average on 10 runs - GPU latency: 0.17644 ms - Host latency: 0.17644 ms (enqueue 0.10481 ms)
[03/03/2026-11:06:13] [I] Average on 10 runs - GPU latency: 0.176538 ms - Host latency: 0.176538 ms (enqueue 0.106079 ms)
[03/03/2026-11:06:13] [I] Average on 10 runs - GPU latency: 0.176587 ms - Host latency: 0.176587 ms (enqueue 0.10498 ms)
[03/03/2026-11:06:13] [I] Average on 10 runs - GPU latency: 0.176978 ms - Host latency: 0.176978 ms (enqueue 0.105762 ms)
[03/03/2026-11:06:13] [I] Average on 10 runs - GPU latency: 0.176367 ms - Host latency: 0.176367 ms (enqueue 0.106689 ms)
[03/03/2026-11:06:13] [I] Average on 10 runs - GPU latency: 0.176367 ms - Host latency: 0.176367 ms (enqueue 0.107104 ms)
[03/03/2026-11:06:13] [I] Average on 10 runs - GPU latency: 0.176343 ms - Host latency: 0.176343 ms (enqueue 0.109204 ms)
[03/03/2026-11:06:13] [I] Average on 10 runs - GPU latency: 0.177124 ms - Host latency: 0.177124 ms (enqueue 0.106543 ms)
[03/03/2026-11:06:13] [I] Average on 10 runs - GPU latency: 0.177466 ms - Host latency: 0.177466 ms (enqueue 0.105371 ms)
[03/03/2026-11:06:13] [I] Average on 10 runs - GPU latency: 0.176978 ms - Host latency: 0.176978 ms (enqueue 0.109961 ms)
[03/03/2026-11:06:13] [I] Average on 10 runs - GPU latency: 0.177246 ms - Host latency: 0.177246 ms (enqueue 0.10835 ms)
[03/03/2026-11:06:13] [I] Average on 10 runs - GPU latency: 0.176514 ms - Host latency: 0.176514 ms (enqueue 0.107983 ms)
[03/03/2026-11:06:13] [I] Average on 10 runs - GPU latency: 0.17666 ms - Host latency: 0.17666 ms (enqueue 0.102295 ms)
[03/03/2026-11:06:13] [I] Average on 10 runs - GPU latency: 0.177271 ms - Host latency: 0.177271 ms (enqueue 0.105518 ms)
[03/03/2026-11:06:13] [I] Average on 10 runs - GPU latency: 0.178125 ms - Host latency: 0.178125 ms (enqueue 0.10498 ms)
[03/03/2026-11:06:13] [I] Average on 10 runs - GPU latency: 0.177734 ms - Host latency: 0.177734 ms (enqueue 0.105029 ms)
[03/03/2026-11:06:13] [I] Average on 10 runs - GPU latency: 0.177051 ms - Host latency: 0.177051 ms (enqueue 0.10498 ms)
[03/03/2026-11:06:13] [I] Average on 10 runs - GPU latency: 0.177661 ms - Host latency: 0.177661 ms (enqueue 0.108813 ms)
[03/03/2026-11:06:13] [I] Average on 10 runs - GPU latency: 0.177466 ms - Host latency: 0.177466 ms (enqueue 0.104687 ms)
[03/03/2026-11:06:13] [I] Average on 10 runs - GPU latency: 0.177075 ms - Host latency: 0.177075 ms (enqueue 0.106567 ms)
[03/03/2026-11:06:13] [I] Average on 10 runs - GPU latency: 0.17688 ms - Host latency: 0.17688 ms (enqueue 0.106519 ms)
[03/03/2026-11:06:13] [I] Average on 10 runs - GPU latency: 0.177271 ms - Host latency: 0.177271 ms (enqueue 0.106299 ms)
[03/03/2026-11:06:13] [I] Average on 10 runs - GPU latency: 0.177954 ms - Host latency: 0.177954 ms (enqueue 0.104492 ms)
[03/03/2026-11:06:13] [I] Average on 10 runs - GPU latency: 0.177808 ms - Host latency: 0.177808 ms (enqueue 0.107007 ms)
[03/03/2026-11:06:13] [I] Average on 10 runs - GPU latency: 0.177661 ms - Host latency: 0.177661 ms (enqueue 0.104517 ms)
[03/03/2026-11:06:13] [I] Average on 10 runs - GPU latency: 0.176904 ms - Host latency: 0.176904 ms (enqueue 0.104932 ms)
[03/03/2026-11:06:13] [I] Average on 10 runs - GPU latency: 0.176929 ms - Host latency: 0.176929 ms (enqueue 0.106177 ms)
[03/03/2026-11:06:13] [I] Average on 10 runs - GPU latency: 0.177759 ms - Host latency: 0.177759 ms (enqueue 0.105249 ms)
[03/03/2026-11:06:13] [I] Average on 10 runs - GPU latency: 0.177271 ms - Host latency: 0.177271 ms (enqueue 0.108789 ms)
[03/03/2026-11:06:13] [I] Average on 10 runs - GPU latency: 0.177051 ms - Host latency: 0.177051 ms (enqueue 0.104321 ms)
[03/03/2026-11:06:13] [I] Average on 10 runs - GPU latency: 0.176831 ms - Host latency: 0.176831 ms (enqueue 0.107983 ms)
[03/03/2026-11:06:13] [I] Average on 10 runs - GPU latency: 0.177197 ms - Host latency: 0.177197 ms (enqueue 0.107666 ms)
[03/03/2026-11:06:13] [I] Average on 10 runs - GPU latency: 0.177246 ms - Host latency: 0.177246 ms (enqueue 0.106006 ms)
[03/03/2026-11:06:13] [I] Average on 10 runs - GPU latency: 0.178076 ms - Host latency: 0.178076 ms (enqueue 0.103369 ms)
[03/03/2026-11:06:13] [I] Average on 10 runs - GPU latency: 0.178076 ms - Host latency: 0.178076 ms (enqueue 0.103589 ms)
[03/03/2026-11:06:13] [I] Average on 10 runs - GPU latency: 0.178394 ms - Host latency: 0.178394 ms (enqueue 0.104639 ms)
[03/03/2026-11:06:13] [I] Average on 10 runs - GPU latency: 0.177588 ms - Host latency: 0.177588 ms (enqueue 0.104248 ms)
[03/03/2026-11:06:13] [I] Average on 10 runs - GPU latency: 0.176929 ms - Host latency: 0.176929 ms (enqueue 0.107861 ms)
[03/03/2026-11:06:13] [I] Average on 10 runs - GPU latency: 0.177393 ms - Host latency: 0.177393 ms (enqueue 0.110547 ms)
[03/03/2026-11:06:13] [I] Average on 10 runs - GPU latency: 0.176831 ms - Host latency: 0.176831 ms (enqueue 0.107788 ms)
[03/03/2026-11:06:13] [I] Average on 10 runs - GPU latency: 0.176709 ms - Host latency: 0.176709 ms (enqueue 0.106299 ms)
[03/03/2026-11:06:13] [I] Average on 10 runs - GPU latency: 0.176514 ms - Host latency: 0.176514 ms (enqueue 0.106616 ms)
[03/03/2026-11:06:13] [I] Average on 10 runs - GPU latency: 0.178052 ms - Host latency: 0.178052 ms (enqueue 0.107251 ms)
[03/03/2026-11:06:13] [I] Average on 10 runs - GPU latency: 0.176636 ms - Host latency: 0.176636 ms (enqueue 0.105713 ms)
[03/03/2026-11:06:13] [I] Average on 10 runs - GPU latency: 0.176465 ms - Host latency: 0.176465 ms (enqueue 0.10603 ms)
[03/03/2026-11:06:13] [I] Average on 10 runs - GPU latency: 0.176318 ms - Host latency: 0.176318 ms (enqueue 0.105176 ms)
[03/03/2026-11:06:13] [I] Average on 10 runs - GPU latency: 0.176196 ms - Host latency: 0.176196 ms (enqueue 0.104956 ms)
[03/03/2026-11:06:13] [I] Average on 10 runs - GPU latency: 0.176245 ms - Host latency: 0.176245 ms (enqueue 0.104297 ms)
[03/03/2026-11:06:13] [I] Average on 10 runs - GPU latency: 0.175781 ms - Host latency: 0.175781 ms (enqueue 0.109009 ms)
[03/03/2026-11:06:13] [I] Average on 10 runs - GPU latency: 0.17644 ms - Host latency: 0.17644 ms (enqueue 0.103857 ms)
[03/03/2026-11:06:13] [I] Average on 10 runs - GPU latency: 0.178345 ms - Host latency: 0.178345 ms (enqueue 0.106812 ms)
[03/03/2026-11:06:13] [I] Average on 10 runs - GPU latency: 0.177124 ms - Host latency: 0.177124 ms (enqueue 0.10603 ms)
[03/03/2026-11:06:13] [I] Average on 10 runs - GPU latency: 0.177368 ms - Host latency: 0.177368 ms (enqueue 0.105615 ms)
[03/03/2026-11:06:13] [I] Average on 10 runs - GPU latency: 0.1771 ms - Host latency: 0.1771 ms (enqueue 0.106885 ms)
[03/03/2026-11:06:13] [I] Average on 10 runs - GPU latency: 0.176392 ms - Host latency: 0.176392 ms (enqueue 0.104639 ms)
[03/03/2026-11:06:13] [I] Average on 10 runs - GPU latency: 0.178271 ms - Host latency: 0.178271 ms (enqueue 0.107959 ms)
[03/03/2026-11:06:13] [I] Average on 10 runs - GPU latency: 0.176953 ms - Host latency: 0.176953 ms (enqueue 0.105005 ms)
[03/03/2026-11:06:13] [I] Average on 10 runs - GPU latency: 0.176538 ms - Host latency: 0.176538 ms (enqueue 0.104272 ms)
[03/03/2026-11:06:13] [I] Average on 10 runs - GPU latency: 0.177441 ms - Host latency: 0.177441 ms (enqueue 0.104687 ms)
[03/03/2026-11:06:13] [I] Average on 10 runs - GPU latency: 0.177466 ms - Host latency: 0.177466 ms (enqueue 0.104834 ms)
[03/03/2026-11:06:13] [I] Average on 10 runs - GPU latency: 0.178906 ms - Host latency: 0.178906 ms (enqueue 0.102832 ms)
[03/03/2026-11:06:13] [I] Average on 10 runs - GPU latency: 0.175732 ms - Host latency: 0.175732 ms (enqueue 0.107642 ms)
[03/03/2026-11:06:13] [I] Average on 10 runs - GPU latency: 0.178735 ms - Host latency: 0.178735 ms (enqueue 0.103638 ms)
[03/03/2026-11:06:13] [I] Average on 10 runs - GPU latency: 0.178101 ms - Host latency: 0.178101 ms (enqueue 0.108423 ms)
[03/03/2026-11:06:13] [I] Average on 10 runs - GPU latency: 0.176123 ms - Host latency: 0.176123 ms (enqueue 0.10647 ms)
[03/03/2026-11:06:13] [I] Average on 10 runs - GPU latency: 0.175317 ms - Host latency: 0.175317 ms (enqueue 0.108496 ms)
[03/03/2026-11:06:13] [I] Average on 10 runs - GPU latency: 0.176929 ms - Host latency: 0.176929 ms (enqueue 0.103149 ms)
[03/03/2026-11:06:13] [I] Average on 10 runs - GPU latency: 0.177539 ms - Host latency: 0.177539 ms (enqueue 0.103564 ms)
[03/03/2026-11:06:13] [I] Average on 10 runs - GPU latency: 0.177222 ms - Host latency: 0.177222 ms (enqueue 0.105615 ms)
[03/03/2026-11:06:13] [I] Average on 10 runs - GPU latency: 0.176392 ms - Host latency: 0.176392 ms (enqueue 0.105591 ms)
[03/03/2026-11:06:13] [I] Average on 10 runs - GPU latency: 0.1771 ms - Host latency: 0.1771 ms (enqueue 0.106372 ms)
[03/03/2026-11:06:13] [I] Average on 10 runs - GPU latency: 0.177759 ms - Host latency: 0.177759 ms (enqueue 0.104614 ms)
[03/03/2026-11:06:13] [I] Average on 10 runs - GPU latency: 0.17832 ms - Host latency: 0.17832 ms (enqueue 0.105054 ms)
[03/03/2026-11:06:13] [I] Average on 10 runs - GPU latency: 0.178418 ms - Host latency: 0.178418 ms (enqueue 0.104419 ms)
[03/03/2026-11:06:13] [I] Average on 10 runs - GPU latency: 0.175439 ms - Host latency: 0.175439 ms (enqueue 0.105542 ms)
[03/03/2026-11:06:13] [I] Average on 10 runs - GPU latency: 0.177393 ms - Host latency: 0.177393 ms (enqueue 0.105322 ms)
[03/03/2026-11:06:13] [I] Average on 10 runs - GPU latency: 0.177832 ms - Host latency: 0.177832 ms (enqueue 0.106494 ms)
[03/03/2026-11:06:13] [I] Average on 10 runs - GPU latency: 0.176025 ms - Host latency: 0.176025 ms (enqueue 0.107373 ms)
[03/03/2026-11:06:13] [I] Average on 10 runs - GPU latency: 0.178125 ms - Host latency: 0.178125 ms (enqueue 0.104492 ms)
[03/03/2026-11:06:13] [I] Average on 10 runs - GPU latency: 0.176172 ms - Host latency: 0.176172 ms (enqueue 0.104858 ms)
[03/03/2026-11:06:13] [I] Average on 10 runs - GPU latency: 0.177417 ms - Host latency: 0.177417 ms (enqueue 0.10542 ms)
[03/03/2026-11:06:13] [I] Average on 10 runs - GPU latency: 0.177661 ms - Host latency: 0.177661 ms (enqueue 0.106421 ms)
[03/03/2026-11:06:13] [I] Average on 10 runs - GPU latency: 0.176538 ms - Host latency: 0.176538 ms (enqueue 0.106323 ms)
[03/03/2026-11:06:13] [I] Average on 10 runs - GPU latency: 0.17666 ms - Host latency: 0.17666 ms (enqueue 0.104004 ms)
[03/03/2026-11:06:13] [I] Average on 10 runs - GPU latency: 0.177539 ms - Host latency: 0.177539 ms (enqueue 0.104468 ms)
[03/03/2026-11:06:13] [I] Average on 10 runs - GPU latency: 0.176416 ms - Host latency: 0.176416 ms (enqueue 0.104321 ms)
[03/03/2026-11:06:13] [I] Average on 10 runs - GPU latency: 0.177661 ms - Host latency: 0.177661 ms (enqueue 0.105786 ms)
[03/03/2026-11:06:13] [I] Average on 10 runs - GPU latency: 0.17771 ms - Host latency: 0.17771 ms (enqueue 0.107129 ms)
[03/03/2026-11:06:13] [I] Average on 10 runs - GPU latency: 0.175635 ms - Host latency: 0.175635 ms (enqueue 0.105273 ms)
[03/03/2026-11:06:13] [I] Average on 10 runs - GPU latency: 0.176636 ms - Host latency: 0.176636 ms (enqueue 0.106836 ms)
[03/03/2026-11:06:13] [I] Average on 10 runs - GPU latency: 0.177588 ms - Host latency: 0.177588 ms (enqueue 0.104419 ms)
[03/03/2026-11:06:13] [I] Average on 10 runs - GPU latency: 0.177881 ms - Host latency: 0.177881 ms (enqueue 0.105176 ms)
[03/03/2026-11:06:13] [I] Average on 10 runs - GPU latency: 0.176196 ms - Host latency: 0.176196 ms (enqueue 0.104736 ms)
[03/03/2026-11:06:13] [I] Average on 10 runs - GPU latency: 0.175977 ms - Host latency: 0.175977 ms (enqueue 0.104834 ms)
[03/03/2026-11:06:13] [I] Average on 10 runs - GPU latency: 0.177441 ms - Host latency: 0.177441 ms (enqueue 0.105933 ms)
[03/03/2026-11:06:13] [I] Average on 10 runs - GPU latency: 0.176294 ms - Host latency: 0.176294 ms (enqueue 0.10686 ms)
[03/03/2026-11:06:13] [I] Average on 10 runs - GPU latency: 0.176831 ms - Host latency: 0.176831 ms (enqueue 0.104956 ms)
[03/03/2026-11:06:13] [I] Average on 10 runs - GPU latency: 0.175977 ms - Host latency: 0.175977 ms (enqueue 0.107593 ms)
[03/03/2026-11:06:13] [I] Average on 10 runs - GPU latency: 0.178833 ms - Host latency: 0.178833 ms (enqueue 0.103687 ms)
[03/03/2026-11:06:13] [I] Average on 10 runs - GPU latency: 0.177002 ms - Host latency: 0.177002 ms (enqueue 0.107129 ms)
[03/03/2026-11:06:13] [I] Average on 10 runs - GPU latency: 0.176392 ms - Host latency: 0.176392 ms (enqueue 0.106812 ms)
[03/03/2026-11:06:13] [I] Average on 10 runs - GPU latency: 0.177246 ms - Host latency: 0.177246 ms (enqueue 0.108838 ms)
[03/03/2026-11:06:13] [I] Average on 10 runs - GPU latency: 0.177954 ms - Host latency: 0.177954 ms (enqueue 0.104419 ms)
[03/03/2026-11:06:13] [I] Average on 10 runs - GPU latency: 0.177222 ms - Host latency: 0.177222 ms (enqueue 0.105884 ms)
[03/03/2026-11:06:13] [I] Average on 10 runs - GPU latency: 0.176636 ms - Host latency: 0.176636 ms (enqueue 0.105664 ms)
[03/03/2026-11:06:13] [I] Average on 10 runs - GPU latency: 0.175562 ms - Host latency: 0.175562 ms (enqueue 0.105273 ms)
[03/03/2026-11:06:13] [I] Average on 10 runs - GPU latency: 0.177344 ms - Host latency: 0.177344 ms (enqueue 0.105664 ms)
[03/03/2026-11:06:13] [I] Average on 10 runs - GPU latency: 0.177002 ms - Host latency: 0.177002 ms (enqueue 0.103711 ms)
[03/03/2026-11:06:13] [I] Average on 10 runs - GPU latency: 0.176074 ms - Host latency: 0.176074 ms (enqueue 0.105835 ms)
[03/03/2026-11:06:13] [I] Average on 10 runs - GPU latency: 0.176758 ms - Host latency: 0.176758 ms (enqueue 0.107715 ms)
[03/03/2026-11:06:13] [I] Average on 10 runs - GPU latency: 0.176855 ms - Host latency: 0.176855 ms (enqueue 0.108301 ms)
[03/03/2026-11:06:13] [I] Average on 10 runs - GPU latency: 0.176245 ms - Host latency: 0.176245 ms (enqueue 0.107715 ms)
[03/03/2026-11:06:13] [I] Average on 10 runs - GPU latency: 0.177197 ms - Host latency: 0.177197 ms (enqueue 0.106812 ms)
[03/03/2026-11:06:13] [I] Average on 10 runs - GPU latency: 0.177637 ms - Host latency: 0.177637 ms (enqueue 0.109033 ms)
[03/03/2026-11:06:13] [I] Average on 10 runs - GPU latency: 0.17561 ms - Host latency: 0.17561 ms (enqueue 0.107007 ms)
[03/03/2026-11:06:13] [I] Average on 10 runs - GPU latency: 0.176611 ms - Host latency: 0.176611 ms (enqueue 0.107104 ms)
[03/03/2026-11:06:13] [I] Average on 10 runs - GPU latency: 0.178125 ms - Host latency: 0.178125 ms (enqueue 0.105762 ms)
[03/03/2026-11:06:13] [I] Average on 10 runs - GPU latency: 0.175586 ms - Host latency: 0.175586 ms (enqueue 0.10769 ms)
[03/03/2026-11:06:13] [I] Average on 10 runs - GPU latency: 0.177393 ms - Host latency: 0.177393 ms (enqueue 0.105786 ms)
[03/03/2026-11:06:13] [I] Average on 10 runs - GPU latency: 0.175879 ms - Host latency: 0.175879 ms (enqueue 0.108862 ms)
[03/03/2026-11:06:13] [I] Average on 10 runs - GPU latency: 0.176587 ms - Host latency: 0.176587 ms (enqueue 0.104639 ms)
[03/03/2026-11:06:13] [I] Average on 10 runs - GPU latency: 0.177026 ms - Host latency: 0.177026 ms (enqueue 0.105786 ms)
[03/03/2026-11:06:13] [I] Average on 10 runs - GPU latency: 0.178125 ms - Host latency: 0.178125 ms (enqueue 0.103662 ms)
[03/03/2026-11:06:13] [I] Average on 10 runs - GPU latency: 0.175659 ms - Host latency: 0.175659 ms (enqueue 0.106567 ms)
[03/03/2026-11:06:13] [I] Average on 10 runs - GPU latency: 0.177637 ms - Host latency: 0.177637 ms (enqueue 0.107935 ms)
[03/03/2026-11:06:13] [I] Average on 10 runs - GPU latency: 0.177075 ms - Host latency: 0.177075 ms (enqueue 0.106177 ms)
[03/03/2026-11:06:13] [I] Average on 10 runs - GPU latency: 0.177344 ms - Host latency: 0.177344 ms (enqueue 0.106104 ms)
[03/03/2026-11:06:13] [I] Average on 10 runs - GPU latency: 0.176978 ms - Host latency: 0.176978 ms (enqueue 0.103735 ms)
[03/03/2026-11:06:13] [I] Average on 10 runs - GPU latency: 0.177637 ms - Host latency: 0.177637 ms (enqueue 0.106201 ms)
[03/03/2026-11:06:13] [I] Average on 10 runs - GPU latency: 0.176367 ms - Host latency: 0.176367 ms (enqueue 0.105737 ms)
[03/03/2026-11:06:13] [I] Average on 10 runs - GPU latency: 0.177393 ms - Host latency: 0.177393 ms (enqueue 0.107446 ms)
[03/03/2026-11:06:13] [I] Average on 10 runs - GPU latency: 0.175464 ms - Host latency: 0.175464 ms (enqueue 0.107983 ms)
[03/03/2026-11:06:13] [I] Average on 10 runs - GPU latency: 0.177075 ms - Host latency: 0.177075 ms (enqueue 0.105273 ms)
[03/03/2026-11:06:13] [I] Average on 10 runs - GPU latency: 0.177979 ms - Host latency: 0.177979 ms (enqueue 0.106616 ms)
[03/03/2026-11:06:13] [I] Average on 10 runs - GPU latency: 0.176831 ms - Host latency: 0.176831 ms (enqueue 0.107788 ms)
[03/03/2026-11:06:13] [I] Average on 10 runs - GPU latency: 0.176392 ms - Host latency: 0.176392 ms (enqueue 0.107715 ms)
[03/03/2026-11:06:13] [I] Average on 10 runs - GPU latency: 0.177808 ms - Host latency: 0.177808 ms (enqueue 0.107202 ms)
[03/03/2026-11:06:13] [I] Average on 10 runs - GPU latency: 0.177295 ms - Host latency: 0.177295 ms (enqueue 0.109497 ms)
[03/03/2026-11:06:13] [I] Average on 10 runs - GPU latency: 0.177856 ms - Host latency: 0.177856 ms (enqueue 0.105444 ms)
[03/03/2026-11:06:13] [I] Average on 10 runs - GPU latency: 0.176904 ms - Host latency: 0.176904 ms (enqueue 0.105933 ms)
[03/03/2026-11:06:13] [I] Average on 10 runs - GPU latency: 0.176343 ms - Host latency: 0.176343 ms (enqueue 0.10564 ms)
[03/03/2026-11:06:13] [I] Average on 10 runs - GPU latency: 0.178149 ms - Host latency: 0.178149 ms (enqueue 0.104175 ms)
[03/03/2026-11:06:13] [I] Average on 10 runs - GPU latency: 0.177075 ms - Host latency: 0.177075 ms (enqueue 0.105298 ms)
[03/03/2026-11:06:13] [I] Average on 10 runs - GPU latency: 0.177612 ms - Host latency: 0.177612 ms (enqueue 0.104956 ms)
[03/03/2026-11:06:13] [I] Average on 10 runs - GPU latency: 0.179248 ms - Host latency: 0.179248 ms (enqueue 0.105493 ms)
[03/03/2026-11:06:13] [I] Average on 10 runs - GPU latency: 0.175732 ms - Host latency: 0.175732 ms (enqueue 0.10415 ms)
[03/03/2026-11:06:13] [I] Average on 10 runs - GPU latency: 0.17876 ms - Host latency: 0.17876 ms (enqueue 0.105444 ms)
[03/03/2026-11:06:13] [I] Average on 10 runs - GPU latency: 0.176221 ms - Host latency: 0.176221 ms (enqueue 0.107153 ms)
[03/03/2026-11:06:13] [I] Average on 10 runs - GPU latency: 0.178369 ms - Host latency: 0.178369 ms (enqueue 0.103149 ms)
[03/03/2026-11:06:13] [I] Average on 10 runs - GPU latency: 0.176245 ms - Host latency: 0.176245 ms (enqueue 0.106299 ms)
[03/03/2026-11:06:13] [I] Average on 10 runs - GPU latency: 0.177734 ms - Host latency: 0.177734 ms (enqueue 0.105005 ms)
[03/03/2026-11:06:13] [I] Average on 10 runs - GPU latency: 0.176001 ms - Host latency: 0.176001 ms (enqueue 0.10769 ms)
[03/03/2026-11:06:13] [I] Average on 10 runs - GPU latency: 0.177271 ms - Host latency: 0.177271 ms (enqueue 0.107007 ms)
[03/03/2026-11:06:13] [I] Average on 10 runs - GPU latency: 0.176855 ms - Host latency: 0.176855 ms (enqueue 0.106128 ms)
[03/03/2026-11:06:13] [I] Average on 10 runs - GPU latency: 0.17666 ms - Host latency: 0.17666 ms (enqueue 0.105103 ms)
[03/03/2026-11:06:13] [I] Average on 10 runs - GPU latency: 0.177783 ms - Host latency: 0.177783 ms (enqueue 0.103003 ms)
[03/03/2026-11:06:13] [I] Average on 10 runs - GPU latency: 0.176099 ms - Host latency: 0.176099 ms (enqueue 0.10752 ms)
[03/03/2026-11:06:13] [I] Average on 10 runs - GPU latency: 0.176758 ms - Host latency: 0.176758 ms (enqueue 0.108301 ms)
[03/03/2026-11:06:13] [I] Average on 10 runs - GPU latency: 0.177734 ms - Host latency: 0.177734 ms (enqueue 0.103247 ms)
[03/03/2026-11:06:13] [I] Average on 10 runs - GPU latency: 0.178931 ms - Host latency: 0.178931 ms (enqueue 0.10271 ms)
[03/03/2026-11:06:13] [I] Average on 10 runs - GPU latency: 0.176294 ms - Host latency: 0.176294 ms (enqueue 0.103003 ms)
[03/03/2026-11:06:13] [I] Average on 10 runs - GPU latency: 0.17666 ms - Host latency: 0.17666 ms (enqueue 0.105273 ms)
[03/03/2026-11:06:13] [I] Average on 10 runs - GPU latency: 0.176904 ms - Host latency: 0.176904 ms (enqueue 0.105981 ms)
[03/03/2026-11:06:13] [I] Average on 10 runs - GPU latency: 0.177515 ms - Host latency: 0.177515 ms (enqueue 0.101807 ms)
[03/03/2026-11:06:13] [I] Average on 10 runs - GPU latency: 0.177319 ms - Host latency: 0.177319 ms (enqueue 0.106763 ms)
[03/03/2026-11:06:13] [I] Average on 10 runs - GPU latency: 0.177026 ms - Host latency: 0.177026 ms (enqueue 0.104102 ms)
[03/03/2026-11:06:13] [I] Average on 10 runs - GPU latency: 0.175684 ms - Host latency: 0.175684 ms (enqueue 0.103638 ms)
[03/03/2026-11:06:13] [I] Average on 10 runs - GPU latency: 0.176025 ms - Host latency: 0.176025 ms (enqueue 0.105884 ms)
[03/03/2026-11:06:13] [I] Average on 10 runs - GPU latency: 0.175952 ms - Host latency: 0.175952 ms (enqueue 0.104663 ms)
[03/03/2026-11:06:13] [I] Average on 10 runs - GPU latency: 0.178223 ms - Host latency: 0.178223 ms (enqueue 0.106567 ms)
[03/03/2026-11:06:13] [I] Average on 10 runs - GPU latency: 0.17832 ms - Host latency: 0.17832 ms (enqueue 0.10459 ms)
[03/03/2026-11:06:13] [I] Average on 10 runs - GPU latency: 0.177466 ms - Host latency: 0.177466 ms (enqueue 0.10918 ms)
[03/03/2026-11:06:13] [I] Average on 10 runs - GPU latency: 0.177051 ms - Host latency: 0.177051 ms (enqueue 0.106299 ms)
[03/03/2026-11:06:13] [I] Average on 10 runs - GPU latency: 0.177002 ms - Host latency: 0.177002 ms (enqueue 0.106006 ms)
[03/03/2026-11:06:13] [I] Average on 10 runs - GPU latency: 0.176978 ms - Host latency: 0.176978 ms (enqueue 0.10708 ms)
[03/03/2026-11:06:13] [I] Average on 10 runs - GPU latency: 0.177124 ms - Host latency: 0.177124 ms (enqueue 0.108154 ms)
[03/03/2026-11:06:13] [I] Average on 10 runs - GPU latency: 0.176709 ms - Host latency: 0.176709 ms (enqueue 0.103052 ms)
[03/03/2026-11:06:13] [I] Average on 10 runs - GPU latency: 0.177612 ms - Host latency: 0.177612 ms (enqueue 0.108594 ms)
[03/03/2026-11:06:13] [I] Average on 10 runs - GPU latency: 0.177759 ms - Host latency: 0.177759 ms (enqueue 0.104248 ms)
[03/03/2026-11:06:13] [I] Average on 10 runs - GPU latency: 0.178296 ms - Host latency: 0.178296 ms (enqueue 0.10542 ms)
[03/03/2026-11:06:13] [I] Average on 10 runs - GPU latency: 0.176563 ms - Host latency: 0.176563 ms (enqueue 0.104517 ms)
[03/03/2026-11:06:13] [I] Average on 10 runs - GPU latency: 0.177881 ms - Host latency: 0.177881 ms (enqueue 0.106665 ms)
[03/03/2026-11:06:13] [I] Average on 10 runs - GPU latency: 0.177173 ms - Host latency: 0.177173 ms (enqueue 0.107788 ms)
[03/03/2026-11:06:13] [I] Average on 10 runs - GPU latency: 0.178076 ms - Host latency: 0.178076 ms (enqueue 0.104907 ms)
[03/03/2026-11:06:13] [I] Average on 10 runs - GPU latency: 0.177515 ms - Host latency: 0.177515 ms (enqueue 0.105835 ms)
[03/03/2026-11:06:13] [I] Average on 10 runs - GPU latency: 0.177368 ms - Host latency: 0.177368 ms (enqueue 0.104761 ms)
[03/03/2026-11:06:13] [I] Average on 10 runs - GPU latency: 0.176855 ms - Host latency: 0.176855 ms (enqueue 0.108105 ms)
[03/03/2026-11:06:13] [I] Average on 10 runs - GPU latency: 0.17666 ms - Host latency: 0.17666 ms (enqueue 0.10415 ms)
[03/03/2026-11:06:13] [I] Average on 10 runs - GPU latency: 0.176489 ms - Host latency: 0.176489 ms (enqueue 0.105518 ms)
[03/03/2026-11:06:13] [I] Average on 10 runs - GPU latency: 0.176636 ms - Host latency: 0.176636 ms (enqueue 0.107373 ms)
[03/03/2026-11:06:13] [I] Average on 10 runs - GPU latency: 0.176001 ms - Host latency: 0.176001 ms (enqueue 0.105762 ms)
[03/03/2026-11:06:13] [I] Average on 10 runs - GPU latency: 0.176489 ms - Host latency: 0.176489 ms (enqueue 0.107202 ms)
[03/03/2026-11:06:13] [I] Average on 10 runs - GPU latency: 0.175537 ms - Host latency: 0.175537 ms (enqueue 0.107422 ms)
[03/03/2026-11:06:13] [I] Average on 10 runs - GPU latency: 0.177759 ms - Host latency: 0.177759 ms (enqueue 0.100977 ms)
[03/03/2026-11:06:13] [I] Average on 10 runs - GPU latency: 0.177808 ms - Host latency: 0.177808 ms (enqueue 0.104053 ms)
[03/03/2026-11:06:13] [I] Average on 10 runs - GPU latency: 0.17876 ms - Host latency: 0.17876 ms (enqueue 0.10603 ms)
[03/03/2026-11:06:13] [I] Average on 10 runs - GPU latency: 0.177222 ms - Host latency: 0.177222 ms (enqueue 0.10625 ms)
[03/03/2026-11:06:13] [I] Average on 10 runs - GPU latency: 0.176221 ms - Host latency: 0.176221 ms (enqueue 0.105664 ms)
[03/03/2026-11:06:13] [I] Average on 10 runs - GPU latency: 0.176978 ms - Host latency: 0.176978 ms (enqueue 0.10603 ms)
[03/03/2026-11:06:13] [I] Average on 10 runs - GPU latency: 0.176758 ms - Host latency: 0.176758 ms (enqueue 0.102124 ms)
[03/03/2026-11:06:13] [I] Average on 10 runs - GPU latency: 0.178247 ms - Host latency: 0.178247 ms (enqueue 0.107471 ms)
[03/03/2026-11:06:13] [I] Average on 10 runs - GPU latency: 0.178198 ms - Host latency: 0.178198 ms (enqueue 0.10271 ms)
[03/03/2026-11:06:13] [I] Average on 10 runs - GPU latency: 0.177148 ms - Host latency: 0.177148 ms (enqueue 0.106201 ms)
[03/03/2026-11:06:13] [I] Average on 10 runs - GPU latency: 0.176538 ms - Host latency: 0.176538 ms (enqueue 0.1052 ms)
[03/03/2026-11:06:13] [I] Average on 10 runs - GPU latency: 0.17666 ms - Host latency: 0.17666 ms (enqueue 0.107813 ms)
[03/03/2026-11:06:13] [I] Average on 10 runs - GPU latency: 0.176196 ms - Host latency: 0.176196 ms (enqueue 0.10686 ms)
[03/03/2026-11:06:13] [I] Average on 10 runs - GPU latency: 0.177393 ms - Host latency: 0.177393 ms (enqueue 0.105737 ms)
[03/03/2026-11:06:13] [I] Average on 10 runs - GPU latency: 0.177368 ms - Host latency: 0.177368 ms (enqueue 0.107837 ms)
[03/03/2026-11:06:13] [I] Average on 10 runs - GPU latency: 0.176147 ms - Host latency: 0.176147 ms (enqueue 0.107104 ms)
[03/03/2026-11:06:13] [I] Average on 10 runs - GPU latency: 0.175854 ms - Host latency: 0.175854 ms (enqueue 0.10752 ms)
[03/03/2026-11:06:13] [I] Average on 10 runs - GPU latency: 0.179736 ms - Host latency: 0.179736 ms (enqueue 0.10271 ms)
[03/03/2026-11:06:13] [I] Average on 10 runs - GPU latency: 0.17749 ms - Host latency: 0.17749 ms (enqueue 0.106738 ms)
[03/03/2026-11:06:13] [I] Average on 10 runs - GPU latency: 0.178955 ms - Host latency: 0.178955 ms (enqueue 0.101733 ms)
[03/03/2026-11:06:13] [I] Average on 10 runs - GPU latency: 0.178345 ms - Host latency: 0.178345 ms (enqueue 0.102661 ms)
[03/03/2026-11:06:13] [I] Average on 10 runs - GPU latency: 0.178687 ms - Host latency: 0.178687 ms (enqueue 0.104077 ms)
[03/03/2026-11:06:13] [I] Average on 10 runs - GPU latency: 0.177271 ms - Host latency: 0.177271 ms (enqueue 0.106372 ms)
[03/03/2026-11:06:13] [I] Average on 10 runs - GPU latency: 0.175122 ms - Host latency: 0.175122 ms (enqueue 0.104932 ms)
[03/03/2026-11:06:13] [I] Average on 10 runs - GPU latency: 0.178687 ms - Host latency: 0.178687 ms (enqueue 0.103223 ms)
[03/03/2026-11:06:13] [I] Average on 10 runs - GPU latency: 0.176514 ms - Host latency: 0.176514 ms (enqueue 0.108545 ms)
[03/03/2026-11:06:13] [I] Average on 10 runs - GPU latency: 0.177759 ms - Host latency: 0.177759 ms (enqueue 0.107275 ms)
[03/03/2026-11:06:13] [I] Average on 10 runs - GPU latency: 0.177661 ms - Host latency: 0.177661 ms (enqueue 0.107959 ms)
[03/03/2026-11:06:13] [I] Average on 10 runs - GPU latency: 0.178003 ms - Host latency: 0.178003 ms (enqueue 0.103784 ms)
[03/03/2026-11:06:13] [I] Average on 10 runs - GPU latency: 0.178076 ms - Host latency: 0.178076 ms (enqueue 0.104419 ms)
[03/03/2026-11:06:13] [I] Average on 10 runs - GPU latency: 0.177002 ms - Host latency: 0.177002 ms (enqueue 0.104541 ms)
[03/03/2026-11:06:13] [I] Average on 10 runs - GPU latency: 0.178125 ms - Host latency: 0.178125 ms (enqueue 0.105933 ms)
[03/03/2026-11:06:13] [I] Average on 10 runs - GPU latency: 0.178979 ms - Host latency: 0.178979 ms (enqueue 0.103345 ms)
[03/03/2026-11:06:13] [I] Average on 10 runs - GPU latency: 0.177881 ms - Host latency: 0.177881 ms (enqueue 0.104077 ms)
[03/03/2026-11:06:13] [I] Average on 10 runs - GPU latency: 0.176807 ms - Host latency: 0.176807 ms (enqueue 0.1073 ms)
[03/03/2026-11:06:13] [I] Average on 10 runs - GPU latency: 0.178833 ms - Host latency: 0.178833 ms (enqueue 0.103223 ms)
[03/03/2026-11:06:13] [I] Average on 10 runs - GPU latency: 0.17627 ms - Host latency: 0.17627 ms (enqueue 0.105103 ms)
[03/03/2026-11:06:13] [I] Average on 10 runs - GPU latency: 0.177319 ms - Host latency: 0.177319 ms (enqueue 0.105273 ms)
[03/03/2026-11:06:13] [I] Average on 10 runs - GPU latency: 0.17771 ms - Host latency: 0.17771 ms (enqueue 0.102295 ms)
[03/03/2026-11:06:13] [I] Average on 10 runs - GPU latency: 0.176733 ms - Host latency: 0.176733 ms (enqueue 0.104858 ms)
[03/03/2026-11:06:13] [I] Average on 10 runs - GPU latency: 0.177759 ms - Host latency: 0.177759 ms (enqueue 0.103418 ms)
[03/03/2026-11:06:13] [I] Average on 10 runs - GPU latency: 0.17666 ms - Host latency: 0.17666 ms (enqueue 0.105396 ms)
[03/03/2026-11:06:13] [I] Average on 10 runs - GPU latency: 0.177124 ms - Host latency: 0.177124 ms (enqueue 0.108008 ms)
[03/03/2026-11:06:13] [I] Average on 10 runs - GPU latency: 0.176782 ms - Host latency: 0.176782 ms (enqueue 0.105151 ms)
[03/03/2026-11:06:13] [I] Average on 10 runs - GPU latency: 0.176929 ms - Host latency: 0.176929 ms (enqueue 0.101611 ms)
[03/03/2026-11:06:13] [I] Average on 10 runs - GPU latency: 0.176636 ms - Host latency: 0.176636 ms (enqueue 0.105688 ms)
[03/03/2026-11:06:13] [I] Average on 10 runs - GPU latency: 0.178101 ms - Host latency: 0.178101 ms (enqueue 0.103467 ms)
[03/03/2026-11:06:13] [I] Average on 10 runs - GPU latency: 0.176782 ms - Host latency: 0.176782 ms (enqueue 0.106274 ms)
[03/03/2026-11:06:13] [I] Average on 10 runs - GPU latency: 0.178271 ms - Host latency: 0.178271 ms (enqueue 0.102832 ms)
[03/03/2026-11:06:13] [I] Average on 10 runs - GPU latency: 0.177271 ms - Host latency: 0.177271 ms (enqueue 0.105151 ms)
[03/03/2026-11:06:13] [I] Average on 10 runs - GPU latency: 0.177148 ms - Host latency: 0.177148 ms (enqueue 0.105688 ms)
[03/03/2026-11:06:13] [I] Average on 10 runs - GPU latency: 0.17749 ms - Host latency: 0.17749 ms (enqueue 0.105127 ms)
[03/03/2026-11:06:13] [I] Average on 10 runs - GPU latency: 0.176489 ms - Host latency: 0.176489 ms (enqueue 0.104346 ms)
[03/03/2026-11:06:13] [I] Average on 10 runs - GPU latency: 0.177612 ms - Host latency: 0.177612 ms (enqueue 0.105054 ms)
[03/03/2026-11:06:13] [I] Average on 10 runs - GPU latency: 0.177319 ms - Host latency: 0.177319 ms (enqueue 0.108911 ms)
[03/03/2026-11:06:13] [I] Average on 10 runs - GPU latency: 0.177588 ms - Host latency: 0.177588 ms (enqueue 0.107935 ms)
[03/03/2026-11:06:13] [I] Average on 10 runs - GPU latency: 0.177441 ms - Host latency: 0.177441 ms (enqueue 0.106372 ms)
[03/03/2026-11:06:13] [I] Average on 10 runs - GPU latency: 0.175732 ms - Host latency: 0.175732 ms (enqueue 0.106763 ms)
[03/03/2026-11:06:13] [I] Average on 10 runs - GPU latency: 0.177954 ms - Host latency: 0.177954 ms (enqueue 0.105078 ms)
[03/03/2026-11:06:13] [I] Average on 10 runs - GPU latency: 0.177979 ms - Host latency: 0.177979 ms (enqueue 0.103638 ms)
[03/03/2026-11:06:13] [I] Average on 10 runs - GPU latency: 0.176294 ms - Host latency: 0.176294 ms (enqueue 0.109302 ms)
[03/03/2026-11:06:13] [I] Average on 10 runs - GPU latency: 0.176685 ms - Host latency: 0.176685 ms (enqueue 0.10835 ms)
[03/03/2026-11:06:13] [I] Average on 10 runs - GPU latency: 0.177319 ms - Host latency: 0.177319 ms (enqueue 0.107153 ms)
[03/03/2026-11:06:13] [I] Average on 10 runs - GPU latency: 0.176392 ms - Host latency: 0.176392 ms (enqueue 0.106055 ms)
[03/03/2026-11:06:13] [I] Average on 10 runs - GPU latency: 0.176343 ms - Host latency: 0.176343 ms (enqueue 0.109937 ms)
[03/03/2026-11:06:13] [I] Average on 10 runs - GPU latency: 0.17666 ms - Host latency: 0.17666 ms (enqueue 0.106299 ms)
[03/03/2026-11:06:13] [I] Average on 10 runs - GPU latency: 0.176978 ms - Host latency: 0.176978 ms (enqueue 0.106079 ms)
[03/03/2026-11:06:13] [I] Average on 10 runs - GPU latency: 0.176929 ms - Host latency: 0.176929 ms (enqueue 0.109595 ms)
[03/03/2026-11:06:13] [I] Average on 10 runs - GPU latency: 0.176294 ms - Host latency: 0.176294 ms (enqueue 0.106274 ms)
[03/03/2026-11:06:13] [I] Average on 10 runs - GPU latency: 0.176953 ms - Host latency: 0.176953 ms (enqueue 0.107544 ms)
[03/03/2026-11:06:13] [I] Average on 10 runs - GPU latency: 0.179297 ms - Host latency: 0.179297 ms (enqueue 0.104492 ms)
[03/03/2026-11:06:13] [I] Average on 10 runs - GPU latency: 0.175708 ms - Host latency: 0.175708 ms (enqueue 0.106226 ms)
[03/03/2026-11:06:13] [I] Average on 10 runs - GPU latency: 0.17605 ms - Host latency: 0.17605 ms (enqueue 0.108887 ms)
[03/03/2026-11:06:13] [I] Average on 10 runs - GPU latency: 0.176807 ms - Host latency: 0.176807 ms (enqueue 0.107349 ms)
[03/03/2026-11:06:13] [I] Average on 10 runs - GPU latency: 0.177197 ms - Host latency: 0.177197 ms (enqueue 0.107202 ms)
[03/03/2026-11:06:13] [I] Average on 10 runs - GPU latency: 0.176685 ms - Host latency: 0.176685 ms (enqueue 0.105078 ms)
[03/03/2026-11:06:13] [I] Average on 10 runs - GPU latency: 0.175757 ms - Host latency: 0.175757 ms (enqueue 0.106445 ms)
[03/03/2026-11:06:13] [I] Average on 10 runs - GPU latency: 0.17688 ms - Host latency: 0.17688 ms (enqueue 0.106006 ms)
[03/03/2026-11:06:13] [I] Average on 10 runs - GPU latency: 0.176416 ms - Host latency: 0.176416 ms (enqueue 0.105688 ms)
[03/03/2026-11:06:13] [I] Average on 10 runs - GPU latency: 0.177124 ms - Host latency: 0.177124 ms (enqueue 0.109326 ms)
[03/03/2026-11:06:13] [I] Average on 10 runs - GPU latency: 0.176172 ms - Host latency: 0.176172 ms (enqueue 0.10542 ms)
[03/03/2026-11:06:13] [I] Average on 10 runs - GPU latency: 0.1771 ms - Host latency: 0.1771 ms (enqueue 0.10625 ms)
[03/03/2026-11:06:13] [I] Average on 10 runs - GPU latency: 0.177124 ms - Host latency: 0.177124 ms (enqueue 0.107593 ms)
[03/03/2026-11:06:13] [I] Average on 10 runs - GPU latency: 0.178442 ms - Host latency: 0.178442 ms (enqueue 0.10896 ms)
[03/03/2026-11:06:13] [I] Average on 10 runs - GPU latency: 0.177417 ms - Host latency: 0.177417 ms (enqueue 0.105322 ms)
[03/03/2026-11:06:13] [I] Average on 10 runs - GPU latency: 0.176636 ms - Host latency: 0.176636 ms (enqueue 0.10835 ms)
[03/03/2026-11:06:13] [I] Average on 10 runs - GPU latency: 0.176831 ms - Host latency: 0.176831 ms (enqueue 0.10708 ms)
[03/03/2026-11:06:13] [I] Average on 10 runs - GPU latency: 0.177197 ms - Host latency: 0.177197 ms (enqueue 0.107007 ms)
[03/03/2026-11:06:13] [I] Average on 10 runs - GPU latency: 0.177124 ms - Host latency: 0.177124 ms (enqueue 0.104395 ms)
[03/03/2026-11:06:13] [I] Average on 10 runs - GPU latency: 0.176318 ms - Host latency: 0.176318 ms (enqueue 0.10813 ms)
[03/03/2026-11:06:13] [I] Average on 10 runs - GPU latency: 0.175537 ms - Host latency: 0.175537 ms (enqueue 0.106616 ms)
[03/03/2026-11:06:13] [I] Average on 10 runs - GPU latency: 0.176563 ms - Host latency: 0.176563 ms (enqueue 0.102759 ms)
[03/03/2026-11:06:13] [I] Average on 10 runs - GPU latency: 0.176538 ms - Host latency: 0.176538 ms (enqueue 0.108862 ms)
[03/03/2026-11:06:13] [I] Average on 10 runs - GPU latency: 0.176855 ms - Host latency: 0.176855 ms (enqueue 0.10498 ms)
[03/03/2026-11:06:13] [I] Average on 10 runs - GPU latency: 0.178052 ms - Host latency: 0.178052 ms (enqueue 0.103784 ms)
[03/03/2026-11:06:13] [I] Average on 10 runs - GPU latency: 0.178687 ms - Host latency: 0.178687 ms (enqueue 0.106372 ms)
[03/03/2026-11:06:13] [I] Average on 10 runs - GPU latency: 0.177759 ms - Host latency: 0.177759 ms (enqueue 0.109204 ms)
[03/03/2026-11:06:13] [I] Average on 10 runs - GPU latency: 0.176953 ms - Host latency: 0.176953 ms (enqueue 0.107007 ms)
[03/03/2026-11:06:13] [I] Average on 10 runs - GPU latency: 0.176318 ms - Host latency: 0.176318 ms (enqueue 0.106445 ms)
[03/03/2026-11:06:13] [I] Average on 10 runs - GPU latency: 0.176563 ms - Host latency: 0.176563 ms (enqueue 0.104272 ms)
[03/03/2026-11:06:13] [I] Average on 10 runs - GPU latency: 0.178052 ms - Host latency: 0.178052 ms (enqueue 0.107861 ms)
[03/03/2026-11:06:13] [I] Average on 10 runs - GPU latency: 0.176685 ms - Host latency: 0.176685 ms (enqueue 0.10708 ms)
[03/03/2026-11:06:13] [I] Average on 10 runs - GPU latency: 0.176953 ms - Host latency: 0.176953 ms (enqueue 0.105469 ms)
[03/03/2026-11:06:13] [I] Average on 10 runs - GPU latency: 0.175488 ms - Host latency: 0.175488 ms (enqueue 0.10647 ms)
[03/03/2026-11:06:13] [I] Average on 10 runs - GPU latency: 0.178638 ms - Host latency: 0.178638 ms (enqueue 0.104858 ms)
[03/03/2026-11:06:13] [I] Average on 10 runs - GPU latency: 0.177246 ms - Host latency: 0.177246 ms (enqueue 0.104175 ms)
[03/03/2026-11:06:13] [I] Average on 10 runs - GPU latency: 0.176221 ms - Host latency: 0.176221 ms (enqueue 0.104687 ms)
[03/03/2026-11:06:13] [I] Average on 10 runs - GPU latency: 0.177637 ms - Host latency: 0.177637 ms (enqueue 0.104883 ms)
[03/03/2026-11:06:13] [I] Average on 10 runs - GPU latency: 0.176929 ms - Host latency: 0.176929 ms (enqueue 0.103955 ms)
[03/03/2026-11:06:13] [I] Average on 10 runs - GPU latency: 0.176978 ms - Host latency: 0.176978 ms (enqueue 0.104541 ms)
[03/03/2026-11:06:13] [I] Average on 10 runs - GPU latency: 0.176807 ms - Host latency: 0.176807 ms (enqueue 0.10769 ms)
[03/03/2026-11:06:13] [I] Average on 10 runs - GPU latency: 0.177856 ms - Host latency: 0.177856 ms (enqueue 0.105469 ms)
[03/03/2026-11:06:13] [I] Average on 10 runs - GPU latency: 0.177393 ms - Host latency: 0.177393 ms (enqueue 0.107446 ms)
[03/03/2026-11:06:13] [I] Average on 10 runs - GPU latency: 0.179639 ms - Host latency: 0.179639 ms (enqueue 0.103882 ms)
[03/03/2026-11:06:13] [I] Average on 10 runs - GPU latency: 0.175708 ms - Host latency: 0.175708 ms (enqueue 0.107593 ms)
[03/03/2026-11:06:13] [I] Average on 10 runs - GPU latency: 0.17688 ms - Host latency: 0.17688 ms (enqueue 0.106055 ms)
[03/03/2026-11:06:13] [I] Average on 10 runs - GPU latency: 0.177539 ms - Host latency: 0.177539 ms (enqueue 0.105249 ms)
[03/03/2026-11:06:13] [I] Average on 10 runs - GPU latency: 0.177783 ms - Host latency: 0.177783 ms (enqueue 0.103711 ms)
[03/03/2026-11:06:13] [I] Average on 10 runs - GPU latency: 0.178809 ms - Host latency: 0.178809 ms (enqueue 0.105322 ms)
[03/03/2026-11:06:13] [I] Average on 10 runs - GPU latency: 0.178345 ms - Host latency: 0.178345 ms (enqueue 0.102954 ms)
[03/03/2026-11:06:13] [I] Average on 10 runs - GPU latency: 0.178198 ms - Host latency: 0.178198 ms (enqueue 0.106274 ms)
[03/03/2026-11:06:13] [I] Average on 10 runs - GPU latency: 0.178271 ms - Host latency: 0.178271 ms (enqueue 0.106958 ms)
[03/03/2026-11:06:13] [I] Average on 10 runs - GPU latency: 0.178052 ms - Host latency: 0.178052 ms (enqueue 0.103833 ms)
[03/03/2026-11:06:13] [I] Average on 10 runs - GPU latency: 0.177002 ms - Host latency: 0.177002 ms (enqueue 0.105103 ms)
[03/03/2026-11:06:13] [I] Average on 10 runs - GPU latency: 0.177783 ms - Host latency: 0.177783 ms (enqueue 0.106616 ms)
[03/03/2026-11:06:13] [I] Average on 10 runs - GPU latency: 0.177417 ms - Host latency: 0.177417 ms (enqueue 0.105664 ms)
[03/03/2026-11:06:13] [I] Average on 10 runs - GPU latency: 0.176709 ms - Host latency: 0.176709 ms (enqueue 0.105078 ms)
[03/03/2026-11:06:13] [I] Average on 10 runs - GPU latency: 0.176099 ms - Host latency: 0.176099 ms (enqueue 0.106543 ms)
[03/03/2026-11:06:13] [I] Average on 10 runs - GPU latency: 0.176416 ms - Host latency: 0.176416 ms (enqueue 0.105737 ms)
[03/03/2026-11:06:13] [I] Average on 10 runs - GPU latency: 0.176929 ms - Host latency: 0.176929 ms (enqueue 0.105151 ms)
[03/03/2026-11:06:13] [I] Average on 10 runs - GPU latency: 0.179028 ms - Host latency: 0.179028 ms (enqueue 0.104785 ms)
[03/03/2026-11:06:13] [I] Average on 10 runs - GPU latency: 0.176978 ms - Host latency: 0.176978 ms (enqueue 0.105322 ms)
[03/03/2026-11:06:13] [I] Average on 10 runs - GPU latency: 0.177344 ms - Host latency: 0.177344 ms (enqueue 0.10769 ms)
[03/03/2026-11:06:13] [I] Average on 10 runs - GPU latency: 0.17688 ms - Host latency: 0.17688 ms (enqueue 0.106689 ms)
[03/03/2026-11:06:13] [I] Average on 10 runs - GPU latency: 0.176636 ms - Host latency: 0.176636 ms (enqueue 0.106812 ms)
[03/03/2026-11:06:13] [I] Average on 10 runs - GPU latency: 0.177661 ms - Host latency: 0.177661 ms (enqueue 0.104663 ms)
[03/03/2026-11:06:13] [I] Average on 10 runs - GPU latency: 0.176758 ms - Host latency: 0.176758 ms (enqueue 0.106665 ms)
[03/03/2026-11:06:13] [I] Average on 10 runs - GPU latency: 0.177539 ms - Host latency: 0.177539 ms (enqueue 0.103906 ms)
[03/03/2026-11:06:13] [I] Average on 10 runs - GPU latency: 0.176685 ms - Host latency: 0.176685 ms (enqueue 0.102905 ms)
[03/03/2026-11:06:13] [I] Average on 10 runs - GPU latency: 0.179297 ms - Host latency: 0.179297 ms (enqueue 0.102759 ms)
[03/03/2026-11:06:13] [I] Average on 10 runs - GPU latency: 0.177051 ms - Host latency: 0.177051 ms (enqueue 0.10564 ms)
[03/03/2026-11:06:13] [I] Average on 10 runs - GPU latency: 0.176636 ms - Host latency: 0.176636 ms (enqueue 0.108545 ms)
[03/03/2026-11:06:13] [I] Average on 10 runs - GPU latency: 0.178369 ms - Host latency: 0.178369 ms (enqueue 0.106104 ms)
[03/03/2026-11:06:13] [I] Average on 10 runs - GPU latency: 0.177368 ms - Host latency: 0.177368 ms (enqueue 0.104419 ms)
[03/03/2026-11:06:13] [I] Average on 10 runs - GPU latency: 0.177246 ms - Host latency: 0.177246 ms (enqueue 0.104883 ms)
[03/03/2026-11:06:13] [I] Average on 10 runs - GPU latency: 0.176392 ms - Host latency: 0.176392 ms (enqueue 0.108228 ms)
[03/03/2026-11:06:13] [I] Average on 10 runs - GPU latency: 0.178198 ms - Host latency: 0.178198 ms (enqueue 0.104517 ms)
[03/03/2026-11:06:13] [I] Average on 10 runs - GPU latency: 0.176416 ms - Host latency: 0.176416 ms (enqueue 0.107739 ms)
[03/03/2026-11:06:13] [I] Average on 10 runs - GPU latency: 0.1771 ms - Host latency: 0.1771 ms (enqueue 0.105981 ms)
[03/03/2026-11:06:13] [I] Average on 10 runs - GPU latency: 0.177075 ms - Host latency: 0.177075 ms (enqueue 0.105493 ms)
[03/03/2026-11:06:13] [I] Average on 10 runs - GPU latency: 0.175586 ms - Host latency: 0.175586 ms (enqueue 0.107544 ms)
[03/03/2026-11:06:13] [I] Average on 10 runs - GPU latency: 0.177344 ms - Host latency: 0.177344 ms (enqueue 0.105444 ms)
[03/03/2026-11:06:13] [I] Average on 10 runs - GPU latency: 0.177026 ms - Host latency: 0.177026 ms (enqueue 0.108081 ms)
[03/03/2026-11:06:13] [I] Average on 10 runs - GPU latency: 0.177197 ms - Host latency: 0.177197 ms (enqueue 0.106421 ms)
[03/03/2026-11:06:13] [I] Average on 10 runs - GPU latency: 0.176025 ms - Host latency: 0.176025 ms (enqueue 0.109277 ms)
[03/03/2026-11:06:13] [I] Average on 10 runs - GPU latency: 0.176514 ms - Host latency: 0.176514 ms (enqueue 0.106592 ms)
[03/03/2026-11:06:13] [I] Average on 10 runs - GPU latency: 0.176465 ms - Host latency: 0.176465 ms (enqueue 0.108423 ms)
[03/03/2026-11:06:13] [I] Average on 10 runs - GPU latency: 0.178198 ms - Host latency: 0.178198 ms (enqueue 0.105371 ms)
[03/03/2026-11:06:13] [I] Average on 10 runs - GPU latency: 0.175757 ms - Host latency: 0.175757 ms (enqueue 0.104907 ms)
[03/03/2026-11:06:13] [I] Average on 10 runs - GPU latency: 0.176782 ms - Host latency: 0.176782 ms (enqueue 0.10647 ms)
[03/03/2026-11:06:13] [I] Average on 10 runs - GPU latency: 0.175439 ms - Host latency: 0.175439 ms (enqueue 0.105249 ms)
[03/03/2026-11:06:13] [I] Average on 10 runs - GPU latency: 0.177441 ms - Host latency: 0.177441 ms (enqueue 0.104883 ms)
[03/03/2026-11:06:13] [I] Average on 10 runs - GPU latency: 0.177759 ms - Host latency: 0.177759 ms (enqueue 0.10415 ms)
[03/03/2026-11:06:13] [I] Average on 10 runs - GPU latency: 0.175928 ms - Host latency: 0.175928 ms (enqueue 0.106641 ms)
[03/03/2026-11:06:13] [I] Average on 10 runs - GPU latency: 0.177808 ms - Host latency: 0.177808 ms (enqueue 0.103662 ms)
[03/03/2026-11:06:13] [I] Average on 10 runs - GPU latency: 0.175537 ms - Host latency: 0.175537 ms (enqueue 0.111597 ms)
[03/03/2026-11:06:13] [I] Average on 10 runs - GPU latency: 0.177075 ms - Host latency: 0.177075 ms (enqueue 0.10625 ms)
[03/03/2026-11:06:13] [I] Average on 10 runs - GPU latency: 0.176733 ms - Host latency: 0.176733 ms (enqueue 0.104053 ms)
[03/03/2026-11:06:13] [I] Average on 10 runs - GPU latency: 0.176587 ms - Host latency: 0.176587 ms (enqueue 0.109204 ms)
[03/03/2026-11:06:13] [I] Average on 10 runs - GPU latency: 0.177588 ms - Host latency: 0.177588 ms (enqueue 0.106567 ms)
[03/03/2026-11:06:13] [I] Average on 10 runs - GPU latency: 0.177832 ms - Host latency: 0.177832 ms (enqueue 0.106543 ms)
[03/03/2026-11:06:13] [I] Average on 10 runs - GPU latency: 0.178369 ms - Host latency: 0.178369 ms (enqueue 0.108472 ms)
[03/03/2026-11:06:13] [I] Average on 10 runs - GPU latency: 0.178296 ms - Host latency: 0.178296 ms (enqueue 0.108105 ms)
[03/03/2026-11:06:13] [I] Average on 10 runs - GPU latency: 0.177734 ms - Host latency: 0.177734 ms (enqueue 0.103125 ms)
[03/03/2026-11:06:13] [I] Average on 10 runs - GPU latency: 0.177734 ms - Host latency: 0.177734 ms (enqueue 0.104663 ms)
[03/03/2026-11:06:13] [I] Average on 10 runs - GPU latency: 0.178247 ms - Host latency: 0.178247 ms (enqueue 0.10332 ms)
[03/03/2026-11:06:13] [I] Average on 10 runs - GPU latency: 0.176733 ms - Host latency: 0.176733 ms (enqueue 0.106299 ms)
[03/03/2026-11:06:13] [I] Average on 10 runs - GPU latency: 0.178101 ms - Host latency: 0.178101 ms (enqueue 0.10498 ms)
[03/03/2026-11:06:13] [I] Average on 10 runs - GPU latency: 0.176904 ms - Host latency: 0.176904 ms (enqueue 0.106958 ms)
[03/03/2026-11:06:13] [I] Average on 10 runs - GPU latency: 0.177539 ms - Host latency: 0.177539 ms (enqueue 0.105151 ms)
[03/03/2026-11:06:13] [I] Average on 10 runs - GPU latency: 0.176514 ms - Host latency: 0.176514 ms (enqueue 0.106445 ms)
[03/03/2026-11:06:13] [I] Average on 10 runs - GPU latency: 0.176611 ms - Host latency: 0.176611 ms (enqueue 0.105176 ms)
[03/03/2026-11:06:13] [I] Average on 10 runs - GPU latency: 0.177026 ms - Host latency: 0.177026 ms (enqueue 0.106226 ms)
[03/03/2026-11:06:13] [I] Average on 10 runs - GPU latency: 0.176123 ms - Host latency: 0.176123 ms (enqueue 0.106006 ms)
[03/03/2026-11:06:13] [I] Average on 10 runs - GPU latency: 0.178101 ms - Host latency: 0.178101 ms (enqueue 0.10481 ms)
[03/03/2026-11:06:13] [I] Average on 10 runs - GPU latency: 0.177881 ms - Host latency: 0.177881 ms (enqueue 0.106226 ms)
[03/03/2026-11:06:13] [I] Average on 10 runs - GPU latency: 0.177368 ms - Host latency: 0.177368 ms (enqueue 0.106836 ms)
[03/03/2026-11:06:13] [I] Average on 10 runs - GPU latency: 0.177588 ms - Host latency: 0.177588 ms (enqueue 0.106348 ms)
[03/03/2026-11:06:13] [I] Average on 10 runs - GPU latency: 0.177222 ms - Host latency: 0.177222 ms (enqueue 0.10603 ms)
[03/03/2026-11:06:13] [I] Average on 10 runs - GPU latency: 0.176392 ms - Host latency: 0.176392 ms (enqueue 0.10542 ms)
[03/03/2026-11:06:13] [I] Average on 10 runs - GPU latency: 0.178735 ms - Host latency: 0.178735 ms (enqueue 0.104932 ms)
[03/03/2026-11:06:13] [I] Average on 10 runs - GPU latency: 0.17771 ms - Host latency: 0.17771 ms (enqueue 0.103784 ms)
[03/03/2026-11:06:13] [I] Average on 10 runs - GPU latency: 0.178271 ms - Host latency: 0.178271 ms (enqueue 0.105933 ms)
[03/03/2026-11:06:13] [I] Average on 10 runs - GPU latency: 0.175928 ms - Host latency: 0.175928 ms (enqueue 0.106177 ms)
[03/03/2026-11:06:13] [I] Average on 10 runs - GPU latency: 0.178149 ms - Host latency: 0.178149 ms (enqueue 0.104492 ms)
[03/03/2026-11:06:13] [I] Average on 10 runs - GPU latency: 0.17771 ms - Host latency: 0.17771 ms (enqueue 0.105127 ms)
[03/03/2026-11:06:13] [I] Average on 10 runs - GPU latency: 0.177075 ms - Host latency: 0.177075 ms (enqueue 0.103857 ms)
[03/03/2026-11:06:13] [I] Average on 10 runs - GPU latency: 0.176172 ms - Host latency: 0.176172 ms (enqueue 0.106543 ms)
[03/03/2026-11:06:13] [I] Average on 10 runs - GPU latency: 0.176514 ms - Host latency: 0.176514 ms (enqueue 0.105469 ms)
[03/03/2026-11:06:13] [I] Average on 10 runs - GPU latency: 0.176807 ms - Host latency: 0.176807 ms (enqueue 0.109375 ms)
[03/03/2026-11:06:13] [I] Average on 10 runs - GPU latency: 0.177856 ms - Host latency: 0.177856 ms (enqueue 0.105127 ms)
[03/03/2026-11:06:13] [I] Average on 10 runs - GPU latency: 0.177539 ms - Host latency: 0.177539 ms (enqueue 0.107617 ms)
[03/03/2026-11:06:13] [I] Average on 10 runs - GPU latency: 0.176855 ms - Host latency: 0.176855 ms (enqueue 0.104663 ms)
[03/03/2026-11:06:13] [I] Average on 10 runs - GPU latency: 0.177393 ms - Host latency: 0.177393 ms (enqueue 0.103101 ms)
[03/03/2026-11:06:13] [I] Average on 10 runs - GPU latency: 0.1771 ms - Host latency: 0.1771 ms (enqueue 0.103931 ms)
[03/03/2026-11:06:13] [I] Average on 10 runs - GPU latency: 0.177368 ms - Host latency: 0.177368 ms (enqueue 0.104736 ms)
[03/03/2026-11:06:13] [I] Average on 10 runs - GPU latency: 0.178125 ms - Host latency: 0.178125 ms (enqueue 0.107666 ms)
[03/03/2026-11:06:13] [I] Average on 10 runs - GPU latency: 0.177124 ms - Host latency: 0.177124 ms (enqueue 0.104565 ms)
[03/03/2026-11:06:13] [I] Average on 10 runs - GPU latency: 0.177271 ms - Host latency: 0.177271 ms (enqueue 0.105347 ms)
[03/03/2026-11:06:13] [I] Average on 10 runs - GPU latency: 0.175757 ms - Host latency: 0.175757 ms (enqueue 0.103442 ms)
[03/03/2026-11:06:13] [I] Average on 10 runs - GPU latency: 0.177515 ms - Host latency: 0.177515 ms (enqueue 0.102051 ms)
[03/03/2026-11:06:13] [I] Average on 10 runs - GPU latency: 0.177637 ms - Host latency: 0.177637 ms (enqueue 0.103491 ms)
[03/03/2026-11:06:13] [I] Average on 10 runs - GPU latency: 0.178174 ms - Host latency: 0.178174 ms (enqueue 0.104761 ms)
[03/03/2026-11:06:13] [I] Average on 10 runs - GPU latency: 0.177563 ms - Host latency: 0.177563 ms (enqueue 0.104028 ms)
[03/03/2026-11:06:13] [I] Average on 10 runs - GPU latency: 0.1771 ms - Host latency: 0.1771 ms (enqueue 0.104639 ms)
[03/03/2026-11:06:13] [I] Average on 10 runs - GPU latency: 0.177222 ms - Host latency: 0.177222 ms (enqueue 0.107227 ms)
[03/03/2026-11:06:13] [I] Average on 10 runs - GPU latency: 0.17561 ms - Host latency: 0.17561 ms (enqueue 0.105151 ms)
[03/03/2026-11:06:13] [I] Average on 10 runs - GPU latency: 0.177759 ms - Host latency: 0.177759 ms (enqueue 0.104346 ms)
[03/03/2026-11:06:13] [I] Average on 10 runs - GPU latency: 0.177832 ms - Host latency: 0.177832 ms (enqueue 0.105713 ms)
[03/03/2026-11:06:13] [I] Average on 10 runs - GPU latency: 0.177686 ms - Host latency: 0.177686 ms (enqueue 0.10647 ms)
[03/03/2026-11:06:13] [I] Average on 10 runs - GPU latency: 0.175879 ms - Host latency: 0.175879 ms (enqueue 0.106494 ms)
[03/03/2026-11:06:13] [I] Average on 10 runs - GPU latency: 0.177417 ms - Host latency: 0.177417 ms (enqueue 0.106519 ms)
[03/03/2026-11:06:13] [I] Average on 10 runs - GPU latency: 0.177588 ms - Host latency: 0.177588 ms (enqueue 0.105444 ms)
[03/03/2026-11:06:13] [I] Average on 10 runs - GPU latency: 0.177368 ms - Host latency: 0.177368 ms (enqueue 0.107349 ms)
[03/03/2026-11:06:13] [I] Average on 10 runs - GPU latency: 0.176514 ms - Host latency: 0.176514 ms (enqueue 0.106006 ms)
[03/03/2026-11:06:13] [I] Average on 10 runs - GPU latency: 0.176855 ms - Host latency: 0.176855 ms (enqueue 0.104907 ms)
[03/03/2026-11:06:13] [I] Average on 10 runs - GPU latency: 0.177368 ms - Host latency: 0.177368 ms (enqueue 0.109595 ms)
[03/03/2026-11:06:13] [I] Average on 10 runs - GPU latency: 0.177881 ms - Host latency: 0.177881 ms (enqueue 0.104883 ms)
[03/03/2026-11:06:13] [I] Average on 10 runs - GPU latency: 0.177197 ms - Host latency: 0.177197 ms (enqueue 0.110352 ms)
[03/03/2026-11:06:13] [I] Average on 10 runs - GPU latency: 0.177808 ms - Host latency: 0.177808 ms (enqueue 0.105688 ms)
[03/03/2026-11:06:13] [I] Average on 10 runs - GPU latency: 0.177979 ms - Host latency: 0.177979 ms (enqueue 0.104883 ms)
[03/03/2026-11:06:13] [I] Average on 10 runs - GPU latency: 0.175586 ms - Host latency: 0.175586 ms (enqueue 0.105762 ms)
[03/03/2026-11:06:13] [I] Average on 10 runs - GPU latency: 0.176587 ms - Host latency: 0.176587 ms (enqueue 0.106079 ms)
[03/03/2026-11:06:13] [I] Average on 10 runs - GPU latency: 0.177002 ms - Host latency: 0.177002 ms (enqueue 0.104614 ms)
[03/03/2026-11:06:13] [I] Average on 10 runs - GPU latency: 0.176611 ms - Host latency: 0.176611 ms (enqueue 0.104517 ms)
[03/03/2026-11:06:13] [I] Average on 10 runs - GPU latency: 0.177295 ms - Host latency: 0.177295 ms (enqueue 0.111523 ms)
[03/03/2026-11:06:13] [I] Average on 10 runs - GPU latency: 0.176758 ms - Host latency: 0.176758 ms (enqueue 0.107666 ms)
[03/03/2026-11:06:13] [I] Average on 10 runs - GPU latency: 0.176758 ms - Host latency: 0.176758 ms (enqueue 0.105469 ms)
[03/03/2026-11:06:13] [I] Average on 10 runs - GPU latency: 0.178076 ms - Host latency: 0.178076 ms (enqueue 0.107715 ms)
[03/03/2026-11:06:13] [I] Average on 10 runs - GPU latency: 0.178076 ms - Host latency: 0.178076 ms (enqueue 0.108032 ms)
[03/03/2026-11:06:13] [I] Average on 10 runs - GPU latency: 0.176758 ms - Host latency: 0.176758 ms (enqueue 0.104956 ms)
[03/03/2026-11:06:13] [I] Average on 10 runs - GPU latency: 0.177734 ms - Host latency: 0.177734 ms (enqueue 0.108496 ms)
[03/03/2026-11:06:13] [I] Average on 10 runs - GPU latency: 0.17688 ms - Host latency: 0.17688 ms (enqueue 0.104761 ms)
[03/03/2026-11:06:13] [I] Average on 10 runs - GPU latency: 0.176489 ms - Host latency: 0.176489 ms (enqueue 0.107275 ms)
[03/03/2026-11:06:13] [I] Average on 10 runs - GPU latency: 0.176611 ms - Host latency: 0.176611 ms (enqueue 0.107544 ms)
[03/03/2026-11:06:13] [I] Average on 10 runs - GPU latency: 0.177026 ms - Host latency: 0.177026 ms (enqueue 0.107642 ms)
[03/03/2026-11:06:13] [I] Average on 10 runs - GPU latency: 0.177539 ms - Host latency: 0.177539 ms (enqueue 0.108203 ms)
[03/03/2026-11:06:13] [I] Average on 10 runs - GPU latency: 0.176782 ms - Host latency: 0.176782 ms (enqueue 0.106958 ms)
[03/03/2026-11:06:13] [I] Average on 10 runs - GPU latency: 0.177661 ms - Host latency: 0.177661 ms (enqueue 0.106445 ms)
[03/03/2026-11:06:13] [I] Average on 10 runs - GPU latency: 0.180273 ms - Host latency: 0.180273 ms (enqueue 0.103467 ms)
[03/03/2026-11:06:13] [I] Average on 10 runs - GPU latency: 0.176733 ms - Host latency: 0.176733 ms (enqueue 0.105737 ms)
[03/03/2026-11:06:13] [I] Average on 10 runs - GPU latency: 0.176221 ms - Host latency: 0.176221 ms (enqueue 0.106104 ms)
[03/03/2026-11:06:13] [I] Average on 10 runs - GPU latency: 0.177173 ms - Host latency: 0.177173 ms (enqueue 0.107373 ms)
[03/03/2026-11:06:13] [I] Average on 10 runs - GPU latency: 0.177539 ms - Host latency: 0.177539 ms (enqueue 0.103809 ms)
[03/03/2026-11:06:13] [I] Average on 10 runs - GPU latency: 0.178174 ms - Host latency: 0.178174 ms (enqueue 0.106763 ms)
[03/03/2026-11:06:13] [I] Average on 10 runs - GPU latency: 0.176367 ms - Host latency: 0.176367 ms (enqueue 0.104199 ms)
[03/03/2026-11:06:13] [I] Average on 10 runs - GPU latency: 0.177222 ms - Host latency: 0.177222 ms (enqueue 0.102417 ms)
[03/03/2026-11:06:13] [I] Average on 10 runs - GPU latency: 0.177441 ms - Host latency: 0.177441 ms (enqueue 0.103394 ms)
[03/03/2026-11:06:13] [I] Average on 10 runs - GPU latency: 0.177222 ms - Host latency: 0.177222 ms (enqueue 0.104297 ms)
[03/03/2026-11:06:13] [I] Average on 10 runs - GPU latency: 0.177563 ms - Host latency: 0.177563 ms (enqueue 0.101978 ms)
[03/03/2026-11:06:13] [I] Average on 10 runs - GPU latency: 0.178882 ms - Host latency: 0.178882 ms (enqueue 0.101782 ms)
[03/03/2026-11:06:13] [I] Average on 10 runs - GPU latency: 0.177344 ms - Host latency: 0.177344 ms (enqueue 0.105371 ms)
[03/03/2026-11:06:13] [I] Average on 10 runs - GPU latency: 0.177661 ms - Host latency: 0.177661 ms (enqueue 0.10105 ms)
[03/03/2026-11:06:13] [I] Average on 10 runs - GPU latency: 0.176587 ms - Host latency: 0.176587 ms (enqueue 0.105884 ms)
[03/03/2026-11:06:13] [I] Average on 10 runs - GPU latency: 0.177856 ms - Host latency: 0.177856 ms (enqueue 0.103442 ms)
[03/03/2026-11:06:13] [I] Average on 10 runs - GPU latency: 0.177563 ms - Host latency: 0.177563 ms (enqueue 0.104492 ms)
[03/03/2026-11:06:13] [I] Average on 10 runs - GPU latency: 0.177271 ms - Host latency: 0.177271 ms (enqueue 0.105298 ms)
[03/03/2026-11:06:13] [I] Average on 10 runs - GPU latency: 0.176392 ms - Host latency: 0.176392 ms (enqueue 0.104443 ms)
[03/03/2026-11:06:13] [I] Average on 10 runs - GPU latency: 0.177905 ms - Host latency: 0.177905 ms (enqueue 0.106445 ms)
[03/03/2026-11:06:13] [I] Average on 10 runs - GPU latency: 0.177808 ms - Host latency: 0.177808 ms (enqueue 0.103198 ms)
[03/03/2026-11:06:13] [I] Average on 10 runs - GPU latency: 0.178125 ms - Host latency: 0.178125 ms (enqueue 0.105835 ms)
[03/03/2026-11:06:13] [I] Average on 10 runs - GPU latency: 0.176147 ms - Host latency: 0.176147 ms (enqueue 0.105811 ms)
[03/03/2026-11:06:13] [I] Average on 10 runs - GPU latency: 0.179272 ms - Host latency: 0.179272 ms (enqueue 0.107324 ms)
[03/03/2026-11:06:13] [I] Average on 10 runs - GPU latency: 0.176685 ms - Host latency: 0.176685 ms (enqueue 0.105542 ms)
[03/03/2026-11:06:13] [I] Average on 10 runs - GPU latency: 0.178125 ms - Host latency: 0.178125 ms (enqueue 0.106006 ms)
[03/03/2026-11:06:13] [I] Average on 10 runs - GPU latency: 0.17832 ms - Host latency: 0.17832 ms (enqueue 0.104517 ms)
[03/03/2026-11:06:13] [I] Average on 10 runs - GPU latency: 0.178271 ms - Host latency: 0.178271 ms (enqueue 0.102588 ms)
[03/03/2026-11:06:13] [I] Average on 10 runs - GPU latency: 0.17688 ms - Host latency: 0.17688 ms (enqueue 0.105786 ms)
[03/03/2026-11:06:13] [I] Average on 10 runs - GPU latency: 0.176343 ms - Host latency: 0.176343 ms (enqueue 0.107104 ms)
[03/03/2026-11:06:13] [I] Average on 10 runs - GPU latency: 0.1771 ms - Host latency: 0.1771 ms (enqueue 0.10498 ms)
[03/03/2026-11:06:13] [I] Average on 10 runs - GPU latency: 0.177124 ms - Host latency: 0.177124 ms (enqueue 0.105762 ms)
[03/03/2026-11:06:13] [I] Average on 10 runs - GPU latency: 0.176807 ms - Host latency: 0.176807 ms (enqueue 0.104395 ms)
[03/03/2026-11:06:13] [I] Average on 10 runs - GPU latency: 0.177783 ms - Host latency: 0.177783 ms (enqueue 0.104883 ms)
[03/03/2026-11:06:13] [I] Average on 10 runs - GPU latency: 0.176978 ms - Host latency: 0.176978 ms (enqueue 0.105981 ms)
[03/03/2026-11:06:13] [I] Average on 10 runs - GPU latency: 0.176172 ms - Host latency: 0.176172 ms (enqueue 0.105957 ms)
[03/03/2026-11:06:13] [I] Average on 10 runs - GPU latency: 0.1771 ms - Host latency: 0.1771 ms (enqueue 0.103223 ms)
[03/03/2026-11:06:13] [I] Average on 10 runs - GPU latency: 0.177417 ms - Host latency: 0.177417 ms (enqueue 0.105811 ms)
[03/03/2026-11:06:13] [I] Average on 10 runs - GPU latency: 0.176855 ms - Host latency: 0.176855 ms (enqueue 0.103296 ms)
[03/03/2026-11:06:13] [I] Average on 10 runs - GPU latency: 0.177783 ms - Host latency: 0.177783 ms (enqueue 0.104614 ms)
[03/03/2026-11:06:13] [I] Average on 10 runs - GPU latency: 0.17793 ms - Host latency: 0.17793 ms (enqueue 0.104102 ms)
[03/03/2026-11:06:13] [I] Average on 10 runs - GPU latency: 0.177734 ms - Host latency: 0.177734 ms (enqueue 0.103442 ms)
[03/03/2026-11:06:13] [I] Average on 10 runs - GPU latency: 0.177173 ms - Host latency: 0.177173 ms (enqueue 0.102979 ms)
[03/03/2026-11:06:13] [I] Average on 10 runs - GPU latency: 0.177686 ms - Host latency: 0.177686 ms (enqueue 0.108301 ms)
[03/03/2026-11:06:13] [I] Average on 10 runs - GPU latency: 0.176904 ms - Host latency: 0.176904 ms (enqueue 0.101953 ms)
[03/03/2026-11:06:13] [I] Average on 10 runs - GPU latency: 0.17644 ms - Host latency: 0.17644 ms (enqueue 0.106323 ms)
[03/03/2026-11:06:13] [I] Average on 10 runs - GPU latency: 0.17688 ms - Host latency: 0.17688 ms (enqueue 0.106348 ms)
[03/03/2026-11:06:13] [I] Average on 10 runs - GPU latency: 0.177344 ms - Host latency: 0.177344 ms (enqueue 0.105176 ms)
[03/03/2026-11:06:13] [I] Average on 10 runs - GPU latency: 0.176514 ms - Host latency: 0.176514 ms (enqueue 0.10813 ms)
[03/03/2026-11:06:13] [I] Average on 10 runs - GPU latency: 0.176514 ms - Host latency: 0.176514 ms (enqueue 0.104346 ms)
[03/03/2026-11:06:13] [I] Average on 10 runs - GPU latency: 0.177295 ms - Host latency: 0.177295 ms (enqueue 0.106226 ms)
[03/03/2026-11:06:13] [I] Average on 10 runs - GPU latency: 0.176636 ms - Host latency: 0.176636 ms (enqueue 0.104199 ms)
[03/03/2026-11:06:13] [I] Average on 10 runs - GPU latency: 0.178101 ms - Host latency: 0.178101 ms (enqueue 0.104297 ms)
[03/03/2026-11:06:13] [I] Average on 10 runs - GPU latency: 0.176221 ms - Host latency: 0.176221 ms (enqueue 0.104224 ms)
[03/03/2026-11:06:13] [I] Average on 10 runs - GPU latency: 0.177002 ms - Host latency: 0.177002 ms (enqueue 0.105981 ms)
[03/03/2026-11:06:13] [I] Average on 10 runs - GPU latency: 0.177295 ms - Host latency: 0.177295 ms (enqueue 0.104883 ms)
[03/03/2026-11:06:13] [I] Average on 10 runs - GPU latency: 0.176587 ms - Host latency: 0.176587 ms (enqueue 0.105688 ms)
[03/03/2026-11:06:13] [I] Average on 10 runs - GPU latency: 0.176685 ms - Host latency: 0.176685 ms (enqueue 0.107373 ms)
[03/03/2026-11:06:13] [I] Average on 10 runs - GPU latency: 0.176392 ms - Host latency: 0.176392 ms (enqueue 0.103027 ms)
[03/03/2026-11:06:13] [I] Average on 10 runs - GPU latency: 0.176978 ms - Host latency: 0.176978 ms (enqueue 0.10437 ms)
[03/03/2026-11:06:13] [I] Average on 10 runs - GPU latency: 0.177344 ms - Host latency: 0.177344 ms (enqueue 0.102295 ms)
[03/03/2026-11:06:13] [I] Average on 10 runs - GPU latency: 0.176733 ms - Host latency: 0.176733 ms (enqueue 0.107739 ms)
[03/03/2026-11:06:13] [I] Average on 10 runs - GPU latency: 0.177515 ms - Host latency: 0.177515 ms (enqueue 0.104565 ms)
[03/03/2026-11:06:13] [I] Average on 10 runs - GPU latency: 0.17666 ms - Host latency: 0.17666 ms (enqueue 0.108862 ms)
[03/03/2026-11:06:13] [I] Average on 10 runs - GPU latency: 0.178223 ms - Host latency: 0.178223 ms (enqueue 0.102637 ms)
[03/03/2026-11:06:13] [I] Average on 10 runs - GPU latency: 0.177563 ms - Host latency: 0.177563 ms (enqueue 0.101147 ms)
[03/03/2026-11:06:13] [I] Average on 10 runs - GPU latency: 0.177539 ms - Host latency: 0.177539 ms (enqueue 0.102832 ms)
[03/03/2026-11:06:13] [I] Average on 10 runs - GPU latency: 0.176025 ms - Host latency: 0.176025 ms (enqueue 0.107837 ms)
[03/03/2026-11:06:13] [I] Average on 10 runs - GPU latency: 0.177246 ms - Host latency: 0.177246 ms (enqueue 0.106909 ms)
[03/03/2026-11:06:13] [I] Average on 10 runs - GPU latency: 0.177563 ms - Host latency: 0.177563 ms (enqueue 0.103979 ms)
[03/03/2026-11:06:13] [I] Average on 10 runs - GPU latency: 0.176294 ms - Host latency: 0.176294 ms (enqueue 0.104712 ms)
[03/03/2026-11:06:13] [I] Average on 10 runs - GPU latency: 0.177148 ms - Host latency: 0.177148 ms (enqueue 0.106152 ms)
[03/03/2026-11:06:13] [I] Average on 10 runs - GPU latency: 0.179492 ms - Host latency: 0.179492 ms (enqueue 0.102661 ms)
[03/03/2026-11:06:13] [I] Average on 10 runs - GPU latency: 0.177563 ms - Host latency: 0.177563 ms (enqueue 0.104419 ms)
[03/03/2026-11:06:13] [I] Average on 10 runs - GPU latency: 0.17561 ms - Host latency: 0.17561 ms (enqueue 0.103955 ms)
[03/03/2026-11:06:13] [I] Average on 10 runs - GPU latency: 0.176416 ms - Host latency: 0.176416 ms (enqueue 0.104663 ms)
[03/03/2026-11:06:13] [I] Average on 10 runs - GPU latency: 0.176904 ms - Host latency: 0.176904 ms (enqueue 0.10542 ms)
[03/03/2026-11:06:13] [I] Average on 10 runs - GPU latency: 0.177881 ms - Host latency: 0.177881 ms (enqueue 0.104395 ms)
[03/03/2026-11:06:13] [I] Average on 10 runs - GPU latency: 0.177002 ms - Host latency: 0.177002 ms (enqueue 0.106104 ms)
[03/03/2026-11:06:13] [I] Average on 10 runs - GPU latency: 0.177124 ms - Host latency: 0.177124 ms (enqueue 0.106909 ms)
[03/03/2026-11:06:13] [I] Average on 10 runs - GPU latency: 0.177344 ms - Host latency: 0.177344 ms (enqueue 0.102954 ms)
[03/03/2026-11:06:13] [I] Average on 10 runs - GPU latency: 0.177832 ms - Host latency: 0.177832 ms (enqueue 0.10376 ms)
[03/03/2026-11:06:13] [I] Average on 10 runs - GPU latency: 0.17749 ms - Host latency: 0.17749 ms (enqueue 0.103955 ms)
[03/03/2026-11:06:13] [I] Average on 10 runs - GPU latency: 0.176758 ms - Host latency: 0.176758 ms (enqueue 0.105396 ms)
[03/03/2026-11:06:13] [I] Average on 10 runs - GPU latency: 0.177075 ms - Host latency: 0.177075 ms (enqueue 0.107349 ms)
[03/03/2026-11:06:13] [I] Average on 10 runs - GPU latency: 0.177905 ms - Host latency: 0.177905 ms (enqueue 0.10293 ms)
[03/03/2026-11:06:13] [I] Average on 10 runs - GPU latency: 0.176538 ms - Host latency: 0.176538 ms (enqueue 0.103613 ms)
[03/03/2026-11:06:13] [I] Average on 10 runs - GPU latency: 0.177612 ms - Host latency: 0.177612 ms (enqueue 0.105078 ms)
[03/03/2026-11:06:13] [I] Average on 10 runs - GPU latency: 0.176001 ms - Host latency: 0.176001 ms (enqueue 0.107056 ms)
[03/03/2026-11:06:13] [I] Average on 10 runs - GPU latency: 0.177026 ms - Host latency: 0.177026 ms (enqueue 0.107373 ms)
[03/03/2026-11:06:13] [I] Average on 10 runs - GPU latency: 0.176782 ms - Host latency: 0.176782 ms (enqueue 0.109375 ms)
[03/03/2026-11:06:13] [I] Average on 10 runs - GPU latency: 0.177393 ms - Host latency: 0.177393 ms (enqueue 0.105884 ms)
[03/03/2026-11:06:13] [I] Average on 10 runs - GPU latency: 0.177002 ms - Host latency: 0.177002 ms (enqueue 0.104712 ms)
[03/03/2026-11:06:13] [I] Average on 10 runs - GPU latency: 0.177393 ms - Host latency: 0.177393 ms (enqueue 0.105713 ms)
[03/03/2026-11:06:13] [I] Average on 10 runs - GPU latency: 0.177026 ms - Host latency: 0.177026 ms (enqueue 0.109302 ms)
[03/03/2026-11:06:13] [I] Average on 10 runs - GPU latency: 0.178027 ms - Host latency: 0.178027 ms (enqueue 0.107275 ms)
[03/03/2026-11:06:13] [I] Average on 10 runs - GPU latency: 0.177539 ms - Host latency: 0.177539 ms (enqueue 0.103784 ms)
[03/03/2026-11:06:13] [I] Average on 10 runs - GPU latency: 0.178296 ms - Host latency: 0.178296 ms (enqueue 0.107739 ms)
[03/03/2026-11:06:13] [I] Average on 10 runs - GPU latency: 0.175562 ms - Host latency: 0.175562 ms (enqueue 0.106006 ms)
[03/03/2026-11:06:13] [I] Average on 10 runs - GPU latency: 0.177686 ms - Host latency: 0.177686 ms (enqueue 0.106885 ms)
[03/03/2026-11:06:13] [I] Average on 10 runs - GPU latency: 0.177759 ms - Host latency: 0.177759 ms (enqueue 0.103809 ms)
[03/03/2026-11:06:13] [I] Average on 10 runs - GPU latency: 0.177197 ms - Host latency: 0.177197 ms (enqueue 0.108765 ms)
[03/03/2026-11:06:13] [I] Average on 10 runs - GPU latency: 0.178125 ms - Host latency: 0.178125 ms (enqueue 0.102539 ms)
[03/03/2026-11:06:13] [I] Average on 10 runs - GPU latency: 0.177808 ms - Host latency: 0.177808 ms (enqueue 0.103027 ms)
[03/03/2026-11:06:13] [I] Average on 10 runs - GPU latency: 0.176929 ms - Host latency: 0.176929 ms (enqueue 0.104541 ms)
[03/03/2026-11:06:13] [I] Average on 10 runs - GPU latency: 0.178027 ms - Host latency: 0.178027 ms (enqueue 0.104639 ms)
[03/03/2026-11:06:13] [I] Average on 10 runs - GPU latency: 0.178345 ms - Host latency: 0.178345 ms (enqueue 0.104126 ms)
[03/03/2026-11:06:13] [I] Average on 10 runs - GPU latency: 0.17561 ms - Host latency: 0.17561 ms (enqueue 0.105078 ms)
[03/03/2026-11:06:13] [I] Average on 10 runs - GPU latency: 0.176709 ms - Host latency: 0.176709 ms (enqueue 0.107788 ms)
[03/03/2026-11:06:13] [I] Average on 10 runs - GPU latency: 0.17771 ms - Host latency: 0.17771 ms (enqueue 0.103418 ms)
[03/03/2026-11:06:13] [I] Average on 10 runs - GPU latency: 0.176367 ms - Host latency: 0.176367 ms (enqueue 0.107959 ms)
[03/03/2026-11:06:13] [I] Average on 10 runs - GPU latency: 0.177393 ms - Host latency: 0.177393 ms (enqueue 0.107666 ms)
[03/03/2026-11:06:13] [I] Average on 10 runs - GPU latency: 0.17688 ms - Host latency: 0.17688 ms (enqueue 0.103882 ms)
[03/03/2026-11:06:13] [I] Average on 10 runs - GPU latency: 0.177783 ms - Host latency: 0.177783 ms (enqueue 0.102295 ms)
[03/03/2026-11:06:13] [I] Average on 10 runs - GPU latency: 0.176929 ms - Host latency: 0.176929 ms (enqueue 0.104932 ms)
[03/03/2026-11:06:13] [I] Average on 10 runs - GPU latency: 0.178052 ms - Host latency: 0.178052 ms (enqueue 0.104687 ms)
[03/03/2026-11:06:13] [I] Average on 10 runs - GPU latency: 0.176587 ms - Host latency: 0.176587 ms (enqueue 0.105444 ms)
[03/03/2026-11:06:13] [I] Average on 10 runs - GPU latency: 0.177954 ms - Host latency: 0.177954 ms (enqueue 0.107251 ms)
[03/03/2026-11:06:13] [I] Average on 10 runs - GPU latency: 0.177856 ms - Host latency: 0.177856 ms (enqueue 0.102808 ms)
[03/03/2026-11:06:13] [I] Average on 10 runs - GPU latency: 0.178345 ms - Host latency: 0.178345 ms (enqueue 0.103687 ms)
[03/03/2026-11:06:13] [I] Average on 10 runs - GPU latency: 0.177441 ms - Host latency: 0.177441 ms (enqueue 0.106836 ms)
[03/03/2026-11:06:13] [I] Average on 10 runs - GPU latency: 0.176855 ms - Host latency: 0.176855 ms (enqueue 0.106689 ms)
[03/03/2026-11:06:13] [I] Average on 10 runs - GPU latency: 0.177393 ms - Host latency: 0.177393 ms (enqueue 0.106787 ms)
[03/03/2026-11:06:13] [I] Average on 10 runs - GPU latency: 0.178052 ms - Host latency: 0.178052 ms (enqueue 0.102563 ms)
[03/03/2026-11:06:13] [I] Average on 10 runs - GPU latency: 0.179443 ms - Host latency: 0.179443 ms (enqueue 0.105396 ms)
[03/03/2026-11:06:13] [I] Average on 10 runs - GPU latency: 0.176855 ms - Host latency: 0.176855 ms (enqueue 0.106885 ms)
[03/03/2026-11:06:13] [I] Average on 10 runs - GPU latency: 0.178149 ms - Host latency: 0.178149 ms (enqueue 0.104346 ms)
[03/03/2026-11:06:13] [I] Average on 10 runs - GPU latency: 0.17561 ms - Host latency: 0.17561 ms (enqueue 0.104224 ms)
[03/03/2026-11:06:13] [I] Average on 10 runs - GPU latency: 0.177637 ms - Host latency: 0.177637 ms (enqueue 0.104492 ms)
[03/03/2026-11:06:13] [I] Average on 10 runs - GPU latency: 0.177563 ms - Host latency: 0.177563 ms (enqueue 0.106128 ms)
[03/03/2026-11:06:13] [I] Average on 10 runs - GPU latency: 0.175513 ms - Host latency: 0.175513 ms (enqueue 0.104956 ms)
[03/03/2026-11:06:13] [I] Average on 10 runs - GPU latency: 0.177979 ms - Host latency: 0.177979 ms (enqueue 0.104199 ms)
[03/03/2026-11:06:13] [I] Average on 10 runs - GPU latency: 0.176978 ms - Host latency: 0.176978 ms (enqueue 0.10271 ms)
[03/03/2026-11:06:13] [I] Average on 10 runs - GPU latency: 0.178418 ms - Host latency: 0.178418 ms (enqueue 0.106323 ms)
[03/03/2026-11:06:13] [I] Average on 10 runs - GPU latency: 0.177832 ms - Host latency: 0.177832 ms (enqueue 0.102393 ms)
[03/03/2026-11:06:13] [I] Average on 10 runs - GPU latency: 0.177734 ms - Host latency: 0.177734 ms (enqueue 0.104541 ms)
[03/03/2026-11:06:13] [I] Average on 10 runs - GPU latency: 0.177759 ms - Host latency: 0.177759 ms (enqueue 0.104126 ms)
[03/03/2026-11:06:13] [I] Average on 10 runs - GPU latency: 0.177368 ms - Host latency: 0.177368 ms (enqueue 0.105542 ms)
[03/03/2026-11:06:13] [I] Average on 10 runs - GPU latency: 0.177173 ms - Host latency: 0.177173 ms (enqueue 0.104736 ms)
[03/03/2026-11:06:13] [I] Average on 10 runs - GPU latency: 0.176758 ms - Host latency: 0.176758 ms (enqueue 0.109009 ms)
[03/03/2026-11:06:13] [I] Average on 10 runs - GPU latency: 0.176636 ms - Host latency: 0.176636 ms (enqueue 0.104761 ms)
[03/03/2026-11:06:13] [I] Average on 10 runs - GPU latency: 0.176709 ms - Host latency: 0.176709 ms (enqueue 0.105957 ms)
[03/03/2026-11:06:13] [I] Average on 10 runs - GPU latency: 0.177563 ms - Host latency: 0.177563 ms (enqueue 0.102295 ms)
[03/03/2026-11:06:13] [I] Average on 10 runs - GPU latency: 0.176709 ms - Host latency: 0.176709 ms (enqueue 0.105737 ms)
[03/03/2026-11:06:13] [I] Average on 10 runs - GPU latency: 0.177197 ms - Host latency: 0.177197 ms (enqueue 0.105078 ms)
[03/03/2026-11:06:13] [I] Average on 10 runs - GPU latency: 0.175928 ms - Host latency: 0.175928 ms (enqueue 0.104395 ms)
[03/03/2026-11:06:13] [I] Average on 10 runs - GPU latency: 0.1771 ms - Host latency: 0.1771 ms (enqueue 0.106934 ms)
[03/03/2026-11:06:13] [I] Average on 10 runs - GPU latency: 0.176123 ms - Host latency: 0.176123 ms (enqueue 0.10625 ms)
[03/03/2026-11:06:13] [I] Average on 10 runs - GPU latency: 0.17771 ms - Host latency: 0.17771 ms (enqueue 0.104053 ms)
[03/03/2026-11:06:13] [I] Average on 10 runs - GPU latency: 0.178149 ms - Host latency: 0.178149 ms (enqueue 0.103174 ms)
[03/03/2026-11:06:13] [I] Average on 10 runs - GPU latency: 0.177393 ms - Host latency: 0.177393 ms (enqueue 0.103613 ms)
[03/03/2026-11:06:13] [I] Average on 10 runs - GPU latency: 0.178052 ms - Host latency: 0.178052 ms (enqueue 0.105884 ms)
[03/03/2026-11:06:13] [I] Average on 10 runs - GPU latency: 0.177979 ms - Host latency: 0.177979 ms (enqueue 0.105225 ms)
[03/03/2026-11:06:13] [I] Average on 10 runs - GPU latency: 0.176929 ms - Host latency: 0.176929 ms (enqueue 0.107227 ms)
[03/03/2026-11:06:13] [I] Average on 10 runs - GPU latency: 0.17771 ms - Host latency: 0.17771 ms (enqueue 0.101733 ms)
[03/03/2026-11:06:13] [I] Average on 10 runs - GPU latency: 0.20896 ms - Host latency: 0.20896 ms (enqueue 0.101099 ms)
[03/03/2026-11:06:13] [I] Average on 10 runs - GPU latency: 0.178052 ms - Host latency: 0.178052 ms (enqueue 0.100269 ms)
[03/03/2026-11:06:13] [I] Average on 10 runs - GPU latency: 0.176904 ms - Host latency: 0.176904 ms (enqueue 0.103467 ms)
[03/03/2026-11:06:13] [I] Average on 10 runs - GPU latency: 0.178955 ms - Host latency: 0.178955 ms (enqueue 0.100415 ms)
[03/03/2026-11:06:13] [I] Average on 10 runs - GPU latency: 0.177588 ms - Host latency: 0.177588 ms (enqueue 0.103394 ms)
[03/03/2026-11:06:13] [I] Average on 10 runs - GPU latency: 0.177759 ms - Host latency: 0.177759 ms (enqueue 0.102905 ms)
[03/03/2026-11:06:13] [I] Average on 10 runs - GPU latency: 0.176807 ms - Host latency: 0.176807 ms (enqueue 0.107471 ms)
[03/03/2026-11:06:13] [I] Average on 10 runs - GPU latency: 0.176563 ms - Host latency: 0.176563 ms (enqueue 0.107275 ms)
[03/03/2026-11:06:13] [I] Average on 10 runs - GPU latency: 0.177637 ms - Host latency: 0.177637 ms (enqueue 0.104834 ms)
[03/03/2026-11:06:13] [I] Average on 10 runs - GPU latency: 0.177222 ms - Host latency: 0.177222 ms (enqueue 0.106274 ms)
[03/03/2026-11:06:13] [I] Average on 10 runs - GPU latency: 0.177856 ms - Host latency: 0.177856 ms (enqueue 0.105273 ms)
[03/03/2026-11:06:13] [I] Average on 10 runs - GPU latency: 0.177075 ms - Host latency: 0.177075 ms (enqueue 0.105396 ms)
[03/03/2026-11:06:13] [I] Average on 10 runs - GPU latency: 0.177246 ms - Host latency: 0.177246 ms (enqueue 0.10542 ms)
[03/03/2026-11:06:13] [I] 
[03/03/2026-11:06:13] [I] === Performance summary ===
[03/03/2026-11:06:13] [I] Throughput: 5583.16 qps
[03/03/2026-11:06:13] [I] Latency: min = 0.171143 ms, max = 0.5979 ms, mean = 0.177163 ms, median = 0.176514 ms, percentile(90%) = 0.181152 ms, percentile(95%) = 0.181946 ms, percentile(99%) = 0.183105 ms
[03/03/2026-11:06:13] [I] Enqueue Time: min = 0.0817871 ms, max = 0.14978 ms, mean = 0.105761 ms, median = 0.10498 ms, percentile(90%) = 0.111511 ms, percentile(95%) = 0.113861 ms, percentile(99%) = 0.126953 ms
[03/03/2026-11:06:13] [I] H2D Latency: min = 0 ms, max = 0 ms, mean = 0 ms, median = 0 ms, percentile(90%) = 0 ms, percentile(95%) = 0 ms, percentile(99%) = 0 ms
[03/03/2026-11:06:13] [I] GPU Compute Time: min = 0.171143 ms, max = 0.5979 ms, mean = 0.177163 ms, median = 0.176514 ms, percentile(90%) = 0.181152 ms, percentile(95%) = 0.181946 ms, percentile(99%) = 0.183105 ms
[03/03/2026-11:06:13] [I] D2H Latency: min = 0 ms, max = 0 ms, mean = 0 ms, median = 0 ms, percentile(90%) = 0 ms, percentile(95%) = 0 ms, percentile(99%) = 0 ms
[03/03/2026-11:06:13] [I] Total Host Walltime: 3.00027 s
[03/03/2026-11:06:13] [I] Total GPU Compute Time: 2.96766 s
[03/03/2026-11:06:13] [W] * GPU compute time is unstable, with coefficient of variance = 2.69605%.
[03/03/2026-11:06:13] [W]   If not already in use, locking GPU clock frequency or adding --useSpinWait may improve the stability.
[03/03/2026-11:06:13] [I] Explanations of the performance metrics are printed in the verbose logs.
[03/03/2026-11:06:13] [I] 
&&&& PASSED TensorRT.trtexec [TensorRT v8502] # /usr/src/tensorrt/bin/trtexec --onnx=/home/user/Edge-ML/models/v5/TCN/bs32/TCN.onnx --saveEngine=/home/user/Edge-ML/models/v5/TCN/bs32/TCN_int8.engine --int8 --fp16 --exportLayerInfo=/home/user/Edge-ML/models/v5/TCN/bs32/logs/quantisation_int8_layers.json --memPoolSize=workspace:4096MiB --tacticSources=+CUBLAS,+CUBLAS_LT,+CUDNN --noDataTransfers --calib=/home/user/Edge-ML/models/v5/TCN/bs32/TCN.cache
