/usr/src/tensorrt/bin/trtexec --onnx=/home/user/Edge-ML/models/v5/TCN/bs96/TCN.onnx --saveEngine=/home/user/Edge-ML/models/v5/TCN/bs96/TCN_fp16.engine --fp16 --exportLayerInfo=/home/user/Edge-ML/models/v5/TCN/bs96/logs/quantisation_fp16_layers.json --memPoolSize=workspace:4096MiB --tacticSources=+CUBLAS,+CUBLAS_LT,+CUDNN --noDataTransfers

&&&& RUNNING TensorRT.trtexec [TensorRT v8502] # /usr/src/tensorrt/bin/trtexec --onnx=/home/user/Edge-ML/models/v5/TCN/bs96/TCN.onnx --saveEngine=/home/user/Edge-ML/models/v5/TCN/bs96/TCN_fp16.engine --fp16 --exportLayerInfo=/home/user/Edge-ML/models/v5/TCN/bs96/logs/quantisation_fp16_layers.json --memPoolSize=workspace:4096MiB --tacticSources=+CUBLAS,+CUBLAS_LT,+CUDNN --noDataTransfers
[03/03/2026-11:06:35] [I] === Model Options ===
[03/03/2026-11:06:35] [I] Format: ONNX
[03/03/2026-11:06:35] [I] Model: /home/user/Edge-ML/models/v5/TCN/bs96/TCN.onnx
[03/03/2026-11:06:35] [I] Output:
[03/03/2026-11:06:35] [I] === Build Options ===
[03/03/2026-11:06:35] [I] Max batch: explicit batch
[03/03/2026-11:06:35] [I] Memory Pools: workspace: 4096 MiB, dlaSRAM: default, dlaLocalDRAM: default, dlaGlobalDRAM: default
[03/03/2026-11:06:35] [I] minTiming: 1
[03/03/2026-11:06:35] [I] avgTiming: 8
[03/03/2026-11:06:35] [I] Precision: FP32+FP16
[03/03/2026-11:06:35] [I] LayerPrecisions: 
[03/03/2026-11:06:35] [I] Calibration: 
[03/03/2026-11:06:35] [I] Refit: Disabled
[03/03/2026-11:06:35] [I] Sparsity: Disabled
[03/03/2026-11:06:35] [I] Safe mode: Disabled
[03/03/2026-11:06:35] [I] DirectIO mode: Disabled
[03/03/2026-11:06:35] [I] Restricted mode: Disabled
[03/03/2026-11:06:35] [I] Build only: Disabled
[03/03/2026-11:06:35] [I] Save engine: /home/user/Edge-ML/models/v5/TCN/bs96/TCN_fp16.engine
[03/03/2026-11:06:35] [I] Load engine: 
[03/03/2026-11:06:35] [I] Profiling verbosity: 0
[03/03/2026-11:06:35] [I] Tactic sources: cublas [ON], cublasLt [ON], cudnn [ON], 
[03/03/2026-11:06:35] [I] timingCacheMode: local
[03/03/2026-11:06:35] [I] timingCacheFile: 
[03/03/2026-11:06:35] [I] Heuristic: Disabled
[03/03/2026-11:06:35] [I] Preview Features: Use default preview flags.
[03/03/2026-11:06:35] [I] Input(s)s format: fp32:CHW
[03/03/2026-11:06:35] [I] Output(s)s format: fp32:CHW
[03/03/2026-11:06:35] [I] Input build shapes: model
[03/03/2026-11:06:35] [I] Input calibration shapes: model
[03/03/2026-11:06:35] [I] === System Options ===
[03/03/2026-11:06:35] [I] Device: 0
[03/03/2026-11:06:35] [I] DLACore: 
[03/03/2026-11:06:35] [I] Plugins:
[03/03/2026-11:06:35] [I] === Inference Options ===
[03/03/2026-11:06:35] [I] Batch: Explicit
[03/03/2026-11:06:35] [I] Input inference shapes: model
[03/03/2026-11:06:35] [I] Iterations: 10
[03/03/2026-11:06:35] [I] Duration: 3s (+ 200ms warm up)
[03/03/2026-11:06:35] [I] Sleep time: 0ms
[03/03/2026-11:06:35] [I] Idle time: 0ms
[03/03/2026-11:06:35] [I] Streams: 1
[03/03/2026-11:06:35] [I] ExposeDMA: Disabled
[03/03/2026-11:06:35] [I] Data transfers: Disabled
[03/03/2026-11:06:35] [I] Spin-wait: Disabled
[03/03/2026-11:06:35] [I] Multithreading: Disabled
[03/03/2026-11:06:35] [I] CUDA Graph: Disabled
[03/03/2026-11:06:35] [I] Separate profiling: Disabled
[03/03/2026-11:06:35] [I] Time Deserialize: Disabled
[03/03/2026-11:06:35] [I] Time Refit: Disabled
[03/03/2026-11:06:35] [I] NVTX verbosity: 0
[03/03/2026-11:06:35] [I] Persistent Cache Ratio: 0
[03/03/2026-11:06:35] [I] Inputs:
[03/03/2026-11:06:35] [I] === Reporting Options ===
[03/03/2026-11:06:35] [I] Verbose: Disabled
[03/03/2026-11:06:35] [I] Averages: 10 inferences
[03/03/2026-11:06:35] [I] Percentiles: 90,95,99
[03/03/2026-11:06:35] [I] Dump refittable layers:Disabled
[03/03/2026-11:06:35] [I] Dump output: Disabled
[03/03/2026-11:06:35] [I] Profile: Disabled
[03/03/2026-11:06:35] [I] Export timing to JSON file: 
[03/03/2026-11:06:35] [I] Export output to JSON file: 
[03/03/2026-11:06:35] [I] Export profile to JSON file: 
[03/03/2026-11:06:35] [I] 
[03/03/2026-11:06:35] [I] === Device Information ===
[03/03/2026-11:06:35] [I] Selected Device: Orin
[03/03/2026-11:06:35] [I] Compute Capability: 8.7
[03/03/2026-11:06:35] [I] SMs: 4
[03/03/2026-11:06:35] [I] Compute Clock Rate: 0.624 GHz
[03/03/2026-11:06:35] [I] Device Global Memory: 3425 MiB
[03/03/2026-11:06:35] [I] Shared Memory per SM: 164 KiB
[03/03/2026-11:06:35] [I] Memory Bus Width: 128 bits (ECC disabled)
[03/03/2026-11:06:35] [I] Memory Clock Rate: 0.624 GHz
[03/03/2026-11:06:35] [I] 
[03/03/2026-11:06:35] [I] TensorRT version: 8.5.2
[03/03/2026-11:06:36] [I] [TRT] [MemUsageChange] Init CUDA: CPU +220, GPU +0, now: CPU 249, GPU 1524 (MiB)
[03/03/2026-11:06:38] [I] [TRT] [MemUsageChange] Init builder kernel library: CPU +302, GPU +115, now: CPU 574, GPU 1655 (MiB)
[03/03/2026-11:06:38] [I] Start parsing network model
[03/03/2026-11:06:38] [I] [TRT] ----------------------------------------------------------------
[03/03/2026-11:06:38] [I] [TRT] Input filename:   /home/user/Edge-ML/models/v5/TCN/bs96/TCN.onnx
[03/03/2026-11:06:38] [I] [TRT] ONNX IR version:  0.0.7
[03/03/2026-11:06:38] [I] [TRT] Opset version:    12
[03/03/2026-11:06:38] [I] [TRT] Producer name:    pytorch
[03/03/2026-11:06:38] [I] [TRT] Producer version: 2.5.1
[03/03/2026-11:06:38] [I] [TRT] Domain:           
[03/03/2026-11:06:38] [I] [TRT] Model version:    0
[03/03/2026-11:06:38] [I] [TRT] Doc string:       
[03/03/2026-11:06:38] [I] [TRT] ----------------------------------------------------------------
[03/03/2026-11:06:38] [I] Finish parsing network model
[03/03/2026-11:06:38] [I] [TRT] ---------- Layers Running on DLA ----------
[03/03/2026-11:06:38] [I] [TRT] ---------- Layers Running on GPU ----------
[03/03/2026-11:06:38] [I] [TRT] [GpuLayer] SHUFFLE: /Unsqueeze + (Unnamed Layer* 1) [Shuffle]
[03/03/2026-11:06:38] [I] [TRT] [GpuLayer] SHUFFLE: shuffle_between_(Unnamed Layer* 1) [Shuffle]_output_and_/block1/block1.0/Conv + /block1/block1.2/Relu
[03/03/2026-11:06:38] [I] [TRT] [GpuLayer] CONVOLUTION: /block1/block1.0/Conv + /block1/block1.2/Relu
[03/03/2026-11:06:38] [I] [TRT] [GpuLayer] SHUFFLE: shuffle_after_/block1/block1.2/Relu_out_tensor
[03/03/2026-11:06:38] [I] [TRT] [GpuLayer] POOLING: /block1/block1.3/MaxPool
[03/03/2026-11:06:38] [I] [TRT] [GpuLayer] SHUFFLE: shuffle_between_(Unnamed Layer* 6) [Pooling]_output_and_/block2/block2.0/Conv + /block2/block2.2/Relu
[03/03/2026-11:06:38] [I] [TRT] [GpuLayer] CONVOLUTION: /block2/block2.0/Conv + /block2/block2.2/Relu
[03/03/2026-11:06:38] [I] [TRT] [GpuLayer] SHUFFLE: shuffle_after_/block2/block2.2/Relu_out_tensor
[03/03/2026-11:06:38] [I] [TRT] [GpuLayer] POOLING: /block2/block2.3/MaxPool
[03/03/2026-11:06:38] [I] [TRT] [GpuLayer] SHUFFLE: shuffle_between_(Unnamed Layer* 13) [Pooling]_output_and_/block3/block3.0/Conv + /block3/block3.2/Relu
[03/03/2026-11:06:38] [I] [TRT] [GpuLayer] CONVOLUTION: /block3/block3.0/Conv + /block3/block3.2/Relu
[03/03/2026-11:06:38] [I] [TRT] [GpuLayer] SHUFFLE: shuffle_after_/block3/block3.2/Relu_out_tensor
[03/03/2026-11:06:38] [I] [TRT] [GpuLayer] SHUFFLE: squeeze_after_/block3/block3.2/Relu
[03/03/2026-11:06:38] [I] [TRT] [GpuLayer] REDUCE: /block3/block3.3/GlobalAveragePool
[03/03/2026-11:06:38] [I] [TRT] [GpuLayer] SHUFFLE: /fc/fc.0/Flatten + reshape_before_/fc/fc.1/Gemm
[03/03/2026-11:06:38] [I] [TRT] [GpuLayer] CONVOLUTION: /fc/fc.1/Gemm + /fc/fc.2/Relu
[03/03/2026-11:06:38] [I] [TRT] [GpuLayer] CONVOLUTION: /fc/fc.4/Gemm
[03/03/2026-11:06:38] [I] [TRT] [GpuLayer] SHUFFLE: reshape_after_/fc/fc.4/Gemm + /Squeeze
[03/03/2026-11:06:40] [I] [TRT] [MemUsageChange] Init cuBLAS/cuBLASLt: CPU +534, GPU +813, now: CPU 1108, GPU 2468 (MiB)
[03/03/2026-11:06:41] [I] [TRT] [MemUsageChange] Init cuDNN: CPU +83, GPU +104, now: CPU 1191, GPU 2572 (MiB)
[03/03/2026-11:06:41] [I] [TRT] Local timing cache in use. Profiling results in this builder pass will not be stored.
[03/03/2026-11:06:50] [W] [TRT] Tactic Device request: 391MB Available: 329MB. Device memory is insufficient to use tactic.
[03/03/2026-11:06:50] [W] [TRT] Skipping tactic 8 due to insufficient memory on requested size of 391 detected for tactic 0x000000000000003c.
Try decreasing the workspace size with IBuilderConfig::setMemoryPoolLimit().
[03/03/2026-11:06:50] [W] [TRT] Tactic Device request: 391MB Available: 323MB. Device memory is insufficient to use tactic.
[03/03/2026-11:06:50] [W] [TRT] Skipping tactic 13 due to insufficient memory on requested size of 391 detected for tactic 0x0000000000000074.
Try decreasing the workspace size with IBuilderConfig::setMemoryPoolLimit().
[03/03/2026-11:06:51] [W] [TRT] Tactic Device request: 390MB Available: 303MB. Device memory is insufficient to use tactic.
[03/03/2026-11:06:51] [W] [TRT] Skipping tactic 3 due to insufficient memory on requested size of 390 detected for tactic 0x0000000000000004.
Try decreasing the workspace size with IBuilderConfig::setMemoryPoolLimit().
[03/03/2026-11:06:51] [W] [TRT] Tactic Device request: 390MB Available: 303MB. Device memory is insufficient to use tactic.
[03/03/2026-11:06:51] [W] [TRT] Skipping tactic 7 due to insufficient memory on requested size of 390 detected for tactic 0x000000000000003c.
Try decreasing the workspace size with IBuilderConfig::setMemoryPoolLimit().
[03/03/2026-11:07:03] [I] [TRT] Total Activation Memory: 4298033664
[03/03/2026-11:07:03] [I] [TRT] Detected 1 inputs and 1 output network tensors.
[03/03/2026-11:07:03] [I] [TRT] Total Host Persistent Memory: 23936
[03/03/2026-11:07:03] [I] [TRT] Total Device Persistent Memory: 0
[03/03/2026-11:07:03] [I] [TRT] Total Scratch Memory: 0
[03/03/2026-11:07:03] [I] [TRT] [MemUsageStats] Peak memory usage of TRT CPU/GPU memory allocators: CPU 0 MiB, GPU 395 MiB
[03/03/2026-11:07:03] [I] [TRT] [BlockAssignment] Started assigning block shifts. This will take 22 steps to complete.
[03/03/2026-11:07:03] [I] [TRT] [BlockAssignment] Algorithm ShiftNTopDown took 0.391435ms to assign 3 blocks to 22 nodes requiring 1106432 bytes.
[03/03/2026-11:07:03] [I] [TRT] Total Activation Memory: 1106432
[03/03/2026-11:07:03] [W] [TRT] TensorRT encountered issues when converting weights between types and that could affect accuracy.
[03/03/2026-11:07:03] [W] [TRT] If this is not the desired behavior, please modify the weights or retrain with regularization to adjust the magnitude of the weights.
[03/03/2026-11:07:03] [W] [TRT] Check verbose logs for the list of affected weights.
[03/03/2026-11:07:03] [W] [TRT] - 2 weights are affected by this issue: Detected subnormal FP16 values.
[03/03/2026-11:07:03] [I] [TRT] [MemUsageChange] TensorRT-managed allocation in building engine: CPU +0, GPU +4, now: CPU 0, GPU 4 (MiB)
[03/03/2026-11:07:03] [I] Engine built in 27.3008 sec.
[03/03/2026-11:07:03] [I] [TRT] Loaded engine size: 0 MiB
[03/03/2026-11:07:03] [I] [TRT] [MemUsageChange] TensorRT-managed allocation in engine deserialization: CPU +0, GPU +0, now: CPU 0, GPU 0 (MiB)
[03/03/2026-11:07:03] [I] Engine deserialized in 0.0103926 sec.
[03/03/2026-11:07:03] [I] [TRT] [MemUsageChange] TensorRT-managed allocation in IExecutionContext creation: CPU +0, GPU +1, now: CPU 0, GPU 1 (MiB)
[03/03/2026-11:07:03] [I] Setting persistentCacheLimit to 0 bytes.
[03/03/2026-11:07:03] [I] Using random values for input input
[03/03/2026-11:07:03] [I] Created input binding for input with dimensions 96x120
[03/03/2026-11:07:03] [I] Using random values for output capacity
[03/03/2026-11:07:03] [I] Created output binding for capacity with dimensions 96
[03/03/2026-11:07:03] [I] [TRT] The profiling verbosity was set to ProfilingVerbosity::kLAYER_NAMES_ONLY when the engine was built, so only the layer names will be returned. Rebuild the engine with ProfilingVerbosity::kDETAILED to get more verbose layer information.
[03/03/2026-11:07:03] [I] Starting inference
[03/03/2026-11:07:07] [I] Warmup completed 555 queries over 200 ms
[03/03/2026-11:07:07] [I] Timing trace has 8344 queries over 3.00083 s
[03/03/2026-11:07:07] [I] 
[03/03/2026-11:07:07] [I] === Trace details ===
[03/03/2026-11:07:07] [I] Trace averages of 10 runs:
[03/03/2026-11:07:07] [I] Average on 10 runs - GPU latency: 0.358437 ms - Host latency: 0.358437 ms (enqueue 0.122749 ms)
[03/03/2026-11:07:07] [I] Average on 10 runs - GPU latency: 0.357335 ms - Host latency: 0.357335 ms (enqueue 0.127176 ms)
[03/03/2026-11:07:07] [I] Average on 10 runs - GPU latency: 0.358148 ms - Host latency: 0.358148 ms (enqueue 0.121793 ms)
[03/03/2026-11:07:07] [I] Average on 10 runs - GPU latency: 0.359099 ms - Host latency: 0.359099 ms (enqueue 0.116522 ms)
[03/03/2026-11:07:07] [I] Average on 10 runs - GPU latency: 0.356938 ms - Host latency: 0.356938 ms (enqueue 0.124591 ms)
[03/03/2026-11:07:07] [I] Average on 10 runs - GPU latency: 0.356209 ms - Host latency: 0.356209 ms (enqueue 0.117789 ms)
[03/03/2026-11:07:07] [I] Average on 10 runs - GPU latency: 0.357632 ms - Host latency: 0.357632 ms (enqueue 0.11875 ms)
[03/03/2026-11:07:07] [I] Average on 10 runs - GPU latency: 0.356569 ms - Host latency: 0.356569 ms (enqueue 0.126526 ms)
[03/03/2026-11:07:07] [I] Average on 10 runs - GPU latency: 0.356139 ms - Host latency: 0.356139 ms (enqueue 0.12112 ms)
[03/03/2026-11:07:07] [I] Average on 10 runs - GPU latency: 0.356859 ms - Host latency: 0.356859 ms (enqueue 0.12285 ms)
[03/03/2026-11:07:07] [I] Average on 10 runs - GPU latency: 0.356921 ms - Host latency: 0.356921 ms (enqueue 0.119661 ms)
[03/03/2026-11:07:07] [I] Average on 10 runs - GPU latency: 0.356708 ms - Host latency: 0.356708 ms (enqueue 0.114919 ms)
[03/03/2026-11:07:07] [I] Average on 10 runs - GPU latency: 0.356831 ms - Host latency: 0.356831 ms (enqueue 0.119125 ms)
[03/03/2026-11:07:07] [I] Average on 10 runs - GPU latency: 0.356697 ms - Host latency: 0.356697 ms (enqueue 0.12173 ms)
[03/03/2026-11:07:07] [I] Average on 10 runs - GPU latency: 0.357201 ms - Host latency: 0.357201 ms (enqueue 0.121803 ms)
[03/03/2026-11:07:07] [I] Average on 10 runs - GPU latency: 0.357852 ms - Host latency: 0.357852 ms (enqueue 0.119281 ms)
[03/03/2026-11:07:07] [I] Average on 10 runs - GPU latency: 0.357346 ms - Host latency: 0.357346 ms (enqueue 0.120786 ms)
[03/03/2026-11:07:07] [I] Average on 10 runs - GPU latency: 0.357803 ms - Host latency: 0.357803 ms (enqueue 0.118161 ms)
[03/03/2026-11:07:07] [I] Average on 10 runs - GPU latency: 0.357388 ms - Host latency: 0.357388 ms (enqueue 0.123224 ms)
[03/03/2026-11:07:07] [I] Average on 10 runs - GPU latency: 0.356711 ms - Host latency: 0.356711 ms (enqueue 0.117358 ms)
[03/03/2026-11:07:07] [I] Average on 10 runs - GPU latency: 0.358054 ms - Host latency: 0.358054 ms (enqueue 0.121463 ms)
[03/03/2026-11:07:07] [I] Average on 10 runs - GPU latency: 0.355597 ms - Host latency: 0.355597 ms (enqueue 0.121484 ms)
[03/03/2026-11:07:07] [I] Average on 10 runs - GPU latency: 0.357324 ms - Host latency: 0.357324 ms (enqueue 0.122006 ms)
[03/03/2026-11:07:07] [I] Average on 10 runs - GPU latency: 0.356558 ms - Host latency: 0.356558 ms (enqueue 0.119656 ms)
[03/03/2026-11:07:07] [I] Average on 10 runs - GPU latency: 0.358438 ms - Host latency: 0.358438 ms (enqueue 0.124066 ms)
[03/03/2026-11:07:07] [I] Average on 10 runs - GPU latency: 0.358014 ms - Host latency: 0.358014 ms (enqueue 0.125577 ms)
[03/03/2026-11:07:07] [I] Average on 10 runs - GPU latency: 0.35809 ms - Host latency: 0.35809 ms (enqueue 0.122897 ms)
[03/03/2026-11:07:07] [I] Average on 10 runs - GPU latency: 0.357327 ms - Host latency: 0.357327 ms (enqueue 0.121667 ms)
[03/03/2026-11:07:07] [I] Average on 10 runs - GPU latency: 0.357401 ms - Host latency: 0.357401 ms (enqueue 0.124167 ms)
[03/03/2026-11:07:07] [I] Average on 10 runs - GPU latency: 0.359216 ms - Host latency: 0.359216 ms (enqueue 0.11615 ms)
[03/03/2026-11:07:07] [I] Average on 10 runs - GPU latency: 0.356583 ms - Host latency: 0.356583 ms (enqueue 0.117859 ms)
[03/03/2026-11:07:07] [I] Average on 10 runs - GPU latency: 0.358978 ms - Host latency: 0.358978 ms (enqueue 0.115997 ms)
[03/03/2026-11:07:07] [I] Average on 10 runs - GPU latency: 0.35741 ms - Host latency: 0.35741 ms (enqueue 0.121884 ms)
[03/03/2026-11:07:07] [I] Average on 10 runs - GPU latency: 0.35899 ms - Host latency: 0.35899 ms (enqueue 0.116708 ms)
[03/03/2026-11:07:07] [I] Average on 10 runs - GPU latency: 0.359552 ms - Host latency: 0.359552 ms (enqueue 0.118008 ms)
[03/03/2026-11:07:07] [I] Average on 10 runs - GPU latency: 0.356116 ms - Host latency: 0.356116 ms (enqueue 0.123553 ms)
[03/03/2026-11:07:07] [I] Average on 10 runs - GPU latency: 0.356689 ms - Host latency: 0.356689 ms (enqueue 0.118982 ms)
[03/03/2026-11:07:07] [I] Average on 10 runs - GPU latency: 0.357135 ms - Host latency: 0.357135 ms (enqueue 0.115549 ms)
[03/03/2026-11:07:07] [I] Average on 10 runs - GPU latency: 0.356534 ms - Host latency: 0.356534 ms (enqueue 0.123633 ms)
[03/03/2026-11:07:07] [I] Average on 10 runs - GPU latency: 0.35654 ms - Host latency: 0.35654 ms (enqueue 0.118008 ms)
[03/03/2026-11:07:07] [I] Average on 10 runs - GPU latency: 0.359058 ms - Host latency: 0.359058 ms (enqueue 0.115076 ms)
[03/03/2026-11:07:07] [I] Average on 10 runs - GPU latency: 0.358847 ms - Host latency: 0.358847 ms (enqueue 0.117151 ms)
[03/03/2026-11:07:07] [I] Average on 10 runs - GPU latency: 0.359409 ms - Host latency: 0.359409 ms (enqueue 0.116605 ms)
[03/03/2026-11:07:07] [I] Average on 10 runs - GPU latency: 0.356982 ms - Host latency: 0.356982 ms (enqueue 0.12099 ms)
[03/03/2026-11:07:07] [I] Average on 10 runs - GPU latency: 0.357172 ms - Host latency: 0.357172 ms (enqueue 0.121066 ms)
[03/03/2026-11:07:07] [I] Average on 10 runs - GPU latency: 0.356836 ms - Host latency: 0.356836 ms (enqueue 0.120679 ms)
[03/03/2026-11:07:07] [I] Average on 10 runs - GPU latency: 0.357697 ms - Host latency: 0.357697 ms (enqueue 0.120374 ms)
[03/03/2026-11:07:07] [I] Average on 10 runs - GPU latency: 0.355652 ms - Host latency: 0.355652 ms (enqueue 0.119464 ms)
[03/03/2026-11:07:07] [I] Average on 10 runs - GPU latency: 0.356036 ms - Host latency: 0.356036 ms (enqueue 0.124722 ms)
[03/03/2026-11:07:07] [I] Average on 10 runs - GPU latency: 0.356226 ms - Host latency: 0.356226 ms (enqueue 0.126968 ms)
[03/03/2026-11:07:07] [I] Average on 10 runs - GPU latency: 0.357391 ms - Host latency: 0.357391 ms (enqueue 0.117035 ms)
[03/03/2026-11:07:07] [I] Average on 10 runs - GPU latency: 0.357404 ms - Host latency: 0.357404 ms (enqueue 0.120242 ms)
[03/03/2026-11:07:07] [I] Average on 10 runs - GPU latency: 0.358347 ms - Host latency: 0.358347 ms (enqueue 0.116019 ms)
[03/03/2026-11:07:07] [I] Average on 10 runs - GPU latency: 0.358102 ms - Host latency: 0.358102 ms (enqueue 0.114984 ms)
[03/03/2026-11:07:07] [I] Average on 10 runs - GPU latency: 0.357224 ms - Host latency: 0.357224 ms (enqueue 0.113144 ms)
[03/03/2026-11:07:07] [I] Average on 10 runs - GPU latency: 0.356363 ms - Host latency: 0.356363 ms (enqueue 0.116745 ms)
[03/03/2026-11:07:07] [I] Average on 10 runs - GPU latency: 0.358029 ms - Host latency: 0.358029 ms (enqueue 0.117755 ms)
[03/03/2026-11:07:07] [I] Average on 10 runs - GPU latency: 0.35752 ms - Host latency: 0.35752 ms (enqueue 0.115387 ms)
[03/03/2026-11:07:07] [I] Average on 10 runs - GPU latency: 0.35769 ms - Host latency: 0.35769 ms (enqueue 0.119742 ms)
[03/03/2026-11:07:07] [I] Average on 10 runs - GPU latency: 0.35639 ms - Host latency: 0.35639 ms (enqueue 0.119592 ms)
[03/03/2026-11:07:07] [I] Average on 10 runs - GPU latency: 0.357642 ms - Host latency: 0.357642 ms (enqueue 0.115161 ms)
[03/03/2026-11:07:07] [I] Average on 10 runs - GPU latency: 0.357373 ms - Host latency: 0.357373 ms (enqueue 0.11384 ms)
[03/03/2026-11:07:07] [I] Average on 10 runs - GPU latency: 0.356738 ms - Host latency: 0.356738 ms (enqueue 0.119598 ms)
[03/03/2026-11:07:07] [I] Average on 10 runs - GPU latency: 0.35856 ms - Host latency: 0.35856 ms (enqueue 0.116351 ms)
[03/03/2026-11:07:07] [I] Average on 10 runs - GPU latency: 0.357928 ms - Host latency: 0.357928 ms (enqueue 0.117151 ms)
[03/03/2026-11:07:07] [I] Average on 10 runs - GPU latency: 0.357269 ms - Host latency: 0.357269 ms (enqueue 0.117923 ms)
[03/03/2026-11:07:07] [I] Average on 10 runs - GPU latency: 0.358316 ms - Host latency: 0.358316 ms (enqueue 0.120386 ms)
[03/03/2026-11:07:07] [I] Average on 10 runs - GPU latency: 0.357803 ms - Host latency: 0.357803 ms (enqueue 0.120056 ms)
[03/03/2026-11:07:07] [I] Average on 10 runs - GPU latency: 0.355438 ms - Host latency: 0.355438 ms (enqueue 0.119366 ms)
[03/03/2026-11:07:07] [I] Average on 10 runs - GPU latency: 0.358914 ms - Host latency: 0.358914 ms (enqueue 0.114337 ms)
[03/03/2026-11:07:07] [I] Average on 10 runs - GPU latency: 0.358469 ms - Host latency: 0.358469 ms (enqueue 0.115732 ms)
[03/03/2026-11:07:07] [I] Average on 10 runs - GPU latency: 0.355374 ms - Host latency: 0.355374 ms (enqueue 0.12402 ms)
[03/03/2026-11:07:07] [I] Average on 10 runs - GPU latency: 0.359344 ms - Host latency: 0.359344 ms (enqueue 0.122284 ms)
[03/03/2026-11:07:07] [I] Average on 10 runs - GPU latency: 0.358453 ms - Host latency: 0.358453 ms (enqueue 0.124252 ms)
[03/03/2026-11:07:07] [I] Average on 10 runs - GPU latency: 0.357556 ms - Host latency: 0.357556 ms (enqueue 0.118201 ms)
[03/03/2026-11:07:07] [I] Average on 10 runs - GPU latency: 0.356583 ms - Host latency: 0.356583 ms (enqueue 0.119879 ms)
[03/03/2026-11:07:07] [I] Average on 10 runs - GPU latency: 0.357196 ms - Host latency: 0.357196 ms (enqueue 0.119025 ms)
[03/03/2026-11:07:07] [I] Average on 10 runs - GPU latency: 0.357904 ms - Host latency: 0.357904 ms (enqueue 0.121164 ms)
[03/03/2026-11:07:07] [I] Average on 10 runs - GPU latency: 0.358279 ms - Host latency: 0.358279 ms (enqueue 0.11489 ms)
[03/03/2026-11:07:07] [I] Average on 10 runs - GPU latency: 0.356415 ms - Host latency: 0.356415 ms (enqueue 0.118564 ms)
[03/03/2026-11:07:07] [I] Average on 10 runs - GPU latency: 0.358685 ms - Host latency: 0.358685 ms (enqueue 0.115942 ms)
[03/03/2026-11:07:07] [I] Average on 10 runs - GPU latency: 0.35936 ms - Host latency: 0.35936 ms (enqueue 0.120667 ms)
[03/03/2026-11:07:07] [I] Average on 10 runs - GPU latency: 0.355124 ms - Host latency: 0.355124 ms (enqueue 0.118396 ms)
[03/03/2026-11:07:07] [I] Average on 10 runs - GPU latency: 0.357245 ms - Host latency: 0.357245 ms (enqueue 0.119 ms)
[03/03/2026-11:07:07] [I] Average on 10 runs - GPU latency: 0.356619 ms - Host latency: 0.356619 ms (enqueue 0.113626 ms)
[03/03/2026-11:07:07] [I] Average on 10 runs - GPU latency: 0.357758 ms - Host latency: 0.357758 ms (enqueue 0.118521 ms)
[03/03/2026-11:07:07] [I] Average on 10 runs - GPU latency: 0.357077 ms - Host latency: 0.357077 ms (enqueue 0.122681 ms)
[03/03/2026-11:07:07] [I] Average on 10 runs - GPU latency: 0.356915 ms - Host latency: 0.356915 ms (enqueue 0.117798 ms)
[03/03/2026-11:07:07] [I] Average on 10 runs - GPU latency: 0.358063 ms - Host latency: 0.358063 ms (enqueue 0.115515 ms)
[03/03/2026-11:07:07] [I] Average on 10 runs - GPU latency: 0.35791 ms - Host latency: 0.35791 ms (enqueue 0.120679 ms)
[03/03/2026-11:07:07] [I] Average on 10 runs - GPU latency: 0.356555 ms - Host latency: 0.356555 ms (enqueue 0.118909 ms)
[03/03/2026-11:07:07] [I] Average on 10 runs - GPU latency: 0.357593 ms - Host latency: 0.357593 ms (enqueue 0.118439 ms)
[03/03/2026-11:07:07] [I] Average on 10 runs - GPU latency: 0.358099 ms - Host latency: 0.358099 ms (enqueue 0.114282 ms)
[03/03/2026-11:07:07] [I] Average on 10 runs - GPU latency: 0.35907 ms - Host latency: 0.35907 ms (enqueue 0.11908 ms)
[03/03/2026-11:07:07] [I] Average on 10 runs - GPU latency: 0.355621 ms - Host latency: 0.355621 ms (enqueue 0.12644 ms)
[03/03/2026-11:07:07] [I] Average on 10 runs - GPU latency: 0.356805 ms - Host latency: 0.356805 ms (enqueue 0.118536 ms)
[03/03/2026-11:07:07] [I] Average on 10 runs - GPU latency: 0.356604 ms - Host latency: 0.356604 ms (enqueue 0.121851 ms)
[03/03/2026-11:07:07] [I] Average on 10 runs - GPU latency: 0.359204 ms - Host latency: 0.359204 ms (enqueue 0.117358 ms)
[03/03/2026-11:07:07] [I] Average on 10 runs - GPU latency: 0.358362 ms - Host latency: 0.358362 ms (enqueue 0.118762 ms)
[03/03/2026-11:07:07] [I] Average on 10 runs - GPU latency: 0.357947 ms - Host latency: 0.357947 ms (enqueue 0.11344 ms)
[03/03/2026-11:07:07] [I] Average on 10 runs - GPU latency: 0.356512 ms - Host latency: 0.356512 ms (enqueue 0.119934 ms)
[03/03/2026-11:07:07] [I] Average on 10 runs - GPU latency: 0.357819 ms - Host latency: 0.357819 ms (enqueue 0.121088 ms)
[03/03/2026-11:07:07] [I] Average on 10 runs - GPU latency: 0.356598 ms - Host latency: 0.356598 ms (enqueue 0.126263 ms)
[03/03/2026-11:07:07] [I] Average on 10 runs - GPU latency: 0.359399 ms - Host latency: 0.359399 ms (enqueue 0.118835 ms)
[03/03/2026-11:07:07] [I] Average on 10 runs - GPU latency: 0.358044 ms - Host latency: 0.358044 ms (enqueue 0.116675 ms)
[03/03/2026-11:07:07] [I] Average on 10 runs - GPU latency: 0.358044 ms - Host latency: 0.358044 ms (enqueue 0.118347 ms)
[03/03/2026-11:07:07] [I] Average on 10 runs - GPU latency: 0.357983 ms - Host latency: 0.357983 ms (enqueue 0.118823 ms)
[03/03/2026-11:07:07] [I] Average on 10 runs - GPU latency: 0.356873 ms - Host latency: 0.356873 ms (enqueue 0.118201 ms)
[03/03/2026-11:07:07] [I] Average on 10 runs - GPU latency: 0.356091 ms - Host latency: 0.356091 ms (enqueue 0.11734 ms)
[03/03/2026-11:07:07] [I] Average on 10 runs - GPU latency: 0.35788 ms - Host latency: 0.35788 ms (enqueue 0.116931 ms)
[03/03/2026-11:07:07] [I] Average on 10 runs - GPU latency: 0.356726 ms - Host latency: 0.356726 ms (enqueue 0.121411 ms)
[03/03/2026-11:07:07] [I] Average on 10 runs - GPU latency: 0.358435 ms - Host latency: 0.358435 ms (enqueue 0.119092 ms)
[03/03/2026-11:07:07] [I] Average on 10 runs - GPU latency: 0.35816 ms - Host latency: 0.35816 ms (enqueue 0.116705 ms)
[03/03/2026-11:07:07] [I] Average on 10 runs - GPU latency: 0.35705 ms - Host latency: 0.35705 ms (enqueue 0.115161 ms)
[03/03/2026-11:07:07] [I] Average on 10 runs - GPU latency: 0.357214 ms - Host latency: 0.357214 ms (enqueue 0.118274 ms)
[03/03/2026-11:07:07] [I] Average on 10 runs - GPU latency: 0.359308 ms - Host latency: 0.359308 ms (enqueue 0.114209 ms)
[03/03/2026-11:07:07] [I] Average on 10 runs - GPU latency: 0.358887 ms - Host latency: 0.358887 ms (enqueue 0.111926 ms)
[03/03/2026-11:07:07] [I] Average on 10 runs - GPU latency: 0.357788 ms - Host latency: 0.357788 ms (enqueue 0.117712 ms)
[03/03/2026-11:07:07] [I] Average on 10 runs - GPU latency: 0.357703 ms - Host latency: 0.357703 ms (enqueue 0.116901 ms)
[03/03/2026-11:07:07] [I] Average on 10 runs - GPU latency: 0.358575 ms - Host latency: 0.358575 ms (enqueue 0.116602 ms)
[03/03/2026-11:07:07] [I] Average on 10 runs - GPU latency: 0.356396 ms - Host latency: 0.356396 ms (enqueue 0.120435 ms)
[03/03/2026-11:07:07] [I] Average on 10 runs - GPU latency: 0.356671 ms - Host latency: 0.356671 ms (enqueue 0.11889 ms)
[03/03/2026-11:07:07] [I] Average on 10 runs - GPU latency: 0.356775 ms - Host latency: 0.356775 ms (enqueue 0.119043 ms)
[03/03/2026-11:07:07] [I] Average on 10 runs - GPU latency: 0.355292 ms - Host latency: 0.355292 ms (enqueue 0.125714 ms)
[03/03/2026-11:07:07] [I] Average on 10 runs - GPU latency: 0.355511 ms - Host latency: 0.355511 ms (enqueue 0.120563 ms)
[03/03/2026-11:07:07] [I] Average on 10 runs - GPU latency: 0.357147 ms - Host latency: 0.357147 ms (enqueue 0.120081 ms)
[03/03/2026-11:07:07] [I] Average on 10 runs - GPU latency: 0.357574 ms - Host latency: 0.357574 ms (enqueue 0.116595 ms)
[03/03/2026-11:07:07] [I] Average on 10 runs - GPU latency: 0.359259 ms - Host latency: 0.359259 ms (enqueue 0.116992 ms)
[03/03/2026-11:07:07] [I] Average on 10 runs - GPU latency: 0.359637 ms - Host latency: 0.359637 ms (enqueue 0.11803 ms)
[03/03/2026-11:07:07] [I] Average on 10 runs - GPU latency: 0.358032 ms - Host latency: 0.358032 ms (enqueue 0.122144 ms)
[03/03/2026-11:07:07] [I] Average on 10 runs - GPU latency: 0.356635 ms - Host latency: 0.356635 ms (enqueue 0.120123 ms)
[03/03/2026-11:07:07] [I] Average on 10 runs - GPU latency: 0.357452 ms - Host latency: 0.357452 ms (enqueue 0.116565 ms)
[03/03/2026-11:07:07] [I] Average on 10 runs - GPU latency: 0.357886 ms - Host latency: 0.357886 ms (enqueue 0.116724 ms)
[03/03/2026-11:07:07] [I] Average on 10 runs - GPU latency: 0.357404 ms - Host latency: 0.357404 ms (enqueue 0.116827 ms)
[03/03/2026-11:07:07] [I] Average on 10 runs - GPU latency: 0.356567 ms - Host latency: 0.356567 ms (enqueue 0.118066 ms)
[03/03/2026-11:07:07] [I] Average on 10 runs - GPU latency: 0.358832 ms - Host latency: 0.358832 ms (enqueue 0.116406 ms)
[03/03/2026-11:07:07] [I] Average on 10 runs - GPU latency: 0.358362 ms - Host latency: 0.358362 ms (enqueue 0.116211 ms)
[03/03/2026-11:07:07] [I] Average on 10 runs - GPU latency: 0.359241 ms - Host latency: 0.359241 ms (enqueue 0.119641 ms)
[03/03/2026-11:07:07] [I] Average on 10 runs - GPU latency: 0.3578 ms - Host latency: 0.3578 ms (enqueue 0.119525 ms)
[03/03/2026-11:07:07] [I] Average on 10 runs - GPU latency: 0.357227 ms - Host latency: 0.357227 ms (enqueue 0.118127 ms)
[03/03/2026-11:07:07] [I] Average on 10 runs - GPU latency: 0.356671 ms - Host latency: 0.356671 ms (enqueue 0.115228 ms)
[03/03/2026-11:07:07] [I] Average on 10 runs - GPU latency: 0.357538 ms - Host latency: 0.357538 ms (enqueue 0.119324 ms)
[03/03/2026-11:07:07] [I] Average on 10 runs - GPU latency: 0.357697 ms - Host latency: 0.357697 ms (enqueue 0.117883 ms)
[03/03/2026-11:07:07] [I] Average on 10 runs - GPU latency: 0.356024 ms - Host latency: 0.356024 ms (enqueue 0.121234 ms)
[03/03/2026-11:07:07] [I] Average on 10 runs - GPU latency: 0.358496 ms - Host latency: 0.358496 ms (enqueue 0.118207 ms)
[03/03/2026-11:07:07] [I] Average on 10 runs - GPU latency: 0.357495 ms - Host latency: 0.357495 ms (enqueue 0.117816 ms)
[03/03/2026-11:07:07] [I] Average on 10 runs - GPU latency: 0.358746 ms - Host latency: 0.358746 ms (enqueue 0.120013 ms)
[03/03/2026-11:07:07] [I] Average on 10 runs - GPU latency: 0.357574 ms - Host latency: 0.357574 ms (enqueue 0.122321 ms)
[03/03/2026-11:07:07] [I] Average on 10 runs - GPU latency: 0.357501 ms - Host latency: 0.357501 ms (enqueue 0.115521 ms)
[03/03/2026-11:07:07] [I] Average on 10 runs - GPU latency: 0.357507 ms - Host latency: 0.357507 ms (enqueue 0.11748 ms)
[03/03/2026-11:07:07] [I] Average on 10 runs - GPU latency: 0.356793 ms - Host latency: 0.356793 ms (enqueue 0.127875 ms)
[03/03/2026-11:07:07] [I] Average on 10 runs - GPU latency: 0.35874 ms - Host latency: 0.35874 ms (enqueue 0.117975 ms)
[03/03/2026-11:07:07] [I] Average on 10 runs - GPU latency: 0.359344 ms - Host latency: 0.359344 ms (enqueue 0.114343 ms)
[03/03/2026-11:07:07] [I] Average on 10 runs - GPU latency: 0.357654 ms - Host latency: 0.357654 ms (enqueue 0.113483 ms)
[03/03/2026-11:07:07] [I] Average on 10 runs - GPU latency: 0.35719 ms - Host latency: 0.35719 ms (enqueue 0.111829 ms)
[03/03/2026-11:07:07] [I] Average on 10 runs - GPU latency: 0.359131 ms - Host latency: 0.359131 ms (enqueue 0.11452 ms)
[03/03/2026-11:07:07] [I] Average on 10 runs - GPU latency: 0.357996 ms - Host latency: 0.357996 ms (enqueue 0.122406 ms)
[03/03/2026-11:07:07] [I] Average on 10 runs - GPU latency: 0.357697 ms - Host latency: 0.357697 ms (enqueue 0.121619 ms)
[03/03/2026-11:07:07] [I] Average on 10 runs - GPU latency: 0.356854 ms - Host latency: 0.356854 ms (enqueue 0.118903 ms)
[03/03/2026-11:07:07] [I] Average on 10 runs - GPU latency: 0.357593 ms - Host latency: 0.357593 ms (enqueue 0.118732 ms)
[03/03/2026-11:07:07] [I] Average on 10 runs - GPU latency: 0.357202 ms - Host latency: 0.357202 ms (enqueue 0.118433 ms)
[03/03/2026-11:07:07] [I] Average on 10 runs - GPU latency: 0.357819 ms - Host latency: 0.357819 ms (enqueue 0.119476 ms)
[03/03/2026-11:07:07] [I] Average on 10 runs - GPU latency: 0.356836 ms - Host latency: 0.356836 ms (enqueue 0.11897 ms)
[03/03/2026-11:07:07] [I] Average on 10 runs - GPU latency: 0.356842 ms - Host latency: 0.356842 ms (enqueue 0.118506 ms)
[03/03/2026-11:07:07] [I] Average on 10 runs - GPU latency: 0.356671 ms - Host latency: 0.356671 ms (enqueue 0.121143 ms)
[03/03/2026-11:07:07] [I] Average on 10 runs - GPU latency: 0.358386 ms - Host latency: 0.358386 ms (enqueue 0.119885 ms)
[03/03/2026-11:07:07] [I] Average on 10 runs - GPU latency: 0.359937 ms - Host latency: 0.359937 ms (enqueue 0.120258 ms)
[03/03/2026-11:07:07] [I] Average on 10 runs - GPU latency: 0.357996 ms - Host latency: 0.357996 ms (enqueue 0.120129 ms)
[03/03/2026-11:07:07] [I] Average on 10 runs - GPU latency: 0.358844 ms - Host latency: 0.358844 ms (enqueue 0.116003 ms)
[03/03/2026-11:07:07] [I] Average on 10 runs - GPU latency: 0.358856 ms - Host latency: 0.358856 ms (enqueue 0.120422 ms)
[03/03/2026-11:07:07] [I] Average on 10 runs - GPU latency: 0.357874 ms - Host latency: 0.357874 ms (enqueue 0.122693 ms)
[03/03/2026-11:07:07] [I] Average on 10 runs - GPU latency: 0.356549 ms - Host latency: 0.356549 ms (enqueue 0.121198 ms)
[03/03/2026-11:07:07] [I] Average on 10 runs - GPU latency: 0.356348 ms - Host latency: 0.356348 ms (enqueue 0.116614 ms)
[03/03/2026-11:07:07] [I] Average on 10 runs - GPU latency: 0.358099 ms - Host latency: 0.358099 ms (enqueue 0.118939 ms)
[03/03/2026-11:07:07] [I] Average on 10 runs - GPU latency: 0.35697 ms - Host latency: 0.35697 ms (enqueue 0.12323 ms)
[03/03/2026-11:07:07] [I] Average on 10 runs - GPU latency: 0.357812 ms - Host latency: 0.357812 ms (enqueue 0.117389 ms)
[03/03/2026-11:07:07] [I] Average on 10 runs - GPU latency: 0.358984 ms - Host latency: 0.358984 ms (enqueue 0.112152 ms)
[03/03/2026-11:07:07] [I] Average on 10 runs - GPU latency: 0.358295 ms - Host latency: 0.358295 ms (enqueue 0.115582 ms)
[03/03/2026-11:07:07] [I] Average on 10 runs - GPU latency: 0.356671 ms - Host latency: 0.356671 ms (enqueue 0.115839 ms)
[03/03/2026-11:07:07] [I] Average on 10 runs - GPU latency: 0.357056 ms - Host latency: 0.357056 ms (enqueue 0.116827 ms)
[03/03/2026-11:07:07] [I] Average on 10 runs - GPU latency: 0.358936 ms - Host latency: 0.358936 ms (enqueue 0.114636 ms)
[03/03/2026-11:07:07] [I] Average on 10 runs - GPU latency: 0.356934 ms - Host latency: 0.356934 ms (enqueue 0.117065 ms)
[03/03/2026-11:07:07] [I] Average on 10 runs - GPU latency: 0.356171 ms - Host latency: 0.356171 ms (enqueue 0.122656 ms)
[03/03/2026-11:07:07] [I] Average on 10 runs - GPU latency: 0.357489 ms - Host latency: 0.357489 ms (enqueue 0.119629 ms)
[03/03/2026-11:07:07] [I] Average on 10 runs - GPU latency: 0.357251 ms - Host latency: 0.357251 ms (enqueue 0.121643 ms)
[03/03/2026-11:07:07] [I] Average on 10 runs - GPU latency: 0.356464 ms - Host latency: 0.356464 ms (enqueue 0.122632 ms)
[03/03/2026-11:07:07] [I] Average on 10 runs - GPU latency: 0.359656 ms - Host latency: 0.359656 ms (enqueue 0.114325 ms)
[03/03/2026-11:07:07] [I] Average on 10 runs - GPU latency: 0.358734 ms - Host latency: 0.358734 ms (enqueue 0.113434 ms)
[03/03/2026-11:07:07] [I] Average on 10 runs - GPU latency: 0.356714 ms - Host latency: 0.356714 ms (enqueue 0.113879 ms)
[03/03/2026-11:07:07] [I] Average on 10 runs - GPU latency: 0.358459 ms - Host latency: 0.358459 ms (enqueue 0.119336 ms)
[03/03/2026-11:07:07] [I] Average on 10 runs - GPU latency: 0.359589 ms - Host latency: 0.359589 ms (enqueue 0.112579 ms)
[03/03/2026-11:07:07] [I] Average on 10 runs - GPU latency: 0.357471 ms - Host latency: 0.357471 ms (enqueue 0.119592 ms)
[03/03/2026-11:07:07] [I] Average on 10 runs - GPU latency: 0.358179 ms - Host latency: 0.358179 ms (enqueue 0.115326 ms)
[03/03/2026-11:07:07] [I] Average on 10 runs - GPU latency: 0.357416 ms - Host latency: 0.357416 ms (enqueue 0.120374 ms)
[03/03/2026-11:07:07] [I] Average on 10 runs - GPU latency: 0.357007 ms - Host latency: 0.357007 ms (enqueue 0.119727 ms)
[03/03/2026-11:07:07] [I] Average on 10 runs - GPU latency: 0.357562 ms - Host latency: 0.357562 ms (enqueue 0.120044 ms)
[03/03/2026-11:07:07] [I] Average on 10 runs - GPU latency: 0.357977 ms - Host latency: 0.357977 ms (enqueue 0.120526 ms)
[03/03/2026-11:07:07] [I] Average on 10 runs - GPU latency: 0.35816 ms - Host latency: 0.35816 ms (enqueue 0.114154 ms)
[03/03/2026-11:07:07] [I] Average on 10 runs - GPU latency: 0.358057 ms - Host latency: 0.358057 ms (enqueue 0.118872 ms)
[03/03/2026-11:07:07] [I] Average on 10 runs - GPU latency: 0.358301 ms - Host latency: 0.358301 ms (enqueue 0.11604 ms)
[03/03/2026-11:07:07] [I] Average on 10 runs - GPU latency: 0.358032 ms - Host latency: 0.358032 ms (enqueue 0.116309 ms)
[03/03/2026-11:07:07] [I] Average on 10 runs - GPU latency: 0.358075 ms - Host latency: 0.358075 ms (enqueue 0.114539 ms)
[03/03/2026-11:07:07] [I] Average on 10 runs - GPU latency: 0.358661 ms - Host latency: 0.358661 ms (enqueue 0.118805 ms)
[03/03/2026-11:07:07] [I] Average on 10 runs - GPU latency: 0.357086 ms - Host latency: 0.357086 ms (enqueue 0.121136 ms)
[03/03/2026-11:07:07] [I] Average on 10 runs - GPU latency: 0.359149 ms - Host latency: 0.359149 ms (enqueue 0.119159 ms)
[03/03/2026-11:07:07] [I] Average on 10 runs - GPU latency: 0.357495 ms - Host latency: 0.357495 ms (enqueue 0.116815 ms)
[03/03/2026-11:07:07] [I] Average on 10 runs - GPU latency: 0.359631 ms - Host latency: 0.359631 ms (enqueue 0.116925 ms)
[03/03/2026-11:07:07] [I] Average on 10 runs - GPU latency: 0.358514 ms - Host latency: 0.358514 ms (enqueue 0.119312 ms)
[03/03/2026-11:07:07] [I] Average on 10 runs - GPU latency: 0.356818 ms - Host latency: 0.356818 ms (enqueue 0.116968 ms)
[03/03/2026-11:07:07] [I] Average on 10 runs - GPU latency: 0.35802 ms - Host latency: 0.35802 ms (enqueue 0.117529 ms)
[03/03/2026-11:07:07] [I] Average on 10 runs - GPU latency: 0.356396 ms - Host latency: 0.356396 ms (enqueue 0.114435 ms)
[03/03/2026-11:07:07] [I] Average on 10 runs - GPU latency: 0.358234 ms - Host latency: 0.358234 ms (enqueue 0.113898 ms)
[03/03/2026-11:07:07] [I] Average on 10 runs - GPU latency: 0.356213 ms - Host latency: 0.356213 ms (enqueue 0.118188 ms)
[03/03/2026-11:07:07] [I] Average on 10 runs - GPU latency: 0.355682 ms - Host latency: 0.355682 ms (enqueue 0.123016 ms)
[03/03/2026-11:07:07] [I] Average on 10 runs - GPU latency: 0.357568 ms - Host latency: 0.357568 ms (enqueue 0.119427 ms)
[03/03/2026-11:07:07] [I] Average on 10 runs - GPU latency: 0.35708 ms - Host latency: 0.35708 ms (enqueue 0.118213 ms)
[03/03/2026-11:07:07] [I] Average on 10 runs - GPU latency: 0.355908 ms - Host latency: 0.355908 ms (enqueue 0.120233 ms)
[03/03/2026-11:07:07] [I] Average on 10 runs - GPU latency: 0.358527 ms - Host latency: 0.358527 ms (enqueue 0.115973 ms)
[03/03/2026-11:07:07] [I] Average on 10 runs - GPU latency: 0.357812 ms - Host latency: 0.357812 ms (enqueue 0.117456 ms)
[03/03/2026-11:07:07] [I] Average on 10 runs - GPU latency: 0.357825 ms - Host latency: 0.357825 ms (enqueue 0.119183 ms)
[03/03/2026-11:07:07] [I] Average on 10 runs - GPU latency: 0.358093 ms - Host latency: 0.358093 ms (enqueue 0.119647 ms)
[03/03/2026-11:07:07] [I] Average on 10 runs - GPU latency: 0.359772 ms - Host latency: 0.359772 ms (enqueue 0.115607 ms)
[03/03/2026-11:07:07] [I] Average on 10 runs - GPU latency: 0.358112 ms - Host latency: 0.358112 ms (enqueue 0.117072 ms)
[03/03/2026-11:07:07] [I] Average on 10 runs - GPU latency: 0.35838 ms - Host latency: 0.35838 ms (enqueue 0.115259 ms)
[03/03/2026-11:07:07] [I] Average on 10 runs - GPU latency: 0.359283 ms - Host latency: 0.359283 ms (enqueue 0.117908 ms)
[03/03/2026-11:07:07] [I] Average on 10 runs - GPU latency: 0.359497 ms - Host latency: 0.359497 ms (enqueue 0.113892 ms)
[03/03/2026-11:07:07] [I] Average on 10 runs - GPU latency: 0.357538 ms - Host latency: 0.357538 ms (enqueue 0.117792 ms)
[03/03/2026-11:07:07] [I] Average on 10 runs - GPU latency: 0.358008 ms - Host latency: 0.358008 ms (enqueue 0.116272 ms)
[03/03/2026-11:07:07] [I] Average on 10 runs - GPU latency: 0.358771 ms - Host latency: 0.358771 ms (enqueue 0.116888 ms)
[03/03/2026-11:07:07] [I] Average on 10 runs - GPU latency: 0.357562 ms - Host latency: 0.357562 ms (enqueue 0.116174 ms)
[03/03/2026-11:07:07] [I] Average on 10 runs - GPU latency: 0.358972 ms - Host latency: 0.358972 ms (enqueue 0.116736 ms)
[03/03/2026-11:07:07] [I] Average on 10 runs - GPU latency: 0.357092 ms - Host latency: 0.357092 ms (enqueue 0.115271 ms)
[03/03/2026-11:07:07] [I] Average on 10 runs - GPU latency: 0.358325 ms - Host latency: 0.358325 ms (enqueue 0.119617 ms)
[03/03/2026-11:07:07] [I] Average on 10 runs - GPU latency: 0.357812 ms - Host latency: 0.357812 ms (enqueue 0.122778 ms)
[03/03/2026-11:07:07] [I] Average on 10 runs - GPU latency: 0.357019 ms - Host latency: 0.357019 ms (enqueue 0.118921 ms)
[03/03/2026-11:07:07] [I] Average on 10 runs - GPU latency: 0.356946 ms - Host latency: 0.356946 ms (enqueue 0.120801 ms)
[03/03/2026-11:07:07] [I] Average on 10 runs - GPU latency: 0.357214 ms - Host latency: 0.357214 ms (enqueue 0.122485 ms)
[03/03/2026-11:07:07] [I] Average on 10 runs - GPU latency: 0.357153 ms - Host latency: 0.357153 ms (enqueue 0.125769 ms)
[03/03/2026-11:07:07] [I] Average on 10 runs - GPU latency: 0.358618 ms - Host latency: 0.358618 ms (enqueue 0.119495 ms)
[03/03/2026-11:07:07] [I] Average on 10 runs - GPU latency: 0.357434 ms - Host latency: 0.357434 ms (enqueue 0.119861 ms)
[03/03/2026-11:07:07] [I] Average on 10 runs - GPU latency: 0.358179 ms - Host latency: 0.358179 ms (enqueue 0.122266 ms)
[03/03/2026-11:07:07] [I] Average on 10 runs - GPU latency: 0.357996 ms - Host latency: 0.357996 ms (enqueue 0.113928 ms)
[03/03/2026-11:07:07] [I] Average on 10 runs - GPU latency: 0.358228 ms - Host latency: 0.358228 ms (enqueue 0.117041 ms)
[03/03/2026-11:07:07] [I] Average on 10 runs - GPU latency: 0.357739 ms - Host latency: 0.357739 ms (enqueue 0.114539 ms)
[03/03/2026-11:07:07] [I] Average on 10 runs - GPU latency: 0.356372 ms - Host latency: 0.356372 ms (enqueue 0.11991 ms)
[03/03/2026-11:07:07] [I] Average on 10 runs - GPU latency: 0.35791 ms - Host latency: 0.35791 ms (enqueue 0.118835 ms)
[03/03/2026-11:07:07] [I] Average on 10 runs - GPU latency: 0.35719 ms - Host latency: 0.35719 ms (enqueue 0.116235 ms)
[03/03/2026-11:07:07] [I] Average on 10 runs - GPU latency: 0.358435 ms - Host latency: 0.358435 ms (enqueue 0.114819 ms)
[03/03/2026-11:07:07] [I] Average on 10 runs - GPU latency: 0.358069 ms - Host latency: 0.358069 ms (enqueue 0.118018 ms)
[03/03/2026-11:07:07] [I] Average on 10 runs - GPU latency: 0.358289 ms - Host latency: 0.358289 ms (enqueue 0.120154 ms)
[03/03/2026-11:07:07] [I] Average on 10 runs - GPU latency: 0.357983 ms - Host latency: 0.357983 ms (enqueue 0.119946 ms)
[03/03/2026-11:07:07] [I] Average on 10 runs - GPU latency: 0.357202 ms - Host latency: 0.357202 ms (enqueue 0.116687 ms)
[03/03/2026-11:07:07] [I] Average on 10 runs - GPU latency: 0.357617 ms - Host latency: 0.357617 ms (enqueue 0.115112 ms)
[03/03/2026-11:07:07] [I] Average on 10 runs - GPU latency: 0.356909 ms - Host latency: 0.356909 ms (enqueue 0.115063 ms)
[03/03/2026-11:07:07] [I] Average on 10 runs - GPU latency: 0.360327 ms - Host latency: 0.360327 ms (enqueue 0.114685 ms)
[03/03/2026-11:07:07] [I] Average on 10 runs - GPU latency: 0.358008 ms - Host latency: 0.358008 ms (enqueue 0.115137 ms)
[03/03/2026-11:07:07] [I] Average on 10 runs - GPU latency: 0.358093 ms - Host latency: 0.358093 ms (enqueue 0.114697 ms)
[03/03/2026-11:07:07] [I] Average on 10 runs - GPU latency: 0.357336 ms - Host latency: 0.357336 ms (enqueue 0.116418 ms)
[03/03/2026-11:07:07] [I] Average on 10 runs - GPU latency: 0.356702 ms - Host latency: 0.356702 ms (enqueue 0.11864 ms)
[03/03/2026-11:07:07] [I] Average on 10 runs - GPU latency: 0.356714 ms - Host latency: 0.356714 ms (enqueue 0.1229 ms)
[03/03/2026-11:07:07] [I] Average on 10 runs - GPU latency: 0.35769 ms - Host latency: 0.35769 ms (enqueue 0.114441 ms)
[03/03/2026-11:07:07] [I] Average on 10 runs - GPU latency: 0.358484 ms - Host latency: 0.358484 ms (enqueue 0.114966 ms)
[03/03/2026-11:07:07] [I] Average on 10 runs - GPU latency: 0.358215 ms - Host latency: 0.358215 ms (enqueue 0.117773 ms)
[03/03/2026-11:07:07] [I] Average on 10 runs - GPU latency: 0.358887 ms - Host latency: 0.358887 ms (enqueue 0.117017 ms)
[03/03/2026-11:07:07] [I] Average on 10 runs - GPU latency: 0.358704 ms - Host latency: 0.358704 ms (enqueue 0.114941 ms)
[03/03/2026-11:07:07] [I] Average on 10 runs - GPU latency: 0.357996 ms - Host latency: 0.357996 ms (enqueue 0.115161 ms)
[03/03/2026-11:07:07] [I] Average on 10 runs - GPU latency: 0.356824 ms - Host latency: 0.356824 ms (enqueue 0.117029 ms)
[03/03/2026-11:07:07] [I] Average on 10 runs - GPU latency: 0.358801 ms - Host latency: 0.358801 ms (enqueue 0.114526 ms)
[03/03/2026-11:07:07] [I] Average on 10 runs - GPU latency: 0.35957 ms - Host latency: 0.35957 ms (enqueue 0.114807 ms)
[03/03/2026-11:07:07] [I] Average on 10 runs - GPU latency: 0.35863 ms - Host latency: 0.35863 ms (enqueue 0.120007 ms)
[03/03/2026-11:07:07] [I] Average on 10 runs - GPU latency: 0.356921 ms - Host latency: 0.356921 ms (enqueue 0.119031 ms)
[03/03/2026-11:07:07] [I] Average on 10 runs - GPU latency: 0.356995 ms - Host latency: 0.356995 ms (enqueue 0.116125 ms)
[03/03/2026-11:07:07] [I] Average on 10 runs - GPU latency: 0.359143 ms - Host latency: 0.359143 ms (enqueue 0.114465 ms)
[03/03/2026-11:07:07] [I] Average on 10 runs - GPU latency: 0.357642 ms - Host latency: 0.357642 ms (enqueue 0.117358 ms)
[03/03/2026-11:07:07] [I] Average on 10 runs - GPU latency: 0.357983 ms - Host latency: 0.357983 ms (enqueue 0.116675 ms)
[03/03/2026-11:07:07] [I] Average on 10 runs - GPU latency: 0.358936 ms - Host latency: 0.358936 ms (enqueue 0.116711 ms)
[03/03/2026-11:07:07] [I] Average on 10 runs - GPU latency: 0.357092 ms - Host latency: 0.357092 ms (enqueue 0.117749 ms)
[03/03/2026-11:07:07] [I] Average on 10 runs - GPU latency: 0.357898 ms - Host latency: 0.357898 ms (enqueue 0.119556 ms)
[03/03/2026-11:07:07] [I] Average on 10 runs - GPU latency: 0.357935 ms - Host latency: 0.357935 ms (enqueue 0.119189 ms)
[03/03/2026-11:07:07] [I] Average on 10 runs - GPU latency: 0.357361 ms - Host latency: 0.357361 ms (enqueue 0.12113 ms)
[03/03/2026-11:07:07] [I] Average on 10 runs - GPU latency: 0.358032 ms - Host latency: 0.358032 ms (enqueue 0.119946 ms)
[03/03/2026-11:07:07] [I] Average on 10 runs - GPU latency: 0.356458 ms - Host latency: 0.356458 ms (enqueue 0.121021 ms)
[03/03/2026-11:07:07] [I] Average on 10 runs - GPU latency: 0.357214 ms - Host latency: 0.357214 ms (enqueue 0.125061 ms)
[03/03/2026-11:07:07] [I] Average on 10 runs - GPU latency: 0.356946 ms - Host latency: 0.356946 ms (enqueue 0.120264 ms)
[03/03/2026-11:07:07] [I] Average on 10 runs - GPU latency: 0.358362 ms - Host latency: 0.358362 ms (enqueue 0.117908 ms)
[03/03/2026-11:07:07] [I] Average on 10 runs - GPU latency: 0.359338 ms - Host latency: 0.359338 ms (enqueue 0.117297 ms)
[03/03/2026-11:07:07] [I] Average on 10 runs - GPU latency: 0.357812 ms - Host latency: 0.357812 ms (enqueue 0.117175 ms)
[03/03/2026-11:07:07] [I] Average on 10 runs - GPU latency: 0.357751 ms - Host latency: 0.357751 ms (enqueue 0.12323 ms)
[03/03/2026-11:07:07] [I] Average on 10 runs - GPU latency: 0.357898 ms - Host latency: 0.357898 ms (enqueue 0.120264 ms)
[03/03/2026-11:07:07] [I] Average on 10 runs - GPU latency: 0.357739 ms - Host latency: 0.357739 ms (enqueue 0.126392 ms)
[03/03/2026-11:07:07] [I] Average on 10 runs - GPU latency: 0.357459 ms - Host latency: 0.357459 ms (enqueue 0.12384 ms)
[03/03/2026-11:07:07] [I] Average on 10 runs - GPU latency: 0.358252 ms - Host latency: 0.358252 ms (enqueue 0.124683 ms)
[03/03/2026-11:07:07] [I] Average on 10 runs - GPU latency: 0.35896 ms - Host latency: 0.35896 ms (enqueue 0.117371 ms)
[03/03/2026-11:07:07] [I] Average on 10 runs - GPU latency: 0.357776 ms - Host latency: 0.357776 ms (enqueue 0.115735 ms)
[03/03/2026-11:07:07] [I] Average on 10 runs - GPU latency: 0.358032 ms - Host latency: 0.358032 ms (enqueue 0.120874 ms)
[03/03/2026-11:07:07] [I] Average on 10 runs - GPU latency: 0.357666 ms - Host latency: 0.357666 ms (enqueue 0.121204 ms)
[03/03/2026-11:07:07] [I] Average on 10 runs - GPU latency: 0.357214 ms - Host latency: 0.357214 ms (enqueue 0.121594 ms)
[03/03/2026-11:07:07] [I] Average on 10 runs - GPU latency: 0.356531 ms - Host latency: 0.356531 ms (enqueue 0.128369 ms)
[03/03/2026-11:07:07] [I] Average on 10 runs - GPU latency: 0.357324 ms - Host latency: 0.357324 ms (enqueue 0.125024 ms)
[03/03/2026-11:07:07] [I] Average on 10 runs - GPU latency: 0.357336 ms - Host latency: 0.357336 ms (enqueue 0.118811 ms)
[03/03/2026-11:07:07] [I] Average on 10 runs - GPU latency: 0.357141 ms - Host latency: 0.357141 ms (enqueue 0.118054 ms)
[03/03/2026-11:07:07] [I] Average on 10 runs - GPU latency: 0.357629 ms - Host latency: 0.357629 ms (enqueue 0.120532 ms)
[03/03/2026-11:07:07] [I] Average on 10 runs - GPU latency: 0.359229 ms - Host latency: 0.359229 ms (enqueue 0.115442 ms)
[03/03/2026-11:07:07] [I] Average on 10 runs - GPU latency: 0.357678 ms - Host latency: 0.357678 ms (enqueue 0.114514 ms)
[03/03/2026-11:07:07] [I] Average on 10 runs - GPU latency: 0.357629 ms - Host latency: 0.357629 ms (enqueue 0.116675 ms)
[03/03/2026-11:07:07] [I] Average on 10 runs - GPU latency: 0.357178 ms - Host latency: 0.357178 ms (enqueue 0.118982 ms)
[03/03/2026-11:07:07] [I] Average on 10 runs - GPU latency: 0.356958 ms - Host latency: 0.356958 ms (enqueue 0.119507 ms)
[03/03/2026-11:07:07] [I] Average on 10 runs - GPU latency: 0.355518 ms - Host latency: 0.355518 ms (enqueue 0.122559 ms)
[03/03/2026-11:07:07] [I] Average on 10 runs - GPU latency: 0.358203 ms - Host latency: 0.358203 ms (enqueue 0.120154 ms)
[03/03/2026-11:07:07] [I] Average on 10 runs - GPU latency: 0.357031 ms - Host latency: 0.357031 ms (enqueue 0.121936 ms)
[03/03/2026-11:07:07] [I] Average on 10 runs - GPU latency: 0.357178 ms - Host latency: 0.357178 ms (enqueue 0.120544 ms)
[03/03/2026-11:07:07] [I] Average on 10 runs - GPU latency: 0.358728 ms - Host latency: 0.358728 ms (enqueue 0.120667 ms)
[03/03/2026-11:07:07] [I] Average on 10 runs - GPU latency: 0.357288 ms - Host latency: 0.357288 ms (enqueue 0.116223 ms)
[03/03/2026-11:07:07] [I] Average on 10 runs - GPU latency: 0.357434 ms - Host latency: 0.357434 ms (enqueue 0.118738 ms)
[03/03/2026-11:07:07] [I] Average on 10 runs - GPU latency: 0.358679 ms - Host latency: 0.358679 ms (enqueue 0.122583 ms)
[03/03/2026-11:07:07] [I] Average on 10 runs - GPU latency: 0.357434 ms - Host latency: 0.357434 ms (enqueue 0.119165 ms)
[03/03/2026-11:07:07] [I] Average on 10 runs - GPU latency: 0.358386 ms - Host latency: 0.358386 ms (enqueue 0.123608 ms)
[03/03/2026-11:07:07] [I] Average on 10 runs - GPU latency: 0.358057 ms - Host latency: 0.358057 ms (enqueue 0.118445 ms)
[03/03/2026-11:07:07] [I] Average on 10 runs - GPU latency: 0.35697 ms - Host latency: 0.35697 ms (enqueue 0.115515 ms)
[03/03/2026-11:07:07] [I] Average on 10 runs - GPU latency: 0.356946 ms - Host latency: 0.356946 ms (enqueue 0.121216 ms)
[03/03/2026-11:07:07] [I] Average on 10 runs - GPU latency: 0.356958 ms - Host latency: 0.356958 ms (enqueue 0.120947 ms)
[03/03/2026-11:07:07] [I] Average on 10 runs - GPU latency: 0.356262 ms - Host latency: 0.356262 ms (enqueue 0.123499 ms)
[03/03/2026-11:07:07] [I] Average on 10 runs - GPU latency: 0.359082 ms - Host latency: 0.359082 ms (enqueue 0.117737 ms)
[03/03/2026-11:07:07] [I] Average on 10 runs - GPU latency: 0.357214 ms - Host latency: 0.357214 ms (enqueue 0.122339 ms)
[03/03/2026-11:07:07] [I] Average on 10 runs - GPU latency: 0.358691 ms - Host latency: 0.358691 ms (enqueue 0.124377 ms)
[03/03/2026-11:07:07] [I] Average on 10 runs - GPU latency: 0.357898 ms - Host latency: 0.357898 ms (enqueue 0.122192 ms)
[03/03/2026-11:07:07] [I] Average on 10 runs - GPU latency: 0.357434 ms - Host latency: 0.357434 ms (enqueue 0.120154 ms)
[03/03/2026-11:07:07] [I] Average on 10 runs - GPU latency: 0.35835 ms - Host latency: 0.35835 ms (enqueue 0.122339 ms)
[03/03/2026-11:07:07] [I] Average on 10 runs - GPU latency: 0.357764 ms - Host latency: 0.357764 ms (enqueue 0.125122 ms)
[03/03/2026-11:07:07] [I] Average on 10 runs - GPU latency: 0.357739 ms - Host latency: 0.357739 ms (enqueue 0.119812 ms)
[03/03/2026-11:07:07] [I] Average on 10 runs - GPU latency: 0.356641 ms - Host latency: 0.356641 ms (enqueue 0.11554 ms)
[03/03/2026-11:07:07] [I] Average on 10 runs - GPU latency: 0.358179 ms - Host latency: 0.358179 ms (enqueue 0.117627 ms)
[03/03/2026-11:07:07] [I] Average on 10 runs - GPU latency: 0.357251 ms - Host latency: 0.357251 ms (enqueue 0.129028 ms)
[03/03/2026-11:07:07] [I] Average on 10 runs - GPU latency: 0.358472 ms - Host latency: 0.358472 ms (enqueue 0.121851 ms)
[03/03/2026-11:07:07] [I] Average on 10 runs - GPU latency: 0.357642 ms - Host latency: 0.357642 ms (enqueue 0.119348 ms)
[03/03/2026-11:07:07] [I] Average on 10 runs - GPU latency: 0.357678 ms - Host latency: 0.357678 ms (enqueue 0.113892 ms)
[03/03/2026-11:07:07] [I] Average on 10 runs - GPU latency: 0.359204 ms - Host latency: 0.359204 ms (enqueue 0.114868 ms)
[03/03/2026-11:07:07] [I] Average on 10 runs - GPU latency: 0.356812 ms - Host latency: 0.356812 ms (enqueue 0.122034 ms)
[03/03/2026-11:07:07] [I] Average on 10 runs - GPU latency: 0.356946 ms - Host latency: 0.356946 ms (enqueue 0.123584 ms)
[03/03/2026-11:07:07] [I] Average on 10 runs - GPU latency: 0.357837 ms - Host latency: 0.357837 ms (enqueue 0.12428 ms)
[03/03/2026-11:07:07] [I] Average on 10 runs - GPU latency: 0.357776 ms - Host latency: 0.357776 ms (enqueue 0.12533 ms)
[03/03/2026-11:07:07] [I] Average on 10 runs - GPU latency: 0.357605 ms - Host latency: 0.357605 ms (enqueue 0.118103 ms)
[03/03/2026-11:07:07] [I] Average on 10 runs - GPU latency: 0.356262 ms - Host latency: 0.356262 ms (enqueue 0.126978 ms)
[03/03/2026-11:07:07] [I] Average on 10 runs - GPU latency: 0.357898 ms - Host latency: 0.357898 ms (enqueue 0.122107 ms)
[03/03/2026-11:07:07] [I] Average on 10 runs - GPU latency: 0.358325 ms - Host latency: 0.358325 ms (enqueue 0.118909 ms)
[03/03/2026-11:07:07] [I] Average on 10 runs - GPU latency: 0.359229 ms - Host latency: 0.359229 ms (enqueue 0.117249 ms)
[03/03/2026-11:07:07] [I] Average on 10 runs - GPU latency: 0.357043 ms - Host latency: 0.357043 ms (enqueue 0.123364 ms)
[03/03/2026-11:07:07] [I] Average on 10 runs - GPU latency: 0.359265 ms - Host latency: 0.359265 ms (enqueue 0.116956 ms)
[03/03/2026-11:07:07] [I] Average on 10 runs - GPU latency: 0.357703 ms - Host latency: 0.357703 ms (enqueue 0.115869 ms)
[03/03/2026-11:07:07] [I] Average on 10 runs - GPU latency: 0.358801 ms - Host latency: 0.358801 ms (enqueue 0.122717 ms)
[03/03/2026-11:07:07] [I] Average on 10 runs - GPU latency: 0.357812 ms - Host latency: 0.357812 ms (enqueue 0.116125 ms)
[03/03/2026-11:07:07] [I] Average on 10 runs - GPU latency: 0.357544 ms - Host latency: 0.357544 ms (enqueue 0.12019 ms)
[03/03/2026-11:07:07] [I] Average on 10 runs - GPU latency: 0.357263 ms - Host latency: 0.357263 ms (enqueue 0.12041 ms)
[03/03/2026-11:07:07] [I] Average on 10 runs - GPU latency: 0.357031 ms - Host latency: 0.357031 ms (enqueue 0.128528 ms)
[03/03/2026-11:07:07] [I] Average on 10 runs - GPU latency: 0.357043 ms - Host latency: 0.357043 ms (enqueue 0.128284 ms)
[03/03/2026-11:07:07] [I] Average on 10 runs - GPU latency: 0.359314 ms - Host latency: 0.359314 ms (enqueue 0.120178 ms)
[03/03/2026-11:07:07] [I] Average on 10 runs - GPU latency: 0.357239 ms - Host latency: 0.357239 ms (enqueue 0.116516 ms)
[03/03/2026-11:07:07] [I] Average on 10 runs - GPU latency: 0.358423 ms - Host latency: 0.358423 ms (enqueue 0.127649 ms)
[03/03/2026-11:07:07] [I] Average on 10 runs - GPU latency: 0.355945 ms - Host latency: 0.355945 ms (enqueue 0.118591 ms)
[03/03/2026-11:07:07] [I] Average on 10 runs - GPU latency: 0.358276 ms - Host latency: 0.358276 ms (enqueue 0.117053 ms)
[03/03/2026-11:07:07] [I] Average on 10 runs - GPU latency: 0.356543 ms - Host latency: 0.356543 ms (enqueue 0.121619 ms)
[03/03/2026-11:07:07] [I] Average on 10 runs - GPU latency: 0.35791 ms - Host latency: 0.35791 ms (enqueue 0.130676 ms)
[03/03/2026-11:07:07] [I] Average on 10 runs - GPU latency: 0.357788 ms - Host latency: 0.357788 ms (enqueue 0.119409 ms)
[03/03/2026-11:07:07] [I] Average on 10 runs - GPU latency: 0.356433 ms - Host latency: 0.356433 ms (enqueue 0.123645 ms)
[03/03/2026-11:07:07] [I] Average on 10 runs - GPU latency: 0.357288 ms - Host latency: 0.357288 ms (enqueue 0.12135 ms)
[03/03/2026-11:07:07] [I] Average on 10 runs - GPU latency: 0.35929 ms - Host latency: 0.35929 ms (enqueue 0.117908 ms)
[03/03/2026-11:07:07] [I] Average on 10 runs - GPU latency: 0.358057 ms - Host latency: 0.358057 ms (enqueue 0.119421 ms)
[03/03/2026-11:07:07] [I] Average on 10 runs - GPU latency: 0.358057 ms - Host latency: 0.358057 ms (enqueue 0.118945 ms)
[03/03/2026-11:07:07] [I] Average on 10 runs - GPU latency: 0.357434 ms - Host latency: 0.357434 ms (enqueue 0.128088 ms)
[03/03/2026-11:07:07] [I] Average on 10 runs - GPU latency: 0.356519 ms - Host latency: 0.356519 ms (enqueue 0.116846 ms)
[03/03/2026-11:07:07] [I] Average on 10 runs - GPU latency: 0.356787 ms - Host latency: 0.356787 ms (enqueue 0.121179 ms)
[03/03/2026-11:07:07] [I] Average on 10 runs - GPU latency: 0.360083 ms - Host latency: 0.360083 ms (enqueue 0.121265 ms)
[03/03/2026-11:07:07] [I] Average on 10 runs - GPU latency: 0.359082 ms - Host latency: 0.359082 ms (enqueue 0.111816 ms)
[03/03/2026-11:07:07] [I] Average on 10 runs - GPU latency: 0.358313 ms - Host latency: 0.358313 ms (enqueue 0.120422 ms)
[03/03/2026-11:07:07] [I] Average on 10 runs - GPU latency: 0.358752 ms - Host latency: 0.358752 ms (enqueue 0.116785 ms)
[03/03/2026-11:07:07] [I] Average on 10 runs - GPU latency: 0.355518 ms - Host latency: 0.355518 ms (enqueue 0.116602 ms)
[03/03/2026-11:07:07] [I] Average on 10 runs - GPU latency: 0.358264 ms - Host latency: 0.358264 ms (enqueue 0.114807 ms)
[03/03/2026-11:07:07] [I] Average on 10 runs - GPU latency: 0.359058 ms - Host latency: 0.359058 ms (enqueue 0.118005 ms)
[03/03/2026-11:07:07] [I] Average on 10 runs - GPU latency: 0.357202 ms - Host latency: 0.357202 ms (enqueue 0.118799 ms)
[03/03/2026-11:07:07] [I] Average on 10 runs - GPU latency: 0.358423 ms - Host latency: 0.358423 ms (enqueue 0.116638 ms)
[03/03/2026-11:07:07] [I] Average on 10 runs - GPU latency: 0.359448 ms - Host latency: 0.359448 ms (enqueue 0.1177 ms)
[03/03/2026-11:07:07] [I] Average on 10 runs - GPU latency: 0.358594 ms - Host latency: 0.358594 ms (enqueue 0.117358 ms)
[03/03/2026-11:07:07] [I] Average on 10 runs - GPU latency: 0.358606 ms - Host latency: 0.358606 ms (enqueue 0.115881 ms)
[03/03/2026-11:07:07] [I] Average on 10 runs - GPU latency: 0.356787 ms - Host latency: 0.356787 ms (enqueue 0.12417 ms)
[03/03/2026-11:07:07] [I] Average on 10 runs - GPU latency: 0.359045 ms - Host latency: 0.359045 ms (enqueue 0.117908 ms)
[03/03/2026-11:07:07] [I] Average on 10 runs - GPU latency: 0.358704 ms - Host latency: 0.358704 ms (enqueue 0.119373 ms)
[03/03/2026-11:07:07] [I] Average on 10 runs - GPU latency: 0.357141 ms - Host latency: 0.357141 ms (enqueue 0.122278 ms)
[03/03/2026-11:07:07] [I] Average on 10 runs - GPU latency: 0.359583 ms - Host latency: 0.359583 ms (enqueue 0.114612 ms)
[03/03/2026-11:07:07] [I] Average on 10 runs - GPU latency: 0.358484 ms - Host latency: 0.358484 ms (enqueue 0.117188 ms)
[03/03/2026-11:07:07] [I] Average on 10 runs - GPU latency: 0.358423 ms - Host latency: 0.358423 ms (enqueue 0.116785 ms)
[03/03/2026-11:07:07] [I] Average on 10 runs - GPU latency: 0.356238 ms - Host latency: 0.356238 ms (enqueue 0.123035 ms)
[03/03/2026-11:07:07] [I] Average on 10 runs - GPU latency: 0.356604 ms - Host latency: 0.356604 ms (enqueue 0.119177 ms)
[03/03/2026-11:07:07] [I] Average on 10 runs - GPU latency: 0.356897 ms - Host latency: 0.356897 ms (enqueue 0.122546 ms)
[03/03/2026-11:07:07] [I] Average on 10 runs - GPU latency: 0.357129 ms - Host latency: 0.357129 ms (enqueue 0.122241 ms)
[03/03/2026-11:07:07] [I] Average on 10 runs - GPU latency: 0.357214 ms - Host latency: 0.357214 ms (enqueue 0.118591 ms)
[03/03/2026-11:07:07] [I] Average on 10 runs - GPU latency: 0.359338 ms - Host latency: 0.359338 ms (enqueue 0.114124 ms)
[03/03/2026-11:07:07] [I] Average on 10 runs - GPU latency: 0.359302 ms - Host latency: 0.359302 ms (enqueue 0.117603 ms)
[03/03/2026-11:07:07] [I] Average on 10 runs - GPU latency: 0.358752 ms - Host latency: 0.358752 ms (enqueue 0.116052 ms)
[03/03/2026-11:07:07] [I] Average on 10 runs - GPU latency: 0.358997 ms - Host latency: 0.358997 ms (enqueue 0.115601 ms)
[03/03/2026-11:07:07] [I] Average on 10 runs - GPU latency: 0.357837 ms - Host latency: 0.357837 ms (enqueue 0.122168 ms)
[03/03/2026-11:07:07] [I] Average on 10 runs - GPU latency: 0.358997 ms - Host latency: 0.358997 ms (enqueue 0.116284 ms)
[03/03/2026-11:07:07] [I] Average on 10 runs - GPU latency: 0.358521 ms - Host latency: 0.358521 ms (enqueue 0.118518 ms)
[03/03/2026-11:07:07] [I] Average on 10 runs - GPU latency: 0.358716 ms - Host latency: 0.358716 ms (enqueue 0.123169 ms)
[03/03/2026-11:07:07] [I] Average on 10 runs - GPU latency: 0.358374 ms - Host latency: 0.358374 ms (enqueue 0.130347 ms)
[03/03/2026-11:07:07] [I] Average on 10 runs - GPU latency: 0.358459 ms - Host latency: 0.358459 ms (enqueue 0.121228 ms)
[03/03/2026-11:07:07] [I] Average on 10 runs - GPU latency: 0.356311 ms - Host latency: 0.356311 ms (enqueue 0.126367 ms)
[03/03/2026-11:07:07] [I] Average on 10 runs - GPU latency: 0.357861 ms - Host latency: 0.357861 ms (enqueue 0.116821 ms)
[03/03/2026-11:07:07] [I] Average on 10 runs - GPU latency: 0.357764 ms - Host latency: 0.357764 ms (enqueue 0.119775 ms)
[03/03/2026-11:07:07] [I] Average on 10 runs - GPU latency: 0.358215 ms - Host latency: 0.358215 ms (enqueue 0.118689 ms)
[03/03/2026-11:07:07] [I] Average on 10 runs - GPU latency: 0.359717 ms - Host latency: 0.359717 ms (enqueue 0.117957 ms)
[03/03/2026-11:07:07] [I] Average on 10 runs - GPU latency: 0.358179 ms - Host latency: 0.358179 ms (enqueue 0.116492 ms)
[03/03/2026-11:07:07] [I] Average on 10 runs - GPU latency: 0.360229 ms - Host latency: 0.360229 ms (enqueue 0.117029 ms)
[03/03/2026-11:07:07] [I] Average on 10 runs - GPU latency: 0.357568 ms - Host latency: 0.357568 ms (enqueue 0.116394 ms)
[03/03/2026-11:07:07] [I] Average on 10 runs - GPU latency: 0.358264 ms - Host latency: 0.358264 ms (enqueue 0.118945 ms)
[03/03/2026-11:07:07] [I] Average on 10 runs - GPU latency: 0.359302 ms - Host latency: 0.359302 ms (enqueue 0.114026 ms)
[03/03/2026-11:07:07] [I] Average on 10 runs - GPU latency: 0.35791 ms - Host latency: 0.35791 ms (enqueue 0.119031 ms)
[03/03/2026-11:07:07] [I] Average on 10 runs - GPU latency: 0.355847 ms - Host latency: 0.355847 ms (enqueue 0.120593 ms)
[03/03/2026-11:07:07] [I] Average on 10 runs - GPU latency: 0.357483 ms - Host latency: 0.357483 ms (enqueue 0.118921 ms)
[03/03/2026-11:07:07] [I] Average on 10 runs - GPU latency: 0.357312 ms - Host latency: 0.357312 ms (enqueue 0.117859 ms)
[03/03/2026-11:07:07] [I] Average on 10 runs - GPU latency: 0.356714 ms - Host latency: 0.356714 ms (enqueue 0.122998 ms)
[03/03/2026-11:07:07] [I] Average on 10 runs - GPU latency: 0.357874 ms - Host latency: 0.357874 ms (enqueue 0.119177 ms)
[03/03/2026-11:07:07] [I] Average on 10 runs - GPU latency: 0.358081 ms - Host latency: 0.358081 ms (enqueue 0.123853 ms)
[03/03/2026-11:07:07] [I] Average on 10 runs - GPU latency: 0.357886 ms - Host latency: 0.357886 ms (enqueue 0.116736 ms)
[03/03/2026-11:07:07] [I] Average on 10 runs - GPU latency: 0.356958 ms - Host latency: 0.356958 ms (enqueue 0.115857 ms)
[03/03/2026-11:07:07] [I] Average on 10 runs - GPU latency: 0.358228 ms - Host latency: 0.358228 ms (enqueue 0.12229 ms)
[03/03/2026-11:07:07] [I] Average on 10 runs - GPU latency: 0.356836 ms - Host latency: 0.356836 ms (enqueue 0.118372 ms)
[03/03/2026-11:07:07] [I] Average on 10 runs - GPU latency: 0.358313 ms - Host latency: 0.358313 ms (enqueue 0.120459 ms)
[03/03/2026-11:07:07] [I] Average on 10 runs - GPU latency: 0.356372 ms - Host latency: 0.356372 ms (enqueue 0.121216 ms)
[03/03/2026-11:07:07] [I] Average on 10 runs - GPU latency: 0.356433 ms - Host latency: 0.356433 ms (enqueue 0.126111 ms)
[03/03/2026-11:07:07] [I] Average on 10 runs - GPU latency: 0.356641 ms - Host latency: 0.356641 ms (enqueue 0.126306 ms)
[03/03/2026-11:07:07] [I] Average on 10 runs - GPU latency: 0.358423 ms - Host latency: 0.358423 ms (enqueue 0.119958 ms)
[03/03/2026-11:07:07] [I] Average on 10 runs - GPU latency: 0.357227 ms - Host latency: 0.357227 ms (enqueue 0.116663 ms)
[03/03/2026-11:07:07] [I] Average on 10 runs - GPU latency: 0.358423 ms - Host latency: 0.358423 ms (enqueue 0.118823 ms)
[03/03/2026-11:07:07] [I] Average on 10 runs - GPU latency: 0.356482 ms - Host latency: 0.356482 ms (enqueue 0.119067 ms)
[03/03/2026-11:07:07] [I] Average on 10 runs - GPU latency: 0.358484 ms - Host latency: 0.358484 ms (enqueue 0.123462 ms)
[03/03/2026-11:07:07] [I] Average on 10 runs - GPU latency: 0.357275 ms - Host latency: 0.357275 ms (enqueue 0.117468 ms)
[03/03/2026-11:07:07] [I] Average on 10 runs - GPU latency: 0.357727 ms - Host latency: 0.357727 ms (enqueue 0.120923 ms)
[03/03/2026-11:07:07] [I] Average on 10 runs - GPU latency: 0.357178 ms - Host latency: 0.357178 ms (enqueue 0.120239 ms)
[03/03/2026-11:07:07] [I] Average on 10 runs - GPU latency: 0.355859 ms - Host latency: 0.355859 ms (enqueue 0.121863 ms)
[03/03/2026-11:07:07] [I] Average on 10 runs - GPU latency: 0.357019 ms - Host latency: 0.357019 ms (enqueue 0.120581 ms)
[03/03/2026-11:07:07] [I] Average on 10 runs - GPU latency: 0.355823 ms - Host latency: 0.355823 ms (enqueue 0.118848 ms)
[03/03/2026-11:07:07] [I] Average on 10 runs - GPU latency: 0.35813 ms - Host latency: 0.35813 ms (enqueue 0.118799 ms)
[03/03/2026-11:07:07] [I] Average on 10 runs - GPU latency: 0.359753 ms - Host latency: 0.359753 ms (enqueue 0.112878 ms)
[03/03/2026-11:07:07] [I] Average on 10 runs - GPU latency: 0.357239 ms - Host latency: 0.357239 ms (enqueue 0.11394 ms)
[03/03/2026-11:07:07] [I] Average on 10 runs - GPU latency: 0.357471 ms - Host latency: 0.357471 ms (enqueue 0.121118 ms)
[03/03/2026-11:07:07] [I] Average on 10 runs - GPU latency: 0.358252 ms - Host latency: 0.358252 ms (enqueue 0.118323 ms)
[03/03/2026-11:07:07] [I] Average on 10 runs - GPU latency: 0.35874 ms - Host latency: 0.35874 ms (enqueue 0.120178 ms)
[03/03/2026-11:07:07] [I] Average on 10 runs - GPU latency: 0.357141 ms - Host latency: 0.357141 ms (enqueue 0.124988 ms)
[03/03/2026-11:07:07] [I] Average on 10 runs - GPU latency: 0.357483 ms - Host latency: 0.357483 ms (enqueue 0.120825 ms)
[03/03/2026-11:07:07] [I] Average on 10 runs - GPU latency: 0.356909 ms - Host latency: 0.356909 ms (enqueue 0.12489 ms)
[03/03/2026-11:07:07] [I] Average on 10 runs - GPU latency: 0.356775 ms - Host latency: 0.356775 ms (enqueue 0.12074 ms)
[03/03/2026-11:07:07] [I] Average on 10 runs - GPU latency: 0.358325 ms - Host latency: 0.358325 ms (enqueue 0.123792 ms)
[03/03/2026-11:07:07] [I] Average on 10 runs - GPU latency: 0.358594 ms - Host latency: 0.358594 ms (enqueue 0.119238 ms)
[03/03/2026-11:07:07] [I] Average on 10 runs - GPU latency: 0.359448 ms - Host latency: 0.359448 ms (enqueue 0.116541 ms)
[03/03/2026-11:07:07] [I] Average on 10 runs - GPU latency: 0.357349 ms - Host latency: 0.357349 ms (enqueue 0.124902 ms)
[03/03/2026-11:07:07] [I] Average on 10 runs - GPU latency: 0.35741 ms - Host latency: 0.35741 ms (enqueue 0.123621 ms)
[03/03/2026-11:07:07] [I] Average on 10 runs - GPU latency: 0.358948 ms - Host latency: 0.358948 ms (enqueue 0.120862 ms)
[03/03/2026-11:07:07] [I] Average on 10 runs - GPU latency: 0.356958 ms - Host latency: 0.356958 ms (enqueue 0.117505 ms)
[03/03/2026-11:07:07] [I] Average on 10 runs - GPU latency: 0.357385 ms - Host latency: 0.357385 ms (enqueue 0.121582 ms)
[03/03/2026-11:07:07] [I] Average on 10 runs - GPU latency: 0.358179 ms - Host latency: 0.358179 ms (enqueue 0.121277 ms)
[03/03/2026-11:07:07] [I] Average on 10 runs - GPU latency: 0.357263 ms - Host latency: 0.357263 ms (enqueue 0.120605 ms)
[03/03/2026-11:07:07] [I] Average on 10 runs - GPU latency: 0.356201 ms - Host latency: 0.356201 ms (enqueue 0.118042 ms)
[03/03/2026-11:07:07] [I] Average on 10 runs - GPU latency: 0.356287 ms - Host latency: 0.356287 ms (enqueue 0.121899 ms)
[03/03/2026-11:07:07] [I] Average on 10 runs - GPU latency: 0.357251 ms - Host latency: 0.357251 ms (enqueue 0.126294 ms)
[03/03/2026-11:07:07] [I] Average on 10 runs - GPU latency: 0.356897 ms - Host latency: 0.356897 ms (enqueue 0.121631 ms)
[03/03/2026-11:07:07] [I] Average on 10 runs - GPU latency: 0.357996 ms - Host latency: 0.357996 ms (enqueue 0.124207 ms)
[03/03/2026-11:07:07] [I] Average on 10 runs - GPU latency: 0.357996 ms - Host latency: 0.357996 ms (enqueue 0.119202 ms)
[03/03/2026-11:07:07] [I] Average on 10 runs - GPU latency: 0.358008 ms - Host latency: 0.358008 ms (enqueue 0.11825 ms)
[03/03/2026-11:07:07] [I] Average on 10 runs - GPU latency: 0.356555 ms - Host latency: 0.356555 ms (enqueue 0.121533 ms)
[03/03/2026-11:07:07] [I] Average on 10 runs - GPU latency: 0.358472 ms - Host latency: 0.358472 ms (enqueue 0.119324 ms)
[03/03/2026-11:07:07] [I] Average on 10 runs - GPU latency: 0.356934 ms - Host latency: 0.356934 ms (enqueue 0.122119 ms)
[03/03/2026-11:07:07] [I] Average on 10 runs - GPU latency: 0.355957 ms - Host latency: 0.355957 ms (enqueue 0.119446 ms)
[03/03/2026-11:07:07] [I] Average on 10 runs - GPU latency: 0.358862 ms - Host latency: 0.358862 ms (enqueue 0.118567 ms)
[03/03/2026-11:07:07] [I] Average on 10 runs - GPU latency: 0.35675 ms - Host latency: 0.35675 ms (enqueue 0.124622 ms)
[03/03/2026-11:07:07] [I] Average on 10 runs - GPU latency: 0.358228 ms - Host latency: 0.358228 ms (enqueue 0.117126 ms)
[03/03/2026-11:07:07] [I] Average on 10 runs - GPU latency: 0.357886 ms - Host latency: 0.357886 ms (enqueue 0.118005 ms)
[03/03/2026-11:07:07] [I] Average on 10 runs - GPU latency: 0.356128 ms - Host latency: 0.356128 ms (enqueue 0.123718 ms)
[03/03/2026-11:07:07] [I] Average on 10 runs - GPU latency: 0.356604 ms - Host latency: 0.356604 ms (enqueue 0.126929 ms)
[03/03/2026-11:07:07] [I] Average on 10 runs - GPU latency: 0.357837 ms - Host latency: 0.357837 ms (enqueue 0.119629 ms)
[03/03/2026-11:07:07] [I] Average on 10 runs - GPU latency: 0.358972 ms - Host latency: 0.358972 ms (enqueue 0.117627 ms)
[03/03/2026-11:07:07] [I] Average on 10 runs - GPU latency: 0.357764 ms - Host latency: 0.357764 ms (enqueue 0.120435 ms)
[03/03/2026-11:07:07] [I] Average on 10 runs - GPU latency: 0.357251 ms - Host latency: 0.357251 ms (enqueue 0.121533 ms)
[03/03/2026-11:07:07] [I] Average on 10 runs - GPU latency: 0.357739 ms - Host latency: 0.357739 ms (enqueue 0.118713 ms)
[03/03/2026-11:07:07] [I] Average on 10 runs - GPU latency: 0.359338 ms - Host latency: 0.359338 ms (enqueue 0.114185 ms)
[03/03/2026-11:07:07] [I] Average on 10 runs - GPU latency: 0.357642 ms - Host latency: 0.357642 ms (enqueue 0.113855 ms)
[03/03/2026-11:07:07] [I] Average on 10 runs - GPU latency: 0.357263 ms - Host latency: 0.357263 ms (enqueue 0.118982 ms)
[03/03/2026-11:07:07] [I] Average on 10 runs - GPU latency: 0.358008 ms - Host latency: 0.358008 ms (enqueue 0.119531 ms)
[03/03/2026-11:07:07] [I] Average on 10 runs - GPU latency: 0.35791 ms - Host latency: 0.35791 ms (enqueue 0.115088 ms)
[03/03/2026-11:07:07] [I] Average on 10 runs - GPU latency: 0.356482 ms - Host latency: 0.356482 ms (enqueue 0.120471 ms)
[03/03/2026-11:07:07] [I] Average on 10 runs - GPU latency: 0.357825 ms - Host latency: 0.357825 ms (enqueue 0.121631 ms)
[03/03/2026-11:07:07] [I] Average on 10 runs - GPU latency: 0.357617 ms - Host latency: 0.357617 ms (enqueue 0.121399 ms)
[03/03/2026-11:07:07] [I] Average on 10 runs - GPU latency: 0.356836 ms - Host latency: 0.356836 ms (enqueue 0.128394 ms)
[03/03/2026-11:07:07] [I] Average on 10 runs - GPU latency: 0.357459 ms - Host latency: 0.357459 ms (enqueue 0.120813 ms)
[03/03/2026-11:07:07] [I] Average on 10 runs - GPU latency: 0.356812 ms - Host latency: 0.356812 ms (enqueue 0.120288 ms)
[03/03/2026-11:07:07] [I] Average on 10 runs - GPU latency: 0.356226 ms - Host latency: 0.356226 ms (enqueue 0.11908 ms)
[03/03/2026-11:07:07] [I] Average on 10 runs - GPU latency: 0.357129 ms - Host latency: 0.357129 ms (enqueue 0.117163 ms)
[03/03/2026-11:07:07] [I] Average on 10 runs - GPU latency: 0.357886 ms - Host latency: 0.357886 ms (enqueue 0.121533 ms)
[03/03/2026-11:07:07] [I] Average on 10 runs - GPU latency: 0.358508 ms - Host latency: 0.358508 ms (enqueue 0.12251 ms)
[03/03/2026-11:07:07] [I] Average on 10 runs - GPU latency: 0.357971 ms - Host latency: 0.357971 ms (enqueue 0.121924 ms)
[03/03/2026-11:07:07] [I] Average on 10 runs - GPU latency: 0.358557 ms - Host latency: 0.358557 ms (enqueue 0.117041 ms)
[03/03/2026-11:07:07] [I] Average on 10 runs - GPU latency: 0.359607 ms - Host latency: 0.359607 ms (enqueue 0.116687 ms)
[03/03/2026-11:07:07] [I] Average on 10 runs - GPU latency: 0.358496 ms - Host latency: 0.358496 ms (enqueue 0.115417 ms)
[03/03/2026-11:07:07] [I] Average on 10 runs - GPU latency: 0.356885 ms - Host latency: 0.356885 ms (enqueue 0.116504 ms)
[03/03/2026-11:07:07] [I] Average on 10 runs - GPU latency: 0.358167 ms - Host latency: 0.358167 ms (enqueue 0.118665 ms)
[03/03/2026-11:07:07] [I] Average on 10 runs - GPU latency: 0.358252 ms - Host latency: 0.358252 ms (enqueue 0.115906 ms)
[03/03/2026-11:07:07] [I] Average on 10 runs - GPU latency: 0.358398 ms - Host latency: 0.358398 ms (enqueue 0.118384 ms)
[03/03/2026-11:07:07] [I] Average on 10 runs - GPU latency: 0.358984 ms - Host latency: 0.358984 ms (enqueue 0.11759 ms)
[03/03/2026-11:07:07] [I] Average on 10 runs - GPU latency: 0.358228 ms - Host latency: 0.358228 ms (enqueue 0.118237 ms)
[03/03/2026-11:07:07] [I] Average on 10 runs - GPU latency: 0.358801 ms - Host latency: 0.358801 ms (enqueue 0.115186 ms)
[03/03/2026-11:07:07] [I] Average on 10 runs - GPU latency: 0.357532 ms - Host latency: 0.357532 ms (enqueue 0.117737 ms)
[03/03/2026-11:07:07] [I] Average on 10 runs - GPU latency: 0.35813 ms - Host latency: 0.35813 ms (enqueue 0.121082 ms)
[03/03/2026-11:07:07] [I] Average on 10 runs - GPU latency: 0.358179 ms - Host latency: 0.358179 ms (enqueue 0.115942 ms)
[03/03/2026-11:07:07] [I] Average on 10 runs - GPU latency: 0.356226 ms - Host latency: 0.356226 ms (enqueue 0.115356 ms)
[03/03/2026-11:07:07] [I] Average on 10 runs - GPU latency: 0.357678 ms - Host latency: 0.357678 ms (enqueue 0.118848 ms)
[03/03/2026-11:07:07] [I] Average on 10 runs - GPU latency: 0.358398 ms - Host latency: 0.358398 ms (enqueue 0.115479 ms)
[03/03/2026-11:07:07] [I] Average on 10 runs - GPU latency: 0.359448 ms - Host latency: 0.359448 ms (enqueue 0.114526 ms)
[03/03/2026-11:07:07] [I] Average on 10 runs - GPU latency: 0.356372 ms - Host latency: 0.356372 ms (enqueue 0.123047 ms)
[03/03/2026-11:07:07] [I] Average on 10 runs - GPU latency: 0.357739 ms - Host latency: 0.357739 ms (enqueue 0.116309 ms)
[03/03/2026-11:07:07] [I] Average on 10 runs - GPU latency: 0.356616 ms - Host latency: 0.356616 ms (enqueue 0.120337 ms)
[03/03/2026-11:07:07] [I] Average on 10 runs - GPU latency: 0.35708 ms - Host latency: 0.35708 ms (enqueue 0.115625 ms)
[03/03/2026-11:07:07] [I] Average on 10 runs - GPU latency: 0.358472 ms - Host latency: 0.358472 ms (enqueue 0.114771 ms)
[03/03/2026-11:07:07] [I] Average on 10 runs - GPU latency: 0.358691 ms - Host latency: 0.358691 ms (enqueue 0.114795 ms)
[03/03/2026-11:07:07] [I] Average on 10 runs - GPU latency: 0.360742 ms - Host latency: 0.360742 ms (enqueue 0.112988 ms)
[03/03/2026-11:07:07] [I] Average on 10 runs - GPU latency: 0.356104 ms - Host latency: 0.356104 ms (enqueue 0.113232 ms)
[03/03/2026-11:07:07] [I] Average on 10 runs - GPU latency: 0.359424 ms - Host latency: 0.359424 ms (enqueue 0.117505 ms)
[03/03/2026-11:07:07] [I] Average on 10 runs - GPU latency: 0.356494 ms - Host latency: 0.356494 ms (enqueue 0.117969 ms)
[03/03/2026-11:07:07] [I] Average on 10 runs - GPU latency: 0.356738 ms - Host latency: 0.356738 ms (enqueue 0.116235 ms)
[03/03/2026-11:07:07] [I] Average on 10 runs - GPU latency: 0.357373 ms - Host latency: 0.357373 ms (enqueue 0.12312 ms)
[03/03/2026-11:07:07] [I] Average on 10 runs - GPU latency: 0.358472 ms - Host latency: 0.358472 ms (enqueue 0.118701 ms)
[03/03/2026-11:07:07] [I] Average on 10 runs - GPU latency: 0.358862 ms - Host latency: 0.358862 ms (enqueue 0.115698 ms)
[03/03/2026-11:07:07] [I] Average on 10 runs - GPU latency: 0.358838 ms - Host latency: 0.358838 ms (enqueue 0.114307 ms)
[03/03/2026-11:07:07] [I] Average on 10 runs - GPU latency: 0.356836 ms - Host latency: 0.356836 ms (enqueue 0.121338 ms)
[03/03/2026-11:07:07] [I] Average on 10 runs - GPU latency: 0.358325 ms - Host latency: 0.358325 ms (enqueue 0.118652 ms)
[03/03/2026-11:07:07] [I] Average on 10 runs - GPU latency: 0.355566 ms - Host latency: 0.355566 ms (enqueue 0.118726 ms)
[03/03/2026-11:07:07] [I] Average on 10 runs - GPU latency: 0.357202 ms - Host latency: 0.357202 ms (enqueue 0.118359 ms)
[03/03/2026-11:07:07] [I] Average on 10 runs - GPU latency: 0.358081 ms - Host latency: 0.358081 ms (enqueue 0.115161 ms)
[03/03/2026-11:07:07] [I] Average on 10 runs - GPU latency: 0.357275 ms - Host latency: 0.357275 ms (enqueue 0.12146 ms)
[03/03/2026-11:07:07] [I] Average on 10 runs - GPU latency: 0.358325 ms - Host latency: 0.358325 ms (enqueue 0.120679 ms)
[03/03/2026-11:07:07] [I] Average on 10 runs - GPU latency: 0.356787 ms - Host latency: 0.356787 ms (enqueue 0.118091 ms)
[03/03/2026-11:07:07] [I] Average on 10 runs - GPU latency: 0.358008 ms - Host latency: 0.358008 ms (enqueue 0.119482 ms)
[03/03/2026-11:07:07] [I] Average on 10 runs - GPU latency: 0.35874 ms - Host latency: 0.35874 ms (enqueue 0.116211 ms)
[03/03/2026-11:07:07] [I] Average on 10 runs - GPU latency: 0.357764 ms - Host latency: 0.357764 ms (enqueue 0.11626 ms)
[03/03/2026-11:07:07] [I] Average on 10 runs - GPU latency: 0.357983 ms - Host latency: 0.357983 ms (enqueue 0.115991 ms)
[03/03/2026-11:07:07] [I] Average on 10 runs - GPU latency: 0.357251 ms - Host latency: 0.357251 ms (enqueue 0.119873 ms)
[03/03/2026-11:07:07] [I] Average on 10 runs - GPU latency: 0.357471 ms - Host latency: 0.357471 ms (enqueue 0.121973 ms)
[03/03/2026-11:07:07] [I] Average on 10 runs - GPU latency: 0.358081 ms - Host latency: 0.358081 ms (enqueue 0.119458 ms)
[03/03/2026-11:07:07] [I] Average on 10 runs - GPU latency: 0.358521 ms - Host latency: 0.358521 ms (enqueue 0.115527 ms)
[03/03/2026-11:07:07] [I] Average on 10 runs - GPU latency: 0.358301 ms - Host latency: 0.358301 ms (enqueue 0.120386 ms)
[03/03/2026-11:07:07] [I] Average on 10 runs - GPU latency: 0.358008 ms - Host latency: 0.358008 ms (enqueue 0.115576 ms)
[03/03/2026-11:07:07] [I] Average on 10 runs - GPU latency: 0.358057 ms - Host latency: 0.358057 ms (enqueue 0.117261 ms)
[03/03/2026-11:07:07] [I] Average on 10 runs - GPU latency: 0.356177 ms - Host latency: 0.356177 ms (enqueue 0.115674 ms)
[03/03/2026-11:07:07] [I] Average on 10 runs - GPU latency: 0.357104 ms - Host latency: 0.357104 ms (enqueue 0.117114 ms)
[03/03/2026-11:07:07] [I] Average on 10 runs - GPU latency: 0.358154 ms - Host latency: 0.358154 ms (enqueue 0.120166 ms)
[03/03/2026-11:07:07] [I] Average on 10 runs - GPU latency: 0.356714 ms - Host latency: 0.356714 ms (enqueue 0.119312 ms)
[03/03/2026-11:07:07] [I] Average on 10 runs - GPU latency: 0.358545 ms - Host latency: 0.358545 ms (enqueue 0.122852 ms)
[03/03/2026-11:07:07] [I] Average on 10 runs - GPU latency: 0.357812 ms - Host latency: 0.357812 ms (enqueue 0.123291 ms)
[03/03/2026-11:07:07] [I] Average on 10 runs - GPU latency: 0.359009 ms - Host latency: 0.359009 ms (enqueue 0.119849 ms)
[03/03/2026-11:07:07] [I] Average on 10 runs - GPU latency: 0.356665 ms - Host latency: 0.356665 ms (enqueue 0.117627 ms)
[03/03/2026-11:07:07] [I] Average on 10 runs - GPU latency: 0.35835 ms - Host latency: 0.35835 ms (enqueue 0.11853 ms)
[03/03/2026-11:07:07] [I] Average on 10 runs - GPU latency: 0.356567 ms - Host latency: 0.356567 ms (enqueue 0.120435 ms)
[03/03/2026-11:07:07] [I] Average on 10 runs - GPU latency: 0.358667 ms - Host latency: 0.358667 ms (enqueue 0.120459 ms)
[03/03/2026-11:07:07] [I] Average on 10 runs - GPU latency: 0.357983 ms - Host latency: 0.357983 ms (enqueue 0.118994 ms)
[03/03/2026-11:07:07] [I] Average on 10 runs - GPU latency: 0.357715 ms - Host latency: 0.357715 ms (enqueue 0.121533 ms)
[03/03/2026-11:07:07] [I] Average on 10 runs - GPU latency: 0.357812 ms - Host latency: 0.357812 ms (enqueue 0.119458 ms)
[03/03/2026-11:07:07] [I] Average on 10 runs - GPU latency: 0.356714 ms - Host latency: 0.356714 ms (enqueue 0.124121 ms)
[03/03/2026-11:07:07] [I] Average on 10 runs - GPU latency: 0.3573 ms - Host latency: 0.3573 ms (enqueue 0.124756 ms)
[03/03/2026-11:07:07] [I] Average on 10 runs - GPU latency: 0.357861 ms - Host latency: 0.357861 ms (enqueue 0.117847 ms)
[03/03/2026-11:07:07] [I] Average on 10 runs - GPU latency: 0.357642 ms - Host latency: 0.357642 ms (enqueue 0.119312 ms)
[03/03/2026-11:07:07] [I] Average on 10 runs - GPU latency: 0.36001 ms - Host latency: 0.36001 ms (enqueue 0.117871 ms)
[03/03/2026-11:07:07] [I] Average on 10 runs - GPU latency: 0.359253 ms - Host latency: 0.359253 ms (enqueue 0.114771 ms)
[03/03/2026-11:07:07] [I] Average on 10 runs - GPU latency: 0.358569 ms - Host latency: 0.358569 ms (enqueue 0.115161 ms)
[03/03/2026-11:07:07] [I] Average on 10 runs - GPU latency: 0.357983 ms - Host latency: 0.357983 ms (enqueue 0.117041 ms)
[03/03/2026-11:07:07] [I] Average on 10 runs - GPU latency: 0.358154 ms - Host latency: 0.358154 ms (enqueue 0.117749 ms)
[03/03/2026-11:07:07] [I] Average on 10 runs - GPU latency: 0.359741 ms - Host latency: 0.359741 ms (enqueue 0.114087 ms)
[03/03/2026-11:07:07] [I] Average on 10 runs - GPU latency: 0.357935 ms - Host latency: 0.357935 ms (enqueue 0.118848 ms)
[03/03/2026-11:07:07] [I] Average on 10 runs - GPU latency: 0.359448 ms - Host latency: 0.359448 ms (enqueue 0.12063 ms)
[03/03/2026-11:07:07] [I] Average on 10 runs - GPU latency: 0.357812 ms - Host latency: 0.357812 ms (enqueue 0.120068 ms)
[03/03/2026-11:07:07] [I] Average on 10 runs - GPU latency: 0.357593 ms - Host latency: 0.357593 ms (enqueue 0.120117 ms)
[03/03/2026-11:07:07] [I] Average on 10 runs - GPU latency: 0.35874 ms - Host latency: 0.35874 ms (enqueue 0.115454 ms)
[03/03/2026-11:07:07] [I] Average on 10 runs - GPU latency: 0.358008 ms - Host latency: 0.358008 ms (enqueue 0.116943 ms)
[03/03/2026-11:07:07] [I] Average on 10 runs - GPU latency: 0.358521 ms - Host latency: 0.358521 ms (enqueue 0.120679 ms)
[03/03/2026-11:07:07] [I] Average on 10 runs - GPU latency: 0.358179 ms - Host latency: 0.358179 ms (enqueue 0.120874 ms)
[03/03/2026-11:07:07] [I] Average on 10 runs - GPU latency: 0.357324 ms - Host latency: 0.357324 ms (enqueue 0.119189 ms)
[03/03/2026-11:07:07] [I] Average on 10 runs - GPU latency: 0.358008 ms - Host latency: 0.358008 ms (enqueue 0.120215 ms)
[03/03/2026-11:07:07] [I] Average on 10 runs - GPU latency: 0.359106 ms - Host latency: 0.359106 ms (enqueue 0.118823 ms)
[03/03/2026-11:07:07] [I] Average on 10 runs - GPU latency: 0.358105 ms - Host latency: 0.358105 ms (enqueue 0.120605 ms)
[03/03/2026-11:07:07] [I] Average on 10 runs - GPU latency: 0.357935 ms - Host latency: 0.357935 ms (enqueue 0.121143 ms)
[03/03/2026-11:07:07] [I] Average on 10 runs - GPU latency: 0.357251 ms - Host latency: 0.357251 ms (enqueue 0.147974 ms)
[03/03/2026-11:07:07] [I] Average on 10 runs - GPU latency: 0.35752 ms - Host latency: 0.35752 ms (enqueue 0.118506 ms)
[03/03/2026-11:07:07] [I] Average on 10 runs - GPU latency: 0.356616 ms - Host latency: 0.356616 ms (enqueue 0.115698 ms)
[03/03/2026-11:07:07] [I] Average on 10 runs - GPU latency: 0.357422 ms - Host latency: 0.357422 ms (enqueue 0.12002 ms)
[03/03/2026-11:07:07] [I] Average on 10 runs - GPU latency: 0.356836 ms - Host latency: 0.356836 ms (enqueue 0.118408 ms)
[03/03/2026-11:07:07] [I] Average on 10 runs - GPU latency: 0.357715 ms - Host latency: 0.357715 ms (enqueue 0.119531 ms)
[03/03/2026-11:07:07] [I] Average on 10 runs - GPU latency: 0.358105 ms - Host latency: 0.358105 ms (enqueue 0.119604 ms)
[03/03/2026-11:07:07] [I] Average on 10 runs - GPU latency: 0.356274 ms - Host latency: 0.356274 ms (enqueue 0.124341 ms)
[03/03/2026-11:07:07] [I] Average on 10 runs - GPU latency: 0.357471 ms - Host latency: 0.357471 ms (enqueue 0.127539 ms)
[03/03/2026-11:07:07] [I] Average on 10 runs - GPU latency: 0.358179 ms - Host latency: 0.358179 ms (enqueue 0.120044 ms)
[03/03/2026-11:07:07] [I] Average on 10 runs - GPU latency: 0.356372 ms - Host latency: 0.356372 ms (enqueue 0.124072 ms)
[03/03/2026-11:07:07] [I] Average on 10 runs - GPU latency: 0.357812 ms - Host latency: 0.357812 ms (enqueue 0.122339 ms)
[03/03/2026-11:07:07] [I] Average on 10 runs - GPU latency: 0.356372 ms - Host latency: 0.356372 ms (enqueue 0.116748 ms)
[03/03/2026-11:07:07] [I] Average on 10 runs - GPU latency: 0.358594 ms - Host latency: 0.358594 ms (enqueue 0.117651 ms)
[03/03/2026-11:07:07] [I] Average on 10 runs - GPU latency: 0.357739 ms - Host latency: 0.357739 ms (enqueue 0.116626 ms)
[03/03/2026-11:07:07] [I] Average on 10 runs - GPU latency: 0.357764 ms - Host latency: 0.357764 ms (enqueue 0.119751 ms)
[03/03/2026-11:07:07] [I] Average on 10 runs - GPU latency: 0.357739 ms - Host latency: 0.357739 ms (enqueue 0.119971 ms)
[03/03/2026-11:07:07] [I] Average on 10 runs - GPU latency: 0.357715 ms - Host latency: 0.357715 ms (enqueue 0.121606 ms)
[03/03/2026-11:07:07] [I] Average on 10 runs - GPU latency: 0.357861 ms - Host latency: 0.357861 ms (enqueue 0.121216 ms)
[03/03/2026-11:07:07] [I] Average on 10 runs - GPU latency: 0.357812 ms - Host latency: 0.357812 ms (enqueue 0.116431 ms)
[03/03/2026-11:07:07] [I] Average on 10 runs - GPU latency: 0.358936 ms - Host latency: 0.358936 ms (enqueue 0.118921 ms)
[03/03/2026-11:07:07] [I] Average on 10 runs - GPU latency: 0.356567 ms - Host latency: 0.356567 ms (enqueue 0.116968 ms)
[03/03/2026-11:07:07] [I] Average on 10 runs - GPU latency: 0.358081 ms - Host latency: 0.358081 ms (enqueue 0.12207 ms)
[03/03/2026-11:07:07] [I] Average on 10 runs - GPU latency: 0.356738 ms - Host latency: 0.356738 ms (enqueue 0.11665 ms)
[03/03/2026-11:07:07] [I] Average on 10 runs - GPU latency: 0.355884 ms - Host latency: 0.355884 ms (enqueue 0.118311 ms)
[03/03/2026-11:07:07] [I] Average on 10 runs - GPU latency: 0.358325 ms - Host latency: 0.358325 ms (enqueue 0.118701 ms)
[03/03/2026-11:07:07] [I] Average on 10 runs - GPU latency: 0.357764 ms - Host latency: 0.357764 ms (enqueue 0.118945 ms)
[03/03/2026-11:07:07] [I] Average on 10 runs - GPU latency: 0.358276 ms - Host latency: 0.358276 ms (enqueue 0.117725 ms)
[03/03/2026-11:07:07] [I] Average on 10 runs - GPU latency: 0.357056 ms - Host latency: 0.357056 ms (enqueue 0.122119 ms)
[03/03/2026-11:07:07] [I] Average on 10 runs - GPU latency: 0.35603 ms - Host latency: 0.35603 ms (enqueue 0.12041 ms)
[03/03/2026-11:07:07] [I] Average on 10 runs - GPU latency: 0.356982 ms - Host latency: 0.356982 ms (enqueue 0.120361 ms)
[03/03/2026-11:07:07] [I] Average on 10 runs - GPU latency: 0.356738 ms - Host latency: 0.356738 ms (enqueue 0.119067 ms)
[03/03/2026-11:07:07] [I] Average on 10 runs - GPU latency: 0.357739 ms - Host latency: 0.357739 ms (enqueue 0.117285 ms)
[03/03/2026-11:07:07] [I] Average on 10 runs - GPU latency: 0.357031 ms - Host latency: 0.357031 ms (enqueue 0.120605 ms)
[03/03/2026-11:07:07] [I] Average on 10 runs - GPU latency: 0.357324 ms - Host latency: 0.357324 ms (enqueue 0.122266 ms)
[03/03/2026-11:07:07] [I] Average on 10 runs - GPU latency: 0.357373 ms - Host latency: 0.357373 ms (enqueue 0.11665 ms)
[03/03/2026-11:07:07] [I] Average on 10 runs - GPU latency: 0.359521 ms - Host latency: 0.359521 ms (enqueue 0.117822 ms)
[03/03/2026-11:07:07] [I] Average on 10 runs - GPU latency: 0.357202 ms - Host latency: 0.357202 ms (enqueue 0.121411 ms)
[03/03/2026-11:07:07] [I] Average on 10 runs - GPU latency: 0.358154 ms - Host latency: 0.358154 ms (enqueue 0.118848 ms)
[03/03/2026-11:07:07] [I] Average on 10 runs - GPU latency: 0.356934 ms - Host latency: 0.356934 ms (enqueue 0.121021 ms)
[03/03/2026-11:07:07] [I] Average on 10 runs - GPU latency: 0.357104 ms - Host latency: 0.357104 ms (enqueue 0.119336 ms)
[03/03/2026-11:07:07] [I] Average on 10 runs - GPU latency: 0.358569 ms - Host latency: 0.358569 ms (enqueue 0.115186 ms)
[03/03/2026-11:07:07] [I] Average on 10 runs - GPU latency: 0.357544 ms - Host latency: 0.357544 ms (enqueue 0.118433 ms)
[03/03/2026-11:07:07] [I] Average on 10 runs - GPU latency: 0.357617 ms - Host latency: 0.357617 ms (enqueue 0.122681 ms)
[03/03/2026-11:07:07] [I] Average on 10 runs - GPU latency: 0.358887 ms - Host latency: 0.358887 ms (enqueue 0.117261 ms)
[03/03/2026-11:07:07] [I] Average on 10 runs - GPU latency: 0.358325 ms - Host latency: 0.358325 ms (enqueue 0.113843 ms)
[03/03/2026-11:07:07] [I] Average on 10 runs - GPU latency: 0.357446 ms - Host latency: 0.357446 ms (enqueue 0.116968 ms)
[03/03/2026-11:07:07] [I] Average on 10 runs - GPU latency: 0.356689 ms - Host latency: 0.356689 ms (enqueue 0.119165 ms)
[03/03/2026-11:07:07] [I] Average on 10 runs - GPU latency: 0.357617 ms - Host latency: 0.357617 ms (enqueue 0.120068 ms)
[03/03/2026-11:07:07] [I] Average on 10 runs - GPU latency: 0.358032 ms - Host latency: 0.358032 ms (enqueue 0.120923 ms)
[03/03/2026-11:07:07] [I] Average on 10 runs - GPU latency: 0.357178 ms - Host latency: 0.357178 ms (enqueue 0.118311 ms)
[03/03/2026-11:07:07] [I] Average on 10 runs - GPU latency: 0.358496 ms - Host latency: 0.358496 ms (enqueue 0.120605 ms)
[03/03/2026-11:07:07] [I] Average on 10 runs - GPU latency: 0.358228 ms - Host latency: 0.358228 ms (enqueue 0.118628 ms)
[03/03/2026-11:07:07] [I] Average on 10 runs - GPU latency: 0.358569 ms - Host latency: 0.358569 ms (enqueue 0.120337 ms)
[03/03/2026-11:07:07] [I] Average on 10 runs - GPU latency: 0.357056 ms - Host latency: 0.357056 ms (enqueue 0.120239 ms)
[03/03/2026-11:07:07] [I] Average on 10 runs - GPU latency: 0.358813 ms - Host latency: 0.358813 ms (enqueue 0.116675 ms)
[03/03/2026-11:07:07] [I] Average on 10 runs - GPU latency: 0.358496 ms - Host latency: 0.358496 ms (enqueue 0.1229 ms)
[03/03/2026-11:07:07] [I] Average on 10 runs - GPU latency: 0.356323 ms - Host latency: 0.356323 ms (enqueue 0.116968 ms)
[03/03/2026-11:07:07] [I] Average on 10 runs - GPU latency: 0.357983 ms - Host latency: 0.357983 ms (enqueue 0.121118 ms)
[03/03/2026-11:07:07] [I] Average on 10 runs - GPU latency: 0.356934 ms - Host latency: 0.356934 ms (enqueue 0.120264 ms)
[03/03/2026-11:07:07] [I] Average on 10 runs - GPU latency: 0.358618 ms - Host latency: 0.358618 ms (enqueue 0.121045 ms)
[03/03/2026-11:07:07] [I] Average on 10 runs - GPU latency: 0.357812 ms - Host latency: 0.357812 ms (enqueue 0.118262 ms)
[03/03/2026-11:07:07] [I] Average on 10 runs - GPU latency: 0.357324 ms - Host latency: 0.357324 ms (enqueue 0.119336 ms)
[03/03/2026-11:07:07] [I] Average on 10 runs - GPU latency: 0.355395 ms - Host latency: 0.355395 ms (enqueue 0.120752 ms)
[03/03/2026-11:07:07] [I] Average on 10 runs - GPU latency: 0.356396 ms - Host latency: 0.356396 ms (enqueue 0.116504 ms)
[03/03/2026-11:07:07] [I] Average on 10 runs - GPU latency: 0.357251 ms - Host latency: 0.357251 ms (enqueue 0.11709 ms)
[03/03/2026-11:07:07] [I] Average on 10 runs - GPU latency: 0.358398 ms - Host latency: 0.358398 ms (enqueue 0.116382 ms)
[03/03/2026-11:07:07] [I] Average on 10 runs - GPU latency: 0.356421 ms - Host latency: 0.356421 ms (enqueue 0.116528 ms)
[03/03/2026-11:07:07] [I] Average on 10 runs - GPU latency: 0.35769 ms - Host latency: 0.35769 ms (enqueue 0.122217 ms)
[03/03/2026-11:07:07] [I] Average on 10 runs - GPU latency: 0.357788 ms - Host latency: 0.357788 ms (enqueue 0.121387 ms)
[03/03/2026-11:07:07] [I] Average on 10 runs - GPU latency: 0.357397 ms - Host latency: 0.357397 ms (enqueue 0.12207 ms)
[03/03/2026-11:07:07] [I] Average on 10 runs - GPU latency: 0.357129 ms - Host latency: 0.357129 ms (enqueue 0.1177 ms)
[03/03/2026-11:07:07] [I] Average on 10 runs - GPU latency: 0.357031 ms - Host latency: 0.357031 ms (enqueue 0.11853 ms)
[03/03/2026-11:07:07] [I] Average on 10 runs - GPU latency: 0.357178 ms - Host latency: 0.357178 ms (enqueue 0.116895 ms)
[03/03/2026-11:07:07] [I] Average on 10 runs - GPU latency: 0.357227 ms - Host latency: 0.357227 ms (enqueue 0.122314 ms)
[03/03/2026-11:07:07] [I] Average on 10 runs - GPU latency: 0.356812 ms - Host latency: 0.356812 ms (enqueue 0.117822 ms)
[03/03/2026-11:07:07] [I] Average on 10 runs - GPU latency: 0.355469 ms - Host latency: 0.355469 ms (enqueue 0.120605 ms)
[03/03/2026-11:07:07] [I] Average on 10 runs - GPU latency: 0.358618 ms - Host latency: 0.358618 ms (enqueue 0.12041 ms)
[03/03/2026-11:07:07] [I] Average on 10 runs - GPU latency: 0.355371 ms - Host latency: 0.355371 ms (enqueue 0.11897 ms)
[03/03/2026-11:07:07] [I] Average on 10 runs - GPU latency: 0.356421 ms - Host latency: 0.356421 ms (enqueue 0.117993 ms)
[03/03/2026-11:07:07] [I] Average on 10 runs - GPU latency: 0.358325 ms - Host latency: 0.358325 ms (enqueue 0.115771 ms)
[03/03/2026-11:07:07] [I] Average on 10 runs - GPU latency: 0.356665 ms - Host latency: 0.356665 ms (enqueue 0.118115 ms)
[03/03/2026-11:07:07] [I] Average on 10 runs - GPU latency: 0.358911 ms - Host latency: 0.358911 ms (enqueue 0.114526 ms)
[03/03/2026-11:07:07] [I] Average on 10 runs - GPU latency: 0.3573 ms - Host latency: 0.3573 ms (enqueue 0.118262 ms)
[03/03/2026-11:07:07] [I] Average on 10 runs - GPU latency: 0.358228 ms - Host latency: 0.358228 ms (enqueue 0.116431 ms)
[03/03/2026-11:07:07] [I] Average on 10 runs - GPU latency: 0.356934 ms - Host latency: 0.356934 ms (enqueue 0.116455 ms)
[03/03/2026-11:07:07] [I] Average on 10 runs - GPU latency: 0.357471 ms - Host latency: 0.357471 ms (enqueue 0.116992 ms)
[03/03/2026-11:07:07] [I] Average on 10 runs - GPU latency: 0.357178 ms - Host latency: 0.357178 ms (enqueue 0.117139 ms)
[03/03/2026-11:07:07] [I] Average on 10 runs - GPU latency: 0.355444 ms - Host latency: 0.355444 ms (enqueue 0.118237 ms)
[03/03/2026-11:07:07] [I] Average on 10 runs - GPU latency: 0.357129 ms - Host latency: 0.357129 ms (enqueue 0.118115 ms)
[03/03/2026-11:07:07] [I] Average on 10 runs - GPU latency: 0.357397 ms - Host latency: 0.357397 ms (enqueue 0.12063 ms)
[03/03/2026-11:07:07] [I] Average on 10 runs - GPU latency: 0.357251 ms - Host latency: 0.357251 ms (enqueue 0.117285 ms)
[03/03/2026-11:07:07] [I] Average on 10 runs - GPU latency: 0.357056 ms - Host latency: 0.357056 ms (enqueue 0.117456 ms)
[03/03/2026-11:07:07] [I] Average on 10 runs - GPU latency: 0.357153 ms - Host latency: 0.357153 ms (enqueue 0.12207 ms)
[03/03/2026-11:07:07] [I] Average on 10 runs - GPU latency: 0.356958 ms - Host latency: 0.356958 ms (enqueue 0.121362 ms)
[03/03/2026-11:07:07] [I] Average on 10 runs - GPU latency: 0.3573 ms - Host latency: 0.3573 ms (enqueue 0.118945 ms)
[03/03/2026-11:07:07] [I] Average on 10 runs - GPU latency: 0.358228 ms - Host latency: 0.358228 ms (enqueue 0.113306 ms)
[03/03/2026-11:07:07] [I] Average on 10 runs - GPU latency: 0.356763 ms - Host latency: 0.356763 ms (enqueue 0.118311 ms)
[03/03/2026-11:07:07] [I] Average on 10 runs - GPU latency: 0.357031 ms - Host latency: 0.357031 ms (enqueue 0.120728 ms)
[03/03/2026-11:07:07] [I] Average on 10 runs - GPU latency: 0.35835 ms - Host latency: 0.35835 ms (enqueue 0.121289 ms)
[03/03/2026-11:07:07] [I] Average on 10 runs - GPU latency: 0.356616 ms - Host latency: 0.356616 ms (enqueue 0.122876 ms)
[03/03/2026-11:07:07] [I] Average on 10 runs - GPU latency: 0.358691 ms - Host latency: 0.358691 ms (enqueue 0.116675 ms)
[03/03/2026-11:07:07] [I] Average on 10 runs - GPU latency: 0.358032 ms - Host latency: 0.358032 ms (enqueue 0.119336 ms)
[03/03/2026-11:07:07] [I] Average on 10 runs - GPU latency: 0.357007 ms - Host latency: 0.357007 ms (enqueue 0.124414 ms)
[03/03/2026-11:07:07] [I] Average on 10 runs - GPU latency: 0.357007 ms - Host latency: 0.357007 ms (enqueue 0.12168 ms)
[03/03/2026-11:07:07] [I] Average on 10 runs - GPU latency: 0.356323 ms - Host latency: 0.356323 ms (enqueue 0.114941 ms)
[03/03/2026-11:07:07] [I] Average on 10 runs - GPU latency: 0.356934 ms - Host latency: 0.356934 ms (enqueue 0.124634 ms)
[03/03/2026-11:07:07] [I] Average on 10 runs - GPU latency: 0.358057 ms - Host latency: 0.358057 ms (enqueue 0.120972 ms)
[03/03/2026-11:07:07] [I] Average on 10 runs - GPU latency: 0.357007 ms - Host latency: 0.357007 ms (enqueue 0.125952 ms)
[03/03/2026-11:07:07] [I] Average on 10 runs - GPU latency: 0.35769 ms - Host latency: 0.35769 ms (enqueue 0.123071 ms)
[03/03/2026-11:07:07] [I] Average on 10 runs - GPU latency: 0.357446 ms - Host latency: 0.357446 ms (enqueue 0.118335 ms)
[03/03/2026-11:07:07] [I] Average on 10 runs - GPU latency: 0.35708 ms - Host latency: 0.35708 ms (enqueue 0.122705 ms)
[03/03/2026-11:07:07] [I] Average on 10 runs - GPU latency: 0.35686 ms - Host latency: 0.35686 ms (enqueue 0.120215 ms)
[03/03/2026-11:07:07] [I] Average on 10 runs - GPU latency: 0.356543 ms - Host latency: 0.356543 ms (enqueue 0.120947 ms)
[03/03/2026-11:07:07] [I] Average on 10 runs - GPU latency: 0.356567 ms - Host latency: 0.356567 ms (enqueue 0.121777 ms)
[03/03/2026-11:07:07] [I] Average on 10 runs - GPU latency: 0.358447 ms - Host latency: 0.358447 ms (enqueue 0.122485 ms)
[03/03/2026-11:07:07] [I] Average on 10 runs - GPU latency: 0.357642 ms - Host latency: 0.357642 ms (enqueue 0.122217 ms)
[03/03/2026-11:07:07] [I] Average on 10 runs - GPU latency: 0.357153 ms - Host latency: 0.357153 ms (enqueue 0.116919 ms)
[03/03/2026-11:07:07] [I] Average on 10 runs - GPU latency: 0.358301 ms - Host latency: 0.358301 ms (enqueue 0.122339 ms)
[03/03/2026-11:07:07] [I] Average on 10 runs - GPU latency: 0.355981 ms - Host latency: 0.355981 ms (enqueue 0.122437 ms)
[03/03/2026-11:07:07] [I] Average on 10 runs - GPU latency: 0.357495 ms - Host latency: 0.357495 ms (enqueue 0.122021 ms)
[03/03/2026-11:07:07] [I] Average on 10 runs - GPU latency: 0.357275 ms - Host latency: 0.357275 ms (enqueue 0.119946 ms)
[03/03/2026-11:07:07] [I] Average on 10 runs - GPU latency: 0.356616 ms - Host latency: 0.356616 ms (enqueue 0.120337 ms)
[03/03/2026-11:07:07] [I] Average on 10 runs - GPU latency: 0.358252 ms - Host latency: 0.358252 ms (enqueue 0.118774 ms)
[03/03/2026-11:07:07] [I] Average on 10 runs - GPU latency: 0.357544 ms - Host latency: 0.357544 ms (enqueue 0.125342 ms)
[03/03/2026-11:07:07] [I] Average on 10 runs - GPU latency: 0.357202 ms - Host latency: 0.357202 ms (enqueue 0.118896 ms)
[03/03/2026-11:07:07] [I] Average on 10 runs - GPU latency: 0.356982 ms - Host latency: 0.356982 ms (enqueue 0.117578 ms)
[03/03/2026-11:07:07] [I] Average on 10 runs - GPU latency: 0.35769 ms - Host latency: 0.35769 ms (enqueue 0.119702 ms)
[03/03/2026-11:07:07] [I] Average on 10 runs - GPU latency: 0.357129 ms - Host latency: 0.357129 ms (enqueue 0.123682 ms)
[03/03/2026-11:07:07] [I] Average on 10 runs - GPU latency: 0.358008 ms - Host latency: 0.358008 ms (enqueue 0.115381 ms)
[03/03/2026-11:07:07] [I] Average on 10 runs - GPU latency: 0.357227 ms - Host latency: 0.357227 ms (enqueue 0.124316 ms)
[03/03/2026-11:07:07] [I] Average on 10 runs - GPU latency: 0.358276 ms - Host latency: 0.358276 ms (enqueue 0.118628 ms)
[03/03/2026-11:07:07] [I] Average on 10 runs - GPU latency: 0.357446 ms - Host latency: 0.357446 ms (enqueue 0.121802 ms)
[03/03/2026-11:07:07] [I] Average on 10 runs - GPU latency: 0.359546 ms - Host latency: 0.359546 ms (enqueue 0.113647 ms)
[03/03/2026-11:07:07] [I] Average on 10 runs - GPU latency: 0.358325 ms - Host latency: 0.358325 ms (enqueue 0.121289 ms)
[03/03/2026-11:07:07] [I] Average on 10 runs - GPU latency: 0.357837 ms - Host latency: 0.357837 ms (enqueue 0.117749 ms)
[03/03/2026-11:07:07] [I] Average on 10 runs - GPU latency: 0.357446 ms - Host latency: 0.357446 ms (enqueue 0.120581 ms)
[03/03/2026-11:07:07] [I] Average on 10 runs - GPU latency: 0.357886 ms - Host latency: 0.357886 ms (enqueue 0.11897 ms)
[03/03/2026-11:07:07] [I] Average on 10 runs - GPU latency: 0.357568 ms - Host latency: 0.357568 ms (enqueue 0.117358 ms)
[03/03/2026-11:07:07] [I] Average on 10 runs - GPU latency: 0.3573 ms - Host latency: 0.3573 ms (enqueue 0.119067 ms)
[03/03/2026-11:07:07] [I] Average on 10 runs - GPU latency: 0.358008 ms - Host latency: 0.358008 ms (enqueue 0.119824 ms)
[03/03/2026-11:07:07] [I] Average on 10 runs - GPU latency: 0.358179 ms - Host latency: 0.358179 ms (enqueue 0.115381 ms)
[03/03/2026-11:07:07] [I] Average on 10 runs - GPU latency: 0.359473 ms - Host latency: 0.359473 ms (enqueue 0.114453 ms)
[03/03/2026-11:07:07] [I] Average on 10 runs - GPU latency: 0.356641 ms - Host latency: 0.356641 ms (enqueue 0.114795 ms)
[03/03/2026-11:07:07] [I] Average on 10 runs - GPU latency: 0.358203 ms - Host latency: 0.358203 ms (enqueue 0.115479 ms)
[03/03/2026-11:07:07] [I] Average on 10 runs - GPU latency: 0.357593 ms - Host latency: 0.357593 ms (enqueue 0.115771 ms)
[03/03/2026-11:07:07] [I] Average on 10 runs - GPU latency: 0.359448 ms - Host latency: 0.359448 ms (enqueue 0.115015 ms)
[03/03/2026-11:07:07] [I] Average on 10 runs - GPU latency: 0.358057 ms - Host latency: 0.358057 ms (enqueue 0.115601 ms)
[03/03/2026-11:07:07] [I] Average on 10 runs - GPU latency: 0.358154 ms - Host latency: 0.358154 ms (enqueue 0.115381 ms)
[03/03/2026-11:07:07] [I] Average on 10 runs - GPU latency: 0.358398 ms - Host latency: 0.358398 ms (enqueue 0.117578 ms)
[03/03/2026-11:07:07] [I] Average on 10 runs - GPU latency: 0.357227 ms - Host latency: 0.357227 ms (enqueue 0.118066 ms)
[03/03/2026-11:07:07] [I] Average on 10 runs - GPU latency: 0.358618 ms - Host latency: 0.358618 ms (enqueue 0.116479 ms)
[03/03/2026-11:07:07] [I] Average on 10 runs - GPU latency: 0.357617 ms - Host latency: 0.357617 ms (enqueue 0.121191 ms)
[03/03/2026-11:07:07] [I] Average on 10 runs - GPU latency: 0.357764 ms - Host latency: 0.357764 ms (enqueue 0.114478 ms)
[03/03/2026-11:07:07] [I] Average on 10 runs - GPU latency: 0.357617 ms - Host latency: 0.357617 ms (enqueue 0.116699 ms)
[03/03/2026-11:07:07] [I] Average on 10 runs - GPU latency: 0.357251 ms - Host latency: 0.357251 ms (enqueue 0.119727 ms)
[03/03/2026-11:07:07] [I] Average on 10 runs - GPU latency: 0.358765 ms - Host latency: 0.358765 ms (enqueue 0.116309 ms)
[03/03/2026-11:07:07] [I] Average on 10 runs - GPU latency: 0.357935 ms - Host latency: 0.357935 ms (enqueue 0.115625 ms)
[03/03/2026-11:07:07] [I] Average on 10 runs - GPU latency: 0.358057 ms - Host latency: 0.358057 ms (enqueue 0.116138 ms)
[03/03/2026-11:07:07] [I] Average on 10 runs - GPU latency: 0.356592 ms - Host latency: 0.356592 ms (enqueue 0.118945 ms)
[03/03/2026-11:07:07] [I] Average on 10 runs - GPU latency: 0.357178 ms - Host latency: 0.357178 ms (enqueue 0.120215 ms)
[03/03/2026-11:07:07] [I] Average on 10 runs - GPU latency: 0.356494 ms - Host latency: 0.356494 ms (enqueue 0.124585 ms)
[03/03/2026-11:07:07] [I] Average on 10 runs - GPU latency: 0.358618 ms - Host latency: 0.358618 ms (enqueue 0.117627 ms)
[03/03/2026-11:07:07] [I] Average on 10 runs - GPU latency: 0.356812 ms - Host latency: 0.356812 ms (enqueue 0.118091 ms)
[03/03/2026-11:07:07] [I] Average on 10 runs - GPU latency: 0.358154 ms - Host latency: 0.358154 ms (enqueue 0.119995 ms)
[03/03/2026-11:07:07] [I] Average on 10 runs - GPU latency: 0.357178 ms - Host latency: 0.357178 ms (enqueue 0.121948 ms)
[03/03/2026-11:07:07] [I] Average on 10 runs - GPU latency: 0.359302 ms - Host latency: 0.359302 ms (enqueue 0.118066 ms)
[03/03/2026-11:07:07] [I] Average on 10 runs - GPU latency: 0.357471 ms - Host latency: 0.357471 ms (enqueue 0.114087 ms)
[03/03/2026-11:07:07] [I] Average on 10 runs - GPU latency: 0.356567 ms - Host latency: 0.356567 ms (enqueue 0.119116 ms)
[03/03/2026-11:07:07] [I] Average on 10 runs - GPU latency: 0.357202 ms - Host latency: 0.357202 ms (enqueue 0.118677 ms)
[03/03/2026-11:07:07] [I] Average on 10 runs - GPU latency: 0.356396 ms - Host latency: 0.356396 ms (enqueue 0.114429 ms)
[03/03/2026-11:07:07] [I] Average on 10 runs - GPU latency: 0.356958 ms - Host latency: 0.356958 ms (enqueue 0.11604 ms)
[03/03/2026-11:07:07] [I] Average on 10 runs - GPU latency: 0.358374 ms - Host latency: 0.358374 ms (enqueue 0.119238 ms)
[03/03/2026-11:07:07] [I] Average on 10 runs - GPU latency: 0.355981 ms - Host latency: 0.355981 ms (enqueue 0.121387 ms)
[03/03/2026-11:07:07] [I] Average on 10 runs - GPU latency: 0.35647 ms - Host latency: 0.35647 ms (enqueue 0.116748 ms)
[03/03/2026-11:07:07] [I] Average on 10 runs - GPU latency: 0.35896 ms - Host latency: 0.35896 ms (enqueue 0.11543 ms)
[03/03/2026-11:07:07] [I] Average on 10 runs - GPU latency: 0.35686 ms - Host latency: 0.35686 ms (enqueue 0.116479 ms)
[03/03/2026-11:07:07] [I] Average on 10 runs - GPU latency: 0.356421 ms - Host latency: 0.356421 ms (enqueue 0.116797 ms)
[03/03/2026-11:07:07] [I] Average on 10 runs - GPU latency: 0.357495 ms - Host latency: 0.357495 ms (enqueue 0.118311 ms)
[03/03/2026-11:07:07] [I] Average on 10 runs - GPU latency: 0.358423 ms - Host latency: 0.358423 ms (enqueue 0.117529 ms)
[03/03/2026-11:07:07] [I] Average on 10 runs - GPU latency: 0.357861 ms - Host latency: 0.357861 ms (enqueue 0.115479 ms)
[03/03/2026-11:07:07] [I] Average on 10 runs - GPU latency: 0.359961 ms - Host latency: 0.359961 ms (enqueue 0.116113 ms)
[03/03/2026-11:07:07] [I] Average on 10 runs - GPU latency: 0.357495 ms - Host latency: 0.357495 ms (enqueue 0.114868 ms)
[03/03/2026-11:07:07] [I] Average on 10 runs - GPU latency: 0.357837 ms - Host latency: 0.357837 ms (enqueue 0.118335 ms)
[03/03/2026-11:07:07] [I] Average on 10 runs - GPU latency: 0.35769 ms - Host latency: 0.35769 ms (enqueue 0.117041 ms)
[03/03/2026-11:07:07] [I] Average on 10 runs - GPU latency: 0.35813 ms - Host latency: 0.35813 ms (enqueue 0.116724 ms)
[03/03/2026-11:07:07] [I] Average on 10 runs - GPU latency: 0.358862 ms - Host latency: 0.358862 ms (enqueue 0.11665 ms)
[03/03/2026-11:07:07] [I] Average on 10 runs - GPU latency: 0.358862 ms - Host latency: 0.358862 ms (enqueue 0.113232 ms)
[03/03/2026-11:07:07] [I] Average on 10 runs - GPU latency: 0.358105 ms - Host latency: 0.358105 ms (enqueue 0.11543 ms)
[03/03/2026-11:07:07] [I] Average on 10 runs - GPU latency: 0.358887 ms - Host latency: 0.358887 ms (enqueue 0.114673 ms)
[03/03/2026-11:07:07] [I] Average on 10 runs - GPU latency: 0.358691 ms - Host latency: 0.358691 ms (enqueue 0.118774 ms)
[03/03/2026-11:07:07] [I] Average on 10 runs - GPU latency: 0.35791 ms - Host latency: 0.35791 ms (enqueue 0.120386 ms)
[03/03/2026-11:07:07] [I] Average on 10 runs - GPU latency: 0.357373 ms - Host latency: 0.357373 ms (enqueue 0.121289 ms)
[03/03/2026-11:07:07] [I] Average on 10 runs - GPU latency: 0.356494 ms - Host latency: 0.356494 ms (enqueue 0.118579 ms)
[03/03/2026-11:07:07] [I] Average on 10 runs - GPU latency: 0.358545 ms - Host latency: 0.358545 ms (enqueue 0.114697 ms)
[03/03/2026-11:07:07] [I] Average on 10 runs - GPU latency: 0.357715 ms - Host latency: 0.357715 ms (enqueue 0.118921 ms)
[03/03/2026-11:07:07] [I] Average on 10 runs - GPU latency: 0.356592 ms - Host latency: 0.356592 ms (enqueue 0.117261 ms)
[03/03/2026-11:07:07] [I] Average on 10 runs - GPU latency: 0.357593 ms - Host latency: 0.357593 ms (enqueue 0.119678 ms)
[03/03/2026-11:07:07] [I] Average on 10 runs - GPU latency: 0.358813 ms - Host latency: 0.358813 ms (enqueue 0.113745 ms)
[03/03/2026-11:07:07] [I] Average on 10 runs - GPU latency: 0.358057 ms - Host latency: 0.358057 ms (enqueue 0.118408 ms)
[03/03/2026-11:07:07] [I] Average on 10 runs - GPU latency: 0.358472 ms - Host latency: 0.358472 ms (enqueue 0.115771 ms)
[03/03/2026-11:07:07] [I] Average on 10 runs - GPU latency: 0.358447 ms - Host latency: 0.358447 ms (enqueue 0.118262 ms)
[03/03/2026-11:07:07] [I] Average on 10 runs - GPU latency: 0.35769 ms - Host latency: 0.35769 ms (enqueue 0.115137 ms)
[03/03/2026-11:07:07] [I] Average on 10 runs - GPU latency: 0.359131 ms - Host latency: 0.359131 ms (enqueue 0.113721 ms)
[03/03/2026-11:07:07] [I] Average on 10 runs - GPU latency: 0.356641 ms - Host latency: 0.356641 ms (enqueue 0.116821 ms)
[03/03/2026-11:07:07] [I] Average on 10 runs - GPU latency: 0.358594 ms - Host latency: 0.358594 ms (enqueue 0.115674 ms)
[03/03/2026-11:07:07] [I] Average on 10 runs - GPU latency: 0.35835 ms - Host latency: 0.35835 ms (enqueue 0.114429 ms)
[03/03/2026-11:07:07] [I] Average on 10 runs - GPU latency: 0.35791 ms - Host latency: 0.35791 ms (enqueue 0.119458 ms)
[03/03/2026-11:07:07] [I] Average on 10 runs - GPU latency: 0.357764 ms - Host latency: 0.357764 ms (enqueue 0.113062 ms)
[03/03/2026-11:07:07] [I] Average on 10 runs - GPU latency: 0.358154 ms - Host latency: 0.358154 ms (enqueue 0.114648 ms)
[03/03/2026-11:07:07] [I] Average on 10 runs - GPU latency: 0.358911 ms - Host latency: 0.358911 ms (enqueue 0.112109 ms)
[03/03/2026-11:07:07] [I] Average on 10 runs - GPU latency: 0.358008 ms - Host latency: 0.358008 ms (enqueue 0.117554 ms)
[03/03/2026-11:07:07] [I] Average on 10 runs - GPU latency: 0.356958 ms - Host latency: 0.356958 ms (enqueue 0.113721 ms)
[03/03/2026-11:07:07] [I] Average on 10 runs - GPU latency: 0.359204 ms - Host latency: 0.359204 ms (enqueue 0.114746 ms)
[03/03/2026-11:07:07] [I] Average on 10 runs - GPU latency: 0.359644 ms - Host latency: 0.359644 ms (enqueue 0.112549 ms)
[03/03/2026-11:07:07] [I] Average on 10 runs - GPU latency: 0.358081 ms - Host latency: 0.358081 ms (enqueue 0.110962 ms)
[03/03/2026-11:07:07] [I] Average on 10 runs - GPU latency: 0.358521 ms - Host latency: 0.358521 ms (enqueue 0.116431 ms)
[03/03/2026-11:07:07] [I] Average on 10 runs - GPU latency: 0.35752 ms - Host latency: 0.35752 ms (enqueue 0.11499 ms)
[03/03/2026-11:07:07] [I] Average on 10 runs - GPU latency: 0.356958 ms - Host latency: 0.356958 ms (enqueue 0.114136 ms)
[03/03/2026-11:07:07] [I] Average on 10 runs - GPU latency: 0.358984 ms - Host latency: 0.358984 ms (enqueue 0.114355 ms)
[03/03/2026-11:07:07] [I] Average on 10 runs - GPU latency: 0.359033 ms - Host latency: 0.359033 ms (enqueue 0.11355 ms)
[03/03/2026-11:07:07] [I] Average on 10 runs - GPU latency: 0.357153 ms - Host latency: 0.357153 ms (enqueue 0.114478 ms)
[03/03/2026-11:07:07] [I] Average on 10 runs - GPU latency: 0.358325 ms - Host latency: 0.358325 ms (enqueue 0.118555 ms)
[03/03/2026-11:07:07] [I] Average on 10 runs - GPU latency: 0.358203 ms - Host latency: 0.358203 ms (enqueue 0.117993 ms)
[03/03/2026-11:07:07] [I] Average on 10 runs - GPU latency: 0.359473 ms - Host latency: 0.359473 ms (enqueue 0.113452 ms)
[03/03/2026-11:07:07] [I] Average on 10 runs - GPU latency: 0.359351 ms - Host latency: 0.359351 ms (enqueue 0.113159 ms)
[03/03/2026-11:07:07] [I] Average on 10 runs - GPU latency: 0.358472 ms - Host latency: 0.358472 ms (enqueue 0.114307 ms)
[03/03/2026-11:07:07] [I] Average on 10 runs - GPU latency: 0.358008 ms - Host latency: 0.358008 ms (enqueue 0.115063 ms)
[03/03/2026-11:07:07] [I] Average on 10 runs - GPU latency: 0.356177 ms - Host latency: 0.356177 ms (enqueue 0.117212 ms)
[03/03/2026-11:07:07] [I] Average on 10 runs - GPU latency: 0.357812 ms - Host latency: 0.357812 ms (enqueue 0.115381 ms)
[03/03/2026-11:07:07] [I] Average on 10 runs - GPU latency: 0.35874 ms - Host latency: 0.35874 ms (enqueue 0.114209 ms)
[03/03/2026-11:07:07] [I] Average on 10 runs - GPU latency: 0.35708 ms - Host latency: 0.35708 ms (enqueue 0.112866 ms)
[03/03/2026-11:07:07] [I] Average on 10 runs - GPU latency: 0.36001 ms - Host latency: 0.36001 ms (enqueue 0.115405 ms)
[03/03/2026-11:07:07] [I] Average on 10 runs - GPU latency: 0.357715 ms - Host latency: 0.357715 ms (enqueue 0.117065 ms)
[03/03/2026-11:07:07] [I] Average on 10 runs - GPU latency: 0.357617 ms - Host latency: 0.357617 ms (enqueue 0.11582 ms)
[03/03/2026-11:07:07] [I] Average on 10 runs - GPU latency: 0.358105 ms - Host latency: 0.358105 ms (enqueue 0.113672 ms)
[03/03/2026-11:07:07] [I] Average on 10 runs - GPU latency: 0.358521 ms - Host latency: 0.358521 ms (enqueue 0.118604 ms)
[03/03/2026-11:07:07] [I] Average on 10 runs - GPU latency: 0.356836 ms - Host latency: 0.356836 ms (enqueue 0.11814 ms)
[03/03/2026-11:07:07] [I] Average on 10 runs - GPU latency: 0.357471 ms - Host latency: 0.357471 ms (enqueue 0.115942 ms)
[03/03/2026-11:07:07] [I] Average on 10 runs - GPU latency: 0.356958 ms - Host latency: 0.356958 ms (enqueue 0.116187 ms)
[03/03/2026-11:07:07] [I] Average on 10 runs - GPU latency: 0.358154 ms - Host latency: 0.358154 ms (enqueue 0.118018 ms)
[03/03/2026-11:07:07] [I] Average on 10 runs - GPU latency: 0.357666 ms - Host latency: 0.357666 ms (enqueue 0.116479 ms)
[03/03/2026-11:07:07] [I] Average on 10 runs - GPU latency: 0.359839 ms - Host latency: 0.359839 ms (enqueue 0.118188 ms)
[03/03/2026-11:07:07] [I] Average on 10 runs - GPU latency: 0.357739 ms - Host latency: 0.357739 ms (enqueue 0.119336 ms)
[03/03/2026-11:07:07] [I] Average on 10 runs - GPU latency: 0.357642 ms - Host latency: 0.357642 ms (enqueue 0.116113 ms)
[03/03/2026-11:07:07] [I] Average on 10 runs - GPU latency: 0.35791 ms - Host latency: 0.35791 ms (enqueue 0.116968 ms)
[03/03/2026-11:07:07] [I] Average on 10 runs - GPU latency: 0.358081 ms - Host latency: 0.358081 ms (enqueue 0.115161 ms)
[03/03/2026-11:07:07] [I] 
[03/03/2026-11:07:07] [I] === Performance summary ===
[03/03/2026-11:07:07] [I] Throughput: 2780.56 qps
[03/03/2026-11:07:07] [I] Latency: min = 0.343018 ms, max = 0.368164 ms, mean = 0.35771 ms, median = 0.357666 ms, percentile(90%) = 0.361267 ms, percentile(95%) = 0.362549 ms, percentile(99%) = 0.364746 ms
[03/03/2026-11:07:07] [I] Enqueue Time: min = 0.097168 ms, max = 0.44873 ms, mean = 0.118871 ms, median = 0.117432 ms, percentile(90%) = 0.128601 ms, percentile(95%) = 0.133545 ms, percentile(99%) = 0.1427 ms
[03/03/2026-11:07:07] [I] H2D Latency: min = 0 ms, max = 0 ms, mean = 0 ms, median = 0 ms, percentile(90%) = 0 ms, percentile(95%) = 0 ms, percentile(99%) = 0 ms
[03/03/2026-11:07:07] [I] GPU Compute Time: min = 0.343018 ms, max = 0.368164 ms, mean = 0.35771 ms, median = 0.357666 ms, percentile(90%) = 0.361267 ms, percentile(95%) = 0.362549 ms, percentile(99%) = 0.364746 ms
[03/03/2026-11:07:07] [I] D2H Latency: min = 0 ms, max = 0 ms, mean = 0 ms, median = 0 ms, percentile(90%) = 0 ms, percentile(95%) = 0 ms, percentile(99%) = 0 ms
[03/03/2026-11:07:07] [I] Total Host Walltime: 3.00083 s
[03/03/2026-11:07:07] [I] Total GPU Compute Time: 2.98474 s
[03/03/2026-11:07:07] [I] Explanations of the performance metrics are printed in the verbose logs.
[03/03/2026-11:07:07] [I] 
&&&& PASSED TensorRT.trtexec [TensorRT v8502] # /usr/src/tensorrt/bin/trtexec --onnx=/home/user/Edge-ML/models/v5/TCN/bs96/TCN.onnx --saveEngine=/home/user/Edge-ML/models/v5/TCN/bs96/TCN_fp16.engine --fp16 --exportLayerInfo=/home/user/Edge-ML/models/v5/TCN/bs96/logs/quantisation_fp16_layers.json --memPoolSize=workspace:4096MiB --tacticSources=+CUBLAS,+CUBLAS_LT,+CUDNN --noDataTransfers
