/usr/src/tensorrt/bin/trtexec --onnx=/home/user/Edge-ML/models/v5/TCN/bs96/TCN.onnx --saveEngine=/home/user/Edge-ML/models/v5/TCN/bs96/TCN_int8.engine --int8 --fp16 --exportLayerInfo=/home/user/Edge-ML/models/v5/TCN/bs96/logs/quantisation_int8_layers.json --memPoolSize=workspace:4096MiB --tacticSources=+CUBLAS,+CUBLAS_LT,+CUDNN --noDataTransfers --calib=/home/user/Edge-ML/models/v5/TCN/bs96/TCN.cache

&&&& RUNNING TensorRT.trtexec [TensorRT v8502] # /usr/src/tensorrt/bin/trtexec --onnx=/home/user/Edge-ML/models/v5/TCN/bs96/TCN.onnx --saveEngine=/home/user/Edge-ML/models/v5/TCN/bs96/TCN_int8.engine --int8 --fp16 --exportLayerInfo=/home/user/Edge-ML/models/v5/TCN/bs96/logs/quantisation_int8_layers.json --memPoolSize=workspace:4096MiB --tacticSources=+CUBLAS,+CUBLAS_LT,+CUDNN --noDataTransfers --calib=/home/user/Edge-ML/models/v5/TCN/bs96/TCN.cache
[03/03/2026-11:07:08] [I] === Model Options ===
[03/03/2026-11:07:08] [I] Format: ONNX
[03/03/2026-11:07:08] [I] Model: /home/user/Edge-ML/models/v5/TCN/bs96/TCN.onnx
[03/03/2026-11:07:08] [I] Output:
[03/03/2026-11:07:08] [I] === Build Options ===
[03/03/2026-11:07:08] [I] Max batch: explicit batch
[03/03/2026-11:07:08] [I] Memory Pools: workspace: 4096 MiB, dlaSRAM: default, dlaLocalDRAM: default, dlaGlobalDRAM: default
[03/03/2026-11:07:08] [I] minTiming: 1
[03/03/2026-11:07:08] [I] avgTiming: 8
[03/03/2026-11:07:08] [I] Precision: FP32+FP16+INT8
[03/03/2026-11:07:08] [I] LayerPrecisions: 
[03/03/2026-11:07:08] [I] Calibration: /home/user/Edge-ML/models/v5/TCN/bs96/TCN.cache
[03/03/2026-11:07:08] [I] Refit: Disabled
[03/03/2026-11:07:08] [I] Sparsity: Disabled
[03/03/2026-11:07:08] [I] Safe mode: Disabled
[03/03/2026-11:07:08] [I] DirectIO mode: Disabled
[03/03/2026-11:07:08] [I] Restricted mode: Disabled
[03/03/2026-11:07:08] [I] Build only: Disabled
[03/03/2026-11:07:08] [I] Save engine: /home/user/Edge-ML/models/v5/TCN/bs96/TCN_int8.engine
[03/03/2026-11:07:08] [I] Load engine: 
[03/03/2026-11:07:08] [I] Profiling verbosity: 0
[03/03/2026-11:07:08] [I] Tactic sources: cublas [ON], cublasLt [ON], cudnn [ON], 
[03/03/2026-11:07:08] [I] timingCacheMode: local
[03/03/2026-11:07:08] [I] timingCacheFile: 
[03/03/2026-11:07:08] [I] Heuristic: Disabled
[03/03/2026-11:07:08] [I] Preview Features: Use default preview flags.
[03/03/2026-11:07:08] [I] Input(s)s format: fp32:CHW
[03/03/2026-11:07:08] [I] Output(s)s format: fp32:CHW
[03/03/2026-11:07:08] [I] Input build shapes: model
[03/03/2026-11:07:08] [I] Input calibration shapes: model
[03/03/2026-11:07:08] [I] === System Options ===
[03/03/2026-11:07:08] [I] Device: 0
[03/03/2026-11:07:08] [I] DLACore: 
[03/03/2026-11:07:08] [I] Plugins:
[03/03/2026-11:07:08] [I] === Inference Options ===
[03/03/2026-11:07:08] [I] Batch: Explicit
[03/03/2026-11:07:08] [I] Input inference shapes: model
[03/03/2026-11:07:08] [I] Iterations: 10
[03/03/2026-11:07:08] [I] Duration: 3s (+ 200ms warm up)
[03/03/2026-11:07:08] [I] Sleep time: 0ms
[03/03/2026-11:07:08] [I] Idle time: 0ms
[03/03/2026-11:07:08] [I] Streams: 1
[03/03/2026-11:07:08] [I] ExposeDMA: Disabled
[03/03/2026-11:07:08] [I] Data transfers: Disabled
[03/03/2026-11:07:08] [I] Spin-wait: Disabled
[03/03/2026-11:07:08] [I] Multithreading: Disabled
[03/03/2026-11:07:08] [I] CUDA Graph: Disabled
[03/03/2026-11:07:08] [I] Separate profiling: Disabled
[03/03/2026-11:07:08] [I] Time Deserialize: Disabled
[03/03/2026-11:07:08] [I] Time Refit: Disabled
[03/03/2026-11:07:08] [I] NVTX verbosity: 0
[03/03/2026-11:07:08] [I] Persistent Cache Ratio: 0
[03/03/2026-11:07:08] [I] Inputs:
[03/03/2026-11:07:08] [I] === Reporting Options ===
[03/03/2026-11:07:08] [I] Verbose: Disabled
[03/03/2026-11:07:08] [I] Averages: 10 inferences
[03/03/2026-11:07:08] [I] Percentiles: 90,95,99
[03/03/2026-11:07:08] [I] Dump refittable layers:Disabled
[03/03/2026-11:07:08] [I] Dump output: Disabled
[03/03/2026-11:07:08] [I] Profile: Disabled
[03/03/2026-11:07:08] [I] Export timing to JSON file: 
[03/03/2026-11:07:08] [I] Export output to JSON file: 
[03/03/2026-11:07:08] [I] Export profile to JSON file: 
[03/03/2026-11:07:08] [I] 
[03/03/2026-11:07:08] [I] === Device Information ===
[03/03/2026-11:07:08] [I] Selected Device: Orin
[03/03/2026-11:07:08] [I] Compute Capability: 8.7
[03/03/2026-11:07:08] [I] SMs: 4
[03/03/2026-11:07:08] [I] Compute Clock Rate: 0.624 GHz
[03/03/2026-11:07:08] [I] Device Global Memory: 3425 MiB
[03/03/2026-11:07:08] [I] Shared Memory per SM: 164 KiB
[03/03/2026-11:07:08] [I] Memory Bus Width: 128 bits (ECC disabled)
[03/03/2026-11:07:08] [I] Memory Clock Rate: 0.624 GHz
[03/03/2026-11:07:08] [I] 
[03/03/2026-11:07:08] [I] TensorRT version: 8.5.2
[03/03/2026-11:07:09] [I] [TRT] [MemUsageChange] Init CUDA: CPU +220, GPU +0, now: CPU 249, GPU 1523 (MiB)
[03/03/2026-11:07:11] [I] [TRT] [MemUsageChange] Init builder kernel library: CPU +302, GPU +120, now: CPU 574, GPU 1660 (MiB)
[03/03/2026-11:07:11] [I] Start parsing network model
[03/03/2026-11:07:11] [I] [TRT] ----------------------------------------------------------------
[03/03/2026-11:07:11] [I] [TRT] Input filename:   /home/user/Edge-ML/models/v5/TCN/bs96/TCN.onnx
[03/03/2026-11:07:11] [I] [TRT] ONNX IR version:  0.0.7
[03/03/2026-11:07:11] [I] [TRT] Opset version:    12
[03/03/2026-11:07:11] [I] [TRT] Producer name:    pytorch
[03/03/2026-11:07:11] [I] [TRT] Producer version: 2.5.1
[03/03/2026-11:07:11] [I] [TRT] Domain:           
[03/03/2026-11:07:11] [I] [TRT] Model version:    0
[03/03/2026-11:07:11] [I] [TRT] Doc string:       
[03/03/2026-11:07:11] [I] [TRT] ----------------------------------------------------------------
[03/03/2026-11:07:11] [I] Finish parsing network model
[03/03/2026-11:07:11] [I] [TRT] Reading Calibration Cache for calibrator: EntropyCalibration2
[03/03/2026-11:07:11] [I] [TRT] Generated calibration scales using calibration cache. Make sure that calibration cache has latest scales.
[03/03/2026-11:07:11] [I] [TRT] To regenerate calibration cache, please delete the existing one. TensorRT will generate a new calibration cache.
[03/03/2026-11:07:11] [I] [TRT] ---------- Layers Running on DLA ----------
[03/03/2026-11:07:11] [I] [TRT] ---------- Layers Running on GPU ----------
[03/03/2026-11:07:11] [I] [TRT] [GpuLayer] SHUFFLE: /Unsqueeze + (Unnamed Layer* 1) [Shuffle]
[03/03/2026-11:07:11] [I] [TRT] [GpuLayer] SHUFFLE: shuffle_between_(Unnamed Layer* 1) [Shuffle]_output_and_/block1/block1.0/Conv + /block1/block1.2/Relu
[03/03/2026-11:07:11] [I] [TRT] [GpuLayer] CONVOLUTION: /block1/block1.0/Conv + /block1/block1.2/Relu
[03/03/2026-11:07:11] [I] [TRT] [GpuLayer] SHUFFLE: shuffle_after_/block1/block1.2/Relu_out_tensor
[03/03/2026-11:07:11] [I] [TRT] [GpuLayer] POOLING: /block1/block1.3/MaxPool
[03/03/2026-11:07:11] [I] [TRT] [GpuLayer] SHUFFLE: shuffle_between_(Unnamed Layer* 6) [Pooling]_output_and_/block2/block2.0/Conv + /block2/block2.2/Relu
[03/03/2026-11:07:11] [I] [TRT] [GpuLayer] CONVOLUTION: /block2/block2.0/Conv + /block2/block2.2/Relu
[03/03/2026-11:07:11] [I] [TRT] [GpuLayer] SHUFFLE: shuffle_after_/block2/block2.2/Relu_out_tensor
[03/03/2026-11:07:11] [I] [TRT] [GpuLayer] POOLING: /block2/block2.3/MaxPool
[03/03/2026-11:07:11] [I] [TRT] [GpuLayer] SHUFFLE: shuffle_between_(Unnamed Layer* 13) [Pooling]_output_and_/block3/block3.0/Conv + /block3/block3.2/Relu
[03/03/2026-11:07:11] [I] [TRT] [GpuLayer] CONVOLUTION: /block3/block3.0/Conv + /block3/block3.2/Relu
[03/03/2026-11:07:11] [I] [TRT] [GpuLayer] SHUFFLE: shuffle_after_/block3/block3.2/Relu_out_tensor
[03/03/2026-11:07:11] [I] [TRT] [GpuLayer] SHUFFLE: squeeze_after_/block3/block3.2/Relu
[03/03/2026-11:07:11] [I] [TRT] [GpuLayer] REDUCE: /block3/block3.3/GlobalAveragePool
[03/03/2026-11:07:11] [I] [TRT] [GpuLayer] SHUFFLE: /fc/fc.0/Flatten + reshape_before_/fc/fc.1/Gemm
[03/03/2026-11:07:11] [I] [TRT] [GpuLayer] CONVOLUTION: /fc/fc.1/Gemm + /fc/fc.2/Relu
[03/03/2026-11:07:11] [I] [TRT] [GpuLayer] CONVOLUTION: /fc/fc.4/Gemm
[03/03/2026-11:07:11] [I] [TRT] [GpuLayer] SHUFFLE: reshape_after_/fc/fc.4/Gemm + /Squeeze
[03/03/2026-11:07:13] [I] [TRT] [MemUsageChange] Init cuBLAS/cuBLASLt: CPU +534, GPU +787, now: CPU 1108, GPU 2447 (MiB)
[03/03/2026-11:07:13] [I] [TRT] [MemUsageChange] Init cuDNN: CPU +83, GPU +129, now: CPU 1191, GPU 2576 (MiB)
[03/03/2026-11:07:13] [I] [TRT] Local timing cache in use. Profiling results in this builder pass will not be stored.
[03/03/2026-11:07:37] [W] [TRT] Tactic Device request: 391MB Available: 282MB. Device memory is insufficient to use tactic.
[03/03/2026-11:07:37] [W] [TRT] Skipping tactic 8 due to insufficient memory on requested size of 391 detected for tactic 0x000000000000003c.
Try decreasing the workspace size with IBuilderConfig::setMemoryPoolLimit().
[03/03/2026-11:07:37] [W] [TRT] Tactic Device request: 391MB Available: 282MB. Device memory is insufficient to use tactic.
[03/03/2026-11:07:37] [W] [TRT] Skipping tactic 13 due to insufficient memory on requested size of 391 detected for tactic 0x0000000000000074.
Try decreasing the workspace size with IBuilderConfig::setMemoryPoolLimit().
[03/03/2026-11:07:37] [W] [TRT] Tactic Device request: 390MB Available: 282MB. Device memory is insufficient to use tactic.
[03/03/2026-11:07:37] [W] [TRT] Skipping tactic 3 due to insufficient memory on requested size of 390 detected for tactic 0x0000000000000004.
Try decreasing the workspace size with IBuilderConfig::setMemoryPoolLimit().
[03/03/2026-11:07:37] [W] [TRT] Tactic Device request: 390MB Available: 282MB. Device memory is insufficient to use tactic.
[03/03/2026-11:07:37] [W] [TRT] Skipping tactic 7 due to insufficient memory on requested size of 390 detected for tactic 0x000000000000003c.
Try decreasing the workspace size with IBuilderConfig::setMemoryPoolLimit().
[03/03/2026-11:07:52] [I] [TRT] Total Activation Memory: 4296697344
[03/03/2026-11:07:52] [I] [TRT] Detected 1 inputs and 1 output network tensors.
[03/03/2026-11:07:52] [I] [TRT] Total Host Persistent Memory: 22336
[03/03/2026-11:07:52] [I] [TRT] Total Device Persistent Memory: 1024
[03/03/2026-11:07:52] [I] [TRT] Total Scratch Memory: 0
[03/03/2026-11:07:52] [I] [TRT] [MemUsageStats] Peak memory usage of TRT CPU/GPU memory allocators: CPU 0 MiB, GPU 395 MiB
[03/03/2026-11:07:52] [I] [TRT] [BlockAssignment] Started assigning block shifts. This will take 22 steps to complete.
[03/03/2026-11:07:52] [I] [TRT] [BlockAssignment] Algorithm ShiftNTopDown took 0.220806ms to assign 3 blocks to 22 nodes requiring 737280 bytes.
[03/03/2026-11:07:52] [I] [TRT] Total Activation Memory: 737280
[03/03/2026-11:07:52] [W] [TRT] TensorRT encountered issues when converting weights between types and that could affect accuracy.
[03/03/2026-11:07:52] [W] [TRT] If this is not the desired behavior, please modify the weights or retrain with regularization to adjust the magnitude of the weights.
[03/03/2026-11:07:52] [W] [TRT] Check verbose logs for the list of affected weights.
[03/03/2026-11:07:52] [W] [TRT] - 2 weights are affected by this issue: Detected subnormal FP16 values.
[03/03/2026-11:07:52] [I] [TRT] [MemUsageChange] TensorRT-managed allocation in building engine: CPU +0, GPU +4, now: CPU 0, GPU 4 (MiB)
[03/03/2026-11:07:52] [I] Engine built in 43.8183 sec.
[03/03/2026-11:07:52] [I] [TRT] Loaded engine size: 0 MiB
[03/03/2026-11:07:52] [I] [TRT] [MemUsageChange] TensorRT-managed allocation in engine deserialization: CPU +0, GPU +0, now: CPU 0, GPU 0 (MiB)
[03/03/2026-11:07:52] [I] Engine deserialized in 0.00953707 sec.
[03/03/2026-11:07:52] [I] [TRT] [MemUsageChange] TensorRT-managed allocation in IExecutionContext creation: CPU +0, GPU +0, now: CPU 0, GPU 0 (MiB)
[03/03/2026-11:07:52] [I] Setting persistentCacheLimit to 0 bytes.
[03/03/2026-11:07:52] [I] Using random values for input input
[03/03/2026-11:07:52] [I] Created input binding for input with dimensions 96x120
[03/03/2026-11:07:52] [I] Using random values for output capacity
[03/03/2026-11:07:52] [I] Created output binding for capacity with dimensions 96
[03/03/2026-11:07:52] [I] [TRT] The profiling verbosity was set to ProfilingVerbosity::kLAYER_NAMES_ONLY when the engine was built, so only the layer names will be returned. Rebuild the engine with ProfilingVerbosity::kDETAILED to get more verbose layer information.
[03/03/2026-11:07:52] [I] Starting inference
[03/03/2026-11:07:55] [I] Warmup completed 554 queries over 200 ms
[03/03/2026-11:07:55] [I] Timing trace has 8334 queries over 3.00069 s
[03/03/2026-11:07:55] [I] 
[03/03/2026-11:07:55] [I] === Trace details ===
[03/03/2026-11:07:55] [I] Trace averages of 10 runs:
[03/03/2026-11:07:55] [I] Average on 10 runs - GPU latency: 0.358397 ms - Host latency: 0.358397 ms (enqueue 0.136504 ms)
[03/03/2026-11:07:55] [I] Average on 10 runs - GPU latency: 0.357938 ms - Host latency: 0.357938 ms (enqueue 0.137744 ms)
[03/03/2026-11:07:55] [I] Average on 10 runs - GPU latency: 0.358287 ms - Host latency: 0.358287 ms (enqueue 0.136261 ms)
[03/03/2026-11:07:55] [I] Average on 10 runs - GPU latency: 0.357678 ms - Host latency: 0.357678 ms (enqueue 0.137839 ms)
[03/03/2026-11:07:55] [I] Average on 10 runs - GPU latency: 0.358719 ms - Host latency: 0.358719 ms (enqueue 0.13862 ms)
[03/03/2026-11:07:55] [I] Average on 10 runs - GPU latency: 0.358424 ms - Host latency: 0.358424 ms (enqueue 0.138074 ms)
[03/03/2026-11:07:55] [I] Average on 10 runs - GPU latency: 0.358897 ms - Host latency: 0.358897 ms (enqueue 0.139297 ms)
[03/03/2026-11:07:55] [I] Average on 10 runs - GPU latency: 0.35867 ms - Host latency: 0.35867 ms (enqueue 0.13434 ms)
[03/03/2026-11:07:55] [I] Average on 10 runs - GPU latency: 0.357672 ms - Host latency: 0.357672 ms (enqueue 0.137991 ms)
[03/03/2026-11:07:55] [I] Average on 10 runs - GPU latency: 0.356914 ms - Host latency: 0.356914 ms (enqueue 0.135309 ms)
[03/03/2026-11:07:55] [I] Average on 10 runs - GPU latency: 0.357516 ms - Host latency: 0.357516 ms (enqueue 0.136337 ms)
[03/03/2026-11:07:55] [I] Average on 10 runs - GPU latency: 0.358208 ms - Host latency: 0.358208 ms (enqueue 0.136394 ms)
[03/03/2026-11:07:55] [I] Average on 10 runs - GPU latency: 0.357649 ms - Host latency: 0.357649 ms (enqueue 0.133638 ms)
[03/03/2026-11:07:55] [I] Average on 10 runs - GPU latency: 0.357701 ms - Host latency: 0.357701 ms (enqueue 0.134442 ms)
[03/03/2026-11:07:55] [I] Average on 10 runs - GPU latency: 0.357678 ms - Host latency: 0.357678 ms (enqueue 0.139131 ms)
[03/03/2026-11:07:55] [I] Average on 10 runs - GPU latency: 0.355515 ms - Host latency: 0.355515 ms (enqueue 0.138977 ms)
[03/03/2026-11:07:55] [I] Average on 10 runs - GPU latency: 0.357339 ms - Host latency: 0.357339 ms (enqueue 0.139822 ms)
[03/03/2026-11:07:55] [I] Average on 10 runs - GPU latency: 0.359839 ms - Host latency: 0.359839 ms (enqueue 0.134991 ms)
[03/03/2026-11:07:55] [I] Average on 10 runs - GPU latency: 0.358124 ms - Host latency: 0.358124 ms (enqueue 0.13645 ms)
[03/03/2026-11:07:55] [I] Average on 10 runs - GPU latency: 0.357559 ms - Host latency: 0.357559 ms (enqueue 0.137622 ms)
[03/03/2026-11:07:55] [I] Average on 10 runs - GPU latency: 0.357678 ms - Host latency: 0.357678 ms (enqueue 0.13533 ms)
[03/03/2026-11:07:55] [I] Average on 10 runs - GPU latency: 0.358447 ms - Host latency: 0.358447 ms (enqueue 0.137183 ms)
[03/03/2026-11:07:55] [I] Average on 10 runs - GPU latency: 0.359424 ms - Host latency: 0.359424 ms (enqueue 0.136414 ms)
[03/03/2026-11:07:55] [I] Average on 10 runs - GPU latency: 0.357355 ms - Host latency: 0.357355 ms (enqueue 0.137204 ms)
[03/03/2026-11:07:55] [I] Average on 10 runs - GPU latency: 0.358783 ms - Host latency: 0.358783 ms (enqueue 0.139975 ms)
[03/03/2026-11:07:55] [I] Average on 10 runs - GPU latency: 0.358118 ms - Host latency: 0.358118 ms (enqueue 0.136957 ms)
[03/03/2026-11:07:55] [I] Average on 10 runs - GPU latency: 0.358472 ms - Host latency: 0.358472 ms (enqueue 0.134921 ms)
[03/03/2026-11:07:55] [I] Average on 10 runs - GPU latency: 0.35827 ms - Host latency: 0.35827 ms (enqueue 0.135751 ms)
[03/03/2026-11:07:55] [I] Average on 10 runs - GPU latency: 0.356818 ms - Host latency: 0.356818 ms (enqueue 0.138428 ms)
[03/03/2026-11:07:55] [I] Average on 10 runs - GPU latency: 0.359039 ms - Host latency: 0.359039 ms (enqueue 0.138043 ms)
[03/03/2026-11:07:55] [I] Average on 10 runs - GPU latency: 0.357867 ms - Host latency: 0.357867 ms (enqueue 0.134448 ms)
[03/03/2026-11:07:55] [I] Average on 10 runs - GPU latency: 0.357858 ms - Host latency: 0.357858 ms (enqueue 0.133029 ms)
[03/03/2026-11:07:55] [I] Average on 10 runs - GPU latency: 0.357733 ms - Host latency: 0.357733 ms (enqueue 0.135123 ms)
[03/03/2026-11:07:55] [I] Average on 10 runs - GPU latency: 0.357251 ms - Host latency: 0.357251 ms (enqueue 0.131775 ms)
[03/03/2026-11:07:55] [I] Average on 10 runs - GPU latency: 0.358719 ms - Host latency: 0.358719 ms (enqueue 0.140262 ms)
[03/03/2026-11:07:55] [I] Average on 10 runs - GPU latency: 0.358612 ms - Host latency: 0.358612 ms (enqueue 0.136215 ms)
[03/03/2026-11:07:55] [I] Average on 10 runs - GPU latency: 0.35961 ms - Host latency: 0.35961 ms (enqueue 0.134079 ms)
[03/03/2026-11:07:55] [I] Average on 10 runs - GPU latency: 0.358359 ms - Host latency: 0.358359 ms (enqueue 0.134814 ms)
[03/03/2026-11:07:55] [I] Average on 10 runs - GPU latency: 0.358322 ms - Host latency: 0.358322 ms (enqueue 0.133234 ms)
[03/03/2026-11:07:55] [I] Average on 10 runs - GPU latency: 0.35842 ms - Host latency: 0.35842 ms (enqueue 0.135703 ms)
[03/03/2026-11:07:55] [I] Average on 10 runs - GPU latency: 0.358228 ms - Host latency: 0.358228 ms (enqueue 0.134396 ms)
[03/03/2026-11:07:55] [I] Average on 10 runs - GPU latency: 0.358453 ms - Host latency: 0.358453 ms (enqueue 0.136349 ms)
[03/03/2026-11:07:55] [I] Average on 10 runs - GPU latency: 0.358795 ms - Host latency: 0.358795 ms (enqueue 0.137531 ms)
[03/03/2026-11:07:55] [I] Average on 10 runs - GPU latency: 0.359094 ms - Host latency: 0.359094 ms (enqueue 0.130432 ms)
[03/03/2026-11:07:55] [I] Average on 10 runs - GPU latency: 0.35831 ms - Host latency: 0.35831 ms (enqueue 0.13804 ms)
[03/03/2026-11:07:55] [I] Average on 10 runs - GPU latency: 0.358118 ms - Host latency: 0.358118 ms (enqueue 0.133447 ms)
[03/03/2026-11:07:55] [I] Average on 10 runs - GPU latency: 0.359851 ms - Host latency: 0.359851 ms (enqueue 0.139923 ms)
[03/03/2026-11:07:55] [I] Average on 10 runs - GPU latency: 0.357898 ms - Host latency: 0.357898 ms (enqueue 0.135623 ms)
[03/03/2026-11:07:55] [I] Average on 10 runs - GPU latency: 0.358035 ms - Host latency: 0.358035 ms (enqueue 0.135199 ms)
[03/03/2026-11:07:55] [I] Average on 10 runs - GPU latency: 0.35744 ms - Host latency: 0.35744 ms (enqueue 0.137415 ms)
[03/03/2026-11:07:55] [I] Average on 10 runs - GPU latency: 0.357693 ms - Host latency: 0.357693 ms (enqueue 0.131226 ms)
[03/03/2026-11:07:55] [I] Average on 10 runs - GPU latency: 0.359113 ms - Host latency: 0.359113 ms (enqueue 0.131421 ms)
[03/03/2026-11:07:55] [I] Average on 10 runs - GPU latency: 0.358032 ms - Host latency: 0.358032 ms (enqueue 0.136014 ms)
[03/03/2026-11:07:55] [I] Average on 10 runs - GPU latency: 0.35835 ms - Host latency: 0.35835 ms (enqueue 0.136841 ms)
[03/03/2026-11:07:55] [I] Average on 10 runs - GPU latency: 0.360159 ms - Host latency: 0.360159 ms (enqueue 0.135809 ms)
[03/03/2026-11:07:55] [I] Average on 10 runs - GPU latency: 0.356787 ms - Host latency: 0.356787 ms (enqueue 0.139426 ms)
[03/03/2026-11:07:55] [I] Average on 10 runs - GPU latency: 0.358423 ms - Host latency: 0.358423 ms (enqueue 0.137466 ms)
[03/03/2026-11:07:55] [I] Average on 10 runs - GPU latency: 0.358002 ms - Host latency: 0.358002 ms (enqueue 0.138239 ms)
[03/03/2026-11:07:55] [I] Average on 10 runs - GPU latency: 0.358771 ms - Host latency: 0.358771 ms (enqueue 0.134415 ms)
[03/03/2026-11:07:55] [I] Average on 10 runs - GPU latency: 0.357779 ms - Host latency: 0.357779 ms (enqueue 0.132883 ms)
[03/03/2026-11:07:55] [I] Average on 10 runs - GPU latency: 0.357922 ms - Host latency: 0.357922 ms (enqueue 0.134866 ms)
[03/03/2026-11:07:55] [I] Average on 10 runs - GPU latency: 0.358929 ms - Host latency: 0.358929 ms (enqueue 0.133008 ms)
[03/03/2026-11:07:55] [I] Average on 10 runs - GPU latency: 0.35831 ms - Host latency: 0.35831 ms (enqueue 0.131531 ms)
[03/03/2026-11:07:55] [I] Average on 10 runs - GPU latency: 0.357935 ms - Host latency: 0.357935 ms (enqueue 0.134155 ms)
[03/03/2026-11:07:55] [I] Average on 10 runs - GPU latency: 0.357123 ms - Host latency: 0.357123 ms (enqueue 0.12984 ms)
[03/03/2026-11:07:55] [I] Average on 10 runs - GPU latency: 0.358301 ms - Host latency: 0.358301 ms (enqueue 0.133417 ms)
[03/03/2026-11:07:55] [I] Average on 10 runs - GPU latency: 0.357523 ms - Host latency: 0.357523 ms (enqueue 0.136853 ms)
[03/03/2026-11:07:55] [I] Average on 10 runs - GPU latency: 0.357864 ms - Host latency: 0.357864 ms (enqueue 0.139966 ms)
[03/03/2026-11:07:55] [I] Average on 10 runs - GPU latency: 0.357986 ms - Host latency: 0.357986 ms (enqueue 0.135495 ms)
[03/03/2026-11:07:55] [I] Average on 10 runs - GPU latency: 0.357825 ms - Host latency: 0.357825 ms (enqueue 0.135199 ms)
[03/03/2026-11:07:55] [I] Average on 10 runs - GPU latency: 0.358005 ms - Host latency: 0.358005 ms (enqueue 0.137674 ms)
[03/03/2026-11:07:55] [I] Average on 10 runs - GPU latency: 0.35824 ms - Host latency: 0.35824 ms (enqueue 0.134488 ms)
[03/03/2026-11:07:55] [I] Average on 10 runs - GPU latency: 0.357285 ms - Host latency: 0.357285 ms (enqueue 0.132547 ms)
[03/03/2026-11:07:55] [I] Average on 10 runs - GPU latency: 0.357657 ms - Host latency: 0.357657 ms (enqueue 0.132938 ms)
[03/03/2026-11:07:55] [I] Average on 10 runs - GPU latency: 0.359058 ms - Host latency: 0.359058 ms (enqueue 0.133298 ms)
[03/03/2026-11:07:55] [I] Average on 10 runs - GPU latency: 0.358417 ms - Host latency: 0.358417 ms (enqueue 0.137692 ms)
[03/03/2026-11:07:55] [I] Average on 10 runs - GPU latency: 0.358374 ms - Host latency: 0.358374 ms (enqueue 0.137799 ms)
[03/03/2026-11:07:55] [I] Average on 10 runs - GPU latency: 0.356641 ms - Host latency: 0.356641 ms (enqueue 0.134357 ms)
[03/03/2026-11:07:55] [I] Average on 10 runs - GPU latency: 0.358081 ms - Host latency: 0.358081 ms (enqueue 0.133536 ms)
[03/03/2026-11:07:55] [I] Average on 10 runs - GPU latency: 0.357263 ms - Host latency: 0.357263 ms (enqueue 0.136252 ms)
[03/03/2026-11:07:55] [I] Average on 10 runs - GPU latency: 0.357819 ms - Host latency: 0.357819 ms (enqueue 0.133594 ms)
[03/03/2026-11:07:55] [I] Average on 10 runs - GPU latency: 0.356921 ms - Host latency: 0.356921 ms (enqueue 0.13259 ms)
[03/03/2026-11:07:55] [I] Average on 10 runs - GPU latency: 0.358582 ms - Host latency: 0.358582 ms (enqueue 0.135117 ms)
[03/03/2026-11:07:55] [I] Average on 10 runs - GPU latency: 0.357874 ms - Host latency: 0.357874 ms (enqueue 0.132968 ms)
[03/03/2026-11:07:55] [I] Average on 10 runs - GPU latency: 0.357639 ms - Host latency: 0.357639 ms (enqueue 0.134937 ms)
[03/03/2026-11:07:55] [I] Average on 10 runs - GPU latency: 0.359106 ms - Host latency: 0.359106 ms (enqueue 0.13526 ms)
[03/03/2026-11:07:55] [I] Average on 10 runs - GPU latency: 0.357858 ms - Host latency: 0.357858 ms (enqueue 0.133426 ms)
[03/03/2026-11:07:55] [I] Average on 10 runs - GPU latency: 0.359314 ms - Host latency: 0.359314 ms (enqueue 0.137537 ms)
[03/03/2026-11:07:55] [I] Average on 10 runs - GPU latency: 0.359155 ms - Host latency: 0.359155 ms (enqueue 0.133539 ms)
[03/03/2026-11:07:55] [I] Average on 10 runs - GPU latency: 0.356934 ms - Host latency: 0.356934 ms (enqueue 0.136676 ms)
[03/03/2026-11:07:55] [I] Average on 10 runs - GPU latency: 0.356976 ms - Host latency: 0.356976 ms (enqueue 0.1336 ms)
[03/03/2026-11:07:55] [I] Average on 10 runs - GPU latency: 0.3586 ms - Host latency: 0.3586 ms (enqueue 0.134467 ms)
[03/03/2026-11:07:55] [I] Average on 10 runs - GPU latency: 0.358209 ms - Host latency: 0.358209 ms (enqueue 0.13335 ms)
[03/03/2026-11:07:55] [I] Average on 10 runs - GPU latency: 0.357935 ms - Host latency: 0.357935 ms (enqueue 0.137762 ms)
[03/03/2026-11:07:55] [I] Average on 10 runs - GPU latency: 0.357422 ms - Host latency: 0.357422 ms (enqueue 0.137598 ms)
[03/03/2026-11:07:55] [I] Average on 10 runs - GPU latency: 0.357996 ms - Host latency: 0.357996 ms (enqueue 0.14212 ms)
[03/03/2026-11:07:55] [I] Average on 10 runs - GPU latency: 0.359052 ms - Host latency: 0.359052 ms (enqueue 0.13681 ms)
[03/03/2026-11:07:55] [I] Average on 10 runs - GPU latency: 0.358057 ms - Host latency: 0.358057 ms (enqueue 0.131421 ms)
[03/03/2026-11:07:55] [I] Average on 10 runs - GPU latency: 0.360114 ms - Host latency: 0.360114 ms (enqueue 0.135309 ms)
[03/03/2026-11:07:55] [I] Average on 10 runs - GPU latency: 0.356964 ms - Host latency: 0.356964 ms (enqueue 0.136145 ms)
[03/03/2026-11:07:55] [I] Average on 10 runs - GPU latency: 0.357422 ms - Host latency: 0.357422 ms (enqueue 0.138373 ms)
[03/03/2026-11:07:55] [I] Average on 10 runs - GPU latency: 0.357941 ms - Host latency: 0.357941 ms (enqueue 0.139996 ms)
[03/03/2026-11:07:55] [I] Average on 10 runs - GPU latency: 0.358282 ms - Host latency: 0.358282 ms (enqueue 0.13728 ms)
[03/03/2026-11:07:55] [I] Average on 10 runs - GPU latency: 0.358435 ms - Host latency: 0.358435 ms (enqueue 0.134821 ms)
[03/03/2026-11:07:55] [I] Average on 10 runs - GPU latency: 0.358826 ms - Host latency: 0.358826 ms (enqueue 0.13869 ms)
[03/03/2026-11:07:55] [I] Average on 10 runs - GPU latency: 0.358594 ms - Host latency: 0.358594 ms (enqueue 0.13902 ms)
[03/03/2026-11:07:55] [I] Average on 10 runs - GPU latency: 0.356982 ms - Host latency: 0.356982 ms (enqueue 0.140778 ms)
[03/03/2026-11:07:55] [I] Average on 10 runs - GPU latency: 0.357922 ms - Host latency: 0.357922 ms (enqueue 0.136572 ms)
[03/03/2026-11:07:55] [I] Average on 10 runs - GPU latency: 0.358069 ms - Host latency: 0.358069 ms (enqueue 0.135486 ms)
[03/03/2026-11:07:55] [I] Average on 10 runs - GPU latency: 0.357068 ms - Host latency: 0.357068 ms (enqueue 0.135907 ms)
[03/03/2026-11:07:55] [I] Average on 10 runs - GPU latency: 0.35816 ms - Host latency: 0.35816 ms (enqueue 0.137012 ms)
[03/03/2026-11:07:55] [I] Average on 10 runs - GPU latency: 0.358307 ms - Host latency: 0.358307 ms (enqueue 0.135089 ms)
[03/03/2026-11:07:55] [I] Average on 10 runs - GPU latency: 0.358795 ms - Host latency: 0.358795 ms (enqueue 0.133453 ms)
[03/03/2026-11:07:55] [I] Average on 10 runs - GPU latency: 0.357043 ms - Host latency: 0.357043 ms (enqueue 0.134119 ms)
[03/03/2026-11:07:55] [I] Average on 10 runs - GPU latency: 0.358612 ms - Host latency: 0.358612 ms (enqueue 0.135455 ms)
[03/03/2026-11:07:55] [I] Average on 10 runs - GPU latency: 0.358459 ms - Host latency: 0.358459 ms (enqueue 0.135529 ms)
[03/03/2026-11:07:55] [I] Average on 10 runs - GPU latency: 0.357153 ms - Host latency: 0.357153 ms (enqueue 0.135699 ms)
[03/03/2026-11:07:55] [I] Average on 10 runs - GPU latency: 0.358545 ms - Host latency: 0.358545 ms (enqueue 0.13595 ms)
[03/03/2026-11:07:55] [I] Average on 10 runs - GPU latency: 0.357208 ms - Host latency: 0.357208 ms (enqueue 0.135083 ms)
[03/03/2026-11:07:55] [I] Average on 10 runs - GPU latency: 0.358228 ms - Host latency: 0.358228 ms (enqueue 0.136084 ms)
[03/03/2026-11:07:55] [I] Average on 10 runs - GPU latency: 0.357483 ms - Host latency: 0.357483 ms (enqueue 0.13573 ms)
[03/03/2026-11:07:55] [I] Average on 10 runs - GPU latency: 0.358484 ms - Host latency: 0.358484 ms (enqueue 0.135187 ms)
[03/03/2026-11:07:55] [I] Average on 10 runs - GPU latency: 0.358081 ms - Host latency: 0.358081 ms (enqueue 0.140717 ms)
[03/03/2026-11:07:55] [I] Average on 10 runs - GPU latency: 0.359094 ms - Host latency: 0.359094 ms (enqueue 0.140796 ms)
[03/03/2026-11:07:55] [I] Average on 10 runs - GPU latency: 0.358728 ms - Host latency: 0.358728 ms (enqueue 0.137695 ms)
[03/03/2026-11:07:55] [I] Average on 10 runs - GPU latency: 0.357666 ms - Host latency: 0.357666 ms (enqueue 0.141602 ms)
[03/03/2026-11:07:55] [I] Average on 10 runs - GPU latency: 0.358258 ms - Host latency: 0.358258 ms (enqueue 0.141132 ms)
[03/03/2026-11:07:55] [I] Average on 10 runs - GPU latency: 0.358386 ms - Host latency: 0.358386 ms (enqueue 0.132611 ms)
[03/03/2026-11:07:55] [I] Average on 10 runs - GPU latency: 0.357898 ms - Host latency: 0.357898 ms (enqueue 0.137091 ms)
[03/03/2026-11:07:55] [I] Average on 10 runs - GPU latency: 0.357782 ms - Host latency: 0.357782 ms (enqueue 0.136487 ms)
[03/03/2026-11:07:55] [I] Average on 10 runs - GPU latency: 0.358484 ms - Host latency: 0.358484 ms (enqueue 0.135547 ms)
[03/03/2026-11:07:55] [I] Average on 10 runs - GPU latency: 0.358813 ms - Host latency: 0.358813 ms (enqueue 0.136615 ms)
[03/03/2026-11:07:55] [I] Average on 10 runs - GPU latency: 0.358844 ms - Host latency: 0.358844 ms (enqueue 0.140057 ms)
[03/03/2026-11:07:55] [I] Average on 10 runs - GPU latency: 0.35899 ms - Host latency: 0.35899 ms (enqueue 0.130713 ms)
[03/03/2026-11:07:55] [I] Average on 10 runs - GPU latency: 0.356989 ms - Host latency: 0.356989 ms (enqueue 0.139844 ms)
[03/03/2026-11:07:55] [I] Average on 10 runs - GPU latency: 0.358014 ms - Host latency: 0.358014 ms (enqueue 0.13894 ms)
[03/03/2026-11:07:55] [I] Average on 10 runs - GPU latency: 0.357178 ms - Host latency: 0.357178 ms (enqueue 0.135144 ms)
[03/03/2026-11:07:55] [I] Average on 10 runs - GPU latency: 0.35921 ms - Host latency: 0.35921 ms (enqueue 0.134253 ms)
[03/03/2026-11:07:55] [I] Average on 10 runs - GPU latency: 0.357947 ms - Host latency: 0.357947 ms (enqueue 0.134998 ms)
[03/03/2026-11:07:55] [I] Average on 10 runs - GPU latency: 0.359131 ms - Host latency: 0.359131 ms (enqueue 0.133557 ms)
[03/03/2026-11:07:55] [I] Average on 10 runs - GPU latency: 0.358514 ms - Host latency: 0.358514 ms (enqueue 0.13288 ms)
[03/03/2026-11:07:55] [I] Average on 10 runs - GPU latency: 0.35957 ms - Host latency: 0.35957 ms (enqueue 0.135822 ms)
[03/03/2026-11:07:55] [I] Average on 10 runs - GPU latency: 0.357983 ms - Host latency: 0.357983 ms (enqueue 0.134741 ms)
[03/03/2026-11:07:55] [I] Average on 10 runs - GPU latency: 0.359375 ms - Host latency: 0.359375 ms (enqueue 0.135004 ms)
[03/03/2026-11:07:55] [I] Average on 10 runs - GPU latency: 0.359015 ms - Host latency: 0.359015 ms (enqueue 0.136896 ms)
[03/03/2026-11:07:55] [I] Average on 10 runs - GPU latency: 0.358411 ms - Host latency: 0.358411 ms (enqueue 0.139972 ms)
[03/03/2026-11:07:55] [I] Average on 10 runs - GPU latency: 0.358099 ms - Host latency: 0.358099 ms (enqueue 0.135864 ms)
[03/03/2026-11:07:55] [I] Average on 10 runs - GPU latency: 0.358258 ms - Host latency: 0.358258 ms (enqueue 0.136353 ms)
[03/03/2026-11:07:55] [I] Average on 10 runs - GPU latency: 0.358533 ms - Host latency: 0.358533 ms (enqueue 0.139618 ms)
[03/03/2026-11:07:55] [I] Average on 10 runs - GPU latency: 0.358136 ms - Host latency: 0.358136 ms (enqueue 0.138544 ms)
[03/03/2026-11:07:55] [I] Average on 10 runs - GPU latency: 0.356641 ms - Host latency: 0.356641 ms (enqueue 0.135071 ms)
[03/03/2026-11:07:55] [I] Average on 10 runs - GPU latency: 0.358142 ms - Host latency: 0.358142 ms (enqueue 0.135712 ms)
[03/03/2026-11:07:55] [I] Average on 10 runs - GPU latency: 0.358185 ms - Host latency: 0.358185 ms (enqueue 0.136041 ms)
[03/03/2026-11:07:55] [I] Average on 10 runs - GPU latency: 0.357892 ms - Host latency: 0.357892 ms (enqueue 0.135004 ms)
[03/03/2026-11:07:55] [I] Average on 10 runs - GPU latency: 0.357672 ms - Host latency: 0.357672 ms (enqueue 0.13667 ms)
[03/03/2026-11:07:55] [I] Average on 10 runs - GPU latency: 0.357922 ms - Host latency: 0.357922 ms (enqueue 0.134692 ms)
[03/03/2026-11:07:55] [I] Average on 10 runs - GPU latency: 0.359723 ms - Host latency: 0.359723 ms (enqueue 0.137549 ms)
[03/03/2026-11:07:55] [I] Average on 10 runs - GPU latency: 0.358655 ms - Host latency: 0.358655 ms (enqueue 0.136316 ms)
[03/03/2026-11:07:55] [I] Average on 10 runs - GPU latency: 0.358722 ms - Host latency: 0.358722 ms (enqueue 0.137305 ms)
[03/03/2026-11:07:55] [I] Average on 10 runs - GPU latency: 0.357129 ms - Host latency: 0.357129 ms (enqueue 0.13316 ms)
[03/03/2026-11:07:55] [I] Average on 10 runs - GPU latency: 0.356799 ms - Host latency: 0.356799 ms (enqueue 0.132672 ms)
[03/03/2026-11:07:55] [I] Average on 10 runs - GPU latency: 0.358069 ms - Host latency: 0.358069 ms (enqueue 0.133514 ms)
[03/03/2026-11:07:55] [I] Average on 10 runs - GPU latency: 0.357306 ms - Host latency: 0.357306 ms (enqueue 0.1341 ms)
[03/03/2026-11:07:55] [I] Average on 10 runs - GPU latency: 0.359753 ms - Host latency: 0.359753 ms (enqueue 0.132495 ms)
[03/03/2026-11:07:55] [I] Average on 10 runs - GPU latency: 0.358655 ms - Host latency: 0.358655 ms (enqueue 0.134076 ms)
[03/03/2026-11:07:55] [I] Average on 10 runs - GPU latency: 0.358868 ms - Host latency: 0.358868 ms (enqueue 0.132196 ms)
[03/03/2026-11:07:55] [I] Average on 10 runs - GPU latency: 0.358044 ms - Host latency: 0.358044 ms (enqueue 0.135547 ms)
[03/03/2026-11:07:55] [I] Average on 10 runs - GPU latency: 0.358173 ms - Host latency: 0.358173 ms (enqueue 0.135761 ms)
[03/03/2026-11:07:55] [I] Average on 10 runs - GPU latency: 0.358154 ms - Host latency: 0.358154 ms (enqueue 0.139783 ms)
[03/03/2026-11:07:55] [I] Average on 10 runs - GPU latency: 0.358447 ms - Host latency: 0.358447 ms (enqueue 0.136322 ms)
[03/03/2026-11:07:55] [I] Average on 10 runs - GPU latency: 0.357336 ms - Host latency: 0.357336 ms (enqueue 0.136444 ms)
[03/03/2026-11:07:55] [I] Average on 10 runs - GPU latency: 0.358081 ms - Host latency: 0.358081 ms (enqueue 0.134045 ms)
[03/03/2026-11:07:55] [I] Average on 10 runs - GPU latency: 0.35874 ms - Host latency: 0.35874 ms (enqueue 0.133142 ms)
[03/03/2026-11:07:55] [I] Average on 10 runs - GPU latency: 0.358752 ms - Host latency: 0.358752 ms (enqueue 0.134589 ms)
[03/03/2026-11:07:55] [I] Average on 10 runs - GPU latency: 0.356531 ms - Host latency: 0.356531 ms (enqueue 0.132574 ms)
[03/03/2026-11:07:55] [I] Average on 10 runs - GPU latency: 0.358874 ms - Host latency: 0.358874 ms (enqueue 0.129584 ms)
[03/03/2026-11:07:55] [I] Average on 10 runs - GPU latency: 0.358313 ms - Host latency: 0.358313 ms (enqueue 0.135858 ms)
[03/03/2026-11:07:55] [I] Average on 10 runs - GPU latency: 0.358887 ms - Host latency: 0.358887 ms (enqueue 0.138635 ms)
[03/03/2026-11:07:55] [I] Average on 10 runs - GPU latency: 0.358563 ms - Host latency: 0.358563 ms (enqueue 0.133301 ms)
[03/03/2026-11:07:55] [I] Average on 10 runs - GPU latency: 0.357056 ms - Host latency: 0.357056 ms (enqueue 0.13432 ms)
[03/03/2026-11:07:55] [I] Average on 10 runs - GPU latency: 0.358594 ms - Host latency: 0.358594 ms (enqueue 0.132538 ms)
[03/03/2026-11:07:55] [I] Average on 10 runs - GPU latency: 0.358746 ms - Host latency: 0.358746 ms (enqueue 0.13667 ms)
[03/03/2026-11:07:55] [I] Average on 10 runs - GPU latency: 0.359076 ms - Host latency: 0.359076 ms (enqueue 0.134271 ms)
[03/03/2026-11:07:55] [I] Average on 10 runs - GPU latency: 0.357153 ms - Host latency: 0.357153 ms (enqueue 0.135498 ms)
[03/03/2026-11:07:55] [I] Average on 10 runs - GPU latency: 0.357489 ms - Host latency: 0.357489 ms (enqueue 0.128522 ms)
[03/03/2026-11:07:55] [I] Average on 10 runs - GPU latency: 0.35871 ms - Host latency: 0.35871 ms (enqueue 0.127789 ms)
[03/03/2026-11:07:55] [I] Average on 10 runs - GPU latency: 0.358069 ms - Host latency: 0.358069 ms (enqueue 0.130756 ms)
[03/03/2026-11:07:55] [I] Average on 10 runs - GPU latency: 0.358362 ms - Host latency: 0.358362 ms (enqueue 0.136774 ms)
[03/03/2026-11:07:55] [I] Average on 10 runs - GPU latency: 0.357471 ms - Host latency: 0.357471 ms (enqueue 0.135358 ms)
[03/03/2026-11:07:55] [I] Average on 10 runs - GPU latency: 0.358624 ms - Host latency: 0.358624 ms (enqueue 0.133527 ms)
[03/03/2026-11:07:55] [I] Average on 10 runs - GPU latency: 0.358087 ms - Host latency: 0.358087 ms (enqueue 0.135461 ms)
[03/03/2026-11:07:55] [I] Average on 10 runs - GPU latency: 0.357617 ms - Host latency: 0.357617 ms (enqueue 0.136127 ms)
[03/03/2026-11:07:55] [I] Average on 10 runs - GPU latency: 0.358563 ms - Host latency: 0.358563 ms (enqueue 0.135034 ms)
[03/03/2026-11:07:55] [I] Average on 10 runs - GPU latency: 0.358331 ms - Host latency: 0.358331 ms (enqueue 0.134723 ms)
[03/03/2026-11:07:55] [I] Average on 10 runs - GPU latency: 0.357745 ms - Host latency: 0.357745 ms (enqueue 0.136719 ms)
[03/03/2026-11:07:55] [I] Average on 10 runs - GPU latency: 0.359094 ms - Host latency: 0.359094 ms (enqueue 0.132599 ms)
[03/03/2026-11:07:55] [I] Average on 10 runs - GPU latency: 0.356396 ms - Host latency: 0.356396 ms (enqueue 0.133221 ms)
[03/03/2026-11:07:55] [I] Average on 10 runs - GPU latency: 0.359253 ms - Host latency: 0.359253 ms (enqueue 0.13681 ms)
[03/03/2026-11:07:55] [I] Average on 10 runs - GPU latency: 0.358112 ms - Host latency: 0.358112 ms (enqueue 0.134351 ms)
[03/03/2026-11:07:55] [I] Average on 10 runs - GPU latency: 0.35777 ms - Host latency: 0.35777 ms (enqueue 0.132068 ms)
[03/03/2026-11:07:55] [I] Average on 10 runs - GPU latency: 0.358179 ms - Host latency: 0.358179 ms (enqueue 0.138409 ms)
[03/03/2026-11:07:55] [I] Average on 10 runs - GPU latency: 0.35813 ms - Host latency: 0.35813 ms (enqueue 0.130444 ms)
[03/03/2026-11:07:55] [I] Average on 10 runs - GPU latency: 0.359119 ms - Host latency: 0.359119 ms (enqueue 0.13468 ms)
[03/03/2026-11:07:55] [I] Average on 10 runs - GPU latency: 0.357098 ms - Host latency: 0.357098 ms (enqueue 0.132965 ms)
[03/03/2026-11:07:55] [I] Average on 10 runs - GPU latency: 0.358832 ms - Host latency: 0.358832 ms (enqueue 0.135065 ms)
[03/03/2026-11:07:55] [I] Average on 10 runs - GPU latency: 0.358374 ms - Host latency: 0.358374 ms (enqueue 0.134076 ms)
[03/03/2026-11:07:55] [I] Average on 10 runs - GPU latency: 0.356818 ms - Host latency: 0.356818 ms (enqueue 0.134338 ms)
[03/03/2026-11:07:55] [I] Average on 10 runs - GPU latency: 0.358398 ms - Host latency: 0.358398 ms (enqueue 0.137854 ms)
[03/03/2026-11:07:55] [I] Average on 10 runs - GPU latency: 0.356946 ms - Host latency: 0.356946 ms (enqueue 0.137128 ms)
[03/03/2026-11:07:55] [I] Average on 10 runs - GPU latency: 0.358649 ms - Host latency: 0.358649 ms (enqueue 0.134192 ms)
[03/03/2026-11:07:55] [I] Average on 10 runs - GPU latency: 0.35918 ms - Host latency: 0.35918 ms (enqueue 0.138898 ms)
[03/03/2026-11:07:55] [I] Average on 10 runs - GPU latency: 0.358258 ms - Host latency: 0.358258 ms (enqueue 0.134821 ms)
[03/03/2026-11:07:55] [I] Average on 10 runs - GPU latency: 0.35802 ms - Host latency: 0.35802 ms (enqueue 0.134363 ms)
[03/03/2026-11:07:55] [I] Average on 10 runs - GPU latency: 0.358606 ms - Host latency: 0.358606 ms (enqueue 0.135175 ms)
[03/03/2026-11:07:55] [I] Average on 10 runs - GPU latency: 0.357672 ms - Host latency: 0.357672 ms (enqueue 0.135266 ms)
[03/03/2026-11:07:55] [I] Average on 10 runs - GPU latency: 0.357562 ms - Host latency: 0.357562 ms (enqueue 0.135535 ms)
[03/03/2026-11:07:55] [I] Average on 10 runs - GPU latency: 0.359082 ms - Host latency: 0.359082 ms (enqueue 0.135144 ms)
[03/03/2026-11:07:55] [I] Average on 10 runs - GPU latency: 0.359546 ms - Host latency: 0.359546 ms (enqueue 0.135205 ms)
[03/03/2026-11:07:55] [I] Average on 10 runs - GPU latency: 0.357593 ms - Host latency: 0.357593 ms (enqueue 0.138416 ms)
[03/03/2026-11:07:55] [I] Average on 10 runs - GPU latency: 0.358563 ms - Host latency: 0.358563 ms (enqueue 0.135205 ms)
[03/03/2026-11:07:55] [I] Average on 10 runs - GPU latency: 0.358734 ms - Host latency: 0.358734 ms (enqueue 0.139545 ms)
[03/03/2026-11:07:55] [I] Average on 10 runs - GPU latency: 0.358307 ms - Host latency: 0.358307 ms (enqueue 0.131512 ms)
[03/03/2026-11:07:55] [I] Average on 10 runs - GPU latency: 0.357233 ms - Host latency: 0.357233 ms (enqueue 0.133002 ms)
[03/03/2026-11:07:55] [I] Average on 10 runs - GPU latency: 0.358429 ms - Host latency: 0.358429 ms (enqueue 0.132343 ms)
[03/03/2026-11:07:55] [I] Average on 10 runs - GPU latency: 0.358685 ms - Host latency: 0.358685 ms (enqueue 0.133057 ms)
[03/03/2026-11:07:55] [I] Average on 10 runs - GPU latency: 0.358612 ms - Host latency: 0.358612 ms (enqueue 0.135754 ms)
[03/03/2026-11:07:55] [I] Average on 10 runs - GPU latency: 0.357977 ms - Host latency: 0.357977 ms (enqueue 0.134314 ms)
[03/03/2026-11:07:55] [I] Average on 10 runs - GPU latency: 0.357269 ms - Host latency: 0.357269 ms (enqueue 0.137115 ms)
[03/03/2026-11:07:55] [I] Average on 10 runs - GPU latency: 0.3573 ms - Host latency: 0.3573 ms (enqueue 0.137555 ms)
[03/03/2026-11:07:55] [I] Average on 10 runs - GPU latency: 0.35946 ms - Host latency: 0.35946 ms (enqueue 0.137744 ms)
[03/03/2026-11:07:55] [I] Average on 10 runs - GPU latency: 0.358081 ms - Host latency: 0.358081 ms (enqueue 0.13866 ms)
[03/03/2026-11:07:55] [I] Average on 10 runs - GPU latency: 0.35907 ms - Host latency: 0.35907 ms (enqueue 0.136755 ms)
[03/03/2026-11:07:55] [I] Average on 10 runs - GPU latency: 0.357275 ms - Host latency: 0.357275 ms (enqueue 0.135864 ms)
[03/03/2026-11:07:55] [I] Average on 10 runs - GPU latency: 0.358667 ms - Host latency: 0.358667 ms (enqueue 0.136975 ms)
[03/03/2026-11:07:55] [I] Average on 10 runs - GPU latency: 0.359021 ms - Host latency: 0.359021 ms (enqueue 0.133521 ms)
[03/03/2026-11:07:55] [I] Average on 10 runs - GPU latency: 0.359448 ms - Host latency: 0.359448 ms (enqueue 0.133813 ms)
[03/03/2026-11:07:55] [I] Average on 10 runs - GPU latency: 0.357568 ms - Host latency: 0.357568 ms (enqueue 0.135291 ms)
[03/03/2026-11:07:55] [I] Average on 10 runs - GPU latency: 0.358826 ms - Host latency: 0.358826 ms (enqueue 0.133362 ms)
[03/03/2026-11:07:55] [I] Average on 10 runs - GPU latency: 0.357263 ms - Host latency: 0.357263 ms (enqueue 0.136011 ms)
[03/03/2026-11:07:55] [I] Average on 10 runs - GPU latency: 0.357288 ms - Host latency: 0.357288 ms (enqueue 0.131567 ms)
[03/03/2026-11:07:55] [I] Average on 10 runs - GPU latency: 0.359473 ms - Host latency: 0.359473 ms (enqueue 0.137317 ms)
[03/03/2026-11:07:55] [I] Average on 10 runs - GPU latency: 0.358069 ms - Host latency: 0.358069 ms (enqueue 0.139075 ms)
[03/03/2026-11:07:55] [I] Average on 10 runs - GPU latency: 0.358154 ms - Host latency: 0.358154 ms (enqueue 0.137402 ms)
[03/03/2026-11:07:55] [I] Average on 10 runs - GPU latency: 0.359375 ms - Host latency: 0.359375 ms (enqueue 0.137219 ms)
[03/03/2026-11:07:55] [I] Average on 10 runs - GPU latency: 0.35769 ms - Host latency: 0.35769 ms (enqueue 0.132312 ms)
[03/03/2026-11:07:55] [I] Average on 10 runs - GPU latency: 0.358569 ms - Host latency: 0.358569 ms (enqueue 0.136731 ms)
[03/03/2026-11:07:55] [I] Average on 10 runs - GPU latency: 0.359143 ms - Host latency: 0.359143 ms (enqueue 0.134766 ms)
[03/03/2026-11:07:55] [I] Average on 10 runs - GPU latency: 0.358521 ms - Host latency: 0.358521 ms (enqueue 0.136206 ms)
[03/03/2026-11:07:55] [I] Average on 10 runs - GPU latency: 0.35885 ms - Host latency: 0.35885 ms (enqueue 0.137097 ms)
[03/03/2026-11:07:55] [I] Average on 10 runs - GPU latency: 0.358435 ms - Host latency: 0.358435 ms (enqueue 0.138208 ms)
[03/03/2026-11:07:55] [I] Average on 10 runs - GPU latency: 0.35802 ms - Host latency: 0.35802 ms (enqueue 0.134973 ms)
[03/03/2026-11:07:55] [I] Average on 10 runs - GPU latency: 0.35752 ms - Host latency: 0.35752 ms (enqueue 0.138599 ms)
[03/03/2026-11:07:55] [I] Average on 10 runs - GPU latency: 0.357935 ms - Host latency: 0.357935 ms (enqueue 0.133716 ms)
[03/03/2026-11:07:55] [I] Average on 10 runs - GPU latency: 0.357275 ms - Host latency: 0.357275 ms (enqueue 0.134436 ms)
[03/03/2026-11:07:55] [I] Average on 10 runs - GPU latency: 0.358801 ms - Host latency: 0.358801 ms (enqueue 0.133813 ms)
[03/03/2026-11:07:55] [I] Average on 10 runs - GPU latency: 0.357959 ms - Host latency: 0.357959 ms (enqueue 0.134082 ms)
[03/03/2026-11:07:55] [I] Average on 10 runs - GPU latency: 0.359058 ms - Host latency: 0.359058 ms (enqueue 0.137695 ms)
[03/03/2026-11:07:55] [I] Average on 10 runs - GPU latency: 0.35874 ms - Host latency: 0.35874 ms (enqueue 0.135681 ms)
[03/03/2026-11:07:55] [I] Average on 10 runs - GPU latency: 0.358606 ms - Host latency: 0.358606 ms (enqueue 0.139917 ms)
[03/03/2026-11:07:55] [I] Average on 10 runs - GPU latency: 0.357202 ms - Host latency: 0.357202 ms (enqueue 0.133215 ms)
[03/03/2026-11:07:55] [I] Average on 10 runs - GPU latency: 0.359351 ms - Host latency: 0.359351 ms (enqueue 0.134387 ms)
[03/03/2026-11:07:55] [I] Average on 10 runs - GPU latency: 0.357947 ms - Host latency: 0.357947 ms (enqueue 0.13822 ms)
[03/03/2026-11:07:55] [I] Average on 10 runs - GPU latency: 0.356921 ms - Host latency: 0.356921 ms (enqueue 0.138806 ms)
[03/03/2026-11:07:55] [I] Average on 10 runs - GPU latency: 0.358167 ms - Host latency: 0.358167 ms (enqueue 0.131641 ms)
[03/03/2026-11:07:55] [I] Average on 10 runs - GPU latency: 0.357385 ms - Host latency: 0.357385 ms (enqueue 0.138977 ms)
[03/03/2026-11:07:55] [I] Average on 10 runs - GPU latency: 0.358472 ms - Host latency: 0.358472 ms (enqueue 0.134802 ms)
[03/03/2026-11:07:55] [I] Average on 10 runs - GPU latency: 0.358301 ms - Host latency: 0.358301 ms (enqueue 0.134241 ms)
[03/03/2026-11:07:55] [I] Average on 10 runs - GPU latency: 0.357532 ms - Host latency: 0.357532 ms (enqueue 0.136853 ms)
[03/03/2026-11:07:55] [I] Average on 10 runs - GPU latency: 0.35813 ms - Host latency: 0.35813 ms (enqueue 0.13363 ms)
[03/03/2026-11:07:55] [I] Average on 10 runs - GPU latency: 0.35885 ms - Host latency: 0.35885 ms (enqueue 0.132471 ms)
[03/03/2026-11:07:55] [I] Average on 10 runs - GPU latency: 0.35896 ms - Host latency: 0.35896 ms (enqueue 0.133472 ms)
[03/03/2026-11:07:55] [I] Average on 10 runs - GPU latency: 0.358838 ms - Host latency: 0.358838 ms (enqueue 0.133984 ms)
[03/03/2026-11:07:55] [I] Average on 10 runs - GPU latency: 0.358777 ms - Host latency: 0.358777 ms (enqueue 0.137415 ms)
[03/03/2026-11:07:55] [I] Average on 10 runs - GPU latency: 0.357654 ms - Host latency: 0.357654 ms (enqueue 0.139075 ms)
[03/03/2026-11:07:55] [I] Average on 10 runs - GPU latency: 0.359363 ms - Host latency: 0.359363 ms (enqueue 0.140076 ms)
[03/03/2026-11:07:55] [I] Average on 10 runs - GPU latency: 0.357642 ms - Host latency: 0.357642 ms (enqueue 0.136182 ms)
[03/03/2026-11:07:55] [I] Average on 10 runs - GPU latency: 0.357764 ms - Host latency: 0.357764 ms (enqueue 0.139014 ms)
[03/03/2026-11:07:55] [I] Average on 10 runs - GPU latency: 0.357336 ms - Host latency: 0.357336 ms (enqueue 0.136133 ms)
[03/03/2026-11:07:55] [I] Average on 10 runs - GPU latency: 0.35874 ms - Host latency: 0.35874 ms (enqueue 0.137378 ms)
[03/03/2026-11:07:55] [I] Average on 10 runs - GPU latency: 0.357361 ms - Host latency: 0.357361 ms (enqueue 0.137244 ms)
[03/03/2026-11:07:55] [I] Average on 10 runs - GPU latency: 0.359985 ms - Host latency: 0.359985 ms (enqueue 0.140747 ms)
[03/03/2026-11:07:55] [I] Average on 10 runs - GPU latency: 0.358691 ms - Host latency: 0.358691 ms (enqueue 0.136853 ms)
[03/03/2026-11:07:55] [I] Average on 10 runs - GPU latency: 0.357849 ms - Host latency: 0.357849 ms (enqueue 0.137439 ms)
[03/03/2026-11:07:55] [I] Average on 10 runs - GPU latency: 0.357532 ms - Host latency: 0.357532 ms (enqueue 0.139221 ms)
[03/03/2026-11:07:55] [I] Average on 10 runs - GPU latency: 0.357178 ms - Host latency: 0.357178 ms (enqueue 0.14032 ms)
[03/03/2026-11:07:55] [I] Average on 10 runs - GPU latency: 0.357471 ms - Host latency: 0.357471 ms (enqueue 0.135364 ms)
[03/03/2026-11:07:55] [I] Average on 10 runs - GPU latency: 0.357922 ms - Host latency: 0.357922 ms (enqueue 0.135242 ms)
[03/03/2026-11:07:55] [I] Average on 10 runs - GPU latency: 0.357678 ms - Host latency: 0.357678 ms (enqueue 0.13728 ms)
[03/03/2026-11:07:55] [I] Average on 10 runs - GPU latency: 0.357764 ms - Host latency: 0.357764 ms (enqueue 0.134399 ms)
[03/03/2026-11:07:55] [I] Average on 10 runs - GPU latency: 0.35697 ms - Host latency: 0.35697 ms (enqueue 0.137476 ms)
[03/03/2026-11:07:55] [I] Average on 10 runs - GPU latency: 0.357788 ms - Host latency: 0.357788 ms (enqueue 0.136633 ms)
[03/03/2026-11:07:55] [I] Average on 10 runs - GPU latency: 0.35874 ms - Host latency: 0.35874 ms (enqueue 0.138342 ms)
[03/03/2026-11:07:55] [I] Average on 10 runs - GPU latency: 0.358862 ms - Host latency: 0.358862 ms (enqueue 0.143372 ms)
[03/03/2026-11:07:55] [I] Average on 10 runs - GPU latency: 0.358874 ms - Host latency: 0.358874 ms (enqueue 0.136658 ms)
[03/03/2026-11:07:55] [I] Average on 10 runs - GPU latency: 0.358508 ms - Host latency: 0.358508 ms (enqueue 0.13562 ms)
[03/03/2026-11:07:55] [I] Average on 10 runs - GPU latency: 0.359363 ms - Host latency: 0.359363 ms (enqueue 0.134387 ms)
[03/03/2026-11:07:55] [I] Average on 10 runs - GPU latency: 0.356372 ms - Host latency: 0.356372 ms (enqueue 0.139124 ms)
[03/03/2026-11:07:55] [I] Average on 10 runs - GPU latency: 0.357422 ms - Host latency: 0.357422 ms (enqueue 0.13717 ms)
[03/03/2026-11:07:55] [I] Average on 10 runs - GPU latency: 0.357739 ms - Host latency: 0.357739 ms (enqueue 0.13551 ms)
[03/03/2026-11:07:55] [I] Average on 10 runs - GPU latency: 0.358997 ms - Host latency: 0.358997 ms (enqueue 0.134045 ms)
[03/03/2026-11:07:55] [I] Average on 10 runs - GPU latency: 0.358313 ms - Host latency: 0.358313 ms (enqueue 0.135999 ms)
[03/03/2026-11:07:55] [I] Average on 10 runs - GPU latency: 0.358765 ms - Host latency: 0.358765 ms (enqueue 0.135669 ms)
[03/03/2026-11:07:55] [I] Average on 10 runs - GPU latency: 0.358154 ms - Host latency: 0.358154 ms (enqueue 0.134631 ms)
[03/03/2026-11:07:55] [I] Average on 10 runs - GPU latency: 0.357654 ms - Host latency: 0.357654 ms (enqueue 0.132983 ms)
[03/03/2026-11:07:55] [I] Average on 10 runs - GPU latency: 0.358167 ms - Host latency: 0.358167 ms (enqueue 0.138049 ms)
[03/03/2026-11:07:55] [I] Average on 10 runs - GPU latency: 0.359326 ms - Host latency: 0.359326 ms (enqueue 0.135071 ms)
[03/03/2026-11:07:55] [I] Average on 10 runs - GPU latency: 0.359546 ms - Host latency: 0.359546 ms (enqueue 0.131311 ms)
[03/03/2026-11:07:55] [I] Average on 10 runs - GPU latency: 0.358411 ms - Host latency: 0.358411 ms (enqueue 0.139966 ms)
[03/03/2026-11:07:55] [I] Average on 10 runs - GPU latency: 0.356396 ms - Host latency: 0.356396 ms (enqueue 0.139746 ms)
[03/03/2026-11:07:55] [I] Average on 10 runs - GPU latency: 0.359033 ms - Host latency: 0.359033 ms (enqueue 0.138818 ms)
[03/03/2026-11:07:55] [I] Average on 10 runs - GPU latency: 0.359399 ms - Host latency: 0.359399 ms (enqueue 0.13811 ms)
[03/03/2026-11:07:55] [I] Average on 10 runs - GPU latency: 0.358789 ms - Host latency: 0.358789 ms (enqueue 0.138098 ms)
[03/03/2026-11:07:55] [I] Average on 10 runs - GPU latency: 0.357764 ms - Host latency: 0.357764 ms (enqueue 0.138489 ms)
[03/03/2026-11:07:55] [I] Average on 10 runs - GPU latency: 0.357129 ms - Host latency: 0.357129 ms (enqueue 0.138123 ms)
[03/03/2026-11:07:55] [I] Average on 10 runs - GPU latency: 0.35835 ms - Host latency: 0.35835 ms (enqueue 0.136304 ms)
[03/03/2026-11:07:55] [I] Average on 10 runs - GPU latency: 0.357971 ms - Host latency: 0.357971 ms (enqueue 0.137683 ms)
[03/03/2026-11:07:55] [I] Average on 10 runs - GPU latency: 0.356897 ms - Host latency: 0.356897 ms (enqueue 0.138037 ms)
[03/03/2026-11:07:55] [I] Average on 10 runs - GPU latency: 0.358789 ms - Host latency: 0.358789 ms (enqueue 0.136536 ms)
[03/03/2026-11:07:55] [I] Average on 10 runs - GPU latency: 0.357593 ms - Host latency: 0.357593 ms (enqueue 0.13645 ms)
[03/03/2026-11:07:55] [I] Average on 10 runs - GPU latency: 0.359094 ms - Host latency: 0.359094 ms (enqueue 0.134778 ms)
[03/03/2026-11:07:55] [I] Average on 10 runs - GPU latency: 0.358496 ms - Host latency: 0.358496 ms (enqueue 0.135901 ms)
[03/03/2026-11:07:55] [I] Average on 10 runs - GPU latency: 0.358179 ms - Host latency: 0.358179 ms (enqueue 0.141199 ms)
[03/03/2026-11:07:55] [I] Average on 10 runs - GPU latency: 0.359583 ms - Host latency: 0.359583 ms (enqueue 0.136792 ms)
[03/03/2026-11:07:55] [I] Average on 10 runs - GPU latency: 0.357178 ms - Host latency: 0.357178 ms (enqueue 0.137109 ms)
[03/03/2026-11:07:55] [I] Average on 10 runs - GPU latency: 0.358032 ms - Host latency: 0.358032 ms (enqueue 0.136133 ms)
[03/03/2026-11:07:55] [I] Average on 10 runs - GPU latency: 0.358105 ms - Host latency: 0.358105 ms (enqueue 0.136963 ms)
[03/03/2026-11:07:55] [I] Average on 10 runs - GPU latency: 0.358008 ms - Host latency: 0.358008 ms (enqueue 0.13656 ms)
[03/03/2026-11:07:55] [I] Average on 10 runs - GPU latency: 0.358289 ms - Host latency: 0.358289 ms (enqueue 0.133447 ms)
[03/03/2026-11:07:55] [I] Average on 10 runs - GPU latency: 0.357031 ms - Host latency: 0.357031 ms (enqueue 0.136462 ms)
[03/03/2026-11:07:55] [I] Average on 10 runs - GPU latency: 0.358948 ms - Host latency: 0.358948 ms (enqueue 0.135803 ms)
[03/03/2026-11:07:55] [I] Average on 10 runs - GPU latency: 0.359009 ms - Host latency: 0.359009 ms (enqueue 0.136487 ms)
[03/03/2026-11:07:55] [I] Average on 10 runs - GPU latency: 0.358252 ms - Host latency: 0.358252 ms (enqueue 0.136755 ms)
[03/03/2026-11:07:55] [I] Average on 10 runs - GPU latency: 0.359363 ms - Host latency: 0.359363 ms (enqueue 0.135889 ms)
[03/03/2026-11:07:55] [I] Average on 10 runs - GPU latency: 0.35863 ms - Host latency: 0.35863 ms (enqueue 0.135339 ms)
[03/03/2026-11:07:55] [I] Average on 10 runs - GPU latency: 0.359277 ms - Host latency: 0.359277 ms (enqueue 0.13418 ms)
[03/03/2026-11:07:55] [I] Average on 10 runs - GPU latency: 0.359167 ms - Host latency: 0.359167 ms (enqueue 0.135046 ms)
[03/03/2026-11:07:55] [I] Average on 10 runs - GPU latency: 0.357373 ms - Host latency: 0.357373 ms (enqueue 0.135669 ms)
[03/03/2026-11:07:55] [I] Average on 10 runs - GPU latency: 0.358557 ms - Host latency: 0.358557 ms (enqueue 0.13656 ms)
[03/03/2026-11:07:55] [I] Average on 10 runs - GPU latency: 0.357935 ms - Host latency: 0.357935 ms (enqueue 0.137097 ms)
[03/03/2026-11:07:55] [I] Average on 10 runs - GPU latency: 0.355334 ms - Host latency: 0.355334 ms (enqueue 0.136084 ms)
[03/03/2026-11:07:55] [I] Average on 10 runs - GPU latency: 0.358545 ms - Host latency: 0.358545 ms (enqueue 0.132068 ms)
[03/03/2026-11:07:55] [I] Average on 10 runs - GPU latency: 0.357605 ms - Host latency: 0.357605 ms (enqueue 0.131995 ms)
[03/03/2026-11:07:55] [I] Average on 10 runs - GPU latency: 0.357886 ms - Host latency: 0.357886 ms (enqueue 0.136011 ms)
[03/03/2026-11:07:55] [I] Average on 10 runs - GPU latency: 0.358606 ms - Host latency: 0.358606 ms (enqueue 0.139087 ms)
[03/03/2026-11:07:55] [I] Average on 10 runs - GPU latency: 0.358203 ms - Host latency: 0.358203 ms (enqueue 0.137952 ms)
[03/03/2026-11:07:55] [I] Average on 10 runs - GPU latency: 0.358801 ms - Host latency: 0.358801 ms (enqueue 0.132532 ms)
[03/03/2026-11:07:55] [I] Average on 10 runs - GPU latency: 0.358179 ms - Host latency: 0.358179 ms (enqueue 0.134912 ms)
[03/03/2026-11:07:55] [I] Average on 10 runs - GPU latency: 0.35636 ms - Host latency: 0.35636 ms (enqueue 0.133606 ms)
[03/03/2026-11:07:55] [I] Average on 10 runs - GPU latency: 0.358191 ms - Host latency: 0.358191 ms (enqueue 0.133728 ms)
[03/03/2026-11:07:55] [I] Average on 10 runs - GPU latency: 0.35824 ms - Host latency: 0.35824 ms (enqueue 0.136145 ms)
[03/03/2026-11:07:55] [I] Average on 10 runs - GPU latency: 0.358594 ms - Host latency: 0.358594 ms (enqueue 0.135413 ms)
[03/03/2026-11:07:55] [I] Average on 10 runs - GPU latency: 0.357227 ms - Host latency: 0.357227 ms (enqueue 0.131934 ms)
[03/03/2026-11:07:55] [I] Average on 10 runs - GPU latency: 0.359326 ms - Host latency: 0.359326 ms (enqueue 0.135889 ms)
[03/03/2026-11:07:55] [I] Average on 10 runs - GPU latency: 0.358569 ms - Host latency: 0.358569 ms (enqueue 0.141711 ms)
[03/03/2026-11:07:55] [I] Average on 10 runs - GPU latency: 0.358862 ms - Host latency: 0.358862 ms (enqueue 0.135925 ms)
[03/03/2026-11:07:55] [I] Average on 10 runs - GPU latency: 0.358618 ms - Host latency: 0.358618 ms (enqueue 0.135876 ms)
[03/03/2026-11:07:55] [I] Average on 10 runs - GPU latency: 0.358105 ms - Host latency: 0.358105 ms (enqueue 0.135132 ms)
[03/03/2026-11:07:55] [I] Average on 10 runs - GPU latency: 0.356995 ms - Host latency: 0.356995 ms (enqueue 0.137927 ms)
[03/03/2026-11:07:55] [I] Average on 10 runs - GPU latency: 0.359509 ms - Host latency: 0.359509 ms (enqueue 0.13999 ms)
[03/03/2026-11:07:55] [I] Average on 10 runs - GPU latency: 0.356848 ms - Host latency: 0.356848 ms (enqueue 0.137305 ms)
[03/03/2026-11:07:55] [I] Average on 10 runs - GPU latency: 0.358228 ms - Host latency: 0.358228 ms (enqueue 0.135413 ms)
[03/03/2026-11:07:55] [I] Average on 10 runs - GPU latency: 0.358655 ms - Host latency: 0.358655 ms (enqueue 0.134167 ms)
[03/03/2026-11:07:55] [I] Average on 10 runs - GPU latency: 0.357764 ms - Host latency: 0.357764 ms (enqueue 0.13728 ms)
[03/03/2026-11:07:55] [I] Average on 10 runs - GPU latency: 0.357861 ms - Host latency: 0.357861 ms (enqueue 0.136487 ms)
[03/03/2026-11:07:55] [I] Average on 10 runs - GPU latency: 0.358386 ms - Host latency: 0.358386 ms (enqueue 0.138647 ms)
[03/03/2026-11:07:55] [I] Average on 10 runs - GPU latency: 0.357593 ms - Host latency: 0.357593 ms (enqueue 0.138354 ms)
[03/03/2026-11:07:55] [I] Average on 10 runs - GPU latency: 0.359082 ms - Host latency: 0.359082 ms (enqueue 0.135937 ms)
[03/03/2026-11:07:55] [I] Average on 10 runs - GPU latency: 0.357812 ms - Host latency: 0.357812 ms (enqueue 0.135522 ms)
[03/03/2026-11:07:55] [I] Average on 10 runs - GPU latency: 0.356433 ms - Host latency: 0.356433 ms (enqueue 0.137671 ms)
[03/03/2026-11:07:55] [I] Average on 10 runs - GPU latency: 0.358264 ms - Host latency: 0.358264 ms (enqueue 0.134888 ms)
[03/03/2026-11:07:55] [I] Average on 10 runs - GPU latency: 0.35824 ms - Host latency: 0.35824 ms (enqueue 0.137341 ms)
[03/03/2026-11:07:55] [I] Average on 10 runs - GPU latency: 0.357068 ms - Host latency: 0.357068 ms (enqueue 0.138062 ms)
[03/03/2026-11:07:55] [I] Average on 10 runs - GPU latency: 0.358826 ms - Host latency: 0.358826 ms (enqueue 0.136157 ms)
[03/03/2026-11:07:55] [I] Average on 10 runs - GPU latency: 0.359155 ms - Host latency: 0.359155 ms (enqueue 0.137622 ms)
[03/03/2026-11:07:55] [I] Average on 10 runs - GPU latency: 0.35791 ms - Host latency: 0.35791 ms (enqueue 0.13844 ms)
[03/03/2026-11:07:55] [I] Average on 10 runs - GPU latency: 0.35769 ms - Host latency: 0.35769 ms (enqueue 0.136902 ms)
[03/03/2026-11:07:55] [I] Average on 10 runs - GPU latency: 0.358618 ms - Host latency: 0.358618 ms (enqueue 0.135828 ms)
[03/03/2026-11:07:55] [I] Average on 10 runs - GPU latency: 0.356787 ms - Host latency: 0.356787 ms (enqueue 0.135095 ms)
[03/03/2026-11:07:55] [I] Average on 10 runs - GPU latency: 0.35752 ms - Host latency: 0.35752 ms (enqueue 0.134338 ms)
[03/03/2026-11:07:55] [I] Average on 10 runs - GPU latency: 0.358179 ms - Host latency: 0.358179 ms (enqueue 0.133875 ms)
[03/03/2026-11:07:55] [I] Average on 10 runs - GPU latency: 0.358447 ms - Host latency: 0.358447 ms (enqueue 0.137231 ms)
[03/03/2026-11:07:55] [I] Average on 10 runs - GPU latency: 0.35835 ms - Host latency: 0.35835 ms (enqueue 0.136926 ms)
[03/03/2026-11:07:55] [I] Average on 10 runs - GPU latency: 0.358154 ms - Host latency: 0.358154 ms (enqueue 0.138489 ms)
[03/03/2026-11:07:55] [I] Average on 10 runs - GPU latency: 0.357373 ms - Host latency: 0.357373 ms (enqueue 0.135864 ms)
[03/03/2026-11:07:55] [I] Average on 10 runs - GPU latency: 0.358643 ms - Host latency: 0.358643 ms (enqueue 0.136951 ms)
[03/03/2026-11:07:55] [I] Average on 10 runs - GPU latency: 0.357678 ms - Host latency: 0.357678 ms (enqueue 0.13656 ms)
[03/03/2026-11:07:55] [I] Average on 10 runs - GPU latency: 0.358276 ms - Host latency: 0.358276 ms (enqueue 0.135291 ms)
[03/03/2026-11:07:55] [I] Average on 10 runs - GPU latency: 0.357288 ms - Host latency: 0.357288 ms (enqueue 0.138599 ms)
[03/03/2026-11:07:55] [I] Average on 10 runs - GPU latency: 0.357031 ms - Host latency: 0.357031 ms (enqueue 0.138184 ms)
[03/03/2026-11:07:55] [I] Average on 10 runs - GPU latency: 0.358069 ms - Host latency: 0.358069 ms (enqueue 0.137427 ms)
[03/03/2026-11:07:55] [I] Average on 10 runs - GPU latency: 0.357141 ms - Host latency: 0.357141 ms (enqueue 0.136597 ms)
[03/03/2026-11:07:55] [I] Average on 10 runs - GPU latency: 0.358496 ms - Host latency: 0.358496 ms (enqueue 0.142163 ms)
[03/03/2026-11:07:55] [I] Average on 10 runs - GPU latency: 0.359045 ms - Host latency: 0.359045 ms (enqueue 0.138171 ms)
[03/03/2026-11:07:55] [I] Average on 10 runs - GPU latency: 0.35907 ms - Host latency: 0.35907 ms (enqueue 0.137244 ms)
[03/03/2026-11:07:55] [I] Average on 10 runs - GPU latency: 0.357812 ms - Host latency: 0.357812 ms (enqueue 0.142151 ms)
[03/03/2026-11:07:55] [I] Average on 10 runs - GPU latency: 0.358801 ms - Host latency: 0.358801 ms (enqueue 0.133667 ms)
[03/03/2026-11:07:55] [I] Average on 10 runs - GPU latency: 0.35802 ms - Host latency: 0.35802 ms (enqueue 0.13313 ms)
[03/03/2026-11:07:55] [I] Average on 10 runs - GPU latency: 0.359375 ms - Host latency: 0.359375 ms (enqueue 0.136243 ms)
[03/03/2026-11:07:55] [I] Average on 10 runs - GPU latency: 0.35918 ms - Host latency: 0.35918 ms (enqueue 0.138318 ms)
[03/03/2026-11:07:55] [I] Average on 10 runs - GPU latency: 0.359375 ms - Host latency: 0.359375 ms (enqueue 0.137561 ms)
[03/03/2026-11:07:55] [I] Average on 10 runs - GPU latency: 0.359277 ms - Host latency: 0.359277 ms (enqueue 0.135889 ms)
[03/03/2026-11:07:55] [I] Average on 10 runs - GPU latency: 0.357483 ms - Host latency: 0.357483 ms (enqueue 0.136926 ms)
[03/03/2026-11:07:55] [I] Average on 10 runs - GPU latency: 0.358398 ms - Host latency: 0.358398 ms (enqueue 0.146582 ms)
[03/03/2026-11:07:55] [I] Average on 10 runs - GPU latency: 0.357227 ms - Host latency: 0.357227 ms (enqueue 0.139404 ms)
[03/03/2026-11:07:55] [I] Average on 10 runs - GPU latency: 0.357825 ms - Host latency: 0.357825 ms (enqueue 0.141028 ms)
[03/03/2026-11:07:55] [I] Average on 10 runs - GPU latency: 0.357556 ms - Host latency: 0.357556 ms (enqueue 0.138269 ms)
[03/03/2026-11:07:55] [I] Average on 10 runs - GPU latency: 0.358386 ms - Host latency: 0.358386 ms (enqueue 0.140112 ms)
[03/03/2026-11:07:55] [I] Average on 10 runs - GPU latency: 0.358752 ms - Host latency: 0.358752 ms (enqueue 0.143384 ms)
[03/03/2026-11:07:55] [I] Average on 10 runs - GPU latency: 0.358484 ms - Host latency: 0.358484 ms (enqueue 0.145056 ms)
[03/03/2026-11:07:55] [I] Average on 10 runs - GPU latency: 0.355762 ms - Host latency: 0.355762 ms (enqueue 0.137585 ms)
[03/03/2026-11:07:55] [I] Average on 10 runs - GPU latency: 0.359521 ms - Host latency: 0.359521 ms (enqueue 0.139893 ms)
[03/03/2026-11:07:55] [I] Average on 10 runs - GPU latency: 0.356873 ms - Host latency: 0.356873 ms (enqueue 0.144006 ms)
[03/03/2026-11:07:55] [I] Average on 10 runs - GPU latency: 0.358716 ms - Host latency: 0.358716 ms (enqueue 0.139539 ms)
[03/03/2026-11:07:55] [I] Average on 10 runs - GPU latency: 0.358484 ms - Host latency: 0.358484 ms (enqueue 0.141699 ms)
[03/03/2026-11:07:55] [I] Average on 10 runs - GPU latency: 0.358337 ms - Host latency: 0.358337 ms (enqueue 0.142944 ms)
[03/03/2026-11:07:55] [I] Average on 10 runs - GPU latency: 0.357666 ms - Host latency: 0.357666 ms (enqueue 0.141418 ms)
[03/03/2026-11:07:55] [I] Average on 10 runs - GPU latency: 0.358679 ms - Host latency: 0.358679 ms (enqueue 0.140259 ms)
[03/03/2026-11:07:55] [I] Average on 10 runs - GPU latency: 0.35835 ms - Host latency: 0.35835 ms (enqueue 0.13728 ms)
[03/03/2026-11:07:55] [I] Average on 10 runs - GPU latency: 0.358313 ms - Host latency: 0.358313 ms (enqueue 0.131787 ms)
[03/03/2026-11:07:55] [I] Average on 10 runs - GPU latency: 0.357959 ms - Host latency: 0.357959 ms (enqueue 0.134167 ms)
[03/03/2026-11:07:55] [I] Average on 10 runs - GPU latency: 0.358704 ms - Host latency: 0.358704 ms (enqueue 0.134229 ms)
[03/03/2026-11:07:55] [I] Average on 10 runs - GPU latency: 0.357861 ms - Host latency: 0.357861 ms (enqueue 0.133972 ms)
[03/03/2026-11:07:55] [I] Average on 10 runs - GPU latency: 0.358398 ms - Host latency: 0.358398 ms (enqueue 0.138562 ms)
[03/03/2026-11:07:55] [I] Average on 10 runs - GPU latency: 0.358618 ms - Host latency: 0.358618 ms (enqueue 0.14248 ms)
[03/03/2026-11:07:55] [I] Average on 10 runs - GPU latency: 0.358972 ms - Host latency: 0.358972 ms (enqueue 0.141553 ms)
[03/03/2026-11:07:55] [I] Average on 10 runs - GPU latency: 0.357947 ms - Host latency: 0.357947 ms (enqueue 0.138989 ms)
[03/03/2026-11:07:55] [I] Average on 10 runs - GPU latency: 0.357776 ms - Host latency: 0.357776 ms (enqueue 0.135242 ms)
[03/03/2026-11:07:55] [I] Average on 10 runs - GPU latency: 0.358704 ms - Host latency: 0.358704 ms (enqueue 0.139795 ms)
[03/03/2026-11:07:55] [I] Average on 10 runs - GPU latency: 0.358093 ms - Host latency: 0.358093 ms (enqueue 0.141431 ms)
[03/03/2026-11:07:55] [I] Average on 10 runs - GPU latency: 0.359998 ms - Host latency: 0.359998 ms (enqueue 0.136267 ms)
[03/03/2026-11:07:55] [I] Average on 10 runs - GPU latency: 0.357849 ms - Host latency: 0.357849 ms (enqueue 0.141199 ms)
[03/03/2026-11:07:55] [I] Average on 10 runs - GPU latency: 0.357117 ms - Host latency: 0.357117 ms (enqueue 0.135889 ms)
[03/03/2026-11:07:55] [I] Average on 10 runs - GPU latency: 0.35769 ms - Host latency: 0.35769 ms (enqueue 0.14248 ms)
[03/03/2026-11:07:55] [I] Average on 10 runs - GPU latency: 0.359058 ms - Host latency: 0.359058 ms (enqueue 0.136072 ms)
[03/03/2026-11:07:55] [I] Average on 10 runs - GPU latency: 0.357446 ms - Host latency: 0.357446 ms (enqueue 0.140405 ms)
[03/03/2026-11:07:55] [I] Average on 10 runs - GPU latency: 0.358813 ms - Host latency: 0.358813 ms (enqueue 0.142297 ms)
[03/03/2026-11:07:55] [I] Average on 10 runs - GPU latency: 0.358936 ms - Host latency: 0.358936 ms (enqueue 0.142004 ms)
[03/03/2026-11:07:55] [I] Average on 10 runs - GPU latency: 0.359448 ms - Host latency: 0.359448 ms (enqueue 0.137573 ms)
[03/03/2026-11:07:55] [I] Average on 10 runs - GPU latency: 0.358228 ms - Host latency: 0.358228 ms (enqueue 0.138098 ms)
[03/03/2026-11:07:55] [I] Average on 10 runs - GPU latency: 0.358826 ms - Host latency: 0.358826 ms (enqueue 0.13418 ms)
[03/03/2026-11:07:55] [I] Average on 10 runs - GPU latency: 0.358508 ms - Host latency: 0.358508 ms (enqueue 0.141394 ms)
[03/03/2026-11:07:55] [I] Average on 10 runs - GPU latency: 0.359204 ms - Host latency: 0.359204 ms (enqueue 0.139917 ms)
[03/03/2026-11:07:55] [I] Average on 10 runs - GPU latency: 0.357947 ms - Host latency: 0.357947 ms (enqueue 0.14093 ms)
[03/03/2026-11:07:55] [I] Average on 10 runs - GPU latency: 0.358179 ms - Host latency: 0.358179 ms (enqueue 0.141028 ms)
[03/03/2026-11:07:55] [I] Average on 10 runs - GPU latency: 0.358167 ms - Host latency: 0.358167 ms (enqueue 0.136169 ms)
[03/03/2026-11:07:55] [I] Average on 10 runs - GPU latency: 0.357556 ms - Host latency: 0.357556 ms (enqueue 0.136902 ms)
[03/03/2026-11:07:55] [I] Average on 10 runs - GPU latency: 0.358154 ms - Host latency: 0.358154 ms (enqueue 0.140613 ms)
[03/03/2026-11:07:55] [I] Average on 10 runs - GPU latency: 0.359106 ms - Host latency: 0.359106 ms (enqueue 0.142297 ms)
[03/03/2026-11:07:55] [I] Average on 10 runs - GPU latency: 0.357825 ms - Host latency: 0.357825 ms (enqueue 0.141882 ms)
[03/03/2026-11:07:55] [I] Average on 10 runs - GPU latency: 0.357349 ms - Host latency: 0.357349 ms (enqueue 0.138586 ms)
[03/03/2026-11:07:55] [I] Average on 10 runs - GPU latency: 0.357739 ms - Host latency: 0.357739 ms (enqueue 0.137659 ms)
[03/03/2026-11:07:55] [I] Average on 10 runs - GPU latency: 0.357556 ms - Host latency: 0.357556 ms (enqueue 0.137988 ms)
[03/03/2026-11:07:55] [I] Average on 10 runs - GPU latency: 0.356665 ms - Host latency: 0.356665 ms (enqueue 0.140942 ms)
[03/03/2026-11:07:55] [I] Average on 10 runs - GPU latency: 0.358081 ms - Host latency: 0.358081 ms (enqueue 0.134265 ms)
[03/03/2026-11:07:55] [I] Average on 10 runs - GPU latency: 0.357092 ms - Host latency: 0.357092 ms (enqueue 0.148621 ms)
[03/03/2026-11:07:55] [I] Average on 10 runs - GPU latency: 0.358606 ms - Host latency: 0.358606 ms (enqueue 0.145203 ms)
[03/03/2026-11:07:55] [I] Average on 10 runs - GPU latency: 0.358008 ms - Host latency: 0.358008 ms (enqueue 0.13667 ms)
[03/03/2026-11:07:55] [I] Average on 10 runs - GPU latency: 0.358508 ms - Host latency: 0.358508 ms (enqueue 0.141565 ms)
[03/03/2026-11:07:55] [I] Average on 10 runs - GPU latency: 0.359985 ms - Host latency: 0.359985 ms (enqueue 0.137634 ms)
[03/03/2026-11:07:55] [I] Average on 10 runs - GPU latency: 0.359241 ms - Host latency: 0.359241 ms (enqueue 0.139844 ms)
[03/03/2026-11:07:55] [I] Average on 10 runs - GPU latency: 0.359045 ms - Host latency: 0.359045 ms (enqueue 0.13949 ms)
[03/03/2026-11:07:55] [I] Average on 10 runs - GPU latency: 0.358643 ms - Host latency: 0.358643 ms (enqueue 0.142664 ms)
[03/03/2026-11:07:55] [I] Average on 10 runs - GPU latency: 0.35675 ms - Host latency: 0.35675 ms (enqueue 0.140051 ms)
[03/03/2026-11:07:55] [I] Average on 10 runs - GPU latency: 0.359058 ms - Host latency: 0.359058 ms (enqueue 0.13739 ms)
[03/03/2026-11:07:55] [I] Average on 10 runs - GPU latency: 0.35813 ms - Host latency: 0.35813 ms (enqueue 0.138757 ms)
[03/03/2026-11:07:55] [I] Average on 10 runs - GPU latency: 0.35979 ms - Host latency: 0.35979 ms (enqueue 0.13606 ms)
[03/03/2026-11:07:55] [I] Average on 10 runs - GPU latency: 0.358142 ms - Host latency: 0.358142 ms (enqueue 0.140796 ms)
[03/03/2026-11:07:55] [I] Average on 10 runs - GPU latency: 0.357214 ms - Host latency: 0.357214 ms (enqueue 0.141943 ms)
[03/03/2026-11:07:55] [I] Average on 10 runs - GPU latency: 0.357422 ms - Host latency: 0.357422 ms (enqueue 0.140393 ms)
[03/03/2026-11:07:55] [I] Average on 10 runs - GPU latency: 0.359692 ms - Host latency: 0.359692 ms (enqueue 0.134741 ms)
[03/03/2026-11:07:55] [I] Average on 10 runs - GPU latency: 0.357544 ms - Host latency: 0.357544 ms (enqueue 0.136975 ms)
[03/03/2026-11:07:55] [I] Average on 10 runs - GPU latency: 0.35802 ms - Host latency: 0.35802 ms (enqueue 0.138745 ms)
[03/03/2026-11:07:55] [I] Average on 10 runs - GPU latency: 0.35824 ms - Host latency: 0.35824 ms (enqueue 0.135254 ms)
[03/03/2026-11:07:55] [I] Average on 10 runs - GPU latency: 0.358252 ms - Host latency: 0.358252 ms (enqueue 0.139929 ms)
[03/03/2026-11:07:55] [I] Average on 10 runs - GPU latency: 0.357166 ms - Host latency: 0.357166 ms (enqueue 0.139905 ms)
[03/03/2026-11:07:55] [I] Average on 10 runs - GPU latency: 0.357581 ms - Host latency: 0.357581 ms (enqueue 0.138098 ms)
[03/03/2026-11:07:55] [I] Average on 10 runs - GPU latency: 0.3578 ms - Host latency: 0.3578 ms (enqueue 0.139795 ms)
[03/03/2026-11:07:55] [I] Average on 10 runs - GPU latency: 0.358191 ms - Host latency: 0.358191 ms (enqueue 0.141602 ms)
[03/03/2026-11:07:55] [I] Average on 10 runs - GPU latency: 0.357837 ms - Host latency: 0.357837 ms (enqueue 0.138733 ms)
[03/03/2026-11:07:55] [I] Average on 10 runs - GPU latency: 0.359033 ms - Host latency: 0.359033 ms (enqueue 0.137146 ms)
[03/03/2026-11:07:55] [I] Average on 10 runs - GPU latency: 0.358679 ms - Host latency: 0.358679 ms (enqueue 0.140295 ms)
[03/03/2026-11:07:55] [I] Average on 10 runs - GPU latency: 0.35697 ms - Host latency: 0.35697 ms (enqueue 0.137109 ms)
[03/03/2026-11:07:55] [I] Average on 10 runs - GPU latency: 0.3578 ms - Host latency: 0.3578 ms (enqueue 0.138599 ms)
[03/03/2026-11:07:55] [I] Average on 10 runs - GPU latency: 0.357751 ms - Host latency: 0.357751 ms (enqueue 0.140527 ms)
[03/03/2026-11:07:55] [I] Average on 10 runs - GPU latency: 0.359094 ms - Host latency: 0.359094 ms (enqueue 0.138611 ms)
[03/03/2026-11:07:55] [I] Average on 10 runs - GPU latency: 0.358655 ms - Host latency: 0.358655 ms (enqueue 0.141541 ms)
[03/03/2026-11:07:55] [I] Average on 10 runs - GPU latency: 0.358472 ms - Host latency: 0.358472 ms (enqueue 0.137268 ms)
[03/03/2026-11:07:55] [I] Average on 10 runs - GPU latency: 0.358105 ms - Host latency: 0.358105 ms (enqueue 0.143164 ms)
[03/03/2026-11:07:55] [I] Average on 10 runs - GPU latency: 0.356067 ms - Host latency: 0.356067 ms (enqueue 0.139136 ms)
[03/03/2026-11:07:55] [I] Average on 10 runs - GPU latency: 0.35686 ms - Host latency: 0.35686 ms (enqueue 0.135669 ms)
[03/03/2026-11:07:55] [I] Average on 10 runs - GPU latency: 0.359082 ms - Host latency: 0.359082 ms (enqueue 0.134485 ms)
[03/03/2026-11:07:55] [I] Average on 10 runs - GPU latency: 0.357459 ms - Host latency: 0.357459 ms (enqueue 0.136084 ms)
[03/03/2026-11:07:55] [I] Average on 10 runs - GPU latency: 0.358813 ms - Host latency: 0.358813 ms (enqueue 0.135889 ms)
[03/03/2026-11:07:55] [I] Average on 10 runs - GPU latency: 0.359167 ms - Host latency: 0.359167 ms (enqueue 0.13667 ms)
[03/03/2026-11:07:55] [I] Average on 10 runs - GPU latency: 0.360046 ms - Host latency: 0.360046 ms (enqueue 0.141919 ms)
[03/03/2026-11:07:55] [I] Average on 10 runs - GPU latency: 0.357996 ms - Host latency: 0.357996 ms (enqueue 0.140466 ms)
[03/03/2026-11:07:55] [I] Average on 10 runs - GPU latency: 0.357495 ms - Host latency: 0.357495 ms (enqueue 0.13811 ms)
[03/03/2026-11:07:55] [I] Average on 10 runs - GPU latency: 0.358594 ms - Host latency: 0.358594 ms (enqueue 0.138489 ms)
[03/03/2026-11:07:55] [I] Average on 10 runs - GPU latency: 0.357129 ms - Host latency: 0.357129 ms (enqueue 0.137561 ms)
[03/03/2026-11:07:55] [I] Average on 10 runs - GPU latency: 0.358521 ms - Host latency: 0.358521 ms (enqueue 0.132764 ms)
[03/03/2026-11:07:55] [I] Average on 10 runs - GPU latency: 0.359045 ms - Host latency: 0.359045 ms (enqueue 0.137976 ms)
[03/03/2026-11:07:55] [I] Average on 10 runs - GPU latency: 0.357996 ms - Host latency: 0.357996 ms (enqueue 0.138135 ms)
[03/03/2026-11:07:55] [I] Average on 10 runs - GPU latency: 0.358557 ms - Host latency: 0.358557 ms (enqueue 0.137268 ms)
[03/03/2026-11:07:55] [I] Average on 10 runs - GPU latency: 0.358081 ms - Host latency: 0.358081 ms (enqueue 0.133264 ms)
[03/03/2026-11:07:55] [I] Average on 10 runs - GPU latency: 0.358289 ms - Host latency: 0.358289 ms (enqueue 0.137207 ms)
[03/03/2026-11:07:55] [I] Average on 10 runs - GPU latency: 0.358752 ms - Host latency: 0.358752 ms (enqueue 0.132751 ms)
[03/03/2026-11:07:55] [I] Average on 10 runs - GPU latency: 0.357043 ms - Host latency: 0.357043 ms (enqueue 0.137036 ms)
[03/03/2026-11:07:55] [I] Average on 10 runs - GPU latency: 0.358289 ms - Host latency: 0.358289 ms (enqueue 0.140222 ms)
[03/03/2026-11:07:55] [I] Average on 10 runs - GPU latency: 0.358545 ms - Host latency: 0.358545 ms (enqueue 0.141089 ms)
[03/03/2026-11:07:55] [I] Average on 10 runs - GPU latency: 0.357898 ms - Host latency: 0.357898 ms (enqueue 0.135815 ms)
[03/03/2026-11:07:55] [I] Average on 10 runs - GPU latency: 0.359607 ms - Host latency: 0.359607 ms (enqueue 0.139722 ms)
[03/03/2026-11:07:55] [I] Average on 10 runs - GPU latency: 0.358398 ms - Host latency: 0.358398 ms (enqueue 0.136426 ms)
[03/03/2026-11:07:55] [I] Average on 10 runs - GPU latency: 0.358337 ms - Host latency: 0.358337 ms (enqueue 0.140979 ms)
[03/03/2026-11:07:55] [I] Average on 10 runs - GPU latency: 0.358582 ms - Host latency: 0.358582 ms (enqueue 0.135413 ms)
[03/03/2026-11:07:55] [I] Average on 10 runs - GPU latency: 0.358594 ms - Host latency: 0.358594 ms (enqueue 0.136279 ms)
[03/03/2026-11:07:55] [I] Average on 10 runs - GPU latency: 0.357837 ms - Host latency: 0.357837 ms (enqueue 0.13667 ms)
[03/03/2026-11:07:55] [I] Average on 10 runs - GPU latency: 0.359033 ms - Host latency: 0.359033 ms (enqueue 0.136157 ms)
[03/03/2026-11:07:55] [I] Average on 10 runs - GPU latency: 0.358813 ms - Host latency: 0.358813 ms (enqueue 0.13938 ms)
[03/03/2026-11:07:55] [I] Average on 10 runs - GPU latency: 0.358447 ms - Host latency: 0.358447 ms (enqueue 0.143164 ms)
[03/03/2026-11:07:55] [I] Average on 10 runs - GPU latency: 0.357764 ms - Host latency: 0.357764 ms (enqueue 0.140918 ms)
[03/03/2026-11:07:55] [I] Average on 10 runs - GPU latency: 0.358691 ms - Host latency: 0.358691 ms (enqueue 0.142578 ms)
[03/03/2026-11:07:55] [I] Average on 10 runs - GPU latency: 0.358276 ms - Host latency: 0.358276 ms (enqueue 0.141895 ms)
[03/03/2026-11:07:55] [I] Average on 10 runs - GPU latency: 0.358203 ms - Host latency: 0.358203 ms (enqueue 0.135937 ms)
[03/03/2026-11:07:55] [I] Average on 10 runs - GPU latency: 0.358862 ms - Host latency: 0.358862 ms (enqueue 0.13584 ms)
[03/03/2026-11:07:55] [I] Average on 10 runs - GPU latency: 0.358936 ms - Host latency: 0.358936 ms (enqueue 0.138794 ms)
[03/03/2026-11:07:55] [I] Average on 10 runs - GPU latency: 0.357031 ms - Host latency: 0.357031 ms (enqueue 0.136182 ms)
[03/03/2026-11:07:55] [I] Average on 10 runs - GPU latency: 0.359204 ms - Host latency: 0.359204 ms (enqueue 0.141382 ms)
[03/03/2026-11:07:55] [I] Average on 10 runs - GPU latency: 0.357153 ms - Host latency: 0.357153 ms (enqueue 0.138281 ms)
[03/03/2026-11:07:55] [I] Average on 10 runs - GPU latency: 0.357788 ms - Host latency: 0.357788 ms (enqueue 0.140674 ms)
[03/03/2026-11:07:55] [I] Average on 10 runs - GPU latency: 0.358057 ms - Host latency: 0.358057 ms (enqueue 0.135303 ms)
[03/03/2026-11:07:55] [I] Average on 10 runs - GPU latency: 0.356641 ms - Host latency: 0.356641 ms (enqueue 0.133179 ms)
[03/03/2026-11:07:55] [I] Average on 10 runs - GPU latency: 0.358643 ms - Host latency: 0.358643 ms (enqueue 0.135059 ms)
[03/03/2026-11:07:55] [I] Average on 10 runs - GPU latency: 0.358813 ms - Host latency: 0.358813 ms (enqueue 0.13313 ms)
[03/03/2026-11:07:55] [I] Average on 10 runs - GPU latency: 0.357324 ms - Host latency: 0.357324 ms (enqueue 0.130591 ms)
[03/03/2026-11:07:55] [I] Average on 10 runs - GPU latency: 0.358008 ms - Host latency: 0.358008 ms (enqueue 0.137354 ms)
[03/03/2026-11:07:55] [I] Average on 10 runs - GPU latency: 0.357886 ms - Host latency: 0.357886 ms (enqueue 0.136182 ms)
[03/03/2026-11:07:55] [I] Average on 10 runs - GPU latency: 0.357593 ms - Host latency: 0.357593 ms (enqueue 0.135254 ms)
[03/03/2026-11:07:55] [I] Average on 10 runs - GPU latency: 0.357666 ms - Host latency: 0.357666 ms (enqueue 0.135986 ms)
[03/03/2026-11:07:55] [I] Average on 10 runs - GPU latency: 0.357642 ms - Host latency: 0.357642 ms (enqueue 0.141943 ms)
[03/03/2026-11:07:55] [I] Average on 10 runs - GPU latency: 0.357349 ms - Host latency: 0.357349 ms (enqueue 0.135767 ms)
[03/03/2026-11:07:55] [I] Average on 10 runs - GPU latency: 0.357959 ms - Host latency: 0.357959 ms (enqueue 0.143823 ms)
[03/03/2026-11:07:55] [I] Average on 10 runs - GPU latency: 0.359277 ms - Host latency: 0.359277 ms (enqueue 0.137378 ms)
[03/03/2026-11:07:55] [I] Average on 10 runs - GPU latency: 0.359204 ms - Host latency: 0.359204 ms (enqueue 0.137134 ms)
[03/03/2026-11:07:55] [I] Average on 10 runs - GPU latency: 0.35769 ms - Host latency: 0.35769 ms (enqueue 0.138281 ms)
[03/03/2026-11:07:55] [I] Average on 10 runs - GPU latency: 0.357422 ms - Host latency: 0.357422 ms (enqueue 0.140186 ms)
[03/03/2026-11:07:55] [I] Average on 10 runs - GPU latency: 0.358447 ms - Host latency: 0.358447 ms (enqueue 0.134326 ms)
[03/03/2026-11:07:55] [I] Average on 10 runs - GPU latency: 0.359399 ms - Host latency: 0.359399 ms (enqueue 0.138623 ms)
[03/03/2026-11:07:55] [I] Average on 10 runs - GPU latency: 0.357178 ms - Host latency: 0.357178 ms (enqueue 0.140039 ms)
[03/03/2026-11:07:55] [I] Average on 10 runs - GPU latency: 0.358936 ms - Host latency: 0.358936 ms (enqueue 0.142847 ms)
[03/03/2026-11:07:55] [I] Average on 10 runs - GPU latency: 0.359106 ms - Host latency: 0.359106 ms (enqueue 0.139111 ms)
[03/03/2026-11:07:55] [I] Average on 10 runs - GPU latency: 0.357739 ms - Host latency: 0.357739 ms (enqueue 0.137891 ms)
[03/03/2026-11:07:55] [I] Average on 10 runs - GPU latency: 0.3573 ms - Host latency: 0.3573 ms (enqueue 0.131958 ms)
[03/03/2026-11:07:55] [I] Average on 10 runs - GPU latency: 0.357788 ms - Host latency: 0.357788 ms (enqueue 0.13667 ms)
[03/03/2026-11:07:55] [I] Average on 10 runs - GPU latency: 0.358594 ms - Host latency: 0.358594 ms (enqueue 0.135742 ms)
[03/03/2026-11:07:55] [I] Average on 10 runs - GPU latency: 0.357812 ms - Host latency: 0.357812 ms (enqueue 0.137451 ms)
[03/03/2026-11:07:55] [I] Average on 10 runs - GPU latency: 0.358374 ms - Host latency: 0.358374 ms (enqueue 0.138037 ms)
[03/03/2026-11:07:55] [I] Average on 10 runs - GPU latency: 0.358008 ms - Host latency: 0.358008 ms (enqueue 0.140454 ms)
[03/03/2026-11:07:55] [I] Average on 10 runs - GPU latency: 0.358252 ms - Host latency: 0.358252 ms (enqueue 0.136694 ms)
[03/03/2026-11:07:55] [I] Average on 10 runs - GPU latency: 0.358569 ms - Host latency: 0.358569 ms (enqueue 0.135034 ms)
[03/03/2026-11:07:55] [I] Average on 10 runs - GPU latency: 0.359058 ms - Host latency: 0.359058 ms (enqueue 0.141699 ms)
[03/03/2026-11:07:55] [I] Average on 10 runs - GPU latency: 0.358032 ms - Host latency: 0.358032 ms (enqueue 0.14043 ms)
[03/03/2026-11:07:55] [I] Average on 10 runs - GPU latency: 0.357715 ms - Host latency: 0.357715 ms (enqueue 0.138867 ms)
[03/03/2026-11:07:55] [I] Average on 10 runs - GPU latency: 0.357422 ms - Host latency: 0.357422 ms (enqueue 0.139551 ms)
[03/03/2026-11:07:55] [I] Average on 10 runs - GPU latency: 0.358984 ms - Host latency: 0.358984 ms (enqueue 0.138989 ms)
[03/03/2026-11:07:55] [I] Average on 10 runs - GPU latency: 0.358423 ms - Host latency: 0.358423 ms (enqueue 0.137305 ms)
[03/03/2026-11:07:55] [I] Average on 10 runs - GPU latency: 0.358667 ms - Host latency: 0.358667 ms (enqueue 0.136963 ms)
[03/03/2026-11:07:55] [I] Average on 10 runs - GPU latency: 0.357202 ms - Host latency: 0.357202 ms (enqueue 0.137085 ms)
[03/03/2026-11:07:55] [I] Average on 10 runs - GPU latency: 0.358936 ms - Host latency: 0.358936 ms (enqueue 0.135864 ms)
[03/03/2026-11:07:55] [I] Average on 10 runs - GPU latency: 0.358081 ms - Host latency: 0.358081 ms (enqueue 0.14187 ms)
[03/03/2026-11:07:55] [I] Average on 10 runs - GPU latency: 0.358154 ms - Host latency: 0.358154 ms (enqueue 0.142358 ms)
[03/03/2026-11:07:55] [I] Average on 10 runs - GPU latency: 0.358887 ms - Host latency: 0.358887 ms (enqueue 0.134985 ms)
[03/03/2026-11:07:55] [I] Average on 10 runs - GPU latency: 0.358057 ms - Host latency: 0.358057 ms (enqueue 0.140503 ms)
[03/03/2026-11:07:55] [I] Average on 10 runs - GPU latency: 0.358081 ms - Host latency: 0.358081 ms (enqueue 0.133545 ms)
[03/03/2026-11:07:55] [I] Average on 10 runs - GPU latency: 0.35874 ms - Host latency: 0.35874 ms (enqueue 0.133032 ms)
[03/03/2026-11:07:55] [I] Average on 10 runs - GPU latency: 0.359375 ms - Host latency: 0.359375 ms (enqueue 0.132373 ms)
[03/03/2026-11:07:55] [I] Average on 10 runs - GPU latency: 0.355981 ms - Host latency: 0.355981 ms (enqueue 0.134912 ms)
[03/03/2026-11:07:55] [I] Average on 10 runs - GPU latency: 0.357471 ms - Host latency: 0.357471 ms (enqueue 0.135352 ms)
[03/03/2026-11:07:55] [I] Average on 10 runs - GPU latency: 0.358105 ms - Host latency: 0.358105 ms (enqueue 0.135352 ms)
[03/03/2026-11:07:55] [I] Average on 10 runs - GPU latency: 0.356763 ms - Host latency: 0.356763 ms (enqueue 0.137354 ms)
[03/03/2026-11:07:55] [I] Average on 10 runs - GPU latency: 0.357544 ms - Host latency: 0.357544 ms (enqueue 0.140723 ms)
[03/03/2026-11:07:55] [I] Average on 10 runs - GPU latency: 0.358301 ms - Host latency: 0.358301 ms (enqueue 0.135937 ms)
[03/03/2026-11:07:55] [I] Average on 10 runs - GPU latency: 0.357764 ms - Host latency: 0.357764 ms (enqueue 0.139404 ms)
[03/03/2026-11:07:55] [I] Average on 10 runs - GPU latency: 0.357593 ms - Host latency: 0.357593 ms (enqueue 0.137598 ms)
[03/03/2026-11:07:55] [I] Average on 10 runs - GPU latency: 0.356689 ms - Host latency: 0.356689 ms (enqueue 0.140771 ms)
[03/03/2026-11:07:55] [I] Average on 10 runs - GPU latency: 0.358398 ms - Host latency: 0.358398 ms (enqueue 0.13689 ms)
[03/03/2026-11:07:55] [I] Average on 10 runs - GPU latency: 0.357397 ms - Host latency: 0.357397 ms (enqueue 0.136523 ms)
[03/03/2026-11:07:55] [I] Average on 10 runs - GPU latency: 0.358374 ms - Host latency: 0.358374 ms (enqueue 0.138184 ms)
[03/03/2026-11:07:55] [I] Average on 10 runs - GPU latency: 0.359741 ms - Host latency: 0.359741 ms (enqueue 0.137354 ms)
[03/03/2026-11:07:55] [I] Average on 10 runs - GPU latency: 0.358911 ms - Host latency: 0.358911 ms (enqueue 0.135376 ms)
[03/03/2026-11:07:55] [I] Average on 10 runs - GPU latency: 0.358081 ms - Host latency: 0.358081 ms (enqueue 0.13877 ms)
[03/03/2026-11:07:55] [I] Average on 10 runs - GPU latency: 0.358569 ms - Host latency: 0.358569 ms (enqueue 0.138818 ms)
[03/03/2026-11:07:55] [I] Average on 10 runs - GPU latency: 0.358545 ms - Host latency: 0.358545 ms (enqueue 0.138818 ms)
[03/03/2026-11:07:55] [I] Average on 10 runs - GPU latency: 0.357935 ms - Host latency: 0.357935 ms (enqueue 0.140381 ms)
[03/03/2026-11:07:55] [I] Average on 10 runs - GPU latency: 0.357471 ms - Host latency: 0.357471 ms (enqueue 0.137817 ms)
[03/03/2026-11:07:55] [I] Average on 10 runs - GPU latency: 0.357788 ms - Host latency: 0.357788 ms (enqueue 0.134644 ms)
[03/03/2026-11:07:55] [I] Average on 10 runs - GPU latency: 0.358911 ms - Host latency: 0.358911 ms (enqueue 0.139087 ms)
[03/03/2026-11:07:55] [I] Average on 10 runs - GPU latency: 0.358276 ms - Host latency: 0.358276 ms (enqueue 0.138794 ms)
[03/03/2026-11:07:55] [I] Average on 10 runs - GPU latency: 0.35918 ms - Host latency: 0.35918 ms (enqueue 0.137134 ms)
[03/03/2026-11:07:55] [I] Average on 10 runs - GPU latency: 0.357007 ms - Host latency: 0.357007 ms (enqueue 0.142456 ms)
[03/03/2026-11:07:55] [I] Average on 10 runs - GPU latency: 0.357251 ms - Host latency: 0.357251 ms (enqueue 0.138965 ms)
[03/03/2026-11:07:55] [I] Average on 10 runs - GPU latency: 0.358496 ms - Host latency: 0.358496 ms (enqueue 0.138452 ms)
[03/03/2026-11:07:55] [I] Average on 10 runs - GPU latency: 0.358252 ms - Host latency: 0.358252 ms (enqueue 0.139941 ms)
[03/03/2026-11:07:55] [I] Average on 10 runs - GPU latency: 0.358643 ms - Host latency: 0.358643 ms (enqueue 0.139868 ms)
[03/03/2026-11:07:55] [I] Average on 10 runs - GPU latency: 0.358057 ms - Host latency: 0.358057 ms (enqueue 0.135864 ms)
[03/03/2026-11:07:55] [I] Average on 10 runs - GPU latency: 0.358203 ms - Host latency: 0.358203 ms (enqueue 0.136816 ms)
[03/03/2026-11:07:55] [I] Average on 10 runs - GPU latency: 0.357617 ms - Host latency: 0.357617 ms (enqueue 0.136987 ms)
[03/03/2026-11:07:55] [I] Average on 10 runs - GPU latency: 0.356519 ms - Host latency: 0.356519 ms (enqueue 0.137305 ms)
[03/03/2026-11:07:55] [I] Average on 10 runs - GPU latency: 0.357129 ms - Host latency: 0.357129 ms (enqueue 0.137622 ms)
[03/03/2026-11:07:55] [I] Average on 10 runs - GPU latency: 0.357764 ms - Host latency: 0.357764 ms (enqueue 0.138574 ms)
[03/03/2026-11:07:55] [I] Average on 10 runs - GPU latency: 0.358179 ms - Host latency: 0.358179 ms (enqueue 0.134253 ms)
[03/03/2026-11:07:55] [I] Average on 10 runs - GPU latency: 0.358423 ms - Host latency: 0.358423 ms (enqueue 0.133594 ms)
[03/03/2026-11:07:55] [I] Average on 10 runs - GPU latency: 0.357812 ms - Host latency: 0.357812 ms (enqueue 0.132568 ms)
[03/03/2026-11:07:55] [I] Average on 10 runs - GPU latency: 0.358936 ms - Host latency: 0.358936 ms (enqueue 0.138452 ms)
[03/03/2026-11:07:55] [I] Average on 10 runs - GPU latency: 0.358423 ms - Host latency: 0.358423 ms (enqueue 0.135034 ms)
[03/03/2026-11:07:55] [I] Average on 10 runs - GPU latency: 0.35874 ms - Host latency: 0.35874 ms (enqueue 0.137817 ms)
[03/03/2026-11:07:55] [I] Average on 10 runs - GPU latency: 0.358301 ms - Host latency: 0.358301 ms (enqueue 0.132349 ms)
[03/03/2026-11:07:55] [I] Average on 10 runs - GPU latency: 0.358301 ms - Host latency: 0.358301 ms (enqueue 0.138013 ms)
[03/03/2026-11:07:55] [I] Average on 10 runs - GPU latency: 0.357666 ms - Host latency: 0.357666 ms (enqueue 0.139233 ms)
[03/03/2026-11:07:55] [I] Average on 10 runs - GPU latency: 0.358252 ms - Host latency: 0.358252 ms (enqueue 0.137646 ms)
[03/03/2026-11:07:55] [I] Average on 10 runs - GPU latency: 0.359204 ms - Host latency: 0.359204 ms (enqueue 0.135498 ms)
[03/03/2026-11:07:55] [I] Average on 10 runs - GPU latency: 0.356934 ms - Host latency: 0.356934 ms (enqueue 0.13689 ms)
[03/03/2026-11:07:55] [I] Average on 10 runs - GPU latency: 0.358154 ms - Host latency: 0.358154 ms (enqueue 0.133521 ms)
[03/03/2026-11:07:55] [I] Average on 10 runs - GPU latency: 0.35835 ms - Host latency: 0.35835 ms (enqueue 0.14165 ms)
[03/03/2026-11:07:55] [I] Average on 10 runs - GPU latency: 0.357471 ms - Host latency: 0.357471 ms (enqueue 0.139844 ms)
[03/03/2026-11:07:55] [I] Average on 10 runs - GPU latency: 0.359204 ms - Host latency: 0.359204 ms (enqueue 0.141772 ms)
[03/03/2026-11:07:55] [I] Average on 10 runs - GPU latency: 0.358301 ms - Host latency: 0.358301 ms (enqueue 0.129761 ms)
[03/03/2026-11:07:55] [I] Average on 10 runs - GPU latency: 0.359546 ms - Host latency: 0.359546 ms (enqueue 0.135913 ms)
[03/03/2026-11:07:55] [I] Average on 10 runs - GPU latency: 0.357568 ms - Host latency: 0.357568 ms (enqueue 0.137036 ms)
[03/03/2026-11:07:55] [I] Average on 10 runs - GPU latency: 0.358179 ms - Host latency: 0.358179 ms (enqueue 0.137305 ms)
[03/03/2026-11:07:55] [I] Average on 10 runs - GPU latency: 0.359033 ms - Host latency: 0.359033 ms (enqueue 0.137695 ms)
[03/03/2026-11:07:55] [I] Average on 10 runs - GPU latency: 0.357715 ms - Host latency: 0.357715 ms (enqueue 0.139111 ms)
[03/03/2026-11:07:55] [I] Average on 10 runs - GPU latency: 0.358862 ms - Host latency: 0.358862 ms (enqueue 0.139819 ms)
[03/03/2026-11:07:55] [I] Average on 10 runs - GPU latency: 0.357324 ms - Host latency: 0.357324 ms (enqueue 0.137695 ms)
[03/03/2026-11:07:55] [I] Average on 10 runs - GPU latency: 0.357935 ms - Host latency: 0.357935 ms (enqueue 0.137451 ms)
[03/03/2026-11:07:55] [I] Average on 10 runs - GPU latency: 0.359326 ms - Host latency: 0.359326 ms (enqueue 0.136963 ms)
[03/03/2026-11:07:55] [I] Average on 10 runs - GPU latency: 0.358228 ms - Host latency: 0.358228 ms (enqueue 0.138208 ms)
[03/03/2026-11:07:55] [I] Average on 10 runs - GPU latency: 0.359961 ms - Host latency: 0.359961 ms (enqueue 0.135327 ms)
[03/03/2026-11:07:55] [I] Average on 10 runs - GPU latency: 0.35769 ms - Host latency: 0.35769 ms (enqueue 0.136084 ms)
[03/03/2026-11:07:55] [I] Average on 10 runs - GPU latency: 0.357739 ms - Host latency: 0.357739 ms (enqueue 0.138208 ms)
[03/03/2026-11:07:55] [I] Average on 10 runs - GPU latency: 0.357227 ms - Host latency: 0.357227 ms (enqueue 0.141602 ms)
[03/03/2026-11:07:55] [I] Average on 10 runs - GPU latency: 0.358032 ms - Host latency: 0.358032 ms (enqueue 0.140894 ms)
[03/03/2026-11:07:55] [I] Average on 10 runs - GPU latency: 0.358813 ms - Host latency: 0.358813 ms (enqueue 0.141113 ms)
[03/03/2026-11:07:55] [I] Average on 10 runs - GPU latency: 0.358984 ms - Host latency: 0.358984 ms (enqueue 0.140552 ms)
[03/03/2026-11:07:55] [I] Average on 10 runs - GPU latency: 0.359058 ms - Host latency: 0.359058 ms (enqueue 0.134888 ms)
[03/03/2026-11:07:55] [I] Average on 10 runs - GPU latency: 0.358105 ms - Host latency: 0.358105 ms (enqueue 0.13728 ms)
[03/03/2026-11:07:55] [I] Average on 10 runs - GPU latency: 0.357861 ms - Host latency: 0.357861 ms (enqueue 0.135083 ms)
[03/03/2026-11:07:55] [I] Average on 10 runs - GPU latency: 0.35708 ms - Host latency: 0.35708 ms (enqueue 0.134985 ms)
[03/03/2026-11:07:55] [I] Average on 10 runs - GPU latency: 0.357617 ms - Host latency: 0.357617 ms (enqueue 0.135059 ms)
[03/03/2026-11:07:55] [I] Average on 10 runs - GPU latency: 0.357788 ms - Host latency: 0.357788 ms (enqueue 0.136157 ms)
[03/03/2026-11:07:55] [I] Average on 10 runs - GPU latency: 0.357983 ms - Host latency: 0.357983 ms (enqueue 0.141138 ms)
[03/03/2026-11:07:55] [I] Average on 10 runs - GPU latency: 0.357373 ms - Host latency: 0.357373 ms (enqueue 0.141577 ms)
[03/03/2026-11:07:55] [I] Average on 10 runs - GPU latency: 0.357837 ms - Host latency: 0.357837 ms (enqueue 0.14187 ms)
[03/03/2026-11:07:55] [I] Average on 10 runs - GPU latency: 0.359229 ms - Host latency: 0.359229 ms (enqueue 0.135889 ms)
[03/03/2026-11:07:55] [I] Average on 10 runs - GPU latency: 0.35896 ms - Host latency: 0.35896 ms (enqueue 0.137866 ms)
[03/03/2026-11:07:55] [I] Average on 10 runs - GPU latency: 0.358887 ms - Host latency: 0.358887 ms (enqueue 0.135034 ms)
[03/03/2026-11:07:55] [I] Average on 10 runs - GPU latency: 0.358447 ms - Host latency: 0.358447 ms (enqueue 0.134155 ms)
[03/03/2026-11:07:55] [I] Average on 10 runs - GPU latency: 0.358716 ms - Host latency: 0.358716 ms (enqueue 0.133203 ms)
[03/03/2026-11:07:55] [I] Average on 10 runs - GPU latency: 0.357178 ms - Host latency: 0.357178 ms (enqueue 0.135889 ms)
[03/03/2026-11:07:55] [I] Average on 10 runs - GPU latency: 0.358691 ms - Host latency: 0.358691 ms (enqueue 0.135107 ms)
[03/03/2026-11:07:55] [I] Average on 10 runs - GPU latency: 0.358008 ms - Host latency: 0.358008 ms (enqueue 0.13645 ms)
[03/03/2026-11:07:55] [I] Average on 10 runs - GPU latency: 0.357983 ms - Host latency: 0.357983 ms (enqueue 0.13772 ms)
[03/03/2026-11:07:55] [I] Average on 10 runs - GPU latency: 0.357007 ms - Host latency: 0.357007 ms (enqueue 0.140356 ms)
[03/03/2026-11:07:55] [I] Average on 10 runs - GPU latency: 0.3573 ms - Host latency: 0.3573 ms (enqueue 0.141016 ms)
[03/03/2026-11:07:55] [I] Average on 10 runs - GPU latency: 0.359839 ms - Host latency: 0.359839 ms (enqueue 0.136279 ms)
[03/03/2026-11:07:55] [I] Average on 10 runs - GPU latency: 0.357251 ms - Host latency: 0.357251 ms (enqueue 0.136963 ms)
[03/03/2026-11:07:55] [I] Average on 10 runs - GPU latency: 0.359521 ms - Host latency: 0.359521 ms (enqueue 0.140479 ms)
[03/03/2026-11:07:55] [I] Average on 10 runs - GPU latency: 0.357739 ms - Host latency: 0.357739 ms (enqueue 0.138281 ms)
[03/03/2026-11:07:55] [I] Average on 10 runs - GPU latency: 0.358545 ms - Host latency: 0.358545 ms (enqueue 0.14126 ms)
[03/03/2026-11:07:55] [I] Average on 10 runs - GPU latency: 0.360742 ms - Host latency: 0.360742 ms (enqueue 0.139771 ms)
[03/03/2026-11:07:55] [I] Average on 10 runs - GPU latency: 0.35835 ms - Host latency: 0.35835 ms (enqueue 0.133716 ms)
[03/03/2026-11:07:55] [I] Average on 10 runs - GPU latency: 0.358252 ms - Host latency: 0.358252 ms (enqueue 0.13811 ms)
[03/03/2026-11:07:55] [I] Average on 10 runs - GPU latency: 0.357275 ms - Host latency: 0.357275 ms (enqueue 0.138477 ms)
[03/03/2026-11:07:55] [I] Average on 10 runs - GPU latency: 0.35835 ms - Host latency: 0.35835 ms (enqueue 0.141846 ms)
[03/03/2026-11:07:55] [I] Average on 10 runs - GPU latency: 0.358301 ms - Host latency: 0.358301 ms (enqueue 0.139966 ms)
[03/03/2026-11:07:55] [I] Average on 10 runs - GPU latency: 0.358398 ms - Host latency: 0.358398 ms (enqueue 0.135498 ms)
[03/03/2026-11:07:55] [I] Average on 10 runs - GPU latency: 0.35791 ms - Host latency: 0.35791 ms (enqueue 0.134937 ms)
[03/03/2026-11:07:55] [I] Average on 10 runs - GPU latency: 0.358398 ms - Host latency: 0.358398 ms (enqueue 0.137988 ms)
[03/03/2026-11:07:55] [I] Average on 10 runs - GPU latency: 0.357617 ms - Host latency: 0.357617 ms (enqueue 0.13689 ms)
[03/03/2026-11:07:55] [I] Average on 10 runs - GPU latency: 0.358276 ms - Host latency: 0.358276 ms (enqueue 0.135596 ms)
[03/03/2026-11:07:55] [I] Average on 10 runs - GPU latency: 0.358228 ms - Host latency: 0.358228 ms (enqueue 0.133374 ms)
[03/03/2026-11:07:55] [I] Average on 10 runs - GPU latency: 0.359155 ms - Host latency: 0.359155 ms (enqueue 0.138672 ms)
[03/03/2026-11:07:55] [I] Average on 10 runs - GPU latency: 0.35769 ms - Host latency: 0.35769 ms (enqueue 0.140381 ms)
[03/03/2026-11:07:55] [I] Average on 10 runs - GPU latency: 0.358374 ms - Host latency: 0.358374 ms (enqueue 0.143213 ms)
[03/03/2026-11:07:55] [I] Average on 10 runs - GPU latency: 0.358154 ms - Host latency: 0.358154 ms (enqueue 0.142749 ms)
[03/03/2026-11:07:55] [I] Average on 10 runs - GPU latency: 0.357446 ms - Host latency: 0.357446 ms (enqueue 0.135913 ms)
[03/03/2026-11:07:55] [I] Average on 10 runs - GPU latency: 0.355835 ms - Host latency: 0.355835 ms (enqueue 0.137671 ms)
[03/03/2026-11:07:55] [I] Average on 10 runs - GPU latency: 0.357104 ms - Host latency: 0.357104 ms (enqueue 0.134229 ms)
[03/03/2026-11:07:55] [I] Average on 10 runs - GPU latency: 0.357446 ms - Host latency: 0.357446 ms (enqueue 0.135962 ms)
[03/03/2026-11:07:55] [I] Average on 10 runs - GPU latency: 0.35896 ms - Host latency: 0.35896 ms (enqueue 0.138623 ms)
[03/03/2026-11:07:55] [I] Average on 10 runs - GPU latency: 0.358813 ms - Host latency: 0.358813 ms (enqueue 0.139575 ms)
[03/03/2026-11:07:55] [I] Average on 10 runs - GPU latency: 0.358545 ms - Host latency: 0.358545 ms (enqueue 0.140942 ms)
[03/03/2026-11:07:55] [I] Average on 10 runs - GPU latency: 0.35918 ms - Host latency: 0.35918 ms (enqueue 0.138574 ms)
[03/03/2026-11:07:55] [I] Average on 10 runs - GPU latency: 0.357007 ms - Host latency: 0.357007 ms (enqueue 0.138013 ms)
[03/03/2026-11:07:55] [I] Average on 10 runs - GPU latency: 0.358911 ms - Host latency: 0.358911 ms (enqueue 0.136621 ms)
[03/03/2026-11:07:55] [I] Average on 10 runs - GPU latency: 0.357642 ms - Host latency: 0.357642 ms (enqueue 0.133838 ms)
[03/03/2026-11:07:55] [I] Average on 10 runs - GPU latency: 0.358252 ms - Host latency: 0.358252 ms (enqueue 0.135132 ms)
[03/03/2026-11:07:55] [I] Average on 10 runs - GPU latency: 0.35791 ms - Host latency: 0.35791 ms (enqueue 0.136328 ms)
[03/03/2026-11:07:55] [I] Average on 10 runs - GPU latency: 0.358911 ms - Host latency: 0.358911 ms (enqueue 0.133911 ms)
[03/03/2026-11:07:55] [I] Average on 10 runs - GPU latency: 0.357178 ms - Host latency: 0.357178 ms (enqueue 0.137378 ms)
[03/03/2026-11:07:55] [I] Average on 10 runs - GPU latency: 0.358032 ms - Host latency: 0.358032 ms (enqueue 0.135352 ms)
[03/03/2026-11:07:55] [I] Average on 10 runs - GPU latency: 0.359863 ms - Host latency: 0.359863 ms (enqueue 0.135962 ms)
[03/03/2026-11:07:55] [I] Average on 10 runs - GPU latency: 0.35896 ms - Host latency: 0.35896 ms (enqueue 0.1396 ms)
[03/03/2026-11:07:55] [I] Average on 10 runs - GPU latency: 0.358374 ms - Host latency: 0.358374 ms (enqueue 0.13877 ms)
[03/03/2026-11:07:55] [I] Average on 10 runs - GPU latency: 0.358154 ms - Host latency: 0.358154 ms (enqueue 0.139941 ms)
[03/03/2026-11:07:55] [I] Average on 10 runs - GPU latency: 0.357446 ms - Host latency: 0.357446 ms (enqueue 0.135107 ms)
[03/03/2026-11:07:55] [I] Average on 10 runs - GPU latency: 0.358203 ms - Host latency: 0.358203 ms (enqueue 0.133691 ms)
[03/03/2026-11:07:55] [I] Average on 10 runs - GPU latency: 0.358057 ms - Host latency: 0.358057 ms (enqueue 0.134424 ms)
[03/03/2026-11:07:55] [I] Average on 10 runs - GPU latency: 0.359888 ms - Host latency: 0.359888 ms (enqueue 0.134424 ms)
[03/03/2026-11:07:55] [I] Average on 10 runs - GPU latency: 0.358081 ms - Host latency: 0.358081 ms (enqueue 0.135181 ms)
[03/03/2026-11:07:55] [I] Average on 10 runs - GPU latency: 0.358423 ms - Host latency: 0.358423 ms (enqueue 0.13916 ms)
[03/03/2026-11:07:55] [I] Average on 10 runs - GPU latency: 0.357764 ms - Host latency: 0.357764 ms (enqueue 0.138379 ms)
[03/03/2026-11:07:55] [I] Average on 10 runs - GPU latency: 0.358447 ms - Host latency: 0.358447 ms (enqueue 0.134375 ms)
[03/03/2026-11:07:55] [I] Average on 10 runs - GPU latency: 0.358765 ms - Host latency: 0.358765 ms (enqueue 0.141919 ms)
[03/03/2026-11:07:55] [I] Average on 10 runs - GPU latency: 0.358057 ms - Host latency: 0.358057 ms (enqueue 0.137842 ms)
[03/03/2026-11:07:55] [I] Average on 10 runs - GPU latency: 0.358057 ms - Host latency: 0.358057 ms (enqueue 0.13938 ms)
[03/03/2026-11:07:55] [I] Average on 10 runs - GPU latency: 0.358228 ms - Host latency: 0.358228 ms (enqueue 0.138696 ms)
[03/03/2026-11:07:55] [I] Average on 10 runs - GPU latency: 0.359473 ms - Host latency: 0.359473 ms (enqueue 0.137476 ms)
[03/03/2026-11:07:55] [I] Average on 10 runs - GPU latency: 0.35708 ms - Host latency: 0.35708 ms (enqueue 0.140967 ms)
[03/03/2026-11:07:55] [I] Average on 10 runs - GPU latency: 0.35752 ms - Host latency: 0.35752 ms (enqueue 0.13584 ms)
[03/03/2026-11:07:55] [I] Average on 10 runs - GPU latency: 0.357788 ms - Host latency: 0.357788 ms (enqueue 0.133716 ms)
[03/03/2026-11:07:55] [I] Average on 10 runs - GPU latency: 0.357935 ms - Host latency: 0.357935 ms (enqueue 0.136963 ms)
[03/03/2026-11:07:55] [I] Average on 10 runs - GPU latency: 0.357568 ms - Host latency: 0.357568 ms (enqueue 0.137402 ms)
[03/03/2026-11:07:55] [I] Average on 10 runs - GPU latency: 0.357324 ms - Host latency: 0.357324 ms (enqueue 0.13562 ms)
[03/03/2026-11:07:55] [I] Average on 10 runs - GPU latency: 0.358008 ms - Host latency: 0.358008 ms (enqueue 0.13728 ms)
[03/03/2026-11:07:55] [I] Average on 10 runs - GPU latency: 0.35752 ms - Host latency: 0.35752 ms (enqueue 0.139307 ms)
[03/03/2026-11:07:55] [I] Average on 10 runs - GPU latency: 0.357861 ms - Host latency: 0.357861 ms (enqueue 0.132764 ms)
[03/03/2026-11:07:55] [I] Average on 10 runs - GPU latency: 0.359473 ms - Host latency: 0.359473 ms (enqueue 0.139453 ms)
[03/03/2026-11:07:55] [I] Average on 10 runs - GPU latency: 0.357617 ms - Host latency: 0.357617 ms (enqueue 0.138477 ms)
[03/03/2026-11:07:55] [I] Average on 10 runs - GPU latency: 0.359863 ms - Host latency: 0.359863 ms (enqueue 0.138013 ms)
[03/03/2026-11:07:55] [I] Average on 10 runs - GPU latency: 0.3573 ms - Host latency: 0.3573 ms (enqueue 0.137793 ms)
[03/03/2026-11:07:55] [I] Average on 10 runs - GPU latency: 0.358008 ms - Host latency: 0.358008 ms (enqueue 0.136035 ms)
[03/03/2026-11:07:55] [I] Average on 10 runs - GPU latency: 0.358643 ms - Host latency: 0.358643 ms (enqueue 0.134229 ms)
[03/03/2026-11:07:55] [I] Average on 10 runs - GPU latency: 0.358984 ms - Host latency: 0.358984 ms (enqueue 0.139111 ms)
[03/03/2026-11:07:55] [I] Average on 10 runs - GPU latency: 0.358423 ms - Host latency: 0.358423 ms (enqueue 0.135059 ms)
[03/03/2026-11:07:55] [I] Average on 10 runs - GPU latency: 0.358569 ms - Host latency: 0.358569 ms (enqueue 0.140234 ms)
[03/03/2026-11:07:55] [I] Average on 10 runs - GPU latency: 0.357349 ms - Host latency: 0.357349 ms (enqueue 0.135889 ms)
[03/03/2026-11:07:55] [I] Average on 10 runs - GPU latency: 0.357642 ms - Host latency: 0.357642 ms (enqueue 0.135718 ms)
[03/03/2026-11:07:55] [I] Average on 10 runs - GPU latency: 0.356787 ms - Host latency: 0.356787 ms (enqueue 0.138501 ms)
[03/03/2026-11:07:55] [I] Average on 10 runs - GPU latency: 0.359009 ms - Host latency: 0.359009 ms (enqueue 0.137573 ms)
[03/03/2026-11:07:55] [I] Average on 10 runs - GPU latency: 0.357837 ms - Host latency: 0.357837 ms (enqueue 0.137427 ms)
[03/03/2026-11:07:55] [I] Average on 10 runs - GPU latency: 0.35791 ms - Host latency: 0.35791 ms (enqueue 0.135474 ms)
[03/03/2026-11:07:55] [I] Average on 10 runs - GPU latency: 0.357959 ms - Host latency: 0.357959 ms (enqueue 0.138647 ms)
[03/03/2026-11:07:55] [I] Average on 10 runs - GPU latency: 0.358228 ms - Host latency: 0.358228 ms (enqueue 0.141943 ms)
[03/03/2026-11:07:55] [I] Average on 10 runs - GPU latency: 0.358594 ms - Host latency: 0.358594 ms (enqueue 0.13667 ms)
[03/03/2026-11:07:55] [I] Average on 10 runs - GPU latency: 0.357544 ms - Host latency: 0.357544 ms (enqueue 0.13269 ms)
[03/03/2026-11:07:55] [I] Average on 10 runs - GPU latency: 0.358716 ms - Host latency: 0.358716 ms (enqueue 0.133398 ms)
[03/03/2026-11:07:55] [I] Average on 10 runs - GPU latency: 0.358643 ms - Host latency: 0.358643 ms (enqueue 0.138159 ms)
[03/03/2026-11:07:55] [I] Average on 10 runs - GPU latency: 0.358789 ms - Host latency: 0.358789 ms (enqueue 0.133594 ms)
[03/03/2026-11:07:55] [I] Average on 10 runs - GPU latency: 0.357935 ms - Host latency: 0.357935 ms (enqueue 0.134399 ms)
[03/03/2026-11:07:55] [I] Average on 10 runs - GPU latency: 0.356689 ms - Host latency: 0.356689 ms (enqueue 0.134668 ms)
[03/03/2026-11:07:55] [I] Average on 10 runs - GPU latency: 0.358643 ms - Host latency: 0.358643 ms (enqueue 0.132861 ms)
[03/03/2026-11:07:55] [I] Average on 10 runs - GPU latency: 0.359058 ms - Host latency: 0.359058 ms (enqueue 0.135742 ms)
[03/03/2026-11:07:55] [I] Average on 10 runs - GPU latency: 0.359131 ms - Host latency: 0.359131 ms (enqueue 0.138818 ms)
[03/03/2026-11:07:55] [I] Average on 10 runs - GPU latency: 0.358057 ms - Host latency: 0.358057 ms (enqueue 0.140112 ms)
[03/03/2026-11:07:55] [I] Average on 10 runs - GPU latency: 0.358765 ms - Host latency: 0.358765 ms (enqueue 0.139258 ms)
[03/03/2026-11:07:55] [I] Average on 10 runs - GPU latency: 0.35708 ms - Host latency: 0.35708 ms (enqueue 0.138696 ms)
[03/03/2026-11:07:55] [I] Average on 10 runs - GPU latency: 0.358691 ms - Host latency: 0.358691 ms (enqueue 0.134351 ms)
[03/03/2026-11:07:55] [I] Average on 10 runs - GPU latency: 0.357959 ms - Host latency: 0.357959 ms (enqueue 0.137671 ms)
[03/03/2026-11:07:55] [I] Average on 10 runs - GPU latency: 0.358496 ms - Host latency: 0.358496 ms (enqueue 0.135498 ms)
[03/03/2026-11:07:55] [I] Average on 10 runs - GPU latency: 0.358643 ms - Host latency: 0.358643 ms (enqueue 0.133154 ms)
[03/03/2026-11:07:55] [I] Average on 10 runs - GPU latency: 0.357642 ms - Host latency: 0.357642 ms (enqueue 0.13623 ms)
[03/03/2026-11:07:55] [I] Average on 10 runs - GPU latency: 0.357227 ms - Host latency: 0.357227 ms (enqueue 0.14043 ms)
[03/03/2026-11:07:55] [I] Average on 10 runs - GPU latency: 0.357666 ms - Host latency: 0.357666 ms (enqueue 0.138696 ms)
[03/03/2026-11:07:55] [I] Average on 10 runs - GPU latency: 0.356665 ms - Host latency: 0.356665 ms (enqueue 0.141772 ms)
[03/03/2026-11:07:55] [I] Average on 10 runs - GPU latency: 0.357935 ms - Host latency: 0.357935 ms (enqueue 0.134424 ms)
[03/03/2026-11:07:55] [I] Average on 10 runs - GPU latency: 0.35769 ms - Host latency: 0.35769 ms (enqueue 0.134033 ms)
[03/03/2026-11:07:55] [I] Average on 10 runs - GPU latency: 0.357593 ms - Host latency: 0.357593 ms (enqueue 0.136621 ms)
[03/03/2026-11:07:55] [I] Average on 10 runs - GPU latency: 0.358765 ms - Host latency: 0.358765 ms (enqueue 0.135254 ms)
[03/03/2026-11:07:55] [I] Average on 10 runs - GPU latency: 0.358423 ms - Host latency: 0.358423 ms (enqueue 0.134448 ms)
[03/03/2026-11:07:55] [I] Average on 10 runs - GPU latency: 0.358838 ms - Host latency: 0.358838 ms (enqueue 0.138843 ms)
[03/03/2026-11:07:55] [I] Average on 10 runs - GPU latency: 0.357495 ms - Host latency: 0.357495 ms (enqueue 0.132837 ms)
[03/03/2026-11:07:55] [I] Average on 10 runs - GPU latency: 0.357373 ms - Host latency: 0.357373 ms (enqueue 0.13606 ms)
[03/03/2026-11:07:55] [I] Average on 10 runs - GPU latency: 0.358423 ms - Host latency: 0.358423 ms (enqueue 0.141406 ms)
[03/03/2026-11:07:55] [I] Average on 10 runs - GPU latency: 0.356885 ms - Host latency: 0.356885 ms (enqueue 0.139795 ms)
[03/03/2026-11:07:55] [I] Average on 10 runs - GPU latency: 0.357153 ms - Host latency: 0.357153 ms (enqueue 0.133228 ms)
[03/03/2026-11:07:55] [I] Average on 10 runs - GPU latency: 0.357715 ms - Host latency: 0.357715 ms (enqueue 0.134546 ms)
[03/03/2026-11:07:55] [I] Average on 10 runs - GPU latency: 0.355835 ms - Host latency: 0.355835 ms (enqueue 0.135156 ms)
[03/03/2026-11:07:55] [I] Average on 10 runs - GPU latency: 0.358252 ms - Host latency: 0.358252 ms (enqueue 0.134033 ms)
[03/03/2026-11:07:55] [I] Average on 10 runs - GPU latency: 0.359009 ms - Host latency: 0.359009 ms (enqueue 0.133252 ms)
[03/03/2026-11:07:55] [I] Average on 10 runs - GPU latency: 0.358008 ms - Host latency: 0.358008 ms (enqueue 0.133008 ms)
[03/03/2026-11:07:55] [I] Average on 10 runs - GPU latency: 0.357373 ms - Host latency: 0.357373 ms (enqueue 0.132397 ms)
[03/03/2026-11:07:55] [I] Average on 10 runs - GPU latency: 0.357471 ms - Host latency: 0.357471 ms (enqueue 0.137964 ms)
[03/03/2026-11:07:55] [I] Average on 10 runs - GPU latency: 0.357495 ms - Host latency: 0.357495 ms (enqueue 0.135889 ms)
[03/03/2026-11:07:55] [I] Average on 10 runs - GPU latency: 0.357251 ms - Host latency: 0.357251 ms (enqueue 0.134155 ms)
[03/03/2026-11:07:55] [I] Average on 10 runs - GPU latency: 0.35752 ms - Host latency: 0.35752 ms (enqueue 0.13501 ms)
[03/03/2026-11:07:55] [I] Average on 10 runs - GPU latency: 0.356812 ms - Host latency: 0.356812 ms (enqueue 0.135352 ms)
[03/03/2026-11:07:55] [I] Average on 10 runs - GPU latency: 0.359351 ms - Host latency: 0.359351 ms (enqueue 0.136963 ms)
[03/03/2026-11:07:55] [I] Average on 10 runs - GPU latency: 0.35813 ms - Host latency: 0.35813 ms (enqueue 0.135913 ms)
[03/03/2026-11:07:55] [I] Average on 10 runs - GPU latency: 0.359253 ms - Host latency: 0.359253 ms (enqueue 0.134668 ms)
[03/03/2026-11:07:55] [I] Average on 10 runs - GPU latency: 0.358618 ms - Host latency: 0.358618 ms (enqueue 0.137378 ms)
[03/03/2026-11:07:55] [I] Average on 10 runs - GPU latency: 0.3573 ms - Host latency: 0.3573 ms (enqueue 0.135181 ms)
[03/03/2026-11:07:55] [I] Average on 10 runs - GPU latency: 0.358252 ms - Host latency: 0.358252 ms (enqueue 0.137109 ms)
[03/03/2026-11:07:55] [I] Average on 10 runs - GPU latency: 0.358032 ms - Host latency: 0.358032 ms (enqueue 0.139526 ms)
[03/03/2026-11:07:55] [I] Average on 10 runs - GPU latency: 0.358008 ms - Host latency: 0.358008 ms (enqueue 0.136768 ms)
[03/03/2026-11:07:55] [I] Average on 10 runs - GPU latency: 0.359399 ms - Host latency: 0.359399 ms (enqueue 0.134937 ms)
[03/03/2026-11:07:55] [I] Average on 10 runs - GPU latency: 0.357886 ms - Host latency: 0.357886 ms (enqueue 0.135229 ms)
[03/03/2026-11:07:55] [I] Average on 10 runs - GPU latency: 0.357983 ms - Host latency: 0.357983 ms (enqueue 0.138086 ms)
[03/03/2026-11:07:55] [I] Average on 10 runs - GPU latency: 0.358398 ms - Host latency: 0.358398 ms (enqueue 0.133276 ms)
[03/03/2026-11:07:55] [I] Average on 10 runs - GPU latency: 0.357666 ms - Host latency: 0.357666 ms (enqueue 0.133252 ms)
[03/03/2026-11:07:55] [I] Average on 10 runs - GPU latency: 0.357861 ms - Host latency: 0.357861 ms (enqueue 0.136621 ms)
[03/03/2026-11:07:55] [I] Average on 10 runs - GPU latency: 0.358765 ms - Host latency: 0.358765 ms (enqueue 0.137256 ms)
[03/03/2026-11:07:55] [I] Average on 10 runs - GPU latency: 0.358301 ms - Host latency: 0.358301 ms (enqueue 0.140259 ms)
[03/03/2026-11:07:55] [I] Average on 10 runs - GPU latency: 0.358252 ms - Host latency: 0.358252 ms (enqueue 0.138477 ms)
[03/03/2026-11:07:55] [I] Average on 10 runs - GPU latency: 0.358252 ms - Host latency: 0.358252 ms (enqueue 0.136133 ms)
[03/03/2026-11:07:55] [I] Average on 10 runs - GPU latency: 0.358203 ms - Host latency: 0.358203 ms (enqueue 0.135571 ms)
[03/03/2026-11:07:55] [I] Average on 10 runs - GPU latency: 0.357861 ms - Host latency: 0.357861 ms (enqueue 0.135718 ms)
[03/03/2026-11:07:55] [I] Average on 10 runs - GPU latency: 0.358179 ms - Host latency: 0.358179 ms (enqueue 0.138379 ms)
[03/03/2026-11:07:55] [I] Average on 10 runs - GPU latency: 0.357812 ms - Host latency: 0.357812 ms (enqueue 0.136597 ms)
[03/03/2026-11:07:55] [I] Average on 10 runs - GPU latency: 0.358447 ms - Host latency: 0.358447 ms (enqueue 0.132861 ms)
[03/03/2026-11:07:55] [I] Average on 10 runs - GPU latency: 0.356421 ms - Host latency: 0.356421 ms (enqueue 0.137842 ms)
[03/03/2026-11:07:55] [I] Average on 10 runs - GPU latency: 0.358081 ms - Host latency: 0.358081 ms (enqueue 0.133765 ms)
[03/03/2026-11:07:55] [I] Average on 10 runs - GPU latency: 0.357153 ms - Host latency: 0.357153 ms (enqueue 0.136743 ms)
[03/03/2026-11:07:55] [I] Average on 10 runs - GPU latency: 0.35769 ms - Host latency: 0.35769 ms (enqueue 0.135742 ms)
[03/03/2026-11:07:55] [I] Average on 10 runs - GPU latency: 0.359814 ms - Host latency: 0.359814 ms (enqueue 0.134595 ms)
[03/03/2026-11:07:55] [I] Average on 10 runs - GPU latency: 0.358472 ms - Host latency: 0.358472 ms (enqueue 0.135034 ms)
[03/03/2026-11:07:55] [I] Average on 10 runs - GPU latency: 0.357251 ms - Host latency: 0.357251 ms (enqueue 0.133252 ms)
[03/03/2026-11:07:55] [I] Average on 10 runs - GPU latency: 0.356714 ms - Host latency: 0.356714 ms (enqueue 0.13103 ms)
[03/03/2026-11:07:55] [I] Average on 10 runs - GPU latency: 0.356763 ms - Host latency: 0.356763 ms (enqueue 0.137012 ms)
[03/03/2026-11:07:55] [I] Average on 10 runs - GPU latency: 0.357568 ms - Host latency: 0.357568 ms (enqueue 0.133252 ms)
[03/03/2026-11:07:55] [I] Average on 10 runs - GPU latency: 0.357397 ms - Host latency: 0.357397 ms (enqueue 0.13728 ms)
[03/03/2026-11:07:55] [I] Average on 10 runs - GPU latency: 0.357153 ms - Host latency: 0.357153 ms (enqueue 0.135352 ms)
[03/03/2026-11:07:55] [I] Average on 10 runs - GPU latency: 0.356812 ms - Host latency: 0.356812 ms (enqueue 0.136694 ms)
[03/03/2026-11:07:55] [I] Average on 10 runs - GPU latency: 0.356909 ms - Host latency: 0.356909 ms (enqueue 0.131445 ms)
[03/03/2026-11:07:55] [I] Average on 10 runs - GPU latency: 0.358887 ms - Host latency: 0.358887 ms (enqueue 0.134741 ms)
[03/03/2026-11:07:55] [I] Average on 10 runs - GPU latency: 0.358228 ms - Host latency: 0.358228 ms (enqueue 0.137134 ms)
[03/03/2026-11:07:55] [I] Average on 10 runs - GPU latency: 0.357886 ms - Host latency: 0.357886 ms (enqueue 0.134888 ms)
[03/03/2026-11:07:55] [I] Average on 10 runs - GPU latency: 0.359058 ms - Host latency: 0.359058 ms (enqueue 0.139014 ms)
[03/03/2026-11:07:55] [I] Average on 10 runs - GPU latency: 0.357788 ms - Host latency: 0.357788 ms (enqueue 0.137158 ms)
[03/03/2026-11:07:55] [I] Average on 10 runs - GPU latency: 0.358057 ms - Host latency: 0.358057 ms (enqueue 0.138062 ms)
[03/03/2026-11:07:55] [I] Average on 10 runs - GPU latency: 0.358154 ms - Host latency: 0.358154 ms (enqueue 0.135376 ms)
[03/03/2026-11:07:55] [I] Average on 10 runs - GPU latency: 0.356714 ms - Host latency: 0.356714 ms (enqueue 0.137622 ms)
[03/03/2026-11:07:55] [I] Average on 10 runs - GPU latency: 0.359619 ms - Host latency: 0.359619 ms (enqueue 0.138257 ms)
[03/03/2026-11:07:55] [I] Average on 10 runs - GPU latency: 0.358691 ms - Host latency: 0.358691 ms (enqueue 0.134863 ms)
[03/03/2026-11:07:55] [I] 
[03/03/2026-11:07:55] [I] === Performance summary ===
[03/03/2026-11:07:55] [I] Throughput: 2777.36 qps
[03/03/2026-11:07:55] [I] Latency: min = 0.344482 ms, max = 0.366699 ms, mean = 0.358159 ms, median = 0.358398 ms, percentile(90%) = 0.361084 ms, percentile(95%) = 0.361816 ms, percentile(99%) = 0.363037 ms
[03/03/2026-11:07:55] [I] Enqueue Time: min = 0.116455 ms, max = 0.186279 ms, mean = 0.136794 ms, median = 0.135986 ms, percentile(90%) = 0.145691 ms, percentile(95%) = 0.149414 ms, percentile(99%) = 0.161499 ms
[03/03/2026-11:07:55] [I] H2D Latency: min = 0 ms, max = 0 ms, mean = 0 ms, median = 0 ms, percentile(90%) = 0 ms, percentile(95%) = 0 ms, percentile(99%) = 0 ms
[03/03/2026-11:07:55] [I] GPU Compute Time: min = 0.344482 ms, max = 0.366699 ms, mean = 0.358159 ms, median = 0.358398 ms, percentile(90%) = 0.361084 ms, percentile(95%) = 0.361816 ms, percentile(99%) = 0.363037 ms
[03/03/2026-11:07:55] [I] D2H Latency: min = 0 ms, max = 0 ms, mean = 0 ms, median = 0 ms, percentile(90%) = 0 ms, percentile(95%) = 0 ms, percentile(99%) = 0 ms
[03/03/2026-11:07:55] [I] Total Host Walltime: 3.00069 s
[03/03/2026-11:07:55] [I] Total GPU Compute Time: 2.9849 s
[03/03/2026-11:07:55] [I] Explanations of the performance metrics are printed in the verbose logs.
[03/03/2026-11:07:55] [I] 
&&&& PASSED TensorRT.trtexec [TensorRT v8502] # /usr/src/tensorrt/bin/trtexec --onnx=/home/user/Edge-ML/models/v5/TCN/bs96/TCN.onnx --saveEngine=/home/user/Edge-ML/models/v5/TCN/bs96/TCN_int8.engine --int8 --fp16 --exportLayerInfo=/home/user/Edge-ML/models/v5/TCN/bs96/logs/quantisation_int8_layers.json --memPoolSize=workspace:4096MiB --tacticSources=+CUBLAS,+CUBLAS_LT,+CUDNN --noDataTransfers --calib=/home/user/Edge-ML/models/v5/TCN/bs96/TCN.cache
