/usr/src/tensorrt/bin/trtexec --onnx=/home/user/Edge-ML/models/v5/TCN/bs1/TCN.onnx --saveEngine=/home/user/Edge-ML/models/v5/TCN/bs1/TCN_int8.engine --int8 --fp16 --exportLayerInfo=/home/user/Edge-ML/models/v5/TCN/bs1/logs/quantisation_int8_layers.json --memPoolSize=workspace:4096MiB --tacticSources=+CUBLAS,+CUBLAS_LT,+CUDNN --noDataTransfers --calib=/home/user/Edge-ML/models/v5/TCN/bs1/TCN.cache

&&&& RUNNING TensorRT.trtexec [TensorRT v8502] # /usr/src/tensorrt/bin/trtexec --onnx=/home/user/Edge-ML/models/v5/TCN/bs1/TCN.onnx --saveEngine=/home/user/Edge-ML/models/v5/TCN/bs1/TCN_int8.engine --int8 --fp16 --exportLayerInfo=/home/user/Edge-ML/models/v5/TCN/bs1/logs/quantisation_int8_layers.json --memPoolSize=workspace:4096MiB --tacticSources=+CUBLAS,+CUBLAS_LT,+CUDNN --noDataTransfers --calib=/home/user/Edge-ML/models/v5/TCN/bs1/TCN.cache
[03/03/2026-11:04:09] [I] === Model Options ===
[03/03/2026-11:04:09] [I] Format: ONNX
[03/03/2026-11:04:09] [I] Model: /home/user/Edge-ML/models/v5/TCN/bs1/TCN.onnx
[03/03/2026-11:04:09] [I] Output:
[03/03/2026-11:04:09] [I] === Build Options ===
[03/03/2026-11:04:09] [I] Max batch: explicit batch
[03/03/2026-11:04:09] [I] Memory Pools: workspace: 4096 MiB, dlaSRAM: default, dlaLocalDRAM: default, dlaGlobalDRAM: default
[03/03/2026-11:04:09] [I] minTiming: 1
[03/03/2026-11:04:09] [I] avgTiming: 8
[03/03/2026-11:04:09] [I] Precision: FP32+FP16+INT8
[03/03/2026-11:04:09] [I] LayerPrecisions: 
[03/03/2026-11:04:09] [I] Calibration: /home/user/Edge-ML/models/v5/TCN/bs1/TCN.cache
[03/03/2026-11:04:09] [I] Refit: Disabled
[03/03/2026-11:04:09] [I] Sparsity: Disabled
[03/03/2026-11:04:09] [I] Safe mode: Disabled
[03/03/2026-11:04:09] [I] DirectIO mode: Disabled
[03/03/2026-11:04:09] [I] Restricted mode: Disabled
[03/03/2026-11:04:09] [I] Build only: Disabled
[03/03/2026-11:04:09] [I] Save engine: /home/user/Edge-ML/models/v5/TCN/bs1/TCN_int8.engine
[03/03/2026-11:04:09] [I] Load engine: 
[03/03/2026-11:04:09] [I] Profiling verbosity: 0
[03/03/2026-11:04:09] [I] Tactic sources: cublas [ON], cublasLt [ON], cudnn [ON], 
[03/03/2026-11:04:09] [I] timingCacheMode: local
[03/03/2026-11:04:09] [I] timingCacheFile: 
[03/03/2026-11:04:09] [I] Heuristic: Disabled
[03/03/2026-11:04:09] [I] Preview Features: Use default preview flags.
[03/03/2026-11:04:09] [I] Input(s)s format: fp32:CHW
[03/03/2026-11:04:09] [I] Output(s)s format: fp32:CHW
[03/03/2026-11:04:09] [I] Input build shapes: model
[03/03/2026-11:04:09] [I] Input calibration shapes: model
[03/03/2026-11:04:09] [I] === System Options ===
[03/03/2026-11:04:09] [I] Device: 0
[03/03/2026-11:04:09] [I] DLACore: 
[03/03/2026-11:04:09] [I] Plugins:
[03/03/2026-11:04:09] [I] === Inference Options ===
[03/03/2026-11:04:09] [I] Batch: Explicit
[03/03/2026-11:04:09] [I] Input inference shapes: model
[03/03/2026-11:04:09] [I] Iterations: 10
[03/03/2026-11:04:09] [I] Duration: 3s (+ 200ms warm up)
[03/03/2026-11:04:09] [I] Sleep time: 0ms
[03/03/2026-11:04:09] [I] Idle time: 0ms
[03/03/2026-11:04:09] [I] Streams: 1
[03/03/2026-11:04:09] [I] ExposeDMA: Disabled
[03/03/2026-11:04:09] [I] Data transfers: Disabled
[03/03/2026-11:04:09] [I] Spin-wait: Disabled
[03/03/2026-11:04:09] [I] Multithreading: Disabled
[03/03/2026-11:04:09] [I] CUDA Graph: Disabled
[03/03/2026-11:04:09] [I] Separate profiling: Disabled
[03/03/2026-11:04:09] [I] Time Deserialize: Disabled
[03/03/2026-11:04:09] [I] Time Refit: Disabled
[03/03/2026-11:04:09] [I] NVTX verbosity: 0
[03/03/2026-11:04:09] [I] Persistent Cache Ratio: 0
[03/03/2026-11:04:09] [I] Inputs:
[03/03/2026-11:04:09] [I] === Reporting Options ===
[03/03/2026-11:04:09] [I] Verbose: Disabled
[03/03/2026-11:04:09] [I] Averages: 10 inferences
[03/03/2026-11:04:09] [I] Percentiles: 90,95,99
[03/03/2026-11:04:09] [I] Dump refittable layers:Disabled
[03/03/2026-11:04:09] [I] Dump output: Disabled
[03/03/2026-11:04:09] [I] Profile: Disabled
[03/03/2026-11:04:09] [I] Export timing to JSON file: 
[03/03/2026-11:04:09] [I] Export output to JSON file: 
[03/03/2026-11:04:09] [I] Export profile to JSON file: 
[03/03/2026-11:04:09] [I] 
[03/03/2026-11:04:09] [I] === Device Information ===
[03/03/2026-11:04:09] [I] Selected Device: Orin
[03/03/2026-11:04:09] [I] Compute Capability: 8.7
[03/03/2026-11:04:09] [I] SMs: 4
[03/03/2026-11:04:09] [I] Compute Clock Rate: 0.624 GHz
[03/03/2026-11:04:09] [I] Device Global Memory: 3425 MiB
[03/03/2026-11:04:09] [I] Shared Memory per SM: 164 KiB
[03/03/2026-11:04:09] [I] Memory Bus Width: 128 bits (ECC disabled)
[03/03/2026-11:04:09] [I] Memory Clock Rate: 0.624 GHz
[03/03/2026-11:04:09] [I] 
[03/03/2026-11:04:09] [I] TensorRT version: 8.5.2
[03/03/2026-11:04:10] [I] [TRT] [MemUsageChange] Init CUDA: CPU +220, GPU +0, now: CPU 249, GPU 1629 (MiB)
[03/03/2026-11:04:13] [I] [TRT] [MemUsageChange] Init builder kernel library: CPU +302, GPU +105, now: CPU 574, GPU 1749 (MiB)
[03/03/2026-11:04:13] [I] Start parsing network model
[03/03/2026-11:04:13] [I] [TRT] ----------------------------------------------------------------
[03/03/2026-11:04:13] [I] [TRT] Input filename:   /home/user/Edge-ML/models/v5/TCN/bs1/TCN.onnx
[03/03/2026-11:04:13] [I] [TRT] ONNX IR version:  0.0.7
[03/03/2026-11:04:13] [I] [TRT] Opset version:    12
[03/03/2026-11:04:13] [I] [TRT] Producer name:    pytorch
[03/03/2026-11:04:13] [I] [TRT] Producer version: 2.5.1
[03/03/2026-11:04:13] [I] [TRT] Domain:           
[03/03/2026-11:04:13] [I] [TRT] Model version:    0
[03/03/2026-11:04:13] [I] [TRT] Doc string:       
[03/03/2026-11:04:13] [I] [TRT] ----------------------------------------------------------------
[03/03/2026-11:04:13] [I] Finish parsing network model
[03/03/2026-11:04:13] [I] [TRT] Reading Calibration Cache for calibrator: EntropyCalibration2
[03/03/2026-11:04:13] [I] [TRT] Generated calibration scales using calibration cache. Make sure that calibration cache has latest scales.
[03/03/2026-11:04:13] [I] [TRT] To regenerate calibration cache, please delete the existing one. TensorRT will generate a new calibration cache.
[03/03/2026-11:04:13] [W] [TRT] Missing scale and zero-point for tensor capacity, expect fall back to non-int8 implementation for any layer consuming or producing given tensor
[03/03/2026-11:04:13] [I] [TRT] ---------- Layers Running on DLA ----------
[03/03/2026-11:04:13] [I] [TRT] ---------- Layers Running on GPU ----------
[03/03/2026-11:04:13] [I] [TRT] [GpuLayer] SHUFFLE: /Unsqueeze + (Unnamed Layer* 1) [Shuffle]
[03/03/2026-11:04:13] [I] [TRT] [GpuLayer] SHUFFLE: shuffle_between_(Unnamed Layer* 1) [Shuffle]_output_and_/block1/block1.0/Conv + /block1/block1.2/Relu
[03/03/2026-11:04:13] [I] [TRT] [GpuLayer] CONVOLUTION: /block1/block1.0/Conv + /block1/block1.2/Relu
[03/03/2026-11:04:13] [I] [TRT] [GpuLayer] SHUFFLE: shuffle_after_/block1/block1.2/Relu_out_tensor
[03/03/2026-11:04:13] [I] [TRT] [GpuLayer] POOLING: /block1/block1.3/MaxPool
[03/03/2026-11:04:13] [I] [TRT] [GpuLayer] SHUFFLE: shuffle_between_(Unnamed Layer* 6) [Pooling]_output_and_/block2/block2.0/Conv + /block2/block2.2/Relu
[03/03/2026-11:04:13] [I] [TRT] [GpuLayer] CONVOLUTION: /block2/block2.0/Conv + /block2/block2.2/Relu
[03/03/2026-11:04:13] [I] [TRT] [GpuLayer] SHUFFLE: shuffle_after_/block2/block2.2/Relu_out_tensor
[03/03/2026-11:04:13] [I] [TRT] [GpuLayer] POOLING: /block2/block2.3/MaxPool
[03/03/2026-11:04:13] [I] [TRT] [GpuLayer] SHUFFLE: shuffle_between_(Unnamed Layer* 13) [Pooling]_output_and_/block3/block3.0/Conv + /block3/block3.2/Relu
[03/03/2026-11:04:13] [I] [TRT] [GpuLayer] CONVOLUTION: /block3/block3.0/Conv + /block3/block3.2/Relu
[03/03/2026-11:04:13] [I] [TRT] [GpuLayer] SHUFFLE: shuffle_after_/block3/block3.2/Relu_out_tensor
[03/03/2026-11:04:13] [I] [TRT] [GpuLayer] SHUFFLE: squeeze_after_/block3/block3.2/Relu
[03/03/2026-11:04:13] [I] [TRT] [GpuLayer] REDUCE: /block3/block3.3/GlobalAveragePool
[03/03/2026-11:04:13] [I] [TRT] [GpuLayer] SHUFFLE: /fc/fc.0/Flatten + reshape_before_/fc/fc.1/Gemm
[03/03/2026-11:04:13] [I] [TRT] [GpuLayer] CONVOLUTION: /fc/fc.1/Gemm + /fc/fc.2/Relu
[03/03/2026-11:04:13] [I] [TRT] [GpuLayer] CONVOLUTION: /fc/fc.4/Gemm
[03/03/2026-11:04:13] [I] [TRT] [GpuLayer] SHUFFLE: reshape_after_/fc/fc.4/Gemm + /Squeeze
[03/03/2026-11:04:14] [I] [TRT] [MemUsageChange] Init cuBLAS/cuBLASLt: CPU +534, GPU +845, now: CPU 1108, GPU 2594 (MiB)
[03/03/2026-11:04:15] [I] [TRT] [MemUsageChange] Init cuDNN: CPU +83, GPU +108, now: CPU 1191, GPU 2702 (MiB)
[03/03/2026-11:04:15] [I] [TRT] Local timing cache in use. Profiling results in this builder pass will not be stored.
[03/03/2026-11:04:45] [I] [TRT] Total Activation Memory: 4295017984
[03/03/2026-11:04:45] [I] [TRT] Detected 1 inputs and 1 output network tensors.
[03/03/2026-11:04:45] [I] [TRT] Total Host Persistent Memory: 25024
[03/03/2026-11:04:45] [I] [TRT] Total Device Persistent Memory: 0
[03/03/2026-11:04:45] [I] [TRT] Total Scratch Memory: 0
[03/03/2026-11:04:45] [I] [TRT] [MemUsageStats] Peak memory usage of TRT CPU/GPU memory allocators: CPU 0 MiB, GPU 71 MiB
[03/03/2026-11:04:45] [I] [TRT] [BlockAssignment] Started assigning block shifts. This will take 22 steps to complete.
[03/03/2026-11:04:45] [I] [TRT] [BlockAssignment] Algorithm ShiftNTopDown took 0.243399ms to assign 3 blocks to 22 nodes requiring 23552 bytes.
[03/03/2026-11:04:45] [I] [TRT] Total Activation Memory: 23552
[03/03/2026-11:04:45] [W] [TRT] TensorRT encountered issues when converting weights between types and that could affect accuracy.
[03/03/2026-11:04:45] [W] [TRT] If this is not the desired behavior, please modify the weights or retrain with regularization to adjust the magnitude of the weights.
[03/03/2026-11:04:45] [W] [TRT] Check verbose logs for the list of affected weights.
[03/03/2026-11:04:45] [W] [TRT] - 2 weights are affected by this issue: Detected subnormal FP16 values.
[03/03/2026-11:04:45] [I] [TRT] [MemUsageChange] TensorRT-managed allocation in building engine: CPU +0, GPU +4, now: CPU 0, GPU 4 (MiB)
[03/03/2026-11:04:45] [I] Engine built in 35.5252 sec.
[03/03/2026-11:04:45] [I] [TRT] Loaded engine size: 0 MiB
[03/03/2026-11:04:45] [I] [TRT] [MemUsageChange] TensorRT-managed allocation in engine deserialization: CPU +0, GPU +0, now: CPU 0, GPU 0 (MiB)
[03/03/2026-11:04:45] [I] Engine deserialized in 0.0108436 sec.
[03/03/2026-11:04:45] [I] [TRT] [MemUsageChange] TensorRT-managed allocation in IExecutionContext creation: CPU +0, GPU +0, now: CPU 0, GPU 0 (MiB)
[03/03/2026-11:04:45] [I] Setting persistentCacheLimit to 0 bytes.
[03/03/2026-11:04:45] [I] Using random values for input input
[03/03/2026-11:04:45] [I] Created input binding for input with dimensions 1x120
[03/03/2026-11:04:45] [I] Using random values for output capacity
[03/03/2026-11:04:45] [I] Created output binding for capacity with dimensions 
[03/03/2026-11:04:45] [I] [TRT] The profiling verbosity was set to ProfilingVerbosity::kLAYER_NAMES_ONLY when the engine was built, so only the layer names will be returned. Rebuild the engine with ProfilingVerbosity::kDETAILED to get more verbose layer information.
[03/03/2026-11:04:45] [I] Starting inference
[03/03/2026-11:04:48] [I] Warmup completed 1922 queries over 200 ms
[03/03/2026-11:04:48] [I] Timing trace has 29204 queries over 3.00022 s
[03/03/2026-11:04:48] [I] 
[03/03/2026-11:04:48] [I] === Trace details ===
[03/03/2026-11:04:48] [I] Trace averages of 10 runs:
[03/03/2026-11:04:48] [I] Average on 10 runs - GPU latency: 0.100119 ms - Host latency: 0.100119 ms (enqueue 0.082663 ms)
[03/03/2026-11:04:48] [I] Average on 10 runs - GPU latency: 0.100606 ms - Host latency: 0.100606 ms (enqueue 0.0834381 ms)
[03/03/2026-11:04:48] [I] Average on 10 runs - GPU latency: 0.101343 ms - Host latency: 0.101343 ms (enqueue 0.0849228 ms)
[03/03/2026-11:04:48] [I] Average on 10 runs - GPU latency: 0.100774 ms - Host latency: 0.100774 ms (enqueue 0.0838364 ms)
[03/03/2026-11:04:48] [I] Average on 10 runs - GPU latency: 0.101456 ms - Host latency: 0.101456 ms (enqueue 0.0841019 ms)
[03/03/2026-11:04:48] [I] Average on 10 runs - GPU latency: 0.100066 ms - Host latency: 0.100066 ms (enqueue 0.0830856 ms)
[03/03/2026-11:04:48] [I] Average on 10 runs - GPU latency: 0.101819 ms - Host latency: 0.101819 ms (enqueue 0.0853912 ms)
[03/03/2026-11:04:48] [I] Average on 10 runs - GPU latency: 0.100244 ms - Host latency: 0.100244 ms (enqueue 0.0831131 ms)
[03/03/2026-11:04:48] [I] Average on 10 runs - GPU latency: 0.101245 ms - Host latency: 0.101245 ms (enqueue 0.0840393 ms)
[03/03/2026-11:04:48] [I] Average on 10 runs - GPU latency: 0.102379 ms - Host latency: 0.102379 ms (enqueue 0.0858704 ms)
[03/03/2026-11:04:48] [I] Average on 10 runs - GPU latency: 0.100864 ms - Host latency: 0.100864 ms (enqueue 0.0829407 ms)
[03/03/2026-11:04:48] [I] Average on 10 runs - GPU latency: 0.100032 ms - Host latency: 0.100032 ms (enqueue 0.0825546 ms)
[03/03/2026-11:04:48] [I] Average on 10 runs - GPU latency: 0.104462 ms - Host latency: 0.104462 ms (enqueue 0.0861481 ms)
[03/03/2026-11:04:48] [I] Average on 10 runs - GPU latency: 0.101714 ms - Host latency: 0.101714 ms (enqueue 0.0850922 ms)
[03/03/2026-11:04:48] [I] Average on 10 runs - GPU latency: 0.0997482 ms - Host latency: 0.0997482 ms (enqueue 0.0823563 ms)
[03/03/2026-11:04:48] [I] Average on 10 runs - GPU latency: 0.0996277 ms - Host latency: 0.0996277 ms (enqueue 0.0825943 ms)
[03/03/2026-11:04:48] [I] Average on 10 runs - GPU latency: 0.0992889 ms - Host latency: 0.0992889 ms (enqueue 0.0822784 ms)
[03/03/2026-11:04:48] [I] Average on 10 runs - GPU latency: 0.102538 ms - Host latency: 0.102538 ms (enqueue 0.0858871 ms)
[03/03/2026-11:04:48] [I] Average on 10 runs - GPU latency: 0.0992157 ms - Host latency: 0.0992157 ms (enqueue 0.0822113 ms)
[03/03/2026-11:04:48] [I] Average on 10 runs - GPU latency: 0.0993073 ms - Host latency: 0.0993073 ms (enqueue 0.0820633 ms)
[03/03/2026-11:04:48] [I] Average on 10 runs - GPU latency: 0.101564 ms - Host latency: 0.101564 ms (enqueue 0.0839951 ms)
[03/03/2026-11:04:48] [I] Average on 10 runs - GPU latency: 0.101393 ms - Host latency: 0.101393 ms (enqueue 0.0849503 ms)
[03/03/2026-11:04:48] [I] Average on 10 runs - GPU latency: 0.100212 ms - Host latency: 0.100212 ms (enqueue 0.0830749 ms)
[03/03/2026-11:04:48] [I] Average on 10 runs - GPU latency: 0.10029 ms - Host latency: 0.10029 ms (enqueue 0.0828888 ms)
[03/03/2026-11:04:48] [I] Average on 10 runs - GPU latency: 0.100572 ms - Host latency: 0.100572 ms (enqueue 0.0832993 ms)
[03/03/2026-11:04:48] [I] Average on 10 runs - GPU latency: 0.100826 ms - Host latency: 0.100826 ms (enqueue 0.0845398 ms)
[03/03/2026-11:04:48] [I] Average on 10 runs - GPU latency: 0.100166 ms - Host latency: 0.100166 ms (enqueue 0.0828079 ms)
[03/03/2026-11:04:48] [I] Average on 10 runs - GPU latency: 0.0992386 ms - Host latency: 0.0992386 ms (enqueue 0.0823059 ms)
[03/03/2026-11:04:48] [I] Average on 10 runs - GPU latency: 0.100887 ms - Host latency: 0.100887 ms (enqueue 0.0832016 ms)
[03/03/2026-11:04:48] [I] Average on 10 runs - GPU latency: 0.104478 ms - Host latency: 0.104478 ms (enqueue 0.0888535 ms)
[03/03/2026-11:04:48] [I] Average on 10 runs - GPU latency: 0.0996948 ms - Host latency: 0.0996948 ms (enqueue 0.0823685 ms)
[03/03/2026-11:04:48] [I] Average on 10 runs - GPU latency: 0.101035 ms - Host latency: 0.101035 ms (enqueue 0.0830872 ms)
[03/03/2026-11:04:48] [I] Average on 10 runs - GPU latency: 0.0994308 ms - Host latency: 0.0994308 ms (enqueue 0.0824234 ms)
[03/03/2026-11:04:48] [I] Average on 10 runs - GPU latency: 0.102339 ms - Host latency: 0.102339 ms (enqueue 0.0860489 ms)
[03/03/2026-11:04:48] [I] Average on 10 runs - GPU latency: 0.0999435 ms - Host latency: 0.0999435 ms (enqueue 0.0827133 ms)
[03/03/2026-11:04:48] [I] Average on 10 runs - GPU latency: 0.0988098 ms - Host latency: 0.0988098 ms (enqueue 0.0820053 ms)
[03/03/2026-11:04:48] [I] Average on 10 runs - GPU latency: 0.099176 ms - Host latency: 0.099176 ms (enqueue 0.0814789 ms)
[03/03/2026-11:04:48] [I] Average on 10 runs - GPU latency: 0.103307 ms - Host latency: 0.103307 ms (enqueue 0.0871307 ms)
[03/03/2026-11:04:48] [I] Average on 10 runs - GPU latency: 0.10182 ms - Host latency: 0.10182 ms (enqueue 0.0842422 ms)
[03/03/2026-11:04:48] [I] Average on 10 runs - GPU latency: 0.0999069 ms - Host latency: 0.0999069 ms (enqueue 0.0825531 ms)
[03/03/2026-11:04:48] [I] Average on 10 runs - GPU latency: 0.0992676 ms - Host latency: 0.0992676 ms (enqueue 0.0819504 ms)
[03/03/2026-11:04:48] [I] Average on 10 runs - GPU latency: 0.101402 ms - Host latency: 0.101402 ms (enqueue 0.0848877 ms)
[03/03/2026-11:04:48] [I] Average on 10 runs - GPU latency: 0.0994125 ms - Host latency: 0.0994125 ms (enqueue 0.0820206 ms)
[03/03/2026-11:04:48] [I] Average on 10 runs - GPU latency: 0.101527 ms - Host latency: 0.101527 ms (enqueue 0.0839584 ms)
[03/03/2026-11:04:48] [I] Average on 10 runs - GPU latency: 0.10056 ms - Host latency: 0.10056 ms (enqueue 0.0847458 ms)
[03/03/2026-11:04:48] [I] Average on 10 runs - GPU latency: 0.100684 ms - Host latency: 0.100684 ms (enqueue 0.0825775 ms)
[03/03/2026-11:04:48] [I] Average on 10 runs - GPU latency: 0.0996567 ms - Host latency: 0.0996567 ms (enqueue 0.0824112 ms)
[03/03/2026-11:04:48] [I] Average on 10 runs - GPU latency: 0.0990784 ms - Host latency: 0.0990784 ms (enqueue 0.0818451 ms)
[03/03/2026-11:04:48] [I] Average on 10 runs - GPU latency: 0.101364 ms - Host latency: 0.101364 ms (enqueue 0.0849274 ms)
[03/03/2026-11:04:48] [I] Average on 10 runs - GPU latency: 0.100806 ms - Host latency: 0.100806 ms (enqueue 0.0834503 ms)
[03/03/2026-11:04:48] [I] Average on 10 runs - GPU latency: 0.100764 ms - Host latency: 0.100764 ms (enqueue 0.0835159 ms)
[03/03/2026-11:04:48] [I] Average on 10 runs - GPU latency: 0.101013 ms - Host latency: 0.101013 ms (enqueue 0.0831406 ms)
[03/03/2026-11:04:48] [I] Average on 10 runs - GPU latency: 0.102542 ms - Host latency: 0.102542 ms (enqueue 0.0861176 ms)
[03/03/2026-11:04:48] [I] Average on 10 runs - GPU latency: 0.101338 ms - Host latency: 0.101338 ms (enqueue 0.0831192 ms)
[03/03/2026-11:04:48] [I] Average on 10 runs - GPU latency: 0.102296 ms - Host latency: 0.102296 ms (enqueue 0.0843292 ms)
[03/03/2026-11:04:48] [I] Average on 10 runs - GPU latency: 0.100519 ms - Host latency: 0.100519 ms (enqueue 0.0832062 ms)
[03/03/2026-11:04:48] [I] Average on 10 runs - GPU latency: 0.102377 ms - Host latency: 0.102377 ms (enqueue 0.0853973 ms)
[03/03/2026-11:04:48] [I] Average on 10 runs - GPU latency: 0.0999237 ms - Host latency: 0.0999237 ms (enqueue 0.0826599 ms)
[03/03/2026-11:04:48] [I] Average on 10 runs - GPU latency: 0.100293 ms - Host latency: 0.100293 ms (enqueue 0.0830627 ms)
[03/03/2026-11:04:48] [I] Average on 10 runs - GPU latency: 0.100366 ms - Host latency: 0.100366 ms (enqueue 0.0830078 ms)
[03/03/2026-11:04:48] [I] Average on 10 runs - GPU latency: 0.103827 ms - Host latency: 0.103827 ms (enqueue 0.0867615 ms)
[03/03/2026-11:04:48] [I] Average on 10 runs - GPU latency: 0.099588 ms - Host latency: 0.099588 ms (enqueue 0.0821716 ms)
[03/03/2026-11:04:48] [I] Average on 10 runs - GPU latency: 0.0991486 ms - Host latency: 0.0991486 ms (enqueue 0.0820251 ms)
[03/03/2026-11:04:48] [I] Average on 10 runs - GPU latency: 0.0987274 ms - Host latency: 0.0987274 ms (enqueue 0.0819397 ms)
[03/03/2026-11:04:48] [I] Average on 10 runs - GPU latency: 0.102249 ms - Host latency: 0.102249 ms (enqueue 0.0849182 ms)
[03/03/2026-11:04:48] [I] Average on 10 runs - GPU latency: 0.100436 ms - Host latency: 0.100436 ms (enqueue 0.0827637 ms)
[03/03/2026-11:04:48] [I] Average on 10 runs - GPU latency: 0.0997314 ms - Host latency: 0.0997314 ms (enqueue 0.0822357 ms)
[03/03/2026-11:04:48] [I] Average on 10 runs - GPU latency: 0.0994568 ms - Host latency: 0.0994568 ms (enqueue 0.0824646 ms)
[03/03/2026-11:04:48] [I] Average on 10 runs - GPU latency: 0.103745 ms - Host latency: 0.103745 ms (enqueue 0.086499 ms)
[03/03/2026-11:04:48] [I] Average on 10 runs - GPU latency: 0.0994781 ms - Host latency: 0.0994781 ms (enqueue 0.0824066 ms)
[03/03/2026-11:04:48] [I] Average on 10 runs - GPU latency: 0.0994476 ms - Host latency: 0.0994476 ms (enqueue 0.0820862 ms)
[03/03/2026-11:04:48] [I] Average on 10 runs - GPU latency: 0.100955 ms - Host latency: 0.100955 ms (enqueue 0.0833466 ms)
[03/03/2026-11:04:48] [I] Average on 10 runs - GPU latency: 0.10134 ms - Host latency: 0.10134 ms (enqueue 0.08414 ms)
[03/03/2026-11:04:48] [I] Average on 10 runs - GPU latency: 0.0992584 ms - Host latency: 0.0992584 ms (enqueue 0.081781 ms)
[03/03/2026-11:04:48] [I] Average on 10 runs - GPU latency: 0.100156 ms - Host latency: 0.100156 ms (enqueue 0.0827179 ms)
[03/03/2026-11:04:48] [I] Average on 10 runs - GPU latency: 0.0993073 ms - Host latency: 0.0993073 ms (enqueue 0.0821472 ms)
[03/03/2026-11:04:48] [I] Average on 10 runs - GPU latency: 0.101239 ms - Host latency: 0.101239 ms (enqueue 0.0847168 ms)
[03/03/2026-11:04:48] [I] Average on 10 runs - GPU latency: 0.10105 ms - Host latency: 0.10105 ms (enqueue 0.0828705 ms)
[03/03/2026-11:04:48] [I] Average on 10 runs - GPU latency: 0.0989807 ms - Host latency: 0.0989807 ms (enqueue 0.0819244 ms)
[03/03/2026-11:04:48] [I] Average on 10 runs - GPU latency: 0.099472 ms - Host latency: 0.099472 ms (enqueue 0.0819794 ms)
[03/03/2026-11:04:48] [I] Average on 10 runs - GPU latency: 0.102975 ms - Host latency: 0.102975 ms (enqueue 0.0867523 ms)
[03/03/2026-11:04:48] [I] Average on 10 runs - GPU latency: 0.100204 ms - Host latency: 0.100204 ms (enqueue 0.0825317 ms)
[03/03/2026-11:04:48] [I] Average on 10 runs - GPU latency: 0.0990356 ms - Host latency: 0.0990356 ms (enqueue 0.0819336 ms)
[03/03/2026-11:04:48] [I] Average on 10 runs - GPU latency: 0.0989288 ms - Host latency: 0.0989288 ms (enqueue 0.0818451 ms)
[03/03/2026-11:04:48] [I] Average on 10 runs - GPU latency: 0.102115 ms - Host latency: 0.102115 ms (enqueue 0.0839355 ms)
[03/03/2026-11:04:48] [I] Average on 10 runs - GPU latency: 0.0992615 ms - Host latency: 0.0992615 ms (enqueue 0.0821777 ms)
[03/03/2026-11:04:48] [I] Average on 10 runs - GPU latency: 0.0989349 ms - Host latency: 0.0989349 ms (enqueue 0.0817291 ms)
[03/03/2026-11:04:48] [I] Average on 10 runs - GPU latency: 0.101587 ms - Host latency: 0.101587 ms (enqueue 0.0847168 ms)
[03/03/2026-11:04:48] [I] Average on 10 runs - GPU latency: 0.102267 ms - Host latency: 0.102267 ms (enqueue 0.0838165 ms)
[03/03/2026-11:04:48] [I] Average on 10 runs - GPU latency: 0.099765 ms - Host latency: 0.099765 ms (enqueue 0.0823578 ms)
[03/03/2026-11:04:48] [I] Average on 10 runs - GPU latency: 0.0996216 ms - Host latency: 0.0996216 ms (enqueue 0.0826508 ms)
[03/03/2026-11:04:48] [I] Average on 10 runs - GPU latency: 0.103055 ms - Host latency: 0.103055 ms (enqueue 0.0855926 ms)
[03/03/2026-11:04:48] [I] Average on 10 runs - GPU latency: 0.10004 ms - Host latency: 0.10004 ms (enqueue 0.0826019 ms)
[03/03/2026-11:04:48] [I] Average on 10 runs - GPU latency: 0.100891 ms - Host latency: 0.100891 ms (enqueue 0.0837555 ms)
[03/03/2026-11:04:48] [I] Average on 10 runs - GPU latency: 0.100134 ms - Host latency: 0.100134 ms (enqueue 0.0827484 ms)
[03/03/2026-11:04:48] [I] Average on 10 runs - GPU latency: 0.101825 ms - Host latency: 0.101825 ms (enqueue 0.084436 ms)
[03/03/2026-11:04:48] [I] Average on 10 runs - GPU latency: 0.103088 ms - Host latency: 0.103088 ms (enqueue 0.0846771 ms)
[03/03/2026-11:04:48] [I] Average on 10 runs - GPU latency: 0.0997314 ms - Host latency: 0.0997314 ms (enqueue 0.0824554 ms)
[03/03/2026-11:04:48] [I] Average on 10 runs - GPU latency: 0.0990723 ms - Host latency: 0.0990723 ms (enqueue 0.0821564 ms)
[03/03/2026-11:04:48] [I] Average on 10 runs - GPU latency: 0.102014 ms - Host latency: 0.102014 ms (enqueue 0.083905 ms)
[03/03/2026-11:04:48] [I] Average on 10 runs - GPU latency: 0.101471 ms - Host latency: 0.101471 ms (enqueue 0.0837219 ms)
[03/03/2026-11:04:48] [I] Average on 10 runs - GPU latency: 0.0997467 ms - Host latency: 0.0997467 ms (enqueue 0.0824646 ms)
[03/03/2026-11:04:48] [I] Average on 10 runs - GPU latency: 0.10134 ms - Host latency: 0.10134 ms (enqueue 0.0834259 ms)
[03/03/2026-11:04:48] [I] Average on 10 runs - GPU latency: 0.102774 ms - Host latency: 0.102774 ms (enqueue 0.0845551 ms)
[03/03/2026-11:04:48] [I] Average on 10 runs - GPU latency: 0.100101 ms - Host latency: 0.100101 ms (enqueue 0.0827881 ms)
[03/03/2026-11:04:48] [I] Average on 10 runs - GPU latency: 0.0992035 ms - Host latency: 0.0992035 ms (enqueue 0.0821503 ms)
[03/03/2026-11:04:48] [I] Average on 10 runs - GPU latency: 0.101443 ms - Host latency: 0.101443 ms (enqueue 0.0841248 ms)
[03/03/2026-11:04:48] [I] Average on 10 runs - GPU latency: 0.10058 ms - Host latency: 0.10058 ms (enqueue 0.0846374 ms)
[03/03/2026-11:04:48] [I] Average on 10 runs - GPU latency: 0.0994049 ms - Host latency: 0.0994049 ms (enqueue 0.0821899 ms)
[03/03/2026-11:04:48] [I] Average on 10 runs - GPU latency: 0.0997955 ms - Host latency: 0.0997955 ms (enqueue 0.0826691 ms)
[03/03/2026-11:04:48] [I] Average on 10 runs - GPU latency: 0.0999573 ms - Host latency: 0.0999573 ms (enqueue 0.0826111 ms)
[03/03/2026-11:04:48] [I] Average on 10 runs - GPU latency: 0.103009 ms - Host latency: 0.103009 ms (enqueue 0.0852112 ms)
[03/03/2026-11:04:48] [I] Average on 10 runs - GPU latency: 0.100446 ms - Host latency: 0.100446 ms (enqueue 0.082724 ms)
[03/03/2026-11:04:48] [I] Average on 10 runs - GPU latency: 0.10032 ms - Host latency: 0.10032 ms (enqueue 0.0828674 ms)
[03/03/2026-11:04:48] [I] Average on 10 runs - GPU latency: 0.10004 ms - Host latency: 0.10004 ms (enqueue 0.0827698 ms)
[03/03/2026-11:04:48] [I] Average on 10 runs - GPU latency: 0.101001 ms - Host latency: 0.101001 ms (enqueue 0.08479 ms)
[03/03/2026-11:04:48] [I] Average on 10 runs - GPU latency: 0.0995117 ms - Host latency: 0.0995117 ms (enqueue 0.0821075 ms)
[03/03/2026-11:04:48] [I] Average on 10 runs - GPU latency: 0.100446 ms - Host latency: 0.100446 ms (enqueue 0.083255 ms)
[03/03/2026-11:04:48] [I] Average on 10 runs - GPU latency: 0.0996704 ms - Host latency: 0.0996704 ms (enqueue 0.0824829 ms)
[03/03/2026-11:04:48] [I] Average on 10 runs - GPU latency: 0.101611 ms - Host latency: 0.101611 ms (enqueue 0.0838226 ms)
[03/03/2026-11:04:48] [I] Average on 10 runs - GPU latency: 0.0988831 ms - Host latency: 0.0988831 ms (enqueue 0.0815735 ms)
[03/03/2026-11:04:48] [I] Average on 10 runs - GPU latency: 0.100467 ms - Host latency: 0.100467 ms (enqueue 0.0830261 ms)
[03/03/2026-11:04:48] [I] Average on 10 runs - GPU latency: 0.100394 ms - Host latency: 0.100394 ms (enqueue 0.0825806 ms)
[03/03/2026-11:04:48] [I] Average on 10 runs - GPU latency: 0.102429 ms - Host latency: 0.102429 ms (enqueue 0.0849884 ms)
[03/03/2026-11:04:48] [I] Average on 10 runs - GPU latency: 0.100595 ms - Host latency: 0.100595 ms (enqueue 0.0833221 ms)
[03/03/2026-11:04:48] [I] Average on 10 runs - GPU latency: 0.100256 ms - Host latency: 0.100256 ms (enqueue 0.0831635 ms)
[03/03/2026-11:04:48] [I] Average on 10 runs - GPU latency: 0.101285 ms - Host latency: 0.101285 ms (enqueue 0.0855347 ms)
[03/03/2026-11:04:48] [I] Average on 10 runs - GPU latency: 0.100949 ms - Host latency: 0.100949 ms (enqueue 0.0831512 ms)
[03/03/2026-11:04:48] [I] Average on 10 runs - GPU latency: 0.100507 ms - Host latency: 0.100507 ms (enqueue 0.0833649 ms)
[03/03/2026-11:04:48] [I] Average on 10 runs - GPU latency: 0.0995239 ms - Host latency: 0.0995239 ms (enqueue 0.0823486 ms)
[03/03/2026-11:04:48] [I] Average on 10 runs - GPU latency: 0.102402 ms - Host latency: 0.102402 ms (enqueue 0.0849762 ms)
[03/03/2026-11:04:48] [I] Average on 10 runs - GPU latency: 0.100064 ms - Host latency: 0.100064 ms (enqueue 0.0825836 ms)
[03/03/2026-11:04:48] [I] Average on 10 runs - GPU latency: 0.100864 ms - Host latency: 0.100864 ms (enqueue 0.0833343 ms)
[03/03/2026-11:04:48] [I] Average on 10 runs - GPU latency: 0.100092 ms - Host latency: 0.100092 ms (enqueue 0.0828613 ms)
[03/03/2026-11:04:48] [I] Average on 10 runs - GPU latency: 0.10351 ms - Host latency: 0.10351 ms (enqueue 0.0859802 ms)
[03/03/2026-11:04:48] [I] Average on 10 runs - GPU latency: 0.100403 ms - Host latency: 0.100403 ms (enqueue 0.08302 ms)
[03/03/2026-11:04:48] [I] Average on 10 runs - GPU latency: 0.0998962 ms - Host latency: 0.0998962 ms (enqueue 0.082312 ms)
[03/03/2026-11:04:48] [I] Average on 10 runs - GPU latency: 0.100012 ms - Host latency: 0.100012 ms (enqueue 0.0825531 ms)
[03/03/2026-11:04:48] [I] Average on 10 runs - GPU latency: 0.102618 ms - Host latency: 0.102618 ms (enqueue 0.0858612 ms)
[03/03/2026-11:04:48] [I] Average on 10 runs - GPU latency: 0.101581 ms - Host latency: 0.101581 ms (enqueue 0.0839264 ms)
[03/03/2026-11:04:48] [I] Average on 10 runs - GPU latency: 0.0998657 ms - Host latency: 0.0998657 ms (enqueue 0.0828156 ms)
[03/03/2026-11:04:48] [I] Average on 10 runs - GPU latency: 0.101007 ms - Host latency: 0.101007 ms (enqueue 0.083725 ms)
[03/03/2026-11:04:48] [I] Average on 10 runs - GPU latency: 0.103256 ms - Host latency: 0.103256 ms (enqueue 0.0852234 ms)
[03/03/2026-11:04:48] [I] Average on 10 runs - GPU latency: 0.0993713 ms - Host latency: 0.0993713 ms (enqueue 0.0824585 ms)
[03/03/2026-11:04:48] [I] Average on 10 runs - GPU latency: 0.100781 ms - Host latency: 0.100781 ms (enqueue 0.0834259 ms)
[03/03/2026-11:04:48] [I] Average on 10 runs - GPU latency: 0.101505 ms - Host latency: 0.101505 ms (enqueue 0.0834747 ms)
[03/03/2026-11:04:48] [I] Average on 10 runs - GPU latency: 0.102621 ms - Host latency: 0.102621 ms (enqueue 0.0859619 ms)
[03/03/2026-11:04:48] [I] Average on 10 runs - GPU latency: 0.101443 ms - Host latency: 0.101443 ms (enqueue 0.084552 ms)
[03/03/2026-11:04:48] [I] Average on 10 runs - GPU latency: 0.100681 ms - Host latency: 0.100681 ms (enqueue 0.0825592 ms)
[03/03/2026-11:04:48] [I] Average on 10 runs - GPU latency: 0.0998199 ms - Host latency: 0.0998199 ms (enqueue 0.082254 ms)
[03/03/2026-11:04:48] [I] Average on 10 runs - GPU latency: 0.101874 ms - Host latency: 0.101874 ms (enqueue 0.0855194 ms)
[03/03/2026-11:04:48] [I] Average on 10 runs - GPU latency: 0.100851 ms - Host latency: 0.100851 ms (enqueue 0.0834747 ms)
[03/03/2026-11:04:48] [I] Average on 10 runs - GPU latency: 0.100671 ms - Host latency: 0.100671 ms (enqueue 0.0831909 ms)
[03/03/2026-11:04:48] [I] Average on 10 runs - GPU latency: 0.0999603 ms - Host latency: 0.0999603 ms (enqueue 0.0825165 ms)
[03/03/2026-11:04:48] [I] Average on 10 runs - GPU latency: 0.101907 ms - Host latency: 0.101907 ms (enqueue 0.0852875 ms)
[03/03/2026-11:04:48] [I] Average on 10 runs - GPU latency: 0.100604 ms - Host latency: 0.100604 ms (enqueue 0.0834442 ms)
[03/03/2026-11:04:48] [I] Average on 10 runs - GPU latency: 0.10032 ms - Host latency: 0.10032 ms (enqueue 0.0826477 ms)
[03/03/2026-11:04:48] [I] Average on 10 runs - GPU latency: 0.100522 ms - Host latency: 0.100522 ms (enqueue 0.0824738 ms)
[03/03/2026-11:04:48] [I] Average on 10 runs - GPU latency: 0.105075 ms - Host latency: 0.105075 ms (enqueue 0.0881561 ms)
[03/03/2026-11:04:48] [I] Average on 10 runs - GPU latency: 0.100885 ms - Host latency: 0.100885 ms (enqueue 0.0834137 ms)
[03/03/2026-11:04:48] [I] Average on 10 runs - GPU latency: 0.10112 ms - Host latency: 0.10112 ms (enqueue 0.0832123 ms)
[03/03/2026-11:04:48] [I] Average on 10 runs - GPU latency: 0.102567 ms - Host latency: 0.102567 ms (enqueue 0.0849182 ms)
[03/03/2026-11:04:48] [I] Average on 10 runs - GPU latency: 0.101093 ms - Host latency: 0.101093 ms (enqueue 0.083374 ms)
[03/03/2026-11:04:48] [I] Average on 10 runs - GPU latency: 0.101212 ms - Host latency: 0.101212 ms (enqueue 0.0829987 ms)
[03/03/2026-11:04:48] [I] Average on 10 runs - GPU latency: 0.100293 ms - Host latency: 0.100293 ms (enqueue 0.0833954 ms)
[03/03/2026-11:04:48] [I] Average on 10 runs - GPU latency: 0.102615 ms - Host latency: 0.102615 ms (enqueue 0.0860748 ms)
[03/03/2026-11:04:48] [I] Average on 10 runs - GPU latency: 0.101392 ms - Host latency: 0.101392 ms (enqueue 0.0836487 ms)
[03/03/2026-11:04:48] [I] Average on 10 runs - GPU latency: 0.100522 ms - Host latency: 0.100522 ms (enqueue 0.0827911 ms)
[03/03/2026-11:04:48] [I] Average on 10 runs - GPU latency: 0.101358 ms - Host latency: 0.101358 ms (enqueue 0.0836182 ms)
[03/03/2026-11:04:48] [I] Average on 10 runs - GPU latency: 0.101874 ms - Host latency: 0.101874 ms (enqueue 0.0852173 ms)
[03/03/2026-11:04:48] [I] Average on 10 runs - GPU latency: 0.100137 ms - Host latency: 0.100137 ms (enqueue 0.0828827 ms)
[03/03/2026-11:04:48] [I] Average on 10 runs - GPU latency: 0.0996643 ms - Host latency: 0.0996643 ms (enqueue 0.0828796 ms)
[03/03/2026-11:04:48] [I] Average on 10 runs - GPU latency: 0.102155 ms - Host latency: 0.102155 ms (enqueue 0.0846802 ms)
[03/03/2026-11:04:48] [I] Average on 10 runs - GPU latency: 0.102707 ms - Host latency: 0.102707 ms (enqueue 0.0854553 ms)
[03/03/2026-11:04:48] [I] Average on 10 runs - GPU latency: 0.0998383 ms - Host latency: 0.0998383 ms (enqueue 0.0827728 ms)
[03/03/2026-11:04:48] [I] Average on 10 runs - GPU latency: 0.0998993 ms - Host latency: 0.0998993 ms (enqueue 0.082782 ms)
[03/03/2026-11:04:48] [I] Average on 10 runs - GPU latency: 0.0997314 ms - Host latency: 0.0997314 ms (enqueue 0.0824707 ms)
[03/03/2026-11:04:48] [I] Average on 10 runs - GPU latency: 0.104187 ms - Host latency: 0.104187 ms (enqueue 0.0877747 ms)
[03/03/2026-11:04:48] [I] Average on 10 runs - GPU latency: 0.100378 ms - Host latency: 0.100378 ms (enqueue 0.0831024 ms)
[03/03/2026-11:04:48] [I] Average on 10 runs - GPU latency: 0.102332 ms - Host latency: 0.102332 ms (enqueue 0.0838715 ms)
[03/03/2026-11:04:48] [I] Average on 10 runs - GPU latency: 0.101157 ms - Host latency: 0.101157 ms (enqueue 0.0836761 ms)
[03/03/2026-11:04:48] [I] Average on 10 runs - GPU latency: 0.102155 ms - Host latency: 0.102155 ms (enqueue 0.0838562 ms)
[03/03/2026-11:04:48] [I] Average on 10 runs - GPU latency: 0.100269 ms - Host latency: 0.100269 ms (enqueue 0.0828674 ms)
[03/03/2026-11:04:48] [I] Average on 10 runs - GPU latency: 0.101233 ms - Host latency: 0.101233 ms (enqueue 0.083847 ms)
[03/03/2026-11:04:48] [I] Average on 10 runs - GPU latency: 0.099469 ms - Host latency: 0.099469 ms (enqueue 0.0822876 ms)
[03/03/2026-11:04:48] [I] Average on 10 runs - GPU latency: 0.101291 ms - Host latency: 0.101291 ms (enqueue 0.0844757 ms)
[03/03/2026-11:04:48] [I] Average on 10 runs - GPU latency: 0.100281 ms - Host latency: 0.100281 ms (enqueue 0.0831299 ms)
[03/03/2026-11:04:48] [I] Average on 10 runs - GPU latency: 0.0990417 ms - Host latency: 0.0990417 ms (enqueue 0.0819061 ms)
[03/03/2026-11:04:48] [I] Average on 10 runs - GPU latency: 0.0992737 ms - Host latency: 0.0992737 ms (enqueue 0.0823242 ms)
[03/03/2026-11:04:48] [I] Average on 10 runs - GPU latency: 0.103055 ms - Host latency: 0.103055 ms (enqueue 0.0853363 ms)
[03/03/2026-11:04:48] [I] Average on 10 runs - GPU latency: 0.100073 ms - Host latency: 0.100073 ms (enqueue 0.0828217 ms)
[03/03/2026-11:04:48] [I] Average on 10 runs - GPU latency: 0.10152 ms - Host latency: 0.10152 ms (enqueue 0.083728 ms)
[03/03/2026-11:04:48] [I] Average on 10 runs - GPU latency: 0.101074 ms - Host latency: 0.101074 ms (enqueue 0.0836609 ms)
[03/03/2026-11:04:48] [I] Average on 10 runs - GPU latency: 0.104105 ms - Host latency: 0.104105 ms (enqueue 0.0861053 ms)
[03/03/2026-11:04:48] [I] Average on 10 runs - GPU latency: 0.101288 ms - Host latency: 0.101288 ms (enqueue 0.0838135 ms)
[03/03/2026-11:04:48] [I] Average on 10 runs - GPU latency: 0.101987 ms - Host latency: 0.101987 ms (enqueue 0.0841766 ms)
[03/03/2026-11:04:48] [I] Average on 10 runs - GPU latency: 0.103549 ms - Host latency: 0.103549 ms (enqueue 0.0866058 ms)
[03/03/2026-11:04:48] [I] Average on 10 runs - GPU latency: 0.0994995 ms - Host latency: 0.0994995 ms (enqueue 0.0827118 ms)
[03/03/2026-11:04:48] [I] Average on 10 runs - GPU latency: 0.0998779 ms - Host latency: 0.0998779 ms (enqueue 0.0825378 ms)
[03/03/2026-11:04:48] [I] Average on 10 runs - GPU latency: 0.0996582 ms - Host latency: 0.0996582 ms (enqueue 0.0825134 ms)
[03/03/2026-11:04:48] [I] Average on 10 runs - GPU latency: 0.102106 ms - Host latency: 0.102106 ms (enqueue 0.0851044 ms)
[03/03/2026-11:04:48] [I] Average on 10 runs - GPU latency: 0.0997162 ms - Host latency: 0.0997162 ms (enqueue 0.0822815 ms)
[03/03/2026-11:04:48] [I] Average on 10 runs - GPU latency: 0.100104 ms - Host latency: 0.100104 ms (enqueue 0.0828705 ms)
[03/03/2026-11:04:48] [I] Average on 10 runs - GPU latency: 0.0990295 ms - Host latency: 0.0990295 ms (enqueue 0.0819946 ms)
[03/03/2026-11:04:48] [I] Average on 10 runs - GPU latency: 0.101178 ms - Host latency: 0.101178 ms (enqueue 0.0849609 ms)
[03/03/2026-11:04:48] [I] Average on 10 runs - GPU latency: 0.0999146 ms - Host latency: 0.0999146 ms (enqueue 0.0825867 ms)
[03/03/2026-11:04:48] [I] Average on 10 runs - GPU latency: 0.0987854 ms - Host latency: 0.0987854 ms (enqueue 0.0816681 ms)
[03/03/2026-11:04:48] [I] Average on 10 runs - GPU latency: 0.0995056 ms - Host latency: 0.0995056 ms (enqueue 0.0819397 ms)
[03/03/2026-11:04:48] [I] Average on 10 runs - GPU latency: 0.101459 ms - Host latency: 0.101459 ms (enqueue 0.085022 ms)
[03/03/2026-11:04:48] [I] Average on 10 runs - GPU latency: 0.100491 ms - Host latency: 0.100491 ms (enqueue 0.0829346 ms)
[03/03/2026-11:04:48] [I] Average on 10 runs - GPU latency: 0.0998352 ms - Host latency: 0.0998352 ms (enqueue 0.0823975 ms)
[03/03/2026-11:04:48] [I] Average on 10 runs - GPU latency: 0.0997467 ms - Host latency: 0.0997467 ms (enqueue 0.082312 ms)
[03/03/2026-11:04:48] [I] Average on 10 runs - GPU latency: 0.103473 ms - Host latency: 0.103473 ms (enqueue 0.0849121 ms)
[03/03/2026-11:04:48] [I] Average on 10 runs - GPU latency: 0.0997986 ms - Host latency: 0.0997986 ms (enqueue 0.0822968 ms)
[03/03/2026-11:04:48] [I] Average on 10 runs - GPU latency: 0.0997101 ms - Host latency: 0.0997101 ms (enqueue 0.0825531 ms)
[03/03/2026-11:04:48] [I] Average on 10 runs - GPU latency: 0.0991089 ms - Host latency: 0.0991089 ms (enqueue 0.0820129 ms)
[03/03/2026-11:04:48] [I] Average on 10 runs - GPU latency: 0.10217 ms - Host latency: 0.10217 ms (enqueue 0.084787 ms)
[03/03/2026-11:04:48] [I] Average on 10 runs - GPU latency: 0.102655 ms - Host latency: 0.102655 ms (enqueue 0.0840454 ms)
[03/03/2026-11:04:48] [I] Average on 10 runs - GPU latency: 0.100079 ms - Host latency: 0.100079 ms (enqueue 0.082721 ms)
[03/03/2026-11:04:48] [I] Average on 10 runs - GPU latency: 0.0998474 ms - Host latency: 0.0998474 ms (enqueue 0.0830536 ms)
[03/03/2026-11:04:48] [I] Average on 10 runs - GPU latency: 0.100333 ms - Host latency: 0.100333 ms (enqueue 0.0842499 ms)
[03/03/2026-11:04:48] [I] Average on 10 runs - GPU latency: 0.100235 ms - Host latency: 0.100235 ms (enqueue 0.0830078 ms)
[03/03/2026-11:04:48] [I] Average on 10 runs - GPU latency: 0.0993439 ms - Host latency: 0.0993439 ms (enqueue 0.0819305 ms)
[03/03/2026-11:04:48] [I] Average on 10 runs - GPU latency: 0.100333 ms - Host latency: 0.100333 ms (enqueue 0.0828522 ms)
[03/03/2026-11:04:48] [I] Average on 10 runs - GPU latency: 0.101718 ms - Host latency: 0.101718 ms (enqueue 0.0835053 ms)
[03/03/2026-11:04:48] [I] Average on 10 runs - GPU latency: 0.102335 ms - Host latency: 0.102335 ms (enqueue 0.0841217 ms)
[03/03/2026-11:04:48] [I] Average on 10 runs - GPU latency: 0.100037 ms - Host latency: 0.100037 ms (enqueue 0.0825592 ms)
[03/03/2026-11:04:48] [I] Average on 10 runs - GPU latency: 0.101385 ms - Host latency: 0.101385 ms (enqueue 0.0856506 ms)
[03/03/2026-11:04:48] [I] Average on 10 runs - GPU latency: 0.101434 ms - Host latency: 0.101434 ms (enqueue 0.0834961 ms)
[03/03/2026-11:04:48] [I] Average on 10 runs - GPU latency: 0.0996979 ms - Host latency: 0.0996979 ms (enqueue 0.0821228 ms)
[03/03/2026-11:04:48] [I] Average on 10 runs - GPU latency: 0.100192 ms - Host latency: 0.100192 ms (enqueue 0.0829803 ms)
[03/03/2026-11:04:48] [I] Average on 10 runs - GPU latency: 0.102505 ms - Host latency: 0.102505 ms (enqueue 0.0859558 ms)
[03/03/2026-11:04:48] [I] Average on 10 runs - GPU latency: 0.0998383 ms - Host latency: 0.0998383 ms (enqueue 0.0825378 ms)
[03/03/2026-11:04:48] [I] Average on 10 runs - GPU latency: 0.100208 ms - Host latency: 0.100208 ms (enqueue 0.0827576 ms)
[03/03/2026-11:04:48] [I] Average on 10 runs - GPU latency: 0.0997894 ms - Host latency: 0.0997894 ms (enqueue 0.0824219 ms)
[03/03/2026-11:04:48] [I] Average on 10 runs - GPU latency: 0.100726 ms - Host latency: 0.100726 ms (enqueue 0.0839996 ms)
[03/03/2026-11:04:48] [I] Average on 10 runs - GPU latency: 0.100552 ms - Host latency: 0.100552 ms (enqueue 0.0836273 ms)
[03/03/2026-11:04:48] [I] Average on 10 runs - GPU latency: 0.101047 ms - Host latency: 0.101047 ms (enqueue 0.0829346 ms)
[03/03/2026-11:04:48] [I] Average on 10 runs - GPU latency: 0.0994873 ms - Host latency: 0.0994873 ms (enqueue 0.082489 ms)
[03/03/2026-11:04:48] [I] Average on 10 runs - GPU latency: 0.102008 ms - Host latency: 0.102008 ms (enqueue 0.0857269 ms)
[03/03/2026-11:04:48] [I] Average on 10 runs - GPU latency: 0.099646 ms - Host latency: 0.099646 ms (enqueue 0.0824707 ms)
[03/03/2026-11:04:48] [I] Average on 10 runs - GPU latency: 0.0995544 ms - Host latency: 0.0995544 ms (enqueue 0.0822327 ms)
[03/03/2026-11:04:48] [I] Average on 10 runs - GPU latency: 0.100012 ms - Host latency: 0.100012 ms (enqueue 0.0829254 ms)
[03/03/2026-11:04:48] [I] Average on 10 runs - GPU latency: 0.10101 ms - Host latency: 0.10101 ms (enqueue 0.0828644 ms)
[03/03/2026-11:04:48] [I] Average on 10 runs - GPU latency: 0.099884 ms - Host latency: 0.099884 ms (enqueue 0.0821991 ms)
[03/03/2026-11:04:48] [I] Average on 10 runs - GPU latency: 0.0999451 ms - Host latency: 0.0999451 ms (enqueue 0.0830078 ms)
[03/03/2026-11:04:48] [I] Average on 10 runs - GPU latency: 0.0999481 ms - Host latency: 0.0999481 ms (enqueue 0.0820496 ms)
[03/03/2026-11:04:48] [I] Average on 10 runs - GPU latency: 0.104184 ms - Host latency: 0.104184 ms (enqueue 0.0855896 ms)
[03/03/2026-11:04:48] [I] Average on 10 runs - GPU latency: 0.0998718 ms - Host latency: 0.0998718 ms (enqueue 0.0826965 ms)
[03/03/2026-11:04:48] [I] Average on 10 runs - GPU latency: 0.0995758 ms - Host latency: 0.0995758 ms (enqueue 0.0822906 ms)
[03/03/2026-11:04:48] [I] Average on 10 runs - GPU latency: 0.0997681 ms - Host latency: 0.0997681 ms (enqueue 0.0823639 ms)
[03/03/2026-11:04:48] [I] Average on 10 runs - GPU latency: 0.101477 ms - Host latency: 0.101477 ms (enqueue 0.0839203 ms)
[03/03/2026-11:04:48] [I] Average on 10 runs - GPU latency: 0.0995697 ms - Host latency: 0.0995697 ms (enqueue 0.0823029 ms)
[03/03/2026-11:04:48] [I] Average on 10 runs - GPU latency: 0.0993011 ms - Host latency: 0.0993011 ms (enqueue 0.0820312 ms)
[03/03/2026-11:04:48] [I] Average on 10 runs - GPU latency: 0.099231 ms - Host latency: 0.099231 ms (enqueue 0.0818909 ms)
[03/03/2026-11:04:48] [I] Average on 10 runs - GPU latency: 0.101477 ms - Host latency: 0.101477 ms (enqueue 0.0848297 ms)
[03/03/2026-11:04:48] [I] Average on 10 runs - GPU latency: 0.0999359 ms - Host latency: 0.0999359 ms (enqueue 0.0822998 ms)
[03/03/2026-11:04:48] [I] Average on 10 runs - GPU latency: 0.100446 ms - Host latency: 0.100446 ms (enqueue 0.0833282 ms)
[03/03/2026-11:04:48] [I] Average on 10 runs - GPU latency: 0.0990601 ms - Host latency: 0.0990601 ms (enqueue 0.0820099 ms)
[03/03/2026-11:04:48] [I] Average on 10 runs - GPU latency: 0.102328 ms - Host latency: 0.102328 ms (enqueue 0.0849518 ms)
[03/03/2026-11:04:48] [I] Average on 10 runs - GPU latency: 0.0993408 ms - Host latency: 0.0993408 ms (enqueue 0.0823212 ms)
[03/03/2026-11:04:48] [I] Average on 10 runs - GPU latency: 0.0992401 ms - Host latency: 0.0992401 ms (enqueue 0.0824982 ms)
[03/03/2026-11:04:48] [I] Average on 10 runs - GPU latency: 0.0998047 ms - Host latency: 0.0998047 ms (enqueue 0.0825653 ms)
[03/03/2026-11:04:48] [I] Average on 10 runs - GPU latency: 0.102368 ms - Host latency: 0.102368 ms (enqueue 0.0859528 ms)
[03/03/2026-11:04:48] [I] Average on 10 runs - GPU latency: 0.0998535 ms - Host latency: 0.0998535 ms (enqueue 0.0828674 ms)
[03/03/2026-11:04:48] [I] Average on 10 runs - GPU latency: 0.099646 ms - Host latency: 0.099646 ms (enqueue 0.0822266 ms)
[03/03/2026-11:04:48] [I] Average on 10 runs - GPU latency: 0.0994934 ms - Host latency: 0.0994934 ms (enqueue 0.0824829 ms)
[03/03/2026-11:04:48] [I] Average on 10 runs - GPU latency: 0.101721 ms - Host latency: 0.101721 ms (enqueue 0.0853882 ms)
[03/03/2026-11:04:48] [I] Average on 10 runs - GPU latency: 0.0995239 ms - Host latency: 0.0995239 ms (enqueue 0.0820953 ms)
[03/03/2026-11:04:48] [I] Average on 10 runs - GPU latency: 0.0999573 ms - Host latency: 0.0999573 ms (enqueue 0.0829132 ms)
[03/03/2026-11:04:48] [I] Average on 10 runs - GPU latency: 0.101086 ms - Host latency: 0.101086 ms (enqueue 0.0841919 ms)
[03/03/2026-11:04:48] [I] Average on 10 runs - GPU latency: 0.10148 ms - Host latency: 0.10148 ms (enqueue 0.0833008 ms)
[03/03/2026-11:04:48] [I] Average on 10 runs - GPU latency: 0.0988831 ms - Host latency: 0.0988831 ms (enqueue 0.0818207 ms)
[03/03/2026-11:04:48] [I] Average on 10 runs - GPU latency: 0.0989014 ms - Host latency: 0.0989014 ms (enqueue 0.0821747 ms)
[03/03/2026-11:04:48] [I] Average on 10 runs - GPU latency: 0.101309 ms - Host latency: 0.101309 ms (enqueue 0.0847199 ms)
[03/03/2026-11:04:48] [I] Average on 10 runs - GPU latency: 0.101053 ms - Host latency: 0.101053 ms (enqueue 0.0828308 ms)
[03/03/2026-11:04:48] [I] Average on 10 runs - GPU latency: 0.0994934 ms - Host latency: 0.0994934 ms (enqueue 0.0818634 ms)
[03/03/2026-11:04:48] [I] Average on 10 runs - GPU latency: 0.0993408 ms - Host latency: 0.0993408 ms (enqueue 0.0821289 ms)
[03/03/2026-11:04:48] [I] Average on 10 runs - GPU latency: 0.102948 ms - Host latency: 0.102948 ms (enqueue 0.0866058 ms)
[03/03/2026-11:04:48] [I] Average on 10 runs - GPU latency: 0.100348 ms - Host latency: 0.100348 ms (enqueue 0.0826996 ms)
[03/03/2026-11:04:48] [I] Average on 10 runs - GPU latency: 0.0994934 ms - Host latency: 0.0994934 ms (enqueue 0.0824585 ms)
[03/03/2026-11:04:48] [I] Average on 10 runs - GPU latency: 0.0996613 ms - Host latency: 0.0996613 ms (enqueue 0.0826416 ms)
[03/03/2026-11:04:48] [I] Average on 10 runs - GPU latency: 0.10376 ms - Host latency: 0.10376 ms (enqueue 0.0856476 ms)
[03/03/2026-11:04:48] [I] Average on 10 runs - GPU latency: 0.0994751 ms - Host latency: 0.0994751 ms (enqueue 0.0819 ms)
[03/03/2026-11:04:48] [I] Average on 10 runs - GPU latency: 0.0997375 ms - Host latency: 0.0997375 ms (enqueue 0.082373 ms)
[03/03/2026-11:04:48] [I] Average on 10 runs - GPU latency: 0.100491 ms - Host latency: 0.100491 ms (enqueue 0.0827301 ms)
[03/03/2026-11:04:48] [I] Average on 10 runs - GPU latency: 0.102576 ms - Host latency: 0.102576 ms (enqueue 0.0852692 ms)
[03/03/2026-11:04:48] [I] Average on 10 runs - GPU latency: 0.100656 ms - Host latency: 0.100656 ms (enqueue 0.0830292 ms)
[03/03/2026-11:04:48] [I] Average on 10 runs - GPU latency: 0.0998535 ms - Host latency: 0.0998535 ms (enqueue 0.0820312 ms)
[03/03/2026-11:04:48] [I] Average on 10 runs - GPU latency: 0.100546 ms - Host latency: 0.100546 ms (enqueue 0.0830139 ms)
[03/03/2026-11:04:48] [I] Average on 10 runs - GPU latency: 0.102249 ms - Host latency: 0.102249 ms (enqueue 0.0851105 ms)
[03/03/2026-11:04:48] [I] Average on 10 runs - GPU latency: 0.0994507 ms - Host latency: 0.0994507 ms (enqueue 0.0823791 ms)
[03/03/2026-11:04:48] [I] Average on 10 runs - GPU latency: 0.100192 ms - Host latency: 0.100192 ms (enqueue 0.0825806 ms)
[03/03/2026-11:04:48] [I] Average on 10 runs - GPU latency: 0.101175 ms - Host latency: 0.101175 ms (enqueue 0.0831177 ms)
[03/03/2026-11:04:48] [I] Average on 10 runs - GPU latency: 0.102994 ms - Host latency: 0.102994 ms (enqueue 0.0852936 ms)
[03/03/2026-11:04:48] [I] Average on 10 runs - GPU latency: 0.100336 ms - Host latency: 0.100336 ms (enqueue 0.0834106 ms)
[03/03/2026-11:04:48] [I] Average on 10 runs - GPU latency: 0.0997803 ms - Host latency: 0.0997803 ms (enqueue 0.0822174 ms)
[03/03/2026-11:04:48] [I] Average on 10 runs - GPU latency: 0.0989136 ms - Host latency: 0.0989136 ms (enqueue 0.0817169 ms)
[03/03/2026-11:04:48] [I] Average on 10 runs - GPU latency: 0.102954 ms - Host latency: 0.102954 ms (enqueue 0.087323 ms)
[03/03/2026-11:04:48] [I] Average on 10 runs - GPU latency: 0.100861 ms - Host latency: 0.100861 ms (enqueue 0.083139 ms)
[03/03/2026-11:04:48] [I] Average on 10 runs - GPU latency: 0.0999054 ms - Host latency: 0.0999054 ms (enqueue 0.0828247 ms)
[03/03/2026-11:04:48] [I] Average on 10 runs - GPU latency: 0.0997101 ms - Host latency: 0.0997101 ms (enqueue 0.0824768 ms)
[03/03/2026-11:04:48] [I] Average on 10 runs - GPU latency: 0.102017 ms - Host latency: 0.102017 ms (enqueue 0.0850891 ms)
[03/03/2026-11:04:48] [I] Average on 10 runs - GPU latency: 0.100018 ms - Host latency: 0.100018 ms (enqueue 0.0827301 ms)
[03/03/2026-11:04:48] [I] Average on 10 runs - GPU latency: 0.100385 ms - Host latency: 0.100385 ms (enqueue 0.0825623 ms)
[03/03/2026-11:04:48] [I] Average on 10 runs - GPU latency: 0.0994568 ms - Host latency: 0.0994568 ms (enqueue 0.082196 ms)
[03/03/2026-11:04:48] [I] Average on 10 runs - GPU latency: 0.102411 ms - Host latency: 0.102411 ms (enqueue 0.0858765 ms)
[03/03/2026-11:04:48] [I] Average on 10 runs - GPU latency: 0.098761 ms - Host latency: 0.098761 ms (enqueue 0.0815125 ms)
[03/03/2026-11:04:48] [I] Average on 10 runs - GPU latency: 0.0990601 ms - Host latency: 0.0990601 ms (enqueue 0.0818359 ms)
[03/03/2026-11:04:48] [I] Average on 10 runs - GPU latency: 0.10014 ms - Host latency: 0.10014 ms (enqueue 0.0825867 ms)
[03/03/2026-11:04:48] [I] Average on 10 runs - GPU latency: 0.102148 ms - Host latency: 0.102148 ms (enqueue 0.0861511 ms)
[03/03/2026-11:04:48] [I] Average on 10 runs - GPU latency: 0.0997559 ms - Host latency: 0.0997559 ms (enqueue 0.082196 ms)
[03/03/2026-11:04:48] [I] Average on 10 runs - GPU latency: 0.100336 ms - Host latency: 0.100336 ms (enqueue 0.0828979 ms)
[03/03/2026-11:04:48] [I] Average on 10 runs - GPU latency: 0.0998901 ms - Host latency: 0.0998901 ms (enqueue 0.0843445 ms)
[03/03/2026-11:04:48] [I] Average on 10 runs - GPU latency: 0.100677 ms - Host latency: 0.100677 ms (enqueue 0.0829407 ms)
[03/03/2026-11:04:48] [I] Average on 10 runs - GPU latency: 0.0997375 ms - Host latency: 0.0997375 ms (enqueue 0.0819397 ms)
[03/03/2026-11:04:48] [I] Average on 10 runs - GPU latency: 0.100818 ms - Host latency: 0.100818 ms (enqueue 0.0825378 ms)
[03/03/2026-11:04:48] [I] Average on 10 runs - GPU latency: 0.100189 ms - Host latency: 0.100189 ms (enqueue 0.0825256 ms)
[03/03/2026-11:04:48] [I] Average on 10 runs - GPU latency: 0.0997436 ms - Host latency: 0.0997436 ms (enqueue 0.0827942 ms)
[03/03/2026-11:04:48] [I] Average on 10 runs - GPU latency: 0.100146 ms - Host latency: 0.100146 ms (enqueue 0.0832092 ms)
[03/03/2026-11:04:48] [I] Average on 10 runs - GPU latency: 0.0984802 ms - Host latency: 0.0984802 ms (enqueue 0.0817261 ms)
[03/03/2026-11:04:48] [I] Average on 10 runs - GPU latency: 0.101019 ms - Host latency: 0.101019 ms (enqueue 0.084082 ms)
[03/03/2026-11:04:48] [I] Average on 10 runs - GPU latency: 0.0993103 ms - Host latency: 0.0993103 ms (enqueue 0.0820129 ms)
[03/03/2026-11:04:48] [I] Average on 10 runs - GPU latency: 0.0997681 ms - Host latency: 0.0997681 ms (enqueue 0.0823791 ms)
[03/03/2026-11:04:48] [I] Average on 10 runs - GPU latency: 0.100336 ms - Host latency: 0.100336 ms (enqueue 0.0832214 ms)
[03/03/2026-11:04:48] [I] Average on 10 runs - GPU latency: 0.10033 ms - Host latency: 0.10033 ms (enqueue 0.083374 ms)
[03/03/2026-11:04:48] [I] Average on 10 runs - GPU latency: 0.10036 ms - Host latency: 0.10036 ms (enqueue 0.0832336 ms)
[03/03/2026-11:04:48] [I] Average on 10 runs - GPU latency: 0.100574 ms - Host latency: 0.100574 ms (enqueue 0.0826416 ms)
[03/03/2026-11:04:48] [I] Average on 10 runs - GPU latency: 0.0995422 ms - Host latency: 0.0995422 ms (enqueue 0.0824341 ms)
[03/03/2026-11:04:48] [I] Average on 10 runs - GPU latency: 0.101831 ms - Host latency: 0.101831 ms (enqueue 0.0852539 ms)
[03/03/2026-11:04:48] [I] Average on 10 runs - GPU latency: 0.102319 ms - Host latency: 0.102319 ms (enqueue 0.0849182 ms)
[03/03/2026-11:04:48] [I] Average on 10 runs - GPU latency: 0.0994751 ms - Host latency: 0.0994751 ms (enqueue 0.081958 ms)
[03/03/2026-11:04:48] [I] Average on 10 runs - GPU latency: 0.100232 ms - Host latency: 0.100232 ms (enqueue 0.0830994 ms)
[03/03/2026-11:04:48] [I] Average on 10 runs - GPU latency: 0.101984 ms - Host latency: 0.101984 ms (enqueue 0.0852966 ms)
[03/03/2026-11:04:48] [I] Average on 10 runs - GPU latency: 0.100952 ms - Host latency: 0.100952 ms (enqueue 0.083728 ms)
[03/03/2026-11:04:48] [I] Average on 10 runs - GPU latency: 0.100977 ms - Host latency: 0.100977 ms (enqueue 0.083606 ms)
[03/03/2026-11:04:48] [I] Average on 10 runs - GPU latency: 0.100909 ms - Host latency: 0.100909 ms (enqueue 0.0836853 ms)
[03/03/2026-11:04:48] [I] Average on 10 runs - GPU latency: 0.104126 ms - Host latency: 0.104126 ms (enqueue 0.0866943 ms)
[03/03/2026-11:04:48] [I] Average on 10 runs - GPU latency: 0.102087 ms - Host latency: 0.102087 ms (enqueue 0.0840332 ms)
[03/03/2026-11:04:48] [I] Average on 10 runs - GPU latency: 0.0997681 ms - Host latency: 0.0997681 ms (enqueue 0.0825745 ms)
[03/03/2026-11:04:48] [I] Average on 10 runs - GPU latency: 0.0991943 ms - Host latency: 0.0991943 ms (enqueue 0.0817749 ms)
[03/03/2026-11:04:48] [I] Average on 10 runs - GPU latency: 0.103491 ms - Host latency: 0.103491 ms (enqueue 0.0866821 ms)
[03/03/2026-11:04:48] [I] Average on 10 runs - GPU latency: 0.100311 ms - Host latency: 0.100311 ms (enqueue 0.0830383 ms)
[03/03/2026-11:04:48] [I] Average on 10 runs - GPU latency: 0.0994629 ms - Host latency: 0.0994629 ms (enqueue 0.0822937 ms)
[03/03/2026-11:04:48] [I] Average on 10 runs - GPU latency: 0.0999268 ms - Host latency: 0.0999268 ms (enqueue 0.0828613 ms)
[03/03/2026-11:04:48] [I] Average on 10 runs - GPU latency: 0.104388 ms - Host latency: 0.104388 ms (enqueue 0.0868042 ms)
[03/03/2026-11:04:48] [I] Average on 10 runs - GPU latency: 0.100903 ms - Host latency: 0.100903 ms (enqueue 0.0835754 ms)
[03/03/2026-11:04:48] [I] Average on 10 runs - GPU latency: 0.101349 ms - Host latency: 0.101349 ms (enqueue 0.0838257 ms)
[03/03/2026-11:04:48] [I] Average on 10 runs - GPU latency: 0.100104 ms - Host latency: 0.100104 ms (enqueue 0.0833069 ms)
[03/03/2026-11:04:48] [I] Average on 10 runs - GPU latency: 0.101221 ms - Host latency: 0.101221 ms (enqueue 0.084613 ms)
[03/03/2026-11:04:48] [I] Average on 10 runs - GPU latency: 0.10094 ms - Host latency: 0.10094 ms (enqueue 0.0829041 ms)
[03/03/2026-11:04:48] [I] Average on 10 runs - GPU latency: 0.0996399 ms - Host latency: 0.0996399 ms (enqueue 0.0821411 ms)
[03/03/2026-11:04:48] [I] Average on 10 runs - GPU latency: 0.0998596 ms - Host latency: 0.0998596 ms (enqueue 0.0824158 ms)
[03/03/2026-11:04:48] [I] Average on 10 runs - GPU latency: 0.102325 ms - Host latency: 0.102325 ms (enqueue 0.0837097 ms)
[03/03/2026-11:04:48] [I] Average on 10 runs - GPU latency: 0.0994385 ms - Host latency: 0.0994385 ms (enqueue 0.0819092 ms)
[03/03/2026-11:04:48] [I] Average on 10 runs - GPU latency: 0.0998596 ms - Host latency: 0.0998596 ms (enqueue 0.0828064 ms)
[03/03/2026-11:04:48] [I] Average on 10 runs - GPU latency: 0.100623 ms - Host latency: 0.100623 ms (enqueue 0.0827942 ms)
[03/03/2026-11:04:48] [I] Average on 10 runs - GPU latency: 0.100439 ms - Host latency: 0.100439 ms (enqueue 0.0828064 ms)
[03/03/2026-11:04:48] [I] Average on 10 runs - GPU latency: 0.0993835 ms - Host latency: 0.0993835 ms (enqueue 0.0821838 ms)
[03/03/2026-11:04:48] [I] Average on 10 runs - GPU latency: 0.0994446 ms - Host latency: 0.0994446 ms (enqueue 0.082019 ms)
[03/03/2026-11:04:48] [I] Average on 10 runs - GPU latency: 0.10166 ms - Host latency: 0.10166 ms (enqueue 0.084552 ms)
[03/03/2026-11:04:48] [I] Average on 10 runs - GPU latency: 0.100989 ms - Host latency: 0.100989 ms (enqueue 0.0834106 ms)
[03/03/2026-11:04:48] [I] Average on 10 runs - GPU latency: 0.0995605 ms - Host latency: 0.0995605 ms (enqueue 0.0822449 ms)
[03/03/2026-11:04:48] [I] Average on 10 runs - GPU latency: 0.100281 ms - Host latency: 0.100281 ms (enqueue 0.0827393 ms)
[03/03/2026-11:04:48] [I] Average on 10 runs - GPU latency: 0.101495 ms - Host latency: 0.101495 ms (enqueue 0.084436 ms)
[03/03/2026-11:04:48] [I] Average on 10 runs - GPU latency: 0.100391 ms - Host latency: 0.100391 ms (enqueue 0.083374 ms)
[03/03/2026-11:04:48] [I] Average on 10 runs - GPU latency: 0.100098 ms - Host latency: 0.100098 ms (enqueue 0.0825745 ms)
[03/03/2026-11:04:48] [I] Average on 10 runs - GPU latency: 0.0993103 ms - Host latency: 0.0993103 ms (enqueue 0.0820679 ms)
[03/03/2026-11:04:48] [I] Average on 10 runs - GPU latency: 0.100995 ms - Host latency: 0.100995 ms (enqueue 0.0849487 ms)
[03/03/2026-11:04:48] [I] Average on 10 runs - GPU latency: 0.100934 ms - Host latency: 0.100934 ms (enqueue 0.0834473 ms)
[03/03/2026-11:04:48] [I] Average on 10 runs - GPU latency: 0.0996521 ms - Host latency: 0.0996521 ms (enqueue 0.082312 ms)
[03/03/2026-11:04:48] [I] Average on 10 runs - GPU latency: 0.100537 ms - Host latency: 0.100537 ms (enqueue 0.0832031 ms)
[03/03/2026-11:04:48] [I] Average on 10 runs - GPU latency: 0.103174 ms - Host latency: 0.103174 ms (enqueue 0.0868347 ms)
[03/03/2026-11:04:48] [I] Average on 10 runs - GPU latency: 0.101318 ms - Host latency: 0.101318 ms (enqueue 0.083313 ms)
[03/03/2026-11:04:48] [I] Average on 10 runs - GPU latency: 0.0999512 ms - Host latency: 0.0999512 ms (enqueue 0.0823853 ms)
[03/03/2026-11:04:48] [I] Average on 10 runs - GPU latency: 0.100366 ms - Host latency: 0.100366 ms (enqueue 0.0828369 ms)
[03/03/2026-11:04:48] [I] Average on 10 runs - GPU latency: 0.102295 ms - Host latency: 0.102295 ms (enqueue 0.0852112 ms)
[03/03/2026-11:04:48] [I] Average on 10 runs - GPU latency: 0.10069 ms - Host latency: 0.10069 ms (enqueue 0.0834534 ms)
[03/03/2026-11:04:48] [I] Average on 10 runs - GPU latency: 0.0992981 ms - Host latency: 0.0992981 ms (enqueue 0.0819763 ms)
[03/03/2026-11:04:48] [I] Average on 10 runs - GPU latency: 0.0996155 ms - Host latency: 0.0996155 ms (enqueue 0.0822571 ms)
[03/03/2026-11:04:48] [I] Average on 10 runs - GPU latency: 0.10094 ms - Host latency: 0.10094 ms (enqueue 0.0842285 ms)
[03/03/2026-11:04:48] [I] Average on 10 runs - GPU latency: 0.0987671 ms - Host latency: 0.0987671 ms (enqueue 0.0817627 ms)
[03/03/2026-11:04:48] [I] Average on 10 runs - GPU latency: 0.0981567 ms - Host latency: 0.0981567 ms (enqueue 0.0811035 ms)
[03/03/2026-11:04:48] [I] Average on 10 runs - GPU latency: 0.0989929 ms - Host latency: 0.0989929 ms (enqueue 0.0816711 ms)
[03/03/2026-11:04:48] [I] Average on 10 runs - GPU latency: 0.10365 ms - Host latency: 0.10365 ms (enqueue 0.0862305 ms)
[03/03/2026-11:04:48] [I] Average on 10 runs - GPU latency: 0.0993164 ms - Host latency: 0.0993164 ms (enqueue 0.0816589 ms)
[03/03/2026-11:04:48] [I] Average on 10 runs - GPU latency: 0.100067 ms - Host latency: 0.100067 ms (enqueue 0.0821716 ms)
[03/03/2026-11:04:48] [I] Average on 10 runs - GPU latency: 0.0980591 ms - Host latency: 0.0980591 ms (enqueue 0.0812683 ms)
[03/03/2026-11:04:48] [I] Average on 10 runs - GPU latency: 0.102435 ms - Host latency: 0.102435 ms (enqueue 0.0852234 ms)
[03/03/2026-11:04:48] [I] Average on 10 runs - GPU latency: 0.100366 ms - Host latency: 0.100366 ms (enqueue 0.0828308 ms)
[03/03/2026-11:04:48] [I] Average on 10 runs - GPU latency: 0.0999634 ms - Host latency: 0.0999634 ms (enqueue 0.0826416 ms)
[03/03/2026-11:04:48] [I] Average on 10 runs - GPU latency: 0.0997925 ms - Host latency: 0.0997925 ms (enqueue 0.0827576 ms)
[03/03/2026-11:04:48] [I] Average on 10 runs - GPU latency: 0.103131 ms - Host latency: 0.103131 ms (enqueue 0.0855469 ms)
[03/03/2026-11:04:48] [I] Average on 10 runs - GPU latency: 0.0993652 ms - Host latency: 0.0993652 ms (enqueue 0.0818726 ms)
[03/03/2026-11:04:48] [I] Average on 10 runs - GPU latency: 0.099585 ms - Host latency: 0.099585 ms (enqueue 0.0822815 ms)
[03/03/2026-11:04:48] [I] Average on 10 runs - GPU latency: 0.101208 ms - Host latency: 0.101208 ms (enqueue 0.0834473 ms)
[03/03/2026-11:04:48] [I] Average on 10 runs - GPU latency: 0.103174 ms - Host latency: 0.103174 ms (enqueue 0.0861511 ms)
[03/03/2026-11:04:48] [I] Average on 10 runs - GPU latency: 0.100677 ms - Host latency: 0.100677 ms (enqueue 0.0838867 ms)
[03/03/2026-11:04:48] [I] Average on 10 runs - GPU latency: 0.0996155 ms - Host latency: 0.0996155 ms (enqueue 0.082135 ms)
[03/03/2026-11:04:48] [I] Average on 10 runs - GPU latency: 0.10105 ms - Host latency: 0.10105 ms (enqueue 0.0847656 ms)
[03/03/2026-11:04:48] [I] Average on 10 runs - GPU latency: 0.10108 ms - Host latency: 0.10108 ms (enqueue 0.0828003 ms)
[03/03/2026-11:04:48] [I] Average on 10 runs - GPU latency: 0.100385 ms - Host latency: 0.100385 ms (enqueue 0.0831543 ms)
[03/03/2026-11:04:48] [I] Average on 10 runs - GPU latency: 0.0997253 ms - Host latency: 0.0997253 ms (enqueue 0.0824585 ms)
[03/03/2026-11:04:48] [I] Average on 10 runs - GPU latency: 0.102753 ms - Host latency: 0.102753 ms (enqueue 0.0855652 ms)
[03/03/2026-11:04:48] [I] Average on 10 runs - GPU latency: 0.0993408 ms - Host latency: 0.0993408 ms (enqueue 0.0818298 ms)
[03/03/2026-11:04:48] [I] Average on 10 runs - GPU latency: 0.0997803 ms - Host latency: 0.0997803 ms (enqueue 0.0828125 ms)
[03/03/2026-11:04:48] [I] Average on 10 runs - GPU latency: 0.0991394 ms - Host latency: 0.0991394 ms (enqueue 0.0819641 ms)
[03/03/2026-11:04:48] [I] Average on 10 runs - GPU latency: 0.103394 ms - Host latency: 0.103394 ms (enqueue 0.0857788 ms)
[03/03/2026-11:04:48] [I] Average on 10 runs - GPU latency: 0.100439 ms - Host latency: 0.100439 ms (enqueue 0.0832214 ms)
[03/03/2026-11:04:48] [I] Average on 10 runs - GPU latency: 0.100085 ms - Host latency: 0.100085 ms (enqueue 0.0823791 ms)
[03/03/2026-11:04:48] [I] Average on 10 runs - GPU latency: 0.100543 ms - Host latency: 0.100543 ms (enqueue 0.0830505 ms)
[03/03/2026-11:04:48] [I] Average on 10 runs - GPU latency: 0.101794 ms - Host latency: 0.101794 ms (enqueue 0.0853577 ms)
[03/03/2026-11:04:48] [I] Average on 10 runs - GPU latency: 0.0999329 ms - Host latency: 0.0999329 ms (enqueue 0.0823242 ms)
[03/03/2026-11:04:48] [I] Average on 10 runs - GPU latency: 0.0995422 ms - Host latency: 0.0995422 ms (enqueue 0.0823303 ms)
[03/03/2026-11:04:48] [I] Average on 10 runs - GPU latency: 0.099469 ms - Host latency: 0.099469 ms (enqueue 0.0823486 ms)
[03/03/2026-11:04:48] [I] Average on 10 runs - GPU latency: 0.101227 ms - Host latency: 0.101227 ms (enqueue 0.0846619 ms)
[03/03/2026-11:04:48] [I] Average on 10 runs - GPU latency: 0.0993408 ms - Host latency: 0.0993408 ms (enqueue 0.082312 ms)
[03/03/2026-11:04:48] [I] Average on 10 runs - GPU latency: 0.0997192 ms - Host latency: 0.0997192 ms (enqueue 0.0825195 ms)
[03/03/2026-11:04:48] [I] Average on 10 runs - GPU latency: 0.101654 ms - Host latency: 0.101654 ms (enqueue 0.0837036 ms)
[03/03/2026-11:04:48] [I] Average on 10 runs - GPU latency: 0.101874 ms - Host latency: 0.101874 ms (enqueue 0.0854248 ms)
[03/03/2026-11:04:48] [I] Average on 10 runs - GPU latency: 0.0993591 ms - Host latency: 0.0993591 ms (enqueue 0.0819214 ms)
[03/03/2026-11:04:48] [I] Average on 10 runs - GPU latency: 0.099231 ms - Host latency: 0.099231 ms (enqueue 0.0820618 ms)
[03/03/2026-11:04:48] [I] Average on 10 runs - GPU latency: 0.0995605 ms - Host latency: 0.0995605 ms (enqueue 0.0828369 ms)
[03/03/2026-11:04:48] [I] Average on 10 runs - GPU latency: 0.102826 ms - Host latency: 0.102826 ms (enqueue 0.0842224 ms)
[03/03/2026-11:04:48] [I] Average on 10 runs - GPU latency: 0.100061 ms - Host latency: 0.100061 ms (enqueue 0.0828735 ms)
[03/03/2026-11:04:48] [I] Average on 10 runs - GPU latency: 0.100732 ms - Host latency: 0.100732 ms (enqueue 0.083313 ms)
[03/03/2026-11:04:48] [I] Average on 10 runs - GPU latency: 0.0994812 ms - Host latency: 0.0994812 ms (enqueue 0.0822998 ms)
[03/03/2026-11:04:48] [I] Average on 10 runs - GPU latency: 0.101434 ms - Host latency: 0.101434 ms (enqueue 0.08349 ms)
[03/03/2026-11:04:48] [I] Average on 10 runs - GPU latency: 0.0992737 ms - Host latency: 0.0992737 ms (enqueue 0.0821777 ms)
[03/03/2026-11:04:48] [I] Average on 10 runs - GPU latency: 0.101465 ms - Host latency: 0.101465 ms (enqueue 0.0838684 ms)
[03/03/2026-11:04:48] [I] Average on 10 runs - GPU latency: 0.100507 ms - Host latency: 0.100507 ms (enqueue 0.0831665 ms)
[03/03/2026-11:04:48] [I] Average on 10 runs - GPU latency: 0.101788 ms - Host latency: 0.101788 ms (enqueue 0.084198 ms)
[03/03/2026-11:04:48] [I] Average on 10 runs - GPU latency: 0.100812 ms - Host latency: 0.100812 ms (enqueue 0.0830811 ms)
[03/03/2026-11:04:48] [I] Average on 10 runs - GPU latency: 0.100507 ms - Host latency: 0.100507 ms (enqueue 0.0834534 ms)
[03/03/2026-11:04:48] [I] Average on 10 runs - GPU latency: 0.100421 ms - Host latency: 0.100421 ms (enqueue 0.0831055 ms)
[03/03/2026-11:04:48] [I] Average on 10 runs - GPU latency: 0.101398 ms - Host latency: 0.101398 ms (enqueue 0.0852661 ms)
[03/03/2026-11:04:48] [I] Average on 10 runs - GPU latency: 0.0994446 ms - Host latency: 0.0994446 ms (enqueue 0.082373 ms)
[03/03/2026-11:04:48] [I] Average on 10 runs - GPU latency: 0.0999573 ms - Host latency: 0.0999573 ms (enqueue 0.0824524 ms)
[03/03/2026-11:04:48] [I] Average on 10 runs - GPU latency: 0.0992493 ms - Host latency: 0.0992493 ms (enqueue 0.0820435 ms)
[03/03/2026-11:04:48] [I] Average on 10 runs - GPU latency: 0.103027 ms - Host latency: 0.103027 ms (enqueue 0.085437 ms)
[03/03/2026-11:04:48] [I] Average on 10 runs - GPU latency: 0.100024 ms - Host latency: 0.100024 ms (enqueue 0.0825562 ms)
[03/03/2026-11:04:48] [I] Average on 10 runs - GPU latency: 0.101434 ms - Host latency: 0.101434 ms (enqueue 0.0833435 ms)
[03/03/2026-11:04:48] [I] Average on 10 runs - GPU latency: 0.100726 ms - Host latency: 0.100726 ms (enqueue 0.0843262 ms)
[03/03/2026-11:04:48] [I] Average on 10 runs - GPU latency: 0.100391 ms - Host latency: 0.100391 ms (enqueue 0.0827515 ms)
[03/03/2026-11:04:48] [I] Average on 10 runs - GPU latency: 0.100458 ms - Host latency: 0.100458 ms (enqueue 0.0834167 ms)
[03/03/2026-11:04:48] [I] Average on 10 runs - GPU latency: 0.100299 ms - Host latency: 0.100299 ms (enqueue 0.0826965 ms)
[03/03/2026-11:04:48] [I] Average on 10 runs - GPU latency: 0.10285 ms - Host latency: 0.10285 ms (enqueue 0.0854736 ms)
[03/03/2026-11:04:48] [I] Average on 10 runs - GPU latency: 0.0998962 ms - Host latency: 0.0998962 ms (enqueue 0.0825806 ms)
[03/03/2026-11:04:48] [I] Average on 10 runs - GPU latency: 0.100391 ms - Host latency: 0.100391 ms (enqueue 0.0830017 ms)
[03/03/2026-11:04:48] [I] Average on 10 runs - GPU latency: 0.100238 ms - Host latency: 0.100238 ms (enqueue 0.0824402 ms)
[03/03/2026-11:04:48] [I] Average on 10 runs - GPU latency: 0.102173 ms - Host latency: 0.102173 ms (enqueue 0.0849793 ms)
[03/03/2026-11:04:48] [I] Average on 10 runs - GPU latency: 0.101288 ms - Host latency: 0.101288 ms (enqueue 0.0842102 ms)
[03/03/2026-11:04:48] [I] Average on 10 runs - GPU latency: 0.102118 ms - Host latency: 0.102118 ms (enqueue 0.0839661 ms)
[03/03/2026-11:04:48] [I] Average on 10 runs - GPU latency: 0.0998352 ms - Host latency: 0.0998352 ms (enqueue 0.082373 ms)
[03/03/2026-11:04:48] [I] Average on 10 runs - GPU latency: 0.10144 ms - Host latency: 0.10144 ms (enqueue 0.0832031 ms)
[03/03/2026-11:04:48] [I] Average on 10 runs - GPU latency: 0.100653 ms - Host latency: 0.100653 ms (enqueue 0.0832459 ms)
[03/03/2026-11:04:48] [I] Average on 10 runs - GPU latency: 0.0990601 ms - Host latency: 0.0990601 ms (enqueue 0.0815918 ms)
[03/03/2026-11:04:48] [I] Average on 10 runs - GPU latency: 0.0996094 ms - Host latency: 0.0996094 ms (enqueue 0.0826355 ms)
[03/03/2026-11:04:48] [I] Average on 10 runs - GPU latency: 0.102966 ms - Host latency: 0.102966 ms (enqueue 0.0854004 ms)
[03/03/2026-11:04:48] [I] Average on 10 runs - GPU latency: 0.100787 ms - Host latency: 0.100787 ms (enqueue 0.0833252 ms)
[03/03/2026-11:04:48] [I] Average on 10 runs - GPU latency: 0.100293 ms - Host latency: 0.100293 ms (enqueue 0.0830383 ms)
[03/03/2026-11:04:48] [I] Average on 10 runs - GPU latency: 0.0997009 ms - Host latency: 0.0997009 ms (enqueue 0.0822876 ms)
[03/03/2026-11:04:48] [I] Average on 10 runs - GPU latency: 0.1021 ms - Host latency: 0.1021 ms (enqueue 0.0849854 ms)
[03/03/2026-11:04:48] [I] Average on 10 runs - GPU latency: 0.0993042 ms - Host latency: 0.0993042 ms (enqueue 0.0823242 ms)
[03/03/2026-11:04:48] [I] Average on 10 runs - GPU latency: 0.100842 ms - Host latency: 0.100842 ms (enqueue 0.0829895 ms)
[03/03/2026-11:04:48] [I] Average on 10 runs - GPU latency: 0.0990723 ms - Host latency: 0.0990723 ms (enqueue 0.0818542 ms)
[03/03/2026-11:04:48] [I] Average on 10 runs - GPU latency: 0.102393 ms - Host latency: 0.102393 ms (enqueue 0.085376 ms)
[03/03/2026-11:04:48] [I] Average on 10 runs - GPU latency: 0.0999695 ms - Host latency: 0.0999695 ms (enqueue 0.0826843 ms)
[03/03/2026-11:04:48] [I] Average on 10 runs - GPU latency: 0.100073 ms - Host latency: 0.100073 ms (enqueue 0.0825623 ms)
[03/03/2026-11:04:48] [I] Average on 10 runs - GPU latency: 0.0993835 ms - Host latency: 0.0993835 ms (enqueue 0.0823242 ms)
[03/03/2026-11:04:48] [I] Average on 10 runs - GPU latency: 0.101831 ms - Host latency: 0.101831 ms (enqueue 0.0846741 ms)
[03/03/2026-11:04:48] [I] Average on 10 runs - GPU latency: 0.0996338 ms - Host latency: 0.0996338 ms (enqueue 0.0828369 ms)
[03/03/2026-11:04:48] [I] Average on 10 runs - GPU latency: 0.0997436 ms - Host latency: 0.0997436 ms (enqueue 0.0826233 ms)
[03/03/2026-11:04:48] [I] Average on 10 runs - GPU latency: 0.100537 ms - Host latency: 0.100537 ms (enqueue 0.0833618 ms)
[03/03/2026-11:04:48] [I] Average on 10 runs - GPU latency: 0.102289 ms - Host latency: 0.102289 ms (enqueue 0.0860291 ms)
[03/03/2026-11:04:48] [I] Average on 10 runs - GPU latency: 0.102185 ms - Host latency: 0.102185 ms (enqueue 0.0839294 ms)
[03/03/2026-11:04:48] [I] Average on 10 runs - GPU latency: 0.0997559 ms - Host latency: 0.0997559 ms (enqueue 0.0823364 ms)
[03/03/2026-11:04:48] [I] Average on 10 runs - GPU latency: 0.0998901 ms - Host latency: 0.0998901 ms (enqueue 0.0825989 ms)
[03/03/2026-11:04:48] [I] Average on 10 runs - GPU latency: 0.102936 ms - Host latency: 0.102936 ms (enqueue 0.0869202 ms)
[03/03/2026-11:04:48] [I] Average on 10 runs - GPU latency: 0.0998474 ms - Host latency: 0.0998474 ms (enqueue 0.082428 ms)
[03/03/2026-11:04:48] [I] Average on 10 runs - GPU latency: 0.10022 ms - Host latency: 0.10022 ms (enqueue 0.0829773 ms)
[03/03/2026-11:04:48] [I] Average on 10 runs - GPU latency: 0.102203 ms - Host latency: 0.102203 ms (enqueue 0.0856689 ms)
[03/03/2026-11:04:48] [I] Average on 10 runs - GPU latency: 0.101385 ms - Host latency: 0.101385 ms (enqueue 0.0836426 ms)
[03/03/2026-11:04:48] [I] Average on 10 runs - GPU latency: 0.100439 ms - Host latency: 0.100439 ms (enqueue 0.0831299 ms)
[03/03/2026-11:04:48] [I] Average on 10 runs - GPU latency: 0.0990845 ms - Host latency: 0.0990845 ms (enqueue 0.082251 ms)
[03/03/2026-11:04:48] [I] Average on 10 runs - GPU latency: 0.101581 ms - Host latency: 0.101581 ms (enqueue 0.0841919 ms)
[03/03/2026-11:04:48] [I] Average on 10 runs - GPU latency: 0.101404 ms - Host latency: 0.101404 ms (enqueue 0.0834717 ms)
[03/03/2026-11:04:48] [I] Average on 10 runs - GPU latency: 0.101514 ms - Host latency: 0.101514 ms (enqueue 0.084491 ms)
[03/03/2026-11:04:48] [I] Average on 10 runs - GPU latency: 0.100439 ms - Host latency: 0.100439 ms (enqueue 0.0832214 ms)
[03/03/2026-11:04:48] [I] Average on 10 runs - GPU latency: 0.103516 ms - Host latency: 0.103516 ms (enqueue 0.0863708 ms)
[03/03/2026-11:04:48] [I] Average on 10 runs - GPU latency: 0.0994263 ms - Host latency: 0.0994263 ms (enqueue 0.0818726 ms)
[03/03/2026-11:04:48] [I] Average on 10 runs - GPU latency: 0.099762 ms - Host latency: 0.099762 ms (enqueue 0.0824463 ms)
[03/03/2026-11:04:48] [I] Average on 10 runs - GPU latency: 0.100012 ms - Host latency: 0.100012 ms (enqueue 0.082843 ms)
[03/03/2026-11:04:48] [I] Average on 10 runs - GPU latency: 0.1026 ms - Host latency: 0.1026 ms (enqueue 0.0861145 ms)
[03/03/2026-11:04:48] [I] Average on 10 runs - GPU latency: 0.0994995 ms - Host latency: 0.0994995 ms (enqueue 0.0825256 ms)
[03/03/2026-11:04:48] [I] Average on 10 runs - GPU latency: 0.0996887 ms - Host latency: 0.0996887 ms (enqueue 0.0828186 ms)
[03/03/2026-11:04:48] [I] Average on 10 runs - GPU latency: 0.0992981 ms - Host latency: 0.0992981 ms (enqueue 0.0821533 ms)
[03/03/2026-11:04:48] [I] Average on 10 runs - GPU latency: 0.104181 ms - Host latency: 0.104181 ms (enqueue 0.0875671 ms)
[03/03/2026-11:04:48] [I] Average on 10 runs - GPU latency: 0.102094 ms - Host latency: 0.102094 ms (enqueue 0.0838501 ms)
[03/03/2026-11:04:48] [I] Average on 10 runs - GPU latency: 0.100592 ms - Host latency: 0.100592 ms (enqueue 0.0833679 ms)
[03/03/2026-11:04:48] [I] Average on 10 runs - GPU latency: 0.101392 ms - Host latency: 0.101392 ms (enqueue 0.0836487 ms)
[03/03/2026-11:04:48] [I] Average on 10 runs - GPU latency: 0.101904 ms - Host latency: 0.101904 ms (enqueue 0.0855286 ms)
[03/03/2026-11:04:48] [I] Average on 10 runs - GPU latency: 0.101044 ms - Host latency: 0.101044 ms (enqueue 0.083606 ms)
[03/03/2026-11:04:48] [I] Average on 10 runs - GPU latency: 0.100177 ms - Host latency: 0.100177 ms (enqueue 0.0829773 ms)
[03/03/2026-11:04:48] [I] Average on 10 runs - GPU latency: 0.0997986 ms - Host latency: 0.0997986 ms (enqueue 0.0822693 ms)
[03/03/2026-11:04:48] [I] Average on 10 runs - GPU latency: 0.103925 ms - Host latency: 0.103925 ms (enqueue 0.0873962 ms)
[03/03/2026-11:04:48] [I] Average on 10 runs - GPU latency: 0.100793 ms - Host latency: 0.100793 ms (enqueue 0.0826843 ms)
[03/03/2026-11:04:48] [I] Average on 10 runs - GPU latency: 0.100293 ms - Host latency: 0.100293 ms (enqueue 0.0828918 ms)
[03/03/2026-11:04:48] [I] Average on 10 runs - GPU latency: 0.0991882 ms - Host latency: 0.0991882 ms (enqueue 0.0821472 ms)
[03/03/2026-11:04:48] [I] Average on 10 runs - GPU latency: 0.102875 ms - Host latency: 0.102875 ms (enqueue 0.0857666 ms)
[03/03/2026-11:04:48] [I] Average on 10 runs - GPU latency: 0.10011 ms - Host latency: 0.10011 ms (enqueue 0.0832581 ms)
[03/03/2026-11:04:48] [I] Average on 10 runs - GPU latency: 0.0999329 ms - Host latency: 0.0999329 ms (enqueue 0.0826416 ms)
[03/03/2026-11:04:48] [I] Average on 10 runs - GPU latency: 0.0993958 ms - Host latency: 0.0993958 ms (enqueue 0.0820801 ms)
[03/03/2026-11:04:48] [I] Average on 10 runs - GPU latency: 0.101746 ms - Host latency: 0.101746 ms (enqueue 0.0855652 ms)
[03/03/2026-11:04:48] [I] Average on 10 runs - GPU latency: 0.100555 ms - Host latency: 0.100555 ms (enqueue 0.0830811 ms)
[03/03/2026-11:04:48] [I] Average on 10 runs - GPU latency: 0.100159 ms - Host latency: 0.100159 ms (enqueue 0.0826782 ms)
[03/03/2026-11:04:48] [I] Average on 10 runs - GPU latency: 0.100464 ms - Host latency: 0.100464 ms (enqueue 0.0848694 ms)
[03/03/2026-11:04:48] [I] Average on 10 runs - GPU latency: 0.101154 ms - Host latency: 0.101154 ms (enqueue 0.0829895 ms)
[03/03/2026-11:04:48] [I] Average on 10 runs - GPU latency: 0.100238 ms - Host latency: 0.100238 ms (enqueue 0.083313 ms)
[03/03/2026-11:04:48] [I] Average on 10 runs - GPU latency: 0.100323 ms - Host latency: 0.100323 ms (enqueue 0.0829956 ms)
[03/03/2026-11:04:48] [I] Average on 10 runs - GPU latency: 0.103851 ms - Host latency: 0.103851 ms (enqueue 0.0876404 ms)
[03/03/2026-11:04:48] [I] Average on 10 runs - GPU latency: 0.101611 ms - Host latency: 0.101611 ms (enqueue 0.0838684 ms)
[03/03/2026-11:04:48] [I] Average on 10 runs - GPU latency: 0.100269 ms - Host latency: 0.100269 ms (enqueue 0.0829773 ms)
[03/03/2026-11:04:48] [I] Average on 10 runs - GPU latency: 0.100922 ms - Host latency: 0.100922 ms (enqueue 0.0838623 ms)
[03/03/2026-11:04:48] [I] Average on 10 runs - GPU latency: 0.104846 ms - Host latency: 0.104846 ms (enqueue 0.0874451 ms)
[03/03/2026-11:04:48] [I] Average on 10 runs - GPU latency: 0.0996643 ms - Host latency: 0.0996643 ms (enqueue 0.082428 ms)
[03/03/2026-11:04:48] [I] Average on 10 runs - GPU latency: 0.100122 ms - Host latency: 0.100122 ms (enqueue 0.0825378 ms)
[03/03/2026-11:04:48] [I] Average on 10 runs - GPU latency: 0.10011 ms - Host latency: 0.10011 ms (enqueue 0.082843 ms)
[03/03/2026-11:04:48] [I] Average on 10 runs - GPU latency: 0.101556 ms - Host latency: 0.101556 ms (enqueue 0.0852478 ms)
[03/03/2026-11:04:48] [I] Average on 10 runs - GPU latency: 0.100256 ms - Host latency: 0.100256 ms (enqueue 0.0828735 ms)
[03/03/2026-11:04:48] [I] Average on 10 runs - GPU latency: 0.10144 ms - Host latency: 0.10144 ms (enqueue 0.0842346 ms)
[03/03/2026-11:04:48] [I] Average on 10 runs - GPU latency: 0.0996033 ms - Host latency: 0.0996033 ms (enqueue 0.0823669 ms)
[03/03/2026-11:04:48] [I] Average on 10 runs - GPU latency: 0.10459 ms - Host latency: 0.10459 ms (enqueue 0.0876953 ms)
[03/03/2026-11:04:48] [I] Average on 10 runs - GPU latency: 0.1 ms - Host latency: 0.1 ms (enqueue 0.0826721 ms)
[03/03/2026-11:04:48] [I] Average on 10 runs - GPU latency: 0.100275 ms - Host latency: 0.100275 ms (enqueue 0.0830078 ms)
[03/03/2026-11:04:48] [I] Average on 10 runs - GPU latency: 0.10011 ms - Host latency: 0.10011 ms (enqueue 0.0828186 ms)
[03/03/2026-11:04:48] [I] Average on 10 runs - GPU latency: 0.104511 ms - Host latency: 0.104511 ms (enqueue 0.0879761 ms)
[03/03/2026-11:04:48] [I] Average on 10 runs - GPU latency: 0.100671 ms - Host latency: 0.100671 ms (enqueue 0.0829102 ms)
[03/03/2026-11:04:48] [I] Average on 10 runs - GPU latency: 0.099762 ms - Host latency: 0.099762 ms (enqueue 0.0822754 ms)
[03/03/2026-11:04:48] [I] Average on 10 runs - GPU latency: 0.101373 ms - Host latency: 0.101373 ms (enqueue 0.084082 ms)
[03/03/2026-11:04:48] [I] Average on 10 runs - GPU latency: 0.10343 ms - Host latency: 0.10343 ms (enqueue 0.0860168 ms)
[03/03/2026-11:04:48] [I] Average on 10 runs - GPU latency: 0.100104 ms - Host latency: 0.100104 ms (enqueue 0.082959 ms)
[03/03/2026-11:04:48] [I] Average on 10 runs - GPU latency: 0.0995972 ms - Host latency: 0.0995972 ms (enqueue 0.082721 ms)
[03/03/2026-11:04:48] [I] Average on 10 runs - GPU latency: 0.100543 ms - Host latency: 0.100543 ms (enqueue 0.0831238 ms)
[03/03/2026-11:04:48] [I] Average on 10 runs - GPU latency: 0.104065 ms - Host latency: 0.104065 ms (enqueue 0.0861755 ms)
[03/03/2026-11:04:48] [I] Average on 10 runs - GPU latency: 0.100024 ms - Host latency: 0.100024 ms (enqueue 0.0826904 ms)
[03/03/2026-11:04:48] [I] Average on 10 runs - GPU latency: 0.101172 ms - Host latency: 0.101172 ms (enqueue 0.0837402 ms)
[03/03/2026-11:04:48] [I] Average on 10 runs - GPU latency: 0.10022 ms - Host latency: 0.10022 ms (enqueue 0.0830627 ms)
[03/03/2026-11:04:48] [I] Average on 10 runs - GPU latency: 0.103204 ms - Host latency: 0.103204 ms (enqueue 0.0855408 ms)
[03/03/2026-11:04:48] [I] Average on 10 runs - GPU latency: 0.100812 ms - Host latency: 0.100812 ms (enqueue 0.0827454 ms)
[03/03/2026-11:04:48] [I] Average on 10 runs - GPU latency: 0.0997253 ms - Host latency: 0.0997253 ms (enqueue 0.0825562 ms)
[03/03/2026-11:04:48] [I] Average on 10 runs - GPU latency: 0.10094 ms - Host latency: 0.10094 ms (enqueue 0.0847107 ms)
[03/03/2026-11:04:48] [I] Average on 10 runs - GPU latency: 0.100824 ms - Host latency: 0.100824 ms (enqueue 0.0828613 ms)
[03/03/2026-11:04:48] [I] Average on 10 runs - GPU latency: 0.0999146 ms - Host latency: 0.0999146 ms (enqueue 0.0826599 ms)
[03/03/2026-11:04:48] [I] Average on 10 runs - GPU latency: 0.099054 ms - Host latency: 0.099054 ms (enqueue 0.081958 ms)
[03/03/2026-11:04:48] [I] Average on 10 runs - GPU latency: 0.102661 ms - Host latency: 0.102661 ms (enqueue 0.0851379 ms)
[03/03/2026-11:04:48] [I] Average on 10 runs - GPU latency: 0.0997742 ms - Host latency: 0.0997742 ms (enqueue 0.0822693 ms)
[03/03/2026-11:04:48] [I] Average on 10 runs - GPU latency: 0.0994812 ms - Host latency: 0.0994812 ms (enqueue 0.0822327 ms)
[03/03/2026-11:04:48] [I] Average on 10 runs - GPU latency: 0.0987061 ms - Host latency: 0.0987061 ms (enqueue 0.0813721 ms)
[03/03/2026-11:04:48] [I] Average on 10 runs - GPU latency: 0.10307 ms - Host latency: 0.10307 ms (enqueue 0.0852356 ms)
[03/03/2026-11:04:48] [I] Average on 10 runs - GPU latency: 0.100507 ms - Host latency: 0.100507 ms (enqueue 0.0833435 ms)
[03/03/2026-11:04:48] [I] Average on 10 runs - GPU latency: 0.100006 ms - Host latency: 0.100006 ms (enqueue 0.0829651 ms)
[03/03/2026-11:04:48] [I] Average on 10 runs - GPU latency: 0.100659 ms - Host latency: 0.100659 ms (enqueue 0.0830627 ms)
[03/03/2026-11:04:48] [I] Average on 10 runs - GPU latency: 0.10235 ms - Host latency: 0.10235 ms (enqueue 0.0841858 ms)
[03/03/2026-11:04:48] [I] Average on 10 runs - GPU latency: 0.100427 ms - Host latency: 0.100427 ms (enqueue 0.082959 ms)
[03/03/2026-11:04:48] [I] Average on 10 runs - GPU latency: 0.100342 ms - Host latency: 0.100342 ms (enqueue 0.0826538 ms)
[03/03/2026-11:04:48] [I] Average on 10 runs - GPU latency: 0.102069 ms - Host latency: 0.102069 ms (enqueue 0.0839417 ms)
[03/03/2026-11:04:48] [I] Average on 10 runs - GPU latency: 0.100977 ms - Host latency: 0.100977 ms (enqueue 0.0847656 ms)
[03/03/2026-11:04:48] [I] Average on 10 runs - GPU latency: 0.0994812 ms - Host latency: 0.0994812 ms (enqueue 0.0821472 ms)
[03/03/2026-11:04:48] [I] Average on 10 runs - GPU latency: 0.0990356 ms - Host latency: 0.0990356 ms (enqueue 0.0815125 ms)
[03/03/2026-11:04:48] [I] Average on 10 runs - GPU latency: 0.100366 ms - Host latency: 0.100366 ms (enqueue 0.0826233 ms)
[03/03/2026-11:04:48] [I] Average on 10 runs - GPU latency: 0.101862 ms - Host latency: 0.101862 ms (enqueue 0.0834961 ms)
[03/03/2026-11:04:48] [I] Average on 10 runs - GPU latency: 0.0995117 ms - Host latency: 0.0995117 ms (enqueue 0.0825378 ms)
[03/03/2026-11:04:48] [I] Average on 10 runs - GPU latency: 0.100854 ms - Host latency: 0.100854 ms (enqueue 0.0837341 ms)
[03/03/2026-11:04:48] [I] Average on 10 runs - GPU latency: 0.10014 ms - Host latency: 0.10014 ms (enqueue 0.0821655 ms)
[03/03/2026-11:04:48] [I] Average on 10 runs - GPU latency: 0.102136 ms - Host latency: 0.102136 ms (enqueue 0.0847717 ms)
[03/03/2026-11:04:48] [I] Average on 10 runs - GPU latency: 0.0999512 ms - Host latency: 0.0999512 ms (enqueue 0.0826233 ms)
[03/03/2026-11:04:48] [I] Average on 10 runs - GPU latency: 0.100879 ms - Host latency: 0.100879 ms (enqueue 0.0826172 ms)
[03/03/2026-11:04:48] [I] Average on 10 runs - GPU latency: 0.0994263 ms - Host latency: 0.0994263 ms (enqueue 0.0820923 ms)
[03/03/2026-11:04:48] [I] Average on 10 runs - GPU latency: 0.104468 ms - Host latency: 0.104468 ms (enqueue 0.0868713 ms)
[03/03/2026-11:04:48] [I] Average on 10 runs - GPU latency: 0.0995667 ms - Host latency: 0.0995667 ms (enqueue 0.0824585 ms)
[03/03/2026-11:04:48] [I] Average on 10 runs - GPU latency: 0.101349 ms - Host latency: 0.101349 ms (enqueue 0.083728 ms)
[03/03/2026-11:04:48] [I] Average on 10 runs - GPU latency: 0.0998291 ms - Host latency: 0.0998291 ms (enqueue 0.0828613 ms)
[03/03/2026-11:04:48] [I] Average on 10 runs - GPU latency: 0.103674 ms - Host latency: 0.103674 ms (enqueue 0.0860168 ms)
[03/03/2026-11:04:48] [I] Average on 10 runs - GPU latency: 0.0997986 ms - Host latency: 0.0997986 ms (enqueue 0.0825317 ms)
[03/03/2026-11:04:48] [I] Average on 10 runs - GPU latency: 0.100232 ms - Host latency: 0.100232 ms (enqueue 0.08302 ms)
[03/03/2026-11:04:48] [I] Average on 10 runs - GPU latency: 0.0996826 ms - Host latency: 0.0996826 ms (enqueue 0.0824463 ms)
[03/03/2026-11:04:48] [I] Average on 10 runs - GPU latency: 0.101691 ms - Host latency: 0.101691 ms (enqueue 0.0835083 ms)
[03/03/2026-11:04:48] [I] Average on 10 runs - GPU latency: 0.0994446 ms - Host latency: 0.0994446 ms (enqueue 0.0816772 ms)
[03/03/2026-11:04:48] [I] Average on 10 runs - GPU latency: 0.102228 ms - Host latency: 0.102228 ms (enqueue 0.0843262 ms)
[03/03/2026-11:04:48] [I] Average on 10 runs - GPU latency: 0.10097 ms - Host latency: 0.10097 ms (enqueue 0.0845581 ms)
[03/03/2026-11:04:48] [I] Average on 10 runs - GPU latency: 0.102209 ms - Host latency: 0.102209 ms (enqueue 0.0843872 ms)
[03/03/2026-11:04:48] [I] Average on 10 runs - GPU latency: 0.0997986 ms - Host latency: 0.0997986 ms (enqueue 0.082251 ms)
[03/03/2026-11:04:48] [I] Average on 10 runs - GPU latency: 0.0996765 ms - Host latency: 0.0996765 ms (enqueue 0.0826416 ms)
[03/03/2026-11:04:48] [I] Average on 10 runs - GPU latency: 0.100677 ms - Host latency: 0.100677 ms (enqueue 0.084198 ms)
[03/03/2026-11:04:48] [I] Average on 10 runs - GPU latency: 0.10094 ms - Host latency: 0.10094 ms (enqueue 0.0839783 ms)
[03/03/2026-11:04:48] [I] Average on 10 runs - GPU latency: 0.101263 ms - Host latency: 0.101263 ms (enqueue 0.0836792 ms)
[03/03/2026-11:04:48] [I] Average on 10 runs - GPU latency: 0.100256 ms - Host latency: 0.100256 ms (enqueue 0.0831116 ms)
[03/03/2026-11:04:48] [I] Average on 10 runs - GPU latency: 0.102527 ms - Host latency: 0.102527 ms (enqueue 0.0861023 ms)
[03/03/2026-11:04:48] [I] Average on 10 runs - GPU latency: 0.101447 ms - Host latency: 0.101447 ms (enqueue 0.0834473 ms)
[03/03/2026-11:04:48] [I] Average on 10 runs - GPU latency: 0.103156 ms - Host latency: 0.103156 ms (enqueue 0.0852234 ms)
[03/03/2026-11:04:48] [I] Average on 10 runs - GPU latency: 0.100769 ms - Host latency: 0.100769 ms (enqueue 0.0829956 ms)
[03/03/2026-11:04:48] [I] Average on 10 runs - GPU latency: 0.103656 ms - Host latency: 0.103656 ms (enqueue 0.086731 ms)
[03/03/2026-11:04:48] [I] Average on 10 runs - GPU latency: 0.1 ms - Host latency: 0.1 ms (enqueue 0.0828979 ms)
[03/03/2026-11:04:48] [I] Average on 10 runs - GPU latency: 0.099408 ms - Host latency: 0.099408 ms (enqueue 0.0821838 ms)
[03/03/2026-11:04:48] [I] Average on 10 runs - GPU latency: 0.0991821 ms - Host latency: 0.0991821 ms (enqueue 0.0820679 ms)
[03/03/2026-11:04:48] [I] Average on 10 runs - GPU latency: 0.101642 ms - Host latency: 0.101642 ms (enqueue 0.0844971 ms)
[03/03/2026-11:04:48] [I] Average on 10 runs - GPU latency: 0.0999634 ms - Host latency: 0.0999634 ms (enqueue 0.0825684 ms)
[03/03/2026-11:04:48] [I] Average on 10 runs - GPU latency: 0.100122 ms - Host latency: 0.100122 ms (enqueue 0.0826294 ms)
[03/03/2026-11:04:48] [I] Average on 10 runs - GPU latency: 0.0994629 ms - Host latency: 0.0994629 ms (enqueue 0.0822144 ms)
[03/03/2026-11:04:48] [I] Average on 10 runs - GPU latency: 0.102667 ms - Host latency: 0.102667 ms (enqueue 0.0859924 ms)
[03/03/2026-11:04:48] [I] Average on 10 runs - GPU latency: 0.0994751 ms - Host latency: 0.0994751 ms (enqueue 0.0822754 ms)
[03/03/2026-11:04:48] [I] Average on 10 runs - GPU latency: 0.101874 ms - Host latency: 0.101874 ms (enqueue 0.083374 ms)
[03/03/2026-11:04:48] [I] Average on 10 runs - GPU latency: 0.100018 ms - Host latency: 0.100018 ms (enqueue 0.0824707 ms)
[03/03/2026-11:04:48] [I] Average on 10 runs - GPU latency: 0.102039 ms - Host latency: 0.102039 ms (enqueue 0.0848511 ms)
[03/03/2026-11:04:48] [I] Average on 10 runs - GPU latency: 0.0996277 ms - Host latency: 0.0996277 ms (enqueue 0.0822144 ms)
[03/03/2026-11:04:48] [I] Average on 10 runs - GPU latency: 0.100354 ms - Host latency: 0.100354 ms (enqueue 0.0827637 ms)
[03/03/2026-11:04:48] [I] Average on 10 runs - GPU latency: 0.0997192 ms - Host latency: 0.0997192 ms (enqueue 0.0822388 ms)
[03/03/2026-11:04:48] [I] Average on 10 runs - GPU latency: 0.101727 ms - Host latency: 0.101727 ms (enqueue 0.0850769 ms)
[03/03/2026-11:04:48] [I] Average on 10 runs - GPU latency: 0.099408 ms - Host latency: 0.099408 ms (enqueue 0.0817261 ms)
[03/03/2026-11:04:48] [I] Average on 10 runs - GPU latency: 0.099469 ms - Host latency: 0.099469 ms (enqueue 0.0822449 ms)
[03/03/2026-11:04:48] [I] Average on 10 runs - GPU latency: 0.0995117 ms - Host latency: 0.0995117 ms (enqueue 0.0824829 ms)
[03/03/2026-11:04:48] [I] Average on 10 runs - GPU latency: 0.100769 ms - Host latency: 0.100769 ms (enqueue 0.0841309 ms)
[03/03/2026-11:04:48] [I] Average on 10 runs - GPU latency: 0.099353 ms - Host latency: 0.099353 ms (enqueue 0.0818176 ms)
[03/03/2026-11:04:48] [I] Average on 10 runs - GPU latency: 0.0993835 ms - Host latency: 0.0993835 ms (enqueue 0.0823547 ms)
[03/03/2026-11:04:48] [I] Average on 10 runs - GPU latency: 0.10058 ms - Host latency: 0.10058 ms (enqueue 0.0827637 ms)
[03/03/2026-11:04:48] [I] Average on 10 runs - GPU latency: 0.101392 ms - Host latency: 0.101392 ms (enqueue 0.0830322 ms)
[03/03/2026-11:04:48] [I] Average on 10 runs - GPU latency: 0.10011 ms - Host latency: 0.10011 ms (enqueue 0.0867859 ms)
[03/03/2026-11:04:48] [I] Average on 10 runs - GPU latency: 0.101062 ms - Host latency: 0.101062 ms (enqueue 0.0836548 ms)
[03/03/2026-11:04:48] [I] Average on 10 runs - GPU latency: 0.102466 ms - Host latency: 0.102466 ms (enqueue 0.0862122 ms)
[03/03/2026-11:04:48] [I] Average on 10 runs - GPU latency: 0.0998901 ms - Host latency: 0.0998901 ms (enqueue 0.0822144 ms)
[03/03/2026-11:04:48] [I] Average on 10 runs - GPU latency: 0.100134 ms - Host latency: 0.100134 ms (enqueue 0.0827393 ms)
[03/03/2026-11:04:48] [I] Average on 10 runs - GPU latency: 0.0997253 ms - Host latency: 0.0997253 ms (enqueue 0.0824402 ms)
[03/03/2026-11:04:48] [I] Average on 10 runs - GPU latency: 0.102277 ms - Host latency: 0.102277 ms (enqueue 0.0857422 ms)
[03/03/2026-11:04:48] [I] Average on 10 runs - GPU latency: 0.103046 ms - Host latency: 0.103046 ms (enqueue 0.0846863 ms)
[03/03/2026-11:04:48] [I] Average on 10 runs - GPU latency: 0.0999695 ms - Host latency: 0.0999695 ms (enqueue 0.0830383 ms)
[03/03/2026-11:04:48] [I] Average on 10 runs - GPU latency: 0.101416 ms - Host latency: 0.101416 ms (enqueue 0.0834473 ms)
[03/03/2026-11:04:48] [I] Average on 10 runs - GPU latency: 0.103101 ms - Host latency: 0.103101 ms (enqueue 0.0859985 ms)
[03/03/2026-11:04:48] [I] Average on 10 runs - GPU latency: 0.100421 ms - Host latency: 0.100421 ms (enqueue 0.0825439 ms)
[03/03/2026-11:04:48] [I] Average on 10 runs - GPU latency: 0.100885 ms - Host latency: 0.100885 ms (enqueue 0.084082 ms)
[03/03/2026-11:04:48] [I] Average on 10 runs - GPU latency: 0.100354 ms - Host latency: 0.100354 ms (enqueue 0.0825989 ms)
[03/03/2026-11:04:48] [I] Average on 10 runs - GPU latency: 0.103961 ms - Host latency: 0.103961 ms (enqueue 0.0866333 ms)
[03/03/2026-11:04:48] [I] Average on 10 runs - GPU latency: 0.0998718 ms - Host latency: 0.0998718 ms (enqueue 0.0824524 ms)
[03/03/2026-11:04:48] [I] Average on 10 runs - GPU latency: 0.0997131 ms - Host latency: 0.0997131 ms (enqueue 0.0825928 ms)
[03/03/2026-11:04:48] [I] Average on 10 runs - GPU latency: 0.0999207 ms - Host latency: 0.0999207 ms (enqueue 0.0823853 ms)
[03/03/2026-11:04:48] [I] Average on 10 runs - GPU latency: 0.103107 ms - Host latency: 0.103107 ms (enqueue 0.085907 ms)
[03/03/2026-11:04:48] [I] Average on 10 runs - GPU latency: 0.101001 ms - Host latency: 0.101001 ms (enqueue 0.0831543 ms)
[03/03/2026-11:04:48] [I] Average on 10 runs - GPU latency: 0.1008 ms - Host latency: 0.1008 ms (enqueue 0.0831421 ms)
[03/03/2026-11:04:48] [I] Average on 10 runs - GPU latency: 0.10285 ms - Host latency: 0.10285 ms (enqueue 0.0853882 ms)
[03/03/2026-11:04:48] [I] Average on 10 runs - GPU latency: 0.101562 ms - Host latency: 0.101562 ms (enqueue 0.0831726 ms)
[03/03/2026-11:04:48] [I] Average on 10 runs - GPU latency: 0.100098 ms - Host latency: 0.100098 ms (enqueue 0.0826599 ms)
[03/03/2026-11:04:48] [I] Average on 10 runs - GPU latency: 0.0998108 ms - Host latency: 0.0998108 ms (enqueue 0.0823791 ms)
[03/03/2026-11:04:48] [I] Average on 10 runs - GPU latency: 0.1034 ms - Host latency: 0.1034 ms (enqueue 0.0854858 ms)
[03/03/2026-11:04:48] [I] Average on 10 runs - GPU latency: 0.100281 ms - Host latency: 0.100281 ms (enqueue 0.082605 ms)
[03/03/2026-11:04:48] [I] Average on 10 runs - GPU latency: 0.100867 ms - Host latency: 0.100867 ms (enqueue 0.0832336 ms)
[03/03/2026-11:04:48] [I] Average on 10 runs - GPU latency: 0.100397 ms - Host latency: 0.100397 ms (enqueue 0.0830811 ms)
[03/03/2026-11:04:48] [I] Average on 10 runs - GPU latency: 0.101373 ms - Host latency: 0.101373 ms (enqueue 0.0851074 ms)
[03/03/2026-11:04:48] [I] Average on 10 runs - GPU latency: 0.101257 ms - Host latency: 0.101257 ms (enqueue 0.083429 ms)
[03/03/2026-11:04:48] [I] Average on 10 runs - GPU latency: 0.100391 ms - Host latency: 0.100391 ms (enqueue 0.0830688 ms)
[03/03/2026-11:04:48] [I] Average on 10 runs - GPU latency: 0.0999878 ms - Host latency: 0.0999878 ms (enqueue 0.0823975 ms)
[03/03/2026-11:04:48] [I] Average on 10 runs - GPU latency: 0.100983 ms - Host latency: 0.100983 ms (enqueue 0.0843689 ms)
[03/03/2026-11:04:48] [I] Average on 10 runs - GPU latency: 0.100024 ms - Host latency: 0.100024 ms (enqueue 0.0825317 ms)
[03/03/2026-11:04:48] [I] Average on 10 runs - GPU latency: 0.100433 ms - Host latency: 0.100433 ms (enqueue 0.0830627 ms)
[03/03/2026-11:04:48] [I] Average on 10 runs - GPU latency: 0.100409 ms - Host latency: 0.100409 ms (enqueue 0.0830872 ms)
[03/03/2026-11:04:48] [I] Average on 10 runs - GPU latency: 0.101245 ms - Host latency: 0.101245 ms (enqueue 0.0850525 ms)
[03/03/2026-11:04:48] [I] Average on 10 runs - GPU latency: 0.100574 ms - Host latency: 0.100574 ms (enqueue 0.0831055 ms)
[03/03/2026-11:04:48] [I] Average on 10 runs - GPU latency: 0.099762 ms - Host latency: 0.099762 ms (enqueue 0.0824707 ms)
[03/03/2026-11:04:48] [I] Average on 10 runs - GPU latency: 0.100977 ms - Host latency: 0.100977 ms (enqueue 0.0834106 ms)
[03/03/2026-11:04:48] [I] Average on 10 runs - GPU latency: 0.103668 ms - Host latency: 0.103668 ms (enqueue 0.0868774 ms)
[03/03/2026-11:04:48] [I] Average on 10 runs - GPU latency: 0.100037 ms - Host latency: 0.100037 ms (enqueue 0.0824707 ms)
[03/03/2026-11:04:48] [I] Average on 10 runs - GPU latency: 0.0994019 ms - Host latency: 0.0994019 ms (enqueue 0.082312 ms)
[03/03/2026-11:04:48] [I] Average on 10 runs - GPU latency: 0.0997375 ms - Host latency: 0.0997375 ms (enqueue 0.0826904 ms)
[03/03/2026-11:04:48] [I] Average on 10 runs - GPU latency: 0.100946 ms - Host latency: 0.100946 ms (enqueue 0.0849304 ms)
[03/03/2026-11:04:48] [I] Average on 10 runs - GPU latency: 0.0995361 ms - Host latency: 0.0995361 ms (enqueue 0.0823059 ms)
[03/03/2026-11:04:48] [I] Average on 10 runs - GPU latency: 0.098938 ms - Host latency: 0.098938 ms (enqueue 0.0813782 ms)
[03/03/2026-11:04:48] [I] Average on 10 runs - GPU latency: 0.0996765 ms - Host latency: 0.0996765 ms (enqueue 0.0824463 ms)
[03/03/2026-11:04:48] [I] Average on 10 runs - GPU latency: 0.101697 ms - Host latency: 0.101697 ms (enqueue 0.0833191 ms)
[03/03/2026-11:04:48] [I] Average on 10 runs - GPU latency: 0.0994995 ms - Host latency: 0.0994995 ms (enqueue 0.0821472 ms)
[03/03/2026-11:04:48] [I] Average on 10 runs - GPU latency: 0.0995972 ms - Host latency: 0.0995972 ms (enqueue 0.0823791 ms)
[03/03/2026-11:04:48] [I] Average on 10 runs - GPU latency: 0.100049 ms - Host latency: 0.100049 ms (enqueue 0.082666 ms)
[03/03/2026-11:04:48] [I] Average on 10 runs - GPU latency: 0.103278 ms - Host latency: 0.103278 ms (enqueue 0.08573 ms)
[03/03/2026-11:04:48] [I] Average on 10 runs - GPU latency: 0.0998108 ms - Host latency: 0.0998108 ms (enqueue 0.0828125 ms)
[03/03/2026-11:04:48] [I] Average on 10 runs - GPU latency: 0.101245 ms - Host latency: 0.101245 ms (enqueue 0.0832886 ms)
[03/03/2026-11:04:48] [I] Average on 10 runs - GPU latency: 0.100519 ms - Host latency: 0.100519 ms (enqueue 0.083136 ms)
[03/03/2026-11:04:48] [I] Average on 10 runs - GPU latency: 0.10235 ms - Host latency: 0.10235 ms (enqueue 0.0838745 ms)
[03/03/2026-11:04:48] [I] Average on 10 runs - GPU latency: 0.100159 ms - Host latency: 0.100159 ms (enqueue 0.0827148 ms)
[03/03/2026-11:04:48] [I] Average on 10 runs - GPU latency: 0.0998718 ms - Host latency: 0.0998718 ms (enqueue 0.0824646 ms)
[03/03/2026-11:04:48] [I] Average on 10 runs - GPU latency: 0.10152 ms - Host latency: 0.10152 ms (enqueue 0.083429 ms)
[03/03/2026-11:04:48] [I] Average on 10 runs - GPU latency: 0.100275 ms - Host latency: 0.100275 ms (enqueue 0.0827454 ms)
[03/03/2026-11:04:48] [I] Average on 10 runs - GPU latency: 0.100085 ms - Host latency: 0.100085 ms (enqueue 0.0825073 ms)
[03/03/2026-11:04:48] [I] Average on 10 runs - GPU latency: 0.100183 ms - Host latency: 0.100183 ms (enqueue 0.0831238 ms)
[03/03/2026-11:04:48] [I] Average on 10 runs - GPU latency: 0.10318 ms - Host latency: 0.10318 ms (enqueue 0.084198 ms)
[03/03/2026-11:04:48] [I] Average on 10 runs - GPU latency: 0.100415 ms - Host latency: 0.100415 ms (enqueue 0.0833374 ms)
[03/03/2026-11:04:48] [I] Average on 10 runs - GPU latency: 0.100281 ms - Host latency: 0.100281 ms (enqueue 0.0829712 ms)
[03/03/2026-11:04:48] [I] Average on 10 runs - GPU latency: 0.0996948 ms - Host latency: 0.0996948 ms (enqueue 0.0822266 ms)
[03/03/2026-11:04:48] [I] Average on 10 runs - GPU latency: 0.101855 ms - Host latency: 0.101855 ms (enqueue 0.0833923 ms)
[03/03/2026-11:04:48] [I] Average on 10 runs - GPU latency: 0.0997498 ms - Host latency: 0.0997498 ms (enqueue 0.0824951 ms)
[03/03/2026-11:04:48] [I] Average on 10 runs - GPU latency: 0.100781 ms - Host latency: 0.100781 ms (enqueue 0.0835937 ms)
[03/03/2026-11:04:48] [I] Average on 10 runs - GPU latency: 0.0994629 ms - Host latency: 0.0994629 ms (enqueue 0.0827393 ms)
[03/03/2026-11:04:48] [I] Average on 10 runs - GPU latency: 0.102679 ms - Host latency: 0.102679 ms (enqueue 0.0854797 ms)
[03/03/2026-11:04:48] [I] Average on 10 runs - GPU latency: 0.0997498 ms - Host latency: 0.0997498 ms (enqueue 0.0824097 ms)
[03/03/2026-11:04:48] [I] Average on 10 runs - GPU latency: 0.0992004 ms - Host latency: 0.0992004 ms (enqueue 0.0819275 ms)
[03/03/2026-11:04:48] [I] Average on 10 runs - GPU latency: 0.101331 ms - Host latency: 0.101331 ms (enqueue 0.0838806 ms)
[03/03/2026-11:04:48] [I] Average on 10 runs - GPU latency: 0.103687 ms - Host latency: 0.103687 ms (enqueue 0.0852295 ms)
[03/03/2026-11:04:48] [I] Average on 10 runs - GPU latency: 0.0995178 ms - Host latency: 0.0995178 ms (enqueue 0.0822144 ms)
[03/03/2026-11:04:48] [I] Average on 10 runs - GPU latency: 0.0995361 ms - Host latency: 0.0995361 ms (enqueue 0.0826172 ms)
[03/03/2026-11:04:48] [I] Average on 10 runs - GPU latency: 0.0993896 ms - Host latency: 0.0993896 ms (enqueue 0.0817871 ms)
[03/03/2026-11:04:48] [I] Average on 10 runs - GPU latency: 0.102966 ms - Host latency: 0.102966 ms (enqueue 0.0858276 ms)
[03/03/2026-11:04:48] [I] Average on 10 runs - GPU latency: 0.100287 ms - Host latency: 0.100287 ms (enqueue 0.0831726 ms)
[03/03/2026-11:04:48] [I] Average on 10 runs - GPU latency: 0.101068 ms - Host latency: 0.101068 ms (enqueue 0.0837402 ms)
[03/03/2026-11:04:48] [I] Average on 10 runs - GPU latency: 0.0992432 ms - Host latency: 0.0992432 ms (enqueue 0.0818603 ms)
[03/03/2026-11:04:48] [I] Average on 10 runs - GPU latency: 0.101752 ms - Host latency: 0.101752 ms (enqueue 0.0846558 ms)
[03/03/2026-11:04:48] [I] Average on 10 runs - GPU latency: 0.100183 ms - Host latency: 0.100183 ms (enqueue 0.0827698 ms)
[03/03/2026-11:04:48] [I] Average on 10 runs - GPU latency: 0.0998413 ms - Host latency: 0.0998413 ms (enqueue 0.0826782 ms)
[03/03/2026-11:04:48] [I] Average on 10 runs - GPU latency: 0.10072 ms - Host latency: 0.10072 ms (enqueue 0.0827942 ms)
[03/03/2026-11:04:48] [I] Average on 10 runs - GPU latency: 0.102484 ms - Host latency: 0.102484 ms (enqueue 0.0853088 ms)
[03/03/2026-11:04:48] [I] Average on 10 runs - GPU latency: 0.0992859 ms - Host latency: 0.0992859 ms (enqueue 0.0816895 ms)
[03/03/2026-11:04:48] [I] Average on 10 runs - GPU latency: 0.100946 ms - Host latency: 0.100946 ms (enqueue 0.0832947 ms)
[03/03/2026-11:04:48] [I] Average on 10 runs - GPU latency: 0.100201 ms - Host latency: 0.100201 ms (enqueue 0.0829224 ms)
[03/03/2026-11:04:48] [I] Average on 10 runs - GPU latency: 0.101672 ms - Host latency: 0.101672 ms (enqueue 0.0842529 ms)
[03/03/2026-11:04:48] [I] Average on 10 runs - GPU latency: 0.101276 ms - Host latency: 0.101276 ms (enqueue 0.0837402 ms)
[03/03/2026-11:04:48] [I] Average on 10 runs - GPU latency: 0.101611 ms - Host latency: 0.101611 ms (enqueue 0.0842468 ms)
[03/03/2026-11:04:48] [I] Average on 10 runs - GPU latency: 0.100433 ms - Host latency: 0.100433 ms (enqueue 0.0834473 ms)
[03/03/2026-11:04:48] [I] Average on 10 runs - GPU latency: 0.102191 ms - Host latency: 0.102191 ms (enqueue 0.0835937 ms)
[03/03/2026-11:04:48] [I] Average on 10 runs - GPU latency: 0.100879 ms - Host latency: 0.100879 ms (enqueue 0.0834229 ms)
[03/03/2026-11:04:48] [I] Average on 10 runs - GPU latency: 0.102509 ms - Host latency: 0.102509 ms (enqueue 0.0841064 ms)
[03/03/2026-11:04:48] [I] Average on 10 runs - GPU latency: 0.103284 ms - Host latency: 0.103284 ms (enqueue 0.0868225 ms)
[03/03/2026-11:04:48] [I] Average on 10 runs - GPU latency: 0.102283 ms - Host latency: 0.102283 ms (enqueue 0.0843811 ms)
[03/03/2026-11:04:48] [I] Average on 10 runs - GPU latency: 0.102417 ms - Host latency: 0.102417 ms (enqueue 0.0846008 ms)
[03/03/2026-11:04:48] [I] Average on 10 runs - GPU latency: 0.101434 ms - Host latency: 0.101434 ms (enqueue 0.0841431 ms)
[03/03/2026-11:04:48] [I] Average on 10 runs - GPU latency: 0.101849 ms - Host latency: 0.101849 ms (enqueue 0.0836487 ms)
[03/03/2026-11:04:48] [I] Average on 10 runs - GPU latency: 0.100806 ms - Host latency: 0.100806 ms (enqueue 0.0832336 ms)
[03/03/2026-11:04:48] [I] Average on 10 runs - GPU latency: 0.100244 ms - Host latency: 0.100244 ms (enqueue 0.0828491 ms)
[03/03/2026-11:04:48] [I] Average on 10 runs - GPU latency: 0.100354 ms - Host latency: 0.100354 ms (enqueue 0.0830566 ms)
[03/03/2026-11:04:48] [I] Average on 10 runs - GPU latency: 0.102179 ms - Host latency: 0.102179 ms (enqueue 0.084082 ms)
[03/03/2026-11:04:48] [I] Average on 10 runs - GPU latency: 0.101062 ms - Host latency: 0.101062 ms (enqueue 0.0837341 ms)
[03/03/2026-11:04:48] [I] Average on 10 runs - GPU latency: 0.101422 ms - Host latency: 0.101422 ms (enqueue 0.0842896 ms)
[03/03/2026-11:04:48] [I] Average on 10 runs - GPU latency: 0.102686 ms - Host latency: 0.102686 ms (enqueue 0.0840515 ms)
[03/03/2026-11:04:48] [I] Average on 10 runs - GPU latency: 0.102429 ms - Host latency: 0.102429 ms (enqueue 0.0857117 ms)
[03/03/2026-11:04:48] [I] Average on 10 runs - GPU latency: 0.101208 ms - Host latency: 0.101208 ms (enqueue 0.0838074 ms)
[03/03/2026-11:04:48] [I] Average on 10 runs - GPU latency: 0.101642 ms - Host latency: 0.101642 ms (enqueue 0.0842102 ms)
[03/03/2026-11:04:48] [I] Average on 10 runs - GPU latency: 0.101715 ms - Host latency: 0.101715 ms (enqueue 0.084259 ms)
[03/03/2026-11:04:48] [I] Average on 10 runs - GPU latency: 0.103302 ms - Host latency: 0.103302 ms (enqueue 0.085791 ms)
[03/03/2026-11:04:48] [I] Average on 10 runs - GPU latency: 0.101294 ms - Host latency: 0.101294 ms (enqueue 0.0839172 ms)
[03/03/2026-11:04:48] [I] Average on 10 runs - GPU latency: 0.100238 ms - Host latency: 0.100238 ms (enqueue 0.0827087 ms)
[03/03/2026-11:04:48] [I] Average on 10 runs - GPU latency: 0.100287 ms - Host latency: 0.100287 ms (enqueue 0.0827942 ms)
[03/03/2026-11:04:48] [I] Average on 10 runs - GPU latency: 0.103455 ms - Host latency: 0.103455 ms (enqueue 0.0848633 ms)
[03/03/2026-11:04:48] [I] Average on 10 runs - GPU latency: 0.0998047 ms - Host latency: 0.0998047 ms (enqueue 0.0825134 ms)
[03/03/2026-11:04:48] [I] Average on 10 runs - GPU latency: 0.10188 ms - Host latency: 0.10188 ms (enqueue 0.0842773 ms)
[03/03/2026-11:04:48] [I] Average on 10 runs - GPU latency: 0.100269 ms - Host latency: 0.100269 ms (enqueue 0.083551 ms)
[03/03/2026-11:04:48] [I] Average on 10 runs - GPU latency: 0.101843 ms - Host latency: 0.101843 ms (enqueue 0.0849487 ms)
[03/03/2026-11:04:48] [I] Average on 10 runs - GPU latency: 0.100146 ms - Host latency: 0.100146 ms (enqueue 0.0828552 ms)
[03/03/2026-11:04:48] [I] Average on 10 runs - GPU latency: 0.0994019 ms - Host latency: 0.0994019 ms (enqueue 0.0820251 ms)
[03/03/2026-11:04:48] [I] Average on 10 runs - GPU latency: 0.10127 ms - Host latency: 0.10127 ms (enqueue 0.0856628 ms)
[03/03/2026-11:04:48] [I] Average on 10 runs - GPU latency: 0.102527 ms - Host latency: 0.102527 ms (enqueue 0.0841736 ms)
[03/03/2026-11:04:48] [I] Average on 10 runs - GPU latency: 0.101617 ms - Host latency: 0.101617 ms (enqueue 0.0842285 ms)
[03/03/2026-11:04:48] [I] Average on 10 runs - GPU latency: 0.0997681 ms - Host latency: 0.0997681 ms (enqueue 0.0825867 ms)
[03/03/2026-11:04:48] [I] Average on 10 runs - GPU latency: 0.101288 ms - Host latency: 0.101288 ms (enqueue 0.0847961 ms)
[03/03/2026-11:04:48] [I] Average on 10 runs - GPU latency: 0.100781 ms - Host latency: 0.100781 ms (enqueue 0.0836121 ms)
[03/03/2026-11:04:48] [I] Average on 10 runs - GPU latency: 0.102228 ms - Host latency: 0.102228 ms (enqueue 0.0845947 ms)
[03/03/2026-11:04:48] [I] Average on 10 runs - GPU latency: 0.10155 ms - Host latency: 0.10155 ms (enqueue 0.0837097 ms)
[03/03/2026-11:04:48] [I] Average on 10 runs - GPU latency: 0.104352 ms - Host latency: 0.104352 ms (enqueue 0.0868347 ms)
[03/03/2026-11:04:48] [I] Average on 10 runs - GPU latency: 0.099884 ms - Host latency: 0.099884 ms (enqueue 0.082959 ms)
[03/03/2026-11:04:48] [I] Average on 10 runs - GPU latency: 0.100189 ms - Host latency: 0.100189 ms (enqueue 0.0824646 ms)
[03/03/2026-11:04:48] [I] Average on 10 runs - GPU latency: 0.100928 ms - Host latency: 0.100928 ms (enqueue 0.0836304 ms)
[03/03/2026-11:04:48] [I] Average on 10 runs - GPU latency: 0.101587 ms - Host latency: 0.101587 ms (enqueue 0.0830078 ms)
[03/03/2026-11:04:48] [I] Average on 10 runs - GPU latency: 0.0998047 ms - Host latency: 0.0998047 ms (enqueue 0.0826294 ms)
[03/03/2026-11:04:48] [I] Average on 10 runs - GPU latency: 0.0999756 ms - Host latency: 0.0999756 ms (enqueue 0.0826355 ms)
[03/03/2026-11:04:48] [I] Average on 10 runs - GPU latency: 0.100067 ms - Host latency: 0.100067 ms (enqueue 0.0829407 ms)
[03/03/2026-11:04:48] [I] Average on 10 runs - GPU latency: 0.101837 ms - Host latency: 0.101837 ms (enqueue 0.0850037 ms)
[03/03/2026-11:04:48] [I] Average on 10 runs - GPU latency: 0.101019 ms - Host latency: 0.101019 ms (enqueue 0.0831787 ms)
[03/03/2026-11:04:48] [I] Average on 10 runs - GPU latency: 0.100995 ms - Host latency: 0.100995 ms (enqueue 0.0830627 ms)
[03/03/2026-11:04:48] [I] Average on 10 runs - GPU latency: 0.100696 ms - Host latency: 0.100696 ms (enqueue 0.0833618 ms)
[03/03/2026-11:04:48] [I] Average on 10 runs - GPU latency: 0.101959 ms - Host latency: 0.101959 ms (enqueue 0.0839478 ms)
[03/03/2026-11:04:48] [I] Average on 10 runs - GPU latency: 0.100269 ms - Host latency: 0.100269 ms (enqueue 0.0830566 ms)
[03/03/2026-11:04:48] [I] Average on 10 runs - GPU latency: 0.100208 ms - Host latency: 0.100208 ms (enqueue 0.0829712 ms)
[03/03/2026-11:04:48] [I] Average on 10 runs - GPU latency: 0.0996704 ms - Host latency: 0.0996704 ms (enqueue 0.0824829 ms)
[03/03/2026-11:04:48] [I] Average on 10 runs - GPU latency: 0.101544 ms - Host latency: 0.101544 ms (enqueue 0.0839722 ms)
[03/03/2026-11:04:48] [I] Average on 10 runs - GPU latency: 0.100372 ms - Host latency: 0.100372 ms (enqueue 0.0832336 ms)
[03/03/2026-11:04:48] [I] Average on 10 runs - GPU latency: 0.101172 ms - Host latency: 0.101172 ms (enqueue 0.0837585 ms)
[03/03/2026-11:04:48] [I] Average on 10 runs - GPU latency: 0.100079 ms - Host latency: 0.100079 ms (enqueue 0.0826904 ms)
[03/03/2026-11:04:48] [I] Average on 10 runs - GPU latency: 0.103546 ms - Host latency: 0.103546 ms (enqueue 0.085437 ms)
[03/03/2026-11:04:48] [I] Average on 10 runs - GPU latency: 0.102509 ms - Host latency: 0.102509 ms (enqueue 0.0846008 ms)
[03/03/2026-11:04:48] [I] Average on 10 runs - GPU latency: 0.10144 ms - Host latency: 0.10144 ms (enqueue 0.0836121 ms)
[03/03/2026-11:04:48] [I] Average on 10 runs - GPU latency: 0.101501 ms - Host latency: 0.101501 ms (enqueue 0.083667 ms)
[03/03/2026-11:04:48] [I] Average on 10 runs - GPU latency: 0.104364 ms - Host latency: 0.104364 ms (enqueue 0.0868042 ms)
[03/03/2026-11:04:48] [I] Average on 10 runs - GPU latency: 0.100494 ms - Host latency: 0.100494 ms (enqueue 0.0829224 ms)
[03/03/2026-11:04:48] [I] Average on 10 runs - GPU latency: 0.101019 ms - Host latency: 0.101019 ms (enqueue 0.0835876 ms)
[03/03/2026-11:04:48] [I] Average on 10 runs - GPU latency: 0.103363 ms - Host latency: 0.103363 ms (enqueue 0.0855225 ms)
[03/03/2026-11:04:48] [I] Average on 10 runs - GPU latency: 0.101849 ms - Host latency: 0.101849 ms (enqueue 0.0832825 ms)
[03/03/2026-11:04:48] [I] Average on 10 runs - GPU latency: 0.100189 ms - Host latency: 0.100189 ms (enqueue 0.0825745 ms)
[03/03/2026-11:04:48] [I] Average on 10 runs - GPU latency: 0.0999207 ms - Host latency: 0.0999207 ms (enqueue 0.0826904 ms)
[03/03/2026-11:04:48] [I] Average on 10 runs - GPU latency: 0.101562 ms - Host latency: 0.101562 ms (enqueue 0.0851562 ms)
[03/03/2026-11:04:48] [I] Average on 10 runs - GPU latency: 0.100378 ms - Host latency: 0.100378 ms (enqueue 0.0827698 ms)
[03/03/2026-11:04:48] [I] Average on 10 runs - GPU latency: 0.104956 ms - Host latency: 0.104956 ms (enqueue 0.0871216 ms)
[03/03/2026-11:04:48] [I] Average on 10 runs - GPU latency: 0.100464 ms - Host latency: 0.100464 ms (enqueue 0.0830383 ms)
[03/03/2026-11:04:48] [I] Average on 10 runs - GPU latency: 0.102533 ms - Host latency: 0.102533 ms (enqueue 0.0853882 ms)
[03/03/2026-11:04:48] [I] Average on 10 runs - GPU latency: 0.10188 ms - Host latency: 0.10188 ms (enqueue 0.0845886 ms)
[03/03/2026-11:04:48] [I] Average on 10 runs - GPU latency: 0.10061 ms - Host latency: 0.10061 ms (enqueue 0.0833618 ms)
[03/03/2026-11:04:48] [I] Average on 10 runs - GPU latency: 0.100201 ms - Host latency: 0.100201 ms (enqueue 0.0827515 ms)
[03/03/2026-11:04:48] [I] Average on 10 runs - GPU latency: 0.102771 ms - Host latency: 0.102771 ms (enqueue 0.0853394 ms)
[03/03/2026-11:04:48] [I] Average on 10 runs - GPU latency: 0.100616 ms - Host latency: 0.100616 ms (enqueue 0.0835754 ms)
[03/03/2026-11:04:48] [I] Average on 10 runs - GPU latency: 0.100037 ms - Host latency: 0.100037 ms (enqueue 0.0829102 ms)
[03/03/2026-11:04:48] [I] Average on 10 runs - GPU latency: 0.101038 ms - Host latency: 0.101038 ms (enqueue 0.0835449 ms)
[03/03/2026-11:04:48] [I] Average on 10 runs - GPU latency: 0.101892 ms - Host latency: 0.101892 ms (enqueue 0.0837036 ms)
[03/03/2026-11:04:48] [I] Average on 10 runs - GPU latency: 0.102466 ms - Host latency: 0.102466 ms (enqueue 0.0841064 ms)
[03/03/2026-11:04:48] [I] Average on 10 runs - GPU latency: 0.0995483 ms - Host latency: 0.0995483 ms (enqueue 0.0822144 ms)
[03/03/2026-11:04:48] [I] Average on 10 runs - GPU latency: 0.100525 ms - Host latency: 0.100525 ms (enqueue 0.0832031 ms)
[03/03/2026-11:04:48] [I] Average on 10 runs - GPU latency: 0.102734 ms - Host latency: 0.102734 ms (enqueue 0.0859253 ms)
[03/03/2026-11:04:48] [I] Average on 10 runs - GPU latency: 0.101758 ms - Host latency: 0.101758 ms (enqueue 0.0843384 ms)
[03/03/2026-11:04:48] [I] Average on 10 runs - GPU latency: 0.100391 ms - Host latency: 0.100391 ms (enqueue 0.0828979 ms)
[03/03/2026-11:04:48] [I] Average on 10 runs - GPU latency: 0.0996582 ms - Host latency: 0.0996582 ms (enqueue 0.082312 ms)
[03/03/2026-11:04:48] [I] Average on 10 runs - GPU latency: 0.102063 ms - Host latency: 0.102063 ms (enqueue 0.0853882 ms)
[03/03/2026-11:04:48] [I] Average on 10 runs - GPU latency: 0.100793 ms - Host latency: 0.100793 ms (enqueue 0.0834839 ms)
[03/03/2026-11:04:48] [I] Average on 10 runs - GPU latency: 0.0997681 ms - Host latency: 0.0997681 ms (enqueue 0.0824097 ms)
[03/03/2026-11:04:48] [I] Average on 10 runs - GPU latency: 0.100806 ms - Host latency: 0.100806 ms (enqueue 0.083252 ms)
[03/03/2026-11:04:48] [I] Average on 10 runs - GPU latency: 0.104651 ms - Host latency: 0.104651 ms (enqueue 0.088147 ms)
[03/03/2026-11:04:48] [I] Average on 10 runs - GPU latency: 0.0993408 ms - Host latency: 0.0993408 ms (enqueue 0.0824219 ms)
[03/03/2026-11:04:48] [I] Average on 10 runs - GPU latency: 0.0987671 ms - Host latency: 0.0987671 ms (enqueue 0.0818603 ms)
[03/03/2026-11:04:48] [I] Average on 10 runs - GPU latency: 0.0998657 ms - Host latency: 0.0998657 ms (enqueue 0.0839844 ms)
[03/03/2026-11:04:48] [I] Average on 10 runs - GPU latency: 0.100415 ms - Host latency: 0.100415 ms (enqueue 0.0825073 ms)
[03/03/2026-11:04:48] [I] Average on 10 runs - GPU latency: 0.0995361 ms - Host latency: 0.0995361 ms (enqueue 0.0825195 ms)
[03/03/2026-11:04:48] [I] Average on 10 runs - GPU latency: 0.102466 ms - Host latency: 0.102466 ms (enqueue 0.0848389 ms)
[03/03/2026-11:04:48] [I] Average on 10 runs - GPU latency: 0.10061 ms - Host latency: 0.10061 ms (enqueue 0.0845581 ms)
[03/03/2026-11:04:48] [I] Average on 10 runs - GPU latency: 0.100562 ms - Host latency: 0.100562 ms (enqueue 0.0832397 ms)
[03/03/2026-11:04:48] [I] Average on 10 runs - GPU latency: 0.101538 ms - Host latency: 0.101538 ms (enqueue 0.08396 ms)
[03/03/2026-11:04:48] [I] Average on 10 runs - GPU latency: 0.0997559 ms - Host latency: 0.0997559 ms (enqueue 0.0827026 ms)
[03/03/2026-11:04:48] [I] Average on 10 runs - GPU latency: 0.101416 ms - Host latency: 0.101416 ms (enqueue 0.0854492 ms)
[03/03/2026-11:04:48] [I] Average on 10 runs - GPU latency: 0.102405 ms - Host latency: 0.102405 ms (enqueue 0.0845703 ms)
[03/03/2026-11:04:48] [I] Average on 10 runs - GPU latency: 0.0993164 ms - Host latency: 0.0993164 ms (enqueue 0.0823486 ms)
[03/03/2026-11:04:48] [I] Average on 10 runs - GPU latency: 0.0996216 ms - Host latency: 0.0996216 ms (enqueue 0.0818726 ms)
[03/03/2026-11:04:48] [I] Average on 10 runs - GPU latency: 0.102991 ms - Host latency: 0.102991 ms (enqueue 0.0861816 ms)
[03/03/2026-11:04:48] [I] Average on 10 runs - GPU latency: 0.0998901 ms - Host latency: 0.0998901 ms (enqueue 0.0827881 ms)
[03/03/2026-11:04:48] [I] Average on 10 runs - GPU latency: 0.100146 ms - Host latency: 0.100146 ms (enqueue 0.0826904 ms)
[03/03/2026-11:04:48] [I] Average on 10 runs - GPU latency: 0.0986694 ms - Host latency: 0.0986694 ms (enqueue 0.0818115 ms)
[03/03/2026-11:04:48] [I] Average on 10 runs - GPU latency: 0.102161 ms - Host latency: 0.102161 ms (enqueue 0.0859863 ms)
[03/03/2026-11:04:48] [I] Average on 10 runs - GPU latency: 0.0999878 ms - Host latency: 0.0999878 ms (enqueue 0.0831787 ms)
[03/03/2026-11:04:48] [I] Average on 10 runs - GPU latency: 0.0996704 ms - Host latency: 0.0996704 ms (enqueue 0.0821411 ms)
[03/03/2026-11:04:48] [I] Average on 10 runs - GPU latency: 0.099231 ms - Host latency: 0.099231 ms (enqueue 0.0817505 ms)
[03/03/2026-11:04:48] [I] Average on 10 runs - GPU latency: 0.101184 ms - Host latency: 0.101184 ms (enqueue 0.0850464 ms)
[03/03/2026-11:04:48] [I] Average on 10 runs - GPU latency: 0.100659 ms - Host latency: 0.100659 ms (enqueue 0.0832642 ms)
[03/03/2026-11:04:48] [I] Average on 10 runs - GPU latency: 0.100073 ms - Host latency: 0.100073 ms (enqueue 0.0828491 ms)
[03/03/2026-11:04:48] [I] Average on 10 runs - GPU latency: 0.0994751 ms - Host latency: 0.0994751 ms (enqueue 0.0820435 ms)
[03/03/2026-11:04:48] [I] Average on 10 runs - GPU latency: 0.100781 ms - Host latency: 0.100781 ms (enqueue 0.0843506 ms)
[03/03/2026-11:04:48] [I] Average on 10 runs - GPU latency: 0.100208 ms - Host latency: 0.100208 ms (enqueue 0.0827759 ms)
[03/03/2026-11:04:48] [I] Average on 10 runs - GPU latency: 0.0998047 ms - Host latency: 0.0998047 ms (enqueue 0.0825317 ms)
[03/03/2026-11:04:48] [I] Average on 10 runs - GPU latency: 0.100745 ms - Host latency: 0.100745 ms (enqueue 0.0834961 ms)
[03/03/2026-11:04:48] [I] Average on 10 runs - GPU latency: 0.102319 ms - Host latency: 0.102319 ms (enqueue 0.0856079 ms)
[03/03/2026-11:04:48] [I] Average on 10 runs - GPU latency: 0.0991821 ms - Host latency: 0.0991821 ms (enqueue 0.0818237 ms)
[03/03/2026-11:04:48] [I] Average on 10 runs - GPU latency: 0.0997803 ms - Host latency: 0.0997803 ms (enqueue 0.0824341 ms)
[03/03/2026-11:04:48] [I] Average on 10 runs - GPU latency: 0.100696 ms - Host latency: 0.100696 ms (enqueue 0.082959 ms)
[03/03/2026-11:04:48] [I] Average on 10 runs - GPU latency: 0.103638 ms - Host latency: 0.103638 ms (enqueue 0.0866333 ms)
[03/03/2026-11:04:48] [I] Average on 10 runs - GPU latency: 0.0997192 ms - Host latency: 0.0997192 ms (enqueue 0.082019 ms)
[03/03/2026-11:04:48] [I] Average on 10 runs - GPU latency: 0.0997314 ms - Host latency: 0.0997314 ms (enqueue 0.0827271 ms)
[03/03/2026-11:04:48] [I] Average on 10 runs - GPU latency: 0.100476 ms - Host latency: 0.100476 ms (enqueue 0.0830078 ms)
[03/03/2026-11:04:48] [I] Average on 10 runs - GPU latency: 0.100537 ms - Host latency: 0.100537 ms (enqueue 0.084021 ms)
[03/03/2026-11:04:48] [I] Average on 10 runs - GPU latency: 0.0996216 ms - Host latency: 0.0996216 ms (enqueue 0.0821777 ms)
[03/03/2026-11:04:48] [I] Average on 10 runs - GPU latency: 0.099646 ms - Host latency: 0.099646 ms (enqueue 0.0824829 ms)
[03/03/2026-11:04:48] [I] Average on 10 runs - GPU latency: 0.0997559 ms - Host latency: 0.0997559 ms (enqueue 0.0827271 ms)
[03/03/2026-11:04:48] [I] Average on 10 runs - GPU latency: 0.10199 ms - Host latency: 0.10199 ms (enqueue 0.0844238 ms)
[03/03/2026-11:04:48] [I] Average on 10 runs - GPU latency: 0.100586 ms - Host latency: 0.100586 ms (enqueue 0.0831421 ms)
[03/03/2026-11:04:48] [I] Average on 10 runs - GPU latency: 0.10061 ms - Host latency: 0.10061 ms (enqueue 0.0832886 ms)
[03/03/2026-11:04:48] [I] Average on 10 runs - GPU latency: 0.102087 ms - Host latency: 0.102087 ms (enqueue 0.0833008 ms)
[03/03/2026-11:04:48] [I] Average on 10 runs - GPU latency: 0.101172 ms - Host latency: 0.101172 ms (enqueue 0.0834229 ms)
[03/03/2026-11:04:48] [I] Average on 10 runs - GPU latency: 0.100146 ms - Host latency: 0.100146 ms (enqueue 0.082373 ms)
[03/03/2026-11:04:48] [I] Average on 10 runs - GPU latency: 0.099939 ms - Host latency: 0.099939 ms (enqueue 0.0826172 ms)
[03/03/2026-11:04:48] [I] Average on 10 runs - GPU latency: 0.101099 ms - Host latency: 0.101099 ms (enqueue 0.0843872 ms)
[03/03/2026-11:04:48] [I] Average on 10 runs - GPU latency: 0.101074 ms - Host latency: 0.101074 ms (enqueue 0.0838501 ms)
[03/03/2026-11:04:48] [I] Average on 10 runs - GPU latency: 0.10061 ms - Host latency: 0.10061 ms (enqueue 0.0830078 ms)
[03/03/2026-11:04:48] [I] Average on 10 runs - GPU latency: 0.0991943 ms - Host latency: 0.0991943 ms (enqueue 0.0820068 ms)
[03/03/2026-11:04:48] [I] Average on 10 runs - GPU latency: 0.103027 ms - Host latency: 0.103027 ms (enqueue 0.0857788 ms)
[03/03/2026-11:04:48] [I] Average on 10 runs - GPU latency: 0.10072 ms - Host latency: 0.10072 ms (enqueue 0.0832153 ms)
[03/03/2026-11:04:48] [I] Average on 10 runs - GPU latency: 0.0996338 ms - Host latency: 0.0996338 ms (enqueue 0.0824097 ms)
[03/03/2026-11:04:48] [I] Average on 10 runs - GPU latency: 0.101904 ms - Host latency: 0.101904 ms (enqueue 0.083606 ms)
[03/03/2026-11:04:48] [I] Average on 10 runs - GPU latency: 0.101624 ms - Host latency: 0.101624 ms (enqueue 0.0844971 ms)
[03/03/2026-11:04:48] [I] Average on 10 runs - GPU latency: 0.0993408 ms - Host latency: 0.0993408 ms (enqueue 0.0817871 ms)
[03/03/2026-11:04:48] [I] Average on 10 runs - GPU latency: 0.0999634 ms - Host latency: 0.0999634 ms (enqueue 0.0826538 ms)
[03/03/2026-11:04:48] [I] Average on 10 runs - GPU latency: 0.0987427 ms - Host latency: 0.0987427 ms (enqueue 0.0813599 ms)
[03/03/2026-11:04:48] [I] Average on 10 runs - GPU latency: 0.103613 ms - Host latency: 0.103613 ms (enqueue 0.0871216 ms)
[03/03/2026-11:04:48] [I] Average on 10 runs - GPU latency: 0.100623 ms - Host latency: 0.100623 ms (enqueue 0.0833618 ms)
[03/03/2026-11:04:48] [I] Average on 10 runs - GPU latency: 0.0998169 ms - Host latency: 0.0998169 ms (enqueue 0.0823853 ms)
[03/03/2026-11:04:48] [I] Average on 10 runs - GPU latency: 0.0986206 ms - Host latency: 0.0986206 ms (enqueue 0.0815063 ms)
[03/03/2026-11:04:48] [I] Average on 10 runs - GPU latency: 0.103052 ms - Host latency: 0.103052 ms (enqueue 0.0866699 ms)
[03/03/2026-11:04:48] [I] Average on 10 runs - GPU latency: 0.0995117 ms - Host latency: 0.0995117 ms (enqueue 0.0822998 ms)
[03/03/2026-11:04:48] [I] Average on 10 runs - GPU latency: 0.10033 ms - Host latency: 0.10033 ms (enqueue 0.0828369 ms)
[03/03/2026-11:04:48] [I] Average on 10 runs - GPU latency: 0.101062 ms - Host latency: 0.101062 ms (enqueue 0.0829956 ms)
[03/03/2026-11:04:48] [I] Average on 10 runs - GPU latency: 0.101782 ms - Host latency: 0.101782 ms (enqueue 0.084436 ms)
[03/03/2026-11:04:48] [I] Average on 10 runs - GPU latency: 0.0998169 ms - Host latency: 0.0998169 ms (enqueue 0.0822266 ms)
[03/03/2026-11:04:48] [I] Average on 10 runs - GPU latency: 0.0998413 ms - Host latency: 0.0998413 ms (enqueue 0.0823486 ms)
[03/03/2026-11:04:48] [I] Average on 10 runs - GPU latency: 0.099707 ms - Host latency: 0.099707 ms (enqueue 0.0820679 ms)
[03/03/2026-11:04:48] [I] Average on 10 runs - GPU latency: 0.101453 ms - Host latency: 0.101453 ms (enqueue 0.0845459 ms)
[03/03/2026-11:04:48] [I] Average on 10 runs - GPU latency: 0.100208 ms - Host latency: 0.100208 ms (enqueue 0.0831909 ms)
[03/03/2026-11:04:48] [I] Average on 10 runs - GPU latency: 0.0993042 ms - Host latency: 0.0993042 ms (enqueue 0.0818115 ms)
[03/03/2026-11:04:48] [I] Average on 10 runs - GPU latency: 0.1 ms - Host latency: 0.1 ms (enqueue 0.0826294 ms)
[03/03/2026-11:04:48] [I] Average on 10 runs - GPU latency: 0.100903 ms - Host latency: 0.100903 ms (enqueue 0.0846558 ms)
[03/03/2026-11:04:48] [I] Average on 10 runs - GPU latency: 0.0997192 ms - Host latency: 0.0997192 ms (enqueue 0.0823242 ms)
[03/03/2026-11:04:48] [I] Average on 10 runs - GPU latency: 0.101782 ms - Host latency: 0.101782 ms (enqueue 0.083728 ms)
[03/03/2026-11:04:48] [I] Average on 10 runs - GPU latency: 0.098877 ms - Host latency: 0.098877 ms (enqueue 0.0814331 ms)
[03/03/2026-11:04:48] [I] Average on 10 runs - GPU latency: 0.100952 ms - Host latency: 0.100952 ms (enqueue 0.0851074 ms)
[03/03/2026-11:04:48] [I] Average on 10 runs - GPU latency: 0.100818 ms - Host latency: 0.100818 ms (enqueue 0.08302 ms)
[03/03/2026-11:04:48] [I] Average on 10 runs - GPU latency: 0.102185 ms - Host latency: 0.102185 ms (enqueue 0.0846924 ms)
[03/03/2026-11:04:48] [I] Average on 10 runs - GPU latency: 0.099939 ms - Host latency: 0.099939 ms (enqueue 0.084021 ms)
[03/03/2026-11:04:48] [I] Average on 10 runs - GPU latency: 0.101038 ms - Host latency: 0.101038 ms (enqueue 0.0824585 ms)
[03/03/2026-11:04:48] [I] Average on 10 runs - GPU latency: 0.0999878 ms - Host latency: 0.0999878 ms (enqueue 0.0826172 ms)
[03/03/2026-11:04:48] [I] Average on 10 runs - GPU latency: 0.100854 ms - Host latency: 0.100854 ms (enqueue 0.0834595 ms)
[03/03/2026-11:04:48] [I] Average on 10 runs - GPU latency: 0.101135 ms - Host latency: 0.101135 ms (enqueue 0.084314 ms)
[03/03/2026-11:04:48] [I] Average on 10 runs - GPU latency: 0.100867 ms - Host latency: 0.100867 ms (enqueue 0.0836914 ms)
[03/03/2026-11:04:48] [I] Average on 10 runs - GPU latency: 0.100916 ms - Host latency: 0.100916 ms (enqueue 0.0828979 ms)
[03/03/2026-11:04:48] [I] Average on 10 runs - GPU latency: 0.100745 ms - Host latency: 0.100745 ms (enqueue 0.0834229 ms)
[03/03/2026-11:04:48] [I] Average on 10 runs - GPU latency: 0.100354 ms - Host latency: 0.100354 ms (enqueue 0.0840942 ms)
[03/03/2026-11:04:48] [I] Average on 10 runs - GPU latency: 0.101001 ms - Host latency: 0.101001 ms (enqueue 0.0833496 ms)
[03/03/2026-11:04:48] [I] Average on 10 runs - GPU latency: 0.101392 ms - Host latency: 0.101392 ms (enqueue 0.0839478 ms)
[03/03/2026-11:04:48] [I] Average on 10 runs - GPU latency: 0.100085 ms - Host latency: 0.100085 ms (enqueue 0.0829468 ms)
[03/03/2026-11:04:48] [I] Average on 10 runs - GPU latency: 0.102466 ms - Host latency: 0.102466 ms (enqueue 0.0858276 ms)
[03/03/2026-11:04:48] [I] Average on 10 runs - GPU latency: 0.102429 ms - Host latency: 0.102429 ms (enqueue 0.0850708 ms)
[03/03/2026-11:04:48] [I] Average on 10 runs - GPU latency: 0.100256 ms - Host latency: 0.100256 ms (enqueue 0.0827515 ms)
[03/03/2026-11:04:48] [I] Average on 10 runs - GPU latency: 0.100281 ms - Host latency: 0.100281 ms (enqueue 0.0824951 ms)
[03/03/2026-11:04:48] [I] Average on 10 runs - GPU latency: 0.104517 ms - Host latency: 0.104517 ms (enqueue 0.0866699 ms)
[03/03/2026-11:04:48] [I] Average on 10 runs - GPU latency: 0.101306 ms - Host latency: 0.101306 ms (enqueue 0.0843018 ms)
[03/03/2026-11:04:48] [I] Average on 10 runs - GPU latency: 0.10188 ms - Host latency: 0.10188 ms (enqueue 0.0834473 ms)
[03/03/2026-11:04:48] [I] Average on 10 runs - GPU latency: 0.100708 ms - Host latency: 0.100708 ms (enqueue 0.0830933 ms)
[03/03/2026-11:04:48] [I] Average on 10 runs - GPU latency: 0.100867 ms - Host latency: 0.100867 ms (enqueue 0.0844605 ms)
[03/03/2026-11:04:48] [I] Average on 10 runs - GPU latency: 0.0995483 ms - Host latency: 0.0995483 ms (enqueue 0.0824219 ms)
[03/03/2026-11:04:48] [I] Average on 10 runs - GPU latency: 0.100305 ms - Host latency: 0.100305 ms (enqueue 0.0828369 ms)
[03/03/2026-11:04:48] [I] Average on 10 runs - GPU latency: 0.0990967 ms - Host latency: 0.0990967 ms (enqueue 0.0820557 ms)
[03/03/2026-11:04:48] [I] Average on 10 runs - GPU latency: 0.102246 ms - Host latency: 0.102246 ms (enqueue 0.0835571 ms)
[03/03/2026-11:04:48] [I] Average on 10 runs - GPU latency: 0.100464 ms - Host latency: 0.100464 ms (enqueue 0.08302 ms)
[03/03/2026-11:04:48] [I] Average on 10 runs - GPU latency: 0.0997559 ms - Host latency: 0.0997559 ms (enqueue 0.0825684 ms)
[03/03/2026-11:04:48] [I] Average on 10 runs - GPU latency: 0.0987305 ms - Host latency: 0.0987305 ms (enqueue 0.0813477 ms)
[03/03/2026-11:04:48] [I] Average on 10 runs - GPU latency: 0.102319 ms - Host latency: 0.102319 ms (enqueue 0.0857056 ms)
[03/03/2026-11:04:48] [I] Average on 10 runs - GPU latency: 0.101733 ms - Host latency: 0.101733 ms (enqueue 0.0837402 ms)
[03/03/2026-11:04:48] [I] Average on 10 runs - GPU latency: 0.100769 ms - Host latency: 0.100769 ms (enqueue 0.0829956 ms)
[03/03/2026-11:04:48] [I] Average on 10 runs - GPU latency: 0.1 ms - Host latency: 0.1 ms (enqueue 0.0828369 ms)
[03/03/2026-11:04:48] [I] Average on 10 runs - GPU latency: 0.103674 ms - Host latency: 0.103674 ms (enqueue 0.0854492 ms)
[03/03/2026-11:04:48] [I] Average on 10 runs - GPU latency: 0.0996826 ms - Host latency: 0.0996826 ms (enqueue 0.0828369 ms)
[03/03/2026-11:04:48] [I] Average on 10 runs - GPU latency: 0.101416 ms - Host latency: 0.101416 ms (enqueue 0.0841675 ms)
[03/03/2026-11:04:48] [I] Average on 10 runs - GPU latency: 0.101355 ms - Host latency: 0.101355 ms (enqueue 0.0860596 ms)
[03/03/2026-11:04:48] [I] Average on 10 runs - GPU latency: 0.103918 ms - Host latency: 0.103918 ms (enqueue 0.0857544 ms)
[03/03/2026-11:04:48] [I] Average on 10 runs - GPU latency: 0.0991455 ms - Host latency: 0.0991455 ms (enqueue 0.0817871 ms)
[03/03/2026-11:04:48] [I] Average on 10 runs - GPU latency: 0.0990967 ms - Host latency: 0.0990967 ms (enqueue 0.081543 ms)
[03/03/2026-11:04:48] [I] Average on 10 runs - GPU latency: 0.10083 ms - Host latency: 0.10083 ms (enqueue 0.0844849 ms)
[03/03/2026-11:04:48] [I] Average on 10 runs - GPU latency: 0.101514 ms - Host latency: 0.101514 ms (enqueue 0.0842529 ms)
[03/03/2026-11:04:48] [I] Average on 10 runs - GPU latency: 0.0997925 ms - Host latency: 0.0997925 ms (enqueue 0.0824951 ms)
[03/03/2026-11:04:48] [I] Average on 10 runs - GPU latency: 0.100366 ms - Host latency: 0.100366 ms (enqueue 0.0828491 ms)
[03/03/2026-11:04:48] [I] Average on 10 runs - GPU latency: 0.10199 ms - Host latency: 0.10199 ms (enqueue 0.0856201 ms)
[03/03/2026-11:04:48] [I] Average on 10 runs - GPU latency: 0.0997314 ms - Host latency: 0.0997314 ms (enqueue 0.082959 ms)
[03/03/2026-11:04:48] [I] Average on 10 runs - GPU latency: 0.102502 ms - Host latency: 0.102502 ms (enqueue 0.0852417 ms)
[03/03/2026-11:04:48] [I] Average on 10 runs - GPU latency: 0.100378 ms - Host latency: 0.100378 ms (enqueue 0.0826904 ms)
[03/03/2026-11:04:48] [I] Average on 10 runs - GPU latency: 0.104663 ms - Host latency: 0.104663 ms (enqueue 0.0880615 ms)
[03/03/2026-11:04:48] [I] Average on 10 runs - GPU latency: 0.100464 ms - Host latency: 0.100464 ms (enqueue 0.0829834 ms)
[03/03/2026-11:04:48] [I] Average on 10 runs - GPU latency: 0.0994629 ms - Host latency: 0.0994629 ms (enqueue 0.0820435 ms)
[03/03/2026-11:04:48] [I] Average on 10 runs - GPU latency: 0.099231 ms - Host latency: 0.099231 ms (enqueue 0.0819092 ms)
[03/03/2026-11:04:48] [I] Average on 10 runs - GPU latency: 0.101782 ms - Host latency: 0.101782 ms (enqueue 0.0852417 ms)
[03/03/2026-11:04:48] [I] Average on 10 runs - GPU latency: 0.100757 ms - Host latency: 0.100757 ms (enqueue 0.0829346 ms)
[03/03/2026-11:04:48] [I] Average on 10 runs - GPU latency: 0.0996826 ms - Host latency: 0.0996826 ms (enqueue 0.0828613 ms)
[03/03/2026-11:04:48] [I] Average on 10 runs - GPU latency: 0.0991699 ms - Host latency: 0.0991699 ms (enqueue 0.0819946 ms)
[03/03/2026-11:04:48] [I] Average on 10 runs - GPU latency: 0.104138 ms - Host latency: 0.104138 ms (enqueue 0.0881226 ms)
[03/03/2026-11:04:48] [I] Average on 10 runs - GPU latency: 0.102319 ms - Host latency: 0.102319 ms (enqueue 0.084082 ms)
[03/03/2026-11:04:48] [I] Average on 10 runs - GPU latency: 0.100195 ms - Host latency: 0.100195 ms (enqueue 0.0831421 ms)
[03/03/2026-11:04:48] [I] Average on 10 runs - GPU latency: 0.0999756 ms - Host latency: 0.0999756 ms (enqueue 0.0831177 ms)
[03/03/2026-11:04:48] [I] Average on 10 runs - GPU latency: 0.101953 ms - Host latency: 0.101953 ms (enqueue 0.0835205 ms)
[03/03/2026-11:04:48] [I] Average on 10 runs - GPU latency: 0.100378 ms - Host latency: 0.100378 ms (enqueue 0.08302 ms)
[03/03/2026-11:04:48] [I] Average on 10 runs - GPU latency: 0.0996948 ms - Host latency: 0.0996948 ms (enqueue 0.082251 ms)
[03/03/2026-11:04:48] [I] Average on 10 runs - GPU latency: 0.100049 ms - Host latency: 0.100049 ms (enqueue 0.0827271 ms)
[03/03/2026-11:04:48] [I] Average on 10 runs - GPU latency: 0.103894 ms - Host latency: 0.103894 ms (enqueue 0.0863037 ms)
[03/03/2026-11:04:48] [I] Average on 10 runs - GPU latency: 0.0994141 ms - Host latency: 0.0994141 ms (enqueue 0.0822144 ms)
[03/03/2026-11:04:48] [I] Average on 10 runs - GPU latency: 0.100195 ms - Host latency: 0.100195 ms (enqueue 0.082605 ms)
[03/03/2026-11:04:48] [I] Average on 10 runs - GPU latency: 0.0990967 ms - Host latency: 0.0990967 ms (enqueue 0.0822266 ms)
[03/03/2026-11:04:48] [I] Average on 10 runs - GPU latency: 0.101709 ms - Host latency: 0.101709 ms (enqueue 0.0844971 ms)
[03/03/2026-11:04:48] [I] Average on 10 runs - GPU latency: 0.0989868 ms - Host latency: 0.0989868 ms (enqueue 0.0819946 ms)
[03/03/2026-11:04:48] [I] Average on 10 runs - GPU latency: 0.100391 ms - Host latency: 0.100391 ms (enqueue 0.0831787 ms)
[03/03/2026-11:04:48] [I] Average on 10 runs - GPU latency: 0.0995483 ms - Host latency: 0.0995483 ms (enqueue 0.0821289 ms)
[03/03/2026-11:04:48] [I] Average on 10 runs - GPU latency: 0.100513 ms - Host latency: 0.100513 ms (enqueue 0.0839722 ms)
[03/03/2026-11:04:48] [I] Average on 10 runs - GPU latency: 0.100256 ms - Host latency: 0.100256 ms (enqueue 0.0828491 ms)
[03/03/2026-11:04:48] [I] Average on 10 runs - GPU latency: 0.0996704 ms - Host latency: 0.0996704 ms (enqueue 0.0822022 ms)
[03/03/2026-11:04:48] [I] Average on 10 runs - GPU latency: 0.0997314 ms - Host latency: 0.0997314 ms (enqueue 0.084021 ms)
[03/03/2026-11:04:48] [I] Average on 10 runs - GPU latency: 0.104407 ms - Host latency: 0.104407 ms (enqueue 0.0858643 ms)
[03/03/2026-11:04:48] [I] Average on 10 runs - GPU latency: 0.0994507 ms - Host latency: 0.0994507 ms (enqueue 0.0817871 ms)
[03/03/2026-11:04:48] [I] Average on 10 runs - GPU latency: 0.0991089 ms - Host latency: 0.0991089 ms (enqueue 0.0815186 ms)
[03/03/2026-11:04:48] [I] Average on 10 runs - GPU latency: 0.101733 ms - Host latency: 0.101733 ms (enqueue 0.0859863 ms)
[03/03/2026-11:04:48] [I] Average on 10 runs - GPU latency: 0.100378 ms - Host latency: 0.100378 ms (enqueue 0.082959 ms)
[03/03/2026-11:04:48] [I] Average on 10 runs - GPU latency: 0.100562 ms - Host latency: 0.100562 ms (enqueue 0.0834106 ms)
[03/03/2026-11:04:48] [I] Average on 10 runs - GPU latency: 0.101196 ms - Host latency: 0.101196 ms (enqueue 0.0839722 ms)
[03/03/2026-11:04:48] [I] Average on 10 runs - GPU latency: 0.103003 ms - Host latency: 0.103003 ms (enqueue 0.0862549 ms)
[03/03/2026-11:04:48] [I] Average on 10 runs - GPU latency: 0.0996704 ms - Host latency: 0.0996704 ms (enqueue 0.0820312 ms)
[03/03/2026-11:04:48] [I] Average on 10 runs - GPU latency: 0.100366 ms - Host latency: 0.100366 ms (enqueue 0.0832153 ms)
[03/03/2026-11:04:48] [I] Average on 10 runs - GPU latency: 0.100647 ms - Host latency: 0.100647 ms (enqueue 0.083374 ms)
[03/03/2026-11:04:48] [I] Average on 10 runs - GPU latency: 0.104785 ms - Host latency: 0.104785 ms (enqueue 0.0865356 ms)
[03/03/2026-11:04:48] [I] Average on 10 runs - GPU latency: 0.0999512 ms - Host latency: 0.0999512 ms (enqueue 0.0827026 ms)
[03/03/2026-11:04:48] [I] Average on 10 runs - GPU latency: 0.100537 ms - Host latency: 0.100537 ms (enqueue 0.0828979 ms)
[03/03/2026-11:04:48] [I] Average on 10 runs - GPU latency: 0.099353 ms - Host latency: 0.099353 ms (enqueue 0.0818481 ms)
[03/03/2026-11:04:48] [I] Average on 10 runs - GPU latency: 0.102502 ms - Host latency: 0.102502 ms (enqueue 0.085376 ms)
[03/03/2026-11:04:48] [I] Average on 10 runs - GPU latency: 0.100061 ms - Host latency: 0.100061 ms (enqueue 0.0823486 ms)
[03/03/2026-11:04:48] [I] Average on 10 runs - GPU latency: 0.0995361 ms - Host latency: 0.0995361 ms (enqueue 0.0821411 ms)
[03/03/2026-11:04:48] [I] Average on 10 runs - GPU latency: 0.0993896 ms - Host latency: 0.0993896 ms (enqueue 0.0820679 ms)
[03/03/2026-11:04:48] [I] Average on 10 runs - GPU latency: 0.103638 ms - Host latency: 0.103638 ms (enqueue 0.0876709 ms)
[03/03/2026-11:04:48] [I] Average on 10 runs - GPU latency: 0.101562 ms - Host latency: 0.101562 ms (enqueue 0.0839111 ms)
[03/03/2026-11:04:48] [I] Average on 10 runs - GPU latency: 0.0998657 ms - Host latency: 0.0998657 ms (enqueue 0.0821045 ms)
[03/03/2026-11:04:48] [I] Average on 10 runs - GPU latency: 0.101233 ms - Host latency: 0.101233 ms (enqueue 0.08302 ms)
[03/03/2026-11:04:48] [I] Average on 10 runs - GPU latency: 0.102026 ms - Host latency: 0.102026 ms (enqueue 0.0830933 ms)
[03/03/2026-11:04:48] [I] Average on 10 runs - GPU latency: 0.100293 ms - Host latency: 0.100293 ms (enqueue 0.0830444 ms)
[03/03/2026-11:04:48] [I] Average on 10 runs - GPU latency: 0.0996948 ms - Host latency: 0.0996948 ms (enqueue 0.0822022 ms)
[03/03/2026-11:04:48] [I] Average on 10 runs - GPU latency: 0.101196 ms - Host latency: 0.101196 ms (enqueue 0.0837524 ms)
[03/03/2026-11:04:48] [I] Average on 10 runs - GPU latency: 0.104138 ms - Host latency: 0.104138 ms (enqueue 0.0864746 ms)
[03/03/2026-11:04:48] [I] Average on 10 runs - GPU latency: 0.0997559 ms - Host latency: 0.0997559 ms (enqueue 0.0820435 ms)
[03/03/2026-11:04:48] [I] Average on 10 runs - GPU latency: 0.100525 ms - Host latency: 0.100525 ms (enqueue 0.0830322 ms)
[03/03/2026-11:04:48] [I] Average on 10 runs - GPU latency: 0.0999634 ms - Host latency: 0.0999634 ms (enqueue 0.0825317 ms)
[03/03/2026-11:04:48] [I] Average on 10 runs - GPU latency: 0.101453 ms - Host latency: 0.101453 ms (enqueue 0.0835815 ms)
[03/03/2026-11:04:48] [I] Average on 10 runs - GPU latency: 0.0998047 ms - Host latency: 0.0998047 ms (enqueue 0.0828125 ms)
[03/03/2026-11:04:48] [I] Average on 10 runs - GPU latency: 0.101526 ms - Host latency: 0.101526 ms (enqueue 0.084082 ms)
[03/03/2026-11:04:48] [I] Average on 10 runs - GPU latency: 0.1021 ms - Host latency: 0.1021 ms (enqueue 0.0859253 ms)
[03/03/2026-11:04:48] [I] Average on 10 runs - GPU latency: 0.101074 ms - Host latency: 0.101074 ms (enqueue 0.0827271 ms)
[03/03/2026-11:04:48] [I] Average on 10 runs - GPU latency: 0.0995972 ms - Host latency: 0.0995972 ms (enqueue 0.0823853 ms)
[03/03/2026-11:04:48] [I] Average on 10 runs - GPU latency: 0.100366 ms - Host latency: 0.100366 ms (enqueue 0.0826904 ms)
[03/03/2026-11:04:48] [I] Average on 10 runs - GPU latency: 0.101245 ms - Host latency: 0.101245 ms (enqueue 0.0831665 ms)
[03/03/2026-11:04:48] [I] Average on 10 runs - GPU latency: 0.100562 ms - Host latency: 0.100562 ms (enqueue 0.0831787 ms)
[03/03/2026-11:04:48] [I] Average on 10 runs - GPU latency: 0.0994873 ms - Host latency: 0.0994873 ms (enqueue 0.0824463 ms)
[03/03/2026-11:04:48] [I] Average on 10 runs - GPU latency: 0.100024 ms - Host latency: 0.100024 ms (enqueue 0.0825317 ms)
[03/03/2026-11:04:48] [I] Average on 10 runs - GPU latency: 0.102112 ms - Host latency: 0.102112 ms (enqueue 0.0847778 ms)
[03/03/2026-11:04:48] [I] Average on 10 runs - GPU latency: 0.0994507 ms - Host latency: 0.0994507 ms (enqueue 0.0822876 ms)
[03/03/2026-11:04:48] [I] Average on 10 runs - GPU latency: 0.099939 ms - Host latency: 0.099939 ms (enqueue 0.0827393 ms)
[03/03/2026-11:04:48] [I] Average on 10 runs - GPU latency: 0.101672 ms - Host latency: 0.101672 ms (enqueue 0.0835693 ms)
[03/03/2026-11:04:48] [I] Average on 10 runs - GPU latency: 0.102722 ms - Host latency: 0.102722 ms (enqueue 0.0847412 ms)
[03/03/2026-11:04:48] [I] Average on 10 runs - GPU latency: 0.100867 ms - Host latency: 0.100867 ms (enqueue 0.0834595 ms)
[03/03/2026-11:04:48] [I] Average on 10 runs - GPU latency: 0.100012 ms - Host latency: 0.100012 ms (enqueue 0.0826904 ms)
[03/03/2026-11:04:48] [I] Average on 10 runs - GPU latency: 0.100134 ms - Host latency: 0.100134 ms (enqueue 0.0827148 ms)
[03/03/2026-11:04:48] [I] Average on 10 runs - GPU latency: 0.101636 ms - Host latency: 0.101636 ms (enqueue 0.0837891 ms)
[03/03/2026-11:04:48] [I] Average on 10 runs - GPU latency: 0.101245 ms - Host latency: 0.101245 ms (enqueue 0.0839233 ms)
[03/03/2026-11:04:48] [I] Average on 10 runs - GPU latency: 0.100317 ms - Host latency: 0.100317 ms (enqueue 0.0834839 ms)
[03/03/2026-11:04:48] [I] Average on 10 runs - GPU latency: 0.100281 ms - Host latency: 0.100281 ms (enqueue 0.0827271 ms)
[03/03/2026-11:04:48] [I] Average on 10 runs - GPU latency: 0.103052 ms - Host latency: 0.103052 ms (enqueue 0.086145 ms)
[03/03/2026-11:04:48] [I] Average on 10 runs - GPU latency: 0.101038 ms - Host latency: 0.101038 ms (enqueue 0.0835327 ms)
[03/03/2026-11:04:48] [I] Average on 10 runs - GPU latency: 0.103394 ms - Host latency: 0.103394 ms (enqueue 0.0860474 ms)
[03/03/2026-11:04:48] [I] Average on 10 runs - GPU latency: 0.102917 ms - Host latency: 0.102917 ms (enqueue 0.0850464 ms)
[03/03/2026-11:04:48] [I] Average on 10 runs - GPU latency: 0.104871 ms - Host latency: 0.104871 ms (enqueue 0.0863159 ms)
[03/03/2026-11:04:48] [I] Average on 10 runs - GPU latency: 0.100098 ms - Host latency: 0.100098 ms (enqueue 0.0828491 ms)
[03/03/2026-11:04:48] [I] Average on 10 runs - GPU latency: 0.100012 ms - Host latency: 0.100012 ms (enqueue 0.0829346 ms)
[03/03/2026-11:04:48] [I] Average on 10 runs - GPU latency: 0.099939 ms - Host latency: 0.099939 ms (enqueue 0.0828613 ms)
[03/03/2026-11:04:48] [I] Average on 10 runs - GPU latency: 0.100806 ms - Host latency: 0.100806 ms (enqueue 0.0843384 ms)
[03/03/2026-11:04:48] [I] Average on 10 runs - GPU latency: 0.100244 ms - Host latency: 0.100244 ms (enqueue 0.0828735 ms)
[03/03/2026-11:04:48] [I] Average on 10 runs - GPU latency: 0.0992676 ms - Host latency: 0.0992676 ms (enqueue 0.0821533 ms)
[03/03/2026-11:04:48] [I] Average on 10 runs - GPU latency: 0.099353 ms - Host latency: 0.099353 ms (enqueue 0.081897 ms)
[03/03/2026-11:04:48] [I] Average on 10 runs - GPU latency: 0.102527 ms - Host latency: 0.102527 ms (enqueue 0.0852661 ms)
[03/03/2026-11:04:48] [I] Average on 10 runs - GPU latency: 0.100134 ms - Host latency: 0.100134 ms (enqueue 0.0826782 ms)
[03/03/2026-11:04:48] [I] Average on 10 runs - GPU latency: 0.102563 ms - Host latency: 0.102563 ms (enqueue 0.0854248 ms)
[03/03/2026-11:04:48] [I] Average on 10 runs - GPU latency: 0.100574 ms - Host latency: 0.100574 ms (enqueue 0.0828369 ms)
[03/03/2026-11:04:48] [I] Average on 10 runs - GPU latency: 0.10238 ms - Host latency: 0.10238 ms (enqueue 0.0841064 ms)
[03/03/2026-11:04:48] [I] Average on 10 runs - GPU latency: 0.100342 ms - Host latency: 0.100342 ms (enqueue 0.0831787 ms)
[03/03/2026-11:04:48] [I] Average on 10 runs - GPU latency: 0.100391 ms - Host latency: 0.100391 ms (enqueue 0.0828735 ms)
[03/03/2026-11:04:48] [I] Average on 10 runs - GPU latency: 0.101123 ms - Host latency: 0.101123 ms (enqueue 0.084729 ms)
[03/03/2026-11:04:48] [I] Average on 10 runs - GPU latency: 0.0995117 ms - Host latency: 0.0995117 ms (enqueue 0.0822876 ms)
[03/03/2026-11:04:48] [I] Average on 10 runs - GPU latency: 0.098938 ms - Host latency: 0.098938 ms (enqueue 0.0815186 ms)
[03/03/2026-11:04:48] [I] Average on 10 runs - GPU latency: 0.099939 ms - Host latency: 0.099939 ms (enqueue 0.0829224 ms)
[03/03/2026-11:04:48] [I] Average on 10 runs - GPU latency: 0.101538 ms - Host latency: 0.101538 ms (enqueue 0.0842896 ms)
[03/03/2026-11:04:48] [I] Average on 10 runs - GPU latency: 0.10061 ms - Host latency: 0.10061 ms (enqueue 0.0834961 ms)
[03/03/2026-11:04:48] [I] Average on 10 runs - GPU latency: 0.101636 ms - Host latency: 0.101636 ms (enqueue 0.0842896 ms)
[03/03/2026-11:04:48] [I] Average on 10 runs - GPU latency: 0.100781 ms - Host latency: 0.100781 ms (enqueue 0.0834961 ms)
[03/03/2026-11:04:48] [I] Average on 10 runs - GPU latency: 0.104773 ms - Host latency: 0.104773 ms (enqueue 0.0867188 ms)
[03/03/2026-11:04:48] [I] Average on 10 runs - GPU latency: 0.101416 ms - Host latency: 0.101416 ms (enqueue 0.0839233 ms)
[03/03/2026-11:04:48] [I] Average on 10 runs - GPU latency: 0.0999268 ms - Host latency: 0.0999268 ms (enqueue 0.0827271 ms)
[03/03/2026-11:04:48] [I] Average on 10 runs - GPU latency: 0.0997803 ms - Host latency: 0.0997803 ms (enqueue 0.0824463 ms)
[03/03/2026-11:04:48] [I] Average on 10 runs - GPU latency: 0.101599 ms - Host latency: 0.101599 ms (enqueue 0.0852295 ms)
[03/03/2026-11:04:48] [I] Average on 10 runs - GPU latency: 0.101782 ms - Host latency: 0.101782 ms (enqueue 0.0842896 ms)
[03/03/2026-11:04:48] [I] Average on 10 runs - GPU latency: 0.100757 ms - Host latency: 0.100757 ms (enqueue 0.0835327 ms)
[03/03/2026-11:04:48] [I] Average on 10 runs - GPU latency: 0.0998535 ms - Host latency: 0.0998535 ms (enqueue 0.0822632 ms)
[03/03/2026-11:04:48] [I] Average on 10 runs - GPU latency: 0.102197 ms - Host latency: 0.102197 ms (enqueue 0.0862183 ms)
[03/03/2026-11:04:48] [I] Average on 10 runs - GPU latency: 0.100146 ms - Host latency: 0.100146 ms (enqueue 0.0831299 ms)
[03/03/2026-11:04:48] [I] Average on 10 runs - GPU latency: 0.102271 ms - Host latency: 0.102271 ms (enqueue 0.0841797 ms)
[03/03/2026-11:04:48] [I] Average on 10 runs - GPU latency: 0.0999634 ms - Host latency: 0.0999634 ms (enqueue 0.0829224 ms)
[03/03/2026-11:04:48] [I] Average on 10 runs - GPU latency: 0.10282 ms - Host latency: 0.10282 ms (enqueue 0.0854004 ms)
[03/03/2026-11:04:48] [I] Average on 10 runs - GPU latency: 0.0994995 ms - Host latency: 0.0994995 ms (enqueue 0.0819824 ms)
[03/03/2026-11:04:48] [I] Average on 10 runs - GPU latency: 0.100049 ms - Host latency: 0.100049 ms (enqueue 0.0825928 ms)
[03/03/2026-11:04:48] [I] Average on 10 runs - GPU latency: 0.101318 ms - Host latency: 0.101318 ms (enqueue 0.0837036 ms)
[03/03/2026-11:04:48] [I] Average on 10 runs - GPU latency: 0.102356 ms - Host latency: 0.102356 ms (enqueue 0.0859619 ms)
[03/03/2026-11:04:48] [I] Average on 10 runs - GPU latency: 0.101794 ms - Host latency: 0.101794 ms (enqueue 0.0841309 ms)
[03/03/2026-11:04:48] [I] Average on 10 runs - GPU latency: 0.100586 ms - Host latency: 0.100586 ms (enqueue 0.0833252 ms)
[03/03/2026-11:04:48] [I] Average on 10 runs - GPU latency: 0.099585 ms - Host latency: 0.099585 ms (enqueue 0.0827148 ms)
[03/03/2026-11:04:48] [I] Average on 10 runs - GPU latency: 0.104895 ms - Host latency: 0.104895 ms (enqueue 0.0875854 ms)
[03/03/2026-11:04:48] [I] Average on 10 runs - GPU latency: 0.102063 ms - Host latency: 0.102063 ms (enqueue 0.0839844 ms)
[03/03/2026-11:04:48] [I] Average on 10 runs - GPU latency: 0.0996216 ms - Host latency: 0.0996216 ms (enqueue 0.0821533 ms)
[03/03/2026-11:04:48] [I] Average on 10 runs - GPU latency: 0.0993286 ms - Host latency: 0.0993286 ms (enqueue 0.0821411 ms)
[03/03/2026-11:04:48] [I] Average on 10 runs - GPU latency: 0.101697 ms - Host latency: 0.101697 ms (enqueue 0.0834839 ms)
[03/03/2026-11:04:48] [I] Average on 10 runs - GPU latency: 0.0999146 ms - Host latency: 0.0999146 ms (enqueue 0.0821655 ms)
[03/03/2026-11:04:48] [I] Average on 10 runs - GPU latency: 0.100146 ms - Host latency: 0.100146 ms (enqueue 0.0828491 ms)
[03/03/2026-11:04:48] [I] Average on 10 runs - GPU latency: 0.101819 ms - Host latency: 0.101819 ms (enqueue 0.0852051 ms)
[03/03/2026-11:04:48] [I] Average on 10 runs - GPU latency: 0.100598 ms - Host latency: 0.100598 ms (enqueue 0.0827148 ms)
[03/03/2026-11:04:48] [I] Average on 10 runs - GPU latency: 0.100623 ms - Host latency: 0.100623 ms (enqueue 0.0831543 ms)
[03/03/2026-11:04:48] [I] Average on 10 runs - GPU latency: 0.100049 ms - Host latency: 0.100049 ms (enqueue 0.0826416 ms)
[03/03/2026-11:04:48] [I] Average on 10 runs - GPU latency: 0.10199 ms - Host latency: 0.10199 ms (enqueue 0.0853149 ms)
[03/03/2026-11:04:48] [I] Average on 10 runs - GPU latency: 0.10249 ms - Host latency: 0.10249 ms (enqueue 0.0841186 ms)
[03/03/2026-11:04:48] [I] Average on 10 runs - GPU latency: 0.10011 ms - Host latency: 0.10011 ms (enqueue 0.0827026 ms)
[03/03/2026-11:04:48] [I] Average on 10 runs - GPU latency: 0.0996338 ms - Host latency: 0.0996338 ms (enqueue 0.082251 ms)
[03/03/2026-11:04:48] [I] Average on 10 runs - GPU latency: 0.103369 ms - Host latency: 0.103369 ms (enqueue 0.0853149 ms)
[03/03/2026-11:04:48] [I] Average on 10 runs - GPU latency: 0.101038 ms - Host latency: 0.101038 ms (enqueue 0.0840332 ms)
[03/03/2026-11:04:48] [I] Average on 10 runs - GPU latency: 0.0998413 ms - Host latency: 0.0998413 ms (enqueue 0.0827515 ms)
[03/03/2026-11:04:48] [I] Average on 10 runs - GPU latency: 0.099292 ms - Host latency: 0.099292 ms (enqueue 0.0815918 ms)
[03/03/2026-11:04:48] [I] Average on 10 runs - GPU latency: 0.103418 ms - Host latency: 0.103418 ms (enqueue 0.0849854 ms)
[03/03/2026-11:04:48] [I] Average on 10 runs - GPU latency: 0.100537 ms - Host latency: 0.100537 ms (enqueue 0.0832642 ms)
[03/03/2026-11:04:48] [I] Average on 10 runs - GPU latency: 0.100476 ms - Host latency: 0.100476 ms (enqueue 0.0831177 ms)
[03/03/2026-11:04:48] [I] Average on 10 runs - GPU latency: 0.0997559 ms - Host latency: 0.0997559 ms (enqueue 0.0821777 ms)
[03/03/2026-11:04:48] [I] Average on 10 runs - GPU latency: 0.100903 ms - Host latency: 0.100903 ms (enqueue 0.084021 ms)
[03/03/2026-11:04:48] [I] Average on 10 runs - GPU latency: 0.101599 ms - Host latency: 0.101599 ms (enqueue 0.0838623 ms)
[03/03/2026-11:04:48] [I] Average on 10 runs - GPU latency: 0.0994263 ms - Host latency: 0.0994263 ms (enqueue 0.0821045 ms)
[03/03/2026-11:04:48] [I] Average on 10 runs - GPU latency: 0.0999878 ms - Host latency: 0.0999878 ms (enqueue 0.0828003 ms)
[03/03/2026-11:04:48] [I] Average on 10 runs - GPU latency: 0.10188 ms - Host latency: 0.10188 ms (enqueue 0.0852051 ms)
[03/03/2026-11:04:48] [I] Average on 10 runs - GPU latency: 0.0994019 ms - Host latency: 0.0994019 ms (enqueue 0.0821899 ms)
[03/03/2026-11:04:48] [I] Average on 10 runs - GPU latency: 0.100513 ms - Host latency: 0.100513 ms (enqueue 0.0831055 ms)
[03/03/2026-11:04:48] [I] Average on 10 runs - GPU latency: 0.0994751 ms - Host latency: 0.0994751 ms (enqueue 0.0822998 ms)
[03/03/2026-11:04:48] [I] Average on 10 runs - GPU latency: 0.102014 ms - Host latency: 0.102014 ms (enqueue 0.0840454 ms)
[03/03/2026-11:04:48] [I] Average on 10 runs - GPU latency: 0.100891 ms - Host latency: 0.100891 ms (enqueue 0.0835327 ms)
[03/03/2026-11:04:48] [I] Average on 10 runs - GPU latency: 0.0999146 ms - Host latency: 0.0999146 ms (enqueue 0.0829224 ms)
[03/03/2026-11:04:48] [I] Average on 10 runs - GPU latency: 0.10105 ms - Host latency: 0.10105 ms (enqueue 0.083606 ms)
[03/03/2026-11:04:48] [I] Average on 10 runs - GPU latency: 0.10354 ms - Host latency: 0.10354 ms (enqueue 0.086438 ms)
[03/03/2026-11:04:48] [I] Average on 10 runs - GPU latency: 0.0994263 ms - Host latency: 0.0994263 ms (enqueue 0.0820312 ms)
[03/03/2026-11:04:48] [I] Average on 10 runs - GPU latency: 0.0997681 ms - Host latency: 0.0997681 ms (enqueue 0.0827759 ms)
[03/03/2026-11:04:48] [I] Average on 10 runs - GPU latency: 0.10116 ms - Host latency: 0.10116 ms (enqueue 0.0838867 ms)
[03/03/2026-11:04:48] [I] Average on 10 runs - GPU latency: 0.101892 ms - Host latency: 0.101892 ms (enqueue 0.0855469 ms)
[03/03/2026-11:04:48] [I] Average on 10 runs - GPU latency: 0.0997803 ms - Host latency: 0.0997803 ms (enqueue 0.0828857 ms)
[03/03/2026-11:04:48] [I] Average on 10 runs - GPU latency: 0.100928 ms - Host latency: 0.100928 ms (enqueue 0.0834961 ms)
[03/03/2026-11:04:48] [I] Average on 10 runs - GPU latency: 0.178845 ms - Host latency: 0.178845 ms (enqueue 0.116321 ms)
[03/03/2026-11:04:48] [I] Average on 10 runs - GPU latency: 0.0986084 ms - Host latency: 0.0986084 ms (enqueue 0.0851807 ms)
[03/03/2026-11:04:48] [I] Average on 10 runs - GPU latency: 0.0996582 ms - Host latency: 0.0996582 ms (enqueue 0.0824097 ms)
[03/03/2026-11:04:48] [I] Average on 10 runs - GPU latency: 0.0991455 ms - Host latency: 0.0991455 ms (enqueue 0.0818481 ms)
[03/03/2026-11:04:48] [I] Average on 10 runs - GPU latency: 0.104687 ms - Host latency: 0.104687 ms (enqueue 0.0877808 ms)
[03/03/2026-11:04:48] [I] Average on 10 runs - GPU latency: 0.0996704 ms - Host latency: 0.0996704 ms (enqueue 0.0821777 ms)
[03/03/2026-11:04:48] [I] Average on 10 runs - GPU latency: 0.0998657 ms - Host latency: 0.0998657 ms (enqueue 0.0827271 ms)
[03/03/2026-11:04:48] [I] Average on 10 runs - GPU latency: 0.0993774 ms - Host latency: 0.0993774 ms (enqueue 0.0826416 ms)
[03/03/2026-11:04:48] [I] Average on 10 runs - GPU latency: 0.101868 ms - Host latency: 0.101868 ms (enqueue 0.0847656 ms)
[03/03/2026-11:04:48] [I] Average on 10 runs - GPU latency: 0.100305 ms - Host latency: 0.100305 ms (enqueue 0.0828369 ms)
[03/03/2026-11:04:48] [I] Average on 10 runs - GPU latency: 0.0992065 ms - Host latency: 0.0992065 ms (enqueue 0.0819214 ms)
[03/03/2026-11:04:48] [I] Average on 10 runs - GPU latency: 0.0989136 ms - Host latency: 0.0989136 ms (enqueue 0.0836914 ms)
[03/03/2026-11:04:48] [I] Average on 10 runs - GPU latency: 0.100793 ms - Host latency: 0.100793 ms (enqueue 0.0827881 ms)
[03/03/2026-11:04:48] [I] Average on 10 runs - GPU latency: 0.0985596 ms - Host latency: 0.0985596 ms (enqueue 0.0812012 ms)
[03/03/2026-11:04:48] [I] Average on 10 runs - GPU latency: 0.100354 ms - Host latency: 0.100354 ms (enqueue 0.082959 ms)
[03/03/2026-11:04:48] [I] Average on 10 runs - GPU latency: 0.101599 ms - Host latency: 0.101599 ms (enqueue 0.0850708 ms)
[03/03/2026-11:04:48] [I] Average on 10 runs - GPU latency: 0.102783 ms - Host latency: 0.102783 ms (enqueue 0.0841797 ms)
[03/03/2026-11:04:48] [I] Average on 10 runs - GPU latency: 0.10094 ms - Host latency: 0.10094 ms (enqueue 0.0831665 ms)
[03/03/2026-11:04:48] [I] Average on 10 runs - GPU latency: 0.100562 ms - Host latency: 0.100562 ms (enqueue 0.0833496 ms)
[03/03/2026-11:04:48] [I] Average on 10 runs - GPU latency: 0.100854 ms - Host latency: 0.100854 ms (enqueue 0.0840942 ms)
[03/03/2026-11:04:48] [I] Average on 10 runs - GPU latency: 0.0999634 ms - Host latency: 0.0999634 ms (enqueue 0.0829468 ms)
[03/03/2026-11:04:48] [I] Average on 10 runs - GPU latency: 0.0995117 ms - Host latency: 0.0995117 ms (enqueue 0.0822266 ms)
[03/03/2026-11:04:48] [I] Average on 10 runs - GPU latency: 0.101172 ms - Host latency: 0.101172 ms (enqueue 0.084082 ms)
[03/03/2026-11:04:48] [I] Average on 10 runs - GPU latency: 0.103113 ms - Host latency: 0.103113 ms (enqueue 0.0866699 ms)
[03/03/2026-11:04:48] [I] Average on 10 runs - GPU latency: 0.100012 ms - Host latency: 0.100012 ms (enqueue 0.0830566 ms)
[03/03/2026-11:04:48] [I] Average on 10 runs - GPU latency: 0.0997681 ms - Host latency: 0.0997681 ms (enqueue 0.0828857 ms)
[03/03/2026-11:04:48] [I] Average on 10 runs - GPU latency: 0.100427 ms - Host latency: 0.100427 ms (enqueue 0.0828979 ms)
[03/03/2026-11:04:48] [I] Average on 10 runs - GPU latency: 0.101868 ms - Host latency: 0.101868 ms (enqueue 0.0853149 ms)
[03/03/2026-11:04:48] [I] Average on 10 runs - GPU latency: 0.10033 ms - Host latency: 0.10033 ms (enqueue 0.0831177 ms)
[03/03/2026-11:04:48] [I] Average on 10 runs - GPU latency: 0.0993896 ms - Host latency: 0.0993896 ms (enqueue 0.0827515 ms)
[03/03/2026-11:04:48] [I] Average on 10 runs - GPU latency: 0.10061 ms - Host latency: 0.10061 ms (enqueue 0.0834229 ms)
[03/03/2026-11:04:48] [I] Average on 10 runs - GPU latency: 0.100745 ms - Host latency: 0.100745 ms (enqueue 0.0847534 ms)
[03/03/2026-11:04:48] [I] Average on 10 runs - GPU latency: 0.101428 ms - Host latency: 0.101428 ms (enqueue 0.084436 ms)
[03/03/2026-11:04:48] [I] Average on 10 runs - GPU latency: 0.100208 ms - Host latency: 0.100208 ms (enqueue 0.0830322 ms)
[03/03/2026-11:04:48] [I] Average on 10 runs - GPU latency: 0.100293 ms - Host latency: 0.100293 ms (enqueue 0.0829102 ms)
[03/03/2026-11:04:48] [I] Average on 10 runs - GPU latency: 0.101099 ms - Host latency: 0.101099 ms (enqueue 0.084668 ms)
[03/03/2026-11:04:48] [I] Average on 10 runs - GPU latency: 0.100439 ms - Host latency: 0.100439 ms (enqueue 0.0831421 ms)
[03/03/2026-11:04:48] [I] Average on 10 runs - GPU latency: 0.100439 ms - Host latency: 0.100439 ms (enqueue 0.0835815 ms)
[03/03/2026-11:04:48] [I] Average on 10 runs - GPU latency: 0.0995483 ms - Host latency: 0.0995483 ms (enqueue 0.0822632 ms)
[03/03/2026-11:04:48] [I] Average on 10 runs - GPU latency: 0.102661 ms - Host latency: 0.102661 ms (enqueue 0.0856079 ms)
[03/03/2026-11:04:48] [I] Average on 10 runs - GPU latency: 0.099646 ms - Host latency: 0.099646 ms (enqueue 0.082666 ms)
[03/03/2026-11:04:48] [I] Average on 10 runs - GPU latency: 0.100122 ms - Host latency: 0.100122 ms (enqueue 0.0831299 ms)
[03/03/2026-11:04:48] [I] Average on 10 runs - GPU latency: 0.100476 ms - Host latency: 0.100476 ms (enqueue 0.0826904 ms)
[03/03/2026-11:04:48] [I] Average on 10 runs - GPU latency: 0.101904 ms - Host latency: 0.101904 ms (enqueue 0.085144 ms)
[03/03/2026-11:04:48] [I] Average on 10 runs - GPU latency: 0.100232 ms - Host latency: 0.100232 ms (enqueue 0.0827759 ms)
[03/03/2026-11:04:48] [I] Average on 10 runs - GPU latency: 0.0995728 ms - Host latency: 0.0995728 ms (enqueue 0.0819214 ms)
[03/03/2026-11:04:48] [I] Average on 10 runs - GPU latency: 0.100244 ms - Host latency: 0.100244 ms (enqueue 0.0838501 ms)
[03/03/2026-11:04:48] [I] Average on 10 runs - GPU latency: 0.101697 ms - Host latency: 0.101697 ms (enqueue 0.0849487 ms)
[03/03/2026-11:04:48] [I] Average on 10 runs - GPU latency: 0.0993164 ms - Host latency: 0.0993164 ms (enqueue 0.0820312 ms)
[03/03/2026-11:04:48] [I] Average on 10 runs - GPU latency: 0.100146 ms - Host latency: 0.100146 ms (enqueue 0.0829712 ms)
[03/03/2026-11:04:48] [I] Average on 10 runs - GPU latency: 0.101318 ms - Host latency: 0.101318 ms (enqueue 0.0845215 ms)
[03/03/2026-11:04:48] [I] Average on 10 runs - GPU latency: 0.10177 ms - Host latency: 0.10177 ms (enqueue 0.0835571 ms)
[03/03/2026-11:04:48] [I] Average on 10 runs - GPU latency: 0.100647 ms - Host latency: 0.100647 ms (enqueue 0.0833496 ms)
[03/03/2026-11:04:48] [I] Average on 10 runs - GPU latency: 0.0997192 ms - Host latency: 0.0997192 ms (enqueue 0.082251 ms)
[03/03/2026-11:04:48] [I] Average on 10 runs - GPU latency: 0.100806 ms - Host latency: 0.100806 ms (enqueue 0.0824951 ms)
[03/03/2026-11:04:48] [I] Average on 10 runs - GPU latency: 0.101782 ms - Host latency: 0.101782 ms (enqueue 0.0843262 ms)
[03/03/2026-11:04:48] [I] Average on 10 runs - GPU latency: 0.101282 ms - Host latency: 0.101282 ms (enqueue 0.0835205 ms)
[03/03/2026-11:04:48] [I] Average on 10 runs - GPU latency: 0.100854 ms - Host latency: 0.100854 ms (enqueue 0.0833496 ms)
[03/03/2026-11:04:48] [I] Average on 10 runs - GPU latency: 0.100952 ms - Host latency: 0.100952 ms (enqueue 0.0848022 ms)
[03/03/2026-11:04:48] [I] Average on 10 runs - GPU latency: 0.0999756 ms - Host latency: 0.0999756 ms (enqueue 0.0828125 ms)
[03/03/2026-11:04:48] [I] Average on 10 runs - GPU latency: 0.0998535 ms - Host latency: 0.0998535 ms (enqueue 0.0827515 ms)
[03/03/2026-11:04:48] [I] Average on 10 runs - GPU latency: 0.101331 ms - Host latency: 0.101331 ms (enqueue 0.0832031 ms)
[03/03/2026-11:04:48] [I] Average on 10 runs - GPU latency: 0.101025 ms - Host latency: 0.101025 ms (enqueue 0.0843628 ms)
[03/03/2026-11:04:48] [I] Average on 10 runs - GPU latency: 0.0998779 ms - Host latency: 0.0998779 ms (enqueue 0.0827515 ms)
[03/03/2026-11:04:48] [I] Average on 10 runs - GPU latency: 0.10033 ms - Host latency: 0.10033 ms (enqueue 0.0828125 ms)
[03/03/2026-11:04:48] [I] Average on 10 runs - GPU latency: 0.100146 ms - Host latency: 0.100146 ms (enqueue 0.0830078 ms)
[03/03/2026-11:04:48] [I] Average on 10 runs - GPU latency: 0.102417 ms - Host latency: 0.102417 ms (enqueue 0.0841919 ms)
[03/03/2026-11:04:48] [I] Average on 10 runs - GPU latency: 0.100562 ms - Host latency: 0.100562 ms (enqueue 0.0832397 ms)
[03/03/2026-11:04:48] [I] Average on 10 runs - GPU latency: 0.0998047 ms - Host latency: 0.0998047 ms (enqueue 0.0828613 ms)
[03/03/2026-11:04:48] [I] Average on 10 runs - GPU latency: 0.101208 ms - Host latency: 0.101208 ms (enqueue 0.083728 ms)
[03/03/2026-11:04:48] [I] Average on 10 runs - GPU latency: 0.102673 ms - Host latency: 0.102673 ms (enqueue 0.0860107 ms)
[03/03/2026-11:04:48] [I] Average on 10 runs - GPU latency: 0.101636 ms - Host latency: 0.101636 ms (enqueue 0.0844116 ms)
[03/03/2026-11:04:48] [I] Average on 10 runs - GPU latency: 0.100867 ms - Host latency: 0.100867 ms (enqueue 0.0832764 ms)
[03/03/2026-11:04:48] [I] Average on 10 runs - GPU latency: 0.101636 ms - Host latency: 0.101636 ms (enqueue 0.0836792 ms)
[03/03/2026-11:04:48] [I] Average on 10 runs - GPU latency: 0.102576 ms - Host latency: 0.102576 ms (enqueue 0.0857178 ms)
[03/03/2026-11:04:48] [I] Average on 10 runs - GPU latency: 0.100842 ms - Host latency: 0.100842 ms (enqueue 0.0832642 ms)
[03/03/2026-11:04:48] [I] Average on 10 runs - GPU latency: 0.0998535 ms - Host latency: 0.0998535 ms (enqueue 0.0823242 ms)
[03/03/2026-11:04:48] [I] Average on 10 runs - GPU latency: 0.100476 ms - Host latency: 0.100476 ms (enqueue 0.0831055 ms)
[03/03/2026-11:04:48] [I] Average on 10 runs - GPU latency: 0.103601 ms - Host latency: 0.103601 ms (enqueue 0.0861816 ms)
[03/03/2026-11:04:48] [I] Average on 10 runs - GPU latency: 0.100452 ms - Host latency: 0.100452 ms (enqueue 0.0829834 ms)
[03/03/2026-11:04:48] [I] Average on 10 runs - GPU latency: 0.0999146 ms - Host latency: 0.0999146 ms (enqueue 0.0826904 ms)
[03/03/2026-11:04:48] [I] Average on 10 runs - GPU latency: 0.100293 ms - Host latency: 0.100293 ms (enqueue 0.0828491 ms)
[03/03/2026-11:04:48] [I] Average on 10 runs - GPU latency: 0.103137 ms - Host latency: 0.103137 ms (enqueue 0.0856323 ms)
[03/03/2026-11:04:48] [I] Average on 10 runs - GPU latency: 0.100696 ms - Host latency: 0.100696 ms (enqueue 0.0831177 ms)
[03/03/2026-11:04:48] [I] Average on 10 runs - GPU latency: 0.103284 ms - Host latency: 0.103284 ms (enqueue 0.0850586 ms)
[03/03/2026-11:04:48] [I] Average on 10 runs - GPU latency: 0.100183 ms - Host latency: 0.100183 ms (enqueue 0.0847412 ms)
[03/03/2026-11:04:48] [I] Average on 10 runs - GPU latency: 0.101855 ms - Host latency: 0.101855 ms (enqueue 0.0834595 ms)
[03/03/2026-11:04:48] [I] Average on 10 runs - GPU latency: 0.100232 ms - Host latency: 0.100232 ms (enqueue 0.0829834 ms)
[03/03/2026-11:04:48] [I] Average on 10 runs - GPU latency: 0.100256 ms - Host latency: 0.100256 ms (enqueue 0.0825439 ms)
[03/03/2026-11:04:48] [I] Average on 10 runs - GPU latency: 0.100586 ms - Host latency: 0.100586 ms (enqueue 0.0844116 ms)
[03/03/2026-11:04:48] [I] Average on 10 runs - GPU latency: 0.100635 ms - Host latency: 0.100635 ms (enqueue 0.0830933 ms)
[03/03/2026-11:04:48] [I] Average on 10 runs - GPU latency: 0.100513 ms - Host latency: 0.100513 ms (enqueue 0.0831665 ms)
[03/03/2026-11:04:48] [I] Average on 10 runs - GPU latency: 0.0995239 ms - Host latency: 0.0995239 ms (enqueue 0.0821411 ms)
[03/03/2026-11:04:48] [I] Average on 10 runs - GPU latency: 0.102905 ms - Host latency: 0.102905 ms (enqueue 0.0848511 ms)
[03/03/2026-11:04:48] [I] Average on 10 runs - GPU latency: 0.100635 ms - Host latency: 0.100635 ms (enqueue 0.0831421 ms)
[03/03/2026-11:04:48] [I] Average on 10 runs - GPU latency: 0.101868 ms - Host latency: 0.101868 ms (enqueue 0.084314 ms)
[03/03/2026-11:04:48] [I] Average on 10 runs - GPU latency: 0.100513 ms - Host latency: 0.100513 ms (enqueue 0.0829712 ms)
[03/03/2026-11:04:48] [I] Average on 10 runs - GPU latency: 0.101514 ms - Host latency: 0.101514 ms (enqueue 0.0853638 ms)
[03/03/2026-11:04:48] [I] Average on 10 runs - GPU latency: 0.102478 ms - Host latency: 0.102478 ms (enqueue 0.0851562 ms)
[03/03/2026-11:04:48] [I] Average on 10 runs - GPU latency: 0.1005 ms - Host latency: 0.1005 ms (enqueue 0.0832275 ms)
[03/03/2026-11:04:48] [I] Average on 10 runs - GPU latency: 0.100867 ms - Host latency: 0.100867 ms (enqueue 0.0835937 ms)
[03/03/2026-11:04:48] [I] Average on 10 runs - GPU latency: 0.102405 ms - Host latency: 0.102405 ms (enqueue 0.0848022 ms)
[03/03/2026-11:04:48] [I] Average on 10 runs - GPU latency: 0.100037 ms - Host latency: 0.100037 ms (enqueue 0.0830811 ms)
[03/03/2026-11:04:48] [I] Average on 10 runs - GPU latency: 0.100513 ms - Host latency: 0.100513 ms (enqueue 0.0829224 ms)
[03/03/2026-11:04:48] [I] Average on 10 runs - GPU latency: 0.101782 ms - Host latency: 0.101782 ms (enqueue 0.0846191 ms)
[03/03/2026-11:04:48] [I] Average on 10 runs - GPU latency: 0.10293 ms - Host latency: 0.10293 ms (enqueue 0.0858154 ms)
[03/03/2026-11:04:48] [I] Average on 10 runs - GPU latency: 0.100134 ms - Host latency: 0.100134 ms (enqueue 0.0825928 ms)
[03/03/2026-11:04:48] [I] Average on 10 runs - GPU latency: 0.101123 ms - Host latency: 0.101123 ms (enqueue 0.0833496 ms)
[03/03/2026-11:04:48] [I] Average on 10 runs - GPU latency: 0.100574 ms - Host latency: 0.100574 ms (enqueue 0.0834473 ms)
[03/03/2026-11:04:48] [I] Average on 10 runs - GPU latency: 0.103235 ms - Host latency: 0.103235 ms (enqueue 0.0856201 ms)
[03/03/2026-11:04:48] [I] Average on 10 runs - GPU latency: 0.0996338 ms - Host latency: 0.0996338 ms (enqueue 0.0822388 ms)
[03/03/2026-11:04:48] [I] Average on 10 runs - GPU latency: 0.100513 ms - Host latency: 0.100513 ms (enqueue 0.0829712 ms)
[03/03/2026-11:04:48] [I] Average on 10 runs - GPU latency: 0.0997436 ms - Host latency: 0.0997436 ms (enqueue 0.0828613 ms)
[03/03/2026-11:04:48] [I] Average on 10 runs - GPU latency: 0.104163 ms - Host latency: 0.104163 ms (enqueue 0.0870361 ms)
[03/03/2026-11:04:48] [I] Average on 10 runs - GPU latency: 0.101013 ms - Host latency: 0.101013 ms (enqueue 0.0835937 ms)
[03/03/2026-11:04:48] [I] Average on 10 runs - GPU latency: 0.100012 ms - Host latency: 0.100012 ms (enqueue 0.0832642 ms)
[03/03/2026-11:04:48] [I] Average on 10 runs - GPU latency: 0.10033 ms - Host latency: 0.10033 ms (enqueue 0.0826294 ms)
[03/03/2026-11:04:48] [I] Average on 10 runs - GPU latency: 0.10188 ms - Host latency: 0.10188 ms (enqueue 0.0840942 ms)
[03/03/2026-11:04:48] [I] Average on 10 runs - GPU latency: 0.10166 ms - Host latency: 0.10166 ms (enqueue 0.0839966 ms)
[03/03/2026-11:04:48] [I] Average on 10 runs - GPU latency: 0.0996216 ms - Host latency: 0.0996216 ms (enqueue 0.0824585 ms)
[03/03/2026-11:04:48] [I] Average on 10 runs - GPU latency: 0.100024 ms - Host latency: 0.100024 ms (enqueue 0.0830811 ms)
[03/03/2026-11:04:48] [I] Average on 10 runs - GPU latency: 0.101562 ms - Host latency: 0.101562 ms (enqueue 0.0837036 ms)
[03/03/2026-11:04:48] [I] Average on 10 runs - GPU latency: 0.0994019 ms - Host latency: 0.0994019 ms (enqueue 0.0821167 ms)
[03/03/2026-11:04:48] [I] Average on 10 runs - GPU latency: 0.0997681 ms - Host latency: 0.0997681 ms (enqueue 0.0823975 ms)
[03/03/2026-11:04:48] [I] Average on 10 runs - GPU latency: 0.102246 ms - Host latency: 0.102246 ms (enqueue 0.0851318 ms)
[03/03/2026-11:04:48] [I] Average on 10 runs - GPU latency: 0.10177 ms - Host latency: 0.10177 ms (enqueue 0.0837891 ms)
[03/03/2026-11:04:48] [I] Average on 10 runs - GPU latency: 0.100671 ms - Host latency: 0.100671 ms (enqueue 0.0832153 ms)
[03/03/2026-11:04:48] [I] Average on 10 runs - GPU latency: 0.100391 ms - Host latency: 0.100391 ms (enqueue 0.0828125 ms)
[03/03/2026-11:04:48] [I] Average on 10 runs - GPU latency: 0.102148 ms - Host latency: 0.102148 ms (enqueue 0.0839111 ms)
[03/03/2026-11:04:48] [I] Average on 10 runs - GPU latency: 0.100122 ms - Host latency: 0.100122 ms (enqueue 0.0829346 ms)
[03/03/2026-11:04:48] [I] Average on 10 runs - GPU latency: 0.101855 ms - Host latency: 0.101855 ms (enqueue 0.0842773 ms)
[03/03/2026-11:04:48] [I] Average on 10 runs - GPU latency: 0.0997803 ms - Host latency: 0.0997803 ms (enqueue 0.0827148 ms)
[03/03/2026-11:04:48] [I] Average on 10 runs - GPU latency: 0.101038 ms - Host latency: 0.101038 ms (enqueue 0.0830688 ms)
[03/03/2026-11:04:48] [I] Average on 10 runs - GPU latency: 0.10116 ms - Host latency: 0.10116 ms (enqueue 0.0840332 ms)
[03/03/2026-11:04:48] [I] Average on 10 runs - GPU latency: 0.0997436 ms - Host latency: 0.0997436 ms (enqueue 0.0828735 ms)
[03/03/2026-11:04:48] [I] Average on 10 runs - GPU latency: 0.100244 ms - Host latency: 0.100244 ms (enqueue 0.0828735 ms)
[03/03/2026-11:04:48] [I] Average on 10 runs - GPU latency: 0.101001 ms - Host latency: 0.101001 ms (enqueue 0.0847656 ms)
[03/03/2026-11:04:48] [I] Average on 10 runs - GPU latency: 0.0988525 ms - Host latency: 0.0988525 ms (enqueue 0.0824219 ms)
[03/03/2026-11:04:48] [I] Average on 10 runs - GPU latency: 0.100476 ms - Host latency: 0.100476 ms (enqueue 0.0830322 ms)
[03/03/2026-11:04:48] [I] Average on 10 runs - GPU latency: 0.0992187 ms - Host latency: 0.0992187 ms (enqueue 0.0822022 ms)
[03/03/2026-11:04:48] [I] Average on 10 runs - GPU latency: 0.103625 ms - Host latency: 0.103625 ms (enqueue 0.0862183 ms)
[03/03/2026-11:04:48] [I] Average on 10 runs - GPU latency: 0.10343 ms - Host latency: 0.10343 ms (enqueue 0.0854004 ms)
[03/03/2026-11:04:48] [I] Average on 10 runs - GPU latency: 0.100085 ms - Host latency: 0.100085 ms (enqueue 0.0831055 ms)
[03/03/2026-11:04:48] [I] Average on 10 runs - GPU latency: 0.100818 ms - Host latency: 0.100818 ms (enqueue 0.0834106 ms)
[03/03/2026-11:04:48] [I] Average on 10 runs - GPU latency: 0.100598 ms - Host latency: 0.100598 ms (enqueue 0.0845581 ms)
[03/03/2026-11:04:48] [I] Average on 10 runs - GPU latency: 0.0998779 ms - Host latency: 0.0998779 ms (enqueue 0.0828125 ms)
[03/03/2026-11:04:48] [I] Average on 10 runs - GPU latency: 0.100269 ms - Host latency: 0.100269 ms (enqueue 0.08302 ms)
[03/03/2026-11:04:48] [I] Average on 10 runs - GPU latency: 0.0997436 ms - Host latency: 0.0997436 ms (enqueue 0.0825928 ms)
[03/03/2026-11:04:48] [I] Average on 10 runs - GPU latency: 0.102283 ms - Host latency: 0.102283 ms (enqueue 0.0844605 ms)
[03/03/2026-11:04:48] [I] Average on 10 runs - GPU latency: 0.099646 ms - Host latency: 0.099646 ms (enqueue 0.0823486 ms)
[03/03/2026-11:04:48] [I] Average on 10 runs - GPU latency: 0.0999023 ms - Host latency: 0.0999023 ms (enqueue 0.0828735 ms)
[03/03/2026-11:04:48] [I] Average on 10 runs - GPU latency: 0.100134 ms - Host latency: 0.100134 ms (enqueue 0.0831787 ms)
[03/03/2026-11:04:48] [I] Average on 10 runs - GPU latency: 0.105457 ms - Host latency: 0.105457 ms (enqueue 0.0864502 ms)
[03/03/2026-11:04:48] [I] Average on 10 runs - GPU latency: 0.099646 ms - Host latency: 0.099646 ms (enqueue 0.0825806 ms)
[03/03/2026-11:04:48] [I] Average on 10 runs - GPU latency: 0.100012 ms - Host latency: 0.100012 ms (enqueue 0.0827637 ms)
[03/03/2026-11:04:48] [I] Average on 10 runs - GPU latency: 0.0998901 ms - Host latency: 0.0998901 ms (enqueue 0.0828247 ms)
[03/03/2026-11:04:48] [I] Average on 10 runs - GPU latency: 0.103223 ms - Host latency: 0.103223 ms (enqueue 0.0867798 ms)
[03/03/2026-11:04:48] [I] Average on 10 runs - GPU latency: 0.100305 ms - Host latency: 0.100305 ms (enqueue 0.0834351 ms)
[03/03/2026-11:04:48] [I] Average on 10 runs - GPU latency: 0.101025 ms - Host latency: 0.101025 ms (enqueue 0.0832642 ms)
[03/03/2026-11:04:48] [I] Average on 10 runs - GPU latency: 0.101306 ms - Host latency: 0.101306 ms (enqueue 0.0859131 ms)
[03/03/2026-11:04:48] [I] Average on 10 runs - GPU latency: 0.101428 ms - Host latency: 0.101428 ms (enqueue 0.0834473 ms)
[03/03/2026-11:04:48] [I] Average on 10 runs - GPU latency: 0.100146 ms - Host latency: 0.100146 ms (enqueue 0.0828369 ms)
[03/03/2026-11:04:48] [I] Average on 10 runs - GPU latency: 0.101172 ms - Host latency: 0.101172 ms (enqueue 0.0841309 ms)
[03/03/2026-11:04:48] [I] Average on 10 runs - GPU latency: 0.102405 ms - Host latency: 0.102405 ms (enqueue 0.0856201 ms)
[03/03/2026-11:04:48] [I] Average on 10 runs - GPU latency: 0.101196 ms - Host latency: 0.101196 ms (enqueue 0.0829834 ms)
[03/03/2026-11:04:48] [I] Average on 10 runs - GPU latency: 0.0996338 ms - Host latency: 0.0996338 ms (enqueue 0.0821655 ms)
[03/03/2026-11:04:48] [I] Average on 10 runs - GPU latency: 0.100183 ms - Host latency: 0.100183 ms (enqueue 0.0828857 ms)
[03/03/2026-11:04:48] [I] Average on 10 runs - GPU latency: 0.102881 ms - Host latency: 0.102881 ms (enqueue 0.0855103 ms)
[03/03/2026-11:04:48] [I] Average on 10 runs - GPU latency: 0.10033 ms - Host latency: 0.10033 ms (enqueue 0.0827271 ms)
[03/03/2026-11:04:48] [I] Average on 10 runs - GPU latency: 0.0998657 ms - Host latency: 0.0998657 ms (enqueue 0.0827271 ms)
[03/03/2026-11:04:48] [I] Average on 10 runs - GPU latency: 0.100208 ms - Host latency: 0.100208 ms (enqueue 0.0831787 ms)
[03/03/2026-11:04:48] [I] Average on 10 runs - GPU latency: 0.102026 ms - Host latency: 0.102026 ms (enqueue 0.0845825 ms)
[03/03/2026-11:04:48] [I] Average on 10 runs - GPU latency: 0.0988647 ms - Host latency: 0.0988647 ms (enqueue 0.0820068 ms)
[03/03/2026-11:04:48] [I] Average on 10 runs - GPU latency: 0.099646 ms - Host latency: 0.099646 ms (enqueue 0.0822388 ms)
[03/03/2026-11:04:48] [I] Average on 10 runs - GPU latency: 0.0993652 ms - Host latency: 0.0993652 ms (enqueue 0.0823242 ms)
[03/03/2026-11:04:48] [I] Average on 10 runs - GPU latency: 0.100391 ms - Host latency: 0.100391 ms (enqueue 0.0843262 ms)
[03/03/2026-11:04:48] [I] Average on 10 runs - GPU latency: 0.100781 ms - Host latency: 0.100781 ms (enqueue 0.0840332 ms)
[03/03/2026-11:04:48] [I] Average on 10 runs - GPU latency: 0.0994507 ms - Host latency: 0.0994507 ms (enqueue 0.0824097 ms)
[03/03/2026-11:04:48] [I] Average on 10 runs - GPU latency: 0.0996094 ms - Host latency: 0.0996094 ms (enqueue 0.0822876 ms)
[03/03/2026-11:04:48] [I] Average on 10 runs - GPU latency: 0.102283 ms - Host latency: 0.102283 ms (enqueue 0.0861938 ms)
[03/03/2026-11:04:48] [I] Average on 10 runs - GPU latency: 0.100647 ms - Host latency: 0.100647 ms (enqueue 0.0835449 ms)
[03/03/2026-11:04:48] [I] Average on 10 runs - GPU latency: 0.100281 ms - Host latency: 0.100281 ms (enqueue 0.0828369 ms)
[03/03/2026-11:04:48] [I] Average on 10 runs - GPU latency: 0.100232 ms - Host latency: 0.100232 ms (enqueue 0.0833618 ms)
[03/03/2026-11:04:48] [I] Average on 10 runs - GPU latency: 0.101917 ms - Host latency: 0.101917 ms (enqueue 0.0851807 ms)
[03/03/2026-11:04:48] [I] Average on 10 runs - GPU latency: 0.10094 ms - Host latency: 0.10094 ms (enqueue 0.0836548 ms)
[03/03/2026-11:04:48] [I] Average on 10 runs - GPU latency: 0.10072 ms - Host latency: 0.10072 ms (enqueue 0.0834351 ms)
[03/03/2026-11:04:48] [I] Average on 10 runs - GPU latency: 0.100891 ms - Host latency: 0.100891 ms (enqueue 0.0835327 ms)
[03/03/2026-11:04:48] [I] Average on 10 runs - GPU latency: 0.103674 ms - Host latency: 0.103674 ms (enqueue 0.08573 ms)
[03/03/2026-11:04:48] [I] Average on 10 runs - GPU latency: 0.0992676 ms - Host latency: 0.0992676 ms (enqueue 0.0820312 ms)
[03/03/2026-11:04:48] [I] Average on 10 runs - GPU latency: 0.100098 ms - Host latency: 0.100098 ms (enqueue 0.0829468 ms)
[03/03/2026-11:04:48] [I] Average on 10 runs - GPU latency: 0.10116 ms - Host latency: 0.10116 ms (enqueue 0.0837769 ms)
[03/03/2026-11:04:48] [I] Average on 10 runs - GPU latency: 0.101685 ms - Host latency: 0.101685 ms (enqueue 0.0856323 ms)
[03/03/2026-11:04:48] [I] Average on 10 runs - GPU latency: 0.0997192 ms - Host latency: 0.0997192 ms (enqueue 0.0820312 ms)
[03/03/2026-11:04:48] [I] Average on 10 runs - GPU latency: 0.0995361 ms - Host latency: 0.0995361 ms (enqueue 0.0823486 ms)
[03/03/2026-11:04:48] [I] Average on 10 runs - GPU latency: 0.10011 ms - Host latency: 0.10011 ms (enqueue 0.0832031 ms)
[03/03/2026-11:04:48] [I] Average on 10 runs - GPU latency: 0.102197 ms - Host latency: 0.102197 ms (enqueue 0.0855347 ms)
[03/03/2026-11:04:48] [I] Average on 10 runs - GPU latency: 0.10177 ms - Host latency: 0.10177 ms (enqueue 0.0847412 ms)
[03/03/2026-11:04:48] [I] Average on 10 runs - GPU latency: 0.100171 ms - Host latency: 0.100171 ms (enqueue 0.0829712 ms)
[03/03/2026-11:04:48] [I] Average on 10 runs - GPU latency: 0.10321 ms - Host latency: 0.10321 ms (enqueue 0.0865234 ms)
[03/03/2026-11:04:48] [I] Average on 10 runs - GPU latency: 0.101489 ms - Host latency: 0.101489 ms (enqueue 0.0833374 ms)
[03/03/2026-11:04:48] [I] Average on 10 runs - GPU latency: 0.101062 ms - Host latency: 0.101062 ms (enqueue 0.0835815 ms)
[03/03/2026-11:04:48] [I] Average on 10 runs - GPU latency: 0.100269 ms - Host latency: 0.100269 ms (enqueue 0.0830078 ms)
[03/03/2026-11:04:48] [I] Average on 10 runs - GPU latency: 0.102942 ms - Host latency: 0.102942 ms (enqueue 0.0853149 ms)
[03/03/2026-11:04:48] [I] Average on 10 runs - GPU latency: 0.100085 ms - Host latency: 0.100085 ms (enqueue 0.0828857 ms)
[03/03/2026-11:04:48] [I] Average on 10 runs - GPU latency: 0.0994507 ms - Host latency: 0.0994507 ms (enqueue 0.0822022 ms)
[03/03/2026-11:04:48] [I] Average on 10 runs - GPU latency: 0.0995361 ms - Host latency: 0.0995361 ms (enqueue 0.0821655 ms)
[03/03/2026-11:04:48] [I] Average on 10 runs - GPU latency: 0.102271 ms - Host latency: 0.102271 ms (enqueue 0.0848999 ms)
[03/03/2026-11:04:48] [I] Average on 10 runs - GPU latency: 0.100122 ms - Host latency: 0.100122 ms (enqueue 0.0830078 ms)
[03/03/2026-11:04:48] [I] Average on 10 runs - GPU latency: 0.100037 ms - Host latency: 0.100037 ms (enqueue 0.0828247 ms)
[03/03/2026-11:04:48] [I] Average on 10 runs - GPU latency: 0.101331 ms - Host latency: 0.101331 ms (enqueue 0.0834473 ms)
[03/03/2026-11:04:48] [I] Average on 10 runs - GPU latency: 0.102344 ms - Host latency: 0.102344 ms (enqueue 0.0853394 ms)
[03/03/2026-11:04:48] [I] Average on 10 runs - GPU latency: 0.100085 ms - Host latency: 0.100085 ms (enqueue 0.0828857 ms)
[03/03/2026-11:04:48] [I] Average on 10 runs - GPU latency: 0.0998047 ms - Host latency: 0.0998047 ms (enqueue 0.0824219 ms)
[03/03/2026-11:04:48] [I] Average on 10 runs - GPU latency: 0.0988403 ms - Host latency: 0.0988403 ms (enqueue 0.081543 ms)
[03/03/2026-11:04:48] [I] Average on 10 runs - GPU latency: 0.103625 ms - Host latency: 0.103625 ms (enqueue 0.086792 ms)
[03/03/2026-11:04:48] [I] Average on 10 runs - GPU latency: 0.100354 ms - Host latency: 0.100354 ms (enqueue 0.0828003 ms)
[03/03/2026-11:04:48] [I] Average on 10 runs - GPU latency: 0.100244 ms - Host latency: 0.100244 ms (enqueue 0.0828735 ms)
[03/03/2026-11:04:48] [I] Average on 10 runs - GPU latency: 0.100134 ms - Host latency: 0.100134 ms (enqueue 0.0824951 ms)
[03/03/2026-11:04:48] [I] Average on 10 runs - GPU latency: 0.102869 ms - Host latency: 0.102869 ms (enqueue 0.085437 ms)
[03/03/2026-11:04:48] [I] Average on 10 runs - GPU latency: 0.100171 ms - Host latency: 0.100171 ms (enqueue 0.0831177 ms)
[03/03/2026-11:04:48] [I] Average on 10 runs - GPU latency: 0.100256 ms - Host latency: 0.100256 ms (enqueue 0.0832031 ms)
[03/03/2026-11:04:48] [I] Average on 10 runs - GPU latency: 0.101697 ms - Host latency: 0.101697 ms (enqueue 0.0837036 ms)
[03/03/2026-11:04:48] [I] Average on 10 runs - GPU latency: 0.102197 ms - Host latency: 0.102197 ms (enqueue 0.0853882 ms)
[03/03/2026-11:04:48] [I] Average on 10 runs - GPU latency: 0.0998291 ms - Host latency: 0.0998291 ms (enqueue 0.0825562 ms)
[03/03/2026-11:04:48] [I] Average on 10 runs - GPU latency: 0.100342 ms - Host latency: 0.100342 ms (enqueue 0.08302 ms)
[03/03/2026-11:04:48] [I] Average on 10 runs - GPU latency: 0.100415 ms - Host latency: 0.100415 ms (enqueue 0.0829712 ms)
[03/03/2026-11:04:48] [I] Average on 10 runs - GPU latency: 0.104565 ms - Host latency: 0.104565 ms (enqueue 0.0873657 ms)
[03/03/2026-11:04:48] [I] Average on 10 runs - GPU latency: 0.100525 ms - Host latency: 0.100525 ms (enqueue 0.0830444 ms)
[03/03/2026-11:04:48] [I] Average on 10 runs - GPU latency: 0.0997314 ms - Host latency: 0.0997314 ms (enqueue 0.0826538 ms)
[03/03/2026-11:04:48] [I] Average on 10 runs - GPU latency: 0.0988647 ms - Host latency: 0.0988647 ms (enqueue 0.0817505 ms)
[03/03/2026-11:04:48] [I] Average on 10 runs - GPU latency: 0.102283 ms - Host latency: 0.102283 ms (enqueue 0.0846069 ms)
[03/03/2026-11:04:48] [I] Average on 10 runs - GPU latency: 0.100378 ms - Host latency: 0.100378 ms (enqueue 0.0828857 ms)
[03/03/2026-11:04:48] [I] Average on 10 runs - GPU latency: 0.101025 ms - Host latency: 0.101025 ms (enqueue 0.0834106 ms)
[03/03/2026-11:04:48] [I] Average on 10 runs - GPU latency: 0.0997559 ms - Host latency: 0.0997559 ms (enqueue 0.0825928 ms)
[03/03/2026-11:04:48] [I] Average on 10 runs - GPU latency: 0.102698 ms - Host latency: 0.102698 ms (enqueue 0.0849854 ms)
[03/03/2026-11:04:48] [I] Average on 10 runs - GPU latency: 0.100073 ms - Host latency: 0.100073 ms (enqueue 0.0829224 ms)
[03/03/2026-11:04:48] [I] Average on 10 runs - GPU latency: 0.10127 ms - Host latency: 0.10127 ms (enqueue 0.0836426 ms)
[03/03/2026-11:04:48] [I] Average on 10 runs - GPU latency: 0.10343 ms - Host latency: 0.10343 ms (enqueue 0.0854248 ms)
[03/03/2026-11:04:48] [I] Average on 10 runs - GPU latency: 0.101184 ms - Host latency: 0.101184 ms (enqueue 0.0831787 ms)
[03/03/2026-11:04:48] [I] Average on 10 runs - GPU latency: 0.0999023 ms - Host latency: 0.0999023 ms (enqueue 0.0825439 ms)
[03/03/2026-11:04:48] [I] Average on 10 runs - GPU latency: 0.101367 ms - Host latency: 0.101367 ms (enqueue 0.0838745 ms)
[03/03/2026-11:04:48] [I] Average on 10 runs - GPU latency: 0.102966 ms - Host latency: 0.102966 ms (enqueue 0.0865601 ms)
[03/03/2026-11:04:48] [I] Average on 10 runs - GPU latency: 0.101013 ms - Host latency: 0.101013 ms (enqueue 0.0835449 ms)
[03/03/2026-11:04:48] [I] Average on 10 runs - GPU latency: 0.1021 ms - Host latency: 0.1021 ms (enqueue 0.08396 ms)
[03/03/2026-11:04:48] [I] Average on 10 runs - GPU latency: 0.0997436 ms - Host latency: 0.0997436 ms (enqueue 0.0824951 ms)
[03/03/2026-11:04:48] [I] Average on 10 runs - GPU latency: 0.102808 ms - Host latency: 0.102808 ms (enqueue 0.086023 ms)
[03/03/2026-11:04:48] [I] Average on 10 runs - GPU latency: 0.0999512 ms - Host latency: 0.0999512 ms (enqueue 0.0823853 ms)
[03/03/2026-11:04:48] [I] Average on 10 runs - GPU latency: 0.100671 ms - Host latency: 0.100671 ms (enqueue 0.0833374 ms)
[03/03/2026-11:04:48] [I] Average on 10 runs - GPU latency: 0.100085 ms - Host latency: 0.100085 ms (enqueue 0.0825317 ms)
[03/03/2026-11:04:48] [I] Average on 10 runs - GPU latency: 0.103284 ms - Host latency: 0.103284 ms (enqueue 0.0864258 ms)
[03/03/2026-11:04:48] [I] Average on 10 runs - GPU latency: 0.0996704 ms - Host latency: 0.0996704 ms (enqueue 0.0821289 ms)
[03/03/2026-11:04:48] [I] Average on 10 runs - GPU latency: 0.0994141 ms - Host latency: 0.0994141 ms (enqueue 0.0819946 ms)
[03/03/2026-11:04:48] [I] Average on 10 runs - GPU latency: 0.0996338 ms - Host latency: 0.0996338 ms (enqueue 0.0826538 ms)
[03/03/2026-11:04:48] [I] Average on 10 runs - GPU latency: 0.101697 ms - Host latency: 0.101697 ms (enqueue 0.0845337 ms)
[03/03/2026-11:04:48] [I] Average on 10 runs - GPU latency: 0.0987061 ms - Host latency: 0.0987061 ms (enqueue 0.0814331 ms)
[03/03/2026-11:04:48] [I] Average on 10 runs - GPU latency: 0.10022 ms - Host latency: 0.10022 ms (enqueue 0.0823242 ms)
[03/03/2026-11:04:48] [I] Average on 10 runs - GPU latency: 0.0994873 ms - Host latency: 0.0994873 ms (enqueue 0.0820923 ms)
[03/03/2026-11:04:48] [I] Average on 10 runs - GPU latency: 0.101379 ms - Host latency: 0.101379 ms (enqueue 0.0851807 ms)
[03/03/2026-11:04:48] [I] Average on 10 runs - GPU latency: 0.100317 ms - Host latency: 0.100317 ms (enqueue 0.0829956 ms)
[03/03/2026-11:04:48] [I] Average on 10 runs - GPU latency: 0.100391 ms - Host latency: 0.100391 ms (enqueue 0.0828003 ms)
[03/03/2026-11:04:48] [I] Average on 10 runs - GPU latency: 0.0990601 ms - Host latency: 0.0990601 ms (enqueue 0.0821045 ms)
[03/03/2026-11:04:48] [I] Average on 10 runs - GPU latency: 0.101453 ms - Host latency: 0.101453 ms (enqueue 0.0844971 ms)
[03/03/2026-11:04:48] [I] Average on 10 runs - GPU latency: 0.0990845 ms - Host latency: 0.0990845 ms (enqueue 0.0820679 ms)
[03/03/2026-11:04:48] [I] Average on 10 runs - GPU latency: 0.100073 ms - Host latency: 0.100073 ms (enqueue 0.0829956 ms)
[03/03/2026-11:04:48] [I] Average on 10 runs - GPU latency: 0.0992798 ms - Host latency: 0.0992798 ms (enqueue 0.082019 ms)
[03/03/2026-11:04:48] [I] Average on 10 runs - GPU latency: 0.103247 ms - Host latency: 0.103247 ms (enqueue 0.0854736 ms)
[03/03/2026-11:04:48] [I] Average on 10 runs - GPU latency: 0.101147 ms - Host latency: 0.101147 ms (enqueue 0.0830322 ms)
[03/03/2026-11:04:48] [I] Average on 10 runs - GPU latency: 0.0998657 ms - Host latency: 0.0998657 ms (enqueue 0.0831177 ms)
[03/03/2026-11:04:48] [I] Average on 10 runs - GPU latency: 0.0995728 ms - Host latency: 0.0995728 ms (enqueue 0.0826294 ms)
[03/03/2026-11:04:48] [I] Average on 10 runs - GPU latency: 0.100818 ms - Host latency: 0.100818 ms (enqueue 0.0832275 ms)
[03/03/2026-11:04:48] [I] Average on 10 runs - GPU latency: 0.0990234 ms - Host latency: 0.0990234 ms (enqueue 0.0819458 ms)
[03/03/2026-11:04:48] [I] Average on 10 runs - GPU latency: 0.100195 ms - Host latency: 0.100195 ms (enqueue 0.083374 ms)
[03/03/2026-11:04:48] [I] Average on 10 runs - GPU latency: 0.0998169 ms - Host latency: 0.0998169 ms (enqueue 0.0828125 ms)
[03/03/2026-11:04:48] [I] Average on 10 runs - GPU latency: 0.102185 ms - Host latency: 0.102185 ms (enqueue 0.0850952 ms)
[03/03/2026-11:04:48] [I] Average on 10 runs - GPU latency: 0.0990845 ms - Host latency: 0.0990845 ms (enqueue 0.0817505 ms)
[03/03/2026-11:04:48] [I] Average on 10 runs - GPU latency: 0.100122 ms - Host latency: 0.100122 ms (enqueue 0.0828613 ms)
[03/03/2026-11:04:48] [I] Average on 10 runs - GPU latency: 0.0993286 ms - Host latency: 0.0993286 ms (enqueue 0.0835815 ms)
[03/03/2026-11:04:48] [I] Average on 10 runs - GPU latency: 0.100842 ms - Host latency: 0.100842 ms (enqueue 0.0827759 ms)
[03/03/2026-11:04:48] [I] Average on 10 runs - GPU latency: 0.101123 ms - Host latency: 0.101123 ms (enqueue 0.0834961 ms)
[03/03/2026-11:04:48] [I] Average on 10 runs - GPU latency: 0.0990845 ms - Host latency: 0.0990845 ms (enqueue 0.0821045 ms)
[03/03/2026-11:04:48] [I] Average on 10 runs - GPU latency: 0.101355 ms - Host latency: 0.101355 ms (enqueue 0.0849487 ms)
[03/03/2026-11:04:48] [I] Average on 10 runs - GPU latency: 0.100281 ms - Host latency: 0.100281 ms (enqueue 0.0836914 ms)
[03/03/2026-11:04:48] [I] Average on 10 runs - GPU latency: 0.0997803 ms - Host latency: 0.0997803 ms (enqueue 0.0820435 ms)
[03/03/2026-11:04:48] [I] Average on 10 runs - GPU latency: 0.100488 ms - Host latency: 0.100488 ms (enqueue 0.0833008 ms)
[03/03/2026-11:04:48] [I] Average on 10 runs - GPU latency: 0.103101 ms - Host latency: 0.103101 ms (enqueue 0.0869995 ms)
[03/03/2026-11:04:48] [I] Average on 10 runs - GPU latency: 0.100903 ms - Host latency: 0.100903 ms (enqueue 0.0831421 ms)
[03/03/2026-11:04:48] [I] Average on 10 runs - GPU latency: 0.100574 ms - Host latency: 0.100574 ms (enqueue 0.0830566 ms)
[03/03/2026-11:04:48] [I] Average on 10 runs - GPU latency: 0.0997314 ms - Host latency: 0.0997314 ms (enqueue 0.082312 ms)
[03/03/2026-11:04:48] [I] Average on 10 runs - GPU latency: 0.102014 ms - Host latency: 0.102014 ms (enqueue 0.0857056 ms)
[03/03/2026-11:04:48] [I] Average on 10 runs - GPU latency: 0.101392 ms - Host latency: 0.101392 ms (enqueue 0.0835693 ms)
[03/03/2026-11:04:48] [I] Average on 10 runs - GPU latency: 0.0993286 ms - Host latency: 0.0993286 ms (enqueue 0.0823242 ms)
[03/03/2026-11:04:48] [I] Average on 10 runs - GPU latency: 0.0994141 ms - Host latency: 0.0994141 ms (enqueue 0.0820557 ms)
[03/03/2026-11:04:48] [I] Average on 10 runs - GPU latency: 0.100854 ms - Host latency: 0.100854 ms (enqueue 0.0844482 ms)
[03/03/2026-11:04:48] [I] Average on 10 runs - GPU latency: 0.0992065 ms - Host latency: 0.0992065 ms (enqueue 0.0819824 ms)
[03/03/2026-11:04:48] [I] Average on 10 runs - GPU latency: 0.100012 ms - Host latency: 0.100012 ms (enqueue 0.082605 ms)
[03/03/2026-11:04:48] [I] Average on 10 runs - GPU latency: 0.0988281 ms - Host latency: 0.0988281 ms (enqueue 0.0817261 ms)
[03/03/2026-11:04:48] [I] Average on 10 runs - GPU latency: 0.101245 ms - Host latency: 0.101245 ms (enqueue 0.0832153 ms)
[03/03/2026-11:04:48] [I] Average on 10 runs - GPU latency: 0.0996094 ms - Host latency: 0.0996094 ms (enqueue 0.0825073 ms)
[03/03/2026-11:04:48] [I] Average on 10 runs - GPU latency: 0.0993042 ms - Host latency: 0.0993042 ms (enqueue 0.0822998 ms)
[03/03/2026-11:04:48] [I] Average on 10 runs - GPU latency: 0.0999756 ms - Host latency: 0.0999756 ms (enqueue 0.0826416 ms)
[03/03/2026-11:04:48] [I] Average on 10 runs - GPU latency: 0.104321 ms - Host latency: 0.104321 ms (enqueue 0.0869873 ms)
[03/03/2026-11:04:48] [I] Average on 10 runs - GPU latency: 0.100183 ms - Host latency: 0.100183 ms (enqueue 0.0827026 ms)
[03/03/2026-11:04:48] [I] Average on 10 runs - GPU latency: 0.0996948 ms - Host latency: 0.0996948 ms (enqueue 0.0821899 ms)
[03/03/2026-11:04:48] [I] Average on 10 runs - GPU latency: 0.0989868 ms - Host latency: 0.0989868 ms (enqueue 0.0821289 ms)
[03/03/2026-11:04:48] [I] Average on 10 runs - GPU latency: 0.101599 ms - Host latency: 0.101599 ms (enqueue 0.0842773 ms)
[03/03/2026-11:04:48] [I] Average on 10 runs - GPU latency: 0.0999634 ms - Host latency: 0.0999634 ms (enqueue 0.0831299 ms)
[03/03/2026-11:04:48] [I] Average on 10 runs - GPU latency: 0.100867 ms - Host latency: 0.100867 ms (enqueue 0.0833618 ms)
[03/03/2026-11:04:48] [I] Average on 10 runs - GPU latency: 0.0991089 ms - Host latency: 0.0991089 ms (enqueue 0.0822144 ms)
[03/03/2026-11:04:48] [I] Average on 10 runs - GPU latency: 0.10376 ms - Host latency: 0.10376 ms (enqueue 0.0869751 ms)
[03/03/2026-11:04:48] [I] Average on 10 runs - GPU latency: 0.101587 ms - Host latency: 0.101587 ms (enqueue 0.0841186 ms)
[03/03/2026-11:04:48] [I] Average on 10 runs - GPU latency: 0.100366 ms - Host latency: 0.100366 ms (enqueue 0.0828491 ms)
[03/03/2026-11:04:48] [I] Average on 10 runs - GPU latency: 0.100403 ms - Host latency: 0.100403 ms (enqueue 0.0831177 ms)
[03/03/2026-11:04:48] [I] Average on 10 runs - GPU latency: 0.103674 ms - Host latency: 0.103674 ms (enqueue 0.0855347 ms)
[03/03/2026-11:04:48] [I] Average on 10 runs - GPU latency: 0.100537 ms - Host latency: 0.100537 ms (enqueue 0.0835571 ms)
[03/03/2026-11:04:48] [I] Average on 10 runs - GPU latency: 0.0994995 ms - Host latency: 0.0994995 ms (enqueue 0.08302 ms)
[03/03/2026-11:04:48] [I] Average on 10 runs - GPU latency: 0.10116 ms - Host latency: 0.10116 ms (enqueue 0.0858276 ms)
[03/03/2026-11:04:48] [I] Average on 10 runs - GPU latency: 0.100439 ms - Host latency: 0.100439 ms (enqueue 0.0825317 ms)
[03/03/2026-11:04:48] [I] Average on 10 runs - GPU latency: 0.100281 ms - Host latency: 0.100281 ms (enqueue 0.0829224 ms)
[03/03/2026-11:04:48] [I] Average on 10 runs - GPU latency: 0.100037 ms - Host latency: 0.100037 ms (enqueue 0.0826416 ms)
[03/03/2026-11:04:48] [I] Average on 10 runs - GPU latency: 0.100684 ms - Host latency: 0.100684 ms (enqueue 0.0835693 ms)
[03/03/2026-11:04:48] [I] Average on 10 runs - GPU latency: 0.102197 ms - Host latency: 0.102197 ms (enqueue 0.0844727 ms)
[03/03/2026-11:04:48] [I] Average on 10 runs - GPU latency: 0.0997192 ms - Host latency: 0.0997192 ms (enqueue 0.082312 ms)
[03/03/2026-11:04:48] [I] Average on 10 runs - GPU latency: 0.0997803 ms - Host latency: 0.0997803 ms (enqueue 0.0824341 ms)
[03/03/2026-11:04:48] [I] Average on 10 runs - GPU latency: 0.103516 ms - Host latency: 0.103516 ms (enqueue 0.0860474 ms)
[03/03/2026-11:04:48] [I] Average on 10 runs - GPU latency: 0.100305 ms - Host latency: 0.100305 ms (enqueue 0.082666 ms)
[03/03/2026-11:04:48] [I] Average on 10 runs - GPU latency: 0.100085 ms - Host latency: 0.100085 ms (enqueue 0.0834839 ms)
[03/03/2026-11:04:48] [I] Average on 10 runs - GPU latency: 0.100757 ms - Host latency: 0.100757 ms (enqueue 0.083313 ms)
[03/03/2026-11:04:48] [I] Average on 10 runs - GPU latency: 0.100525 ms - Host latency: 0.100525 ms (enqueue 0.090686 ms)
[03/03/2026-11:04:48] [I] Average on 10 runs - GPU latency: 0.100085 ms - Host latency: 0.100085 ms (enqueue 0.0833374 ms)
[03/03/2026-11:04:48] [I] Average on 10 runs - GPU latency: 0.10011 ms - Host latency: 0.10011 ms (enqueue 0.0827515 ms)
[03/03/2026-11:04:48] [I] Average on 10 runs - GPU latency: 0.102283 ms - Host latency: 0.102283 ms (enqueue 0.0852417 ms)
[03/03/2026-11:04:48] [I] Average on 10 runs - GPU latency: 0.100171 ms - Host latency: 0.100171 ms (enqueue 0.0831055 ms)
[03/03/2026-11:04:48] [I] Average on 10 runs - GPU latency: 0.0997192 ms - Host latency: 0.0997192 ms (enqueue 0.0823486 ms)
[03/03/2026-11:04:48] [I] Average on 10 runs - GPU latency: 0.0995117 ms - Host latency: 0.0995117 ms (enqueue 0.082251 ms)
[03/03/2026-11:04:48] [I] Average on 10 runs - GPU latency: 0.104626 ms - Host latency: 0.104626 ms (enqueue 0.0883423 ms)
[03/03/2026-11:04:48] [I] Average on 10 runs - GPU latency: 0.0991577 ms - Host latency: 0.0991577 ms (enqueue 0.0821167 ms)
[03/03/2026-11:04:48] [I] Average on 10 runs - GPU latency: 0.0996338 ms - Host latency: 0.0996338 ms (enqueue 0.0827637 ms)
[03/03/2026-11:04:48] [I] Average on 10 runs - GPU latency: 0.0997192 ms - Host latency: 0.0997192 ms (enqueue 0.0826782 ms)
[03/03/2026-11:04:48] [I] Average on 10 runs - GPU latency: 0.10144 ms - Host latency: 0.10144 ms (enqueue 0.0847778 ms)
[03/03/2026-11:04:48] [I] Average on 10 runs - GPU latency: 0.101587 ms - Host latency: 0.101587 ms (enqueue 0.0847534 ms)
[03/03/2026-11:04:48] [I] Average on 10 runs - GPU latency: 0.10105 ms - Host latency: 0.10105 ms (enqueue 0.0827637 ms)
[03/03/2026-11:04:48] [I] Average on 10 runs - GPU latency: 0.0998413 ms - Host latency: 0.0998413 ms (enqueue 0.0826294 ms)
[03/03/2026-11:04:48] [I] Average on 10 runs - GPU latency: 0.10166 ms - Host latency: 0.10166 ms (enqueue 0.0848755 ms)
[03/03/2026-11:04:48] [I] Average on 10 runs - GPU latency: 0.0997559 ms - Host latency: 0.0997559 ms (enqueue 0.0823486 ms)
[03/03/2026-11:04:48] [I] Average on 10 runs - GPU latency: 0.100342 ms - Host latency: 0.100342 ms (enqueue 0.083667 ms)
[03/03/2026-11:04:48] [I] Average on 10 runs - GPU latency: 0.0997681 ms - Host latency: 0.0997681 ms (enqueue 0.0820679 ms)
[03/03/2026-11:04:48] [I] Average on 10 runs - GPU latency: 0.10376 ms - Host latency: 0.10376 ms (enqueue 0.0859741 ms)
[03/03/2026-11:04:48] [I] Average on 10 runs - GPU latency: 0.100195 ms - Host latency: 0.100195 ms (enqueue 0.0827026 ms)
[03/03/2026-11:04:48] [I] Average on 10 runs - GPU latency: 0.100684 ms - Host latency: 0.100684 ms (enqueue 0.0832642 ms)
[03/03/2026-11:04:48] [I] Average on 10 runs - GPU latency: 0.0999878 ms - Host latency: 0.0999878 ms (enqueue 0.0827393 ms)
[03/03/2026-11:04:48] [I] Average on 10 runs - GPU latency: 0.101147 ms - Host latency: 0.101147 ms (enqueue 0.0843872 ms)
[03/03/2026-11:04:48] [I] Average on 10 runs - GPU latency: 0.100439 ms - Host latency: 0.100439 ms (enqueue 0.0831787 ms)
[03/03/2026-11:04:48] [I] Average on 10 runs - GPU latency: 0.0993652 ms - Host latency: 0.0993652 ms (enqueue 0.0822266 ms)
[03/03/2026-11:04:48] [I] Average on 10 runs - GPU latency: 0.0994995 ms - Host latency: 0.0994995 ms (enqueue 0.0823608 ms)
[03/03/2026-11:04:48] [I] Average on 10 runs - GPU latency: 0.10072 ms - Host latency: 0.10072 ms (enqueue 0.0848022 ms)
[03/03/2026-11:04:48] [I] Average on 10 runs - GPU latency: 0.100305 ms - Host latency: 0.100305 ms (enqueue 0.0829468 ms)
[03/03/2026-11:04:48] [I] Average on 10 runs - GPU latency: 0.0991699 ms - Host latency: 0.0991699 ms (enqueue 0.0818237 ms)
[03/03/2026-11:04:48] [I] Average on 10 runs - GPU latency: 0.101465 ms - Host latency: 0.101465 ms (enqueue 0.0839722 ms)
[03/03/2026-11:04:48] [I] Average on 10 runs - GPU latency: 0.104211 ms - Host latency: 0.104211 ms (enqueue 0.0877564 ms)
[03/03/2026-11:04:48] [I] Average on 10 runs - GPU latency: 0.0999023 ms - Host latency: 0.0999023 ms (enqueue 0.082605 ms)
[03/03/2026-11:04:48] [I] Average on 10 runs - GPU latency: 0.0996826 ms - Host latency: 0.0996826 ms (enqueue 0.0828247 ms)
[03/03/2026-11:04:48] [I] Average on 10 runs - GPU latency: 0.100635 ms - Host latency: 0.100635 ms (enqueue 0.0829834 ms)
[03/03/2026-11:04:48] [I] Average on 10 runs - GPU latency: 0.103198 ms - Host latency: 0.103198 ms (enqueue 0.0862793 ms)
[03/03/2026-11:04:48] [I] Average on 10 runs - GPU latency: 0.100061 ms - Host latency: 0.100061 ms (enqueue 0.0830811 ms)
[03/03/2026-11:04:48] [I] Average on 10 runs - GPU latency: 0.0999268 ms - Host latency: 0.0999268 ms (enqueue 0.0822022 ms)
[03/03/2026-11:04:48] [I] Average on 10 runs - GPU latency: 0.100757 ms - Host latency: 0.100757 ms (enqueue 0.0848877 ms)
[03/03/2026-11:04:48] [I] Average on 10 runs - GPU latency: 0.102026 ms - Host latency: 0.102026 ms (enqueue 0.0839233 ms)
[03/03/2026-11:04:48] [I] Average on 10 runs - GPU latency: 0.0992798 ms - Host latency: 0.0992798 ms (enqueue 0.0821777 ms)
[03/03/2026-11:04:48] [I] Average on 10 runs - GPU latency: 0.0995361 ms - Host latency: 0.0995361 ms (enqueue 0.0822998 ms)
[03/03/2026-11:04:48] [I] Average on 10 runs - GPU latency: 0.103918 ms - Host latency: 0.103918 ms (enqueue 0.0874023 ms)
[03/03/2026-11:04:48] [I] Average on 10 runs - GPU latency: 0.100061 ms - Host latency: 0.100061 ms (enqueue 0.082312 ms)
[03/03/2026-11:04:48] [I] Average on 10 runs - GPU latency: 0.100305 ms - Host latency: 0.100305 ms (enqueue 0.0832397 ms)
[03/03/2026-11:04:48] [I] Average on 10 runs - GPU latency: 0.10022 ms - Host latency: 0.10022 ms (enqueue 0.0826782 ms)
[03/03/2026-11:04:48] [I] Average on 10 runs - GPU latency: 0.10271 ms - Host latency: 0.10271 ms (enqueue 0.0853271 ms)
[03/03/2026-11:04:48] [I] Average on 10 runs - GPU latency: 0.100317 ms - Host latency: 0.100317 ms (enqueue 0.0829712 ms)
[03/03/2026-11:04:48] [I] Average on 10 runs - GPU latency: 0.0993774 ms - Host latency: 0.0993774 ms (enqueue 0.0820068 ms)
[03/03/2026-11:04:48] [I] Average on 10 runs - GPU latency: 0.0993896 ms - Host latency: 0.0993896 ms (enqueue 0.0817749 ms)
[03/03/2026-11:04:48] [I] Average on 10 runs - GPU latency: 0.103699 ms - Host latency: 0.103699 ms (enqueue 0.0870483 ms)
[03/03/2026-11:04:48] [I] Average on 10 runs - GPU latency: 0.0997681 ms - Host latency: 0.0997681 ms (enqueue 0.0823853 ms)
[03/03/2026-11:04:48] [I] Average on 10 runs - GPU latency: 0.0995239 ms - Host latency: 0.0995239 ms (enqueue 0.0820435 ms)
[03/03/2026-11:04:48] [I] Average on 10 runs - GPU latency: 0.101611 ms - Host latency: 0.101611 ms (enqueue 0.083606 ms)
[03/03/2026-11:04:48] [I] Average on 10 runs - GPU latency: 0.101831 ms - Host latency: 0.101831 ms (enqueue 0.085083 ms)
[03/03/2026-11:04:48] [I] Average on 10 runs - GPU latency: 0.0996338 ms - Host latency: 0.0996338 ms (enqueue 0.0823853 ms)
[03/03/2026-11:04:48] [I] Average on 10 runs - GPU latency: 0.0998901 ms - Host latency: 0.0998901 ms (enqueue 0.0825806 ms)
[03/03/2026-11:04:48] [I] Average on 10 runs - GPU latency: 0.100024 ms - Host latency: 0.100024 ms (enqueue 0.0828735 ms)
[03/03/2026-11:04:48] [I] Average on 10 runs - GPU latency: 0.101379 ms - Host latency: 0.101379 ms (enqueue 0.0848999 ms)
[03/03/2026-11:04:48] [I] Average on 10 runs - GPU latency: 0.100085 ms - Host latency: 0.100085 ms (enqueue 0.0824707 ms)
[03/03/2026-11:04:48] [I] Average on 10 runs - GPU latency: 0.10022 ms - Host latency: 0.10022 ms (enqueue 0.083252 ms)
[03/03/2026-11:04:48] [I] Average on 10 runs - GPU latency: 0.0993774 ms - Host latency: 0.0993774 ms (enqueue 0.0827881 ms)
[03/03/2026-11:04:48] [I] Average on 10 runs - GPU latency: 0.101575 ms - Host latency: 0.101575 ms (enqueue 0.0850342 ms)
[03/03/2026-11:04:48] [I] Average on 10 runs - GPU latency: 0.100598 ms - Host latency: 0.100598 ms (enqueue 0.0831543 ms)
[03/03/2026-11:04:48] [I] Average on 10 runs - GPU latency: 0.101501 ms - Host latency: 0.101501 ms (enqueue 0.083667 ms)
[03/03/2026-11:04:48] [I] Average on 10 runs - GPU latency: 0.099585 ms - Host latency: 0.099585 ms (enqueue 0.0825806 ms)
[03/03/2026-11:04:48] [I] Average on 10 runs - GPU latency: 0.103735 ms - Host latency: 0.103735 ms (enqueue 0.0872314 ms)
[03/03/2026-11:04:48] [I] Average on 10 runs - GPU latency: 0.100769 ms - Host latency: 0.100769 ms (enqueue 0.083606 ms)
[03/03/2026-11:04:48] [I] Average on 10 runs - GPU latency: 0.10061 ms - Host latency: 0.10061 ms (enqueue 0.0831299 ms)
[03/03/2026-11:04:48] [I] Average on 10 runs - GPU latency: 0.1 ms - Host latency: 0.1 ms (enqueue 0.082373 ms)
[03/03/2026-11:04:48] [I] Average on 10 runs - GPU latency: 0.103748 ms - Host latency: 0.103748 ms (enqueue 0.0865112 ms)
[03/03/2026-11:04:48] [I] Average on 10 runs - GPU latency: 0.0993652 ms - Host latency: 0.0993652 ms (enqueue 0.0819946 ms)
[03/03/2026-11:04:48] [I] Average on 10 runs - GPU latency: 0.0998535 ms - Host latency: 0.0998535 ms (enqueue 0.082312 ms)
[03/03/2026-11:04:48] [I] Average on 10 runs - GPU latency: 0.0999023 ms - Host latency: 0.0999023 ms (enqueue 0.0825317 ms)
[03/03/2026-11:04:48] [I] Average on 10 runs - GPU latency: 0.102771 ms - Host latency: 0.102771 ms (enqueue 0.0852905 ms)
[03/03/2026-11:04:48] [I] Average on 10 runs - GPU latency: 0.0996704 ms - Host latency: 0.0996704 ms (enqueue 0.0822876 ms)
[03/03/2026-11:04:48] [I] Average on 10 runs - GPU latency: 0.102075 ms - Host latency: 0.102075 ms (enqueue 0.0839111 ms)
[03/03/2026-11:04:48] [I] Average on 10 runs - GPU latency: 0.100867 ms - Host latency: 0.100867 ms (enqueue 0.084729 ms)
[03/03/2026-11:04:48] [I] Average on 10 runs - GPU latency: 0.10105 ms - Host latency: 0.10105 ms (enqueue 0.0827148 ms)
[03/03/2026-11:04:48] [I] Average on 10 runs - GPU latency: 0.0993408 ms - Host latency: 0.0993408 ms (enqueue 0.0824219 ms)
[03/03/2026-11:04:48] [I] Average on 10 runs - GPU latency: 0.1 ms - Host latency: 0.1 ms (enqueue 0.0825562 ms)
[03/03/2026-11:04:48] [I] Average on 10 runs - GPU latency: 0.100623 ms - Host latency: 0.100623 ms (enqueue 0.084021 ms)
[03/03/2026-11:04:48] [I] Average on 10 runs - GPU latency: 0.100415 ms - Host latency: 0.100415 ms (enqueue 0.0834106 ms)
[03/03/2026-11:04:48] [I] Average on 10 runs - GPU latency: 0.10116 ms - Host latency: 0.10116 ms (enqueue 0.0834106 ms)
[03/03/2026-11:04:48] [I] Average on 10 runs - GPU latency: 0.0989746 ms - Host latency: 0.0989746 ms (enqueue 0.0813843 ms)
[03/03/2026-11:04:48] [I] Average on 10 runs - GPU latency: 0.101611 ms - Host latency: 0.101611 ms (enqueue 0.0853027 ms)
[03/03/2026-11:04:48] [I] Average on 10 runs - GPU latency: 0.0999023 ms - Host latency: 0.0999023 ms (enqueue 0.0825806 ms)
[03/03/2026-11:04:48] [I] Average on 10 runs - GPU latency: 0.101562 ms - Host latency: 0.101562 ms (enqueue 0.0835815 ms)
[03/03/2026-11:04:48] [I] Average on 10 runs - GPU latency: 0.0990967 ms - Host latency: 0.0990967 ms (enqueue 0.0818603 ms)
[03/03/2026-11:04:48] [I] Average on 10 runs - GPU latency: 0.102551 ms - Host latency: 0.102551 ms (enqueue 0.0863525 ms)
[03/03/2026-11:04:48] [I] Average on 10 runs - GPU latency: 0.0998169 ms - Host latency: 0.0998169 ms (enqueue 0.0822876 ms)
[03/03/2026-11:04:48] [I] Average on 10 runs - GPU latency: 0.0998413 ms - Host latency: 0.0998413 ms (enqueue 0.0824219 ms)
[03/03/2026-11:04:48] [I] Average on 10 runs - GPU latency: 0.0995728 ms - Host latency: 0.0995728 ms (enqueue 0.0823608 ms)
[03/03/2026-11:04:48] [I] Average on 10 runs - GPU latency: 0.102234 ms - Host latency: 0.102234 ms (enqueue 0.0856689 ms)
[03/03/2026-11:04:48] [I] Average on 10 runs - GPU latency: 0.100085 ms - Host latency: 0.100085 ms (enqueue 0.0822754 ms)
[03/03/2026-11:04:48] [I] Average on 10 runs - GPU latency: 0.100745 ms - Host latency: 0.100745 ms (enqueue 0.0830933 ms)
[03/03/2026-11:04:48] [I] Average on 10 runs - GPU latency: 0.0994629 ms - Host latency: 0.0994629 ms (enqueue 0.0822144 ms)
[03/03/2026-11:04:48] [I] Average on 10 runs - GPU latency: 0.100708 ms - Host latency: 0.100708 ms (enqueue 0.0848633 ms)
[03/03/2026-11:04:48] [I] Average on 10 runs - GPU latency: 0.101184 ms - Host latency: 0.101184 ms (enqueue 0.0829346 ms)
[03/03/2026-11:04:48] [I] Average on 10 runs - GPU latency: 0.0997192 ms - Host latency: 0.0997192 ms (enqueue 0.0822632 ms)
[03/03/2026-11:04:48] [I] Average on 10 runs - GPU latency: 0.0996948 ms - Host latency: 0.0996948 ms (enqueue 0.0824951 ms)
[03/03/2026-11:04:48] [I] Average on 10 runs - GPU latency: 0.101562 ms - Host latency: 0.101562 ms (enqueue 0.0850708 ms)
[03/03/2026-11:04:48] [I] Average on 10 runs - GPU latency: 0.101709 ms - Host latency: 0.101709 ms (enqueue 0.08396 ms)
[03/03/2026-11:04:48] [I] Average on 10 runs - GPU latency: 0.100635 ms - Host latency: 0.100635 ms (enqueue 0.083252 ms)
[03/03/2026-11:04:48] [I] Average on 10 runs - GPU latency: 0.100671 ms - Host latency: 0.100671 ms (enqueue 0.0831787 ms)
[03/03/2026-11:04:48] [I] Average on 10 runs - GPU latency: 0.102405 ms - Host latency: 0.102405 ms (enqueue 0.0856812 ms)
[03/03/2026-11:04:48] [I] Average on 10 runs - GPU latency: 0.100476 ms - Host latency: 0.100476 ms (enqueue 0.08302 ms)
[03/03/2026-11:04:48] [I] Average on 10 runs - GPU latency: 0.100049 ms - Host latency: 0.100049 ms (enqueue 0.0828735 ms)
[03/03/2026-11:04:48] [I] Average on 10 runs - GPU latency: 0.100635 ms - Host latency: 0.100635 ms (enqueue 0.0836182 ms)
[03/03/2026-11:04:48] [I] Average on 10 runs - GPU latency: 0.102966 ms - Host latency: 0.102966 ms (enqueue 0.0866089 ms)
[03/03/2026-11:04:48] [I] Average on 10 runs - GPU latency: 0.100928 ms - Host latency: 0.100928 ms (enqueue 0.083667 ms)
[03/03/2026-11:04:48] [I] Average on 10 runs - GPU latency: 0.0992432 ms - Host latency: 0.0992432 ms (enqueue 0.0820923 ms)
[03/03/2026-11:04:48] [I] Average on 10 runs - GPU latency: 0.099939 ms - Host latency: 0.099939 ms (enqueue 0.0827515 ms)
[03/03/2026-11:04:48] [I] Average on 10 runs - GPU latency: 0.103857 ms - Host latency: 0.103857 ms (enqueue 0.0870483 ms)
[03/03/2026-11:04:48] [I] Average on 10 runs - GPU latency: 0.101099 ms - Host latency: 0.101099 ms (enqueue 0.0838257 ms)
[03/03/2026-11:04:48] [I] Average on 10 runs - GPU latency: 0.0993286 ms - Host latency: 0.0993286 ms (enqueue 0.0825195 ms)
[03/03/2026-11:04:48] [I] Average on 10 runs - GPU latency: 0.101843 ms - Host latency: 0.101843 ms (enqueue 0.0849976 ms)
[03/03/2026-11:04:48] [I] Average on 10 runs - GPU latency: 0.102136 ms - Host latency: 0.102136 ms (enqueue 0.0838623 ms)
[03/03/2026-11:04:48] [I] Average on 10 runs - GPU latency: 0.100586 ms - Host latency: 0.100586 ms (enqueue 0.0835815 ms)
[03/03/2026-11:04:48] [I] Average on 10 runs - GPU latency: 0.100317 ms - Host latency: 0.100317 ms (enqueue 0.0830933 ms)
[03/03/2026-11:04:48] [I] Average on 10 runs - GPU latency: 0.102161 ms - Host latency: 0.102161 ms (enqueue 0.0849731 ms)
[03/03/2026-11:04:48] [I] Average on 10 runs - GPU latency: 0.100952 ms - Host latency: 0.100952 ms (enqueue 0.0832886 ms)
[03/03/2026-11:04:48] [I] Average on 10 runs - GPU latency: 0.100452 ms - Host latency: 0.100452 ms (enqueue 0.0830811 ms)
[03/03/2026-11:04:48] [I] Average on 10 runs - GPU latency: 0.100122 ms - Host latency: 0.100122 ms (enqueue 0.0826416 ms)
[03/03/2026-11:04:48] [I] Average on 10 runs - GPU latency: 0.102612 ms - Host latency: 0.102612 ms (enqueue 0.0854614 ms)
[03/03/2026-11:04:48] [I] Average on 10 runs - GPU latency: 0.0995605 ms - Host latency: 0.0995605 ms (enqueue 0.0822998 ms)
[03/03/2026-11:04:48] [I] Average on 10 runs - GPU latency: 0.0994873 ms - Host latency: 0.0994873 ms (enqueue 0.0823608 ms)
[03/03/2026-11:04:48] [I] Average on 10 runs - GPU latency: 0.0995361 ms - Host latency: 0.0995361 ms (enqueue 0.0824463 ms)
[03/03/2026-11:04:48] [I] Average on 10 runs - GPU latency: 0.102466 ms - Host latency: 0.102466 ms (enqueue 0.0859131 ms)
[03/03/2026-11:04:48] [I] Average on 10 runs - GPU latency: 0.102795 ms - Host latency: 0.102795 ms (enqueue 0.0847412 ms)
[03/03/2026-11:04:48] [I] Average on 10 runs - GPU latency: 0.101147 ms - Host latency: 0.101147 ms (enqueue 0.0840088 ms)
[03/03/2026-11:04:48] [I] Average on 10 runs - GPU latency: 0.0999878 ms - Host latency: 0.0999878 ms (enqueue 0.0828369 ms)
[03/03/2026-11:04:48] [I] Average on 10 runs - GPU latency: 0.10155 ms - Host latency: 0.10155 ms (enqueue 0.0834595 ms)
[03/03/2026-11:04:48] [I] Average on 10 runs - GPU latency: 0.102783 ms - Host latency: 0.102783 ms (enqueue 0.0844605 ms)
[03/03/2026-11:04:48] [I] Average on 10 runs - GPU latency: 0.100378 ms - Host latency: 0.100378 ms (enqueue 0.0830078 ms)
[03/03/2026-11:04:48] [I] Average on 10 runs - GPU latency: 0.100378 ms - Host latency: 0.100378 ms (enqueue 0.0833008 ms)
[03/03/2026-11:04:48] [I] Average on 10 runs - GPU latency: 0.101257 ms - Host latency: 0.101257 ms (enqueue 0.0849243 ms)
[03/03/2026-11:04:48] [I] Average on 10 runs - GPU latency: 0.100732 ms - Host latency: 0.100732 ms (enqueue 0.0832275 ms)
[03/03/2026-11:04:48] [I] Average on 10 runs - GPU latency: 0.0998657 ms - Host latency: 0.0998657 ms (enqueue 0.0825317 ms)
[03/03/2026-11:04:48] [I] Average on 10 runs - GPU latency: 0.0999268 ms - Host latency: 0.0999268 ms (enqueue 0.082605 ms)
[03/03/2026-11:04:48] [I] Average on 10 runs - GPU latency: 0.100903 ms - Host latency: 0.100903 ms (enqueue 0.0846558 ms)
[03/03/2026-11:04:48] [I] Average on 10 runs - GPU latency: 0.0996216 ms - Host latency: 0.0996216 ms (enqueue 0.0823486 ms)
[03/03/2026-11:04:48] [I] Average on 10 runs - GPU latency: 0.100647 ms - Host latency: 0.100647 ms (enqueue 0.0833252 ms)
[03/03/2026-11:04:48] [I] Average on 10 runs - GPU latency: 0.0996704 ms - Host latency: 0.0996704 ms (enqueue 0.0824829 ms)
[03/03/2026-11:04:48] [I] Average on 10 runs - GPU latency: 0.103015 ms - Host latency: 0.103015 ms (enqueue 0.0841675 ms)
[03/03/2026-11:04:48] [I] Average on 10 runs - GPU latency: 0.100183 ms - Host latency: 0.100183 ms (enqueue 0.0826538 ms)
[03/03/2026-11:04:48] [I] Average on 10 runs - GPU latency: 0.0995972 ms - Host latency: 0.0995972 ms (enqueue 0.0826782 ms)
[03/03/2026-11:04:48] [I] Average on 10 runs - GPU latency: 0.0994507 ms - Host latency: 0.0994507 ms (enqueue 0.0821655 ms)
[03/03/2026-11:04:48] [I] Average on 10 runs - GPU latency: 0.101831 ms - Host latency: 0.101831 ms (enqueue 0.0834351 ms)
[03/03/2026-11:04:48] [I] Average on 10 runs - GPU latency: 0.0989258 ms - Host latency: 0.0989258 ms (enqueue 0.0819946 ms)
[03/03/2026-11:04:48] [I] Average on 10 runs - GPU latency: 0.100476 ms - Host latency: 0.100476 ms (enqueue 0.0833374 ms)
[03/03/2026-11:04:48] [I] Average on 10 runs - GPU latency: 0.0995972 ms - Host latency: 0.0995972 ms (enqueue 0.0823853 ms)
[03/03/2026-11:04:48] [I] Average on 10 runs - GPU latency: 0.103345 ms - Host latency: 0.103345 ms (enqueue 0.0856445 ms)
[03/03/2026-11:04:48] [I] Average on 10 runs - GPU latency: 0.10083 ms - Host latency: 0.10083 ms (enqueue 0.083667 ms)
[03/03/2026-11:04:48] [I] Average on 10 runs - GPU latency: 0.0999634 ms - Host latency: 0.0999634 ms (enqueue 0.0824463 ms)
[03/03/2026-11:04:48] [I] Average on 10 runs - GPU latency: 0.102515 ms - Host latency: 0.102515 ms (enqueue 0.0841919 ms)
[03/03/2026-11:04:48] [I] Average on 10 runs - GPU latency: 0.100623 ms - Host latency: 0.100623 ms (enqueue 0.0826538 ms)
[03/03/2026-11:04:48] [I] Average on 10 runs - GPU latency: 0.0997681 ms - Host latency: 0.0997681 ms (enqueue 0.0823486 ms)
[03/03/2026-11:04:48] [I] Average on 10 runs - GPU latency: 0.100879 ms - Host latency: 0.100879 ms (enqueue 0.0837646 ms)
[03/03/2026-11:04:48] [I] Average on 10 runs - GPU latency: 0.105066 ms - Host latency: 0.105066 ms (enqueue 0.0873047 ms)
[03/03/2026-11:04:48] [I] Average on 10 runs - GPU latency: 0.102136 ms - Host latency: 0.102136 ms (enqueue 0.0842285 ms)
[03/03/2026-11:04:48] [I] Average on 10 runs - GPU latency: 0.0999634 ms - Host latency: 0.0999634 ms (enqueue 0.0829468 ms)
[03/03/2026-11:04:48] [I] Average on 10 runs - GPU latency: 0.100439 ms - Host latency: 0.100439 ms (enqueue 0.082959 ms)
[03/03/2026-11:04:48] [I] Average on 10 runs - GPU latency: 0.103357 ms - Host latency: 0.103357 ms (enqueue 0.0865112 ms)
[03/03/2026-11:04:48] [I] Average on 10 runs - GPU latency: 0.100513 ms - Host latency: 0.100513 ms (enqueue 0.0829468 ms)
[03/03/2026-11:04:48] [I] Average on 10 runs - GPU latency: 0.100452 ms - Host latency: 0.100452 ms (enqueue 0.0830933 ms)
[03/03/2026-11:04:48] [I] Average on 10 runs - GPU latency: 0.0994751 ms - Host latency: 0.0994751 ms (enqueue 0.0825195 ms)
[03/03/2026-11:04:48] [I] Average on 10 runs - GPU latency: 0.103442 ms - Host latency: 0.103442 ms (enqueue 0.0852905 ms)
[03/03/2026-11:04:48] [I] Average on 10 runs - GPU latency: 0.0999512 ms - Host latency: 0.0999512 ms (enqueue 0.0825684 ms)
[03/03/2026-11:04:48] [I] Average on 10 runs - GPU latency: 0.0998413 ms - Host latency: 0.0998413 ms (enqueue 0.0823486 ms)
[03/03/2026-11:04:48] [I] Average on 10 runs - GPU latency: 0.0996338 ms - Host latency: 0.0996338 ms (enqueue 0.0822998 ms)
[03/03/2026-11:04:48] [I] Average on 10 runs - GPU latency: 0.10365 ms - Host latency: 0.10365 ms (enqueue 0.0862427 ms)
[03/03/2026-11:04:48] [I] Average on 10 runs - GPU latency: 0.100732 ms - Host latency: 0.100732 ms (enqueue 0.0832153 ms)
[03/03/2026-11:04:48] [I] Average on 10 runs - GPU latency: 0.0998657 ms - Host latency: 0.0998657 ms (enqueue 0.082312 ms)
[03/03/2026-11:04:48] [I] Average on 10 runs - GPU latency: 0.100208 ms - Host latency: 0.100208 ms (enqueue 0.0828735 ms)
[03/03/2026-11:04:48] [I] Average on 10 runs - GPU latency: 0.102686 ms - Host latency: 0.102686 ms (enqueue 0.0860107 ms)
[03/03/2026-11:04:48] [I] Average on 10 runs - GPU latency: 0.10083 ms - Host latency: 0.10083 ms (enqueue 0.0834961 ms)
[03/03/2026-11:04:48] [I] Average on 10 runs - GPU latency: 0.100562 ms - Host latency: 0.100562 ms (enqueue 0.0834961 ms)
[03/03/2026-11:04:48] [I] Average on 10 runs - GPU latency: 0.100671 ms - Host latency: 0.100671 ms (enqueue 0.0827148 ms)
[03/03/2026-11:04:48] [I] Average on 10 runs - GPU latency: 0.10282 ms - Host latency: 0.10282 ms (enqueue 0.0853882 ms)
[03/03/2026-11:04:48] [I] Average on 10 runs - GPU latency: 0.099292 ms - Host latency: 0.099292 ms (enqueue 0.0821899 ms)
[03/03/2026-11:04:48] [I] Average on 10 runs - GPU latency: 0.0994141 ms - Host latency: 0.0994141 ms (enqueue 0.0824463 ms)
[03/03/2026-11:04:48] [I] Average on 10 runs - GPU latency: 0.100159 ms - Host latency: 0.100159 ms (enqueue 0.0827637 ms)
[03/03/2026-11:04:48] [I] Average on 10 runs - GPU latency: 0.103552 ms - Host latency: 0.103552 ms (enqueue 0.0859497 ms)
[03/03/2026-11:04:48] [I] Average on 10 runs - GPU latency: 0.100098 ms - Host latency: 0.100098 ms (enqueue 0.0828491 ms)
[03/03/2026-11:04:48] [I] Average on 10 runs - GPU latency: 0.101465 ms - Host latency: 0.101465 ms (enqueue 0.0835693 ms)
[03/03/2026-11:04:48] [I] Average on 10 runs - GPU latency: 0.101733 ms - Host latency: 0.101733 ms (enqueue 0.0842285 ms)
[03/03/2026-11:04:48] [I] Average on 10 runs - GPU latency: 0.101294 ms - Host latency: 0.101294 ms (enqueue 0.0834717 ms)
[03/03/2026-11:04:48] [I] Average on 10 runs - GPU latency: 0.101697 ms - Host latency: 0.101697 ms (enqueue 0.0843262 ms)
[03/03/2026-11:04:48] [I] Average on 10 runs - GPU latency: 0.10249 ms - Host latency: 0.10249 ms (enqueue 0.0844605 ms)
[03/03/2026-11:04:48] [I] Average on 10 runs - GPU latency: 0.101538 ms - Host latency: 0.101538 ms (enqueue 0.0849487 ms)
[03/03/2026-11:04:48] [I] Average on 10 runs - GPU latency: 0.0991943 ms - Host latency: 0.0991943 ms (enqueue 0.0823364 ms)
[03/03/2026-11:04:48] [I] Average on 10 runs - GPU latency: 0.100793 ms - Host latency: 0.100793 ms (enqueue 0.083606 ms)
[03/03/2026-11:04:48] [I] Average on 10 runs - GPU latency: 0.100793 ms - Host latency: 0.100793 ms (enqueue 0.0832764 ms)
[03/03/2026-11:04:48] [I] Average on 10 runs - GPU latency: 0.10271 ms - Host latency: 0.10271 ms (enqueue 0.0862793 ms)
[03/03/2026-11:04:48] [I] Average on 10 runs - GPU latency: 0.0999878 ms - Host latency: 0.0999878 ms (enqueue 0.0826538 ms)
[03/03/2026-11:04:48] [I] Average on 10 runs - GPU latency: 0.0995239 ms - Host latency: 0.0995239 ms (enqueue 0.0819824 ms)
[03/03/2026-11:04:48] [I] Average on 10 runs - GPU latency: 0.0992798 ms - Host latency: 0.0992798 ms (enqueue 0.0816284 ms)
[03/03/2026-11:04:48] [I] Average on 10 runs - GPU latency: 0.103296 ms - Host latency: 0.103296 ms (enqueue 0.0866211 ms)
[03/03/2026-11:04:48] [I] Average on 10 runs - GPU latency: 0.100842 ms - Host latency: 0.100842 ms (enqueue 0.0838013 ms)
[03/03/2026-11:04:48] [I] Average on 10 runs - GPU latency: 0.101782 ms - Host latency: 0.101782 ms (enqueue 0.0841919 ms)
[03/03/2026-11:04:48] [I] Average on 10 runs - GPU latency: 0.102795 ms - Host latency: 0.102795 ms (enqueue 0.0850464 ms)
[03/03/2026-11:04:48] [I] Average on 10 runs - GPU latency: 0.103357 ms - Host latency: 0.103357 ms (enqueue 0.0858276 ms)
[03/03/2026-11:04:48] [I] Average on 10 runs - GPU latency: 0.103406 ms - Host latency: 0.103406 ms (enqueue 0.0860474 ms)
[03/03/2026-11:04:48] [I] Average on 10 runs - GPU latency: 0.101294 ms - Host latency: 0.101294 ms (enqueue 0.0834229 ms)
[03/03/2026-11:04:48] [I] Average on 10 runs - GPU latency: 0.100317 ms - Host latency: 0.100317 ms (enqueue 0.0834351 ms)
[03/03/2026-11:04:48] [I] Average on 10 runs - GPU latency: 0.10332 ms - Host latency: 0.10332 ms (enqueue 0.0866089 ms)
[03/03/2026-11:04:48] [I] Average on 10 runs - GPU latency: 0.100195 ms - Host latency: 0.100195 ms (enqueue 0.0830933 ms)
[03/03/2026-11:04:48] [I] Average on 10 runs - GPU latency: 0.0985474 ms - Host latency: 0.0985474 ms (enqueue 0.0811523 ms)
[03/03/2026-11:04:48] [I] Average on 10 runs - GPU latency: 0.100073 ms - Host latency: 0.100073 ms (enqueue 0.0828125 ms)
[03/03/2026-11:04:48] [I] Average on 10 runs - GPU latency: 0.101331 ms - Host latency: 0.101331 ms (enqueue 0.085376 ms)
[03/03/2026-11:04:48] [I] Average on 10 runs - GPU latency: 0.10094 ms - Host latency: 0.10094 ms (enqueue 0.0837036 ms)
[03/03/2026-11:04:48] [I] Average on 10 runs - GPU latency: 0.101184 ms - Host latency: 0.101184 ms (enqueue 0.0834961 ms)
[03/03/2026-11:04:48] [I] Average on 10 runs - GPU latency: 0.100366 ms - Host latency: 0.100366 ms (enqueue 0.083313 ms)
[03/03/2026-11:04:48] [I] Average on 10 runs - GPU latency: 0.102063 ms - Host latency: 0.102063 ms (enqueue 0.0849731 ms)
[03/03/2026-11:04:48] [I] Average on 10 runs - GPU latency: 0.102747 ms - Host latency: 0.102747 ms (enqueue 0.0852783 ms)
[03/03/2026-11:04:48] [I] Average on 10 runs - GPU latency: 0.101331 ms - Host latency: 0.101331 ms (enqueue 0.0834473 ms)
[03/03/2026-11:04:48] [I] Average on 10 runs - GPU latency: 0.100928 ms - Host latency: 0.100928 ms (enqueue 0.0838867 ms)
[03/03/2026-11:04:48] [I] Average on 10 runs - GPU latency: 0.102673 ms - Host latency: 0.102673 ms (enqueue 0.0854736 ms)
[03/03/2026-11:04:48] [I] Average on 10 runs - GPU latency: 0.0999878 ms - Host latency: 0.0999878 ms (enqueue 0.082959 ms)
[03/03/2026-11:04:48] [I] Average on 10 runs - GPU latency: 0.100122 ms - Host latency: 0.100122 ms (enqueue 0.0829834 ms)
[03/03/2026-11:04:48] [I] Average on 10 runs - GPU latency: 0.100623 ms - Host latency: 0.100623 ms (enqueue 0.0844727 ms)
[03/03/2026-11:04:48] [I] Average on 10 runs - GPU latency: 0.10127 ms - Host latency: 0.10127 ms (enqueue 0.0832764 ms)
[03/03/2026-11:04:48] [I] Average on 10 runs - GPU latency: 0.0991455 ms - Host latency: 0.0991455 ms (enqueue 0.0821167 ms)
[03/03/2026-11:04:48] [I] Average on 10 runs - GPU latency: 0.102063 ms - Host latency: 0.102063 ms (enqueue 0.0841431 ms)
[03/03/2026-11:04:48] [I] Average on 10 runs - GPU latency: 0.102124 ms - Host latency: 0.102124 ms (enqueue 0.0852173 ms)
[03/03/2026-11:04:48] [I] Average on 10 runs - GPU latency: 0.10072 ms - Host latency: 0.10072 ms (enqueue 0.0837036 ms)
[03/03/2026-11:04:48] [I] Average on 10 runs - GPU latency: 0.0998535 ms - Host latency: 0.0998535 ms (enqueue 0.0828491 ms)
[03/03/2026-11:04:48] [I] Average on 10 runs - GPU latency: 0.100244 ms - Host latency: 0.100244 ms (enqueue 0.0827026 ms)
[03/03/2026-11:04:48] [I] Average on 10 runs - GPU latency: 0.102258 ms - Host latency: 0.102258 ms (enqueue 0.0848999 ms)
[03/03/2026-11:04:48] [I] Average on 10 runs - GPU latency: 0.101172 ms - Host latency: 0.101172 ms (enqueue 0.0839844 ms)
[03/03/2026-11:04:48] [I] Average on 10 runs - GPU latency: 0.100769 ms - Host latency: 0.100769 ms (enqueue 0.0829956 ms)
[03/03/2026-11:04:48] [I] Average on 10 runs - GPU latency: 0.0992187 ms - Host latency: 0.0992187 ms (enqueue 0.0817749 ms)
[03/03/2026-11:04:48] [I] Average on 10 runs - GPU latency: 0.102246 ms - Host latency: 0.102246 ms (enqueue 0.0848755 ms)
[03/03/2026-11:04:48] [I] Average on 10 runs - GPU latency: 0.0998047 ms - Host latency: 0.0998047 ms (enqueue 0.0823608 ms)
[03/03/2026-11:04:48] [I] Average on 10 runs - GPU latency: 0.102441 ms - Host latency: 0.102441 ms (enqueue 0.0839966 ms)
[03/03/2026-11:04:48] [I] Average on 10 runs - GPU latency: 0.0999146 ms - Host latency: 0.0999146 ms (enqueue 0.0824463 ms)
[03/03/2026-11:04:48] [I] Average on 10 runs - GPU latency: 0.104236 ms - Host latency: 0.104236 ms (enqueue 0.0865845 ms)
[03/03/2026-11:04:48] [I] Average on 10 runs - GPU latency: 0.100415 ms - Host latency: 0.100415 ms (enqueue 0.0829224 ms)
[03/03/2026-11:04:48] [I] Average on 10 runs - GPU latency: 0.100928 ms - Host latency: 0.100928 ms (enqueue 0.0834961 ms)
[03/03/2026-11:04:48] [I] Average on 10 runs - GPU latency: 0.100256 ms - Host latency: 0.100256 ms (enqueue 0.0829956 ms)
[03/03/2026-11:04:48] [I] Average on 10 runs - GPU latency: 0.101807 ms - Host latency: 0.101807 ms (enqueue 0.0856812 ms)
[03/03/2026-11:04:48] [I] Average on 10 runs - GPU latency: 0.100549 ms - Host latency: 0.100549 ms (enqueue 0.0832764 ms)
[03/03/2026-11:04:48] [I] Average on 10 runs - GPU latency: 0.100696 ms - Host latency: 0.100696 ms (enqueue 0.0835815 ms)
[03/03/2026-11:04:48] [I] Average on 10 runs - GPU latency: 0.101257 ms - Host latency: 0.101257 ms (enqueue 0.084436 ms)
[03/03/2026-11:04:48] [I] Average on 10 runs - GPU latency: 0.102344 ms - Host latency: 0.102344 ms (enqueue 0.0855713 ms)
[03/03/2026-11:04:48] [I] Average on 10 runs - GPU latency: 0.103528 ms - Host latency: 0.103528 ms (enqueue 0.0857544 ms)
[03/03/2026-11:04:48] [I] Average on 10 runs - GPU latency: 0.101172 ms - Host latency: 0.101172 ms (enqueue 0.0837402 ms)
[03/03/2026-11:04:48] [I] Average on 10 runs - GPU latency: 0.10332 ms - Host latency: 0.10332 ms (enqueue 0.0852905 ms)
[03/03/2026-11:04:48] [I] Average on 10 runs - GPU latency: 0.102551 ms - Host latency: 0.102551 ms (enqueue 0.0842407 ms)
[03/03/2026-11:04:48] [I] Average on 10 runs - GPU latency: 0.101392 ms - Host latency: 0.101392 ms (enqueue 0.0840454 ms)
[03/03/2026-11:04:48] [I] Average on 10 runs - GPU latency: 0.100891 ms - Host latency: 0.100891 ms (enqueue 0.0835937 ms)
[03/03/2026-11:04:48] [I] Average on 10 runs - GPU latency: 0.0991577 ms - Host latency: 0.0991577 ms (enqueue 0.08302 ms)
[03/03/2026-11:04:48] [I] Average on 10 runs - GPU latency: 0.102332 ms - Host latency: 0.102332 ms (enqueue 0.0842285 ms)
[03/03/2026-11:04:48] [I] Average on 10 runs - GPU latency: 0.0991699 ms - Host latency: 0.0991699 ms (enqueue 0.0819946 ms)
[03/03/2026-11:04:48] [I] Average on 10 runs - GPU latency: 0.0995117 ms - Host latency: 0.0995117 ms (enqueue 0.0823486 ms)
[03/03/2026-11:04:48] [I] Average on 10 runs - GPU latency: 0.101221 ms - Host latency: 0.101221 ms (enqueue 0.0834473 ms)
[03/03/2026-11:04:48] [I] Average on 10 runs - GPU latency: 0.101733 ms - Host latency: 0.101733 ms (enqueue 0.0845825 ms)
[03/03/2026-11:04:48] [I] Average on 10 runs - GPU latency: 0.102502 ms - Host latency: 0.102502 ms (enqueue 0.0842407 ms)
[03/03/2026-11:04:48] [I] Average on 10 runs - GPU latency: 0.100513 ms - Host latency: 0.100513 ms (enqueue 0.0831299 ms)
[03/03/2026-11:04:48] [I] Average on 10 runs - GPU latency: 0.101477 ms - Host latency: 0.101477 ms (enqueue 0.0848511 ms)
[03/03/2026-11:04:48] [I] Average on 10 runs - GPU latency: 0.0998901 ms - Host latency: 0.0998901 ms (enqueue 0.0823975 ms)
[03/03/2026-11:04:48] [I] Average on 10 runs - GPU latency: 0.10033 ms - Host latency: 0.10033 ms (enqueue 0.0828369 ms)
[03/03/2026-11:04:48] [I] Average on 10 runs - GPU latency: 0.100195 ms - Host latency: 0.100195 ms (enqueue 0.0829102 ms)
[03/03/2026-11:04:48] [I] Average on 10 runs - GPU latency: 0.102148 ms - Host latency: 0.102148 ms (enqueue 0.0859009 ms)
[03/03/2026-11:04:48] [I] Average on 10 runs - GPU latency: 0.100549 ms - Host latency: 0.100549 ms (enqueue 0.0833618 ms)
[03/03/2026-11:04:48] [I] Average on 10 runs - GPU latency: 0.0997803 ms - Host latency: 0.0997803 ms (enqueue 0.0825073 ms)
[03/03/2026-11:04:48] [I] Average on 10 runs - GPU latency: 0.102234 ms - Host latency: 0.102234 ms (enqueue 0.0852905 ms)
[03/03/2026-11:04:48] [I] Average on 10 runs - GPU latency: 0.103455 ms - Host latency: 0.103455 ms (enqueue 0.0869141 ms)
[03/03/2026-11:04:48] [I] Average on 10 runs - GPU latency: 0.101843 ms - Host latency: 0.101843 ms (enqueue 0.0833252 ms)
[03/03/2026-11:04:48] [I] Average on 10 runs - GPU latency: 0.0999878 ms - Host latency: 0.0999878 ms (enqueue 0.0830566 ms)
[03/03/2026-11:04:48] [I] Average on 10 runs - GPU latency: 0.0999634 ms - Host latency: 0.0999634 ms (enqueue 0.0825439 ms)
[03/03/2026-11:04:48] [I] Average on 10 runs - GPU latency: 0.102734 ms - Host latency: 0.102734 ms (enqueue 0.085498 ms)
[03/03/2026-11:04:48] [I] Average on 10 runs - GPU latency: 0.0991333 ms - Host latency: 0.0991333 ms (enqueue 0.0819336 ms)
[03/03/2026-11:04:48] [I] Average on 10 runs - GPU latency: 0.10033 ms - Host latency: 0.10033 ms (enqueue 0.0830078 ms)
[03/03/2026-11:04:48] [I] Average on 10 runs - GPU latency: 0.0999146 ms - Host latency: 0.0999146 ms (enqueue 0.0824829 ms)
[03/03/2026-11:04:48] [I] Average on 10 runs - GPU latency: 0.103442 ms - Host latency: 0.103442 ms (enqueue 0.0869141 ms)
[03/03/2026-11:04:48] [I] Average on 10 runs - GPU latency: 0.10094 ms - Host latency: 0.10094 ms (enqueue 0.0834961 ms)
[03/03/2026-11:04:48] [I] Average on 10 runs - GPU latency: 0.101038 ms - Host latency: 0.101038 ms (enqueue 0.0832642 ms)
[03/03/2026-11:04:48] [I] Average on 10 runs - GPU latency: 0.0999878 ms - Host latency: 0.0999878 ms (enqueue 0.0827881 ms)
[03/03/2026-11:04:48] [I] Average on 10 runs - GPU latency: 0.104114 ms - Host latency: 0.104114 ms (enqueue 0.0862549 ms)
[03/03/2026-11:04:48] [I] Average on 10 runs - GPU latency: 0.100781 ms - Host latency: 0.100781 ms (enqueue 0.0833862 ms)
[03/03/2026-11:04:48] [I] Average on 10 runs - GPU latency: 0.0998169 ms - Host latency: 0.0998169 ms (enqueue 0.0828735 ms)
[03/03/2026-11:04:48] [I] Average on 10 runs - GPU latency: 0.0999878 ms - Host latency: 0.0999878 ms (enqueue 0.0826538 ms)
[03/03/2026-11:04:48] [I] Average on 10 runs - GPU latency: 0.103406 ms - Host latency: 0.103406 ms (enqueue 0.0849487 ms)
[03/03/2026-11:04:48] [I] Average on 10 runs - GPU latency: 0.103931 ms - Host latency: 0.103931 ms (enqueue 0.0866333 ms)
[03/03/2026-11:04:48] [I] Average on 10 runs - GPU latency: 0.101428 ms - Host latency: 0.101428 ms (enqueue 0.0836792 ms)
[03/03/2026-11:04:48] [I] Average on 10 runs - GPU latency: 0.0993652 ms - Host latency: 0.0993652 ms (enqueue 0.0837158 ms)
[03/03/2026-11:04:48] [I] Average on 10 runs - GPU latency: 0.102771 ms - Host latency: 0.102771 ms (enqueue 0.0846802 ms)
[03/03/2026-11:04:48] [I] Average on 10 runs - GPU latency: 0.100134 ms - Host latency: 0.100134 ms (enqueue 0.0826538 ms)
[03/03/2026-11:04:48] [I] Average on 10 runs - GPU latency: 0.0996338 ms - Host latency: 0.0996338 ms (enqueue 0.0824341 ms)
[03/03/2026-11:04:48] [I] Average on 10 runs - GPU latency: 0.101587 ms - Host latency: 0.101587 ms (enqueue 0.0855957 ms)
[03/03/2026-11:04:48] [I] Average on 10 runs - GPU latency: 0.104053 ms - Host latency: 0.104053 ms (enqueue 0.0859009 ms)
[03/03/2026-11:04:48] [I] Average on 10 runs - GPU latency: 0.103223 ms - Host latency: 0.103223 ms (enqueue 0.0853882 ms)
[03/03/2026-11:04:48] [I] Average on 10 runs - GPU latency: 0.104944 ms - Host latency: 0.104944 ms (enqueue 0.087439 ms)
[03/03/2026-11:04:48] [I] Average on 10 runs - GPU latency: 0.10575 ms - Host latency: 0.10575 ms (enqueue 0.0888062 ms)
[03/03/2026-11:04:48] [I] Average on 10 runs - GPU latency: 0.100977 ms - Host latency: 0.100977 ms (enqueue 0.083728 ms)
[03/03/2026-11:04:48] [I] Average on 10 runs - GPU latency: 0.100281 ms - Host latency: 0.100281 ms (enqueue 0.0831299 ms)
[03/03/2026-11:04:48] [I] Average on 10 runs - GPU latency: 0.10094 ms - Host latency: 0.10094 ms (enqueue 0.0836182 ms)
[03/03/2026-11:04:48] [I] Average on 10 runs - GPU latency: 0.101892 ms - Host latency: 0.101892 ms (enqueue 0.0835571 ms)
[03/03/2026-11:04:48] [I] Average on 10 runs - GPU latency: 0.099707 ms - Host latency: 0.099707 ms (enqueue 0.0821411 ms)
[03/03/2026-11:04:48] [I] Average on 10 runs - GPU latency: 0.100024 ms - Host latency: 0.100024 ms (enqueue 0.0828979 ms)
[03/03/2026-11:04:48] [I] Average on 10 runs - GPU latency: 0.101514 ms - Host latency: 0.101514 ms (enqueue 0.0842163 ms)
[03/03/2026-11:04:48] [I] Average on 10 runs - GPU latency: 0.103552 ms - Host latency: 0.103552 ms (enqueue 0.0847656 ms)
[03/03/2026-11:04:48] [I] Average on 10 runs - GPU latency: 0.0994751 ms - Host latency: 0.0994751 ms (enqueue 0.082605 ms)
[03/03/2026-11:04:48] [I] Average on 10 runs - GPU latency: 0.0996704 ms - Host latency: 0.0996704 ms (enqueue 0.0822632 ms)
[03/03/2026-11:04:48] [I] Average on 10 runs - GPU latency: 0.099585 ms - Host latency: 0.099585 ms (enqueue 0.0825195 ms)
[03/03/2026-11:04:48] [I] Average on 10 runs - GPU latency: 0.101489 ms - Host latency: 0.101489 ms (enqueue 0.0835937 ms)
[03/03/2026-11:04:48] [I] Average on 10 runs - GPU latency: 0.0995605 ms - Host latency: 0.0995605 ms (enqueue 0.0824707 ms)
[03/03/2026-11:04:48] [I] Average on 10 runs - GPU latency: 0.100269 ms - Host latency: 0.100269 ms (enqueue 0.082666 ms)
[03/03/2026-11:04:48] [I] Average on 10 runs - GPU latency: 0.102124 ms - Host latency: 0.102124 ms (enqueue 0.0843628 ms)
[03/03/2026-11:04:48] [I] Average on 10 runs - GPU latency: 0.102405 ms - Host latency: 0.102405 ms (enqueue 0.0844116 ms)
[03/03/2026-11:04:48] [I] Average on 10 runs - GPU latency: 0.10022 ms - Host latency: 0.10022 ms (enqueue 0.082959 ms)
[03/03/2026-11:04:48] [I] Average on 10 runs - GPU latency: 0.100769 ms - Host latency: 0.100769 ms (enqueue 0.0834473 ms)
[03/03/2026-11:04:48] [I] Average on 10 runs - GPU latency: 0.0990356 ms - Host latency: 0.0990356 ms (enqueue 0.0819946 ms)
[03/03/2026-11:04:48] [I] Average on 10 runs - GPU latency: 0.102966 ms - Host latency: 0.102966 ms (enqueue 0.0857056 ms)
[03/03/2026-11:04:48] [I] Average on 10 runs - GPU latency: 0.100195 ms - Host latency: 0.100195 ms (enqueue 0.0831299 ms)
[03/03/2026-11:04:48] [I] Average on 10 runs - GPU latency: 0.1005 ms - Host latency: 0.1005 ms (enqueue 0.0835571 ms)
[03/03/2026-11:04:48] [I] Average on 10 runs - GPU latency: 0.100977 ms - Host latency: 0.100977 ms (enqueue 0.0853027 ms)
[03/03/2026-11:04:48] [I] Average on 10 runs - GPU latency: 0.100903 ms - Host latency: 0.100903 ms (enqueue 0.0830566 ms)
[03/03/2026-11:04:48] [I] Average on 10 runs - GPU latency: 0.100916 ms - Host latency: 0.100916 ms (enqueue 0.0834473 ms)
[03/03/2026-11:04:48] [I] Average on 10 runs - GPU latency: 0.100342 ms - Host latency: 0.100342 ms (enqueue 0.0828491 ms)
[03/03/2026-11:04:48] [I] Average on 10 runs - GPU latency: 0.102539 ms - Host latency: 0.102539 ms (enqueue 0.0862427 ms)
[03/03/2026-11:04:48] [I] Average on 10 runs - GPU latency: 0.10011 ms - Host latency: 0.10011 ms (enqueue 0.0823853 ms)
[03/03/2026-11:04:48] [I] Average on 10 runs - GPU latency: 0.0997803 ms - Host latency: 0.0997803 ms (enqueue 0.0828003 ms)
[03/03/2026-11:04:48] [I] Average on 10 runs - GPU latency: 0.100037 ms - Host latency: 0.100037 ms (enqueue 0.0826416 ms)
[03/03/2026-11:04:48] [I] Average on 10 runs - GPU latency: 0.102075 ms - Host latency: 0.102075 ms (enqueue 0.0856201 ms)
[03/03/2026-11:04:48] [I] Average on 10 runs - GPU latency: 0.10022 ms - Host latency: 0.10022 ms (enqueue 0.0829712 ms)
[03/03/2026-11:04:48] [I] Average on 10 runs - GPU latency: 0.100134 ms - Host latency: 0.100134 ms (enqueue 0.0829102 ms)
[03/03/2026-11:04:48] [I] Average on 10 runs - GPU latency: 0.100232 ms - Host latency: 0.100232 ms (enqueue 0.0830322 ms)
[03/03/2026-11:04:48] [I] Average on 10 runs - GPU latency: 0.101978 ms - Host latency: 0.101978 ms (enqueue 0.0861328 ms)
[03/03/2026-11:04:48] [I] Average on 10 runs - GPU latency: 0.100281 ms - Host latency: 0.100281 ms (enqueue 0.0826782 ms)
[03/03/2026-11:04:48] [I] Average on 10 runs - GPU latency: 0.100269 ms - Host latency: 0.100269 ms (enqueue 0.0827393 ms)
[03/03/2026-11:04:48] [I] Average on 10 runs - GPU latency: 0.100146 ms - Host latency: 0.100146 ms (enqueue 0.0826538 ms)
[03/03/2026-11:04:48] [I] Average on 10 runs - GPU latency: 0.103577 ms - Host latency: 0.103577 ms (enqueue 0.0869995 ms)
[03/03/2026-11:04:48] [I] Average on 10 runs - GPU latency: 0.0999878 ms - Host latency: 0.0999878 ms (enqueue 0.0822022 ms)
[03/03/2026-11:04:48] [I] Average on 10 runs - GPU latency: 0.100977 ms - Host latency: 0.100977 ms (enqueue 0.0834839 ms)
[03/03/2026-11:04:48] [I] Average on 10 runs - GPU latency: 0.100488 ms - Host latency: 0.100488 ms (enqueue 0.0827148 ms)
[03/03/2026-11:04:48] [I] Average on 10 runs - GPU latency: 0.103528 ms - Host latency: 0.103528 ms (enqueue 0.0864258 ms)
[03/03/2026-11:04:48] [I] Average on 10 runs - GPU latency: 0.100366 ms - Host latency: 0.100366 ms (enqueue 0.0829102 ms)
[03/03/2026-11:04:48] [I] Average on 10 runs - GPU latency: 0.0998291 ms - Host latency: 0.0998291 ms (enqueue 0.0824585 ms)
[03/03/2026-11:04:48] [I] Average on 10 runs - GPU latency: 0.100525 ms - Host latency: 0.100525 ms (enqueue 0.0834106 ms)
[03/03/2026-11:04:48] [I] Average on 10 runs - GPU latency: 0.104321 ms - Host latency: 0.104321 ms (enqueue 0.0876221 ms)
[03/03/2026-11:04:48] [I] Average on 10 runs - GPU latency: 0.100256 ms - Host latency: 0.100256 ms (enqueue 0.0824585 ms)
[03/03/2026-11:04:48] [I] Average on 10 runs - GPU latency: 0.100476 ms - Host latency: 0.100476 ms (enqueue 0.0828613 ms)
[03/03/2026-11:04:48] [I] Average on 10 runs - GPU latency: 0.100208 ms - Host latency: 0.100208 ms (enqueue 0.0828491 ms)
[03/03/2026-11:04:48] [I] Average on 10 runs - GPU latency: 0.102026 ms - Host latency: 0.102026 ms (enqueue 0.0838379 ms)
[03/03/2026-11:04:48] [I] Average on 10 runs - GPU latency: 0.10011 ms - Host latency: 0.10011 ms (enqueue 0.0824463 ms)
[03/03/2026-11:04:48] [I] Average on 10 runs - GPU latency: 0.100659 ms - Host latency: 0.100659 ms (enqueue 0.0829834 ms)
[03/03/2026-11:04:48] [I] Average on 10 runs - GPU latency: 0.102563 ms - Host latency: 0.102563 ms (enqueue 0.0847534 ms)
[03/03/2026-11:04:48] [I] Average on 10 runs - GPU latency: 0.101477 ms - Host latency: 0.101477 ms (enqueue 0.0850098 ms)
[03/03/2026-11:04:48] [I] Average on 10 runs - GPU latency: 0.101733 ms - Host latency: 0.101733 ms (enqueue 0.0842041 ms)
[03/03/2026-11:04:48] [I] Average on 10 runs - GPU latency: 0.101562 ms - Host latency: 0.101562 ms (enqueue 0.084082 ms)
[03/03/2026-11:04:48] [I] Average on 10 runs - GPU latency: 0.104175 ms - Host latency: 0.104175 ms (enqueue 0.0876221 ms)
[03/03/2026-11:04:48] [I] Average on 10 runs - GPU latency: 0.101855 ms - Host latency: 0.101855 ms (enqueue 0.0836914 ms)
[03/03/2026-11:04:48] [I] Average on 10 runs - GPU latency: 0.100732 ms - Host latency: 0.100732 ms (enqueue 0.0833496 ms)
[03/03/2026-11:04:48] [I] Average on 10 runs - GPU latency: 0.0995361 ms - Host latency: 0.0995361 ms (enqueue 0.0825439 ms)
[03/03/2026-11:04:48] [I] Average on 10 runs - GPU latency: 0.103369 ms - Host latency: 0.103369 ms (enqueue 0.0861328 ms)
[03/03/2026-11:04:48] [I] Average on 10 runs - GPU latency: 0.100244 ms - Host latency: 0.100244 ms (enqueue 0.0826904 ms)
[03/03/2026-11:04:48] [I] Average on 10 runs - GPU latency: 0.100049 ms - Host latency: 0.100049 ms (enqueue 0.0825684 ms)
[03/03/2026-11:04:48] [I] Average on 10 runs - GPU latency: 0.101562 ms - Host latency: 0.101562 ms (enqueue 0.0832764 ms)
[03/03/2026-11:04:48] [I] Average on 10 runs - GPU latency: 0.103296 ms - Host latency: 0.103296 ms (enqueue 0.0861572 ms)
[03/03/2026-11:04:48] [I] Average on 10 runs - GPU latency: 0.100171 ms - Host latency: 0.100171 ms (enqueue 0.0827148 ms)
[03/03/2026-11:04:48] [I] Average on 10 runs - GPU latency: 0.100317 ms - Host latency: 0.100317 ms (enqueue 0.0830322 ms)
[03/03/2026-11:04:48] [I] Average on 10 runs - GPU latency: 0.0995117 ms - Host latency: 0.0995117 ms (enqueue 0.082251 ms)
[03/03/2026-11:04:48] [I] Average on 10 runs - GPU latency: 0.102197 ms - Host latency: 0.102197 ms (enqueue 0.0848389 ms)
[03/03/2026-11:04:48] [I] Average on 10 runs - GPU latency: 0.100684 ms - Host latency: 0.100684 ms (enqueue 0.0837646 ms)
[03/03/2026-11:04:48] [I] Average on 10 runs - GPU latency: 0.100708 ms - Host latency: 0.100708 ms (enqueue 0.0834473 ms)
[03/03/2026-11:04:48] [I] Average on 10 runs - GPU latency: 0.0999023 ms - Host latency: 0.0999023 ms (enqueue 0.0829102 ms)
[03/03/2026-11:04:48] [I] Average on 10 runs - GPU latency: 0.101855 ms - Host latency: 0.101855 ms (enqueue 0.0846436 ms)
[03/03/2026-11:04:48] [I] Average on 10 runs - GPU latency: 0.0997314 ms - Host latency: 0.0997314 ms (enqueue 0.0823486 ms)
[03/03/2026-11:04:48] [I] Average on 10 runs - GPU latency: 0.101245 ms - Host latency: 0.101245 ms (enqueue 0.0838623 ms)
[03/03/2026-11:04:48] [I] Average on 10 runs - GPU latency: 0.100415 ms - Host latency: 0.100415 ms (enqueue 0.0835693 ms)
[03/03/2026-11:04:48] [I] Average on 10 runs - GPU latency: 0.102856 ms - Host latency: 0.102856 ms (enqueue 0.0855469 ms)
[03/03/2026-11:04:48] [I] Average on 10 runs - GPU latency: 0.100684 ms - Host latency: 0.100684 ms (enqueue 0.0832275 ms)
[03/03/2026-11:04:48] [I] Average on 10 runs - GPU latency: 0.0998535 ms - Host latency: 0.0998535 ms (enqueue 0.0825928 ms)
[03/03/2026-11:04:48] [I] Average on 10 runs - GPU latency: 0.10061 ms - Host latency: 0.10061 ms (enqueue 0.0831055 ms)
[03/03/2026-11:04:48] [I] Average on 10 runs - GPU latency: 0.102197 ms - Host latency: 0.102197 ms (enqueue 0.0848633 ms)
[03/03/2026-11:04:48] [I] Average on 10 runs - GPU latency: 0.100928 ms - Host latency: 0.100928 ms (enqueue 0.0835693 ms)
[03/03/2026-11:04:48] [I] Average on 10 runs - GPU latency: 0.100195 ms - Host latency: 0.100195 ms (enqueue 0.0828857 ms)
[03/03/2026-11:04:48] [I] Average on 10 runs - GPU latency: 0.100684 ms - Host latency: 0.100684 ms (enqueue 0.0833252 ms)
[03/03/2026-11:04:48] [I] Average on 10 runs - GPU latency: 0.103174 ms - Host latency: 0.103174 ms (enqueue 0.0847168 ms)
[03/03/2026-11:04:48] [I] Average on 10 runs - GPU latency: 0.100659 ms - Host latency: 0.100659 ms (enqueue 0.0830078 ms)
[03/03/2026-11:04:48] [I] Average on 10 runs - GPU latency: 0.101904 ms - Host latency: 0.101904 ms (enqueue 0.0838623 ms)
[03/03/2026-11:04:48] [I] Average on 10 runs - GPU latency: 0.10083 ms - Host latency: 0.10083 ms (enqueue 0.0834229 ms)
[03/03/2026-11:04:48] [I] Average on 10 runs - GPU latency: 0.102197 ms - Host latency: 0.102197 ms (enqueue 0.0856934 ms)
[03/03/2026-11:04:48] [I] Average on 10 runs - GPU latency: 0.101245 ms - Host latency: 0.101245 ms (enqueue 0.0840088 ms)
[03/03/2026-11:04:48] [I] Average on 10 runs - GPU latency: 0.100439 ms - Host latency: 0.100439 ms (enqueue 0.0831787 ms)
[03/03/2026-11:04:48] [I] Average on 10 runs - GPU latency: 0.101416 ms - Host latency: 0.101416 ms (enqueue 0.0855713 ms)
[03/03/2026-11:04:48] [I] Average on 10 runs - GPU latency: 0.101611 ms - Host latency: 0.101611 ms (enqueue 0.0842773 ms)
[03/03/2026-11:04:48] [I] Average on 10 runs - GPU latency: 0.100537 ms - Host latency: 0.100537 ms (enqueue 0.0832764 ms)
[03/03/2026-11:04:48] [I] Average on 10 runs - GPU latency: 0.101123 ms - Host latency: 0.101123 ms (enqueue 0.0835693 ms)
[03/03/2026-11:04:48] [I] Average on 10 runs - GPU latency: 0.1021 ms - Host latency: 0.1021 ms (enqueue 0.0851562 ms)
[03/03/2026-11:04:48] [I] Average on 10 runs - GPU latency: 0.100708 ms - Host latency: 0.100708 ms (enqueue 0.0835205 ms)
[03/03/2026-11:04:48] [I] Average on 10 runs - GPU latency: 0.100879 ms - Host latency: 0.100879 ms (enqueue 0.0835205 ms)
[03/03/2026-11:04:48] [I] Average on 10 runs - GPU latency: 0.100562 ms - Host latency: 0.100562 ms (enqueue 0.0831787 ms)
[03/03/2026-11:04:48] [I] Average on 10 runs - GPU latency: 0.103101 ms - Host latency: 0.103101 ms (enqueue 0.0857178 ms)
[03/03/2026-11:04:48] [I] Average on 10 runs - GPU latency: 0.0998535 ms - Host latency: 0.0998535 ms (enqueue 0.0826904 ms)
[03/03/2026-11:04:48] [I] Average on 10 runs - GPU latency: 0.100342 ms - Host latency: 0.100342 ms (enqueue 0.0828369 ms)
[03/03/2026-11:04:48] [I] Average on 10 runs - GPU latency: 0.0997314 ms - Host latency: 0.0997314 ms (enqueue 0.0825439 ms)
[03/03/2026-11:04:48] [I] Average on 10 runs - GPU latency: 0.103638 ms - Host latency: 0.103638 ms (enqueue 0.0868408 ms)
[03/03/2026-11:04:48] [I] Average on 10 runs - GPU latency: 0.100439 ms - Host latency: 0.100439 ms (enqueue 0.0838135 ms)
[03/03/2026-11:04:48] [I] Average on 10 runs - GPU latency: 0.101294 ms - Host latency: 0.101294 ms (enqueue 0.0840088 ms)
[03/03/2026-11:04:48] [I] Average on 10 runs - GPU latency: 0.100171 ms - Host latency: 0.100171 ms (enqueue 0.0832275 ms)
[03/03/2026-11:04:48] [I] Average on 10 runs - GPU latency: 0.102881 ms - Host latency: 0.102881 ms (enqueue 0.0849854 ms)
[03/03/2026-11:04:48] [I] Average on 10 runs - GPU latency: 0.100488 ms - Host latency: 0.100488 ms (enqueue 0.0832031 ms)
[03/03/2026-11:04:48] [I] Average on 10 runs - GPU latency: 0.10249 ms - Host latency: 0.10249 ms (enqueue 0.084375 ms)
[03/03/2026-11:04:48] [I] Average on 10 runs - GPU latency: 0.100732 ms - Host latency: 0.100732 ms (enqueue 0.0831787 ms)
[03/03/2026-11:04:48] [I] Average on 10 runs - GPU latency: 0.101807 ms - Host latency: 0.101807 ms (enqueue 0.0853027 ms)
[03/03/2026-11:04:48] [I] Average on 10 runs - GPU latency: 0.101172 ms - Host latency: 0.101172 ms (enqueue 0.0835449 ms)
[03/03/2026-11:04:48] [I] Average on 10 runs - GPU latency: 0.0990479 ms - Host latency: 0.0990479 ms (enqueue 0.0822022 ms)
[03/03/2026-11:04:48] [I] Average on 10 runs - GPU latency: 0.0996582 ms - Host latency: 0.0996582 ms (enqueue 0.0827637 ms)
[03/03/2026-11:04:48] [I] Average on 10 runs - GPU latency: 0.101489 ms - Host latency: 0.101489 ms (enqueue 0.0852295 ms)
[03/03/2026-11:04:48] [I] Average on 10 runs - GPU latency: 0.100122 ms - Host latency: 0.100122 ms (enqueue 0.0828613 ms)
[03/03/2026-11:04:48] [I] Average on 10 runs - GPU latency: 0.0992676 ms - Host latency: 0.0992676 ms (enqueue 0.0821777 ms)
[03/03/2026-11:04:48] [I] Average on 10 runs - GPU latency: 0.100244 ms - Host latency: 0.100244 ms (enqueue 0.0829102 ms)
[03/03/2026-11:04:48] [I] Average on 10 runs - GPU latency: 0.101538 ms - Host latency: 0.101538 ms (enqueue 0.0854736 ms)
[03/03/2026-11:04:48] [I] Average on 10 runs - GPU latency: 0.100366 ms - Host latency: 0.100366 ms (enqueue 0.0832031 ms)
[03/03/2026-11:04:48] [I] Average on 10 runs - GPU latency: 0.100488 ms - Host latency: 0.100488 ms (enqueue 0.0829346 ms)
[03/03/2026-11:04:48] [I] Average on 10 runs - GPU latency: 0.0999756 ms - Host latency: 0.0999756 ms (enqueue 0.0833984 ms)
[03/03/2026-11:04:48] [I] Average on 10 runs - GPU latency: 0.102222 ms - Host latency: 0.102222 ms (enqueue 0.0854492 ms)
[03/03/2026-11:04:48] [I] Average on 10 runs - GPU latency: 0.100928 ms - Host latency: 0.100928 ms (enqueue 0.0833984 ms)
[03/03/2026-11:04:48] [I] Average on 10 runs - GPU latency: 0.100781 ms - Host latency: 0.100781 ms (enqueue 0.0833252 ms)
[03/03/2026-11:04:48] [I] Average on 10 runs - GPU latency: 0.100366 ms - Host latency: 0.100366 ms (enqueue 0.0844727 ms)
[03/03/2026-11:04:48] [I] Average on 10 runs - GPU latency: 0.101147 ms - Host latency: 0.101147 ms (enqueue 0.0827881 ms)
[03/03/2026-11:04:48] [I] Average on 10 runs - GPU latency: 0.10061 ms - Host latency: 0.10061 ms (enqueue 0.0829834 ms)
[03/03/2026-11:04:48] [I] Average on 10 runs - GPU latency: 0.100073 ms - Host latency: 0.100073 ms (enqueue 0.0826416 ms)
[03/03/2026-11:04:48] [I] Average on 10 runs - GPU latency: 0.100635 ms - Host latency: 0.100635 ms (enqueue 0.084375 ms)
[03/03/2026-11:04:48] [I] Average on 10 runs - GPU latency: 0.101636 ms - Host latency: 0.101636 ms (enqueue 0.0835937 ms)
[03/03/2026-11:04:48] [I] Average on 10 runs - GPU latency: 0.0996094 ms - Host latency: 0.0996094 ms (enqueue 0.0822998 ms)
[03/03/2026-11:04:48] [I] Average on 10 runs - GPU latency: 0.100732 ms - Host latency: 0.100732 ms (enqueue 0.0835205 ms)
[03/03/2026-11:04:48] [I] Average on 10 runs - GPU latency: 0.102002 ms - Host latency: 0.102002 ms (enqueue 0.0859863 ms)
[03/03/2026-11:04:48] [I] Average on 10 runs - GPU latency: 0.100854 ms - Host latency: 0.100854 ms (enqueue 0.0835205 ms)
[03/03/2026-11:04:48] [I] Average on 10 runs - GPU latency: 0.100366 ms - Host latency: 0.100366 ms (enqueue 0.0837402 ms)
[03/03/2026-11:04:48] [I] Average on 10 runs - GPU latency: 0.100854 ms - Host latency: 0.100854 ms (enqueue 0.0833008 ms)
[03/03/2026-11:04:48] [I] Average on 10 runs - GPU latency: 0.102368 ms - Host latency: 0.102368 ms (enqueue 0.0855957 ms)
[03/03/2026-11:04:48] [I] Average on 10 runs - GPU latency: 0.0998047 ms - Host latency: 0.0998047 ms (enqueue 0.0827637 ms)
[03/03/2026-11:04:48] [I] Average on 10 runs - GPU latency: 0.100293 ms - Host latency: 0.100293 ms (enqueue 0.0828369 ms)
[03/03/2026-11:04:48] [I] Average on 10 runs - GPU latency: 0.101025 ms - Host latency: 0.101025 ms (enqueue 0.0839844 ms)
[03/03/2026-11:04:48] [I] Average on 10 runs - GPU latency: 0.102808 ms - Host latency: 0.102808 ms (enqueue 0.0858398 ms)
[03/03/2026-11:04:48] [I] Average on 10 runs - GPU latency: 0.0999756 ms - Host latency: 0.0999756 ms (enqueue 0.0825195 ms)
[03/03/2026-11:04:48] [I] Average on 10 runs - GPU latency: 0.100732 ms - Host latency: 0.100732 ms (enqueue 0.0830566 ms)
[03/03/2026-11:04:48] [I] Average on 10 runs - GPU latency: 0.100708 ms - Host latency: 0.100708 ms (enqueue 0.083374 ms)
[03/03/2026-11:04:48] [I] Average on 10 runs - GPU latency: 0.103027 ms - Host latency: 0.103027 ms (enqueue 0.0854248 ms)
[03/03/2026-11:04:48] [I] Average on 10 runs - GPU latency: 0.0999268 ms - Host latency: 0.0999268 ms (enqueue 0.0822754 ms)
[03/03/2026-11:04:48] [I] Average on 10 runs - GPU latency: 0.0991699 ms - Host latency: 0.0991699 ms (enqueue 0.0818359 ms)
[03/03/2026-11:04:48] [I] Average on 10 runs - GPU latency: 0.0999756 ms - Host latency: 0.0999756 ms (enqueue 0.082666 ms)
[03/03/2026-11:04:48] [I] Average on 10 runs - GPU latency: 0.101514 ms - Host latency: 0.101514 ms (enqueue 0.0842773 ms)
[03/03/2026-11:04:48] [I] Average on 10 runs - GPU latency: 0.100049 ms - Host latency: 0.100049 ms (enqueue 0.082666 ms)
[03/03/2026-11:04:48] [I] Average on 10 runs - GPU latency: 0.0994141 ms - Host latency: 0.0994141 ms (enqueue 0.0822266 ms)
[03/03/2026-11:04:48] [I] Average on 10 runs - GPU latency: 0.100146 ms - Host latency: 0.100146 ms (enqueue 0.0828369 ms)
[03/03/2026-11:04:48] [I] Average on 10 runs - GPU latency: 0.103345 ms - Host latency: 0.103345 ms (enqueue 0.0859863 ms)
[03/03/2026-11:04:48] [I] Average on 10 runs - GPU latency: 0.100024 ms - Host latency: 0.100024 ms (enqueue 0.0826416 ms)
[03/03/2026-11:04:48] [I] Average on 10 runs - GPU latency: 0.0988525 ms - Host latency: 0.0988525 ms (enqueue 0.0818359 ms)
[03/03/2026-11:04:48] [I] Average on 10 runs - GPU latency: 0.099707 ms - Host latency: 0.099707 ms (enqueue 0.0826416 ms)
[03/03/2026-11:04:48] [I] Average on 10 runs - GPU latency: 0.101318 ms - Host latency: 0.101318 ms (enqueue 0.0852539 ms)
[03/03/2026-11:04:48] [I] Average on 10 runs - GPU latency: 0.100293 ms - Host latency: 0.100293 ms (enqueue 0.0826172 ms)
[03/03/2026-11:04:48] [I] Average on 10 runs - GPU latency: 0.0994141 ms - Host latency: 0.0994141 ms (enqueue 0.0822266 ms)
[03/03/2026-11:04:48] [I] Average on 10 runs - GPU latency: 0.0987305 ms - Host latency: 0.0987305 ms (enqueue 0.0818848 ms)
[03/03/2026-11:04:48] [I] Average on 10 runs - GPU latency: 0.102295 ms - Host latency: 0.102295 ms (enqueue 0.0846436 ms)
[03/03/2026-11:04:48] [I] Average on 10 runs - GPU latency: 0.100708 ms - Host latency: 0.100708 ms (enqueue 0.083374 ms)
[03/03/2026-11:04:48] [I] Average on 10 runs - GPU latency: 0.0989746 ms - Host latency: 0.0989746 ms (enqueue 0.0817139 ms)
[03/03/2026-11:04:48] [I] Average on 10 runs - GPU latency: 0.100146 ms - Host latency: 0.100146 ms (enqueue 0.0829102 ms)
[03/03/2026-11:04:48] [I] Average on 10 runs - GPU latency: 0.10354 ms - Host latency: 0.10354 ms (enqueue 0.0856934 ms)
[03/03/2026-11:04:48] [I] Average on 10 runs - GPU latency: 0.0993896 ms - Host latency: 0.0993896 ms (enqueue 0.0822266 ms)
[03/03/2026-11:04:48] [I] Average on 10 runs - GPU latency: 0.100342 ms - Host latency: 0.100342 ms (enqueue 0.0828613 ms)
[03/03/2026-11:04:48] [I] Average on 10 runs - GPU latency: 0.100171 ms - Host latency: 0.100171 ms (enqueue 0.0823242 ms)
[03/03/2026-11:04:48] [I] Average on 10 runs - GPU latency: 0.101343 ms - Host latency: 0.101343 ms (enqueue 0.0839844 ms)
[03/03/2026-11:04:48] [I] Average on 10 runs - GPU latency: 0.100391 ms - Host latency: 0.100391 ms (enqueue 0.0832031 ms)
[03/03/2026-11:04:48] [I] Average on 10 runs - GPU latency: 0.100684 ms - Host latency: 0.100684 ms (enqueue 0.0835205 ms)
[03/03/2026-11:04:48] [I] Average on 10 runs - GPU latency: 0.102222 ms - Host latency: 0.102222 ms (enqueue 0.0863281 ms)
[03/03/2026-11:04:48] [I] Average on 10 runs - GPU latency: 0.10127 ms - Host latency: 0.10127 ms (enqueue 0.0835205 ms)
[03/03/2026-11:04:48] [I] Average on 10 runs - GPU latency: 0.100977 ms - Host latency: 0.100977 ms (enqueue 0.0838379 ms)
[03/03/2026-11:04:48] [I] Average on 10 runs - GPU latency: 0.101099 ms - Host latency: 0.101099 ms (enqueue 0.0838623 ms)
[03/03/2026-11:04:48] [I] Average on 10 runs - GPU latency: 0.104077 ms - Host latency: 0.104077 ms (enqueue 0.0859131 ms)
[03/03/2026-11:04:48] [I] Average on 10 runs - GPU latency: 0.0996094 ms - Host latency: 0.0996094 ms (enqueue 0.0826416 ms)
[03/03/2026-11:04:48] [I] Average on 10 runs - GPU latency: 0.0996826 ms - Host latency: 0.0996826 ms (enqueue 0.082251 ms)
[03/03/2026-11:04:48] [I] Average on 10 runs - GPU latency: 0.0999268 ms - Host latency: 0.0999268 ms (enqueue 0.0825195 ms)
[03/03/2026-11:04:48] [I] Average on 10 runs - GPU latency: 0.102661 ms - Host latency: 0.102661 ms (enqueue 0.0861084 ms)
[03/03/2026-11:04:48] [I] Average on 10 runs - GPU latency: 0.0997314 ms - Host latency: 0.0997314 ms (enqueue 0.0824463 ms)
[03/03/2026-11:04:48] [I] Average on 10 runs - GPU latency: 0.100269 ms - Host latency: 0.100269 ms (enqueue 0.0831543 ms)
[03/03/2026-11:04:48] [I] Average on 10 runs - GPU latency: 0.099292 ms - Host latency: 0.099292 ms (enqueue 0.0818848 ms)
[03/03/2026-11:04:48] [I] Average on 10 runs - GPU latency: 0.101123 ms - Host latency: 0.101123 ms (enqueue 0.0852051 ms)
[03/03/2026-11:04:48] [I] Average on 10 runs - GPU latency: 0.0998047 ms - Host latency: 0.0998047 ms (enqueue 0.0825928 ms)
[03/03/2026-11:04:48] [I] Average on 10 runs - GPU latency: 0.100854 ms - Host latency: 0.100854 ms (enqueue 0.0835937 ms)
[03/03/2026-11:04:48] [I] Average on 10 runs - GPU latency: 0.101807 ms - Host latency: 0.101807 ms (enqueue 0.0834717 ms)
[03/03/2026-11:04:48] [I] Average on 10 runs - GPU latency: 0.102954 ms - Host latency: 0.102954 ms (enqueue 0.0862549 ms)
[03/03/2026-11:04:48] [I] Average on 10 runs - GPU latency: 0.100293 ms - Host latency: 0.100293 ms (enqueue 0.0828369 ms)
[03/03/2026-11:04:48] [I] Average on 10 runs - GPU latency: 0.100415 ms - Host latency: 0.100415 ms (enqueue 0.0833496 ms)
[03/03/2026-11:04:48] [I] Average on 10 runs - GPU latency: 0.0999023 ms - Host latency: 0.0999023 ms (enqueue 0.0826904 ms)
[03/03/2026-11:04:48] [I] Average on 10 runs - GPU latency: 0.102539 ms - Host latency: 0.102539 ms (enqueue 0.0855713 ms)
[03/03/2026-11:04:48] [I] Average on 10 runs - GPU latency: 0.100415 ms - Host latency: 0.100415 ms (enqueue 0.0829834 ms)
[03/03/2026-11:04:48] [I] Average on 10 runs - GPU latency: 0.0991699 ms - Host latency: 0.0991699 ms (enqueue 0.0819824 ms)
[03/03/2026-11:04:48] [I] Average on 10 runs - GPU latency: 0.100928 ms - Host latency: 0.100928 ms (enqueue 0.0838135 ms)
[03/03/2026-11:04:48] [I] Average on 10 runs - GPU latency: 0.10271 ms - Host latency: 0.10271 ms (enqueue 0.0850342 ms)
[03/03/2026-11:04:48] [I] Average on 10 runs - GPU latency: 0.100903 ms - Host latency: 0.100903 ms (enqueue 0.0835937 ms)
[03/03/2026-11:04:48] [I] Average on 10 runs - GPU latency: 0.0994385 ms - Host latency: 0.0994385 ms (enqueue 0.0818603 ms)
[03/03/2026-11:04:48] [I] Average on 10 runs - GPU latency: 0.102515 ms - Host latency: 0.102515 ms (enqueue 0.084668 ms)
[03/03/2026-11:04:48] [I] Average on 10 runs - GPU latency: 0.102148 ms - Host latency: 0.102148 ms (enqueue 0.0847656 ms)
[03/03/2026-11:04:48] [I] Average on 10 runs - GPU latency: 0.100244 ms - Host latency: 0.100244 ms (enqueue 0.0828369 ms)
[03/03/2026-11:04:48] [I] Average on 10 runs - GPU latency: 0.100635 ms - Host latency: 0.100635 ms (enqueue 0.0835693 ms)
[03/03/2026-11:04:48] [I] Average on 10 runs - GPU latency: 0.101147 ms - Host latency: 0.101147 ms (enqueue 0.0842285 ms)
[03/03/2026-11:04:48] [I] Average on 10 runs - GPU latency: 0.100098 ms - Host latency: 0.100098 ms (enqueue 0.0826416 ms)
[03/03/2026-11:04:48] [I] Average on 10 runs - GPU latency: 0.100366 ms - Host latency: 0.100366 ms (enqueue 0.0825439 ms)
[03/03/2026-11:04:48] [I] Average on 10 runs - GPU latency: 0.100391 ms - Host latency: 0.100391 ms (enqueue 0.0830811 ms)
[03/03/2026-11:04:48] [I] Average on 10 runs - GPU latency: 0.102368 ms - Host latency: 0.102368 ms (enqueue 0.0851318 ms)
[03/03/2026-11:04:48] [I] Average on 10 runs - GPU latency: 0.101562 ms - Host latency: 0.101562 ms (enqueue 0.0838379 ms)
[03/03/2026-11:04:48] [I] Average on 10 runs - GPU latency: 0.0996338 ms - Host latency: 0.0996338 ms (enqueue 0.082373 ms)
[03/03/2026-11:04:48] [I] Average on 10 runs - GPU latency: 0.100854 ms - Host latency: 0.100854 ms (enqueue 0.0828613 ms)
[03/03/2026-11:04:48] [I] Average on 10 runs - GPU latency: 0.103589 ms - Host latency: 0.103589 ms (enqueue 0.0862793 ms)
[03/03/2026-11:04:48] [I] Average on 10 runs - GPU latency: 0.100757 ms - Host latency: 0.100757 ms (enqueue 0.0830811 ms)
[03/03/2026-11:04:48] [I] Average on 10 runs - GPU latency: 0.100269 ms - Host latency: 0.100269 ms (enqueue 0.0825684 ms)
[03/03/2026-11:04:48] [I] Average on 10 runs - GPU latency: 0.100586 ms - Host latency: 0.100586 ms (enqueue 0.0836182 ms)
[03/03/2026-11:04:48] [I] Average on 10 runs - GPU latency: 0.104028 ms - Host latency: 0.104028 ms (enqueue 0.0845703 ms)
[03/03/2026-11:04:48] [I] Average on 10 runs - GPU latency: 0.0999268 ms - Host latency: 0.0999268 ms (enqueue 0.0825928 ms)
[03/03/2026-11:04:48] [I] Average on 10 runs - GPU latency: 0.101001 ms - Host latency: 0.101001 ms (enqueue 0.0838379 ms)
[03/03/2026-11:04:48] [I] Average on 10 runs - GPU latency: 0.100415 ms - Host latency: 0.100415 ms (enqueue 0.0831543 ms)
[03/03/2026-11:04:48] [I] Average on 10 runs - GPU latency: 0.102539 ms - Host latency: 0.102539 ms (enqueue 0.0856689 ms)
[03/03/2026-11:04:48] [I] Average on 10 runs - GPU latency: 0.100146 ms - Host latency: 0.100146 ms (enqueue 0.0828613 ms)
[03/03/2026-11:04:48] [I] Average on 10 runs - GPU latency: 0.103345 ms - Host latency: 0.103345 ms (enqueue 0.0851807 ms)
[03/03/2026-11:04:49] [I] Average on 10 runs - GPU latency: 0.0981201 ms - Host latency: 0.0981201 ms (enqueue 0.0814453 ms)
[03/03/2026-11:04:49] [I] Average on 10 runs - GPU latency: 0.101685 ms - Host latency: 0.101685 ms (enqueue 0.0853027 ms)
[03/03/2026-11:04:49] [I] Average on 10 runs - GPU latency: 0.100537 ms - Host latency: 0.100537 ms (enqueue 0.0833496 ms)
[03/03/2026-11:04:49] [I] Average on 10 runs - GPU latency: 0.099585 ms - Host latency: 0.099585 ms (enqueue 0.0823975 ms)
[03/03/2026-11:04:49] [I] Average on 10 runs - GPU latency: 0.100049 ms - Host latency: 0.100049 ms (enqueue 0.0827637 ms)
[03/03/2026-11:04:49] [I] Average on 10 runs - GPU latency: 0.102173 ms - Host latency: 0.102173 ms (enqueue 0.0857422 ms)
[03/03/2026-11:04:49] [I] Average on 10 runs - GPU latency: 0.0995605 ms - Host latency: 0.0995605 ms (enqueue 0.0825195 ms)
[03/03/2026-11:04:49] [I] Average on 10 runs - GPU latency: 0.0994385 ms - Host latency: 0.0994385 ms (enqueue 0.082251 ms)
[03/03/2026-11:04:49] [I] Average on 10 runs - GPU latency: 0.0994141 ms - Host latency: 0.0994141 ms (enqueue 0.0823975 ms)
[03/03/2026-11:04:49] [I] Average on 10 runs - GPU latency: 0.102319 ms - Host latency: 0.102319 ms (enqueue 0.0859863 ms)
[03/03/2026-11:04:49] [I] Average on 10 runs - GPU latency: 0.099292 ms - Host latency: 0.099292 ms (enqueue 0.0822754 ms)
[03/03/2026-11:04:49] [I] Average on 10 runs - GPU latency: 0.101416 ms - Host latency: 0.101416 ms (enqueue 0.0837158 ms)
[03/03/2026-11:04:49] [I] Average on 10 runs - GPU latency: 0.0991699 ms - Host latency: 0.0991699 ms (enqueue 0.0823242 ms)
[03/03/2026-11:04:49] [I] Average on 10 runs - GPU latency: 0.103687 ms - Host latency: 0.103687 ms (enqueue 0.0866455 ms)
[03/03/2026-11:04:49] [I] Average on 10 runs - GPU latency: 0.0998535 ms - Host latency: 0.0998535 ms (enqueue 0.0829102 ms)
[03/03/2026-11:04:49] [I] Average on 10 runs - GPU latency: 0.10105 ms - Host latency: 0.10105 ms (enqueue 0.0841309 ms)
[03/03/2026-11:04:49] [I] Average on 10 runs - GPU latency: 0.101709 ms - Host latency: 0.101709 ms (enqueue 0.0860596 ms)
[03/03/2026-11:04:49] [I] Average on 10 runs - GPU latency: 0.101904 ms - Host latency: 0.101904 ms (enqueue 0.0839355 ms)
[03/03/2026-11:04:49] [I] Average on 10 runs - GPU latency: 0.100122 ms - Host latency: 0.100122 ms (enqueue 0.0830811 ms)
[03/03/2026-11:04:49] [I] Average on 10 runs - GPU latency: 0.0993652 ms - Host latency: 0.0993652 ms (enqueue 0.0821777 ms)
[03/03/2026-11:04:49] [I] Average on 10 runs - GPU latency: 0.100195 ms - Host latency: 0.100195 ms (enqueue 0.083374 ms)
[03/03/2026-11:04:49] [I] Average on 10 runs - GPU latency: 0.1 ms - Host latency: 0.1 ms (enqueue 0.0828369 ms)
[03/03/2026-11:04:49] [I] Average on 10 runs - GPU latency: 0.101489 ms - Host latency: 0.101489 ms (enqueue 0.0836426 ms)
[03/03/2026-11:04:49] [I] Average on 10 runs - GPU latency: 0.0996338 ms - Host latency: 0.0996338 ms (enqueue 0.0823975 ms)
[03/03/2026-11:04:49] [I] Average on 10 runs - GPU latency: 0.101538 ms - Host latency: 0.101538 ms (enqueue 0.0850098 ms)
[03/03/2026-11:04:49] [I] Average on 10 runs - GPU latency: 0.100732 ms - Host latency: 0.100732 ms (enqueue 0.082959 ms)
[03/03/2026-11:04:49] [I] Average on 10 runs - GPU latency: 0.0999756 ms - Host latency: 0.0999756 ms (enqueue 0.082959 ms)
[03/03/2026-11:04:49] [I] Average on 10 runs - GPU latency: 0.0999512 ms - Host latency: 0.0999512 ms (enqueue 0.0826904 ms)
[03/03/2026-11:04:49] [I] Average on 10 runs - GPU latency: 0.100757 ms - Host latency: 0.100757 ms (enqueue 0.0844727 ms)
[03/03/2026-11:04:49] [I] Average on 10 runs - GPU latency: 0.0999512 ms - Host latency: 0.0999512 ms (enqueue 0.0827393 ms)
[03/03/2026-11:04:49] [I] Average on 10 runs - GPU latency: 0.0993896 ms - Host latency: 0.0993896 ms (enqueue 0.0821289 ms)
[03/03/2026-11:04:49] [I] Average on 10 runs - GPU latency: 0.0994629 ms - Host latency: 0.0994629 ms (enqueue 0.0822998 ms)
[03/03/2026-11:04:49] [I] Average on 10 runs - GPU latency: 0.101001 ms - Host latency: 0.101001 ms (enqueue 0.0827393 ms)
[03/03/2026-11:04:49] [I] Average on 10 runs - GPU latency: 0.0984619 ms - Host latency: 0.0984619 ms (enqueue 0.08125 ms)
[03/03/2026-11:04:49] [I] Average on 10 runs - GPU latency: 0.101392 ms - Host latency: 0.101392 ms (enqueue 0.0835205 ms)
[03/03/2026-11:04:49] [I] Average on 10 runs - GPU latency: 0.0991943 ms - Host latency: 0.0991943 ms (enqueue 0.0819336 ms)
[03/03/2026-11:04:49] [I] Average on 10 runs - GPU latency: 0.104468 ms - Host latency: 0.104468 ms (enqueue 0.0872314 ms)
[03/03/2026-11:04:49] [I] Average on 10 runs - GPU latency: 0.100586 ms - Host latency: 0.100586 ms (enqueue 0.0831787 ms)
[03/03/2026-11:04:49] [I] Average on 10 runs - GPU latency: 0.100171 ms - Host latency: 0.100171 ms (enqueue 0.0832031 ms)
[03/03/2026-11:04:49] [I] Average on 10 runs - GPU latency: 0.0997314 ms - Host latency: 0.0997314 ms (enqueue 0.0825684 ms)
[03/03/2026-11:04:49] [I] Average on 10 runs - GPU latency: 0.102661 ms - Host latency: 0.102661 ms (enqueue 0.0839844 ms)
[03/03/2026-11:04:49] [I] Average on 10 runs - GPU latency: 0.0995361 ms - Host latency: 0.0995361 ms (enqueue 0.082251 ms)
[03/03/2026-11:04:49] [I] Average on 10 runs - GPU latency: 0.0996826 ms - Host latency: 0.0996826 ms (enqueue 0.0821533 ms)
[03/03/2026-11:04:49] [I] Average on 10 runs - GPU latency: 0.099585 ms - Host latency: 0.099585 ms (enqueue 0.082373 ms)
[03/03/2026-11:04:49] [I] Average on 10 runs - GPU latency: 0.103662 ms - Host latency: 0.103662 ms (enqueue 0.086084 ms)
[03/03/2026-11:04:49] [I] Average on 10 runs - GPU latency: 0.103271 ms - Host latency: 0.103271 ms (enqueue 0.085376 ms)
[03/03/2026-11:04:49] [I] Average on 10 runs - GPU latency: 0.099292 ms - Host latency: 0.099292 ms (enqueue 0.0821045 ms)
[03/03/2026-11:04:49] [I] Average on 10 runs - GPU latency: 0.100073 ms - Host latency: 0.100073 ms (enqueue 0.0826904 ms)
[03/03/2026-11:04:49] [I] Average on 10 runs - GPU latency: 0.101489 ms - Host latency: 0.101489 ms (enqueue 0.0851807 ms)
[03/03/2026-11:04:49] [I] Average on 10 runs - GPU latency: 0.100977 ms - Host latency: 0.100977 ms (enqueue 0.0832764 ms)
[03/03/2026-11:04:49] [I] Average on 10 runs - GPU latency: 0.0993164 ms - Host latency: 0.0993164 ms (enqueue 0.0821289 ms)
[03/03/2026-11:04:49] [I] Average on 10 runs - GPU latency: 0.101245 ms - Host latency: 0.101245 ms (enqueue 0.0838135 ms)
[03/03/2026-11:04:49] [I] Average on 10 runs - GPU latency: 0.102002 ms - Host latency: 0.102002 ms (enqueue 0.0852783 ms)
[03/03/2026-11:04:49] [I] Average on 10 runs - GPU latency: 0.101172 ms - Host latency: 0.101172 ms (enqueue 0.084082 ms)
[03/03/2026-11:04:49] [I] Average on 10 runs - GPU latency: 0.099292 ms - Host latency: 0.099292 ms (enqueue 0.0818115 ms)
[03/03/2026-11:04:49] [I] Average on 10 runs - GPU latency: 0.0992676 ms - Host latency: 0.0992676 ms (enqueue 0.0821777 ms)
[03/03/2026-11:04:49] [I] Average on 10 runs - GPU latency: 0.103809 ms - Host latency: 0.103809 ms (enqueue 0.0847412 ms)
[03/03/2026-11:04:49] [I] Average on 10 runs - GPU latency: 0.101001 ms - Host latency: 0.101001 ms (enqueue 0.0833984 ms)
[03/03/2026-11:04:49] [I] Average on 10 runs - GPU latency: 0.0997559 ms - Host latency: 0.0997559 ms (enqueue 0.0822754 ms)
[03/03/2026-11:04:49] [I] Average on 10 runs - GPU latency: 0.0995361 ms - Host latency: 0.0995361 ms (enqueue 0.0837402 ms)
[03/03/2026-11:04:49] [I] Average on 10 runs - GPU latency: 0.101709 ms - Host latency: 0.101709 ms (enqueue 0.0837402 ms)
[03/03/2026-11:04:49] [I] Average on 10 runs - GPU latency: 0.100781 ms - Host latency: 0.100781 ms (enqueue 0.0834229 ms)
[03/03/2026-11:04:49] [I] Average on 10 runs - GPU latency: 0.099707 ms - Host latency: 0.099707 ms (enqueue 0.0824951 ms)
[03/03/2026-11:04:49] [I] Average on 10 runs - GPU latency: 0.101196 ms - Host latency: 0.101196 ms (enqueue 0.0841309 ms)
[03/03/2026-11:04:49] [I] Average on 10 runs - GPU latency: 0.0996826 ms - Host latency: 0.0996826 ms (enqueue 0.0825439 ms)
[03/03/2026-11:04:49] [I] Average on 10 runs - GPU latency: 0.100293 ms - Host latency: 0.100293 ms (enqueue 0.0827881 ms)
[03/03/2026-11:04:49] [I] Average on 10 runs - GPU latency: 0.0993896 ms - Host latency: 0.0993896 ms (enqueue 0.0822266 ms)
[03/03/2026-11:04:49] [I] Average on 10 runs - GPU latency: 0.101416 ms - Host latency: 0.101416 ms (enqueue 0.0844727 ms)
[03/03/2026-11:04:49] [I] Average on 10 runs - GPU latency: 0.101587 ms - Host latency: 0.101587 ms (enqueue 0.0831787 ms)
[03/03/2026-11:04:49] [I] Average on 10 runs - GPU latency: 0.100317 ms - Host latency: 0.100317 ms (enqueue 0.082959 ms)
[03/03/2026-11:04:49] [I] Average on 10 runs - GPU latency: 0.0996094 ms - Host latency: 0.0996094 ms (enqueue 0.0822754 ms)
[03/03/2026-11:04:49] [I] Average on 10 runs - GPU latency: 0.101636 ms - Host latency: 0.101636 ms (enqueue 0.0843506 ms)
[03/03/2026-11:04:49] [I] Average on 10 runs - GPU latency: 0.099292 ms - Host latency: 0.099292 ms (enqueue 0.0818359 ms)
[03/03/2026-11:04:49] [I] Average on 10 runs - GPU latency: 0.0991211 ms - Host latency: 0.0991211 ms (enqueue 0.0819824 ms)
[03/03/2026-11:04:49] [I] Average on 10 runs - GPU latency: 0.0990967 ms - Host latency: 0.0990967 ms (enqueue 0.081958 ms)
[03/03/2026-11:04:49] [I] Average on 10 runs - GPU latency: 0.101392 ms - Host latency: 0.101392 ms (enqueue 0.0848633 ms)
[03/03/2026-11:04:49] [I] Average on 10 runs - GPU latency: 0.100269 ms - Host latency: 0.100269 ms (enqueue 0.0829834 ms)
[03/03/2026-11:04:49] [I] Average on 10 runs - GPU latency: 0.0997559 ms - Host latency: 0.0997559 ms (enqueue 0.0823975 ms)
[03/03/2026-11:04:49] [I] Average on 10 runs - GPU latency: 0.0995605 ms - Host latency: 0.0995605 ms (enqueue 0.0822754 ms)
[03/03/2026-11:04:49] [I] Average on 10 runs - GPU latency: 0.103735 ms - Host latency: 0.103735 ms (enqueue 0.0869873 ms)
[03/03/2026-11:04:49] [I] Average on 10 runs - GPU latency: 0.100659 ms - Host latency: 0.100659 ms (enqueue 0.0827881 ms)
[03/03/2026-11:04:49] [I] Average on 10 runs - GPU latency: 0.101001 ms - Host latency: 0.101001 ms (enqueue 0.0833496 ms)
[03/03/2026-11:04:49] [I] Average on 10 runs - GPU latency: 0.100342 ms - Host latency: 0.100342 ms (enqueue 0.0829834 ms)
[03/03/2026-11:04:49] [I] Average on 10 runs - GPU latency: 0.102881 ms - Host latency: 0.102881 ms (enqueue 0.086084 ms)
[03/03/2026-11:04:49] [I] Average on 10 runs - GPU latency: 0.100586 ms - Host latency: 0.100586 ms (enqueue 0.0828125 ms)
[03/03/2026-11:04:49] [I] Average on 10 runs - GPU latency: 0.0999512 ms - Host latency: 0.0999512 ms (enqueue 0.0825195 ms)
[03/03/2026-11:04:49] [I] Average on 10 runs - GPU latency: 0.100562 ms - Host latency: 0.100562 ms (enqueue 0.0828857 ms)
[03/03/2026-11:04:49] [I] Average on 10 runs - GPU latency: 0.103833 ms - Host latency: 0.103833 ms (enqueue 0.0864502 ms)
[03/03/2026-11:04:49] [I] Average on 10 runs - GPU latency: 0.0995117 ms - Host latency: 0.0995117 ms (enqueue 0.0827148 ms)
[03/03/2026-11:04:49] [I] Average on 10 runs - GPU latency: 0.100293 ms - Host latency: 0.100293 ms (enqueue 0.0825684 ms)
[03/03/2026-11:04:49] [I] Average on 10 runs - GPU latency: 0.100977 ms - Host latency: 0.100977 ms (enqueue 0.0833252 ms)
[03/03/2026-11:04:49] [I] Average on 10 runs - GPU latency: 0.101758 ms - Host latency: 0.101758 ms (enqueue 0.0834717 ms)
[03/03/2026-11:04:49] [I] Average on 10 runs - GPU latency: 0.0994629 ms - Host latency: 0.0994629 ms (enqueue 0.0818359 ms)
[03/03/2026-11:04:49] [I] Average on 10 runs - GPU latency: 0.0998047 ms - Host latency: 0.0998047 ms (enqueue 0.0824219 ms)
[03/03/2026-11:04:49] [I] Average on 10 runs - GPU latency: 0.0999756 ms - Host latency: 0.0999756 ms (enqueue 0.0825684 ms)
[03/03/2026-11:04:49] [I] Average on 10 runs - GPU latency: 0.102661 ms - Host latency: 0.102661 ms (enqueue 0.0852051 ms)
[03/03/2026-11:04:49] [I] Average on 10 runs - GPU latency: 0.0996826 ms - Host latency: 0.0996826 ms (enqueue 0.0823975 ms)
[03/03/2026-11:04:49] [I] Average on 10 runs - GPU latency: 0.10061 ms - Host latency: 0.10061 ms (enqueue 0.0836182 ms)
[03/03/2026-11:04:49] [I] Average on 10 runs - GPU latency: 0.104395 ms - Host latency: 0.104395 ms (enqueue 0.0876221 ms)
[03/03/2026-11:04:49] [I] Average on 10 runs - GPU latency: 0.10249 ms - Host latency: 0.10249 ms (enqueue 0.0840332 ms)
[03/03/2026-11:04:49] [I] Average on 10 runs - GPU latency: 0.100757 ms - Host latency: 0.100757 ms (enqueue 0.083252 ms)
[03/03/2026-11:04:49] [I] Average on 10 runs - GPU latency: 0.100366 ms - Host latency: 0.100366 ms (enqueue 0.0827393 ms)
[03/03/2026-11:04:49] [I] Average on 10 runs - GPU latency: 0.103467 ms - Host latency: 0.103467 ms (enqueue 0.0867188 ms)
[03/03/2026-11:04:49] [I] Average on 10 runs - GPU latency: 0.101392 ms - Host latency: 0.101392 ms (enqueue 0.0837891 ms)
[03/03/2026-11:04:49] [I] Average on 10 runs - GPU latency: 0.100464 ms - Host latency: 0.100464 ms (enqueue 0.0830322 ms)
[03/03/2026-11:04:49] [I] Average on 10 runs - GPU latency: 0.0992432 ms - Host latency: 0.0992432 ms (enqueue 0.0819824 ms)
[03/03/2026-11:04:49] [I] Average on 10 runs - GPU latency: 0.102954 ms - Host latency: 0.102954 ms (enqueue 0.0863281 ms)
[03/03/2026-11:04:49] [I] Average on 10 runs - GPU latency: 0.101636 ms - Host latency: 0.101636 ms (enqueue 0.0839111 ms)
[03/03/2026-11:04:49] [I] Average on 10 runs - GPU latency: 0.0998047 ms - Host latency: 0.0998047 ms (enqueue 0.0822998 ms)
[03/03/2026-11:04:49] [I] Average on 10 runs - GPU latency: 0.0999512 ms - Host latency: 0.0999512 ms (enqueue 0.0824951 ms)
[03/03/2026-11:04:49] [I] Average on 10 runs - GPU latency: 0.102637 ms - Host latency: 0.102637 ms (enqueue 0.0859375 ms)
[03/03/2026-11:04:49] [I] Average on 10 runs - GPU latency: 0.100659 ms - Host latency: 0.100659 ms (enqueue 0.0834961 ms)
[03/03/2026-11:04:49] [I] Average on 10 runs - GPU latency: 0.101001 ms - Host latency: 0.101001 ms (enqueue 0.0837158 ms)
[03/03/2026-11:04:49] [I] Average on 10 runs - GPU latency: 0.100708 ms - Host latency: 0.100708 ms (enqueue 0.0828857 ms)
[03/03/2026-11:04:49] [I] Average on 10 runs - GPU latency: 0.10249 ms - Host latency: 0.10249 ms (enqueue 0.085498 ms)
[03/03/2026-11:04:49] [I] Average on 10 runs - GPU latency: 0.101562 ms - Host latency: 0.101562 ms (enqueue 0.0839355 ms)
[03/03/2026-11:04:49] [I] Average on 10 runs - GPU latency: 0.100195 ms - Host latency: 0.100195 ms (enqueue 0.0826416 ms)
[03/03/2026-11:04:49] [I] Average on 10 runs - GPU latency: 0.0993164 ms - Host latency: 0.0993164 ms (enqueue 0.0819092 ms)
[03/03/2026-11:04:49] [I] Average on 10 runs - GPU latency: 0.102905 ms - Host latency: 0.102905 ms (enqueue 0.0859863 ms)
[03/03/2026-11:04:49] [I] Average on 10 runs - GPU latency: 0.0996582 ms - Host latency: 0.0996582 ms (enqueue 0.0824707 ms)
[03/03/2026-11:04:49] [I] Average on 10 runs - GPU latency: 0.0995361 ms - Host latency: 0.0995361 ms (enqueue 0.0824707 ms)
[03/03/2026-11:04:49] [I] Average on 10 runs - GPU latency: 0.0993408 ms - Host latency: 0.0993408 ms (enqueue 0.0820557 ms)
[03/03/2026-11:04:49] [I] Average on 10 runs - GPU latency: 0.103979 ms - Host latency: 0.103979 ms (enqueue 0.0878662 ms)
[03/03/2026-11:04:49] [I] Average on 10 runs - GPU latency: 0.101367 ms - Host latency: 0.101367 ms (enqueue 0.0845947 ms)
[03/03/2026-11:04:49] [I] Average on 10 runs - GPU latency: 0.100269 ms - Host latency: 0.100269 ms (enqueue 0.0827393 ms)
[03/03/2026-11:04:49] [I] Average on 10 runs - GPU latency: 0.100854 ms - Host latency: 0.100854 ms (enqueue 0.0829834 ms)
[03/03/2026-11:04:49] [I] Average on 10 runs - GPU latency: 0.103149 ms - Host latency: 0.103149 ms (enqueue 0.0851074 ms)
[03/03/2026-11:04:49] [I] Average on 10 runs - GPU latency: 0.100781 ms - Host latency: 0.100781 ms (enqueue 0.0835449 ms)
[03/03/2026-11:04:49] [I] Average on 10 runs - GPU latency: 0.101221 ms - Host latency: 0.101221 ms (enqueue 0.0835205 ms)
[03/03/2026-11:04:49] [I] Average on 10 runs - GPU latency: 0.10022 ms - Host latency: 0.10022 ms (enqueue 0.0848145 ms)
[03/03/2026-11:04:49] [I] Average on 10 runs - GPU latency: 0.1021 ms - Host latency: 0.1021 ms (enqueue 0.0838623 ms)
[03/03/2026-11:04:49] [I] Average on 10 runs - GPU latency: 0.100366 ms - Host latency: 0.100366 ms (enqueue 0.0830078 ms)
[03/03/2026-11:04:49] [I] Average on 10 runs - GPU latency: 0.10061 ms - Host latency: 0.10061 ms (enqueue 0.083374 ms)
[03/03/2026-11:04:49] [I] Average on 10 runs - GPU latency: 0.100952 ms - Host latency: 0.100952 ms (enqueue 0.08479 ms)
[03/03/2026-11:04:49] [I] Average on 10 runs - GPU latency: 0.0993652 ms - Host latency: 0.0993652 ms (enqueue 0.0822998 ms)
[03/03/2026-11:04:49] [I] Average on 10 runs - GPU latency: 0.0992187 ms - Host latency: 0.0992187 ms (enqueue 0.0821533 ms)
[03/03/2026-11:04:49] [I] Average on 10 runs - GPU latency: 0.102319 ms - Host latency: 0.102319 ms (enqueue 0.0839355 ms)
[03/03/2026-11:04:49] [I] Average on 10 runs - GPU latency: 0.101367 ms - Host latency: 0.101367 ms (enqueue 0.0847412 ms)
[03/03/2026-11:04:49] [I] Average on 10 runs - GPU latency: 0.100269 ms - Host latency: 0.100269 ms (enqueue 0.0826416 ms)
[03/03/2026-11:04:49] [I] Average on 10 runs - GPU latency: 0.0993164 ms - Host latency: 0.0993164 ms (enqueue 0.081958 ms)
[03/03/2026-11:04:49] [I] Average on 10 runs - GPU latency: 0.100732 ms - Host latency: 0.100732 ms (enqueue 0.0830811 ms)
[03/03/2026-11:04:49] [I] Average on 10 runs - GPU latency: 0.101392 ms - Host latency: 0.101392 ms (enqueue 0.0848877 ms)
[03/03/2026-11:04:49] [I] Average on 10 runs - GPU latency: 0.100854 ms - Host latency: 0.100854 ms (enqueue 0.0834229 ms)
[03/03/2026-11:04:49] [I] Average on 10 runs - GPU latency: 0.100439 ms - Host latency: 0.100439 ms (enqueue 0.0831543 ms)
[03/03/2026-11:04:49] [I] Average on 10 runs - GPU latency: 0.0994873 ms - Host latency: 0.0994873 ms (enqueue 0.0826172 ms)
[03/03/2026-11:04:49] [I] Average on 10 runs - GPU latency: 0.100781 ms - Host latency: 0.100781 ms (enqueue 0.0844971 ms)
[03/03/2026-11:04:49] [I] Average on 10 runs - GPU latency: 0.0996338 ms - Host latency: 0.0996338 ms (enqueue 0.0824463 ms)
[03/03/2026-11:04:49] [I] Average on 10 runs - GPU latency: 0.100977 ms - Host latency: 0.100977 ms (enqueue 0.0830811 ms)
[03/03/2026-11:04:49] [I] Average on 10 runs - GPU latency: 0.099292 ms - Host latency: 0.099292 ms (enqueue 0.0820557 ms)
[03/03/2026-11:04:49] [I] Average on 10 runs - GPU latency: 0.10144 ms - Host latency: 0.10144 ms (enqueue 0.0836914 ms)
[03/03/2026-11:04:49] [I] Average on 10 runs - GPU latency: 0.0999756 ms - Host latency: 0.0999756 ms (enqueue 0.0830322 ms)
[03/03/2026-11:04:49] [I] Average on 10 runs - GPU latency: 0.0995361 ms - Host latency: 0.0995361 ms (enqueue 0.0823486 ms)
[03/03/2026-11:04:49] [I] Average on 10 runs - GPU latency: 0.100415 ms - Host latency: 0.100415 ms (enqueue 0.0829834 ms)
[03/03/2026-11:04:49] [I] Average on 10 runs - GPU latency: 0.103662 ms - Host latency: 0.103662 ms (enqueue 0.0864502 ms)
[03/03/2026-11:04:49] [I] Average on 10 runs - GPU latency: 0.0997803 ms - Host latency: 0.0997803 ms (enqueue 0.0824219 ms)
[03/03/2026-11:04:49] [I] Average on 10 runs - GPU latency: 0.10061 ms - Host latency: 0.10061 ms (enqueue 0.0834473 ms)
[03/03/2026-11:04:49] [I] Average on 10 runs - GPU latency: 0.0992187 ms - Host latency: 0.0992187 ms (enqueue 0.0823975 ms)
[03/03/2026-11:04:49] [I] Average on 10 runs - GPU latency: 0.102808 ms - Host latency: 0.102808 ms (enqueue 0.085083 ms)
[03/03/2026-11:04:49] [I] Average on 10 runs - GPU latency: 0.099707 ms - Host latency: 0.099707 ms (enqueue 0.0829102 ms)
[03/03/2026-11:04:49] [I] Average on 10 runs - GPU latency: 0.102197 ms - Host latency: 0.102197 ms (enqueue 0.0837646 ms)
[03/03/2026-11:04:49] [I] Average on 10 runs - GPU latency: 0.101587 ms - Host latency: 0.101587 ms (enqueue 0.0841064 ms)
[03/03/2026-11:04:49] [I] Average on 10 runs - GPU latency: 0.103101 ms - Host latency: 0.103101 ms (enqueue 0.0869629 ms)
[03/03/2026-11:04:49] [I] Average on 10 runs - GPU latency: 0.100781 ms - Host latency: 0.100781 ms (enqueue 0.0838379 ms)
[03/03/2026-11:04:49] [I] Average on 10 runs - GPU latency: 0.100562 ms - Host latency: 0.100562 ms (enqueue 0.0831055 ms)
[03/03/2026-11:04:49] [I] Average on 10 runs - GPU latency: 0.100366 ms - Host latency: 0.100366 ms (enqueue 0.0829346 ms)
[03/03/2026-11:04:49] [I] Average on 10 runs - GPU latency: 0.101587 ms - Host latency: 0.101587 ms (enqueue 0.0849365 ms)
[03/03/2026-11:04:49] [I] Average on 10 runs - GPU latency: 0.101147 ms - Host latency: 0.101147 ms (enqueue 0.0832031 ms)
[03/03/2026-11:04:49] [I] Average on 10 runs - GPU latency: 0.100708 ms - Host latency: 0.100708 ms (enqueue 0.0829834 ms)
[03/03/2026-11:04:49] [I] Average on 10 runs - GPU latency: 0.0998047 ms - Host latency: 0.0998047 ms (enqueue 0.0841553 ms)
[03/03/2026-11:04:49] [I] Average on 10 runs - GPU latency: 0.101978 ms - Host latency: 0.101978 ms (enqueue 0.0837158 ms)
[03/03/2026-11:04:49] [I] Average on 10 runs - GPU latency: 0.104199 ms - Host latency: 0.104199 ms (enqueue 0.0860107 ms)
[03/03/2026-11:04:49] [I] Average on 10 runs - GPU latency: 0.101001 ms - Host latency: 0.101001 ms (enqueue 0.083374 ms)
[03/03/2026-11:04:49] [I] Average on 10 runs - GPU latency: 0.102197 ms - Host latency: 0.102197 ms (enqueue 0.0849854 ms)
[03/03/2026-11:04:49] [I] Average on 10 runs - GPU latency: 0.100464 ms - Host latency: 0.100464 ms (enqueue 0.0827148 ms)
[03/03/2026-11:04:49] [I] Average on 10 runs - GPU latency: 0.100171 ms - Host latency: 0.100171 ms (enqueue 0.0834961 ms)
[03/03/2026-11:04:49] [I] Average on 10 runs - GPU latency: 0.0997559 ms - Host latency: 0.0997559 ms (enqueue 0.082666 ms)
[03/03/2026-11:04:49] [I] Average on 10 runs - GPU latency: 0.103125 ms - Host latency: 0.103125 ms (enqueue 0.0860596 ms)
[03/03/2026-11:04:49] [I] Average on 10 runs - GPU latency: 0.100391 ms - Host latency: 0.100391 ms (enqueue 0.0831543 ms)
[03/03/2026-11:04:49] [I] Average on 10 runs - GPU latency: 0.0999268 ms - Host latency: 0.0999268 ms (enqueue 0.0827393 ms)
[03/03/2026-11:04:49] [I] Average on 10 runs - GPU latency: 0.10022 ms - Host latency: 0.10022 ms (enqueue 0.0834717 ms)
[03/03/2026-11:04:49] [I] Average on 10 runs - GPU latency: 0.102832 ms - Host latency: 0.102832 ms (enqueue 0.0844482 ms)
[03/03/2026-11:04:49] [I] Average on 10 runs - GPU latency: 0.100342 ms - Host latency: 0.100342 ms (enqueue 0.0830566 ms)
[03/03/2026-11:04:49] [I] Average on 10 runs - GPU latency: 0.100244 ms - Host latency: 0.100244 ms (enqueue 0.0825684 ms)
[03/03/2026-11:04:49] [I] Average on 10 runs - GPU latency: 0.0993896 ms - Host latency: 0.0993896 ms (enqueue 0.0823486 ms)
[03/03/2026-11:04:49] [I] Average on 10 runs - GPU latency: 0.101733 ms - Host latency: 0.101733 ms (enqueue 0.0846191 ms)
[03/03/2026-11:04:49] [I] Average on 10 runs - GPU latency: 0.0990967 ms - Host latency: 0.0990967 ms (enqueue 0.081665 ms)
[03/03/2026-11:04:49] [I] Average on 10 runs - GPU latency: 0.0993896 ms - Host latency: 0.0993896 ms (enqueue 0.0822022 ms)
[03/03/2026-11:04:49] [I] Average on 10 runs - GPU latency: 0.0997314 ms - Host latency: 0.0997314 ms (enqueue 0.0825439 ms)
[03/03/2026-11:04:49] [I] Average on 10 runs - GPU latency: 0.103076 ms - Host latency: 0.103076 ms (enqueue 0.086499 ms)
[03/03/2026-11:04:49] [I] Average on 10 runs - GPU latency: 0.0992187 ms - Host latency: 0.0992187 ms (enqueue 0.0823486 ms)
[03/03/2026-11:04:49] [I] Average on 10 runs - GPU latency: 0.0999268 ms - Host latency: 0.0999268 ms (enqueue 0.0828857 ms)
[03/03/2026-11:04:49] [I] Average on 10 runs - GPU latency: 0.100098 ms - Host latency: 0.100098 ms (enqueue 0.0825195 ms)
[03/03/2026-11:04:49] [I] Average on 10 runs - GPU latency: 0.101245 ms - Host latency: 0.101245 ms (enqueue 0.0851562 ms)
[03/03/2026-11:04:49] [I] Average on 10 runs - GPU latency: 0.101367 ms - Host latency: 0.101367 ms (enqueue 0.0835693 ms)
[03/03/2026-11:04:49] [I] Average on 10 runs - GPU latency: 0.100464 ms - Host latency: 0.100464 ms (enqueue 0.0829346 ms)
[03/03/2026-11:04:49] [I] Average on 10 runs - GPU latency: 0.0998291 ms - Host latency: 0.0998291 ms (enqueue 0.0826416 ms)
[03/03/2026-11:04:49] [I] Average on 10 runs - GPU latency: 0.101709 ms - Host latency: 0.101709 ms (enqueue 0.0849365 ms)
[03/03/2026-11:04:49] [I] Average on 10 runs - GPU latency: 0.0998291 ms - Host latency: 0.0998291 ms (enqueue 0.0826172 ms)
[03/03/2026-11:04:49] [I] Average on 10 runs - GPU latency: 0.0997559 ms - Host latency: 0.0997559 ms (enqueue 0.0824951 ms)
[03/03/2026-11:04:49] [I] Average on 10 runs - GPU latency: 0.100488 ms - Host latency: 0.100488 ms (enqueue 0.0833252 ms)
[03/03/2026-11:04:49] [I] Average on 10 runs - GPU latency: 0.102246 ms - Host latency: 0.102246 ms (enqueue 0.0856689 ms)
[03/03/2026-11:04:49] [I] Average on 10 runs - GPU latency: 0.0998535 ms - Host latency: 0.0998535 ms (enqueue 0.0831299 ms)
[03/03/2026-11:04:49] [I] Average on 10 runs - GPU latency: 0.099292 ms - Host latency: 0.099292 ms (enqueue 0.0822266 ms)
[03/03/2026-11:04:49] [I] Average on 10 runs - GPU latency: 0.100195 ms - Host latency: 0.100195 ms (enqueue 0.0825928 ms)
[03/03/2026-11:04:49] [I] Average on 10 runs - GPU latency: 0.103076 ms - Host latency: 0.103076 ms (enqueue 0.0859375 ms)
[03/03/2026-11:04:49] [I] Average on 10 runs - GPU latency: 0.100244 ms - Host latency: 0.100244 ms (enqueue 0.0831543 ms)
[03/03/2026-11:04:49] [I] Average on 10 runs - GPU latency: 0.100171 ms - Host latency: 0.100171 ms (enqueue 0.0825439 ms)
[03/03/2026-11:04:49] [I] Average on 10 runs - GPU latency: 0.101562 ms - Host latency: 0.101562 ms (enqueue 0.0855957 ms)
[03/03/2026-11:04:49] [I] Average on 10 runs - GPU latency: 0.101636 ms - Host latency: 0.101636 ms (enqueue 0.0832031 ms)
[03/03/2026-11:04:49] [I] Average on 10 runs - GPU latency: 0.0997314 ms - Host latency: 0.0997314 ms (enqueue 0.0825928 ms)
[03/03/2026-11:04:49] [I] Average on 10 runs - GPU latency: 0.099707 ms - Host latency: 0.099707 ms (enqueue 0.0827148 ms)
[03/03/2026-11:04:49] [I] Average on 10 runs - GPU latency: 0.101465 ms - Host latency: 0.101465 ms (enqueue 0.0853027 ms)
[03/03/2026-11:04:49] [I] Average on 10 runs - GPU latency: 0.100732 ms - Host latency: 0.100732 ms (enqueue 0.0830811 ms)
[03/03/2026-11:04:49] [I] Average on 10 runs - GPU latency: 0.100244 ms - Host latency: 0.100244 ms (enqueue 0.0831787 ms)
[03/03/2026-11:04:49] [I] Average on 10 runs - GPU latency: 0.100049 ms - Host latency: 0.100049 ms (enqueue 0.0828369 ms)
[03/03/2026-11:04:49] [I] Average on 10 runs - GPU latency: 0.100391 ms - Host latency: 0.100391 ms (enqueue 0.0839844 ms)
[03/03/2026-11:04:49] [I] Average on 10 runs - GPU latency: 0.104517 ms - Host latency: 0.104517 ms (enqueue 0.0866943 ms)
[03/03/2026-11:04:49] [I] Average on 10 runs - GPU latency: 0.100586 ms - Host latency: 0.100586 ms (enqueue 0.0829834 ms)
[03/03/2026-11:04:49] [I] Average on 10 runs - GPU latency: 0.0994629 ms - Host latency: 0.0994629 ms (enqueue 0.0822754 ms)
[03/03/2026-11:04:49] [I] Average on 10 runs - GPU latency: 0.102051 ms - Host latency: 0.102051 ms (enqueue 0.0850342 ms)
[03/03/2026-11:04:49] [I] Average on 10 runs - GPU latency: 0.100513 ms - Host latency: 0.100513 ms (enqueue 0.0834229 ms)
[03/03/2026-11:04:49] [I] Average on 10 runs - GPU latency: 0.100342 ms - Host latency: 0.100342 ms (enqueue 0.0830811 ms)
[03/03/2026-11:04:49] [I] Average on 10 runs - GPU latency: 0.0998291 ms - Host latency: 0.0998291 ms (enqueue 0.0824707 ms)
[03/03/2026-11:04:49] [I] Average on 10 runs - GPU latency: 0.102441 ms - Host latency: 0.102441 ms (enqueue 0.0859131 ms)
[03/03/2026-11:04:49] [I] Average on 10 runs - GPU latency: 0.0995605 ms - Host latency: 0.0995605 ms (enqueue 0.0824219 ms)
[03/03/2026-11:04:49] [I] Average on 10 runs - GPU latency: 0.100732 ms - Host latency: 0.100732 ms (enqueue 0.0832031 ms)
[03/03/2026-11:04:49] [I] Average on 10 runs - GPU latency: 0.0998779 ms - Host latency: 0.0998779 ms (enqueue 0.0827148 ms)
[03/03/2026-11:04:49] [I] Average on 10 runs - GPU latency: 0.103735 ms - Host latency: 0.103735 ms (enqueue 0.0862305 ms)
[03/03/2026-11:04:49] [I] Average on 10 runs - GPU latency: 0.0997803 ms - Host latency: 0.0997803 ms (enqueue 0.0820801 ms)
[03/03/2026-11:04:49] [I] Average on 10 runs - GPU latency: 0.100171 ms - Host latency: 0.100171 ms (enqueue 0.0828613 ms)
[03/03/2026-11:04:49] [I] Average on 10 runs - GPU latency: 0.101367 ms - Host latency: 0.101367 ms (enqueue 0.08396 ms)
[03/03/2026-11:04:49] [I] Average on 10 runs - GPU latency: 0.101294 ms - Host latency: 0.101294 ms (enqueue 0.0842773 ms)
[03/03/2026-11:04:49] [I] Average on 10 runs - GPU latency: 0.0997559 ms - Host latency: 0.0997559 ms (enqueue 0.082373 ms)
[03/03/2026-11:04:49] [I] Average on 10 runs - GPU latency: 0.0996582 ms - Host latency: 0.0996582 ms (enqueue 0.0827637 ms)
[03/03/2026-11:04:49] [I] Average on 10 runs - GPU latency: 0.0997559 ms - Host latency: 0.0997559 ms (enqueue 0.0821777 ms)
[03/03/2026-11:04:49] [I] Average on 10 runs - GPU latency: 0.101904 ms - Host latency: 0.101904 ms (enqueue 0.0849609 ms)
[03/03/2026-11:04:49] [I] Average on 10 runs - GPU latency: 0.100757 ms - Host latency: 0.100757 ms (enqueue 0.0831543 ms)
[03/03/2026-11:04:49] [I] Average on 10 runs - GPU latency: 0.101001 ms - Host latency: 0.101001 ms (enqueue 0.0834961 ms)
[03/03/2026-11:04:49] [I] Average on 10 runs - GPU latency: 0.101855 ms - Host latency: 0.101855 ms (enqueue 0.0840332 ms)
[03/03/2026-11:04:49] [I] Average on 10 runs - GPU latency: 0.102588 ms - Host latency: 0.102588 ms (enqueue 0.085376 ms)
[03/03/2026-11:04:49] [I] Average on 10 runs - GPU latency: 0.0999268 ms - Host latency: 0.0999268 ms (enqueue 0.0827637 ms)
[03/03/2026-11:04:49] [I] Average on 10 runs - GPU latency: 0.10061 ms - Host latency: 0.10061 ms (enqueue 0.0832275 ms)
[03/03/2026-11:04:49] [I] Average on 10 runs - GPU latency: 0.100098 ms - Host latency: 0.100098 ms (enqueue 0.0834229 ms)
[03/03/2026-11:04:49] [I] Average on 10 runs - GPU latency: 0.105371 ms - Host latency: 0.105371 ms (enqueue 0.0878906 ms)
[03/03/2026-11:04:49] [I] Average on 10 runs - GPU latency: 0.0999268 ms - Host latency: 0.0999268 ms (enqueue 0.0825195 ms)
[03/03/2026-11:04:49] [I] Average on 10 runs - GPU latency: 0.100391 ms - Host latency: 0.100391 ms (enqueue 0.0831299 ms)
[03/03/2026-11:04:49] [I] Average on 10 runs - GPU latency: 0.101074 ms - Host latency: 0.101074 ms (enqueue 0.0832275 ms)
[03/03/2026-11:04:49] [I] Average on 10 runs - GPU latency: 0.10105 ms - Host latency: 0.10105 ms (enqueue 0.0837402 ms)
[03/03/2026-11:04:49] [I] Average on 10 runs - GPU latency: 0.0989746 ms - Host latency: 0.0989746 ms (enqueue 0.0813721 ms)
[03/03/2026-11:04:49] [I] Average on 10 runs - GPU latency: 0.100317 ms - Host latency: 0.100317 ms (enqueue 0.0833496 ms)
[03/03/2026-11:04:49] [I] Average on 10 runs - GPU latency: 0.106738 ms - Host latency: 0.106738 ms (enqueue 0.0892822 ms)
[03/03/2026-11:04:49] [I] Average on 10 runs - GPU latency: 0.0999268 ms - Host latency: 0.0999268 ms (enqueue 0.0829346 ms)
[03/03/2026-11:04:49] [I] Average on 10 runs - GPU latency: 0.1 ms - Host latency: 0.1 ms (enqueue 0.082959 ms)
[03/03/2026-11:04:49] [I] Average on 10 runs - GPU latency: 0.101294 ms - Host latency: 0.101294 ms (enqueue 0.0838867 ms)
[03/03/2026-11:04:49] [I] Average on 10 runs - GPU latency: 0.101929 ms - Host latency: 0.101929 ms (enqueue 0.0848389 ms)
[03/03/2026-11:04:49] [I] Average on 10 runs - GPU latency: 0.100391 ms - Host latency: 0.100391 ms (enqueue 0.0830566 ms)
[03/03/2026-11:04:49] [I] Average on 10 runs - GPU latency: 0.10105 ms - Host latency: 0.10105 ms (enqueue 0.0841309 ms)
[03/03/2026-11:04:49] [I] Average on 10 runs - GPU latency: 0.100464 ms - Host latency: 0.100464 ms (enqueue 0.0829346 ms)
[03/03/2026-11:04:49] [I] Average on 10 runs - GPU latency: 0.101636 ms - Host latency: 0.101636 ms (enqueue 0.085083 ms)
[03/03/2026-11:04:49] [I] Average on 10 runs - GPU latency: 0.098999 ms - Host latency: 0.098999 ms (enqueue 0.0821045 ms)
[03/03/2026-11:04:49] [I] Average on 10 runs - GPU latency: 0.100098 ms - Host latency: 0.100098 ms (enqueue 0.0828613 ms)
[03/03/2026-11:04:49] [I] Average on 10 runs - GPU latency: 0.100806 ms - Host latency: 0.100806 ms (enqueue 0.0832275 ms)
[03/03/2026-11:04:49] [I] Average on 10 runs - GPU latency: 0.102075 ms - Host latency: 0.102075 ms (enqueue 0.0852783 ms)
[03/03/2026-11:04:49] [I] Average on 10 runs - GPU latency: 0.0990967 ms - Host latency: 0.0990967 ms (enqueue 0.0820312 ms)
[03/03/2026-11:04:49] [I] Average on 10 runs - GPU latency: 0.100049 ms - Host latency: 0.100049 ms (enqueue 0.0828613 ms)
[03/03/2026-11:04:49] [I] Average on 10 runs - GPU latency: 0.100146 ms - Host latency: 0.100146 ms (enqueue 0.0838135 ms)
[03/03/2026-11:04:49] [I] Average on 10 runs - GPU latency: 0.103027 ms - Host latency: 0.103027 ms (enqueue 0.0864502 ms)
[03/03/2026-11:04:49] [I] Average on 10 runs - GPU latency: 0.100684 ms - Host latency: 0.100684 ms (enqueue 0.0830322 ms)
[03/03/2026-11:04:49] [I] Average on 10 runs - GPU latency: 0.100171 ms - Host latency: 0.100171 ms (enqueue 0.0827637 ms)
[03/03/2026-11:04:49] [I] Average on 10 runs - GPU latency: 0.10061 ms - Host latency: 0.10061 ms (enqueue 0.083252 ms)
[03/03/2026-11:04:49] [I] Average on 10 runs - GPU latency: 0.103418 ms - Host latency: 0.103418 ms (enqueue 0.0867676 ms)
[03/03/2026-11:04:49] [I] Average on 10 runs - GPU latency: 0.101074 ms - Host latency: 0.101074 ms (enqueue 0.0838379 ms)
[03/03/2026-11:04:49] [I] Average on 10 runs - GPU latency: 0.102002 ms - Host latency: 0.102002 ms (enqueue 0.0838379 ms)
[03/03/2026-11:04:49] [I] Average on 10 runs - GPU latency: 0.101294 ms - Host latency: 0.101294 ms (enqueue 0.0839355 ms)
[03/03/2026-11:04:49] [I] Average on 10 runs - GPU latency: 0.101538 ms - Host latency: 0.101538 ms (enqueue 0.083252 ms)
[03/03/2026-11:04:49] [I] Average on 10 runs - GPU latency: 0.0995361 ms - Host latency: 0.0995361 ms (enqueue 0.082251 ms)
[03/03/2026-11:04:49] [I] Average on 10 runs - GPU latency: 0.101562 ms - Host latency: 0.101562 ms (enqueue 0.0839355 ms)
[03/03/2026-11:04:49] [I] Average on 10 runs - GPU latency: 0.100732 ms - Host latency: 0.100732 ms (enqueue 0.0835205 ms)
[03/03/2026-11:04:49] [I] Average on 10 runs - GPU latency: 0.103052 ms - Host latency: 0.103052 ms (enqueue 0.0853516 ms)
[03/03/2026-11:04:49] [I] Average on 10 runs - GPU latency: 0.100317 ms - Host latency: 0.100317 ms (enqueue 0.0826172 ms)
[03/03/2026-11:04:49] [I] Average on 10 runs - GPU latency: 0.0995117 ms - Host latency: 0.0995117 ms (enqueue 0.0826904 ms)
[03/03/2026-11:04:49] [I] Average on 10 runs - GPU latency: 0.101416 ms - Host latency: 0.101416 ms (enqueue 0.0845459 ms)
[03/03/2026-11:04:49] [I] Average on 10 runs - GPU latency: 0.101001 ms - Host latency: 0.101001 ms (enqueue 0.0834961 ms)
[03/03/2026-11:04:49] [I] Average on 10 runs - GPU latency: 0.100708 ms - Host latency: 0.100708 ms (enqueue 0.0834229 ms)
[03/03/2026-11:04:49] [I] Average on 10 runs - GPU latency: 0.102246 ms - Host latency: 0.102246 ms (enqueue 0.0843506 ms)
[03/03/2026-11:04:49] [I] Average on 10 runs - GPU latency: 0.100952 ms - Host latency: 0.100952 ms (enqueue 0.0847168 ms)
[03/03/2026-11:04:49] [I] Average on 10 runs - GPU latency: 0.100488 ms - Host latency: 0.100488 ms (enqueue 0.0830811 ms)
[03/03/2026-11:04:49] [I] Average on 10 runs - GPU latency: 0.100244 ms - Host latency: 0.100244 ms (enqueue 0.0830078 ms)
[03/03/2026-11:04:49] [I] Average on 10 runs - GPU latency: 0.0997314 ms - Host latency: 0.0997314 ms (enqueue 0.0828369 ms)
[03/03/2026-11:04:49] [I] Average on 10 runs - GPU latency: 0.102954 ms - Host latency: 0.102954 ms (enqueue 0.0871582 ms)
[03/03/2026-11:04:49] [I] Average on 10 runs - GPU latency: 0.100024 ms - Host latency: 0.100024 ms (enqueue 0.0819824 ms)
[03/03/2026-11:04:49] [I] Average on 10 runs - GPU latency: 0.0997559 ms - Host latency: 0.0997559 ms (enqueue 0.0827393 ms)
[03/03/2026-11:04:49] [I] Average on 10 runs - GPU latency: 0.0997559 ms - Host latency: 0.0997559 ms (enqueue 0.0827393 ms)
[03/03/2026-11:04:49] [I] Average on 10 runs - GPU latency: 0.101416 ms - Host latency: 0.101416 ms (enqueue 0.0848389 ms)
[03/03/2026-11:04:49] [I] Average on 10 runs - GPU latency: 0.100024 ms - Host latency: 0.100024 ms (enqueue 0.0825928 ms)
[03/03/2026-11:04:49] [I] Average on 10 runs - GPU latency: 0.101099 ms - Host latency: 0.101099 ms (enqueue 0.0832764 ms)
[03/03/2026-11:04:49] [I] Average on 10 runs - GPU latency: 0.0998779 ms - Host latency: 0.0998779 ms (enqueue 0.0826172 ms)
[03/03/2026-11:04:49] [I] Average on 10 runs - GPU latency: 0.100537 ms - Host latency: 0.100537 ms (enqueue 0.0845703 ms)
[03/03/2026-11:04:49] [I] Average on 10 runs - GPU latency: 0.101025 ms - Host latency: 0.101025 ms (enqueue 0.0837646 ms)
[03/03/2026-11:04:49] [I] Average on 10 runs - GPU latency: 0.100781 ms - Host latency: 0.100781 ms (enqueue 0.0833496 ms)
[03/03/2026-11:04:49] [I] Average on 10 runs - GPU latency: 0.0997314 ms - Host latency: 0.0997314 ms (enqueue 0.0821777 ms)
[03/03/2026-11:04:49] [I] Average on 10 runs - GPU latency: 0.102075 ms - Host latency: 0.102075 ms (enqueue 0.0858887 ms)
[03/03/2026-11:04:49] [I] Average on 10 runs - GPU latency: 0.100342 ms - Host latency: 0.100342 ms (enqueue 0.083252 ms)
[03/03/2026-11:04:49] [I] Average on 10 runs - GPU latency: 0.100488 ms - Host latency: 0.100488 ms (enqueue 0.0832275 ms)
[03/03/2026-11:04:49] [I] Average on 10 runs - GPU latency: 0.10022 ms - Host latency: 0.10022 ms (enqueue 0.0832275 ms)
[03/03/2026-11:04:49] [I] Average on 10 runs - GPU latency: 0.101489 ms - Host latency: 0.101489 ms (enqueue 0.0852051 ms)
[03/03/2026-11:04:49] [I] Average on 10 runs - GPU latency: 0.0998047 ms - Host latency: 0.0998047 ms (enqueue 0.0827393 ms)
[03/03/2026-11:04:49] [I] Average on 10 runs - GPU latency: 0.103857 ms - Host latency: 0.103857 ms (enqueue 0.085498 ms)
[03/03/2026-11:04:49] [I] Average on 10 runs - GPU latency: 0.0995117 ms - Host latency: 0.0995117 ms (enqueue 0.0820801 ms)
[03/03/2026-11:04:49] [I] Average on 10 runs - GPU latency: 0.103833 ms - Host latency: 0.103833 ms (enqueue 0.0876221 ms)
[03/03/2026-11:04:49] [I] Average on 10 runs - GPU latency: 0.0992432 ms - Host latency: 0.0992432 ms (enqueue 0.0818115 ms)
[03/03/2026-11:04:49] [I] Average on 10 runs - GPU latency: 0.100439 ms - Host latency: 0.100439 ms (enqueue 0.0834961 ms)
[03/03/2026-11:04:49] [I] Average on 10 runs - GPU latency: 0.100513 ms - Host latency: 0.100513 ms (enqueue 0.0834717 ms)
[03/03/2026-11:04:49] [I] Average on 10 runs - GPU latency: 0.102832 ms - Host latency: 0.102832 ms (enqueue 0.0865479 ms)
[03/03/2026-11:04:49] [I] Average on 10 runs - GPU latency: 0.100635 ms - Host latency: 0.100635 ms (enqueue 0.0832275 ms)
[03/03/2026-11:04:49] [I] Average on 10 runs - GPU latency: 0.101099 ms - Host latency: 0.101099 ms (enqueue 0.0838867 ms)
[03/03/2026-11:04:49] [I] Average on 10 runs - GPU latency: 0.102686 ms - Host latency: 0.102686 ms (enqueue 0.0857178 ms)
[03/03/2026-11:04:49] [I] Average on 10 runs - GPU latency: 0.100659 ms - Host latency: 0.100659 ms (enqueue 0.0830811 ms)
[03/03/2026-11:04:49] [I] Average on 10 runs - GPU latency: 0.101074 ms - Host latency: 0.101074 ms (enqueue 0.0835205 ms)
[03/03/2026-11:04:49] [I] Average on 10 runs - GPU latency: 0.0995117 ms - Host latency: 0.0995117 ms (enqueue 0.0824219 ms)
[03/03/2026-11:04:49] [I] Average on 10 runs - GPU latency: 0.102002 ms - Host latency: 0.102002 ms (enqueue 0.08479 ms)
[03/03/2026-11:04:49] [I] Average on 10 runs - GPU latency: 0.0996094 ms - Host latency: 0.0996094 ms (enqueue 0.0824951 ms)
[03/03/2026-11:04:49] [I] Average on 10 runs - GPU latency: 0.0996338 ms - Host latency: 0.0996338 ms (enqueue 0.082373 ms)
[03/03/2026-11:04:49] [I] Average on 10 runs - GPU latency: 0.0994385 ms - Host latency: 0.0994385 ms (enqueue 0.0822754 ms)
[03/03/2026-11:04:49] [I] Average on 10 runs - GPU latency: 0.101807 ms - Host latency: 0.101807 ms (enqueue 0.0864258 ms)
[03/03/2026-11:04:49] [I] Average on 10 runs - GPU latency: 0.100757 ms - Host latency: 0.100757 ms (enqueue 0.0830566 ms)
[03/03/2026-11:04:49] [I] Average on 10 runs - GPU latency: 0.0995117 ms - Host latency: 0.0995117 ms (enqueue 0.0827148 ms)
[03/03/2026-11:04:49] [I] Average on 10 runs - GPU latency: 0.0992187 ms - Host latency: 0.0992187 ms (enqueue 0.0820068 ms)
[03/03/2026-11:04:49] [I] Average on 10 runs - GPU latency: 0.101758 ms - Host latency: 0.101758 ms (enqueue 0.0854004 ms)
[03/03/2026-11:04:49] [I] Average on 10 runs - GPU latency: 0.101245 ms - Host latency: 0.101245 ms (enqueue 0.0832031 ms)
[03/03/2026-11:04:49] [I] Average on 10 runs - GPU latency: 0.100952 ms - Host latency: 0.100952 ms (enqueue 0.0833984 ms)
[03/03/2026-11:04:49] [I] Average on 10 runs - GPU latency: 0.0997314 ms - Host latency: 0.0997314 ms (enqueue 0.0825928 ms)
[03/03/2026-11:04:49] [I] Average on 10 runs - GPU latency: 0.101416 ms - Host latency: 0.101416 ms (enqueue 0.0857422 ms)
[03/03/2026-11:04:49] [I] Average on 10 runs - GPU latency: 0.100366 ms - Host latency: 0.100366 ms (enqueue 0.0829834 ms)
[03/03/2026-11:04:49] [I] Average on 10 runs - GPU latency: 0.100708 ms - Host latency: 0.100708 ms (enqueue 0.0832031 ms)
[03/03/2026-11:04:49] [I] Average on 10 runs - GPU latency: 0.100122 ms - Host latency: 0.100122 ms (enqueue 0.0827881 ms)
[03/03/2026-11:04:49] [I] Average on 10 runs - GPU latency: 0.10127 ms - Host latency: 0.10127 ms (enqueue 0.0851807 ms)
[03/03/2026-11:04:49] [I] Average on 10 runs - GPU latency: 0.100122 ms - Host latency: 0.100122 ms (enqueue 0.083252 ms)
[03/03/2026-11:04:49] [I] Average on 10 runs - GPU latency: 0.100537 ms - Host latency: 0.100537 ms (enqueue 0.0832031 ms)
[03/03/2026-11:04:49] [I] Average on 10 runs - GPU latency: 0.0999512 ms - Host latency: 0.0999512 ms (enqueue 0.082959 ms)
[03/03/2026-11:04:49] [I] Average on 10 runs - GPU latency: 0.100879 ms - Host latency: 0.100879 ms (enqueue 0.0844238 ms)
[03/03/2026-11:04:49] [I] Average on 10 runs - GPU latency: 0.101172 ms - Host latency: 0.101172 ms (enqueue 0.0835205 ms)
[03/03/2026-11:04:49] [I] Average on 10 runs - GPU latency: 0.101514 ms - Host latency: 0.101514 ms (enqueue 0.0837891 ms)
[03/03/2026-11:04:49] [I] Average on 10 runs - GPU latency: 0.100146 ms - Host latency: 0.100146 ms (enqueue 0.0829346 ms)
[03/03/2026-11:04:49] [I] Average on 10 runs - GPU latency: 0.105225 ms - Host latency: 0.105225 ms (enqueue 0.0888428 ms)
[03/03/2026-11:04:49] [I] Average on 10 runs - GPU latency: 0.100049 ms - Host latency: 0.100049 ms (enqueue 0.0828125 ms)
[03/03/2026-11:04:49] [I] Average on 10 runs - GPU latency: 0.100342 ms - Host latency: 0.100342 ms (enqueue 0.0833008 ms)
[03/03/2026-11:04:49] [I] Average on 10 runs - GPU latency: 0.102271 ms - Host latency: 0.102271 ms (enqueue 0.0846436 ms)
[03/03/2026-11:04:49] [I] Average on 10 runs - GPU latency: 0.101855 ms - Host latency: 0.101855 ms (enqueue 0.0850098 ms)
[03/03/2026-11:04:49] [I] Average on 10 runs - GPU latency: 0.100049 ms - Host latency: 0.100049 ms (enqueue 0.0831787 ms)
[03/03/2026-11:04:49] [I] Average on 10 runs - GPU latency: 0.100781 ms - Host latency: 0.100781 ms (enqueue 0.0834229 ms)
[03/03/2026-11:04:49] [I] Average on 10 runs - GPU latency: 0.099585 ms - Host latency: 0.099585 ms (enqueue 0.0827881 ms)
[03/03/2026-11:04:49] [I] Average on 10 runs - GPU latency: 0.104785 ms - Host latency: 0.104785 ms (enqueue 0.0857666 ms)
[03/03/2026-11:04:49] [I] Average on 10 runs - GPU latency: 0.100146 ms - Host latency: 0.100146 ms (enqueue 0.0830322 ms)
[03/03/2026-11:04:49] [I] Average on 10 runs - GPU latency: 0.0990723 ms - Host latency: 0.0990723 ms (enqueue 0.0822266 ms)
[03/03/2026-11:04:49] [I] Average on 10 runs - GPU latency: 0.100781 ms - Host latency: 0.100781 ms (enqueue 0.083374 ms)
[03/03/2026-11:04:49] [I] Average on 10 runs - GPU latency: 0.0994873 ms - Host latency: 0.0994873 ms (enqueue 0.0821533 ms)
[03/03/2026-11:04:49] [I] Average on 10 runs - GPU latency: 0.0999512 ms - Host latency: 0.0999512 ms (enqueue 0.082373 ms)
[03/03/2026-11:04:49] [I] Average on 10 runs - GPU latency: 0.0998535 ms - Host latency: 0.0998535 ms (enqueue 0.0827148 ms)
[03/03/2026-11:04:49] [I] Average on 10 runs - GPU latency: 0.101416 ms - Host latency: 0.101416 ms (enqueue 0.0844482 ms)
[03/03/2026-11:04:49] [I] Average on 10 runs - GPU latency: 0.0996094 ms - Host latency: 0.0996094 ms (enqueue 0.0820312 ms)
[03/03/2026-11:04:49] [I] Average on 10 runs - GPU latency: 0.100513 ms - Host latency: 0.100513 ms (enqueue 0.0828613 ms)
[03/03/2026-11:04:49] [I] Average on 10 runs - GPU latency: 0.099585 ms - Host latency: 0.099585 ms (enqueue 0.0825928 ms)
[03/03/2026-11:04:49] [I] Average on 10 runs - GPU latency: 0.103809 ms - Host latency: 0.103809 ms (enqueue 0.0863525 ms)
[03/03/2026-11:04:49] [I] Average on 10 runs - GPU latency: 0.100732 ms - Host latency: 0.100732 ms (enqueue 0.0829834 ms)
[03/03/2026-11:04:49] [I] Average on 10 runs - GPU latency: 0.100146 ms - Host latency: 0.100146 ms (enqueue 0.0829102 ms)
[03/03/2026-11:04:49] [I] Average on 10 runs - GPU latency: 0.0995361 ms - Host latency: 0.0995361 ms (enqueue 0.0818848 ms)
[03/03/2026-11:04:49] [I] Average on 10 runs - GPU latency: 0.102661 ms - Host latency: 0.102661 ms (enqueue 0.0856201 ms)
[03/03/2026-11:04:49] [I] Average on 10 runs - GPU latency: 0.10144 ms - Host latency: 0.10144 ms (enqueue 0.0840088 ms)
[03/03/2026-11:04:49] [I] Average on 10 runs - GPU latency: 0.100342 ms - Host latency: 0.100342 ms (enqueue 0.082666 ms)
[03/03/2026-11:04:49] [I] Average on 10 runs - GPU latency: 0.0996094 ms - Host latency: 0.0996094 ms (enqueue 0.0819824 ms)
[03/03/2026-11:04:49] [I] Average on 10 runs - GPU latency: 0.104858 ms - Host latency: 0.104858 ms (enqueue 0.0865967 ms)
[03/03/2026-11:04:49] [I] Average on 10 runs - GPU latency: 0.1 ms - Host latency: 0.1 ms (enqueue 0.0827637 ms)
[03/03/2026-11:04:49] [I] Average on 10 runs - GPU latency: 0.0998779 ms - Host latency: 0.0998779 ms (enqueue 0.0825684 ms)
[03/03/2026-11:04:49] [I] Average on 10 runs - GPU latency: 0.0996094 ms - Host latency: 0.0996094 ms (enqueue 0.0823242 ms)
[03/03/2026-11:04:49] [I] Average on 10 runs - GPU latency: 0.101953 ms - Host latency: 0.101953 ms (enqueue 0.0851562 ms)
[03/03/2026-11:04:49] [I] Average on 10 runs - GPU latency: 0.100513 ms - Host latency: 0.100513 ms (enqueue 0.0834473 ms)
[03/03/2026-11:04:49] [I] Average on 10 runs - GPU latency: 0.0994385 ms - Host latency: 0.0994385 ms (enqueue 0.0824219 ms)
[03/03/2026-11:04:49] [I] Average on 10 runs - GPU latency: 0.0997559 ms - Host latency: 0.0997559 ms (enqueue 0.0826904 ms)
[03/03/2026-11:04:49] [I] Average on 10 runs - GPU latency: 0.102002 ms - Host latency: 0.102002 ms (enqueue 0.0842773 ms)
[03/03/2026-11:04:49] [I] Average on 10 runs - GPU latency: 0.0997559 ms - Host latency: 0.0997559 ms (enqueue 0.0825928 ms)
[03/03/2026-11:04:49] [I] Average on 10 runs - GPU latency: 0.0996338 ms - Host latency: 0.0996338 ms (enqueue 0.0821533 ms)
[03/03/2026-11:04:49] [I] Average on 10 runs - GPU latency: 0.0995605 ms - Host latency: 0.0995605 ms (enqueue 0.0824951 ms)
[03/03/2026-11:04:49] [I] Average on 10 runs - GPU latency: 0.102026 ms - Host latency: 0.102026 ms (enqueue 0.0847168 ms)
[03/03/2026-11:04:49] [I] Average on 10 runs - GPU latency: 0.0994873 ms - Host latency: 0.0994873 ms (enqueue 0.0825439 ms)
[03/03/2026-11:04:49] [I] Average on 10 runs - GPU latency: 0.100757 ms - Host latency: 0.100757 ms (enqueue 0.0833008 ms)
[03/03/2026-11:04:49] [I] Average on 10 runs - GPU latency: 0.101099 ms - Host latency: 0.101099 ms (enqueue 0.0833984 ms)
[03/03/2026-11:04:49] [I] Average on 10 runs - GPU latency: 0.102417 ms - Host latency: 0.102417 ms (enqueue 0.0852539 ms)
[03/03/2026-11:04:49] [I] Average on 10 runs - GPU latency: 0.0996582 ms - Host latency: 0.0996582 ms (enqueue 0.0823975 ms)
[03/03/2026-11:04:49] [I] Average on 10 runs - GPU latency: 0.0993896 ms - Host latency: 0.0993896 ms (enqueue 0.0822998 ms)
[03/03/2026-11:04:49] [I] Average on 10 runs - GPU latency: 0.0998535 ms - Host latency: 0.0998535 ms (enqueue 0.0824219 ms)
[03/03/2026-11:04:49] [I] Average on 10 runs - GPU latency: 0.102002 ms - Host latency: 0.102002 ms (enqueue 0.0853027 ms)
[03/03/2026-11:04:49] [I] Average on 10 runs - GPU latency: 0.0997314 ms - Host latency: 0.0997314 ms (enqueue 0.082373 ms)
[03/03/2026-11:04:49] [I] Average on 10 runs - GPU latency: 0.0998535 ms - Host latency: 0.0998535 ms (enqueue 0.0825928 ms)
[03/03/2026-11:04:49] [I] Average on 10 runs - GPU latency: 0.101929 ms - Host latency: 0.101929 ms (enqueue 0.0863525 ms)
[03/03/2026-11:04:49] [I] Average on 10 runs - GPU latency: 0.103003 ms - Host latency: 0.103003 ms (enqueue 0.0846436 ms)
[03/03/2026-11:04:49] [I] Average on 10 runs - GPU latency: 0.100659 ms - Host latency: 0.100659 ms (enqueue 0.0834473 ms)
[03/03/2026-11:04:49] [I] Average on 10 runs - GPU latency: 0.0997314 ms - Host latency: 0.0997314 ms (enqueue 0.0827393 ms)
[03/03/2026-11:04:49] [I] Average on 10 runs - GPU latency: 0.104346 ms - Host latency: 0.104346 ms (enqueue 0.0851807 ms)
[03/03/2026-11:04:49] [I] Average on 10 runs - GPU latency: 0.0995605 ms - Host latency: 0.0995605 ms (enqueue 0.0823242 ms)
[03/03/2026-11:04:49] [I] Average on 10 runs - GPU latency: 0.0992432 ms - Host latency: 0.0992432 ms (enqueue 0.0820801 ms)
[03/03/2026-11:04:49] [I] Average on 10 runs - GPU latency: 0.0991699 ms - Host latency: 0.0991699 ms (enqueue 0.0820801 ms)
[03/03/2026-11:04:49] [I] Average on 10 runs - GPU latency: 0.101294 ms - Host latency: 0.101294 ms (enqueue 0.0844238 ms)
[03/03/2026-11:04:49] [I] Average on 10 runs - GPU latency: 0.098999 ms - Host latency: 0.098999 ms (enqueue 0.0822998 ms)
[03/03/2026-11:04:49] [I] Average on 10 runs - GPU latency: 0.101074 ms - Host latency: 0.101074 ms (enqueue 0.0839111 ms)
[03/03/2026-11:04:49] [I] Average on 10 runs - GPU latency: 0.100024 ms - Host latency: 0.100024 ms (enqueue 0.082373 ms)
[03/03/2026-11:04:49] [I] Average on 10 runs - GPU latency: 0.101611 ms - Host latency: 0.101611 ms (enqueue 0.0843018 ms)
[03/03/2026-11:04:49] [I] Average on 10 runs - GPU latency: 0.0990479 ms - Host latency: 0.0990479 ms (enqueue 0.0818115 ms)
[03/03/2026-11:04:49] [I] Average on 10 runs - GPU latency: 0.100415 ms - Host latency: 0.100415 ms (enqueue 0.0830078 ms)
[03/03/2026-11:04:49] [I] Average on 10 runs - GPU latency: 0.101147 ms - Host latency: 0.101147 ms (enqueue 0.0834717 ms)
[03/03/2026-11:04:49] [I] Average on 10 runs - GPU latency: 0.101123 ms - Host latency: 0.101123 ms (enqueue 0.0845215 ms)
[03/03/2026-11:04:49] [I] Average on 10 runs - GPU latency: 0.0997559 ms - Host latency: 0.0997559 ms (enqueue 0.0825195 ms)
[03/03/2026-11:04:49] [I] Average on 10 runs - GPU latency: 0.100024 ms - Host latency: 0.100024 ms (enqueue 0.0826904 ms)
[03/03/2026-11:04:49] [I] Average on 10 runs - GPU latency: 0.0993652 ms - Host latency: 0.0993652 ms (enqueue 0.0820801 ms)
[03/03/2026-11:04:49] [I] Average on 10 runs - GPU latency: 0.103345 ms - Host latency: 0.103345 ms (enqueue 0.0866943 ms)
[03/03/2026-11:04:49] [I] Average on 10 runs - GPU latency: 0.100049 ms - Host latency: 0.100049 ms (enqueue 0.0821777 ms)
[03/03/2026-11:04:49] [I] Average on 10 runs - GPU latency: 0.1 ms - Host latency: 0.1 ms (enqueue 0.0826904 ms)
[03/03/2026-11:04:49] [I] Average on 10 runs - GPU latency: 0.0999268 ms - Host latency: 0.0999268 ms (enqueue 0.0823975 ms)
[03/03/2026-11:04:49] [I] Average on 10 runs - GPU latency: 0.101343 ms - Host latency: 0.101343 ms (enqueue 0.0850342 ms)
[03/03/2026-11:04:49] [I] Average on 10 runs - GPU latency: 0.0997314 ms - Host latency: 0.0997314 ms (enqueue 0.0825195 ms)
[03/03/2026-11:04:49] [I] Average on 10 runs - GPU latency: 0.10127 ms - Host latency: 0.10127 ms (enqueue 0.0832031 ms)
[03/03/2026-11:04:49] [I] Average on 10 runs - GPU latency: 0.10083 ms - Host latency: 0.10083 ms (enqueue 0.0843994 ms)
[03/03/2026-11:04:49] [I] Average on 10 runs - GPU latency: 0.102783 ms - Host latency: 0.102783 ms (enqueue 0.0859131 ms)
[03/03/2026-11:04:49] [I] Average on 10 runs - GPU latency: 0.1 ms - Host latency: 0.1 ms (enqueue 0.082373 ms)
[03/03/2026-11:04:49] [I] Average on 10 runs - GPU latency: 0.0996338 ms - Host latency: 0.0996338 ms (enqueue 0.0825439 ms)
[03/03/2026-11:04:49] [I] Average on 10 runs - GPU latency: 0.0990479 ms - Host latency: 0.0990479 ms (enqueue 0.0818359 ms)
[03/03/2026-11:04:49] [I] Average on 10 runs - GPU latency: 0.100586 ms - Host latency: 0.100586 ms (enqueue 0.0843262 ms)
[03/03/2026-11:04:49] [I] Average on 10 runs - GPU latency: 0.0990234 ms - Host latency: 0.0990234 ms (enqueue 0.0820068 ms)
[03/03/2026-11:04:49] [I] Average on 10 runs - GPU latency: 0.100171 ms - Host latency: 0.100171 ms (enqueue 0.0829834 ms)
[03/03/2026-11:04:49] [I] Average on 10 runs - GPU latency: 0.100366 ms - Host latency: 0.100366 ms (enqueue 0.0828613 ms)
[03/03/2026-11:04:49] [I] Average on 10 runs - GPU latency: 0.102319 ms - Host latency: 0.102319 ms (enqueue 0.0855469 ms)
[03/03/2026-11:04:49] [I] Average on 10 runs - GPU latency: 0.0997803 ms - Host latency: 0.0997803 ms (enqueue 0.0824707 ms)
[03/03/2026-11:04:49] [I] Average on 10 runs - GPU latency: 0.101001 ms - Host latency: 0.101001 ms (enqueue 0.0831787 ms)
[03/03/2026-11:04:49] [I] Average on 10 runs - GPU latency: 0.10144 ms - Host latency: 0.10144 ms (enqueue 0.0858887 ms)
[03/03/2026-11:04:49] [I] Average on 10 runs - GPU latency: 0.102344 ms - Host latency: 0.102344 ms (enqueue 0.0841797 ms)
[03/03/2026-11:04:49] [I] Average on 10 runs - GPU latency: 0.100171 ms - Host latency: 0.100171 ms (enqueue 0.0830811 ms)
[03/03/2026-11:04:49] [I] Average on 10 runs - GPU latency: 0.0996826 ms - Host latency: 0.0996826 ms (enqueue 0.0822266 ms)
[03/03/2026-11:04:49] [I] Average on 10 runs - GPU latency: 0.101245 ms - Host latency: 0.101245 ms (enqueue 0.0851074 ms)
[03/03/2026-11:04:49] [I] Average on 10 runs - GPU latency: 0.100586 ms - Host latency: 0.100586 ms (enqueue 0.083374 ms)
[03/03/2026-11:04:49] [I] Average on 10 runs - GPU latency: 0.0992187 ms - Host latency: 0.0992187 ms (enqueue 0.0820801 ms)
[03/03/2026-11:04:49] [I] Average on 10 runs - GPU latency: 0.0991943 ms - Host latency: 0.0991943 ms (enqueue 0.0821777 ms)
[03/03/2026-11:04:49] [I] Average on 10 runs - GPU latency: 0.101099 ms - Host latency: 0.101099 ms (enqueue 0.0831055 ms)
[03/03/2026-11:04:49] [I] Average on 10 runs - GPU latency: 0.100659 ms - Host latency: 0.100659 ms (enqueue 0.0832031 ms)
[03/03/2026-11:04:49] [I] Average on 10 runs - GPU latency: 0.101782 ms - Host latency: 0.101782 ms (enqueue 0.0834717 ms)
[03/03/2026-11:04:49] [I] Average on 10 runs - GPU latency: 0.0995361 ms - Host latency: 0.0995361 ms (enqueue 0.0821289 ms)
[03/03/2026-11:04:49] [I] Average on 10 runs - GPU latency: 0.103223 ms - Host latency: 0.103223 ms (enqueue 0.085083 ms)
[03/03/2026-11:04:49] [I] Average on 10 runs - GPU latency: 0.100171 ms - Host latency: 0.100171 ms (enqueue 0.0830078 ms)
[03/03/2026-11:04:49] [I] Average on 10 runs - GPU latency: 0.100952 ms - Host latency: 0.100952 ms (enqueue 0.0830566 ms)
[03/03/2026-11:04:49] [I] Average on 10 runs - GPU latency: 0.100073 ms - Host latency: 0.100073 ms (enqueue 0.0824219 ms)
[03/03/2026-11:04:49] [I] Average on 10 runs - GPU latency: 0.102124 ms - Host latency: 0.102124 ms (enqueue 0.0859375 ms)
[03/03/2026-11:04:49] [I] Average on 10 runs - GPU latency: 0.0997314 ms - Host latency: 0.0997314 ms (enqueue 0.0822266 ms)
[03/03/2026-11:04:49] [I] Average on 10 runs - GPU latency: 0.100317 ms - Host latency: 0.100317 ms (enqueue 0.0828125 ms)
[03/03/2026-11:04:49] [I] Average on 10 runs - GPU latency: 0.100244 ms - Host latency: 0.100244 ms (enqueue 0.0827148 ms)
[03/03/2026-11:04:49] [I] Average on 10 runs - GPU latency: 0.101025 ms - Host latency: 0.101025 ms (enqueue 0.0845459 ms)
[03/03/2026-11:04:49] [I] Average on 10 runs - GPU latency: 0.101025 ms - Host latency: 0.101025 ms (enqueue 0.0836426 ms)
[03/03/2026-11:04:49] [I] Average on 10 runs - GPU latency: 0.100879 ms - Host latency: 0.100879 ms (enqueue 0.083252 ms)
[03/03/2026-11:04:49] [I] Average on 10 runs - GPU latency: 0.0996582 ms - Host latency: 0.0996582 ms (enqueue 0.0824219 ms)
[03/03/2026-11:04:49] [I] Average on 10 runs - GPU latency: 0.10188 ms - Host latency: 0.10188 ms (enqueue 0.0857422 ms)
[03/03/2026-11:04:49] [I] Average on 10 runs - GPU latency: 0.100171 ms - Host latency: 0.100171 ms (enqueue 0.0828125 ms)
[03/03/2026-11:04:49] [I] Average on 10 runs - GPU latency: 0.1 ms - Host latency: 0.1 ms (enqueue 0.0828857 ms)
[03/03/2026-11:04:49] [I] Average on 10 runs - GPU latency: 0.100732 ms - Host latency: 0.100732 ms (enqueue 0.0836182 ms)
[03/03/2026-11:04:49] [I] Average on 10 runs - GPU latency: 0.101782 ms - Host latency: 0.101782 ms (enqueue 0.0856689 ms)
[03/03/2026-11:04:49] [I] Average on 10 runs - GPU latency: 0.100732 ms - Host latency: 0.100732 ms (enqueue 0.0833496 ms)
[03/03/2026-11:04:49] [I] Average on 10 runs - GPU latency: 0.10127 ms - Host latency: 0.10127 ms (enqueue 0.0840088 ms)
[03/03/2026-11:04:49] [I] Average on 10 runs - GPU latency: 0.0997559 ms - Host latency: 0.0997559 ms (enqueue 0.0826416 ms)
[03/03/2026-11:04:49] [I] Average on 10 runs - GPU latency: 0.103735 ms - Host latency: 0.103735 ms (enqueue 0.0875488 ms)
[03/03/2026-11:04:49] [I] Average on 10 runs - GPU latency: 0.101147 ms - Host latency: 0.101147 ms (enqueue 0.0836182 ms)
[03/03/2026-11:04:49] [I] Average on 10 runs - GPU latency: 0.100562 ms - Host latency: 0.100562 ms (enqueue 0.0828125 ms)
[03/03/2026-11:04:49] [I] Average on 10 runs - GPU latency: 0.0993652 ms - Host latency: 0.0993652 ms (enqueue 0.0828369 ms)
[03/03/2026-11:04:49] [I] Average on 10 runs - GPU latency: 0.10354 ms - Host latency: 0.10354 ms (enqueue 0.0862549 ms)
[03/03/2026-11:04:49] [I] Average on 10 runs - GPU latency: 0.0998047 ms - Host latency: 0.0998047 ms (enqueue 0.0824951 ms)
[03/03/2026-11:04:49] [I] Average on 10 runs - GPU latency: 0.0999756 ms - Host latency: 0.0999756 ms (enqueue 0.0831299 ms)
[03/03/2026-11:04:49] [I] Average on 10 runs - GPU latency: 0.101733 ms - Host latency: 0.101733 ms (enqueue 0.0852051 ms)
[03/03/2026-11:04:49] [I] Average on 10 runs - GPU latency: 0.101392 ms - Host latency: 0.101392 ms (enqueue 0.0834229 ms)
[03/03/2026-11:04:49] [I] Average on 10 runs - GPU latency: 0.0999756 ms - Host latency: 0.0999756 ms (enqueue 0.082959 ms)
[03/03/2026-11:04:49] [I] Average on 10 runs - GPU latency: 0.0994629 ms - Host latency: 0.0994629 ms (enqueue 0.0821777 ms)
[03/03/2026-11:04:49] [I] Average on 10 runs - GPU latency: 0.102197 ms - Host latency: 0.102197 ms (enqueue 0.0849609 ms)
[03/03/2026-11:04:49] [I] Average on 10 runs - GPU latency: 0.101904 ms - Host latency: 0.101904 ms (enqueue 0.0841797 ms)
[03/03/2026-11:04:49] [I] Average on 10 runs - GPU latency: 0.0991943 ms - Host latency: 0.0991943 ms (enqueue 0.082373 ms)
[03/03/2026-11:04:49] [I] Average on 10 runs - GPU latency: 0.0997314 ms - Host latency: 0.0997314 ms (enqueue 0.0823486 ms)
[03/03/2026-11:04:49] [I] Average on 10 runs - GPU latency: 0.102954 ms - Host latency: 0.102954 ms (enqueue 0.0857422 ms)
[03/03/2026-11:04:49] [I] Average on 10 runs - GPU latency: 0.100391 ms - Host latency: 0.100391 ms (enqueue 0.0828125 ms)
[03/03/2026-11:04:49] [I] Average on 10 runs - GPU latency: 0.0995605 ms - Host latency: 0.0995605 ms (enqueue 0.0820068 ms)
[03/03/2026-11:04:49] [I] Average on 10 runs - GPU latency: 0.0999756 ms - Host latency: 0.0999756 ms (enqueue 0.0827637 ms)
[03/03/2026-11:04:49] [I] Average on 10 runs - GPU latency: 0.102881 ms - Host latency: 0.102881 ms (enqueue 0.0864014 ms)
[03/03/2026-11:04:49] [I] Average on 10 runs - GPU latency: 0.100122 ms - Host latency: 0.100122 ms (enqueue 0.0827148 ms)
[03/03/2026-11:04:49] [I] Average on 10 runs - GPU latency: 0.100977 ms - Host latency: 0.100977 ms (enqueue 0.0835937 ms)
[03/03/2026-11:04:49] [I] Average on 10 runs - GPU latency: 0.0996338 ms - Host latency: 0.0996338 ms (enqueue 0.0828369 ms)
[03/03/2026-11:04:49] [I] Average on 10 runs - GPU latency: 0.1021 ms - Host latency: 0.1021 ms (enqueue 0.084375 ms)
[03/03/2026-11:04:49] [I] Average on 10 runs - GPU latency: 0.101782 ms - Host latency: 0.101782 ms (enqueue 0.0840332 ms)
[03/03/2026-11:04:49] [I] Average on 10 runs - GPU latency: 0.100073 ms - Host latency: 0.100073 ms (enqueue 0.0829834 ms)
[03/03/2026-11:04:49] [I] Average on 10 runs - GPU latency: 0.0999268 ms - Host latency: 0.0999268 ms (enqueue 0.0828613 ms)
[03/03/2026-11:04:49] [I] Average on 10 runs - GPU latency: 0.102441 ms - Host latency: 0.102441 ms (enqueue 0.0849854 ms)
[03/03/2026-11:04:49] [I] Average on 10 runs - GPU latency: 0.0995605 ms - Host latency: 0.0995605 ms (enqueue 0.0823242 ms)
[03/03/2026-11:04:49] [I] Average on 10 runs - GPU latency: 0.0998291 ms - Host latency: 0.0998291 ms (enqueue 0.0823975 ms)
[03/03/2026-11:04:49] [I] Average on 10 runs - GPU latency: 0.0994873 ms - Host latency: 0.0994873 ms (enqueue 0.0820557 ms)
[03/03/2026-11:04:49] [I] Average on 10 runs - GPU latency: 0.10144 ms - Host latency: 0.10144 ms (enqueue 0.0846924 ms)
[03/03/2026-11:04:49] [I] Average on 10 runs - GPU latency: 0.0997559 ms - Host latency: 0.0997559 ms (enqueue 0.0823975 ms)
[03/03/2026-11:04:49] [I] Average on 10 runs - GPU latency: 0.100024 ms - Host latency: 0.100024 ms (enqueue 0.0828857 ms)
[03/03/2026-11:04:49] [I] Average on 10 runs - GPU latency: 0.100391 ms - Host latency: 0.100391 ms (enqueue 0.0831299 ms)
[03/03/2026-11:04:49] [I] Average on 10 runs - GPU latency: 0.102271 ms - Host latency: 0.102271 ms (enqueue 0.0854736 ms)
[03/03/2026-11:04:49] [I] Average on 10 runs - GPU latency: 0.100439 ms - Host latency: 0.100439 ms (enqueue 0.0830566 ms)
[03/03/2026-11:04:49] [I] Average on 10 runs - GPU latency: 0.0993652 ms - Host latency: 0.0993652 ms (enqueue 0.0820557 ms)
[03/03/2026-11:04:49] [I] Average on 10 runs - GPU latency: 0.0998291 ms - Host latency: 0.0998291 ms (enqueue 0.0823486 ms)
[03/03/2026-11:04:49] [I] Average on 10 runs - GPU latency: 0.101782 ms - Host latency: 0.101782 ms (enqueue 0.0854492 ms)
[03/03/2026-11:04:49] [I] Average on 10 runs - GPU latency: 0.100488 ms - Host latency: 0.100488 ms (enqueue 0.0833008 ms)
[03/03/2026-11:04:49] [I] Average on 10 runs - GPU latency: 0.0997314 ms - Host latency: 0.0997314 ms (enqueue 0.0825439 ms)
[03/03/2026-11:04:49] [I] Average on 10 runs - GPU latency: 0.0998535 ms - Host latency: 0.0998535 ms (enqueue 0.0825195 ms)
[03/03/2026-11:04:49] [I] Average on 10 runs - GPU latency: 0.101172 ms - Host latency: 0.101172 ms (enqueue 0.0853027 ms)
[03/03/2026-11:04:49] [I] Average on 10 runs - GPU latency: 0.100366 ms - Host latency: 0.100366 ms (enqueue 0.0831787 ms)
[03/03/2026-11:04:49] [I] Average on 10 runs - GPU latency: 0.0994141 ms - Host latency: 0.0994141 ms (enqueue 0.0824219 ms)
[03/03/2026-11:04:49] [I] Average on 10 runs - GPU latency: 0.101367 ms - Host latency: 0.101367 ms (enqueue 0.085083 ms)
[03/03/2026-11:04:49] [I] Average on 10 runs - GPU latency: 0.101709 ms - Host latency: 0.101709 ms (enqueue 0.0837646 ms)
[03/03/2026-11:04:49] [I] Average on 10 runs - GPU latency: 0.0992676 ms - Host latency: 0.0992676 ms (enqueue 0.0821777 ms)
[03/03/2026-11:04:49] [I] Average on 10 runs - GPU latency: 0.100024 ms - Host latency: 0.100024 ms (enqueue 0.0828857 ms)
[03/03/2026-11:04:49] [I] Average on 10 runs - GPU latency: 0.10188 ms - Host latency: 0.10188 ms (enqueue 0.0842285 ms)
[03/03/2026-11:04:49] [I] Average on 10 runs - GPU latency: 0.100317 ms - Host latency: 0.100317 ms (enqueue 0.0828125 ms)
[03/03/2026-11:04:49] [I] Average on 10 runs - GPU latency: 0.100317 ms - Host latency: 0.100317 ms (enqueue 0.0832031 ms)
[03/03/2026-11:04:49] [I] Average on 10 runs - GPU latency: 0.0991943 ms - Host latency: 0.0991943 ms (enqueue 0.082251 ms)
[03/03/2026-11:04:49] [I] Average on 10 runs - GPU latency: 0.102319 ms - Host latency: 0.102319 ms (enqueue 0.0845947 ms)
[03/03/2026-11:04:49] [I] Average on 10 runs - GPU latency: 0.10022 ms - Host latency: 0.10022 ms (enqueue 0.083252 ms)
[03/03/2026-11:04:49] [I] Average on 10 runs - GPU latency: 0.0999756 ms - Host latency: 0.0999756 ms (enqueue 0.0822998 ms)
[03/03/2026-11:04:49] [I] Average on 10 runs - GPU latency: 0.0999023 ms - Host latency: 0.0999023 ms (enqueue 0.0827637 ms)
[03/03/2026-11:04:49] [I] Average on 10 runs - GPU latency: 0.103247 ms - Host latency: 0.103247 ms (enqueue 0.0845215 ms)
[03/03/2026-11:04:49] [I] Average on 10 runs - GPU latency: 0.0995117 ms - Host latency: 0.0995117 ms (enqueue 0.082251 ms)
[03/03/2026-11:04:49] [I] Average on 10 runs - GPU latency: 0.100342 ms - Host latency: 0.100342 ms (enqueue 0.0830322 ms)
[03/03/2026-11:04:49] [I] Average on 10 runs - GPU latency: 0.099707 ms - Host latency: 0.099707 ms (enqueue 0.0822998 ms)
[03/03/2026-11:04:49] [I] Average on 10 runs - GPU latency: 0.101562 ms - Host latency: 0.101562 ms (enqueue 0.0833984 ms)
[03/03/2026-11:04:49] [I] Average on 10 runs - GPU latency: 0.0999756 ms - Host latency: 0.0999756 ms (enqueue 0.0833008 ms)
[03/03/2026-11:04:49] [I] Average on 10 runs - GPU latency: 0.100073 ms - Host latency: 0.100073 ms (enqueue 0.0825928 ms)
[03/03/2026-11:04:49] [I] Average on 10 runs - GPU latency: 0.100415 ms - Host latency: 0.100415 ms (enqueue 0.0832275 ms)
[03/03/2026-11:04:49] [I] Average on 10 runs - GPU latency: 0.101538 ms - Host latency: 0.101538 ms (enqueue 0.0843262 ms)
[03/03/2026-11:04:49] [I] Average on 10 runs - GPU latency: 0.0996094 ms - Host latency: 0.0996094 ms (enqueue 0.0822998 ms)
[03/03/2026-11:04:49] [I] Average on 10 runs - GPU latency: 0.0990723 ms - Host latency: 0.0990723 ms (enqueue 0.0818603 ms)
[03/03/2026-11:04:49] [I] Average on 10 runs - GPU latency: 0.101709 ms - Host latency: 0.101709 ms (enqueue 0.0836914 ms)
[03/03/2026-11:04:49] [I] Average on 10 runs - GPU latency: 0.103003 ms - Host latency: 0.103003 ms (enqueue 0.0856689 ms)
[03/03/2026-11:04:49] [I] Average on 10 runs - GPU latency: 0.0998047 ms - Host latency: 0.0998047 ms (enqueue 0.0825195 ms)
[03/03/2026-11:04:49] [I] Average on 10 runs - GPU latency: 0.101367 ms - Host latency: 0.101367 ms (enqueue 0.0842529 ms)
[03/03/2026-11:04:49] [I] Average on 10 runs - GPU latency: 0.100195 ms - Host latency: 0.100195 ms (enqueue 0.0830322 ms)
[03/03/2026-11:04:49] [I] Average on 10 runs - GPU latency: 0.101367 ms - Host latency: 0.101367 ms (enqueue 0.0846924 ms)
[03/03/2026-11:04:49] [I] Average on 10 runs - GPU latency: 0.100244 ms - Host latency: 0.100244 ms (enqueue 0.0831299 ms)
[03/03/2026-11:04:49] [I] Average on 10 runs - GPU latency: 0.100635 ms - Host latency: 0.100635 ms (enqueue 0.0829102 ms)
[03/03/2026-11:04:49] [I] Average on 10 runs - GPU latency: 0.0999268 ms - Host latency: 0.0999268 ms (enqueue 0.0824707 ms)
[03/03/2026-11:04:49] [I] Average on 10 runs - GPU latency: 0.102881 ms - Host latency: 0.102881 ms (enqueue 0.0858643 ms)
[03/03/2026-11:04:49] [I] Average on 10 runs - GPU latency: 0.0998535 ms - Host latency: 0.0998535 ms (enqueue 0.0825195 ms)
[03/03/2026-11:04:49] [I] Average on 10 runs - GPU latency: 0.100757 ms - Host latency: 0.100757 ms (enqueue 0.0837158 ms)
[03/03/2026-11:04:49] [I] Average on 10 runs - GPU latency: 0.101904 ms - Host latency: 0.101904 ms (enqueue 0.0838623 ms)
[03/03/2026-11:04:49] [I] Average on 10 runs - GPU latency: 0.102344 ms - Host latency: 0.102344 ms (enqueue 0.0847412 ms)
[03/03/2026-11:04:49] [I] Average on 10 runs - GPU latency: 0.100928 ms - Host latency: 0.100928 ms (enqueue 0.0835205 ms)
[03/03/2026-11:04:49] [I] Average on 10 runs - GPU latency: 0.100391 ms - Host latency: 0.100391 ms (enqueue 0.0830566 ms)
[03/03/2026-11:04:49] [I] Average on 10 runs - GPU latency: 0.0996582 ms - Host latency: 0.0996582 ms (enqueue 0.0826172 ms)
[03/03/2026-11:04:49] [I] Average on 10 runs - GPU latency: 0.102612 ms - Host latency: 0.102612 ms (enqueue 0.0852539 ms)
[03/03/2026-11:04:49] [I] Average on 10 runs - GPU latency: 0.0999512 ms - Host latency: 0.0999512 ms (enqueue 0.0830322 ms)
[03/03/2026-11:04:49] [I] Average on 10 runs - GPU latency: 0.103052 ms - Host latency: 0.103052 ms (enqueue 0.0852539 ms)
[03/03/2026-11:04:49] [I] Average on 10 runs - GPU latency: 0.101294 ms - Host latency: 0.101294 ms (enqueue 0.0845703 ms)
[03/03/2026-11:04:49] [I] Average on 10 runs - GPU latency: 0.100024 ms - Host latency: 0.100024 ms (enqueue 0.0827148 ms)
[03/03/2026-11:04:49] [I] Average on 10 runs - GPU latency: 0.1 ms - Host latency: 0.1 ms (enqueue 0.0828369 ms)
[03/03/2026-11:04:49] [I] Average on 10 runs - GPU latency: 0.101196 ms - Host latency: 0.101196 ms (enqueue 0.0831543 ms)
[03/03/2026-11:04:49] [I] Average on 10 runs - GPU latency: 0.101392 ms - Host latency: 0.101392 ms (enqueue 0.0845947 ms)
[03/03/2026-11:04:49] [I] Average on 10 runs - GPU latency: 0.100146 ms - Host latency: 0.100146 ms (enqueue 0.0830078 ms)
[03/03/2026-11:04:49] [I] Average on 10 runs - GPU latency: 0.0995361 ms - Host latency: 0.0995361 ms (enqueue 0.0822998 ms)
[03/03/2026-11:04:49] [I] Average on 10 runs - GPU latency: 0.0997803 ms - Host latency: 0.0997803 ms (enqueue 0.082666 ms)
[03/03/2026-11:04:49] [I] Average on 10 runs - GPU latency: 0.102417 ms - Host latency: 0.102417 ms (enqueue 0.0844482 ms)
[03/03/2026-11:04:49] [I] Average on 10 runs - GPU latency: 0.101514 ms - Host latency: 0.101514 ms (enqueue 0.0841797 ms)
[03/03/2026-11:04:49] [I] Average on 10 runs - GPU latency: 0.0999268 ms - Host latency: 0.0999268 ms (enqueue 0.0827148 ms)
[03/03/2026-11:04:49] [I] Average on 10 runs - GPU latency: 0.10022 ms - Host latency: 0.10022 ms (enqueue 0.0828613 ms)
[03/03/2026-11:04:49] [I] Average on 10 runs - GPU latency: 0.101123 ms - Host latency: 0.101123 ms (enqueue 0.0828857 ms)
[03/03/2026-11:04:49] [I] Average on 10 runs - GPU latency: 0.100024 ms - Host latency: 0.100024 ms (enqueue 0.0823975 ms)
[03/03/2026-11:04:49] [I] Average on 10 runs - GPU latency: 0.101904 ms - Host latency: 0.101904 ms (enqueue 0.0837402 ms)
[03/03/2026-11:04:49] [I] Average on 10 runs - GPU latency: 0.101318 ms - Host latency: 0.101318 ms (enqueue 0.084375 ms)
[03/03/2026-11:04:49] [I] Average on 10 runs - GPU latency: 0.103516 ms - Host latency: 0.103516 ms (enqueue 0.0868896 ms)
[03/03/2026-11:04:49] [I] Average on 10 runs - GPU latency: 0.0987549 ms - Host latency: 0.0987549 ms (enqueue 0.0816162 ms)
[03/03/2026-11:04:49] [I] Average on 10 runs - GPU latency: 0.0995605 ms - Host latency: 0.0995605 ms (enqueue 0.0818603 ms)
[03/03/2026-11:04:49] [I] Average on 10 runs - GPU latency: 0.0997803 ms - Host latency: 0.0997803 ms (enqueue 0.082959 ms)
[03/03/2026-11:04:49] [I] Average on 10 runs - GPU latency: 0.100879 ms - Host latency: 0.100879 ms (enqueue 0.0843262 ms)
[03/03/2026-11:04:49] [I] Average on 10 runs - GPU latency: 0.0993408 ms - Host latency: 0.0993408 ms (enqueue 0.082373 ms)
[03/03/2026-11:04:49] [I] Average on 10 runs - GPU latency: 0.0988037 ms - Host latency: 0.0988037 ms (enqueue 0.0817139 ms)
[03/03/2026-11:04:49] [I] Average on 10 runs - GPU latency: 0.099585 ms - Host latency: 0.099585 ms (enqueue 0.0821777 ms)
[03/03/2026-11:04:49] [I] Average on 10 runs - GPU latency: 0.102344 ms - Host latency: 0.102344 ms (enqueue 0.0851562 ms)
[03/03/2026-11:04:49] [I] Average on 10 runs - GPU latency: 0.0999512 ms - Host latency: 0.0999512 ms (enqueue 0.0827148 ms)
[03/03/2026-11:04:49] [I] Average on 10 runs - GPU latency: 0.102588 ms - Host latency: 0.102588 ms (enqueue 0.0846191 ms)
[03/03/2026-11:04:49] [I] Average on 10 runs - GPU latency: 0.100073 ms - Host latency: 0.100073 ms (enqueue 0.0830322 ms)
[03/03/2026-11:04:49] [I] Average on 10 runs - GPU latency: 0.101904 ms - Host latency: 0.101904 ms (enqueue 0.0848145 ms)
[03/03/2026-11:04:49] [I] Average on 10 runs - GPU latency: 0.100586 ms - Host latency: 0.100586 ms (enqueue 0.0832031 ms)
[03/03/2026-11:04:49] [I] Average on 10 runs - GPU latency: 0.0999512 ms - Host latency: 0.0999512 ms (enqueue 0.0827881 ms)
[03/03/2026-11:04:49] [I] Average on 10 runs - GPU latency: 0.0997314 ms - Host latency: 0.0997314 ms (enqueue 0.0822266 ms)
[03/03/2026-11:04:49] [I] Average on 10 runs - GPU latency: 0.102832 ms - Host latency: 0.102832 ms (enqueue 0.0854248 ms)
[03/03/2026-11:04:49] [I] Average on 10 runs - GPU latency: 0.0999512 ms - Host latency: 0.0999512 ms (enqueue 0.0828613 ms)
[03/03/2026-11:04:49] [I] Average on 10 runs - GPU latency: 0.101147 ms - Host latency: 0.101147 ms (enqueue 0.0837402 ms)
[03/03/2026-11:04:49] [I] Average on 10 runs - GPU latency: 0.100391 ms - Host latency: 0.100391 ms (enqueue 0.0830078 ms)
[03/03/2026-11:04:49] [I] Average on 10 runs - GPU latency: 0.102954 ms - Host latency: 0.102954 ms (enqueue 0.0855469 ms)
[03/03/2026-11:04:49] [I] Average on 10 runs - GPU latency: 0.101343 ms - Host latency: 0.101343 ms (enqueue 0.0834717 ms)
[03/03/2026-11:04:49] [I] Average on 10 runs - GPU latency: 0.0999756 ms - Host latency: 0.0999756 ms (enqueue 0.0824463 ms)
[03/03/2026-11:04:49] [I] Average on 10 runs - GPU latency: 0.102661 ms - Host latency: 0.102661 ms (enqueue 0.085376 ms)
[03/03/2026-11:04:49] [I] Average on 10 runs - GPU latency: 0.102515 ms - Host latency: 0.102515 ms (enqueue 0.0848877 ms)
[03/03/2026-11:04:49] [I] Average on 10 runs - GPU latency: 0.100195 ms - Host latency: 0.100195 ms (enqueue 0.0827393 ms)
[03/03/2026-11:04:49] [I] Average on 10 runs - GPU latency: 0.100952 ms - Host latency: 0.100952 ms (enqueue 0.0835937 ms)
[03/03/2026-11:04:49] [I] Average on 10 runs - GPU latency: 0.102612 ms - Host latency: 0.102612 ms (enqueue 0.0864502 ms)
[03/03/2026-11:04:49] [I] Average on 10 runs - GPU latency: 0.10083 ms - Host latency: 0.10083 ms (enqueue 0.0833008 ms)
[03/03/2026-11:04:49] [I] Average on 10 runs - GPU latency: 0.100781 ms - Host latency: 0.100781 ms (enqueue 0.0836914 ms)
[03/03/2026-11:04:49] [I] Average on 10 runs - GPU latency: 0.0993896 ms - Host latency: 0.0993896 ms (enqueue 0.0829102 ms)
[03/03/2026-11:04:49] [I] Average on 10 runs - GPU latency: 0.102783 ms - Host latency: 0.102783 ms (enqueue 0.085791 ms)
[03/03/2026-11:04:49] [I] Average on 10 runs - GPU latency: 0.101709 ms - Host latency: 0.101709 ms (enqueue 0.0841797 ms)
[03/03/2026-11:04:49] [I] Average on 10 runs - GPU latency: 0.0998047 ms - Host latency: 0.0998047 ms (enqueue 0.0829346 ms)
[03/03/2026-11:04:49] [I] Average on 10 runs - GPU latency: 0.0996338 ms - Host latency: 0.0996338 ms (enqueue 0.0822022 ms)
[03/03/2026-11:04:49] [I] Average on 10 runs - GPU latency: 0.102197 ms - Host latency: 0.102197 ms (enqueue 0.0859131 ms)
[03/03/2026-11:04:49] [I] Average on 10 runs - GPU latency: 0.0993896 ms - Host latency: 0.0993896 ms (enqueue 0.0822998 ms)
[03/03/2026-11:04:49] [I] Average on 10 runs - GPU latency: 0.100269 ms - Host latency: 0.100269 ms (enqueue 0.083252 ms)
[03/03/2026-11:04:49] [I] Average on 10 runs - GPU latency: 0.100342 ms - Host latency: 0.100342 ms (enqueue 0.0829102 ms)
[03/03/2026-11:04:49] [I] Average on 10 runs - GPU latency: 0.102051 ms - Host latency: 0.102051 ms (enqueue 0.0855225 ms)
[03/03/2026-11:04:49] [I] Average on 10 runs - GPU latency: 0.0999756 ms - Host latency: 0.0999756 ms (enqueue 0.0828613 ms)
[03/03/2026-11:04:49] [I] Average on 10 runs - GPU latency: 0.100391 ms - Host latency: 0.100391 ms (enqueue 0.0831543 ms)
[03/03/2026-11:04:49] [I] Average on 10 runs - GPU latency: 0.0998779 ms - Host latency: 0.0998779 ms (enqueue 0.0825439 ms)
[03/03/2026-11:04:49] [I] Average on 10 runs - GPU latency: 0.102319 ms - Host latency: 0.102319 ms (enqueue 0.0858154 ms)
[03/03/2026-11:04:49] [I] Average on 10 runs - GPU latency: 0.101587 ms - Host latency: 0.101587 ms (enqueue 0.0838135 ms)
[03/03/2026-11:04:49] [I] Average on 10 runs - GPU latency: 0.100293 ms - Host latency: 0.100293 ms (enqueue 0.0829102 ms)
[03/03/2026-11:04:49] [I] Average on 10 runs - GPU latency: 0.101001 ms - Host latency: 0.101001 ms (enqueue 0.0838623 ms)
[03/03/2026-11:04:49] [I] Average on 10 runs - GPU latency: 0.103882 ms - Host latency: 0.103882 ms (enqueue 0.0870605 ms)
[03/03/2026-11:04:49] [I] Average on 10 runs - GPU latency: 0.101636 ms - Host latency: 0.101636 ms (enqueue 0.0844971 ms)
[03/03/2026-11:04:49] [I] Average on 10 runs - GPU latency: 0.0996338 ms - Host latency: 0.0996338 ms (enqueue 0.082251 ms)
[03/03/2026-11:04:49] [I] Average on 10 runs - GPU latency: 0.100464 ms - Host latency: 0.100464 ms (enqueue 0.0830322 ms)
[03/03/2026-11:04:49] [I] Average on 10 runs - GPU latency: 0.103711 ms - Host latency: 0.103711 ms (enqueue 0.0858887 ms)
[03/03/2026-11:04:49] [I] Average on 10 runs - GPU latency: 0.100708 ms - Host latency: 0.100708 ms (enqueue 0.0831299 ms)
[03/03/2026-11:04:49] [I] Average on 10 runs - GPU latency: 0.0994873 ms - Host latency: 0.0994873 ms (enqueue 0.0824219 ms)
[03/03/2026-11:04:49] [I] Average on 10 runs - GPU latency: 0.100586 ms - Host latency: 0.100586 ms (enqueue 0.0848633 ms)
[03/03/2026-11:04:49] [I] Average on 10 runs - GPU latency: 0.103418 ms - Host latency: 0.103418 ms (enqueue 0.0847412 ms)
[03/03/2026-11:04:49] [I] Average on 10 runs - GPU latency: 0.1 ms - Host latency: 0.1 ms (enqueue 0.0829346 ms)
[03/03/2026-11:04:49] [I] Average on 10 runs - GPU latency: 0.101538 ms - Host latency: 0.101538 ms (enqueue 0.084375 ms)
[03/03/2026-11:04:49] [I] Average on 10 runs - GPU latency: 0.101782 ms - Host latency: 0.101782 ms (enqueue 0.0858643 ms)
[03/03/2026-11:04:49] [I] Average on 10 runs - GPU latency: 0.100366 ms - Host latency: 0.100366 ms (enqueue 0.0834229 ms)
[03/03/2026-11:04:49] [I] Average on 10 runs - GPU latency: 0.10083 ms - Host latency: 0.10083 ms (enqueue 0.0835449 ms)
[03/03/2026-11:04:49] [I] Average on 10 runs - GPU latency: 0.100415 ms - Host latency: 0.100415 ms (enqueue 0.082666 ms)
[03/03/2026-11:04:49] [I] Average on 10 runs - GPU latency: 0.100977 ms - Host latency: 0.100977 ms (enqueue 0.0844238 ms)
[03/03/2026-11:04:49] [I] Average on 10 runs - GPU latency: 0.100854 ms - Host latency: 0.100854 ms (enqueue 0.0837646 ms)
[03/03/2026-11:04:49] [I] Average on 10 runs - GPU latency: 0.0998535 ms - Host latency: 0.0998535 ms (enqueue 0.0828369 ms)
[03/03/2026-11:04:49] [I] Average on 10 runs - GPU latency: 0.10022 ms - Host latency: 0.10022 ms (enqueue 0.0829834 ms)
[03/03/2026-11:04:49] [I] Average on 10 runs - GPU latency: 0.100342 ms - Host latency: 0.100342 ms (enqueue 0.0847168 ms)
[03/03/2026-11:04:49] [I] Average on 10 runs - GPU latency: 0.101245 ms - Host latency: 0.101245 ms (enqueue 0.083252 ms)
[03/03/2026-11:04:49] [I] Average on 10 runs - GPU latency: 0.0996826 ms - Host latency: 0.0996826 ms (enqueue 0.0824951 ms)
[03/03/2026-11:04:49] [I] Average on 10 runs - GPU latency: 0.100708 ms - Host latency: 0.100708 ms (enqueue 0.0832031 ms)
[03/03/2026-11:04:49] [I] Average on 10 runs - GPU latency: 0.10271 ms - Host latency: 0.10271 ms (enqueue 0.0867432 ms)
[03/03/2026-11:04:49] [I] Average on 10 runs - GPU latency: 0.100342 ms - Host latency: 0.100342 ms (enqueue 0.0831055 ms)
[03/03/2026-11:04:49] [I] Average on 10 runs - GPU latency: 0.101147 ms - Host latency: 0.101147 ms (enqueue 0.0838135 ms)
[03/03/2026-11:04:49] [I] Average on 10 runs - GPU latency: 0.100684 ms - Host latency: 0.100684 ms (enqueue 0.0833008 ms)
[03/03/2026-11:04:49] [I] Average on 10 runs - GPU latency: 0.103442 ms - Host latency: 0.103442 ms (enqueue 0.0868896 ms)
[03/03/2026-11:04:49] [I] Average on 10 runs - GPU latency: 0.100391 ms - Host latency: 0.100391 ms (enqueue 0.0829834 ms)
[03/03/2026-11:04:49] [I] Average on 10 runs - GPU latency: 0.100977 ms - Host latency: 0.100977 ms (enqueue 0.0837158 ms)
[03/03/2026-11:04:49] [I] Average on 10 runs - GPU latency: 0.100757 ms - Host latency: 0.100757 ms (enqueue 0.0836426 ms)
[03/03/2026-11:04:49] [I] Average on 10 runs - GPU latency: 0.104858 ms - Host latency: 0.104858 ms (enqueue 0.0871338 ms)
[03/03/2026-11:04:49] [I] Average on 10 runs - GPU latency: 0.0998535 ms - Host latency: 0.0998535 ms (enqueue 0.0826416 ms)
[03/03/2026-11:04:49] [I] Average on 10 runs - GPU latency: 0.10061 ms - Host latency: 0.10061 ms (enqueue 0.083252 ms)
[03/03/2026-11:04:49] [I] Average on 10 runs - GPU latency: 0.0999023 ms - Host latency: 0.0999023 ms (enqueue 0.0824463 ms)
[03/03/2026-11:04:49] [I] Average on 10 runs - GPU latency: 0.10376 ms - Host latency: 0.10376 ms (enqueue 0.0860596 ms)
[03/03/2026-11:04:49] [I] Average on 10 runs - GPU latency: 0.101904 ms - Host latency: 0.101904 ms (enqueue 0.0843506 ms)
[03/03/2026-11:04:49] [I] Average on 10 runs - GPU latency: 0.100464 ms - Host latency: 0.100464 ms (enqueue 0.0830078 ms)
[03/03/2026-11:04:49] [I] Average on 10 runs - GPU latency: 0.0997559 ms - Host latency: 0.0997559 ms (enqueue 0.0823242 ms)
[03/03/2026-11:04:49] [I] Average on 10 runs - GPU latency: 0.100635 ms - Host latency: 0.100635 ms (enqueue 0.0849121 ms)
[03/03/2026-11:04:49] [I] Average on 10 runs - GPU latency: 0.0996582 ms - Host latency: 0.0996582 ms (enqueue 0.0820557 ms)
[03/03/2026-11:04:49] [I] Average on 10 runs - GPU latency: 0.0992432 ms - Host latency: 0.0992432 ms (enqueue 0.0820557 ms)
[03/03/2026-11:04:49] [I] Average on 10 runs - GPU latency: 0.102759 ms - Host latency: 0.102759 ms (enqueue 0.0866943 ms)
[03/03/2026-11:04:49] [I] Average on 10 runs - GPU latency: 0.10188 ms - Host latency: 0.10188 ms (enqueue 0.0844727 ms)
[03/03/2026-11:04:49] [I] Average on 10 runs - GPU latency: 0.100903 ms - Host latency: 0.100903 ms (enqueue 0.0832275 ms)
[03/03/2026-11:04:49] [I] Average on 10 runs - GPU latency: 0.0999512 ms - Host latency: 0.0999512 ms (enqueue 0.0825928 ms)
[03/03/2026-11:04:49] [I] Average on 10 runs - GPU latency: 0.101904 ms - Host latency: 0.101904 ms (enqueue 0.0854248 ms)
[03/03/2026-11:04:49] [I] Average on 10 runs - GPU latency: 0.100244 ms - Host latency: 0.100244 ms (enqueue 0.0834229 ms)
[03/03/2026-11:04:49] [I] Average on 10 runs - GPU latency: 0.0996582 ms - Host latency: 0.0996582 ms (enqueue 0.082666 ms)
[03/03/2026-11:04:49] [I] Average on 10 runs - GPU latency: 0.0999512 ms - Host latency: 0.0999512 ms (enqueue 0.0823486 ms)
[03/03/2026-11:04:49] [I] Average on 10 runs - GPU latency: 0.102026 ms - Host latency: 0.102026 ms (enqueue 0.0859375 ms)
[03/03/2026-11:04:49] [I] Average on 10 runs - GPU latency: 0.100269 ms - Host latency: 0.100269 ms (enqueue 0.083252 ms)
[03/03/2026-11:04:49] [I] Average on 10 runs - GPU latency: 0.0999756 ms - Host latency: 0.0999756 ms (enqueue 0.0830078 ms)
[03/03/2026-11:04:49] [I] Average on 10 runs - GPU latency: 0.0994629 ms - Host latency: 0.0994629 ms (enqueue 0.0820312 ms)
[03/03/2026-11:04:49] [I] Average on 10 runs - GPU latency: 0.103052 ms - Host latency: 0.103052 ms (enqueue 0.0861084 ms)
[03/03/2026-11:04:49] [I] Average on 10 runs - GPU latency: 0.100586 ms - Host latency: 0.100586 ms (enqueue 0.0830322 ms)
[03/03/2026-11:04:49] [I] Average on 10 runs - GPU latency: 0.100146 ms - Host latency: 0.100146 ms (enqueue 0.0828125 ms)
[03/03/2026-11:04:49] [I] Average on 10 runs - GPU latency: 0.100903 ms - Host latency: 0.100903 ms (enqueue 0.084082 ms)
[03/03/2026-11:04:49] [I] Average on 10 runs - GPU latency: 0.101196 ms - Host latency: 0.101196 ms (enqueue 0.084668 ms)
[03/03/2026-11:04:49] [I] Average on 10 runs - GPU latency: 0.10105 ms - Host latency: 0.10105 ms (enqueue 0.0834717 ms)
[03/03/2026-11:04:49] [I] Average on 10 runs - GPU latency: 0.101733 ms - Host latency: 0.101733 ms (enqueue 0.0842285 ms)
[03/03/2026-11:04:49] [I] Average on 10 runs - GPU latency: 0.100513 ms - Host latency: 0.100513 ms (enqueue 0.0828613 ms)
[03/03/2026-11:04:49] [I] Average on 10 runs - GPU latency: 0.103027 ms - Host latency: 0.103027 ms (enqueue 0.0858887 ms)
[03/03/2026-11:04:49] [I] Average on 10 runs - GPU latency: 0.100684 ms - Host latency: 0.100684 ms (enqueue 0.083667 ms)
[03/03/2026-11:04:49] [I] Average on 10 runs - GPU latency: 0.099585 ms - Host latency: 0.099585 ms (enqueue 0.0816895 ms)
[03/03/2026-11:04:49] [I] Average on 10 runs - GPU latency: 0.102002 ms - Host latency: 0.102002 ms (enqueue 0.0837646 ms)
[03/03/2026-11:04:49] [I] Average on 10 runs - GPU latency: 0.102832 ms - Host latency: 0.102832 ms (enqueue 0.0855713 ms)
[03/03/2026-11:04:49] [I] Average on 10 runs - GPU latency: 0.100757 ms - Host latency: 0.100757 ms (enqueue 0.0838623 ms)
[03/03/2026-11:04:49] [I] Average on 10 runs - GPU latency: 0.0998047 ms - Host latency: 0.0998047 ms (enqueue 0.0823242 ms)
[03/03/2026-11:04:49] [I] Average on 10 runs - GPU latency: 0.098877 ms - Host latency: 0.098877 ms (enqueue 0.0817627 ms)
[03/03/2026-11:04:49] [I] Average on 10 runs - GPU latency: 0.103711 ms - Host latency: 0.103711 ms (enqueue 0.0869385 ms)
[03/03/2026-11:04:49] [I] Average on 10 runs - GPU latency: 0.100366 ms - Host latency: 0.100366 ms (enqueue 0.0829346 ms)
[03/03/2026-11:04:49] [I] Average on 10 runs - GPU latency: 0.100977 ms - Host latency: 0.100977 ms (enqueue 0.0836182 ms)
[03/03/2026-11:04:49] [I] Average on 10 runs - GPU latency: 0.10105 ms - Host latency: 0.10105 ms (enqueue 0.083252 ms)
[03/03/2026-11:04:49] [I] Average on 10 runs - GPU latency: 0.102441 ms - Host latency: 0.102441 ms (enqueue 0.0846191 ms)
[03/03/2026-11:04:49] [I] Average on 10 runs - GPU latency: 0.100195 ms - Host latency: 0.100195 ms (enqueue 0.0828125 ms)
[03/03/2026-11:04:49] [I] Average on 10 runs - GPU latency: 0.102173 ms - Host latency: 0.102173 ms (enqueue 0.0846436 ms)
[03/03/2026-11:04:49] [I] Average on 10 runs - GPU latency: 0.101123 ms - Host latency: 0.101123 ms (enqueue 0.0848145 ms)
[03/03/2026-11:04:49] [I] Average on 10 runs - GPU latency: 0.0999268 ms - Host latency: 0.0999268 ms (enqueue 0.0819092 ms)
[03/03/2026-11:04:49] [I] Average on 10 runs - GPU latency: 0.0999023 ms - Host latency: 0.0999023 ms (enqueue 0.082959 ms)
[03/03/2026-11:04:49] [I] Average on 10 runs - GPU latency: 0.101025 ms - Host latency: 0.101025 ms (enqueue 0.0836182 ms)
[03/03/2026-11:04:49] [I] Average on 10 runs - GPU latency: 0.100391 ms - Host latency: 0.100391 ms (enqueue 0.0841553 ms)
[03/03/2026-11:04:49] [I] Average on 10 runs - GPU latency: 0.100293 ms - Host latency: 0.100293 ms (enqueue 0.0824463 ms)
[03/03/2026-11:04:49] [I] Average on 10 runs - GPU latency: 0.0999268 ms - Host latency: 0.0999268 ms (enqueue 0.0832764 ms)
[03/03/2026-11:04:49] [I] Average on 10 runs - GPU latency: 0.0997803 ms - Host latency: 0.0997803 ms (enqueue 0.0820068 ms)
[03/03/2026-11:04:49] [I] Average on 10 runs - GPU latency: 0.103687 ms - Host latency: 0.103687 ms (enqueue 0.0861084 ms)
[03/03/2026-11:04:49] [I] Average on 10 runs - GPU latency: 0.100024 ms - Host latency: 0.100024 ms (enqueue 0.0829834 ms)
[03/03/2026-11:04:49] [I] Average on 10 runs - GPU latency: 0.0996094 ms - Host latency: 0.0996094 ms (enqueue 0.082251 ms)
[03/03/2026-11:04:49] [I] Average on 10 runs - GPU latency: 0.103345 ms - Host latency: 0.103345 ms (enqueue 0.0853516 ms)
[03/03/2026-11:04:49] [I] Average on 10 runs - GPU latency: 0.102197 ms - Host latency: 0.102197 ms (enqueue 0.0854736 ms)
[03/03/2026-11:04:49] [I] Average on 10 runs - GPU latency: 0.0996094 ms - Host latency: 0.0996094 ms (enqueue 0.0825928 ms)
[03/03/2026-11:04:49] [I] Average on 10 runs - GPU latency: 0.0999023 ms - Host latency: 0.0999023 ms (enqueue 0.082666 ms)
[03/03/2026-11:04:49] [I] Average on 10 runs - GPU latency: 0.1 ms - Host latency: 0.1 ms (enqueue 0.0826416 ms)
[03/03/2026-11:04:49] [I] Average on 10 runs - GPU latency: 0.101221 ms - Host latency: 0.101221 ms (enqueue 0.0848145 ms)
[03/03/2026-11:04:49] [I] Average on 10 runs - GPU latency: 0.101489 ms - Host latency: 0.101489 ms (enqueue 0.0842285 ms)
[03/03/2026-11:04:49] [I] Average on 10 runs - GPU latency: 0.100171 ms - Host latency: 0.100171 ms (enqueue 0.0828613 ms)
[03/03/2026-11:04:49] [I] Average on 10 runs - GPU latency: 0.0997803 ms - Host latency: 0.0997803 ms (enqueue 0.0825928 ms)
[03/03/2026-11:04:49] [I] Average on 10 runs - GPU latency: 0.102466 ms - Host latency: 0.102466 ms (enqueue 0.0860107 ms)
[03/03/2026-11:04:49] [I] Average on 10 runs - GPU latency: 0.100781 ms - Host latency: 0.100781 ms (enqueue 0.0830322 ms)
[03/03/2026-11:04:49] [I] Average on 10 runs - GPU latency: 0.101904 ms - Host latency: 0.101904 ms (enqueue 0.0837891 ms)
[03/03/2026-11:04:49] [I] Average on 10 runs - GPU latency: 0.0993896 ms - Host latency: 0.0993896 ms (enqueue 0.0822022 ms)
[03/03/2026-11:04:49] [I] Average on 10 runs - GPU latency: 0.101953 ms - Host latency: 0.101953 ms (enqueue 0.085376 ms)
[03/03/2026-11:04:49] [I] Average on 10 runs - GPU latency: 0.100952 ms - Host latency: 0.100952 ms (enqueue 0.0834717 ms)
[03/03/2026-11:04:49] [I] Average on 10 runs - GPU latency: 0.0999023 ms - Host latency: 0.0999023 ms (enqueue 0.0830322 ms)
[03/03/2026-11:04:49] [I] Average on 10 runs - GPU latency: 0.0998047 ms - Host latency: 0.0998047 ms (enqueue 0.0827637 ms)
[03/03/2026-11:04:49] [I] Average on 10 runs - GPU latency: 0.101978 ms - Host latency: 0.101978 ms (enqueue 0.0856445 ms)
[03/03/2026-11:04:49] [I] Average on 10 runs - GPU latency: 0.0986816 ms - Host latency: 0.0986816 ms (enqueue 0.0811279 ms)
[03/03/2026-11:04:49] [I] Average on 10 runs - GPU latency: 0.0985596 ms - Host latency: 0.0985596 ms (enqueue 0.0815186 ms)
[03/03/2026-11:04:49] [I] Average on 10 runs - GPU latency: 0.0992432 ms - Host latency: 0.0992432 ms (enqueue 0.0822754 ms)
[03/03/2026-11:04:49] [I] Average on 10 runs - GPU latency: 0.102686 ms - Host latency: 0.102686 ms (enqueue 0.0849121 ms)
[03/03/2026-11:04:49] [I] Average on 10 runs - GPU latency: 0.100269 ms - Host latency: 0.100269 ms (enqueue 0.0835449 ms)
[03/03/2026-11:04:49] [I] Average on 10 runs - GPU latency: 0.101318 ms - Host latency: 0.101318 ms (enqueue 0.0834229 ms)
[03/03/2026-11:04:49] [I] Average on 10 runs - GPU latency: 0.100098 ms - Host latency: 0.100098 ms (enqueue 0.0828857 ms)
[03/03/2026-11:04:49] [I] Average on 10 runs - GPU latency: 0.100586 ms - Host latency: 0.100586 ms (enqueue 0.0843018 ms)
[03/03/2026-11:04:49] [I] Average on 10 runs - GPU latency: 0.100024 ms - Host latency: 0.100024 ms (enqueue 0.0828125 ms)
[03/03/2026-11:04:49] [I] Average on 10 runs - GPU latency: 0.0999023 ms - Host latency: 0.0999023 ms (enqueue 0.0826416 ms)
[03/03/2026-11:04:49] [I] Average on 10 runs - GPU latency: 0.100317 ms - Host latency: 0.100317 ms (enqueue 0.0848633 ms)
[03/03/2026-11:04:49] [I] Average on 10 runs - GPU latency: 0.10293 ms - Host latency: 0.10293 ms (enqueue 0.0849854 ms)
[03/03/2026-11:04:49] [I] Average on 10 runs - GPU latency: 0.100391 ms - Host latency: 0.100391 ms (enqueue 0.0832031 ms)
[03/03/2026-11:04:49] [I] Average on 10 runs - GPU latency: 0.100659 ms - Host latency: 0.100659 ms (enqueue 0.0842285 ms)
[03/03/2026-11:04:49] [I] Average on 10 runs - GPU latency: 0.101489 ms - Host latency: 0.101489 ms (enqueue 0.0846924 ms)
[03/03/2026-11:04:49] [I] Average on 10 runs - GPU latency: 0.100415 ms - Host latency: 0.100415 ms (enqueue 0.0831055 ms)
[03/03/2026-11:04:49] [I] Average on 10 runs - GPU latency: 0.10249 ms - Host latency: 0.10249 ms (enqueue 0.0845215 ms)
[03/03/2026-11:04:49] [I] Average on 10 runs - GPU latency: 0.100122 ms - Host latency: 0.100122 ms (enqueue 0.0826416 ms)
[03/03/2026-11:04:49] [I] Average on 10 runs - GPU latency: 0.102905 ms - Host latency: 0.102905 ms (enqueue 0.0863037 ms)
[03/03/2026-11:04:49] [I] Average on 10 runs - GPU latency: 0.100586 ms - Host latency: 0.100586 ms (enqueue 0.0835449 ms)
[03/03/2026-11:04:49] [I] Average on 10 runs - GPU latency: 0.099707 ms - Host latency: 0.099707 ms (enqueue 0.0826904 ms)
[03/03/2026-11:04:49] [I] Average on 10 runs - GPU latency: 0.101025 ms - Host latency: 0.101025 ms (enqueue 0.0833984 ms)
[03/03/2026-11:04:49] [I] Average on 10 runs - GPU latency: 0.102148 ms - Host latency: 0.102148 ms (enqueue 0.08479 ms)
[03/03/2026-11:04:49] [I] Average on 10 runs - GPU latency: 0.100122 ms - Host latency: 0.100122 ms (enqueue 0.0831787 ms)
[03/03/2026-11:04:49] [I] Average on 10 runs - GPU latency: 0.100562 ms - Host latency: 0.100562 ms (enqueue 0.0830811 ms)
[03/03/2026-11:04:49] [I] Average on 10 runs - GPU latency: 0.0997803 ms - Host latency: 0.0997803 ms (enqueue 0.0827637 ms)
[03/03/2026-11:04:49] [I] Average on 10 runs - GPU latency: 0.103052 ms - Host latency: 0.103052 ms (enqueue 0.0861328 ms)
[03/03/2026-11:04:49] [I] Average on 10 runs - GPU latency: 0.102026 ms - Host latency: 0.102026 ms (enqueue 0.0835937 ms)
[03/03/2026-11:04:49] [I] Average on 10 runs - GPU latency: 0.100122 ms - Host latency: 0.100122 ms (enqueue 0.082959 ms)
[03/03/2026-11:04:49] [I] Average on 10 runs - GPU latency: 0.0998779 ms - Host latency: 0.0998779 ms (enqueue 0.0823242 ms)
[03/03/2026-11:04:49] [I] Average on 10 runs - GPU latency: 0.102515 ms - Host latency: 0.102515 ms (enqueue 0.0849854 ms)
[03/03/2026-11:04:49] [I] Average on 10 runs - GPU latency: 0.100098 ms - Host latency: 0.100098 ms (enqueue 0.0828857 ms)
[03/03/2026-11:04:49] [I] Average on 10 runs - GPU latency: 0.0999023 ms - Host latency: 0.0999023 ms (enqueue 0.0825928 ms)
[03/03/2026-11:04:49] [I] Average on 10 runs - GPU latency: 0.10022 ms - Host latency: 0.10022 ms (enqueue 0.0829834 ms)
[03/03/2026-11:04:49] [I] Average on 10 runs - GPU latency: 0.103003 ms - Host latency: 0.103003 ms (enqueue 0.0856201 ms)
[03/03/2026-11:04:49] [I] Average on 10 runs - GPU latency: 0.0999512 ms - Host latency: 0.0999512 ms (enqueue 0.0830078 ms)
[03/03/2026-11:04:49] [I] Average on 10 runs - GPU latency: 0.0990967 ms - Host latency: 0.0990967 ms (enqueue 0.0814941 ms)
[03/03/2026-11:04:49] [I] Average on 10 runs - GPU latency: 0.0994629 ms - Host latency: 0.0994629 ms (enqueue 0.0826904 ms)
[03/03/2026-11:04:49] [I] Average on 10 runs - GPU latency: 0.102637 ms - Host latency: 0.102637 ms (enqueue 0.0858643 ms)
[03/03/2026-11:04:49] [I] Average on 10 runs - GPU latency: 0.101025 ms - Host latency: 0.101025 ms (enqueue 0.0828125 ms)
[03/03/2026-11:04:49] [I] Average on 10 runs - GPU latency: 0.0998291 ms - Host latency: 0.0998291 ms (enqueue 0.0823486 ms)
[03/03/2026-11:04:49] [I] Average on 10 runs - GPU latency: 0.100781 ms - Host latency: 0.100781 ms (enqueue 0.0831299 ms)
[03/03/2026-11:04:49] [I] Average on 10 runs - GPU latency: 0.103027 ms - Host latency: 0.103027 ms (enqueue 0.0857666 ms)
[03/03/2026-11:04:49] [I] Average on 10 runs - GPU latency: 0.100488 ms - Host latency: 0.100488 ms (enqueue 0.0830078 ms)
[03/03/2026-11:04:49] [I] Average on 10 runs - GPU latency: 0.100537 ms - Host latency: 0.100537 ms (enqueue 0.0835205 ms)
[03/03/2026-11:04:49] [I] Average on 10 runs - GPU latency: 0.100684 ms - Host latency: 0.100684 ms (enqueue 0.0835205 ms)
[03/03/2026-11:04:49] [I] Average on 10 runs - GPU latency: 0.105273 ms - Host latency: 0.105273 ms (enqueue 0.0881836 ms)
[03/03/2026-11:04:49] [I] Average on 10 runs - GPU latency: 0.100977 ms - Host latency: 0.100977 ms (enqueue 0.0831787 ms)
[03/03/2026-11:04:49] [I] Average on 10 runs - GPU latency: 0.0994873 ms - Host latency: 0.0994873 ms (enqueue 0.0828125 ms)
[03/03/2026-11:04:49] [I] Average on 10 runs - GPU latency: 0.102173 ms - Host latency: 0.102173 ms (enqueue 0.08479 ms)
[03/03/2026-11:04:49] [I] Average on 10 runs - GPU latency: 0.102222 ms - Host latency: 0.102222 ms (enqueue 0.0841064 ms)
[03/03/2026-11:04:49] [I] Average on 10 runs - GPU latency: 0.0998047 ms - Host latency: 0.0998047 ms (enqueue 0.0825439 ms)
[03/03/2026-11:04:49] [I] Average on 10 runs - GPU latency: 0.0998779 ms - Host latency: 0.0998779 ms (enqueue 0.0825928 ms)
[03/03/2026-11:04:49] [I] Average on 10 runs - GPU latency: 0.10083 ms - Host latency: 0.10083 ms (enqueue 0.0831787 ms)
[03/03/2026-11:04:49] [I] Average on 10 runs - GPU latency: 0.0997803 ms - Host latency: 0.0997803 ms (enqueue 0.0823975 ms)
[03/03/2026-11:04:49] [I] Average on 10 runs - GPU latency: 0.100684 ms - Host latency: 0.100684 ms (enqueue 0.0835937 ms)
[03/03/2026-11:04:49] [I] Average on 10 runs - GPU latency: 0.100269 ms - Host latency: 0.100269 ms (enqueue 0.0831299 ms)
[03/03/2026-11:04:49] [I] Average on 10 runs - GPU latency: 0.103003 ms - Host latency: 0.103003 ms (enqueue 0.0850098 ms)
[03/03/2026-11:04:49] [I] Average on 10 runs - GPU latency: 0.0991699 ms - Host latency: 0.0991699 ms (enqueue 0.0820312 ms)
[03/03/2026-11:04:49] [I] Average on 10 runs - GPU latency: 0.10022 ms - Host latency: 0.10022 ms (enqueue 0.0829346 ms)
[03/03/2026-11:04:49] [I] Average on 10 runs - GPU latency: 0.0996582 ms - Host latency: 0.0996582 ms (enqueue 0.0823486 ms)
[03/03/2026-11:04:49] [I] Average on 10 runs - GPU latency: 0.102515 ms - Host latency: 0.102515 ms (enqueue 0.0839111 ms)
[03/03/2026-11:04:49] [I] Average on 10 runs - GPU latency: 0.100513 ms - Host latency: 0.100513 ms (enqueue 0.0834229 ms)
[03/03/2026-11:04:49] [I] Average on 10 runs - GPU latency: 0.101245 ms - Host latency: 0.101245 ms (enqueue 0.0841064 ms)
[03/03/2026-11:04:49] [I] Average on 10 runs - GPU latency: 0.0998779 ms - Host latency: 0.0998779 ms (enqueue 0.0827148 ms)
[03/03/2026-11:04:49] [I] Average on 10 runs - GPU latency: 0.101782 ms - Host latency: 0.101782 ms (enqueue 0.0851318 ms)
[03/03/2026-11:04:49] [I] Average on 10 runs - GPU latency: 0.100024 ms - Host latency: 0.100024 ms (enqueue 0.0829346 ms)
[03/03/2026-11:04:49] [I] Average on 10 runs - GPU latency: 0.0999268 ms - Host latency: 0.0999268 ms (enqueue 0.0832031 ms)
[03/03/2026-11:04:49] [I] Average on 10 runs - GPU latency: 0.100635 ms - Host latency: 0.100635 ms (enqueue 0.0828613 ms)
[03/03/2026-11:04:49] [I] Average on 10 runs - GPU latency: 0.102417 ms - Host latency: 0.102417 ms (enqueue 0.0864014 ms)
[03/03/2026-11:04:49] [I] Average on 10 runs - GPU latency: 0.101367 ms - Host latency: 0.101367 ms (enqueue 0.0839844 ms)
[03/03/2026-11:04:49] [I] Average on 10 runs - GPU latency: 0.100708 ms - Host latency: 0.100708 ms (enqueue 0.0833252 ms)
[03/03/2026-11:04:49] [I] Average on 10 runs - GPU latency: 0.0993652 ms - Host latency: 0.0993652 ms (enqueue 0.0818115 ms)
[03/03/2026-11:04:49] [I] Average on 10 runs - GPU latency: 0.104639 ms - Host latency: 0.104639 ms (enqueue 0.0879395 ms)
[03/03/2026-11:04:49] [I] Average on 10 runs - GPU latency: 0.100293 ms - Host latency: 0.100293 ms (enqueue 0.0830811 ms)
[03/03/2026-11:04:49] [I] Average on 10 runs - GPU latency: 0.0983887 ms - Host latency: 0.0983887 ms (enqueue 0.0810059 ms)
[03/03/2026-11:04:49] [I] Average on 10 runs - GPU latency: 0.0994141 ms - Host latency: 0.0994141 ms (enqueue 0.0822266 ms)
[03/03/2026-11:04:49] [I] Average on 10 runs - GPU latency: 0.100293 ms - Host latency: 0.100293 ms (enqueue 0.084082 ms)
[03/03/2026-11:04:49] [I] Average on 10 runs - GPU latency: 0.100098 ms - Host latency: 0.100098 ms (enqueue 0.0829102 ms)
[03/03/2026-11:04:49] [I] Average on 10 runs - GPU latency: 0.0984131 ms - Host latency: 0.0984131 ms (enqueue 0.0815674 ms)
[03/03/2026-11:04:49] [I] Average on 10 runs - GPU latency: 0.0987305 ms - Host latency: 0.0987305 ms (enqueue 0.0816406 ms)
[03/03/2026-11:04:49] [I] Average on 10 runs - GPU latency: 0.104614 ms - Host latency: 0.104614 ms (enqueue 0.0869385 ms)
[03/03/2026-11:04:49] [I] Average on 10 runs - GPU latency: 0.100659 ms - Host latency: 0.100659 ms (enqueue 0.0831787 ms)
[03/03/2026-11:04:49] [I] Average on 10 runs - GPU latency: 0.0998779 ms - Host latency: 0.0998779 ms (enqueue 0.0827881 ms)
[03/03/2026-11:04:49] [I] Average on 10 runs - GPU latency: 0.101245 ms - Host latency: 0.101245 ms (enqueue 0.0850098 ms)
[03/03/2026-11:04:49] [I] Average on 10 runs - GPU latency: 0.101685 ms - Host latency: 0.101685 ms (enqueue 0.0833984 ms)
[03/03/2026-11:04:49] [I] Average on 10 runs - GPU latency: 0.100879 ms - Host latency: 0.100879 ms (enqueue 0.0834717 ms)
[03/03/2026-11:04:49] [I] Average on 10 runs - GPU latency: 0.100732 ms - Host latency: 0.100732 ms (enqueue 0.0833496 ms)
[03/03/2026-11:04:49] [I] Average on 10 runs - GPU latency: 0.100122 ms - Host latency: 0.100122 ms (enqueue 0.0843994 ms)
[03/03/2026-11:04:49] [I] Average on 10 runs - GPU latency: 0.101074 ms - Host latency: 0.101074 ms (enqueue 0.0831787 ms)
[03/03/2026-11:04:49] [I] Average on 10 runs - GPU latency: 0.0991943 ms - Host latency: 0.0991943 ms (enqueue 0.0818359 ms)
[03/03/2026-11:04:49] [I] Average on 10 runs - GPU latency: 0.100098 ms - Host latency: 0.100098 ms (enqueue 0.0829102 ms)
[03/03/2026-11:04:49] [I] Average on 10 runs - GPU latency: 0.102856 ms - Host latency: 0.102856 ms (enqueue 0.085376 ms)
[03/03/2026-11:04:49] [I] Average on 10 runs - GPU latency: 0.100806 ms - Host latency: 0.100806 ms (enqueue 0.0834473 ms)
[03/03/2026-11:04:49] [I] Average on 10 runs - GPU latency: 0.100391 ms - Host latency: 0.100391 ms (enqueue 0.083374 ms)
[03/03/2026-11:04:49] [I] Average on 10 runs - GPU latency: 0.100415 ms - Host latency: 0.100415 ms (enqueue 0.083252 ms)
[03/03/2026-11:04:49] [I] Average on 10 runs - GPU latency: 0.102393 ms - Host latency: 0.102393 ms (enqueue 0.0852295 ms)
[03/03/2026-11:04:49] [I] Average on 10 runs - GPU latency: 0.100293 ms - Host latency: 0.100293 ms (enqueue 0.0829346 ms)
[03/03/2026-11:04:49] [I] Average on 10 runs - GPU latency: 0.100244 ms - Host latency: 0.100244 ms (enqueue 0.0832764 ms)
[03/03/2026-11:04:49] [I] Average on 10 runs - GPU latency: 0.100366 ms - Host latency: 0.100366 ms (enqueue 0.0835449 ms)
[03/03/2026-11:04:49] [I] Average on 10 runs - GPU latency: 0.101685 ms - Host latency: 0.101685 ms (enqueue 0.0854248 ms)
[03/03/2026-11:04:49] [I] Average on 10 runs - GPU latency: 0.0998535 ms - Host latency: 0.0998535 ms (enqueue 0.0824219 ms)
[03/03/2026-11:04:49] [I] Average on 10 runs - GPU latency: 0.0998779 ms - Host latency: 0.0998779 ms (enqueue 0.0825928 ms)
[03/03/2026-11:04:49] [I] Average on 10 runs - GPU latency: 0.100488 ms - Host latency: 0.100488 ms (enqueue 0.0834717 ms)
[03/03/2026-11:04:49] [I] Average on 10 runs - GPU latency: 0.100928 ms - Host latency: 0.100928 ms (enqueue 0.0843262 ms)
[03/03/2026-11:04:49] [I] Average on 10 runs - GPU latency: 0.099585 ms - Host latency: 0.099585 ms (enqueue 0.0820557 ms)
[03/03/2026-11:04:49] [I] Average on 10 runs - GPU latency: 0.0997803 ms - Host latency: 0.0997803 ms (enqueue 0.0822998 ms)
[03/03/2026-11:04:49] [I] Average on 10 runs - GPU latency: 0.101733 ms - Host latency: 0.101733 ms (enqueue 0.0835937 ms)
[03/03/2026-11:04:49] [I] Average on 10 runs - GPU latency: 0.102295 ms - Host latency: 0.102295 ms (enqueue 0.0863281 ms)
[03/03/2026-11:04:49] [I] Average on 10 runs - GPU latency: 0.0998047 ms - Host latency: 0.0998047 ms (enqueue 0.0826172 ms)
[03/03/2026-11:04:49] [I] Average on 10 runs - GPU latency: 0.0995117 ms - Host latency: 0.0995117 ms (enqueue 0.0822022 ms)
[03/03/2026-11:04:49] [I] Average on 10 runs - GPU latency: 0.100562 ms - Host latency: 0.100562 ms (enqueue 0.0831299 ms)
[03/03/2026-11:04:49] [I] Average on 10 runs - GPU latency: 0.101709 ms - Host latency: 0.101709 ms (enqueue 0.0857666 ms)
[03/03/2026-11:04:49] [I] Average on 10 runs - GPU latency: 0.100586 ms - Host latency: 0.100586 ms (enqueue 0.0834473 ms)
[03/03/2026-11:04:49] [I] Average on 10 runs - GPU latency: 0.0998291 ms - Host latency: 0.0998291 ms (enqueue 0.0827148 ms)
[03/03/2026-11:04:49] [I] Average on 10 runs - GPU latency: 0.0994629 ms - Host latency: 0.0994629 ms (enqueue 0.082251 ms)
[03/03/2026-11:04:49] [I] Average on 10 runs - GPU latency: 0.10127 ms - Host latency: 0.10127 ms (enqueue 0.0849609 ms)
[03/03/2026-11:04:49] [I] Average on 10 runs - GPU latency: 0.0999023 ms - Host latency: 0.0999023 ms (enqueue 0.0824951 ms)
[03/03/2026-11:04:49] [I] Average on 10 runs - GPU latency: 0.10105 ms - Host latency: 0.10105 ms (enqueue 0.0833252 ms)
[03/03/2026-11:04:49] [I] Average on 10 runs - GPU latency: 0.10061 ms - Host latency: 0.10061 ms (enqueue 0.0830811 ms)
[03/03/2026-11:04:49] [I] Average on 10 runs - GPU latency: 0.103125 ms - Host latency: 0.103125 ms (enqueue 0.0868652 ms)
[03/03/2026-11:04:49] [I] Average on 10 runs - GPU latency: 0.100146 ms - Host latency: 0.100146 ms (enqueue 0.0830078 ms)
[03/03/2026-11:04:49] [I] Average on 10 runs - GPU latency: 0.100488 ms - Host latency: 0.100488 ms (enqueue 0.083252 ms)
[03/03/2026-11:04:49] [I] Average on 10 runs - GPU latency: 0.100464 ms - Host latency: 0.100464 ms (enqueue 0.0853027 ms)
[03/03/2026-11:04:49] [I] Average on 10 runs - GPU latency: 0.10249 ms - Host latency: 0.10249 ms (enqueue 0.0845947 ms)
[03/03/2026-11:04:49] [I] Average on 10 runs - GPU latency: 0.0997559 ms - Host latency: 0.0997559 ms (enqueue 0.0825684 ms)
[03/03/2026-11:04:49] [I] Average on 10 runs - GPU latency: 0.0996582 ms - Host latency: 0.0996582 ms (enqueue 0.0822022 ms)
[03/03/2026-11:04:49] [I] Average on 10 runs - GPU latency: 0.100708 ms - Host latency: 0.100708 ms (enqueue 0.0846436 ms)
[03/03/2026-11:04:49] [I] Average on 10 runs - GPU latency: 0.099707 ms - Host latency: 0.099707 ms (enqueue 0.0825195 ms)
[03/03/2026-11:04:49] [I] Average on 10 runs - GPU latency: 0.0997803 ms - Host latency: 0.0997803 ms (enqueue 0.0823242 ms)
[03/03/2026-11:04:49] [I] Average on 10 runs - GPU latency: 0.100708 ms - Host latency: 0.100708 ms (enqueue 0.0830078 ms)
[03/03/2026-11:04:49] [I] Average on 10 runs - GPU latency: 0.100977 ms - Host latency: 0.100977 ms (enqueue 0.0845947 ms)
[03/03/2026-11:04:49] [I] Average on 10 runs - GPU latency: 0.0992676 ms - Host latency: 0.0992676 ms (enqueue 0.082251 ms)
[03/03/2026-11:04:49] [I] Average on 10 runs - GPU latency: 0.0993652 ms - Host latency: 0.0993652 ms (enqueue 0.0825195 ms)
[03/03/2026-11:04:49] [I] Average on 10 runs - GPU latency: 0.0999756 ms - Host latency: 0.0999756 ms (enqueue 0.0830322 ms)
[03/03/2026-11:04:49] [I] Average on 10 runs - GPU latency: 0.103857 ms - Host latency: 0.103857 ms (enqueue 0.0860596 ms)
[03/03/2026-11:04:49] [I] Average on 10 runs - GPU latency: 0.100415 ms - Host latency: 0.100415 ms (enqueue 0.0830811 ms)
[03/03/2026-11:04:49] [I] Average on 10 runs - GPU latency: 0.100073 ms - Host latency: 0.100073 ms (enqueue 0.0826416 ms)
[03/03/2026-11:04:49] [I] Average on 10 runs - GPU latency: 0.100122 ms - Host latency: 0.100122 ms (enqueue 0.082959 ms)
[03/03/2026-11:04:49] [I] Average on 10 runs - GPU latency: 0.102246 ms - Host latency: 0.102246 ms (enqueue 0.084082 ms)
[03/03/2026-11:04:49] [I] Average on 10 runs - GPU latency: 0.100024 ms - Host latency: 0.100024 ms (enqueue 0.0823242 ms)
[03/03/2026-11:04:49] [I] Average on 10 runs - GPU latency: 0.102246 ms - Host latency: 0.102246 ms (enqueue 0.0848145 ms)
[03/03/2026-11:04:49] [I] Average on 10 runs - GPU latency: 0.10061 ms - Host latency: 0.10061 ms (enqueue 0.0831787 ms)
[03/03/2026-11:04:49] [I] Average on 10 runs - GPU latency: 0.102222 ms - Host latency: 0.102222 ms (enqueue 0.0855713 ms)
[03/03/2026-11:04:49] [I] Average on 10 runs - GPU latency: 0.1 ms - Host latency: 0.1 ms (enqueue 0.0831299 ms)
[03/03/2026-11:04:49] [I] Average on 10 runs - GPU latency: 0.100415 ms - Host latency: 0.100415 ms (enqueue 0.0829102 ms)
[03/03/2026-11:04:49] [I] Average on 10 runs - GPU latency: 0.10188 ms - Host latency: 0.10188 ms (enqueue 0.0847412 ms)
[03/03/2026-11:04:49] [I] Average on 10 runs - GPU latency: 0.104053 ms - Host latency: 0.104053 ms (enqueue 0.0872803 ms)
[03/03/2026-11:04:49] [I] Average on 10 runs - GPU latency: 0.101343 ms - Host latency: 0.101343 ms (enqueue 0.0837158 ms)
[03/03/2026-11:04:49] [I] Average on 10 runs - GPU latency: 0.0997559 ms - Host latency: 0.0997559 ms (enqueue 0.0831055 ms)
[03/03/2026-11:04:49] [I] Average on 10 runs - GPU latency: 0.100269 ms - Host latency: 0.100269 ms (enqueue 0.082666 ms)
[03/03/2026-11:04:49] [I] Average on 10 runs - GPU latency: 0.103394 ms - Host latency: 0.103394 ms (enqueue 0.0855957 ms)
[03/03/2026-11:04:49] [I] Average on 10 runs - GPU latency: 0.100928 ms - Host latency: 0.100928 ms (enqueue 0.0838379 ms)
[03/03/2026-11:04:49] [I] Average on 10 runs - GPU latency: 0.102026 ms - Host latency: 0.102026 ms (enqueue 0.0842285 ms)
[03/03/2026-11:04:49] [I] Average on 10 runs - GPU latency: 0.0993164 ms - Host latency: 0.0993164 ms (enqueue 0.0825195 ms)
[03/03/2026-11:04:49] [I] Average on 10 runs - GPU latency: 0.102515 ms - Host latency: 0.102515 ms (enqueue 0.0833252 ms)
[03/03/2026-11:04:49] [I] Average on 10 runs - GPU latency: 0.0985107 ms - Host latency: 0.0985107 ms (enqueue 0.0812744 ms)
[03/03/2026-11:04:49] [I] Average on 10 runs - GPU latency: 0.0996826 ms - Host latency: 0.0996826 ms (enqueue 0.0821533 ms)
[03/03/2026-11:04:49] [I] Average on 10 runs - GPU latency: 0.100513 ms - Host latency: 0.100513 ms (enqueue 0.0827393 ms)
[03/03/2026-11:04:49] [I] Average on 10 runs - GPU latency: 0.101904 ms - Host latency: 0.101904 ms (enqueue 0.0848145 ms)
[03/03/2026-11:04:49] [I] Average on 10 runs - GPU latency: 0.0999756 ms - Host latency: 0.0999756 ms (enqueue 0.0825684 ms)
[03/03/2026-11:04:49] [I] Average on 10 runs - GPU latency: 0.100073 ms - Host latency: 0.100073 ms (enqueue 0.0832275 ms)
[03/03/2026-11:04:49] [I] Average on 10 runs - GPU latency: 0.1 ms - Host latency: 0.1 ms (enqueue 0.0839844 ms)
[03/03/2026-11:04:49] [I] Average on 10 runs - GPU latency: 0.100757 ms - Host latency: 0.100757 ms (enqueue 0.0826904 ms)
[03/03/2026-11:04:49] [I] Average on 10 runs - GPU latency: 0.102026 ms - Host latency: 0.102026 ms (enqueue 0.0842773 ms)
[03/03/2026-11:04:49] [I] Average on 10 runs - GPU latency: 0.100049 ms - Host latency: 0.100049 ms (enqueue 0.0826172 ms)
[03/03/2026-11:04:49] [I] Average on 10 runs - GPU latency: 0.101758 ms - Host latency: 0.101758 ms (enqueue 0.0855713 ms)
[03/03/2026-11:04:49] [I] Average on 10 runs - GPU latency: 0.101099 ms - Host latency: 0.101099 ms (enqueue 0.0831787 ms)
[03/03/2026-11:04:49] [I] Average on 10 runs - GPU latency: 0.0995361 ms - Host latency: 0.0995361 ms (enqueue 0.0822022 ms)
[03/03/2026-11:04:49] [I] Average on 10 runs - GPU latency: 0.10022 ms - Host latency: 0.10022 ms (enqueue 0.0830566 ms)
[03/03/2026-11:04:49] [I] Average on 10 runs - GPU latency: 0.103467 ms - Host latency: 0.103467 ms (enqueue 0.0867188 ms)
[03/03/2026-11:04:49] [I] Average on 10 runs - GPU latency: 0.0996094 ms - Host latency: 0.0996094 ms (enqueue 0.082373 ms)
[03/03/2026-11:04:49] [I] Average on 10 runs - GPU latency: 0.100806 ms - Host latency: 0.100806 ms (enqueue 0.0833496 ms)
[03/03/2026-11:04:49] [I] Average on 10 runs - GPU latency: 0.0996582 ms - Host latency: 0.0996582 ms (enqueue 0.0825195 ms)
[03/03/2026-11:04:49] [I] Average on 10 runs - GPU latency: 0.102344 ms - Host latency: 0.102344 ms (enqueue 0.0856445 ms)
[03/03/2026-11:04:49] [I] Average on 10 runs - GPU latency: 0.101147 ms - Host latency: 0.101147 ms (enqueue 0.0833984 ms)
[03/03/2026-11:04:49] [I] Average on 10 runs - GPU latency: 0.0996826 ms - Host latency: 0.0996826 ms (enqueue 0.0826172 ms)
[03/03/2026-11:04:49] [I] Average on 10 runs - GPU latency: 0.0999023 ms - Host latency: 0.0999023 ms (enqueue 0.082666 ms)
[03/03/2026-11:04:49] [I] Average on 10 runs - GPU latency: 0.102515 ms - Host latency: 0.102515 ms (enqueue 0.0861572 ms)
[03/03/2026-11:04:49] [I] Average on 10 runs - GPU latency: 0.100391 ms - Host latency: 0.100391 ms (enqueue 0.0831543 ms)
[03/03/2026-11:04:49] [I] Average on 10 runs - GPU latency: 0.100171 ms - Host latency: 0.100171 ms (enqueue 0.0832764 ms)
[03/03/2026-11:04:49] [I] Average on 10 runs - GPU latency: 0.100513 ms - Host latency: 0.100513 ms (enqueue 0.0829834 ms)
[03/03/2026-11:04:49] [I] Average on 10 runs - GPU latency: 0.103003 ms - Host latency: 0.103003 ms (enqueue 0.0854004 ms)
[03/03/2026-11:04:49] [I] Average on 10 runs - GPU latency: 0.0994629 ms - Host latency: 0.0994629 ms (enqueue 0.0822754 ms)
[03/03/2026-11:04:49] [I] Average on 10 runs - GPU latency: 0.0997803 ms - Host latency: 0.0997803 ms (enqueue 0.0826904 ms)
[03/03/2026-11:04:49] [I] Average on 10 runs - GPU latency: 0.0990967 ms - Host latency: 0.0990967 ms (enqueue 0.0818359 ms)
[03/03/2026-11:04:49] [I] Average on 10 runs - GPU latency: 0.101709 ms - Host latency: 0.101709 ms (enqueue 0.0851562 ms)
[03/03/2026-11:04:49] [I] Average on 10 runs - GPU latency: 0.101685 ms - Host latency: 0.101685 ms (enqueue 0.0836914 ms)
[03/03/2026-11:04:49] [I] Average on 10 runs - GPU latency: 0.0990967 ms - Host latency: 0.0990967 ms (enqueue 0.0822266 ms)
[03/03/2026-11:04:49] [I] Average on 10 runs - GPU latency: 0.0998291 ms - Host latency: 0.0998291 ms (enqueue 0.0823486 ms)
[03/03/2026-11:04:49] [I] Average on 10 runs - GPU latency: 0.101514 ms - Host latency: 0.101514 ms (enqueue 0.0850098 ms)
[03/03/2026-11:04:49] [I] Average on 10 runs - GPU latency: 0.0989258 ms - Host latency: 0.0989258 ms (enqueue 0.0817871 ms)
[03/03/2026-11:04:49] [I] Average on 10 runs - GPU latency: 0.10083 ms - Host latency: 0.10083 ms (enqueue 0.0832764 ms)
[03/03/2026-11:04:49] [I] Average on 10 runs - GPU latency: 0.100464 ms - Host latency: 0.100464 ms (enqueue 0.0828369 ms)
[03/03/2026-11:04:49] [I] Average on 10 runs - GPU latency: 0.102905 ms - Host latency: 0.102905 ms (enqueue 0.0861084 ms)
[03/03/2026-11:04:49] [I] Average on 10 runs - GPU latency: 0.100146 ms - Host latency: 0.100146 ms (enqueue 0.0830811 ms)
[03/03/2026-11:04:49] [I] Average on 10 runs - GPU latency: 0.10022 ms - Host latency: 0.10022 ms (enqueue 0.0827637 ms)
[03/03/2026-11:04:49] [I] Average on 10 runs - GPU latency: 0.0998047 ms - Host latency: 0.0998047 ms (enqueue 0.082251 ms)
[03/03/2026-11:04:49] [I] Average on 10 runs - GPU latency: 0.103906 ms - Host latency: 0.103906 ms (enqueue 0.0865234 ms)
[03/03/2026-11:04:49] [I] Average on 10 runs - GPU latency: 0.0990479 ms - Host latency: 0.0990479 ms (enqueue 0.0822998 ms)
[03/03/2026-11:04:49] [I] Average on 10 runs - GPU latency: 0.0986816 ms - Host latency: 0.0986816 ms (enqueue 0.08125 ms)
[03/03/2026-11:04:49] [I] Average on 10 runs - GPU latency: 0.0990234 ms - Host latency: 0.0990234 ms (enqueue 0.0836914 ms)
[03/03/2026-11:04:49] [I] Average on 10 runs - GPU latency: 0.100903 ms - Host latency: 0.100903 ms (enqueue 0.0833008 ms)
[03/03/2026-11:04:49] [I] Average on 10 runs - GPU latency: 0.0999268 ms - Host latency: 0.0999268 ms (enqueue 0.0824707 ms)
[03/03/2026-11:04:49] [I] Average on 10 runs - GPU latency: 0.0988525 ms - Host latency: 0.0988525 ms (enqueue 0.0816406 ms)
[03/03/2026-11:04:49] [I] Average on 10 runs - GPU latency: 0.101196 ms - Host latency: 0.101196 ms (enqueue 0.0833252 ms)
[03/03/2026-11:04:49] [I] Average on 10 runs - GPU latency: 0.100659 ms - Host latency: 0.100659 ms (enqueue 0.0829102 ms)
[03/03/2026-11:04:49] [I] Average on 10 runs - GPU latency: 0.0999756 ms - Host latency: 0.0999756 ms (enqueue 0.0827637 ms)
[03/03/2026-11:04:49] [I] Average on 10 runs - GPU latency: 0.100122 ms - Host latency: 0.100122 ms (enqueue 0.0832031 ms)
[03/03/2026-11:04:49] [I] Average on 10 runs - GPU latency: 0.103735 ms - Host latency: 0.103735 ms (enqueue 0.0854004 ms)
[03/03/2026-11:04:49] [I] Average on 10 runs - GPU latency: 0.100024 ms - Host latency: 0.100024 ms (enqueue 0.0828857 ms)
[03/03/2026-11:04:49] [I] Average on 10 runs - GPU latency: 0.0996826 ms - Host latency: 0.0996826 ms (enqueue 0.0822266 ms)
[03/03/2026-11:04:49] [I] Average on 10 runs - GPU latency: 0.0996826 ms - Host latency: 0.0996826 ms (enqueue 0.0823975 ms)
[03/03/2026-11:04:49] [I] Average on 10 runs - GPU latency: 0.100732 ms - Host latency: 0.100732 ms (enqueue 0.084082 ms)
[03/03/2026-11:04:49] [I] Average on 10 runs - GPU latency: 0.0991211 ms - Host latency: 0.0991211 ms (enqueue 0.0819092 ms)
[03/03/2026-11:04:49] [I] Average on 10 runs - GPU latency: 0.0997803 ms - Host latency: 0.0997803 ms (enqueue 0.0831055 ms)
[03/03/2026-11:04:49] [I] Average on 10 runs - GPU latency: 0.0992187 ms - Host latency: 0.0992187 ms (enqueue 0.0821533 ms)
[03/03/2026-11:04:49] [I] Average on 10 runs - GPU latency: 0.101025 ms - Host latency: 0.101025 ms (enqueue 0.0844482 ms)
[03/03/2026-11:04:49] [I] Average on 10 runs - GPU latency: 0.0999023 ms - Host latency: 0.0999023 ms (enqueue 0.0825684 ms)
[03/03/2026-11:04:49] [I] Average on 10 runs - GPU latency: 0.0999756 ms - Host latency: 0.0999756 ms (enqueue 0.0827148 ms)
[03/03/2026-11:04:49] [I] Average on 10 runs - GPU latency: 0.098877 ms - Host latency: 0.098877 ms (enqueue 0.0819092 ms)
[03/03/2026-11:04:49] [I] Average on 10 runs - GPU latency: 0.102197 ms - Host latency: 0.102197 ms (enqueue 0.0851318 ms)
[03/03/2026-11:04:49] [I] Average on 10 runs - GPU latency: 0.100171 ms - Host latency: 0.100171 ms (enqueue 0.0826172 ms)
[03/03/2026-11:04:49] [I] Average on 10 runs - GPU latency: 0.0999756 ms - Host latency: 0.0999756 ms (enqueue 0.0829346 ms)
[03/03/2026-11:04:49] [I] Average on 10 runs - GPU latency: 0.100635 ms - Host latency: 0.100635 ms (enqueue 0.0832764 ms)
[03/03/2026-11:04:49] [I] Average on 10 runs - GPU latency: 0.101123 ms - Host latency: 0.101123 ms (enqueue 0.0851562 ms)
[03/03/2026-11:04:49] [I] Average on 10 runs - GPU latency: 0.0997559 ms - Host latency: 0.0997559 ms (enqueue 0.0825928 ms)
[03/03/2026-11:04:49] [I] Average on 10 runs - GPU latency: 0.101123 ms - Host latency: 0.101123 ms (enqueue 0.0837891 ms)
[03/03/2026-11:04:49] [I] Average on 10 runs - GPU latency: 0.101562 ms - Host latency: 0.101562 ms (enqueue 0.0839355 ms)
[03/03/2026-11:04:49] [I] Average on 10 runs - GPU latency: 0.100854 ms - Host latency: 0.100854 ms (enqueue 0.0844971 ms)
[03/03/2026-11:04:49] [I] Average on 10 runs - GPU latency: 0.100269 ms - Host latency: 0.100269 ms (enqueue 0.0831787 ms)
[03/03/2026-11:04:49] [I] 
[03/03/2026-11:04:49] [I] === Performance summary ===
[03/03/2026-11:04:49] [I] Throughput: 9733.95 qps
[03/03/2026-11:04:49] [I] Latency: min = 0.0922852 ms, max = 0.885376 ms, mean = 0.100836 ms, median = 0.100098 ms, percentile(90%) = 0.103882 ms, percentile(95%) = 0.106689 ms, percentile(99%) = 0.115112 ms
[03/03/2026-11:04:49] [I] Enqueue Time: min = 0.0782471 ms, max = 0.416626 ms, mean = 0.0835567 ms, median = 0.0827637 ms, percentile(90%) = 0.0852966 ms, percentile(95%) = 0.0876465 ms, percentile(99%) = 0.104858 ms
[03/03/2026-11:04:49] [I] H2D Latency: min = 0 ms, max = 0 ms, mean = 0 ms, median = 0 ms, percentile(90%) = 0 ms, percentile(95%) = 0 ms, percentile(99%) = 0 ms
[03/03/2026-11:04:49] [I] GPU Compute Time: min = 0.0922852 ms, max = 0.885376 ms, mean = 0.100836 ms, median = 0.100098 ms, percentile(90%) = 0.103882 ms, percentile(95%) = 0.106689 ms, percentile(99%) = 0.115112 ms
[03/03/2026-11:04:49] [I] D2H Latency: min = 0 ms, max = 0 ms, mean = 0 ms, median = 0 ms, percentile(90%) = 0 ms, percentile(95%) = 0 ms, percentile(99%) = 0 ms
[03/03/2026-11:04:49] [I] Total Host Walltime: 3.00022 s
[03/03/2026-11:04:49] [I] Total GPU Compute Time: 2.94482 s
[03/03/2026-11:04:49] [W] * Throughput may be bound by Enqueue Time rather than GPU Compute and the GPU may be under-utilized.
[03/03/2026-11:04:49] [W]   If not already in use, --useCudaGraph (utilize CUDA graphs where possible) may increase the throughput.
[03/03/2026-11:04:49] [W] * GPU compute time is unstable, with coefficient of variance = 5.63068%.
[03/03/2026-11:04:49] [W]   If not already in use, locking GPU clock frequency or adding --useSpinWait may improve the stability.
[03/03/2026-11:04:49] [I] Explanations of the performance metrics are printed in the verbose logs.
[03/03/2026-11:04:49] [I] 
&&&& PASSED TensorRT.trtexec [TensorRT v8502] # /usr/src/tensorrt/bin/trtexec --onnx=/home/user/Edge-ML/models/v5/TCN/bs1/TCN.onnx --saveEngine=/home/user/Edge-ML/models/v5/TCN/bs1/TCN_int8.engine --int8 --fp16 --exportLayerInfo=/home/user/Edge-ML/models/v5/TCN/bs1/logs/quantisation_int8_layers.json --memPoolSize=workspace:4096MiB --tacticSources=+CUBLAS,+CUBLAS_LT,+CUDNN --noDataTransfers --calib=/home/user/Edge-ML/models/v5/TCN/bs1/TCN.cache
