/usr/src/tensorrt/bin/trtexec --onnx=/home/user/Edge-ML/models/v5/TCN/bs1/TCN.onnx --saveEngine=/home/user/Edge-ML/models/v5/TCN/bs1/TCN_fp16.engine --fp16 --exportLayerInfo=/home/user/Edge-ML/models/v5/TCN/bs1/logs/quantisation_fp16_layers.json --memPoolSize=workspace:4096MiB --tacticSources=+CUBLAS,+CUBLAS_LT,+CUDNN --noDataTransfers

&&&& RUNNING TensorRT.trtexec [TensorRT v8502] # /usr/src/tensorrt/bin/trtexec --onnx=/home/user/Edge-ML/models/v5/TCN/bs1/TCN.onnx --saveEngine=/home/user/Edge-ML/models/v5/TCN/bs1/TCN_fp16.engine --fp16 --exportLayerInfo=/home/user/Edge-ML/models/v5/TCN/bs1/logs/quantisation_fp16_layers.json --memPoolSize=workspace:4096MiB --tacticSources=+CUBLAS,+CUBLAS_LT,+CUDNN --noDataTransfers
[03/03/2026-11:03:45] [I] === Model Options ===
[03/03/2026-11:03:45] [I] Format: ONNX
[03/03/2026-11:03:45] [I] Model: /home/user/Edge-ML/models/v5/TCN/bs1/TCN.onnx
[03/03/2026-11:03:45] [I] Output:
[03/03/2026-11:03:45] [I] === Build Options ===
[03/03/2026-11:03:45] [I] Max batch: explicit batch
[03/03/2026-11:03:45] [I] Memory Pools: workspace: 4096 MiB, dlaSRAM: default, dlaLocalDRAM: default, dlaGlobalDRAM: default
[03/03/2026-11:03:45] [I] minTiming: 1
[03/03/2026-11:03:45] [I] avgTiming: 8
[03/03/2026-11:03:45] [I] Precision: FP32+FP16
[03/03/2026-11:03:45] [I] LayerPrecisions: 
[03/03/2026-11:03:45] [I] Calibration: 
[03/03/2026-11:03:45] [I] Refit: Disabled
[03/03/2026-11:03:45] [I] Sparsity: Disabled
[03/03/2026-11:03:45] [I] Safe mode: Disabled
[03/03/2026-11:03:45] [I] DirectIO mode: Disabled
[03/03/2026-11:03:45] [I] Restricted mode: Disabled
[03/03/2026-11:03:45] [I] Build only: Disabled
[03/03/2026-11:03:45] [I] Save engine: /home/user/Edge-ML/models/v5/TCN/bs1/TCN_fp16.engine
[03/03/2026-11:03:45] [I] Load engine: 
[03/03/2026-11:03:45] [I] Profiling verbosity: 0
[03/03/2026-11:03:45] [I] Tactic sources: cublas [ON], cublasLt [ON], cudnn [ON], 
[03/03/2026-11:03:45] [I] timingCacheMode: local
[03/03/2026-11:03:45] [I] timingCacheFile: 
[03/03/2026-11:03:45] [I] Heuristic: Disabled
[03/03/2026-11:03:45] [I] Preview Features: Use default preview flags.
[03/03/2026-11:03:45] [I] Input(s)s format: fp32:CHW
[03/03/2026-11:03:45] [I] Output(s)s format: fp32:CHW
[03/03/2026-11:03:45] [I] Input build shapes: model
[03/03/2026-11:03:45] [I] Input calibration shapes: model
[03/03/2026-11:03:45] [I] === System Options ===
[03/03/2026-11:03:45] [I] Device: 0
[03/03/2026-11:03:45] [I] DLACore: 
[03/03/2026-11:03:45] [I] Plugins:
[03/03/2026-11:03:45] [I] === Inference Options ===
[03/03/2026-11:03:45] [I] Batch: Explicit
[03/03/2026-11:03:45] [I] Input inference shapes: model
[03/03/2026-11:03:45] [I] Iterations: 10
[03/03/2026-11:03:45] [I] Duration: 3s (+ 200ms warm up)
[03/03/2026-11:03:45] [I] Sleep time: 0ms
[03/03/2026-11:03:45] [I] Idle time: 0ms
[03/03/2026-11:03:45] [I] Streams: 1
[03/03/2026-11:03:45] [I] ExposeDMA: Disabled
[03/03/2026-11:03:45] [I] Data transfers: Disabled
[03/03/2026-11:03:45] [I] Spin-wait: Disabled
[03/03/2026-11:03:45] [I] Multithreading: Disabled
[03/03/2026-11:03:45] [I] CUDA Graph: Disabled
[03/03/2026-11:03:45] [I] Separate profiling: Disabled
[03/03/2026-11:03:45] [I] Time Deserialize: Disabled
[03/03/2026-11:03:45] [I] Time Refit: Disabled
[03/03/2026-11:03:45] [I] NVTX verbosity: 0
[03/03/2026-11:03:45] [I] Persistent Cache Ratio: 0
[03/03/2026-11:03:45] [I] Inputs:
[03/03/2026-11:03:45] [I] === Reporting Options ===
[03/03/2026-11:03:45] [I] Verbose: Disabled
[03/03/2026-11:03:45] [I] Averages: 10 inferences
[03/03/2026-11:03:45] [I] Percentiles: 90,95,99
[03/03/2026-11:03:45] [I] Dump refittable layers:Disabled
[03/03/2026-11:03:45] [I] Dump output: Disabled
[03/03/2026-11:03:45] [I] Profile: Disabled
[03/03/2026-11:03:45] [I] Export timing to JSON file: 
[03/03/2026-11:03:45] [I] Export output to JSON file: 
[03/03/2026-11:03:45] [I] Export profile to JSON file: 
[03/03/2026-11:03:45] [I] 
[03/03/2026-11:03:45] [I] === Device Information ===
[03/03/2026-11:03:45] [I] Selected Device: Orin
[03/03/2026-11:03:45] [I] Compute Capability: 8.7
[03/03/2026-11:03:45] [I] SMs: 4
[03/03/2026-11:03:45] [I] Compute Clock Rate: 0.624 GHz
[03/03/2026-11:03:45] [I] Device Global Memory: 3425 MiB
[03/03/2026-11:03:45] [I] Shared Memory per SM: 164 KiB
[03/03/2026-11:03:45] [I] Memory Bus Width: 128 bits (ECC disabled)
[03/03/2026-11:03:45] [I] Memory Clock Rate: 0.624 GHz
[03/03/2026-11:03:45] [I] 
[03/03/2026-11:03:45] [I] TensorRT version: 8.5.2
[03/03/2026-11:03:45] [I] [TRT] [MemUsageChange] Init CUDA: CPU +220, GPU +0, now: CPU 249, GPU 1533 (MiB)
[03/03/2026-11:03:48] [I] [TRT] [MemUsageChange] Init builder kernel library: CPU +302, GPU +144, now: CPU 574, GPU 1693 (MiB)
[03/03/2026-11:03:48] [I] Start parsing network model
[03/03/2026-11:03:48] [I] [TRT] ----------------------------------------------------------------
[03/03/2026-11:03:48] [I] [TRT] Input filename:   /home/user/Edge-ML/models/v5/TCN/bs1/TCN.onnx
[03/03/2026-11:03:48] [I] [TRT] ONNX IR version:  0.0.7
[03/03/2026-11:03:48] [I] [TRT] Opset version:    12
[03/03/2026-11:03:48] [I] [TRT] Producer name:    pytorch
[03/03/2026-11:03:48] [I] [TRT] Producer version: 2.5.1
[03/03/2026-11:03:48] [I] [TRT] Domain:           
[03/03/2026-11:03:48] [I] [TRT] Model version:    0
[03/03/2026-11:03:48] [I] [TRT] Doc string:       
[03/03/2026-11:03:48] [I] [TRT] ----------------------------------------------------------------
[03/03/2026-11:03:48] [I] Finish parsing network model
[03/03/2026-11:03:48] [I] [TRT] ---------- Layers Running on DLA ----------
[03/03/2026-11:03:48] [I] [TRT] ---------- Layers Running on GPU ----------
[03/03/2026-11:03:48] [I] [TRT] [GpuLayer] SHUFFLE: /Unsqueeze + (Unnamed Layer* 1) [Shuffle]
[03/03/2026-11:03:48] [I] [TRT] [GpuLayer] SHUFFLE: shuffle_between_(Unnamed Layer* 1) [Shuffle]_output_and_/block1/block1.0/Conv + /block1/block1.2/Relu
[03/03/2026-11:03:48] [I] [TRT] [GpuLayer] CONVOLUTION: /block1/block1.0/Conv + /block1/block1.2/Relu
[03/03/2026-11:03:48] [I] [TRT] [GpuLayer] SHUFFLE: shuffle_after_/block1/block1.2/Relu_out_tensor
[03/03/2026-11:03:48] [I] [TRT] [GpuLayer] POOLING: /block1/block1.3/MaxPool
[03/03/2026-11:03:48] [I] [TRT] [GpuLayer] SHUFFLE: shuffle_between_(Unnamed Layer* 6) [Pooling]_output_and_/block2/block2.0/Conv + /block2/block2.2/Relu
[03/03/2026-11:03:48] [I] [TRT] [GpuLayer] CONVOLUTION: /block2/block2.0/Conv + /block2/block2.2/Relu
[03/03/2026-11:03:48] [I] [TRT] [GpuLayer] SHUFFLE: shuffle_after_/block2/block2.2/Relu_out_tensor
[03/03/2026-11:03:48] [I] [TRT] [GpuLayer] POOLING: /block2/block2.3/MaxPool
[03/03/2026-11:03:48] [I] [TRT] [GpuLayer] SHUFFLE: shuffle_between_(Unnamed Layer* 13) [Pooling]_output_and_/block3/block3.0/Conv + /block3/block3.2/Relu
[03/03/2026-11:03:48] [I] [TRT] [GpuLayer] CONVOLUTION: /block3/block3.0/Conv + /block3/block3.2/Relu
[03/03/2026-11:03:48] [I] [TRT] [GpuLayer] SHUFFLE: shuffle_after_/block3/block3.2/Relu_out_tensor
[03/03/2026-11:03:48] [I] [TRT] [GpuLayer] SHUFFLE: squeeze_after_/block3/block3.2/Relu
[03/03/2026-11:03:48] [I] [TRT] [GpuLayer] REDUCE: /block3/block3.3/GlobalAveragePool
[03/03/2026-11:03:48] [I] [TRT] [GpuLayer] SHUFFLE: /fc/fc.0/Flatten + reshape_before_/fc/fc.1/Gemm
[03/03/2026-11:03:48] [I] [TRT] [GpuLayer] CONVOLUTION: /fc/fc.1/Gemm + /fc/fc.2/Relu
[03/03/2026-11:03:48] [I] [TRT] [GpuLayer] CONVOLUTION: /fc/fc.4/Gemm
[03/03/2026-11:03:48] [I] [TRT] [GpuLayer] SHUFFLE: reshape_after_/fc/fc.4/Gemm + /Squeeze
[03/03/2026-11:03:49] [I] [TRT] [MemUsageChange] Init cuBLAS/cuBLASLt: CPU +534, GPU +824, now: CPU 1108, GPU 2518 (MiB)
[03/03/2026-11:03:50] [I] [TRT] [MemUsageChange] Init cuDNN: CPU +83, GPU +130, now: CPU 1191, GPU 2648 (MiB)
[03/03/2026-11:03:50] [I] [TRT] Local timing cache in use. Profiling results in this builder pass will not be stored.
[03/03/2026-11:04:05] [I] [TRT] Total Activation Memory: 4295010816
[03/03/2026-11:04:05] [I] [TRT] Detected 1 inputs and 1 output network tensors.
[03/03/2026-11:04:05] [I] [TRT] Total Host Persistent Memory: 21152
[03/03/2026-11:04:05] [I] [TRT] Total Device Persistent Memory: 0
[03/03/2026-11:04:05] [I] [TRT] Total Scratch Memory: 0
[03/03/2026-11:04:05] [I] [TRT] [MemUsageStats] Peak memory usage of TRT CPU/GPU memory allocators: CPU 0 MiB, GPU 71 MiB
[03/03/2026-11:04:05] [I] [TRT] [BlockAssignment] Started assigning block shifts. This will take 19 steps to complete.
[03/03/2026-11:04:05] [I] [TRT] [BlockAssignment] Algorithm ShiftNTopDown took 0.214951ms to assign 3 blocks to 19 nodes requiring 15872 bytes.
[03/03/2026-11:04:05] [I] [TRT] Total Activation Memory: 15872
[03/03/2026-11:04:05] [W] [TRT] TensorRT encountered issues when converting weights between types and that could affect accuracy.
[03/03/2026-11:04:05] [W] [TRT] If this is not the desired behavior, please modify the weights or retrain with regularization to adjust the magnitude of the weights.
[03/03/2026-11:04:05] [W] [TRT] Check verbose logs for the list of affected weights.
[03/03/2026-11:04:05] [W] [TRT] - 2 weights are affected by this issue: Detected subnormal FP16 values.
[03/03/2026-11:04:05] [I] [TRT] [MemUsageChange] TensorRT-managed allocation in building engine: CPU +0, GPU +4, now: CPU 0, GPU 4 (MiB)
[03/03/2026-11:04:05] [I] Engine built in 19.9238 sec.
[03/03/2026-11:04:05] [I] [TRT] Loaded engine size: 0 MiB
[03/03/2026-11:04:05] [I] [TRT] [MemUsageChange] TensorRT-managed allocation in engine deserialization: CPU +0, GPU +0, now: CPU 0, GPU 0 (MiB)
[03/03/2026-11:04:05] [I] Engine deserialized in 0.0107712 sec.
[03/03/2026-11:04:05] [I] [TRT] [MemUsageChange] TensorRT-managed allocation in IExecutionContext creation: CPU +0, GPU +0, now: CPU 0, GPU 0 (MiB)
[03/03/2026-11:04:05] [I] Setting persistentCacheLimit to 0 bytes.
[03/03/2026-11:04:05] [I] Using random values for input input
[03/03/2026-11:04:05] [I] Created input binding for input with dimensions 1x120
[03/03/2026-11:04:05] [I] Using random values for output capacity
[03/03/2026-11:04:05] [I] Created output binding for capacity with dimensions 
[03/03/2026-11:04:05] [I] [TRT] The profiling verbosity was set to ProfilingVerbosity::kLAYER_NAMES_ONLY when the engine was built, so only the layer names will be returned. Rebuild the engine with ProfilingVerbosity::kDETAILED to get more verbose layer information.
[03/03/2026-11:04:05] [I] Starting inference
[03/03/2026-11:04:08] [I] Warmup completed 2015 queries over 200 ms
[03/03/2026-11:04:08] [I] Timing trace has 30607 queries over 3.00021 s
[03/03/2026-11:04:08] [I] 
[03/03/2026-11:04:08] [I] === Trace details ===
[03/03/2026-11:04:08] [I] Trace averages of 10 runs:
[03/03/2026-11:04:08] [I] Average on 10 runs - GPU latency: 0.0962128 ms - Host latency: 0.0962128 ms (enqueue 0.0794693 ms)
[03/03/2026-11:04:08] [I] Average on 10 runs - GPU latency: 0.0966461 ms - Host latency: 0.0966461 ms (enqueue 0.0793625 ms)
[03/03/2026-11:04:08] [I] Average on 10 runs - GPU latency: 0.095694 ms - Host latency: 0.095694 ms (enqueue 0.081868 ms)
[03/03/2026-11:04:08] [I] Average on 10 runs - GPU latency: 0.101328 ms - Host latency: 0.101328 ms (enqueue 0.0834717 ms)
[03/03/2026-11:04:08] [I] Average on 10 runs - GPU latency: 0.0958984 ms - Host latency: 0.0958984 ms (enqueue 0.0792236 ms)
[03/03/2026-11:04:08] [I] Average on 10 runs - GPU latency: 0.096788 ms - Host latency: 0.096788 ms (enqueue 0.0794373 ms)
[03/03/2026-11:04:08] [I] Average on 10 runs - GPU latency: 0.0965286 ms - Host latency: 0.0965286 ms (enqueue 0.0805786 ms)
[03/03/2026-11:04:08] [I] Average on 10 runs - GPU latency: 0.0955109 ms - Host latency: 0.0955109 ms (enqueue 0.084494 ms)
[03/03/2026-11:04:08] [I] Average on 10 runs - GPU latency: 0.0962494 ms - Host latency: 0.0962494 ms (enqueue 0.0807587 ms)
[03/03/2026-11:04:08] [I] Average on 10 runs - GPU latency: 0.0959229 ms - Host latency: 0.0959229 ms (enqueue 0.0795532 ms)
[03/03/2026-11:04:08] [I] Average on 10 runs - GPU latency: 0.0956818 ms - Host latency: 0.0956818 ms (enqueue 0.0810883 ms)
[03/03/2026-11:04:08] [I] Average on 10 runs - GPU latency: 0.0959915 ms - Host latency: 0.0959915 ms (enqueue 0.0827515 ms)
[03/03/2026-11:04:08] [I] Average on 10 runs - GPU latency: 0.0964798 ms - Host latency: 0.0964798 ms (enqueue 0.0804825 ms)
[03/03/2026-11:04:08] [I] Average on 10 runs - GPU latency: 0.0965195 ms - Host latency: 0.0965195 ms (enqueue 0.0804657 ms)
[03/03/2026-11:04:08] [I] Average on 10 runs - GPU latency: 0.0962845 ms - Host latency: 0.0962845 ms (enqueue 0.080127 ms)
[03/03/2026-11:04:08] [I] Average on 10 runs - GPU latency: 0.0963638 ms - Host latency: 0.0963638 ms (enqueue 0.0834671 ms)
[03/03/2026-11:04:08] [I] Average on 10 runs - GPU latency: 0.0962036 ms - Host latency: 0.0962036 ms (enqueue 0.0800873 ms)
[03/03/2026-11:04:08] [I] Average on 10 runs - GPU latency: 0.096814 ms - Host latency: 0.096814 ms (enqueue 0.0806122 ms)
[03/03/2026-11:04:08] [I] Average on 10 runs - GPU latency: 0.0955063 ms - Host latency: 0.0955063 ms (enqueue 0.0817841 ms)
[03/03/2026-11:04:08] [I] Average on 10 runs - GPU latency: 0.0952728 ms - Host latency: 0.0952728 ms (enqueue 0.0805679 ms)
[03/03/2026-11:04:08] [I] Average on 10 runs - GPU latency: 0.0963562 ms - Host latency: 0.0963562 ms (enqueue 0.0806824 ms)
[03/03/2026-11:04:08] [I] Average on 10 runs - GPU latency: 0.0954651 ms - Host latency: 0.0954651 ms (enqueue 0.0797409 ms)
[03/03/2026-11:04:08] [I] Average on 10 runs - GPU latency: 0.0964386 ms - Host latency: 0.0964386 ms (enqueue 0.0814682 ms)
[03/03/2026-11:04:08] [I] Average on 10 runs - GPU latency: 0.096431 ms - Host latency: 0.096431 ms (enqueue 0.0798859 ms)
[03/03/2026-11:04:08] [I] Average on 10 runs - GPU latency: 0.0960648 ms - Host latency: 0.0960648 ms (enqueue 0.0807983 ms)
[03/03/2026-11:04:08] [I] Average on 10 runs - GPU latency: 0.0958176 ms - Host latency: 0.0958176 ms (enqueue 0.0791824 ms)
[03/03/2026-11:04:08] [I] Average on 10 runs - GPU latency: 0.0960052 ms - Host latency: 0.0960052 ms (enqueue 0.0800034 ms)
[03/03/2026-11:04:08] [I] Average on 10 runs - GPU latency: 0.0962982 ms - Host latency: 0.0962982 ms (enqueue 0.0812988 ms)
[03/03/2026-11:04:08] [I] Average on 10 runs - GPU latency: 0.0958084 ms - Host latency: 0.0958084 ms (enqueue 0.0810928 ms)
[03/03/2026-11:04:08] [I] Average on 10 runs - GPU latency: 0.0967697 ms - Host latency: 0.0967697 ms (enqueue 0.0797272 ms)
[03/03/2026-11:04:08] [I] Average on 10 runs - GPU latency: 0.095137 ms - Host latency: 0.095137 ms (enqueue 0.0801178 ms)
[03/03/2026-11:04:08] [I] Average on 10 runs - GPU latency: 0.0957916 ms - Host latency: 0.0957916 ms (enqueue 0.0812744 ms)
[03/03/2026-11:04:08] [I] Average on 10 runs - GPU latency: 0.0957947 ms - Host latency: 0.0957947 ms (enqueue 0.0813873 ms)
[03/03/2026-11:04:08] [I] Average on 10 runs - GPU latency: 0.0957062 ms - Host latency: 0.0957062 ms (enqueue 0.0810791 ms)
[03/03/2026-11:04:08] [I] Average on 10 runs - GPU latency: 0.0962433 ms - Host latency: 0.0962433 ms (enqueue 0.0787628 ms)
[03/03/2026-11:04:08] [I] Average on 10 runs - GPU latency: 0.0960159 ms - Host latency: 0.0960159 ms (enqueue 0.0810089 ms)
[03/03/2026-11:04:08] [I] Average on 10 runs - GPU latency: 0.0959473 ms - Host latency: 0.0959473 ms (enqueue 0.0830841 ms)
[03/03/2026-11:04:08] [I] Average on 10 runs - GPU latency: 0.0961395 ms - Host latency: 0.0961395 ms (enqueue 0.0804428 ms)
[03/03/2026-11:04:08] [I] Average on 10 runs - GPU latency: 0.0966019 ms - Host latency: 0.0966019 ms (enqueue 0.0796951 ms)
[03/03/2026-11:04:08] [I] Average on 10 runs - GPU latency: 0.0956909 ms - Host latency: 0.0956909 ms (enqueue 0.0794022 ms)
[03/03/2026-11:04:08] [I] Average on 10 runs - GPU latency: 0.0961487 ms - Host latency: 0.0961487 ms (enqueue 0.084433 ms)
[03/03/2026-11:04:08] [I] Average on 10 runs - GPU latency: 0.095311 ms - Host latency: 0.095311 ms (enqueue 0.080452 ms)
[03/03/2026-11:04:08] [I] Average on 10 runs - GPU latency: 0.0961578 ms - Host latency: 0.0961578 ms (enqueue 0.0797409 ms)
[03/03/2026-11:04:08] [I] Average on 10 runs - GPU latency: 0.0968063 ms - Host latency: 0.0968063 ms (enqueue 0.0800842 ms)
[03/03/2026-11:04:08] [I] Average on 10 runs - GPU latency: 0.0958023 ms - Host latency: 0.0958023 ms (enqueue 0.0843506 ms)
[03/03/2026-11:04:08] [I] Average on 10 runs - GPU latency: 0.0958283 ms - Host latency: 0.0958283 ms (enqueue 0.0800842 ms)
[03/03/2026-11:04:08] [I] Average on 10 runs - GPU latency: 0.0950836 ms - Host latency: 0.0950836 ms (enqueue 0.0799408 ms)
[03/03/2026-11:04:08] [I] Average on 10 runs - GPU latency: 0.0962952 ms - Host latency: 0.0962952 ms (enqueue 0.0792542 ms)
[03/03/2026-11:04:08] [I] Average on 10 runs - GPU latency: 0.0957413 ms - Host latency: 0.0957413 ms (enqueue 0.0838745 ms)
[03/03/2026-11:04:08] [I] Average on 10 runs - GPU latency: 0.0955414 ms - Host latency: 0.0955414 ms (enqueue 0.0805527 ms)
[03/03/2026-11:04:08] [I] Average on 10 runs - GPU latency: 0.0958176 ms - Host latency: 0.0958176 ms (enqueue 0.080162 ms)
[03/03/2026-11:04:08] [I] Average on 10 runs - GPU latency: 0.0954636 ms - Host latency: 0.0954636 ms (enqueue 0.0806046 ms)
[03/03/2026-11:04:08] [I] Average on 10 runs - GPU latency: 0.0956665 ms - Host latency: 0.0956665 ms (enqueue 0.08302 ms)
[03/03/2026-11:04:08] [I] Average on 10 runs - GPU latency: 0.096019 ms - Host latency: 0.096019 ms (enqueue 0.0806488 ms)
[03/03/2026-11:04:08] [I] Average on 10 runs - GPU latency: 0.0960312 ms - Host latency: 0.0960312 ms (enqueue 0.0801575 ms)
[03/03/2026-11:04:08] [I] Average on 10 runs - GPU latency: 0.0960144 ms - Host latency: 0.0960144 ms (enqueue 0.0800674 ms)
[03/03/2026-11:04:08] [I] Average on 10 runs - GPU latency: 0.0952148 ms - Host latency: 0.0952148 ms (enqueue 0.0840942 ms)
[03/03/2026-11:04:08] [I] Average on 10 runs - GPU latency: 0.0960938 ms - Host latency: 0.0960938 ms (enqueue 0.0793732 ms)
[03/03/2026-11:04:08] [I] Average on 10 runs - GPU latency: 0.0960846 ms - Host latency: 0.0960846 ms (enqueue 0.0786102 ms)
[03/03/2026-11:04:08] [I] Average on 10 runs - GPU latency: 0.0960083 ms - Host latency: 0.0960083 ms (enqueue 0.0814453 ms)
[03/03/2026-11:04:08] [I] Average on 10 runs - GPU latency: 0.0961182 ms - Host latency: 0.0961182 ms (enqueue 0.0819702 ms)
[03/03/2026-11:04:08] [I] Average on 10 runs - GPU latency: 0.096109 ms - Host latency: 0.096109 ms (enqueue 0.0806305 ms)
[03/03/2026-11:04:08] [I] Average on 10 runs - GPU latency: 0.0967163 ms - Host latency: 0.0967163 ms (enqueue 0.0795319 ms)
[03/03/2026-11:04:08] [I] Average on 10 runs - GPU latency: 0.0955902 ms - Host latency: 0.0955902 ms (enqueue 0.0841522 ms)
[03/03/2026-11:04:08] [I] Average on 10 runs - GPU latency: 0.0959869 ms - Host latency: 0.0959869 ms (enqueue 0.0830658 ms)
[03/03/2026-11:04:08] [I] Average on 10 runs - GPU latency: 0.0987488 ms - Host latency: 0.0987488 ms (enqueue 0.0803131 ms)
[03/03/2026-11:04:08] [I] Average on 10 runs - GPU latency: 0.0964386 ms - Host latency: 0.0964386 ms (enqueue 0.0806549 ms)
[03/03/2026-11:04:08] [I] Average on 10 runs - GPU latency: 0.0968536 ms - Host latency: 0.0968536 ms (enqueue 0.0802826 ms)
[03/03/2026-11:04:08] [I] Average on 10 runs - GPU latency: 0.0964539 ms - Host latency: 0.0964539 ms (enqueue 0.0799652 ms)
[03/03/2026-11:04:08] [I] Average on 10 runs - GPU latency: 0.0963806 ms - Host latency: 0.0963806 ms (enqueue 0.0820496 ms)
[03/03/2026-11:04:08] [I] Average on 10 runs - GPU latency: 0.0960602 ms - Host latency: 0.0960602 ms (enqueue 0.0796967 ms)
[03/03/2026-11:04:08] [I] Average on 10 runs - GPU latency: 0.0962646 ms - Host latency: 0.0962646 ms (enqueue 0.0813721 ms)
[03/03/2026-11:04:08] [I] Average on 10 runs - GPU latency: 0.0962006 ms - Host latency: 0.0962006 ms (enqueue 0.079892 ms)
[03/03/2026-11:04:08] [I] Average on 10 runs - GPU latency: 0.0953613 ms - Host latency: 0.0953613 ms (enqueue 0.0837616 ms)
[03/03/2026-11:04:08] [I] Average on 10 runs - GPU latency: 0.0958099 ms - Host latency: 0.0958099 ms (enqueue 0.0800049 ms)
[03/03/2026-11:04:08] [I] Average on 10 runs - GPU latency: 0.0962616 ms - Host latency: 0.0962616 ms (enqueue 0.0790802 ms)
[03/03/2026-11:04:08] [I] Average on 10 runs - GPU latency: 0.0957581 ms - Host latency: 0.0957581 ms (enqueue 0.0828766 ms)
[03/03/2026-11:04:08] [I] Average on 10 runs - GPU latency: 0.0966034 ms - Host latency: 0.0966034 ms (enqueue 0.0821747 ms)
[03/03/2026-11:04:08] [I] Average on 10 runs - GPU latency: 0.0957214 ms - Host latency: 0.0957214 ms (enqueue 0.0793243 ms)
[03/03/2026-11:04:08] [I] Average on 10 runs - GPU latency: 0.0956482 ms - Host latency: 0.0956482 ms (enqueue 0.0806976 ms)
[03/03/2026-11:04:08] [I] Average on 10 runs - GPU latency: 0.0962097 ms - Host latency: 0.0962097 ms (enqueue 0.0816284 ms)
[03/03/2026-11:04:08] [I] Average on 10 runs - GPU latency: 0.0962708 ms - Host latency: 0.0962708 ms (enqueue 0.0838257 ms)
[03/03/2026-11:04:08] [I] Average on 10 runs - GPU latency: 0.0962067 ms - Host latency: 0.0962067 ms (enqueue 0.079599 ms)
[03/03/2026-11:04:08] [I] Average on 10 runs - GPU latency: 0.0959595 ms - Host latency: 0.0959595 ms (enqueue 0.0803955 ms)
[03/03/2026-11:04:08] [I] Average on 10 runs - GPU latency: 0.0955841 ms - Host latency: 0.0955841 ms (enqueue 0.0801605 ms)
[03/03/2026-11:04:08] [I] Average on 10 runs - GPU latency: 0.0956299 ms - Host latency: 0.0956299 ms (enqueue 0.0820587 ms)
[03/03/2026-11:04:08] [I] Average on 10 runs - GPU latency: 0.0957611 ms - Host latency: 0.0957611 ms (enqueue 0.0801941 ms)
[03/03/2026-11:04:08] [I] Average on 10 runs - GPU latency: 0.0962952 ms - Host latency: 0.0962952 ms (enqueue 0.0795532 ms)
[03/03/2026-11:04:08] [I] Average on 10 runs - GPU latency: 0.0963684 ms - Host latency: 0.0963684 ms (enqueue 0.0811523 ms)
[03/03/2026-11:04:08] [I] Average on 10 runs - GPU latency: 0.096106 ms - Host latency: 0.096106 ms (enqueue 0.0832581 ms)
[03/03/2026-11:04:08] [I] Average on 10 runs - GPU latency: 0.0954651 ms - Host latency: 0.0954651 ms (enqueue 0.0812103 ms)
[03/03/2026-11:04:08] [I] Average on 10 runs - GPU latency: 0.096048 ms - Host latency: 0.096048 ms (enqueue 0.0798492 ms)
[03/03/2026-11:04:08] [I] Average on 10 runs - GPU latency: 0.0965027 ms - Host latency: 0.0965027 ms (enqueue 0.0798157 ms)
[03/03/2026-11:04:08] [I] Average on 10 runs - GPU latency: 0.0957672 ms - Host latency: 0.0957672 ms (enqueue 0.0801575 ms)
[03/03/2026-11:04:08] [I] Average on 10 runs - GPU latency: 0.0964386 ms - Host latency: 0.0964386 ms (enqueue 0.0793793 ms)
[03/03/2026-11:04:08] [I] Average on 10 runs - GPU latency: 0.0970245 ms - Host latency: 0.0970245 ms (enqueue 0.0819061 ms)
[03/03/2026-11:04:08] [I] Average on 10 runs - GPU latency: 0.0962646 ms - Host latency: 0.0962646 ms (enqueue 0.080191 ms)
[03/03/2026-11:04:08] [I] Average on 10 runs - GPU latency: 0.0997681 ms - Host latency: 0.0997681 ms (enqueue 0.0889832 ms)
[03/03/2026-11:04:08] [I] Average on 10 runs - GPU latency: 0.0957703 ms - Host latency: 0.0957703 ms (enqueue 0.0798492 ms)
[03/03/2026-11:04:08] [I] Average on 10 runs - GPU latency: 0.0965973 ms - Host latency: 0.0965973 ms (enqueue 0.0793426 ms)
[03/03/2026-11:04:08] [I] Average on 10 runs - GPU latency: 0.09617 ms - Host latency: 0.09617 ms (enqueue 0.0798431 ms)
[03/03/2026-11:04:08] [I] Average on 10 runs - GPU latency: 0.095697 ms - Host latency: 0.095697 ms (enqueue 0.0838623 ms)
[03/03/2026-11:04:08] [I] Average on 10 runs - GPU latency: 0.0965942 ms - Host latency: 0.0965942 ms (enqueue 0.0805176 ms)
[03/03/2026-11:04:08] [I] Average on 10 runs - GPU latency: 0.0963074 ms - Host latency: 0.0963074 ms (enqueue 0.0815796 ms)
[03/03/2026-11:04:08] [I] Average on 10 runs - GPU latency: 0.0962524 ms - Host latency: 0.0962524 ms (enqueue 0.0802216 ms)
[03/03/2026-11:04:08] [I] Average on 10 runs - GPU latency: 0.0966095 ms - Host latency: 0.0966095 ms (enqueue 0.0828613 ms)
[03/03/2026-11:04:08] [I] Average on 10 runs - GPU latency: 0.0961517 ms - Host latency: 0.0961517 ms (enqueue 0.0805237 ms)
[03/03/2026-11:04:08] [I] Average on 10 runs - GPU latency: 0.0958344 ms - Host latency: 0.0958344 ms (enqueue 0.0801971 ms)
[03/03/2026-11:04:08] [I] Average on 10 runs - GPU latency: 0.0963165 ms - Host latency: 0.0963165 ms (enqueue 0.0795135 ms)
[03/03/2026-11:04:08] [I] Average on 10 runs - GPU latency: 0.0969025 ms - Host latency: 0.0969025 ms (enqueue 0.0855621 ms)
[03/03/2026-11:04:08] [I] Average on 10 runs - GPU latency: 0.0954712 ms - Host latency: 0.0954712 ms (enqueue 0.0790039 ms)
[03/03/2026-11:04:08] [I] Average on 10 runs - GPU latency: 0.0962341 ms - Host latency: 0.0962341 ms (enqueue 0.0800629 ms)
[03/03/2026-11:04:08] [I] Average on 10 runs - GPU latency: 0.0966003 ms - Host latency: 0.0966003 ms (enqueue 0.0803467 ms)
[03/03/2026-11:04:08] [I] Average on 10 runs - GPU latency: 0.0959534 ms - Host latency: 0.0959534 ms (enqueue 0.0830627 ms)
[03/03/2026-11:04:08] [I] Average on 10 runs - GPU latency: 0.0961914 ms - Host latency: 0.0961914 ms (enqueue 0.0800537 ms)
[03/03/2026-11:04:08] [I] Average on 10 runs - GPU latency: 0.0968506 ms - Host latency: 0.0968506 ms (enqueue 0.0798218 ms)
[03/03/2026-11:04:08] [I] Average on 10 runs - GPU latency: 0.0964111 ms - Host latency: 0.0964111 ms (enqueue 0.0811066 ms)
[03/03/2026-11:04:08] [I] Average on 10 runs - GPU latency: 0.0961731 ms - Host latency: 0.0961731 ms (enqueue 0.0813629 ms)
[03/03/2026-11:04:08] [I] Average on 10 runs - GPU latency: 0.096579 ms - Host latency: 0.096579 ms (enqueue 0.0807953 ms)
[03/03/2026-11:04:08] [I] Average on 10 runs - GPU latency: 0.0966034 ms - Host latency: 0.0966034 ms (enqueue 0.0795929 ms)
[03/03/2026-11:04:08] [I] Average on 10 runs - GPU latency: 0.0953644 ms - Host latency: 0.0953644 ms (enqueue 0.0800446 ms)
[03/03/2026-11:04:08] [I] Average on 10 runs - GPU latency: 0.0953949 ms - Host latency: 0.0953949 ms (enqueue 0.0823608 ms)
[03/03/2026-11:04:08] [I] Average on 10 runs - GPU latency: 0.0968414 ms - Host latency: 0.0968414 ms (enqueue 0.0818451 ms)
[03/03/2026-11:04:08] [I] Average on 10 runs - GPU latency: 0.0952606 ms - Host latency: 0.0952606 ms (enqueue 0.0796997 ms)
[03/03/2026-11:04:08] [I] Average on 10 runs - GPU latency: 0.0959869 ms - Host latency: 0.0959869 ms (enqueue 0.0802948 ms)
[03/03/2026-11:04:08] [I] Average on 10 runs - GPU latency: 0.0956879 ms - Host latency: 0.0956879 ms (enqueue 0.0795044 ms)
[03/03/2026-11:04:08] [I] Average on 10 runs - GPU latency: 0.0958008 ms - Host latency: 0.0958008 ms (enqueue 0.0826721 ms)
[03/03/2026-11:04:08] [I] Average on 10 runs - GPU latency: 0.0961273 ms - Host latency: 0.0961273 ms (enqueue 0.0805206 ms)
[03/03/2026-11:04:08] [I] Average on 10 runs - GPU latency: 0.0956421 ms - Host latency: 0.0956421 ms (enqueue 0.0821197 ms)
[03/03/2026-11:04:08] [I] Average on 10 runs - GPU latency: 0.0964752 ms - Host latency: 0.0964752 ms (enqueue 0.0790985 ms)
[03/03/2026-11:04:08] [I] Average on 10 runs - GPU latency: 0.0961639 ms - Host latency: 0.0961639 ms (enqueue 0.082959 ms)
[03/03/2026-11:04:08] [I] Average on 10 runs - GPU latency: 0.0970367 ms - Host latency: 0.0970367 ms (enqueue 0.0795837 ms)
[03/03/2026-11:04:08] [I] Average on 10 runs - GPU latency: 0.0963409 ms - Host latency: 0.0963409 ms (enqueue 0.0825714 ms)
[03/03/2026-11:04:08] [I] Average on 10 runs - GPU latency: 0.0962952 ms - Host latency: 0.0962952 ms (enqueue 0.079837 ms)
[03/03/2026-11:04:08] [I] Average on 10 runs - GPU latency: 0.0964783 ms - Host latency: 0.0964783 ms (enqueue 0.0814667 ms)
[03/03/2026-11:04:08] [I] Average on 10 runs - GPU latency: 0.0957428 ms - Host latency: 0.0957428 ms (enqueue 0.0825073 ms)
[03/03/2026-11:04:08] [I] Average on 10 runs - GPU latency: 0.0959564 ms - Host latency: 0.0959564 ms (enqueue 0.080127 ms)
[03/03/2026-11:04:08] [I] Average on 10 runs - GPU latency: 0.0960968 ms - Host latency: 0.0960968 ms (enqueue 0.0789581 ms)
[03/03/2026-11:04:08] [I] Average on 10 runs - GPU latency: 0.0954346 ms - Host latency: 0.0954346 ms (enqueue 0.0838623 ms)
[03/03/2026-11:04:08] [I] Average on 10 runs - GPU latency: 0.0963593 ms - Host latency: 0.0963593 ms (enqueue 0.0799103 ms)
[03/03/2026-11:04:08] [I] Average on 10 runs - GPU latency: 0.0957703 ms - Host latency: 0.0957703 ms (enqueue 0.0798737 ms)
[03/03/2026-11:04:08] [I] Average on 10 runs - GPU latency: 0.095816 ms - Host latency: 0.095816 ms (enqueue 0.0810547 ms)
[03/03/2026-11:04:08] [I] Average on 10 runs - GPU latency: 0.0958801 ms - Host latency: 0.0958801 ms (enqueue 0.0853424 ms)
[03/03/2026-11:04:08] [I] Average on 10 runs - GPU latency: 0.0963715 ms - Host latency: 0.0963715 ms (enqueue 0.0794342 ms)
[03/03/2026-11:04:08] [I] Average on 10 runs - GPU latency: 0.0968018 ms - Host latency: 0.0968018 ms (enqueue 0.0791687 ms)
[03/03/2026-11:04:08] [I] Average on 10 runs - GPU latency: 0.0956573 ms - Host latency: 0.0956573 ms (enqueue 0.0824982 ms)
[03/03/2026-11:04:08] [I] Average on 10 runs - GPU latency: 0.0967407 ms - Host latency: 0.0967407 ms (enqueue 0.0824005 ms)
[03/03/2026-11:04:08] [I] Average on 10 runs - GPU latency: 0.0965546 ms - Host latency: 0.0965546 ms (enqueue 0.0807709 ms)
[03/03/2026-11:04:08] [I] Average on 10 runs - GPU latency: 0.0959839 ms - Host latency: 0.0959839 ms (enqueue 0.0790527 ms)
[03/03/2026-11:04:08] [I] Average on 10 runs - GPU latency: 0.0952026 ms - Host latency: 0.0952026 ms (enqueue 0.0801117 ms)
[03/03/2026-11:04:08] [I] Average on 10 runs - GPU latency: 0.0959625 ms - Host latency: 0.0959625 ms (enqueue 0.0836426 ms)
[03/03/2026-11:04:08] [I] Average on 10 runs - GPU latency: 0.0953796 ms - Host latency: 0.0953796 ms (enqueue 0.0803802 ms)
[03/03/2026-11:04:08] [I] Average on 10 runs - GPU latency: 0.0951904 ms - Host latency: 0.0951904 ms (enqueue 0.0794037 ms)
[03/03/2026-11:04:08] [I] Average on 10 runs - GPU latency: 0.0960785 ms - Host latency: 0.0960785 ms (enqueue 0.0796906 ms)
[03/03/2026-11:04:08] [I] Average on 10 runs - GPU latency: 0.0965363 ms - Host latency: 0.0965363 ms (enqueue 0.0823425 ms)
[03/03/2026-11:04:08] [I] Average on 10 runs - GPU latency: 0.0952118 ms - Host latency: 0.0952118 ms (enqueue 0.0799408 ms)
[03/03/2026-11:04:08] [I] Average on 10 runs - GPU latency: 0.0960449 ms - Host latency: 0.0960449 ms (enqueue 0.079776 ms)
[03/03/2026-11:04:08] [I] Average on 10 runs - GPU latency: 0.0961914 ms - Host latency: 0.0961914 ms (enqueue 0.0795349 ms)
[03/03/2026-11:04:08] [I] Average on 10 runs - GPU latency: 0.0963684 ms - Host latency: 0.0963684 ms (enqueue 0.0857178 ms)
[03/03/2026-11:04:08] [I] Average on 10 runs - GPU latency: 0.0967163 ms - Host latency: 0.0967163 ms (enqueue 0.0795044 ms)
[03/03/2026-11:04:08] [I] Average on 10 runs - GPU latency: 0.0960358 ms - Host latency: 0.0960358 ms (enqueue 0.0792938 ms)
[03/03/2026-11:04:08] [I] Average on 10 runs - GPU latency: 0.096109 ms - Host latency: 0.096109 ms (enqueue 0.0795105 ms)
[03/03/2026-11:04:08] [I] Average on 10 runs - GPU latency: 0.0959229 ms - Host latency: 0.0959229 ms (enqueue 0.0859039 ms)
[03/03/2026-11:04:08] [I] Average on 10 runs - GPU latency: 0.0975586 ms - Host latency: 0.0975586 ms (enqueue 0.079892 ms)
[03/03/2026-11:04:08] [I] Average on 10 runs - GPU latency: 0.0957886 ms - Host latency: 0.0957886 ms (enqueue 0.0800079 ms)
[03/03/2026-11:04:08] [I] Average on 10 runs - GPU latency: 0.0963348 ms - Host latency: 0.0963348 ms (enqueue 0.0800262 ms)
[03/03/2026-11:04:08] [I] Average on 10 runs - GPU latency: 0.0958862 ms - Host latency: 0.0958862 ms (enqueue 0.0790863 ms)
[03/03/2026-11:04:08] [I] Average on 10 runs - GPU latency: 0.0963226 ms - Host latency: 0.0963226 ms (enqueue 0.0821289 ms)
[03/03/2026-11:04:08] [I] Average on 10 runs - GPU latency: 0.0964569 ms - Host latency: 0.0964569 ms (enqueue 0.0818603 ms)
[03/03/2026-11:04:08] [I] Average on 10 runs - GPU latency: 0.0961182 ms - Host latency: 0.0961182 ms (enqueue 0.0794708 ms)
[03/03/2026-11:04:08] [I] Average on 10 runs - GPU latency: 0.0953186 ms - Host latency: 0.0953186 ms (enqueue 0.0831848 ms)
[03/03/2026-11:04:08] [I] Average on 10 runs - GPU latency: 0.0970764 ms - Host latency: 0.0970764 ms (enqueue 0.0803986 ms)
[03/03/2026-11:04:08] [I] Average on 10 runs - GPU latency: 0.0959686 ms - Host latency: 0.0959686 ms (enqueue 0.0795807 ms)
[03/03/2026-11:04:08] [I] Average on 10 runs - GPU latency: 0.0959808 ms - Host latency: 0.0959808 ms (enqueue 0.081076 ms)
[03/03/2026-11:04:08] [I] Average on 10 runs - GPU latency: 0.0954315 ms - Host latency: 0.0954315 ms (enqueue 0.0802734 ms)
[03/03/2026-11:04:08] [I] Average on 10 runs - GPU latency: 0.0968933 ms - Host latency: 0.0968933 ms (enqueue 0.0835419 ms)
[03/03/2026-11:04:08] [I] Average on 10 runs - GPU latency: 0.0966248 ms - Host latency: 0.0966248 ms (enqueue 0.0802124 ms)
[03/03/2026-11:04:08] [I] Average on 10 runs - GPU latency: 0.0962799 ms - Host latency: 0.0962799 ms (enqueue 0.0812531 ms)
[03/03/2026-11:04:08] [I] Average on 10 runs - GPU latency: 0.0957489 ms - Host latency: 0.0957489 ms (enqueue 0.081308 ms)
[03/03/2026-11:04:08] [I] Average on 10 runs - GPU latency: 0.0958252 ms - Host latency: 0.0958252 ms (enqueue 0.0845917 ms)
[03/03/2026-11:04:08] [I] Average on 10 runs - GPU latency: 0.0953583 ms - Host latency: 0.0953583 ms (enqueue 0.0795563 ms)
[03/03/2026-11:04:08] [I] Average on 10 runs - GPU latency: 0.096402 ms - Host latency: 0.096402 ms (enqueue 0.0809692 ms)
[03/03/2026-11:04:08] [I] Average on 10 runs - GPU latency: 0.0956451 ms - Host latency: 0.0956451 ms (enqueue 0.0794159 ms)
[03/03/2026-11:04:08] [I] Average on 10 runs - GPU latency: 0.0963043 ms - Host latency: 0.0963043 ms (enqueue 0.0821777 ms)
[03/03/2026-11:04:08] [I] Average on 10 runs - GPU latency: 0.0968536 ms - Host latency: 0.0968536 ms (enqueue 0.0791199 ms)
[03/03/2026-11:04:08] [I] Average on 10 runs - GPU latency: 0.0962585 ms - Host latency: 0.0962585 ms (enqueue 0.0814636 ms)
[03/03/2026-11:04:08] [I] Average on 10 runs - GPU latency: 0.096225 ms - Host latency: 0.096225 ms (enqueue 0.0801666 ms)
[03/03/2026-11:04:08] [I] Average on 10 runs - GPU latency: 0.0966644 ms - Host latency: 0.0966644 ms (enqueue 0.0829742 ms)
[03/03/2026-11:04:08] [I] Average on 10 runs - GPU latency: 0.0958862 ms - Host latency: 0.0958862 ms (enqueue 0.0791443 ms)
[03/03/2026-11:04:08] [I] Average on 10 runs - GPU latency: 0.0954559 ms - Host latency: 0.0954559 ms (enqueue 0.0815857 ms)
[03/03/2026-11:04:08] [I] Average on 10 runs - GPU latency: 0.0962433 ms - Host latency: 0.0962433 ms (enqueue 0.0791626 ms)
[03/03/2026-11:04:08] [I] Average on 10 runs - GPU latency: 0.0958008 ms - Host latency: 0.0958008 ms (enqueue 0.0837341 ms)
[03/03/2026-11:04:08] [I] Average on 10 runs - GPU latency: 0.0965881 ms - Host latency: 0.0965881 ms (enqueue 0.0804932 ms)
[03/03/2026-11:04:08] [I] Average on 10 runs - GPU latency: 0.0964966 ms - Host latency: 0.0964966 ms (enqueue 0.079834 ms)
[03/03/2026-11:04:08] [I] Average on 10 runs - GPU latency: 0.0966705 ms - Host latency: 0.0966705 ms (enqueue 0.079602 ms)
[03/03/2026-11:04:08] [I] Average on 10 runs - GPU latency: 0.0959564 ms - Host latency: 0.0959564 ms (enqueue 0.0838287 ms)
[03/03/2026-11:04:08] [I] Average on 10 runs - GPU latency: 0.0963989 ms - Host latency: 0.0963989 ms (enqueue 0.0790039 ms)
[03/03/2026-11:04:08] [I] Average on 10 runs - GPU latency: 0.0962616 ms - Host latency: 0.0962616 ms (enqueue 0.0812225 ms)
[03/03/2026-11:04:08] [I] Average on 10 runs - GPU latency: 0.0952179 ms - Host latency: 0.0952179 ms (enqueue 0.0798737 ms)
[03/03/2026-11:04:08] [I] Average on 10 runs - GPU latency: 0.0958801 ms - Host latency: 0.0958801 ms (enqueue 0.0803253 ms)
[03/03/2026-11:04:08] [I] Average on 10 runs - GPU latency: 0.0961548 ms - Host latency: 0.0961548 ms (enqueue 0.0795624 ms)
[03/03/2026-11:04:08] [I] Average on 10 runs - GPU latency: 0.0959625 ms - Host latency: 0.0959625 ms (enqueue 0.0812805 ms)
[03/03/2026-11:04:08] [I] Average on 10 runs - GPU latency: 0.0963989 ms - Host latency: 0.0963989 ms (enqueue 0.0802002 ms)
[03/03/2026-11:04:08] [I] Average on 10 runs - GPU latency: 0.0963837 ms - Host latency: 0.0963837 ms (enqueue 0.0805969 ms)
[03/03/2026-11:04:08] [I] Average on 10 runs - GPU latency: 0.0958801 ms - Host latency: 0.0958801 ms (enqueue 0.082132 ms)
[03/03/2026-11:04:08] [I] Average on 10 runs - GPU latency: 0.0969177 ms - Host latency: 0.0969177 ms (enqueue 0.0803223 ms)
[03/03/2026-11:04:08] [I] Average on 10 runs - GPU latency: 0.0967529 ms - Host latency: 0.0967529 ms (enqueue 0.0801788 ms)
[03/03/2026-11:04:08] [I] Average on 10 runs - GPU latency: 0.0960846 ms - Host latency: 0.0960846 ms (enqueue 0.0837128 ms)
[03/03/2026-11:04:08] [I] Average on 10 runs - GPU latency: 0.100967 ms - Host latency: 0.100967 ms (enqueue 0.0843536 ms)
[03/03/2026-11:04:08] [I] Average on 10 runs - GPU latency: 0.0955811 ms - Host latency: 0.0955811 ms (enqueue 0.0804443 ms)
[03/03/2026-11:04:08] [I] Average on 10 runs - GPU latency: 0.0958679 ms - Host latency: 0.0958679 ms (enqueue 0.0793335 ms)
[03/03/2026-11:04:08] [I] Average on 10 runs - GPU latency: 0.0957397 ms - Host latency: 0.0957397 ms (enqueue 0.0832214 ms)
[03/03/2026-11:04:08] [I] Average on 10 runs - GPU latency: 0.0980377 ms - Host latency: 0.0980377 ms (enqueue 0.0826294 ms)
[03/03/2026-11:04:08] [I] Average on 10 runs - GPU latency: 0.0957336 ms - Host latency: 0.0957336 ms (enqueue 0.079187 ms)
[03/03/2026-11:04:08] [I] Average on 10 runs - GPU latency: 0.09599 ms - Host latency: 0.09599 ms (enqueue 0.0804077 ms)
[03/03/2026-11:04:08] [I] Average on 10 runs - GPU latency: 0.0966461 ms - Host latency: 0.0966461 ms (enqueue 0.0830017 ms)
[03/03/2026-11:04:08] [I] Average on 10 runs - GPU latency: 0.0961029 ms - Host latency: 0.0961029 ms (enqueue 0.0795776 ms)
[03/03/2026-11:04:08] [I] Average on 10 runs - GPU latency: 0.0963165 ms - Host latency: 0.0963165 ms (enqueue 0.0796173 ms)
[03/03/2026-11:04:08] [I] Average on 10 runs - GPU latency: 0.0960602 ms - Host latency: 0.0960602 ms (enqueue 0.0821289 ms)
[03/03/2026-11:04:08] [I] Average on 10 runs - GPU latency: 0.0963776 ms - Host latency: 0.0963776 ms (enqueue 0.0813812 ms)
[03/03/2026-11:04:08] [I] Average on 10 runs - GPU latency: 0.0961395 ms - Host latency: 0.0961395 ms (enqueue 0.0800995 ms)
[03/03/2026-11:04:08] [I] Average on 10 runs - GPU latency: 0.0965729 ms - Host latency: 0.0965729 ms (enqueue 0.0811035 ms)
[03/03/2026-11:04:08] [I] Average on 10 runs - GPU latency: 0.096106 ms - Host latency: 0.096106 ms (enqueue 0.0799347 ms)
[03/03/2026-11:04:08] [I] Average on 10 runs - GPU latency: 0.0958069 ms - Host latency: 0.0958069 ms (enqueue 0.0823578 ms)
[03/03/2026-11:04:08] [I] Average on 10 runs - GPU latency: 0.095871 ms - Host latency: 0.095871 ms (enqueue 0.0832001 ms)
[03/03/2026-11:04:08] [I] Average on 10 runs - GPU latency: 0.0956757 ms - Host latency: 0.0956757 ms (enqueue 0.0787415 ms)
[03/03/2026-11:04:08] [I] Average on 10 runs - GPU latency: 0.0963257 ms - Host latency: 0.0963257 ms (enqueue 0.07966 ms)
[03/03/2026-11:04:08] [I] Average on 10 runs - GPU latency: 0.0957642 ms - Host latency: 0.0957642 ms (enqueue 0.0794067 ms)
[03/03/2026-11:04:08] [I] Average on 10 runs - GPU latency: 0.0957092 ms - Host latency: 0.0957092 ms (enqueue 0.0845795 ms)
[03/03/2026-11:04:08] [I] Average on 10 runs - GPU latency: 0.0958801 ms - Host latency: 0.0958801 ms (enqueue 0.0787506 ms)
[03/03/2026-11:04:08] [I] Average on 10 runs - GPU latency: 0.0960968 ms - Host latency: 0.0960968 ms (enqueue 0.0802582 ms)
[03/03/2026-11:04:08] [I] Average on 10 runs - GPU latency: 0.0965881 ms - Host latency: 0.0965881 ms (enqueue 0.0790497 ms)
[03/03/2026-11:04:08] [I] Average on 10 runs - GPU latency: 0.0964783 ms - Host latency: 0.0964783 ms (enqueue 0.0826813 ms)
[03/03/2026-11:04:08] [I] Average on 10 runs - GPU latency: 0.096756 ms - Host latency: 0.096756 ms (enqueue 0.079538 ms)
[03/03/2026-11:04:08] [I] Average on 10 runs - GPU latency: 0.0960388 ms - Host latency: 0.0960388 ms (enqueue 0.0804504 ms)
[03/03/2026-11:04:08] [I] Average on 10 runs - GPU latency: 0.0961609 ms - Host latency: 0.0961609 ms (enqueue 0.0835083 ms)
[03/03/2026-11:04:08] [I] Average on 10 runs - GPU latency: 0.0967194 ms - Host latency: 0.0967194 ms (enqueue 0.0828918 ms)
[03/03/2026-11:04:08] [I] Average on 10 runs - GPU latency: 0.096048 ms - Host latency: 0.096048 ms (enqueue 0.0790588 ms)
[03/03/2026-11:04:08] [I] Average on 10 runs - GPU latency: 0.0965485 ms - Host latency: 0.0965485 ms (enqueue 0.0803284 ms)
[03/03/2026-11:04:08] [I] Average on 10 runs - GPU latency: 0.0963348 ms - Host latency: 0.0963348 ms (enqueue 0.0799683 ms)
[03/03/2026-11:04:08] [I] Average on 10 runs - GPU latency: 0.0965485 ms - Host latency: 0.0965485 ms (enqueue 0.0819916 ms)
[03/03/2026-11:04:08] [I] Average on 10 runs - GPU latency: 0.0963104 ms - Host latency: 0.0963104 ms (enqueue 0.081604 ms)
[03/03/2026-11:04:08] [I] Average on 10 runs - GPU latency: 0.0962372 ms - Host latency: 0.0962372 ms (enqueue 0.0800079 ms)
[03/03/2026-11:04:08] [I] Average on 10 runs - GPU latency: 0.0965363 ms - Host latency: 0.0965363 ms (enqueue 0.0826172 ms)
[03/03/2026-11:04:08] [I] Average on 10 runs - GPU latency: 0.0956573 ms - Host latency: 0.0956573 ms (enqueue 0.0819366 ms)
[03/03/2026-11:04:08] [I] Average on 10 runs - GPU latency: 0.0963318 ms - Host latency: 0.0963318 ms (enqueue 0.0799805 ms)
[03/03/2026-11:04:08] [I] Average on 10 runs - GPU latency: 0.0960388 ms - Host latency: 0.0960388 ms (enqueue 0.0799744 ms)
[03/03/2026-11:04:08] [I] Average on 10 runs - GPU latency: 0.0960571 ms - Host latency: 0.0960571 ms (enqueue 0.0823517 ms)
[03/03/2026-11:04:08] [I] Average on 10 runs - GPU latency: 0.0963104 ms - Host latency: 0.0963104 ms (enqueue 0.083905 ms)
[03/03/2026-11:04:08] [I] Average on 10 runs - GPU latency: 0.0962189 ms - Host latency: 0.0962189 ms (enqueue 0.0810852 ms)
[03/03/2026-11:04:08] [I] Average on 10 runs - GPU latency: 0.0949707 ms - Host latency: 0.0949707 ms (enqueue 0.07948 ms)
[03/03/2026-11:04:08] [I] Average on 10 runs - GPU latency: 0.0967743 ms - Host latency: 0.0967743 ms (enqueue 0.0788879 ms)
[03/03/2026-11:04:08] [I] Average on 10 runs - GPU latency: 0.0966064 ms - Host latency: 0.0966064 ms (enqueue 0.0810181 ms)
[03/03/2026-11:04:08] [I] Average on 10 runs - GPU latency: 0.0955109 ms - Host latency: 0.0955109 ms (enqueue 0.0790039 ms)
[03/03/2026-11:04:08] [I] Average on 10 runs - GPU latency: 0.0948853 ms - Host latency: 0.0948853 ms (enqueue 0.0796204 ms)
[03/03/2026-11:04:08] [I] Average on 10 runs - GPU latency: 0.0965088 ms - Host latency: 0.0965088 ms (enqueue 0.0819763 ms)
[03/03/2026-11:04:08] [I] Average on 10 runs - GPU latency: 0.0959961 ms - Host latency: 0.0959961 ms (enqueue 0.082193 ms)
[03/03/2026-11:04:08] [I] Average on 10 runs - GPU latency: 0.0962677 ms - Host latency: 0.0962677 ms (enqueue 0.0798676 ms)
[03/03/2026-11:04:08] [I] Average on 10 runs - GPU latency: 0.0960724 ms - Host latency: 0.0960724 ms (enqueue 0.0797729 ms)
[03/03/2026-11:04:08] [I] Average on 10 runs - GPU latency: 0.0963806 ms - Host latency: 0.0963806 ms (enqueue 0.0820465 ms)
[03/03/2026-11:04:08] [I] Average on 10 runs - GPU latency: 0.0953156 ms - Host latency: 0.0953156 ms (enqueue 0.0832733 ms)
[03/03/2026-11:04:08] [I] Average on 10 runs - GPU latency: 0.096701 ms - Host latency: 0.096701 ms (enqueue 0.0804443 ms)
[03/03/2026-11:04:08] [I] Average on 10 runs - GPU latency: 0.0964264 ms - Host latency: 0.0964264 ms (enqueue 0.0806732 ms)
[03/03/2026-11:04:08] [I] Average on 10 runs - GPU latency: 0.0963806 ms - Host latency: 0.0963806 ms (enqueue 0.0794922 ms)
[03/03/2026-11:04:08] [I] Average on 10 runs - GPU latency: 0.0962128 ms - Host latency: 0.0962128 ms (enqueue 0.0821075 ms)
[03/03/2026-11:04:08] [I] Average on 10 runs - GPU latency: 0.0962158 ms - Host latency: 0.0962158 ms (enqueue 0.0808197 ms)
[03/03/2026-11:04:08] [I] Average on 10 runs - GPU latency: 0.0961914 ms - Host latency: 0.0961914 ms (enqueue 0.0802704 ms)
[03/03/2026-11:04:08] [I] Average on 10 runs - GPU latency: 0.0954498 ms - Host latency: 0.0954498 ms (enqueue 0.0817596 ms)
[03/03/2026-11:04:08] [I] Average on 10 runs - GPU latency: 0.0958038 ms - Host latency: 0.0958038 ms (enqueue 0.0828156 ms)
[03/03/2026-11:04:08] [I] Average on 10 runs - GPU latency: 0.0961822 ms - Host latency: 0.0961822 ms (enqueue 0.0796356 ms)
[03/03/2026-11:04:08] [I] Average on 10 runs - GPU latency: 0.095462 ms - Host latency: 0.095462 ms (enqueue 0.0799652 ms)
[03/03/2026-11:04:08] [I] Average on 10 runs - GPU latency: 0.0964691 ms - Host latency: 0.0964691 ms (enqueue 0.0801086 ms)
[03/03/2026-11:04:08] [I] Average on 10 runs - GPU latency: 0.0960419 ms - Host latency: 0.0960419 ms (enqueue 0.0818787 ms)
[03/03/2026-11:04:08] [I] Average on 10 runs - GPU latency: 0.0963409 ms - Host latency: 0.0963409 ms (enqueue 0.0834412 ms)
[03/03/2026-11:04:08] [I] Average on 10 runs - GPU latency: 0.0964569 ms - Host latency: 0.0964569 ms (enqueue 0.0801727 ms)
[03/03/2026-11:04:08] [I] Average on 10 runs - GPU latency: 0.0972412 ms - Host latency: 0.0972412 ms (enqueue 0.0798614 ms)
[03/03/2026-11:04:08] [I] Average on 10 runs - GPU latency: 0.0954529 ms - Host latency: 0.0954529 ms (enqueue 0.0802979 ms)
[03/03/2026-11:04:08] [I] Average on 10 runs - GPU latency: 0.0963043 ms - Host latency: 0.0963043 ms (enqueue 0.0827271 ms)
[03/03/2026-11:04:08] [I] Average on 10 runs - GPU latency: 0.0954926 ms - Host latency: 0.0954926 ms (enqueue 0.0792969 ms)
[03/03/2026-11:04:08] [I] Average on 10 runs - GPU latency: 0.0963654 ms - Host latency: 0.0963654 ms (enqueue 0.0830902 ms)
[03/03/2026-11:04:08] [I] Average on 10 runs - GPU latency: 0.0960602 ms - Host latency: 0.0960602 ms (enqueue 0.0795654 ms)
[03/03/2026-11:04:08] [I] Average on 10 runs - GPU latency: 0.0953583 ms - Host latency: 0.0953583 ms (enqueue 0.082077 ms)
[03/03/2026-11:04:08] [I] Average on 10 runs - GPU latency: 0.0963409 ms - Host latency: 0.0963409 ms (enqueue 0.0807404 ms)
[03/03/2026-11:04:08] [I] Average on 10 runs - GPU latency: 0.0958344 ms - Host latency: 0.0958344 ms (enqueue 0.0812836 ms)
[03/03/2026-11:04:08] [I] Average on 10 runs - GPU latency: 0.0961914 ms - Host latency: 0.0961914 ms (enqueue 0.0801636 ms)
[03/03/2026-11:04:08] [I] Average on 10 runs - GPU latency: 0.0962708 ms - Host latency: 0.0962708 ms (enqueue 0.0835999 ms)
[03/03/2026-11:04:08] [I] Average on 10 runs - GPU latency: 0.0963745 ms - Host latency: 0.0963745 ms (enqueue 0.0792816 ms)
[03/03/2026-11:04:08] [I] Average on 10 runs - GPU latency: 0.0965607 ms - Host latency: 0.0965607 ms (enqueue 0.0796356 ms)
[03/03/2026-11:04:08] [I] Average on 10 runs - GPU latency: 0.0963867 ms - Host latency: 0.0963867 ms (enqueue 0.0826019 ms)
[03/03/2026-11:04:08] [I] Average on 10 runs - GPU latency: 0.0964447 ms - Host latency: 0.0964447 ms (enqueue 0.083136 ms)
[03/03/2026-11:04:08] [I] Average on 10 runs - GPU latency: 0.0961761 ms - Host latency: 0.0961761 ms (enqueue 0.0803986 ms)
[03/03/2026-11:04:08] [I] Average on 10 runs - GPU latency: 0.096521 ms - Host latency: 0.096521 ms (enqueue 0.0791595 ms)
[03/03/2026-11:04:08] [I] Average on 10 runs - GPU latency: 0.0964416 ms - Host latency: 0.0964416 ms (enqueue 0.0822662 ms)
[03/03/2026-11:04:08] [I] Average on 10 runs - GPU latency: 0.095462 ms - Host latency: 0.095462 ms (enqueue 0.0837952 ms)
[03/03/2026-11:04:08] [I] Average on 10 runs - GPU latency: 0.0968414 ms - Host latency: 0.0968414 ms (enqueue 0.0799835 ms)
[03/03/2026-11:04:08] [I] Average on 10 runs - GPU latency: 0.0956268 ms - Host latency: 0.0956268 ms (enqueue 0.0807709 ms)
[03/03/2026-11:04:08] [I] Average on 10 runs - GPU latency: 0.0961029 ms - Host latency: 0.0961029 ms (enqueue 0.0790192 ms)
[03/03/2026-11:04:08] [I] Average on 10 runs - GPU latency: 0.0959412 ms - Host latency: 0.0959412 ms (enqueue 0.0818665 ms)
[03/03/2026-11:04:08] [I] Average on 10 runs - GPU latency: 0.096228 ms - Host latency: 0.096228 ms (enqueue 0.0817566 ms)
[03/03/2026-11:04:08] [I] Average on 10 runs - GPU latency: 0.0966248 ms - Host latency: 0.0966248 ms (enqueue 0.0794312 ms)
[03/03/2026-11:04:08] [I] Average on 10 runs - GPU latency: 0.0957306 ms - Host latency: 0.0957306 ms (enqueue 0.0817505 ms)
[03/03/2026-11:04:08] [I] Average on 10 runs - GPU latency: 0.0965363 ms - Host latency: 0.0965363 ms (enqueue 0.0809692 ms)
[03/03/2026-11:04:08] [I] Average on 10 runs - GPU latency: 0.0961884 ms - Host latency: 0.0961884 ms (enqueue 0.0797485 ms)
[03/03/2026-11:04:08] [I] Average on 10 runs - GPU latency: 0.0956573 ms - Host latency: 0.0956573 ms (enqueue 0.079187 ms)
[03/03/2026-11:04:08] [I] Average on 10 runs - GPU latency: 0.0952057 ms - Host latency: 0.0952057 ms (enqueue 0.0817688 ms)
[03/03/2026-11:04:08] [I] Average on 10 runs - GPU latency: 0.0965149 ms - Host latency: 0.0965149 ms (enqueue 0.0804352 ms)
[03/03/2026-11:04:08] [I] Average on 10 runs - GPU latency: 0.0954346 ms - Host latency: 0.0954346 ms (enqueue 0.0804596 ms)
[03/03/2026-11:04:08] [I] Average on 10 runs - GPU latency: 0.096106 ms - Host latency: 0.096106 ms (enqueue 0.0799316 ms)
[03/03/2026-11:04:08] [I] Average on 10 runs - GPU latency: 0.0958466 ms - Host latency: 0.0958466 ms (enqueue 0.0790863 ms)
[03/03/2026-11:04:08] [I] Average on 10 runs - GPU latency: 0.0957123 ms - Host latency: 0.0957123 ms (enqueue 0.0845917 ms)
[03/03/2026-11:04:08] [I] Average on 10 runs - GPU latency: 0.095871 ms - Host latency: 0.095871 ms (enqueue 0.0789124 ms)
[03/03/2026-11:04:08] [I] Average on 10 runs - GPU latency: 0.0960724 ms - Host latency: 0.0960724 ms (enqueue 0.0802979 ms)
[03/03/2026-11:04:08] [I] Average on 10 runs - GPU latency: 0.0960907 ms - Host latency: 0.0960907 ms (enqueue 0.0790131 ms)
[03/03/2026-11:04:08] [I] Average on 10 runs - GPU latency: 0.0962982 ms - Host latency: 0.0962982 ms (enqueue 0.0853363 ms)
[03/03/2026-11:04:08] [I] Average on 10 runs - GPU latency: 0.0964478 ms - Host latency: 0.0964478 ms (enqueue 0.0805145 ms)
[03/03/2026-11:04:08] [I] Average on 10 runs - GPU latency: 0.0959991 ms - Host latency: 0.0959991 ms (enqueue 0.0796997 ms)
[03/03/2026-11:04:08] [I] Average on 10 runs - GPU latency: 0.0958435 ms - Host latency: 0.0958435 ms (enqueue 0.079599 ms)
[03/03/2026-11:04:08] [I] Average on 10 runs - GPU latency: 0.0960754 ms - Host latency: 0.0960754 ms (enqueue 0.0841644 ms)
[03/03/2026-11:04:08] [I] Average on 10 runs - GPU latency: 0.0969299 ms - Host latency: 0.0969299 ms (enqueue 0.0808533 ms)
[03/03/2026-11:04:08] [I] Average on 10 runs - GPU latency: 0.0960571 ms - Host latency: 0.0960571 ms (enqueue 0.0798645 ms)
[03/03/2026-11:04:08] [I] Average on 10 runs - GPU latency: 0.0960571 ms - Host latency: 0.0960571 ms (enqueue 0.0805054 ms)
[03/03/2026-11:04:08] [I] Average on 10 runs - GPU latency: 0.0960693 ms - Host latency: 0.0960693 ms (enqueue 0.0802673 ms)
[03/03/2026-11:04:08] [I] Average on 10 runs - GPU latency: 0.0954041 ms - Host latency: 0.0954041 ms (enqueue 0.0842407 ms)
[03/03/2026-11:04:08] [I] Average on 10 runs - GPU latency: 0.0956848 ms - Host latency: 0.0956848 ms (enqueue 0.0800659 ms)
[03/03/2026-11:04:08] [I] Average on 10 runs - GPU latency: 0.0971191 ms - Host latency: 0.0971191 ms (enqueue 0.0795166 ms)
[03/03/2026-11:04:08] [I] Average on 10 runs - GPU latency: 0.0960938 ms - Host latency: 0.0960938 ms (enqueue 0.0794373 ms)
[03/03/2026-11:04:08] [I] Average on 10 runs - GPU latency: 0.0957275 ms - Host latency: 0.0957275 ms (enqueue 0.0842224 ms)
[03/03/2026-11:04:08] [I] Average on 10 runs - GPU latency: 0.0957092 ms - Host latency: 0.0957092 ms (enqueue 0.0793335 ms)
[03/03/2026-11:04:08] [I] Average on 10 runs - GPU latency: 0.0966736 ms - Host latency: 0.0966736 ms (enqueue 0.0798157 ms)
[03/03/2026-11:04:08] [I] Average on 10 runs - GPU latency: 0.0961975 ms - Host latency: 0.0961975 ms (enqueue 0.0805481 ms)
[03/03/2026-11:04:08] [I] Average on 10 runs - GPU latency: 0.0959778 ms - Host latency: 0.0959778 ms (enqueue 0.0838379 ms)
[03/03/2026-11:04:08] [I] Average on 10 runs - GPU latency: 0.0956604 ms - Host latency: 0.0956604 ms (enqueue 0.0797668 ms)
[03/03/2026-11:04:08] [I] Average on 10 runs - GPU latency: 0.0966797 ms - Host latency: 0.0966797 ms (enqueue 0.0800049 ms)
[03/03/2026-11:04:08] [I] Average on 10 runs - GPU latency: 0.0958679 ms - Host latency: 0.0958679 ms (enqueue 0.08255 ms)
[03/03/2026-11:04:08] [I] Average on 10 runs - GPU latency: 0.0964294 ms - Host latency: 0.0964294 ms (enqueue 0.0835571 ms)
[03/03/2026-11:04:08] [I] Average on 10 runs - GPU latency: 0.0961975 ms - Host latency: 0.0961975 ms (enqueue 0.0798889 ms)
[03/03/2026-11:04:08] [I] Average on 10 runs - GPU latency: 0.0964416 ms - Host latency: 0.0964416 ms (enqueue 0.0795959 ms)
[03/03/2026-11:04:08] [I] Average on 10 runs - GPU latency: 0.0960754 ms - Host latency: 0.0960754 ms (enqueue 0.0796814 ms)
[03/03/2026-11:04:08] [I] Average on 10 runs - GPU latency: 0.0969299 ms - Host latency: 0.0969299 ms (enqueue 0.0862915 ms)
[03/03/2026-11:04:08] [I] Average on 10 runs - GPU latency: 0.0964722 ms - Host latency: 0.0964722 ms (enqueue 0.0789856 ms)
[03/03/2026-11:04:08] [I] Average on 10 runs - GPU latency: 0.0963379 ms - Host latency: 0.0963379 ms (enqueue 0.0806274 ms)
[03/03/2026-11:04:08] [I] Average on 10 runs - GPU latency: 0.0955689 ms - Host latency: 0.0955689 ms (enqueue 0.0799866 ms)
[03/03/2026-11:04:08] [I] Average on 10 runs - GPU latency: 0.0958008 ms - Host latency: 0.0958008 ms (enqueue 0.0837463 ms)
[03/03/2026-11:04:08] [I] Average on 10 runs - GPU latency: 0.0969604 ms - Host latency: 0.0969604 ms (enqueue 0.0791565 ms)
[03/03/2026-11:04:08] [I] Average on 10 runs - GPU latency: 0.095813 ms - Host latency: 0.095813 ms (enqueue 0.0797607 ms)
[03/03/2026-11:04:08] [I] Average on 10 runs - GPU latency: 0.0963013 ms - Host latency: 0.0963013 ms (enqueue 0.0822327 ms)
[03/03/2026-11:04:08] [I] Average on 10 runs - GPU latency: 0.0960938 ms - Host latency: 0.0960938 ms (enqueue 0.0818481 ms)
[03/03/2026-11:04:08] [I] Average on 10 runs - GPU latency: 0.0960693 ms - Host latency: 0.0960693 ms (enqueue 0.0796631 ms)
[03/03/2026-11:04:08] [I] Average on 10 runs - GPU latency: 0.0957825 ms - Host latency: 0.0957825 ms (enqueue 0.0794189 ms)
[03/03/2026-11:04:08] [I] Average on 10 runs - GPU latency: 0.096405 ms - Host latency: 0.096405 ms (enqueue 0.0821777 ms)
[03/03/2026-11:04:08] [I] Average on 10 runs - GPU latency: 0.0959106 ms - Host latency: 0.0959106 ms (enqueue 0.0825684 ms)
[03/03/2026-11:04:08] [I] Average on 10 runs - GPU latency: 0.0961853 ms - Host latency: 0.0961853 ms (enqueue 0.0791992 ms)
[03/03/2026-11:04:08] [I] Average on 10 runs - GPU latency: 0.0964905 ms - Host latency: 0.0964905 ms (enqueue 0.080542 ms)
[03/03/2026-11:04:08] [I] Average on 10 runs - GPU latency: 0.0957214 ms - Host latency: 0.0957214 ms (enqueue 0.0812805 ms)
[03/03/2026-11:04:08] [I] Average on 10 runs - GPU latency: 0.0960083 ms - Host latency: 0.0960083 ms (enqueue 0.0834045 ms)
[03/03/2026-11:04:08] [I] Average on 10 runs - GPU latency: 0.09646 ms - Host latency: 0.09646 ms (enqueue 0.0800598 ms)
[03/03/2026-11:04:08] [I] Average on 10 runs - GPU latency: 0.0957825 ms - Host latency: 0.0957825 ms (enqueue 0.0794495 ms)
[03/03/2026-11:04:08] [I] Average on 10 runs - GPU latency: 0.0964478 ms - Host latency: 0.0964478 ms (enqueue 0.0808716 ms)
[03/03/2026-11:04:08] [I] Average on 10 runs - GPU latency: 0.095929 ms - Host latency: 0.095929 ms (enqueue 0.0827148 ms)
[03/03/2026-11:04:08] [I] Average on 10 runs - GPU latency: 0.0967529 ms - Host latency: 0.0967529 ms (enqueue 0.0800415 ms)
[03/03/2026-11:04:08] [I] Average on 10 runs - GPU latency: 0.0967163 ms - Host latency: 0.0967163 ms (enqueue 0.0801575 ms)
[03/03/2026-11:04:08] [I] Average on 10 runs - GPU latency: 0.0958801 ms - Host latency: 0.0958801 ms (enqueue 0.0805786 ms)
[03/03/2026-11:04:08] [I] Average on 10 runs - GPU latency: 0.0960022 ms - Host latency: 0.0960022 ms (enqueue 0.0839111 ms)
[03/03/2026-11:04:08] [I] Average on 10 runs - GPU latency: 0.0961243 ms - Host latency: 0.0961243 ms (enqueue 0.080304 ms)
[03/03/2026-11:04:08] [I] Average on 10 runs - GPU latency: 0.0963562 ms - Host latency: 0.0963562 ms (enqueue 0.0791321 ms)
[03/03/2026-11:04:08] [I] Average on 10 runs - GPU latency: 0.0963196 ms - Host latency: 0.0963196 ms (enqueue 0.08302 ms)
[03/03/2026-11:04:08] [I] Average on 10 runs - GPU latency: 0.0959167 ms - Host latency: 0.0959167 ms (enqueue 0.0818298 ms)
[03/03/2026-11:04:08] [I] Average on 10 runs - GPU latency: 0.0967834 ms - Host latency: 0.0967834 ms (enqueue 0.0796387 ms)
[03/03/2026-11:04:08] [I] Average on 10 runs - GPU latency: 0.0961792 ms - Host latency: 0.0961792 ms (enqueue 0.0792114 ms)
[03/03/2026-11:04:08] [I] Average on 10 runs - GPU latency: 0.0966675 ms - Host latency: 0.0966675 ms (enqueue 0.0812317 ms)
[03/03/2026-11:04:08] [I] Average on 10 runs - GPU latency: 0.0963745 ms - Host latency: 0.0963745 ms (enqueue 0.0791443 ms)
[03/03/2026-11:04:08] [I] Average on 10 runs - GPU latency: 0.0960022 ms - Host latency: 0.0960022 ms (enqueue 0.084314 ms)
[03/03/2026-11:04:08] [I] Average on 10 runs - GPU latency: 0.0960999 ms - Host latency: 0.0960999 ms (enqueue 0.0811218 ms)
[03/03/2026-11:04:08] [I] Average on 10 runs - GPU latency: 0.0958557 ms - Host latency: 0.0958557 ms (enqueue 0.0798096 ms)
[03/03/2026-11:04:08] [I] Average on 10 runs - GPU latency: 0.0960815 ms - Host latency: 0.0960815 ms (enqueue 0.080481 ms)
[03/03/2026-11:04:08] [I] Average on 10 runs - GPU latency: 0.0956665 ms - Host latency: 0.0956665 ms (enqueue 0.0820374 ms)
[03/03/2026-11:04:08] [I] Average on 10 runs - GPU latency: 0.0966431 ms - Host latency: 0.0966431 ms (enqueue 0.0792603 ms)
[03/03/2026-11:04:08] [I] Average on 10 runs - GPU latency: 0.0953247 ms - Host latency: 0.0953247 ms (enqueue 0.0813904 ms)
[03/03/2026-11:04:08] [I] Average on 10 runs - GPU latency: 0.0960632 ms - Host latency: 0.0960632 ms (enqueue 0.0805176 ms)
[03/03/2026-11:04:08] [I] Average on 10 runs - GPU latency: 0.0972717 ms - Host latency: 0.0972717 ms (enqueue 0.0846558 ms)
[03/03/2026-11:04:08] [I] Average on 10 runs - GPU latency: 0.0964966 ms - Host latency: 0.0964966 ms (enqueue 0.0793396 ms)
[03/03/2026-11:04:08] [I] Average on 10 runs - GPU latency: 0.095459 ms - Host latency: 0.095459 ms (enqueue 0.0805054 ms)
[03/03/2026-11:04:08] [I] Average on 10 runs - GPU latency: 0.0957336 ms - Host latency: 0.0957336 ms (enqueue 0.079895 ms)
[03/03/2026-11:04:08] [I] Average on 10 runs - GPU latency: 0.0978943 ms - Host latency: 0.0978943 ms (enqueue 0.0875549 ms)
[03/03/2026-11:04:08] [I] Average on 10 runs - GPU latency: 0.0958252 ms - Host latency: 0.0958252 ms (enqueue 0.0798523 ms)
[03/03/2026-11:04:08] [I] Average on 10 runs - GPU latency: 0.0965088 ms - Host latency: 0.0965088 ms (enqueue 0.080603 ms)
[03/03/2026-11:04:08] [I] Average on 10 runs - GPU latency: 0.0961182 ms - Host latency: 0.0961182 ms (enqueue 0.0814087 ms)
[03/03/2026-11:04:08] [I] Average on 10 runs - GPU latency: 0.0957397 ms - Host latency: 0.0957397 ms (enqueue 0.0811035 ms)
[03/03/2026-11:04:08] [I] Average on 10 runs - GPU latency: 0.095752 ms - Host latency: 0.095752 ms (enqueue 0.0794373 ms)
[03/03/2026-11:04:08] [I] Average on 10 runs - GPU latency: 0.096167 ms - Host latency: 0.096167 ms (enqueue 0.0798767 ms)
[03/03/2026-11:04:08] [I] Average on 10 runs - GPU latency: 0.0953125 ms - Host latency: 0.0953125 ms (enqueue 0.0802063 ms)
[03/03/2026-11:04:08] [I] Average on 10 runs - GPU latency: 0.0964416 ms - Host latency: 0.0964416 ms (enqueue 0.0831543 ms)
[03/03/2026-11:04:08] [I] Average on 10 runs - GPU latency: 0.0955933 ms - Host latency: 0.0955933 ms (enqueue 0.0798035 ms)
[03/03/2026-11:04:08] [I] Average on 10 runs - GPU latency: 0.0956909 ms - Host latency: 0.0956909 ms (enqueue 0.0793457 ms)
[03/03/2026-11:04:08] [I] Average on 10 runs - GPU latency: 0.09599 ms - Host latency: 0.09599 ms (enqueue 0.0791016 ms)
[03/03/2026-11:04:08] [I] Average on 10 runs - GPU latency: 0.0954834 ms - Host latency: 0.0954834 ms (enqueue 0.0834167 ms)
[03/03/2026-11:04:08] [I] Average on 10 runs - GPU latency: 0.0968323 ms - Host latency: 0.0968323 ms (enqueue 0.0798584 ms)
[03/03/2026-11:04:08] [I] Average on 10 runs - GPU latency: 0.0961792 ms - Host latency: 0.0961792 ms (enqueue 0.0807007 ms)
[03/03/2026-11:04:08] [I] Average on 10 runs - GPU latency: 0.0958801 ms - Host latency: 0.0958801 ms (enqueue 0.0796753 ms)
[03/03/2026-11:04:08] [I] Average on 10 runs - GPU latency: 0.0965942 ms - Host latency: 0.0965942 ms (enqueue 0.0848328 ms)
[03/03/2026-11:04:08] [I] Average on 10 runs - GPU latency: 0.0955078 ms - Host latency: 0.0955078 ms (enqueue 0.0808533 ms)
[03/03/2026-11:04:08] [I] Average on 10 runs - GPU latency: 0.0963013 ms - Host latency: 0.0963013 ms (enqueue 0.0790222 ms)
[03/03/2026-11:04:08] [I] Average on 10 runs - GPU latency: 0.0960327 ms - Host latency: 0.0960327 ms (enqueue 0.07995 ms)
[03/03/2026-11:04:08] [I] Average on 10 runs - GPU latency: 0.11178 ms - Host latency: 0.11178 ms (enqueue 0.102417 ms)
[03/03/2026-11:04:08] [I] Average on 10 runs - GPU latency: 0.102722 ms - Host latency: 0.102722 ms (enqueue 0.0893372 ms)
[03/03/2026-11:04:08] [I] Average on 10 runs - GPU latency: 0.105811 ms - Host latency: 0.105811 ms (enqueue 0.0877808 ms)
[03/03/2026-11:04:08] [I] Average on 10 runs - GPU latency: 0.0963318 ms - Host latency: 0.0963318 ms (enqueue 0.0789612 ms)
[03/03/2026-11:04:08] [I] Average on 10 runs - GPU latency: 0.0983521 ms - Host latency: 0.0983521 ms (enqueue 0.0869446 ms)
[03/03/2026-11:04:08] [I] Average on 10 runs - GPU latency: 0.0964294 ms - Host latency: 0.0964294 ms (enqueue 0.0808594 ms)
[03/03/2026-11:04:08] [I] Average on 10 runs - GPU latency: 0.0960205 ms - Host latency: 0.0960205 ms (enqueue 0.079071 ms)
[03/03/2026-11:04:08] [I] Average on 10 runs - GPU latency: 0.0960693 ms - Host latency: 0.0960693 ms (enqueue 0.0790405 ms)
[03/03/2026-11:04:08] [I] Average on 10 runs - GPU latency: 0.0957947 ms - Host latency: 0.0957947 ms (enqueue 0.0817566 ms)
[03/03/2026-11:04:08] [I] Average on 10 runs - GPU latency: 0.0963013 ms - Host latency: 0.0963013 ms (enqueue 0.078772 ms)
[03/03/2026-11:04:08] [I] Average on 10 runs - GPU latency: 0.0957275 ms - Host latency: 0.0957275 ms (enqueue 0.0826416 ms)
[03/03/2026-11:04:08] [I] Average on 10 runs - GPU latency: 0.0963013 ms - Host latency: 0.0963013 ms (enqueue 0.078949 ms)
[03/03/2026-11:04:08] [I] Average on 10 runs - GPU latency: 0.0959412 ms - Host latency: 0.0959412 ms (enqueue 0.0848694 ms)
[03/03/2026-11:04:08] [I] Average on 10 runs - GPU latency: 0.0968323 ms - Host latency: 0.0968323 ms (enqueue 0.0792175 ms)
[03/03/2026-11:04:08] [I] Average on 10 runs - GPU latency: 0.0956543 ms - Host latency: 0.0956543 ms (enqueue 0.079657 ms)
[03/03/2026-11:04:08] [I] Average on 10 runs - GPU latency: 0.0969849 ms - Host latency: 0.0969849 ms (enqueue 0.0814758 ms)
[03/03/2026-11:04:08] [I] Average on 10 runs - GPU latency: 0.0955322 ms - Host latency: 0.0955322 ms (enqueue 0.0821594 ms)
[03/03/2026-11:04:08] [I] Average on 10 runs - GPU latency: 0.096228 ms - Host latency: 0.096228 ms (enqueue 0.0811096 ms)
[03/03/2026-11:04:08] [I] Average on 10 runs - GPU latency: 0.0968994 ms - Host latency: 0.0968994 ms (enqueue 0.0792786 ms)
[03/03/2026-11:04:08] [I] Average on 10 runs - GPU latency: 0.0963074 ms - Host latency: 0.0963074 ms (enqueue 0.0816528 ms)
[03/03/2026-11:04:08] [I] Average on 10 runs - GPU latency: 0.0964294 ms - Host latency: 0.0964294 ms (enqueue 0.0814819 ms)
[03/03/2026-11:04:08] [I] Average on 10 runs - GPU latency: 0.09646 ms - Host latency: 0.09646 ms (enqueue 0.0800354 ms)
[03/03/2026-11:04:08] [I] Average on 10 runs - GPU latency: 0.0962463 ms - Host latency: 0.0962463 ms (enqueue 0.0805237 ms)
[03/03/2026-11:04:08] [I] Average on 10 runs - GPU latency: 0.0970276 ms - Host latency: 0.0970276 ms (enqueue 0.0798401 ms)
[03/03/2026-11:04:08] [I] Average on 10 runs - GPU latency: 0.0970154 ms - Host latency: 0.0970154 ms (enqueue 0.0848816 ms)
[03/03/2026-11:04:08] [I] Average on 10 runs - GPU latency: 0.095929 ms - Host latency: 0.095929 ms (enqueue 0.0798828 ms)
[03/03/2026-11:04:08] [I] Average on 10 runs - GPU latency: 0.095929 ms - Host latency: 0.095929 ms (enqueue 0.0792297 ms)
[03/03/2026-11:04:08] [I] Average on 10 runs - GPU latency: 0.0968689 ms - Host latency: 0.0968689 ms (enqueue 0.0793091 ms)
[03/03/2026-11:04:08] [I] Average on 10 runs - GPU latency: 0.096106 ms - Host latency: 0.096106 ms (enqueue 0.0854553 ms)
[03/03/2026-11:04:08] [I] Average on 10 runs - GPU latency: 0.0959351 ms - Host latency: 0.0959351 ms (enqueue 0.0802612 ms)
[03/03/2026-11:04:08] [I] Average on 10 runs - GPU latency: 0.0954529 ms - Host latency: 0.0954529 ms (enqueue 0.0805481 ms)
[03/03/2026-11:04:08] [I] Average on 10 runs - GPU latency: 0.0960632 ms - Host latency: 0.0960632 ms (enqueue 0.0794556 ms)
[03/03/2026-11:04:08] [I] Average on 10 runs - GPU latency: 0.0959106 ms - Host latency: 0.0959106 ms (enqueue 0.0818176 ms)
[03/03/2026-11:04:08] [I] Average on 10 runs - GPU latency: 0.0961487 ms - Host latency: 0.0961487 ms (enqueue 0.0802185 ms)
[03/03/2026-11:04:08] [I] Average on 10 runs - GPU latency: 0.0959412 ms - Host latency: 0.0959412 ms (enqueue 0.0796448 ms)
[03/03/2026-11:04:08] [I] Average on 10 runs - GPU latency: 0.0964539 ms - Host latency: 0.0964539 ms (enqueue 0.0819458 ms)
[03/03/2026-11:04:08] [I] Average on 10 runs - GPU latency: 0.096106 ms - Host latency: 0.096106 ms (enqueue 0.0832642 ms)
[03/03/2026-11:04:08] [I] Average on 10 runs - GPU latency: 0.0968872 ms - Host latency: 0.0968872 ms (enqueue 0.080188 ms)
[03/03/2026-11:04:08] [I] Average on 10 runs - GPU latency: 0.0957214 ms - Host latency: 0.0957214 ms (enqueue 0.0803528 ms)
[03/03/2026-11:04:08] [I] Average on 10 runs - GPU latency: 0.096228 ms - Host latency: 0.096228 ms (enqueue 0.0803345 ms)
[03/03/2026-11:04:08] [I] Average on 10 runs - GPU latency: 0.0948853 ms - Host latency: 0.0948853 ms (enqueue 0.0813721 ms)
[03/03/2026-11:04:08] [I] Average on 10 runs - GPU latency: 0.0963379 ms - Host latency: 0.0963379 ms (enqueue 0.0814148 ms)
[03/03/2026-11:04:08] [I] Average on 10 runs - GPU latency: 0.0956604 ms - Host latency: 0.0956604 ms (enqueue 0.0802856 ms)
[03/03/2026-11:04:08] [I] Average on 10 runs - GPU latency: 0.0958679 ms - Host latency: 0.0958679 ms (enqueue 0.0795593 ms)
[03/03/2026-11:04:08] [I] Average on 10 runs - GPU latency: 0.0963806 ms - Host latency: 0.0963806 ms (enqueue 0.0812012 ms)
[03/03/2026-11:04:08] [I] Average on 10 runs - GPU latency: 0.0963806 ms - Host latency: 0.0963806 ms (enqueue 0.0813477 ms)
[03/03/2026-11:04:08] [I] Average on 10 runs - GPU latency: 0.0961487 ms - Host latency: 0.0961487 ms (enqueue 0.0813904 ms)
[03/03/2026-11:04:08] [I] Average on 10 runs - GPU latency: 0.0960815 ms - Host latency: 0.0960815 ms (enqueue 0.080304 ms)
[03/03/2026-11:04:08] [I] Average on 10 runs - GPU latency: 0.0967346 ms - Host latency: 0.0967346 ms (enqueue 0.0801941 ms)
[03/03/2026-11:04:08] [I] Average on 10 runs - GPU latency: 0.0956787 ms - Host latency: 0.0956787 ms (enqueue 0.08255 ms)
[03/03/2026-11:04:08] [I] Average on 10 runs - GPU latency: 0.0962219 ms - Host latency: 0.0962219 ms (enqueue 0.0817505 ms)
[03/03/2026-11:04:08] [I] Average on 10 runs - GPU latency: 0.0963074 ms - Host latency: 0.0963074 ms (enqueue 0.0811096 ms)
[03/03/2026-11:04:08] [I] Average on 10 runs - GPU latency: 0.0954834 ms - Host latency: 0.0954834 ms (enqueue 0.079303 ms)
[03/03/2026-11:04:08] [I] Average on 10 runs - GPU latency: 0.0964416 ms - Host latency: 0.0964416 ms (enqueue 0.0821838 ms)
[03/03/2026-11:04:08] [I] Average on 10 runs - GPU latency: 0.0958862 ms - Host latency: 0.0958862 ms (enqueue 0.0794373 ms)
[03/03/2026-11:04:08] [I] Average on 10 runs - GPU latency: 0.0970154 ms - Host latency: 0.0970154 ms (enqueue 0.0825134 ms)
[03/03/2026-11:04:08] [I] Average on 10 runs - GPU latency: 0.0953369 ms - Host latency: 0.0953369 ms (enqueue 0.0794128 ms)
[03/03/2026-11:04:08] [I] Average on 10 runs - GPU latency: 0.0955566 ms - Host latency: 0.0955566 ms (enqueue 0.0810303 ms)
[03/03/2026-11:04:08] [I] Average on 10 runs - GPU latency: 0.0956665 ms - Host latency: 0.0956665 ms (enqueue 0.0818176 ms)
[03/03/2026-11:04:08] [I] Average on 10 runs - GPU latency: 0.0966797 ms - Host latency: 0.0966797 ms (enqueue 0.0796265 ms)
[03/03/2026-11:04:08] [I] Average on 10 runs - GPU latency: 0.0961731 ms - Host latency: 0.0961731 ms (enqueue 0.0829102 ms)
[03/03/2026-11:04:08] [I] Average on 10 runs - GPU latency: 0.0961243 ms - Host latency: 0.0961243 ms (enqueue 0.0825623 ms)
[03/03/2026-11:04:08] [I] Average on 10 runs - GPU latency: 0.0965393 ms - Host latency: 0.0965393 ms (enqueue 0.0808838 ms)
[03/03/2026-11:04:08] [I] Average on 10 runs - GPU latency: 0.0953491 ms - Host latency: 0.0953491 ms (enqueue 0.0797424 ms)
[03/03/2026-11:04:08] [I] Average on 10 runs - GPU latency: 0.096344 ms - Host latency: 0.096344 ms (enqueue 0.0799194 ms)
[03/03/2026-11:04:08] [I] Average on 10 runs - GPU latency: 0.0957214 ms - Host latency: 0.0957214 ms (enqueue 0.0822632 ms)
[03/03/2026-11:04:08] [I] Average on 10 runs - GPU latency: 0.0964111 ms - Host latency: 0.0964111 ms (enqueue 0.0800049 ms)
[03/03/2026-11:04:08] [I] Average on 10 runs - GPU latency: 0.0961365 ms - Host latency: 0.0961365 ms (enqueue 0.0819519 ms)
[03/03/2026-11:04:08] [I] Average on 10 runs - GPU latency: 0.0967529 ms - Host latency: 0.0967529 ms (enqueue 0.0802124 ms)
[03/03/2026-11:04:08] [I] Average on 10 runs - GPU latency: 0.09646 ms - Host latency: 0.09646 ms (enqueue 0.0818054 ms)
[03/03/2026-11:04:08] [I] Average on 10 runs - GPU latency: 0.0965088 ms - Host latency: 0.0965088 ms (enqueue 0.0803467 ms)
[03/03/2026-11:04:08] [I] Average on 10 runs - GPU latency: 0.0951904 ms - Host latency: 0.0951904 ms (enqueue 0.0814392 ms)
[03/03/2026-11:04:08] [I] Average on 10 runs - GPU latency: 0.0961426 ms - Host latency: 0.0961426 ms (enqueue 0.0808044 ms)
[03/03/2026-11:04:08] [I] Average on 10 runs - GPU latency: 0.0965698 ms - Host latency: 0.0965698 ms (enqueue 0.0814026 ms)
[03/03/2026-11:04:08] [I] Average on 10 runs - GPU latency: 0.0965332 ms - Host latency: 0.0965332 ms (enqueue 0.0809082 ms)
[03/03/2026-11:04:08] [I] Average on 10 runs - GPU latency: 0.0957397 ms - Host latency: 0.0957397 ms (enqueue 0.0799255 ms)
[03/03/2026-11:04:08] [I] Average on 10 runs - GPU latency: 0.0952698 ms - Host latency: 0.0952698 ms (enqueue 0.080188 ms)
[03/03/2026-11:04:08] [I] Average on 10 runs - GPU latency: 0.0967651 ms - Host latency: 0.0967651 ms (enqueue 0.0853088 ms)
[03/03/2026-11:04:08] [I] Average on 10 runs - GPU latency: 0.0960693 ms - Host latency: 0.0960693 ms (enqueue 0.0788635 ms)
[03/03/2026-11:04:08] [I] Average on 10 runs - GPU latency: 0.0955872 ms - Host latency: 0.0955872 ms (enqueue 0.0794006 ms)
[03/03/2026-11:04:08] [I] Average on 10 runs - GPU latency: 0.0957031 ms - Host latency: 0.0957031 ms (enqueue 0.0785278 ms)
[03/03/2026-11:04:08] [I] Average on 10 runs - GPU latency: 0.0962891 ms - Host latency: 0.0962891 ms (enqueue 0.0825562 ms)
[03/03/2026-11:04:08] [I] Average on 10 runs - GPU latency: 0.0955261 ms - Host latency: 0.0955261 ms (enqueue 0.0793823 ms)
[03/03/2026-11:04:08] [I] Average on 10 runs - GPU latency: 0.0961914 ms - Host latency: 0.0961914 ms (enqueue 0.0792175 ms)
[03/03/2026-11:04:08] [I] Average on 10 runs - GPU latency: 0.0961121 ms - Host latency: 0.0961121 ms (enqueue 0.0809937 ms)
[03/03/2026-11:04:08] [I] Average on 10 runs - GPU latency: 0.0979492 ms - Host latency: 0.0979492 ms (enqueue 0.0863098 ms)
[03/03/2026-11:04:08] [I] Average on 10 runs - GPU latency: 0.0972168 ms - Host latency: 0.0972168 ms (enqueue 0.0796631 ms)
[03/03/2026-11:04:08] [I] Average on 10 runs - GPU latency: 0.0967163 ms - Host latency: 0.0967163 ms (enqueue 0.0803406 ms)
[03/03/2026-11:04:08] [I] Average on 10 runs - GPU latency: 0.0967651 ms - Host latency: 0.0967651 ms (enqueue 0.078656 ms)
[03/03/2026-11:04:08] [I] Average on 10 runs - GPU latency: 0.0960571 ms - Host latency: 0.0960571 ms (enqueue 0.0833557 ms)
[03/03/2026-11:04:08] [I] Average on 10 runs - GPU latency: 0.0963867 ms - Host latency: 0.0963867 ms (enqueue 0.0832825 ms)
[03/03/2026-11:04:08] [I] Average on 10 runs - GPU latency: 0.0962524 ms - Host latency: 0.0962524 ms (enqueue 0.0796936 ms)
[03/03/2026-11:04:08] [I] Average on 10 runs - GPU latency: 0.0969421 ms - Host latency: 0.0969421 ms (enqueue 0.0789978 ms)
[03/03/2026-11:04:08] [I] Average on 10 runs - GPU latency: 0.0960449 ms - Host latency: 0.0960449 ms (enqueue 0.0814636 ms)
[03/03/2026-11:04:08] [I] Average on 10 runs - GPU latency: 0.09599 ms - Host latency: 0.09599 ms (enqueue 0.0812805 ms)
[03/03/2026-11:04:08] [I] Average on 10 runs - GPU latency: 0.0962463 ms - Host latency: 0.0962463 ms (enqueue 0.0800293 ms)
[03/03/2026-11:04:08] [I] Average on 10 runs - GPU latency: 0.0963745 ms - Host latency: 0.0963745 ms (enqueue 0.0806763 ms)
[03/03/2026-11:04:08] [I] Average on 10 runs - GPU latency: 0.0966675 ms - Host latency: 0.0966675 ms (enqueue 0.0815002 ms)
[03/03/2026-11:04:08] [I] Average on 10 runs - GPU latency: 0.0966003 ms - Host latency: 0.0966003 ms (enqueue 0.0829773 ms)
[03/03/2026-11:04:08] [I] Average on 10 runs - GPU latency: 0.0962158 ms - Host latency: 0.0962158 ms (enqueue 0.0809631 ms)
[03/03/2026-11:04:08] [I] Average on 10 runs - GPU latency: 0.0950989 ms - Host latency: 0.0950989 ms (enqueue 0.0800842 ms)
[03/03/2026-11:04:08] [I] Average on 10 runs - GPU latency: 0.0967346 ms - Host latency: 0.0967346 ms (enqueue 0.079657 ms)
[03/03/2026-11:04:08] [I] Average on 10 runs - GPU latency: 0.0958496 ms - Host latency: 0.0958496 ms (enqueue 0.0835083 ms)
[03/03/2026-11:04:08] [I] Average on 10 runs - GPU latency: 0.0955872 ms - Host latency: 0.0955872 ms (enqueue 0.0803162 ms)
[03/03/2026-11:04:08] [I] Average on 10 runs - GPU latency: 0.0958862 ms - Host latency: 0.0958862 ms (enqueue 0.0790222 ms)
[03/03/2026-11:04:08] [I] Average on 10 runs - GPU latency: 0.0962708 ms - Host latency: 0.0962708 ms (enqueue 0.0824707 ms)
[03/03/2026-11:04:08] [I] Average on 10 runs - GPU latency: 0.0966858 ms - Host latency: 0.0966858 ms (enqueue 0.0820557 ms)
[03/03/2026-11:04:08] [I] Average on 10 runs - GPU latency: 0.0967407 ms - Host latency: 0.0967407 ms (enqueue 0.0794556 ms)
[03/03/2026-11:04:08] [I] Average on 10 runs - GPU latency: 0.0957336 ms - Host latency: 0.0957336 ms (enqueue 0.0813843 ms)
[03/03/2026-11:04:08] [I] Average on 10 runs - GPU latency: 0.0960571 ms - Host latency: 0.0960571 ms (enqueue 0.0792419 ms)
[03/03/2026-11:04:08] [I] Average on 10 runs - GPU latency: 0.0958862 ms - Host latency: 0.0958862 ms (enqueue 0.0816589 ms)
[03/03/2026-11:04:08] [I] Average on 10 runs - GPU latency: 0.0963501 ms - Host latency: 0.0963501 ms (enqueue 0.0798462 ms)
[03/03/2026-11:04:08] [I] Average on 10 runs - GPU latency: 0.0953674 ms - Host latency: 0.0953674 ms (enqueue 0.0816162 ms)
[03/03/2026-11:04:08] [I] Average on 10 runs - GPU latency: 0.0971375 ms - Host latency: 0.0971375 ms (enqueue 0.0799072 ms)
[03/03/2026-11:04:08] [I] Average on 10 runs - GPU latency: 0.0964233 ms - Host latency: 0.0964233 ms (enqueue 0.083667 ms)
[03/03/2026-11:04:08] [I] Average on 10 runs - GPU latency: 0.0963684 ms - Host latency: 0.0963684 ms (enqueue 0.0803528 ms)
[03/03/2026-11:04:08] [I] Average on 10 runs - GPU latency: 0.0963379 ms - Host latency: 0.0963379 ms (enqueue 0.0792114 ms)
[03/03/2026-11:04:08] [I] Average on 10 runs - GPU latency: 0.0955689 ms - Host latency: 0.0955689 ms (enqueue 0.0813354 ms)
[03/03/2026-11:04:08] [I] Average on 10 runs - GPU latency: 0.096167 ms - Host latency: 0.096167 ms (enqueue 0.0821411 ms)
[03/03/2026-11:04:08] [I] Average on 10 runs - GPU latency: 0.0963196 ms - Host latency: 0.0963196 ms (enqueue 0.0814575 ms)
[03/03/2026-11:04:08] [I] Average on 10 runs - GPU latency: 0.0960266 ms - Host latency: 0.0960266 ms (enqueue 0.0796387 ms)
[03/03/2026-11:04:08] [I] Average on 10 runs - GPU latency: 0.09646 ms - Host latency: 0.09646 ms (enqueue 0.0792847 ms)
[03/03/2026-11:04:08] [I] Average on 10 runs - GPU latency: 0.0955017 ms - Host latency: 0.0955017 ms (enqueue 0.0843445 ms)
[03/03/2026-11:04:08] [I] Average on 10 runs - GPU latency: 0.0966126 ms - Host latency: 0.0966126 ms (enqueue 0.0792114 ms)
[03/03/2026-11:04:08] [I] Average on 10 runs - GPU latency: 0.0956665 ms - Host latency: 0.0956665 ms (enqueue 0.0799316 ms)
[03/03/2026-11:04:08] [I] Average on 10 runs - GPU latency: 0.0960999 ms - Host latency: 0.0960999 ms (enqueue 0.0803589 ms)
[03/03/2026-11:04:08] [I] Average on 10 runs - GPU latency: 0.09646 ms - Host latency: 0.09646 ms (enqueue 0.0817749 ms)
[03/03/2026-11:04:08] [I] Average on 10 runs - GPU latency: 0.0958984 ms - Host latency: 0.0958984 ms (enqueue 0.0792053 ms)
[03/03/2026-11:04:08] [I] Average on 10 runs - GPU latency: 0.0959717 ms - Host latency: 0.0959717 ms (enqueue 0.0815369 ms)
[03/03/2026-11:04:08] [I] Average on 10 runs - GPU latency: 0.0958252 ms - Host latency: 0.0958252 ms (enqueue 0.0790466 ms)
[03/03/2026-11:04:08] [I] Average on 10 runs - GPU latency: 0.0957703 ms - Host latency: 0.0957703 ms (enqueue 0.0848938 ms)
[03/03/2026-11:04:08] [I] Average on 10 runs - GPU latency: 0.0971375 ms - Host latency: 0.0971375 ms (enqueue 0.081427 ms)
[03/03/2026-11:04:08] [I] Average on 10 runs - GPU latency: 0.0968872 ms - Host latency: 0.0968872 ms (enqueue 0.0799439 ms)
[03/03/2026-11:04:08] [I] Average on 10 runs - GPU latency: 0.0965393 ms - Host latency: 0.0965393 ms (enqueue 0.0794922 ms)
[03/03/2026-11:04:08] [I] Average on 10 runs - GPU latency: 0.0961304 ms - Host latency: 0.0961304 ms (enqueue 0.0821106 ms)
[03/03/2026-11:04:08] [I] Average on 10 runs - GPU latency: 0.0960876 ms - Host latency: 0.0960876 ms (enqueue 0.0794006 ms)
[03/03/2026-11:04:08] [I] Average on 10 runs - GPU latency: 0.0956543 ms - Host latency: 0.0956543 ms (enqueue 0.0794678 ms)
[03/03/2026-11:04:08] [I] Average on 10 runs - GPU latency: 0.0960022 ms - Host latency: 0.0960022 ms (enqueue 0.0830933 ms)
[03/03/2026-11:04:08] [I] Average on 10 runs - GPU latency: 0.0964844 ms - Host latency: 0.0964844 ms (enqueue 0.0807861 ms)
[03/03/2026-11:04:08] [I] Average on 10 runs - GPU latency: 0.0967773 ms - Host latency: 0.0967773 ms (enqueue 0.0804932 ms)
[03/03/2026-11:04:08] [I] Average on 10 runs - GPU latency: 0.0966614 ms - Host latency: 0.0966614 ms (enqueue 0.0795898 ms)
[03/03/2026-11:04:08] [I] Average on 10 runs - GPU latency: 0.0957031 ms - Host latency: 0.0957031 ms (enqueue 0.083252 ms)
[03/03/2026-11:04:08] [I] Average on 10 runs - GPU latency: 0.0959534 ms - Host latency: 0.0959534 ms (enqueue 0.0809387 ms)
[03/03/2026-11:04:08] [I] Average on 10 runs - GPU latency: 0.0965454 ms - Host latency: 0.0965454 ms (enqueue 0.0817932 ms)
[03/03/2026-11:04:08] [I] Average on 10 runs - GPU latency: 0.0962341 ms - Host latency: 0.0962341 ms (enqueue 0.0796631 ms)
[03/03/2026-11:04:08] [I] Average on 10 runs - GPU latency: 0.0953125 ms - Host latency: 0.0953125 ms (enqueue 0.0796387 ms)
[03/03/2026-11:04:08] [I] Average on 10 runs - GPU latency: 0.0962708 ms - Host latency: 0.0962708 ms (enqueue 0.079187 ms)
[03/03/2026-11:04:08] [I] Average on 10 runs - GPU latency: 0.0956604 ms - Host latency: 0.0956604 ms (enqueue 0.0820984 ms)
[03/03/2026-11:04:08] [I] Average on 10 runs - GPU latency: 0.09599 ms - Host latency: 0.09599 ms (enqueue 0.0802795 ms)
[03/03/2026-11:04:08] [I] Average on 10 runs - GPU latency: 0.0958862 ms - Host latency: 0.0958862 ms (enqueue 0.0839661 ms)
[03/03/2026-11:04:08] [I] Average on 10 runs - GPU latency: 0.0962463 ms - Host latency: 0.0962463 ms (enqueue 0.0794617 ms)
[03/03/2026-11:04:08] [I] Average on 10 runs - GPU latency: 0.0975342 ms - Host latency: 0.0975342 ms (enqueue 0.0826111 ms)
[03/03/2026-11:04:08] [I] Average on 10 runs - GPU latency: 0.0958496 ms - Host latency: 0.0958496 ms (enqueue 0.0801636 ms)
[03/03/2026-11:04:08] [I] Average on 10 runs - GPU latency: 0.0962341 ms - Host latency: 0.0962341 ms (enqueue 0.0802612 ms)
[03/03/2026-11:04:08] [I] Average on 10 runs - GPU latency: 0.0964539 ms - Host latency: 0.0964539 ms (enqueue 0.0796814 ms)
[03/03/2026-11:04:08] [I] Average on 10 runs - GPU latency: 0.0964172 ms - Host latency: 0.0964172 ms (enqueue 0.0813843 ms)
[03/03/2026-11:04:08] [I] Average on 10 runs - GPU latency: 0.0963562 ms - Host latency: 0.0963562 ms (enqueue 0.0811279 ms)
[03/03/2026-11:04:08] [I] Average on 10 runs - GPU latency: 0.0964355 ms - Host latency: 0.0964355 ms (enqueue 0.0800964 ms)
[03/03/2026-11:04:08] [I] Average on 10 runs - GPU latency: 0.0963013 ms - Host latency: 0.0963013 ms (enqueue 0.0818115 ms)
[03/03/2026-11:04:08] [I] Average on 10 runs - GPU latency: 0.0960632 ms - Host latency: 0.0960632 ms (enqueue 0.0830749 ms)
[03/03/2026-11:04:08] [I] Average on 10 runs - GPU latency: 0.0959045 ms - Host latency: 0.0959045 ms (enqueue 0.0794006 ms)
[03/03/2026-11:04:08] [I] Average on 10 runs - GPU latency: 0.0963745 ms - Host latency: 0.0963745 ms (enqueue 0.0788086 ms)
[03/03/2026-11:04:08] [I] Average on 10 runs - GPU latency: 0.0963257 ms - Host latency: 0.0963257 ms (enqueue 0.0823547 ms)
[03/03/2026-11:04:08] [I] Average on 10 runs - GPU latency: 0.09599 ms - Host latency: 0.09599 ms (enqueue 0.0819153 ms)
[03/03/2026-11:04:08] [I] Average on 10 runs - GPU latency: 0.0951782 ms - Host latency: 0.0951782 ms (enqueue 0.0800415 ms)
[03/03/2026-11:04:08] [I] Average on 10 runs - GPU latency: 0.0965332 ms - Host latency: 0.0965332 ms (enqueue 0.0809631 ms)
[03/03/2026-11:04:08] [I] Average on 10 runs - GPU latency: 0.0963989 ms - Host latency: 0.0963989 ms (enqueue 0.0795105 ms)
[03/03/2026-11:04:08] [I] Average on 10 runs - GPU latency: 0.0962219 ms - Host latency: 0.0962219 ms (enqueue 0.0814392 ms)
[03/03/2026-11:04:08] [I] Average on 10 runs - GPU latency: 0.0960266 ms - Host latency: 0.0960266 ms (enqueue 0.0809998 ms)
[03/03/2026-11:04:08] [I] Average on 10 runs - GPU latency: 0.095874 ms - Host latency: 0.095874 ms (enqueue 0.0789001 ms)
[03/03/2026-11:04:08] [I] Average on 10 runs - GPU latency: 0.096521 ms - Host latency: 0.096521 ms (enqueue 0.0813415 ms)
[03/03/2026-11:04:08] [I] Average on 10 runs - GPU latency: 0.0957336 ms - Host latency: 0.0957336 ms (enqueue 0.0829346 ms)
[03/03/2026-11:04:08] [I] Average on 10 runs - GPU latency: 0.0966248 ms - Host latency: 0.0966248 ms (enqueue 0.0797607 ms)
[03/03/2026-11:04:08] [I] Average on 10 runs - GPU latency: 0.0959778 ms - Host latency: 0.0959778 ms (enqueue 0.0819702 ms)
[03/03/2026-11:04:08] [I] Average on 10 runs - GPU latency: 0.0966064 ms - Host latency: 0.0966064 ms (enqueue 0.0804382 ms)
[03/03/2026-11:04:08] [I] Average on 10 runs - GPU latency: 0.0955505 ms - Host latency: 0.0955505 ms (enqueue 0.0817566 ms)
[03/03/2026-11:04:08] [I] Average on 10 runs - GPU latency: 0.0958557 ms - Host latency: 0.0958557 ms (enqueue 0.0808594 ms)
[03/03/2026-11:04:08] [I] Average on 10 runs - GPU latency: 0.0958496 ms - Host latency: 0.0958496 ms (enqueue 0.0795654 ms)
[03/03/2026-11:04:08] [I] Average on 10 runs - GPU latency: 0.0959595 ms - Host latency: 0.0959595 ms (enqueue 0.0798462 ms)
[03/03/2026-11:04:08] [I] Average on 10 runs - GPU latency: 0.0960083 ms - Host latency: 0.0960083 ms (enqueue 0.0824585 ms)
[03/03/2026-11:04:08] [I] Average on 10 runs - GPU latency: 0.0963562 ms - Host latency: 0.0963562 ms (enqueue 0.0795227 ms)
[03/03/2026-11:04:08] [I] Average on 10 runs - GPU latency: 0.0962708 ms - Host latency: 0.0962708 ms (enqueue 0.0795776 ms)
[03/03/2026-11:04:08] [I] Average on 10 runs - GPU latency: 0.0953552 ms - Host latency: 0.0953552 ms (enqueue 0.0801392 ms)
[03/03/2026-11:04:08] [I] Average on 10 runs - GPU latency: 0.0958496 ms - Host latency: 0.0958496 ms (enqueue 0.0851624 ms)
[03/03/2026-11:04:08] [I] Average on 10 runs - GPU latency: 0.0969482 ms - Host latency: 0.0969482 ms (enqueue 0.0795044 ms)
[03/03/2026-11:04:08] [I] Average on 10 runs - GPU latency: 0.0964905 ms - Host latency: 0.0964905 ms (enqueue 0.0792114 ms)
[03/03/2026-11:04:08] [I] Average on 10 runs - GPU latency: 0.0959595 ms - Host latency: 0.0959595 ms (enqueue 0.0801758 ms)
[03/03/2026-11:04:08] [I] Average on 10 runs - GPU latency: 0.0953918 ms - Host latency: 0.0953918 ms (enqueue 0.0834778 ms)
[03/03/2026-11:04:08] [I] Average on 10 runs - GPU latency: 0.0966797 ms - Host latency: 0.0966797 ms (enqueue 0.0805786 ms)
[03/03/2026-11:04:08] [I] Average on 10 runs - GPU latency: 0.0959045 ms - Host latency: 0.0959045 ms (enqueue 0.0789124 ms)
[03/03/2026-11:04:08] [I] Average on 10 runs - GPU latency: 0.0961975 ms - Host latency: 0.0961975 ms (enqueue 0.0817688 ms)
[03/03/2026-11:04:08] [I] Average on 10 runs - GPU latency: 0.096582 ms - Host latency: 0.096582 ms (enqueue 0.0791321 ms)
[03/03/2026-11:04:08] [I] Average on 10 runs - GPU latency: 0.0964294 ms - Host latency: 0.0964294 ms (enqueue 0.0818115 ms)
[03/03/2026-11:04:08] [I] Average on 10 runs - GPU latency: 0.0961548 ms - Host latency: 0.0961548 ms (enqueue 0.0807922 ms)
[03/03/2026-11:04:08] [I] Average on 10 runs - GPU latency: 0.0961487 ms - Host latency: 0.0961487 ms (enqueue 0.0813415 ms)
[03/03/2026-11:04:08] [I] Average on 10 runs - GPU latency: 0.0964478 ms - Host latency: 0.0964478 ms (enqueue 0.079718 ms)
[03/03/2026-11:04:08] [I] Average on 10 runs - GPU latency: 0.0963379 ms - Host latency: 0.0963379 ms (enqueue 0.0845459 ms)
[03/03/2026-11:04:08] [I] Average on 10 runs - GPU latency: 0.0957886 ms - Host latency: 0.0957886 ms (enqueue 0.0794312 ms)
[03/03/2026-11:04:08] [I] Average on 10 runs - GPU latency: 0.0959778 ms - Host latency: 0.0959778 ms (enqueue 0.0793091 ms)
[03/03/2026-11:04:08] [I] Average on 10 runs - GPU latency: 0.0954895 ms - Host latency: 0.0954895 ms (enqueue 0.0812805 ms)
[03/03/2026-11:04:08] [I] Average on 10 runs - GPU latency: 0.0957397 ms - Host latency: 0.0957397 ms (enqueue 0.0828369 ms)
[03/03/2026-11:04:08] [I] Average on 10 runs - GPU latency: 0.0960022 ms - Host latency: 0.0960022 ms (enqueue 0.0797546 ms)
[03/03/2026-11:04:08] [I] Average on 10 runs - GPU latency: 0.0963806 ms - Host latency: 0.0963806 ms (enqueue 0.0800232 ms)
[03/03/2026-11:04:08] [I] Average on 10 runs - GPU latency: 0.0962524 ms - Host latency: 0.0962524 ms (enqueue 0.0830688 ms)
[03/03/2026-11:04:08] [I] Average on 10 runs - GPU latency: 0.0958801 ms - Host latency: 0.0958801 ms (enqueue 0.0819946 ms)
[03/03/2026-11:04:08] [I] Average on 10 runs - GPU latency: 0.0959839 ms - Host latency: 0.0959839 ms (enqueue 0.079126 ms)
[03/03/2026-11:04:08] [I] Average on 10 runs - GPU latency: 0.095813 ms - Host latency: 0.095813 ms (enqueue 0.0796509 ms)
[03/03/2026-11:04:08] [I] Average on 10 runs - GPU latency: 0.0960022 ms - Host latency: 0.0960022 ms (enqueue 0.0796204 ms)
[03/03/2026-11:04:08] [I] Average on 10 runs - GPU latency: 0.0964111 ms - Host latency: 0.0964111 ms (enqueue 0.0828735 ms)
[03/03/2026-11:04:08] [I] Average on 10 runs - GPU latency: 0.0957825 ms - Host latency: 0.0957825 ms (enqueue 0.0800842 ms)
[03/03/2026-11:04:08] [I] Average on 10 runs - GPU latency: 0.096051 ms - Host latency: 0.096051 ms (enqueue 0.0798767 ms)
[03/03/2026-11:04:08] [I] Average on 10 runs - GPU latency: 0.0964722 ms - Host latency: 0.0964722 ms (enqueue 0.0800659 ms)
[03/03/2026-11:04:08] [I] Average on 10 runs - GPU latency: 0.0957275 ms - Host latency: 0.0957275 ms (enqueue 0.086084 ms)
[03/03/2026-11:04:08] [I] Average on 10 runs - GPU latency: 0.0955689 ms - Host latency: 0.0955689 ms (enqueue 0.0801819 ms)
[03/03/2026-11:04:08] [I] Average on 10 runs - GPU latency: 0.0967285 ms - Host latency: 0.0967285 ms (enqueue 0.0806152 ms)
[03/03/2026-11:04:08] [I] Average on 10 runs - GPU latency: 0.096521 ms - Host latency: 0.096521 ms (enqueue 0.082721 ms)
[03/03/2026-11:04:08] [I] Average on 10 runs - GPU latency: 0.0965332 ms - Host latency: 0.0965332 ms (enqueue 0.0821777 ms)
[03/03/2026-11:04:08] [I] Average on 10 runs - GPU latency: 0.0964539 ms - Host latency: 0.0964539 ms (enqueue 0.0794006 ms)
[03/03/2026-11:04:08] [I] Average on 10 runs - GPU latency: 0.0959717 ms - Host latency: 0.0959717 ms (enqueue 0.079303 ms)
[03/03/2026-11:04:08] [I] Average on 10 runs - GPU latency: 0.0960144 ms - Host latency: 0.0960144 ms (enqueue 0.081488 ms)
[03/03/2026-11:04:08] [I] Average on 10 runs - GPU latency: 0.0952637 ms - Host latency: 0.0952637 ms (enqueue 0.0813293 ms)
[03/03/2026-11:04:08] [I] Average on 10 runs - GPU latency: 0.0967346 ms - Host latency: 0.0967346 ms (enqueue 0.0797424 ms)
[03/03/2026-11:04:08] [I] Average on 10 runs - GPU latency: 0.0963684 ms - Host latency: 0.0963684 ms (enqueue 0.0805481 ms)
[03/03/2026-11:04:08] [I] Average on 10 runs - GPU latency: 0.0959961 ms - Host latency: 0.0959961 ms (enqueue 0.0785034 ms)
[03/03/2026-11:04:08] [I] Average on 10 runs - GPU latency: 0.0955322 ms - Host latency: 0.0955322 ms (enqueue 0.0830872 ms)
[03/03/2026-11:04:08] [I] Average on 10 runs - GPU latency: 0.0958496 ms - Host latency: 0.0958496 ms (enqueue 0.0797485 ms)
[03/03/2026-11:04:08] [I] Average on 10 runs - GPU latency: 0.0958862 ms - Host latency: 0.0958862 ms (enqueue 0.07995 ms)
[03/03/2026-11:04:08] [I] Average on 10 runs - GPU latency: 0.0961731 ms - Host latency: 0.0961731 ms (enqueue 0.0828674 ms)
[03/03/2026-11:04:08] [I] Average on 10 runs - GPU latency: 0.0957153 ms - Host latency: 0.0957153 ms (enqueue 0.0825623 ms)
[03/03/2026-11:04:08] [I] Average on 10 runs - GPU latency: 0.0961548 ms - Host latency: 0.0961548 ms (enqueue 0.0796326 ms)
[03/03/2026-11:04:08] [I] Average on 10 runs - GPU latency: 0.0962769 ms - Host latency: 0.0962769 ms (enqueue 0.0791199 ms)
[03/03/2026-11:04:08] [I] Average on 10 runs - GPU latency: 0.0956116 ms - Host latency: 0.0956116 ms (enqueue 0.0828857 ms)
[03/03/2026-11:04:08] [I] Average on 10 runs - GPU latency: 0.0965759 ms - Host latency: 0.0965759 ms (enqueue 0.0826294 ms)
[03/03/2026-11:04:08] [I] Average on 10 runs - GPU latency: 0.0965088 ms - Host latency: 0.0965088 ms (enqueue 0.0807678 ms)
[03/03/2026-11:04:08] [I] Average on 10 runs - GPU latency: 0.0963745 ms - Host latency: 0.0963745 ms (enqueue 0.080304 ms)
[03/03/2026-11:04:08] [I] Average on 10 runs - GPU latency: 0.0964844 ms - Host latency: 0.0964844 ms (enqueue 0.0792786 ms)
[03/03/2026-11:04:08] [I] Average on 10 runs - GPU latency: 0.0958862 ms - Host latency: 0.0958862 ms (enqueue 0.082196 ms)
[03/03/2026-11:04:08] [I] Average on 10 runs - GPU latency: 0.0961853 ms - Host latency: 0.0961853 ms (enqueue 0.082074 ms)
[03/03/2026-11:04:08] [I] Average on 10 runs - GPU latency: 0.0958313 ms - Host latency: 0.0958313 ms (enqueue 0.0809448 ms)
[03/03/2026-11:04:08] [I] Average on 10 runs - GPU latency: 0.0957642 ms - Host latency: 0.0957642 ms (enqueue 0.0803345 ms)
[03/03/2026-11:04:08] [I] Average on 10 runs - GPU latency: 0.0960083 ms - Host latency: 0.0960083 ms (enqueue 0.0820435 ms)
[03/03/2026-11:04:08] [I] Average on 10 runs - GPU latency: 0.0968811 ms - Host latency: 0.0968811 ms (enqueue 0.0796204 ms)
[03/03/2026-11:04:08] [I] Average on 10 runs - GPU latency: 0.0958801 ms - Host latency: 0.0958801 ms (enqueue 0.0787659 ms)
[03/03/2026-11:04:08] [I] Average on 10 runs - GPU latency: 0.0962158 ms - Host latency: 0.0962158 ms (enqueue 0.0822693 ms)
[03/03/2026-11:04:08] [I] Average on 10 runs - GPU latency: 0.0966919 ms - Host latency: 0.0966919 ms (enqueue 0.0833679 ms)
[03/03/2026-11:04:08] [I] Average on 10 runs - GPU latency: 0.096344 ms - Host latency: 0.096344 ms (enqueue 0.0800781 ms)
[03/03/2026-11:04:08] [I] Average on 10 runs - GPU latency: 0.0963928 ms - Host latency: 0.0963928 ms (enqueue 0.0797302 ms)
[03/03/2026-11:04:08] [I] Average on 10 runs - GPU latency: 0.0957825 ms - Host latency: 0.0957825 ms (enqueue 0.0798584 ms)
[03/03/2026-11:04:08] [I] Average on 10 runs - GPU latency: 0.0956604 ms - Host latency: 0.0956604 ms (enqueue 0.0850037 ms)
[03/03/2026-11:04:08] [I] Average on 10 runs - GPU latency: 0.096521 ms - Host latency: 0.096521 ms (enqueue 0.0789795 ms)
[03/03/2026-11:04:08] [I] Average on 10 runs - GPU latency: 0.0958618 ms - Host latency: 0.0958618 ms (enqueue 0.0793945 ms)
[03/03/2026-11:04:08] [I] Average on 10 runs - GPU latency: 0.0953247 ms - Host latency: 0.0953247 ms (enqueue 0.0798889 ms)
[03/03/2026-11:04:08] [I] Average on 10 runs - GPU latency: 0.0956604 ms - Host latency: 0.0956604 ms (enqueue 0.0852478 ms)
[03/03/2026-11:04:08] [I] Average on 10 runs - GPU latency: 0.0963745 ms - Host latency: 0.0963745 ms (enqueue 0.0796326 ms)
[03/03/2026-11:04:08] [I] Average on 10 runs - GPU latency: 0.0966187 ms - Host latency: 0.0966187 ms (enqueue 0.0793213 ms)
[03/03/2026-11:04:08] [I] Average on 10 runs - GPU latency: 0.095874 ms - Host latency: 0.095874 ms (enqueue 0.0820862 ms)
[03/03/2026-11:04:08] [I] Average on 10 runs - GPU latency: 0.0958191 ms - Host latency: 0.0958191 ms (enqueue 0.0833862 ms)
[03/03/2026-11:04:08] [I] Average on 10 runs - GPU latency: 0.0961609 ms - Host latency: 0.0961609 ms (enqueue 0.0805908 ms)
[03/03/2026-11:04:08] [I] Average on 10 runs - GPU latency: 0.096283 ms - Host latency: 0.096283 ms (enqueue 0.0802185 ms)
[03/03/2026-11:04:08] [I] Average on 10 runs - GPU latency: 0.0956604 ms - Host latency: 0.0956604 ms (enqueue 0.0791626 ms)
[03/03/2026-11:04:08] [I] Average on 10 runs - GPU latency: 0.0959595 ms - Host latency: 0.0959595 ms (enqueue 0.0795654 ms)
[03/03/2026-11:04:08] [I] Average on 10 runs - GPU latency: 0.0964539 ms - Host latency: 0.0964539 ms (enqueue 0.0819153 ms)
[03/03/2026-11:04:08] [I] Average on 10 runs - GPU latency: 0.0960388 ms - Host latency: 0.0960388 ms (enqueue 0.0807129 ms)
[03/03/2026-11:04:08] [I] Average on 10 runs - GPU latency: 0.0962036 ms - Host latency: 0.0962036 ms (enqueue 0.0823914 ms)
[03/03/2026-11:04:08] [I] Average on 10 runs - GPU latency: 0.0958374 ms - Host latency: 0.0958374 ms (enqueue 0.0803223 ms)
[03/03/2026-11:04:08] [I] Average on 10 runs - GPU latency: 0.0964172 ms - Host latency: 0.0964172 ms (enqueue 0.0824524 ms)
[03/03/2026-11:04:08] [I] Average on 10 runs - GPU latency: 0.0958984 ms - Host latency: 0.0958984 ms (enqueue 0.0803772 ms)
[03/03/2026-11:04:08] [I] Average on 10 runs - GPU latency: 0.0958008 ms - Host latency: 0.0958008 ms (enqueue 0.080304 ms)
[03/03/2026-11:04:08] [I] Average on 10 runs - GPU latency: 0.0962036 ms - Host latency: 0.0962036 ms (enqueue 0.0808472 ms)
[03/03/2026-11:04:08] [I] Average on 10 runs - GPU latency: 0.0954102 ms - Host latency: 0.0954102 ms (enqueue 0.0827026 ms)
[03/03/2026-11:04:08] [I] Average on 10 runs - GPU latency: 0.0965576 ms - Host latency: 0.0965576 ms (enqueue 0.0799072 ms)
[03/03/2026-11:04:08] [I] Average on 10 runs - GPU latency: 0.0963745 ms - Host latency: 0.0963745 ms (enqueue 0.0823242 ms)
[03/03/2026-11:04:08] [I] Average on 10 runs - GPU latency: 0.0961365 ms - Host latency: 0.0961365 ms (enqueue 0.0796082 ms)
[03/03/2026-11:04:08] [I] Average on 10 runs - GPU latency: 0.0964783 ms - Host latency: 0.0964783 ms (enqueue 0.0825562 ms)
[03/03/2026-11:04:08] [I] Average on 10 runs - GPU latency: 0.0964355 ms - Host latency: 0.0964355 ms (enqueue 0.0799805 ms)
[03/03/2026-11:04:08] [I] Average on 10 runs - GPU latency: 0.0960571 ms - Host latency: 0.0960571 ms (enqueue 0.0819702 ms)
[03/03/2026-11:04:08] [I] Average on 10 runs - GPU latency: 0.0964233 ms - Host latency: 0.0964233 ms (enqueue 0.0800903 ms)
[03/03/2026-11:04:08] [I] Average on 10 runs - GPU latency: 0.0959961 ms - Host latency: 0.0959961 ms (enqueue 0.0815613 ms)
[03/03/2026-11:04:08] [I] Average on 10 runs - GPU latency: 0.0966492 ms - Host latency: 0.0966492 ms (enqueue 0.0803223 ms)
[03/03/2026-11:04:08] [I] Average on 10 runs - GPU latency: 0.096106 ms - Host latency: 0.096106 ms (enqueue 0.0817139 ms)
[03/03/2026-11:04:08] [I] Average on 10 runs - GPU latency: 0.0953186 ms - Host latency: 0.0953186 ms (enqueue 0.080603 ms)
[03/03/2026-11:04:08] [I] Average on 10 runs - GPU latency: 0.0956116 ms - Host latency: 0.0956116 ms (enqueue 0.0834167 ms)
[03/03/2026-11:04:08] [I] Average on 10 runs - GPU latency: 0.0960266 ms - Host latency: 0.0960266 ms (enqueue 0.079657 ms)
[03/03/2026-11:04:08] [I] Average on 10 runs - GPU latency: 0.0957153 ms - Host latency: 0.0957153 ms (enqueue 0.0792603 ms)
[03/03/2026-11:04:08] [I] Average on 10 runs - GPU latency: 0.0958862 ms - Host latency: 0.0958862 ms (enqueue 0.0794739 ms)
[03/03/2026-11:04:08] [I] Average on 10 runs - GPU latency: 0.0958008 ms - Host latency: 0.0958008 ms (enqueue 0.0851013 ms)
[03/03/2026-11:04:08] [I] Average on 10 runs - GPU latency: 0.0965454 ms - Host latency: 0.0965454 ms (enqueue 0.0804626 ms)
[03/03/2026-11:04:08] [I] Average on 10 runs - GPU latency: 0.0957031 ms - Host latency: 0.0957031 ms (enqueue 0.0802856 ms)
[03/03/2026-11:04:08] [I] Average on 10 runs - GPU latency: 0.0963074 ms - Host latency: 0.0963074 ms (enqueue 0.0788757 ms)
[03/03/2026-11:04:08] [I] Average on 10 runs - GPU latency: 0.0954529 ms - Host latency: 0.0954529 ms (enqueue 0.0851685 ms)
[03/03/2026-11:04:08] [I] Average on 10 runs - GPU latency: 0.0961487 ms - Host latency: 0.0961487 ms (enqueue 0.0810303 ms)
[03/03/2026-11:04:08] [I] Average on 10 runs - GPU latency: 0.0950745 ms - Host latency: 0.0950745 ms (enqueue 0.0796814 ms)
[03/03/2026-11:04:08] [I] Average on 10 runs - GPU latency: 0.0956238 ms - Host latency: 0.0956238 ms (enqueue 0.0802429 ms)
[03/03/2026-11:04:08] [I] Average on 10 runs - GPU latency: 0.0961548 ms - Host latency: 0.0961548 ms (enqueue 0.0821716 ms)
[03/03/2026-11:04:08] [I] Average on 10 runs - GPU latency: 0.0966919 ms - Host latency: 0.0966919 ms (enqueue 0.0798523 ms)
[03/03/2026-11:04:08] [I] Average on 10 runs - GPU latency: 0.0958862 ms - Host latency: 0.0958862 ms (enqueue 0.0792358 ms)
[03/03/2026-11:04:08] [I] Average on 10 runs - GPU latency: 0.0964905 ms - Host latency: 0.0964905 ms (enqueue 0.082605 ms)
[03/03/2026-11:04:08] [I] Average on 10 runs - GPU latency: 0.0954468 ms - Host latency: 0.0954468 ms (enqueue 0.0829651 ms)
[03/03/2026-11:04:08] [I] Average on 10 runs - GPU latency: 0.096167 ms - Host latency: 0.096167 ms (enqueue 0.0803894 ms)
[03/03/2026-11:04:08] [I] Average on 10 runs - GPU latency: 0.09646 ms - Host latency: 0.09646 ms (enqueue 0.0803528 ms)
[03/03/2026-11:04:08] [I] Average on 10 runs - GPU latency: 0.0966858 ms - Host latency: 0.0966858 ms (enqueue 0.0796204 ms)
[03/03/2026-11:04:08] [I] Average on 10 runs - GPU latency: 0.096698 ms - Host latency: 0.096698 ms (enqueue 0.0859192 ms)
[03/03/2026-11:04:08] [I] Average on 10 runs - GPU latency: 0.0983093 ms - Host latency: 0.0983093 ms (enqueue 0.0799377 ms)
[03/03/2026-11:04:08] [I] Average on 10 runs - GPU latency: 0.0961243 ms - Host latency: 0.0961243 ms (enqueue 0.0796326 ms)
[03/03/2026-11:04:08] [I] Average on 10 runs - GPU latency: 0.0961487 ms - Host latency: 0.0961487 ms (enqueue 0.0790344 ms)
[03/03/2026-11:04:08] [I] Average on 10 runs - GPU latency: 0.0963806 ms - Host latency: 0.0963806 ms (enqueue 0.0855652 ms)
[03/03/2026-11:04:08] [I] Average on 10 runs - GPU latency: 0.0963501 ms - Host latency: 0.0963501 ms (enqueue 0.0793274 ms)
[03/03/2026-11:04:08] [I] Average on 10 runs - GPU latency: 0.0962158 ms - Host latency: 0.0962158 ms (enqueue 0.0790039 ms)
[03/03/2026-11:04:08] [I] Average on 10 runs - GPU latency: 0.09552 ms - Host latency: 0.09552 ms (enqueue 0.0801392 ms)
[03/03/2026-11:04:08] [I] Average on 10 runs - GPU latency: 0.0951111 ms - Host latency: 0.0951111 ms (enqueue 0.0807312 ms)
[03/03/2026-11:04:08] [I] Average on 10 runs - GPU latency: 0.0965027 ms - Host latency: 0.0965027 ms (enqueue 0.0815247 ms)
[03/03/2026-11:04:08] [I] Average on 10 runs - GPU latency: 0.0962646 ms - Host latency: 0.0962646 ms (enqueue 0.0816895 ms)
[03/03/2026-11:04:08] [I] Average on 10 runs - GPU latency: 0.0956421 ms - Host latency: 0.0956421 ms (enqueue 0.0793945 ms)
[03/03/2026-11:04:08] [I] Average on 10 runs - GPU latency: 0.0965698 ms - Host latency: 0.0965698 ms (enqueue 0.0812805 ms)
[03/03/2026-11:04:08] [I] Average on 10 runs - GPU latency: 0.0966187 ms - Host latency: 0.0966187 ms (enqueue 0.0835815 ms)
[03/03/2026-11:04:08] [I] Average on 10 runs - GPU latency: 0.0960205 ms - Host latency: 0.0960205 ms (enqueue 0.0803894 ms)
[03/03/2026-11:04:08] [I] Average on 10 runs - GPU latency: 0.0963989 ms - Host latency: 0.0963989 ms (enqueue 0.0795166 ms)
[03/03/2026-11:04:08] [I] Average on 10 runs - GPU latency: 0.0960022 ms - Host latency: 0.0960022 ms (enqueue 0.0816467 ms)
[03/03/2026-11:04:08] [I] Average on 10 runs - GPU latency: 0.0966064 ms - Host latency: 0.0966064 ms (enqueue 0.0828613 ms)
[03/03/2026-11:04:08] [I] Average on 10 runs - GPU latency: 0.0958374 ms - Host latency: 0.0958374 ms (enqueue 0.0802612 ms)
[03/03/2026-11:04:08] [I] Average on 10 runs - GPU latency: 0.096051 ms - Host latency: 0.096051 ms (enqueue 0.0798096 ms)
[03/03/2026-11:04:08] [I] Average on 10 runs - GPU latency: 0.0959534 ms - Host latency: 0.0959534 ms (enqueue 0.0823547 ms)
[03/03/2026-11:04:08] [I] Average on 10 runs - GPU latency: 0.0966126 ms - Host latency: 0.0966126 ms (enqueue 0.0812439 ms)
[03/03/2026-11:04:08] [I] Average on 10 runs - GPU latency: 0.0964172 ms - Host latency: 0.0964172 ms (enqueue 0.0795654 ms)
[03/03/2026-11:04:08] [I] Average on 10 runs - GPU latency: 0.0961426 ms - Host latency: 0.0961426 ms (enqueue 0.0813049 ms)
[03/03/2026-11:04:08] [I] Average on 10 runs - GPU latency: 0.096167 ms - Host latency: 0.096167 ms (enqueue 0.0796326 ms)
[03/03/2026-11:04:08] [I] Average on 10 runs - GPU latency: 0.0953979 ms - Host latency: 0.0953979 ms (enqueue 0.0817383 ms)
[03/03/2026-11:04:08] [I] Average on 10 runs - GPU latency: 0.0954712 ms - Host latency: 0.0954712 ms (enqueue 0.0801636 ms)
[03/03/2026-11:04:08] [I] Average on 10 runs - GPU latency: 0.0962524 ms - Host latency: 0.0962524 ms (enqueue 0.0795837 ms)
[03/03/2026-11:04:08] [I] Average on 10 runs - GPU latency: 0.0960938 ms - Host latency: 0.0960938 ms (enqueue 0.0824463 ms)
[03/03/2026-11:04:08] [I] Average on 10 runs - GPU latency: 0.0966492 ms - Host latency: 0.0966492 ms (enqueue 0.0826294 ms)
[03/03/2026-11:04:08] [I] Average on 10 runs - GPU latency: 0.095874 ms - Host latency: 0.095874 ms (enqueue 0.0792236 ms)
[03/03/2026-11:04:08] [I] Average on 10 runs - GPU latency: 0.0960571 ms - Host latency: 0.0960571 ms (enqueue 0.0801453 ms)
[03/03/2026-11:04:08] [I] Average on 10 runs - GPU latency: 0.0958008 ms - Host latency: 0.0958008 ms (enqueue 0.0802246 ms)
[03/03/2026-11:04:08] [I] Average on 10 runs - GPU latency: 0.0978455 ms - Host latency: 0.0978455 ms (enqueue 0.0871521 ms)
[03/03/2026-11:04:08] [I] Average on 10 runs - GPU latency: 0.0963623 ms - Host latency: 0.0963623 ms (enqueue 0.0806824 ms)
[03/03/2026-11:04:08] [I] Average on 10 runs - GPU latency: 0.0960327 ms - Host latency: 0.0960327 ms (enqueue 0.079895 ms)
[03/03/2026-11:04:08] [I] Average on 10 runs - GPU latency: 0.0971558 ms - Host latency: 0.0971558 ms (enqueue 0.0802856 ms)
[03/03/2026-11:04:08] [I] Average on 10 runs - GPU latency: 0.0956482 ms - Host latency: 0.0956482 ms (enqueue 0.0821228 ms)
[03/03/2026-11:04:08] [I] Average on 10 runs - GPU latency: 0.0963562 ms - Host latency: 0.0963562 ms (enqueue 0.0804504 ms)
[03/03/2026-11:04:08] [I] Average on 10 runs - GPU latency: 0.0958191 ms - Host latency: 0.0958191 ms (enqueue 0.079187 ms)
[03/03/2026-11:04:08] [I] Average on 10 runs - GPU latency: 0.0963562 ms - Host latency: 0.0963562 ms (enqueue 0.0823059 ms)
[03/03/2026-11:04:08] [I] Average on 10 runs - GPU latency: 0.0961426 ms - Host latency: 0.0961426 ms (enqueue 0.0823059 ms)
[03/03/2026-11:04:08] [I] Average on 10 runs - GPU latency: 0.0963806 ms - Host latency: 0.0963806 ms (enqueue 0.0791748 ms)
[03/03/2026-11:04:08] [I] Average on 10 runs - GPU latency: 0.096106 ms - Host latency: 0.096106 ms (enqueue 0.0796753 ms)
[03/03/2026-11:04:08] [I] Average on 10 runs - GPU latency: 0.0960999 ms - Host latency: 0.0960999 ms (enqueue 0.0805237 ms)
[03/03/2026-11:04:08] [I] Average on 10 runs - GPU latency: 0.0962585 ms - Host latency: 0.0962585 ms (enqueue 0.08396 ms)
[03/03/2026-11:04:08] [I] Average on 10 runs - GPU latency: 0.0965637 ms - Host latency: 0.0965637 ms (enqueue 0.0808899 ms)
[03/03/2026-11:04:08] [I] Average on 10 runs - GPU latency: 0.0959229 ms - Host latency: 0.0959229 ms (enqueue 0.0797119 ms)
[03/03/2026-11:04:08] [I] Average on 10 runs - GPU latency: 0.0957092 ms - Host latency: 0.0957092 ms (enqueue 0.0793579 ms)
[03/03/2026-11:04:08] [I] Average on 10 runs - GPU latency: 0.0968811 ms - Host latency: 0.0968811 ms (enqueue 0.0860474 ms)
[03/03/2026-11:04:08] [I] Average on 10 runs - GPU latency: 0.0969055 ms - Host latency: 0.0969055 ms (enqueue 0.0803162 ms)
[03/03/2026-11:04:08] [I] Average on 10 runs - GPU latency: 0.0962952 ms - Host latency: 0.0962952 ms (enqueue 0.0804504 ms)
[03/03/2026-11:04:08] [I] Average on 10 runs - GPU latency: 0.0957764 ms - Host latency: 0.0957764 ms (enqueue 0.0797791 ms)
[03/03/2026-11:04:08] [I] Average on 10 runs - GPU latency: 0.0966797 ms - Host latency: 0.0966797 ms (enqueue 0.084845 ms)
[03/03/2026-11:04:08] [I] Average on 10 runs - GPU latency: 0.096344 ms - Host latency: 0.096344 ms (enqueue 0.0802246 ms)
[03/03/2026-11:04:08] [I] Average on 10 runs - GPU latency: 0.096344 ms - Host latency: 0.096344 ms (enqueue 0.079364 ms)
[03/03/2026-11:04:08] [I] Average on 10 runs - GPU latency: 0.0962708 ms - Host latency: 0.0962708 ms (enqueue 0.0804688 ms)
[03/03/2026-11:04:08] [I] Average on 10 runs - GPU latency: 0.0963379 ms - Host latency: 0.0963379 ms (enqueue 0.0805908 ms)
[03/03/2026-11:04:08] [I] Average on 10 runs - GPU latency: 0.0961792 ms - Host latency: 0.0961792 ms (enqueue 0.0822815 ms)
[03/03/2026-11:04:08] [I] Average on 10 runs - GPU latency: 0.0965454 ms - Host latency: 0.0965454 ms (enqueue 0.0801941 ms)
[03/03/2026-11:04:08] [I] Average on 10 runs - GPU latency: 0.0963196 ms - Host latency: 0.0963196 ms (enqueue 0.0803772 ms)
[03/03/2026-11:04:08] [I] Average on 10 runs - GPU latency: 0.0961548 ms - Host latency: 0.0961548 ms (enqueue 0.0819153 ms)
[03/03/2026-11:04:08] [I] Average on 10 runs - GPU latency: 0.0967163 ms - Host latency: 0.0967163 ms (enqueue 0.0822815 ms)
[03/03/2026-11:04:08] [I] Average on 10 runs - GPU latency: 0.0965942 ms - Host latency: 0.0965942 ms (enqueue 0.0792175 ms)
[03/03/2026-11:04:08] [I] Average on 10 runs - GPU latency: 0.0957275 ms - Host latency: 0.0957275 ms (enqueue 0.0823791 ms)
[03/03/2026-11:04:08] [I] Average on 10 runs - GPU latency: 0.0964294 ms - Host latency: 0.0964294 ms (enqueue 0.080304 ms)
[03/03/2026-11:04:08] [I] Average on 10 runs - GPU latency: 0.0953247 ms - Host latency: 0.0953247 ms (enqueue 0.0825867 ms)
[03/03/2026-11:04:08] [I] Average on 10 runs - GPU latency: 0.0956238 ms - Host latency: 0.0956238 ms (enqueue 0.0802246 ms)
[03/03/2026-11:04:08] [I] Average on 10 runs - GPU latency: 0.0960571 ms - Host latency: 0.0960571 ms (enqueue 0.0790222 ms)
[03/03/2026-11:04:08] [I] Average on 10 runs - GPU latency: 0.0962769 ms - Host latency: 0.0962769 ms (enqueue 0.0810608 ms)
[03/03/2026-11:04:08] [I] Average on 10 runs - GPU latency: 0.0955139 ms - Host latency: 0.0955139 ms (enqueue 0.0817749 ms)
[03/03/2026-11:04:08] [I] Average on 10 runs - GPU latency: 0.0966126 ms - Host latency: 0.0966126 ms (enqueue 0.0797791 ms)
[03/03/2026-11:04:08] [I] Average on 10 runs - GPU latency: 0.0958984 ms - Host latency: 0.0958984 ms (enqueue 0.0826965 ms)
[03/03/2026-11:04:08] [I] Average on 10 runs - GPU latency: 0.095813 ms - Host latency: 0.095813 ms (enqueue 0.0807434 ms)
[03/03/2026-11:04:08] [I] Average on 10 runs - GPU latency: 0.0959412 ms - Host latency: 0.0959412 ms (enqueue 0.0819458 ms)
[03/03/2026-11:04:08] [I] Average on 10 runs - GPU latency: 0.0962036 ms - Host latency: 0.0962036 ms (enqueue 0.0792542 ms)
[03/03/2026-11:04:08] [I] Average on 10 runs - GPU latency: 0.0968933 ms - Host latency: 0.0968933 ms (enqueue 0.080365 ms)
[03/03/2026-11:04:08] [I] Average on 10 runs - GPU latency: 0.0957092 ms - Host latency: 0.0957092 ms (enqueue 0.0821533 ms)
[03/03/2026-11:04:08] [I] Average on 10 runs - GPU latency: 0.0960754 ms - Host latency: 0.0960754 ms (enqueue 0.0830322 ms)
[03/03/2026-11:04:08] [I] Average on 10 runs - GPU latency: 0.0961182 ms - Host latency: 0.0961182 ms (enqueue 0.0802185 ms)
[03/03/2026-11:04:08] [I] Average on 10 runs - GPU latency: 0.0969543 ms - Host latency: 0.0969543 ms (enqueue 0.080542 ms)
[03/03/2026-11:04:08] [I] Average on 10 runs - GPU latency: 0.097168 ms - Host latency: 0.097168 ms (enqueue 0.0795959 ms)
[03/03/2026-11:04:08] [I] Average on 10 runs - GPU latency: 0.0957214 ms - Host latency: 0.0957214 ms (enqueue 0.0820618 ms)
[03/03/2026-11:04:08] [I] Average on 10 runs - GPU latency: 0.0957458 ms - Host latency: 0.0957458 ms (enqueue 0.0796387 ms)
[03/03/2026-11:04:08] [I] Average on 10 runs - GPU latency: 0.0959778 ms - Host latency: 0.0959778 ms (enqueue 0.0829773 ms)
[03/03/2026-11:04:08] [I] Average on 10 runs - GPU latency: 0.0960632 ms - Host latency: 0.0960632 ms (enqueue 0.0804932 ms)
[03/03/2026-11:04:08] [I] Average on 10 runs - GPU latency: 0.0965332 ms - Host latency: 0.0965332 ms (enqueue 0.0816101 ms)
[03/03/2026-11:04:08] [I] Average on 10 runs - GPU latency: 0.0964355 ms - Host latency: 0.0964355 ms (enqueue 0.0796997 ms)
[03/03/2026-11:04:08] [I] Average on 10 runs - GPU latency: 0.096228 ms - Host latency: 0.096228 ms (enqueue 0.0803772 ms)
[03/03/2026-11:04:08] [I] Average on 10 runs - GPU latency: 0.0965393 ms - Host latency: 0.0965393 ms (enqueue 0.0815125 ms)
[03/03/2026-11:04:08] [I] Average on 10 runs - GPU latency: 0.0963867 ms - Host latency: 0.0963867 ms (enqueue 0.0829895 ms)
[03/03/2026-11:04:08] [I] Average on 10 runs - GPU latency: 0.0961243 ms - Host latency: 0.0961243 ms (enqueue 0.080896 ms)
[03/03/2026-11:04:08] [I] Average on 10 runs - GPU latency: 0.0960449 ms - Host latency: 0.0960449 ms (enqueue 0.0803589 ms)
[03/03/2026-11:04:08] [I] Average on 10 runs - GPU latency: 0.0958801 ms - Host latency: 0.0958801 ms (enqueue 0.0796631 ms)
[03/03/2026-11:04:08] [I] Average on 10 runs - GPU latency: 0.0967285 ms - Host latency: 0.0967285 ms (enqueue 0.0827576 ms)
[03/03/2026-11:04:08] [I] Average on 10 runs - GPU latency: 0.0962585 ms - Host latency: 0.0962585 ms (enqueue 0.0795288 ms)
[03/03/2026-11:04:08] [I] Average on 10 runs - GPU latency: 0.0962646 ms - Host latency: 0.0962646 ms (enqueue 0.0814392 ms)
[03/03/2026-11:04:08] [I] Average on 10 runs - GPU latency: 0.0962524 ms - Host latency: 0.0962524 ms (enqueue 0.0806458 ms)
[03/03/2026-11:04:08] [I] Average on 10 runs - GPU latency: 0.0961365 ms - Host latency: 0.0961365 ms (enqueue 0.0830566 ms)
[03/03/2026-11:04:08] [I] Average on 10 runs - GPU latency: 0.0961365 ms - Host latency: 0.0961365 ms (enqueue 0.0809021 ms)
[03/03/2026-11:04:08] [I] Average on 10 runs - GPU latency: 0.0959106 ms - Host latency: 0.0959106 ms (enqueue 0.0802551 ms)
[03/03/2026-11:04:08] [I] Average on 10 runs - GPU latency: 0.0963074 ms - Host latency: 0.0963074 ms (enqueue 0.0818726 ms)
[03/03/2026-11:04:08] [I] Average on 10 runs - GPU latency: 0.096051 ms - Host latency: 0.096051 ms (enqueue 0.0806946 ms)
[03/03/2026-11:04:08] [I] Average on 10 runs - GPU latency: 0.0955566 ms - Host latency: 0.0955566 ms (enqueue 0.0808716 ms)
[03/03/2026-11:04:08] [I] Average on 10 runs - GPU latency: 0.0963501 ms - Host latency: 0.0963501 ms (enqueue 0.0796814 ms)
[03/03/2026-11:04:08] [I] Average on 10 runs - GPU latency: 0.0951843 ms - Host latency: 0.0951843 ms (enqueue 0.079541 ms)
[03/03/2026-11:04:08] [I] Average on 10 runs - GPU latency: 0.0957214 ms - Host latency: 0.0957214 ms (enqueue 0.0793884 ms)
[03/03/2026-11:04:08] [I] Average on 10 runs - GPU latency: 0.0957764 ms - Host latency: 0.0957764 ms (enqueue 0.0810974 ms)
[03/03/2026-11:04:08] [I] Average on 10 runs - GPU latency: 0.0962158 ms - Host latency: 0.0962158 ms (enqueue 0.079364 ms)
[03/03/2026-11:04:08] [I] Average on 10 runs - GPU latency: 0.0961426 ms - Host latency: 0.0961426 ms (enqueue 0.0815613 ms)
[03/03/2026-11:04:08] [I] Average on 10 runs - GPU latency: 0.0966614 ms - Host latency: 0.0966614 ms (enqueue 0.0796875 ms)
[03/03/2026-11:04:08] [I] Average on 10 runs - GPU latency: 0.0965393 ms - Host latency: 0.0965393 ms (enqueue 0.0827942 ms)
[03/03/2026-11:04:08] [I] Average on 10 runs - GPU latency: 0.0961365 ms - Host latency: 0.0961365 ms (enqueue 0.0794983 ms)
[03/03/2026-11:04:08] [I] Average on 10 runs - GPU latency: 0.096167 ms - Host latency: 0.096167 ms (enqueue 0.0828552 ms)
[03/03/2026-11:04:08] [I] Average on 10 runs - GPU latency: 0.095929 ms - Host latency: 0.095929 ms (enqueue 0.0803406 ms)
[03/03/2026-11:04:08] [I] Average on 10 runs - GPU latency: 0.0962036 ms - Host latency: 0.0962036 ms (enqueue 0.0820312 ms)
[03/03/2026-11:04:08] [I] Average on 10 runs - GPU latency: 0.0962769 ms - Host latency: 0.0962769 ms (enqueue 0.0789368 ms)
[03/03/2026-11:04:08] [I] Average on 10 runs - GPU latency: 0.0961426 ms - Host latency: 0.0961426 ms (enqueue 0.0794251 ms)
[03/03/2026-11:04:08] [I] Average on 10 runs - GPU latency: 0.0954407 ms - Host latency: 0.0954407 ms (enqueue 0.0824341 ms)
[03/03/2026-11:04:08] [I] Average on 10 runs - GPU latency: 0.0959534 ms - Host latency: 0.0959534 ms (enqueue 0.0828674 ms)
[03/03/2026-11:04:08] [I] Average on 10 runs - GPU latency: 0.096167 ms - Host latency: 0.096167 ms (enqueue 0.0799622 ms)
[03/03/2026-11:04:08] [I] Average on 10 runs - GPU latency: 0.0952759 ms - Host latency: 0.0952759 ms (enqueue 0.0793579 ms)
[03/03/2026-11:04:08] [I] Average on 10 runs - GPU latency: 0.0959473 ms - Host latency: 0.0959473 ms (enqueue 0.0790649 ms)
[03/03/2026-11:04:08] [I] Average on 10 runs - GPU latency: 0.0954346 ms - Host latency: 0.0954346 ms (enqueue 0.0819275 ms)
[03/03/2026-11:04:08] [I] Average on 10 runs - GPU latency: 0.0961792 ms - Host latency: 0.0961792 ms (enqueue 0.0798279 ms)
[03/03/2026-11:04:08] [I] Average on 10 runs - GPU latency: 0.096051 ms - Host latency: 0.096051 ms (enqueue 0.0843201 ms)
[03/03/2026-11:04:08] [I] Average on 10 runs - GPU latency: 0.0959106 ms - Host latency: 0.0959106 ms (enqueue 0.0802612 ms)
[03/03/2026-11:04:08] [I] Average on 10 runs - GPU latency: 0.0975403 ms - Host latency: 0.0975403 ms (enqueue 0.0817688 ms)
[03/03/2026-11:04:08] [I] Average on 10 runs - GPU latency: 0.0961182 ms - Host latency: 0.0961182 ms (enqueue 0.0794251 ms)
[03/03/2026-11:04:08] [I] Average on 10 runs - GPU latency: 0.0961853 ms - Host latency: 0.0961853 ms (enqueue 0.0798889 ms)
[03/03/2026-11:04:08] [I] Average on 10 runs - GPU latency: 0.0961792 ms - Host latency: 0.0961792 ms (enqueue 0.0806824 ms)
[03/03/2026-11:04:08] [I] Average on 10 runs - GPU latency: 0.0956299 ms - Host latency: 0.0956299 ms (enqueue 0.0819641 ms)
[03/03/2026-11:04:08] [I] Average on 10 runs - GPU latency: 0.0953979 ms - Host latency: 0.0953979 ms (enqueue 0.0799133 ms)
[03/03/2026-11:04:08] [I] Average on 10 runs - GPU latency: 0.0958618 ms - Host latency: 0.0958618 ms (enqueue 0.079364 ms)
[03/03/2026-11:04:08] [I] Average on 10 runs - GPU latency: 0.0962585 ms - Host latency: 0.0962585 ms (enqueue 0.0815491 ms)
[03/03/2026-11:04:08] [I] Average on 10 runs - GPU latency: 0.095813 ms - Host latency: 0.095813 ms (enqueue 0.0820312 ms)
[03/03/2026-11:04:08] [I] Average on 10 runs - GPU latency: 0.0961792 ms - Host latency: 0.0961792 ms (enqueue 0.0793091 ms)
[03/03/2026-11:04:08] [I] Average on 10 runs - GPU latency: 0.0964844 ms - Host latency: 0.0964844 ms (enqueue 0.0813965 ms)
[03/03/2026-11:04:08] [I] Average on 10 runs - GPU latency: 0.0964722 ms - Host latency: 0.0964722 ms (enqueue 0.0801758 ms)
[03/03/2026-11:04:08] [I] Average on 10 runs - GPU latency: 0.0959717 ms - Host latency: 0.0959717 ms (enqueue 0.0832397 ms)
[03/03/2026-11:04:08] [I] Average on 10 runs - GPU latency: 0.0963501 ms - Host latency: 0.0963501 ms (enqueue 0.0799439 ms)
[03/03/2026-11:04:08] [I] Average on 10 runs - GPU latency: 0.0953003 ms - Host latency: 0.0953003 ms (enqueue 0.0797363 ms)
[03/03/2026-11:04:08] [I] Average on 10 runs - GPU latency: 0.0963623 ms - Host latency: 0.0963623 ms (enqueue 0.0799194 ms)
[03/03/2026-11:04:08] [I] Average on 10 runs - GPU latency: 0.09646 ms - Host latency: 0.09646 ms (enqueue 0.0831665 ms)
[03/03/2026-11:04:08] [I] Average on 10 runs - GPU latency: 0.0964966 ms - Host latency: 0.0964966 ms (enqueue 0.0800415 ms)
[03/03/2026-11:04:08] [I] Average on 10 runs - GPU latency: 0.0966553 ms - Host latency: 0.0966553 ms (enqueue 0.0796143 ms)
[03/03/2026-11:04:08] [I] Average on 10 runs - GPU latency: 0.0966675 ms - Host latency: 0.0966675 ms (enqueue 0.0820435 ms)
[03/03/2026-11:04:08] [I] Average on 10 runs - GPU latency: 0.096521 ms - Host latency: 0.096521 ms (enqueue 0.0829102 ms)
[03/03/2026-11:04:08] [I] Average on 10 runs - GPU latency: 0.0965332 ms - Host latency: 0.0965332 ms (enqueue 0.0806885 ms)
[03/03/2026-11:04:08] [I] Average on 10 runs - GPU latency: 0.0958008 ms - Host latency: 0.0958008 ms (enqueue 0.0787842 ms)
[03/03/2026-11:04:08] [I] Average on 10 runs - GPU latency: 0.0962036 ms - Host latency: 0.0962036 ms (enqueue 0.0828613 ms)
[03/03/2026-11:04:08] [I] Average on 10 runs - GPU latency: 0.095752 ms - Host latency: 0.095752 ms (enqueue 0.0812622 ms)
[03/03/2026-11:04:08] [I] Average on 10 runs - GPU latency: 0.0964722 ms - Host latency: 0.0964722 ms (enqueue 0.0801758 ms)
[03/03/2026-11:04:08] [I] Average on 10 runs - GPU latency: 0.0953735 ms - Host latency: 0.0953735 ms (enqueue 0.0807495 ms)
[03/03/2026-11:04:08] [I] Average on 10 runs - GPU latency: 0.0967651 ms - Host latency: 0.0967651 ms (enqueue 0.0801025 ms)
[03/03/2026-11:04:08] [I] Average on 10 runs - GPU latency: 0.0963989 ms - Host latency: 0.0963989 ms (enqueue 0.0829834 ms)
[03/03/2026-11:04:08] [I] Average on 10 runs - GPU latency: 0.0965088 ms - Host latency: 0.0965088 ms (enqueue 0.0802002 ms)
[03/03/2026-11:04:08] [I] Average on 10 runs - GPU latency: 0.0961914 ms - Host latency: 0.0961914 ms (enqueue 0.0797607 ms)
[03/03/2026-11:04:08] [I] Average on 10 runs - GPU latency: 0.0953247 ms - Host latency: 0.0953247 ms (enqueue 0.0832764 ms)
[03/03/2026-11:04:08] [I] Average on 10 runs - GPU latency: 0.0957764 ms - Host latency: 0.0957764 ms (enqueue 0.0800659 ms)
[03/03/2026-11:04:08] [I] Average on 10 runs - GPU latency: 0.0984863 ms - Host latency: 0.0984863 ms (enqueue 0.0835449 ms)
[03/03/2026-11:04:08] [I] Average on 10 runs - GPU latency: 0.0964478 ms - Host latency: 0.0964478 ms (enqueue 0.0799316 ms)
[03/03/2026-11:04:08] [I] Average on 10 runs - GPU latency: 0.0965576 ms - Host latency: 0.0965576 ms (enqueue 0.0789429 ms)
[03/03/2026-11:04:08] [I] Average on 10 runs - GPU latency: 0.0962646 ms - Host latency: 0.0962646 ms (enqueue 0.0813599 ms)
[03/03/2026-11:04:08] [I] Average on 10 runs - GPU latency: 0.0960205 ms - Host latency: 0.0960205 ms (enqueue 0.0816284 ms)
[03/03/2026-11:04:08] [I] Average on 10 runs - GPU latency: 0.0959351 ms - Host latency: 0.0959351 ms (enqueue 0.0795654 ms)
[03/03/2026-11:04:08] [I] Average on 10 runs - GPU latency: 0.0958008 ms - Host latency: 0.0958008 ms (enqueue 0.0799072 ms)
[03/03/2026-11:04:08] [I] Average on 10 runs - GPU latency: 0.0962036 ms - Host latency: 0.0962036 ms (enqueue 0.0821533 ms)
[03/03/2026-11:04:08] [I] Average on 10 runs - GPU latency: 0.0953369 ms - Host latency: 0.0953369 ms (enqueue 0.0823486 ms)
[03/03/2026-11:04:08] [I] Average on 10 runs - GPU latency: 0.0964844 ms - Host latency: 0.0964844 ms (enqueue 0.0793213 ms)
[03/03/2026-11:04:08] [I] Average on 10 runs - GPU latency: 0.0956909 ms - Host latency: 0.0956909 ms (enqueue 0.0807495 ms)
[03/03/2026-11:04:08] [I] Average on 10 runs - GPU latency: 0.0960449 ms - Host latency: 0.0960449 ms (enqueue 0.0804565 ms)
[03/03/2026-11:04:08] [I] Average on 10 runs - GPU latency: 0.0954102 ms - Host latency: 0.0954102 ms (enqueue 0.0814087 ms)
[03/03/2026-11:04:08] [I] Average on 10 runs - GPU latency: 0.0956177 ms - Host latency: 0.0956177 ms (enqueue 0.0805054 ms)
[03/03/2026-11:04:08] [I] Average on 10 runs - GPU latency: 0.0953247 ms - Host latency: 0.0953247 ms (enqueue 0.0790039 ms)
[03/03/2026-11:04:08] [I] Average on 10 runs - GPU latency: 0.0965576 ms - Host latency: 0.0965576 ms (enqueue 0.079834 ms)
[03/03/2026-11:04:08] [I] Average on 10 runs - GPU latency: 0.095459 ms - Host latency: 0.095459 ms (enqueue 0.0824219 ms)
[03/03/2026-11:04:08] [I] Average on 10 runs - GPU latency: 0.0963501 ms - Host latency: 0.0963501 ms (enqueue 0.0802002 ms)
[03/03/2026-11:04:08] [I] Average on 10 runs - GPU latency: 0.0966064 ms - Host latency: 0.0966064 ms (enqueue 0.080957 ms)
[03/03/2026-11:04:08] [I] Average on 10 runs - GPU latency: 0.0959717 ms - Host latency: 0.0959717 ms (enqueue 0.0793091 ms)
[03/03/2026-11:04:08] [I] Average on 10 runs - GPU latency: 0.0954468 ms - Host latency: 0.0954468 ms (enqueue 0.0842041 ms)
[03/03/2026-11:04:08] [I] Average on 10 runs - GPU latency: 0.0964111 ms - Host latency: 0.0964111 ms (enqueue 0.0806519 ms)
[03/03/2026-11:04:08] [I] Average on 10 runs - GPU latency: 0.0962524 ms - Host latency: 0.0962524 ms (enqueue 0.0809204 ms)
[03/03/2026-11:04:08] [I] Average on 10 runs - GPU latency: 0.0959106 ms - Host latency: 0.0959106 ms (enqueue 0.0800415 ms)
[03/03/2026-11:04:08] [I] Average on 10 runs - GPU latency: 0.095813 ms - Host latency: 0.095813 ms (enqueue 0.0824219 ms)
[03/03/2026-11:04:08] [I] Average on 10 runs - GPU latency: 0.0961426 ms - Host latency: 0.0961426 ms (enqueue 0.0790894 ms)
[03/03/2026-11:04:08] [I] Average on 10 runs - GPU latency: 0.0960693 ms - Host latency: 0.0960693 ms (enqueue 0.0791626 ms)
[03/03/2026-11:04:08] [I] Average on 10 runs - GPU latency: 0.0956299 ms - Host latency: 0.0956299 ms (enqueue 0.0819946 ms)
[03/03/2026-11:04:08] [I] Average on 10 runs - GPU latency: 0.0960449 ms - Host latency: 0.0960449 ms (enqueue 0.0822266 ms)
[03/03/2026-11:04:08] [I] Average on 10 runs - GPU latency: 0.0956055 ms - Host latency: 0.0956055 ms (enqueue 0.0805054 ms)
[03/03/2026-11:04:08] [I] Average on 10 runs - GPU latency: 0.0953125 ms - Host latency: 0.0953125 ms (enqueue 0.0808105 ms)
[03/03/2026-11:04:08] [I] Average on 10 runs - GPU latency: 0.0969238 ms - Host latency: 0.0969238 ms (enqueue 0.0794434 ms)
[03/03/2026-11:04:08] [I] Average on 10 runs - GPU latency: 0.0962036 ms - Host latency: 0.0962036 ms (enqueue 0.0812988 ms)
[03/03/2026-11:04:08] [I] Average on 10 runs - GPU latency: 0.0963867 ms - Host latency: 0.0963867 ms (enqueue 0.0806641 ms)
[03/03/2026-11:04:08] [I] Average on 10 runs - GPU latency: 0.0964478 ms - Host latency: 0.0964478 ms (enqueue 0.0810913 ms)
[03/03/2026-11:04:08] [I] Average on 10 runs - GPU latency: 0.0964355 ms - Host latency: 0.0964355 ms (enqueue 0.082605 ms)
[03/03/2026-11:04:08] [I] Average on 10 runs - GPU latency: 0.0966919 ms - Host latency: 0.0966919 ms (enqueue 0.0833862 ms)
[03/03/2026-11:04:08] [I] Average on 10 runs - GPU latency: 0.0970459 ms - Host latency: 0.0970459 ms (enqueue 0.0795532 ms)
[03/03/2026-11:04:08] [I] Average on 10 runs - GPU latency: 0.0960083 ms - Host latency: 0.0960083 ms (enqueue 0.0807495 ms)
[03/03/2026-11:04:08] [I] Average on 10 runs - GPU latency: 0.0965454 ms - Host latency: 0.0965454 ms (enqueue 0.0806763 ms)
[03/03/2026-11:04:08] [I] Average on 10 runs - GPU latency: 0.0952637 ms - Host latency: 0.0952637 ms (enqueue 0.0828003 ms)
[03/03/2026-11:04:08] [I] Average on 10 runs - GPU latency: 0.0958496 ms - Host latency: 0.0958496 ms (enqueue 0.0803101 ms)
[03/03/2026-11:04:08] [I] Average on 10 runs - GPU latency: 0.0955322 ms - Host latency: 0.0955322 ms (enqueue 0.0801147 ms)
[03/03/2026-11:04:08] [I] Average on 10 runs - GPU latency: 0.0965454 ms - Host latency: 0.0965454 ms (enqueue 0.0792603 ms)
[03/03/2026-11:04:08] [I] Average on 10 runs - GPU latency: 0.0951294 ms - Host latency: 0.0951294 ms (enqueue 0.0800049 ms)
[03/03/2026-11:04:08] [I] Average on 10 runs - GPU latency: 0.0965576 ms - Host latency: 0.0965576 ms (enqueue 0.0834106 ms)
[03/03/2026-11:04:08] [I] Average on 10 runs - GPU latency: 0.0962646 ms - Host latency: 0.0962646 ms (enqueue 0.0787476 ms)
[03/03/2026-11:04:08] [I] Average on 10 runs - GPU latency: 0.0966187 ms - Host latency: 0.0966187 ms (enqueue 0.0832642 ms)
[03/03/2026-11:04:08] [I] Average on 10 runs - GPU latency: 0.0971436 ms - Host latency: 0.0971436 ms (enqueue 0.0799561 ms)
[03/03/2026-11:04:08] [I] Average on 10 runs - GPU latency: 0.0964722 ms - Host latency: 0.0964722 ms (enqueue 0.0815186 ms)
[03/03/2026-11:04:08] [I] Average on 10 runs - GPU latency: 0.0961792 ms - Host latency: 0.0961792 ms (enqueue 0.0792603 ms)
[03/03/2026-11:04:08] [I] Average on 10 runs - GPU latency: 0.0962769 ms - Host latency: 0.0962769 ms (enqueue 0.0829346 ms)
[03/03/2026-11:04:08] [I] Average on 10 runs - GPU latency: 0.095874 ms - Host latency: 0.095874 ms (enqueue 0.0788696 ms)
[03/03/2026-11:04:08] [I] Average on 10 runs - GPU latency: 0.0962646 ms - Host latency: 0.0962646 ms (enqueue 0.0844849 ms)
[03/03/2026-11:04:08] [I] Average on 10 runs - GPU latency: 0.095813 ms - Host latency: 0.095813 ms (enqueue 0.0805542 ms)
[03/03/2026-11:04:08] [I] Average on 10 runs - GPU latency: 0.0964111 ms - Host latency: 0.0964111 ms (enqueue 0.0789185 ms)
[03/03/2026-11:04:08] [I] Average on 10 runs - GPU latency: 0.0955566 ms - Host latency: 0.0955566 ms (enqueue 0.0819702 ms)
[03/03/2026-11:04:08] [I] Average on 10 runs - GPU latency: 0.0964233 ms - Host latency: 0.0964233 ms (enqueue 0.0823242 ms)
[03/03/2026-11:04:08] [I] Average on 10 runs - GPU latency: 0.096936 ms - Host latency: 0.096936 ms (enqueue 0.0786987 ms)
[03/03/2026-11:04:08] [I] Average on 10 runs - GPU latency: 0.0960327 ms - Host latency: 0.0960327 ms (enqueue 0.0799072 ms)
[03/03/2026-11:04:08] [I] Average on 10 runs - GPU latency: 0.0966553 ms - Host latency: 0.0966553 ms (enqueue 0.081958 ms)
[03/03/2026-11:04:08] [I] Average on 10 runs - GPU latency: 0.0961548 ms - Host latency: 0.0961548 ms (enqueue 0.0821289 ms)
[03/03/2026-11:04:08] [I] Average on 10 runs - GPU latency: 0.0964478 ms - Host latency: 0.0964478 ms (enqueue 0.078772 ms)
[03/03/2026-11:04:08] [I] Average on 10 runs - GPU latency: 0.096167 ms - Host latency: 0.096167 ms (enqueue 0.0814941 ms)
[03/03/2026-11:04:08] [I] Average on 10 runs - GPU latency: 0.0965332 ms - Host latency: 0.0965332 ms (enqueue 0.0798706 ms)
[03/03/2026-11:04:08] [I] Average on 10 runs - GPU latency: 0.0952881 ms - Host latency: 0.0952881 ms (enqueue 0.0812378 ms)
[03/03/2026-11:04:08] [I] Average on 10 runs - GPU latency: 0.0962036 ms - Host latency: 0.0962036 ms (enqueue 0.080127 ms)
[03/03/2026-11:04:08] [I] Average on 10 runs - GPU latency: 0.0958984 ms - Host latency: 0.0958984 ms (enqueue 0.0802002 ms)
[03/03/2026-11:04:08] [I] Average on 10 runs - GPU latency: 0.0960449 ms - Host latency: 0.0960449 ms (enqueue 0.0820557 ms)
[03/03/2026-11:04:08] [I] Average on 10 runs - GPU latency: 0.0965332 ms - Host latency: 0.0965332 ms (enqueue 0.082959 ms)
[03/03/2026-11:04:08] [I] Average on 10 runs - GPU latency: 0.0967163 ms - Host latency: 0.0967163 ms (enqueue 0.0809082 ms)
[03/03/2026-11:04:08] [I] Average on 10 runs - GPU latency: 0.0961548 ms - Host latency: 0.0961548 ms (enqueue 0.0792358 ms)
[03/03/2026-11:04:08] [I] Average on 10 runs - GPU latency: 0.0960327 ms - Host latency: 0.0960327 ms (enqueue 0.0802612 ms)
[03/03/2026-11:04:08] [I] Average on 10 runs - GPU latency: 0.0954956 ms - Host latency: 0.0954956 ms (enqueue 0.0836548 ms)
[03/03/2026-11:04:08] [I] Average on 10 runs - GPU latency: 0.0961182 ms - Host latency: 0.0961182 ms (enqueue 0.0803345 ms)
[03/03/2026-11:04:08] [I] Average on 10 runs - GPU latency: 0.0955566 ms - Host latency: 0.0955566 ms (enqueue 0.0806641 ms)
[03/03/2026-11:04:08] [I] Average on 10 runs - GPU latency: 0.096106 ms - Host latency: 0.096106 ms (enqueue 0.0806641 ms)
[03/03/2026-11:04:08] [I] Average on 10 runs - GPU latency: 0.0957764 ms - Host latency: 0.0957764 ms (enqueue 0.0836914 ms)
[03/03/2026-11:04:08] [I] Average on 10 runs - GPU latency: 0.0960083 ms - Host latency: 0.0960083 ms (enqueue 0.0801514 ms)
[03/03/2026-11:04:08] [I] Average on 10 runs - GPU latency: 0.0962769 ms - Host latency: 0.0962769 ms (enqueue 0.0804932 ms)
[03/03/2026-11:04:08] [I] Average on 10 runs - GPU latency: 0.0952881 ms - Host latency: 0.0952881 ms (enqueue 0.0797607 ms)
[03/03/2026-11:04:08] [I] Average on 10 runs - GPU latency: 0.0957397 ms - Host latency: 0.0957397 ms (enqueue 0.0827271 ms)
[03/03/2026-11:04:08] [I] Average on 10 runs - GPU latency: 0.0960815 ms - Host latency: 0.0960815 ms (enqueue 0.0797607 ms)
[03/03/2026-11:04:08] [I] Average on 10 runs - GPU latency: 0.0954224 ms - Host latency: 0.0954224 ms (enqueue 0.0794434 ms)
[03/03/2026-11:04:08] [I] Average on 10 runs - GPU latency: 0.0962891 ms - Host latency: 0.0962891 ms (enqueue 0.0803711 ms)
[03/03/2026-11:04:08] [I] Average on 10 runs - GPU latency: 0.0961426 ms - Host latency: 0.0961426 ms (enqueue 0.0818359 ms)
[03/03/2026-11:04:08] [I] Average on 10 runs - GPU latency: 0.0961914 ms - Host latency: 0.0961914 ms (enqueue 0.0803589 ms)
[03/03/2026-11:04:08] [I] Average on 10 runs - GPU latency: 0.0959106 ms - Host latency: 0.0959106 ms (enqueue 0.0802979 ms)
[03/03/2026-11:04:08] [I] Average on 10 runs - GPU latency: 0.0966064 ms - Host latency: 0.0966064 ms (enqueue 0.0820068 ms)
[03/03/2026-11:04:08] [I] Average on 10 runs - GPU latency: 0.0960327 ms - Host latency: 0.0960327 ms (enqueue 0.0825928 ms)
[03/03/2026-11:04:08] [I] Average on 10 runs - GPU latency: 0.0964233 ms - Host latency: 0.0964233 ms (enqueue 0.0804688 ms)
[03/03/2026-11:04:08] [I] Average on 10 runs - GPU latency: 0.0966309 ms - Host latency: 0.0966309 ms (enqueue 0.0799561 ms)
[03/03/2026-11:04:08] [I] Average on 10 runs - GPU latency: 0.0957886 ms - Host latency: 0.0957886 ms (enqueue 0.0799316 ms)
[03/03/2026-11:04:08] [I] Average on 10 runs - GPU latency: 0.0960083 ms - Host latency: 0.0960083 ms (enqueue 0.082019 ms)
[03/03/2026-11:04:08] [I] Average on 10 runs - GPU latency: 0.0967529 ms - Host latency: 0.0967529 ms (enqueue 0.0821899 ms)
[03/03/2026-11:04:08] [I] Average on 10 runs - GPU latency: 0.0961548 ms - Host latency: 0.0961548 ms (enqueue 0.0799927 ms)
[03/03/2026-11:04:08] [I] Average on 10 runs - GPU latency: 0.0959229 ms - Host latency: 0.0959229 ms (enqueue 0.0801392 ms)
[03/03/2026-11:04:08] [I] Average on 10 runs - GPU latency: 0.0962646 ms - Host latency: 0.0962646 ms (enqueue 0.0796387 ms)
[03/03/2026-11:04:08] [I] Average on 10 runs - GPU latency: 0.0963501 ms - Host latency: 0.0963501 ms (enqueue 0.0803955 ms)
[03/03/2026-11:04:08] [I] Average on 10 runs - GPU latency: 0.0965088 ms - Host latency: 0.0965088 ms (enqueue 0.0829102 ms)
[03/03/2026-11:04:08] [I] Average on 10 runs - GPU latency: 0.0963623 ms - Host latency: 0.0963623 ms (enqueue 0.0792847 ms)
[03/03/2026-11:04:08] [I] Average on 10 runs - GPU latency: 0.0956543 ms - Host latency: 0.0956543 ms (enqueue 0.0802612 ms)
[03/03/2026-11:04:08] [I] Average on 10 runs - GPU latency: 0.095874 ms - Host latency: 0.095874 ms (enqueue 0.0830566 ms)
[03/03/2026-11:04:08] [I] Average on 10 runs - GPU latency: 0.0965698 ms - Host latency: 0.0965698 ms (enqueue 0.079541 ms)
[03/03/2026-11:04:08] [I] Average on 10 runs - GPU latency: 0.0956299 ms - Host latency: 0.0956299 ms (enqueue 0.0820801 ms)
[03/03/2026-11:04:08] [I] Average on 10 runs - GPU latency: 0.0958862 ms - Host latency: 0.0958862 ms (enqueue 0.0802246 ms)
[03/03/2026-11:04:08] [I] Average on 10 runs - GPU latency: 0.0956787 ms - Host latency: 0.0956787 ms (enqueue 0.0820312 ms)
[03/03/2026-11:04:08] [I] Average on 10 runs - GPU latency: 0.0958862 ms - Host latency: 0.0958862 ms (enqueue 0.079895 ms)
[03/03/2026-11:04:08] [I] Average on 10 runs - GPU latency: 0.0959106 ms - Host latency: 0.0959106 ms (enqueue 0.0797974 ms)
[03/03/2026-11:04:08] [I] Average on 10 runs - GPU latency: 0.0953125 ms - Host latency: 0.0953125 ms (enqueue 0.0796997 ms)
[03/03/2026-11:04:08] [I] Average on 10 runs - GPU latency: 0.0966797 ms - Host latency: 0.0966797 ms (enqueue 0.0841675 ms)
[03/03/2026-11:04:08] [I] Average on 10 runs - GPU latency: 0.0963135 ms - Host latency: 0.0963135 ms (enqueue 0.0793091 ms)
[03/03/2026-11:04:08] [I] Average on 10 runs - GPU latency: 0.0956055 ms - Host latency: 0.0956055 ms (enqueue 0.0795898 ms)
[03/03/2026-11:04:08] [I] Average on 10 runs - GPU latency: 0.0957886 ms - Host latency: 0.0957886 ms (enqueue 0.0831055 ms)
[03/03/2026-11:04:08] [I] Average on 10 runs - GPU latency: 0.0959473 ms - Host latency: 0.0959473 ms (enqueue 0.0810303 ms)
[03/03/2026-11:04:08] [I] Average on 10 runs - GPU latency: 0.0962891 ms - Host latency: 0.0962891 ms (enqueue 0.079187 ms)
[03/03/2026-11:04:08] [I] Average on 10 runs - GPU latency: 0.0966309 ms - Host latency: 0.0966309 ms (enqueue 0.0807495 ms)
[03/03/2026-11:04:08] [I] Average on 10 runs - GPU latency: 0.096106 ms - Host latency: 0.096106 ms (enqueue 0.0792969 ms)
[03/03/2026-11:04:08] [I] Average on 10 runs - GPU latency: 0.0957153 ms - Host latency: 0.0957153 ms (enqueue 0.0822632 ms)
[03/03/2026-11:04:08] [I] Average on 10 runs - GPU latency: 0.0962402 ms - Host latency: 0.0962402 ms (enqueue 0.0794922 ms)
[03/03/2026-11:04:08] [I] Average on 10 runs - GPU latency: 0.0960205 ms - Host latency: 0.0960205 ms (enqueue 0.0819946 ms)
[03/03/2026-11:04:08] [I] Average on 10 runs - GPU latency: 0.0962524 ms - Host latency: 0.0962524 ms (enqueue 0.0798096 ms)
[03/03/2026-11:04:08] [I] Average on 10 runs - GPU latency: 0.0958374 ms - Host latency: 0.0958374 ms (enqueue 0.0821045 ms)
[03/03/2026-11:04:08] [I] Average on 10 runs - GPU latency: 0.0962769 ms - Host latency: 0.0962769 ms (enqueue 0.0797363 ms)
[03/03/2026-11:04:08] [I] Average on 10 runs - GPU latency: 0.0960327 ms - Host latency: 0.0960327 ms (enqueue 0.0838989 ms)
[03/03/2026-11:04:08] [I] Average on 10 runs - GPU latency: 0.0978516 ms - Host latency: 0.0978516 ms (enqueue 0.0825562 ms)
[03/03/2026-11:04:08] [I] Average on 10 runs - GPU latency: 0.0995361 ms - Host latency: 0.0995361 ms (enqueue 0.0838379 ms)
[03/03/2026-11:04:08] [I] Average on 10 runs - GPU latency: 0.0966553 ms - Host latency: 0.0966553 ms (enqueue 0.0793457 ms)
[03/03/2026-11:04:08] [I] Average on 10 runs - GPU latency: 0.0957031 ms - Host latency: 0.0957031 ms (enqueue 0.0796509 ms)
[03/03/2026-11:04:08] [I] Average on 10 runs - GPU latency: 0.0961426 ms - Host latency: 0.0961426 ms (enqueue 0.0789795 ms)
[03/03/2026-11:04:08] [I] Average on 10 runs - GPU latency: 0.0964966 ms - Host latency: 0.0964966 ms (enqueue 0.0827881 ms)
[03/03/2026-11:04:08] [I] Average on 10 runs - GPU latency: 0.0966431 ms - Host latency: 0.0966431 ms (enqueue 0.0794678 ms)
[03/03/2026-11:04:08] [I] Average on 10 runs - GPU latency: 0.0966187 ms - Host latency: 0.0966187 ms (enqueue 0.0804565 ms)
[03/03/2026-11:04:08] [I] Average on 10 runs - GPU latency: 0.0957153 ms - Host latency: 0.0957153 ms (enqueue 0.0802002 ms)
[03/03/2026-11:04:08] [I] Average on 10 runs - GPU latency: 0.095813 ms - Host latency: 0.095813 ms (enqueue 0.0846436 ms)
[03/03/2026-11:04:08] [I] Average on 10 runs - GPU latency: 0.0965332 ms - Host latency: 0.0965332 ms (enqueue 0.0793579 ms)
[03/03/2026-11:04:08] [I] Average on 10 runs - GPU latency: 0.0964844 ms - Host latency: 0.0964844 ms (enqueue 0.0799072 ms)
[03/03/2026-11:04:08] [I] Average on 10 runs - GPU latency: 0.0958618 ms - Host latency: 0.0958618 ms (enqueue 0.0792847 ms)
[03/03/2026-11:04:08] [I] Average on 10 runs - GPU latency: 0.0955933 ms - Host latency: 0.0955933 ms (enqueue 0.084314 ms)
[03/03/2026-11:04:08] [I] Average on 10 runs - GPU latency: 0.0951904 ms - Host latency: 0.0951904 ms (enqueue 0.0805908 ms)
[03/03/2026-11:04:08] [I] Average on 10 runs - GPU latency: 0.0962891 ms - Host latency: 0.0962891 ms (enqueue 0.0792114 ms)
[03/03/2026-11:04:08] [I] Average on 10 runs - GPU latency: 0.0961426 ms - Host latency: 0.0961426 ms (enqueue 0.0790039 ms)
[03/03/2026-11:04:08] [I] Average on 10 runs - GPU latency: 0.0959839 ms - Host latency: 0.0959839 ms (enqueue 0.0837158 ms)
[03/03/2026-11:04:08] [I] Average on 10 runs - GPU latency: 0.0960327 ms - Host latency: 0.0960327 ms (enqueue 0.0802124 ms)
[03/03/2026-11:04:08] [I] Average on 10 runs - GPU latency: 0.0953003 ms - Host latency: 0.0953003 ms (enqueue 0.0803955 ms)
[03/03/2026-11:04:08] [I] Average on 10 runs - GPU latency: 0.0959961 ms - Host latency: 0.0959961 ms (enqueue 0.0797974 ms)
[03/03/2026-11:04:08] [I] Average on 10 runs - GPU latency: 0.0956421 ms - Host latency: 0.0956421 ms (enqueue 0.0811157 ms)
[03/03/2026-11:04:08] [I] Average on 10 runs - GPU latency: 0.0954834 ms - Host latency: 0.0954834 ms (enqueue 0.0836182 ms)
[03/03/2026-11:04:08] [I] Average on 10 runs - GPU latency: 0.0961304 ms - Host latency: 0.0961304 ms (enqueue 0.0805786 ms)
[03/03/2026-11:04:08] [I] Average on 10 runs - GPU latency: 0.0967163 ms - Host latency: 0.0967163 ms (enqueue 0.0794312 ms)
[03/03/2026-11:04:08] [I] Average on 10 runs - GPU latency: 0.0968628 ms - Host latency: 0.0968628 ms (enqueue 0.0793823 ms)
[03/03/2026-11:04:08] [I] Average on 10 runs - GPU latency: 0.0966309 ms - Host latency: 0.0966309 ms (enqueue 0.0822388 ms)
[03/03/2026-11:04:08] [I] Average on 10 runs - GPU latency: 0.0959473 ms - Host latency: 0.0959473 ms (enqueue 0.0812866 ms)
[03/03/2026-11:04:08] [I] Average on 10 runs - GPU latency: 0.0961304 ms - Host latency: 0.0961304 ms (enqueue 0.0797241 ms)
[03/03/2026-11:04:08] [I] Average on 10 runs - GPU latency: 0.0960205 ms - Host latency: 0.0960205 ms (enqueue 0.0825806 ms)
[03/03/2026-11:04:08] [I] Average on 10 runs - GPU latency: 0.0967407 ms - Host latency: 0.0967407 ms (enqueue 0.0829346 ms)
[03/03/2026-11:04:08] [I] Average on 10 runs - GPU latency: 0.0957764 ms - Host latency: 0.0957764 ms (enqueue 0.0799072 ms)
[03/03/2026-11:04:08] [I] Average on 10 runs - GPU latency: 0.0961426 ms - Host latency: 0.0961426 ms (enqueue 0.0797607 ms)
[03/03/2026-11:04:08] [I] Average on 10 runs - GPU latency: 0.0962158 ms - Host latency: 0.0962158 ms (enqueue 0.0793335 ms)
[03/03/2026-11:04:08] [I] Average on 10 runs - GPU latency: 0.0963989 ms - Host latency: 0.0963989 ms (enqueue 0.0841675 ms)
[03/03/2026-11:04:08] [I] Average on 10 runs - GPU latency: 0.0964722 ms - Host latency: 0.0964722 ms (enqueue 0.0792603 ms)
[03/03/2026-11:04:08] [I] Average on 10 runs - GPU latency: 0.0962158 ms - Host latency: 0.0962158 ms (enqueue 0.0789673 ms)
[03/03/2026-11:04:08] [I] Average on 10 runs - GPU latency: 0.0952148 ms - Host latency: 0.0952148 ms (enqueue 0.0799072 ms)
[03/03/2026-11:04:08] [I] Average on 10 runs - GPU latency: 0.0964111 ms - Host latency: 0.0964111 ms (enqueue 0.0845215 ms)
[03/03/2026-11:04:08] [I] Average on 10 runs - GPU latency: 0.0959351 ms - Host latency: 0.0959351 ms (enqueue 0.0795288 ms)
[03/03/2026-11:04:08] [I] Average on 10 runs - GPU latency: 0.095813 ms - Host latency: 0.095813 ms (enqueue 0.0788452 ms)
[03/03/2026-11:04:08] [I] Average on 10 runs - GPU latency: 0.095752 ms - Host latency: 0.095752 ms (enqueue 0.0798218 ms)
[03/03/2026-11:04:08] [I] Average on 10 runs - GPU latency: 0.0980835 ms - Host latency: 0.0980835 ms (enqueue 0.0865234 ms)
[03/03/2026-11:04:08] [I] Average on 10 runs - GPU latency: 0.0956299 ms - Host latency: 0.0956299 ms (enqueue 0.0795288 ms)
[03/03/2026-11:04:08] [I] Average on 10 runs - GPU latency: 0.095459 ms - Host latency: 0.095459 ms (enqueue 0.0795044 ms)
[03/03/2026-11:04:08] [I] Average on 10 runs - GPU latency: 0.0959595 ms - Host latency: 0.0959595 ms (enqueue 0.0807617 ms)
[03/03/2026-11:04:08] [I] Average on 10 runs - GPU latency: 0.0956909 ms - Host latency: 0.0956909 ms (enqueue 0.0828369 ms)
[03/03/2026-11:04:08] [I] Average on 10 runs - GPU latency: 0.096582 ms - Host latency: 0.096582 ms (enqueue 0.0791992 ms)
[03/03/2026-11:04:08] [I] Average on 10 runs - GPU latency: 0.0959717 ms - Host latency: 0.0959717 ms (enqueue 0.0802734 ms)
[03/03/2026-11:04:08] [I] Average on 10 runs - GPU latency: 0.096521 ms - Host latency: 0.096521 ms (enqueue 0.0797852 ms)
[03/03/2026-11:04:08] [I] Average on 10 runs - GPU latency: 0.0953979 ms - Host latency: 0.0953979 ms (enqueue 0.0831421 ms)
[03/03/2026-11:04:08] [I] Average on 10 runs - GPU latency: 0.0965332 ms - Host latency: 0.0965332 ms (enqueue 0.0796387 ms)
[03/03/2026-11:04:08] [I] Average on 10 runs - GPU latency: 0.0958984 ms - Host latency: 0.0958984 ms (enqueue 0.0816162 ms)
[03/03/2026-11:04:08] [I] Average on 10 runs - GPU latency: 0.0956421 ms - Host latency: 0.0956421 ms (enqueue 0.0793823 ms)
[03/03/2026-11:04:08] [I] Average on 10 runs - GPU latency: 0.0960815 ms - Host latency: 0.0960815 ms (enqueue 0.0822388 ms)
[03/03/2026-11:04:08] [I] Average on 10 runs - GPU latency: 0.0963623 ms - Host latency: 0.0963623 ms (enqueue 0.0811523 ms)
[03/03/2026-11:04:08] [I] Average on 10 runs - GPU latency: 0.0964722 ms - Host latency: 0.0964722 ms (enqueue 0.080603 ms)
[03/03/2026-11:04:08] [I] Average on 10 runs - GPU latency: 0.0960327 ms - Host latency: 0.0960327 ms (enqueue 0.0814087 ms)
[03/03/2026-11:04:08] [I] Average on 10 runs - GPU latency: 0.096814 ms - Host latency: 0.096814 ms (enqueue 0.0819458 ms)
[03/03/2026-11:04:08] [I] Average on 10 runs - GPU latency: 0.096521 ms - Host latency: 0.096521 ms (enqueue 0.0802368 ms)
[03/03/2026-11:04:08] [I] Average on 10 runs - GPU latency: 0.0965942 ms - Host latency: 0.0965942 ms (enqueue 0.0805786 ms)
[03/03/2026-11:04:08] [I] Average on 10 runs - GPU latency: 0.0953491 ms - Host latency: 0.0953491 ms (enqueue 0.080481 ms)
[03/03/2026-11:04:08] [I] Average on 10 runs - GPU latency: 0.0959595 ms - Host latency: 0.0959595 ms (enqueue 0.0856445 ms)
[03/03/2026-11:04:08] [I] Average on 10 runs - GPU latency: 0.0961182 ms - Host latency: 0.0961182 ms (enqueue 0.0805054 ms)
[03/03/2026-11:04:08] [I] Average on 10 runs - GPU latency: 0.0960815 ms - Host latency: 0.0960815 ms (enqueue 0.0799805 ms)
[03/03/2026-11:04:08] [I] Average on 10 runs - GPU latency: 0.096228 ms - Host latency: 0.096228 ms (enqueue 0.080127 ms)
[03/03/2026-11:04:08] [I] Average on 10 runs - GPU latency: 0.0956177 ms - Host latency: 0.0956177 ms (enqueue 0.0818481 ms)
[03/03/2026-11:04:08] [I] Average on 10 runs - GPU latency: 0.096167 ms - Host latency: 0.096167 ms (enqueue 0.0815063 ms)
[03/03/2026-11:04:08] [I] Average on 10 runs - GPU latency: 0.0960938 ms - Host latency: 0.0960938 ms (enqueue 0.0802856 ms)
[03/03/2026-11:04:08] [I] Average on 10 runs - GPU latency: 0.0966553 ms - Host latency: 0.0966553 ms (enqueue 0.0796509 ms)
[03/03/2026-11:04:08] [I] Average on 10 runs - GPU latency: 0.0960205 ms - Host latency: 0.0960205 ms (enqueue 0.0801392 ms)
[03/03/2026-11:04:08] [I] Average on 10 runs - GPU latency: 0.095227 ms - Host latency: 0.095227 ms (enqueue 0.0825439 ms)
[03/03/2026-11:04:08] [I] Average on 10 runs - GPU latency: 0.0963989 ms - Host latency: 0.0963989 ms (enqueue 0.0804565 ms)
[03/03/2026-11:04:08] [I] Average on 10 runs - GPU latency: 0.0959595 ms - Host latency: 0.0959595 ms (enqueue 0.0806519 ms)
[03/03/2026-11:04:08] [I] Average on 10 runs - GPU latency: 0.0964844 ms - Host latency: 0.0964844 ms (enqueue 0.0790649 ms)
[03/03/2026-11:04:08] [I] Average on 10 runs - GPU latency: 0.0963867 ms - Host latency: 0.0963867 ms (enqueue 0.0815918 ms)
[03/03/2026-11:04:08] [I] Average on 10 runs - GPU latency: 0.0956299 ms - Host latency: 0.0956299 ms (enqueue 0.0804688 ms)
[03/03/2026-11:04:08] [I] Average on 10 runs - GPU latency: 0.0960327 ms - Host latency: 0.0960327 ms (enqueue 0.0828003 ms)
[03/03/2026-11:04:08] [I] Average on 10 runs - GPU latency: 0.096106 ms - Host latency: 0.096106 ms (enqueue 0.0800781 ms)
[03/03/2026-11:04:08] [I] Average on 10 runs - GPU latency: 0.095813 ms - Host latency: 0.095813 ms (enqueue 0.0813599 ms)
[03/03/2026-11:04:08] [I] Average on 10 runs - GPU latency: 0.0956787 ms - Host latency: 0.0956787 ms (enqueue 0.0812256 ms)
[03/03/2026-11:04:08] [I] Average on 10 runs - GPU latency: 0.0954468 ms - Host latency: 0.0954468 ms (enqueue 0.0804932 ms)
[03/03/2026-11:04:08] [I] Average on 10 runs - GPU latency: 0.095874 ms - Host latency: 0.095874 ms (enqueue 0.0799194 ms)
[03/03/2026-11:04:08] [I] Average on 10 runs - GPU latency: 0.0960327 ms - Host latency: 0.0960327 ms (enqueue 0.0820923 ms)
[03/03/2026-11:04:08] [I] Average on 10 runs - GPU latency: 0.0967407 ms - Host latency: 0.0967407 ms (enqueue 0.0807007 ms)
[03/03/2026-11:04:08] [I] Average on 10 runs - GPU latency: 0.0958374 ms - Host latency: 0.0958374 ms (enqueue 0.080481 ms)
[03/03/2026-11:04:08] [I] Average on 10 runs - GPU latency: 0.0955811 ms - Host latency: 0.0955811 ms (enqueue 0.0804199 ms)
[03/03/2026-11:04:08] [I] Average on 10 runs - GPU latency: 0.0965942 ms - Host latency: 0.0965942 ms (enqueue 0.0822754 ms)
[03/03/2026-11:04:08] [I] Average on 10 runs - GPU latency: 0.0955566 ms - Host latency: 0.0955566 ms (enqueue 0.0793701 ms)
[03/03/2026-11:04:08] [I] Average on 10 runs - GPU latency: 0.0963379 ms - Host latency: 0.0963379 ms (enqueue 0.0791626 ms)
[03/03/2026-11:04:08] [I] Average on 10 runs - GPU latency: 0.0952881 ms - Host latency: 0.0952881 ms (enqueue 0.082251 ms)
[03/03/2026-11:04:08] [I] Average on 10 runs - GPU latency: 0.0965942 ms - Host latency: 0.0965942 ms (enqueue 0.083728 ms)
[03/03/2026-11:04:08] [I] Average on 10 runs - GPU latency: 0.0957886 ms - Host latency: 0.0957886 ms (enqueue 0.0796753 ms)
[03/03/2026-11:04:08] [I] Average on 10 runs - GPU latency: 0.0952148 ms - Host latency: 0.0952148 ms (enqueue 0.0796265 ms)
[03/03/2026-11:04:08] [I] Average on 10 runs - GPU latency: 0.096814 ms - Host latency: 0.096814 ms (enqueue 0.079187 ms)
[03/03/2026-11:04:08] [I] Average on 10 runs - GPU latency: 0.0965576 ms - Host latency: 0.0965576 ms (enqueue 0.0850464 ms)
[03/03/2026-11:04:08] [I] Average on 10 runs - GPU latency: 0.0958008 ms - Host latency: 0.0958008 ms (enqueue 0.0800415 ms)
[03/03/2026-11:04:08] [I] Average on 10 runs - GPU latency: 0.0966797 ms - Host latency: 0.0966797 ms (enqueue 0.0795532 ms)
[03/03/2026-11:04:08] [I] Average on 10 runs - GPU latency: 0.0968994 ms - Host latency: 0.0968994 ms (enqueue 0.0794556 ms)
[03/03/2026-11:04:08] [I] Average on 10 runs - GPU latency: 0.096582 ms - Host latency: 0.096582 ms (enqueue 0.0836182 ms)
[03/03/2026-11:04:08] [I] Average on 10 runs - GPU latency: 0.0965332 ms - Host latency: 0.0965332 ms (enqueue 0.0803101 ms)
[03/03/2026-11:04:08] [I] Average on 10 runs - GPU latency: 0.0955689 ms - Host latency: 0.0955689 ms (enqueue 0.079895 ms)
[03/03/2026-11:04:08] [I] Average on 10 runs - GPU latency: 0.0968262 ms - Host latency: 0.0968262 ms (enqueue 0.0811035 ms)
[03/03/2026-11:04:08] [I] Average on 10 runs - GPU latency: 0.0964844 ms - Host latency: 0.0964844 ms (enqueue 0.0811035 ms)
[03/03/2026-11:04:08] [I] Average on 10 runs - GPU latency: 0.0966675 ms - Host latency: 0.0966675 ms (enqueue 0.0792236 ms)
[03/03/2026-11:04:08] [I] Average on 10 runs - GPU latency: 0.0966309 ms - Host latency: 0.0966309 ms (enqueue 0.080249 ms)
[03/03/2026-11:04:08] [I] Average on 10 runs - GPU latency: 0.0963257 ms - Host latency: 0.0963257 ms (enqueue 0.0831909 ms)
[03/03/2026-11:04:08] [I] Average on 10 runs - GPU latency: 0.0961304 ms - Host latency: 0.0961304 ms (enqueue 0.0831055 ms)
[03/03/2026-11:04:08] [I] Average on 10 runs - GPU latency: 0.0951904 ms - Host latency: 0.0951904 ms (enqueue 0.0806396 ms)
[03/03/2026-11:04:08] [I] Average on 10 runs - GPU latency: 0.0957153 ms - Host latency: 0.0957153 ms (enqueue 0.0800415 ms)
[03/03/2026-11:04:08] [I] Average on 10 runs - GPU latency: 0.0963501 ms - Host latency: 0.0963501 ms (enqueue 0.0797974 ms)
[03/03/2026-11:04:08] [I] Average on 10 runs - GPU latency: 0.0960205 ms - Host latency: 0.0960205 ms (enqueue 0.0818237 ms)
[03/03/2026-11:04:08] [I] Average on 10 runs - GPU latency: 0.0962646 ms - Host latency: 0.0962646 ms (enqueue 0.0798096 ms)
[03/03/2026-11:04:08] [I] Average on 10 runs - GPU latency: 0.0966309 ms - Host latency: 0.0966309 ms (enqueue 0.0809204 ms)
[03/03/2026-11:04:08] [I] Average on 10 runs - GPU latency: 0.0959839 ms - Host latency: 0.0959839 ms (enqueue 0.0808594 ms)
[03/03/2026-11:04:08] [I] Average on 10 runs - GPU latency: 0.0959595 ms - Host latency: 0.0959595 ms (enqueue 0.0843506 ms)
[03/03/2026-11:04:08] [I] Average on 10 runs - GPU latency: 0.0958496 ms - Host latency: 0.0958496 ms (enqueue 0.0811646 ms)
[03/03/2026-11:04:08] [I] Average on 10 runs - GPU latency: 0.0964478 ms - Host latency: 0.0964478 ms (enqueue 0.0794556 ms)
[03/03/2026-11:04:08] [I] Average on 10 runs - GPU latency: 0.0960205 ms - Host latency: 0.0960205 ms (enqueue 0.0797119 ms)
[03/03/2026-11:04:08] [I] Average on 10 runs - GPU latency: 0.0958496 ms - Host latency: 0.0958496 ms (enqueue 0.0819702 ms)
[03/03/2026-11:04:08] [I] Average on 10 runs - GPU latency: 0.0962769 ms - Host latency: 0.0962769 ms (enqueue 0.0838989 ms)
[03/03/2026-11:04:08] [I] Average on 10 runs - GPU latency: 0.0964722 ms - Host latency: 0.0964722 ms (enqueue 0.0795532 ms)
[03/03/2026-11:04:08] [I] Average on 10 runs - GPU latency: 0.0958984 ms - Host latency: 0.0958984 ms (enqueue 0.0797119 ms)
[03/03/2026-11:04:08] [I] Average on 10 runs - GPU latency: 0.0955566 ms - Host latency: 0.0955566 ms (enqueue 0.0805786 ms)
[03/03/2026-11:04:08] [I] Average on 10 runs - GPU latency: 0.0965576 ms - Host latency: 0.0965576 ms (enqueue 0.0821655 ms)
[03/03/2026-11:04:08] [I] Average on 10 runs - GPU latency: 0.0964966 ms - Host latency: 0.0964966 ms (enqueue 0.0807007 ms)
[03/03/2026-11:04:08] [I] Average on 10 runs - GPU latency: 0.0964478 ms - Host latency: 0.0964478 ms (enqueue 0.0808228 ms)
[03/03/2026-11:04:08] [I] Average on 10 runs - GPU latency: 0.09646 ms - Host latency: 0.09646 ms (enqueue 0.0793213 ms)
[03/03/2026-11:04:08] [I] Average on 10 runs - GPU latency: 0.0959839 ms - Host latency: 0.0959839 ms (enqueue 0.0816895 ms)
[03/03/2026-11:04:08] [I] Average on 10 runs - GPU latency: 0.0957031 ms - Host latency: 0.0957031 ms (enqueue 0.0798096 ms)
[03/03/2026-11:04:08] [I] Average on 10 runs - GPU latency: 0.0963867 ms - Host latency: 0.0963867 ms (enqueue 0.080249 ms)
[03/03/2026-11:04:08] [I] Average on 10 runs - GPU latency: 0.0959229 ms - Host latency: 0.0959229 ms (enqueue 0.0796387 ms)
[03/03/2026-11:04:08] [I] Average on 10 runs - GPU latency: 0.0959961 ms - Host latency: 0.0959961 ms (enqueue 0.0828735 ms)
[03/03/2026-11:04:08] [I] Average on 10 runs - GPU latency: 0.0962158 ms - Host latency: 0.0962158 ms (enqueue 0.0796143 ms)
[03/03/2026-11:04:08] [I] Average on 10 runs - GPU latency: 0.0957886 ms - Host latency: 0.0957886 ms (enqueue 0.0833008 ms)
[03/03/2026-11:04:08] [I] Average on 10 runs - GPU latency: 0.0963013 ms - Host latency: 0.0963013 ms (enqueue 0.0800415 ms)
[03/03/2026-11:04:08] [I] Average on 10 runs - GPU latency: 0.0962402 ms - Host latency: 0.0962402 ms (enqueue 0.08479 ms)
[03/03/2026-11:04:08] [I] Average on 10 runs - GPU latency: 0.0953003 ms - Host latency: 0.0953003 ms (enqueue 0.0794434 ms)
[03/03/2026-11:04:08] [I] Average on 10 runs - GPU latency: 0.0966797 ms - Host latency: 0.0966797 ms (enqueue 0.0796265 ms)
[03/03/2026-11:04:08] [I] Average on 10 runs - GPU latency: 0.0965942 ms - Host latency: 0.0965942 ms (enqueue 0.079248 ms)
[03/03/2026-11:04:08] [I] Average on 10 runs - GPU latency: 0.0958252 ms - Host latency: 0.0958252 ms (enqueue 0.0838745 ms)
[03/03/2026-11:04:08] [I] Average on 10 runs - GPU latency: 0.094873 ms - Host latency: 0.094873 ms (enqueue 0.0799927 ms)
[03/03/2026-11:04:08] [I] Average on 10 runs - GPU latency: 0.0959839 ms - Host latency: 0.0959839 ms (enqueue 0.0805664 ms)
[03/03/2026-11:04:08] [I] Average on 10 runs - GPU latency: 0.0956909 ms - Host latency: 0.0956909 ms (enqueue 0.0807007 ms)
[03/03/2026-11:04:08] [I] Average on 10 runs - GPU latency: 0.0963989 ms - Host latency: 0.0963989 ms (enqueue 0.0817383 ms)
[03/03/2026-11:04:08] [I] Average on 10 runs - GPU latency: 0.0960938 ms - Host latency: 0.0960938 ms (enqueue 0.0801392 ms)
[03/03/2026-11:04:08] [I] Average on 10 runs - GPU latency: 0.0964966 ms - Host latency: 0.0964966 ms (enqueue 0.0790771 ms)
[03/03/2026-11:04:08] [I] Average on 10 runs - GPU latency: 0.0960571 ms - Host latency: 0.0960571 ms (enqueue 0.0820557 ms)
[03/03/2026-11:04:08] [I] Average on 10 runs - GPU latency: 0.0958252 ms - Host latency: 0.0958252 ms (enqueue 0.0838989 ms)
[03/03/2026-11:04:08] [I] Average on 10 runs - GPU latency: 0.0964355 ms - Host latency: 0.0964355 ms (enqueue 0.0797119 ms)
[03/03/2026-11:04:08] [I] Average on 10 runs - GPU latency: 0.0956665 ms - Host latency: 0.0956665 ms (enqueue 0.0789917 ms)
[03/03/2026-11:04:08] [I] Average on 10 runs - GPU latency: 0.0959473 ms - Host latency: 0.0959473 ms (enqueue 0.0796143 ms)
[03/03/2026-11:04:08] [I] Average on 10 runs - GPU latency: 0.0961182 ms - Host latency: 0.0961182 ms (enqueue 0.0833862 ms)
[03/03/2026-11:04:08] [I] Average on 10 runs - GPU latency: 0.096106 ms - Host latency: 0.096106 ms (enqueue 0.0794189 ms)
[03/03/2026-11:04:08] [I] Average on 10 runs - GPU latency: 0.0965332 ms - Host latency: 0.0965332 ms (enqueue 0.0820312 ms)
[03/03/2026-11:04:08] [I] Average on 10 runs - GPU latency: 0.0969238 ms - Host latency: 0.0969238 ms (enqueue 0.0800781 ms)
[03/03/2026-11:04:08] [I] Average on 10 runs - GPU latency: 0.0960205 ms - Host latency: 0.0960205 ms (enqueue 0.0841797 ms)
[03/03/2026-11:04:08] [I] Average on 10 runs - GPU latency: 0.0960815 ms - Host latency: 0.0960815 ms (enqueue 0.0795288 ms)
[03/03/2026-11:04:08] [I] Average on 10 runs - GPU latency: 0.0959961 ms - Host latency: 0.0959961 ms (enqueue 0.0794922 ms)
[03/03/2026-11:04:08] [I] Average on 10 runs - GPU latency: 0.0962524 ms - Host latency: 0.0962524 ms (enqueue 0.0804077 ms)
[03/03/2026-11:04:08] [I] Average on 10 runs - GPU latency: 0.0963013 ms - Host latency: 0.0963013 ms (enqueue 0.082666 ms)
[03/03/2026-11:04:08] [I] Average on 10 runs - GPU latency: 0.0957764 ms - Host latency: 0.0957764 ms (enqueue 0.0812622 ms)
[03/03/2026-11:04:08] [I] Average on 10 runs - GPU latency: 0.0964966 ms - Host latency: 0.0964966 ms (enqueue 0.0796387 ms)
[03/03/2026-11:04:08] [I] Average on 10 runs - GPU latency: 0.096167 ms - Host latency: 0.096167 ms (enqueue 0.0799561 ms)
[03/03/2026-11:04:08] [I] Average on 10 runs - GPU latency: 0.0958862 ms - Host latency: 0.0958862 ms (enqueue 0.0846802 ms)
[03/03/2026-11:04:08] [I] Average on 10 runs - GPU latency: 0.0961426 ms - Host latency: 0.0961426 ms (enqueue 0.0810059 ms)
[03/03/2026-11:04:08] [I] Average on 10 runs - GPU latency: 0.0968872 ms - Host latency: 0.0968872 ms (enqueue 0.0801147 ms)
[03/03/2026-11:04:08] [I] Average on 10 runs - GPU latency: 0.0957764 ms - Host latency: 0.0957764 ms (enqueue 0.0802734 ms)
[03/03/2026-11:04:08] [I] Average on 10 runs - GPU latency: 0.0958496 ms - Host latency: 0.0958496 ms (enqueue 0.0796143 ms)
[03/03/2026-11:04:08] [I] Average on 10 runs - GPU latency: 0.0959839 ms - Host latency: 0.0959839 ms (enqueue 0.0833252 ms)
[03/03/2026-11:04:08] [I] Average on 10 runs - GPU latency: 0.0954834 ms - Host latency: 0.0954834 ms (enqueue 0.0808228 ms)
[03/03/2026-11:04:08] [I] Average on 10 runs - GPU latency: 0.0963867 ms - Host latency: 0.0963867 ms (enqueue 0.0804321 ms)
[03/03/2026-11:04:08] [I] Average on 10 runs - GPU latency: 0.0944946 ms - Host latency: 0.0944946 ms (enqueue 0.0798218 ms)
[03/03/2026-11:04:08] [I] Average on 10 runs - GPU latency: 0.0967773 ms - Host latency: 0.0967773 ms (enqueue 0.0827515 ms)
[03/03/2026-11:04:08] [I] Average on 10 runs - GPU latency: 0.0961426 ms - Host latency: 0.0961426 ms (enqueue 0.0792358 ms)
[03/03/2026-11:04:08] [I] Average on 10 runs - GPU latency: 0.0970093 ms - Host latency: 0.0970093 ms (enqueue 0.0800171 ms)
[03/03/2026-11:04:08] [I] Average on 10 runs - GPU latency: 0.0955689 ms - Host latency: 0.0955689 ms (enqueue 0.080896 ms)
[03/03/2026-11:04:08] [I] Average on 10 runs - GPU latency: 0.0965942 ms - Host latency: 0.0965942 ms (enqueue 0.082312 ms)
[03/03/2026-11:04:08] [I] Average on 10 runs - GPU latency: 0.0955689 ms - Host latency: 0.0955689 ms (enqueue 0.0817871 ms)
[03/03/2026-11:04:08] [I] Average on 10 runs - GPU latency: 0.095813 ms - Host latency: 0.095813 ms (enqueue 0.0807983 ms)
[03/03/2026-11:04:08] [I] Average on 10 runs - GPU latency: 0.0964233 ms - Host latency: 0.0964233 ms (enqueue 0.0792358 ms)
[03/03/2026-11:04:08] [I] Average on 10 runs - GPU latency: 0.0963135 ms - Host latency: 0.0963135 ms (enqueue 0.0817871 ms)
[03/03/2026-11:04:08] [I] Average on 10 runs - GPU latency: 0.0960938 ms - Host latency: 0.0960938 ms (enqueue 0.0806274 ms)
[03/03/2026-11:04:08] [I] Average on 10 runs - GPU latency: 0.0958252 ms - Host latency: 0.0958252 ms (enqueue 0.0826538 ms)
[03/03/2026-11:04:08] [I] Average on 10 runs - GPU latency: 0.0958496 ms - Host latency: 0.0958496 ms (enqueue 0.0807495 ms)
[03/03/2026-11:04:08] [I] Average on 10 runs - GPU latency: 0.0970825 ms - Host latency: 0.0970825 ms (enqueue 0.0843506 ms)
[03/03/2026-11:04:08] [I] Average on 10 runs - GPU latency: 0.096167 ms - Host latency: 0.096167 ms (enqueue 0.0801636 ms)
[03/03/2026-11:04:08] [I] Average on 10 runs - GPU latency: 0.0968628 ms - Host latency: 0.0968628 ms (enqueue 0.0789795 ms)
[03/03/2026-11:04:08] [I] Average on 10 runs - GPU latency: 0.0966919 ms - Host latency: 0.0966919 ms (enqueue 0.0809326 ms)
[03/03/2026-11:04:08] [I] Average on 10 runs - GPU latency: 0.0957275 ms - Host latency: 0.0957275 ms (enqueue 0.0838867 ms)
[03/03/2026-11:04:08] [I] Average on 10 runs - GPU latency: 0.0966064 ms - Host latency: 0.0966064 ms (enqueue 0.0802979 ms)
[03/03/2026-11:04:08] [I] Average on 10 runs - GPU latency: 0.0955566 ms - Host latency: 0.0955566 ms (enqueue 0.0800659 ms)
[03/03/2026-11:04:08] [I] Average on 10 runs - GPU latency: 0.0954224 ms - Host latency: 0.0954224 ms (enqueue 0.0798584 ms)
[03/03/2026-11:04:08] [I] Average on 10 runs - GPU latency: 0.0960571 ms - Host latency: 0.0960571 ms (enqueue 0.082312 ms)
[03/03/2026-11:04:08] [I] Average on 10 runs - GPU latency: 0.0966919 ms - Host latency: 0.0966919 ms (enqueue 0.0802002 ms)
[03/03/2026-11:04:08] [I] Average on 10 runs - GPU latency: 0.0960083 ms - Host latency: 0.0960083 ms (enqueue 0.079126 ms)
[03/03/2026-11:04:08] [I] Average on 10 runs - GPU latency: 0.0963013 ms - Host latency: 0.0963013 ms (enqueue 0.0814819 ms)
[03/03/2026-11:04:08] [I] Average on 10 runs - GPU latency: 0.0953979 ms - Host latency: 0.0953979 ms (enqueue 0.0835083 ms)
[03/03/2026-11:04:08] [I] Average on 10 runs - GPU latency: 0.0959717 ms - Host latency: 0.0959717 ms (enqueue 0.0807739 ms)
[03/03/2026-11:04:08] [I] Average on 10 runs - GPU latency: 0.0970459 ms - Host latency: 0.0970459 ms (enqueue 0.0792725 ms)
[03/03/2026-11:04:08] [I] Average on 10 runs - GPU latency: 0.0959595 ms - Host latency: 0.0959595 ms (enqueue 0.0818115 ms)
[03/03/2026-11:04:08] [I] Average on 10 runs - GPU latency: 0.0955933 ms - Host latency: 0.0955933 ms (enqueue 0.0818237 ms)
[03/03/2026-11:04:08] [I] Average on 10 runs - GPU latency: 0.0962646 ms - Host latency: 0.0962646 ms (enqueue 0.0798706 ms)
[03/03/2026-11:04:08] [I] Average on 10 runs - GPU latency: 0.0960938 ms - Host latency: 0.0960938 ms (enqueue 0.0809448 ms)
[03/03/2026-11:04:08] [I] Average on 10 runs - GPU latency: 0.0958252 ms - Host latency: 0.0958252 ms (enqueue 0.0810181 ms)
[03/03/2026-11:04:08] [I] Average on 10 runs - GPU latency: 0.0971802 ms - Host latency: 0.0971802 ms (enqueue 0.0804199 ms)
[03/03/2026-11:04:08] [I] Average on 10 runs - GPU latency: 0.095459 ms - Host latency: 0.095459 ms (enqueue 0.0794189 ms)
[03/03/2026-11:04:08] [I] Average on 10 runs - GPU latency: 0.0959717 ms - Host latency: 0.0959717 ms (enqueue 0.0804932 ms)
[03/03/2026-11:04:08] [I] Average on 10 runs - GPU latency: 0.0958862 ms - Host latency: 0.0958862 ms (enqueue 0.0795532 ms)
[03/03/2026-11:04:08] [I] Average on 10 runs - GPU latency: 0.0967285 ms - Host latency: 0.0967285 ms (enqueue 0.0862427 ms)
[03/03/2026-11:04:08] [I] Average on 10 runs - GPU latency: 0.0952759 ms - Host latency: 0.0952759 ms (enqueue 0.0794067 ms)
[03/03/2026-11:04:08] [I] Average on 10 runs - GPU latency: 0.096228 ms - Host latency: 0.096228 ms (enqueue 0.0787354 ms)
[03/03/2026-11:04:08] [I] Average on 10 runs - GPU latency: 0.0963135 ms - Host latency: 0.0963135 ms (enqueue 0.0796265 ms)
[03/03/2026-11:04:08] [I] Average on 10 runs - GPU latency: 0.0961914 ms - Host latency: 0.0961914 ms (enqueue 0.0829468 ms)
[03/03/2026-11:04:08] [I] Average on 10 runs - GPU latency: 0.0955322 ms - Host latency: 0.0955322 ms (enqueue 0.080542 ms)
[03/03/2026-11:04:08] [I] Average on 10 runs - GPU latency: 0.0971558 ms - Host latency: 0.0971558 ms (enqueue 0.0801758 ms)
[03/03/2026-11:04:08] [I] Average on 10 runs - GPU latency: 0.0965576 ms - Host latency: 0.0965576 ms (enqueue 0.0810791 ms)
[03/03/2026-11:04:08] [I] Average on 10 runs - GPU latency: 0.096582 ms - Host latency: 0.096582 ms (enqueue 0.0820801 ms)
[03/03/2026-11:04:08] [I] Average on 10 runs - GPU latency: 0.0962524 ms - Host latency: 0.0962524 ms (enqueue 0.0824707 ms)
[03/03/2026-11:04:08] [I] Average on 10 runs - GPU latency: 0.0959229 ms - Host latency: 0.0959229 ms (enqueue 0.0783936 ms)
[03/03/2026-11:04:08] [I] Average on 10 runs - GPU latency: 0.0956177 ms - Host latency: 0.0956177 ms (enqueue 0.0800781 ms)
[03/03/2026-11:04:08] [I] Average on 10 runs - GPU latency: 0.0958496 ms - Host latency: 0.0958496 ms (enqueue 0.0812988 ms)
[03/03/2026-11:04:08] [I] Average on 10 runs - GPU latency: 0.0958374 ms - Host latency: 0.0958374 ms (enqueue 0.0839478 ms)
[03/03/2026-11:04:08] [I] Average on 10 runs - GPU latency: 0.096582 ms - Host latency: 0.096582 ms (enqueue 0.0794067 ms)
[03/03/2026-11:04:08] [I] Average on 10 runs - GPU latency: 0.0962036 ms - Host latency: 0.0962036 ms (enqueue 0.0808228 ms)
[03/03/2026-11:04:08] [I] Average on 10 runs - GPU latency: 0.0958618 ms - Host latency: 0.0958618 ms (enqueue 0.0795776 ms)
[03/03/2026-11:04:08] [I] Average on 10 runs - GPU latency: 0.0957153 ms - Host latency: 0.0957153 ms (enqueue 0.0815063 ms)
[03/03/2026-11:04:08] [I] Average on 10 runs - GPU latency: 0.096167 ms - Host latency: 0.096167 ms (enqueue 0.0812134 ms)
[03/03/2026-11:04:08] [I] Average on 10 runs - GPU latency: 0.0963135 ms - Host latency: 0.0963135 ms (enqueue 0.0819214 ms)
[03/03/2026-11:04:08] [I] Average on 10 runs - GPU latency: 0.0955566 ms - Host latency: 0.0955566 ms (enqueue 0.0799805 ms)
[03/03/2026-11:04:08] [I] Average on 10 runs - GPU latency: 0.0960205 ms - Host latency: 0.0960205 ms (enqueue 0.0826416 ms)
[03/03/2026-11:04:08] [I] Average on 10 runs - GPU latency: 0.0965088 ms - Host latency: 0.0965088 ms (enqueue 0.080127 ms)
[03/03/2026-11:04:08] [I] Average on 10 runs - GPU latency: 0.096582 ms - Host latency: 0.096582 ms (enqueue 0.0806641 ms)
[03/03/2026-11:04:08] [I] Average on 10 runs - GPU latency: 0.0965332 ms - Host latency: 0.0965332 ms (enqueue 0.079602 ms)
[03/03/2026-11:04:08] [I] Average on 10 runs - GPU latency: 0.0958496 ms - Host latency: 0.0958496 ms (enqueue 0.0828247 ms)
[03/03/2026-11:04:08] [I] Average on 10 runs - GPU latency: 0.0967041 ms - Host latency: 0.0967041 ms (enqueue 0.0797974 ms)
[03/03/2026-11:04:08] [I] Average on 10 runs - GPU latency: 0.0965576 ms - Host latency: 0.0965576 ms (enqueue 0.0796143 ms)
[03/03/2026-11:04:08] [I] Average on 10 runs - GPU latency: 0.0953125 ms - Host latency: 0.0953125 ms (enqueue 0.0804077 ms)
[03/03/2026-11:04:08] [I] Average on 10 runs - GPU latency: 0.0957275 ms - Host latency: 0.0957275 ms (enqueue 0.0821289 ms)
[03/03/2026-11:04:08] [I] Average on 10 runs - GPU latency: 0.0958374 ms - Host latency: 0.0958374 ms (enqueue 0.0806274 ms)
[03/03/2026-11:04:08] [I] Average on 10 runs - GPU latency: 0.0953247 ms - Host latency: 0.0953247 ms (enqueue 0.078772 ms)
[03/03/2026-11:04:08] [I] Average on 10 runs - GPU latency: 0.095105 ms - Host latency: 0.095105 ms (enqueue 0.0810425 ms)
[03/03/2026-11:04:08] [I] Average on 10 runs - GPU latency: 0.0958984 ms - Host latency: 0.0958984 ms (enqueue 0.0824341 ms)
[03/03/2026-11:04:08] [I] Average on 10 runs - GPU latency: 0.0954834 ms - Host latency: 0.0954834 ms (enqueue 0.0805786 ms)
[03/03/2026-11:04:08] [I] Average on 10 runs - GPU latency: 0.0951416 ms - Host latency: 0.0951416 ms (enqueue 0.0797241 ms)
[03/03/2026-11:04:08] [I] Average on 10 runs - GPU latency: 0.0964355 ms - Host latency: 0.0964355 ms (enqueue 0.0806763 ms)
[03/03/2026-11:04:08] [I] Average on 10 runs - GPU latency: 0.0961914 ms - Host latency: 0.0961914 ms (enqueue 0.0817993 ms)
[03/03/2026-11:04:08] [I] Average on 10 runs - GPU latency: 0.0960449 ms - Host latency: 0.0960449 ms (enqueue 0.079602 ms)
[03/03/2026-11:04:08] [I] Average on 10 runs - GPU latency: 0.0955933 ms - Host latency: 0.0955933 ms (enqueue 0.0827271 ms)
[03/03/2026-11:04:08] [I] Average on 10 runs - GPU latency: 0.0961548 ms - Host latency: 0.0961548 ms (enqueue 0.0799683 ms)
[03/03/2026-11:04:08] [I] Average on 10 runs - GPU latency: 0.096582 ms - Host latency: 0.096582 ms (enqueue 0.0834839 ms)
[03/03/2026-11:04:08] [I] Average on 10 runs - GPU latency: 0.0964111 ms - Host latency: 0.0964111 ms (enqueue 0.0792358 ms)
[03/03/2026-11:04:08] [I] Average on 10 runs - GPU latency: 0.0962158 ms - Host latency: 0.0962158 ms (enqueue 0.0784424 ms)
[03/03/2026-11:04:08] [I] Average on 10 runs - GPU latency: 0.0960083 ms - Host latency: 0.0960083 ms (enqueue 0.0820435 ms)
[03/03/2026-11:04:08] [I] Average on 10 runs - GPU latency: 0.0964111 ms - Host latency: 0.0964111 ms (enqueue 0.0816406 ms)
[03/03/2026-11:04:08] [I] Average on 10 runs - GPU latency: 0.0960205 ms - Host latency: 0.0960205 ms (enqueue 0.0793823 ms)
[03/03/2026-11:04:08] [I] Average on 10 runs - GPU latency: 0.0954102 ms - Host latency: 0.0954102 ms (enqueue 0.080249 ms)
[03/03/2026-11:04:08] [I] Average on 10 runs - GPU latency: 0.0962158 ms - Host latency: 0.0962158 ms (enqueue 0.0826416 ms)
[03/03/2026-11:04:08] [I] Average on 10 runs - GPU latency: 0.096106 ms - Host latency: 0.096106 ms (enqueue 0.0815918 ms)
[03/03/2026-11:04:08] [I] Average on 10 runs - GPU latency: 0.0961548 ms - Host latency: 0.0961548 ms (enqueue 0.0798462 ms)
[03/03/2026-11:04:08] [I] Average on 10 runs - GPU latency: 0.096936 ms - Host latency: 0.096936 ms (enqueue 0.0790405 ms)
[03/03/2026-11:04:08] [I] Average on 10 runs - GPU latency: 0.0958862 ms - Host latency: 0.0958862 ms (enqueue 0.0817261 ms)
[03/03/2026-11:04:08] [I] Average on 10 runs - GPU latency: 0.0957397 ms - Host latency: 0.0957397 ms (enqueue 0.0807617 ms)
[03/03/2026-11:04:08] [I] Average on 10 runs - GPU latency: 0.0955933 ms - Host latency: 0.0955933 ms (enqueue 0.0823853 ms)
[03/03/2026-11:04:08] [I] Average on 10 runs - GPU latency: 0.0967163 ms - Host latency: 0.0967163 ms (enqueue 0.0792236 ms)
[03/03/2026-11:04:08] [I] Average on 10 runs - GPU latency: 0.0962036 ms - Host latency: 0.0962036 ms (enqueue 0.0786255 ms)
[03/03/2026-11:04:08] [I] Average on 10 runs - GPU latency: 0.0955811 ms - Host latency: 0.0955811 ms (enqueue 0.082373 ms)
[03/03/2026-11:04:08] [I] Average on 10 runs - GPU latency: 0.096936 ms - Host latency: 0.096936 ms (enqueue 0.0841431 ms)
[03/03/2026-11:04:08] [I] Average on 10 runs - GPU latency: 0.0962769 ms - Host latency: 0.0962769 ms (enqueue 0.0799561 ms)
[03/03/2026-11:04:08] [I] Average on 10 runs - GPU latency: 0.0956787 ms - Host latency: 0.0956787 ms (enqueue 0.0796753 ms)
[03/03/2026-11:04:08] [I] Average on 10 runs - GPU latency: 0.0961182 ms - Host latency: 0.0961182 ms (enqueue 0.0797974 ms)
[03/03/2026-11:04:08] [I] Average on 10 runs - GPU latency: 0.0961548 ms - Host latency: 0.0961548 ms (enqueue 0.0842407 ms)
[03/03/2026-11:04:08] [I] Average on 10 runs - GPU latency: 0.0967651 ms - Host latency: 0.0967651 ms (enqueue 0.0797607 ms)
[03/03/2026-11:04:08] [I] Average on 10 runs - GPU latency: 0.0958008 ms - Host latency: 0.0958008 ms (enqueue 0.0807739 ms)
[03/03/2026-11:04:08] [I] Average on 10 runs - GPU latency: 0.0963135 ms - Host latency: 0.0963135 ms (enqueue 0.0800293 ms)
[03/03/2026-11:04:08] [I] Average on 10 runs - GPU latency: 0.0963623 ms - Host latency: 0.0963623 ms (enqueue 0.0828247 ms)
[03/03/2026-11:04:08] [I] Average on 10 runs - GPU latency: 0.0964966 ms - Host latency: 0.0964966 ms (enqueue 0.0790527 ms)
[03/03/2026-11:04:08] [I] Average on 10 runs - GPU latency: 0.0962646 ms - Host latency: 0.0962646 ms (enqueue 0.0818359 ms)
[03/03/2026-11:04:08] [I] Average on 10 runs - GPU latency: 0.0958618 ms - Host latency: 0.0958618 ms (enqueue 0.0802368 ms)
[03/03/2026-11:04:08] [I] Average on 10 runs - GPU latency: 0.0960938 ms - Host latency: 0.0960938 ms (enqueue 0.0829346 ms)
[03/03/2026-11:04:08] [I] Average on 10 runs - GPU latency: 0.0960083 ms - Host latency: 0.0960083 ms (enqueue 0.0798706 ms)
[03/03/2026-11:04:08] [I] Average on 10 runs - GPU latency: 0.0959595 ms - Host latency: 0.0959595 ms (enqueue 0.0794189 ms)
[03/03/2026-11:04:08] [I] Average on 10 runs - GPU latency: 0.0962524 ms - Host latency: 0.0962524 ms (enqueue 0.0803345 ms)
[03/03/2026-11:04:08] [I] Average on 10 runs - GPU latency: 0.0956665 ms - Host latency: 0.0956665 ms (enqueue 0.0846069 ms)
[03/03/2026-11:04:08] [I] Average on 10 runs - GPU latency: 0.0959717 ms - Host latency: 0.0959717 ms (enqueue 0.0802368 ms)
[03/03/2026-11:04:08] [I] Average on 10 runs - GPU latency: 0.0955689 ms - Host latency: 0.0955689 ms (enqueue 0.0796631 ms)
[03/03/2026-11:04:08] [I] Average on 10 runs - GPU latency: 0.0969238 ms - Host latency: 0.0969238 ms (enqueue 0.079834 ms)
[03/03/2026-11:04:08] [I] Average on 10 runs - GPU latency: 0.0957397 ms - Host latency: 0.0957397 ms (enqueue 0.0823853 ms)
[03/03/2026-11:04:08] [I] Average on 10 runs - GPU latency: 0.0955689 ms - Host latency: 0.0955689 ms (enqueue 0.0795288 ms)
[03/03/2026-11:04:08] [I] Average on 10 runs - GPU latency: 0.0954956 ms - Host latency: 0.0954956 ms (enqueue 0.0821289 ms)
[03/03/2026-11:04:08] [I] Average on 10 runs - GPU latency: 0.0963501 ms - Host latency: 0.0963501 ms (enqueue 0.0793579 ms)
[03/03/2026-11:04:08] [I] Average on 10 runs - GPU latency: 0.0960571 ms - Host latency: 0.0960571 ms (enqueue 0.0832886 ms)
[03/03/2026-11:04:08] [I] Average on 10 runs - GPU latency: 0.0956543 ms - Host latency: 0.0956543 ms (enqueue 0.0794922 ms)
[03/03/2026-11:04:08] [I] Average on 10 runs - GPU latency: 0.0967163 ms - Host latency: 0.0967163 ms (enqueue 0.0798218 ms)
[03/03/2026-11:04:08] [I] Average on 10 runs - GPU latency: 0.0959839 ms - Host latency: 0.0959839 ms (enqueue 0.0825317 ms)
[03/03/2026-11:04:08] [I] Average on 10 runs - GPU latency: 0.0968018 ms - Host latency: 0.0968018 ms (enqueue 0.0811157 ms)
[03/03/2026-11:04:08] [I] Average on 10 runs - GPU latency: 0.0964233 ms - Host latency: 0.0964233 ms (enqueue 0.08125 ms)
[03/03/2026-11:04:08] [I] Average on 10 runs - GPU latency: 0.0965942 ms - Host latency: 0.0965942 ms (enqueue 0.0791504 ms)
[03/03/2026-11:04:08] [I] Average on 10 runs - GPU latency: 0.0960083 ms - Host latency: 0.0960083 ms (enqueue 0.0814819 ms)
[03/03/2026-11:04:08] [I] Average on 10 runs - GPU latency: 0.0958862 ms - Host latency: 0.0958862 ms (enqueue 0.084082 ms)
[03/03/2026-11:04:08] [I] Average on 10 runs - GPU latency: 0.0970337 ms - Host latency: 0.0970337 ms (enqueue 0.07948 ms)
[03/03/2026-11:04:08] [I] Average on 10 runs - GPU latency: 0.096167 ms - Host latency: 0.096167 ms (enqueue 0.0791626 ms)
[03/03/2026-11:04:08] [I] Average on 10 runs - GPU latency: 0.0964722 ms - Host latency: 0.0964722 ms (enqueue 0.0804932 ms)
[03/03/2026-11:04:08] [I] Average on 10 runs - GPU latency: 0.0961914 ms - Host latency: 0.0961914 ms (enqueue 0.0841919 ms)
[03/03/2026-11:04:08] [I] Average on 10 runs - GPU latency: 0.0956543 ms - Host latency: 0.0956543 ms (enqueue 0.0800293 ms)
[03/03/2026-11:04:08] [I] Average on 10 runs - GPU latency: 0.0966797 ms - Host latency: 0.0966797 ms (enqueue 0.0799194 ms)
[03/03/2026-11:04:08] [I] Average on 10 runs - GPU latency: 0.0956787 ms - Host latency: 0.0956787 ms (enqueue 0.0793457 ms)
[03/03/2026-11:04:08] [I] Average on 10 runs - GPU latency: 0.0954834 ms - Host latency: 0.0954834 ms (enqueue 0.0836914 ms)
[03/03/2026-11:04:08] [I] Average on 10 runs - GPU latency: 0.0961548 ms - Host latency: 0.0961548 ms (enqueue 0.0799072 ms)
[03/03/2026-11:04:08] [I] Average on 10 runs - GPU latency: 0.0960205 ms - Host latency: 0.0960205 ms (enqueue 0.07948 ms)
[03/03/2026-11:04:08] [I] Average on 10 runs - GPU latency: 0.0961182 ms - Host latency: 0.0961182 ms (enqueue 0.0799316 ms)
[03/03/2026-11:04:08] [I] Average on 10 runs - GPU latency: 0.095227 ms - Host latency: 0.095227 ms (enqueue 0.0810669 ms)
[03/03/2026-11:04:08] [I] Average on 10 runs - GPU latency: 0.0965454 ms - Host latency: 0.0965454 ms (enqueue 0.0812134 ms)
[03/03/2026-11:04:08] [I] Average on 10 runs - GPU latency: 0.0954224 ms - Host latency: 0.0954224 ms (enqueue 0.0787109 ms)
[03/03/2026-11:04:08] [I] Average on 10 runs - GPU latency: 0.0963501 ms - Host latency: 0.0963501 ms (enqueue 0.0811035 ms)
[03/03/2026-11:04:08] [I] Average on 10 runs - GPU latency: 0.0958618 ms - Host latency: 0.0958618 ms (enqueue 0.0797485 ms)
[03/03/2026-11:04:08] [I] Average on 10 runs - GPU latency: 0.0964111 ms - Host latency: 0.0964111 ms (enqueue 0.0819458 ms)
[03/03/2026-11:04:08] [I] Average on 10 runs - GPU latency: 0.0961792 ms - Host latency: 0.0961792 ms (enqueue 0.0802246 ms)
[03/03/2026-11:04:08] [I] Average on 10 runs - GPU latency: 0.0959106 ms - Host latency: 0.0959106 ms (enqueue 0.082251 ms)
[03/03/2026-11:04:08] [I] Average on 10 runs - GPU latency: 0.095752 ms - Host latency: 0.095752 ms (enqueue 0.0797119 ms)
[03/03/2026-11:04:08] [I] Average on 10 runs - GPU latency: 0.0957642 ms - Host latency: 0.0957642 ms (enqueue 0.0812378 ms)
[03/03/2026-11:04:08] [I] Average on 10 runs - GPU latency: 0.0959839 ms - Host latency: 0.0959839 ms (enqueue 0.0801147 ms)
[03/03/2026-11:04:08] [I] Average on 10 runs - GPU latency: 0.0965088 ms - Host latency: 0.0965088 ms (enqueue 0.0812866 ms)
[03/03/2026-11:04:08] [I] Average on 10 runs - GPU latency: 0.0965698 ms - Host latency: 0.0965698 ms (enqueue 0.0803955 ms)
[03/03/2026-11:04:08] [I] Average on 10 runs - GPU latency: 0.0958618 ms - Host latency: 0.0958618 ms (enqueue 0.0847534 ms)
[03/03/2026-11:04:08] [I] Average on 10 runs - GPU latency: 0.0957886 ms - Host latency: 0.0957886 ms (enqueue 0.0798096 ms)
[03/03/2026-11:04:08] [I] Average on 10 runs - GPU latency: 0.0960083 ms - Host latency: 0.0960083 ms (enqueue 0.0795288 ms)
[03/03/2026-11:04:08] [I] Average on 10 runs - GPU latency: 0.096167 ms - Host latency: 0.096167 ms (enqueue 0.0794189 ms)
[03/03/2026-11:04:08] [I] Average on 10 runs - GPU latency: 0.0962769 ms - Host latency: 0.0962769 ms (enqueue 0.0828857 ms)
[03/03/2026-11:04:08] [I] Average on 10 runs - GPU latency: 0.0964355 ms - Host latency: 0.0964355 ms (enqueue 0.0805664 ms)
[03/03/2026-11:04:08] [I] Average on 10 runs - GPU latency: 0.0957031 ms - Host latency: 0.0957031 ms (enqueue 0.0814331 ms)
[03/03/2026-11:04:08] [I] Average on 10 runs - GPU latency: 0.0968872 ms - Host latency: 0.0968872 ms (enqueue 0.0803955 ms)
[03/03/2026-11:04:08] [I] Average on 10 runs - GPU latency: 0.0963013 ms - Host latency: 0.0963013 ms (enqueue 0.0832031 ms)
[03/03/2026-11:04:08] [I] Average on 10 runs - GPU latency: 0.0957886 ms - Host latency: 0.0957886 ms (enqueue 0.0794922 ms)
[03/03/2026-11:04:08] [I] Average on 10 runs - GPU latency: 0.0960693 ms - Host latency: 0.0960693 ms (enqueue 0.0810181 ms)
[03/03/2026-11:04:08] [I] Average on 10 runs - GPU latency: 0.0964722 ms - Host latency: 0.0964722 ms (enqueue 0.0819458 ms)
[03/03/2026-11:04:08] [I] Average on 10 runs - GPU latency: 0.0965576 ms - Host latency: 0.0965576 ms (enqueue 0.0814697 ms)
[03/03/2026-11:04:08] [I] Average on 10 runs - GPU latency: 0.0953491 ms - Host latency: 0.0953491 ms (enqueue 0.0802368 ms)
[03/03/2026-11:04:08] [I] Average on 10 runs - GPU latency: 0.0964111 ms - Host latency: 0.0964111 ms (enqueue 0.0806274 ms)
[03/03/2026-11:04:08] [I] Average on 10 runs - GPU latency: 0.096582 ms - Host latency: 0.096582 ms (enqueue 0.0796875 ms)
[03/03/2026-11:04:08] [I] Average on 10 runs - GPU latency: 0.0957153 ms - Host latency: 0.0957153 ms (enqueue 0.0829468 ms)
[03/03/2026-11:04:08] [I] Average on 10 runs - GPU latency: 0.0964966 ms - Host latency: 0.0964966 ms (enqueue 0.0805298 ms)
[03/03/2026-11:04:08] [I] Average on 10 runs - GPU latency: 0.095752 ms - Host latency: 0.095752 ms (enqueue 0.079602 ms)
[03/03/2026-11:04:08] [I] Average on 10 runs - GPU latency: 0.0961426 ms - Host latency: 0.0961426 ms (enqueue 0.0799561 ms)
[03/03/2026-11:04:08] [I] Average on 10 runs - GPU latency: 0.0966797 ms - Host latency: 0.0966797 ms (enqueue 0.0799561 ms)
[03/03/2026-11:04:08] [I] Average on 10 runs - GPU latency: 0.0953491 ms - Host latency: 0.0953491 ms (enqueue 0.0795288 ms)
[03/03/2026-11:04:08] [I] Average on 10 runs - GPU latency: 0.0958862 ms - Host latency: 0.0958862 ms (enqueue 0.0827881 ms)
[03/03/2026-11:04:08] [I] Average on 10 runs - GPU latency: 0.0963379 ms - Host latency: 0.0963379 ms (enqueue 0.0792969 ms)
[03/03/2026-11:04:08] [I] Average on 10 runs - GPU latency: 0.0959106 ms - Host latency: 0.0959106 ms (enqueue 0.0820435 ms)
[03/03/2026-11:04:08] [I] Average on 10 runs - GPU latency: 0.0963135 ms - Host latency: 0.0963135 ms (enqueue 0.0800537 ms)
[03/03/2026-11:04:08] [I] Average on 10 runs - GPU latency: 0.0966553 ms - Host latency: 0.0966553 ms (enqueue 0.0818726 ms)
[03/03/2026-11:04:08] [I] Average on 10 runs - GPU latency: 0.0960083 ms - Host latency: 0.0960083 ms (enqueue 0.0800537 ms)
[03/03/2026-11:04:08] [I] Average on 10 runs - GPU latency: 0.0960938 ms - Host latency: 0.0960938 ms (enqueue 0.0855957 ms)
[03/03/2026-11:04:08] [I] Average on 10 runs - GPU latency: 0.0957153 ms - Host latency: 0.0957153 ms (enqueue 0.0797607 ms)
[03/03/2026-11:04:08] [I] Average on 10 runs - GPU latency: 0.0963623 ms - Host latency: 0.0963623 ms (enqueue 0.0789551 ms)
[03/03/2026-11:04:08] [I] Average on 10 runs - GPU latency: 0.0966553 ms - Host latency: 0.0966553 ms (enqueue 0.0792236 ms)
[03/03/2026-11:04:08] [I] Average on 10 runs - GPU latency: 0.0956543 ms - Host latency: 0.0956543 ms (enqueue 0.084729 ms)
[03/03/2026-11:04:08] [I] Average on 10 runs - GPU latency: 0.0965088 ms - Host latency: 0.0965088 ms (enqueue 0.0802612 ms)
[03/03/2026-11:04:08] [I] Average on 10 runs - GPU latency: 0.0961548 ms - Host latency: 0.0961548 ms (enqueue 0.0805298 ms)
[03/03/2026-11:04:08] [I] Average on 10 runs - GPU latency: 0.0956299 ms - Host latency: 0.0956299 ms (enqueue 0.0795898 ms)
[03/03/2026-11:04:08] [I] Average on 10 runs - GPU latency: 0.0963135 ms - Host latency: 0.0963135 ms (enqueue 0.0811646 ms)
[03/03/2026-11:04:08] [I] Average on 10 runs - GPU latency: 0.0968262 ms - Host latency: 0.0968262 ms (enqueue 0.0826294 ms)
[03/03/2026-11:04:08] [I] Average on 10 runs - GPU latency: 0.0959473 ms - Host latency: 0.0959473 ms (enqueue 0.0795776 ms)
[03/03/2026-11:04:08] [I] Average on 10 runs - GPU latency: 0.0961426 ms - Host latency: 0.0961426 ms (enqueue 0.0797974 ms)
[03/03/2026-11:04:08] [I] Average on 10 runs - GPU latency: 0.0959229 ms - Host latency: 0.0959229 ms (enqueue 0.0815308 ms)
[03/03/2026-11:04:08] [I] Average on 10 runs - GPU latency: 0.095752 ms - Host latency: 0.095752 ms (enqueue 0.0813721 ms)
[03/03/2026-11:04:08] [I] Average on 10 runs - GPU latency: 0.0965698 ms - Host latency: 0.0965698 ms (enqueue 0.0799805 ms)
[03/03/2026-11:04:08] [I] Average on 10 runs - GPU latency: 0.0957886 ms - Host latency: 0.0957886 ms (enqueue 0.0803467 ms)
[03/03/2026-11:04:08] [I] Average on 10 runs - GPU latency: 0.0953125 ms - Host latency: 0.0953125 ms (enqueue 0.0821777 ms)
[03/03/2026-11:04:08] [I] Average on 10 runs - GPU latency: 0.0958618 ms - Host latency: 0.0958618 ms (enqueue 0.0825806 ms)
[03/03/2026-11:04:08] [I] Average on 10 runs - GPU latency: 0.0962646 ms - Host latency: 0.0962646 ms (enqueue 0.0800659 ms)
[03/03/2026-11:04:08] [I] Average on 10 runs - GPU latency: 0.0956909 ms - Host latency: 0.0956909 ms (enqueue 0.0793091 ms)
[03/03/2026-11:04:08] [I] Average on 10 runs - GPU latency: 0.0964722 ms - Host latency: 0.0964722 ms (enqueue 0.0817139 ms)
[03/03/2026-11:04:08] [I] Average on 10 runs - GPU latency: 0.0967896 ms - Host latency: 0.0967896 ms (enqueue 0.0830933 ms)
[03/03/2026-11:04:08] [I] Average on 10 runs - GPU latency: 0.0953857 ms - Host latency: 0.0953857 ms (enqueue 0.0799316 ms)
[03/03/2026-11:04:08] [I] Average on 10 runs - GPU latency: 0.0953857 ms - Host latency: 0.0953857 ms (enqueue 0.0803101 ms)
[03/03/2026-11:04:08] [I] Average on 10 runs - GPU latency: 0.0958496 ms - Host latency: 0.0958496 ms (enqueue 0.0788208 ms)
[03/03/2026-11:04:08] [I] Average on 10 runs - GPU latency: 0.0959229 ms - Host latency: 0.0959229 ms (enqueue 0.08396 ms)
[03/03/2026-11:04:08] [I] Average on 10 runs - GPU latency: 0.0956421 ms - Host latency: 0.0956421 ms (enqueue 0.0796997 ms)
[03/03/2026-11:04:08] [I] Average on 10 runs - GPU latency: 0.0966675 ms - Host latency: 0.0966675 ms (enqueue 0.0794556 ms)
[03/03/2026-11:04:08] [I] Average on 10 runs - GPU latency: 0.0967529 ms - Host latency: 0.0967529 ms (enqueue 0.0794678 ms)
[03/03/2026-11:04:08] [I] Average on 10 runs - GPU latency: 0.0963989 ms - Host latency: 0.0963989 ms (enqueue 0.0842529 ms)
[03/03/2026-11:04:08] [I] Average on 10 runs - GPU latency: 0.0955689 ms - Host latency: 0.0955689 ms (enqueue 0.0807739 ms)
[03/03/2026-11:04:08] [I] Average on 10 runs - GPU latency: 0.0958496 ms - Host latency: 0.0958496 ms (enqueue 0.0801025 ms)
[03/03/2026-11:04:08] [I] Average on 10 runs - GPU latency: 0.0966553 ms - Host latency: 0.0966553 ms (enqueue 0.0798706 ms)
[03/03/2026-11:04:08] [I] Average on 10 runs - GPU latency: 0.0959106 ms - Host latency: 0.0959106 ms (enqueue 0.0831299 ms)
[03/03/2026-11:04:08] [I] Average on 10 runs - GPU latency: 0.0960449 ms - Host latency: 0.0960449 ms (enqueue 0.0802368 ms)
[03/03/2026-11:04:08] [I] Average on 10 runs - GPU latency: 0.0965088 ms - Host latency: 0.0965088 ms (enqueue 0.0807617 ms)
[03/03/2026-11:04:08] [I] Average on 10 runs - GPU latency: 0.0963745 ms - Host latency: 0.0963745 ms (enqueue 0.0829224 ms)
[03/03/2026-11:04:08] [I] Average on 10 runs - GPU latency: 0.0956055 ms - Host latency: 0.0956055 ms (enqueue 0.0825684 ms)
[03/03/2026-11:04:08] [I] Average on 10 runs - GPU latency: 0.0956421 ms - Host latency: 0.0956421 ms (enqueue 0.0793945 ms)
[03/03/2026-11:04:08] [I] Average on 10 runs - GPU latency: 0.0956299 ms - Host latency: 0.0956299 ms (enqueue 0.0800659 ms)
[03/03/2026-11:04:08] [I] Average on 10 runs - GPU latency: 0.0958618 ms - Host latency: 0.0958618 ms (enqueue 0.0796997 ms)
[03/03/2026-11:04:08] [I] Average on 10 runs - GPU latency: 0.096167 ms - Host latency: 0.096167 ms (enqueue 0.0831665 ms)
[03/03/2026-11:04:08] [I] Average on 10 runs - GPU latency: 0.0960693 ms - Host latency: 0.0960693 ms (enqueue 0.0795532 ms)
[03/03/2026-11:04:08] [I] Average on 10 runs - GPU latency: 0.0966431 ms - Host latency: 0.0966431 ms (enqueue 0.081543 ms)
[03/03/2026-11:04:08] [I] Average on 10 runs - GPU latency: 0.0963013 ms - Host latency: 0.0963013 ms (enqueue 0.080542 ms)
[03/03/2026-11:04:08] [I] Average on 10 runs - GPU latency: 0.0965454 ms - Host latency: 0.0965454 ms (enqueue 0.0834473 ms)
[03/03/2026-11:04:08] [I] Average on 10 runs - GPU latency: 0.0964478 ms - Host latency: 0.0964478 ms (enqueue 0.0806885 ms)
[03/03/2026-11:04:08] [I] Average on 10 runs - GPU latency: 0.0959106 ms - Host latency: 0.0959106 ms (enqueue 0.0795776 ms)
[03/03/2026-11:04:08] [I] Average on 10 runs - GPU latency: 0.0963989 ms - Host latency: 0.0963989 ms (enqueue 0.0804932 ms)
[03/03/2026-11:04:08] [I] Average on 10 runs - GPU latency: 0.0963867 ms - Host latency: 0.0963867 ms (enqueue 0.0840576 ms)
[03/03/2026-11:04:08] [I] Average on 10 runs - GPU latency: 0.0961914 ms - Host latency: 0.0961914 ms (enqueue 0.0806152 ms)
[03/03/2026-11:04:08] [I] Average on 10 runs - GPU latency: 0.0958374 ms - Host latency: 0.0958374 ms (enqueue 0.0802979 ms)
[03/03/2026-11:04:08] [I] Average on 10 runs - GPU latency: 0.09552 ms - Host latency: 0.09552 ms (enqueue 0.079602 ms)
[03/03/2026-11:04:08] [I] Average on 10 runs - GPU latency: 0.0956665 ms - Host latency: 0.0956665 ms (enqueue 0.0815186 ms)
[03/03/2026-11:04:08] [I] Average on 10 runs - GPU latency: 0.0964478 ms - Host latency: 0.0964478 ms (enqueue 0.0802246 ms)
[03/03/2026-11:04:08] [I] Average on 10 runs - GPU latency: 0.0958252 ms - Host latency: 0.0958252 ms (enqueue 0.0817627 ms)
[03/03/2026-11:04:08] [I] Average on 10 runs - GPU latency: 0.0963867 ms - Host latency: 0.0963867 ms (enqueue 0.0803101 ms)
[03/03/2026-11:04:08] [I] Average on 10 runs - GPU latency: 0.0964966 ms - Host latency: 0.0964966 ms (enqueue 0.0841064 ms)
[03/03/2026-11:04:08] [I] Average on 10 runs - GPU latency: 0.0966309 ms - Host latency: 0.0966309 ms (enqueue 0.08125 ms)
[03/03/2026-11:04:08] [I] Average on 10 runs - GPU latency: 0.0960693 ms - Host latency: 0.0960693 ms (enqueue 0.0796875 ms)
[03/03/2026-11:04:08] [I] Average on 10 runs - GPU latency: 0.0958374 ms - Host latency: 0.0958374 ms (enqueue 0.0797485 ms)
[03/03/2026-11:04:08] [I] Average on 10 runs - GPU latency: 0.0967773 ms - Host latency: 0.0967773 ms (enqueue 0.0794189 ms)
[03/03/2026-11:04:08] [I] Average on 10 runs - GPU latency: 0.0959961 ms - Host latency: 0.0959961 ms (enqueue 0.0825806 ms)
[03/03/2026-11:04:08] [I] Average on 10 runs - GPU latency: 0.0964111 ms - Host latency: 0.0964111 ms (enqueue 0.0793579 ms)
[03/03/2026-11:04:08] [I] Average on 10 runs - GPU latency: 0.0960205 ms - Host latency: 0.0960205 ms (enqueue 0.0824097 ms)
[03/03/2026-11:04:08] [I] Average on 10 runs - GPU latency: 0.0956177 ms - Host latency: 0.0956177 ms (enqueue 0.0805908 ms)
[03/03/2026-11:04:08] [I] Average on 10 runs - GPU latency: 0.0967529 ms - Host latency: 0.0967529 ms (enqueue 0.081958 ms)
[03/03/2026-11:04:08] [I] Average on 10 runs - GPU latency: 0.0969849 ms - Host latency: 0.0969849 ms (enqueue 0.0796753 ms)
[03/03/2026-11:04:08] [I] Average on 10 runs - GPU latency: 0.0955322 ms - Host latency: 0.0955322 ms (enqueue 0.0796753 ms)
[03/03/2026-11:04:08] [I] Average on 10 runs - GPU latency: 0.0960815 ms - Host latency: 0.0960815 ms (enqueue 0.0816162 ms)
[03/03/2026-11:04:08] [I] Average on 10 runs - GPU latency: 0.0963623 ms - Host latency: 0.0963623 ms (enqueue 0.0831177 ms)
[03/03/2026-11:04:08] [I] Average on 10 runs - GPU latency: 0.0960327 ms - Host latency: 0.0960327 ms (enqueue 0.079834 ms)
[03/03/2026-11:04:08] [I] Average on 10 runs - GPU latency: 0.0961548 ms - Host latency: 0.0961548 ms (enqueue 0.0816772 ms)
[03/03/2026-11:04:08] [I] Average on 10 runs - GPU latency: 0.0957886 ms - Host latency: 0.0957886 ms (enqueue 0.0806152 ms)
[03/03/2026-11:04:08] [I] Average on 10 runs - GPU latency: 0.0954956 ms - Host latency: 0.0954956 ms (enqueue 0.0822998 ms)
[03/03/2026-11:04:08] [I] Average on 10 runs - GPU latency: 0.0958374 ms - Host latency: 0.0958374 ms (enqueue 0.0796997 ms)
[03/03/2026-11:04:08] [I] Average on 10 runs - GPU latency: 0.0965088 ms - Host latency: 0.0965088 ms (enqueue 0.0796509 ms)
[03/03/2026-11:04:08] [I] Average on 10 runs - GPU latency: 0.096228 ms - Host latency: 0.096228 ms (enqueue 0.0804077 ms)
[03/03/2026-11:04:08] [I] Average on 10 runs - GPU latency: 0.0958252 ms - Host latency: 0.0958252 ms (enqueue 0.0838501 ms)
[03/03/2026-11:04:08] [I] Average on 10 runs - GPU latency: 0.0953979 ms - Host latency: 0.0953979 ms (enqueue 0.0804443 ms)
[03/03/2026-11:04:08] [I] Average on 10 runs - GPU latency: 0.0966797 ms - Host latency: 0.0966797 ms (enqueue 0.081311 ms)
[03/03/2026-11:04:08] [I] Average on 10 runs - GPU latency: 0.0961548 ms - Host latency: 0.0961548 ms (enqueue 0.0803833 ms)
[03/03/2026-11:04:08] [I] Average on 10 runs - GPU latency: 0.095874 ms - Host latency: 0.095874 ms (enqueue 0.0814209 ms)
[03/03/2026-11:04:08] [I] Average on 10 runs - GPU latency: 0.095813 ms - Host latency: 0.095813 ms (enqueue 0.0797241 ms)
[03/03/2026-11:04:08] [I] Average on 10 runs - GPU latency: 0.0957275 ms - Host latency: 0.0957275 ms (enqueue 0.0805298 ms)
[03/03/2026-11:04:08] [I] Average on 10 runs - GPU latency: 0.0960571 ms - Host latency: 0.0960571 ms (enqueue 0.0789429 ms)
[03/03/2026-11:04:08] [I] Average on 10 runs - GPU latency: 0.0954956 ms - Host latency: 0.0954956 ms (enqueue 0.083252 ms)
[03/03/2026-11:04:08] [I] Average on 10 runs - GPU latency: 0.0963135 ms - Host latency: 0.0963135 ms (enqueue 0.0799683 ms)
[03/03/2026-11:04:08] [I] Average on 10 runs - GPU latency: 0.0964355 ms - Host latency: 0.0964355 ms (enqueue 0.079834 ms)
[03/03/2026-11:04:08] [I] Average on 10 runs - GPU latency: 0.0962402 ms - Host latency: 0.0962402 ms (enqueue 0.0828613 ms)
[03/03/2026-11:04:08] [I] Average on 10 runs - GPU latency: 0.0962524 ms - Host latency: 0.0962524 ms (enqueue 0.0824829 ms)
[03/03/2026-11:04:08] [I] Average on 10 runs - GPU latency: 0.0962036 ms - Host latency: 0.0962036 ms (enqueue 0.0800903 ms)
[03/03/2026-11:04:08] [I] Average on 10 runs - GPU latency: 0.0957886 ms - Host latency: 0.0957886 ms (enqueue 0.0793457 ms)
[03/03/2026-11:04:08] [I] Average on 10 runs - GPU latency: 0.0962036 ms - Host latency: 0.0962036 ms (enqueue 0.0800903 ms)
[03/03/2026-11:04:08] [I] Average on 10 runs - GPU latency: 0.0960083 ms - Host latency: 0.0960083 ms (enqueue 0.0842163 ms)
[03/03/2026-11:04:08] [I] Average on 10 runs - GPU latency: 0.095874 ms - Host latency: 0.095874 ms (enqueue 0.080481 ms)
[03/03/2026-11:04:08] [I] Average on 10 runs - GPU latency: 0.0968262 ms - Host latency: 0.0968262 ms (enqueue 0.0844238 ms)
[03/03/2026-11:04:08] [I] Average on 10 runs - GPU latency: 0.0964355 ms - Host latency: 0.0964355 ms (enqueue 0.079187 ms)
[03/03/2026-11:04:08] [I] Average on 10 runs - GPU latency: 0.0964355 ms - Host latency: 0.0964355 ms (enqueue 0.0832397 ms)
[03/03/2026-11:04:08] [I] Average on 10 runs - GPU latency: 0.0957886 ms - Host latency: 0.0957886 ms (enqueue 0.0799316 ms)
[03/03/2026-11:04:08] [I] Average on 10 runs - GPU latency: 0.0963989 ms - Host latency: 0.0963989 ms (enqueue 0.0806152 ms)
[03/03/2026-11:04:08] [I] Average on 10 runs - GPU latency: 0.0957153 ms - Host latency: 0.0957153 ms (enqueue 0.0800293 ms)
[03/03/2026-11:04:08] [I] Average on 10 runs - GPU latency: 0.0957764 ms - Host latency: 0.0957764 ms (enqueue 0.0839478 ms)
[03/03/2026-11:04:08] [I] Average on 10 runs - GPU latency: 0.096106 ms - Host latency: 0.096106 ms (enqueue 0.0802002 ms)
[03/03/2026-11:04:08] [I] Average on 10 runs - GPU latency: 0.0960571 ms - Host latency: 0.0960571 ms (enqueue 0.0792236 ms)
[03/03/2026-11:04:08] [I] Average on 10 runs - GPU latency: 0.095874 ms - Host latency: 0.095874 ms (enqueue 0.0797974 ms)
[03/03/2026-11:04:08] [I] Average on 10 runs - GPU latency: 0.0967285 ms - Host latency: 0.0967285 ms (enqueue 0.0828735 ms)
[03/03/2026-11:04:08] [I] Average on 10 runs - GPU latency: 0.0963257 ms - Host latency: 0.0963257 ms (enqueue 0.079602 ms)
[03/03/2026-11:04:08] [I] Average on 10 runs - GPU latency: 0.0960327 ms - Host latency: 0.0960327 ms (enqueue 0.0797607 ms)
[03/03/2026-11:04:08] [I] Average on 10 runs - GPU latency: 0.0963379 ms - Host latency: 0.0963379 ms (enqueue 0.0816528 ms)
[03/03/2026-11:04:08] [I] Average on 10 runs - GPU latency: 0.0955322 ms - Host latency: 0.0955322 ms (enqueue 0.0817627 ms)
[03/03/2026-11:04:08] [I] Average on 10 runs - GPU latency: 0.0963867 ms - Host latency: 0.0963867 ms (enqueue 0.0795044 ms)
[03/03/2026-11:04:08] [I] Average on 10 runs - GPU latency: 0.0960205 ms - Host latency: 0.0960205 ms (enqueue 0.0794434 ms)
[03/03/2026-11:04:08] [I] Average on 10 runs - GPU latency: 0.0960571 ms - Host latency: 0.0960571 ms (enqueue 0.0823486 ms)
[03/03/2026-11:04:08] [I] Average on 10 runs - GPU latency: 0.0958374 ms - Host latency: 0.0958374 ms (enqueue 0.0824585 ms)
[03/03/2026-11:04:08] [I] Average on 10 runs - GPU latency: 0.0956421 ms - Host latency: 0.0956421 ms (enqueue 0.0800049 ms)
[03/03/2026-11:04:08] [I] Average on 10 runs - GPU latency: 0.0961426 ms - Host latency: 0.0961426 ms (enqueue 0.0799683 ms)
[03/03/2026-11:04:08] [I] Average on 10 runs - GPU latency: 0.0957642 ms - Host latency: 0.0957642 ms (enqueue 0.0797852 ms)
[03/03/2026-11:04:08] [I] Average on 10 runs - GPU latency: 0.0967163 ms - Host latency: 0.0967163 ms (enqueue 0.0827393 ms)
[03/03/2026-11:04:08] [I] Average on 10 runs - GPU latency: 0.0957153 ms - Host latency: 0.0957153 ms (enqueue 0.0801147 ms)
[03/03/2026-11:04:08] [I] Average on 10 runs - GPU latency: 0.0961304 ms - Host latency: 0.0961304 ms (enqueue 0.0797363 ms)
[03/03/2026-11:04:08] [I] Average on 10 runs - GPU latency: 0.0959351 ms - Host latency: 0.0959351 ms (enqueue 0.0800171 ms)
[03/03/2026-11:04:08] [I] Average on 10 runs - GPU latency: 0.0954712 ms - Host latency: 0.0954712 ms (enqueue 0.0828857 ms)
[03/03/2026-11:04:08] [I] Average on 10 runs - GPU latency: 0.0961548 ms - Host latency: 0.0961548 ms (enqueue 0.0795898 ms)
[03/03/2026-11:04:08] [I] Average on 10 runs - GPU latency: 0.0956299 ms - Host latency: 0.0956299 ms (enqueue 0.0797852 ms)
[03/03/2026-11:04:08] [I] Average on 10 runs - GPU latency: 0.0962646 ms - Host latency: 0.0962646 ms (enqueue 0.0821411 ms)
[03/03/2026-11:04:08] [I] Average on 10 runs - GPU latency: 0.0960327 ms - Host latency: 0.0960327 ms (enqueue 0.0829224 ms)
[03/03/2026-11:04:08] [I] Average on 10 runs - GPU latency: 0.0960449 ms - Host latency: 0.0960449 ms (enqueue 0.0799439 ms)
[03/03/2026-11:04:08] [I] Average on 10 runs - GPU latency: 0.0953613 ms - Host latency: 0.0953613 ms (enqueue 0.0797607 ms)
[03/03/2026-11:04:08] [I] Average on 10 runs - GPU latency: 0.0964844 ms - Host latency: 0.0964844 ms (enqueue 0.0818848 ms)
[03/03/2026-11:04:08] [I] Average on 10 runs - GPU latency: 0.0964844 ms - Host latency: 0.0964844 ms (enqueue 0.082605 ms)
[03/03/2026-11:04:08] [I] Average on 10 runs - GPU latency: 0.0964233 ms - Host latency: 0.0964233 ms (enqueue 0.0794067 ms)
[03/03/2026-11:04:08] [I] Average on 10 runs - GPU latency: 0.0955933 ms - Host latency: 0.0955933 ms (enqueue 0.0805908 ms)
[03/03/2026-11:04:08] [I] Average on 10 runs - GPU latency: 0.0964722 ms - Host latency: 0.0964722 ms (enqueue 0.0796997 ms)
[03/03/2026-11:04:08] [I] Average on 10 runs - GPU latency: 0.0963623 ms - Host latency: 0.0963623 ms (enqueue 0.0824585 ms)
[03/03/2026-11:04:08] [I] Average on 10 runs - GPU latency: 0.0957031 ms - Host latency: 0.0957031 ms (enqueue 0.0800171 ms)
[03/03/2026-11:04:08] [I] Average on 10 runs - GPU latency: 0.0962158 ms - Host latency: 0.0962158 ms (enqueue 0.0799439 ms)
[03/03/2026-11:04:08] [I] Average on 10 runs - GPU latency: 0.0960815 ms - Host latency: 0.0960815 ms (enqueue 0.0810791 ms)
[03/03/2026-11:04:08] [I] Average on 10 runs - GPU latency: 0.0964844 ms - Host latency: 0.0964844 ms (enqueue 0.0835937 ms)
[03/03/2026-11:04:08] [I] Average on 10 runs - GPU latency: 0.0957397 ms - Host latency: 0.0957397 ms (enqueue 0.0810059 ms)
[03/03/2026-11:04:08] [I] Average on 10 runs - GPU latency: 0.0967773 ms - Host latency: 0.0967773 ms (enqueue 0.0807007 ms)
[03/03/2026-11:04:08] [I] Average on 10 runs - GPU latency: 0.0959961 ms - Host latency: 0.0959961 ms (enqueue 0.0807129 ms)
[03/03/2026-11:04:08] [I] Average on 10 runs - GPU latency: 0.0959717 ms - Host latency: 0.0959717 ms (enqueue 0.0798096 ms)
[03/03/2026-11:04:08] [I] Average on 10 runs - GPU latency: 0.0961426 ms - Host latency: 0.0961426 ms (enqueue 0.0821411 ms)
[03/03/2026-11:04:08] [I] Average on 10 runs - GPU latency: 0.0955078 ms - Host latency: 0.0955078 ms (enqueue 0.0796143 ms)
[03/03/2026-11:04:08] [I] Average on 10 runs - GPU latency: 0.0956421 ms - Host latency: 0.0956421 ms (enqueue 0.0806396 ms)
[03/03/2026-11:04:08] [I] Average on 10 runs - GPU latency: 0.096167 ms - Host latency: 0.096167 ms (enqueue 0.0797852 ms)
[03/03/2026-11:04:08] [I] Average on 10 runs - GPU latency: 0.0959473 ms - Host latency: 0.0959473 ms (enqueue 0.0819946 ms)
[03/03/2026-11:04:08] [I] Average on 10 runs - GPU latency: 0.0956665 ms - Host latency: 0.0956665 ms (enqueue 0.0809937 ms)
[03/03/2026-11:04:08] [I] Average on 10 runs - GPU latency: 0.0967773 ms - Host latency: 0.0967773 ms (enqueue 0.0803345 ms)
[03/03/2026-11:04:08] [I] Average on 10 runs - GPU latency: 0.0959351 ms - Host latency: 0.0959351 ms (enqueue 0.0798462 ms)
[03/03/2026-11:04:08] [I] Average on 10 runs - GPU latency: 0.0959106 ms - Host latency: 0.0959106 ms (enqueue 0.0819458 ms)
[03/03/2026-11:04:08] [I] Average on 10 runs - GPU latency: 0.0960938 ms - Host latency: 0.0960938 ms (enqueue 0.0804932 ms)
[03/03/2026-11:04:08] [I] Average on 10 runs - GPU latency: 0.0954224 ms - Host latency: 0.0954224 ms (enqueue 0.0802246 ms)
[03/03/2026-11:04:08] [I] Average on 10 runs - GPU latency: 0.0967041 ms - Host latency: 0.0967041 ms (enqueue 0.0797729 ms)
[03/03/2026-11:04:08] [I] Average on 10 runs - GPU latency: 0.0960693 ms - Host latency: 0.0960693 ms (enqueue 0.0811646 ms)
[03/03/2026-11:04:08] [I] Average on 10 runs - GPU latency: 0.096167 ms - Host latency: 0.096167 ms (enqueue 0.0805298 ms)
[03/03/2026-11:04:08] [I] Average on 10 runs - GPU latency: 0.0959229 ms - Host latency: 0.0959229 ms (enqueue 0.0820435 ms)
[03/03/2026-11:04:08] [I] Average on 10 runs - GPU latency: 0.0966431 ms - Host latency: 0.0966431 ms (enqueue 0.0796631 ms)
[03/03/2026-11:04:08] [I] Average on 10 runs - GPU latency: 0.0960693 ms - Host latency: 0.0960693 ms (enqueue 0.0852905 ms)
[03/03/2026-11:04:08] [I] Average on 10 runs - GPU latency: 0.0963867 ms - Host latency: 0.0963867 ms (enqueue 0.0806519 ms)
[03/03/2026-11:04:08] [I] Average on 10 runs - GPU latency: 0.096167 ms - Host latency: 0.096167 ms (enqueue 0.0792603 ms)
[03/03/2026-11:04:08] [I] Average on 10 runs - GPU latency: 0.0961304 ms - Host latency: 0.0961304 ms (enqueue 0.081311 ms)
[03/03/2026-11:04:08] [I] Average on 10 runs - GPU latency: 0.0963623 ms - Host latency: 0.0963623 ms (enqueue 0.0834229 ms)
[03/03/2026-11:04:08] [I] Average on 10 runs - GPU latency: 0.0963867 ms - Host latency: 0.0963867 ms (enqueue 0.0793091 ms)
[03/03/2026-11:04:08] [I] Average on 10 runs - GPU latency: 0.0957886 ms - Host latency: 0.0957886 ms (enqueue 0.0795532 ms)
[03/03/2026-11:04:08] [I] Average on 10 runs - GPU latency: 0.0954834 ms - Host latency: 0.0954834 ms (enqueue 0.0795532 ms)
[03/03/2026-11:04:08] [I] Average on 10 runs - GPU latency: 0.0957275 ms - Host latency: 0.0957275 ms (enqueue 0.0832642 ms)
[03/03/2026-11:04:08] [I] Average on 10 runs - GPU latency: 0.0959961 ms - Host latency: 0.0959961 ms (enqueue 0.0788086 ms)
[03/03/2026-11:04:08] [I] Average on 10 runs - GPU latency: 0.095752 ms - Host latency: 0.095752 ms (enqueue 0.0827637 ms)
[03/03/2026-11:04:08] [I] Average on 10 runs - GPU latency: 0.0956543 ms - Host latency: 0.0956543 ms (enqueue 0.0795776 ms)
[03/03/2026-11:04:08] [I] Average on 10 runs - GPU latency: 0.0953857 ms - Host latency: 0.0953857 ms (enqueue 0.0828247 ms)
[03/03/2026-11:04:08] [I] Average on 10 runs - GPU latency: 0.0957397 ms - Host latency: 0.0957397 ms (enqueue 0.0804932 ms)
[03/03/2026-11:04:08] [I] Average on 10 runs - GPU latency: 0.0968994 ms - Host latency: 0.0968994 ms (enqueue 0.0803101 ms)
[03/03/2026-11:04:08] [I] Average on 10 runs - GPU latency: 0.0962524 ms - Host latency: 0.0962524 ms (enqueue 0.0796509 ms)
[03/03/2026-11:04:08] [I] Average on 10 runs - GPU latency: 0.0959717 ms - Host latency: 0.0959717 ms (enqueue 0.0809326 ms)
[03/03/2026-11:04:08] [I] Average on 10 runs - GPU latency: 0.096106 ms - Host latency: 0.096106 ms (enqueue 0.0789185 ms)
[03/03/2026-11:04:08] [I] Average on 10 runs - GPU latency: 0.0956909 ms - Host latency: 0.0956909 ms (enqueue 0.0814453 ms)
[03/03/2026-11:04:08] [I] Average on 10 runs - GPU latency: 0.0966797 ms - Host latency: 0.0966797 ms (enqueue 0.0800781 ms)
[03/03/2026-11:04:08] [I] Average on 10 runs - GPU latency: 0.0964111 ms - Host latency: 0.0964111 ms (enqueue 0.081897 ms)
[03/03/2026-11:04:08] [I] Average on 10 runs - GPU latency: 0.0957031 ms - Host latency: 0.0957031 ms (enqueue 0.0801025 ms)
[03/03/2026-11:04:08] [I] Average on 10 runs - GPU latency: 0.0965332 ms - Host latency: 0.0965332 ms (enqueue 0.0804199 ms)
[03/03/2026-11:04:08] [I] Average on 10 runs - GPU latency: 0.0958374 ms - Host latency: 0.0958374 ms (enqueue 0.0807861 ms)
[03/03/2026-11:04:08] [I] Average on 10 runs - GPU latency: 0.0959229 ms - Host latency: 0.0959229 ms (enqueue 0.0832886 ms)
[03/03/2026-11:04:08] [I] Average on 10 runs - GPU latency: 0.0969971 ms - Host latency: 0.0969971 ms (enqueue 0.0807129 ms)
[03/03/2026-11:04:08] [I] Average on 10 runs - GPU latency: 0.0953857 ms - Host latency: 0.0953857 ms (enqueue 0.08125 ms)
[03/03/2026-11:04:08] [I] Average on 10 runs - GPU latency: 0.0964478 ms - Host latency: 0.0964478 ms (enqueue 0.0799683 ms)
[03/03/2026-11:04:08] [I] Average on 10 runs - GPU latency: 0.0958008 ms - Host latency: 0.0958008 ms (enqueue 0.0813965 ms)
[03/03/2026-11:04:08] [I] Average on 10 runs - GPU latency: 0.0965942 ms - Host latency: 0.0965942 ms (enqueue 0.0809082 ms)
[03/03/2026-11:04:08] [I] Average on 10 runs - GPU latency: 0.0966797 ms - Host latency: 0.0966797 ms (enqueue 0.0814697 ms)
[03/03/2026-11:04:08] [I] Average on 10 runs - GPU latency: 0.0966553 ms - Host latency: 0.0966553 ms (enqueue 0.0803467 ms)
[03/03/2026-11:04:08] [I] Average on 10 runs - GPU latency: 0.0956543 ms - Host latency: 0.0956543 ms (enqueue 0.0827515 ms)
[03/03/2026-11:04:08] [I] Average on 10 runs - GPU latency: 0.0957031 ms - Host latency: 0.0957031 ms (enqueue 0.0817139 ms)
[03/03/2026-11:04:08] [I] Average on 10 runs - GPU latency: 0.0961182 ms - Host latency: 0.0961182 ms (enqueue 0.0801147 ms)
[03/03/2026-11:04:08] [I] Average on 10 runs - GPU latency: 0.0954956 ms - Host latency: 0.0954956 ms (enqueue 0.0808838 ms)
[03/03/2026-11:04:08] [I] Average on 10 runs - GPU latency: 0.0970215 ms - Host latency: 0.0970215 ms (enqueue 0.0803955 ms)
[03/03/2026-11:04:08] [I] Average on 10 runs - GPU latency: 0.097522 ms - Host latency: 0.097522 ms (enqueue 0.0822388 ms)
[03/03/2026-11:04:08] [I] Average on 10 runs - GPU latency: 0.0956665 ms - Host latency: 0.0956665 ms (enqueue 0.0799439 ms)
[03/03/2026-11:04:08] [I] Average on 10 runs - GPU latency: 0.0956421 ms - Host latency: 0.0956421 ms (enqueue 0.0796753 ms)
[03/03/2026-11:04:08] [I] Average on 10 runs - GPU latency: 0.095813 ms - Host latency: 0.095813 ms (enqueue 0.0801758 ms)
[03/03/2026-11:04:08] [I] Average on 10 runs - GPU latency: 0.09646 ms - Host latency: 0.09646 ms (enqueue 0.0806641 ms)
[03/03/2026-11:04:08] [I] Average on 10 runs - GPU latency: 0.0951294 ms - Host latency: 0.0951294 ms (enqueue 0.0806519 ms)
[03/03/2026-11:04:08] [I] Average on 10 runs - GPU latency: 0.0957031 ms - Host latency: 0.0957031 ms (enqueue 0.0809204 ms)
[03/03/2026-11:04:08] [I] Average on 10 runs - GPU latency: 0.0962646 ms - Host latency: 0.0962646 ms (enqueue 0.0807861 ms)
[03/03/2026-11:04:08] [I] Average on 10 runs - GPU latency: 0.0958618 ms - Host latency: 0.0958618 ms (enqueue 0.0822266 ms)
[03/03/2026-11:04:08] [I] Average on 10 runs - GPU latency: 0.0964844 ms - Host latency: 0.0964844 ms (enqueue 0.0814209 ms)
[03/03/2026-11:04:08] [I] Average on 10 runs - GPU latency: 0.0953735 ms - Host latency: 0.0953735 ms (enqueue 0.0796509 ms)
[03/03/2026-11:04:08] [I] Average on 10 runs - GPU latency: 0.0959473 ms - Host latency: 0.0959473 ms (enqueue 0.0807739 ms)
[03/03/2026-11:04:08] [I] Average on 10 runs - GPU latency: 0.0968384 ms - Host latency: 0.0968384 ms (enqueue 0.0829346 ms)
[03/03/2026-11:04:08] [I] Average on 10 runs - GPU latency: 0.0965332 ms - Host latency: 0.0965332 ms (enqueue 0.0798706 ms)
[03/03/2026-11:04:08] [I] Average on 10 runs - GPU latency: 0.096228 ms - Host latency: 0.096228 ms (enqueue 0.0797363 ms)
[03/03/2026-11:04:08] [I] Average on 10 runs - GPU latency: 0.0959839 ms - Host latency: 0.0959839 ms (enqueue 0.0799683 ms)
[03/03/2026-11:04:08] [I] Average on 10 runs - GPU latency: 0.0954956 ms - Host latency: 0.0954956 ms (enqueue 0.0822754 ms)
[03/03/2026-11:04:08] [I] Average on 10 runs - GPU latency: 0.0959839 ms - Host latency: 0.0959839 ms (enqueue 0.0811523 ms)
[03/03/2026-11:04:08] [I] Average on 10 runs - GPU latency: 0.096521 ms - Host latency: 0.096521 ms (enqueue 0.0799072 ms)
[03/03/2026-11:04:08] [I] Average on 10 runs - GPU latency: 0.0961304 ms - Host latency: 0.0961304 ms (enqueue 0.0816406 ms)
[03/03/2026-11:04:08] [I] Average on 10 runs - GPU latency: 0.0962524 ms - Host latency: 0.0962524 ms (enqueue 0.0826538 ms)
[03/03/2026-11:04:08] [I] Average on 10 runs - GPU latency: 0.0962158 ms - Host latency: 0.0962158 ms (enqueue 0.0812988 ms)
[03/03/2026-11:04:08] [I] Average on 10 runs - GPU latency: 0.0967407 ms - Host latency: 0.0967407 ms (enqueue 0.0798584 ms)
[03/03/2026-11:04:08] [I] Average on 10 runs - GPU latency: 0.0956543 ms - Host latency: 0.0956543 ms (enqueue 0.0804321 ms)
[03/03/2026-11:04:08] [I] Average on 10 runs - GPU latency: 0.0962402 ms - Host latency: 0.0962402 ms (enqueue 0.0820923 ms)
[03/03/2026-11:04:08] [I] Average on 10 runs - GPU latency: 0.0956787 ms - Host latency: 0.0956787 ms (enqueue 0.0805176 ms)
[03/03/2026-11:04:08] [I] Average on 10 runs - GPU latency: 0.0956177 ms - Host latency: 0.0956177 ms (enqueue 0.079834 ms)
[03/03/2026-11:04:08] [I] Average on 10 runs - GPU latency: 0.0962891 ms - Host latency: 0.0962891 ms (enqueue 0.079602 ms)
[03/03/2026-11:04:08] [I] Average on 10 runs - GPU latency: 0.096106 ms - Host latency: 0.096106 ms (enqueue 0.0856689 ms)
[03/03/2026-11:04:08] [I] Average on 10 runs - GPU latency: 0.0956787 ms - Host latency: 0.0956787 ms (enqueue 0.0799072 ms)
[03/03/2026-11:04:08] [I] Average on 10 runs - GPU latency: 0.0963867 ms - Host latency: 0.0963867 ms (enqueue 0.0802368 ms)
[03/03/2026-11:04:08] [I] Average on 10 runs - GPU latency: 0.095813 ms - Host latency: 0.095813 ms (enqueue 0.0803467 ms)
[03/03/2026-11:04:08] [I] Average on 10 runs - GPU latency: 0.0957764 ms - Host latency: 0.0957764 ms (enqueue 0.0819824 ms)
[03/03/2026-11:04:08] [I] Average on 10 runs - GPU latency: 0.0960083 ms - Host latency: 0.0960083 ms (enqueue 0.0797241 ms)
[03/03/2026-11:04:08] [I] Average on 10 runs - GPU latency: 0.0961548 ms - Host latency: 0.0961548 ms (enqueue 0.0795044 ms)
[03/03/2026-11:04:08] [I] Average on 10 runs - GPU latency: 0.0960693 ms - Host latency: 0.0960693 ms (enqueue 0.0811279 ms)
[03/03/2026-11:04:08] [I] Average on 10 runs - GPU latency: 0.0960205 ms - Host latency: 0.0960205 ms (enqueue 0.0820801 ms)
[03/03/2026-11:04:08] [I] Average on 10 runs - GPU latency: 0.0967651 ms - Host latency: 0.0967651 ms (enqueue 0.0803589 ms)
[03/03/2026-11:04:08] [I] Average on 10 runs - GPU latency: 0.0962524 ms - Host latency: 0.0962524 ms (enqueue 0.079541 ms)
[03/03/2026-11:04:08] [I] Average on 10 runs - GPU latency: 0.0962158 ms - Host latency: 0.0962158 ms (enqueue 0.0802246 ms)
[03/03/2026-11:04:08] [I] Average on 10 runs - GPU latency: 0.0956299 ms - Host latency: 0.0956299 ms (enqueue 0.0842529 ms)
[03/03/2026-11:04:08] [I] Average on 10 runs - GPU latency: 0.0956909 ms - Host latency: 0.0956909 ms (enqueue 0.0802856 ms)
[03/03/2026-11:04:08] [I] Average on 10 runs - GPU latency: 0.0959473 ms - Host latency: 0.0959473 ms (enqueue 0.0799683 ms)
[03/03/2026-11:04:08] [I] Average on 10 runs - GPU latency: 0.0967163 ms - Host latency: 0.0967163 ms (enqueue 0.0812622 ms)
[03/03/2026-11:04:08] [I] Average on 10 runs - GPU latency: 0.0966919 ms - Host latency: 0.0966919 ms (enqueue 0.0805542 ms)
[03/03/2026-11:04:08] [I] Average on 10 runs - GPU latency: 0.0964844 ms - Host latency: 0.0964844 ms (enqueue 0.0818237 ms)
[03/03/2026-11:04:08] [I] Average on 10 runs - GPU latency: 0.0967407 ms - Host latency: 0.0967407 ms (enqueue 0.0792725 ms)
[03/03/2026-11:04:08] [I] Average on 10 runs - GPU latency: 0.0954346 ms - Host latency: 0.0954346 ms (enqueue 0.0803223 ms)
[03/03/2026-11:04:08] [I] Average on 10 runs - GPU latency: 0.0965576 ms - Host latency: 0.0965576 ms (enqueue 0.0820557 ms)
[03/03/2026-11:04:08] [I] Average on 10 runs - GPU latency: 0.09646 ms - Host latency: 0.09646 ms (enqueue 0.0832886 ms)
[03/03/2026-11:04:08] [I] Average on 10 runs - GPU latency: 0.0966675 ms - Host latency: 0.0966675 ms (enqueue 0.0795044 ms)
[03/03/2026-11:04:08] [I] Average on 10 runs - GPU latency: 0.0957275 ms - Host latency: 0.0957275 ms (enqueue 0.0818848 ms)
[03/03/2026-11:04:08] [I] Average on 10 runs - GPU latency: 0.0957153 ms - Host latency: 0.0957153 ms (enqueue 0.0792236 ms)
[03/03/2026-11:04:08] [I] Average on 10 runs - GPU latency: 0.0961426 ms - Host latency: 0.0961426 ms (enqueue 0.0819458 ms)
[03/03/2026-11:04:08] [I] Average on 10 runs - GPU latency: 0.0960693 ms - Host latency: 0.0960693 ms (enqueue 0.0799561 ms)
[03/03/2026-11:04:08] [I] Average on 10 runs - GPU latency: 0.0965576 ms - Host latency: 0.0965576 ms (enqueue 0.0816162 ms)
[03/03/2026-11:04:08] [I] Average on 10 runs - GPU latency: 0.0962036 ms - Host latency: 0.0962036 ms (enqueue 0.0814697 ms)
[03/03/2026-11:04:08] [I] Average on 10 runs - GPU latency: 0.0962769 ms - Host latency: 0.0962769 ms (enqueue 0.0822266 ms)
[03/03/2026-11:04:08] [I] Average on 10 runs - GPU latency: 0.0956543 ms - Host latency: 0.0956543 ms (enqueue 0.0802246 ms)
[03/03/2026-11:04:08] [I] Average on 10 runs - GPU latency: 0.0956787 ms - Host latency: 0.0956787 ms (enqueue 0.0818603 ms)
[03/03/2026-11:04:08] [I] Average on 10 runs - GPU latency: 0.0966064 ms - Host latency: 0.0966064 ms (enqueue 0.0797974 ms)
[03/03/2026-11:04:08] [I] Average on 10 runs - GPU latency: 0.0958496 ms - Host latency: 0.0958496 ms (enqueue 0.0818848 ms)
[03/03/2026-11:04:08] [I] Average on 10 runs - GPU latency: 0.0966187 ms - Host latency: 0.0966187 ms (enqueue 0.0795654 ms)
[03/03/2026-11:04:08] [I] Average on 10 runs - GPU latency: 0.0956787 ms - Host latency: 0.0956787 ms (enqueue 0.0830322 ms)
[03/03/2026-11:04:08] [I] Average on 10 runs - GPU latency: 0.0959839 ms - Host latency: 0.0959839 ms (enqueue 0.0801392 ms)
[03/03/2026-11:04:08] [I] Average on 10 runs - GPU latency: 0.0955078 ms - Host latency: 0.0955078 ms (enqueue 0.0817505 ms)
[03/03/2026-11:04:08] [I] Average on 10 runs - GPU latency: 0.0970093 ms - Host latency: 0.0970093 ms (enqueue 0.0813965 ms)
[03/03/2026-11:04:08] [I] Average on 10 runs - GPU latency: 0.0963013 ms - Host latency: 0.0963013 ms (enqueue 0.0800781 ms)
[03/03/2026-11:04:08] [I] Average on 10 runs - GPU latency: 0.0964355 ms - Host latency: 0.0964355 ms (enqueue 0.0795898 ms)
[03/03/2026-11:04:08] [I] Average on 10 runs - GPU latency: 0.0958618 ms - Host latency: 0.0958618 ms (enqueue 0.08479 ms)
[03/03/2026-11:04:08] [I] Average on 10 runs - GPU latency: 0.0953003 ms - Host latency: 0.0953003 ms (enqueue 0.0792236 ms)
[03/03/2026-11:04:08] [I] Average on 10 runs - GPU latency: 0.0954956 ms - Host latency: 0.0954956 ms (enqueue 0.0803711 ms)
[03/03/2026-11:04:08] [I] Average on 10 runs - GPU latency: 0.0963745 ms - Host latency: 0.0963745 ms (enqueue 0.0803589 ms)
[03/03/2026-11:04:08] [I] Average on 10 runs - GPU latency: 0.0968262 ms - Host latency: 0.0968262 ms (enqueue 0.0820068 ms)
[03/03/2026-11:04:08] [I] Average on 10 runs - GPU latency: 0.096875 ms - Host latency: 0.096875 ms (enqueue 0.0797485 ms)
[03/03/2026-11:04:08] [I] Average on 10 runs - GPU latency: 0.0960815 ms - Host latency: 0.0960815 ms (enqueue 0.0822022 ms)
[03/03/2026-11:04:08] [I] Average on 10 runs - GPU latency: 0.0961426 ms - Host latency: 0.0961426 ms (enqueue 0.0789673 ms)
[03/03/2026-11:04:08] [I] Average on 10 runs - GPU latency: 0.0963013 ms - Host latency: 0.0963013 ms (enqueue 0.0832886 ms)
[03/03/2026-11:04:08] [I] Average on 10 runs - GPU latency: 0.0969238 ms - Host latency: 0.0969238 ms (enqueue 0.0809448 ms)
[03/03/2026-11:04:08] [I] Average on 10 runs - GPU latency: 0.0960571 ms - Host latency: 0.0960571 ms (enqueue 0.0794434 ms)
[03/03/2026-11:04:08] [I] Average on 10 runs - GPU latency: 0.096582 ms - Host latency: 0.096582 ms (enqueue 0.0792725 ms)
[03/03/2026-11:04:08] [I] Average on 10 runs - GPU latency: 0.0969116 ms - Host latency: 0.0969116 ms (enqueue 0.0850342 ms)
[03/03/2026-11:04:08] [I] Average on 10 runs - GPU latency: 0.0956055 ms - Host latency: 0.0956055 ms (enqueue 0.0803223 ms)
[03/03/2026-11:04:08] [I] Average on 10 runs - GPU latency: 0.0958618 ms - Host latency: 0.0958618 ms (enqueue 0.0787842 ms)
[03/03/2026-11:04:08] [I] Average on 10 runs - GPU latency: 0.0949951 ms - Host latency: 0.0949951 ms (enqueue 0.0799316 ms)
[03/03/2026-11:04:08] [I] Average on 10 runs - GPU latency: 0.0965698 ms - Host latency: 0.0965698 ms (enqueue 0.0825439 ms)
[03/03/2026-11:04:08] [I] Average on 10 runs - GPU latency: 0.0957642 ms - Host latency: 0.0957642 ms (enqueue 0.0799072 ms)
[03/03/2026-11:04:08] [I] Average on 10 runs - GPU latency: 0.0962036 ms - Host latency: 0.0962036 ms (enqueue 0.0792847 ms)
[03/03/2026-11:04:08] [I] Average on 10 runs - GPU latency: 0.0961182 ms - Host latency: 0.0961182 ms (enqueue 0.0817017 ms)
[03/03/2026-11:04:08] [I] Average on 10 runs - GPU latency: 0.0954346 ms - Host latency: 0.0954346 ms (enqueue 0.0840576 ms)
[03/03/2026-11:04:08] [I] Average on 10 runs - GPU latency: 0.0963989 ms - Host latency: 0.0963989 ms (enqueue 0.0809326 ms)
[03/03/2026-11:04:08] [I] Average on 10 runs - GPU latency: 0.095874 ms - Host latency: 0.095874 ms (enqueue 0.0811279 ms)
[03/03/2026-11:04:08] [I] Average on 10 runs - GPU latency: 0.0963379 ms - Host latency: 0.0963379 ms (enqueue 0.0792236 ms)
[03/03/2026-11:04:08] [I] Average on 10 runs - GPU latency: 0.0956787 ms - Host latency: 0.0956787 ms (enqueue 0.0802612 ms)
[03/03/2026-11:04:08] [I] Average on 10 runs - GPU latency: 0.0963135 ms - Host latency: 0.0963135 ms (enqueue 0.0827759 ms)
[03/03/2026-11:04:08] [I] Average on 10 runs - GPU latency: 0.0962524 ms - Host latency: 0.0962524 ms (enqueue 0.0795532 ms)
[03/03/2026-11:04:08] [I] Average on 10 runs - GPU latency: 0.096875 ms - Host latency: 0.096875 ms (enqueue 0.0793701 ms)
[03/03/2026-11:04:08] [I] Average on 10 runs - GPU latency: 0.0955566 ms - Host latency: 0.0955566 ms (enqueue 0.0814575 ms)
[03/03/2026-11:04:08] [I] Average on 10 runs - GPU latency: 0.0960205 ms - Host latency: 0.0960205 ms (enqueue 0.0827026 ms)
[03/03/2026-11:04:08] [I] Average on 10 runs - GPU latency: 0.0963501 ms - Host latency: 0.0963501 ms (enqueue 0.0796631 ms)
[03/03/2026-11:04:08] [I] Average on 10 runs - GPU latency: 0.0962524 ms - Host latency: 0.0962524 ms (enqueue 0.08125 ms)
[03/03/2026-11:04:08] [I] Average on 10 runs - GPU latency: 0.0962036 ms - Host latency: 0.0962036 ms (enqueue 0.0797241 ms)
[03/03/2026-11:04:08] [I] Average on 10 runs - GPU latency: 0.0958008 ms - Host latency: 0.0958008 ms (enqueue 0.0822388 ms)
[03/03/2026-11:04:08] [I] Average on 10 runs - GPU latency: 0.096167 ms - Host latency: 0.096167 ms (enqueue 0.0808472 ms)
[03/03/2026-11:04:08] [I] Average on 10 runs - GPU latency: 0.0959595 ms - Host latency: 0.0959595 ms (enqueue 0.0802979 ms)
[03/03/2026-11:04:08] [I] Average on 10 runs - GPU latency: 0.096582 ms - Host latency: 0.096582 ms (enqueue 0.07948 ms)
[03/03/2026-11:04:08] [I] Average on 10 runs - GPU latency: 0.0959717 ms - Host latency: 0.0959717 ms (enqueue 0.0823975 ms)
[03/03/2026-11:04:08] [I] Average on 10 runs - GPU latency: 0.095813 ms - Host latency: 0.095813 ms (enqueue 0.0790161 ms)
[03/03/2026-11:04:08] [I] Average on 10 runs - GPU latency: 0.0962769 ms - Host latency: 0.0962769 ms (enqueue 0.0802368 ms)
[03/03/2026-11:04:08] [I] Average on 10 runs - GPU latency: 0.0957153 ms - Host latency: 0.0957153 ms (enqueue 0.0811523 ms)
[03/03/2026-11:04:08] [I] Average on 10 runs - GPU latency: 0.0960327 ms - Host latency: 0.0960327 ms (enqueue 0.0834961 ms)
[03/03/2026-11:04:08] [I] Average on 10 runs - GPU latency: 0.0958862 ms - Host latency: 0.0958862 ms (enqueue 0.0793945 ms)
[03/03/2026-11:04:08] [I] Average on 10 runs - GPU latency: 0.0955566 ms - Host latency: 0.0955566 ms (enqueue 0.0800659 ms)
[03/03/2026-11:04:08] [I] Average on 10 runs - GPU latency: 0.0961548 ms - Host latency: 0.0961548 ms (enqueue 0.0796753 ms)
[03/03/2026-11:04:08] [I] Average on 10 runs - GPU latency: 0.0966187 ms - Host latency: 0.0966187 ms (enqueue 0.0828003 ms)
[03/03/2026-11:04:08] [I] Average on 10 runs - GPU latency: 0.0965088 ms - Host latency: 0.0965088 ms (enqueue 0.0796265 ms)
[03/03/2026-11:04:08] [I] Average on 10 runs - GPU latency: 0.0959229 ms - Host latency: 0.0959229 ms (enqueue 0.080249 ms)
[03/03/2026-11:04:08] [I] Average on 10 runs - GPU latency: 0.0959473 ms - Host latency: 0.0959473 ms (enqueue 0.0821655 ms)
[03/03/2026-11:04:08] [I] Average on 10 runs - GPU latency: 0.0959595 ms - Host latency: 0.0959595 ms (enqueue 0.0832153 ms)
[03/03/2026-11:04:08] [I] Average on 10 runs - GPU latency: 0.0966553 ms - Host latency: 0.0966553 ms (enqueue 0.0796143 ms)
[03/03/2026-11:04:08] [I] Average on 10 runs - GPU latency: 0.0958374 ms - Host latency: 0.0958374 ms (enqueue 0.080127 ms)
[03/03/2026-11:04:08] [I] Average on 10 runs - GPU latency: 0.096106 ms - Host latency: 0.096106 ms (enqueue 0.0797607 ms)
[03/03/2026-11:04:08] [I] Average on 10 runs - GPU latency: 0.0962891 ms - Host latency: 0.0962891 ms (enqueue 0.0844482 ms)
[03/03/2026-11:04:08] [I] Average on 10 runs - GPU latency: 0.0964111 ms - Host latency: 0.0964111 ms (enqueue 0.0813232 ms)
[03/03/2026-11:04:08] [I] Average on 10 runs - GPU latency: 0.0969482 ms - Host latency: 0.0969482 ms (enqueue 0.0800171 ms)
[03/03/2026-11:04:08] [I] Average on 10 runs - GPU latency: 0.0961548 ms - Host latency: 0.0961548 ms (enqueue 0.0808472 ms)
[03/03/2026-11:04:08] [I] Average on 10 runs - GPU latency: 0.0961182 ms - Host latency: 0.0961182 ms (enqueue 0.0819458 ms)
[03/03/2026-11:04:08] [I] Average on 10 runs - GPU latency: 0.0967773 ms - Host latency: 0.0967773 ms (enqueue 0.0808594 ms)
[03/03/2026-11:04:08] [I] Average on 10 runs - GPU latency: 0.0965088 ms - Host latency: 0.0965088 ms (enqueue 0.0796631 ms)
[03/03/2026-11:04:08] [I] Average on 10 runs - GPU latency: 0.0956421 ms - Host latency: 0.0956421 ms (enqueue 0.081665 ms)
[03/03/2026-11:04:08] [I] Average on 10 runs - GPU latency: 0.095752 ms - Host latency: 0.095752 ms (enqueue 0.0831299 ms)
[03/03/2026-11:04:08] [I] Average on 10 runs - GPU latency: 0.0962646 ms - Host latency: 0.0962646 ms (enqueue 0.0797974 ms)
[03/03/2026-11:04:08] [I] Average on 10 runs - GPU latency: 0.0954956 ms - Host latency: 0.0954956 ms (enqueue 0.0795044 ms)
[03/03/2026-11:04:08] [I] Average on 10 runs - GPU latency: 0.096167 ms - Host latency: 0.096167 ms (enqueue 0.0795288 ms)
[03/03/2026-11:04:08] [I] Average on 10 runs - GPU latency: 0.0960205 ms - Host latency: 0.0960205 ms (enqueue 0.0838989 ms)
[03/03/2026-11:04:08] [I] Average on 10 runs - GPU latency: 0.0960449 ms - Host latency: 0.0960449 ms (enqueue 0.079834 ms)
[03/03/2026-11:04:08] [I] Average on 10 runs - GPU latency: 0.095166 ms - Host latency: 0.095166 ms (enqueue 0.0795898 ms)
[03/03/2026-11:04:08] [I] Average on 10 runs - GPU latency: 0.0953125 ms - Host latency: 0.0953125 ms (enqueue 0.0797607 ms)
[03/03/2026-11:04:08] [I] Average on 10 runs - GPU latency: 0.0959229 ms - Host latency: 0.0959229 ms (enqueue 0.0820435 ms)
[03/03/2026-11:04:08] [I] Average on 10 runs - GPU latency: 0.0967285 ms - Host latency: 0.0967285 ms (enqueue 0.0812744 ms)
[03/03/2026-11:04:08] [I] Average on 10 runs - GPU latency: 0.0960938 ms - Host latency: 0.0960938 ms (enqueue 0.0795532 ms)
[03/03/2026-11:04:08] [I] Average on 10 runs - GPU latency: 0.0959473 ms - Host latency: 0.0959473 ms (enqueue 0.0794678 ms)
[03/03/2026-11:04:08] [I] Average on 10 runs - GPU latency: 0.0958374 ms - Host latency: 0.0958374 ms (enqueue 0.0815308 ms)
[03/03/2026-11:04:08] [I] Average on 10 runs - GPU latency: 0.0955322 ms - Host latency: 0.0955322 ms (enqueue 0.0825317 ms)
[03/03/2026-11:04:08] [I] Average on 10 runs - GPU latency: 0.0960571 ms - Host latency: 0.0960571 ms (enqueue 0.0799561 ms)
[03/03/2026-11:04:08] [I] Average on 10 runs - GPU latency: 0.0962036 ms - Host latency: 0.0962036 ms (enqueue 0.0807373 ms)
[03/03/2026-11:04:08] [I] Average on 10 runs - GPU latency: 0.0960571 ms - Host latency: 0.0960571 ms (enqueue 0.0804932 ms)
[03/03/2026-11:04:08] [I] Average on 10 runs - GPU latency: 0.0969849 ms - Host latency: 0.0969849 ms (enqueue 0.0841553 ms)
[03/03/2026-11:04:08] [I] Average on 10 runs - GPU latency: 0.0960449 ms - Host latency: 0.0960449 ms (enqueue 0.0791992 ms)
[03/03/2026-11:04:08] [I] Average on 10 runs - GPU latency: 0.0957153 ms - Host latency: 0.0957153 ms (enqueue 0.0789307 ms)
[03/03/2026-11:04:08] [I] Average on 10 runs - GPU latency: 0.0964966 ms - Host latency: 0.0964966 ms (enqueue 0.0820679 ms)
[03/03/2026-11:04:08] [I] Average on 10 runs - GPU latency: 0.0954346 ms - Host latency: 0.0954346 ms (enqueue 0.0823975 ms)
[03/03/2026-11:04:08] [I] Average on 10 runs - GPU latency: 0.0960938 ms - Host latency: 0.0960938 ms (enqueue 0.0796509 ms)
[03/03/2026-11:04:08] [I] Average on 10 runs - GPU latency: 0.0961182 ms - Host latency: 0.0961182 ms (enqueue 0.0807007 ms)
[03/03/2026-11:04:08] [I] Average on 10 runs - GPU latency: 0.0963013 ms - Host latency: 0.0963013 ms (enqueue 0.0795532 ms)
[03/03/2026-11:04:08] [I] Average on 10 runs - GPU latency: 0.0964233 ms - Host latency: 0.0964233 ms (enqueue 0.0820435 ms)
[03/03/2026-11:04:08] [I] Average on 10 runs - GPU latency: 0.0962769 ms - Host latency: 0.0962769 ms (enqueue 0.0812622 ms)
[03/03/2026-11:04:08] [I] Average on 10 runs - GPU latency: 0.0964233 ms - Host latency: 0.0964233 ms (enqueue 0.0806396 ms)
[03/03/2026-11:04:08] [I] Average on 10 runs - GPU latency: 0.0965454 ms - Host latency: 0.0965454 ms (enqueue 0.0804321 ms)
[03/03/2026-11:04:08] [I] Average on 10 runs - GPU latency: 0.0956421 ms - Host latency: 0.0956421 ms (enqueue 0.0819458 ms)
[03/03/2026-11:04:08] [I] Average on 10 runs - GPU latency: 0.0956543 ms - Host latency: 0.0956543 ms (enqueue 0.0803955 ms)
[03/03/2026-11:04:08] [I] Average on 10 runs - GPU latency: 0.0963623 ms - Host latency: 0.0963623 ms (enqueue 0.0794922 ms)
[03/03/2026-11:04:08] [I] Average on 10 runs - GPU latency: 0.0961914 ms - Host latency: 0.0961914 ms (enqueue 0.0828979 ms)
[03/03/2026-11:04:08] [I] Average on 10 runs - GPU latency: 0.0956421 ms - Host latency: 0.0956421 ms (enqueue 0.0827271 ms)
[03/03/2026-11:04:08] [I] Average on 10 runs - GPU latency: 0.0953735 ms - Host latency: 0.0953735 ms (enqueue 0.080188 ms)
[03/03/2026-11:04:08] [I] Average on 10 runs - GPU latency: 0.0961914 ms - Host latency: 0.0961914 ms (enqueue 0.0803955 ms)
[03/03/2026-11:04:08] [I] Average on 10 runs - GPU latency: 0.0963013 ms - Host latency: 0.0963013 ms (enqueue 0.0791138 ms)
[03/03/2026-11:04:08] [I] Average on 10 runs - GPU latency: 0.096228 ms - Host latency: 0.096228 ms (enqueue 0.0816406 ms)
[03/03/2026-11:04:08] [I] Average on 10 runs - GPU latency: 0.0953979 ms - Host latency: 0.0953979 ms (enqueue 0.0809204 ms)
[03/03/2026-11:04:08] [I] Average on 10 runs - GPU latency: 0.0967407 ms - Host latency: 0.0967407 ms (enqueue 0.0800781 ms)
[03/03/2026-11:04:08] [I] Average on 10 runs - GPU latency: 0.0961182 ms - Host latency: 0.0961182 ms (enqueue 0.0799927 ms)
[03/03/2026-11:04:08] [I] Average on 10 runs - GPU latency: 0.0962891 ms - Host latency: 0.0962891 ms (enqueue 0.0835937 ms)
[03/03/2026-11:04:08] [I] Average on 10 runs - GPU latency: 0.0953857 ms - Host latency: 0.0953857 ms (enqueue 0.080249 ms)
[03/03/2026-11:04:08] [I] Average on 10 runs - GPU latency: 0.09552 ms - Host latency: 0.09552 ms (enqueue 0.0806763 ms)
[03/03/2026-11:04:08] [I] Average on 10 runs - GPU latency: 0.0958008 ms - Host latency: 0.0958008 ms (enqueue 0.0798828 ms)
[03/03/2026-11:04:08] [I] Average on 10 runs - GPU latency: 0.0966309 ms - Host latency: 0.0966309 ms (enqueue 0.0848267 ms)
[03/03/2026-11:04:08] [I] Average on 10 runs - GPU latency: 0.0963379 ms - Host latency: 0.0963379 ms (enqueue 0.0797119 ms)
[03/03/2026-11:04:08] [I] Average on 10 runs - GPU latency: 0.0954956 ms - Host latency: 0.0954956 ms (enqueue 0.079248 ms)
[03/03/2026-11:04:08] [I] Average on 10 runs - GPU latency: 0.0968506 ms - Host latency: 0.0968506 ms (enqueue 0.0793823 ms)
[03/03/2026-11:04:08] [I] Average on 10 runs - GPU latency: 0.0960083 ms - Host latency: 0.0960083 ms (enqueue 0.0841919 ms)
[03/03/2026-11:04:08] [I] Average on 10 runs - GPU latency: 0.0964233 ms - Host latency: 0.0964233 ms (enqueue 0.0810181 ms)
[03/03/2026-11:04:08] [I] Average on 10 runs - GPU latency: 0.0960815 ms - Host latency: 0.0960815 ms (enqueue 0.0793335 ms)
[03/03/2026-11:04:08] [I] Average on 10 runs - GPU latency: 0.096814 ms - Host latency: 0.096814 ms (enqueue 0.0795532 ms)
[03/03/2026-11:04:08] [I] Average on 10 runs - GPU latency: 0.0957153 ms - Host latency: 0.0957153 ms (enqueue 0.084314 ms)
[03/03/2026-11:04:08] [I] Average on 10 runs - GPU latency: 0.0957642 ms - Host latency: 0.0957642 ms (enqueue 0.0805176 ms)
[03/03/2026-11:04:08] [I] Average on 10 runs - GPU latency: 0.0963257 ms - Host latency: 0.0963257 ms (enqueue 0.0801392 ms)
[03/03/2026-11:04:08] [I] Average on 10 runs - GPU latency: 0.0956543 ms - Host latency: 0.0956543 ms (enqueue 0.080957 ms)
[03/03/2026-11:04:08] [I] Average on 10 runs - GPU latency: 0.0950073 ms - Host latency: 0.0950073 ms (enqueue 0.0800903 ms)
[03/03/2026-11:04:08] [I] Average on 10 runs - GPU latency: 0.0960693 ms - Host latency: 0.0960693 ms (enqueue 0.0821533 ms)
[03/03/2026-11:04:08] [I] Average on 10 runs - GPU latency: 0.0964111 ms - Host latency: 0.0964111 ms (enqueue 0.0792358 ms)
[03/03/2026-11:04:08] [I] Average on 10 runs - GPU latency: 0.096106 ms - Host latency: 0.096106 ms (enqueue 0.0796265 ms)
[03/03/2026-11:04:08] [I] Average on 10 runs - GPU latency: 0.095813 ms - Host latency: 0.095813 ms (enqueue 0.0841797 ms)
[03/03/2026-11:04:08] [I] Average on 10 runs - GPU latency: 0.0970825 ms - Host latency: 0.0970825 ms (enqueue 0.0830078 ms)
[03/03/2026-11:04:08] [I] Average on 10 runs - GPU latency: 0.0959961 ms - Host latency: 0.0959961 ms (enqueue 0.0798096 ms)
[03/03/2026-11:04:08] [I] Average on 10 runs - GPU latency: 0.0957886 ms - Host latency: 0.0957886 ms (enqueue 0.0794556 ms)
[03/03/2026-11:04:08] [I] Average on 10 runs - GPU latency: 0.0971558 ms - Host latency: 0.0971558 ms (enqueue 0.0795166 ms)
[03/03/2026-11:04:08] [I] Average on 10 runs - GPU latency: 0.0964966 ms - Host latency: 0.0964966 ms (enqueue 0.0810425 ms)
[03/03/2026-11:04:08] [I] Average on 10 runs - GPU latency: 0.095813 ms - Host latency: 0.095813 ms (enqueue 0.0793823 ms)
[03/03/2026-11:04:08] [I] Average on 10 runs - GPU latency: 0.096106 ms - Host latency: 0.096106 ms (enqueue 0.08125 ms)
[03/03/2026-11:04:08] [I] Average on 10 runs - GPU latency: 0.0962402 ms - Host latency: 0.0962402 ms (enqueue 0.079895 ms)
[03/03/2026-11:04:08] [I] Average on 10 runs - GPU latency: 0.0977661 ms - Host latency: 0.0977661 ms (enqueue 0.0861206 ms)
[03/03/2026-11:04:08] [I] Average on 10 runs - GPU latency: 0.0971191 ms - Host latency: 0.0971191 ms (enqueue 0.0793945 ms)
[03/03/2026-11:04:08] [I] Average on 10 runs - GPU latency: 0.095752 ms - Host latency: 0.095752 ms (enqueue 0.0792358 ms)
[03/03/2026-11:04:08] [I] Average on 10 runs - GPU latency: 0.0962646 ms - Host latency: 0.0962646 ms (enqueue 0.0812134 ms)
[03/03/2026-11:04:08] [I] Average on 10 runs - GPU latency: 0.0958618 ms - Host latency: 0.0958618 ms (enqueue 0.0824219 ms)
[03/03/2026-11:04:08] [I] Average on 10 runs - GPU latency: 0.0959839 ms - Host latency: 0.0959839 ms (enqueue 0.0799316 ms)
[03/03/2026-11:04:08] [I] Average on 10 runs - GPU latency: 0.0965332 ms - Host latency: 0.0965332 ms (enqueue 0.08125 ms)
[03/03/2026-11:04:08] [I] Average on 10 runs - GPU latency: 0.0953613 ms - Host latency: 0.0953613 ms (enqueue 0.0792236 ms)
[03/03/2026-11:04:08] [I] Average on 10 runs - GPU latency: 0.0956665 ms - Host latency: 0.0956665 ms (enqueue 0.0846558 ms)
[03/03/2026-11:04:08] [I] Average on 10 runs - GPU latency: 0.0956543 ms - Host latency: 0.0956543 ms (enqueue 0.0796631 ms)
[03/03/2026-11:04:08] [I] Average on 10 runs - GPU latency: 0.0953003 ms - Host latency: 0.0953003 ms (enqueue 0.0803467 ms)
[03/03/2026-11:04:08] [I] Average on 10 runs - GPU latency: 0.0959473 ms - Host latency: 0.0959473 ms (enqueue 0.0790283 ms)
[03/03/2026-11:04:08] [I] Average on 10 runs - GPU latency: 0.0962036 ms - Host latency: 0.0962036 ms (enqueue 0.0809814 ms)
[03/03/2026-11:04:08] [I] Average on 10 runs - GPU latency: 0.096106 ms - Host latency: 0.096106 ms (enqueue 0.0817749 ms)
[03/03/2026-11:04:08] [I] Average on 10 runs - GPU latency: 0.0968872 ms - Host latency: 0.0968872 ms (enqueue 0.0800537 ms)
[03/03/2026-11:04:08] [I] Average on 10 runs - GPU latency: 0.0963013 ms - Host latency: 0.0963013 ms (enqueue 0.0796997 ms)
[03/03/2026-11:04:08] [I] Average on 10 runs - GPU latency: 0.0965454 ms - Host latency: 0.0965454 ms (enqueue 0.0820312 ms)
[03/03/2026-11:04:08] [I] Average on 10 runs - GPU latency: 0.0965576 ms - Host latency: 0.0965576 ms (enqueue 0.0805786 ms)
[03/03/2026-11:04:08] [I] Average on 10 runs - GPU latency: 0.0965942 ms - Host latency: 0.0965942 ms (enqueue 0.0818848 ms)
[03/03/2026-11:04:08] [I] Average on 10 runs - GPU latency: 0.0956909 ms - Host latency: 0.0956909 ms (enqueue 0.0794556 ms)
[03/03/2026-11:04:08] [I] Average on 10 runs - GPU latency: 0.0963745 ms - Host latency: 0.0963745 ms (enqueue 0.0818481 ms)
[03/03/2026-11:04:08] [I] Average on 10 runs - GPU latency: 0.0967529 ms - Host latency: 0.0967529 ms (enqueue 0.0815186 ms)
[03/03/2026-11:04:08] [I] Average on 10 runs - GPU latency: 0.0963989 ms - Host latency: 0.0963989 ms (enqueue 0.0816772 ms)
[03/03/2026-11:04:08] [I] Average on 10 runs - GPU latency: 0.0963623 ms - Host latency: 0.0963623 ms (enqueue 0.0797729 ms)
[03/03/2026-11:04:08] [I] Average on 10 runs - GPU latency: 0.0960815 ms - Host latency: 0.0960815 ms (enqueue 0.0833496 ms)
[03/03/2026-11:04:08] [I] Average on 10 runs - GPU latency: 0.0955811 ms - Host latency: 0.0955811 ms (enqueue 0.0801514 ms)
[03/03/2026-11:04:08] [I] Average on 10 runs - GPU latency: 0.0963013 ms - Host latency: 0.0963013 ms (enqueue 0.0791748 ms)
[03/03/2026-11:04:08] [I] Average on 10 runs - GPU latency: 0.0961792 ms - Host latency: 0.0961792 ms (enqueue 0.0818115 ms)
[03/03/2026-11:04:08] [I] Average on 10 runs - GPU latency: 0.0967651 ms - Host latency: 0.0967651 ms (enqueue 0.0812866 ms)
[03/03/2026-11:04:08] [I] Average on 10 runs - GPU latency: 0.0963501 ms - Host latency: 0.0963501 ms (enqueue 0.0797607 ms)
[03/03/2026-11:04:08] [I] Average on 10 runs - GPU latency: 0.0966431 ms - Host latency: 0.0966431 ms (enqueue 0.0797119 ms)
[03/03/2026-11:04:08] [I] Average on 10 runs - GPU latency: 0.0961792 ms - Host latency: 0.0961792 ms (enqueue 0.0819458 ms)
[03/03/2026-11:04:08] [I] Average on 10 runs - GPU latency: 0.0957031 ms - Host latency: 0.0957031 ms (enqueue 0.0804932 ms)
[03/03/2026-11:04:08] [I] Average on 10 runs - GPU latency: 0.0969604 ms - Host latency: 0.0969604 ms (enqueue 0.0802002 ms)
[03/03/2026-11:04:08] [I] Average on 10 runs - GPU latency: 0.0959595 ms - Host latency: 0.0959595 ms (enqueue 0.0835449 ms)
[03/03/2026-11:04:08] [I] Average on 10 runs - GPU latency: 0.0960938 ms - Host latency: 0.0960938 ms (enqueue 0.0802368 ms)
[03/03/2026-11:04:08] [I] Average on 10 runs - GPU latency: 0.0966064 ms - Host latency: 0.0966064 ms (enqueue 0.0818237 ms)
[03/03/2026-11:04:08] [I] Average on 10 runs - GPU latency: 0.0960571 ms - Host latency: 0.0960571 ms (enqueue 0.0814819 ms)
[03/03/2026-11:04:08] [I] Average on 10 runs - GPU latency: 0.0968262 ms - Host latency: 0.0968262 ms (enqueue 0.0796631 ms)
[03/03/2026-11:04:08] [I] Average on 10 runs - GPU latency: 0.096228 ms - Host latency: 0.096228 ms (enqueue 0.0792969 ms)
[03/03/2026-11:04:08] [I] Average on 10 runs - GPU latency: 0.0960571 ms - Host latency: 0.0960571 ms (enqueue 0.0809326 ms)
[03/03/2026-11:04:08] [I] Average on 10 runs - GPU latency: 0.096228 ms - Host latency: 0.096228 ms (enqueue 0.0823364 ms)
[03/03/2026-11:04:08] [I] Average on 10 runs - GPU latency: 0.097229 ms - Host latency: 0.097229 ms (enqueue 0.0801758 ms)
[03/03/2026-11:04:08] [I] Average on 10 runs - GPU latency: 0.0967529 ms - Host latency: 0.0967529 ms (enqueue 0.0803467 ms)
[03/03/2026-11:04:08] [I] Average on 10 runs - GPU latency: 0.0960815 ms - Host latency: 0.0960815 ms (enqueue 0.0804199 ms)
[03/03/2026-11:04:08] [I] Average on 10 runs - GPU latency: 0.0977905 ms - Host latency: 0.0977905 ms (enqueue 0.0858032 ms)
[03/03/2026-11:04:08] [I] Average on 10 runs - GPU latency: 0.0963745 ms - Host latency: 0.0963745 ms (enqueue 0.079834 ms)
[03/03/2026-11:04:08] [I] Average on 10 runs - GPU latency: 0.096228 ms - Host latency: 0.096228 ms (enqueue 0.0791138 ms)
[03/03/2026-11:04:08] [I] Average on 10 runs - GPU latency: 0.0964111 ms - Host latency: 0.0964111 ms (enqueue 0.0815674 ms)
[03/03/2026-11:04:08] [I] Average on 10 runs - GPU latency: 0.0962891 ms - Host latency: 0.0962891 ms (enqueue 0.0824951 ms)
[03/03/2026-11:04:08] [I] Average on 10 runs - GPU latency: 0.0964233 ms - Host latency: 0.0964233 ms (enqueue 0.0799561 ms)
[03/03/2026-11:04:08] [I] Average on 10 runs - GPU latency: 0.0958496 ms - Host latency: 0.0958496 ms (enqueue 0.0799439 ms)
[03/03/2026-11:04:08] [I] Average on 10 runs - GPU latency: 0.0962646 ms - Host latency: 0.0962646 ms (enqueue 0.0823853 ms)
[03/03/2026-11:04:08] [I] Average on 10 runs - GPU latency: 0.0965942 ms - Host latency: 0.0965942 ms (enqueue 0.0821777 ms)
[03/03/2026-11:04:08] [I] Average on 10 runs - GPU latency: 0.0955933 ms - Host latency: 0.0955933 ms (enqueue 0.0799927 ms)
[03/03/2026-11:04:08] [I] Average on 10 runs - GPU latency: 0.0964478 ms - Host latency: 0.0964478 ms (enqueue 0.079602 ms)
[03/03/2026-11:04:08] [I] Average on 10 runs - GPU latency: 0.0964722 ms - Host latency: 0.0964722 ms (enqueue 0.0826538 ms)
[03/03/2026-11:04:08] [I] Average on 10 runs - GPU latency: 0.0961792 ms - Host latency: 0.0961792 ms (enqueue 0.0815552 ms)
[03/03/2026-11:04:08] [I] Average on 10 runs - GPU latency: 0.0966187 ms - Host latency: 0.0966187 ms (enqueue 0.0802979 ms)
[03/03/2026-11:04:08] [I] Average on 10 runs - GPU latency: 0.0955566 ms - Host latency: 0.0955566 ms (enqueue 0.0809692 ms)
[03/03/2026-11:04:08] [I] Average on 10 runs - GPU latency: 0.0968872 ms - Host latency: 0.0968872 ms (enqueue 0.0798096 ms)
[03/03/2026-11:04:08] [I] Average on 10 runs - GPU latency: 0.0964233 ms - Host latency: 0.0964233 ms (enqueue 0.0822754 ms)
[03/03/2026-11:04:08] [I] Average on 10 runs - GPU latency: 0.0956421 ms - Host latency: 0.0956421 ms (enqueue 0.0799072 ms)
[03/03/2026-11:04:08] [I] Average on 10 runs - GPU latency: 0.0960693 ms - Host latency: 0.0960693 ms (enqueue 0.0807983 ms)
[03/03/2026-11:04:08] [I] Average on 10 runs - GPU latency: 0.0969971 ms - Host latency: 0.0969971 ms (enqueue 0.0792358 ms)
[03/03/2026-11:04:08] [I] Average on 10 runs - GPU latency: 0.0961426 ms - Host latency: 0.0961426 ms (enqueue 0.084668 ms)
[03/03/2026-11:04:08] [I] Average on 10 runs - GPU latency: 0.0968994 ms - Host latency: 0.0968994 ms (enqueue 0.0799316 ms)
[03/03/2026-11:04:08] [I] Average on 10 runs - GPU latency: 0.0967041 ms - Host latency: 0.0967041 ms (enqueue 0.0790283 ms)
[03/03/2026-11:04:08] [I] Average on 10 runs - GPU latency: 0.0958252 ms - Host latency: 0.0958252 ms (enqueue 0.0818481 ms)
[03/03/2026-11:04:08] [I] Average on 10 runs - GPU latency: 0.0963257 ms - Host latency: 0.0963257 ms (enqueue 0.0831543 ms)
[03/03/2026-11:04:08] [I] Average on 10 runs - GPU latency: 0.0964355 ms - Host latency: 0.0964355 ms (enqueue 0.0798218 ms)
[03/03/2026-11:04:08] [I] Average on 10 runs - GPU latency: 0.0954834 ms - Host latency: 0.0954834 ms (enqueue 0.0809082 ms)
[03/03/2026-11:04:08] [I] Average on 10 runs - GPU latency: 0.0959106 ms - Host latency: 0.0959106 ms (enqueue 0.0796387 ms)
[03/03/2026-11:04:08] [I] Average on 10 runs - GPU latency: 0.0963867 ms - Host latency: 0.0963867 ms (enqueue 0.0827759 ms)
[03/03/2026-11:04:08] [I] Average on 10 runs - GPU latency: 0.0963989 ms - Host latency: 0.0963989 ms (enqueue 0.0801392 ms)
[03/03/2026-11:04:08] [I] Average on 10 runs - GPU latency: 0.0957886 ms - Host latency: 0.0957886 ms (enqueue 0.0804199 ms)
[03/03/2026-11:04:08] [I] Average on 10 runs - GPU latency: 0.0952759 ms - Host latency: 0.0952759 ms (enqueue 0.0808594 ms)
[03/03/2026-11:04:08] [I] Average on 10 runs - GPU latency: 0.0956665 ms - Host latency: 0.0956665 ms (enqueue 0.0814087 ms)
[03/03/2026-11:04:08] [I] Average on 10 runs - GPU latency: 0.0966553 ms - Host latency: 0.0966553 ms (enqueue 0.0799316 ms)
[03/03/2026-11:04:08] [I] Average on 10 runs - GPU latency: 0.0959351 ms - Host latency: 0.0959351 ms (enqueue 0.0793945 ms)
[03/03/2026-11:04:08] [I] Average on 10 runs - GPU latency: 0.096814 ms - Host latency: 0.096814 ms (enqueue 0.0794067 ms)
[03/03/2026-11:04:08] [I] Average on 10 runs - GPU latency: 0.0964722 ms - Host latency: 0.0964722 ms (enqueue 0.0852905 ms)
[03/03/2026-11:04:08] [I] Average on 10 runs - GPU latency: 0.0963501 ms - Host latency: 0.0963501 ms (enqueue 0.0812012 ms)
[03/03/2026-11:04:08] [I] Average on 10 runs - GPU latency: 0.0958496 ms - Host latency: 0.0958496 ms (enqueue 0.0797974 ms)
[03/03/2026-11:04:08] [I] Average on 10 runs - GPU latency: 0.0963501 ms - Host latency: 0.0963501 ms (enqueue 0.0799072 ms)
[03/03/2026-11:04:08] [I] Average on 10 runs - GPU latency: 0.0956299 ms - Host latency: 0.0956299 ms (enqueue 0.0827026 ms)
[03/03/2026-11:04:08] [I] Average on 10 runs - GPU latency: 0.0957031 ms - Host latency: 0.0957031 ms (enqueue 0.0810791 ms)
[03/03/2026-11:04:08] [I] Average on 10 runs - GPU latency: 0.0961426 ms - Host latency: 0.0961426 ms (enqueue 0.0802734 ms)
[03/03/2026-11:04:08] [I] Average on 10 runs - GPU latency: 0.0965942 ms - Host latency: 0.0965942 ms (enqueue 0.0797729 ms)
[03/03/2026-11:04:08] [I] Average on 10 runs - GPU latency: 0.0960815 ms - Host latency: 0.0960815 ms (enqueue 0.0823608 ms)
[03/03/2026-11:04:08] [I] Average on 10 runs - GPU latency: 0.095874 ms - Host latency: 0.095874 ms (enqueue 0.0808716 ms)
[03/03/2026-11:04:08] [I] Average on 10 runs - GPU latency: 0.0968994 ms - Host latency: 0.0968994 ms (enqueue 0.0797363 ms)
[03/03/2026-11:04:08] [I] Average on 10 runs - GPU latency: 0.096106 ms - Host latency: 0.096106 ms (enqueue 0.0824341 ms)
[03/03/2026-11:04:08] [I] Average on 10 runs - GPU latency: 0.0959473 ms - Host latency: 0.0959473 ms (enqueue 0.0810913 ms)
[03/03/2026-11:04:08] [I] Average on 10 runs - GPU latency: 0.0973511 ms - Host latency: 0.0973511 ms (enqueue 0.0840698 ms)
[03/03/2026-11:04:08] [I] Average on 10 runs - GPU latency: 0.0963745 ms - Host latency: 0.0963745 ms (enqueue 0.0801514 ms)
[03/03/2026-11:04:08] [I] Average on 10 runs - GPU latency: 0.0968506 ms - Host latency: 0.0968506 ms (enqueue 0.0791748 ms)
[03/03/2026-11:04:08] [I] Average on 10 runs - GPU latency: 0.0957275 ms - Host latency: 0.0957275 ms (enqueue 0.082605 ms)
[03/03/2026-11:04:08] [I] Average on 10 runs - GPU latency: 0.0966309 ms - Host latency: 0.0966309 ms (enqueue 0.0826782 ms)
[03/03/2026-11:04:08] [I] Average on 10 runs - GPU latency: 0.0960449 ms - Host latency: 0.0960449 ms (enqueue 0.0803101 ms)
[03/03/2026-11:04:08] [I] Average on 10 runs - GPU latency: 0.096814 ms - Host latency: 0.096814 ms (enqueue 0.0790405 ms)
[03/03/2026-11:04:08] [I] Average on 10 runs - GPU latency: 0.0964111 ms - Host latency: 0.0964111 ms (enqueue 0.0809814 ms)
[03/03/2026-11:04:08] [I] Average on 10 runs - GPU latency: 0.0959106 ms - Host latency: 0.0959106 ms (enqueue 0.0820068 ms)
[03/03/2026-11:04:08] [I] Average on 10 runs - GPU latency: 0.0955689 ms - Host latency: 0.0955689 ms (enqueue 0.0797363 ms)
[03/03/2026-11:04:08] [I] Average on 10 runs - GPU latency: 0.0959351 ms - Host latency: 0.0959351 ms (enqueue 0.0799194 ms)
[03/03/2026-11:04:08] [I] Average on 10 runs - GPU latency: 0.0971313 ms - Host latency: 0.0971313 ms (enqueue 0.0827271 ms)
[03/03/2026-11:04:08] [I] Average on 10 runs - GPU latency: 0.0957153 ms - Host latency: 0.0957153 ms (enqueue 0.0817383 ms)
[03/03/2026-11:04:08] [I] Average on 10 runs - GPU latency: 0.0965454 ms - Host latency: 0.0965454 ms (enqueue 0.0803223 ms)
[03/03/2026-11:04:08] [I] Average on 10 runs - GPU latency: 0.0964478 ms - Host latency: 0.0964478 ms (enqueue 0.0798096 ms)
[03/03/2026-11:04:08] [I] Average on 10 runs - GPU latency: 0.0960815 ms - Host latency: 0.0960815 ms (enqueue 0.0824463 ms)
[03/03/2026-11:04:08] [I] Average on 10 runs - GPU latency: 0.0962524 ms - Host latency: 0.0962524 ms (enqueue 0.0829468 ms)
[03/03/2026-11:04:08] [I] Average on 10 runs - GPU latency: 0.0957153 ms - Host latency: 0.0957153 ms (enqueue 0.0798828 ms)
[03/03/2026-11:04:08] [I] Average on 10 runs - GPU latency: 0.0968506 ms - Host latency: 0.0968506 ms (enqueue 0.0795288 ms)
[03/03/2026-11:04:08] [I] Average on 10 runs - GPU latency: 0.095459 ms - Host latency: 0.095459 ms (enqueue 0.0822022 ms)
[03/03/2026-11:04:08] [I] Average on 10 runs - GPU latency: 0.0959839 ms - Host latency: 0.0959839 ms (enqueue 0.0820679 ms)
[03/03/2026-11:04:08] [I] Average on 10 runs - GPU latency: 0.0959229 ms - Host latency: 0.0959229 ms (enqueue 0.0801758 ms)
[03/03/2026-11:04:08] [I] Average on 10 runs - GPU latency: 0.0967773 ms - Host latency: 0.0967773 ms (enqueue 0.0808716 ms)
[03/03/2026-11:04:08] [I] Average on 10 runs - GPU latency: 0.096106 ms - Host latency: 0.096106 ms (enqueue 0.0805054 ms)
[03/03/2026-11:04:08] [I] Average on 10 runs - GPU latency: 0.096875 ms - Host latency: 0.096875 ms (enqueue 0.0838257 ms)
[03/03/2026-11:04:08] [I] Average on 10 runs - GPU latency: 0.0970947 ms - Host latency: 0.0970947 ms (enqueue 0.0793945 ms)
[03/03/2026-11:04:08] [I] Average on 10 runs - GPU latency: 0.0963867 ms - Host latency: 0.0963867 ms (enqueue 0.0790039 ms)
[03/03/2026-11:04:08] [I] Average on 10 runs - GPU latency: 0.0954468 ms - Host latency: 0.0954468 ms (enqueue 0.0818481 ms)
[03/03/2026-11:04:08] [I] Average on 10 runs - GPU latency: 0.096106 ms - Host latency: 0.096106 ms (enqueue 0.0817749 ms)
[03/03/2026-11:04:08] [I] Average on 10 runs - GPU latency: 0.0957886 ms - Host latency: 0.0957886 ms (enqueue 0.0792358 ms)
[03/03/2026-11:04:08] [I] Average on 10 runs - GPU latency: 0.0964966 ms - Host latency: 0.0964966 ms (enqueue 0.0821045 ms)
[03/03/2026-11:04:08] [I] Average on 10 runs - GPU latency: 0.0964966 ms - Host latency: 0.0964966 ms (enqueue 0.0805298 ms)
[03/03/2026-11:04:08] [I] Average on 10 runs - GPU latency: 0.0959106 ms - Host latency: 0.0959106 ms (enqueue 0.0824341 ms)
[03/03/2026-11:04:08] [I] Average on 10 runs - GPU latency: 0.0961182 ms - Host latency: 0.0961182 ms (enqueue 0.0800903 ms)
[03/03/2026-11:04:08] [I] Average on 10 runs - GPU latency: 0.0965698 ms - Host latency: 0.0965698 ms (enqueue 0.0810181 ms)
[03/03/2026-11:04:08] [I] Average on 10 runs - GPU latency: 0.0960571 ms - Host latency: 0.0960571 ms (enqueue 0.0800659 ms)
[03/03/2026-11:04:08] [I] Average on 10 runs - GPU latency: 0.0953247 ms - Host latency: 0.0953247 ms (enqueue 0.0840454 ms)
[03/03/2026-11:04:08] [I] Average on 10 runs - GPU latency: 0.0957764 ms - Host latency: 0.0957764 ms (enqueue 0.0800781 ms)
[03/03/2026-11:04:08] [I] Average on 10 runs - GPU latency: 0.0959229 ms - Host latency: 0.0959229 ms (enqueue 0.0795898 ms)
[03/03/2026-11:04:08] [I] Average on 10 runs - GPU latency: 0.0962158 ms - Host latency: 0.0962158 ms (enqueue 0.0807373 ms)
[03/03/2026-11:04:08] [I] Average on 10 runs - GPU latency: 0.0963867 ms - Host latency: 0.0963867 ms (enqueue 0.0833496 ms)
[03/03/2026-11:04:08] [I] Average on 10 runs - GPU latency: 0.0962646 ms - Host latency: 0.0962646 ms (enqueue 0.0804321 ms)
[03/03/2026-11:04:08] [I] Average on 10 runs - GPU latency: 0.0961426 ms - Host latency: 0.0961426 ms (enqueue 0.0793213 ms)
[03/03/2026-11:04:08] [I] Average on 10 runs - GPU latency: 0.096106 ms - Host latency: 0.096106 ms (enqueue 0.080188 ms)
[03/03/2026-11:04:08] [I] Average on 10 runs - GPU latency: 0.0954712 ms - Host latency: 0.0954712 ms (enqueue 0.0846558 ms)
[03/03/2026-11:04:08] [I] Average on 10 runs - GPU latency: 0.0968262 ms - Host latency: 0.0968262 ms (enqueue 0.0806885 ms)
[03/03/2026-11:04:08] [I] Average on 10 runs - GPU latency: 0.0962402 ms - Host latency: 0.0962402 ms (enqueue 0.0799805 ms)
[03/03/2026-11:04:08] [I] Average on 10 runs - GPU latency: 0.0955322 ms - Host latency: 0.0955322 ms (enqueue 0.0804932 ms)
[03/03/2026-11:04:08] [I] Average on 10 runs - GPU latency: 0.0963379 ms - Host latency: 0.0963379 ms (enqueue 0.0807739 ms)
[03/03/2026-11:04:08] [I] Average on 10 runs - GPU latency: 0.095166 ms - Host latency: 0.095166 ms (enqueue 0.0817871 ms)
[03/03/2026-11:04:08] [I] Average on 10 runs - GPU latency: 0.0962036 ms - Host latency: 0.0962036 ms (enqueue 0.0801636 ms)
[03/03/2026-11:04:08] [I] Average on 10 runs - GPU latency: 0.0966553 ms - Host latency: 0.0966553 ms (enqueue 0.0790405 ms)
[03/03/2026-11:04:08] [I] Average on 10 runs - GPU latency: 0.0955933 ms - Host latency: 0.0955933 ms (enqueue 0.0818237 ms)
[03/03/2026-11:04:08] [I] Average on 10 runs - GPU latency: 0.0956299 ms - Host latency: 0.0956299 ms (enqueue 0.0834229 ms)
[03/03/2026-11:04:08] [I] Average on 10 runs - GPU latency: 0.0962402 ms - Host latency: 0.0962402 ms (enqueue 0.0797852 ms)
[03/03/2026-11:04:08] [I] Average on 10 runs - GPU latency: 0.0962646 ms - Host latency: 0.0962646 ms (enqueue 0.0789307 ms)
[03/03/2026-11:04:08] [I] Average on 10 runs - GPU latency: 0.0958496 ms - Host latency: 0.0958496 ms (enqueue 0.0819824 ms)
[03/03/2026-11:04:08] [I] Average on 10 runs - GPU latency: 0.0964111 ms - Host latency: 0.0964111 ms (enqueue 0.0824951 ms)
[03/03/2026-11:04:08] [I] Average on 10 runs - GPU latency: 0.0963379 ms - Host latency: 0.0963379 ms (enqueue 0.0800049 ms)
[03/03/2026-11:04:08] [I] Average on 10 runs - GPU latency: 0.0962891 ms - Host latency: 0.0962891 ms (enqueue 0.0797119 ms)
[03/03/2026-11:04:08] [I] Average on 10 runs - GPU latency: 0.09646 ms - Host latency: 0.09646 ms (enqueue 0.0811523 ms)
[03/03/2026-11:04:08] [I] Average on 10 runs - GPU latency: 0.0960205 ms - Host latency: 0.0960205 ms (enqueue 0.0836182 ms)
[03/03/2026-11:04:08] [I] Average on 10 runs - GPU latency: 0.0961426 ms - Host latency: 0.0961426 ms (enqueue 0.0801758 ms)
[03/03/2026-11:04:08] [I] Average on 10 runs - GPU latency: 0.0966064 ms - Host latency: 0.0966064 ms (enqueue 0.0804199 ms)
[03/03/2026-11:04:08] [I] Average on 10 runs - GPU latency: 0.0953613 ms - Host latency: 0.0953613 ms (enqueue 0.0803955 ms)
[03/03/2026-11:04:08] [I] Average on 10 runs - GPU latency: 0.0965332 ms - Host latency: 0.0965332 ms (enqueue 0.0822998 ms)
[03/03/2026-11:04:08] [I] Average on 10 runs - GPU latency: 0.0955566 ms - Host latency: 0.0955566 ms (enqueue 0.0794189 ms)
[03/03/2026-11:04:08] [I] Average on 10 runs - GPU latency: 0.095874 ms - Host latency: 0.095874 ms (enqueue 0.0806152 ms)
[03/03/2026-11:04:08] [I] Average on 10 runs - GPU latency: 0.0955078 ms - Host latency: 0.0955078 ms (enqueue 0.0809326 ms)
[03/03/2026-11:04:08] [I] Average on 10 runs - GPU latency: 0.0955566 ms - Host latency: 0.0955566 ms (enqueue 0.0831543 ms)
[03/03/2026-11:04:08] [I] Average on 10 runs - GPU latency: 0.0963135 ms - Host latency: 0.0963135 ms (enqueue 0.0799561 ms)
[03/03/2026-11:04:08] [I] Average on 10 runs - GPU latency: 0.0956543 ms - Host latency: 0.0956543 ms (enqueue 0.0801514 ms)
[03/03/2026-11:04:08] [I] Average on 10 runs - GPU latency: 0.0960449 ms - Host latency: 0.0960449 ms (enqueue 0.0796631 ms)
[03/03/2026-11:04:08] [I] Average on 10 runs - GPU latency: 0.0960449 ms - Host latency: 0.0960449 ms (enqueue 0.0828613 ms)
[03/03/2026-11:04:08] [I] Average on 10 runs - GPU latency: 0.0963379 ms - Host latency: 0.0963379 ms (enqueue 0.079248 ms)
[03/03/2026-11:04:08] [I] Average on 10 runs - GPU latency: 0.0956787 ms - Host latency: 0.0956787 ms (enqueue 0.0818603 ms)
[03/03/2026-11:04:08] [I] Average on 10 runs - GPU latency: 0.0960693 ms - Host latency: 0.0960693 ms (enqueue 0.0797363 ms)
[03/03/2026-11:04:08] [I] Average on 10 runs - GPU latency: 0.0958496 ms - Host latency: 0.0958496 ms (enqueue 0.0824463 ms)
[03/03/2026-11:04:08] [I] Average on 10 runs - GPU latency: 0.097168 ms - Host latency: 0.097168 ms (enqueue 0.0797852 ms)
[03/03/2026-11:04:08] [I] Average on 10 runs - GPU latency: 0.0961914 ms - Host latency: 0.0961914 ms (enqueue 0.0825684 ms)
[03/03/2026-11:04:08] [I] Average on 10 runs - GPU latency: 0.0964844 ms - Host latency: 0.0964844 ms (enqueue 0.0798584 ms)
[03/03/2026-11:04:08] [I] Average on 10 runs - GPU latency: 0.0954102 ms - Host latency: 0.0954102 ms (enqueue 0.0825439 ms)
[03/03/2026-11:04:08] [I] Average on 10 runs - GPU latency: 0.0962646 ms - Host latency: 0.0962646 ms (enqueue 0.0799805 ms)
[03/03/2026-11:04:08] [I] Average on 10 runs - GPU latency: 0.0969971 ms - Host latency: 0.0969971 ms (enqueue 0.080957 ms)
[03/03/2026-11:04:08] [I] Average on 10 runs - GPU latency: 0.0955566 ms - Host latency: 0.0955566 ms (enqueue 0.0800293 ms)
[03/03/2026-11:04:08] [I] Average on 10 runs - GPU latency: 0.0967041 ms - Host latency: 0.0967041 ms (enqueue 0.082959 ms)
[03/03/2026-11:04:08] [I] Average on 10 runs - GPU latency: 0.0955811 ms - Host latency: 0.0955811 ms (enqueue 0.0797119 ms)
[03/03/2026-11:04:08] [I] Average on 10 runs - GPU latency: 0.0959473 ms - Host latency: 0.0959473 ms (enqueue 0.079541 ms)
[03/03/2026-11:04:08] [I] Average on 10 runs - GPU latency: 0.0958496 ms - Host latency: 0.0958496 ms (enqueue 0.0826416 ms)
[03/03/2026-11:04:08] [I] Average on 10 runs - GPU latency: 0.0963135 ms - Host latency: 0.0963135 ms (enqueue 0.0818848 ms)
[03/03/2026-11:04:08] [I] Average on 10 runs - GPU latency: 0.0963135 ms - Host latency: 0.0963135 ms (enqueue 0.080127 ms)
[03/03/2026-11:04:08] [I] Average on 10 runs - GPU latency: 0.0967041 ms - Host latency: 0.0967041 ms (enqueue 0.0813477 ms)
[03/03/2026-11:04:08] [I] Average on 10 runs - GPU latency: 0.096167 ms - Host latency: 0.096167 ms (enqueue 0.0794922 ms)
[03/03/2026-11:04:08] [I] Average on 10 runs - GPU latency: 0.0960449 ms - Host latency: 0.0960449 ms (enqueue 0.0847656 ms)
[03/03/2026-11:04:08] [I] Average on 10 runs - GPU latency: 0.0960938 ms - Host latency: 0.0960938 ms (enqueue 0.0802002 ms)
[03/03/2026-11:04:08] [I] Average on 10 runs - GPU latency: 0.0959961 ms - Host latency: 0.0959961 ms (enqueue 0.0806152 ms)
[03/03/2026-11:04:08] [I] Average on 10 runs - GPU latency: 0.0971924 ms - Host latency: 0.0971924 ms (enqueue 0.079834 ms)
[03/03/2026-11:04:08] [I] Average on 10 runs - GPU latency: 0.0957764 ms - Host latency: 0.0957764 ms (enqueue 0.081665 ms)
[03/03/2026-11:04:08] [I] Average on 10 runs - GPU latency: 0.0965576 ms - Host latency: 0.0965576 ms (enqueue 0.0817627 ms)
[03/03/2026-11:04:08] [I] Average on 10 runs - GPU latency: 0.0957764 ms - Host latency: 0.0957764 ms (enqueue 0.0798584 ms)
[03/03/2026-11:04:08] [I] Average on 10 runs - GPU latency: 0.0955566 ms - Host latency: 0.0955566 ms (enqueue 0.0800293 ms)
[03/03/2026-11:04:08] [I] Average on 10 runs - GPU latency: 0.095459 ms - Host latency: 0.095459 ms (enqueue 0.0802002 ms)
[03/03/2026-11:04:08] [I] Average on 10 runs - GPU latency: 0.0967773 ms - Host latency: 0.0967773 ms (enqueue 0.0841064 ms)
[03/03/2026-11:04:08] [I] Average on 10 runs - GPU latency: 0.0957275 ms - Host latency: 0.0957275 ms (enqueue 0.0799316 ms)
[03/03/2026-11:04:08] [I] Average on 10 runs - GPU latency: 0.0963379 ms - Host latency: 0.0963379 ms (enqueue 0.0792969 ms)
[03/03/2026-11:04:08] [I] Average on 10 runs - GPU latency: 0.0958252 ms - Host latency: 0.0958252 ms (enqueue 0.0803711 ms)
[03/03/2026-11:04:08] [I] Average on 10 runs - GPU latency: 0.0962646 ms - Host latency: 0.0962646 ms (enqueue 0.0842041 ms)
[03/03/2026-11:04:08] [I] Average on 10 runs - GPU latency: 0.0963379 ms - Host latency: 0.0963379 ms (enqueue 0.0807861 ms)
[03/03/2026-11:04:08] [I] Average on 10 runs - GPU latency: 0.096167 ms - Host latency: 0.096167 ms (enqueue 0.0791748 ms)
[03/03/2026-11:04:08] [I] Average on 10 runs - GPU latency: 0.095459 ms - Host latency: 0.095459 ms (enqueue 0.0803955 ms)
[03/03/2026-11:04:08] [I] Average on 10 runs - GPU latency: 0.096167 ms - Host latency: 0.096167 ms (enqueue 0.0821045 ms)
[03/03/2026-11:04:08] [I] Average on 10 runs - GPU latency: 0.0962891 ms - Host latency: 0.0962891 ms (enqueue 0.0828613 ms)
[03/03/2026-11:04:08] [I] Average on 10 runs - GPU latency: 0.0962891 ms - Host latency: 0.0962891 ms (enqueue 0.0812012 ms)
[03/03/2026-11:04:08] [I] Average on 10 runs - GPU latency: 0.0953369 ms - Host latency: 0.0953369 ms (enqueue 0.0812256 ms)
[03/03/2026-11:04:08] [I] Average on 10 runs - GPU latency: 0.0967529 ms - Host latency: 0.0967529 ms (enqueue 0.0835693 ms)
[03/03/2026-11:04:08] [I] Average on 10 runs - GPU latency: 0.0954346 ms - Host latency: 0.0954346 ms (enqueue 0.079834 ms)
[03/03/2026-11:04:08] [I] Average on 10 runs - GPU latency: 0.0960693 ms - Host latency: 0.0960693 ms (enqueue 0.0805908 ms)
[03/03/2026-11:04:08] [I] Average on 10 runs - GPU latency: 0.0963867 ms - Host latency: 0.0963867 ms (enqueue 0.0804199 ms)
[03/03/2026-11:04:08] [I] Average on 10 runs - GPU latency: 0.0962891 ms - Host latency: 0.0962891 ms (enqueue 0.0829834 ms)
[03/03/2026-11:04:08] [I] Average on 10 runs - GPU latency: 0.0958984 ms - Host latency: 0.0958984 ms (enqueue 0.0792725 ms)
[03/03/2026-11:04:08] [I] Average on 10 runs - GPU latency: 0.0962158 ms - Host latency: 0.0962158 ms (enqueue 0.0792236 ms)
[03/03/2026-11:04:08] [I] Average on 10 runs - GPU latency: 0.095752 ms - Host latency: 0.095752 ms (enqueue 0.082666 ms)
[03/03/2026-11:04:08] [I] Average on 10 runs - GPU latency: 0.0961182 ms - Host latency: 0.0961182 ms (enqueue 0.0810791 ms)
[03/03/2026-11:04:08] [I] Average on 10 runs - GPU latency: 0.0962891 ms - Host latency: 0.0962891 ms (enqueue 0.0803955 ms)
[03/03/2026-11:04:08] [I] Average on 10 runs - GPU latency: 0.0967773 ms - Host latency: 0.0967773 ms (enqueue 0.0811768 ms)
[03/03/2026-11:04:08] [I] Average on 10 runs - GPU latency: 0.0961426 ms - Host latency: 0.0961426 ms (enqueue 0.0810791 ms)
[03/03/2026-11:04:08] [I] Average on 10 runs - GPU latency: 0.0961426 ms - Host latency: 0.0961426 ms (enqueue 0.0811035 ms)
[03/03/2026-11:04:08] [I] Average on 10 runs - GPU latency: 0.0957031 ms - Host latency: 0.0957031 ms (enqueue 0.0798828 ms)
[03/03/2026-11:04:08] [I] Average on 10 runs - GPU latency: 0.0955811 ms - Host latency: 0.0955811 ms (enqueue 0.0803467 ms)
[03/03/2026-11:04:08] [I] Average on 10 runs - GPU latency: 0.095752 ms - Host latency: 0.095752 ms (enqueue 0.0798584 ms)
[03/03/2026-11:04:08] [I] Average on 10 runs - GPU latency: 0.0959717 ms - Host latency: 0.0959717 ms (enqueue 0.0822022 ms)
[03/03/2026-11:04:08] [I] Average on 10 runs - GPU latency: 0.0960938 ms - Host latency: 0.0960938 ms (enqueue 0.0808838 ms)
[03/03/2026-11:04:08] [I] Average on 10 runs - GPU latency: 0.0969727 ms - Host latency: 0.0969727 ms (enqueue 0.0794922 ms)
[03/03/2026-11:04:08] [I] Average on 10 runs - GPU latency: 0.0953613 ms - Host latency: 0.0953613 ms (enqueue 0.0799805 ms)
[03/03/2026-11:04:08] [I] Average on 10 runs - GPU latency: 0.0956543 ms - Host latency: 0.0956543 ms (enqueue 0.0845947 ms)
[03/03/2026-11:04:08] [I] Average on 10 runs - GPU latency: 0.0960938 ms - Host latency: 0.0960938 ms (enqueue 0.0800537 ms)
[03/03/2026-11:04:08] [I] Average on 10 runs - GPU latency: 0.0963135 ms - Host latency: 0.0963135 ms (enqueue 0.0807861 ms)
[03/03/2026-11:04:08] [I] Average on 10 runs - GPU latency: 0.0962646 ms - Host latency: 0.0962646 ms (enqueue 0.0800049 ms)
[03/03/2026-11:04:08] [I] Average on 10 runs - GPU latency: 0.0953369 ms - Host latency: 0.0953369 ms (enqueue 0.0820801 ms)
[03/03/2026-11:04:08] [I] Average on 10 runs - GPU latency: 0.0954834 ms - Host latency: 0.0954834 ms (enqueue 0.0795898 ms)
[03/03/2026-11:04:08] [I] Average on 10 runs - GPU latency: 0.0953613 ms - Host latency: 0.0953613 ms (enqueue 0.080249 ms)
[03/03/2026-11:04:08] [I] Average on 10 runs - GPU latency: 0.0959717 ms - Host latency: 0.0959717 ms (enqueue 0.0789551 ms)
[03/03/2026-11:04:08] [I] Average on 10 runs - GPU latency: 0.0957275 ms - Host latency: 0.0957275 ms (enqueue 0.0844238 ms)
[03/03/2026-11:04:08] [I] Average on 10 runs - GPU latency: 0.0962402 ms - Host latency: 0.0962402 ms (enqueue 0.0803467 ms)
[03/03/2026-11:04:08] [I] Average on 10 runs - GPU latency: 0.0959229 ms - Host latency: 0.0959229 ms (enqueue 0.0800781 ms)
[03/03/2026-11:04:08] [I] Average on 10 runs - GPU latency: 0.0963867 ms - Host latency: 0.0963867 ms (enqueue 0.0803955 ms)
[03/03/2026-11:04:08] [I] Average on 10 runs - GPU latency: 0.096167 ms - Host latency: 0.096167 ms (enqueue 0.0802246 ms)
[03/03/2026-11:04:08] [I] Average on 10 runs - GPU latency: 0.0961426 ms - Host latency: 0.0961426 ms (enqueue 0.0826172 ms)
[03/03/2026-11:04:08] [I] Average on 10 runs - GPU latency: 0.0961182 ms - Host latency: 0.0961182 ms (enqueue 0.0800537 ms)
[03/03/2026-11:04:08] [I] Average on 10 runs - GPU latency: 0.0963623 ms - Host latency: 0.0963623 ms (enqueue 0.0798828 ms)
[03/03/2026-11:04:08] [I] Average on 10 runs - GPU latency: 0.095874 ms - Host latency: 0.095874 ms (enqueue 0.0819824 ms)
[03/03/2026-11:04:08] [I] Average on 10 runs - GPU latency: 0.0962158 ms - Host latency: 0.0962158 ms (enqueue 0.0824707 ms)
[03/03/2026-11:04:08] [I] Average on 10 runs - GPU latency: 0.0965088 ms - Host latency: 0.0965088 ms (enqueue 0.0797852 ms)
[03/03/2026-11:04:08] [I] Average on 10 runs - GPU latency: 0.0956055 ms - Host latency: 0.0956055 ms (enqueue 0.0794189 ms)
[03/03/2026-11:04:08] [I] Average on 10 runs - GPU latency: 0.0961182 ms - Host latency: 0.0961182 ms (enqueue 0.0826904 ms)
[03/03/2026-11:04:08] [I] Average on 10 runs - GPU latency: 0.0959473 ms - Host latency: 0.0959473 ms (enqueue 0.0806641 ms)
[03/03/2026-11:04:08] [I] Average on 10 runs - GPU latency: 0.0971436 ms - Host latency: 0.0971436 ms (enqueue 0.0793945 ms)
[03/03/2026-11:04:08] [I] Average on 10 runs - GPU latency: 0.0955566 ms - Host latency: 0.0955566 ms (enqueue 0.0800293 ms)
[03/03/2026-11:04:08] [I] Average on 10 runs - GPU latency: 0.0956055 ms - Host latency: 0.0956055 ms (enqueue 0.0818848 ms)
[03/03/2026-11:04:08] [I] Average on 10 runs - GPU latency: 0.0953369 ms - Host latency: 0.0953369 ms (enqueue 0.0811768 ms)
[03/03/2026-11:04:08] [I] Average on 10 runs - GPU latency: 0.0963623 ms - Host latency: 0.0963623 ms (enqueue 0.0797363 ms)
[03/03/2026-11:04:08] [I] Average on 10 runs - GPU latency: 0.0961914 ms - Host latency: 0.0961914 ms (enqueue 0.0797852 ms)
[03/03/2026-11:04:08] [I] Average on 10 runs - GPU latency: 0.0968506 ms - Host latency: 0.0968506 ms (enqueue 0.0807617 ms)
[03/03/2026-11:04:08] [I] Average on 10 runs - GPU latency: 0.0962646 ms - Host latency: 0.0962646 ms (enqueue 0.0850342 ms)
[03/03/2026-11:04:08] [I] Average on 10 runs - GPU latency: 0.0968994 ms - Host latency: 0.0968994 ms (enqueue 0.0792236 ms)
[03/03/2026-11:04:08] [I] Average on 10 runs - GPU latency: 0.0964111 ms - Host latency: 0.0964111 ms (enqueue 0.0802002 ms)
[03/03/2026-11:04:08] [I] Average on 10 runs - GPU latency: 0.0962891 ms - Host latency: 0.0962891 ms (enqueue 0.0796387 ms)
[03/03/2026-11:04:08] [I] Average on 10 runs - GPU latency: 0.0959229 ms - Host latency: 0.0959229 ms (enqueue 0.0826416 ms)
[03/03/2026-11:04:08] [I] Average on 10 runs - GPU latency: 0.0952881 ms - Host latency: 0.0952881 ms (enqueue 0.079541 ms)
[03/03/2026-11:04:08] [I] Average on 10 runs - GPU latency: 0.0959473 ms - Host latency: 0.0959473 ms (enqueue 0.0813477 ms)
[03/03/2026-11:04:08] [I] Average on 10 runs - GPU latency: 0.0954102 ms - Host latency: 0.0954102 ms (enqueue 0.0803223 ms)
[03/03/2026-11:04:08] [I] Average on 10 runs - GPU latency: 0.0960449 ms - Host latency: 0.0960449 ms (enqueue 0.0829102 ms)
[03/03/2026-11:04:08] [I] Average on 10 runs - GPU latency: 0.0965088 ms - Host latency: 0.0965088 ms (enqueue 0.0806641 ms)
[03/03/2026-11:04:08] [I] Average on 10 runs - GPU latency: 0.0959229 ms - Host latency: 0.0959229 ms (enqueue 0.0788574 ms)
[03/03/2026-11:04:08] [I] Average on 10 runs - GPU latency: 0.0959473 ms - Host latency: 0.0959473 ms (enqueue 0.0795166 ms)
[03/03/2026-11:04:08] [I] Average on 10 runs - GPU latency: 0.0962158 ms - Host latency: 0.0962158 ms (enqueue 0.0855469 ms)
[03/03/2026-11:04:08] [I] Average on 10 runs - GPU latency: 0.096582 ms - Host latency: 0.096582 ms (enqueue 0.0793945 ms)
[03/03/2026-11:04:08] [I] Average on 10 runs - GPU latency: 0.096582 ms - Host latency: 0.096582 ms (enqueue 0.0801758 ms)
[03/03/2026-11:04:08] [I] Average on 10 runs - GPU latency: 0.0959961 ms - Host latency: 0.0959961 ms (enqueue 0.0797363 ms)
[03/03/2026-11:04:08] [I] Average on 10 runs - GPU latency: 0.0962891 ms - Host latency: 0.0962891 ms (enqueue 0.0837891 ms)
[03/03/2026-11:04:08] [I] Average on 10 runs - GPU latency: 0.0955811 ms - Host latency: 0.0955811 ms (enqueue 0.080127 ms)
[03/03/2026-11:04:08] [I] Average on 10 runs - GPU latency: 0.0963379 ms - Host latency: 0.0963379 ms (enqueue 0.079541 ms)
[03/03/2026-11:04:08] [I] Average on 10 runs - GPU latency: 0.0963135 ms - Host latency: 0.0963135 ms (enqueue 0.0803955 ms)
[03/03/2026-11:04:08] [I] Average on 10 runs - GPU latency: 0.0958008 ms - Host latency: 0.0958008 ms (enqueue 0.0822998 ms)
[03/03/2026-11:04:08] [I] Average on 10 runs - GPU latency: 0.0961426 ms - Host latency: 0.0961426 ms (enqueue 0.0804688 ms)
[03/03/2026-11:04:08] [I] Average on 10 runs - GPU latency: 0.0960938 ms - Host latency: 0.0960938 ms (enqueue 0.0791992 ms)
[03/03/2026-11:04:08] [I] Average on 10 runs - GPU latency: 0.0966064 ms - Host latency: 0.0966064 ms (enqueue 0.0824951 ms)
[03/03/2026-11:04:08] [I] Average on 10 runs - GPU latency: 0.0955322 ms - Host latency: 0.0955322 ms (enqueue 0.0820557 ms)
[03/03/2026-11:04:08] [I] Average on 10 runs - GPU latency: 0.0959717 ms - Host latency: 0.0959717 ms (enqueue 0.079248 ms)
[03/03/2026-11:04:08] [I] Average on 10 runs - GPU latency: 0.0955078 ms - Host latency: 0.0955078 ms (enqueue 0.0797119 ms)
[03/03/2026-11:04:08] [I] Average on 10 runs - GPU latency: 0.0960205 ms - Host latency: 0.0960205 ms (enqueue 0.0814697 ms)
[03/03/2026-11:04:08] [I] Average on 10 runs - GPU latency: 0.0962891 ms - Host latency: 0.0962891 ms (enqueue 0.0807617 ms)
[03/03/2026-11:04:08] [I] Average on 10 runs - GPU latency: 0.0961426 ms - Host latency: 0.0961426 ms (enqueue 0.0799316 ms)
[03/03/2026-11:04:08] [I] Average on 10 runs - GPU latency: 0.0954834 ms - Host latency: 0.0954834 ms (enqueue 0.0803467 ms)
[03/03/2026-11:04:08] [I] Average on 10 runs - GPU latency: 0.0959717 ms - Host latency: 0.0959717 ms (enqueue 0.082666 ms)
[03/03/2026-11:04:08] [I] Average on 10 runs - GPU latency: 0.0957031 ms - Host latency: 0.0957031 ms (enqueue 0.0801025 ms)
[03/03/2026-11:04:08] [I] Average on 10 runs - GPU latency: 0.0966309 ms - Host latency: 0.0966309 ms (enqueue 0.0847168 ms)
[03/03/2026-11:04:08] [I] Average on 10 runs - GPU latency: 0.0971191 ms - Host latency: 0.0971191 ms (enqueue 0.0798828 ms)
[03/03/2026-11:04:08] [I] Average on 10 runs - GPU latency: 0.0960938 ms - Host latency: 0.0960938 ms (enqueue 0.0804443 ms)
[03/03/2026-11:04:08] [I] Average on 10 runs - GPU latency: 0.0962158 ms - Host latency: 0.0962158 ms (enqueue 0.0805664 ms)
[03/03/2026-11:04:08] [I] Average on 10 runs - GPU latency: 0.0962646 ms - Host latency: 0.0962646 ms (enqueue 0.0827637 ms)
[03/03/2026-11:04:08] [I] Average on 10 runs - GPU latency: 0.095874 ms - Host latency: 0.095874 ms (enqueue 0.0803955 ms)
[03/03/2026-11:04:08] [I] Average on 10 runs - GPU latency: 0.0963135 ms - Host latency: 0.0963135 ms (enqueue 0.0797363 ms)
[03/03/2026-11:04:08] [I] Average on 10 runs - GPU latency: 0.0966309 ms - Host latency: 0.0966309 ms (enqueue 0.0814453 ms)
[03/03/2026-11:04:08] [I] Average on 10 runs - GPU latency: 0.0960938 ms - Host latency: 0.0960938 ms (enqueue 0.0831787 ms)
[03/03/2026-11:04:08] [I] Average on 10 runs - GPU latency: 0.0967529 ms - Host latency: 0.0967529 ms (enqueue 0.0801514 ms)
[03/03/2026-11:04:08] [I] Average on 10 runs - GPU latency: 0.0968262 ms - Host latency: 0.0968262 ms (enqueue 0.0801514 ms)
[03/03/2026-11:04:08] [I] Average on 10 runs - GPU latency: 0.0963135 ms - Host latency: 0.0963135 ms (enqueue 0.0802002 ms)
[03/03/2026-11:04:08] [I] Average on 10 runs - GPU latency: 0.0959473 ms - Host latency: 0.0959473 ms (enqueue 0.0854736 ms)
[03/03/2026-11:04:08] [I] Average on 10 runs - GPU latency: 0.0956299 ms - Host latency: 0.0956299 ms (enqueue 0.079541 ms)
[03/03/2026-11:04:08] [I] Average on 10 runs - GPU latency: 0.0966797 ms - Host latency: 0.0966797 ms (enqueue 0.0807617 ms)
[03/03/2026-11:04:08] [I] Average on 10 runs - GPU latency: 0.0964355 ms - Host latency: 0.0964355 ms (enqueue 0.0795166 ms)
[03/03/2026-11:04:08] [I] Average on 10 runs - GPU latency: 0.0961426 ms - Host latency: 0.0961426 ms (enqueue 0.0839355 ms)
[03/03/2026-11:04:08] [I] Average on 10 runs - GPU latency: 0.0961914 ms - Host latency: 0.0961914 ms (enqueue 0.0799561 ms)
[03/03/2026-11:04:08] [I] Average on 10 runs - GPU latency: 0.0964355 ms - Host latency: 0.0964355 ms (enqueue 0.0803467 ms)
[03/03/2026-11:04:08] [I] Average on 10 runs - GPU latency: 0.0954102 ms - Host latency: 0.0954102 ms (enqueue 0.0820068 ms)
[03/03/2026-11:04:08] [I] Average on 10 runs - GPU latency: 0.096875 ms - Host latency: 0.096875 ms (enqueue 0.0836426 ms)
[03/03/2026-11:04:08] [I] Average on 10 runs - GPU latency: 0.0961426 ms - Host latency: 0.0961426 ms (enqueue 0.0797852 ms)
[03/03/2026-11:04:08] [I] Average on 10 runs - GPU latency: 0.09646 ms - Host latency: 0.09646 ms (enqueue 0.0793701 ms)
[03/03/2026-11:04:08] [I] Average on 10 runs - GPU latency: 0.0963379 ms - Host latency: 0.0963379 ms (enqueue 0.0797363 ms)
[03/03/2026-11:04:08] [I] Average on 10 runs - GPU latency: 0.0964844 ms - Host latency: 0.0964844 ms (enqueue 0.0842529 ms)
[03/03/2026-11:04:08] [I] Average on 10 runs - GPU latency: 0.0966064 ms - Host latency: 0.0966064 ms (enqueue 0.0791992 ms)
[03/03/2026-11:04:08] [I] Average on 10 runs - GPU latency: 0.0960693 ms - Host latency: 0.0960693 ms (enqueue 0.080127 ms)
[03/03/2026-11:04:08] [I] Average on 10 runs - GPU latency: 0.0960205 ms - Host latency: 0.0960205 ms (enqueue 0.0825195 ms)
[03/03/2026-11:04:08] [I] Average on 10 runs - GPU latency: 0.0958252 ms - Host latency: 0.0958252 ms (enqueue 0.0818359 ms)
[03/03/2026-11:04:08] [I] Average on 10 runs - GPU latency: 0.0956787 ms - Host latency: 0.0956787 ms (enqueue 0.0799316 ms)
[03/03/2026-11:04:08] [I] Average on 10 runs - GPU latency: 0.0962158 ms - Host latency: 0.0962158 ms (enqueue 0.0799805 ms)
[03/03/2026-11:04:08] [I] Average on 10 runs - GPU latency: 0.0957275 ms - Host latency: 0.0957275 ms (enqueue 0.0800781 ms)
[03/03/2026-11:04:08] [I] Average on 10 runs - GPU latency: 0.0958496 ms - Host latency: 0.0958496 ms (enqueue 0.0822754 ms)
[03/03/2026-11:04:08] [I] Average on 10 runs - GPU latency: 0.0968262 ms - Host latency: 0.0968262 ms (enqueue 0.0793213 ms)
[03/03/2026-11:04:08] [I] Average on 10 runs - GPU latency: 0.0960938 ms - Host latency: 0.0960938 ms (enqueue 0.0788818 ms)
[03/03/2026-11:04:08] [I] Average on 10 runs - GPU latency: 0.0956787 ms - Host latency: 0.0956787 ms (enqueue 0.0825684 ms)
[03/03/2026-11:04:08] [I] Average on 10 runs - GPU latency: 0.0954346 ms - Host latency: 0.0954346 ms (enqueue 0.0821533 ms)
[03/03/2026-11:04:08] [I] Average on 10 runs - GPU latency: 0.0965332 ms - Host latency: 0.0965332 ms (enqueue 0.0792725 ms)
[03/03/2026-11:04:08] [I] Average on 10 runs - GPU latency: 0.0963135 ms - Host latency: 0.0963135 ms (enqueue 0.0795654 ms)
[03/03/2026-11:04:08] [I] Average on 10 runs - GPU latency: 0.0964111 ms - Host latency: 0.0964111 ms (enqueue 0.0813232 ms)
[03/03/2026-11:04:08] [I] Average on 10 runs - GPU latency: 0.0963379 ms - Host latency: 0.0963379 ms (enqueue 0.0814941 ms)
[03/03/2026-11:04:08] [I] Average on 10 runs - GPU latency: 0.0963867 ms - Host latency: 0.0963867 ms (enqueue 0.0797363 ms)
[03/03/2026-11:04:08] [I] Average on 10 runs - GPU latency: 0.0961182 ms - Host latency: 0.0961182 ms (enqueue 0.0813965 ms)
[03/03/2026-11:04:08] [I] Average on 10 runs - GPU latency: 0.09646 ms - Host latency: 0.09646 ms (enqueue 0.0806885 ms)
[03/03/2026-11:04:08] [I] Average on 10 runs - GPU latency: 0.0958496 ms - Host latency: 0.0958496 ms (enqueue 0.0853516 ms)
[03/03/2026-11:04:08] [I] Average on 10 runs - GPU latency: 0.0955566 ms - Host latency: 0.0955566 ms (enqueue 0.080249 ms)
[03/03/2026-11:04:08] [I] Average on 10 runs - GPU latency: 0.096875 ms - Host latency: 0.096875 ms (enqueue 0.0796387 ms)
[03/03/2026-11:04:08] [I] Average on 10 runs - GPU latency: 0.0957764 ms - Host latency: 0.0957764 ms (enqueue 0.0800049 ms)
[03/03/2026-11:04:08] [I] Average on 10 runs - GPU latency: 0.0947021 ms - Host latency: 0.0947021 ms (enqueue 0.0811035 ms)
[03/03/2026-11:04:08] [I] Average on 10 runs - GPU latency: 0.0964355 ms - Host latency: 0.0964355 ms (enqueue 0.0820312 ms)
[03/03/2026-11:04:08] [I] Average on 10 runs - GPU latency: 0.0952881 ms - Host latency: 0.0952881 ms (enqueue 0.0796387 ms)
[03/03/2026-11:04:08] [I] Average on 10 runs - GPU latency: 0.0960449 ms - Host latency: 0.0960449 ms (enqueue 0.0805176 ms)
[03/03/2026-11:04:08] [I] Average on 10 runs - GPU latency: 0.0960449 ms - Host latency: 0.0960449 ms (enqueue 0.0794434 ms)
[03/03/2026-11:04:08] [I] Average on 10 runs - GPU latency: 0.0962158 ms - Host latency: 0.0962158 ms (enqueue 0.0828857 ms)
[03/03/2026-11:04:08] [I] Average on 10 runs - GPU latency: 0.0955811 ms - Host latency: 0.0955811 ms (enqueue 0.0828613 ms)
[03/03/2026-11:04:08] [I] Average on 10 runs - GPU latency: 0.0959229 ms - Host latency: 0.0959229 ms (enqueue 0.0796875 ms)
[03/03/2026-11:04:08] [I] Average on 10 runs - GPU latency: 0.0968018 ms - Host latency: 0.0968018 ms (enqueue 0.0785889 ms)
[03/03/2026-11:04:08] [I] Average on 10 runs - GPU latency: 0.0959961 ms - Host latency: 0.0959961 ms (enqueue 0.082959 ms)
[03/03/2026-11:04:08] [I] Average on 10 runs - GPU latency: 0.0955566 ms - Host latency: 0.0955566 ms (enqueue 0.080542 ms)
[03/03/2026-11:04:08] [I] Average on 10 runs - GPU latency: 0.0957764 ms - Host latency: 0.0957764 ms (enqueue 0.0806396 ms)
[03/03/2026-11:04:08] [I] Average on 10 runs - GPU latency: 0.0960449 ms - Host latency: 0.0960449 ms (enqueue 0.0801514 ms)
[03/03/2026-11:04:08] [I] Average on 10 runs - GPU latency: 0.0958496 ms - Host latency: 0.0958496 ms (enqueue 0.0825439 ms)
[03/03/2026-11:04:08] [I] Average on 10 runs - GPU latency: 0.0960205 ms - Host latency: 0.0960205 ms (enqueue 0.0803223 ms)
[03/03/2026-11:04:08] [I] Average on 10 runs - GPU latency: 0.0962158 ms - Host latency: 0.0962158 ms (enqueue 0.0799805 ms)
[03/03/2026-11:04:08] [I] Average on 10 runs - GPU latency: 0.0953369 ms - Host latency: 0.0953369 ms (enqueue 0.0808838 ms)
[03/03/2026-11:04:08] [I] Average on 10 runs - GPU latency: 0.0957031 ms - Host latency: 0.0957031 ms (enqueue 0.0835937 ms)
[03/03/2026-11:04:08] [I] Average on 10 runs - GPU latency: 0.09646 ms - Host latency: 0.09646 ms (enqueue 0.0795166 ms)
[03/03/2026-11:04:08] [I] Average on 10 runs - GPU latency: 0.0963623 ms - Host latency: 0.0963623 ms (enqueue 0.0795898 ms)
[03/03/2026-11:04:08] [I] Average on 10 runs - GPU latency: 0.0957275 ms - Host latency: 0.0957275 ms (enqueue 0.08125 ms)
[03/03/2026-11:04:08] [I] Average on 10 runs - GPU latency: 0.0958008 ms - Host latency: 0.0958008 ms (enqueue 0.0834473 ms)
[03/03/2026-11:04:08] [I] Average on 10 runs - GPU latency: 0.0960693 ms - Host latency: 0.0960693 ms (enqueue 0.0797607 ms)
[03/03/2026-11:04:08] [I] Average on 10 runs - GPU latency: 0.0963135 ms - Host latency: 0.0963135 ms (enqueue 0.0804688 ms)
[03/03/2026-11:04:08] [I] Average on 10 runs - GPU latency: 0.0968994 ms - Host latency: 0.0968994 ms (enqueue 0.0800537 ms)
[03/03/2026-11:04:08] [I] Average on 10 runs - GPU latency: 0.0951904 ms - Host latency: 0.0951904 ms (enqueue 0.0841553 ms)
[03/03/2026-11:04:08] [I] Average on 10 runs - GPU latency: 0.0963135 ms - Host latency: 0.0963135 ms (enqueue 0.0800537 ms)
[03/03/2026-11:04:08] [I] Average on 10 runs - GPU latency: 0.0963623 ms - Host latency: 0.0963623 ms (enqueue 0.0805908 ms)
[03/03/2026-11:04:08] [I] Average on 10 runs - GPU latency: 0.0965088 ms - Host latency: 0.0965088 ms (enqueue 0.0801758 ms)
[03/03/2026-11:04:08] [I] Average on 10 runs - GPU latency: 0.095459 ms - Host latency: 0.095459 ms (enqueue 0.0838867 ms)
[03/03/2026-11:04:08] [I] Average on 10 runs - GPU latency: 0.0958496 ms - Host latency: 0.0958496 ms (enqueue 0.0800537 ms)
[03/03/2026-11:04:08] [I] Average on 10 runs - GPU latency: 0.0965576 ms - Host latency: 0.0965576 ms (enqueue 0.079541 ms)
[03/03/2026-11:04:08] [I] Average on 10 runs - GPU latency: 0.0960938 ms - Host latency: 0.0960938 ms (enqueue 0.0815674 ms)
[03/03/2026-11:04:08] [I] Average on 10 runs - GPU latency: 0.0961182 ms - Host latency: 0.0961182 ms (enqueue 0.0822022 ms)
[03/03/2026-11:04:08] [I] Average on 10 runs - GPU latency: 0.0960938 ms - Host latency: 0.0960938 ms (enqueue 0.079248 ms)
[03/03/2026-11:04:08] [I] Average on 10 runs - GPU latency: 0.09646 ms - Host latency: 0.09646 ms (enqueue 0.0805176 ms)
[03/03/2026-11:04:08] [I] Average on 10 runs - GPU latency: 0.0960938 ms - Host latency: 0.0960938 ms (enqueue 0.0807373 ms)
[03/03/2026-11:04:08] [I] Average on 10 runs - GPU latency: 0.0956055 ms - Host latency: 0.0956055 ms (enqueue 0.0842285 ms)
[03/03/2026-11:04:08] [I] Average on 10 runs - GPU latency: 0.0966553 ms - Host latency: 0.0966553 ms (enqueue 0.079126 ms)
[03/03/2026-11:04:08] [I] Average on 10 runs - GPU latency: 0.0960449 ms - Host latency: 0.0960449 ms (enqueue 0.0801025 ms)
[03/03/2026-11:04:08] [I] Average on 10 runs - GPU latency: 0.0960449 ms - Host latency: 0.0960449 ms (enqueue 0.0804199 ms)
[03/03/2026-11:04:08] [I] Average on 10 runs - GPU latency: 0.095166 ms - Host latency: 0.095166 ms (enqueue 0.08125 ms)
[03/03/2026-11:04:08] [I] Average on 10 runs - GPU latency: 0.0959961 ms - Host latency: 0.0959961 ms (enqueue 0.079834 ms)
[03/03/2026-11:04:08] [I] Average on 10 runs - GPU latency: 0.0959717 ms - Host latency: 0.0959717 ms (enqueue 0.0795166 ms)
[03/03/2026-11:04:08] [I] Average on 10 runs - GPU latency: 0.096582 ms - Host latency: 0.096582 ms (enqueue 0.0817627 ms)
[03/03/2026-11:04:08] [I] Average on 10 runs - GPU latency: 0.0966797 ms - Host latency: 0.0966797 ms (enqueue 0.0794678 ms)
[03/03/2026-11:04:08] [I] Average on 10 runs - GPU latency: 0.0966553 ms - Host latency: 0.0966553 ms (enqueue 0.0804932 ms)
[03/03/2026-11:04:08] [I] Average on 10 runs - GPU latency: 0.0963135 ms - Host latency: 0.0963135 ms (enqueue 0.0832031 ms)
[03/03/2026-11:04:08] [I] Average on 10 runs - GPU latency: 0.096582 ms - Host latency: 0.096582 ms (enqueue 0.0791504 ms)
[03/03/2026-11:04:08] [I] Average on 10 runs - GPU latency: 0.0961914 ms - Host latency: 0.0961914 ms (enqueue 0.0827637 ms)
[03/03/2026-11:04:08] [I] Average on 10 runs - GPU latency: 0.0970459 ms - Host latency: 0.0970459 ms (enqueue 0.0842529 ms)
[03/03/2026-11:04:08] [I] Average on 10 runs - GPU latency: 0.0963379 ms - Host latency: 0.0963379 ms (enqueue 0.0804443 ms)
[03/03/2026-11:04:08] [I] Average on 10 runs - GPU latency: 0.0955566 ms - Host latency: 0.0955566 ms (enqueue 0.0803711 ms)
[03/03/2026-11:04:08] [I] Average on 10 runs - GPU latency: 0.0969238 ms - Host latency: 0.0969238 ms (enqueue 0.0797119 ms)
[03/03/2026-11:04:08] [I] Average on 10 runs - GPU latency: 0.095752 ms - Host latency: 0.095752 ms (enqueue 0.081958 ms)
[03/03/2026-11:04:08] [I] Average on 10 runs - GPU latency: 0.0962891 ms - Host latency: 0.0962891 ms (enqueue 0.0796631 ms)
[03/03/2026-11:04:08] [I] Average on 10 runs - GPU latency: 0.0963623 ms - Host latency: 0.0963623 ms (enqueue 0.0814941 ms)
[03/03/2026-11:04:08] [I] Average on 10 runs - GPU latency: 0.0966797 ms - Host latency: 0.0966797 ms (enqueue 0.0810791 ms)
[03/03/2026-11:04:08] [I] Average on 10 runs - GPU latency: 0.0960938 ms - Host latency: 0.0960938 ms (enqueue 0.082251 ms)
[03/03/2026-11:04:08] [I] Average on 10 runs - GPU latency: 0.0968506 ms - Host latency: 0.0968506 ms (enqueue 0.0793457 ms)
[03/03/2026-11:04:08] [I] Average on 10 runs - GPU latency: 0.0958496 ms - Host latency: 0.0958496 ms (enqueue 0.0805908 ms)
[03/03/2026-11:04:08] [I] Average on 10 runs - GPU latency: 0.0960693 ms - Host latency: 0.0960693 ms (enqueue 0.081665 ms)
[03/03/2026-11:04:08] [I] Average on 10 runs - GPU latency: 0.0956787 ms - Host latency: 0.0956787 ms (enqueue 0.0830811 ms)
[03/03/2026-11:04:08] [I] Average on 10 runs - GPU latency: 0.0963623 ms - Host latency: 0.0963623 ms (enqueue 0.0806396 ms)
[03/03/2026-11:04:08] [I] Average on 10 runs - GPU latency: 0.0960205 ms - Host latency: 0.0960205 ms (enqueue 0.0801025 ms)
[03/03/2026-11:04:08] [I] Average on 10 runs - GPU latency: 0.0958252 ms - Host latency: 0.0958252 ms (enqueue 0.079834 ms)
[03/03/2026-11:04:08] [I] Average on 10 runs - GPU latency: 0.0960205 ms - Host latency: 0.0960205 ms (enqueue 0.0819336 ms)
[03/03/2026-11:04:08] [I] Average on 10 runs - GPU latency: 0.0965088 ms - Host latency: 0.0965088 ms (enqueue 0.0818359 ms)
[03/03/2026-11:04:08] [I] Average on 10 runs - GPU latency: 0.0964844 ms - Host latency: 0.0964844 ms (enqueue 0.0800049 ms)
[03/03/2026-11:04:08] [I] Average on 10 runs - GPU latency: 0.0964355 ms - Host latency: 0.0964355 ms (enqueue 0.0797607 ms)
[03/03/2026-11:04:08] [I] Average on 10 runs - GPU latency: 0.096167 ms - Host latency: 0.096167 ms (enqueue 0.0845215 ms)
[03/03/2026-11:04:08] [I] Average on 10 runs - GPU latency: 0.0958008 ms - Host latency: 0.0958008 ms (enqueue 0.0806885 ms)
[03/03/2026-11:04:08] [I] Average on 10 runs - GPU latency: 0.0965088 ms - Host latency: 0.0965088 ms (enqueue 0.0804932 ms)
[03/03/2026-11:04:08] [I] Average on 10 runs - GPU latency: 0.0959473 ms - Host latency: 0.0959473 ms (enqueue 0.0803955 ms)
[03/03/2026-11:04:08] [I] Average on 10 runs - GPU latency: 0.0980469 ms - Host latency: 0.0980469 ms (enqueue 0.0852539 ms)
[03/03/2026-11:04:08] [I] Average on 10 runs - GPU latency: 0.0962891 ms - Host latency: 0.0962891 ms (enqueue 0.0792969 ms)
[03/03/2026-11:04:08] [I] Average on 10 runs - GPU latency: 0.0961914 ms - Host latency: 0.0961914 ms (enqueue 0.0800293 ms)
[03/03/2026-11:04:08] [I] Average on 10 runs - GPU latency: 0.0966309 ms - Host latency: 0.0966309 ms (enqueue 0.0803223 ms)
[03/03/2026-11:04:08] [I] Average on 10 runs - GPU latency: 0.0961182 ms - Host latency: 0.0961182 ms (enqueue 0.0808838 ms)
[03/03/2026-11:04:08] [I] Average on 10 runs - GPU latency: 0.0965332 ms - Host latency: 0.0965332 ms (enqueue 0.0800049 ms)
[03/03/2026-11:04:08] [I] Average on 10 runs - GPU latency: 0.0967041 ms - Host latency: 0.0967041 ms (enqueue 0.083374 ms)
[03/03/2026-11:04:08] [I] Average on 10 runs - GPU latency: 0.0964111 ms - Host latency: 0.0964111 ms (enqueue 0.0796387 ms)
[03/03/2026-11:04:08] [I] Average on 10 runs - GPU latency: 0.0955322 ms - Host latency: 0.0955322 ms (enqueue 0.0843018 ms)
[03/03/2026-11:04:08] [I] Average on 10 runs - GPU latency: 0.0961914 ms - Host latency: 0.0961914 ms (enqueue 0.0798584 ms)
[03/03/2026-11:04:08] [I] Average on 10 runs - GPU latency: 0.0966553 ms - Host latency: 0.0966553 ms (enqueue 0.0791748 ms)
[03/03/2026-11:04:08] [I] Average on 10 runs - GPU latency: 0.0967285 ms - Host latency: 0.0967285 ms (enqueue 0.0811523 ms)
[03/03/2026-11:04:08] [I] Average on 10 runs - GPU latency: 0.0958252 ms - Host latency: 0.0958252 ms (enqueue 0.0831543 ms)
[03/03/2026-11:04:08] [I] Average on 10 runs - GPU latency: 0.0960693 ms - Host latency: 0.0960693 ms (enqueue 0.0801025 ms)
[03/03/2026-11:04:08] [I] Average on 10 runs - GPU latency: 0.0955566 ms - Host latency: 0.0955566 ms (enqueue 0.0796631 ms)
[03/03/2026-11:04:08] [I] Average on 10 runs - GPU latency: 0.0972168 ms - Host latency: 0.0972168 ms (enqueue 0.0798096 ms)
[03/03/2026-11:04:08] [I] Average on 10 runs - GPU latency: 0.0964844 ms - Host latency: 0.0964844 ms (enqueue 0.0867432 ms)
[03/03/2026-11:04:08] [I] Average on 10 runs - GPU latency: 0.09646 ms - Host latency: 0.09646 ms (enqueue 0.079541 ms)
[03/03/2026-11:04:08] [I] Average on 10 runs - GPU latency: 0.0963867 ms - Host latency: 0.0963867 ms (enqueue 0.0794922 ms)
[03/03/2026-11:04:08] [I] Average on 10 runs - GPU latency: 0.0959473 ms - Host latency: 0.0959473 ms (enqueue 0.079248 ms)
[03/03/2026-11:04:08] [I] Average on 10 runs - GPU latency: 0.0972168 ms - Host latency: 0.0972168 ms (enqueue 0.0856934 ms)
[03/03/2026-11:04:08] [I] Average on 10 runs - GPU latency: 0.0966553 ms - Host latency: 0.0966553 ms (enqueue 0.0799805 ms)
[03/03/2026-11:04:08] [I] Average on 10 runs - GPU latency: 0.0958008 ms - Host latency: 0.0958008 ms (enqueue 0.0794189 ms)
[03/03/2026-11:04:08] [I] Average on 10 runs - GPU latency: 0.0953369 ms - Host latency: 0.0953369 ms (enqueue 0.0809814 ms)
[03/03/2026-11:04:08] [I] Average on 10 runs - GPU latency: 0.0959717 ms - Host latency: 0.0959717 ms (enqueue 0.0838379 ms)
[03/03/2026-11:04:08] [I] Average on 10 runs - GPU latency: 0.097583 ms - Host latency: 0.097583 ms (enqueue 0.0807129 ms)
[03/03/2026-11:04:08] [I] Average on 10 runs - GPU latency: 0.0965088 ms - Host latency: 0.0965088 ms (enqueue 0.0800293 ms)
[03/03/2026-11:04:08] [I] Average on 10 runs - GPU latency: 0.0967041 ms - Host latency: 0.0967041 ms (enqueue 0.0804688 ms)
[03/03/2026-11:04:08] [I] Average on 10 runs - GPU latency: 0.0959717 ms - Host latency: 0.0959717 ms (enqueue 0.0785645 ms)
[03/03/2026-11:04:08] [I] Average on 10 runs - GPU latency: 0.0960693 ms - Host latency: 0.0960693 ms (enqueue 0.0820312 ms)
[03/03/2026-11:04:08] [I] Average on 10 runs - GPU latency: 0.0961426 ms - Host latency: 0.0961426 ms (enqueue 0.0817383 ms)
[03/03/2026-11:04:08] [I] Average on 10 runs - GPU latency: 0.0966309 ms - Host latency: 0.0966309 ms (enqueue 0.0791992 ms)
[03/03/2026-11:04:08] [I] Average on 10 runs - GPU latency: 0.0968262 ms - Host latency: 0.0968262 ms (enqueue 0.0817627 ms)
[03/03/2026-11:04:08] [I] Average on 10 runs - GPU latency: 0.0967529 ms - Host latency: 0.0967529 ms (enqueue 0.0837402 ms)
[03/03/2026-11:04:08] [I] Average on 10 runs - GPU latency: 0.0969971 ms - Host latency: 0.0969971 ms (enqueue 0.0803467 ms)
[03/03/2026-11:04:08] [I] Average on 10 runs - GPU latency: 0.0968506 ms - Host latency: 0.0968506 ms (enqueue 0.080127 ms)
[03/03/2026-11:04:08] [I] Average on 10 runs - GPU latency: 0.0956787 ms - Host latency: 0.0956787 ms (enqueue 0.0814453 ms)
[03/03/2026-11:04:08] [I] Average on 10 runs - GPU latency: 0.0979004 ms - Host latency: 0.0979004 ms (enqueue 0.0843994 ms)
[03/03/2026-11:04:08] [I] Average on 10 runs - GPU latency: 0.0959717 ms - Host latency: 0.0959717 ms (enqueue 0.0796631 ms)
[03/03/2026-11:04:08] [I] Average on 10 runs - GPU latency: 0.0963135 ms - Host latency: 0.0963135 ms (enqueue 0.0804443 ms)
[03/03/2026-11:04:08] [I] Average on 10 runs - GPU latency: 0.0965576 ms - Host latency: 0.0965576 ms (enqueue 0.0796387 ms)
[03/03/2026-11:04:08] [I] Average on 10 runs - GPU latency: 0.0955566 ms - Host latency: 0.0955566 ms (enqueue 0.0830811 ms)
[03/03/2026-11:04:08] [I] Average on 10 runs - GPU latency: 0.0962158 ms - Host latency: 0.0962158 ms (enqueue 0.0797852 ms)
[03/03/2026-11:04:08] [I] Average on 10 runs - GPU latency: 0.0960938 ms - Host latency: 0.0960938 ms (enqueue 0.0830811 ms)
[03/03/2026-11:04:08] [I] Average on 10 runs - GPU latency: 0.0962891 ms - Host latency: 0.0962891 ms (enqueue 0.0797119 ms)
[03/03/2026-11:04:08] [I] Average on 10 runs - GPU latency: 0.0955566 ms - Host latency: 0.0955566 ms (enqueue 0.0827393 ms)
[03/03/2026-11:04:08] [I] Average on 10 runs - GPU latency: 0.0971924 ms - Host latency: 0.0971924 ms (enqueue 0.080835 ms)
[03/03/2026-11:04:08] [I] Average on 10 runs - GPU latency: 0.0960449 ms - Host latency: 0.0960449 ms (enqueue 0.0796631 ms)
[03/03/2026-11:04:08] [I] Average on 10 runs - GPU latency: 0.0960205 ms - Host latency: 0.0960205 ms (enqueue 0.0803711 ms)
[03/03/2026-11:04:08] [I] Average on 10 runs - GPU latency: 0.0959473 ms - Host latency: 0.0959473 ms (enqueue 0.0831787 ms)
[03/03/2026-11:04:08] [I] Average on 10 runs - GPU latency: 0.0956543 ms - Host latency: 0.0956543 ms (enqueue 0.0798096 ms)
[03/03/2026-11:04:08] [I] Average on 10 runs - GPU latency: 0.0952393 ms - Host latency: 0.0952393 ms (enqueue 0.0800781 ms)
[03/03/2026-11:04:08] [I] Average on 10 runs - GPU latency: 0.09646 ms - Host latency: 0.09646 ms (enqueue 0.0795898 ms)
[03/03/2026-11:04:08] [I] Average on 10 runs - GPU latency: 0.0959961 ms - Host latency: 0.0959961 ms (enqueue 0.0827881 ms)
[03/03/2026-11:04:08] [I] Average on 10 runs - GPU latency: 0.0959961 ms - Host latency: 0.0959961 ms (enqueue 0.0800537 ms)
[03/03/2026-11:04:08] [I] Average on 10 runs - GPU latency: 0.0959473 ms - Host latency: 0.0959473 ms (enqueue 0.079541 ms)
[03/03/2026-11:04:08] [I] Average on 10 runs - GPU latency: 0.0959229 ms - Host latency: 0.0959229 ms (enqueue 0.0827881 ms)
[03/03/2026-11:04:08] [I] Average on 10 runs - GPU latency: 0.0967529 ms - Host latency: 0.0967529 ms (enqueue 0.084082 ms)
[03/03/2026-11:04:08] [I] Average on 10 runs - GPU latency: 0.0967285 ms - Host latency: 0.0967285 ms (enqueue 0.0793701 ms)
[03/03/2026-11:04:08] [I] Average on 10 runs - GPU latency: 0.0970947 ms - Host latency: 0.0970947 ms (enqueue 0.0793945 ms)
[03/03/2026-11:04:08] [I] Average on 10 runs - GPU latency: 0.0962158 ms - Host latency: 0.0962158 ms (enqueue 0.0810059 ms)
[03/03/2026-11:04:08] [I] Average on 10 runs - GPU latency: 0.0964844 ms - Host latency: 0.0964844 ms (enqueue 0.0832764 ms)
[03/03/2026-11:04:08] [I] Average on 10 runs - GPU latency: 0.0955566 ms - Host latency: 0.0955566 ms (enqueue 0.0795654 ms)
[03/03/2026-11:04:08] [I] Average on 10 runs - GPU latency: 0.0965332 ms - Host latency: 0.0965332 ms (enqueue 0.0802002 ms)
[03/03/2026-11:04:08] [I] Average on 10 runs - GPU latency: 0.0964111 ms - Host latency: 0.0964111 ms (enqueue 0.079834 ms)
[03/03/2026-11:04:08] [I] Average on 10 runs - GPU latency: 0.0955811 ms - Host latency: 0.0955811 ms (enqueue 0.0848877 ms)
[03/03/2026-11:04:08] [I] Average on 10 runs - GPU latency: 0.0964844 ms - Host latency: 0.0964844 ms (enqueue 0.0799316 ms)
[03/03/2026-11:04:08] [I] Average on 10 runs - GPU latency: 0.096582 ms - Host latency: 0.096582 ms (enqueue 0.0792725 ms)
[03/03/2026-11:04:08] [I] Average on 10 runs - GPU latency: 0.0958008 ms - Host latency: 0.0958008 ms (enqueue 0.0800781 ms)
[03/03/2026-11:04:08] [I] Average on 10 runs - GPU latency: 0.0966553 ms - Host latency: 0.0966553 ms (enqueue 0.0812256 ms)
[03/03/2026-11:04:08] [I] Average on 10 runs - GPU latency: 0.0959473 ms - Host latency: 0.0959473 ms (enqueue 0.0797119 ms)
[03/03/2026-11:04:08] [I] Average on 10 runs - GPU latency: 0.0955566 ms - Host latency: 0.0955566 ms (enqueue 0.0789551 ms)
[03/03/2026-11:04:08] [I] Average on 10 runs - GPU latency: 0.0964111 ms - Host latency: 0.0964111 ms (enqueue 0.0824707 ms)
[03/03/2026-11:04:08] [I] Average on 10 runs - GPU latency: 0.0949707 ms - Host latency: 0.0949707 ms (enqueue 0.0828613 ms)
[03/03/2026-11:04:08] [I] Average on 10 runs - GPU latency: 0.0953125 ms - Host latency: 0.0953125 ms (enqueue 0.0800049 ms)
[03/03/2026-11:04:08] [I] Average on 10 runs - GPU latency: 0.0963135 ms - Host latency: 0.0963135 ms (enqueue 0.0796631 ms)
[03/03/2026-11:04:08] [I] Average on 10 runs - GPU latency: 0.0960449 ms - Host latency: 0.0960449 ms (enqueue 0.0790283 ms)
[03/03/2026-11:04:08] [I] Average on 10 runs - GPU latency: 0.0961182 ms - Host latency: 0.0961182 ms (enqueue 0.08396 ms)
[03/03/2026-11:04:08] [I] Average on 10 runs - GPU latency: 0.0968018 ms - Host latency: 0.0968018 ms (enqueue 0.0807861 ms)
[03/03/2026-11:04:08] [I] Average on 10 runs - GPU latency: 0.0958252 ms - Host latency: 0.0958252 ms (enqueue 0.0799805 ms)
[03/03/2026-11:04:08] [I] Average on 10 runs - GPU latency: 0.0968018 ms - Host latency: 0.0968018 ms (enqueue 0.0803467 ms)
[03/03/2026-11:04:08] [I] Average on 10 runs - GPU latency: 0.0955566 ms - Host latency: 0.0955566 ms (enqueue 0.079541 ms)
[03/03/2026-11:04:08] [I] Average on 10 runs - GPU latency: 0.0958252 ms - Host latency: 0.0958252 ms (enqueue 0.0844971 ms)
[03/03/2026-11:04:08] [I] Average on 10 runs - GPU latency: 0.0958008 ms - Host latency: 0.0958008 ms (enqueue 0.0795654 ms)
[03/03/2026-11:04:08] [I] Average on 10 runs - GPU latency: 0.0970215 ms - Host latency: 0.0970215 ms (enqueue 0.0794434 ms)
[03/03/2026-11:04:08] [I] Average on 10 runs - GPU latency: 0.09646 ms - Host latency: 0.09646 ms (enqueue 0.0814453 ms)
[03/03/2026-11:04:08] [I] Average on 10 runs - GPU latency: 0.095874 ms - Host latency: 0.095874 ms (enqueue 0.082373 ms)
[03/03/2026-11:04:08] [I] Average on 10 runs - GPU latency: 0.0954102 ms - Host latency: 0.0954102 ms (enqueue 0.0801514 ms)
[03/03/2026-11:04:08] [I] Average on 10 runs - GPU latency: 0.095752 ms - Host latency: 0.095752 ms (enqueue 0.0788086 ms)
[03/03/2026-11:04:08] [I] Average on 10 runs - GPU latency: 0.0966064 ms - Host latency: 0.0966064 ms (enqueue 0.0808594 ms)
[03/03/2026-11:04:08] [I] Average on 10 runs - GPU latency: 0.0960205 ms - Host latency: 0.0960205 ms (enqueue 0.0824463 ms)
[03/03/2026-11:04:08] [I] Average on 10 runs - GPU latency: 0.095459 ms - Host latency: 0.095459 ms (enqueue 0.0813477 ms)
[03/03/2026-11:04:08] [I] Average on 10 runs - GPU latency: 0.0964355 ms - Host latency: 0.0964355 ms (enqueue 0.0800049 ms)
[03/03/2026-11:04:08] [I] Average on 10 runs - GPU latency: 0.0959473 ms - Host latency: 0.0959473 ms (enqueue 0.0806152 ms)
[03/03/2026-11:04:08] [I] Average on 10 runs - GPU latency: 0.0953613 ms - Host latency: 0.0953613 ms (enqueue 0.0849854 ms)
[03/03/2026-11:04:08] [I] Average on 10 runs - GPU latency: 0.0973389 ms - Host latency: 0.0973389 ms (enqueue 0.0795654 ms)
[03/03/2026-11:04:08] [I] Average on 10 runs - GPU latency: 0.0965576 ms - Host latency: 0.0965576 ms (enqueue 0.0809814 ms)
[03/03/2026-11:04:08] [I] Average on 10 runs - GPU latency: 0.0960449 ms - Host latency: 0.0960449 ms (enqueue 0.0801758 ms)
[03/03/2026-11:04:08] [I] Average on 10 runs - GPU latency: 0.0960205 ms - Host latency: 0.0960205 ms (enqueue 0.0841553 ms)
[03/03/2026-11:04:08] [I] Average on 10 runs - GPU latency: 0.0955078 ms - Host latency: 0.0955078 ms (enqueue 0.0799561 ms)
[03/03/2026-11:04:08] [I] Average on 10 runs - GPU latency: 0.095874 ms - Host latency: 0.095874 ms (enqueue 0.0789551 ms)
[03/03/2026-11:04:08] [I] Average on 10 runs - GPU latency: 0.0956543 ms - Host latency: 0.0956543 ms (enqueue 0.0803467 ms)
[03/03/2026-11:04:08] [I] Average on 10 runs - GPU latency: 0.0960938 ms - Host latency: 0.0960938 ms (enqueue 0.0827881 ms)
[03/03/2026-11:04:08] [I] Average on 10 runs - GPU latency: 0.0961426 ms - Host latency: 0.0961426 ms (enqueue 0.0807373 ms)
[03/03/2026-11:04:08] [I] Average on 10 runs - GPU latency: 0.0960693 ms - Host latency: 0.0960693 ms (enqueue 0.0811768 ms)
[03/03/2026-11:04:08] [I] Average on 10 runs - GPU latency: 0.095874 ms - Host latency: 0.095874 ms (enqueue 0.0799072 ms)
[03/03/2026-11:04:08] [I] Average on 10 runs - GPU latency: 0.0962158 ms - Host latency: 0.0962158 ms (enqueue 0.0822754 ms)
[03/03/2026-11:04:08] [I] Average on 10 runs - GPU latency: 0.0955322 ms - Host latency: 0.0955322 ms (enqueue 0.0795898 ms)
[03/03/2026-11:04:08] [I] Average on 10 runs - GPU latency: 0.0962891 ms - Host latency: 0.0962891 ms (enqueue 0.0805664 ms)
[03/03/2026-11:04:08] [I] Average on 10 runs - GPU latency: 0.0962646 ms - Host latency: 0.0962646 ms (enqueue 0.081665 ms)
[03/03/2026-11:04:08] [I] Average on 10 runs - GPU latency: 0.0962158 ms - Host latency: 0.0962158 ms (enqueue 0.0831299 ms)
[03/03/2026-11:04:08] [I] Average on 10 runs - GPU latency: 0.0969238 ms - Host latency: 0.0969238 ms (enqueue 0.0799805 ms)
[03/03/2026-11:04:08] [I] Average on 10 runs - GPU latency: 0.0958496 ms - Host latency: 0.0958496 ms (enqueue 0.0815674 ms)
[03/03/2026-11:04:08] [I] Average on 10 runs - GPU latency: 0.0966797 ms - Host latency: 0.0966797 ms (enqueue 0.079834 ms)
[03/03/2026-11:04:08] [I] Average on 10 runs - GPU latency: 0.0950439 ms - Host latency: 0.0950439 ms (enqueue 0.0826416 ms)
[03/03/2026-11:04:08] [I] Average on 10 runs - GPU latency: 0.0973145 ms - Host latency: 0.0973145 ms (enqueue 0.0817627 ms)
[03/03/2026-11:04:08] [I] Average on 10 runs - GPU latency: 0.0962158 ms - Host latency: 0.0962158 ms (enqueue 0.0804443 ms)
[03/03/2026-11:04:08] [I] Average on 10 runs - GPU latency: 0.0958984 ms - Host latency: 0.0958984 ms (enqueue 0.0810303 ms)
[03/03/2026-11:04:08] [I] Average on 10 runs - GPU latency: 0.0966553 ms - Host latency: 0.0966553 ms (enqueue 0.0826172 ms)
[03/03/2026-11:04:08] [I] Average on 10 runs - GPU latency: 0.0962158 ms - Host latency: 0.0962158 ms (enqueue 0.0804199 ms)
[03/03/2026-11:04:08] [I] Average on 10 runs - GPU latency: 0.0960693 ms - Host latency: 0.0960693 ms (enqueue 0.0795898 ms)
[03/03/2026-11:04:08] [I] Average on 10 runs - GPU latency: 0.095459 ms - Host latency: 0.095459 ms (enqueue 0.0797363 ms)
[03/03/2026-11:04:08] [I] Average on 10 runs - GPU latency: 0.0959229 ms - Host latency: 0.0959229 ms (enqueue 0.080249 ms)
[03/03/2026-11:04:08] [I] Average on 10 runs - GPU latency: 0.0955078 ms - Host latency: 0.0955078 ms (enqueue 0.0808105 ms)
[03/03/2026-11:04:08] [I] Average on 10 runs - GPU latency: 0.09729 ms - Host latency: 0.09729 ms (enqueue 0.0797363 ms)
[03/03/2026-11:04:08] [I] Average on 10 runs - GPU latency: 0.0970215 ms - Host latency: 0.0970215 ms (enqueue 0.0813965 ms)
[03/03/2026-11:04:08] [I] Average on 10 runs - GPU latency: 0.0956055 ms - Host latency: 0.0956055 ms (enqueue 0.0813477 ms)
[03/03/2026-11:04:08] [I] Average on 10 runs - GPU latency: 0.0958984 ms - Host latency: 0.0958984 ms (enqueue 0.0804688 ms)
[03/03/2026-11:04:08] [I] Average on 10 runs - GPU latency: 0.0962402 ms - Host latency: 0.0962402 ms (enqueue 0.0816406 ms)
[03/03/2026-11:04:08] [I] Average on 10 runs - GPU latency: 0.0963135 ms - Host latency: 0.0963135 ms (enqueue 0.0795654 ms)
[03/03/2026-11:04:08] [I] Average on 10 runs - GPU latency: 0.0964111 ms - Host latency: 0.0964111 ms (enqueue 0.0807373 ms)
[03/03/2026-11:04:08] [I] Average on 10 runs - GPU latency: 0.09646 ms - Host latency: 0.09646 ms (enqueue 0.0818603 ms)
[03/03/2026-11:04:08] [I] Average on 10 runs - GPU latency: 0.0958008 ms - Host latency: 0.0958008 ms (enqueue 0.0821533 ms)
[03/03/2026-11:04:08] [I] Average on 10 runs - GPU latency: 0.0955078 ms - Host latency: 0.0955078 ms (enqueue 0.0791992 ms)
[03/03/2026-11:04:08] [I] Average on 10 runs - GPU latency: 0.0964844 ms - Host latency: 0.0964844 ms (enqueue 0.0795166 ms)
[03/03/2026-11:04:08] [I] Average on 10 runs - GPU latency: 0.0964844 ms - Host latency: 0.0964844 ms (enqueue 0.083252 ms)
[03/03/2026-11:04:08] [I] Average on 10 runs - GPU latency: 0.0963135 ms - Host latency: 0.0963135 ms (enqueue 0.0794922 ms)
[03/03/2026-11:04:08] [I] Average on 10 runs - GPU latency: 0.0965576 ms - Host latency: 0.0965576 ms (enqueue 0.0829346 ms)
[03/03/2026-11:04:08] [I] Average on 10 runs - GPU latency: 0.0962891 ms - Host latency: 0.0962891 ms (enqueue 0.079541 ms)
[03/03/2026-11:04:08] [I] Average on 10 runs - GPU latency: 0.096582 ms - Host latency: 0.096582 ms (enqueue 0.0805908 ms)
[03/03/2026-11:04:08] [I] Average on 10 runs - GPU latency: 0.0963623 ms - Host latency: 0.0963623 ms (enqueue 0.0803467 ms)
[03/03/2026-11:04:08] [I] Average on 10 runs - GPU latency: 0.0966064 ms - Host latency: 0.0966064 ms (enqueue 0.0813721 ms)
[03/03/2026-11:04:08] [I] Average on 10 runs - GPU latency: 0.0963135 ms - Host latency: 0.0963135 ms (enqueue 0.0799805 ms)
[03/03/2026-11:04:08] [I] Average on 10 runs - GPU latency: 0.095874 ms - Host latency: 0.095874 ms (enqueue 0.083252 ms)
[03/03/2026-11:04:08] [I] Average on 10 runs - GPU latency: 0.0957764 ms - Host latency: 0.0957764 ms (enqueue 0.080127 ms)
[03/03/2026-11:04:08] [I] Average on 10 runs - GPU latency: 0.0958496 ms - Host latency: 0.0958496 ms (enqueue 0.0791992 ms)
[03/03/2026-11:04:08] [I] Average on 10 runs - GPU latency: 0.0950195 ms - Host latency: 0.0950195 ms (enqueue 0.0829834 ms)
[03/03/2026-11:04:08] [I] Average on 10 runs - GPU latency: 0.097583 ms - Host latency: 0.097583 ms (enqueue 0.0821533 ms)
[03/03/2026-11:04:08] [I] Average on 10 runs - GPU latency: 0.0970459 ms - Host latency: 0.0970459 ms (enqueue 0.0799805 ms)
[03/03/2026-11:04:08] [I] Average on 10 runs - GPU latency: 0.0963867 ms - Host latency: 0.0963867 ms (enqueue 0.0799072 ms)
[03/03/2026-11:04:08] [I] Average on 10 runs - GPU latency: 0.0965088 ms - Host latency: 0.0965088 ms (enqueue 0.0801514 ms)
[03/03/2026-11:04:08] [I] Average on 10 runs - GPU latency: 0.0961426 ms - Host latency: 0.0961426 ms (enqueue 0.0819824 ms)
[03/03/2026-11:04:08] [I] Average on 10 runs - GPU latency: 0.0960693 ms - Host latency: 0.0960693 ms (enqueue 0.0828613 ms)
[03/03/2026-11:04:08] [I] Average on 10 runs - GPU latency: 0.0956543 ms - Host latency: 0.0956543 ms (enqueue 0.080127 ms)
[03/03/2026-11:04:08] [I] Average on 10 runs - GPU latency: 0.0957764 ms - Host latency: 0.0957764 ms (enqueue 0.0796631 ms)
[03/03/2026-11:04:08] [I] Average on 10 runs - GPU latency: 0.0959961 ms - Host latency: 0.0959961 ms (enqueue 0.081665 ms)
[03/03/2026-11:04:08] [I] Average on 10 runs - GPU latency: 0.0960449 ms - Host latency: 0.0960449 ms (enqueue 0.0794922 ms)
[03/03/2026-11:04:08] [I] Average on 10 runs - GPU latency: 0.0960205 ms - Host latency: 0.0960205 ms (enqueue 0.0822754 ms)
[03/03/2026-11:04:08] [I] Average on 10 runs - GPU latency: 0.0961426 ms - Host latency: 0.0961426 ms (enqueue 0.0806152 ms)
[03/03/2026-11:04:08] [I] Average on 10 runs - GPU latency: 0.0958984 ms - Host latency: 0.0958984 ms (enqueue 0.0833008 ms)
[03/03/2026-11:04:08] [I] Average on 10 runs - GPU latency: 0.0962158 ms - Host latency: 0.0962158 ms (enqueue 0.0803711 ms)
[03/03/2026-11:04:08] [I] Average on 10 runs - GPU latency: 0.0966309 ms - Host latency: 0.0966309 ms (enqueue 0.0796875 ms)
[03/03/2026-11:04:08] [I] Average on 10 runs - GPU latency: 0.096167 ms - Host latency: 0.096167 ms (enqueue 0.0800293 ms)
[03/03/2026-11:04:08] [I] Average on 10 runs - GPU latency: 0.0958008 ms - Host latency: 0.0958008 ms (enqueue 0.0822022 ms)
[03/03/2026-11:04:08] [I] Average on 10 runs - GPU latency: 0.0956543 ms - Host latency: 0.0956543 ms (enqueue 0.0803711 ms)
[03/03/2026-11:04:08] [I] Average on 10 runs - GPU latency: 0.0956543 ms - Host latency: 0.0956543 ms (enqueue 0.0793701 ms)
[03/03/2026-11:04:08] [I] Average on 10 runs - GPU latency: 0.0943604 ms - Host latency: 0.0943604 ms (enqueue 0.0791748 ms)
[03/03/2026-11:04:08] [I] Average on 10 runs - GPU latency: 0.0964844 ms - Host latency: 0.0964844 ms (enqueue 0.0805176 ms)
[03/03/2026-11:04:08] [I] Average on 10 runs - GPU latency: 0.0963623 ms - Host latency: 0.0963623 ms (enqueue 0.0800537 ms)
[03/03/2026-11:04:08] [I] Average on 10 runs - GPU latency: 0.0962891 ms - Host latency: 0.0962891 ms (enqueue 0.0807129 ms)
[03/03/2026-11:04:08] [I] Average on 10 runs - GPU latency: 0.0965576 ms - Host latency: 0.0965576 ms (enqueue 0.0800781 ms)
[03/03/2026-11:04:08] [I] Average on 10 runs - GPU latency: 0.0959961 ms - Host latency: 0.0959961 ms (enqueue 0.0856201 ms)
[03/03/2026-11:04:08] [I] Average on 10 runs - GPU latency: 0.0964111 ms - Host latency: 0.0964111 ms (enqueue 0.0804688 ms)
[03/03/2026-11:04:08] [I] Average on 10 runs - GPU latency: 0.0958496 ms - Host latency: 0.0958496 ms (enqueue 0.0798584 ms)
[03/03/2026-11:04:08] [I] Average on 10 runs - GPU latency: 0.09646 ms - Host latency: 0.09646 ms (enqueue 0.0802002 ms)
[03/03/2026-11:04:08] [I] Average on 10 runs - GPU latency: 0.0964844 ms - Host latency: 0.0964844 ms (enqueue 0.0829834 ms)
[03/03/2026-11:04:08] [I] Average on 10 runs - GPU latency: 0.0957764 ms - Host latency: 0.0957764 ms (enqueue 0.0805176 ms)
[03/03/2026-11:04:08] [I] Average on 10 runs - GPU latency: 0.0957275 ms - Host latency: 0.0957275 ms (enqueue 0.0795654 ms)
[03/03/2026-11:04:08] [I] Average on 10 runs - GPU latency: 0.0959717 ms - Host latency: 0.0959717 ms (enqueue 0.0800781 ms)
[03/03/2026-11:04:08] [I] Average on 10 runs - GPU latency: 0.0954346 ms - Host latency: 0.0954346 ms (enqueue 0.0837891 ms)
[03/03/2026-11:04:08] [I] Average on 10 runs - GPU latency: 0.0977783 ms - Host latency: 0.0977783 ms (enqueue 0.080957 ms)
[03/03/2026-11:04:08] [I] Average on 10 runs - GPU latency: 0.0959229 ms - Host latency: 0.0959229 ms (enqueue 0.0787842 ms)
[03/03/2026-11:04:08] [I] Average on 10 runs - GPU latency: 0.0956787 ms - Host latency: 0.0956787 ms (enqueue 0.0805908 ms)
[03/03/2026-11:04:08] [I] Average on 10 runs - GPU latency: 0.0965332 ms - Host latency: 0.0965332 ms (enqueue 0.07854 ms)
[03/03/2026-11:04:08] [I] Average on 10 runs - GPU latency: 0.0963379 ms - Host latency: 0.0963379 ms (enqueue 0.0814697 ms)
[03/03/2026-11:04:08] [I] Average on 10 runs - GPU latency: 0.0962891 ms - Host latency: 0.0962891 ms (enqueue 0.081958 ms)
[03/03/2026-11:04:08] [I] Average on 10 runs - GPU latency: 0.0960938 ms - Host latency: 0.0960938 ms (enqueue 0.0794678 ms)
[03/03/2026-11:04:08] [I] Average on 10 runs - GPU latency: 0.0969238 ms - Host latency: 0.0969238 ms (enqueue 0.0817627 ms)
[03/03/2026-11:04:08] [I] Average on 10 runs - GPU latency: 0.0962158 ms - Host latency: 0.0962158 ms (enqueue 0.0834961 ms)
[03/03/2026-11:04:08] [I] Average on 10 runs - GPU latency: 0.0960938 ms - Host latency: 0.0960938 ms (enqueue 0.0791016 ms)
[03/03/2026-11:04:08] [I] Average on 10 runs - GPU latency: 0.0962402 ms - Host latency: 0.0962402 ms (enqueue 0.0822266 ms)
[03/03/2026-11:04:08] [I] Average on 10 runs - GPU latency: 0.0962402 ms - Host latency: 0.0962402 ms (enqueue 0.0800293 ms)
[03/03/2026-11:04:08] [I] Average on 10 runs - GPU latency: 0.0958496 ms - Host latency: 0.0958496 ms (enqueue 0.0824707 ms)
[03/03/2026-11:04:08] [I] Average on 10 runs - GPU latency: 0.0961182 ms - Host latency: 0.0961182 ms (enqueue 0.080127 ms)
[03/03/2026-11:04:08] [I] Average on 10 runs - GPU latency: 0.0968506 ms - Host latency: 0.0968506 ms (enqueue 0.0805664 ms)
[03/03/2026-11:04:08] [I] Average on 10 runs - GPU latency: 0.0957764 ms - Host latency: 0.0957764 ms (enqueue 0.0791016 ms)
[03/03/2026-11:04:08] [I] Average on 10 runs - GPU latency: 0.0956543 ms - Host latency: 0.0956543 ms (enqueue 0.0820557 ms)
[03/03/2026-11:04:08] [I] Average on 10 runs - GPU latency: 0.0968506 ms - Host latency: 0.0968506 ms (enqueue 0.0807373 ms)
[03/03/2026-11:04:08] [I] Average on 10 runs - GPU latency: 0.0956787 ms - Host latency: 0.0956787 ms (enqueue 0.0793213 ms)
[03/03/2026-11:04:08] [I] Average on 10 runs - GPU latency: 0.0958496 ms - Host latency: 0.0958496 ms (enqueue 0.0818359 ms)
[03/03/2026-11:04:08] [I] Average on 10 runs - GPU latency: 0.0964844 ms - Host latency: 0.0964844 ms (enqueue 0.0821289 ms)
[03/03/2026-11:04:08] [I] Average on 10 runs - GPU latency: 0.0965088 ms - Host latency: 0.0965088 ms (enqueue 0.0799805 ms)
[03/03/2026-11:04:08] [I] Average on 10 runs - GPU latency: 0.0963867 ms - Host latency: 0.0963867 ms (enqueue 0.0810303 ms)
[03/03/2026-11:04:08] [I] Average on 10 runs - GPU latency: 0.0962158 ms - Host latency: 0.0962158 ms (enqueue 0.0813721 ms)
[03/03/2026-11:04:08] [I] Average on 10 runs - GPU latency: 0.0964111 ms - Host latency: 0.0964111 ms (enqueue 0.0827393 ms)
[03/03/2026-11:04:08] [I] Average on 10 runs - GPU latency: 0.0958496 ms - Host latency: 0.0958496 ms (enqueue 0.0802246 ms)
[03/03/2026-11:04:08] [I] Average on 10 runs - GPU latency: 0.0964111 ms - Host latency: 0.0964111 ms (enqueue 0.0797852 ms)
[03/03/2026-11:04:08] [I] Average on 10 runs - GPU latency: 0.0963623 ms - Host latency: 0.0963623 ms (enqueue 0.0792725 ms)
[03/03/2026-11:04:08] [I] Average on 10 runs - GPU latency: 0.0966309 ms - Host latency: 0.0966309 ms (enqueue 0.0844482 ms)
[03/03/2026-11:04:08] [I] Average on 10 runs - GPU latency: 0.0965088 ms - Host latency: 0.0965088 ms (enqueue 0.081543 ms)
[03/03/2026-11:04:08] [I] Average on 10 runs - GPU latency: 0.0958984 ms - Host latency: 0.0958984 ms (enqueue 0.0796875 ms)
[03/03/2026-11:04:08] [I] Average on 10 runs - GPU latency: 0.096582 ms - Host latency: 0.096582 ms (enqueue 0.0795654 ms)
[03/03/2026-11:04:08] [I] Average on 10 runs - GPU latency: 0.0956055 ms - Host latency: 0.0956055 ms (enqueue 0.0850342 ms)
[03/03/2026-11:04:08] [I] Average on 10 runs - GPU latency: 0.0955322 ms - Host latency: 0.0955322 ms (enqueue 0.0802979 ms)
[03/03/2026-11:04:08] [I] Average on 10 runs - GPU latency: 0.0970703 ms - Host latency: 0.0970703 ms (enqueue 0.0793945 ms)
[03/03/2026-11:04:08] [I] Average on 10 runs - GPU latency: 0.0958008 ms - Host latency: 0.0958008 ms (enqueue 0.0802246 ms)
[03/03/2026-11:04:08] [I] Average on 10 runs - GPU latency: 0.0950684 ms - Host latency: 0.0950684 ms (enqueue 0.0829834 ms)
[03/03/2026-11:04:08] [I] Average on 10 runs - GPU latency: 0.0951904 ms - Host latency: 0.0951904 ms (enqueue 0.0802002 ms)
[03/03/2026-11:04:08] [I] Average on 10 runs - GPU latency: 0.0961182 ms - Host latency: 0.0961182 ms (enqueue 0.0800781 ms)
[03/03/2026-11:04:08] [I] Average on 10 runs - GPU latency: 0.0966064 ms - Host latency: 0.0966064 ms (enqueue 0.0799072 ms)
[03/03/2026-11:04:08] [I] Average on 10 runs - GPU latency: 0.09646 ms - Host latency: 0.09646 ms (enqueue 0.0816406 ms)
[03/03/2026-11:04:08] [I] Average on 10 runs - GPU latency: 0.0959717 ms - Host latency: 0.0959717 ms (enqueue 0.0802979 ms)
[03/03/2026-11:04:08] [I] Average on 10 runs - GPU latency: 0.0956787 ms - Host latency: 0.0956787 ms (enqueue 0.080127 ms)
[03/03/2026-11:04:08] [I] Average on 10 runs - GPU latency: 0.0953857 ms - Host latency: 0.0953857 ms (enqueue 0.0803467 ms)
[03/03/2026-11:04:08] [I] Average on 10 runs - GPU latency: 0.0955078 ms - Host latency: 0.0955078 ms (enqueue 0.0861572 ms)
[03/03/2026-11:04:08] [I] Average on 10 runs - GPU latency: 0.0968506 ms - Host latency: 0.0968506 ms (enqueue 0.0799805 ms)
[03/03/2026-11:04:08] [I] Average on 10 runs - GPU latency: 0.0963135 ms - Host latency: 0.0963135 ms (enqueue 0.0798096 ms)
[03/03/2026-11:04:08] [I] Average on 10 runs - GPU latency: 0.0956299 ms - Host latency: 0.0956299 ms (enqueue 0.0801514 ms)
[03/03/2026-11:04:08] [I] Average on 10 runs - GPU latency: 0.0958252 ms - Host latency: 0.0958252 ms (enqueue 0.0814941 ms)
[03/03/2026-11:04:08] [I] Average on 10 runs - GPU latency: 0.0970215 ms - Host latency: 0.0970215 ms (enqueue 0.0824463 ms)
[03/03/2026-11:04:08] [I] Average on 10 runs - GPU latency: 0.0956299 ms - Host latency: 0.0956299 ms (enqueue 0.081543 ms)
[03/03/2026-11:04:08] [I] Average on 10 runs - GPU latency: 0.0964844 ms - Host latency: 0.0964844 ms (enqueue 0.0799072 ms)
[03/03/2026-11:04:08] [I] Average on 10 runs - GPU latency: 0.0966553 ms - Host latency: 0.0966553 ms (enqueue 0.0797119 ms)
[03/03/2026-11:04:08] [I] Average on 10 runs - GPU latency: 0.0959229 ms - Host latency: 0.0959229 ms (enqueue 0.0814697 ms)
[03/03/2026-11:04:08] [I] Average on 10 runs - GPU latency: 0.0964844 ms - Host latency: 0.0964844 ms (enqueue 0.0801025 ms)
[03/03/2026-11:04:08] [I] Average on 10 runs - GPU latency: 0.0960938 ms - Host latency: 0.0960938 ms (enqueue 0.0798096 ms)
[03/03/2026-11:04:08] [I] Average on 10 runs - GPU latency: 0.0953613 ms - Host latency: 0.0953613 ms (enqueue 0.0813477 ms)
[03/03/2026-11:04:08] [I] Average on 10 runs - GPU latency: 0.0960693 ms - Host latency: 0.0960693 ms (enqueue 0.0818848 ms)
[03/03/2026-11:04:08] [I] Average on 10 runs - GPU latency: 0.0962891 ms - Host latency: 0.0962891 ms (enqueue 0.0791992 ms)
[03/03/2026-11:04:08] [I] Average on 10 runs - GPU latency: 0.0955811 ms - Host latency: 0.0955811 ms (enqueue 0.0819824 ms)
[03/03/2026-11:04:08] [I] Average on 10 runs - GPU latency: 0.0959473 ms - Host latency: 0.0959473 ms (enqueue 0.0796631 ms)
[03/03/2026-11:04:08] [I] Average on 10 runs - GPU latency: 0.0961182 ms - Host latency: 0.0961182 ms (enqueue 0.0822266 ms)
[03/03/2026-11:04:08] [I] Average on 10 runs - GPU latency: 0.0970215 ms - Host latency: 0.0970215 ms (enqueue 0.0797119 ms)
[03/03/2026-11:04:08] [I] Average on 10 runs - GPU latency: 0.0964844 ms - Host latency: 0.0964844 ms (enqueue 0.0808594 ms)
[03/03/2026-11:04:08] [I] Average on 10 runs - GPU latency: 0.0962891 ms - Host latency: 0.0962891 ms (enqueue 0.0798096 ms)
[03/03/2026-11:04:08] [I] Average on 10 runs - GPU latency: 0.0955322 ms - Host latency: 0.0955322 ms (enqueue 0.0842041 ms)
[03/03/2026-11:04:08] [I] Average on 10 runs - GPU latency: 0.0967773 ms - Host latency: 0.0967773 ms (enqueue 0.0803955 ms)
[03/03/2026-11:04:08] [I] Average on 10 runs - GPU latency: 0.0962646 ms - Host latency: 0.0962646 ms (enqueue 0.0794434 ms)
[03/03/2026-11:04:08] [I] Average on 10 runs - GPU latency: 0.0960693 ms - Host latency: 0.0960693 ms (enqueue 0.0797607 ms)
[03/03/2026-11:04:08] [I] Average on 10 runs - GPU latency: 0.0957031 ms - Host latency: 0.0957031 ms (enqueue 0.0820801 ms)
[03/03/2026-11:04:08] [I] Average on 10 runs - GPU latency: 0.0960205 ms - Host latency: 0.0960205 ms (enqueue 0.0820557 ms)
[03/03/2026-11:04:08] [I] Average on 10 runs - GPU latency: 0.0959229 ms - Host latency: 0.0959229 ms (enqueue 0.0797119 ms)
[03/03/2026-11:04:08] [I] Average on 10 runs - GPU latency: 0.095752 ms - Host latency: 0.095752 ms (enqueue 0.0798828 ms)
[03/03/2026-11:04:08] [I] Average on 10 runs - GPU latency: 0.0955078 ms - Host latency: 0.0955078 ms (enqueue 0.0820557 ms)
[03/03/2026-11:04:08] [I] Average on 10 runs - GPU latency: 0.0966797 ms - Host latency: 0.0966797 ms (enqueue 0.0802246 ms)
[03/03/2026-11:04:08] [I] Average on 10 runs - GPU latency: 0.0957764 ms - Host latency: 0.0957764 ms (enqueue 0.0820312 ms)
[03/03/2026-11:04:08] [I] Average on 10 runs - GPU latency: 0.0956787 ms - Host latency: 0.0956787 ms (enqueue 0.0806396 ms)
[03/03/2026-11:04:08] [I] Average on 10 runs - GPU latency: 0.0963135 ms - Host latency: 0.0963135 ms (enqueue 0.0821777 ms)
[03/03/2026-11:04:08] [I] Average on 10 runs - GPU latency: 0.0963623 ms - Host latency: 0.0963623 ms (enqueue 0.0788574 ms)
[03/03/2026-11:04:08] [I] Average on 10 runs - GPU latency: 0.0961182 ms - Host latency: 0.0961182 ms (enqueue 0.0794434 ms)
[03/03/2026-11:04:08] [I] Average on 10 runs - GPU latency: 0.0959229 ms - Host latency: 0.0959229 ms (enqueue 0.0820068 ms)
[03/03/2026-11:04:08] [I] Average on 10 runs - GPU latency: 0.0957275 ms - Host latency: 0.0957275 ms (enqueue 0.0811279 ms)
[03/03/2026-11:04:08] [I] Average on 10 runs - GPU latency: 0.0962158 ms - Host latency: 0.0962158 ms (enqueue 0.0803955 ms)
[03/03/2026-11:04:08] [I] Average on 10 runs - GPU latency: 0.0972656 ms - Host latency: 0.0972656 ms (enqueue 0.079834 ms)
[03/03/2026-11:04:08] [I] Average on 10 runs - GPU latency: 0.0956299 ms - Host latency: 0.0956299 ms (enqueue 0.0804932 ms)
[03/03/2026-11:04:08] [I] Average on 10 runs - GPU latency: 0.095459 ms - Host latency: 0.095459 ms (enqueue 0.0842285 ms)
[03/03/2026-11:04:08] [I] Average on 10 runs - GPU latency: 0.0967285 ms - Host latency: 0.0967285 ms (enqueue 0.0803467 ms)
[03/03/2026-11:04:08] [I] Average on 10 runs - GPU latency: 0.0965332 ms - Host latency: 0.0965332 ms (enqueue 0.0797607 ms)
[03/03/2026-11:04:08] [I] Average on 10 runs - GPU latency: 0.0954834 ms - Host latency: 0.0954834 ms (enqueue 0.0807861 ms)
[03/03/2026-11:04:08] [I] Average on 10 runs - GPU latency: 0.0963379 ms - Host latency: 0.0963379 ms (enqueue 0.0823486 ms)
[03/03/2026-11:04:08] [I] Average on 10 runs - GPU latency: 0.0962891 ms - Host latency: 0.0962891 ms (enqueue 0.0794678 ms)
[03/03/2026-11:04:08] [I] Average on 10 runs - GPU latency: 0.0950439 ms - Host latency: 0.0950439 ms (enqueue 0.0802734 ms)
[03/03/2026-11:04:08] [I] Average on 10 runs - GPU latency: 0.096582 ms - Host latency: 0.096582 ms (enqueue 0.0817871 ms)
[03/03/2026-11:04:08] [I] Average on 10 runs - GPU latency: 0.0964111 ms - Host latency: 0.0964111 ms (enqueue 0.0827148 ms)
[03/03/2026-11:04:08] [I] Average on 10 runs - GPU latency: 0.0959961 ms - Host latency: 0.0959961 ms (enqueue 0.0802246 ms)
[03/03/2026-11:04:08] [I] Average on 10 runs - GPU latency: 0.0960449 ms - Host latency: 0.0960449 ms (enqueue 0.0801025 ms)
[03/03/2026-11:04:08] [I] Average on 10 runs - GPU latency: 0.096582 ms - Host latency: 0.096582 ms (enqueue 0.0827393 ms)
[03/03/2026-11:04:08] [I] Average on 10 runs - GPU latency: 0.0966309 ms - Host latency: 0.0966309 ms (enqueue 0.0802002 ms)
[03/03/2026-11:04:08] [I] Average on 10 runs - GPU latency: 0.0963867 ms - Host latency: 0.0963867 ms (enqueue 0.0848145 ms)
[03/03/2026-11:04:08] [I] Average on 10 runs - GPU latency: 0.0981201 ms - Host latency: 0.0981201 ms (enqueue 0.080542 ms)
[03/03/2026-11:04:08] [I] Average on 10 runs - GPU latency: 0.0956543 ms - Host latency: 0.0956543 ms (enqueue 0.079834 ms)
[03/03/2026-11:04:08] [I] Average on 10 runs - GPU latency: 0.096582 ms - Host latency: 0.096582 ms (enqueue 0.0791992 ms)
[03/03/2026-11:04:08] [I] Average on 10 runs - GPU latency: 0.0963135 ms - Host latency: 0.0963135 ms (enqueue 0.0829834 ms)
[03/03/2026-11:04:08] [I] Average on 10 runs - GPU latency: 0.0963867 ms - Host latency: 0.0963867 ms (enqueue 0.0805664 ms)
[03/03/2026-11:04:08] [I] Average on 10 runs - GPU latency: 0.0959473 ms - Host latency: 0.0959473 ms (enqueue 0.0800049 ms)
[03/03/2026-11:04:08] [I] Average on 10 runs - GPU latency: 0.0963379 ms - Host latency: 0.0963379 ms (enqueue 0.081543 ms)
[03/03/2026-11:04:08] [I] Average on 10 runs - GPU latency: 0.0956543 ms - Host latency: 0.0956543 ms (enqueue 0.0830811 ms)
[03/03/2026-11:04:08] [I] Average on 10 runs - GPU latency: 0.0969238 ms - Host latency: 0.0969238 ms (enqueue 0.0814209 ms)
[03/03/2026-11:04:08] [I] Average on 10 runs - GPU latency: 0.0961426 ms - Host latency: 0.0961426 ms (enqueue 0.0798828 ms)
[03/03/2026-11:04:08] [I] Average on 10 runs - GPU latency: 0.095874 ms - Host latency: 0.095874 ms (enqueue 0.080835 ms)
[03/03/2026-11:04:08] [I] Average on 10 runs - GPU latency: 0.0962646 ms - Host latency: 0.0962646 ms (enqueue 0.0852051 ms)
[03/03/2026-11:04:08] [I] Average on 10 runs - GPU latency: 0.0955322 ms - Host latency: 0.0955322 ms (enqueue 0.0800293 ms)
[03/03/2026-11:04:08] [I] Average on 10 runs - GPU latency: 0.0965088 ms - Host latency: 0.0965088 ms (enqueue 0.0791504 ms)
[03/03/2026-11:04:08] [I] Average on 10 runs - GPU latency: 0.0960938 ms - Host latency: 0.0960938 ms (enqueue 0.0796387 ms)
[03/03/2026-11:04:08] [I] Average on 10 runs - GPU latency: 0.0957031 ms - Host latency: 0.0957031 ms (enqueue 0.0826172 ms)
[03/03/2026-11:04:08] [I] Average on 10 runs - GPU latency: 0.0964844 ms - Host latency: 0.0964844 ms (enqueue 0.079834 ms)
[03/03/2026-11:04:08] [I] Average on 10 runs - GPU latency: 0.0957275 ms - Host latency: 0.0957275 ms (enqueue 0.081543 ms)
[03/03/2026-11:04:08] [I] Average on 10 runs - GPU latency: 0.0966309 ms - Host latency: 0.0966309 ms (enqueue 0.0794678 ms)
[03/03/2026-11:04:08] [I] Average on 10 runs - GPU latency: 0.0962646 ms - Host latency: 0.0962646 ms (enqueue 0.0804688 ms)
[03/03/2026-11:04:08] [I] Average on 10 runs - GPU latency: 0.0959717 ms - Host latency: 0.0959717 ms (enqueue 0.0809814 ms)
[03/03/2026-11:04:08] [I] Average on 10 runs - GPU latency: 0.095874 ms - Host latency: 0.095874 ms (enqueue 0.0796631 ms)
[03/03/2026-11:04:08] [I] Average on 10 runs - GPU latency: 0.0962646 ms - Host latency: 0.0962646 ms (enqueue 0.0821045 ms)
[03/03/2026-11:04:08] [I] Average on 10 runs - GPU latency: 0.0959473 ms - Host latency: 0.0959473 ms (enqueue 0.0827393 ms)
[03/03/2026-11:04:08] [I] Average on 10 runs - GPU latency: 0.095166 ms - Host latency: 0.095166 ms (enqueue 0.0796631 ms)
[03/03/2026-11:04:08] [I] Average on 10 runs - GPU latency: 0.0959473 ms - Host latency: 0.0959473 ms (enqueue 0.0802002 ms)
[03/03/2026-11:04:08] [I] Average on 10 runs - GPU latency: 0.0959229 ms - Host latency: 0.0959229 ms (enqueue 0.0795166 ms)
[03/03/2026-11:04:08] [I] Average on 10 runs - GPU latency: 0.0952637 ms - Host latency: 0.0952637 ms (enqueue 0.0846191 ms)
[03/03/2026-11:04:08] [I] Average on 10 runs - GPU latency: 0.0967773 ms - Host latency: 0.0967773 ms (enqueue 0.0810547 ms)
[03/03/2026-11:04:08] [I] Average on 10 runs - GPU latency: 0.096582 ms - Host latency: 0.096582 ms (enqueue 0.080249 ms)
[03/03/2026-11:04:08] [I] Average on 10 runs - GPU latency: 0.0959229 ms - Host latency: 0.0959229 ms (enqueue 0.0797852 ms)
[03/03/2026-11:04:08] [I] Average on 10 runs - GPU latency: 0.0964355 ms - Host latency: 0.0964355 ms (enqueue 0.0827393 ms)
[03/03/2026-11:04:08] [I] Average on 10 runs - GPU latency: 0.0956787 ms - Host latency: 0.0956787 ms (enqueue 0.0799072 ms)
[03/03/2026-11:04:08] [I] Average on 10 runs - GPU latency: 0.0961182 ms - Host latency: 0.0961182 ms (enqueue 0.0791992 ms)
[03/03/2026-11:04:08] [I] Average on 10 runs - GPU latency: 0.095752 ms - Host latency: 0.095752 ms (enqueue 0.0835205 ms)
[03/03/2026-11:04:08] [I] Average on 10 runs - GPU latency: 0.0976562 ms - Host latency: 0.0976562 ms (enqueue 0.0838623 ms)
[03/03/2026-11:04:08] [I] Average on 10 runs - GPU latency: 0.0960449 ms - Host latency: 0.0960449 ms (enqueue 0.0800537 ms)
[03/03/2026-11:04:08] [I] Average on 10 runs - GPU latency: 0.0960938 ms - Host latency: 0.0960938 ms (enqueue 0.0789795 ms)
[03/03/2026-11:04:08] [I] Average on 10 runs - GPU latency: 0.0962402 ms - Host latency: 0.0962402 ms (enqueue 0.0792725 ms)
[03/03/2026-11:04:08] [I] Average on 10 runs - GPU latency: 0.0959717 ms - Host latency: 0.0959717 ms (enqueue 0.0822998 ms)
[03/03/2026-11:04:08] [I] Average on 10 runs - GPU latency: 0.0961182 ms - Host latency: 0.0961182 ms (enqueue 0.0804443 ms)
[03/03/2026-11:04:08] [I] Average on 10 runs - GPU latency: 0.0956299 ms - Host latency: 0.0956299 ms (enqueue 0.0794922 ms)
[03/03/2026-11:04:08] [I] Average on 10 runs - GPU latency: 0.09646 ms - Host latency: 0.09646 ms (enqueue 0.0800049 ms)
[03/03/2026-11:04:08] [I] Average on 10 runs - GPU latency: 0.0956543 ms - Host latency: 0.0956543 ms (enqueue 0.0806152 ms)
[03/03/2026-11:04:08] [I] Average on 10 runs - GPU latency: 0.0962891 ms - Host latency: 0.0962891 ms (enqueue 0.0792969 ms)
[03/03/2026-11:04:08] [I] Average on 10 runs - GPU latency: 0.0958008 ms - Host latency: 0.0958008 ms (enqueue 0.0831543 ms)
[03/03/2026-11:04:08] [I] Average on 10 runs - GPU latency: 0.0967773 ms - Host latency: 0.0967773 ms (enqueue 0.0787842 ms)
[03/03/2026-11:04:08] [I] Average on 10 runs - GPU latency: 0.0962402 ms - Host latency: 0.0962402 ms (enqueue 0.0829834 ms)
[03/03/2026-11:04:08] [I] Average on 10 runs - GPU latency: 0.0963135 ms - Host latency: 0.0963135 ms (enqueue 0.0801514 ms)
[03/03/2026-11:04:08] [I] Average on 10 runs - GPU latency: 0.0959229 ms - Host latency: 0.0959229 ms (enqueue 0.0806396 ms)
[03/03/2026-11:04:08] [I] Average on 10 runs - GPU latency: 0.096582 ms - Host latency: 0.096582 ms (enqueue 0.0799316 ms)
[03/03/2026-11:04:08] [I] Average on 10 runs - GPU latency: 0.0965332 ms - Host latency: 0.0965332 ms (enqueue 0.0806152 ms)
[03/03/2026-11:04:08] [I] Average on 10 runs - GPU latency: 0.0964355 ms - Host latency: 0.0964355 ms (enqueue 0.0831543 ms)
[03/03/2026-11:04:08] [I] Average on 10 runs - GPU latency: 0.0955078 ms - Host latency: 0.0955078 ms (enqueue 0.080127 ms)
[03/03/2026-11:04:08] [I] Average on 10 runs - GPU latency: 0.095874 ms - Host latency: 0.095874 ms (enqueue 0.0805664 ms)
[03/03/2026-11:04:08] [I] Average on 10 runs - GPU latency: 0.0964355 ms - Host latency: 0.0964355 ms (enqueue 0.0821045 ms)
[03/03/2026-11:04:08] [I] Average on 10 runs - GPU latency: 0.0964355 ms - Host latency: 0.0964355 ms (enqueue 0.0827148 ms)
[03/03/2026-11:04:08] [I] Average on 10 runs - GPU latency: 0.0961426 ms - Host latency: 0.0961426 ms (enqueue 0.0801514 ms)
[03/03/2026-11:04:08] [I] Average on 10 runs - GPU latency: 0.0965332 ms - Host latency: 0.0965332 ms (enqueue 0.0809326 ms)
[03/03/2026-11:04:08] [I] Average on 10 runs - GPU latency: 0.0953369 ms - Host latency: 0.0953369 ms (enqueue 0.0809326 ms)
[03/03/2026-11:04:08] [I] Average on 10 runs - GPU latency: 0.0963379 ms - Host latency: 0.0963379 ms (enqueue 0.0839111 ms)
[03/03/2026-11:04:08] [I] Average on 10 runs - GPU latency: 0.0967529 ms - Host latency: 0.0967529 ms (enqueue 0.0800537 ms)
[03/03/2026-11:04:08] [I] Average on 10 runs - GPU latency: 0.0955078 ms - Host latency: 0.0955078 ms (enqueue 0.0803467 ms)
[03/03/2026-11:04:08] [I] Average on 10 runs - GPU latency: 0.096582 ms - Host latency: 0.096582 ms (enqueue 0.080957 ms)
[03/03/2026-11:04:08] [I] Average on 10 runs - GPU latency: 0.0962891 ms - Host latency: 0.0962891 ms (enqueue 0.0817627 ms)
[03/03/2026-11:04:08] [I] Average on 10 runs - GPU latency: 0.0961182 ms - Host latency: 0.0961182 ms (enqueue 0.0803223 ms)
[03/03/2026-11:04:08] [I] Average on 10 runs - GPU latency: 0.0960938 ms - Host latency: 0.0960938 ms (enqueue 0.0807373 ms)
[03/03/2026-11:04:08] [I] Average on 10 runs - GPU latency: 0.0965088 ms - Host latency: 0.0965088 ms (enqueue 0.0813477 ms)
[03/03/2026-11:04:08] [I] Average on 10 runs - GPU latency: 0.0963623 ms - Host latency: 0.0963623 ms (enqueue 0.081543 ms)
[03/03/2026-11:04:08] [I] Average on 10 runs - GPU latency: 0.095752 ms - Host latency: 0.095752 ms (enqueue 0.0802002 ms)
[03/03/2026-11:04:08] [I] Average on 10 runs - GPU latency: 0.0961914 ms - Host latency: 0.0961914 ms (enqueue 0.0814941 ms)
[03/03/2026-11:04:08] [I] Average on 10 runs - GPU latency: 0.0962646 ms - Host latency: 0.0962646 ms (enqueue 0.0802246 ms)
[03/03/2026-11:04:08] [I] Average on 10 runs - GPU latency: 0.0958008 ms - Host latency: 0.0958008 ms (enqueue 0.0831543 ms)
[03/03/2026-11:04:08] [I] Average on 10 runs - GPU latency: 0.0967773 ms - Host latency: 0.0967773 ms (enqueue 0.080127 ms)
[03/03/2026-11:04:08] [I] Average on 10 runs - GPU latency: 0.0964355 ms - Host latency: 0.0964355 ms (enqueue 0.0826416 ms)
[03/03/2026-11:04:08] [I] Average on 10 runs - GPU latency: 0.0955566 ms - Host latency: 0.0955566 ms (enqueue 0.0807129 ms)
[03/03/2026-11:04:08] [I] Average on 10 runs - GPU latency: 0.0956299 ms - Host latency: 0.0956299 ms (enqueue 0.0825439 ms)
[03/03/2026-11:04:08] [I] Average on 10 runs - GPU latency: 0.0959229 ms - Host latency: 0.0959229 ms (enqueue 0.0799316 ms)
[03/03/2026-11:04:08] [I] Average on 10 runs - GPU latency: 0.095752 ms - Host latency: 0.095752 ms (enqueue 0.0802002 ms)
[03/03/2026-11:04:08] [I] Average on 10 runs - GPU latency: 0.0967773 ms - Host latency: 0.0967773 ms (enqueue 0.0802734 ms)
[03/03/2026-11:04:08] [I] Average on 10 runs - GPU latency: 0.0955566 ms - Host latency: 0.0955566 ms (enqueue 0.0825928 ms)
[03/03/2026-11:04:08] [I] Average on 10 runs - GPU latency: 0.0955322 ms - Host latency: 0.0955322 ms (enqueue 0.0801025 ms)
[03/03/2026-11:04:08] [I] Average on 10 runs - GPU latency: 0.0955078 ms - Host latency: 0.0955078 ms (enqueue 0.0796387 ms)
[03/03/2026-11:04:08] [I] Average on 10 runs - GPU latency: 0.0963379 ms - Host latency: 0.0963379 ms (enqueue 0.0797363 ms)
[03/03/2026-11:04:08] [I] Average on 10 runs - GPU latency: 0.0960205 ms - Host latency: 0.0960205 ms (enqueue 0.083667 ms)
[03/03/2026-11:04:08] [I] Average on 10 runs - GPU latency: 0.095752 ms - Host latency: 0.095752 ms (enqueue 0.0799805 ms)
[03/03/2026-11:04:08] [I] Average on 10 runs - GPU latency: 0.0963379 ms - Host latency: 0.0963379 ms (enqueue 0.0800537 ms)
[03/03/2026-11:04:08] [I] Average on 10 runs - GPU latency: 0.096582 ms - Host latency: 0.096582 ms (enqueue 0.0808838 ms)
[03/03/2026-11:04:08] [I] Average on 10 runs - GPU latency: 0.0962646 ms - Host latency: 0.0962646 ms (enqueue 0.0811768 ms)
[03/03/2026-11:04:08] [I] Average on 10 runs - GPU latency: 0.0956787 ms - Host latency: 0.0956787 ms (enqueue 0.0802002 ms)
[03/03/2026-11:04:08] [I] Average on 10 runs - GPU latency: 0.095752 ms - Host latency: 0.095752 ms (enqueue 0.0811035 ms)
[03/03/2026-11:04:08] [I] Average on 10 runs - GPU latency: 0.0962158 ms - Host latency: 0.0962158 ms (enqueue 0.079541 ms)
[03/03/2026-11:04:08] [I] Average on 10 runs - GPU latency: 0.0955811 ms - Host latency: 0.0955811 ms (enqueue 0.0855713 ms)
[03/03/2026-11:04:08] [I] Average on 10 runs - GPU latency: 0.0968262 ms - Host latency: 0.0968262 ms (enqueue 0.079834 ms)
[03/03/2026-11:04:08] [I] Average on 10 runs - GPU latency: 0.0955566 ms - Host latency: 0.0955566 ms (enqueue 0.0795898 ms)
[03/03/2026-11:04:08] [I] Average on 10 runs - GPU latency: 0.096582 ms - Host latency: 0.096582 ms (enqueue 0.0797607 ms)
[03/03/2026-11:04:08] [I] Average on 10 runs - GPU latency: 0.0958008 ms - Host latency: 0.0958008 ms (enqueue 0.0845459 ms)
[03/03/2026-11:04:08] [I] Average on 10 runs - GPU latency: 0.0961914 ms - Host latency: 0.0961914 ms (enqueue 0.0808838 ms)
[03/03/2026-11:04:08] [I] Average on 10 runs - GPU latency: 0.0959229 ms - Host latency: 0.0959229 ms (enqueue 0.0798096 ms)
[03/03/2026-11:04:08] [I] Average on 10 runs - GPU latency: 0.0969482 ms - Host latency: 0.0969482 ms (enqueue 0.0791748 ms)
[03/03/2026-11:04:08] [I] Average on 10 runs - GPU latency: 0.0958008 ms - Host latency: 0.0958008 ms (enqueue 0.0814209 ms)
[03/03/2026-11:04:08] [I] Average on 10 runs - GPU latency: 0.0959961 ms - Host latency: 0.0959961 ms (enqueue 0.0838867 ms)
[03/03/2026-11:04:08] [I] Average on 10 runs - GPU latency: 0.0963379 ms - Host latency: 0.0963379 ms (enqueue 0.0790527 ms)
[03/03/2026-11:04:08] [I] Average on 10 runs - GPU latency: 0.0963623 ms - Host latency: 0.0963623 ms (enqueue 0.0794434 ms)
[03/03/2026-11:04:08] [I] Average on 10 runs - GPU latency: 0.0958984 ms - Host latency: 0.0958984 ms (enqueue 0.0821045 ms)
[03/03/2026-11:04:08] [I] Average on 10 runs - GPU latency: 0.09646 ms - Host latency: 0.09646 ms (enqueue 0.0812988 ms)
[03/03/2026-11:04:08] [I] Average on 10 runs - GPU latency: 0.0963867 ms - Host latency: 0.0963867 ms (enqueue 0.0802979 ms)
[03/03/2026-11:04:08] [I] Average on 10 runs - GPU latency: 0.0962646 ms - Host latency: 0.0962646 ms (enqueue 0.0794678 ms)
[03/03/2026-11:04:08] [I] Average on 10 runs - GPU latency: 0.0957275 ms - Host latency: 0.0957275 ms (enqueue 0.0811523 ms)
[03/03/2026-11:04:08] [I] Average on 10 runs - GPU latency: 0.096167 ms - Host latency: 0.096167 ms (enqueue 0.0828613 ms)
[03/03/2026-11:04:08] [I] Average on 10 runs - GPU latency: 0.0959961 ms - Host latency: 0.0959961 ms (enqueue 0.0814941 ms)
[03/03/2026-11:04:08] [I] Average on 10 runs - GPU latency: 0.0962402 ms - Host latency: 0.0962402 ms (enqueue 0.0797363 ms)
[03/03/2026-11:04:08] [I] Average on 10 runs - GPU latency: 0.0955566 ms - Host latency: 0.0955566 ms (enqueue 0.0808594 ms)
[03/03/2026-11:04:08] [I] Average on 10 runs - GPU latency: 0.0961914 ms - Host latency: 0.0961914 ms (enqueue 0.0826416 ms)
[03/03/2026-11:04:08] [I] Average on 10 runs - GPU latency: 0.0962158 ms - Host latency: 0.0962158 ms (enqueue 0.0789551 ms)
[03/03/2026-11:04:08] [I] Average on 10 runs - GPU latency: 0.0954834 ms - Host latency: 0.0954834 ms (enqueue 0.080957 ms)
[03/03/2026-11:04:08] [I] Average on 10 runs - GPU latency: 0.0969727 ms - Host latency: 0.0969727 ms (enqueue 0.0818359 ms)
[03/03/2026-11:04:08] [I] Average on 10 runs - GPU latency: 0.0959961 ms - Host latency: 0.0959961 ms (enqueue 0.0817871 ms)
[03/03/2026-11:04:08] [I] Average on 10 runs - GPU latency: 0.0962646 ms - Host latency: 0.0962646 ms (enqueue 0.0802246 ms)
[03/03/2026-11:04:08] [I] Average on 10 runs - GPU latency: 0.0959229 ms - Host latency: 0.0959229 ms (enqueue 0.0806152 ms)
[03/03/2026-11:04:08] [I] Average on 10 runs - GPU latency: 0.0967285 ms - Host latency: 0.0967285 ms (enqueue 0.0795654 ms)
[03/03/2026-11:04:08] [I] Average on 10 runs - GPU latency: 0.0959717 ms - Host latency: 0.0959717 ms (enqueue 0.0822022 ms)
[03/03/2026-11:04:08] [I] Average on 10 runs - GPU latency: 0.0963867 ms - Host latency: 0.0963867 ms (enqueue 0.0797363 ms)
[03/03/2026-11:04:08] [I] Average on 10 runs - GPU latency: 0.0956055 ms - Host latency: 0.0956055 ms (enqueue 0.0800049 ms)
[03/03/2026-11:04:08] [I] Average on 10 runs - GPU latency: 0.0959961 ms - Host latency: 0.0959961 ms (enqueue 0.0816895 ms)
[03/03/2026-11:04:08] [I] Average on 10 runs - GPU latency: 0.0961914 ms - Host latency: 0.0961914 ms (enqueue 0.0844727 ms)
[03/03/2026-11:04:08] [I] Average on 10 runs - GPU latency: 0.095166 ms - Host latency: 0.095166 ms (enqueue 0.0805176 ms)
[03/03/2026-11:04:08] [I] Average on 10 runs - GPU latency: 0.0963867 ms - Host latency: 0.0963867 ms (enqueue 0.0793457 ms)
[03/03/2026-11:04:08] [I] Average on 10 runs - GPU latency: 0.0968262 ms - Host latency: 0.0968262 ms (enqueue 0.0790283 ms)
[03/03/2026-11:04:08] [I] Average on 10 runs - GPU latency: 0.0957275 ms - Host latency: 0.0957275 ms (enqueue 0.0827637 ms)
[03/03/2026-11:04:08] [I] Average on 10 runs - GPU latency: 0.0952393 ms - Host latency: 0.0952393 ms (enqueue 0.0795898 ms)
[03/03/2026-11:04:08] [I] Average on 10 runs - GPU latency: 0.0959473 ms - Host latency: 0.0959473 ms (enqueue 0.0810547 ms)
[03/03/2026-11:04:08] [I] Average on 10 runs - GPU latency: 0.0959473 ms - Host latency: 0.0959473 ms (enqueue 0.0796143 ms)
[03/03/2026-11:04:08] [I] Average on 10 runs - GPU latency: 0.0957031 ms - Host latency: 0.0957031 ms (enqueue 0.0814453 ms)
[03/03/2026-11:04:08] [I] Average on 10 runs - GPU latency: 0.0961182 ms - Host latency: 0.0961182 ms (enqueue 0.0799805 ms)
[03/03/2026-11:04:08] [I] Average on 10 runs - GPU latency: 0.0962891 ms - Host latency: 0.0962891 ms (enqueue 0.0802246 ms)
[03/03/2026-11:04:08] [I] Average on 10 runs - GPU latency: 0.097168 ms - Host latency: 0.097168 ms (enqueue 0.080127 ms)
[03/03/2026-11:04:08] [I] Average on 10 runs - GPU latency: 0.0959717 ms - Host latency: 0.0959717 ms (enqueue 0.0816162 ms)
[03/03/2026-11:04:08] [I] Average on 10 runs - GPU latency: 0.0965088 ms - Host latency: 0.0965088 ms (enqueue 0.0790771 ms)
[03/03/2026-11:04:08] [I] Average on 10 runs - GPU latency: 0.0960938 ms - Host latency: 0.0960938 ms (enqueue 0.0813965 ms)
[03/03/2026-11:04:08] [I] Average on 10 runs - GPU latency: 0.0961914 ms - Host latency: 0.0961914 ms (enqueue 0.0797119 ms)
[03/03/2026-11:04:08] [I] Average on 10 runs - GPU latency: 0.0952637 ms - Host latency: 0.0952637 ms (enqueue 0.0824951 ms)
[03/03/2026-11:04:08] [I] Average on 10 runs - GPU latency: 0.0958984 ms - Host latency: 0.0958984 ms (enqueue 0.0808105 ms)
[03/03/2026-11:04:08] [I] Average on 10 runs - GPU latency: 0.0963867 ms - Host latency: 0.0963867 ms (enqueue 0.0797363 ms)
[03/03/2026-11:04:08] [I] Average on 10 runs - GPU latency: 0.0955078 ms - Host latency: 0.0955078 ms (enqueue 0.079834 ms)
[03/03/2026-11:04:08] [I] Average on 10 runs - GPU latency: 0.0959229 ms - Host latency: 0.0959229 ms (enqueue 0.0841553 ms)
[03/03/2026-11:04:08] [I] Average on 10 runs - GPU latency: 0.0967041 ms - Host latency: 0.0967041 ms (enqueue 0.0796631 ms)
[03/03/2026-11:04:08] [I] Average on 10 runs - GPU latency: 0.0949951 ms - Host latency: 0.0949951 ms (enqueue 0.079834 ms)
[03/03/2026-11:04:08] [I] Average on 10 runs - GPU latency: 0.0954834 ms - Host latency: 0.0954834 ms (enqueue 0.0808105 ms)
[03/03/2026-11:04:08] [I] Average on 10 runs - GPU latency: 0.0958984 ms - Host latency: 0.0958984 ms (enqueue 0.0796631 ms)
[03/03/2026-11:04:08] [I] Average on 10 runs - GPU latency: 0.0954346 ms - Host latency: 0.0954346 ms (enqueue 0.0824707 ms)
[03/03/2026-11:04:08] [I] Average on 10 runs - GPU latency: 0.0955322 ms - Host latency: 0.0955322 ms (enqueue 0.0800537 ms)
[03/03/2026-11:04:08] [I] Average on 10 runs - GPU latency: 0.0958008 ms - Host latency: 0.0958008 ms (enqueue 0.0793457 ms)
[03/03/2026-11:04:08] [I] Average on 10 runs - GPU latency: 0.0952148 ms - Host latency: 0.0952148 ms (enqueue 0.081958 ms)
[03/03/2026-11:04:08] [I] Average on 10 runs - GPU latency: 0.0969238 ms - Host latency: 0.0969238 ms (enqueue 0.0839111 ms)
[03/03/2026-11:04:08] [I] Average on 10 runs - GPU latency: 0.0959229 ms - Host latency: 0.0959229 ms (enqueue 0.0801514 ms)
[03/03/2026-11:04:08] [I] Average on 10 runs - GPU latency: 0.0958008 ms - Host latency: 0.0958008 ms (enqueue 0.0796387 ms)
[03/03/2026-11:04:08] [I] Average on 10 runs - GPU latency: 0.0960205 ms - Host latency: 0.0960205 ms (enqueue 0.080127 ms)
[03/03/2026-11:04:08] [I] Average on 10 runs - GPU latency: 0.0954346 ms - Host latency: 0.0954346 ms (enqueue 0.0821045 ms)
[03/03/2026-11:04:08] [I] Average on 10 runs - GPU latency: 0.0955811 ms - Host latency: 0.0955811 ms (enqueue 0.0799072 ms)
[03/03/2026-11:04:08] [I] Average on 10 runs - GPU latency: 0.0959717 ms - Host latency: 0.0959717 ms (enqueue 0.0804688 ms)
[03/03/2026-11:04:08] [I] Average on 10 runs - GPU latency: 0.0965332 ms - Host latency: 0.0965332 ms (enqueue 0.0801025 ms)
[03/03/2026-11:04:08] [I] Average on 10 runs - GPU latency: 0.0964111 ms - Host latency: 0.0964111 ms (enqueue 0.0859619 ms)
[03/03/2026-11:04:08] [I] Average on 10 runs - GPU latency: 0.0956787 ms - Host latency: 0.0956787 ms (enqueue 0.0800781 ms)
[03/03/2026-11:04:08] [I] Average on 10 runs - GPU latency: 0.0960938 ms - Host latency: 0.0960938 ms (enqueue 0.079834 ms)
[03/03/2026-11:04:08] [I] Average on 10 runs - GPU latency: 0.0962646 ms - Host latency: 0.0962646 ms (enqueue 0.0811035 ms)
[03/03/2026-11:04:08] [I] Average on 10 runs - GPU latency: 0.0957764 ms - Host latency: 0.0957764 ms (enqueue 0.0833496 ms)
[03/03/2026-11:04:08] [I] Average on 10 runs - GPU latency: 0.0966553 ms - Host latency: 0.0966553 ms (enqueue 0.0801758 ms)
[03/03/2026-11:04:08] [I] Average on 10 runs - GPU latency: 0.0956787 ms - Host latency: 0.0956787 ms (enqueue 0.0798584 ms)
[03/03/2026-11:04:08] [I] Average on 10 runs - GPU latency: 0.0961914 ms - Host latency: 0.0961914 ms (enqueue 0.0797119 ms)
[03/03/2026-11:04:08] [I] Average on 10 runs - GPU latency: 0.096167 ms - Host latency: 0.096167 ms (enqueue 0.0818848 ms)
[03/03/2026-11:04:08] [I] Average on 10 runs - GPU latency: 0.0962402 ms - Host latency: 0.0962402 ms (enqueue 0.0798828 ms)
[03/03/2026-11:04:08] [I] Average on 10 runs - GPU latency: 0.0963135 ms - Host latency: 0.0963135 ms (enqueue 0.0820312 ms)
[03/03/2026-11:04:08] [I] Average on 10 runs - GPU latency: 0.0963379 ms - Host latency: 0.0963379 ms (enqueue 0.0799805 ms)
[03/03/2026-11:04:08] [I] Average on 10 runs - GPU latency: 0.0960693 ms - Host latency: 0.0960693 ms (enqueue 0.0837158 ms)
[03/03/2026-11:04:08] [I] Average on 10 runs - GPU latency: 0.0967529 ms - Host latency: 0.0967529 ms (enqueue 0.0801514 ms)
[03/03/2026-11:04:08] [I] Average on 10 runs - GPU latency: 0.0959717 ms - Host latency: 0.0959717 ms (enqueue 0.0801758 ms)
[03/03/2026-11:04:08] [I] Average on 10 runs - GPU latency: 0.0959229 ms - Host latency: 0.0959229 ms (enqueue 0.0799316 ms)
[03/03/2026-11:04:08] [I] Average on 10 runs - GPU latency: 0.0953857 ms - Host latency: 0.0953857 ms (enqueue 0.0804443 ms)
[03/03/2026-11:04:08] [I] Average on 10 runs - GPU latency: 0.0959717 ms - Host latency: 0.0959717 ms (enqueue 0.0810791 ms)
[03/03/2026-11:04:08] [I] Average on 10 runs - GPU latency: 0.0955811 ms - Host latency: 0.0955811 ms (enqueue 0.0819092 ms)
[03/03/2026-11:04:08] [I] Average on 10 runs - GPU latency: 0.0955566 ms - Host latency: 0.0955566 ms (enqueue 0.079248 ms)
[03/03/2026-11:04:08] [I] Average on 10 runs - GPU latency: 0.0956787 ms - Host latency: 0.0956787 ms (enqueue 0.0816895 ms)
[03/03/2026-11:04:08] [I] Average on 10 runs - GPU latency: 0.0961914 ms - Host latency: 0.0961914 ms (enqueue 0.0791992 ms)
[03/03/2026-11:04:08] [I] Average on 10 runs - GPU latency: 0.0962402 ms - Host latency: 0.0962402 ms (enqueue 0.0831055 ms)
[03/03/2026-11:04:08] [I] Average on 10 runs - GPU latency: 0.095752 ms - Host latency: 0.095752 ms (enqueue 0.080835 ms)
[03/03/2026-11:04:08] [I] Average on 10 runs - GPU latency: 0.0957031 ms - Host latency: 0.0957031 ms (enqueue 0.0819092 ms)
[03/03/2026-11:04:08] [I] Average on 10 runs - GPU latency: 0.0957275 ms - Host latency: 0.0957275 ms (enqueue 0.0797363 ms)
[03/03/2026-11:04:08] [I] Average on 10 runs - GPU latency: 0.095752 ms - Host latency: 0.095752 ms (enqueue 0.0808105 ms)
[03/03/2026-11:04:08] [I] Average on 10 runs - GPU latency: 0.0966309 ms - Host latency: 0.0966309 ms (enqueue 0.0791504 ms)
[03/03/2026-11:04:08] [I] Average on 10 runs - GPU latency: 0.0958008 ms - Host latency: 0.0958008 ms (enqueue 0.0814941 ms)
[03/03/2026-11:04:08] [I] Average on 10 runs - GPU latency: 0.0966553 ms - Host latency: 0.0966553 ms (enqueue 0.0810059 ms)
[03/03/2026-11:04:08] [I] Average on 10 runs - GPU latency: 0.0964111 ms - Host latency: 0.0964111 ms (enqueue 0.0817627 ms)
[03/03/2026-11:04:08] [I] Average on 10 runs - GPU latency: 0.0958984 ms - Host latency: 0.0958984 ms (enqueue 0.0794434 ms)
[03/03/2026-11:04:08] [I] Average on 10 runs - GPU latency: 0.0957031 ms - Host latency: 0.0957031 ms (enqueue 0.0795654 ms)
[03/03/2026-11:04:08] [I] Average on 10 runs - GPU latency: 0.0956787 ms - Host latency: 0.0956787 ms (enqueue 0.0844238 ms)
[03/03/2026-11:04:08] [I] Average on 10 runs - GPU latency: 0.0954834 ms - Host latency: 0.0954834 ms (enqueue 0.0798828 ms)
[03/03/2026-11:04:08] [I] Average on 10 runs - GPU latency: 0.0960693 ms - Host latency: 0.0960693 ms (enqueue 0.0806641 ms)
[03/03/2026-11:04:08] [I] Average on 10 runs - GPU latency: 0.0961426 ms - Host latency: 0.0961426 ms (enqueue 0.0797607 ms)
[03/03/2026-11:04:08] [I] Average on 10 runs - GPU latency: 0.0959229 ms - Host latency: 0.0959229 ms (enqueue 0.08396 ms)
[03/03/2026-11:04:08] [I] Average on 10 runs - GPU latency: 0.095459 ms - Host latency: 0.095459 ms (enqueue 0.079248 ms)
[03/03/2026-11:04:08] [I] Average on 10 runs - GPU latency: 0.0962646 ms - Host latency: 0.0962646 ms (enqueue 0.0793701 ms)
[03/03/2026-11:04:08] [I] Average on 10 runs - GPU latency: 0.096167 ms - Host latency: 0.096167 ms (enqueue 0.0824463 ms)
[03/03/2026-11:04:08] [I] Average on 10 runs - GPU latency: 0.0958008 ms - Host latency: 0.0958008 ms (enqueue 0.082251 ms)
[03/03/2026-11:04:08] [I] Average on 10 runs - GPU latency: 0.0959229 ms - Host latency: 0.0959229 ms (enqueue 0.0801758 ms)
[03/03/2026-11:04:08] [I] Average on 10 runs - GPU latency: 0.0960205 ms - Host latency: 0.0960205 ms (enqueue 0.0793457 ms)
[03/03/2026-11:04:08] [I] Average on 10 runs - GPU latency: 0.0953369 ms - Host latency: 0.0953369 ms (enqueue 0.0815674 ms)
[03/03/2026-11:04:08] [I] Average on 10 runs - GPU latency: 0.0959717 ms - Host latency: 0.0959717 ms (enqueue 0.0822754 ms)
[03/03/2026-11:04:08] [I] Average on 10 runs - GPU latency: 0.0963379 ms - Host latency: 0.0963379 ms (enqueue 0.0802979 ms)
[03/03/2026-11:04:08] [I] Average on 10 runs - GPU latency: 0.0966553 ms - Host latency: 0.0966553 ms (enqueue 0.0793701 ms)
[03/03/2026-11:04:08] [I] Average on 10 runs - GPU latency: 0.0958984 ms - Host latency: 0.0958984 ms (enqueue 0.0835449 ms)
[03/03/2026-11:04:08] [I] Average on 10 runs - GPU latency: 0.0973633 ms - Host latency: 0.0973633 ms (enqueue 0.0820557 ms)
[03/03/2026-11:04:08] [I] Average on 10 runs - GPU latency: 0.0960938 ms - Host latency: 0.0960938 ms (enqueue 0.0796387 ms)
[03/03/2026-11:04:08] [I] Average on 10 runs - GPU latency: 0.096582 ms - Host latency: 0.096582 ms (enqueue 0.0796631 ms)
[03/03/2026-11:04:08] [I] Average on 10 runs - GPU latency: 0.0956787 ms - Host latency: 0.0956787 ms (enqueue 0.079541 ms)
[03/03/2026-11:04:08] [I] Average on 10 runs - GPU latency: 0.0971436 ms - Host latency: 0.0971436 ms (enqueue 0.0855469 ms)
[03/03/2026-11:04:08] [I] Average on 10 runs - GPU latency: 0.0959717 ms - Host latency: 0.0959717 ms (enqueue 0.0790527 ms)
[03/03/2026-11:04:08] [I] Average on 10 runs - GPU latency: 0.0958984 ms - Host latency: 0.0958984 ms (enqueue 0.0804932 ms)
[03/03/2026-11:04:08] [I] Average on 10 runs - GPU latency: 0.0968262 ms - Host latency: 0.0968262 ms (enqueue 0.0793945 ms)
[03/03/2026-11:04:08] [I] Average on 10 runs - GPU latency: 0.0958252 ms - Host latency: 0.0958252 ms (enqueue 0.0838623 ms)
[03/03/2026-11:04:08] [I] Average on 10 runs - GPU latency: 0.096167 ms - Host latency: 0.096167 ms (enqueue 0.0799072 ms)
[03/03/2026-11:04:08] [I] Average on 10 runs - GPU latency: 0.0954346 ms - Host latency: 0.0954346 ms (enqueue 0.0790771 ms)
[03/03/2026-11:04:08] [I] Average on 10 runs - GPU latency: 0.0965332 ms - Host latency: 0.0965332 ms (enqueue 0.0805664 ms)
[03/03/2026-11:04:08] [I] Average on 10 runs - GPU latency: 0.0964844 ms - Host latency: 0.0964844 ms (enqueue 0.082373 ms)
[03/03/2026-11:04:08] [I] Average on 10 runs - GPU latency: 0.0965332 ms - Host latency: 0.0965332 ms (enqueue 0.0799561 ms)
[03/03/2026-11:04:08] [I] Average on 10 runs - GPU latency: 0.0959473 ms - Host latency: 0.0959473 ms (enqueue 0.0828369 ms)
[03/03/2026-11:04:08] [I] Average on 10 runs - GPU latency: 0.0961426 ms - Host latency: 0.0961426 ms (enqueue 0.0793457 ms)
[03/03/2026-11:04:08] [I] Average on 10 runs - GPU latency: 0.0949707 ms - Host latency: 0.0949707 ms (enqueue 0.0833496 ms)
[03/03/2026-11:04:08] [I] Average on 10 runs - GPU latency: 0.0957275 ms - Host latency: 0.0957275 ms (enqueue 0.0798584 ms)
[03/03/2026-11:04:08] [I] Average on 10 runs - GPU latency: 0.0964355 ms - Host latency: 0.0964355 ms (enqueue 0.0793701 ms)
[03/03/2026-11:04:08] [I] Average on 10 runs - GPU latency: 0.0968994 ms - Host latency: 0.0968994 ms (enqueue 0.0826416 ms)
[03/03/2026-11:04:08] [I] Average on 10 runs - GPU latency: 0.095752 ms - Host latency: 0.095752 ms (enqueue 0.080957 ms)
[03/03/2026-11:04:08] [I] Average on 10 runs - GPU latency: 0.0960449 ms - Host latency: 0.0960449 ms (enqueue 0.080542 ms)
[03/03/2026-11:04:08] [I] Average on 10 runs - GPU latency: 0.0959473 ms - Host latency: 0.0959473 ms (enqueue 0.0809326 ms)
[03/03/2026-11:04:08] [I] Average on 10 runs - GPU latency: 0.0967529 ms - Host latency: 0.0967529 ms (enqueue 0.0791016 ms)
[03/03/2026-11:04:08] [I] Average on 10 runs - GPU latency: 0.0960449 ms - Host latency: 0.0960449 ms (enqueue 0.0840576 ms)
[03/03/2026-11:04:08] [I] Average on 10 runs - GPU latency: 0.0962891 ms - Host latency: 0.0962891 ms (enqueue 0.0799805 ms)
[03/03/2026-11:04:08] [I] Average on 10 runs - GPU latency: 0.0955811 ms - Host latency: 0.0955811 ms (enqueue 0.0796631 ms)
[03/03/2026-11:04:08] [I] Average on 10 runs - GPU latency: 0.0968018 ms - Host latency: 0.0968018 ms (enqueue 0.0795654 ms)
[03/03/2026-11:04:08] [I] Average on 10 runs - GPU latency: 0.0958984 ms - Host latency: 0.0958984 ms (enqueue 0.0826172 ms)
[03/03/2026-11:04:08] [I] Average on 10 runs - GPU latency: 0.0963135 ms - Host latency: 0.0963135 ms (enqueue 0.0794922 ms)
[03/03/2026-11:04:08] [I] Average on 10 runs - GPU latency: 0.0963135 ms - Host latency: 0.0963135 ms (enqueue 0.0808105 ms)
[03/03/2026-11:04:08] [I] Average on 10 runs - GPU latency: 0.0958984 ms - Host latency: 0.0958984 ms (enqueue 0.0801758 ms)
[03/03/2026-11:04:08] [I] Average on 10 runs - GPU latency: 0.0960938 ms - Host latency: 0.0960938 ms (enqueue 0.0804932 ms)
[03/03/2026-11:04:08] [I] Average on 10 runs - GPU latency: 0.0953125 ms - Host latency: 0.0953125 ms (enqueue 0.0840088 ms)
[03/03/2026-11:04:08] [I] Average on 10 runs - GPU latency: 0.0967529 ms - Host latency: 0.0967529 ms (enqueue 0.0805176 ms)
[03/03/2026-11:04:08] [I] Average on 10 runs - GPU latency: 0.0962646 ms - Host latency: 0.0962646 ms (enqueue 0.079126 ms)
[03/03/2026-11:04:08] [I] Average on 10 runs - GPU latency: 0.0962891 ms - Host latency: 0.0962891 ms (enqueue 0.0809326 ms)
[03/03/2026-11:04:08] [I] Average on 10 runs - GPU latency: 0.0964111 ms - Host latency: 0.0964111 ms (enqueue 0.0844727 ms)
[03/03/2026-11:04:08] [I] Average on 10 runs - GPU latency: 0.0959229 ms - Host latency: 0.0959229 ms (enqueue 0.0797852 ms)
[03/03/2026-11:04:08] [I] Average on 10 runs - GPU latency: 0.0967529 ms - Host latency: 0.0967529 ms (enqueue 0.0800781 ms)
[03/03/2026-11:04:08] [I] Average on 10 runs - GPU latency: 0.0959717 ms - Host latency: 0.0959717 ms (enqueue 0.0797852 ms)
[03/03/2026-11:04:08] [I] Average on 10 runs - GPU latency: 0.0969727 ms - Host latency: 0.0969727 ms (enqueue 0.0841064 ms)
[03/03/2026-11:04:08] [I] Average on 10 runs - GPU latency: 0.0958496 ms - Host latency: 0.0958496 ms (enqueue 0.0800293 ms)
[03/03/2026-11:04:08] [I] Average on 10 runs - GPU latency: 0.096167 ms - Host latency: 0.096167 ms (enqueue 0.079541 ms)
[03/03/2026-11:04:08] [I] Average on 10 runs - GPU latency: 0.0967285 ms - Host latency: 0.0967285 ms (enqueue 0.0799561 ms)
[03/03/2026-11:04:08] [I] Average on 10 runs - GPU latency: 0.0959229 ms - Host latency: 0.0959229 ms (enqueue 0.0824707 ms)
[03/03/2026-11:04:08] [I] Average on 10 runs - GPU latency: 0.095874 ms - Host latency: 0.095874 ms (enqueue 0.080249 ms)
[03/03/2026-11:04:08] [I] Average on 10 runs - GPU latency: 0.0958984 ms - Host latency: 0.0958984 ms (enqueue 0.0799805 ms)
[03/03/2026-11:04:08] [I] Average on 10 runs - GPU latency: 0.095874 ms - Host latency: 0.095874 ms (enqueue 0.0790283 ms)
[03/03/2026-11:04:08] [I] Average on 10 runs - GPU latency: 0.0968018 ms - Host latency: 0.0968018 ms (enqueue 0.0859131 ms)
[03/03/2026-11:04:08] [I] Average on 10 runs - GPU latency: 0.0966797 ms - Host latency: 0.0966797 ms (enqueue 0.079248 ms)
[03/03/2026-11:04:08] [I] Average on 10 runs - GPU latency: 0.0955566 ms - Host latency: 0.0955566 ms (enqueue 0.0801758 ms)
[03/03/2026-11:04:08] [I] Average on 10 runs - GPU latency: 0.0965088 ms - Host latency: 0.0965088 ms (enqueue 0.0787354 ms)
[03/03/2026-11:04:08] [I] Average on 10 runs - GPU latency: 0.096582 ms - Host latency: 0.096582 ms (enqueue 0.0853271 ms)
[03/03/2026-11:04:08] [I] Average on 10 runs - GPU latency: 0.0963379 ms - Host latency: 0.0963379 ms (enqueue 0.0793701 ms)
[03/03/2026-11:04:08] [I] Average on 10 runs - GPU latency: 0.0968018 ms - Host latency: 0.0968018 ms (enqueue 0.0796631 ms)
[03/03/2026-11:04:08] [I] Average on 10 runs - GPU latency: 0.0952881 ms - Host latency: 0.0952881 ms (enqueue 0.0811768 ms)
[03/03/2026-11:04:08] [I] Average on 10 runs - GPU latency: 0.0956787 ms - Host latency: 0.0956787 ms (enqueue 0.0840576 ms)
[03/03/2026-11:04:08] [I] Average on 10 runs - GPU latency: 0.0955811 ms - Host latency: 0.0955811 ms (enqueue 0.0791748 ms)
[03/03/2026-11:04:08] [I] Average on 10 runs - GPU latency: 0.0963623 ms - Host latency: 0.0963623 ms (enqueue 0.079541 ms)
[03/03/2026-11:04:08] [I] Average on 10 runs - GPU latency: 0.0960693 ms - Host latency: 0.0960693 ms (enqueue 0.0824951 ms)
[03/03/2026-11:04:08] [I] Average on 10 runs - GPU latency: 0.0952637 ms - Host latency: 0.0952637 ms (enqueue 0.0820801 ms)
[03/03/2026-11:04:08] [I] Average on 10 runs - GPU latency: 0.0960693 ms - Host latency: 0.0960693 ms (enqueue 0.0790283 ms)
[03/03/2026-11:04:08] [I] Average on 10 runs - GPU latency: 0.0966797 ms - Host latency: 0.0966797 ms (enqueue 0.0797852 ms)
[03/03/2026-11:04:08] [I] Average on 10 runs - GPU latency: 0.0962402 ms - Host latency: 0.0962402 ms (enqueue 0.082666 ms)
[03/03/2026-11:04:08] [I] Average on 10 runs - GPU latency: 0.0970459 ms - Host latency: 0.0970459 ms (enqueue 0.0831543 ms)
[03/03/2026-11:04:08] [I] Average on 10 runs - GPU latency: 0.0957031 ms - Host latency: 0.0957031 ms (enqueue 0.0802734 ms)
[03/03/2026-11:04:08] [I] Average on 10 runs - GPU latency: 0.0946777 ms - Host latency: 0.0946777 ms (enqueue 0.0796875 ms)
[03/03/2026-11:04:08] [I] Average on 10 runs - GPU latency: 0.0972412 ms - Host latency: 0.0972412 ms (enqueue 0.0816162 ms)
[03/03/2026-11:04:08] [I] Average on 10 runs - GPU latency: 0.0963379 ms - Host latency: 0.0963379 ms (enqueue 0.081958 ms)
[03/03/2026-11:04:08] [I] Average on 10 runs - GPU latency: 0.0963623 ms - Host latency: 0.0963623 ms (enqueue 0.0798828 ms)
[03/03/2026-11:04:08] [I] Average on 10 runs - GPU latency: 0.0962646 ms - Host latency: 0.0962646 ms (enqueue 0.0796387 ms)
[03/03/2026-11:04:08] [I] Average on 10 runs - GPU latency: 0.0959229 ms - Host latency: 0.0959229 ms (enqueue 0.0799805 ms)
[03/03/2026-11:04:08] [I] Average on 10 runs - GPU latency: 0.0957031 ms - Host latency: 0.0957031 ms (enqueue 0.0818603 ms)
[03/03/2026-11:04:08] [I] Average on 10 runs - GPU latency: 0.0964355 ms - Host latency: 0.0964355 ms (enqueue 0.0797119 ms)
[03/03/2026-11:04:08] [I] Average on 10 runs - GPU latency: 0.0955811 ms - Host latency: 0.0955811 ms (enqueue 0.0824463 ms)
[03/03/2026-11:04:08] [I] Average on 10 runs - GPU latency: 0.0962158 ms - Host latency: 0.0962158 ms (enqueue 0.0790283 ms)
[03/03/2026-11:04:08] [I] Average on 10 runs - GPU latency: 0.0956055 ms - Host latency: 0.0956055 ms (enqueue 0.0847168 ms)
[03/03/2026-11:04:08] [I] Average on 10 runs - GPU latency: 0.0959229 ms - Host latency: 0.0959229 ms (enqueue 0.0803467 ms)
[03/03/2026-11:04:08] [I] Average on 10 runs - GPU latency: 0.0956787 ms - Host latency: 0.0956787 ms (enqueue 0.0811035 ms)
[03/03/2026-11:04:08] [I] Average on 10 runs - GPU latency: 0.0963867 ms - Host latency: 0.0963867 ms (enqueue 0.0794678 ms)
[03/03/2026-11:04:08] [I] Average on 10 runs - GPU latency: 0.0961914 ms - Host latency: 0.0961914 ms (enqueue 0.0798096 ms)
[03/03/2026-11:04:08] [I] Average on 10 runs - GPU latency: 0.0959473 ms - Host latency: 0.0959473 ms (enqueue 0.0806885 ms)
[03/03/2026-11:04:08] [I] Average on 10 runs - GPU latency: 0.0962402 ms - Host latency: 0.0962402 ms (enqueue 0.0800781 ms)
[03/03/2026-11:04:08] [I] Average on 10 runs - GPU latency: 0.0959717 ms - Host latency: 0.0959717 ms (enqueue 0.0803223 ms)
[03/03/2026-11:04:08] [I] Average on 10 runs - GPU latency: 0.0963379 ms - Host latency: 0.0963379 ms (enqueue 0.0811279 ms)
[03/03/2026-11:04:08] [I] Average on 10 runs - GPU latency: 0.0961914 ms - Host latency: 0.0961914 ms (enqueue 0.081543 ms)
[03/03/2026-11:04:08] [I] Average on 10 runs - GPU latency: 0.0959961 ms - Host latency: 0.0959961 ms (enqueue 0.0799805 ms)
[03/03/2026-11:04:08] [I] Average on 10 runs - GPU latency: 0.0957764 ms - Host latency: 0.0957764 ms (enqueue 0.0831787 ms)
[03/03/2026-11:04:08] [I] Average on 10 runs - GPU latency: 0.0963867 ms - Host latency: 0.0963867 ms (enqueue 0.0794678 ms)
[03/03/2026-11:04:08] [I] Average on 10 runs - GPU latency: 0.0956787 ms - Host latency: 0.0956787 ms (enqueue 0.0832764 ms)
[03/03/2026-11:04:08] [I] Average on 10 runs - GPU latency: 0.0964111 ms - Host latency: 0.0964111 ms (enqueue 0.0796631 ms)
[03/03/2026-11:04:08] [I] Average on 10 runs - GPU latency: 0.0960693 ms - Host latency: 0.0960693 ms (enqueue 0.0791748 ms)
[03/03/2026-11:04:08] [I] Average on 10 runs - GPU latency: 0.0955078 ms - Host latency: 0.0955078 ms (enqueue 0.0798828 ms)
[03/03/2026-11:04:08] [I] Average on 10 runs - GPU latency: 0.0960449 ms - Host latency: 0.0960449 ms (enqueue 0.0804688 ms)
[03/03/2026-11:04:08] [I] Average on 10 runs - GPU latency: 0.0962402 ms - Host latency: 0.0962402 ms (enqueue 0.0815674 ms)
[03/03/2026-11:04:08] [I] Average on 10 runs - GPU latency: 0.0967041 ms - Host latency: 0.0967041 ms (enqueue 0.0804688 ms)
[03/03/2026-11:04:08] [I] Average on 10 runs - GPU latency: 0.0961426 ms - Host latency: 0.0961426 ms (enqueue 0.0797363 ms)
[03/03/2026-11:04:08] [I] Average on 10 runs - GPU latency: 0.0953613 ms - Host latency: 0.0953613 ms (enqueue 0.0843506 ms)
[03/03/2026-11:04:08] [I] Average on 10 runs - GPU latency: 0.0955811 ms - Host latency: 0.0955811 ms (enqueue 0.0801025 ms)
[03/03/2026-11:04:08] [I] Average on 10 runs - GPU latency: 0.0953369 ms - Host latency: 0.0953369 ms (enqueue 0.0789551 ms)
[03/03/2026-11:04:08] [I] Average on 10 runs - GPU latency: 0.0959717 ms - Host latency: 0.0959717 ms (enqueue 0.079248 ms)
[03/03/2026-11:04:08] [I] Average on 10 runs - GPU latency: 0.0966553 ms - Host latency: 0.0966553 ms (enqueue 0.0824707 ms)
[03/03/2026-11:04:08] [I] Average on 10 runs - GPU latency: 0.0959961 ms - Host latency: 0.0959961 ms (enqueue 0.0790039 ms)
[03/03/2026-11:04:08] [I] Average on 10 runs - GPU latency: 0.0964111 ms - Host latency: 0.0964111 ms (enqueue 0.0796387 ms)
[03/03/2026-11:04:08] [I] Average on 10 runs - GPU latency: 0.0969482 ms - Host latency: 0.0969482 ms (enqueue 0.0818115 ms)
[03/03/2026-11:04:08] [I] Average on 10 runs - GPU latency: 0.0955322 ms - Host latency: 0.0955322 ms (enqueue 0.0831299 ms)
[03/03/2026-11:04:08] [I] Average on 10 runs - GPU latency: 0.0952637 ms - Host latency: 0.0952637 ms (enqueue 0.0795898 ms)
[03/03/2026-11:04:08] [I] Average on 10 runs - GPU latency: 0.0957764 ms - Host latency: 0.0957764 ms (enqueue 0.0791504 ms)
[03/03/2026-11:04:08] [I] Average on 10 runs - GPU latency: 0.0965332 ms - Host latency: 0.0965332 ms (enqueue 0.0819092 ms)
[03/03/2026-11:04:08] [I] Average on 10 runs - GPU latency: 0.0963379 ms - Host latency: 0.0963379 ms (enqueue 0.0828857 ms)
[03/03/2026-11:04:08] [I] Average on 10 runs - GPU latency: 0.0965332 ms - Host latency: 0.0965332 ms (enqueue 0.0799561 ms)
[03/03/2026-11:04:08] [I] Average on 10 runs - GPU latency: 0.0957764 ms - Host latency: 0.0957764 ms (enqueue 0.0807129 ms)
[03/03/2026-11:04:08] [I] Average on 10 runs - GPU latency: 0.0955322 ms - Host latency: 0.0955322 ms (enqueue 0.0808594 ms)
[03/03/2026-11:04:08] [I] Average on 10 runs - GPU latency: 0.0961182 ms - Host latency: 0.0961182 ms (enqueue 0.082666 ms)
[03/03/2026-11:04:08] [I] Average on 10 runs - GPU latency: 0.0965088 ms - Host latency: 0.0965088 ms (enqueue 0.0802734 ms)
[03/03/2026-11:04:08] [I] Average on 10 runs - GPU latency: 0.0966797 ms - Host latency: 0.0966797 ms (enqueue 0.0810547 ms)
[03/03/2026-11:04:08] [I] Average on 10 runs - GPU latency: 0.0961426 ms - Host latency: 0.0961426 ms (enqueue 0.0794434 ms)
[03/03/2026-11:04:08] [I] Average on 10 runs - GPU latency: 0.0961426 ms - Host latency: 0.0961426 ms (enqueue 0.0822266 ms)
[03/03/2026-11:04:08] [I] Average on 10 runs - GPU latency: 0.0961426 ms - Host latency: 0.0961426 ms (enqueue 0.0804199 ms)
[03/03/2026-11:04:08] [I] Average on 10 runs - GPU latency: 0.0959717 ms - Host latency: 0.0959717 ms (enqueue 0.080127 ms)
[03/03/2026-11:04:08] [I] Average on 10 runs - GPU latency: 0.0958252 ms - Host latency: 0.0958252 ms (enqueue 0.0814697 ms)
[03/03/2026-11:04:08] [I] Average on 10 runs - GPU latency: 0.0964111 ms - Host latency: 0.0964111 ms (enqueue 0.0809082 ms)
[03/03/2026-11:04:08] [I] Average on 10 runs - GPU latency: 0.0958496 ms - Host latency: 0.0958496 ms (enqueue 0.0792236 ms)
[03/03/2026-11:04:08] [I] Average on 10 runs - GPU latency: 0.0963135 ms - Host latency: 0.0963135 ms (enqueue 0.0799072 ms)
[03/03/2026-11:04:08] [I] Average on 10 runs - GPU latency: 0.0960449 ms - Host latency: 0.0960449 ms (enqueue 0.0818359 ms)
[03/03/2026-11:04:08] [I] Average on 10 runs - GPU latency: 0.0960938 ms - Host latency: 0.0960938 ms (enqueue 0.0798096 ms)
[03/03/2026-11:04:08] [I] Average on 10 runs - GPU latency: 0.0963867 ms - Host latency: 0.0963867 ms (enqueue 0.0809326 ms)
[03/03/2026-11:04:08] [I] Average on 10 runs - GPU latency: 0.0960938 ms - Host latency: 0.0960938 ms (enqueue 0.0823975 ms)
[03/03/2026-11:04:08] [I] Average on 10 runs - GPU latency: 0.0961426 ms - Host latency: 0.0961426 ms (enqueue 0.0790527 ms)
[03/03/2026-11:04:08] [I] Average on 10 runs - GPU latency: 0.0966064 ms - Host latency: 0.0966064 ms (enqueue 0.0797363 ms)
[03/03/2026-11:04:08] [I] Average on 10 runs - GPU latency: 0.0960693 ms - Host latency: 0.0960693 ms (enqueue 0.0830322 ms)
[03/03/2026-11:04:08] [I] Average on 10 runs - GPU latency: 0.0964111 ms - Host latency: 0.0964111 ms (enqueue 0.0791992 ms)
[03/03/2026-11:04:08] [I] Average on 10 runs - GPU latency: 0.0968506 ms - Host latency: 0.0968506 ms (enqueue 0.0817383 ms)
[03/03/2026-11:04:08] [I] Average on 10 runs - GPU latency: 0.0963379 ms - Host latency: 0.0963379 ms (enqueue 0.0797363 ms)
[03/03/2026-11:04:08] [I] Average on 10 runs - GPU latency: 0.0959229 ms - Host latency: 0.0959229 ms (enqueue 0.0841797 ms)
[03/03/2026-11:04:08] [I] Average on 10 runs - GPU latency: 0.095874 ms - Host latency: 0.095874 ms (enqueue 0.0812256 ms)
[03/03/2026-11:04:08] [I] Average on 10 runs - GPU latency: 0.09646 ms - Host latency: 0.09646 ms (enqueue 0.0796387 ms)
[03/03/2026-11:04:08] [I] Average on 10 runs - GPU latency: 0.0955078 ms - Host latency: 0.0955078 ms (enqueue 0.0802734 ms)
[03/03/2026-11:04:08] [I] Average on 10 runs - GPU latency: 0.0955078 ms - Host latency: 0.0955078 ms (enqueue 0.0831299 ms)
[03/03/2026-11:04:08] [I] Average on 10 runs - GPU latency: 0.0958252 ms - Host latency: 0.0958252 ms (enqueue 0.0801025 ms)
[03/03/2026-11:04:08] [I] Average on 10 runs - GPU latency: 0.095752 ms - Host latency: 0.095752 ms (enqueue 0.0796875 ms)
[03/03/2026-11:04:08] [I] Average on 10 runs - GPU latency: 0.0967773 ms - Host latency: 0.0967773 ms (enqueue 0.0792725 ms)
[03/03/2026-11:04:08] [I] Average on 10 runs - GPU latency: 0.0953857 ms - Host latency: 0.0953857 ms (enqueue 0.0830811 ms)
[03/03/2026-11:04:08] [I] Average on 10 runs - GPU latency: 0.0965332 ms - Host latency: 0.0965332 ms (enqueue 0.0795166 ms)
[03/03/2026-11:04:08] [I] Average on 10 runs - GPU latency: 0.0967773 ms - Host latency: 0.0967773 ms (enqueue 0.0799805 ms)
[03/03/2026-11:04:08] [I] Average on 10 runs - GPU latency: 0.095166 ms - Host latency: 0.095166 ms (enqueue 0.0824219 ms)
[03/03/2026-11:04:08] [I] Average on 10 runs - GPU latency: 0.0966797 ms - Host latency: 0.0966797 ms (enqueue 0.0832031 ms)
[03/03/2026-11:04:08] [I] Average on 10 runs - GPU latency: 0.0964844 ms - Host latency: 0.0964844 ms (enqueue 0.0794189 ms)
[03/03/2026-11:04:08] [I] Average on 10 runs - GPU latency: 0.0960938 ms - Host latency: 0.0960938 ms (enqueue 0.0799561 ms)
[03/03/2026-11:04:08] [I] Average on 10 runs - GPU latency: 0.0957275 ms - Host latency: 0.0957275 ms (enqueue 0.0790039 ms)
[03/03/2026-11:04:08] [I] Average on 10 runs - GPU latency: 0.0961914 ms - Host latency: 0.0961914 ms (enqueue 0.082959 ms)
[03/03/2026-11:04:08] [I] Average on 10 runs - GPU latency: 0.0958252 ms - Host latency: 0.0958252 ms (enqueue 0.0803223 ms)
[03/03/2026-11:04:08] [I] Average on 10 runs - GPU latency: 0.0968018 ms - Host latency: 0.0968018 ms (enqueue 0.0797363 ms)
[03/03/2026-11:04:08] [I] Average on 10 runs - GPU latency: 0.0962402 ms - Host latency: 0.0962402 ms (enqueue 0.0827393 ms)
[03/03/2026-11:04:08] [I] Average on 10 runs - GPU latency: 0.0973145 ms - Host latency: 0.0973145 ms (enqueue 0.0824219 ms)
[03/03/2026-11:04:08] [I] Average on 10 runs - GPU latency: 0.0964844 ms - Host latency: 0.0964844 ms (enqueue 0.080249 ms)
[03/03/2026-11:04:08] [I] Average on 10 runs - GPU latency: 0.0957764 ms - Host latency: 0.0957764 ms (enqueue 0.0794922 ms)
[03/03/2026-11:04:08] [I] Average on 10 runs - GPU latency: 0.0963135 ms - Host latency: 0.0963135 ms (enqueue 0.0808105 ms)
[03/03/2026-11:04:08] [I] Average on 10 runs - GPU latency: 0.09646 ms - Host latency: 0.09646 ms (enqueue 0.0843262 ms)
[03/03/2026-11:04:08] [I] Average on 10 runs - GPU latency: 0.0960693 ms - Host latency: 0.0960693 ms (enqueue 0.0803467 ms)
[03/03/2026-11:04:08] [I] Average on 10 runs - GPU latency: 0.096875 ms - Host latency: 0.096875 ms (enqueue 0.0790527 ms)
[03/03/2026-11:04:08] [I] Average on 10 runs - GPU latency: 0.0963867 ms - Host latency: 0.0963867 ms (enqueue 0.0820312 ms)
[03/03/2026-11:04:08] [I] Average on 10 runs - GPU latency: 0.0959473 ms - Host latency: 0.0959473 ms (enqueue 0.0820557 ms)
[03/03/2026-11:04:08] [I] Average on 10 runs - GPU latency: 0.0965088 ms - Host latency: 0.0965088 ms (enqueue 0.0802002 ms)
[03/03/2026-11:04:08] [I] Average on 10 runs - GPU latency: 0.0955078 ms - Host latency: 0.0955078 ms (enqueue 0.0809082 ms)
[03/03/2026-11:04:08] [I] Average on 10 runs - GPU latency: 0.0956055 ms - Host latency: 0.0956055 ms (enqueue 0.0805664 ms)
[03/03/2026-11:04:08] [I] Average on 10 runs - GPU latency: 0.0958252 ms - Host latency: 0.0958252 ms (enqueue 0.0850098 ms)
[03/03/2026-11:04:08] [I] Average on 10 runs - GPU latency: 0.0961426 ms - Host latency: 0.0961426 ms (enqueue 0.0807861 ms)
[03/03/2026-11:04:08] [I] Average on 10 runs - GPU latency: 0.0967773 ms - Host latency: 0.0967773 ms (enqueue 0.0791016 ms)
[03/03/2026-11:04:08] [I] Average on 10 runs - GPU latency: 0.0956787 ms - Host latency: 0.0956787 ms (enqueue 0.0803955 ms)
[03/03/2026-11:04:08] [I] Average on 10 runs - GPU latency: 0.0959717 ms - Host latency: 0.0959717 ms (enqueue 0.0810547 ms)
[03/03/2026-11:04:08] [I] Average on 10 runs - GPU latency: 0.0958008 ms - Host latency: 0.0958008 ms (enqueue 0.0803711 ms)
[03/03/2026-11:04:08] [I] Average on 10 runs - GPU latency: 0.095874 ms - Host latency: 0.095874 ms (enqueue 0.0796875 ms)
[03/03/2026-11:04:08] [I] Average on 10 runs - GPU latency: 0.0963379 ms - Host latency: 0.0963379 ms (enqueue 0.0799561 ms)
[03/03/2026-11:04:08] [I] Average on 10 runs - GPU latency: 0.0959229 ms - Host latency: 0.0959229 ms (enqueue 0.0840576 ms)
[03/03/2026-11:04:08] [I] Average on 10 runs - GPU latency: 0.0963623 ms - Host latency: 0.0963623 ms (enqueue 0.0813721 ms)
[03/03/2026-11:04:08] [I] Average on 10 runs - GPU latency: 0.0955322 ms - Host latency: 0.0955322 ms (enqueue 0.0801025 ms)
[03/03/2026-11:04:08] [I] Average on 10 runs - GPU latency: 0.0964844 ms - Host latency: 0.0964844 ms (enqueue 0.0798828 ms)
[03/03/2026-11:04:08] [I] Average on 10 runs - GPU latency: 0.0953369 ms - Host latency: 0.0953369 ms (enqueue 0.0799805 ms)
[03/03/2026-11:04:08] [I] Average on 10 runs - GPU latency: 0.0956055 ms - Host latency: 0.0956055 ms (enqueue 0.082959 ms)
[03/03/2026-11:04:08] [I] Average on 10 runs - GPU latency: 0.0962891 ms - Host latency: 0.0962891 ms (enqueue 0.08125 ms)
[03/03/2026-11:04:08] [I] Average on 10 runs - GPU latency: 0.0965332 ms - Host latency: 0.0965332 ms (enqueue 0.0796875 ms)
[03/03/2026-11:04:08] [I] Average on 10 runs - GPU latency: 0.0962402 ms - Host latency: 0.0962402 ms (enqueue 0.0792969 ms)
[03/03/2026-11:04:08] [I] Average on 10 runs - GPU latency: 0.0961426 ms - Host latency: 0.0961426 ms (enqueue 0.0826172 ms)
[03/03/2026-11:04:08] [I] Average on 10 runs - GPU latency: 0.095874 ms - Host latency: 0.095874 ms (enqueue 0.0806885 ms)
[03/03/2026-11:04:08] [I] Average on 10 runs - GPU latency: 0.0965576 ms - Host latency: 0.0965576 ms (enqueue 0.0794678 ms)
[03/03/2026-11:04:08] [I] Average on 10 runs - GPU latency: 0.0961426 ms - Host latency: 0.0961426 ms (enqueue 0.0828613 ms)
[03/03/2026-11:04:08] [I] Average on 10 runs - GPU latency: 0.0961182 ms - Host latency: 0.0961182 ms (enqueue 0.0810791 ms)
[03/03/2026-11:04:08] [I] Average on 10 runs - GPU latency: 0.0950195 ms - Host latency: 0.0950195 ms (enqueue 0.0796875 ms)
[03/03/2026-11:04:08] [I] Average on 10 runs - GPU latency: 0.0967285 ms - Host latency: 0.0967285 ms (enqueue 0.0796631 ms)
[03/03/2026-11:04:08] [I] Average on 10 runs - GPU latency: 0.0962158 ms - Host latency: 0.0962158 ms (enqueue 0.0820557 ms)
[03/03/2026-11:04:08] [I] Average on 10 runs - GPU latency: 0.0976074 ms - Host latency: 0.0976074 ms (enqueue 0.0842285 ms)
[03/03/2026-11:04:08] [I] Average on 10 runs - GPU latency: 0.0957764 ms - Host latency: 0.0957764 ms (enqueue 0.0813721 ms)
[03/03/2026-11:04:08] [I] Average on 10 runs - GPU latency: 0.0959229 ms - Host latency: 0.0959229 ms (enqueue 0.0799072 ms)
[03/03/2026-11:04:08] [I] Average on 10 runs - GPU latency: 0.0962891 ms - Host latency: 0.0962891 ms (enqueue 0.0795166 ms)
[03/03/2026-11:04:08] [I] Average on 10 runs - GPU latency: 0.0955811 ms - Host latency: 0.0955811 ms (enqueue 0.0829834 ms)
[03/03/2026-11:04:08] [I] Average on 10 runs - GPU latency: 0.0951416 ms - Host latency: 0.0951416 ms (enqueue 0.0801514 ms)
[03/03/2026-11:04:08] [I] Average on 10 runs - GPU latency: 0.0960938 ms - Host latency: 0.0960938 ms (enqueue 0.0800781 ms)
[03/03/2026-11:04:08] [I] Average on 10 runs - GPU latency: 0.0961914 ms - Host latency: 0.0961914 ms (enqueue 0.0801758 ms)
[03/03/2026-11:04:08] [I] Average on 10 runs - GPU latency: 0.0963867 ms - Host latency: 0.0963867 ms (enqueue 0.0828613 ms)
[03/03/2026-11:04:08] [I] Average on 10 runs - GPU latency: 0.0959229 ms - Host latency: 0.0959229 ms (enqueue 0.0799316 ms)
[03/03/2026-11:04:08] [I] Average on 10 runs - GPU latency: 0.0961914 ms - Host latency: 0.0961914 ms (enqueue 0.0795166 ms)
[03/03/2026-11:04:08] [I] Average on 10 runs - GPU latency: 0.0962891 ms - Host latency: 0.0962891 ms (enqueue 0.0814453 ms)
[03/03/2026-11:04:08] [I] Average on 10 runs - GPU latency: 0.0968262 ms - Host latency: 0.0968262 ms (enqueue 0.0838379 ms)
[03/03/2026-11:04:08] [I] Average on 10 runs - GPU latency: 0.096582 ms - Host latency: 0.096582 ms (enqueue 0.0797363 ms)
[03/03/2026-11:04:08] [I] Average on 10 runs - GPU latency: 0.0954346 ms - Host latency: 0.0954346 ms (enqueue 0.0794434 ms)
[03/03/2026-11:04:08] [I] Average on 10 runs - GPU latency: 0.0960938 ms - Host latency: 0.0960938 ms (enqueue 0.0793457 ms)
[03/03/2026-11:04:08] [I] Average on 10 runs - GPU latency: 0.0955322 ms - Host latency: 0.0955322 ms (enqueue 0.0823486 ms)
[03/03/2026-11:04:08] [I] Average on 10 runs - GPU latency: 0.0959961 ms - Host latency: 0.0959961 ms (enqueue 0.079126 ms)
[03/03/2026-11:04:08] [I] Average on 10 runs - GPU latency: 0.0963379 ms - Host latency: 0.0963379 ms (enqueue 0.0814209 ms)
[03/03/2026-11:04:08] [I] Average on 10 runs - GPU latency: 0.0961914 ms - Host latency: 0.0961914 ms (enqueue 0.0806396 ms)
[03/03/2026-11:04:08] [I] Average on 10 runs - GPU latency: 0.0966309 ms - Host latency: 0.0966309 ms (enqueue 0.082251 ms)
[03/03/2026-11:04:08] [I] Average on 10 runs - GPU latency: 0.095874 ms - Host latency: 0.095874 ms (enqueue 0.0798828 ms)
[03/03/2026-11:04:08] [I] Average on 10 runs - GPU latency: 0.09646 ms - Host latency: 0.09646 ms (enqueue 0.0826904 ms)
[03/03/2026-11:04:08] [I] Average on 10 runs - GPU latency: 0.0963623 ms - Host latency: 0.0963623 ms (enqueue 0.0802246 ms)
[03/03/2026-11:04:08] [I] Average on 10 runs - GPU latency: 0.096167 ms - Host latency: 0.096167 ms (enqueue 0.0831543 ms)
[03/03/2026-11:04:08] [I] Average on 10 runs - GPU latency: 0.0967773 ms - Host latency: 0.0967773 ms (enqueue 0.0797852 ms)
[03/03/2026-11:04:08] [I] Average on 10 runs - GPU latency: 0.0959961 ms - Host latency: 0.0959961 ms (enqueue 0.0801025 ms)
[03/03/2026-11:04:08] [I] Average on 10 runs - GPU latency: 0.0960693 ms - Host latency: 0.0960693 ms (enqueue 0.0790039 ms)
[03/03/2026-11:04:08] [I] Average on 10 runs - GPU latency: 0.0952881 ms - Host latency: 0.0952881 ms (enqueue 0.0806152 ms)
[03/03/2026-11:04:08] [I] Average on 10 runs - GPU latency: 0.0965576 ms - Host latency: 0.0965576 ms (enqueue 0.0796875 ms)
[03/03/2026-11:04:08] [I] Average on 10 runs - GPU latency: 0.0970215 ms - Host latency: 0.0970215 ms (enqueue 0.0835205 ms)
[03/03/2026-11:04:08] [I] Average on 10 runs - GPU latency: 0.0959229 ms - Host latency: 0.0959229 ms (enqueue 0.0796875 ms)
[03/03/2026-11:04:08] [I] Average on 10 runs - GPU latency: 0.0959717 ms - Host latency: 0.0959717 ms (enqueue 0.0814941 ms)
[03/03/2026-11:04:08] [I] Average on 10 runs - GPU latency: 0.0967773 ms - Host latency: 0.0967773 ms (enqueue 0.0803223 ms)
[03/03/2026-11:04:08] [I] Average on 10 runs - GPU latency: 0.0957031 ms - Host latency: 0.0957031 ms (enqueue 0.0797363 ms)
[03/03/2026-11:04:08] [I] Average on 10 runs - GPU latency: 0.0956787 ms - Host latency: 0.0956787 ms (enqueue 0.0818848 ms)
[03/03/2026-11:04:08] [I] Average on 10 runs - GPU latency: 0.0954102 ms - Host latency: 0.0954102 ms (enqueue 0.0796875 ms)
[03/03/2026-11:04:08] [I] Average on 10 runs - GPU latency: 0.0958496 ms - Host latency: 0.0958496 ms (enqueue 0.0823486 ms)
[03/03/2026-11:04:08] [I] Average on 10 runs - GPU latency: 0.0966309 ms - Host latency: 0.0966309 ms (enqueue 0.0794922 ms)
[03/03/2026-11:04:08] [I] Average on 10 runs - GPU latency: 0.0962891 ms - Host latency: 0.0962891 ms (enqueue 0.0795898 ms)
[03/03/2026-11:04:08] [I] Average on 10 runs - GPU latency: 0.0959473 ms - Host latency: 0.0959473 ms (enqueue 0.0827637 ms)
[03/03/2026-11:04:08] [I] Average on 10 runs - GPU latency: 0.0958252 ms - Host latency: 0.0958252 ms (enqueue 0.082959 ms)
[03/03/2026-11:04:08] [I] Average on 10 runs - GPU latency: 0.0960205 ms - Host latency: 0.0960205 ms (enqueue 0.0802002 ms)
[03/03/2026-11:04:08] [I] Average on 10 runs - GPU latency: 0.0961182 ms - Host latency: 0.0961182 ms (enqueue 0.0800537 ms)
[03/03/2026-11:04:08] [I] Average on 10 runs - GPU latency: 0.0962646 ms - Host latency: 0.0962646 ms (enqueue 0.0805908 ms)
[03/03/2026-11:04:08] [I] Average on 10 runs - GPU latency: 0.0959717 ms - Host latency: 0.0959717 ms (enqueue 0.0837402 ms)
[03/03/2026-11:04:08] [I] Average on 10 runs - GPU latency: 0.0956787 ms - Host latency: 0.0956787 ms (enqueue 0.0804443 ms)
[03/03/2026-11:04:08] [I] Average on 10 runs - GPU latency: 0.0969971 ms - Host latency: 0.0969971 ms (enqueue 0.0805908 ms)
[03/03/2026-11:04:08] [I] Average on 10 runs - GPU latency: 0.0961426 ms - Host latency: 0.0961426 ms (enqueue 0.0798096 ms)
[03/03/2026-11:04:08] [I] Average on 10 runs - GPU latency: 0.0957275 ms - Host latency: 0.0957275 ms (enqueue 0.0819824 ms)
[03/03/2026-11:04:08] [I] Average on 10 runs - GPU latency: 0.0968018 ms - Host latency: 0.0968018 ms (enqueue 0.0797363 ms)
[03/03/2026-11:04:08] [I] Average on 10 runs - GPU latency: 0.0961182 ms - Host latency: 0.0961182 ms (enqueue 0.0793213 ms)
[03/03/2026-11:04:08] [I] Average on 10 runs - GPU latency: 0.0962158 ms - Host latency: 0.0962158 ms (enqueue 0.0811279 ms)
[03/03/2026-11:04:08] [I] Average on 10 runs - GPU latency: 0.0956299 ms - Host latency: 0.0956299 ms (enqueue 0.0812256 ms)
[03/03/2026-11:04:08] [I] Average on 10 runs - GPU latency: 0.0965088 ms - Host latency: 0.0965088 ms (enqueue 0.079541 ms)
[03/03/2026-11:04:08] [I] Average on 10 runs - GPU latency: 0.0959717 ms - Host latency: 0.0959717 ms (enqueue 0.0809326 ms)
[03/03/2026-11:04:08] [I] Average on 10 runs - GPU latency: 0.095874 ms - Host latency: 0.095874 ms (enqueue 0.0794434 ms)
[03/03/2026-11:04:08] [I] Average on 10 runs - GPU latency: 0.0956299 ms - Host latency: 0.0956299 ms (enqueue 0.0816895 ms)
[03/03/2026-11:04:08] [I] Average on 10 runs - GPU latency: 0.096167 ms - Host latency: 0.096167 ms (enqueue 0.0803955 ms)
[03/03/2026-11:04:08] [I] Average on 10 runs - GPU latency: 0.0960938 ms - Host latency: 0.0960938 ms (enqueue 0.079541 ms)
[03/03/2026-11:04:08] [I] Average on 10 runs - GPU latency: 0.0957031 ms - Host latency: 0.0957031 ms (enqueue 0.0824463 ms)
[03/03/2026-11:04:08] [I] Average on 10 runs - GPU latency: 0.0959961 ms - Host latency: 0.0959961 ms (enqueue 0.0824219 ms)
[03/03/2026-11:04:08] [I] Average on 10 runs - GPU latency: 0.096875 ms - Host latency: 0.096875 ms (enqueue 0.0800049 ms)
[03/03/2026-11:04:08] [I] Average on 10 runs - GPU latency: 0.0960938 ms - Host latency: 0.0960938 ms (enqueue 0.0794678 ms)
[03/03/2026-11:04:08] [I] Average on 10 runs - GPU latency: 0.0961914 ms - Host latency: 0.0961914 ms (enqueue 0.0806885 ms)
[03/03/2026-11:04:08] [I] Average on 10 runs - GPU latency: 0.0960449 ms - Host latency: 0.0960449 ms (enqueue 0.0833984 ms)
[03/03/2026-11:04:08] [I] Average on 10 runs - GPU latency: 0.095874 ms - Host latency: 0.095874 ms (enqueue 0.079834 ms)
[03/03/2026-11:04:08] [I] Average on 10 runs - GPU latency: 0.0963867 ms - Host latency: 0.0963867 ms (enqueue 0.0792725 ms)
[03/03/2026-11:04:08] [I] Average on 10 runs - GPU latency: 0.0956543 ms - Host latency: 0.0956543 ms (enqueue 0.082373 ms)
[03/03/2026-11:04:08] [I] Average on 10 runs - GPU latency: 0.0961914 ms - Host latency: 0.0961914 ms (enqueue 0.0821777 ms)
[03/03/2026-11:04:08] [I] Average on 10 runs - GPU latency: 0.0959229 ms - Host latency: 0.0959229 ms (enqueue 0.0792236 ms)
[03/03/2026-11:04:08] [I] Average on 10 runs - GPU latency: 0.0965332 ms - Host latency: 0.0965332 ms (enqueue 0.0804688 ms)
[03/03/2026-11:04:08] [I] Average on 10 runs - GPU latency: 0.0957275 ms - Host latency: 0.0957275 ms (enqueue 0.0802246 ms)
[03/03/2026-11:04:08] [I] Average on 10 runs - GPU latency: 0.0956543 ms - Host latency: 0.0956543 ms (enqueue 0.082373 ms)
[03/03/2026-11:04:08] [I] Average on 10 runs - GPU latency: 0.09646 ms - Host latency: 0.09646 ms (enqueue 0.0795166 ms)
[03/03/2026-11:04:08] [I] Average on 10 runs - GPU latency: 0.0960449 ms - Host latency: 0.0960449 ms (enqueue 0.0790283 ms)
[03/03/2026-11:04:08] [I] Average on 10 runs - GPU latency: 0.0959717 ms - Host latency: 0.0959717 ms (enqueue 0.0815186 ms)
[03/03/2026-11:04:08] [I] Average on 10 runs - GPU latency: 0.0953125 ms - Host latency: 0.0953125 ms (enqueue 0.082373 ms)
[03/03/2026-11:04:08] [I] Average on 10 runs - GPU latency: 0.0960449 ms - Host latency: 0.0960449 ms (enqueue 0.0793457 ms)
[03/03/2026-11:04:08] [I] Average on 10 runs - GPU latency: 0.0962158 ms - Host latency: 0.0962158 ms (enqueue 0.079541 ms)
[03/03/2026-11:04:08] [I] Average on 10 runs - GPU latency: 0.0964355 ms - Host latency: 0.0964355 ms (enqueue 0.080957 ms)
[03/03/2026-11:04:08] [I] Average on 10 runs - GPU latency: 0.0967285 ms - Host latency: 0.0967285 ms (enqueue 0.0817627 ms)
[03/03/2026-11:04:08] [I] Average on 10 runs - GPU latency: 0.0963135 ms - Host latency: 0.0963135 ms (enqueue 0.0808105 ms)
[03/03/2026-11:04:08] [I] Average on 10 runs - GPU latency: 0.0965088 ms - Host latency: 0.0965088 ms (enqueue 0.0796631 ms)
[03/03/2026-11:04:08] [I] Average on 10 runs - GPU latency: 0.0959473 ms - Host latency: 0.0959473 ms (enqueue 0.0807861 ms)
[03/03/2026-11:04:08] [I] Average on 10 runs - GPU latency: 0.0959717 ms - Host latency: 0.0959717 ms (enqueue 0.0809326 ms)
[03/03/2026-11:04:08] [I] Average on 10 runs - GPU latency: 0.0958008 ms - Host latency: 0.0958008 ms (enqueue 0.0821045 ms)
[03/03/2026-11:04:08] [I] Average on 10 runs - GPU latency: 0.0954346 ms - Host latency: 0.0954346 ms (enqueue 0.080127 ms)
[03/03/2026-11:04:08] [I] Average on 10 runs - GPU latency: 0.0956299 ms - Host latency: 0.0956299 ms (enqueue 0.0803467 ms)
[03/03/2026-11:04:08] [I] Average on 10 runs - GPU latency: 0.0961914 ms - Host latency: 0.0961914 ms (enqueue 0.0798584 ms)
[03/03/2026-11:04:08] [I] Average on 10 runs - GPU latency: 0.0964355 ms - Host latency: 0.0964355 ms (enqueue 0.0830322 ms)
[03/03/2026-11:04:08] [I] Average on 10 runs - GPU latency: 0.095752 ms - Host latency: 0.095752 ms (enqueue 0.0807129 ms)
[03/03/2026-11:04:08] [I] Average on 10 runs - GPU latency: 0.0961426 ms - Host latency: 0.0961426 ms (enqueue 0.0814209 ms)
[03/03/2026-11:04:08] [I] Average on 10 runs - GPU latency: 0.0958984 ms - Host latency: 0.0958984 ms (enqueue 0.0805664 ms)
[03/03/2026-11:04:08] [I] Average on 10 runs - GPU latency: 0.0955811 ms - Host latency: 0.0955811 ms (enqueue 0.0829102 ms)
[03/03/2026-11:04:08] [I] Average on 10 runs - GPU latency: 0.0959229 ms - Host latency: 0.0959229 ms (enqueue 0.0804688 ms)
[03/03/2026-11:04:08] [I] Average on 10 runs - GPU latency: 0.0968262 ms - Host latency: 0.0968262 ms (enqueue 0.0800293 ms)
[03/03/2026-11:04:08] [I] Average on 10 runs - GPU latency: 0.0959717 ms - Host latency: 0.0959717 ms (enqueue 0.080249 ms)
[03/03/2026-11:04:08] [I] Average on 10 runs - GPU latency: 0.0963379 ms - Host latency: 0.0963379 ms (enqueue 0.081958 ms)
[03/03/2026-11:04:08] [I] Average on 10 runs - GPU latency: 0.0961914 ms - Host latency: 0.0961914 ms (enqueue 0.0806396 ms)
[03/03/2026-11:04:08] [I] Average on 10 runs - GPU latency: 0.0956787 ms - Host latency: 0.0956787 ms (enqueue 0.0817871 ms)
[03/03/2026-11:04:08] [I] Average on 10 runs - GPU latency: 0.095752 ms - Host latency: 0.095752 ms (enqueue 0.0796387 ms)
[03/03/2026-11:04:08] [I] Average on 10 runs - GPU latency: 0.0957031 ms - Host latency: 0.0957031 ms (enqueue 0.0819824 ms)
[03/03/2026-11:04:08] [I] Average on 10 runs - GPU latency: 0.0959229 ms - Host latency: 0.0959229 ms (enqueue 0.0811768 ms)
[03/03/2026-11:04:08] [I] Average on 10 runs - GPU latency: 0.0960693 ms - Host latency: 0.0960693 ms (enqueue 0.0793457 ms)
[03/03/2026-11:04:08] [I] Average on 10 runs - GPU latency: 0.0956787 ms - Host latency: 0.0956787 ms (enqueue 0.0803711 ms)
[03/03/2026-11:04:08] [I] Average on 10 runs - GPU latency: 0.095459 ms - Host latency: 0.095459 ms (enqueue 0.0820312 ms)
[03/03/2026-11:04:08] [I] Average on 10 runs - GPU latency: 0.095459 ms - Host latency: 0.095459 ms (enqueue 0.0802979 ms)
[03/03/2026-11:04:08] [I] Average on 10 runs - GPU latency: 0.0960693 ms - Host latency: 0.0960693 ms (enqueue 0.0815674 ms)
[03/03/2026-11:04:08] [I] Average on 10 runs - GPU latency: 0.0960205 ms - Host latency: 0.0960205 ms (enqueue 0.0803711 ms)
[03/03/2026-11:04:08] [I] Average on 10 runs - GPU latency: 0.0953125 ms - Host latency: 0.0953125 ms (enqueue 0.0840576 ms)
[03/03/2026-11:04:08] [I] Average on 10 runs - GPU latency: 0.095874 ms - Host latency: 0.095874 ms (enqueue 0.080957 ms)
[03/03/2026-11:04:08] [I] Average on 10 runs - GPU latency: 0.0958984 ms - Host latency: 0.0958984 ms (enqueue 0.0801025 ms)
[03/03/2026-11:04:08] [I] Average on 10 runs - GPU latency: 0.0959229 ms - Host latency: 0.0959229 ms (enqueue 0.0796143 ms)
[03/03/2026-11:04:08] [I] Average on 10 runs - GPU latency: 0.0955566 ms - Host latency: 0.0955566 ms (enqueue 0.082251 ms)
[03/03/2026-11:04:08] [I] Average on 10 runs - GPU latency: 0.096875 ms - Host latency: 0.096875 ms (enqueue 0.0807617 ms)
[03/03/2026-11:04:08] [I] Average on 10 runs - GPU latency: 0.0951904 ms - Host latency: 0.0951904 ms (enqueue 0.0795166 ms)
[03/03/2026-11:04:08] [I] Average on 10 runs - GPU latency: 0.0961426 ms - Host latency: 0.0961426 ms (enqueue 0.0800293 ms)
[03/03/2026-11:04:08] [I] Average on 10 runs - GPU latency: 0.0957031 ms - Host latency: 0.0957031 ms (enqueue 0.0825684 ms)
[03/03/2026-11:04:08] [I] Average on 10 runs - GPU latency: 0.0965088 ms - Host latency: 0.0965088 ms (enqueue 0.0796143 ms)
[03/03/2026-11:04:08] [I] Average on 10 runs - GPU latency: 0.09646 ms - Host latency: 0.09646 ms (enqueue 0.0798828 ms)
[03/03/2026-11:04:08] [I] Average on 10 runs - GPU latency: 0.0967041 ms - Host latency: 0.0967041 ms (enqueue 0.0826172 ms)
[03/03/2026-11:04:08] [I] Average on 10 runs - GPU latency: 0.0955322 ms - Host latency: 0.0955322 ms (enqueue 0.0796143 ms)
[03/03/2026-11:04:08] [I] Average on 10 runs - GPU latency: 0.0967285 ms - Host latency: 0.0967285 ms (enqueue 0.0805176 ms)
[03/03/2026-11:04:08] [I] Average on 10 runs - GPU latency: 0.0954102 ms - Host latency: 0.0954102 ms (enqueue 0.0817383 ms)
[03/03/2026-11:04:08] [I] Average on 10 runs - GPU latency: 0.095752 ms - Host latency: 0.095752 ms (enqueue 0.0801758 ms)
[03/03/2026-11:04:08] [I] Average on 10 runs - GPU latency: 0.0960938 ms - Host latency: 0.0960938 ms (enqueue 0.0831543 ms)
[03/03/2026-11:04:08] [I] Average on 10 runs - GPU latency: 0.0958984 ms - Host latency: 0.0958984 ms (enqueue 0.0812012 ms)
[03/03/2026-11:04:08] [I] Average on 10 runs - GPU latency: 0.095752 ms - Host latency: 0.095752 ms (enqueue 0.0800537 ms)
[03/03/2026-11:04:08] [I] Average on 10 runs - GPU latency: 0.0959473 ms - Host latency: 0.0959473 ms (enqueue 0.079248 ms)
[03/03/2026-11:04:08] [I] Average on 10 runs - GPU latency: 0.095166 ms - Host latency: 0.095166 ms (enqueue 0.0795898 ms)
[03/03/2026-11:04:08] [I] Average on 10 runs - GPU latency: 0.0961426 ms - Host latency: 0.0961426 ms (enqueue 0.0819336 ms)
[03/03/2026-11:04:08] [I] Average on 10 runs - GPU latency: 0.095459 ms - Host latency: 0.095459 ms (enqueue 0.0796387 ms)
[03/03/2026-11:04:08] [I] Average on 10 runs - GPU latency: 0.0962402 ms - Host latency: 0.0962402 ms (enqueue 0.0831055 ms)
[03/03/2026-11:04:08] [I] Average on 10 runs - GPU latency: 0.0969727 ms - Host latency: 0.0969727 ms (enqueue 0.0791992 ms)
[03/03/2026-11:04:08] [I] Average on 10 runs - GPU latency: 0.0962891 ms - Host latency: 0.0962891 ms (enqueue 0.0838135 ms)
[03/03/2026-11:04:08] [I] Average on 10 runs - GPU latency: 0.0951416 ms - Host latency: 0.0951416 ms (enqueue 0.0796387 ms)
[03/03/2026-11:04:08] [I] Average on 10 runs - GPU latency: 0.0960205 ms - Host latency: 0.0960205 ms (enqueue 0.0808105 ms)
[03/03/2026-11:04:08] [I] Average on 10 runs - GPU latency: 0.09646 ms - Host latency: 0.09646 ms (enqueue 0.0791748 ms)
[03/03/2026-11:04:08] [I] Average on 10 runs - GPU latency: 0.0966553 ms - Host latency: 0.0966553 ms (enqueue 0.0822266 ms)
[03/03/2026-11:04:08] [I] Average on 10 runs - GPU latency: 0.0960938 ms - Host latency: 0.0960938 ms (enqueue 0.0797607 ms)
[03/03/2026-11:04:08] [I] Average on 10 runs - GPU latency: 0.0959717 ms - Host latency: 0.0959717 ms (enqueue 0.0825928 ms)
[03/03/2026-11:04:08] [I] Average on 10 runs - GPU latency: 0.0962158 ms - Host latency: 0.0962158 ms (enqueue 0.0802734 ms)
[03/03/2026-11:04:08] [I] Average on 10 runs - GPU latency: 0.0967285 ms - Host latency: 0.0967285 ms (enqueue 0.0836426 ms)
[03/03/2026-11:04:08] [I] Average on 10 runs - GPU latency: 0.0962646 ms - Host latency: 0.0962646 ms (enqueue 0.0791992 ms)
[03/03/2026-11:04:08] [I] Average on 10 runs - GPU latency: 0.0962402 ms - Host latency: 0.0962402 ms (enqueue 0.0803467 ms)
[03/03/2026-11:04:08] [I] Average on 10 runs - GPU latency: 0.0959473 ms - Host latency: 0.0959473 ms (enqueue 0.0828857 ms)
[03/03/2026-11:04:08] [I] Average on 10 runs - GPU latency: 0.0957764 ms - Host latency: 0.0957764 ms (enqueue 0.0820801 ms)
[03/03/2026-11:04:08] [I] Average on 10 runs - GPU latency: 0.0964844 ms - Host latency: 0.0964844 ms (enqueue 0.0795898 ms)
[03/03/2026-11:04:08] [I] Average on 10 runs - GPU latency: 0.0956543 ms - Host latency: 0.0956543 ms (enqueue 0.0812988 ms)
[03/03/2026-11:04:08] [I] Average on 10 runs - GPU latency: 0.0953125 ms - Host latency: 0.0953125 ms (enqueue 0.0796143 ms)
[03/03/2026-11:04:08] [I] Average on 10 runs - GPU latency: 0.0964111 ms - Host latency: 0.0964111 ms (enqueue 0.083252 ms)
[03/03/2026-11:04:08] [I] Average on 10 runs - GPU latency: 0.0962646 ms - Host latency: 0.0962646 ms (enqueue 0.0797363 ms)
[03/03/2026-11:04:08] [I] Average on 10 runs - GPU latency: 0.0957764 ms - Host latency: 0.0957764 ms (enqueue 0.0799072 ms)
[03/03/2026-11:04:08] [I] Average on 10 runs - GPU latency: 0.0963867 ms - Host latency: 0.0963867 ms (enqueue 0.0801758 ms)
[03/03/2026-11:04:08] [I] Average on 10 runs - GPU latency: 0.0960938 ms - Host latency: 0.0960938 ms (enqueue 0.0838867 ms)
[03/03/2026-11:04:08] [I] Average on 10 runs - GPU latency: 0.0959473 ms - Host latency: 0.0959473 ms (enqueue 0.0795654 ms)
[03/03/2026-11:04:08] [I] Average on 10 runs - GPU latency: 0.0967529 ms - Host latency: 0.0967529 ms (enqueue 0.0809082 ms)
[03/03/2026-11:04:08] [I] Average on 10 runs - GPU latency: 0.0955811 ms - Host latency: 0.0955811 ms (enqueue 0.0792725 ms)
[03/03/2026-11:04:08] [I] Average on 10 runs - GPU latency: 0.0959229 ms - Host latency: 0.0959229 ms (enqueue 0.0843262 ms)
[03/03/2026-11:04:08] [I] Average on 10 runs - GPU latency: 0.0966064 ms - Host latency: 0.0966064 ms (enqueue 0.0815674 ms)
[03/03/2026-11:04:08] [I] Average on 10 runs - GPU latency: 0.0961182 ms - Host latency: 0.0961182 ms (enqueue 0.0798096 ms)
[03/03/2026-11:04:08] [I] Average on 10 runs - GPU latency: 0.0954834 ms - Host latency: 0.0954834 ms (enqueue 0.080127 ms)
[03/03/2026-11:04:08] [I] Average on 10 runs - GPU latency: 0.0950195 ms - Host latency: 0.0950195 ms (enqueue 0.082666 ms)
[03/03/2026-11:04:08] [I] Average on 10 runs - GPU latency: 0.0958496 ms - Host latency: 0.0958496 ms (enqueue 0.079834 ms)
[03/03/2026-11:04:08] [I] Average on 10 runs - GPU latency: 0.0962402 ms - Host latency: 0.0962402 ms (enqueue 0.0800781 ms)
[03/03/2026-11:04:08] [I] Average on 10 runs - GPU latency: 0.0961182 ms - Host latency: 0.0961182 ms (enqueue 0.0801514 ms)
[03/03/2026-11:04:08] [I] Average on 10 runs - GPU latency: 0.0960938 ms - Host latency: 0.0960938 ms (enqueue 0.0844971 ms)
[03/03/2026-11:04:08] [I] Average on 10 runs - GPU latency: 0.0958984 ms - Host latency: 0.0958984 ms (enqueue 0.0800781 ms)
[03/03/2026-11:04:08] [I] Average on 10 runs - GPU latency: 0.0963867 ms - Host latency: 0.0963867 ms (enqueue 0.0798828 ms)
[03/03/2026-11:04:08] [I] Average on 10 runs - GPU latency: 0.0955078 ms - Host latency: 0.0955078 ms (enqueue 0.0793701 ms)
[03/03/2026-11:04:08] [I] Average on 10 runs - GPU latency: 0.0956299 ms - Host latency: 0.0956299 ms (enqueue 0.0842041 ms)
[03/03/2026-11:04:08] [I] Average on 10 runs - GPU latency: 0.0963379 ms - Host latency: 0.0963379 ms (enqueue 0.0807617 ms)
[03/03/2026-11:04:08] [I] Average on 10 runs - GPU latency: 0.0954102 ms - Host latency: 0.0954102 ms (enqueue 0.0799561 ms)
[03/03/2026-11:04:08] [I] Average on 10 runs - GPU latency: 0.096582 ms - Host latency: 0.096582 ms (enqueue 0.0788086 ms)
[03/03/2026-11:04:08] [I] Average on 10 runs - GPU latency: 0.0962646 ms - Host latency: 0.0962646 ms (enqueue 0.0814697 ms)
[03/03/2026-11:04:08] [I] Average on 10 runs - GPU latency: 0.0956055 ms - Host latency: 0.0956055 ms (enqueue 0.0824219 ms)
[03/03/2026-11:04:08] [I] Average on 10 runs - GPU latency: 0.0960205 ms - Host latency: 0.0960205 ms (enqueue 0.0794189 ms)
[03/03/2026-11:04:08] [I] Average on 10 runs - GPU latency: 0.0964355 ms - Host latency: 0.0964355 ms (enqueue 0.0813232 ms)
[03/03/2026-11:04:08] [I] Average on 10 runs - GPU latency: 0.095874 ms - Host latency: 0.095874 ms (enqueue 0.0797119 ms)
[03/03/2026-11:04:08] [I] Average on 10 runs - GPU latency: 0.0954834 ms - Host latency: 0.0954834 ms (enqueue 0.0811035 ms)
[03/03/2026-11:04:08] [I] Average on 10 runs - GPU latency: 0.0955078 ms - Host latency: 0.0955078 ms (enqueue 0.0807373 ms)
[03/03/2026-11:04:08] [I] Average on 10 runs - GPU latency: 0.0961426 ms - Host latency: 0.0961426 ms (enqueue 0.0789795 ms)
[03/03/2026-11:04:08] [I] Average on 10 runs - GPU latency: 0.0959473 ms - Host latency: 0.0959473 ms (enqueue 0.0804688 ms)
[03/03/2026-11:04:08] [I] Average on 10 runs - GPU latency: 0.0966553 ms - Host latency: 0.0966553 ms (enqueue 0.0812988 ms)
[03/03/2026-11:04:08] [I] Average on 10 runs - GPU latency: 0.0961426 ms - Host latency: 0.0961426 ms (enqueue 0.0797607 ms)
[03/03/2026-11:04:08] [I] Average on 10 runs - GPU latency: 0.0963135 ms - Host latency: 0.0963135 ms (enqueue 0.0825684 ms)
[03/03/2026-11:04:08] [I] Average on 10 runs - GPU latency: 0.0964355 ms - Host latency: 0.0964355 ms (enqueue 0.0801025 ms)
[03/03/2026-11:04:08] [I] Average on 10 runs - GPU latency: 0.0966064 ms - Host latency: 0.0966064 ms (enqueue 0.0817627 ms)
[03/03/2026-11:04:08] [I] Average on 10 runs - GPU latency: 0.0962158 ms - Host latency: 0.0962158 ms (enqueue 0.0796631 ms)
[03/03/2026-11:04:08] [I] Average on 10 runs - GPU latency: 0.0960449 ms - Host latency: 0.0960449 ms (enqueue 0.0826904 ms)
[03/03/2026-11:04:08] [I] Average on 10 runs - GPU latency: 0.0965576 ms - Host latency: 0.0965576 ms (enqueue 0.0808105 ms)
[03/03/2026-11:04:08] [I] Average on 10 runs - GPU latency: 0.0962402 ms - Host latency: 0.0962402 ms (enqueue 0.083252 ms)
[03/03/2026-11:04:08] [I] Average on 10 runs - GPU latency: 0.0963623 ms - Host latency: 0.0963623 ms (enqueue 0.0804688 ms)
[03/03/2026-11:04:08] [I] Average on 10 runs - GPU latency: 0.0960693 ms - Host latency: 0.0960693 ms (enqueue 0.0807129 ms)
[03/03/2026-11:04:08] [I] Average on 10 runs - GPU latency: 0.095752 ms - Host latency: 0.095752 ms (enqueue 0.0795166 ms)
[03/03/2026-11:04:08] [I] Average on 10 runs - GPU latency: 0.0969727 ms - Host latency: 0.0969727 ms (enqueue 0.0836914 ms)
[03/03/2026-11:04:08] [I] Average on 10 runs - GPU latency: 0.095874 ms - Host latency: 0.095874 ms (enqueue 0.0800049 ms)
[03/03/2026-11:04:08] [I] Average on 10 runs - GPU latency: 0.0969482 ms - Host latency: 0.0969482 ms (enqueue 0.079541 ms)
[03/03/2026-11:04:08] [I] Average on 10 runs - GPU latency: 0.0952393 ms - Host latency: 0.0952393 ms (enqueue 0.082666 ms)
[03/03/2026-11:04:08] [I] Average on 10 runs - GPU latency: 0.0960205 ms - Host latency: 0.0960205 ms (enqueue 0.083252 ms)
[03/03/2026-11:04:08] [I] Average on 10 runs - GPU latency: 0.09646 ms - Host latency: 0.09646 ms (enqueue 0.0792725 ms)
[03/03/2026-11:04:08] [I] Average on 10 runs - GPU latency: 0.0960938 ms - Host latency: 0.0960938 ms (enqueue 0.0800293 ms)
[03/03/2026-11:04:08] [I] Average on 10 runs - GPU latency: 0.096582 ms - Host latency: 0.096582 ms (enqueue 0.0794189 ms)
[03/03/2026-11:04:08] [I] Average on 10 runs - GPU latency: 0.095752 ms - Host latency: 0.095752 ms (enqueue 0.0854004 ms)
[03/03/2026-11:04:08] [I] Average on 10 runs - GPU latency: 0.0965576 ms - Host latency: 0.0965576 ms (enqueue 0.0795166 ms)
[03/03/2026-11:04:08] [I] Average on 10 runs - GPU latency: 0.0960205 ms - Host latency: 0.0960205 ms (enqueue 0.080127 ms)
[03/03/2026-11:04:08] [I] Average on 10 runs - GPU latency: 0.095874 ms - Host latency: 0.095874 ms (enqueue 0.0797607 ms)
[03/03/2026-11:04:08] [I] Average on 10 runs - GPU latency: 0.0962646 ms - Host latency: 0.0962646 ms (enqueue 0.0809814 ms)
[03/03/2026-11:04:08] [I] Average on 10 runs - GPU latency: 0.0959229 ms - Host latency: 0.0959229 ms (enqueue 0.0799805 ms)
[03/03/2026-11:04:08] [I] Average on 10 runs - GPU latency: 0.0962158 ms - Host latency: 0.0962158 ms (enqueue 0.0833252 ms)
[03/03/2026-11:04:08] [I] Average on 10 runs - GPU latency: 0.0959717 ms - Host latency: 0.0959717 ms (enqueue 0.0794678 ms)
[03/03/2026-11:04:08] [I] Average on 10 runs - GPU latency: 0.0958008 ms - Host latency: 0.0958008 ms (enqueue 0.0819092 ms)
[03/03/2026-11:04:08] [I] Average on 10 runs - GPU latency: 0.0960693 ms - Host latency: 0.0960693 ms (enqueue 0.0787842 ms)
[03/03/2026-11:04:08] [I] Average on 10 runs - GPU latency: 0.0964355 ms - Host latency: 0.0964355 ms (enqueue 0.08125 ms)
[03/03/2026-11:04:08] [I] Average on 10 runs - GPU latency: 0.0958252 ms - Host latency: 0.0958252 ms (enqueue 0.0793945 ms)
[03/03/2026-11:04:08] [I] Average on 10 runs - GPU latency: 0.0955322 ms - Host latency: 0.0955322 ms (enqueue 0.084082 ms)
[03/03/2026-11:04:08] [I] Average on 10 runs - GPU latency: 0.0962891 ms - Host latency: 0.0962891 ms (enqueue 0.0803467 ms)
[03/03/2026-11:04:08] [I] Average on 10 runs - GPU latency: 0.0950684 ms - Host latency: 0.0950684 ms (enqueue 0.0792969 ms)
[03/03/2026-11:04:08] [I] Average on 10 runs - GPU latency: 0.0967529 ms - Host latency: 0.0967529 ms (enqueue 0.0790039 ms)
[03/03/2026-11:04:08] [I] Average on 10 runs - GPU latency: 0.0960693 ms - Host latency: 0.0960693 ms (enqueue 0.085376 ms)
[03/03/2026-11:04:08] [I] Average on 10 runs - GPU latency: 0.0965576 ms - Host latency: 0.0965576 ms (enqueue 0.0799072 ms)
[03/03/2026-11:04:08] [I] Average on 10 runs - GPU latency: 0.0963135 ms - Host latency: 0.0963135 ms (enqueue 0.0800781 ms)
[03/03/2026-11:04:08] [I] Average on 10 runs - GPU latency: 0.0959961 ms - Host latency: 0.0959961 ms (enqueue 0.0813965 ms)
[03/03/2026-11:04:08] [I] Average on 10 runs - GPU latency: 0.0960693 ms - Host latency: 0.0960693 ms (enqueue 0.0795898 ms)
[03/03/2026-11:04:08] [I] Average on 10 runs - GPU latency: 0.0966797 ms - Host latency: 0.0966797 ms (enqueue 0.0823486 ms)
[03/03/2026-11:04:08] [I] Average on 10 runs - GPU latency: 0.0959473 ms - Host latency: 0.0959473 ms (enqueue 0.0811768 ms)
[03/03/2026-11:04:08] [I] Average on 10 runs - GPU latency: 0.0967285 ms - Host latency: 0.0967285 ms (enqueue 0.0804688 ms)
[03/03/2026-11:04:08] [I] Average on 10 runs - GPU latency: 0.0957275 ms - Host latency: 0.0957275 ms (enqueue 0.0806885 ms)
[03/03/2026-11:04:08] [I] 
[03/03/2026-11:04:08] [I] === Performance summary ===
[03/03/2026-11:04:08] [I] Throughput: 10201.6 qps
[03/03/2026-11:04:08] [I] Latency: min = 0.0910645 ms, max = 0.219788 ms, mean = 0.0961431 ms, median = 0.0960083 ms, percentile(90%) = 0.0977783 ms, percentile(95%) = 0.0983887 ms, percentile(99%) = 0.0996094 ms
[03/03/2026-11:04:08] [I] Enqueue Time: min = 0.0761719 ms, max = 0.250183 ms, mean = 0.0809458 ms, median = 0.0799561 ms, percentile(90%) = 0.0827637 ms, percentile(95%) = 0.086792 ms, percentile(99%) = 0.103027 ms
[03/03/2026-11:04:08] [I] H2D Latency: min = 0 ms, max = 0 ms, mean = 0 ms, median = 0 ms, percentile(90%) = 0 ms, percentile(95%) = 0 ms, percentile(99%) = 0 ms
[03/03/2026-11:04:08] [I] GPU Compute Time: min = 0.0910645 ms, max = 0.219788 ms, mean = 0.0961431 ms, median = 0.0960083 ms, percentile(90%) = 0.0977783 ms, percentile(95%) = 0.0983887 ms, percentile(99%) = 0.0996094 ms
[03/03/2026-11:04:08] [I] D2H Latency: min = 0 ms, max = 0 ms, mean = 0 ms, median = 0 ms, percentile(90%) = 0 ms, percentile(95%) = 0 ms, percentile(99%) = 0 ms
[03/03/2026-11:04:08] [I] Total Host Walltime: 3.00021 s
[03/03/2026-11:04:08] [I] Total GPU Compute Time: 2.94265 s
[03/03/2026-11:04:08] [W] * Throughput may be bound by Enqueue Time rather than GPU Compute and the GPU may be under-utilized.
[03/03/2026-11:04:08] [W]   If not already in use, --useCudaGraph (utilize CUDA graphs where possible) may increase the throughput.
[03/03/2026-11:04:08] [W] * GPU compute time is unstable, with coefficient of variance = 1.71076%.
[03/03/2026-11:04:08] [W]   If not already in use, locking GPU clock frequency or adding --useSpinWait may improve the stability.
[03/03/2026-11:04:08] [I] Explanations of the performance metrics are printed in the verbose logs.
[03/03/2026-11:04:08] [I] 
&&&& PASSED TensorRT.trtexec [TensorRT v8502] # /usr/src/tensorrt/bin/trtexec --onnx=/home/user/Edge-ML/models/v5/TCN/bs1/TCN.onnx --saveEngine=/home/user/Edge-ML/models/v5/TCN/bs1/TCN_fp16.engine --fp16 --exportLayerInfo=/home/user/Edge-ML/models/v5/TCN/bs1/logs/quantisation_fp16_layers.json --memPoolSize=workspace:4096MiB --tacticSources=+CUBLAS,+CUBLAS_LT,+CUDNN --noDataTransfers
