/usr/src/tensorrt/bin/trtexec --onnx=/home/user/Edge-ML/models/v4/TCN/bs1/TCN.onnx --saveEngine=/home/user/Edge-ML/models/v4/TCN/bs1/TCN_int8.engine --int8 --fp16 --exportLayerInfo=/home/user/Edge-ML/models/v4/TCN/bs1/logs/quantisation_int8_layers.json --memPoolSize=workspace:4096MiB --tacticSources=+CUBLAS,+CUBLAS_LT,+CUDNN --noDataTransfers --calib=/home/user/Edge-ML/models/v4/TCN/bs1/TCN.cache

&&&& RUNNING TensorRT.trtexec [TensorRT v8502] # /usr/src/tensorrt/bin/trtexec --onnx=/home/user/Edge-ML/models/v4/TCN/bs1/TCN.onnx --saveEngine=/home/user/Edge-ML/models/v4/TCN/bs1/TCN_int8.engine --int8 --fp16 --exportLayerInfo=/home/user/Edge-ML/models/v4/TCN/bs1/logs/quantisation_int8_layers.json --memPoolSize=workspace:4096MiB --tacticSources=+CUBLAS,+CUBLAS_LT,+CUDNN --noDataTransfers --calib=/home/user/Edge-ML/models/v4/TCN/bs1/TCN.cache
[02/27/2026-11:09:35] [I] === Model Options ===
[02/27/2026-11:09:35] [I] Format: ONNX
[02/27/2026-11:09:35] [I] Model: /home/user/Edge-ML/models/v4/TCN/bs1/TCN.onnx
[02/27/2026-11:09:35] [I] Output:
[02/27/2026-11:09:35] [I] === Build Options ===
[02/27/2026-11:09:35] [I] Max batch: explicit batch
[02/27/2026-11:09:35] [I] Memory Pools: workspace: 4096 MiB, dlaSRAM: default, dlaLocalDRAM: default, dlaGlobalDRAM: default
[02/27/2026-11:09:35] [I] minTiming: 1
[02/27/2026-11:09:35] [I] avgTiming: 8
[02/27/2026-11:09:35] [I] Precision: FP32+FP16+INT8
[02/27/2026-11:09:35] [I] LayerPrecisions: 
[02/27/2026-11:09:35] [I] Calibration: /home/user/Edge-ML/models/v4/TCN/bs1/TCN.cache
[02/27/2026-11:09:35] [I] Refit: Disabled
[02/27/2026-11:09:35] [I] Sparsity: Disabled
[02/27/2026-11:09:35] [I] Safe mode: Disabled
[02/27/2026-11:09:35] [I] DirectIO mode: Disabled
[02/27/2026-11:09:35] [I] Restricted mode: Disabled
[02/27/2026-11:09:35] [I] Build only: Disabled
[02/27/2026-11:09:35] [I] Save engine: /home/user/Edge-ML/models/v4/TCN/bs1/TCN_int8.engine
[02/27/2026-11:09:35] [I] Load engine: 
[02/27/2026-11:09:35] [I] Profiling verbosity: 0
[02/27/2026-11:09:35] [I] Tactic sources: cublas [ON], cublasLt [ON], cudnn [ON], 
[02/27/2026-11:09:35] [I] timingCacheMode: local
[02/27/2026-11:09:35] [I] timingCacheFile: 
[02/27/2026-11:09:35] [I] Heuristic: Disabled
[02/27/2026-11:09:35] [I] Preview Features: Use default preview flags.
[02/27/2026-11:09:35] [I] Input(s)s format: fp32:CHW
[02/27/2026-11:09:35] [I] Output(s)s format: fp32:CHW
[02/27/2026-11:09:35] [I] Input build shapes: model
[02/27/2026-11:09:35] [I] Input calibration shapes: model
[02/27/2026-11:09:35] [I] === System Options ===
[02/27/2026-11:09:35] [I] Device: 0
[02/27/2026-11:09:35] [I] DLACore: 
[02/27/2026-11:09:35] [I] Plugins:
[02/27/2026-11:09:35] [I] === Inference Options ===
[02/27/2026-11:09:35] [I] Batch: Explicit
[02/27/2026-11:09:35] [I] Input inference shapes: model
[02/27/2026-11:09:35] [I] Iterations: 10
[02/27/2026-11:09:35] [I] Duration: 3s (+ 200ms warm up)
[02/27/2026-11:09:35] [I] Sleep time: 0ms
[02/27/2026-11:09:35] [I] Idle time: 0ms
[02/27/2026-11:09:35] [I] Streams: 1
[02/27/2026-11:09:35] [I] ExposeDMA: Disabled
[02/27/2026-11:09:35] [I] Data transfers: Disabled
[02/27/2026-11:09:35] [I] Spin-wait: Disabled
[02/27/2026-11:09:35] [I] Multithreading: Disabled
[02/27/2026-11:09:35] [I] CUDA Graph: Disabled
[02/27/2026-11:09:35] [I] Separate profiling: Disabled
[02/27/2026-11:09:35] [I] Time Deserialize: Disabled
[02/27/2026-11:09:35] [I] Time Refit: Disabled
[02/27/2026-11:09:35] [I] NVTX verbosity: 0
[02/27/2026-11:09:35] [I] Persistent Cache Ratio: 0
[02/27/2026-11:09:35] [I] Inputs:
[02/27/2026-11:09:35] [I] === Reporting Options ===
[02/27/2026-11:09:35] [I] Verbose: Disabled
[02/27/2026-11:09:35] [I] Averages: 10 inferences
[02/27/2026-11:09:35] [I] Percentiles: 90,95,99
[02/27/2026-11:09:35] [I] Dump refittable layers:Disabled
[02/27/2026-11:09:35] [I] Dump output: Disabled
[02/27/2026-11:09:35] [I] Profile: Disabled
[02/27/2026-11:09:35] [I] Export timing to JSON file: 
[02/27/2026-11:09:35] [I] Export output to JSON file: 
[02/27/2026-11:09:35] [I] Export profile to JSON file: 
[02/27/2026-11:09:35] [I] 
[02/27/2026-11:09:35] [I] === Device Information ===
[02/27/2026-11:09:35] [I] Selected Device: Orin
[02/27/2026-11:09:35] [I] Compute Capability: 8.7
[02/27/2026-11:09:35] [I] SMs: 4
[02/27/2026-11:09:35] [I] Compute Clock Rate: 0.624 GHz
[02/27/2026-11:09:35] [I] Device Global Memory: 3425 MiB
[02/27/2026-11:09:35] [I] Shared Memory per SM: 164 KiB
[02/27/2026-11:09:35] [I] Memory Bus Width: 128 bits (ECC disabled)
[02/27/2026-11:09:35] [I] Memory Clock Rate: 0.624 GHz
[02/27/2026-11:09:35] [I] 
[02/27/2026-11:09:35] [I] TensorRT version: 8.5.2
[02/27/2026-11:09:36] [I] [TRT] [MemUsageChange] Init CUDA: CPU +220, GPU +0, now: CPU 249, GPU 1635 (MiB)
[02/27/2026-11:09:38] [I] [TRT] [MemUsageChange] Init builder kernel library: CPU +302, GPU +166, now: CPU 574, GPU 1808 (MiB)
[02/27/2026-11:09:38] [I] Start parsing network model
[02/27/2026-11:09:38] [I] [TRT] ----------------------------------------------------------------
[02/27/2026-11:09:38] [I] [TRT] Input filename:   /home/user/Edge-ML/models/v4/TCN/bs1/TCN.onnx
[02/27/2026-11:09:38] [I] [TRT] ONNX IR version:  0.0.7
[02/27/2026-11:09:38] [I] [TRT] Opset version:    12
[02/27/2026-11:09:38] [I] [TRT] Producer name:    pytorch
[02/27/2026-11:09:38] [I] [TRT] Producer version: 2.5.1
[02/27/2026-11:09:38] [I] [TRT] Domain:           
[02/27/2026-11:09:38] [I] [TRT] Model version:    0
[02/27/2026-11:09:38] [I] [TRT] Doc string:       
[02/27/2026-11:09:38] [I] [TRT] ----------------------------------------------------------------
[02/27/2026-11:09:38] [I] Finish parsing network model
[02/27/2026-11:09:38] [I] [TRT] Reading Calibration Cache for calibrator: EntropyCalibration2
[02/27/2026-11:09:38] [I] [TRT] Generated calibration scales using calibration cache. Make sure that calibration cache has latest scales.
[02/27/2026-11:09:38] [I] [TRT] To regenerate calibration cache, please delete the existing one. TensorRT will generate a new calibration cache.
[02/27/2026-11:09:38] [W] [TRT] Missing scale and zero-point for tensor capacity, expect fall back to non-int8 implementation for any layer consuming or producing given tensor
[02/27/2026-11:09:38] [I] [TRT] ---------- Layers Running on DLA ----------
[02/27/2026-11:09:38] [I] [TRT] ---------- Layers Running on GPU ----------
[02/27/2026-11:09:38] [I] [TRT] [GpuLayer] SHUFFLE: /Unsqueeze + (Unnamed Layer* 1) [Shuffle]
[02/27/2026-11:09:38] [I] [TRT] [GpuLayer] SHUFFLE: shuffle_between_(Unnamed Layer* 1) [Shuffle]_output_and_/block1/block1.0/Conv + /block1/block1.2/Relu
[02/27/2026-11:09:38] [I] [TRT] [GpuLayer] CONVOLUTION: /block1/block1.0/Conv + /block1/block1.2/Relu
[02/27/2026-11:09:38] [I] [TRT] [GpuLayer] SHUFFLE: shuffle_after_/block1/block1.2/Relu_out_tensor
[02/27/2026-11:09:38] [I] [TRT] [GpuLayer] POOLING: /block1/block1.3/MaxPool
[02/27/2026-11:09:38] [I] [TRT] [GpuLayer] SHUFFLE: shuffle_between_(Unnamed Layer* 6) [Pooling]_output_and_/block2/block2.0/Conv + /block2/block2.2/Relu
[02/27/2026-11:09:38] [I] [TRT] [GpuLayer] CONVOLUTION: /block2/block2.0/Conv + /block2/block2.2/Relu
[02/27/2026-11:09:38] [I] [TRT] [GpuLayer] SHUFFLE: shuffle_after_/block2/block2.2/Relu_out_tensor
[02/27/2026-11:09:38] [I] [TRT] [GpuLayer] POOLING: /block2/block2.3/MaxPool
[02/27/2026-11:09:38] [I] [TRT] [GpuLayer] SHUFFLE: shuffle_between_(Unnamed Layer* 13) [Pooling]_output_and_/block3/block3.0/Conv + /block3/block3.2/Relu
[02/27/2026-11:09:38] [I] [TRT] [GpuLayer] CONVOLUTION: /block3/block3.0/Conv + /block3/block3.2/Relu
[02/27/2026-11:09:38] [I] [TRT] [GpuLayer] SHUFFLE: shuffle_after_/block3/block3.2/Relu_out_tensor
[02/27/2026-11:09:38] [I] [TRT] [GpuLayer] SHUFFLE: squeeze_after_/block3/block3.2/Relu
[02/27/2026-11:09:38] [I] [TRT] [GpuLayer] REDUCE: /block3/block3.3/GlobalAveragePool
[02/27/2026-11:09:38] [I] [TRT] [GpuLayer] SHUFFLE: /fc/fc.0/Flatten + reshape_before_/fc/fc.1/Gemm
[02/27/2026-11:09:38] [I] [TRT] [GpuLayer] CONVOLUTION: /fc/fc.1/Gemm + /fc/fc.2/Relu
[02/27/2026-11:09:38] [I] [TRT] [GpuLayer] CONVOLUTION: /fc/fc.4/Gemm
[02/27/2026-11:09:38] [I] [TRT] [GpuLayer] SHUFFLE: reshape_after_/fc/fc.4/Gemm + /Squeeze
[02/27/2026-11:09:40] [I] [TRT] [MemUsageChange] Init cuBLAS/cuBLASLt: CPU +534, GPU +823, now: CPU 1108, GPU 2631 (MiB)
[02/27/2026-11:09:40] [I] [TRT] [MemUsageChange] Init cuDNN: CPU +83, GPU +121, now: CPU 1191, GPU 2752 (MiB)
[02/27/2026-11:09:40] [I] [TRT] Local timing cache in use. Profiling results in this builder pass will not be stored.
[02/27/2026-11:10:11] [I] [TRT] Total Activation Memory: 4295017984
[02/27/2026-11:10:11] [I] [TRT] Detected 1 inputs and 1 output network tensors.
[02/27/2026-11:10:11] [I] [TRT] Total Host Persistent Memory: 25024
[02/27/2026-11:10:11] [I] [TRT] Total Device Persistent Memory: 0
[02/27/2026-11:10:11] [I] [TRT] Total Scratch Memory: 0
[02/27/2026-11:10:11] [I] [TRT] [MemUsageStats] Peak memory usage of TRT CPU/GPU memory allocators: CPU 0 MiB, GPU 71 MiB
[02/27/2026-11:10:11] [I] [TRT] [BlockAssignment] Started assigning block shifts. This will take 22 steps to complete.
[02/27/2026-11:10:11] [I] [TRT] [BlockAssignment] Algorithm ShiftNTopDown took 0.24208ms to assign 3 blocks to 22 nodes requiring 23552 bytes.
[02/27/2026-11:10:11] [I] [TRT] Total Activation Memory: 23552
[02/27/2026-11:10:11] [W] [TRT] TensorRT encountered issues when converting weights between types and that could affect accuracy.
[02/27/2026-11:10:11] [W] [TRT] If this is not the desired behavior, please modify the weights or retrain with regularization to adjust the magnitude of the weights.
[02/27/2026-11:10:11] [W] [TRT] Check verbose logs for the list of affected weights.
[02/27/2026-11:10:11] [W] [TRT] - 2 weights are affected by this issue: Detected subnormal FP16 values.
[02/27/2026-11:10:11] [I] [TRT] [MemUsageChange] TensorRT-managed allocation in building engine: CPU +0, GPU +4, now: CPU 0, GPU 4 (MiB)
[02/27/2026-11:10:11] [I] Engine built in 35.5559 sec.
[02/27/2026-11:10:11] [I] [TRT] Loaded engine size: 0 MiB
[02/27/2026-11:10:11] [I] [TRT] [MemUsageChange] TensorRT-managed allocation in engine deserialization: CPU +0, GPU +0, now: CPU 0, GPU 0 (MiB)
[02/27/2026-11:10:11] [I] Engine deserialized in 0.0126451 sec.
[02/27/2026-11:10:11] [I] [TRT] [MemUsageChange] TensorRT-managed allocation in IExecutionContext creation: CPU +0, GPU +0, now: CPU 0, GPU 0 (MiB)
[02/27/2026-11:10:11] [I] Setting persistentCacheLimit to 0 bytes.
[02/27/2026-11:10:11] [I] Using random values for input input
[02/27/2026-11:10:11] [I] Created input binding for input with dimensions 1x120
[02/27/2026-11:10:11] [I] Using random values for output capacity
[02/27/2026-11:10:11] [I] Created output binding for capacity with dimensions 
[02/27/2026-11:10:11] [I] [TRT] The profiling verbosity was set to ProfilingVerbosity::kLAYER_NAMES_ONLY when the engine was built, so only the layer names will be returned. Rebuild the engine with ProfilingVerbosity::kDETAILED to get more verbose layer information.
[02/27/2026-11:10:11] [I] Starting inference
[02/27/2026-11:10:14] [I] Warmup completed 1952 queries over 200 ms
[02/27/2026-11:10:14] [I] Timing trace has 29682 queries over 3.00018 s
[02/27/2026-11:10:14] [I] 
[02/27/2026-11:10:14] [I] === Trace details ===
[02/27/2026-11:10:14] [I] Trace averages of 10 runs:
[02/27/2026-11:10:14] [I] Average on 10 runs - GPU latency: 0.0993988 ms - Host latency: 0.0993988 ms (enqueue 0.0832535 ms)
[02/27/2026-11:10:14] [I] Average on 10 runs - GPU latency: 0.0981735 ms - Host latency: 0.0981735 ms (enqueue 0.082164 ms)
[02/27/2026-11:10:14] [I] Average on 10 runs - GPU latency: 0.0970276 ms - Host latency: 0.0970276 ms (enqueue 0.081842 ms)
[02/27/2026-11:10:14] [I] Average on 10 runs - GPU latency: 0.0998398 ms - Host latency: 0.0998398 ms (enqueue 0.0850952 ms)
[02/27/2026-11:10:14] [I] Average on 10 runs - GPU latency: 0.0991119 ms - Host latency: 0.0991119 ms (enqueue 0.0827576 ms)
[02/27/2026-11:10:14] [I] Average on 10 runs - GPU latency: 0.0974777 ms - Host latency: 0.0974777 ms (enqueue 0.0820435 ms)
[02/27/2026-11:10:14] [I] Average on 10 runs - GPU latency: 0.0974609 ms - Host latency: 0.0974609 ms (enqueue 0.0821854 ms)
[02/27/2026-11:10:14] [I] Average on 10 runs - GPU latency: 0.102658 ms - Host latency: 0.102658 ms (enqueue 0.0861511 ms)
[02/27/2026-11:10:14] [I] Average on 10 runs - GPU latency: 0.0984695 ms - Host latency: 0.0984695 ms (enqueue 0.0825546 ms)
[02/27/2026-11:10:14] [I] Average on 10 runs - GPU latency: 0.100792 ms - Host latency: 0.100792 ms (enqueue 0.0848968 ms)
[02/27/2026-11:10:14] [I] Average on 10 runs - GPU latency: 0.0986069 ms - Host latency: 0.0986069 ms (enqueue 0.0821915 ms)
[02/27/2026-11:10:14] [I] Average on 10 runs - GPU latency: 0.101402 ms - Host latency: 0.101402 ms (enqueue 0.0859207 ms)
[02/27/2026-11:10:14] [I] Average on 10 runs - GPU latency: 0.0985748 ms - Host latency: 0.0985748 ms (enqueue 0.0827972 ms)
[02/27/2026-11:10:14] [I] Average on 10 runs - GPU latency: 0.0987717 ms - Host latency: 0.0987717 ms (enqueue 0.0831085 ms)
[02/27/2026-11:10:14] [I] Average on 10 runs - GPU latency: 0.098233 ms - Host latency: 0.098233 ms (enqueue 0.0821915 ms)
[02/27/2026-11:10:14] [I] Average on 10 runs - GPU latency: 0.0982101 ms - Host latency: 0.0982101 ms (enqueue 0.0829376 ms)
[02/27/2026-11:10:14] [I] Average on 10 runs - GPU latency: 0.0986069 ms - Host latency: 0.0986069 ms (enqueue 0.082814 ms)
[02/27/2026-11:10:14] [I] Average on 10 runs - GPU latency: 0.100598 ms - Host latency: 0.100598 ms (enqueue 0.0835098 ms)
[02/27/2026-11:10:14] [I] Average on 10 runs - GPU latency: 0.0976013 ms - Host latency: 0.0976013 ms (enqueue 0.081459 ms)
[02/27/2026-11:10:14] [I] Average on 10 runs - GPU latency: 0.0978851 ms - Host latency: 0.0978851 ms (enqueue 0.0834549 ms)
[02/27/2026-11:10:14] [I] Average on 10 runs - GPU latency: 0.0975983 ms - Host latency: 0.0975983 ms (enqueue 0.082048 ms)
[02/27/2026-11:10:14] [I] Average on 10 runs - GPU latency: 0.0983566 ms - Host latency: 0.0983566 ms (enqueue 0.0826736 ms)
[02/27/2026-11:10:14] [I] Average on 10 runs - GPU latency: 0.0963532 ms - Host latency: 0.0963532 ms (enqueue 0.0813904 ms)
[02/27/2026-11:10:14] [I] Average on 10 runs - GPU latency: 0.100146 ms - Host latency: 0.100146 ms (enqueue 0.08452 ms)
[02/27/2026-11:10:14] [I] Average on 10 runs - GPU latency: 0.0977554 ms - Host latency: 0.0977554 ms (enqueue 0.0824631 ms)
[02/27/2026-11:10:14] [I] Average on 10 runs - GPU latency: 0.0991547 ms - Host latency: 0.0991547 ms (enqueue 0.0828888 ms)
[02/27/2026-11:10:14] [I] Average on 10 runs - GPU latency: 0.0983948 ms - Host latency: 0.0983948 ms (enqueue 0.0830597 ms)
[02/27/2026-11:10:14] [I] Average on 10 runs - GPU latency: 0.101692 ms - Host latency: 0.101692 ms (enqueue 0.0860321 ms)
[02/27/2026-11:10:14] [I] Average on 10 runs - GPU latency: 0.100725 ms - Host latency: 0.100725 ms (enqueue 0.0837463 ms)
[02/27/2026-11:10:14] [I] Average on 10 runs - GPU latency: 0.0982163 ms - Host latency: 0.0982163 ms (enqueue 0.0819962 ms)
[02/27/2026-11:10:14] [I] Average on 10 runs - GPU latency: 0.0988739 ms - Host latency: 0.0988739 ms (enqueue 0.0836044 ms)
[02/27/2026-11:10:14] [I] Average on 10 runs - GPU latency: 0.100204 ms - Host latency: 0.100204 ms (enqueue 0.0850647 ms)
[02/27/2026-11:10:14] [I] Average on 10 runs - GPU latency: 0.0992111 ms - Host latency: 0.0992111 ms (enqueue 0.0837814 ms)
[02/27/2026-11:10:14] [I] Average on 10 runs - GPU latency: 0.100418 ms - Host latency: 0.100418 ms (enqueue 0.0840958 ms)
[02/27/2026-11:10:14] [I] Average on 10 runs - GPU latency: 0.0983444 ms - Host latency: 0.0983444 ms (enqueue 0.0831177 ms)
[02/27/2026-11:10:14] [I] Average on 10 runs - GPU latency: 0.101164 ms - Host latency: 0.101164 ms (enqueue 0.0844543 ms)
[02/27/2026-11:10:14] [I] Average on 10 runs - GPU latency: 0.0982071 ms - Host latency: 0.0982071 ms (enqueue 0.0824112 ms)
[02/27/2026-11:10:14] [I] Average on 10 runs - GPU latency: 0.0979187 ms - Host latency: 0.0979187 ms (enqueue 0.0820007 ms)
[02/27/2026-11:10:14] [I] Average on 10 runs - GPU latency: 0.0973541 ms - Host latency: 0.0973541 ms (enqueue 0.0817688 ms)
[02/27/2026-11:10:14] [I] Average on 10 runs - GPU latency: 0.100186 ms - Host latency: 0.100186 ms (enqueue 0.0853333 ms)
[02/27/2026-11:10:14] [I] Average on 10 runs - GPU latency: 0.100829 ms - Host latency: 0.100829 ms (enqueue 0.0837173 ms)
[02/27/2026-11:10:14] [I] Average on 10 runs - GPU latency: 0.0972488 ms - Host latency: 0.0972488 ms (enqueue 0.081781 ms)
[02/27/2026-11:10:14] [I] Average on 10 runs - GPU latency: 0.0970169 ms - Host latency: 0.0970169 ms (enqueue 0.0819092 ms)
[02/27/2026-11:10:14] [I] Average on 10 runs - GPU latency: 0.101038 ms - Host latency: 0.101038 ms (enqueue 0.0852905 ms)
[02/27/2026-11:10:14] [I] Average on 10 runs - GPU latency: 0.0980789 ms - Host latency: 0.0980789 ms (enqueue 0.0827469 ms)
[02/27/2026-11:10:14] [I] Average on 10 runs - GPU latency: 0.0995819 ms - Host latency: 0.0995819 ms (enqueue 0.0834412 ms)
[02/27/2026-11:10:14] [I] Average on 10 runs - GPU latency: 0.0992538 ms - Host latency: 0.0992538 ms (enqueue 0.0835495 ms)
[02/27/2026-11:10:14] [I] Average on 10 runs - GPU latency: 0.104819 ms - Host latency: 0.104819 ms (enqueue 0.0889038 ms)
[02/27/2026-11:10:14] [I] Average on 10 runs - GPU latency: 0.0993713 ms - Host latency: 0.0993713 ms (enqueue 0.0832428 ms)
[02/27/2026-11:10:14] [I] Average on 10 runs - GPU latency: 0.0985794 ms - Host latency: 0.0985794 ms (enqueue 0.082428 ms)
[02/27/2026-11:10:14] [I] Average on 10 runs - GPU latency: 0.0984451 ms - Host latency: 0.0984451 ms (enqueue 0.0829422 ms)
[02/27/2026-11:10:14] [I] Average on 10 runs - GPU latency: 0.101453 ms - Host latency: 0.101453 ms (enqueue 0.0854843 ms)
[02/27/2026-11:10:14] [I] Average on 10 runs - GPU latency: 0.0990128 ms - Host latency: 0.0990128 ms (enqueue 0.0830551 ms)
[02/27/2026-11:10:14] [I] Average on 10 runs - GPU latency: 0.0978699 ms - Host latency: 0.0978699 ms (enqueue 0.0827332 ms)
[02/27/2026-11:10:14] [I] Average on 10 runs - GPU latency: 0.098616 ms - Host latency: 0.098616 ms (enqueue 0.082637 ms)
[02/27/2026-11:10:14] [I] Average on 10 runs - GPU latency: 0.100288 ms - Host latency: 0.100288 ms (enqueue 0.0852325 ms)
[02/27/2026-11:10:14] [I] Average on 10 runs - GPU latency: 0.0991241 ms - Host latency: 0.0991241 ms (enqueue 0.0824524 ms)
[02/27/2026-11:10:14] [I] Average on 10 runs - GPU latency: 0.0983978 ms - Host latency: 0.0983978 ms (enqueue 0.0826324 ms)
[02/27/2026-11:10:14] [I] Average on 10 runs - GPU latency: 0.0978516 ms - Host latency: 0.0978516 ms (enqueue 0.0825806 ms)
[02/27/2026-11:10:14] [I] Average on 10 runs - GPU latency: 0.100433 ms - Host latency: 0.100433 ms (enqueue 0.0832703 ms)
[02/27/2026-11:10:14] [I] Average on 10 runs - GPU latency: 0.0974731 ms - Host latency: 0.0974731 ms (enqueue 0.0818817 ms)
[02/27/2026-11:10:14] [I] Average on 10 runs - GPU latency: 0.0979034 ms - Host latency: 0.0979034 ms (enqueue 0.0823212 ms)
[02/27/2026-11:10:14] [I] Average on 10 runs - GPU latency: 0.0988709 ms - Host latency: 0.0988709 ms (enqueue 0.0837738 ms)
[02/27/2026-11:10:14] [I] Average on 10 runs - GPU latency: 0.0989471 ms - Host latency: 0.0989471 ms (enqueue 0.0825195 ms)
[02/27/2026-11:10:14] [I] Average on 10 runs - GPU latency: 0.0973297 ms - Host latency: 0.0973297 ms (enqueue 0.0812714 ms)
[02/27/2026-11:10:14] [I] Average on 10 runs - GPU latency: 0.0983215 ms - Host latency: 0.0983215 ms (enqueue 0.0832367 ms)
[02/27/2026-11:10:14] [I] Average on 10 runs - GPU latency: 0.0981842 ms - Host latency: 0.0981842 ms (enqueue 0.0841492 ms)
[02/27/2026-11:10:14] [I] Average on 10 runs - GPU latency: 0.0996063 ms - Host latency: 0.0996063 ms (enqueue 0.082843 ms)
[02/27/2026-11:10:14] [I] Average on 10 runs - GPU latency: 0.0972046 ms - Host latency: 0.0972046 ms (enqueue 0.0817017 ms)
[02/27/2026-11:10:14] [I] Average on 10 runs - GPU latency: 0.097699 ms - Host latency: 0.097699 ms (enqueue 0.082135 ms)
[02/27/2026-11:10:14] [I] Average on 10 runs - GPU latency: 0.0972931 ms - Host latency: 0.0972931 ms (enqueue 0.0836334 ms)
[02/27/2026-11:10:14] [I] Average on 10 runs - GPU latency: 0.0993286 ms - Host latency: 0.0993286 ms (enqueue 0.0827972 ms)
[02/27/2026-11:10:14] [I] Average on 10 runs - GPU latency: 0.0988983 ms - Host latency: 0.0988983 ms (enqueue 0.0830872 ms)
[02/27/2026-11:10:14] [I] Average on 10 runs - GPU latency: 0.097934 ms - Host latency: 0.097934 ms (enqueue 0.0823212 ms)
[02/27/2026-11:10:14] [I] Average on 10 runs - GPU latency: 0.101349 ms - Host latency: 0.101349 ms (enqueue 0.0865051 ms)
[02/27/2026-11:10:14] [I] Average on 10 runs - GPU latency: 0.0996063 ms - Host latency: 0.0996063 ms (enqueue 0.0831116 ms)
[02/27/2026-11:10:14] [I] Average on 10 runs - GPU latency: 0.0974609 ms - Host latency: 0.0974609 ms (enqueue 0.0815979 ms)
[02/27/2026-11:10:14] [I] Average on 10 runs - GPU latency: 0.0984406 ms - Host latency: 0.0984406 ms (enqueue 0.0830292 ms)
[02/27/2026-11:10:14] [I] Average on 10 runs - GPU latency: 0.100247 ms - Host latency: 0.100247 ms (enqueue 0.0851868 ms)
[02/27/2026-11:10:14] [I] Average on 10 runs - GPU latency: 0.0998901 ms - Host latency: 0.0998901 ms (enqueue 0.0830902 ms)
[02/27/2026-11:10:14] [I] Average on 10 runs - GPU latency: 0.0988312 ms - Host latency: 0.0988312 ms (enqueue 0.0829926 ms)
[02/27/2026-11:10:14] [I] Average on 10 runs - GPU latency: 0.0957916 ms - Host latency: 0.0957916 ms (enqueue 0.0809265 ms)
[02/27/2026-11:10:14] [I] Average on 10 runs - GPU latency: 0.0994781 ms - Host latency: 0.0994781 ms (enqueue 0.0832397 ms)
[02/27/2026-11:10:14] [I] Average on 10 runs - GPU latency: 0.0994293 ms - Host latency: 0.0994293 ms (enqueue 0.0830749 ms)
[02/27/2026-11:10:14] [I] Average on 10 runs - GPU latency: 0.101682 ms - Host latency: 0.101682 ms (enqueue 0.084552 ms)
[02/27/2026-11:10:14] [I] Average on 10 runs - GPU latency: 0.100961 ms - Host latency: 0.100961 ms (enqueue 0.0843201 ms)
[02/27/2026-11:10:14] [I] Average on 10 runs - GPU latency: 0.100824 ms - Host latency: 0.100824 ms (enqueue 0.0850555 ms)
[02/27/2026-11:10:14] [I] Average on 10 runs - GPU latency: 0.0983002 ms - Host latency: 0.0983002 ms (enqueue 0.082074 ms)
[02/27/2026-11:10:14] [I] Average on 10 runs - GPU latency: 0.0981934 ms - Host latency: 0.0981934 ms (enqueue 0.0828857 ms)
[02/27/2026-11:10:14] [I] Average on 10 runs - GPU latency: 0.0989899 ms - Host latency: 0.0989899 ms (enqueue 0.0829773 ms)
[02/27/2026-11:10:14] [I] Average on 10 runs - GPU latency: 0.10072 ms - Host latency: 0.10072 ms (enqueue 0.085025 ms)
[02/27/2026-11:10:14] [I] Average on 10 runs - GPU latency: 0.0987122 ms - Host latency: 0.0987122 ms (enqueue 0.0831543 ms)
[02/27/2026-11:10:14] [I] Average on 10 runs - GPU latency: 0.0984039 ms - Host latency: 0.0984039 ms (enqueue 0.0828827 ms)
[02/27/2026-11:10:14] [I] Average on 10 runs - GPU latency: 0.098346 ms - Host latency: 0.098346 ms (enqueue 0.0823242 ms)
[02/27/2026-11:10:14] [I] Average on 10 runs - GPU latency: 0.101846 ms - Host latency: 0.101846 ms (enqueue 0.0858734 ms)
[02/27/2026-11:10:14] [I] Average on 10 runs - GPU latency: 0.0986633 ms - Host latency: 0.0986633 ms (enqueue 0.0830109 ms)
[02/27/2026-11:10:14] [I] Average on 10 runs - GPU latency: 0.0986237 ms - Host latency: 0.0986237 ms (enqueue 0.0830231 ms)
[02/27/2026-11:10:14] [I] Average on 10 runs - GPU latency: 0.100342 ms - Host latency: 0.100342 ms (enqueue 0.0838867 ms)
[02/27/2026-11:10:14] [I] Average on 10 runs - GPU latency: 0.101328 ms - Host latency: 0.101328 ms (enqueue 0.0862213 ms)
[02/27/2026-11:10:14] [I] Average on 10 runs - GPU latency: 0.0980774 ms - Host latency: 0.0980774 ms (enqueue 0.0821289 ms)
[02/27/2026-11:10:14] [I] Average on 10 runs - GPU latency: 0.0988861 ms - Host latency: 0.0988861 ms (enqueue 0.0835602 ms)
[02/27/2026-11:10:14] [I] Average on 10 runs - GPU latency: 0.0975525 ms - Host latency: 0.0975525 ms (enqueue 0.0814972 ms)
[02/27/2026-11:10:14] [I] Average on 10 runs - GPU latency: 0.0998047 ms - Host latency: 0.0998047 ms (enqueue 0.0850616 ms)
[02/27/2026-11:10:14] [I] Average on 10 runs - GPU latency: 0.0976044 ms - Host latency: 0.0976044 ms (enqueue 0.0820465 ms)
[02/27/2026-11:10:14] [I] Average on 10 runs - GPU latency: 0.0974091 ms - Host latency: 0.0974091 ms (enqueue 0.0815155 ms)
[02/27/2026-11:10:14] [I] Average on 10 runs - GPU latency: 0.0979401 ms - Host latency: 0.0979401 ms (enqueue 0.0829346 ms)
[02/27/2026-11:10:14] [I] Average on 10 runs - GPU latency: 0.0990906 ms - Host latency: 0.0990906 ms (enqueue 0.0837128 ms)
[02/27/2026-11:10:14] [I] Average on 10 runs - GPU latency: 0.0975616 ms - Host latency: 0.0975616 ms (enqueue 0.0820587 ms)
[02/27/2026-11:10:14] [I] Average on 10 runs - GPU latency: 0.0988312 ms - Host latency: 0.0988312 ms (enqueue 0.0830475 ms)
[02/27/2026-11:10:14] [I] Average on 10 runs - GPU latency: 0.0967621 ms - Host latency: 0.0967621 ms (enqueue 0.0813782 ms)
[02/27/2026-11:10:14] [I] Average on 10 runs - GPU latency: 0.0999695 ms - Host latency: 0.0999695 ms (enqueue 0.0842316 ms)
[02/27/2026-11:10:14] [I] Average on 10 runs - GPU latency: 0.0986023 ms - Host latency: 0.0986023 ms (enqueue 0.0829803 ms)
[02/27/2026-11:10:14] [I] Average on 10 runs - GPU latency: 0.0979858 ms - Host latency: 0.0979858 ms (enqueue 0.0821289 ms)
[02/27/2026-11:10:14] [I] Average on 10 runs - GPU latency: 0.0977203 ms - Host latency: 0.0977203 ms (enqueue 0.0819183 ms)
[02/27/2026-11:10:14] [I] Average on 10 runs - GPU latency: 0.101645 ms - Host latency: 0.101645 ms (enqueue 0.0857788 ms)
[02/27/2026-11:10:14] [I] Average on 10 runs - GPU latency: 0.0969971 ms - Host latency: 0.0969971 ms (enqueue 0.0819366 ms)
[02/27/2026-11:10:14] [I] Average on 10 runs - GPU latency: 0.0976288 ms - Host latency: 0.0976288 ms (enqueue 0.0815247 ms)
[02/27/2026-11:10:14] [I] Average on 10 runs - GPU latency: 0.0981598 ms - Host latency: 0.0981598 ms (enqueue 0.0828125 ms)
[02/27/2026-11:10:14] [I] Average on 10 runs - GPU latency: 0.0997101 ms - Host latency: 0.0997101 ms (enqueue 0.0832611 ms)
[02/27/2026-11:10:14] [I] Average on 10 runs - GPU latency: 0.0982361 ms - Host latency: 0.0982361 ms (enqueue 0.082666 ms)
[02/27/2026-11:10:14] [I] Average on 10 runs - GPU latency: 0.0972687 ms - Host latency: 0.0972687 ms (enqueue 0.0812622 ms)
[02/27/2026-11:10:14] [I] Average on 10 runs - GPU latency: 0.097525 ms - Host latency: 0.097525 ms (enqueue 0.0821381 ms)
[02/27/2026-11:10:14] [I] Average on 10 runs - GPU latency: 0.099884 ms - Host latency: 0.099884 ms (enqueue 0.0842926 ms)
[02/27/2026-11:10:14] [I] Average on 10 runs - GPU latency: 0.0979065 ms - Host latency: 0.0979065 ms (enqueue 0.081781 ms)
[02/27/2026-11:10:14] [I] Average on 10 runs - GPU latency: 0.0977051 ms - Host latency: 0.0977051 ms (enqueue 0.0819855 ms)
[02/27/2026-11:10:14] [I] Average on 10 runs - GPU latency: 0.0983826 ms - Host latency: 0.0983826 ms (enqueue 0.0829102 ms)
[02/27/2026-11:10:14] [I] Average on 10 runs - GPU latency: 0.0993591 ms - Host latency: 0.0993591 ms (enqueue 0.0840912 ms)
[02/27/2026-11:10:14] [I] Average on 10 runs - GPU latency: 0.0982788 ms - Host latency: 0.0982788 ms (enqueue 0.0824219 ms)
[02/27/2026-11:10:14] [I] Average on 10 runs - GPU latency: 0.0978302 ms - Host latency: 0.0978302 ms (enqueue 0.0826416 ms)
[02/27/2026-11:10:14] [I] Average on 10 runs - GPU latency: 0.0978912 ms - Host latency: 0.0978912 ms (enqueue 0.0825195 ms)
[02/27/2026-11:10:14] [I] Average on 10 runs - GPU latency: 0.100134 ms - Host latency: 0.100134 ms (enqueue 0.0841034 ms)
[02/27/2026-11:10:14] [I] Average on 10 runs - GPU latency: 0.0994568 ms - Host latency: 0.0994568 ms (enqueue 0.0827515 ms)
[02/27/2026-11:10:14] [I] Average on 10 runs - GPU latency: 0.0986359 ms - Host latency: 0.0986359 ms (enqueue 0.0823883 ms)
[02/27/2026-11:10:14] [I] Average on 10 runs - GPU latency: 0.0979492 ms - Host latency: 0.0979492 ms (enqueue 0.08284 ms)
[02/27/2026-11:10:14] [I] Average on 10 runs - GPU latency: 0.0983154 ms - Host latency: 0.0983154 ms (enqueue 0.0826965 ms)
[02/27/2026-11:10:14] [I] Average on 10 runs - GPU latency: 0.0967804 ms - Host latency: 0.0967804 ms (enqueue 0.0813812 ms)
[02/27/2026-11:10:14] [I] Average on 10 runs - GPU latency: 0.0975922 ms - Host latency: 0.0975922 ms (enqueue 0.082193 ms)
[02/27/2026-11:10:14] [I] Average on 10 runs - GPU latency: 0.0979889 ms - Host latency: 0.0979889 ms (enqueue 0.082663 ms)
[02/27/2026-11:10:14] [I] Average on 10 runs - GPU latency: 0.100565 ms - Host latency: 0.100565 ms (enqueue 0.085495 ms)
[02/27/2026-11:10:14] [I] Average on 10 runs - GPU latency: 0.0973084 ms - Host latency: 0.0973084 ms (enqueue 0.0819244 ms)
[02/27/2026-11:10:14] [I] Average on 10 runs - GPU latency: 0.0977631 ms - Host latency: 0.0977631 ms (enqueue 0.0821045 ms)
[02/27/2026-11:10:14] [I] Average on 10 runs - GPU latency: 0.0981689 ms - Host latency: 0.0981689 ms (enqueue 0.0832672 ms)
[02/27/2026-11:10:14] [I] Average on 10 runs - GPU latency: 0.10369 ms - Host latency: 0.10369 ms (enqueue 0.0873108 ms)
[02/27/2026-11:10:14] [I] Average on 10 runs - GPU latency: 0.0982025 ms - Host latency: 0.0982025 ms (enqueue 0.0825684 ms)
[02/27/2026-11:10:14] [I] Average on 10 runs - GPU latency: 0.0976318 ms - Host latency: 0.0976318 ms (enqueue 0.0822113 ms)
[02/27/2026-11:10:14] [I] Average on 10 runs - GPU latency: 0.0989014 ms - Host latency: 0.0989014 ms (enqueue 0.0828979 ms)
[02/27/2026-11:10:14] [I] Average on 10 runs - GPU latency: 0.0994293 ms - Host latency: 0.0994293 ms (enqueue 0.0843445 ms)
[02/27/2026-11:10:14] [I] Average on 10 runs - GPU latency: 0.0982544 ms - Host latency: 0.0982544 ms (enqueue 0.0821259 ms)
[02/27/2026-11:10:14] [I] Average on 10 runs - GPU latency: 0.0972443 ms - Host latency: 0.0972443 ms (enqueue 0.0822601 ms)
[02/27/2026-11:10:14] [I] Average on 10 runs - GPU latency: 0.0995056 ms - Host latency: 0.0995056 ms (enqueue 0.0830719 ms)
[02/27/2026-11:10:14] [I] Average on 10 runs - GPU latency: 0.0985168 ms - Host latency: 0.0985168 ms (enqueue 0.0836029 ms)
[02/27/2026-11:10:14] [I] Average on 10 runs - GPU latency: 0.0992065 ms - Host latency: 0.0992065 ms (enqueue 0.0831085 ms)
[02/27/2026-11:10:14] [I] Average on 10 runs - GPU latency: 0.0990631 ms - Host latency: 0.0990631 ms (enqueue 0.0829559 ms)
[02/27/2026-11:10:14] [I] Average on 10 runs - GPU latency: 0.0991638 ms - Host latency: 0.0991638 ms (enqueue 0.0833435 ms)
[02/27/2026-11:10:14] [I] Average on 10 runs - GPU latency: 0.100266 ms - Host latency: 0.100266 ms (enqueue 0.0843048 ms)
[02/27/2026-11:10:14] [I] Average on 10 runs - GPU latency: 0.0971405 ms - Host latency: 0.0971405 ms (enqueue 0.0818665 ms)
[02/27/2026-11:10:14] [I] Average on 10 runs - GPU latency: 0.0981537 ms - Host latency: 0.0981537 ms (enqueue 0.0819061 ms)
[02/27/2026-11:10:14] [I] Average on 10 runs - GPU latency: 0.0984161 ms - Host latency: 0.0984161 ms (enqueue 0.0829407 ms)
[02/27/2026-11:10:14] [I] Average on 10 runs - GPU latency: 0.0999573 ms - Host latency: 0.0999573 ms (enqueue 0.0832184 ms)
[02/27/2026-11:10:14] [I] Average on 10 runs - GPU latency: 0.0978333 ms - Host latency: 0.0978333 ms (enqueue 0.0822235 ms)
[02/27/2026-11:10:14] [I] Average on 10 runs - GPU latency: 0.0973602 ms - Host latency: 0.0973602 ms (enqueue 0.0817963 ms)
[02/27/2026-11:10:14] [I] Average on 10 runs - GPU latency: 0.0980988 ms - Host latency: 0.0980988 ms (enqueue 0.0824585 ms)
[02/27/2026-11:10:14] [I] Average on 10 runs - GPU latency: 0.0992462 ms - Host latency: 0.0992462 ms (enqueue 0.0836456 ms)
[02/27/2026-11:10:14] [I] Average on 10 runs - GPU latency: 0.0975464 ms - Host latency: 0.0975464 ms (enqueue 0.0816925 ms)
[02/27/2026-11:10:14] [I] Average on 10 runs - GPU latency: 0.0972931 ms - Host latency: 0.0972931 ms (enqueue 0.0821594 ms)
[02/27/2026-11:10:14] [I] Average on 10 runs - GPU latency: 0.100116 ms - Host latency: 0.100116 ms (enqueue 0.083728 ms)
[02/27/2026-11:10:14] [I] Average on 10 runs - GPU latency: 0.100632 ms - Host latency: 0.100632 ms (enqueue 0.0858582 ms)
[02/27/2026-11:10:14] [I] Average on 10 runs - GPU latency: 0.0976379 ms - Host latency: 0.0976379 ms (enqueue 0.081662 ms)
[02/27/2026-11:10:14] [I] Average on 10 runs - GPU latency: 0.0986725 ms - Host latency: 0.0986725 ms (enqueue 0.0833252 ms)
[02/27/2026-11:10:14] [I] Average on 10 runs - GPU latency: 0.0977783 ms - Host latency: 0.0977783 ms (enqueue 0.082135 ms)
[02/27/2026-11:10:14] [I] Average on 10 runs - GPU latency: 0.100595 ms - Host latency: 0.100595 ms (enqueue 0.0852509 ms)
[02/27/2026-11:10:14] [I] Average on 10 runs - GPU latency: 0.0980377 ms - Host latency: 0.0980377 ms (enqueue 0.0821747 ms)
[02/27/2026-11:10:14] [I] Average on 10 runs - GPU latency: 0.097287 ms - Host latency: 0.097287 ms (enqueue 0.0812866 ms)
[02/27/2026-11:10:14] [I] Average on 10 runs - GPU latency: 0.0961945 ms - Host latency: 0.0961945 ms (enqueue 0.0810425 ms)
[02/27/2026-11:10:14] [I] Average on 10 runs - GPU latency: 0.100336 ms - Host latency: 0.100336 ms (enqueue 0.0848053 ms)
[02/27/2026-11:10:14] [I] Average on 10 runs - GPU latency: 0.0985168 ms - Host latency: 0.0985168 ms (enqueue 0.0831573 ms)
[02/27/2026-11:10:14] [I] Average on 10 runs - GPU latency: 0.102151 ms - Host latency: 0.102151 ms (enqueue 0.0851837 ms)
[02/27/2026-11:10:14] [I] Average on 10 runs - GPU latency: 0.0986206 ms - Host latency: 0.0986206 ms (enqueue 0.0828033 ms)
[02/27/2026-11:10:14] [I] Average on 10 runs - GPU latency: 0.0997803 ms - Host latency: 0.0997803 ms (enqueue 0.0842407 ms)
[02/27/2026-11:10:14] [I] Average on 10 runs - GPU latency: 0.0978699 ms - Host latency: 0.0978699 ms (enqueue 0.0823425 ms)
[02/27/2026-11:10:14] [I] Average on 10 runs - GPU latency: 0.0963043 ms - Host latency: 0.0963043 ms (enqueue 0.0805359 ms)
[02/27/2026-11:10:14] [I] Average on 10 runs - GPU latency: 0.0972717 ms - Host latency: 0.0972717 ms (enqueue 0.0821869 ms)
[02/27/2026-11:10:14] [I] Average on 10 runs - GPU latency: 0.100043 ms - Host latency: 0.100043 ms (enqueue 0.084964 ms)
[02/27/2026-11:10:14] [I] Average on 10 runs - GPU latency: 0.0981842 ms - Host latency: 0.0981842 ms (enqueue 0.0823761 ms)
[02/27/2026-11:10:14] [I] Average on 10 runs - GPU latency: 0.0987427 ms - Host latency: 0.0987427 ms (enqueue 0.0831848 ms)
[02/27/2026-11:10:14] [I] Average on 10 runs - GPU latency: 0.0978668 ms - Host latency: 0.0978668 ms (enqueue 0.0819702 ms)
[02/27/2026-11:10:14] [I] Average on 10 runs - GPU latency: 0.100439 ms - Host latency: 0.100439 ms (enqueue 0.0849426 ms)
[02/27/2026-11:10:14] [I] Average on 10 runs - GPU latency: 0.0982422 ms - Host latency: 0.0982422 ms (enqueue 0.0825989 ms)
[02/27/2026-11:10:14] [I] Average on 10 runs - GPU latency: 0.101718 ms - Host latency: 0.101718 ms (enqueue 0.0850189 ms)
[02/27/2026-11:10:14] [I] Average on 10 runs - GPU latency: 0.0973633 ms - Host latency: 0.0973633 ms (enqueue 0.0815674 ms)
[02/27/2026-11:10:14] [I] Average on 10 runs - GPU latency: 0.0996918 ms - Host latency: 0.0996918 ms (enqueue 0.0843445 ms)
[02/27/2026-11:10:14] [I] Average on 10 runs - GPU latency: 0.0981812 ms - Host latency: 0.0981812 ms (enqueue 0.0823883 ms)
[02/27/2026-11:10:14] [I] Average on 10 runs - GPU latency: 0.0985413 ms - Host latency: 0.0985413 ms (enqueue 0.0825531 ms)
[02/27/2026-11:10:14] [I] Average on 10 runs - GPU latency: 0.0981476 ms - Host latency: 0.0981476 ms (enqueue 0.0826141 ms)
[02/27/2026-11:10:14] [I] Average on 10 runs - GPU latency: 0.100418 ms - Host latency: 0.100418 ms (enqueue 0.0844788 ms)
[02/27/2026-11:10:14] [I] Average on 10 runs - GPU latency: 0.101428 ms - Host latency: 0.101428 ms (enqueue 0.0858612 ms)
[02/27/2026-11:10:14] [I] Average on 10 runs - GPU latency: 0.0990295 ms - Host latency: 0.0990295 ms (enqueue 0.0826416 ms)
[02/27/2026-11:10:14] [I] Average on 10 runs - GPU latency: 0.0983582 ms - Host latency: 0.0983582 ms (enqueue 0.0825439 ms)
[02/27/2026-11:10:14] [I] Average on 10 runs - GPU latency: 0.100235 ms - Host latency: 0.100235 ms (enqueue 0.0842285 ms)
[02/27/2026-11:10:14] [I] Average on 10 runs - GPU latency: 0.0994019 ms - Host latency: 0.0994019 ms (enqueue 0.082605 ms)
[02/27/2026-11:10:14] [I] Average on 10 runs - GPU latency: 0.0985443 ms - Host latency: 0.0985443 ms (enqueue 0.0830536 ms)
[02/27/2026-11:10:14] [I] Average on 10 runs - GPU latency: 0.0998352 ms - Host latency: 0.0998352 ms (enqueue 0.0839325 ms)
[02/27/2026-11:10:14] [I] Average on 10 runs - GPU latency: 0.100522 ms - Host latency: 0.100522 ms (enqueue 0.0847839 ms)
[02/27/2026-11:10:14] [I] Average on 10 runs - GPU latency: 0.0998901 ms - Host latency: 0.0998901 ms (enqueue 0.084198 ms)
[02/27/2026-11:10:14] [I] Average on 10 runs - GPU latency: 0.0988037 ms - Host latency: 0.0988037 ms (enqueue 0.0828674 ms)
[02/27/2026-11:10:14] [I] Average on 10 runs - GPU latency: 0.0982605 ms - Host latency: 0.0982605 ms (enqueue 0.0844086 ms)
[02/27/2026-11:10:14] [I] Average on 10 runs - GPU latency: 0.101413 ms - Host latency: 0.101413 ms (enqueue 0.0844116 ms)
[02/27/2026-11:10:14] [I] Average on 10 runs - GPU latency: 0.0979797 ms - Host latency: 0.0979797 ms (enqueue 0.0822144 ms)
[02/27/2026-11:10:14] [I] Average on 10 runs - GPU latency: 0.0987213 ms - Host latency: 0.0987213 ms (enqueue 0.0830688 ms)
[02/27/2026-11:10:14] [I] Average on 10 runs - GPU latency: 0.0982056 ms - Host latency: 0.0982056 ms (enqueue 0.0836823 ms)
[02/27/2026-11:10:14] [I] Average on 10 runs - GPU latency: 0.0989655 ms - Host latency: 0.0989655 ms (enqueue 0.0820099 ms)
[02/27/2026-11:10:14] [I] Average on 10 runs - GPU latency: 0.0988495 ms - Host latency: 0.0988495 ms (enqueue 0.0829895 ms)
[02/27/2026-11:10:14] [I] Average on 10 runs - GPU latency: 0.0972595 ms - Host latency: 0.0972595 ms (enqueue 0.0821014 ms)
[02/27/2026-11:10:14] [I] Average on 10 runs - GPU latency: 0.100439 ms - Host latency: 0.100439 ms (enqueue 0.0848572 ms)
[02/27/2026-11:10:14] [I] Average on 10 runs - GPU latency: 0.102008 ms - Host latency: 0.102008 ms (enqueue 0.0850067 ms)
[02/27/2026-11:10:14] [I] Average on 10 runs - GPU latency: 0.0979218 ms - Host latency: 0.0979218 ms (enqueue 0.0815155 ms)
[02/27/2026-11:10:14] [I] Average on 10 runs - GPU latency: 0.0972626 ms - Host latency: 0.0972626 ms (enqueue 0.0816009 ms)
[02/27/2026-11:10:14] [I] Average on 10 runs - GPU latency: 0.0997406 ms - Host latency: 0.0997406 ms (enqueue 0.0848114 ms)
[02/27/2026-11:10:14] [I] Average on 10 runs - GPU latency: 0.0982361 ms - Host latency: 0.0982361 ms (enqueue 0.0825531 ms)
[02/27/2026-11:10:14] [I] Average on 10 runs - GPU latency: 0.0982269 ms - Host latency: 0.0982269 ms (enqueue 0.0827332 ms)
[02/27/2026-11:10:14] [I] Average on 10 runs - GPU latency: 0.0982391 ms - Host latency: 0.0982391 ms (enqueue 0.0826416 ms)
[02/27/2026-11:10:14] [I] Average on 10 runs - GPU latency: 0.0998657 ms - Host latency: 0.0998657 ms (enqueue 0.0845825 ms)
[02/27/2026-11:10:14] [I] Average on 10 runs - GPU latency: 0.100467 ms - Host latency: 0.100467 ms (enqueue 0.0835999 ms)
[02/27/2026-11:10:14] [I] Average on 10 runs - GPU latency: 0.0978729 ms - Host latency: 0.0978729 ms (enqueue 0.0819641 ms)
[02/27/2026-11:10:14] [I] Average on 10 runs - GPU latency: 0.0987762 ms - Host latency: 0.0987762 ms (enqueue 0.0829987 ms)
[02/27/2026-11:10:14] [I] Average on 10 runs - GPU latency: 0.100961 ms - Host latency: 0.100961 ms (enqueue 0.0850739 ms)
[02/27/2026-11:10:14] [I] Average on 10 runs - GPU latency: 0.0988556 ms - Host latency: 0.0988556 ms (enqueue 0.0833038 ms)
[02/27/2026-11:10:14] [I] Average on 10 runs - GPU latency: 0.0993469 ms - Host latency: 0.0993469 ms (enqueue 0.083606 ms)
[02/27/2026-11:10:14] [I] Average on 10 runs - GPU latency: 0.0975189 ms - Host latency: 0.0975189 ms (enqueue 0.0817383 ms)
[02/27/2026-11:10:14] [I] Average on 10 runs - GPU latency: 0.101755 ms - Host latency: 0.101755 ms (enqueue 0.086618 ms)
[02/27/2026-11:10:14] [I] Average on 10 runs - GPU latency: 0.0979065 ms - Host latency: 0.0979065 ms (enqueue 0.0823608 ms)
[02/27/2026-11:10:14] [I] Average on 10 runs - GPU latency: 0.0982086 ms - Host latency: 0.0982086 ms (enqueue 0.0818054 ms)
[02/27/2026-11:10:14] [I] Average on 10 runs - GPU latency: 0.0979431 ms - Host latency: 0.0979431 ms (enqueue 0.0826294 ms)
[02/27/2026-11:10:14] [I] Average on 10 runs - GPU latency: 0.101825 ms - Host latency: 0.101825 ms (enqueue 0.0856689 ms)
[02/27/2026-11:10:14] [I] Average on 10 runs - GPU latency: 0.0990692 ms - Host latency: 0.0990692 ms (enqueue 0.083609 ms)
[02/27/2026-11:10:14] [I] Average on 10 runs - GPU latency: 0.0995087 ms - Host latency: 0.0995087 ms (enqueue 0.0836456 ms)
[02/27/2026-11:10:14] [I] Average on 10 runs - GPU latency: 0.0986999 ms - Host latency: 0.0986999 ms (enqueue 0.0829773 ms)
[02/27/2026-11:10:14] [I] Average on 10 runs - GPU latency: 0.098999 ms - Host latency: 0.098999 ms (enqueue 0.0840973 ms)
[02/27/2026-11:10:14] [I] Average on 10 runs - GPU latency: 0.0986755 ms - Host latency: 0.0986755 ms (enqueue 0.0833893 ms)
[02/27/2026-11:10:14] [I] Average on 10 runs - GPU latency: 0.0978882 ms - Host latency: 0.0978882 ms (enqueue 0.0820496 ms)
[02/27/2026-11:10:14] [I] Average on 10 runs - GPU latency: 0.09711 ms - Host latency: 0.09711 ms (enqueue 0.0815704 ms)
[02/27/2026-11:10:14] [I] Average on 10 runs - GPU latency: 0.0998077 ms - Host latency: 0.0998077 ms (enqueue 0.0845001 ms)
[02/27/2026-11:10:14] [I] Average on 10 runs - GPU latency: 0.0979309 ms - Host latency: 0.0979309 ms (enqueue 0.0822571 ms)
[02/27/2026-11:10:14] [I] Average on 10 runs - GPU latency: 0.0982483 ms - Host latency: 0.0982483 ms (enqueue 0.0825531 ms)
[02/27/2026-11:10:14] [I] Average on 10 runs - GPU latency: 0.100485 ms - Host latency: 0.100485 ms (enqueue 0.0844025 ms)
[02/27/2026-11:10:14] [I] Average on 10 runs - GPU latency: 0.101477 ms - Host latency: 0.101477 ms (enqueue 0.0842346 ms)
[02/27/2026-11:10:14] [I] Average on 10 runs - GPU latency: 0.0984772 ms - Host latency: 0.0984772 ms (enqueue 0.0829712 ms)
[02/27/2026-11:10:14] [I] Average on 10 runs - GPU latency: 0.0983002 ms - Host latency: 0.0983002 ms (enqueue 0.0825775 ms)
[02/27/2026-11:10:14] [I] Average on 10 runs - GPU latency: 0.098587 ms - Host latency: 0.098587 ms (enqueue 0.083078 ms)
[02/27/2026-11:10:14] [I] Average on 10 runs - GPU latency: 0.0994965 ms - Host latency: 0.0994965 ms (enqueue 0.0839783 ms)
[02/27/2026-11:10:14] [I] Average on 10 runs - GPU latency: 0.0977966 ms - Host latency: 0.0977966 ms (enqueue 0.0821136 ms)
[02/27/2026-11:10:14] [I] Average on 10 runs - GPU latency: 0.0968628 ms - Host latency: 0.0968628 ms (enqueue 0.0822998 ms)
[02/27/2026-11:10:14] [I] Average on 10 runs - GPU latency: 0.0977478 ms - Host latency: 0.0977478 ms (enqueue 0.0822662 ms)
[02/27/2026-11:10:14] [I] Average on 10 runs - GPU latency: 0.0993958 ms - Host latency: 0.0993958 ms (enqueue 0.0848145 ms)
[02/27/2026-11:10:14] [I] Average on 10 runs - GPU latency: 0.0993042 ms - Host latency: 0.0993042 ms (enqueue 0.0833282 ms)
[02/27/2026-11:10:14] [I] Average on 10 runs - GPU latency: 0.0991455 ms - Host latency: 0.0991455 ms (enqueue 0.0828735 ms)
[02/27/2026-11:10:14] [I] Average on 10 runs - GPU latency: 0.0993347 ms - Host latency: 0.0993347 ms (enqueue 0.0824738 ms)
[02/27/2026-11:10:14] [I] Average on 10 runs - GPU latency: 0.101013 ms - Host latency: 0.101013 ms (enqueue 0.0859924 ms)
[02/27/2026-11:10:14] [I] Average on 10 runs - GPU latency: 0.0981354 ms - Host latency: 0.0981354 ms (enqueue 0.0830139 ms)
[02/27/2026-11:10:14] [I] Average on 10 runs - GPU latency: 0.0986084 ms - Host latency: 0.0986084 ms (enqueue 0.08302 ms)
[02/27/2026-11:10:14] [I] Average on 10 runs - GPU latency: 0.0999329 ms - Host latency: 0.0999329 ms (enqueue 0.0840607 ms)
[02/27/2026-11:10:14] [I] Average on 10 runs - GPU latency: 0.100214 ms - Host latency: 0.100214 ms (enqueue 0.0850189 ms)
[02/27/2026-11:10:14] [I] Average on 10 runs - GPU latency: 0.0990631 ms - Host latency: 0.0990631 ms (enqueue 0.0829163 ms)
[02/27/2026-11:10:14] [I] Average on 10 runs - GPU latency: 0.0995667 ms - Host latency: 0.0995667 ms (enqueue 0.0835663 ms)
[02/27/2026-11:10:14] [I] Average on 10 runs - GPU latency: 0.0990112 ms - Host latency: 0.0990112 ms (enqueue 0.0828674 ms)
[02/27/2026-11:10:14] [I] Average on 10 runs - GPU latency: 0.101422 ms - Host latency: 0.101422 ms (enqueue 0.0861633 ms)
[02/27/2026-11:10:14] [I] Average on 10 runs - GPU latency: 0.0980164 ms - Host latency: 0.0980164 ms (enqueue 0.0823364 ms)
[02/27/2026-11:10:14] [I] Average on 10 runs - GPU latency: 0.0996613 ms - Host latency: 0.0996613 ms (enqueue 0.0833984 ms)
[02/27/2026-11:10:14] [I] Average on 10 runs - GPU latency: 0.0976562 ms - Host latency: 0.0976562 ms (enqueue 0.0826019 ms)
[02/27/2026-11:10:14] [I] Average on 10 runs - GPU latency: 0.100262 ms - Host latency: 0.100262 ms (enqueue 0.0854401 ms)
[02/27/2026-11:10:14] [I] Average on 10 runs - GPU latency: 0.0993408 ms - Host latency: 0.0993408 ms (enqueue 0.0831207 ms)
[02/27/2026-11:10:14] [I] Average on 10 runs - GPU latency: 0.0983887 ms - Host latency: 0.0983887 ms (enqueue 0.0823334 ms)
[02/27/2026-11:10:14] [I] Average on 10 runs - GPU latency: 0.0968903 ms - Host latency: 0.0968903 ms (enqueue 0.0818481 ms)
[02/27/2026-11:10:14] [I] Average on 10 runs - GPU latency: 0.100351 ms - Host latency: 0.100351 ms (enqueue 0.0849823 ms)
[02/27/2026-11:10:14] [I] Average on 10 runs - GPU latency: 0.0976685 ms - Host latency: 0.0976685 ms (enqueue 0.0826691 ms)
[02/27/2026-11:10:14] [I] Average on 10 runs - GPU latency: 0.0983215 ms - Host latency: 0.0983215 ms (enqueue 0.0825195 ms)
[02/27/2026-11:10:14] [I] Average on 10 runs - GPU latency: 0.0988129 ms - Host latency: 0.0988129 ms (enqueue 0.0826599 ms)
[02/27/2026-11:10:14] [I] Average on 10 runs - GPU latency: 0.101764 ms - Host latency: 0.101764 ms (enqueue 0.0854126 ms)
[02/27/2026-11:10:14] [I] Average on 10 runs - GPU latency: 0.0978882 ms - Host latency: 0.0978882 ms (enqueue 0.0821167 ms)
[02/27/2026-11:10:14] [I] Average on 10 runs - GPU latency: 0.0996613 ms - Host latency: 0.0996613 ms (enqueue 0.0831787 ms)
[02/27/2026-11:10:14] [I] Average on 10 runs - GPU latency: 0.0985291 ms - Host latency: 0.0985291 ms (enqueue 0.0824616 ms)
[02/27/2026-11:10:14] [I] Average on 10 runs - GPU latency: 0.0992798 ms - Host latency: 0.0992798 ms (enqueue 0.0840515 ms)
[02/27/2026-11:10:14] [I] Average on 10 runs - GPU latency: 0.0970367 ms - Host latency: 0.0970367 ms (enqueue 0.0816162 ms)
[02/27/2026-11:10:14] [I] Average on 10 runs - GPU latency: 0.0976654 ms - Host latency: 0.0976654 ms (enqueue 0.0823486 ms)
[02/27/2026-11:10:14] [I] Average on 10 runs - GPU latency: 0.0974609 ms - Host latency: 0.0974609 ms (enqueue 0.081427 ms)
[02/27/2026-11:10:14] [I] Average on 10 runs - GPU latency: 0.0992035 ms - Host latency: 0.0992035 ms (enqueue 0.0839294 ms)
[02/27/2026-11:10:14] [I] Average on 10 runs - GPU latency: 0.09758 ms - Host latency: 0.09758 ms (enqueue 0.0822845 ms)
[02/27/2026-11:10:14] [I] Average on 10 runs - GPU latency: 0.0985321 ms - Host latency: 0.0985321 ms (enqueue 0.0825745 ms)
[02/27/2026-11:10:14] [I] Average on 10 runs - GPU latency: 0.0987549 ms - Host latency: 0.0987549 ms (enqueue 0.082959 ms)
[02/27/2026-11:10:14] [I] Average on 10 runs - GPU latency: 0.101013 ms - Host latency: 0.101013 ms (enqueue 0.0850494 ms)
[02/27/2026-11:10:14] [I] Average on 10 runs - GPU latency: 0.100061 ms - Host latency: 0.100061 ms (enqueue 0.0837677 ms)
[02/27/2026-11:10:14] [I] Average on 10 runs - GPU latency: 0.0993988 ms - Host latency: 0.0993988 ms (enqueue 0.0833496 ms)
[02/27/2026-11:10:14] [I] Average on 10 runs - GPU latency: 0.0990448 ms - Host latency: 0.0990448 ms (enqueue 0.0824219 ms)
[02/27/2026-11:10:14] [I] Average on 10 runs - GPU latency: 0.0984833 ms - Host latency: 0.0984833 ms (enqueue 0.0839905 ms)
[02/27/2026-11:10:14] [I] Average on 10 runs - GPU latency: 0.096936 ms - Host latency: 0.096936 ms (enqueue 0.0819122 ms)
[02/27/2026-11:10:14] [I] Average on 10 runs - GPU latency: 0.0972626 ms - Host latency: 0.0972626 ms (enqueue 0.081424 ms)
[02/27/2026-11:10:14] [I] Average on 10 runs - GPU latency: 0.0980347 ms - Host latency: 0.0980347 ms (enqueue 0.0819275 ms)
[02/27/2026-11:10:14] [I] Average on 10 runs - GPU latency: 0.0990753 ms - Host latency: 0.0990753 ms (enqueue 0.0835358 ms)
[02/27/2026-11:10:14] [I] Average on 10 runs - GPU latency: 0.0977661 ms - Host latency: 0.0977661 ms (enqueue 0.0820923 ms)
[02/27/2026-11:10:14] [I] Average on 10 runs - GPU latency: 0.0976166 ms - Host latency: 0.0976166 ms (enqueue 0.0819519 ms)
[02/27/2026-11:10:14] [I] Average on 10 runs - GPU latency: 0.0983215 ms - Host latency: 0.0983215 ms (enqueue 0.0825226 ms)
[02/27/2026-11:10:14] [I] Average on 10 runs - GPU latency: 0.10094 ms - Host latency: 0.10094 ms (enqueue 0.0847992 ms)
[02/27/2026-11:10:14] [I] Average on 10 runs - GPU latency: 0.098233 ms - Host latency: 0.098233 ms (enqueue 0.0825897 ms)
[02/27/2026-11:10:14] [I] Average on 10 runs - GPU latency: 0.097995 ms - Host latency: 0.097995 ms (enqueue 0.0826752 ms)
[02/27/2026-11:10:14] [I] Average on 10 runs - GPU latency: 0.0994324 ms - Host latency: 0.0994324 ms (enqueue 0.0828278 ms)
[02/27/2026-11:10:14] [I] Average on 10 runs - GPU latency: 0.099765 ms - Host latency: 0.099765 ms (enqueue 0.0843201 ms)
[02/27/2026-11:10:14] [I] Average on 10 runs - GPU latency: 0.0980072 ms - Host latency: 0.0980072 ms (enqueue 0.0819336 ms)
[02/27/2026-11:10:14] [I] Average on 10 runs - GPU latency: 0.0981171 ms - Host latency: 0.0981171 ms (enqueue 0.0825928 ms)
[02/27/2026-11:10:14] [I] Average on 10 runs - GPU latency: 0.09823 ms - Host latency: 0.09823 ms (enqueue 0.0824707 ms)
[02/27/2026-11:10:14] [I] Average on 10 runs - GPU latency: 0.100687 ms - Host latency: 0.100687 ms (enqueue 0.0849915 ms)
[02/27/2026-11:10:14] [I] Average on 10 runs - GPU latency: 0.0985474 ms - Host latency: 0.0985474 ms (enqueue 0.082605 ms)
[02/27/2026-11:10:14] [I] Average on 10 runs - GPU latency: 0.0970703 ms - Host latency: 0.0970703 ms (enqueue 0.0816772 ms)
[02/27/2026-11:10:14] [I] Average on 10 runs - GPU latency: 0.0967957 ms - Host latency: 0.0967957 ms (enqueue 0.0809692 ms)
[02/27/2026-11:10:14] [I] Average on 10 runs - GPU latency: 0.101703 ms - Host latency: 0.101703 ms (enqueue 0.0858215 ms)
[02/27/2026-11:10:14] [I] Average on 10 runs - GPU latency: 0.0983093 ms - Host latency: 0.0983093 ms (enqueue 0.0823853 ms)
[02/27/2026-11:10:14] [I] Average on 10 runs - GPU latency: 0.097406 ms - Host latency: 0.097406 ms (enqueue 0.0815613 ms)
[02/27/2026-11:10:14] [I] Average on 10 runs - GPU latency: 0.0975464 ms - Host latency: 0.0975464 ms (enqueue 0.0818481 ms)
[02/27/2026-11:10:14] [I] Average on 10 runs - GPU latency: 0.099408 ms - Host latency: 0.099408 ms (enqueue 0.0828918 ms)
[02/27/2026-11:10:14] [I] Average on 10 runs - GPU latency: 0.0979614 ms - Host latency: 0.0979614 ms (enqueue 0.0819458 ms)
[02/27/2026-11:10:14] [I] Average on 10 runs - GPU latency: 0.0969116 ms - Host latency: 0.0969116 ms (enqueue 0.0818603 ms)
[02/27/2026-11:10:14] [I] Average on 10 runs - GPU latency: 0.0977905 ms - Host latency: 0.0977905 ms (enqueue 0.0820984 ms)
[02/27/2026-11:10:14] [I] Average on 10 runs - GPU latency: 0.100165 ms - Host latency: 0.100165 ms (enqueue 0.0835022 ms)
[02/27/2026-11:10:14] [I] Average on 10 runs - GPU latency: 0.098584 ms - Host latency: 0.098584 ms (enqueue 0.0830261 ms)
[02/27/2026-11:10:14] [I] Average on 10 runs - GPU latency: 0.0987244 ms - Host latency: 0.0987244 ms (enqueue 0.0827332 ms)
[02/27/2026-11:10:14] [I] Average on 10 runs - GPU latency: 0.101892 ms - Host latency: 0.101892 ms (enqueue 0.086908 ms)
[02/27/2026-11:10:14] [I] Average on 10 runs - GPU latency: 0.10199 ms - Host latency: 0.10199 ms (enqueue 0.0841614 ms)
[02/27/2026-11:10:14] [I] Average on 10 runs - GPU latency: 0.0986572 ms - Host latency: 0.0986572 ms (enqueue 0.0832214 ms)
[02/27/2026-11:10:14] [I] Average on 10 runs - GPU latency: 0.0995972 ms - Host latency: 0.0995972 ms (enqueue 0.0834167 ms)
[02/27/2026-11:10:14] [I] Average on 10 runs - GPU latency: 0.102808 ms - Host latency: 0.102808 ms (enqueue 0.0877686 ms)
[02/27/2026-11:10:14] [I] Average on 10 runs - GPU latency: 0.100073 ms - Host latency: 0.100073 ms (enqueue 0.0836304 ms)
[02/27/2026-11:10:14] [I] Average on 10 runs - GPU latency: 0.0984741 ms - Host latency: 0.0984741 ms (enqueue 0.0822144 ms)
[02/27/2026-11:10:14] [I] Average on 10 runs - GPU latency: 0.0977051 ms - Host latency: 0.0977051 ms (enqueue 0.0822571 ms)
[02/27/2026-11:10:14] [I] Average on 10 runs - GPU latency: 0.0993835 ms - Host latency: 0.0993835 ms (enqueue 0.0838684 ms)
[02/27/2026-11:10:14] [I] Average on 10 runs - GPU latency: 0.0979675 ms - Host latency: 0.0979675 ms (enqueue 0.082782 ms)
[02/27/2026-11:10:14] [I] Average on 10 runs - GPU latency: 0.0979797 ms - Host latency: 0.0979797 ms (enqueue 0.082489 ms)
[02/27/2026-11:10:14] [I] Average on 10 runs - GPU latency: 0.0997925 ms - Host latency: 0.0997925 ms (enqueue 0.0836243 ms)
[02/27/2026-11:10:14] [I] Average on 10 runs - GPU latency: 0.101318 ms - Host latency: 0.101318 ms (enqueue 0.0850647 ms)
[02/27/2026-11:10:14] [I] Average on 10 runs - GPU latency: 0.0979614 ms - Host latency: 0.0979614 ms (enqueue 0.0820374 ms)
[02/27/2026-11:10:14] [I] Average on 10 runs - GPU latency: 0.097522 ms - Host latency: 0.097522 ms (enqueue 0.0815979 ms)
[02/27/2026-11:10:14] [I] Average on 10 runs - GPU latency: 0.100769 ms - Host latency: 0.100769 ms (enqueue 0.0843689 ms)
[02/27/2026-11:10:14] [I] Average on 10 runs - GPU latency: 0.101849 ms - Host latency: 0.101849 ms (enqueue 0.0851257 ms)
[02/27/2026-11:10:14] [I] Average on 10 runs - GPU latency: 0.099115 ms - Host latency: 0.099115 ms (enqueue 0.0831848 ms)
[02/27/2026-11:10:14] [I] Average on 10 runs - GPU latency: 0.0981079 ms - Host latency: 0.0981079 ms (enqueue 0.0829346 ms)
[02/27/2026-11:10:14] [I] Average on 10 runs - GPU latency: 0.0993469 ms - Host latency: 0.0993469 ms (enqueue 0.0833618 ms)
[02/27/2026-11:10:14] [I] Average on 10 runs - GPU latency: 0.0994019 ms - Host latency: 0.0994019 ms (enqueue 0.0845032 ms)
[02/27/2026-11:10:14] [I] Average on 10 runs - GPU latency: 0.100555 ms - Host latency: 0.100555 ms (enqueue 0.0840393 ms)
[02/27/2026-11:10:14] [I] Average on 10 runs - GPU latency: 0.0972717 ms - Host latency: 0.0972717 ms (enqueue 0.0820251 ms)
[02/27/2026-11:10:14] [I] Average on 10 runs - GPU latency: 0.0988647 ms - Host latency: 0.0988647 ms (enqueue 0.0826172 ms)
[02/27/2026-11:10:14] [I] Average on 10 runs - GPU latency: 0.101306 ms - Host latency: 0.101306 ms (enqueue 0.0842346 ms)
[02/27/2026-11:10:14] [I] Average on 10 runs - GPU latency: 0.0986999 ms - Host latency: 0.0986999 ms (enqueue 0.0826782 ms)
[02/27/2026-11:10:14] [I] Average on 10 runs - GPU latency: 0.0966614 ms - Host latency: 0.0966614 ms (enqueue 0.0813171 ms)
[02/27/2026-11:10:14] [I] Average on 10 runs - GPU latency: 0.100153 ms - Host latency: 0.100153 ms (enqueue 0.0833313 ms)
[02/27/2026-11:10:14] [I] Average on 10 runs - GPU latency: 0.102423 ms - Host latency: 0.102423 ms (enqueue 0.0865723 ms)
[02/27/2026-11:10:14] [I] Average on 10 runs - GPU latency: 0.0974426 ms - Host latency: 0.0974426 ms (enqueue 0.0814636 ms)
[02/27/2026-11:10:14] [I] Average on 10 runs - GPU latency: 0.0982178 ms - Host latency: 0.0982178 ms (enqueue 0.0829468 ms)
[02/27/2026-11:10:14] [I] Average on 10 runs - GPU latency: 0.0970642 ms - Host latency: 0.0970642 ms (enqueue 0.0815918 ms)
[02/27/2026-11:10:14] [I] Average on 10 runs - GPU latency: 0.10365 ms - Host latency: 0.10365 ms (enqueue 0.0869141 ms)
[02/27/2026-11:10:14] [I] Average on 10 runs - GPU latency: 0.100446 ms - Host latency: 0.100446 ms (enqueue 0.0839478 ms)
[02/27/2026-11:10:14] [I] Average on 10 runs - GPU latency: 0.0993469 ms - Host latency: 0.0993469 ms (enqueue 0.0828857 ms)
[02/27/2026-11:10:14] [I] Average on 10 runs - GPU latency: 0.0978577 ms - Host latency: 0.0978577 ms (enqueue 0.0825745 ms)
[02/27/2026-11:10:14] [I] Average on 10 runs - GPU latency: 0.0992981 ms - Host latency: 0.0992981 ms (enqueue 0.0842102 ms)
[02/27/2026-11:10:14] [I] Average on 10 runs - GPU latency: 0.0970642 ms - Host latency: 0.0970642 ms (enqueue 0.0816834 ms)
[02/27/2026-11:10:14] [I] Average on 10 runs - GPU latency: 0.0982422 ms - Host latency: 0.0982422 ms (enqueue 0.0826904 ms)
[02/27/2026-11:10:14] [I] Average on 10 runs - GPU latency: 0.098938 ms - Host latency: 0.098938 ms (enqueue 0.0832947 ms)
[02/27/2026-11:10:14] [I] Average on 10 runs - GPU latency: 0.100726 ms - Host latency: 0.100726 ms (enqueue 0.0844543 ms)
[02/27/2026-11:10:14] [I] Average on 10 runs - GPU latency: 0.0975586 ms - Host latency: 0.0975586 ms (enqueue 0.0818237 ms)
[02/27/2026-11:10:14] [I] Average on 10 runs - GPU latency: 0.0987671 ms - Host latency: 0.0987671 ms (enqueue 0.0835937 ms)
[02/27/2026-11:10:14] [I] Average on 10 runs - GPU latency: 0.100623 ms - Host latency: 0.100623 ms (enqueue 0.0838745 ms)
[02/27/2026-11:10:14] [I] Average on 10 runs - GPU latency: 0.0986328 ms - Host latency: 0.0986328 ms (enqueue 0.0834595 ms)
[02/27/2026-11:10:14] [I] Average on 10 runs - GPU latency: 0.097821 ms - Host latency: 0.097821 ms (enqueue 0.0819336 ms)
[02/27/2026-11:10:14] [I] Average on 10 runs - GPU latency: 0.098999 ms - Host latency: 0.098999 ms (enqueue 0.0833618 ms)
[02/27/2026-11:10:14] [I] Average on 10 runs - GPU latency: 0.100684 ms - Host latency: 0.100684 ms (enqueue 0.0850952 ms)
[02/27/2026-11:10:14] [I] Average on 10 runs - GPU latency: 0.101447 ms - Host latency: 0.101447 ms (enqueue 0.0849854 ms)
[02/27/2026-11:10:14] [I] Average on 10 runs - GPU latency: 0.099292 ms - Host latency: 0.099292 ms (enqueue 0.0837769 ms)
[02/27/2026-11:10:14] [I] Average on 10 runs - GPU latency: 0.0985229 ms - Host latency: 0.0985229 ms (enqueue 0.0834106 ms)
[02/27/2026-11:10:14] [I] Average on 10 runs - GPU latency: 0.0996826 ms - Host latency: 0.0996826 ms (enqueue 0.0840942 ms)
[02/27/2026-11:10:14] [I] Average on 10 runs - GPU latency: 0.101569 ms - Host latency: 0.101569 ms (enqueue 0.086084 ms)
[02/27/2026-11:10:14] [I] Average on 10 runs - GPU latency: 0.0989441 ms - Host latency: 0.0989441 ms (enqueue 0.0826233 ms)
[02/27/2026-11:10:14] [I] Average on 10 runs - GPU latency: 0.09823 ms - Host latency: 0.09823 ms (enqueue 0.0824036 ms)
[02/27/2026-11:10:14] [I] Average on 10 runs - GPU latency: 0.0982361 ms - Host latency: 0.0982361 ms (enqueue 0.0827637 ms)
[02/27/2026-11:10:14] [I] Average on 10 runs - GPU latency: 0.10332 ms - Host latency: 0.10332 ms (enqueue 0.0875183 ms)
[02/27/2026-11:10:14] [I] Average on 10 runs - GPU latency: 0.102045 ms - Host latency: 0.102045 ms (enqueue 0.0850464 ms)
[02/27/2026-11:10:14] [I] Average on 10 runs - GPU latency: 0.0981079 ms - Host latency: 0.0981079 ms (enqueue 0.0827881 ms)
[02/27/2026-11:10:14] [I] Average on 10 runs - GPU latency: 0.100592 ms - Host latency: 0.100592 ms (enqueue 0.0841309 ms)
[02/27/2026-11:10:14] [I] Average on 10 runs - GPU latency: 0.100586 ms - Host latency: 0.100586 ms (enqueue 0.0841614 ms)
[02/27/2026-11:10:14] [I] Average on 10 runs - GPU latency: 0.101874 ms - Host latency: 0.101874 ms (enqueue 0.0856873 ms)
[02/27/2026-11:10:14] [I] Average on 10 runs - GPU latency: 0.100098 ms - Host latency: 0.100098 ms (enqueue 0.0840454 ms)
[02/27/2026-11:10:14] [I] Average on 10 runs - GPU latency: 0.100275 ms - Host latency: 0.100275 ms (enqueue 0.0841736 ms)
[02/27/2026-11:10:14] [I] Average on 10 runs - GPU latency: 0.102118 ms - Host latency: 0.102118 ms (enqueue 0.0852356 ms)
[02/27/2026-11:10:14] [I] Average on 10 runs - GPU latency: 0.0996582 ms - Host latency: 0.0996582 ms (enqueue 0.084082 ms)
[02/27/2026-11:10:14] [I] Average on 10 runs - GPU latency: 0.0980591 ms - Host latency: 0.0980591 ms (enqueue 0.0825562 ms)
[02/27/2026-11:10:14] [I] Average on 10 runs - GPU latency: 0.0996399 ms - Host latency: 0.0996399 ms (enqueue 0.0853577 ms)
[02/27/2026-11:10:14] [I] Average on 10 runs - GPU latency: 0.102338 ms - Host latency: 0.102338 ms (enqueue 0.0845886 ms)
[02/27/2026-11:10:14] [I] Average on 10 runs - GPU latency: 0.0995789 ms - Host latency: 0.0995789 ms (enqueue 0.0832092 ms)
[02/27/2026-11:10:14] [I] Average on 10 runs - GPU latency: 0.0996033 ms - Host latency: 0.0996033 ms (enqueue 0.0835999 ms)
[02/27/2026-11:10:14] [I] Average on 10 runs - GPU latency: 0.10127 ms - Host latency: 0.10127 ms (enqueue 0.085083 ms)
[02/27/2026-11:10:14] [I] Average on 10 runs - GPU latency: 0.0990112 ms - Host latency: 0.0990112 ms (enqueue 0.0829407 ms)
[02/27/2026-11:10:14] [I] Average on 10 runs - GPU latency: 0.0992859 ms - Host latency: 0.0992859 ms (enqueue 0.0835571 ms)
[02/27/2026-11:10:14] [I] Average on 10 runs - GPU latency: 0.0994812 ms - Host latency: 0.0994812 ms (enqueue 0.083136 ms)
[02/27/2026-11:10:14] [I] Average on 10 runs - GPU latency: 0.0991577 ms - Host latency: 0.0991577 ms (enqueue 0.0830749 ms)
[02/27/2026-11:10:14] [I] Average on 10 runs - GPU latency: 0.0997314 ms - Host latency: 0.0997314 ms (enqueue 0.0839905 ms)
[02/27/2026-11:10:14] [I] Average on 10 runs - GPU latency: 0.0976746 ms - Host latency: 0.0976746 ms (enqueue 0.0820129 ms)
[02/27/2026-11:10:14] [I] Average on 10 runs - GPU latency: 0.0988709 ms - Host latency: 0.0988709 ms (enqueue 0.0829346 ms)
[02/27/2026-11:10:14] [I] Average on 10 runs - GPU latency: 0.100769 ms - Host latency: 0.100769 ms (enqueue 0.0854614 ms)
[02/27/2026-11:10:14] [I] Average on 10 runs - GPU latency: 0.100092 ms - Host latency: 0.100092 ms (enqueue 0.0830688 ms)
[02/27/2026-11:10:14] [I] Average on 10 runs - GPU latency: 0.0989441 ms - Host latency: 0.0989441 ms (enqueue 0.0831299 ms)
[02/27/2026-11:10:14] [I] Average on 10 runs - GPU latency: 0.0977539 ms - Host latency: 0.0977539 ms (enqueue 0.0823242 ms)
[02/27/2026-11:10:14] [I] Average on 10 runs - GPU latency: 0.101868 ms - Host latency: 0.101868 ms (enqueue 0.0847778 ms)
[02/27/2026-11:10:14] [I] Average on 10 runs - GPU latency: 0.100067 ms - Host latency: 0.100067 ms (enqueue 0.0840576 ms)
[02/27/2026-11:10:14] [I] Average on 10 runs - GPU latency: 0.0991333 ms - Host latency: 0.0991333 ms (enqueue 0.08349 ms)
[02/27/2026-11:10:14] [I] Average on 10 runs - GPU latency: 0.099646 ms - Host latency: 0.099646 ms (enqueue 0.0834412 ms)
[02/27/2026-11:10:14] [I] Average on 10 runs - GPU latency: 0.103448 ms - Host latency: 0.103448 ms (enqueue 0.0882385 ms)
[02/27/2026-11:10:14] [I] Average on 10 runs - GPU latency: 0.098999 ms - Host latency: 0.098999 ms (enqueue 0.082666 ms)
[02/27/2026-11:10:14] [I] Average on 10 runs - GPU latency: 0.0985596 ms - Host latency: 0.0985596 ms (enqueue 0.0829163 ms)
[02/27/2026-11:10:14] [I] Average on 10 runs - GPU latency: 0.0985168 ms - Host latency: 0.0985168 ms (enqueue 0.0828308 ms)
[02/27/2026-11:10:14] [I] Average on 10 runs - GPU latency: 0.102386 ms - Host latency: 0.102386 ms (enqueue 0.0867188 ms)
[02/27/2026-11:10:14] [I] Average on 10 runs - GPU latency: 0.0978638 ms - Host latency: 0.0978638 ms (enqueue 0.0820251 ms)
[02/27/2026-11:10:14] [I] Average on 10 runs - GPU latency: 0.0968872 ms - Host latency: 0.0968872 ms (enqueue 0.0818115 ms)
[02/27/2026-11:10:14] [I] Average on 10 runs - GPU latency: 0.0971497 ms - Host latency: 0.0971497 ms (enqueue 0.0818481 ms)
[02/27/2026-11:10:14] [I] Average on 10 runs - GPU latency: 0.101575 ms - Host latency: 0.101575 ms (enqueue 0.0854065 ms)
[02/27/2026-11:10:14] [I] Average on 10 runs - GPU latency: 0.0990417 ms - Host latency: 0.0990417 ms (enqueue 0.0831055 ms)
[02/27/2026-11:10:14] [I] Average on 10 runs - GPU latency: 0.0995117 ms - Host latency: 0.0995117 ms (enqueue 0.0839539 ms)
[02/27/2026-11:10:14] [I] Average on 10 runs - GPU latency: 0.0991089 ms - Host latency: 0.0991089 ms (enqueue 0.0829041 ms)
[02/27/2026-11:10:14] [I] Average on 10 runs - GPU latency: 0.101685 ms - Host latency: 0.101685 ms (enqueue 0.0853577 ms)
[02/27/2026-11:10:14] [I] Average on 10 runs - GPU latency: 0.0986816 ms - Host latency: 0.0986816 ms (enqueue 0.0835388 ms)
[02/27/2026-11:10:14] [I] Average on 10 runs - GPU latency: 0.0981689 ms - Host latency: 0.0981689 ms (enqueue 0.0822449 ms)
[02/27/2026-11:10:14] [I] Average on 10 runs - GPU latency: 0.0997559 ms - Host latency: 0.0997559 ms (enqueue 0.0832886 ms)
[02/27/2026-11:10:14] [I] Average on 10 runs - GPU latency: 0.101526 ms - Host latency: 0.101526 ms (enqueue 0.0850952 ms)
[02/27/2026-11:10:14] [I] Average on 10 runs - GPU latency: 0.0991882 ms - Host latency: 0.0991882 ms (enqueue 0.0832336 ms)
[02/27/2026-11:10:14] [I] Average on 10 runs - GPU latency: 0.0990906 ms - Host latency: 0.0990906 ms (enqueue 0.083313 ms)
[02/27/2026-11:10:14] [I] Average on 10 runs - GPU latency: 0.0993958 ms - Host latency: 0.0993958 ms (enqueue 0.0838989 ms)
[02/27/2026-11:10:14] [I] Average on 10 runs - GPU latency: 0.101733 ms - Host latency: 0.101733 ms (enqueue 0.0856323 ms)
[02/27/2026-11:10:14] [I] Average on 10 runs - GPU latency: 0.0992249 ms - Host latency: 0.0992249 ms (enqueue 0.0833435 ms)
[02/27/2026-11:10:14] [I] Average on 10 runs - GPU latency: 0.0994019 ms - Host latency: 0.0994019 ms (enqueue 0.0831299 ms)
[02/27/2026-11:10:14] [I] Average on 10 runs - GPU latency: 0.0976929 ms - Host latency: 0.0976929 ms (enqueue 0.0824097 ms)
[02/27/2026-11:10:14] [I] Average on 10 runs - GPU latency: 0.100201 ms - Host latency: 0.100201 ms (enqueue 0.0840515 ms)
[02/27/2026-11:10:14] [I] Average on 10 runs - GPU latency: 0.097168 ms - Host latency: 0.097168 ms (enqueue 0.0820129 ms)
[02/27/2026-11:10:14] [I] Average on 10 runs - GPU latency: 0.0985535 ms - Host latency: 0.0985535 ms (enqueue 0.0828613 ms)
[02/27/2026-11:10:14] [I] Average on 10 runs - GPU latency: 0.101086 ms - Host latency: 0.101086 ms (enqueue 0.0844666 ms)
[02/27/2026-11:10:14] [I] Average on 10 runs - GPU latency: 0.101074 ms - Host latency: 0.101074 ms (enqueue 0.0857361 ms)
[02/27/2026-11:10:14] [I] Average on 10 runs - GPU latency: 0.0981079 ms - Host latency: 0.0981079 ms (enqueue 0.0825317 ms)
[02/27/2026-11:10:14] [I] Average on 10 runs - GPU latency: 0.0989868 ms - Host latency: 0.0989868 ms (enqueue 0.0830811 ms)
[02/27/2026-11:10:14] [I] Average on 10 runs - GPU latency: 0.0989258 ms - Host latency: 0.0989258 ms (enqueue 0.0843567 ms)
[02/27/2026-11:10:14] [I] Average on 10 runs - GPU latency: 0.101917 ms - Host latency: 0.101917 ms (enqueue 0.0850525 ms)
[02/27/2026-11:10:14] [I] Average on 10 runs - GPU latency: 0.100439 ms - Host latency: 0.100439 ms (enqueue 0.0843262 ms)
[02/27/2026-11:10:14] [I] Average on 10 runs - GPU latency: 0.0991699 ms - Host latency: 0.0991699 ms (enqueue 0.0837219 ms)
[02/27/2026-11:10:14] [I] Average on 10 runs - GPU latency: 0.098938 ms - Host latency: 0.098938 ms (enqueue 0.0832397 ms)
[02/27/2026-11:10:14] [I] Average on 10 runs - GPU latency: 0.101819 ms - Host latency: 0.101819 ms (enqueue 0.0855591 ms)
[02/27/2026-11:10:14] [I] Average on 10 runs - GPU latency: 0.0970398 ms - Host latency: 0.0970398 ms (enqueue 0.0819336 ms)
[02/27/2026-11:10:14] [I] Average on 10 runs - GPU latency: 0.0997009 ms - Host latency: 0.0997009 ms (enqueue 0.083551 ms)
[02/27/2026-11:10:14] [I] Average on 10 runs - GPU latency: 0.0990967 ms - Host latency: 0.0990967 ms (enqueue 0.0826782 ms)
[02/27/2026-11:10:14] [I] Average on 10 runs - GPU latency: 0.10177 ms - Host latency: 0.10177 ms (enqueue 0.0866272 ms)
[02/27/2026-11:10:14] [I] Average on 10 runs - GPU latency: 0.0974792 ms - Host latency: 0.0974792 ms (enqueue 0.0819031 ms)
[02/27/2026-11:10:14] [I] Average on 10 runs - GPU latency: 0.0993469 ms - Host latency: 0.0993469 ms (enqueue 0.0840088 ms)
[02/27/2026-11:10:14] [I] Average on 10 runs - GPU latency: 0.097583 ms - Host latency: 0.097583 ms (enqueue 0.081842 ms)
[02/27/2026-11:10:14] [I] Average on 10 runs - GPU latency: 0.0994934 ms - Host latency: 0.0994934 ms (enqueue 0.084021 ms)
[02/27/2026-11:10:14] [I] Average on 10 runs - GPU latency: 0.0980469 ms - Host latency: 0.0980469 ms (enqueue 0.0822937 ms)
[02/27/2026-11:10:14] [I] Average on 10 runs - GPU latency: 0.0992004 ms - Host latency: 0.0992004 ms (enqueue 0.0837524 ms)
[02/27/2026-11:10:14] [I] Average on 10 runs - GPU latency: 0.0990906 ms - Host latency: 0.0990906 ms (enqueue 0.0832703 ms)
[02/27/2026-11:10:14] [I] Average on 10 runs - GPU latency: 0.10238 ms - Host latency: 0.10238 ms (enqueue 0.0853149 ms)
[02/27/2026-11:10:14] [I] Average on 10 runs - GPU latency: 0.0984314 ms - Host latency: 0.0984314 ms (enqueue 0.0829163 ms)
[02/27/2026-11:10:14] [I] Average on 10 runs - GPU latency: 0.100842 ms - Host latency: 0.100842 ms (enqueue 0.0845154 ms)
[02/27/2026-11:10:14] [I] Average on 10 runs - GPU latency: 0.0999939 ms - Host latency: 0.0999939 ms (enqueue 0.0846741 ms)
[02/27/2026-11:10:14] [I] Average on 10 runs - GPU latency: 0.098645 ms - Host latency: 0.098645 ms (enqueue 0.0819824 ms)
[02/27/2026-11:10:14] [I] Average on 10 runs - GPU latency: 0.0967957 ms - Host latency: 0.0967957 ms (enqueue 0.0815857 ms)
[02/27/2026-11:10:14] [I] Average on 10 runs - GPU latency: 0.0962585 ms - Host latency: 0.0962585 ms (enqueue 0.0807922 ms)
[02/27/2026-11:10:14] [I] Average on 10 runs - GPU latency: 0.0979858 ms - Host latency: 0.0979858 ms (enqueue 0.0836731 ms)
[02/27/2026-11:10:14] [I] Average on 10 runs - GPU latency: 0.0994385 ms - Host latency: 0.0994385 ms (enqueue 0.0830933 ms)
[02/27/2026-11:10:14] [I] Average on 10 runs - GPU latency: 0.0976746 ms - Host latency: 0.0976746 ms (enqueue 0.082074 ms)
[02/27/2026-11:10:14] [I] Average on 10 runs - GPU latency: 0.0984009 ms - Host latency: 0.0984009 ms (enqueue 0.0825623 ms)
[02/27/2026-11:10:14] [I] Average on 10 runs - GPU latency: 0.0989624 ms - Host latency: 0.0989624 ms (enqueue 0.0845459 ms)
[02/27/2026-11:10:14] [I] Average on 10 runs - GPU latency: 0.0994263 ms - Host latency: 0.0994263 ms (enqueue 0.082489 ms)
[02/27/2026-11:10:14] [I] Average on 10 runs - GPU latency: 0.100067 ms - Host latency: 0.100067 ms (enqueue 0.0833008 ms)
[02/27/2026-11:10:14] [I] Average on 10 runs - GPU latency: 0.0976685 ms - Host latency: 0.0976685 ms (enqueue 0.0823914 ms)
[02/27/2026-11:10:14] [I] Average on 10 runs - GPU latency: 0.100354 ms - Host latency: 0.100354 ms (enqueue 0.0855042 ms)
[02/27/2026-11:10:14] [I] Average on 10 runs - GPU latency: 0.0983093 ms - Host latency: 0.0983093 ms (enqueue 0.0821655 ms)
[02/27/2026-11:10:14] [I] Average on 10 runs - GPU latency: 0.0981628 ms - Host latency: 0.0981628 ms (enqueue 0.0822205 ms)
[02/27/2026-11:10:14] [I] Average on 10 runs - GPU latency: 0.0981812 ms - Host latency: 0.0981812 ms (enqueue 0.0828369 ms)
[02/27/2026-11:10:14] [I] Average on 10 runs - GPU latency: 0.101318 ms - Host latency: 0.101318 ms (enqueue 0.0855103 ms)
[02/27/2026-11:10:14] [I] Average on 10 runs - GPU latency: 0.0994263 ms - Host latency: 0.0994263 ms (enqueue 0.0830749 ms)
[02/27/2026-11:10:14] [I] Average on 10 runs - GPU latency: 0.0981262 ms - Host latency: 0.0981262 ms (enqueue 0.0822205 ms)
[02/27/2026-11:10:14] [I] Average on 10 runs - GPU latency: 0.0971252 ms - Host latency: 0.0971252 ms (enqueue 0.0815552 ms)
[02/27/2026-11:10:14] [I] Average on 10 runs - GPU latency: 0.100146 ms - Host latency: 0.100146 ms (enqueue 0.0839844 ms)
[02/27/2026-11:10:14] [I] Average on 10 runs - GPU latency: 0.100385 ms - Host latency: 0.100385 ms (enqueue 0.0838806 ms)
[02/27/2026-11:10:14] [I] Average on 10 runs - GPU latency: 0.099762 ms - Host latency: 0.099762 ms (enqueue 0.0839722 ms)
[02/27/2026-11:10:14] [I] Average on 10 runs - GPU latency: 0.10022 ms - Host latency: 0.10022 ms (enqueue 0.0834351 ms)
[02/27/2026-11:10:14] [I] Average on 10 runs - GPU latency: 0.102905 ms - Host latency: 0.102905 ms (enqueue 0.0872253 ms)
[02/27/2026-11:10:14] [I] Average on 10 runs - GPU latency: 0.0995605 ms - Host latency: 0.0995605 ms (enqueue 0.0830444 ms)
[02/27/2026-11:10:14] [I] Average on 10 runs - GPU latency: 0.0989807 ms - Host latency: 0.0989807 ms (enqueue 0.083374 ms)
[02/27/2026-11:10:14] [I] Average on 10 runs - GPU latency: 0.098761 ms - Host latency: 0.098761 ms (enqueue 0.0829651 ms)
[02/27/2026-11:10:14] [I] Average on 10 runs - GPU latency: 0.100342 ms - Host latency: 0.100342 ms (enqueue 0.0851624 ms)
[02/27/2026-11:10:14] [I] Average on 10 runs - GPU latency: 0.0987549 ms - Host latency: 0.0987549 ms (enqueue 0.0827148 ms)
[02/27/2026-11:10:14] [I] Average on 10 runs - GPU latency: 0.0989868 ms - Host latency: 0.0989868 ms (enqueue 0.0834045 ms)
[02/27/2026-11:10:14] [I] Average on 10 runs - GPU latency: 0.0990662 ms - Host latency: 0.0990662 ms (enqueue 0.0827942 ms)
[02/27/2026-11:10:14] [I] Average on 10 runs - GPU latency: 0.101257 ms - Host latency: 0.101257 ms (enqueue 0.0854614 ms)
[02/27/2026-11:10:14] [I] Average on 10 runs - GPU latency: 0.10033 ms - Host latency: 0.10033 ms (enqueue 0.0839355 ms)
[02/27/2026-11:10:14] [I] Average on 10 runs - GPU latency: 0.0980041 ms - Host latency: 0.0980041 ms (enqueue 0.082489 ms)
[02/27/2026-11:10:14] [I] Average on 10 runs - GPU latency: 0.0993713 ms - Host latency: 0.0993713 ms (enqueue 0.0839233 ms)
[02/27/2026-11:10:14] [I] Average on 10 runs - GPU latency: 0.0997559 ms - Host latency: 0.0997559 ms (enqueue 0.0844116 ms)
[02/27/2026-11:10:14] [I] Average on 10 runs - GPU latency: 0.0981445 ms - Host latency: 0.0981445 ms (enqueue 0.0825378 ms)
[02/27/2026-11:10:14] [I] Average on 10 runs - GPU latency: 0.0991333 ms - Host latency: 0.0991333 ms (enqueue 0.0834778 ms)
[02/27/2026-11:10:14] [I] Average on 10 runs - GPU latency: 0.0987305 ms - Host latency: 0.0987305 ms (enqueue 0.0823669 ms)
[02/27/2026-11:10:14] [I] Average on 10 runs - GPU latency: 0.101501 ms - Host latency: 0.101501 ms (enqueue 0.0853882 ms)
[02/27/2026-11:10:14] [I] Average on 10 runs - GPU latency: 0.0964966 ms - Host latency: 0.0964966 ms (enqueue 0.0809876 ms)
[02/27/2026-11:10:14] [I] Average on 10 runs - GPU latency: 0.0994507 ms - Host latency: 0.0994507 ms (enqueue 0.0837219 ms)
[02/27/2026-11:10:14] [I] Average on 10 runs - GPU latency: 0.100653 ms - Host latency: 0.100653 ms (enqueue 0.0839172 ms)
[02/27/2026-11:10:14] [I] Average on 10 runs - GPU latency: 0.103351 ms - Host latency: 0.103351 ms (enqueue 0.0879028 ms)
[02/27/2026-11:10:14] [I] Average on 10 runs - GPU latency: 0.0972351 ms - Host latency: 0.0972351 ms (enqueue 0.0817749 ms)
[02/27/2026-11:10:14] [I] Average on 10 runs - GPU latency: 0.0996521 ms - Host latency: 0.0996521 ms (enqueue 0.0835876 ms)
[02/27/2026-11:10:14] [I] Average on 10 runs - GPU latency: 0.0990112 ms - Host latency: 0.0990112 ms (enqueue 0.083313 ms)
[02/27/2026-11:10:14] [I] Average on 10 runs - GPU latency: 0.101721 ms - Host latency: 0.101721 ms (enqueue 0.0848206 ms)
[02/27/2026-11:10:14] [I] Average on 10 runs - GPU latency: 0.099408 ms - Host latency: 0.099408 ms (enqueue 0.083728 ms)
[02/27/2026-11:10:14] [I] Average on 10 runs - GPU latency: 0.0979736 ms - Host latency: 0.0979736 ms (enqueue 0.0824829 ms)
[02/27/2026-11:10:14] [I] Average on 10 runs - GPU latency: 0.0981384 ms - Host latency: 0.0981384 ms (enqueue 0.0823975 ms)
[02/27/2026-11:10:14] [I] Average on 10 runs - GPU latency: 0.101642 ms - Host latency: 0.101642 ms (enqueue 0.0856018 ms)
[02/27/2026-11:10:14] [I] Average on 10 runs - GPU latency: 0.0984375 ms - Host latency: 0.0984375 ms (enqueue 0.0821777 ms)
[02/27/2026-11:10:14] [I] Average on 10 runs - GPU latency: 0.0973328 ms - Host latency: 0.0973328 ms (enqueue 0.0820312 ms)
[02/27/2026-11:10:14] [I] Average on 10 runs - GPU latency: 0.0993042 ms - Host latency: 0.0993042 ms (enqueue 0.0833862 ms)
[02/27/2026-11:10:14] [I] Average on 10 runs - GPU latency: 0.101276 ms - Host latency: 0.101276 ms (enqueue 0.0835815 ms)
[02/27/2026-11:10:14] [I] Average on 10 runs - GPU latency: 0.0977539 ms - Host latency: 0.0977539 ms (enqueue 0.0826172 ms)
[02/27/2026-11:10:14] [I] Average on 10 runs - GPU latency: 0.0974487 ms - Host latency: 0.0974487 ms (enqueue 0.0820923 ms)
[02/27/2026-11:10:14] [I] Average on 10 runs - GPU latency: 0.0989929 ms - Host latency: 0.0989929 ms (enqueue 0.0830627 ms)
[02/27/2026-11:10:14] [I] Average on 10 runs - GPU latency: 0.0984436 ms - Host latency: 0.0984436 ms (enqueue 0.0849365 ms)
[02/27/2026-11:10:14] [I] Average on 10 runs - GPU latency: 0.100708 ms - Host latency: 0.100708 ms (enqueue 0.0834656 ms)
[02/27/2026-11:10:14] [I] Average on 10 runs - GPU latency: 0.0977356 ms - Host latency: 0.0977356 ms (enqueue 0.0820557 ms)
[02/27/2026-11:10:14] [I] Average on 10 runs - GPU latency: 0.0972168 ms - Host latency: 0.0972168 ms (enqueue 0.082135 ms)
[02/27/2026-11:10:14] [I] Average on 10 runs - GPU latency: 0.0993835 ms - Host latency: 0.0993835 ms (enqueue 0.0845825 ms)
[02/27/2026-11:10:14] [I] Average on 10 runs - GPU latency: 0.098291 ms - Host latency: 0.098291 ms (enqueue 0.0824158 ms)
[02/27/2026-11:10:14] [I] Average on 10 runs - GPU latency: 0.0969971 ms - Host latency: 0.0969971 ms (enqueue 0.0820129 ms)
[02/27/2026-11:10:14] [I] Average on 10 runs - GPU latency: 0.101581 ms - Host latency: 0.101581 ms (enqueue 0.0848328 ms)
[02/27/2026-11:10:14] [I] Average on 10 runs - GPU latency: 0.100537 ms - Host latency: 0.100537 ms (enqueue 0.0830078 ms)
[02/27/2026-11:10:14] [I] Average on 10 runs - GPU latency: 0.0979675 ms - Host latency: 0.0979675 ms (enqueue 0.0822998 ms)
[02/27/2026-11:10:14] [I] Average on 10 runs - GPU latency: 0.0979431 ms - Host latency: 0.0979431 ms (enqueue 0.0825317 ms)
[02/27/2026-11:10:14] [I] Average on 10 runs - GPU latency: 0.0975403 ms - Host latency: 0.0975403 ms (enqueue 0.0817566 ms)
[02/27/2026-11:10:14] [I] Average on 10 runs - GPU latency: 0.0995728 ms - Host latency: 0.0995728 ms (enqueue 0.084375 ms)
[02/27/2026-11:10:14] [I] Average on 10 runs - GPU latency: 0.0979126 ms - Host latency: 0.0979126 ms (enqueue 0.0825684 ms)
[02/27/2026-11:10:14] [I] Average on 10 runs - GPU latency: 0.100043 ms - Host latency: 0.100043 ms (enqueue 0.0839355 ms)
[02/27/2026-11:10:14] [I] Average on 10 runs - GPU latency: 0.0991028 ms - Host latency: 0.0991028 ms (enqueue 0.0830688 ms)
[02/27/2026-11:10:14] [I] Average on 10 runs - GPU latency: 0.103497 ms - Host latency: 0.103497 ms (enqueue 0.0871826 ms)
[02/27/2026-11:10:14] [I] Average on 10 runs - GPU latency: 0.0998108 ms - Host latency: 0.0998108 ms (enqueue 0.0837097 ms)
[02/27/2026-11:10:14] [I] Average on 10 runs - GPU latency: 0.0997742 ms - Host latency: 0.0997742 ms (enqueue 0.0829407 ms)
[02/27/2026-11:10:14] [I] Average on 10 runs - GPU latency: 0.0972107 ms - Host latency: 0.0972107 ms (enqueue 0.0816956 ms)
[02/27/2026-11:10:14] [I] Average on 10 runs - GPU latency: 0.100726 ms - Host latency: 0.100726 ms (enqueue 0.0857971 ms)
[02/27/2026-11:10:14] [I] Average on 10 runs - GPU latency: 0.097998 ms - Host latency: 0.097998 ms (enqueue 0.0825256 ms)
[02/27/2026-11:10:14] [I] Average on 10 runs - GPU latency: 0.097998 ms - Host latency: 0.097998 ms (enqueue 0.0822937 ms)
[02/27/2026-11:10:14] [I] Average on 10 runs - GPU latency: 0.100836 ms - Host latency: 0.100836 ms (enqueue 0.0847473 ms)
[02/27/2026-11:10:14] [I] Average on 10 runs - GPU latency: 0.103198 ms - Host latency: 0.103198 ms (enqueue 0.0860291 ms)
[02/27/2026-11:10:14] [I] Average on 10 runs - GPU latency: 0.0984497 ms - Host latency: 0.0984497 ms (enqueue 0.0828613 ms)
[02/27/2026-11:10:14] [I] Average on 10 runs - GPU latency: 0.099884 ms - Host latency: 0.099884 ms (enqueue 0.0838379 ms)
[02/27/2026-11:10:14] [I] Average on 10 runs - GPU latency: 0.102429 ms - Host latency: 0.102429 ms (enqueue 0.0871277 ms)
[02/27/2026-11:10:14] [I] Average on 10 runs - GPU latency: 0.101398 ms - Host latency: 0.101398 ms (enqueue 0.0840759 ms)
[02/27/2026-11:10:14] [I] Average on 10 runs - GPU latency: 0.101056 ms - Host latency: 0.101056 ms (enqueue 0.0842773 ms)
[02/27/2026-11:10:14] [I] Average on 10 runs - GPU latency: 0.101019 ms - Host latency: 0.101019 ms (enqueue 0.0836182 ms)
[02/27/2026-11:10:14] [I] Average on 10 runs - GPU latency: 0.100336 ms - Host latency: 0.100336 ms (enqueue 0.0843262 ms)
[02/27/2026-11:10:14] [I] Average on 10 runs - GPU latency: 0.0980469 ms - Host latency: 0.0980469 ms (enqueue 0.082251 ms)
[02/27/2026-11:10:14] [I] Average on 10 runs - GPU latency: 0.0995422 ms - Host latency: 0.0995422 ms (enqueue 0.0831299 ms)
[02/27/2026-11:10:14] [I] Average on 10 runs - GPU latency: 0.0984314 ms - Host latency: 0.0984314 ms (enqueue 0.0827454 ms)
[02/27/2026-11:10:14] [I] Average on 10 runs - GPU latency: 0.101489 ms - Host latency: 0.101489 ms (enqueue 0.0861023 ms)
[02/27/2026-11:10:14] [I] Average on 10 runs - GPU latency: 0.0991455 ms - Host latency: 0.0991455 ms (enqueue 0.0830872 ms)
[02/27/2026-11:10:14] [I] Average on 10 runs - GPU latency: 0.0993164 ms - Host latency: 0.0993164 ms (enqueue 0.0833496 ms)
[02/27/2026-11:10:14] [I] Average on 10 runs - GPU latency: 0.0986511 ms - Host latency: 0.0986511 ms (enqueue 0.082428 ms)
[02/27/2026-11:10:14] [I] Average on 10 runs - GPU latency: 0.0995605 ms - Host latency: 0.0995605 ms (enqueue 0.0829102 ms)
[02/27/2026-11:10:14] [I] Average on 10 runs - GPU latency: 0.0987427 ms - Host latency: 0.0987427 ms (enqueue 0.0825439 ms)
[02/27/2026-11:10:14] [I] Average on 10 runs - GPU latency: 0.0996826 ms - Host latency: 0.0996826 ms (enqueue 0.0832703 ms)
[02/27/2026-11:10:14] [I] Average on 10 runs - GPU latency: 0.100385 ms - Host latency: 0.100385 ms (enqueue 0.0840088 ms)
[02/27/2026-11:10:14] [I] Average on 10 runs - GPU latency: 0.104047 ms - Host latency: 0.104047 ms (enqueue 0.0885315 ms)
[02/27/2026-11:10:14] [I] Average on 10 runs - GPU latency: 0.0993958 ms - Host latency: 0.0993958 ms (enqueue 0.0830688 ms)
[02/27/2026-11:10:14] [I] Average on 10 runs - GPU latency: 0.0984192 ms - Host latency: 0.0984192 ms (enqueue 0.0822449 ms)
[02/27/2026-11:10:14] [I] Average on 10 runs - GPU latency: 0.101019 ms - Host latency: 0.101019 ms (enqueue 0.0848511 ms)
[02/27/2026-11:10:14] [I] Average on 10 runs - GPU latency: 0.101422 ms - Host latency: 0.101422 ms (enqueue 0.0857544 ms)
[02/27/2026-11:10:14] [I] Average on 10 runs - GPU latency: 0.0989502 ms - Host latency: 0.0989502 ms (enqueue 0.0835999 ms)
[02/27/2026-11:10:14] [I] Average on 10 runs - GPU latency: 0.0987183 ms - Host latency: 0.0987183 ms (enqueue 0.0825134 ms)
[02/27/2026-11:10:14] [I] Average on 10 runs - GPU latency: 0.099762 ms - Host latency: 0.099762 ms (enqueue 0.0840576 ms)
[02/27/2026-11:10:14] [I] Average on 10 runs - GPU latency: 0.101379 ms - Host latency: 0.101379 ms (enqueue 0.0857788 ms)
[02/27/2026-11:10:14] [I] Average on 10 runs - GPU latency: 0.101147 ms - Host latency: 0.101147 ms (enqueue 0.0840149 ms)
[02/27/2026-11:10:14] [I] Average on 10 runs - GPU latency: 0.0985168 ms - Host latency: 0.0985168 ms (enqueue 0.0824097 ms)
[02/27/2026-11:10:14] [I] Average on 10 runs - GPU latency: 0.0971802 ms - Host latency: 0.0971802 ms (enqueue 0.0816162 ms)
[02/27/2026-11:10:14] [I] Average on 10 runs - GPU latency: 0.101508 ms - Host latency: 0.101508 ms (enqueue 0.0848633 ms)
[02/27/2026-11:10:14] [I] Average on 10 runs - GPU latency: 0.0985779 ms - Host latency: 0.0985779 ms (enqueue 0.0823425 ms)
[02/27/2026-11:10:14] [I] Average on 10 runs - GPU latency: 0.0989563 ms - Host latency: 0.0989563 ms (enqueue 0.0830933 ms)
[02/27/2026-11:10:14] [I] Average on 10 runs - GPU latency: 0.097522 ms - Host latency: 0.097522 ms (enqueue 0.0816956 ms)
[02/27/2026-11:10:14] [I] Average on 10 runs - GPU latency: 0.100208 ms - Host latency: 0.100208 ms (enqueue 0.0850098 ms)
[02/27/2026-11:10:14] [I] Average on 10 runs - GPU latency: 0.0968018 ms - Host latency: 0.0968018 ms (enqueue 0.0816895 ms)
[02/27/2026-11:10:14] [I] Average on 10 runs - GPU latency: 0.0993103 ms - Host latency: 0.0993103 ms (enqueue 0.0830749 ms)
[02/27/2026-11:10:14] [I] Average on 10 runs - GPU latency: 0.0991821 ms - Host latency: 0.0991821 ms (enqueue 0.0831909 ms)
[02/27/2026-11:10:14] [I] Average on 10 runs - GPU latency: 0.103882 ms - Host latency: 0.103882 ms (enqueue 0.0877808 ms)
[02/27/2026-11:10:14] [I] Average on 10 runs - GPU latency: 0.099408 ms - Host latency: 0.099408 ms (enqueue 0.0828613 ms)
[02/27/2026-11:10:14] [I] Average on 10 runs - GPU latency: 0.0980896 ms - Host latency: 0.0980896 ms (enqueue 0.0823059 ms)
[02/27/2026-11:10:14] [I] Average on 10 runs - GPU latency: 0.0995605 ms - Host latency: 0.0995605 ms (enqueue 0.0828857 ms)
[02/27/2026-11:10:14] [I] Average on 10 runs - GPU latency: 0.103235 ms - Host latency: 0.103235 ms (enqueue 0.0878967 ms)
[02/27/2026-11:10:14] [I] Average on 10 runs - GPU latency: 0.0977417 ms - Host latency: 0.0977417 ms (enqueue 0.0822205 ms)
[02/27/2026-11:10:14] [I] Average on 10 runs - GPU latency: 0.0986694 ms - Host latency: 0.0986694 ms (enqueue 0.0830933 ms)
[02/27/2026-11:10:14] [I] Average on 10 runs - GPU latency: 0.09823 ms - Host latency: 0.09823 ms (enqueue 0.082373 ms)
[02/27/2026-11:10:14] [I] Average on 10 runs - GPU latency: 0.0992737 ms - Host latency: 0.0992737 ms (enqueue 0.0841919 ms)
[02/27/2026-11:10:14] [I] Average on 10 runs - GPU latency: 0.0982361 ms - Host latency: 0.0982361 ms (enqueue 0.0825439 ms)
[02/27/2026-11:10:14] [I] Average on 10 runs - GPU latency: 0.0991577 ms - Host latency: 0.0991577 ms (enqueue 0.0836548 ms)
[02/27/2026-11:10:14] [I] Average on 10 runs - GPU latency: 0.098822 ms - Host latency: 0.098822 ms (enqueue 0.0830627 ms)
[02/27/2026-11:10:14] [I] Average on 10 runs - GPU latency: 0.102954 ms - Host latency: 0.102954 ms (enqueue 0.086676 ms)
[02/27/2026-11:10:14] [I] Average on 10 runs - GPU latency: 0.0979736 ms - Host latency: 0.0979736 ms (enqueue 0.0821899 ms)
[02/27/2026-11:10:14] [I] Average on 10 runs - GPU latency: 0.0979858 ms - Host latency: 0.0979858 ms (enqueue 0.0823181 ms)
[02/27/2026-11:10:14] [I] Average on 10 runs - GPU latency: 0.0987854 ms - Host latency: 0.0987854 ms (enqueue 0.0831482 ms)
[02/27/2026-11:10:14] [I] Average on 10 runs - GPU latency: 0.100488 ms - Host latency: 0.100488 ms (enqueue 0.082605 ms)
[02/27/2026-11:10:14] [I] Average on 10 runs - GPU latency: 0.0981018 ms - Host latency: 0.0981018 ms (enqueue 0.082251 ms)
[02/27/2026-11:10:14] [I] Average on 10 runs - GPU latency: 0.0976257 ms - Host latency: 0.0976257 ms (enqueue 0.0823242 ms)
[02/27/2026-11:10:14] [I] Average on 10 runs - GPU latency: 0.0976013 ms - Host latency: 0.0976013 ms (enqueue 0.0814636 ms)
[02/27/2026-11:10:14] [I] Average on 10 runs - GPU latency: 0.100171 ms - Host latency: 0.100171 ms (enqueue 0.0849915 ms)
[02/27/2026-11:10:14] [I] Average on 10 runs - GPU latency: 0.0983032 ms - Host latency: 0.0983032 ms (enqueue 0.0822632 ms)
[02/27/2026-11:10:14] [I] Average on 10 runs - GPU latency: 0.0979065 ms - Host latency: 0.0979065 ms (enqueue 0.0818542 ms)
[02/27/2026-11:10:14] [I] Average on 10 runs - GPU latency: 0.0966187 ms - Host latency: 0.0966187 ms (enqueue 0.081427 ms)
[02/27/2026-11:10:14] [I] Average on 10 runs - GPU latency: 0.103168 ms - Host latency: 0.103168 ms (enqueue 0.0869263 ms)
[02/27/2026-11:10:14] [I] Average on 10 runs - GPU latency: 0.100757 ms - Host latency: 0.100757 ms (enqueue 0.0847778 ms)
[02/27/2026-11:10:14] [I] Average on 10 runs - GPU latency: 0.0991394 ms - Host latency: 0.0991394 ms (enqueue 0.0829102 ms)
[02/27/2026-11:10:14] [I] Average on 10 runs - GPU latency: 0.0984253 ms - Host latency: 0.0984253 ms (enqueue 0.084729 ms)
[02/27/2026-11:10:14] [I] Average on 10 runs - GPU latency: 0.100873 ms - Host latency: 0.100873 ms (enqueue 0.0838745 ms)
[02/27/2026-11:10:14] [I] Average on 10 runs - GPU latency: 0.0990051 ms - Host latency: 0.0990051 ms (enqueue 0.0827393 ms)
[02/27/2026-11:10:14] [I] Average on 10 runs - GPU latency: 0.100031 ms - Host latency: 0.100031 ms (enqueue 0.0845154 ms)
[02/27/2026-11:10:14] [I] Average on 10 runs - GPU latency: 0.102014 ms - Host latency: 0.102014 ms (enqueue 0.0872131 ms)
[02/27/2026-11:10:14] [I] Average on 10 runs - GPU latency: 0.0997864 ms - Host latency: 0.0997864 ms (enqueue 0.0831848 ms)
[02/27/2026-11:10:14] [I] Average on 10 runs - GPU latency: 0.0974243 ms - Host latency: 0.0974243 ms (enqueue 0.0819702 ms)
[02/27/2026-11:10:14] [I] Average on 10 runs - GPU latency: 0.0992676 ms - Host latency: 0.0992676 ms (enqueue 0.0833618 ms)
[02/27/2026-11:10:14] [I] Average on 10 runs - GPU latency: 0.100098 ms - Host latency: 0.100098 ms (enqueue 0.0850647 ms)
[02/27/2026-11:10:14] [I] Average on 10 runs - GPU latency: 0.0997498 ms - Host latency: 0.0997498 ms (enqueue 0.0830444 ms)
[02/27/2026-11:10:14] [I] Average on 10 runs - GPU latency: 0.0988159 ms - Host latency: 0.0988159 ms (enqueue 0.0836121 ms)
[02/27/2026-11:10:14] [I] Average on 10 runs - GPU latency: 0.0998474 ms - Host latency: 0.0998474 ms (enqueue 0.0835388 ms)
[02/27/2026-11:10:14] [I] Average on 10 runs - GPU latency: 0.0990234 ms - Host latency: 0.0990234 ms (enqueue 0.0856812 ms)
[02/27/2026-11:10:14] [I] Average on 10 runs - GPU latency: 0.0984375 ms - Host latency: 0.0984375 ms (enqueue 0.0828796 ms)
[02/27/2026-11:10:14] [I] Average on 10 runs - GPU latency: 0.0993347 ms - Host latency: 0.0993347 ms (enqueue 0.0835693 ms)
[02/27/2026-11:10:14] [I] Average on 10 runs - GPU latency: 0.09776 ms - Host latency: 0.09776 ms (enqueue 0.0818237 ms)
[02/27/2026-11:10:14] [I] Average on 10 runs - GPU latency: 0.101007 ms - Host latency: 0.101007 ms (enqueue 0.0858398 ms)
[02/27/2026-11:10:14] [I] Average on 10 runs - GPU latency: 0.0972961 ms - Host latency: 0.0972961 ms (enqueue 0.0819946 ms)
[02/27/2026-11:10:14] [I] Average on 10 runs - GPU latency: 0.0977295 ms - Host latency: 0.0977295 ms (enqueue 0.0820679 ms)
[02/27/2026-11:10:14] [I] Average on 10 runs - GPU latency: 0.0995178 ms - Host latency: 0.0995178 ms (enqueue 0.0828308 ms)
[02/27/2026-11:10:14] [I] Average on 10 runs - GPU latency: 0.100769 ms - Host latency: 0.100769 ms (enqueue 0.0853577 ms)
[02/27/2026-11:10:14] [I] Average on 10 runs - GPU latency: 0.0997131 ms - Host latency: 0.0997131 ms (enqueue 0.0838257 ms)
[02/27/2026-11:10:14] [I] Average on 10 runs - GPU latency: 0.0991516 ms - Host latency: 0.0991516 ms (enqueue 0.0829651 ms)
[02/27/2026-11:10:14] [I] Average on 10 runs - GPU latency: 0.0971313 ms - Host latency: 0.0971313 ms (enqueue 0.0817749 ms)
[02/27/2026-11:10:14] [I] Average on 10 runs - GPU latency: 0.0990784 ms - Host latency: 0.0990784 ms (enqueue 0.0842896 ms)
[02/27/2026-11:10:14] [I] Average on 10 runs - GPU latency: 0.0984985 ms - Host latency: 0.0984985 ms (enqueue 0.0830566 ms)
[02/27/2026-11:10:14] [I] Average on 10 runs - GPU latency: 0.100305 ms - Host latency: 0.100305 ms (enqueue 0.083844 ms)
[02/27/2026-11:10:14] [I] Average on 10 runs - GPU latency: 0.0987183 ms - Host latency: 0.0987183 ms (enqueue 0.0829102 ms)
[02/27/2026-11:10:14] [I] Average on 10 runs - GPU latency: 0.100983 ms - Host latency: 0.100983 ms (enqueue 0.0850891 ms)
[02/27/2026-11:10:14] [I] Average on 10 runs - GPU latency: 0.0981506 ms - Host latency: 0.0981506 ms (enqueue 0.0828613 ms)
[02/27/2026-11:10:14] [I] Average on 10 runs - GPU latency: 0.0985291 ms - Host latency: 0.0985291 ms (enqueue 0.0817993 ms)
[02/27/2026-11:10:14] [I] Average on 10 runs - GPU latency: 0.101825 ms - Host latency: 0.101825 ms (enqueue 0.0846069 ms)
[02/27/2026-11:10:14] [I] Average on 10 runs - GPU latency: 0.0998413 ms - Host latency: 0.0998413 ms (enqueue 0.0845703 ms)
[02/27/2026-11:10:14] [I] Average on 10 runs - GPU latency: 0.0990845 ms - Host latency: 0.0990845 ms (enqueue 0.0833984 ms)
[02/27/2026-11:10:14] [I] Average on 10 runs - GPU latency: 0.0992737 ms - Host latency: 0.0992737 ms (enqueue 0.0830994 ms)
[02/27/2026-11:10:14] [I] Average on 10 runs - GPU latency: 0.0977417 ms - Host latency: 0.0977417 ms (enqueue 0.0821655 ms)
[02/27/2026-11:10:14] [I] Average on 10 runs - GPU latency: 0.10105 ms - Host latency: 0.10105 ms (enqueue 0.0854553 ms)
[02/27/2026-11:10:14] [I] Average on 10 runs - GPU latency: 0.0983521 ms - Host latency: 0.0983521 ms (enqueue 0.0824219 ms)
[02/27/2026-11:10:14] [I] Average on 10 runs - GPU latency: 0.0990906 ms - Host latency: 0.0990906 ms (enqueue 0.0831726 ms)
[02/27/2026-11:10:14] [I] Average on 10 runs - GPU latency: 0.0977417 ms - Host latency: 0.0977417 ms (enqueue 0.0825317 ms)
[02/27/2026-11:10:14] [I] Average on 10 runs - GPU latency: 0.103149 ms - Host latency: 0.103149 ms (enqueue 0.0862549 ms)
[02/27/2026-11:10:14] [I] Average on 10 runs - GPU latency: 0.0986572 ms - Host latency: 0.0986572 ms (enqueue 0.0824463 ms)
[02/27/2026-11:10:14] [I] Average on 10 runs - GPU latency: 0.0985046 ms - Host latency: 0.0985046 ms (enqueue 0.082428 ms)
[02/27/2026-11:10:14] [I] Average on 10 runs - GPU latency: 0.0986694 ms - Host latency: 0.0986694 ms (enqueue 0.08302 ms)
[02/27/2026-11:10:14] [I] Average on 10 runs - GPU latency: 0.101343 ms - Host latency: 0.101343 ms (enqueue 0.0853333 ms)
[02/27/2026-11:10:14] [I] Average on 10 runs - GPU latency: 0.098407 ms - Host latency: 0.098407 ms (enqueue 0.083313 ms)
[02/27/2026-11:10:14] [I] Average on 10 runs - GPU latency: 0.098645 ms - Host latency: 0.098645 ms (enqueue 0.0830505 ms)
[02/27/2026-11:10:14] [I] Average on 10 runs - GPU latency: 0.0990662 ms - Host latency: 0.0990662 ms (enqueue 0.0850342 ms)
[02/27/2026-11:10:14] [I] Average on 10 runs - GPU latency: 0.102191 ms - Host latency: 0.102191 ms (enqueue 0.085376 ms)
[02/27/2026-11:10:14] [I] Average on 10 runs - GPU latency: 0.0986938 ms - Host latency: 0.0986938 ms (enqueue 0.0827454 ms)
[02/27/2026-11:10:14] [I] Average on 10 runs - GPU latency: 0.098291 ms - Host latency: 0.098291 ms (enqueue 0.0829285 ms)
[02/27/2026-11:10:14] [I] Average on 10 runs - GPU latency: 0.101013 ms - Host latency: 0.101013 ms (enqueue 0.0854858 ms)
[02/27/2026-11:10:14] [I] Average on 10 runs - GPU latency: 0.0994446 ms - Host latency: 0.0994446 ms (enqueue 0.083844 ms)
[02/27/2026-11:10:14] [I] Average on 10 runs - GPU latency: 0.100177 ms - Host latency: 0.100177 ms (enqueue 0.0837097 ms)
[02/27/2026-11:10:14] [I] Average on 10 runs - GPU latency: 0.097998 ms - Host latency: 0.097998 ms (enqueue 0.082135 ms)
[02/27/2026-11:10:14] [I] Average on 10 runs - GPU latency: 0.0994934 ms - Host latency: 0.0994934 ms (enqueue 0.0841614 ms)
[02/27/2026-11:10:14] [I] Average on 10 runs - GPU latency: 0.0982849 ms - Host latency: 0.0982849 ms (enqueue 0.0821594 ms)
[02/27/2026-11:10:14] [I] Average on 10 runs - GPU latency: 0.0969177 ms - Host latency: 0.0969177 ms (enqueue 0.0817078 ms)
[02/27/2026-11:10:14] [I] Average on 10 runs - GPU latency: 0.0984741 ms - Host latency: 0.0984741 ms (enqueue 0.0830627 ms)
[02/27/2026-11:10:14] [I] Average on 10 runs - GPU latency: 0.0998108 ms - Host latency: 0.0998108 ms (enqueue 0.0848267 ms)
[02/27/2026-11:10:14] [I] Average on 10 runs - GPU latency: 0.0978577 ms - Host latency: 0.0978577 ms (enqueue 0.0823425 ms)
[02/27/2026-11:10:14] [I] Average on 10 runs - GPU latency: 0.0984802 ms - Host latency: 0.0984802 ms (enqueue 0.0830811 ms)
[02/27/2026-11:10:14] [I] Average on 10 runs - GPU latency: 0.0991394 ms - Host latency: 0.0991394 ms (enqueue 0.0830749 ms)
[02/27/2026-11:10:14] [I] Average on 10 runs - GPU latency: 0.102612 ms - Host latency: 0.102612 ms (enqueue 0.087085 ms)
[02/27/2026-11:10:14] [I] Average on 10 runs - GPU latency: 0.0992249 ms - Host latency: 0.0992249 ms (enqueue 0.082959 ms)
[02/27/2026-11:10:14] [I] Average on 10 runs - GPU latency: 0.0987854 ms - Host latency: 0.0987854 ms (enqueue 0.0827942 ms)
[02/27/2026-11:10:14] [I] Average on 10 runs - GPU latency: 0.0982117 ms - Host latency: 0.0982117 ms (enqueue 0.0827942 ms)
[02/27/2026-11:10:14] [I] Average on 10 runs - GPU latency: 0.0994019 ms - Host latency: 0.0994019 ms (enqueue 0.0848328 ms)
[02/27/2026-11:10:14] [I] Average on 10 runs - GPU latency: 0.0983337 ms - Host latency: 0.0983337 ms (enqueue 0.0825134 ms)
[02/27/2026-11:10:14] [I] Average on 10 runs - GPU latency: 0.0987427 ms - Host latency: 0.0987427 ms (enqueue 0.0831482 ms)
[02/27/2026-11:10:14] [I] Average on 10 runs - GPU latency: 0.0984985 ms - Host latency: 0.0984985 ms (enqueue 0.0827026 ms)
[02/27/2026-11:10:14] [I] Average on 10 runs - GPU latency: 0.10014 ms - Host latency: 0.10014 ms (enqueue 0.0845276 ms)
[02/27/2026-11:10:14] [I] Average on 10 runs - GPU latency: 0.0993042 ms - Host latency: 0.0993042 ms (enqueue 0.0827637 ms)
[02/27/2026-11:10:14] [I] Average on 10 runs - GPU latency: 0.0990417 ms - Host latency: 0.0990417 ms (enqueue 0.0831177 ms)
[02/27/2026-11:10:14] [I] Average on 10 runs - GPU latency: 0.0982422 ms - Host latency: 0.0982422 ms (enqueue 0.0827026 ms)
[02/27/2026-11:10:14] [I] Average on 10 runs - GPU latency: 0.101245 ms - Host latency: 0.101245 ms (enqueue 0.0841125 ms)
[02/27/2026-11:10:14] [I] Average on 10 runs - GPU latency: 0.101483 ms - Host latency: 0.101483 ms (enqueue 0.0849609 ms)
[02/27/2026-11:10:14] [I] Average on 10 runs - GPU latency: 0.0978394 ms - Host latency: 0.0978394 ms (enqueue 0.081897 ms)
[02/27/2026-11:10:14] [I] Average on 10 runs - GPU latency: 0.0990784 ms - Host latency: 0.0990784 ms (enqueue 0.0831116 ms)
[02/27/2026-11:10:14] [I] Average on 10 runs - GPU latency: 0.100964 ms - Host latency: 0.100964 ms (enqueue 0.0858643 ms)
[02/27/2026-11:10:14] [I] Average on 10 runs - GPU latency: 0.0980469 ms - Host latency: 0.0980469 ms (enqueue 0.0820984 ms)
[02/27/2026-11:10:14] [I] Average on 10 runs - GPU latency: 0.0983093 ms - Host latency: 0.0983093 ms (enqueue 0.0821716 ms)
[02/27/2026-11:10:14] [I] Average on 10 runs - GPU latency: 0.0976196 ms - Host latency: 0.0976196 ms (enqueue 0.0828186 ms)
[02/27/2026-11:10:14] [I] Average on 10 runs - GPU latency: 0.100781 ms - Host latency: 0.100781 ms (enqueue 0.0847717 ms)
[02/27/2026-11:10:14] [I] Average on 10 runs - GPU latency: 0.0979248 ms - Host latency: 0.0979248 ms (enqueue 0.0826538 ms)
[02/27/2026-11:10:14] [I] Average on 10 runs - GPU latency: 0.0985901 ms - Host latency: 0.0985901 ms (enqueue 0.08255 ms)
[02/27/2026-11:10:14] [I] Average on 10 runs - GPU latency: 0.0983337 ms - Host latency: 0.0983337 ms (enqueue 0.0819763 ms)
[02/27/2026-11:10:14] [I] Average on 10 runs - GPU latency: 0.0993164 ms - Host latency: 0.0993164 ms (enqueue 0.0841186 ms)
[02/27/2026-11:10:14] [I] Average on 10 runs - GPU latency: 0.0993103 ms - Host latency: 0.0993103 ms (enqueue 0.0828857 ms)
[02/27/2026-11:10:14] [I] Average on 10 runs - GPU latency: 0.0982056 ms - Host latency: 0.0982056 ms (enqueue 0.0821716 ms)
[02/27/2026-11:10:14] [I] Average on 10 runs - GPU latency: 0.0975952 ms - Host latency: 0.0975952 ms (enqueue 0.0822144 ms)
[02/27/2026-11:10:14] [I] Average on 10 runs - GPU latency: 0.0999451 ms - Host latency: 0.0999451 ms (enqueue 0.0846497 ms)
[02/27/2026-11:10:14] [I] Average on 10 runs - GPU latency: 0.097168 ms - Host latency: 0.097168 ms (enqueue 0.0819214 ms)
[02/27/2026-11:10:14] [I] Average on 10 runs - GPU latency: 0.0974304 ms - Host latency: 0.0974304 ms (enqueue 0.081897 ms)
[02/27/2026-11:10:14] [I] Average on 10 runs - GPU latency: 0.09776 ms - Host latency: 0.09776 ms (enqueue 0.082312 ms)
[02/27/2026-11:10:14] [I] Average on 10 runs - GPU latency: 0.100116 ms - Host latency: 0.100116 ms (enqueue 0.0843018 ms)
[02/27/2026-11:10:14] [I] Average on 10 runs - GPU latency: 0.0987793 ms - Host latency: 0.0987793 ms (enqueue 0.08255 ms)
[02/27/2026-11:10:14] [I] Average on 10 runs - GPU latency: 0.0994202 ms - Host latency: 0.0994202 ms (enqueue 0.0828369 ms)
[02/27/2026-11:10:14] [I] Average on 10 runs - GPU latency: 0.0991028 ms - Host latency: 0.0991028 ms (enqueue 0.0836182 ms)
[02/27/2026-11:10:14] [I] Average on 10 runs - GPU latency: 0.103784 ms - Host latency: 0.103784 ms (enqueue 0.0873901 ms)
[02/27/2026-11:10:14] [I] Average on 10 runs - GPU latency: 0.1 ms - Host latency: 0.1 ms (enqueue 0.0838562 ms)
[02/27/2026-11:10:14] [I] Average on 10 runs - GPU latency: 0.0978882 ms - Host latency: 0.0978882 ms (enqueue 0.0826233 ms)
[02/27/2026-11:10:14] [I] Average on 10 runs - GPU latency: 0.0987427 ms - Host latency: 0.0987427 ms (enqueue 0.0826233 ms)
[02/27/2026-11:10:14] [I] Average on 10 runs - GPU latency: 0.100555 ms - Host latency: 0.100555 ms (enqueue 0.0836365 ms)
[02/27/2026-11:10:14] [I] Average on 10 runs - GPU latency: 0.0983154 ms - Host latency: 0.0983154 ms (enqueue 0.0823669 ms)
[02/27/2026-11:10:14] [I] Average on 10 runs - GPU latency: 0.100085 ms - Host latency: 0.100085 ms (enqueue 0.0842834 ms)
[02/27/2026-11:10:14] [I] Average on 10 runs - GPU latency: 0.0993774 ms - Host latency: 0.0993774 ms (enqueue 0.083374 ms)
[02/27/2026-11:10:14] [I] Average on 10 runs - GPU latency: 0.100867 ms - Host latency: 0.100867 ms (enqueue 0.0851013 ms)
[02/27/2026-11:10:14] [I] Average on 10 runs - GPU latency: 0.0983093 ms - Host latency: 0.0983093 ms (enqueue 0.0830627 ms)
[02/27/2026-11:10:14] [I] Average on 10 runs - GPU latency: 0.100146 ms - Host latency: 0.100146 ms (enqueue 0.0841492 ms)
[02/27/2026-11:10:14] [I] Average on 10 runs - GPU latency: 0.0993042 ms - Host latency: 0.0993042 ms (enqueue 0.0825806 ms)
[02/27/2026-11:10:14] [I] Average on 10 runs - GPU latency: 0.1 ms - Host latency: 0.1 ms (enqueue 0.0839417 ms)
[02/27/2026-11:10:14] [I] Average on 10 runs - GPU latency: 0.0996948 ms - Host latency: 0.0996948 ms (enqueue 0.0831238 ms)
[02/27/2026-11:10:14] [I] Average on 10 runs - GPU latency: 0.0992554 ms - Host latency: 0.0992554 ms (enqueue 0.0835999 ms)
[02/27/2026-11:10:14] [I] Average on 10 runs - GPU latency: 0.0999573 ms - Host latency: 0.0999573 ms (enqueue 0.0846191 ms)
[02/27/2026-11:10:14] [I] Average on 10 runs - GPU latency: 0.104596 ms - Host latency: 0.104596 ms (enqueue 0.0882446 ms)
[02/27/2026-11:10:14] [I] Average on 10 runs - GPU latency: 0.0991028 ms - Host latency: 0.0991028 ms (enqueue 0.0832764 ms)
[02/27/2026-11:10:14] [I] Average on 10 runs - GPU latency: 0.100983 ms - Host latency: 0.100983 ms (enqueue 0.0847534 ms)
[02/27/2026-11:10:14] [I] Average on 10 runs - GPU latency: 0.100519 ms - Host latency: 0.100519 ms (enqueue 0.0844788 ms)
[02/27/2026-11:10:14] [I] Average on 10 runs - GPU latency: 0.103149 ms - Host latency: 0.103149 ms (enqueue 0.0876038 ms)
[02/27/2026-11:10:14] [I] Average on 10 runs - GPU latency: 0.100989 ms - Host latency: 0.100989 ms (enqueue 0.084436 ms)
[02/27/2026-11:10:14] [I] Average on 10 runs - GPU latency: 0.0984192 ms - Host latency: 0.0984192 ms (enqueue 0.0824158 ms)
[02/27/2026-11:10:14] [I] Average on 10 runs - GPU latency: 0.100446 ms - Host latency: 0.100446 ms (enqueue 0.0857666 ms)
[02/27/2026-11:10:14] [I] Average on 10 runs - GPU latency: 0.100513 ms - Host latency: 0.100513 ms (enqueue 0.0830872 ms)
[02/27/2026-11:10:14] [I] Average on 10 runs - GPU latency: 0.0998047 ms - Host latency: 0.0998047 ms (enqueue 0.0840576 ms)
[02/27/2026-11:10:14] [I] Average on 10 runs - GPU latency: 0.0993896 ms - Host latency: 0.0993896 ms (enqueue 0.0836609 ms)
[02/27/2026-11:10:14] [I] Average on 10 runs - GPU latency: 0.100439 ms - Host latency: 0.100439 ms (enqueue 0.0849854 ms)
[02/27/2026-11:10:14] [I] Average on 10 runs - GPU latency: 0.0987732 ms - Host latency: 0.0987732 ms (enqueue 0.0827881 ms)
[02/27/2026-11:10:14] [I] Average on 10 runs - GPU latency: 0.0995972 ms - Host latency: 0.0995972 ms (enqueue 0.0835144 ms)
[02/27/2026-11:10:14] [I] Average on 10 runs - GPU latency: 0.0980774 ms - Host latency: 0.0980774 ms (enqueue 0.0822388 ms)
[02/27/2026-11:10:14] [I] Average on 10 runs - GPU latency: 0.101569 ms - Host latency: 0.101569 ms (enqueue 0.0861511 ms)
[02/27/2026-11:10:14] [I] Average on 10 runs - GPU latency: 0.0982788 ms - Host latency: 0.0982788 ms (enqueue 0.082373 ms)
[02/27/2026-11:10:14] [I] Average on 10 runs - GPU latency: 0.099176 ms - Host latency: 0.099176 ms (enqueue 0.0831055 ms)
[02/27/2026-11:10:14] [I] Average on 10 runs - GPU latency: 0.100146 ms - Host latency: 0.100146 ms (enqueue 0.0837341 ms)
[02/27/2026-11:10:14] [I] Average on 10 runs - GPU latency: 0.100616 ms - Host latency: 0.100616 ms (enqueue 0.0842407 ms)
[02/27/2026-11:10:14] [I] Average on 10 runs - GPU latency: 0.097522 ms - Host latency: 0.097522 ms (enqueue 0.0821167 ms)
[02/27/2026-11:10:14] [I] Average on 10 runs - GPU latency: 0.0980896 ms - Host latency: 0.0980896 ms (enqueue 0.0821777 ms)
[02/27/2026-11:10:14] [I] Average on 10 runs - GPU latency: 0.0969116 ms - Host latency: 0.0969116 ms (enqueue 0.0812378 ms)
[02/27/2026-11:10:14] [I] Average on 10 runs - GPU latency: 0.0987793 ms - Host latency: 0.0987793 ms (enqueue 0.0837219 ms)
[02/27/2026-11:10:14] [I] Average on 10 runs - GPU latency: 0.0975525 ms - Host latency: 0.0975525 ms (enqueue 0.0814575 ms)
[02/27/2026-11:10:14] [I] Average on 10 runs - GPU latency: 0.0962952 ms - Host latency: 0.0962952 ms (enqueue 0.0809937 ms)
[02/27/2026-11:10:14] [I] Average on 10 runs - GPU latency: 0.0978577 ms - Host latency: 0.0978577 ms (enqueue 0.0828003 ms)
[02/27/2026-11:10:14] [I] Average on 10 runs - GPU latency: 0.100604 ms - Host latency: 0.100604 ms (enqueue 0.0848328 ms)
[02/27/2026-11:10:14] [I] Average on 10 runs - GPU latency: 0.098346 ms - Host latency: 0.098346 ms (enqueue 0.0822876 ms)
[02/27/2026-11:10:14] [I] Average on 10 runs - GPU latency: 0.0979065 ms - Host latency: 0.0979065 ms (enqueue 0.0824707 ms)
[02/27/2026-11:10:14] [I] Average on 10 runs - GPU latency: 0.0983093 ms - Host latency: 0.0983093 ms (enqueue 0.0828674 ms)
[02/27/2026-11:10:14] [I] Average on 10 runs - GPU latency: 0.100226 ms - Host latency: 0.100226 ms (enqueue 0.0844543 ms)
[02/27/2026-11:10:14] [I] Average on 10 runs - GPU latency: 0.0975769 ms - Host latency: 0.0975769 ms (enqueue 0.0823975 ms)
[02/27/2026-11:10:14] [I] Average on 10 runs - GPU latency: 0.0985291 ms - Host latency: 0.0985291 ms (enqueue 0.0823425 ms)
[02/27/2026-11:10:14] [I] Average on 10 runs - GPU latency: 0.0982788 ms - Host latency: 0.0982788 ms (enqueue 0.082312 ms)
[02/27/2026-11:10:14] [I] Average on 10 runs - GPU latency: 0.0985535 ms - Host latency: 0.0985535 ms (enqueue 0.0839294 ms)
[02/27/2026-11:10:14] [I] Average on 10 runs - GPU latency: 0.0968567 ms - Host latency: 0.0968567 ms (enqueue 0.0812073 ms)
[02/27/2026-11:10:14] [I] Average on 10 runs - GPU latency: 0.0976013 ms - Host latency: 0.0976013 ms (enqueue 0.0821655 ms)
[02/27/2026-11:10:14] [I] Average on 10 runs - GPU latency: 0.0990601 ms - Host latency: 0.0990601 ms (enqueue 0.0829285 ms)
[02/27/2026-11:10:14] [I] Average on 10 runs - GPU latency: 0.0986145 ms - Host latency: 0.0986145 ms (enqueue 0.0835205 ms)
[02/27/2026-11:10:14] [I] Average on 10 runs - GPU latency: 0.0991943 ms - Host latency: 0.0991943 ms (enqueue 0.0830505 ms)
[02/27/2026-11:10:14] [I] Average on 10 runs - GPU latency: 0.0994995 ms - Host latency: 0.0994995 ms (enqueue 0.0831604 ms)
[02/27/2026-11:10:14] [I] Average on 10 runs - GPU latency: 0.0985657 ms - Host latency: 0.0985657 ms (enqueue 0.0828308 ms)
[02/27/2026-11:10:14] [I] Average on 10 runs - GPU latency: 0.100867 ms - Host latency: 0.100867 ms (enqueue 0.0851501 ms)
[02/27/2026-11:10:14] [I] Average on 10 runs - GPU latency: 0.0997314 ms - Host latency: 0.0997314 ms (enqueue 0.0838623 ms)
[02/27/2026-11:10:14] [I] Average on 10 runs - GPU latency: 0.099292 ms - Host latency: 0.099292 ms (enqueue 0.083728 ms)
[02/27/2026-11:10:14] [I] Average on 10 runs - GPU latency: 0.0995056 ms - Host latency: 0.0995056 ms (enqueue 0.0833801 ms)
[02/27/2026-11:10:14] [I] Average on 10 runs - GPU latency: 0.0994324 ms - Host latency: 0.0994324 ms (enqueue 0.0844421 ms)
[02/27/2026-11:10:14] [I] Average on 10 runs - GPU latency: 0.0980408 ms - Host latency: 0.0980408 ms (enqueue 0.0820923 ms)
[02/27/2026-11:10:14] [I] Average on 10 runs - GPU latency: 0.0993103 ms - Host latency: 0.0993103 ms (enqueue 0.0830505 ms)
[02/27/2026-11:10:14] [I] Average on 10 runs - GPU latency: 0.101599 ms - Host latency: 0.101599 ms (enqueue 0.0850891 ms)
[02/27/2026-11:10:14] [I] Average on 10 runs - GPU latency: 0.102087 ms - Host latency: 0.102087 ms (enqueue 0.084613 ms)
[02/27/2026-11:10:14] [I] Average on 10 runs - GPU latency: 0.10188 ms - Host latency: 0.10188 ms (enqueue 0.0846924 ms)
[02/27/2026-11:10:14] [I] Average on 10 runs - GPU latency: 0.0996033 ms - Host latency: 0.0996033 ms (enqueue 0.0833557 ms)
[02/27/2026-11:10:14] [I] Average on 10 runs - GPU latency: 0.0995667 ms - Host latency: 0.0995667 ms (enqueue 0.0833008 ms)
[02/27/2026-11:10:14] [I] Average on 10 runs - GPU latency: 0.100958 ms - Host latency: 0.100958 ms (enqueue 0.0841614 ms)
[02/27/2026-11:10:14] [I] Average on 10 runs - GPU latency: 0.0988281 ms - Host latency: 0.0988281 ms (enqueue 0.0832153 ms)
[02/27/2026-11:10:14] [I] Average on 10 runs - GPU latency: 0.0984436 ms - Host latency: 0.0984436 ms (enqueue 0.0827026 ms)
[02/27/2026-11:10:14] [I] Average on 10 runs - GPU latency: 0.0995911 ms - Host latency: 0.0995911 ms (enqueue 0.0837708 ms)
[02/27/2026-11:10:14] [I] Average on 10 runs - GPU latency: 0.102118 ms - Host latency: 0.102118 ms (enqueue 0.0853333 ms)
[02/27/2026-11:10:14] [I] Average on 10 runs - GPU latency: 0.0996155 ms - Host latency: 0.0996155 ms (enqueue 0.0841858 ms)
[02/27/2026-11:10:14] [I] Average on 10 runs - GPU latency: 0.0996216 ms - Host latency: 0.0996216 ms (enqueue 0.0839905 ms)
[02/27/2026-11:10:14] [I] Average on 10 runs - GPU latency: 0.100073 ms - Host latency: 0.100073 ms (enqueue 0.0836731 ms)
[02/27/2026-11:10:14] [I] Average on 10 runs - GPU latency: 0.102484 ms - Host latency: 0.102484 ms (enqueue 0.0866211 ms)
[02/27/2026-11:10:14] [I] Average on 10 runs - GPU latency: 0.101501 ms - Host latency: 0.101501 ms (enqueue 0.0843872 ms)
[02/27/2026-11:10:14] [I] Average on 10 runs - GPU latency: 0.0988159 ms - Host latency: 0.0988159 ms (enqueue 0.082959 ms)
[02/27/2026-11:10:14] [I] Average on 10 runs - GPU latency: 0.098584 ms - Host latency: 0.098584 ms (enqueue 0.082666 ms)
[02/27/2026-11:10:14] [I] Average on 10 runs - GPU latency: 0.100159 ms - Host latency: 0.100159 ms (enqueue 0.0844971 ms)
[02/27/2026-11:10:14] [I] Average on 10 runs - GPU latency: 0.099469 ms - Host latency: 0.099469 ms (enqueue 0.0835022 ms)
[02/27/2026-11:10:14] [I] Average on 10 runs - GPU latency: 0.0995422 ms - Host latency: 0.0995422 ms (enqueue 0.0831787 ms)
[02/27/2026-11:10:14] [I] Average on 10 runs - GPU latency: 0.0987061 ms - Host latency: 0.0987061 ms (enqueue 0.0830566 ms)
[02/27/2026-11:10:14] [I] Average on 10 runs - GPU latency: 0.1005 ms - Host latency: 0.1005 ms (enqueue 0.0838318 ms)
[02/27/2026-11:10:14] [I] Average on 10 runs - GPU latency: 0.0981628 ms - Host latency: 0.0981628 ms (enqueue 0.082428 ms)
[02/27/2026-11:10:14] [I] Average on 10 runs - GPU latency: 0.0982117 ms - Host latency: 0.0982117 ms (enqueue 0.0821838 ms)
[02/27/2026-11:10:14] [I] Average on 10 runs - GPU latency: 0.0968079 ms - Host latency: 0.0968079 ms (enqueue 0.0810852 ms)
[02/27/2026-11:10:14] [I] Average on 10 runs - GPU latency: 0.100964 ms - Host latency: 0.100964 ms (enqueue 0.0856384 ms)
[02/27/2026-11:10:14] [I] Average on 10 runs - GPU latency: 0.0972412 ms - Host latency: 0.0972412 ms (enqueue 0.0819458 ms)
[02/27/2026-11:10:14] [I] Average on 10 runs - GPU latency: 0.0979065 ms - Host latency: 0.0979065 ms (enqueue 0.0827454 ms)
[02/27/2026-11:10:14] [I] Average on 10 runs - GPU latency: 0.0983582 ms - Host latency: 0.0983582 ms (enqueue 0.0821716 ms)
[02/27/2026-11:10:14] [I] Average on 10 runs - GPU latency: 0.0980591 ms - Host latency: 0.0980591 ms (enqueue 0.0830749 ms)
[02/27/2026-11:10:14] [I] Average on 10 runs - GPU latency: 0.096991 ms - Host latency: 0.096991 ms (enqueue 0.0816895 ms)
[02/27/2026-11:10:14] [I] Average on 10 runs - GPU latency: 0.0972168 ms - Host latency: 0.0972168 ms (enqueue 0.0812622 ms)
[02/27/2026-11:10:14] [I] Average on 10 runs - GPU latency: 0.0977173 ms - Host latency: 0.0977173 ms (enqueue 0.082312 ms)
[02/27/2026-11:10:14] [I] Average on 10 runs - GPU latency: 0.103424 ms - Host latency: 0.103424 ms (enqueue 0.088269 ms)
[02/27/2026-11:10:14] [I] Average on 10 runs - GPU latency: 0.0991455 ms - Host latency: 0.0991455 ms (enqueue 0.0833923 ms)
[02/27/2026-11:10:14] [I] Average on 10 runs - GPU latency: 0.0984436 ms - Host latency: 0.0984436 ms (enqueue 0.0822449 ms)
[02/27/2026-11:10:14] [I] Average on 10 runs - GPU latency: 0.0995667 ms - Host latency: 0.0995667 ms (enqueue 0.0830444 ms)
[02/27/2026-11:10:14] [I] Average on 10 runs - GPU latency: 0.100092 ms - Host latency: 0.100092 ms (enqueue 0.0830444 ms)
[02/27/2026-11:10:14] [I] Average on 10 runs - GPU latency: 0.0980713 ms - Host latency: 0.0980713 ms (enqueue 0.0822266 ms)
[02/27/2026-11:10:14] [I] Average on 10 runs - GPU latency: 0.0980835 ms - Host latency: 0.0980835 ms (enqueue 0.0824829 ms)
[02/27/2026-11:10:14] [I] Average on 10 runs - GPU latency: 0.0984619 ms - Host latency: 0.0984619 ms (enqueue 0.0828125 ms)
[02/27/2026-11:10:14] [I] Average on 10 runs - GPU latency: 0.1 ms - Host latency: 0.1 ms (enqueue 0.0845093 ms)
[02/27/2026-11:10:14] [I] Average on 10 runs - GPU latency: 0.0988892 ms - Host latency: 0.0988892 ms (enqueue 0.0830688 ms)
[02/27/2026-11:10:14] [I] Average on 10 runs - GPU latency: 0.099646 ms - Host latency: 0.099646 ms (enqueue 0.0834839 ms)
[02/27/2026-11:10:14] [I] Average on 10 runs - GPU latency: 0.0977661 ms - Host latency: 0.0977661 ms (enqueue 0.0827148 ms)
[02/27/2026-11:10:14] [I] Average on 10 runs - GPU latency: 0.100732 ms - Host latency: 0.100732 ms (enqueue 0.085144 ms)
[02/27/2026-11:10:14] [I] Average on 10 runs - GPU latency: 0.0995117 ms - Host latency: 0.0995117 ms (enqueue 0.0832275 ms)
[02/27/2026-11:10:14] [I] Average on 10 runs - GPU latency: 0.0968994 ms - Host latency: 0.0968994 ms (enqueue 0.0812744 ms)
[02/27/2026-11:10:14] [I] Average on 10 runs - GPU latency: 0.0990479 ms - Host latency: 0.0990479 ms (enqueue 0.0849243 ms)
[02/27/2026-11:10:14] [I] Average on 10 runs - GPU latency: 0.0995239 ms - Host latency: 0.0995239 ms (enqueue 0.0826782 ms)
[02/27/2026-11:10:14] [I] Average on 10 runs - GPU latency: 0.0991211 ms - Host latency: 0.0991211 ms (enqueue 0.0834717 ms)
[02/27/2026-11:10:14] [I] Average on 10 runs - GPU latency: 0.0981689 ms - Host latency: 0.0981689 ms (enqueue 0.0828247 ms)
[02/27/2026-11:10:14] [I] Average on 10 runs - GPU latency: 0.100256 ms - Host latency: 0.100256 ms (enqueue 0.0853516 ms)
[02/27/2026-11:10:14] [I] Average on 10 runs - GPU latency: 0.101587 ms - Host latency: 0.101587 ms (enqueue 0.084729 ms)
[02/27/2026-11:10:14] [I] Average on 10 runs - GPU latency: 0.100061 ms - Host latency: 0.100061 ms (enqueue 0.0842773 ms)
[02/27/2026-11:10:14] [I] Average on 10 runs - GPU latency: 0.100635 ms - Host latency: 0.100635 ms (enqueue 0.0848755 ms)
[02/27/2026-11:10:14] [I] Average on 10 runs - GPU latency: 0.101245 ms - Host latency: 0.101245 ms (enqueue 0.0850098 ms)
[02/27/2026-11:10:14] [I] Average on 10 runs - GPU latency: 0.0997314 ms - Host latency: 0.0997314 ms (enqueue 0.0838745 ms)
[02/27/2026-11:10:14] [I] Average on 10 runs - GPU latency: 0.0995239 ms - Host latency: 0.0995239 ms (enqueue 0.083667 ms)
[02/27/2026-11:10:14] [I] Average on 10 runs - GPU latency: 0.101086 ms - Host latency: 0.101086 ms (enqueue 0.0841309 ms)
[02/27/2026-11:10:14] [I] Average on 10 runs - GPU latency: 0.100513 ms - Host latency: 0.100513 ms (enqueue 0.0849609 ms)
[02/27/2026-11:10:14] [I] Average on 10 runs - GPU latency: 0.0981201 ms - Host latency: 0.0981201 ms (enqueue 0.0824707 ms)
[02/27/2026-11:10:14] [I] Average on 10 runs - GPU latency: 0.0969238 ms - Host latency: 0.0969238 ms (enqueue 0.0818848 ms)
[02/27/2026-11:10:14] [I] Average on 10 runs - GPU latency: 0.0980347 ms - Host latency: 0.0980347 ms (enqueue 0.0822998 ms)
[02/27/2026-11:10:14] [I] Average on 10 runs - GPU latency: 0.0995361 ms - Host latency: 0.0995361 ms (enqueue 0.0845459 ms)
[02/27/2026-11:10:14] [I] Average on 10 runs - GPU latency: 0.0985718 ms - Host latency: 0.0985718 ms (enqueue 0.0829102 ms)
[02/27/2026-11:10:14] [I] Average on 10 runs - GPU latency: 0.0977051 ms - Host latency: 0.0977051 ms (enqueue 0.0821655 ms)
[02/27/2026-11:10:14] [I] Average on 10 runs - GPU latency: 0.0990845 ms - Host latency: 0.0990845 ms (enqueue 0.0828735 ms)
[02/27/2026-11:10:14] [I] Average on 10 runs - GPU latency: 0.100159 ms - Host latency: 0.100159 ms (enqueue 0.0848145 ms)
[02/27/2026-11:10:14] [I] Average on 10 runs - GPU latency: 0.0998535 ms - Host latency: 0.0998535 ms (enqueue 0.0836548 ms)
[02/27/2026-11:10:14] [I] Average on 10 runs - GPU latency: 0.100745 ms - Host latency: 0.100745 ms (enqueue 0.0841309 ms)
[02/27/2026-11:10:14] [I] Average on 10 runs - GPU latency: 0.0990601 ms - Host latency: 0.0990601 ms (enqueue 0.0827515 ms)
[02/27/2026-11:10:14] [I] Average on 10 runs - GPU latency: 0.100916 ms - Host latency: 0.100916 ms (enqueue 0.0852661 ms)
[02/27/2026-11:10:14] [I] Average on 10 runs - GPU latency: 0.0981812 ms - Host latency: 0.0981812 ms (enqueue 0.0827026 ms)
[02/27/2026-11:10:14] [I] Average on 10 runs - GPU latency: 0.0977905 ms - Host latency: 0.0977905 ms (enqueue 0.0823608 ms)
[02/27/2026-11:10:14] [I] Average on 10 runs - GPU latency: 0.0993164 ms - Host latency: 0.0993164 ms (enqueue 0.0830566 ms)
[02/27/2026-11:10:14] [I] Average on 10 runs - GPU latency: 0.101392 ms - Host latency: 0.101392 ms (enqueue 0.0857788 ms)
[02/27/2026-11:10:14] [I] Average on 10 runs - GPU latency: 0.0986572 ms - Host latency: 0.0986572 ms (enqueue 0.0826904 ms)
[02/27/2026-11:10:14] [I] Average on 10 runs - GPU latency: 0.0995483 ms - Host latency: 0.0995483 ms (enqueue 0.0838135 ms)
[02/27/2026-11:10:14] [I] Average on 10 runs - GPU latency: 0.0983643 ms - Host latency: 0.0983643 ms (enqueue 0.083252 ms)
[02/27/2026-11:10:14] [I] Average on 10 runs - GPU latency: 0.101221 ms - Host latency: 0.101221 ms (enqueue 0.0856445 ms)
[02/27/2026-11:10:14] [I] Average on 10 runs - GPU latency: 0.0990234 ms - Host latency: 0.0990234 ms (enqueue 0.0835083 ms)
[02/27/2026-11:10:14] [I] Average on 10 runs - GPU latency: 0.101453 ms - Host latency: 0.101453 ms (enqueue 0.0851318 ms)
[02/27/2026-11:10:14] [I] Average on 10 runs - GPU latency: 0.099231 ms - Host latency: 0.099231 ms (enqueue 0.083252 ms)
[02/27/2026-11:10:14] [I] Average on 10 runs - GPU latency: 0.102332 ms - Host latency: 0.102332 ms (enqueue 0.0870972 ms)
[02/27/2026-11:10:14] [I] Average on 10 runs - GPU latency: 0.0979614 ms - Host latency: 0.0979614 ms (enqueue 0.0822022 ms)
[02/27/2026-11:10:14] [I] Average on 10 runs - GPU latency: 0.098938 ms - Host latency: 0.098938 ms (enqueue 0.0825684 ms)
[02/27/2026-11:10:14] [I] Average on 10 runs - GPU latency: 0.0995239 ms - Host latency: 0.0995239 ms (enqueue 0.0836304 ms)
[02/27/2026-11:10:14] [I] Average on 10 runs - GPU latency: 0.100647 ms - Host latency: 0.100647 ms (enqueue 0.0848267 ms)
[02/27/2026-11:10:14] [I] Average on 10 runs - GPU latency: 0.0986938 ms - Host latency: 0.0986938 ms (enqueue 0.0828369 ms)
[02/27/2026-11:10:14] [I] Average on 10 runs - GPU latency: 0.097644 ms - Host latency: 0.097644 ms (enqueue 0.0821777 ms)
[02/27/2026-11:10:14] [I] Average on 10 runs - GPU latency: 0.0987427 ms - Host latency: 0.0987427 ms (enqueue 0.0830566 ms)
[02/27/2026-11:10:14] [I] Average on 10 runs - GPU latency: 0.0997559 ms - Host latency: 0.0997559 ms (enqueue 0.0835571 ms)
[02/27/2026-11:10:14] [I] Average on 10 runs - GPU latency: 0.101575 ms - Host latency: 0.101575 ms (enqueue 0.0848145 ms)
[02/27/2026-11:10:14] [I] Average on 10 runs - GPU latency: 0.0979248 ms - Host latency: 0.0979248 ms (enqueue 0.0819946 ms)
[02/27/2026-11:10:14] [I] Average on 10 runs - GPU latency: 0.0973267 ms - Host latency: 0.0973267 ms (enqueue 0.0817749 ms)
[02/27/2026-11:10:14] [I] Average on 10 runs - GPU latency: 0.0997192 ms - Host latency: 0.0997192 ms (enqueue 0.0847656 ms)
[02/27/2026-11:10:14] [I] Average on 10 runs - GPU latency: 0.0995972 ms - Host latency: 0.0995972 ms (enqueue 0.0832031 ms)
[02/27/2026-11:10:14] [I] Average on 10 runs - GPU latency: 0.0989258 ms - Host latency: 0.0989258 ms (enqueue 0.0832275 ms)
[02/27/2026-11:10:14] [I] Average on 10 runs - GPU latency: 0.0982422 ms - Host latency: 0.0982422 ms (enqueue 0.0822632 ms)
[02/27/2026-11:10:14] [I] Average on 10 runs - GPU latency: 0.0995605 ms - Host latency: 0.0995605 ms (enqueue 0.0840088 ms)
[02/27/2026-11:10:14] [I] Average on 10 runs - GPU latency: 0.0980713 ms - Host latency: 0.0980713 ms (enqueue 0.0819946 ms)
[02/27/2026-11:10:14] [I] Average on 10 runs - GPU latency: 0.0976074 ms - Host latency: 0.0976074 ms (enqueue 0.081897 ms)
[02/27/2026-11:10:14] [I] Average on 10 runs - GPU latency: 0.097644 ms - Host latency: 0.097644 ms (enqueue 0.0824219 ms)
[02/27/2026-11:10:14] [I] Average on 10 runs - GPU latency: 0.101855 ms - Host latency: 0.101855 ms (enqueue 0.0849487 ms)
[02/27/2026-11:10:14] [I] Average on 10 runs - GPU latency: 0.0996704 ms - Host latency: 0.0996704 ms (enqueue 0.08302 ms)
[02/27/2026-11:10:14] [I] Average on 10 runs - GPU latency: 0.097168 ms - Host latency: 0.097168 ms (enqueue 0.0812622 ms)
[02/27/2026-11:10:14] [I] Average on 10 runs - GPU latency: 0.097583 ms - Host latency: 0.097583 ms (enqueue 0.0818603 ms)
[02/27/2026-11:10:14] [I] Average on 10 runs - GPU latency: 0.100208 ms - Host latency: 0.100208 ms (enqueue 0.0848267 ms)
[02/27/2026-11:10:14] [I] Average on 10 runs - GPU latency: 0.0971436 ms - Host latency: 0.0971436 ms (enqueue 0.0819092 ms)
[02/27/2026-11:10:14] [I] Average on 10 runs - GPU latency: 0.0974487 ms - Host latency: 0.0974487 ms (enqueue 0.0819336 ms)
[02/27/2026-11:10:14] [I] Average on 10 runs - GPU latency: 0.0989502 ms - Host latency: 0.0989502 ms (enqueue 0.0832397 ms)
[02/27/2026-11:10:14] [I] Average on 10 runs - GPU latency: 0.10072 ms - Host latency: 0.10072 ms (enqueue 0.0848267 ms)
[02/27/2026-11:10:14] [I] Average on 10 runs - GPU latency: 0.0982422 ms - Host latency: 0.0982422 ms (enqueue 0.0821777 ms)
[02/27/2026-11:10:14] [I] Average on 10 runs - GPU latency: 0.0987305 ms - Host latency: 0.0987305 ms (enqueue 0.0830688 ms)
[02/27/2026-11:10:14] [I] Average on 10 runs - GPU latency: 0.0980591 ms - Host latency: 0.0980591 ms (enqueue 0.0820312 ms)
[02/27/2026-11:10:14] [I] Average on 10 runs - GPU latency: 0.102136 ms - Host latency: 0.102136 ms (enqueue 0.0847656 ms)
[02/27/2026-11:10:14] [I] Average on 10 runs - GPU latency: 0.0994385 ms - Host latency: 0.0994385 ms (enqueue 0.0833374 ms)
[02/27/2026-11:10:14] [I] Average on 10 runs - GPU latency: 0.0987183 ms - Host latency: 0.0987183 ms (enqueue 0.0829224 ms)
[02/27/2026-11:10:14] [I] Average on 10 runs - GPU latency: 0.100476 ms - Host latency: 0.100476 ms (enqueue 0.0840332 ms)
[02/27/2026-11:10:14] [I] Average on 10 runs - GPU latency: 0.10354 ms - Host latency: 0.10354 ms (enqueue 0.0878174 ms)
[02/27/2026-11:10:14] [I] Average on 10 runs - GPU latency: 0.0995972 ms - Host latency: 0.0995972 ms (enqueue 0.083728 ms)
[02/27/2026-11:10:14] [I] Average on 10 runs - GPU latency: 0.0974243 ms - Host latency: 0.0974243 ms (enqueue 0.0822022 ms)
[02/27/2026-11:10:14] [I] Average on 10 runs - GPU latency: 0.0987793 ms - Host latency: 0.0987793 ms (enqueue 0.0831177 ms)
[02/27/2026-11:10:14] [I] Average on 10 runs - GPU latency: 0.101501 ms - Host latency: 0.101501 ms (enqueue 0.0864014 ms)
[02/27/2026-11:10:14] [I] Average on 10 runs - GPU latency: 0.098584 ms - Host latency: 0.098584 ms (enqueue 0.0833984 ms)
[02/27/2026-11:10:14] [I] Average on 10 runs - GPU latency: 0.0979004 ms - Host latency: 0.0979004 ms (enqueue 0.0820679 ms)
[02/27/2026-11:10:14] [I] Average on 10 runs - GPU latency: 0.0993652 ms - Host latency: 0.0993652 ms (enqueue 0.0828369 ms)
[02/27/2026-11:10:14] [I] Average on 10 runs - GPU latency: 0.101245 ms - Host latency: 0.101245 ms (enqueue 0.0845459 ms)
[02/27/2026-11:10:14] [I] Average on 10 runs - GPU latency: 0.0977295 ms - Host latency: 0.0977295 ms (enqueue 0.0820557 ms)
[02/27/2026-11:10:14] [I] Average on 10 runs - GPU latency: 0.0988647 ms - Host latency: 0.0988647 ms (enqueue 0.0834717 ms)
[02/27/2026-11:10:14] [I] Average on 10 runs - GPU latency: 0.0979126 ms - Host latency: 0.0979126 ms (enqueue 0.084082 ms)
[02/27/2026-11:10:14] [I] Average on 10 runs - GPU latency: 0.100671 ms - Host latency: 0.100671 ms (enqueue 0.0839233 ms)
[02/27/2026-11:10:14] [I] Average on 10 runs - GPU latency: 0.0988037 ms - Host latency: 0.0988037 ms (enqueue 0.0828369 ms)
[02/27/2026-11:10:14] [I] Average on 10 runs - GPU latency: 0.097644 ms - Host latency: 0.097644 ms (enqueue 0.0821289 ms)
[02/27/2026-11:10:14] [I] Average on 10 runs - GPU latency: 0.100305 ms - Host latency: 0.100305 ms (enqueue 0.0849854 ms)
[02/27/2026-11:10:14] [I] Average on 10 runs - GPU latency: 0.099292 ms - Host latency: 0.099292 ms (enqueue 0.0829468 ms)
[02/27/2026-11:10:14] [I] Average on 10 runs - GPU latency: 0.0993774 ms - Host latency: 0.0993774 ms (enqueue 0.0834717 ms)
[02/27/2026-11:10:14] [I] Average on 10 runs - GPU latency: 0.0987793 ms - Host latency: 0.0987793 ms (enqueue 0.0827393 ms)
[02/27/2026-11:10:14] [I] Average on 10 runs - GPU latency: 0.100696 ms - Host latency: 0.100696 ms (enqueue 0.0850952 ms)
[02/27/2026-11:10:14] [I] Average on 10 runs - GPU latency: 0.0995728 ms - Host latency: 0.0995728 ms (enqueue 0.0836304 ms)
[02/27/2026-11:10:14] [I] Average on 10 runs - GPU latency: 0.0989868 ms - Host latency: 0.0989868 ms (enqueue 0.0828735 ms)
[02/27/2026-11:10:14] [I] Average on 10 runs - GPU latency: 0.099646 ms - Host latency: 0.099646 ms (enqueue 0.0834106 ms)
[02/27/2026-11:10:14] [I] Average on 10 runs - GPU latency: 0.0999878 ms - Host latency: 0.0999878 ms (enqueue 0.0856934 ms)
[02/27/2026-11:10:14] [I] Average on 10 runs - GPU latency: 0.099353 ms - Host latency: 0.099353 ms (enqueue 0.0828735 ms)
[02/27/2026-11:10:14] [I] Average on 10 runs - GPU latency: 0.0978882 ms - Host latency: 0.0978882 ms (enqueue 0.0822266 ms)
[02/27/2026-11:10:14] [I] Average on 10 runs - GPU latency: 0.0975586 ms - Host latency: 0.0975586 ms (enqueue 0.0822388 ms)
[02/27/2026-11:10:14] [I] Average on 10 runs - GPU latency: 0.100122 ms - Host latency: 0.100122 ms (enqueue 0.0843628 ms)
[02/27/2026-11:10:14] [I] Average on 10 runs - GPU latency: 0.0989136 ms - Host latency: 0.0989136 ms (enqueue 0.0827759 ms)
[02/27/2026-11:10:14] [I] Average on 10 runs - GPU latency: 0.0985962 ms - Host latency: 0.0985962 ms (enqueue 0.0830322 ms)
[02/27/2026-11:10:14] [I] Average on 10 runs - GPU latency: 0.100415 ms - Host latency: 0.100415 ms (enqueue 0.0841064 ms)
[02/27/2026-11:10:14] [I] Average on 10 runs - GPU latency: 0.101038 ms - Host latency: 0.101038 ms (enqueue 0.0850464 ms)
[02/27/2026-11:10:14] [I] Average on 10 runs - GPU latency: 0.0982788 ms - Host latency: 0.0982788 ms (enqueue 0.0821777 ms)
[02/27/2026-11:10:14] [I] Average on 10 runs - GPU latency: 0.0959229 ms - Host latency: 0.0959229 ms (enqueue 0.0810303 ms)
[02/27/2026-11:10:14] [I] Average on 10 runs - GPU latency: 0.09646 ms - Host latency: 0.09646 ms (enqueue 0.0810669 ms)
[02/27/2026-11:10:14] [I] Average on 10 runs - GPU latency: 0.1 ms - Host latency: 0.1 ms (enqueue 0.0850586 ms)
[02/27/2026-11:10:14] [I] Average on 10 runs - GPU latency: 0.0983032 ms - Host latency: 0.0983032 ms (enqueue 0.0823242 ms)
[02/27/2026-11:10:14] [I] Average on 10 runs - GPU latency: 0.0978882 ms - Host latency: 0.0978882 ms (enqueue 0.0821777 ms)
[02/27/2026-11:10:14] [I] Average on 10 runs - GPU latency: 0.0984253 ms - Host latency: 0.0984253 ms (enqueue 0.0828979 ms)
[02/27/2026-11:10:14] [I] Average on 10 runs - GPU latency: 0.100208 ms - Host latency: 0.100208 ms (enqueue 0.0842285 ms)
[02/27/2026-11:10:14] [I] Average on 10 runs - GPU latency: 0.0990723 ms - Host latency: 0.0990723 ms (enqueue 0.0830933 ms)
[02/27/2026-11:10:14] [I] Average on 10 runs - GPU latency: 0.0995972 ms - Host latency: 0.0995972 ms (enqueue 0.0836182 ms)
[02/27/2026-11:10:14] [I] Average on 10 runs - GPU latency: 0.1 ms - Host latency: 0.1 ms (enqueue 0.0833496 ms)
[02/27/2026-11:10:14] [I] Average on 10 runs - GPU latency: 0.100195 ms - Host latency: 0.100195 ms (enqueue 0.0845215 ms)
[02/27/2026-11:10:14] [I] Average on 10 runs - GPU latency: 0.098877 ms - Host latency: 0.098877 ms (enqueue 0.0830444 ms)
[02/27/2026-11:10:14] [I] Average on 10 runs - GPU latency: 0.0980103 ms - Host latency: 0.0980103 ms (enqueue 0.0824829 ms)
[02/27/2026-11:10:14] [I] Average on 10 runs - GPU latency: 0.0986084 ms - Host latency: 0.0986084 ms (enqueue 0.0825562 ms)
[02/27/2026-11:10:14] [I] Average on 10 runs - GPU latency: 0.0999512 ms - Host latency: 0.0999512 ms (enqueue 0.0844605 ms)
[02/27/2026-11:10:14] [I] Average on 10 runs - GPU latency: 0.0983521 ms - Host latency: 0.0983521 ms (enqueue 0.0826294 ms)
[02/27/2026-11:10:14] [I] Average on 10 runs - GPU latency: 0.0983765 ms - Host latency: 0.0983765 ms (enqueue 0.0823486 ms)
[02/27/2026-11:10:14] [I] Average on 10 runs - GPU latency: 0.0987793 ms - Host latency: 0.0987793 ms (enqueue 0.0828613 ms)
[02/27/2026-11:10:14] [I] Average on 10 runs - GPU latency: 0.100354 ms - Host latency: 0.100354 ms (enqueue 0.0849365 ms)
[02/27/2026-11:10:14] [I] Average on 10 runs - GPU latency: 0.0986816 ms - Host latency: 0.0986816 ms (enqueue 0.0827393 ms)
[02/27/2026-11:10:14] [I] Average on 10 runs - GPU latency: 0.100439 ms - Host latency: 0.100439 ms (enqueue 0.0835205 ms)
[02/27/2026-11:10:14] [I] Average on 10 runs - GPU latency: 0.099231 ms - Host latency: 0.099231 ms (enqueue 0.0833618 ms)
[02/27/2026-11:10:14] [I] Average on 10 runs - GPU latency: 0.101331 ms - Host latency: 0.101331 ms (enqueue 0.0846802 ms)
[02/27/2026-11:10:14] [I] Average on 10 runs - GPU latency: 0.0986328 ms - Host latency: 0.0986328 ms (enqueue 0.082605 ms)
[02/27/2026-11:10:14] [I] Average on 10 runs - GPU latency: 0.100293 ms - Host latency: 0.100293 ms (enqueue 0.0846069 ms)
[02/27/2026-11:10:14] [I] Average on 10 runs - GPU latency: 0.0990845 ms - Host latency: 0.0990845 ms (enqueue 0.0833008 ms)
[02/27/2026-11:10:14] [I] Average on 10 runs - GPU latency: 0.100806 ms - Host latency: 0.100806 ms (enqueue 0.0855713 ms)
[02/27/2026-11:10:14] [I] Average on 10 runs - GPU latency: 0.0988037 ms - Host latency: 0.0988037 ms (enqueue 0.0826538 ms)
[02/27/2026-11:10:14] [I] Average on 10 runs - GPU latency: 0.0995728 ms - Host latency: 0.0995728 ms (enqueue 0.083728 ms)
[02/27/2026-11:10:14] [I] Average on 10 runs - GPU latency: 0.098877 ms - Host latency: 0.098877 ms (enqueue 0.0832764 ms)
[02/27/2026-11:10:14] [I] Average on 10 runs - GPU latency: 0.100281 ms - Host latency: 0.100281 ms (enqueue 0.0848999 ms)
[02/27/2026-11:10:14] [I] Average on 10 runs - GPU latency: 0.101904 ms - Host latency: 0.101904 ms (enqueue 0.0858398 ms)
[02/27/2026-11:10:14] [I] Average on 10 runs - GPU latency: 0.0996094 ms - Host latency: 0.0996094 ms (enqueue 0.0835083 ms)
[02/27/2026-11:10:14] [I] Average on 10 runs - GPU latency: 0.09823 ms - Host latency: 0.09823 ms (enqueue 0.0821289 ms)
[02/27/2026-11:10:14] [I] Average on 10 runs - GPU latency: 0.102136 ms - Host latency: 0.102136 ms (enqueue 0.0855225 ms)
[02/27/2026-11:10:14] [I] Average on 10 runs - GPU latency: 0.0987793 ms - Host latency: 0.0987793 ms (enqueue 0.0830078 ms)
[02/27/2026-11:10:14] [I] Average on 10 runs - GPU latency: 0.0978027 ms - Host latency: 0.0978027 ms (enqueue 0.0821411 ms)
[02/27/2026-11:10:14] [I] Average on 10 runs - GPU latency: 0.0987793 ms - Host latency: 0.0987793 ms (enqueue 0.0829712 ms)
[02/27/2026-11:10:14] [I] Average on 10 runs - GPU latency: 0.100623 ms - Host latency: 0.100623 ms (enqueue 0.0852173 ms)
[02/27/2026-11:10:14] [I] Average on 10 runs - GPU latency: 0.10094 ms - Host latency: 0.10094 ms (enqueue 0.0842407 ms)
[02/27/2026-11:10:14] [I] Average on 10 runs - GPU latency: 0.0968262 ms - Host latency: 0.0968262 ms (enqueue 0.0813354 ms)
[02/27/2026-11:10:14] [I] Average on 10 runs - GPU latency: 0.0974243 ms - Host latency: 0.0974243 ms (enqueue 0.0818603 ms)
[02/27/2026-11:10:14] [I] Average on 10 runs - GPU latency: 0.100928 ms - Host latency: 0.100928 ms (enqueue 0.0845459 ms)
[02/27/2026-11:10:14] [I] Average on 10 runs - GPU latency: 0.0999878 ms - Host latency: 0.0999878 ms (enqueue 0.0831421 ms)
[02/27/2026-11:10:14] [I] Average on 10 runs - GPU latency: 0.0982666 ms - Host latency: 0.0982666 ms (enqueue 0.0825562 ms)
[02/27/2026-11:10:14] [I] Average on 10 runs - GPU latency: 0.0996948 ms - Host latency: 0.0996948 ms (enqueue 0.0831787 ms)
[02/27/2026-11:10:14] [I] Average on 10 runs - GPU latency: 0.0999756 ms - Host latency: 0.0999756 ms (enqueue 0.0845703 ms)
[02/27/2026-11:10:14] [I] Average on 10 runs - GPU latency: 0.0968994 ms - Host latency: 0.0968994 ms (enqueue 0.0815186 ms)
[02/27/2026-11:10:14] [I] Average on 10 runs - GPU latency: 0.100977 ms - Host latency: 0.100977 ms (enqueue 0.0844116 ms)
[02/27/2026-11:10:14] [I] Average on 10 runs - GPU latency: 0.0991577 ms - Host latency: 0.0991577 ms (enqueue 0.0833984 ms)
[02/27/2026-11:10:14] [I] Average on 10 runs - GPU latency: 0.104663 ms - Host latency: 0.104663 ms (enqueue 0.0875 ms)
[02/27/2026-11:10:14] [I] Average on 10 runs - GPU latency: 0.101343 ms - Host latency: 0.101343 ms (enqueue 0.0852783 ms)
[02/27/2026-11:10:14] [I] Average on 10 runs - GPU latency: 0.0991455 ms - Host latency: 0.0991455 ms (enqueue 0.0835449 ms)
[02/27/2026-11:10:14] [I] Average on 10 runs - GPU latency: 0.0992187 ms - Host latency: 0.0992187 ms (enqueue 0.0841309 ms)
[02/27/2026-11:10:14] [I] Average on 10 runs - GPU latency: 0.103271 ms - Host latency: 0.103271 ms (enqueue 0.0851074 ms)
[02/27/2026-11:10:14] [I] Average on 10 runs - GPU latency: 0.0992432 ms - Host latency: 0.0992432 ms (enqueue 0.0834473 ms)
[02/27/2026-11:10:14] [I] Average on 10 runs - GPU latency: 0.0989014 ms - Host latency: 0.0989014 ms (enqueue 0.0827637 ms)
[02/27/2026-11:10:14] [I] Average on 10 runs - GPU latency: 0.100391 ms - Host latency: 0.100391 ms (enqueue 0.0849243 ms)
[02/27/2026-11:10:14] [I] Average on 10 runs - GPU latency: 0.100366 ms - Host latency: 0.100366 ms (enqueue 0.0838745 ms)
[02/27/2026-11:10:14] [I] Average on 10 runs - GPU latency: 0.0986694 ms - Host latency: 0.0986694 ms (enqueue 0.0828003 ms)
[02/27/2026-11:10:14] [I] Average on 10 runs - GPU latency: 0.098877 ms - Host latency: 0.098877 ms (enqueue 0.0831909 ms)
[02/27/2026-11:10:14] [I] Average on 10 runs - GPU latency: 0.101758 ms - Host latency: 0.101758 ms (enqueue 0.0863892 ms)
[02/27/2026-11:10:14] [I] Average on 10 runs - GPU latency: 0.0991821 ms - Host latency: 0.0991821 ms (enqueue 0.0829956 ms)
[02/27/2026-11:10:14] [I] Average on 10 runs - GPU latency: 0.10022 ms - Host latency: 0.10022 ms (enqueue 0.0846069 ms)
[02/27/2026-11:10:14] [I] Average on 10 runs - GPU latency: 0.0982422 ms - Host latency: 0.0982422 ms (enqueue 0.0818237 ms)
[02/27/2026-11:10:14] [I] Average on 10 runs - GPU latency: 0.0997436 ms - Host latency: 0.0997436 ms (enqueue 0.0842041 ms)
[02/27/2026-11:10:14] [I] Average on 10 runs - GPU latency: 0.0987183 ms - Host latency: 0.0987183 ms (enqueue 0.0826416 ms)
[02/27/2026-11:10:14] [I] Average on 10 runs - GPU latency: 0.0976562 ms - Host latency: 0.0976562 ms (enqueue 0.0818848 ms)
[02/27/2026-11:10:14] [I] Average on 10 runs - GPU latency: 0.0977173 ms - Host latency: 0.0977173 ms (enqueue 0.0823853 ms)
[02/27/2026-11:10:14] [I] Average on 10 runs - GPU latency: 0.0996216 ms - Host latency: 0.0996216 ms (enqueue 0.0849121 ms)
[02/27/2026-11:10:14] [I] Average on 10 runs - GPU latency: 0.0998169 ms - Host latency: 0.0998169 ms (enqueue 0.0833496 ms)
[02/27/2026-11:10:14] [I] Average on 10 runs - GPU latency: 0.0984131 ms - Host latency: 0.0984131 ms (enqueue 0.0827026 ms)
[02/27/2026-11:10:14] [I] Average on 10 runs - GPU latency: 0.0987671 ms - Host latency: 0.0987671 ms (enqueue 0.0830933 ms)
[02/27/2026-11:10:14] [I] Average on 10 runs - GPU latency: 0.100623 ms - Host latency: 0.100623 ms (enqueue 0.084668 ms)
[02/27/2026-11:10:14] [I] Average on 10 runs - GPU latency: 0.0989014 ms - Host latency: 0.0989014 ms (enqueue 0.0825928 ms)
[02/27/2026-11:10:14] [I] Average on 10 runs - GPU latency: 0.0976318 ms - Host latency: 0.0976318 ms (enqueue 0.0822022 ms)
[02/27/2026-11:10:14] [I] Average on 10 runs - GPU latency: 0.0986938 ms - Host latency: 0.0986938 ms (enqueue 0.0826538 ms)
[02/27/2026-11:10:14] [I] Average on 10 runs - GPU latency: 0.104297 ms - Host latency: 0.104297 ms (enqueue 0.088269 ms)
[02/27/2026-11:10:14] [I] Average on 10 runs - GPU latency: 0.0990845 ms - Host latency: 0.0990845 ms (enqueue 0.0829224 ms)
[02/27/2026-11:10:14] [I] Average on 10 runs - GPU latency: 0.0986328 ms - Host latency: 0.0986328 ms (enqueue 0.0830078 ms)
[02/27/2026-11:10:14] [I] Average on 10 runs - GPU latency: 0.0996094 ms - Host latency: 0.0996094 ms (enqueue 0.0831543 ms)
[02/27/2026-11:10:14] [I] Average on 10 runs - GPU latency: 0.1005 ms - Host latency: 0.1005 ms (enqueue 0.0835205 ms)
[02/27/2026-11:10:14] [I] Average on 10 runs - GPU latency: 0.0986694 ms - Host latency: 0.0986694 ms (enqueue 0.0829346 ms)
[02/27/2026-11:10:14] [I] Average on 10 runs - GPU latency: 0.0978638 ms - Host latency: 0.0978638 ms (enqueue 0.0818603 ms)
[02/27/2026-11:10:14] [I] Average on 10 runs - GPU latency: 0.0994751 ms - Host latency: 0.0994751 ms (enqueue 0.0832764 ms)
[02/27/2026-11:10:14] [I] Average on 10 runs - GPU latency: 0.0996826 ms - Host latency: 0.0996826 ms (enqueue 0.0840698 ms)
[02/27/2026-11:10:14] [I] Average on 10 runs - GPU latency: 0.0982422 ms - Host latency: 0.0982422 ms (enqueue 0.0824707 ms)
[02/27/2026-11:10:14] [I] Average on 10 runs - GPU latency: 0.097937 ms - Host latency: 0.097937 ms (enqueue 0.0817505 ms)
[02/27/2026-11:10:14] [I] Average on 10 runs - GPU latency: 0.0988037 ms - Host latency: 0.0988037 ms (enqueue 0.0828369 ms)
[02/27/2026-11:10:14] [I] Average on 10 runs - GPU latency: 0.100818 ms - Host latency: 0.100818 ms (enqueue 0.0848755 ms)
[02/27/2026-11:10:14] [I] Average on 10 runs - GPU latency: 0.0985962 ms - Host latency: 0.0985962 ms (enqueue 0.082959 ms)
[02/27/2026-11:10:14] [I] Average on 10 runs - GPU latency: 0.0991089 ms - Host latency: 0.0991089 ms (enqueue 0.0831787 ms)
[02/27/2026-11:10:14] [I] Average on 10 runs - GPU latency: 0.0986572 ms - Host latency: 0.0986572 ms (enqueue 0.0830566 ms)
[02/27/2026-11:10:14] [I] Average on 10 runs - GPU latency: 0.100598 ms - Host latency: 0.100598 ms (enqueue 0.0848145 ms)
[02/27/2026-11:10:14] [I] Average on 10 runs - GPU latency: 0.0980957 ms - Host latency: 0.0980957 ms (enqueue 0.0825073 ms)
[02/27/2026-11:10:14] [I] Average on 10 runs - GPU latency: 0.0993896 ms - Host latency: 0.0993896 ms (enqueue 0.0834717 ms)
[02/27/2026-11:10:14] [I] Average on 10 runs - GPU latency: 0.098938 ms - Host latency: 0.098938 ms (enqueue 0.0831787 ms)
[02/27/2026-11:10:14] [I] Average on 10 runs - GPU latency: 0.101538 ms - Host latency: 0.101538 ms (enqueue 0.0862061 ms)
[02/27/2026-11:10:14] [I] Average on 10 runs - GPU latency: 0.0995239 ms - Host latency: 0.0995239 ms (enqueue 0.0832764 ms)
[02/27/2026-11:10:14] [I] Average on 10 runs - GPU latency: 0.100122 ms - Host latency: 0.100122 ms (enqueue 0.0833496 ms)
[02/27/2026-11:10:14] [I] Average on 10 runs - GPU latency: 0.0996338 ms - Host latency: 0.0996338 ms (enqueue 0.0835327 ms)
[02/27/2026-11:10:14] [I] Average on 10 runs - GPU latency: 0.100537 ms - Host latency: 0.100537 ms (enqueue 0.0848511 ms)
[02/27/2026-11:10:14] [I] Average on 10 runs - GPU latency: 0.0989624 ms - Host latency: 0.0989624 ms (enqueue 0.0834473 ms)
[02/27/2026-11:10:14] [I] Average on 10 runs - GPU latency: 0.0994873 ms - Host latency: 0.0994873 ms (enqueue 0.0835815 ms)
[02/27/2026-11:10:14] [I] Average on 10 runs - GPU latency: 0.0990356 ms - Host latency: 0.0990356 ms (enqueue 0.0829224 ms)
[02/27/2026-11:10:14] [I] Average on 10 runs - GPU latency: 0.10177 ms - Host latency: 0.10177 ms (enqueue 0.0841675 ms)
[02/27/2026-11:10:14] [I] Average on 10 runs - GPU latency: 0.0969727 ms - Host latency: 0.0969727 ms (enqueue 0.0821045 ms)
[02/27/2026-11:10:14] [I] Average on 10 runs - GPU latency: 0.0973999 ms - Host latency: 0.0973999 ms (enqueue 0.0821533 ms)
[02/27/2026-11:10:14] [I] Average on 10 runs - GPU latency: 0.0973389 ms - Host latency: 0.0973389 ms (enqueue 0.0822266 ms)
[02/27/2026-11:10:14] [I] Average on 10 runs - GPU latency: 0.0997803 ms - Host latency: 0.0997803 ms (enqueue 0.0846924 ms)
[02/27/2026-11:10:14] [I] Average on 10 runs - GPU latency: 0.0983521 ms - Host latency: 0.0983521 ms (enqueue 0.0828857 ms)
[02/27/2026-11:10:14] [I] Average on 10 runs - GPU latency: 0.0998291 ms - Host latency: 0.0998291 ms (enqueue 0.0837524 ms)
[02/27/2026-11:10:14] [I] Average on 10 runs - GPU latency: 0.0978394 ms - Host latency: 0.0978394 ms (enqueue 0.0825439 ms)
[02/27/2026-11:10:14] [I] Average on 10 runs - GPU latency: 0.10199 ms - Host latency: 0.10199 ms (enqueue 0.0869751 ms)
[02/27/2026-11:10:14] [I] Average on 10 runs - GPU latency: 0.0980591 ms - Host latency: 0.0980591 ms (enqueue 0.0821411 ms)
[02/27/2026-11:10:14] [I] Average on 10 runs - GPU latency: 0.0983276 ms - Host latency: 0.0983276 ms (enqueue 0.0827881 ms)
[02/27/2026-11:10:14] [I] Average on 10 runs - GPU latency: 0.0990112 ms - Host latency: 0.0990112 ms (enqueue 0.0835327 ms)
[02/27/2026-11:10:14] [I] Average on 10 runs - GPU latency: 0.100854 ms - Host latency: 0.100854 ms (enqueue 0.0848877 ms)
[02/27/2026-11:10:14] [I] Average on 10 runs - GPU latency: 0.0989014 ms - Host latency: 0.0989014 ms (enqueue 0.0833496 ms)
[02/27/2026-11:10:14] [I] Average on 10 runs - GPU latency: 0.0974853 ms - Host latency: 0.0974853 ms (enqueue 0.0816895 ms)
[02/27/2026-11:10:14] [I] Average on 10 runs - GPU latency: 0.0967163 ms - Host latency: 0.0967163 ms (enqueue 0.0810181 ms)
[02/27/2026-11:10:14] [I] Average on 10 runs - GPU latency: 0.0986816 ms - Host latency: 0.0986816 ms (enqueue 0.0844116 ms)
[02/27/2026-11:10:14] [I] Average on 10 runs - GPU latency: 0.0993042 ms - Host latency: 0.0993042 ms (enqueue 0.0829956 ms)
[02/27/2026-11:10:14] [I] Average on 10 runs - GPU latency: 0.0986938 ms - Host latency: 0.0986938 ms (enqueue 0.0829346 ms)
[02/27/2026-11:10:14] [I] Average on 10 runs - GPU latency: 0.0976074 ms - Host latency: 0.0976074 ms (enqueue 0.0821655 ms)
[02/27/2026-11:10:14] [I] Average on 10 runs - GPU latency: 0.0990479 ms - Host latency: 0.0990479 ms (enqueue 0.0836426 ms)
[02/27/2026-11:10:14] [I] Average on 10 runs - GPU latency: 0.0977051 ms - Host latency: 0.0977051 ms (enqueue 0.0817505 ms)
[02/27/2026-11:10:14] [I] Average on 10 runs - GPU latency: 0.0972778 ms - Host latency: 0.0972778 ms (enqueue 0.0818848 ms)
[02/27/2026-11:10:14] [I] Average on 10 runs - GPU latency: 0.0974365 ms - Host latency: 0.0974365 ms (enqueue 0.0818481 ms)
[02/27/2026-11:10:14] [I] Average on 10 runs - GPU latency: 0.103857 ms - Host latency: 0.103857 ms (enqueue 0.0884033 ms)
[02/27/2026-11:10:14] [I] Average on 10 runs - GPU latency: 0.0973511 ms - Host latency: 0.0973511 ms (enqueue 0.0808716 ms)
[02/27/2026-11:10:14] [I] Average on 10 runs - GPU latency: 0.0980347 ms - Host latency: 0.0980347 ms (enqueue 0.0823486 ms)
[02/27/2026-11:10:14] [I] Average on 10 runs - GPU latency: 0.096814 ms - Host latency: 0.096814 ms (enqueue 0.0814941 ms)
[02/27/2026-11:10:14] [I] Average on 10 runs - GPU latency: 0.103503 ms - Host latency: 0.103503 ms (enqueue 0.0872925 ms)
[02/27/2026-11:10:14] [I] Average on 10 runs - GPU latency: 0.100391 ms - Host latency: 0.100391 ms (enqueue 0.0838989 ms)
[02/27/2026-11:10:14] [I] Average on 10 runs - GPU latency: 0.0994263 ms - Host latency: 0.0994263 ms (enqueue 0.082959 ms)
[02/27/2026-11:10:14] [I] Average on 10 runs - GPU latency: 0.100513 ms - Host latency: 0.100513 ms (enqueue 0.0847656 ms)
[02/27/2026-11:10:14] [I] Average on 10 runs - GPU latency: 0.101782 ms - Host latency: 0.101782 ms (enqueue 0.0849976 ms)
[02/27/2026-11:10:14] [I] Average on 10 runs - GPU latency: 0.0978272 ms - Host latency: 0.0978272 ms (enqueue 0.081958 ms)
[02/27/2026-11:10:14] [I] Average on 10 runs - GPU latency: 0.0980713 ms - Host latency: 0.0980713 ms (enqueue 0.0822388 ms)
[02/27/2026-11:10:14] [I] Average on 10 runs - GPU latency: 0.0984985 ms - Host latency: 0.0984985 ms (enqueue 0.0841309 ms)
[02/27/2026-11:10:14] [I] Average on 10 runs - GPU latency: 0.0996338 ms - Host latency: 0.0996338 ms (enqueue 0.0832397 ms)
[02/27/2026-11:10:14] [I] Average on 10 runs - GPU latency: 0.0988525 ms - Host latency: 0.0988525 ms (enqueue 0.0829712 ms)
[02/27/2026-11:10:14] [I] Average on 10 runs - GPU latency: 0.0980713 ms - Host latency: 0.0980713 ms (enqueue 0.0819946 ms)
[02/27/2026-11:10:14] [I] Average on 10 runs - GPU latency: 0.0992065 ms - Host latency: 0.0992065 ms (enqueue 0.0844238 ms)
[02/27/2026-11:10:14] [I] Average on 10 runs - GPU latency: 0.100891 ms - Host latency: 0.100891 ms (enqueue 0.0838379 ms)
[02/27/2026-11:10:14] [I] Average on 10 runs - GPU latency: 0.0982422 ms - Host latency: 0.0982422 ms (enqueue 0.0822022 ms)
[02/27/2026-11:10:14] [I] Average on 10 runs - GPU latency: 0.0995483 ms - Host latency: 0.0995483 ms (enqueue 0.0839844 ms)
[02/27/2026-11:10:14] [I] Average on 10 runs - GPU latency: 0.100989 ms - Host latency: 0.100989 ms (enqueue 0.0859741 ms)
[02/27/2026-11:10:14] [I] Average on 10 runs - GPU latency: 0.102319 ms - Host latency: 0.102319 ms (enqueue 0.0852051 ms)
[02/27/2026-11:10:14] [I] Average on 10 runs - GPU latency: 0.0973511 ms - Host latency: 0.0973511 ms (enqueue 0.0818848 ms)
[02/27/2026-11:10:14] [I] Average on 10 runs - GPU latency: 0.0975952 ms - Host latency: 0.0975952 ms (enqueue 0.081897 ms)
[02/27/2026-11:10:14] [I] Average on 10 runs - GPU latency: 0.10127 ms - Host latency: 0.10127 ms (enqueue 0.0856567 ms)
[02/27/2026-11:10:14] [I] Average on 10 runs - GPU latency: 0.0991699 ms - Host latency: 0.0991699 ms (enqueue 0.0829956 ms)
[02/27/2026-11:10:14] [I] Average on 10 runs - GPU latency: 0.0980713 ms - Host latency: 0.0980713 ms (enqueue 0.0819946 ms)
[02/27/2026-11:10:14] [I] Average on 10 runs - GPU latency: 0.0990601 ms - Host latency: 0.0990601 ms (enqueue 0.0832275 ms)
[02/27/2026-11:10:14] [I] Average on 10 runs - GPU latency: 0.100525 ms - Host latency: 0.100525 ms (enqueue 0.0854248 ms)
[02/27/2026-11:10:14] [I] Average on 10 runs - GPU latency: 0.0996094 ms - Host latency: 0.0996094 ms (enqueue 0.0836304 ms)
[02/27/2026-11:10:14] [I] Average on 10 runs - GPU latency: 0.097583 ms - Host latency: 0.097583 ms (enqueue 0.0817383 ms)
[02/27/2026-11:10:14] [I] Average on 10 runs - GPU latency: 0.0987549 ms - Host latency: 0.0987549 ms (enqueue 0.0826172 ms)
[02/27/2026-11:10:14] [I] Average on 10 runs - GPU latency: 0.101355 ms - Host latency: 0.101355 ms (enqueue 0.0856201 ms)
[02/27/2026-11:10:14] [I] Average on 10 runs - GPU latency: 0.0999023 ms - Host latency: 0.0999023 ms (enqueue 0.0836426 ms)
[02/27/2026-11:10:14] [I] Average on 10 runs - GPU latency: 0.0988281 ms - Host latency: 0.0988281 ms (enqueue 0.0830688 ms)
[02/27/2026-11:10:14] [I] Average on 10 runs - GPU latency: 0.0980835 ms - Host latency: 0.0980835 ms (enqueue 0.0820068 ms)
[02/27/2026-11:10:14] [I] Average on 10 runs - GPU latency: 0.0982666 ms - Host latency: 0.0982666 ms (enqueue 0.0835327 ms)
[02/27/2026-11:10:14] [I] Average on 10 runs - GPU latency: 0.0986084 ms - Host latency: 0.0986084 ms (enqueue 0.0829468 ms)
[02/27/2026-11:10:14] [I] Average on 10 runs - GPU latency: 0.0963379 ms - Host latency: 0.0963379 ms (enqueue 0.0815674 ms)
[02/27/2026-11:10:14] [I] Average on 10 runs - GPU latency: 0.0986694 ms - Host latency: 0.0986694 ms (enqueue 0.0827759 ms)
[02/27/2026-11:10:14] [I] Average on 10 runs - GPU latency: 0.101978 ms - Host latency: 0.101978 ms (enqueue 0.0857788 ms)
[02/27/2026-11:10:14] [I] Average on 10 runs - GPU latency: 0.0992065 ms - Host latency: 0.0992065 ms (enqueue 0.0835449 ms)
[02/27/2026-11:10:14] [I] Average on 10 runs - GPU latency: 0.0978638 ms - Host latency: 0.0978638 ms (enqueue 0.0821777 ms)
[02/27/2026-11:10:14] [I] Average on 10 runs - GPU latency: 0.0978638 ms - Host latency: 0.0978638 ms (enqueue 0.0816284 ms)
[02/27/2026-11:10:14] [I] Average on 10 runs - GPU latency: 0.0995117 ms - Host latency: 0.0995117 ms (enqueue 0.0841797 ms)
[02/27/2026-11:10:14] [I] Average on 10 runs - GPU latency: 0.0979858 ms - Host latency: 0.0979858 ms (enqueue 0.0825806 ms)
[02/27/2026-11:10:14] [I] Average on 10 runs - GPU latency: 0.0983643 ms - Host latency: 0.0983643 ms (enqueue 0.0832275 ms)
[02/27/2026-11:10:14] [I] Average on 10 runs - GPU latency: 0.0970337 ms - Host latency: 0.0970337 ms (enqueue 0.0817871 ms)
[02/27/2026-11:10:14] [I] Average on 10 runs - GPU latency: 0.100574 ms - Host latency: 0.100574 ms (enqueue 0.0847656 ms)
[02/27/2026-11:10:14] [I] Average on 10 runs - GPU latency: 0.0978272 ms - Host latency: 0.0978272 ms (enqueue 0.0824829 ms)
[02/27/2026-11:10:14] [I] Average on 10 runs - GPU latency: 0.0979492 ms - Host latency: 0.0979492 ms (enqueue 0.0822876 ms)
[02/27/2026-11:10:14] [I] Average on 10 runs - GPU latency: 0.100195 ms - Host latency: 0.100195 ms (enqueue 0.0837402 ms)
[02/27/2026-11:10:14] [I] Average on 10 runs - GPU latency: 0.100122 ms - Host latency: 0.100122 ms (enqueue 0.08479 ms)
[02/27/2026-11:10:14] [I] Average on 10 runs - GPU latency: 0.0958984 ms - Host latency: 0.0958984 ms (enqueue 0.0807007 ms)
[02/27/2026-11:10:14] [I] Average on 10 runs - GPU latency: 0.096936 ms - Host latency: 0.096936 ms (enqueue 0.0811279 ms)
[02/27/2026-11:10:14] [I] Average on 10 runs - GPU latency: 0.0966553 ms - Host latency: 0.0966553 ms (enqueue 0.0815918 ms)
[02/27/2026-11:10:14] [I] Average on 10 runs - GPU latency: 0.100122 ms - Host latency: 0.100122 ms (enqueue 0.0828857 ms)
[02/27/2026-11:10:14] [I] Average on 10 runs - GPU latency: 0.0980835 ms - Host latency: 0.0980835 ms (enqueue 0.0827881 ms)
[02/27/2026-11:10:14] [I] Average on 10 runs - GPU latency: 0.097583 ms - Host latency: 0.097583 ms (enqueue 0.0820801 ms)
[02/27/2026-11:10:14] [I] Average on 10 runs - GPU latency: 0.0977173 ms - Host latency: 0.0977173 ms (enqueue 0.0822388 ms)
[02/27/2026-11:10:14] [I] Average on 10 runs - GPU latency: 0.102039 ms - Host latency: 0.102039 ms (enqueue 0.0856812 ms)
[02/27/2026-11:10:14] [I] Average on 10 runs - GPU latency: 0.0992676 ms - Host latency: 0.0992676 ms (enqueue 0.0833008 ms)
[02/27/2026-11:10:14] [I] Average on 10 runs - GPU latency: 0.100232 ms - Host latency: 0.100232 ms (enqueue 0.0840454 ms)
[02/27/2026-11:10:14] [I] Average on 10 runs - GPU latency: 0.098291 ms - Host latency: 0.098291 ms (enqueue 0.082019 ms)
[02/27/2026-11:10:14] [I] Average on 10 runs - GPU latency: 0.101367 ms - Host latency: 0.101367 ms (enqueue 0.0858276 ms)
[02/27/2026-11:10:14] [I] Average on 10 runs - GPU latency: 0.1 ms - Host latency: 0.1 ms (enqueue 0.0832886 ms)
[02/27/2026-11:10:14] [I] Average on 10 runs - GPU latency: 0.100659 ms - Host latency: 0.100659 ms (enqueue 0.0842285 ms)
[02/27/2026-11:10:14] [I] Average on 10 runs - GPU latency: 0.0971191 ms - Host latency: 0.0971191 ms (enqueue 0.0815063 ms)
[02/27/2026-11:10:14] [I] Average on 10 runs - GPU latency: 0.100024 ms - Host latency: 0.100024 ms (enqueue 0.0849609 ms)
[02/27/2026-11:10:14] [I] Average on 10 runs - GPU latency: 0.0970947 ms - Host latency: 0.0970947 ms (enqueue 0.0819092 ms)
[02/27/2026-11:10:14] [I] Average on 10 runs - GPU latency: 0.0989502 ms - Host latency: 0.0989502 ms (enqueue 0.0831665 ms)
[02/27/2026-11:10:14] [I] Average on 10 runs - GPU latency: 0.0979004 ms - Host latency: 0.0979004 ms (enqueue 0.0822144 ms)
[02/27/2026-11:10:14] [I] Average on 10 runs - GPU latency: 0.103296 ms - Host latency: 0.103296 ms (enqueue 0.0869385 ms)
[02/27/2026-11:10:14] [I] Average on 10 runs - GPU latency: 0.0988892 ms - Host latency: 0.0988892 ms (enqueue 0.0830444 ms)
[02/27/2026-11:10:14] [I] Average on 10 runs - GPU latency: 0.101733 ms - Host latency: 0.101733 ms (enqueue 0.085022 ms)
[02/27/2026-11:10:14] [I] Average on 10 runs - GPU latency: 0.0981323 ms - Host latency: 0.0981323 ms (enqueue 0.0827515 ms)
[02/27/2026-11:10:14] [I] Average on 10 runs - GPU latency: 0.0996948 ms - Host latency: 0.0996948 ms (enqueue 0.0843506 ms)
[02/27/2026-11:10:14] [I] Average on 10 runs - GPU latency: 0.0967896 ms - Host latency: 0.0967896 ms (enqueue 0.0810181 ms)
[02/27/2026-11:10:14] [I] Average on 10 runs - GPU latency: 0.0964722 ms - Host latency: 0.0964722 ms (enqueue 0.0816528 ms)
[02/27/2026-11:10:14] [I] Average on 10 runs - GPU latency: 0.0980103 ms - Host latency: 0.0980103 ms (enqueue 0.0821167 ms)
[02/27/2026-11:10:14] [I] Average on 10 runs - GPU latency: 0.0995239 ms - Host latency: 0.0995239 ms (enqueue 0.0843262 ms)
[02/27/2026-11:10:14] [I] Average on 10 runs - GPU latency: 0.100269 ms - Host latency: 0.100269 ms (enqueue 0.0838989 ms)
[02/27/2026-11:10:14] [I] Average on 10 runs - GPU latency: 0.0988037 ms - Host latency: 0.0988037 ms (enqueue 0.0832397 ms)
[02/27/2026-11:10:14] [I] Average on 10 runs - GPU latency: 0.0981079 ms - Host latency: 0.0981079 ms (enqueue 0.0817749 ms)
[02/27/2026-11:10:14] [I] Average on 10 runs - GPU latency: 0.101343 ms - Host latency: 0.101343 ms (enqueue 0.0853882 ms)
[02/27/2026-11:10:14] [I] Average on 10 runs - GPU latency: 0.100146 ms - Host latency: 0.100146 ms (enqueue 0.0841431 ms)
[02/27/2026-11:10:14] [I] Average on 10 runs - GPU latency: 0.098645 ms - Host latency: 0.098645 ms (enqueue 0.0828613 ms)
[02/27/2026-11:10:14] [I] Average on 10 runs - GPU latency: 0.0977905 ms - Host latency: 0.0977905 ms (enqueue 0.0822876 ms)
[02/27/2026-11:10:14] [I] Average on 10 runs - GPU latency: 0.100183 ms - Host latency: 0.100183 ms (enqueue 0.0857422 ms)
[02/27/2026-11:10:14] [I] Average on 10 runs - GPU latency: 0.0979614 ms - Host latency: 0.0979614 ms (enqueue 0.0821411 ms)
[02/27/2026-11:10:14] [I] Average on 10 runs - GPU latency: 0.0988281 ms - Host latency: 0.0988281 ms (enqueue 0.0829956 ms)
[02/27/2026-11:10:14] [I] Average on 10 runs - GPU latency: 0.0978394 ms - Host latency: 0.0978394 ms (enqueue 0.081897 ms)
[02/27/2026-11:10:14] [I] Average on 10 runs - GPU latency: 0.100891 ms - Host latency: 0.100891 ms (enqueue 0.0851318 ms)
[02/27/2026-11:10:14] [I] Average on 10 runs - GPU latency: 0.0977173 ms - Host latency: 0.0977173 ms (enqueue 0.0822632 ms)
[02/27/2026-11:10:14] [I] Average on 10 runs - GPU latency: 0.0970337 ms - Host latency: 0.0970337 ms (enqueue 0.0820068 ms)
[02/27/2026-11:10:14] [I] Average on 10 runs - GPU latency: 0.0975464 ms - Host latency: 0.0975464 ms (enqueue 0.0822876 ms)
[02/27/2026-11:10:14] [I] Average on 10 runs - GPU latency: 0.101575 ms - Host latency: 0.101575 ms (enqueue 0.0847168 ms)
[02/27/2026-11:10:14] [I] Average on 10 runs - GPU latency: 0.10083 ms - Host latency: 0.10083 ms (enqueue 0.0843262 ms)
[02/27/2026-11:10:14] [I] Average on 10 runs - GPU latency: 0.0977051 ms - Host latency: 0.0977051 ms (enqueue 0.0820801 ms)
[02/27/2026-11:10:14] [I] Average on 10 runs - GPU latency: 0.0969238 ms - Host latency: 0.0969238 ms (enqueue 0.0811401 ms)
[02/27/2026-11:10:14] [I] Average on 10 runs - GPU latency: 0.0982422 ms - Host latency: 0.0982422 ms (enqueue 0.0835449 ms)
[02/27/2026-11:10:14] [I] Average on 10 runs - GPU latency: 0.0979004 ms - Host latency: 0.0979004 ms (enqueue 0.0824219 ms)
[02/27/2026-11:10:14] [I] Average on 10 runs - GPU latency: 0.0976685 ms - Host latency: 0.0976685 ms (enqueue 0.0822144 ms)
[02/27/2026-11:10:14] [I] Average on 10 runs - GPU latency: 0.0973633 ms - Host latency: 0.0973633 ms (enqueue 0.0823486 ms)
[02/27/2026-11:10:14] [I] Average on 10 runs - GPU latency: 0.0995361 ms - Host latency: 0.0995361 ms (enqueue 0.0842529 ms)
[02/27/2026-11:10:14] [I] Average on 10 runs - GPU latency: 0.0981567 ms - Host latency: 0.0981567 ms (enqueue 0.0828247 ms)
[02/27/2026-11:10:14] [I] Average on 10 runs - GPU latency: 0.0980469 ms - Host latency: 0.0980469 ms (enqueue 0.0821899 ms)
[02/27/2026-11:10:14] [I] Average on 10 runs - GPU latency: 0.0980957 ms - Host latency: 0.0980957 ms (enqueue 0.0820312 ms)
[02/27/2026-11:10:14] [I] Average on 10 runs - GPU latency: 0.100647 ms - Host latency: 0.100647 ms (enqueue 0.0849121 ms)
[02/27/2026-11:10:14] [I] Average on 10 runs - GPU latency: 0.0986084 ms - Host latency: 0.0986084 ms (enqueue 0.0826294 ms)
[02/27/2026-11:10:14] [I] Average on 10 runs - GPU latency: 0.0980591 ms - Host latency: 0.0980591 ms (enqueue 0.0828369 ms)
[02/27/2026-11:10:14] [I] Average on 10 runs - GPU latency: 0.0986816 ms - Host latency: 0.0986816 ms (enqueue 0.0825806 ms)
[02/27/2026-11:10:14] [I] Average on 10 runs - GPU latency: 0.100867 ms - Host latency: 0.100867 ms (enqueue 0.0836792 ms)
[02/27/2026-11:10:14] [I] Average on 10 runs - GPU latency: 0.0988037 ms - Host latency: 0.0988037 ms (enqueue 0.0827637 ms)
[02/27/2026-11:10:14] [I] Average on 10 runs - GPU latency: 0.0981201 ms - Host latency: 0.0981201 ms (enqueue 0.0825073 ms)
[02/27/2026-11:10:14] [I] Average on 10 runs - GPU latency: 0.0969238 ms - Host latency: 0.0969238 ms (enqueue 0.0820435 ms)
[02/27/2026-11:10:14] [I] Average on 10 runs - GPU latency: 0.0995239 ms - Host latency: 0.0995239 ms (enqueue 0.0841675 ms)
[02/27/2026-11:10:14] [I] Average on 10 runs - GPU latency: 0.0979614 ms - Host latency: 0.0979614 ms (enqueue 0.0829712 ms)
[02/27/2026-11:10:14] [I] Average on 10 runs - GPU latency: 0.0985107 ms - Host latency: 0.0985107 ms (enqueue 0.0831299 ms)
[02/27/2026-11:10:14] [I] Average on 10 runs - GPU latency: 0.099292 ms - Host latency: 0.099292 ms (enqueue 0.0825562 ms)
[02/27/2026-11:10:14] [I] Average on 10 runs - GPU latency: 0.100317 ms - Host latency: 0.100317 ms (enqueue 0.0845825 ms)
[02/27/2026-11:10:14] [I] Average on 10 runs - GPU latency: 0.0970459 ms - Host latency: 0.0970459 ms (enqueue 0.0817261 ms)
[02/27/2026-11:10:14] [I] Average on 10 runs - GPU latency: 0.0995728 ms - Host latency: 0.0995728 ms (enqueue 0.0832642 ms)
[02/27/2026-11:10:14] [I] Average on 10 runs - GPU latency: 0.0985229 ms - Host latency: 0.0985229 ms (enqueue 0.0825073 ms)
[02/27/2026-11:10:14] [I] Average on 10 runs - GPU latency: 0.102661 ms - Host latency: 0.102661 ms (enqueue 0.0870117 ms)
[02/27/2026-11:10:14] [I] Average on 10 runs - GPU latency: 0.100623 ms - Host latency: 0.100623 ms (enqueue 0.0850342 ms)
[02/27/2026-11:10:14] [I] Average on 10 runs - GPU latency: 0.0999146 ms - Host latency: 0.0999146 ms (enqueue 0.0836304 ms)
[02/27/2026-11:10:14] [I] Average on 10 runs - GPU latency: 0.101892 ms - Host latency: 0.101892 ms (enqueue 0.0862549 ms)
[02/27/2026-11:10:14] [I] Average on 10 runs - GPU latency: 0.099353 ms - Host latency: 0.099353 ms (enqueue 0.0829956 ms)
[02/27/2026-11:10:14] [I] Average on 10 runs - GPU latency: 0.1 ms - Host latency: 0.1 ms (enqueue 0.0844482 ms)
[02/27/2026-11:10:14] [I] Average on 10 runs - GPU latency: 0.0994873 ms - Host latency: 0.0994873 ms (enqueue 0.0835327 ms)
[02/27/2026-11:10:14] [I] Average on 10 runs - GPU latency: 0.102136 ms - Host latency: 0.102136 ms (enqueue 0.0866089 ms)
[02/27/2026-11:10:14] [I] Average on 10 runs - GPU latency: 0.0996216 ms - Host latency: 0.0996216 ms (enqueue 0.0837524 ms)
[02/27/2026-11:10:14] [I] Average on 10 runs - GPU latency: 0.099707 ms - Host latency: 0.099707 ms (enqueue 0.0837036 ms)
[02/27/2026-11:10:14] [I] Average on 10 runs - GPU latency: 0.0989258 ms - Host latency: 0.0989258 ms (enqueue 0.0830933 ms)
[02/27/2026-11:10:14] [I] Average on 10 runs - GPU latency: 0.0998291 ms - Host latency: 0.0998291 ms (enqueue 0.084375 ms)
[02/27/2026-11:10:14] [I] Average on 10 runs - GPU latency: 0.0984131 ms - Host latency: 0.0984131 ms (enqueue 0.0828857 ms)
[02/27/2026-11:10:14] [I] Average on 10 runs - GPU latency: 0.0991821 ms - Host latency: 0.0991821 ms (enqueue 0.0832397 ms)
[02/27/2026-11:10:14] [I] Average on 10 runs - GPU latency: 0.0991333 ms - Host latency: 0.0991333 ms (enqueue 0.0835205 ms)
[02/27/2026-11:10:14] [I] Average on 10 runs - GPU latency: 0.103345 ms - Host latency: 0.103345 ms (enqueue 0.0878906 ms)
[02/27/2026-11:10:14] [I] Average on 10 runs - GPU latency: 0.0990601 ms - Host latency: 0.0990601 ms (enqueue 0.0831299 ms)
[02/27/2026-11:10:14] [I] Average on 10 runs - GPU latency: 0.0969727 ms - Host latency: 0.0969727 ms (enqueue 0.0817871 ms)
[02/27/2026-11:10:14] [I] Average on 10 runs - GPU latency: 0.100366 ms - Host latency: 0.100366 ms (enqueue 0.0841309 ms)
[02/27/2026-11:10:14] [I] Average on 10 runs - GPU latency: 0.102393 ms - Host latency: 0.102393 ms (enqueue 0.088208 ms)
[02/27/2026-11:10:14] [I] Average on 10 runs - GPU latency: 0.0996094 ms - Host latency: 0.0996094 ms (enqueue 0.0835327 ms)
[02/27/2026-11:10:14] [I] Average on 10 runs - GPU latency: 0.0987427 ms - Host latency: 0.0987427 ms (enqueue 0.0828613 ms)
[02/27/2026-11:10:14] [I] Average on 10 runs - GPU latency: 0.0981323 ms - Host latency: 0.0981323 ms (enqueue 0.0827637 ms)
[02/27/2026-11:10:14] [I] Average on 10 runs - GPU latency: 0.0992554 ms - Host latency: 0.0992554 ms (enqueue 0.0848022 ms)
[02/27/2026-11:10:14] [I] Average on 10 runs - GPU latency: 0.098291 ms - Host latency: 0.098291 ms (enqueue 0.0822632 ms)
[02/27/2026-11:10:14] [I] Average on 10 runs - GPU latency: 0.0967529 ms - Host latency: 0.0967529 ms (enqueue 0.0818237 ms)
[02/27/2026-11:10:14] [I] Average on 10 runs - GPU latency: 0.0980835 ms - Host latency: 0.0980835 ms (enqueue 0.0825073 ms)
[02/27/2026-11:10:14] [I] Average on 10 runs - GPU latency: 0.0990479 ms - Host latency: 0.0990479 ms (enqueue 0.0838013 ms)
[02/27/2026-11:10:14] [I] Average on 10 runs - GPU latency: 0.097229 ms - Host latency: 0.097229 ms (enqueue 0.0818726 ms)
[02/27/2026-11:10:14] [I] Average on 10 runs - GPU latency: 0.0985718 ms - Host latency: 0.0985718 ms (enqueue 0.0825195 ms)
[02/27/2026-11:10:14] [I] Average on 10 runs - GPU latency: 0.098291 ms - Host latency: 0.098291 ms (enqueue 0.0822876 ms)
[02/27/2026-11:10:14] [I] Average on 10 runs - GPU latency: 0.0998169 ms - Host latency: 0.0998169 ms (enqueue 0.0845215 ms)
[02/27/2026-11:10:14] [I] Average on 10 runs - GPU latency: 0.0980713 ms - Host latency: 0.0980713 ms (enqueue 0.0827393 ms)
[02/27/2026-11:10:14] [I] Average on 10 runs - GPU latency: 0.0983643 ms - Host latency: 0.0983643 ms (enqueue 0.0825195 ms)
[02/27/2026-11:10:14] [I] Average on 10 runs - GPU latency: 0.0978027 ms - Host latency: 0.0978027 ms (enqueue 0.0821411 ms)
[02/27/2026-11:10:14] [I] Average on 10 runs - GPU latency: 0.0993774 ms - Host latency: 0.0993774 ms (enqueue 0.0842041 ms)
[02/27/2026-11:10:14] [I] Average on 10 runs - GPU latency: 0.0981567 ms - Host latency: 0.0981567 ms (enqueue 0.0823486 ms)
[02/27/2026-11:10:14] [I] Average on 10 runs - GPU latency: 0.0980347 ms - Host latency: 0.0980347 ms (enqueue 0.0826294 ms)
[02/27/2026-11:10:14] [I] Average on 10 runs - GPU latency: 0.0976685 ms - Host latency: 0.0976685 ms (enqueue 0.0821289 ms)
[02/27/2026-11:10:14] [I] Average on 10 runs - GPU latency: 0.103625 ms - Host latency: 0.103625 ms (enqueue 0.087854 ms)
[02/27/2026-11:10:14] [I] Average on 10 runs - GPU latency: 0.0984497 ms - Host latency: 0.0984497 ms (enqueue 0.0819824 ms)
[02/27/2026-11:10:14] [I] Average on 10 runs - GPU latency: 0.098877 ms - Host latency: 0.098877 ms (enqueue 0.0826294 ms)
[02/27/2026-11:10:14] [I] Average on 10 runs - GPU latency: 0.0968506 ms - Host latency: 0.0968506 ms (enqueue 0.0815186 ms)
[02/27/2026-11:10:14] [I] Average on 10 runs - GPU latency: 0.0990234 ms - Host latency: 0.0990234 ms (enqueue 0.0840454 ms)
[02/27/2026-11:10:14] [I] Average on 10 runs - GPU latency: 0.0965454 ms - Host latency: 0.0965454 ms (enqueue 0.0814087 ms)
[02/27/2026-11:10:14] [I] Average on 10 runs - GPU latency: 0.0986084 ms - Host latency: 0.0986084 ms (enqueue 0.0828735 ms)
[02/27/2026-11:10:14] [I] Average on 10 runs - GPU latency: 0.0994385 ms - Host latency: 0.0994385 ms (enqueue 0.0829468 ms)
[02/27/2026-11:10:14] [I] Average on 10 runs - GPU latency: 0.0994751 ms - Host latency: 0.0994751 ms (enqueue 0.0841919 ms)
[02/27/2026-11:10:14] [I] Average on 10 runs - GPU latency: 0.098291 ms - Host latency: 0.098291 ms (enqueue 0.082666 ms)
[02/27/2026-11:10:14] [I] Average on 10 runs - GPU latency: 0.0981689 ms - Host latency: 0.0981689 ms (enqueue 0.0821899 ms)
[02/27/2026-11:10:14] [I] Average on 10 runs - GPU latency: 0.0978882 ms - Host latency: 0.0978882 ms (enqueue 0.0821411 ms)
[02/27/2026-11:10:14] [I] Average on 10 runs - GPU latency: 0.100085 ms - Host latency: 0.100085 ms (enqueue 0.0850342 ms)
[02/27/2026-11:10:14] [I] Average on 10 runs - GPU latency: 0.0980469 ms - Host latency: 0.0980469 ms (enqueue 0.0820679 ms)
[02/27/2026-11:10:14] [I] Average on 10 runs - GPU latency: 0.0980347 ms - Host latency: 0.0980347 ms (enqueue 0.0826172 ms)
[02/27/2026-11:10:14] [I] Average on 10 runs - GPU latency: 0.0991943 ms - Host latency: 0.0991943 ms (enqueue 0.0831787 ms)
[02/27/2026-11:10:14] [I] Average on 10 runs - GPU latency: 0.100806 ms - Host latency: 0.100806 ms (enqueue 0.0849243 ms)
[02/27/2026-11:10:14] [I] Average on 10 runs - GPU latency: 0.0976318 ms - Host latency: 0.0976318 ms (enqueue 0.0826172 ms)
[02/27/2026-11:10:14] [I] Average on 10 runs - GPU latency: 0.0975342 ms - Host latency: 0.0975342 ms (enqueue 0.0819702 ms)
[02/27/2026-11:10:14] [I] Average on 10 runs - GPU latency: 0.0968994 ms - Host latency: 0.0968994 ms (enqueue 0.0818237 ms)
[02/27/2026-11:10:14] [I] Average on 10 runs - GPU latency: 0.100037 ms - Host latency: 0.100037 ms (enqueue 0.0835693 ms)
[02/27/2026-11:10:14] [I] Average on 10 runs - GPU latency: 0.0975586 ms - Host latency: 0.0975586 ms (enqueue 0.0822144 ms)
[02/27/2026-11:10:14] [I] Average on 10 runs - GPU latency: 0.0974121 ms - Host latency: 0.0974121 ms (enqueue 0.0815796 ms)
[02/27/2026-11:10:14] [I] Average on 10 runs - GPU latency: 0.0973145 ms - Host latency: 0.0973145 ms (enqueue 0.0815796 ms)
[02/27/2026-11:10:14] [I] Average on 10 runs - GPU latency: 0.0994629 ms - Host latency: 0.0994629 ms (enqueue 0.0829346 ms)
[02/27/2026-11:10:14] [I] Average on 10 runs - GPU latency: 0.100745 ms - Host latency: 0.100745 ms (enqueue 0.0835327 ms)
[02/27/2026-11:10:14] [I] Average on 10 runs - GPU latency: 0.0979858 ms - Host latency: 0.0979858 ms (enqueue 0.0825439 ms)
[02/27/2026-11:10:14] [I] Average on 10 runs - GPU latency: 0.0983276 ms - Host latency: 0.0983276 ms (enqueue 0.0824219 ms)
[02/27/2026-11:10:14] [I] Average on 10 runs - GPU latency: 0.101294 ms - Host latency: 0.101294 ms (enqueue 0.0861084 ms)
[02/27/2026-11:10:14] [I] Average on 10 runs - GPU latency: 0.0981201 ms - Host latency: 0.0981201 ms (enqueue 0.0824585 ms)
[02/27/2026-11:10:14] [I] Average on 10 runs - GPU latency: 0.0983154 ms - Host latency: 0.0983154 ms (enqueue 0.0820557 ms)
[02/27/2026-11:10:14] [I] Average on 10 runs - GPU latency: 0.100098 ms - Host latency: 0.100098 ms (enqueue 0.0841919 ms)
[02/27/2026-11:10:14] [I] Average on 10 runs - GPU latency: 0.0998047 ms - Host latency: 0.0998047 ms (enqueue 0.0830811 ms)
[02/27/2026-11:10:14] [I] Average on 10 runs - GPU latency: 0.0991943 ms - Host latency: 0.0991943 ms (enqueue 0.0829346 ms)
[02/27/2026-11:10:14] [I] Average on 10 runs - GPU latency: 0.0993408 ms - Host latency: 0.0993408 ms (enqueue 0.0829468 ms)
[02/27/2026-11:10:14] [I] Average on 10 runs - GPU latency: 0.0995728 ms - Host latency: 0.0995728 ms (enqueue 0.0837646 ms)
[02/27/2026-11:10:14] [I] Average on 10 runs - GPU latency: 0.104102 ms - Host latency: 0.104102 ms (enqueue 0.0878662 ms)
[02/27/2026-11:10:14] [I] Average on 10 runs - GPU latency: 0.0983765 ms - Host latency: 0.0983765 ms (enqueue 0.082251 ms)
[02/27/2026-11:10:14] [I] Average on 10 runs - GPU latency: 0.0991211 ms - Host latency: 0.0991211 ms (enqueue 0.0831909 ms)
[02/27/2026-11:10:14] [I] Average on 10 runs - GPU latency: 0.0988159 ms - Host latency: 0.0988159 ms (enqueue 0.0827393 ms)
[02/27/2026-11:10:14] [I] Average on 10 runs - GPU latency: 0.100317 ms - Host latency: 0.100317 ms (enqueue 0.0852173 ms)
[02/27/2026-11:10:14] [I] Average on 10 runs - GPU latency: 0.0978882 ms - Host latency: 0.0978882 ms (enqueue 0.0820557 ms)
[02/27/2026-11:10:14] [I] Average on 10 runs - GPU latency: 0.0985229 ms - Host latency: 0.0985229 ms (enqueue 0.0824463 ms)
[02/27/2026-11:10:14] [I] Average on 10 runs - GPU latency: 0.0976196 ms - Host latency: 0.0976196 ms (enqueue 0.0817627 ms)
[02/27/2026-11:10:14] [I] Average on 10 runs - GPU latency: 0.100159 ms - Host latency: 0.100159 ms (enqueue 0.0850952 ms)
[02/27/2026-11:10:14] [I] Average on 10 runs - GPU latency: 0.0985474 ms - Host latency: 0.0985474 ms (enqueue 0.0825073 ms)
[02/27/2026-11:10:14] [I] Average on 10 runs - GPU latency: 0.101172 ms - Host latency: 0.101172 ms (enqueue 0.0835937 ms)
[02/27/2026-11:10:14] [I] Average on 10 runs - GPU latency: 0.0996948 ms - Host latency: 0.0996948 ms (enqueue 0.0839722 ms)
[02/27/2026-11:10:14] [I] Average on 10 runs - GPU latency: 0.102148 ms - Host latency: 0.102148 ms (enqueue 0.0864136 ms)
[02/27/2026-11:10:14] [I] Average on 10 runs - GPU latency: 0.0978149 ms - Host latency: 0.0978149 ms (enqueue 0.0821533 ms)
[02/27/2026-11:10:14] [I] Average on 10 runs - GPU latency: 0.0977051 ms - Host latency: 0.0977051 ms (enqueue 0.0820068 ms)
[02/27/2026-11:10:14] [I] Average on 10 runs - GPU latency: 0.0990601 ms - Host latency: 0.0990601 ms (enqueue 0.0828735 ms)
[02/27/2026-11:10:14] [I] Average on 10 runs - GPU latency: 0.103442 ms - Host latency: 0.103442 ms (enqueue 0.0876709 ms)
[02/27/2026-11:10:14] [I] Average on 10 runs - GPU latency: 0.0973877 ms - Host latency: 0.0973877 ms (enqueue 0.0821655 ms)
[02/27/2026-11:10:14] [I] Average on 10 runs - GPU latency: 0.0974365 ms - Host latency: 0.0974365 ms (enqueue 0.0820801 ms)
[02/27/2026-11:10:14] [I] Average on 10 runs - GPU latency: 0.0979858 ms - Host latency: 0.0979858 ms (enqueue 0.0839722 ms)
[02/27/2026-11:10:14] [I] Average on 10 runs - GPU latency: 0.101245 ms - Host latency: 0.101245 ms (enqueue 0.084021 ms)
[02/27/2026-11:10:14] [I] Average on 10 runs - GPU latency: 0.0998169 ms - Host latency: 0.0998169 ms (enqueue 0.0837402 ms)
[02/27/2026-11:10:14] [I] Average on 10 runs - GPU latency: 0.0983398 ms - Host latency: 0.0983398 ms (enqueue 0.0825195 ms)
[02/27/2026-11:10:14] [I] Average on 10 runs - GPU latency: 0.100977 ms - Host latency: 0.100977 ms (enqueue 0.0840088 ms)
[02/27/2026-11:10:14] [I] Average on 10 runs - GPU latency: 0.0986206 ms - Host latency: 0.0986206 ms (enqueue 0.0824951 ms)
[02/27/2026-11:10:14] [I] Average on 10 runs - GPU latency: 0.0973511 ms - Host latency: 0.0973511 ms (enqueue 0.0813721 ms)
[02/27/2026-11:10:14] [I] Average on 10 runs - GPU latency: 0.0959473 ms - Host latency: 0.0959473 ms (enqueue 0.0811523 ms)
[02/27/2026-11:10:14] [I] Average on 10 runs - GPU latency: 0.102002 ms - Host latency: 0.102002 ms (enqueue 0.0876709 ms)
[02/27/2026-11:10:14] [I] Average on 10 runs - GPU latency: 0.0996338 ms - Host latency: 0.0996338 ms (enqueue 0.0832642 ms)
[02/27/2026-11:10:14] [I] Average on 10 runs - GPU latency: 0.0984375 ms - Host latency: 0.0984375 ms (enqueue 0.0824219 ms)
[02/27/2026-11:10:14] [I] Average on 10 runs - GPU latency: 0.0980347 ms - Host latency: 0.0980347 ms (enqueue 0.0824341 ms)
[02/27/2026-11:10:14] [I] Average on 10 runs - GPU latency: 0.10094 ms - Host latency: 0.10094 ms (enqueue 0.0849487 ms)
[02/27/2026-11:10:14] [I] Average on 10 runs - GPU latency: 0.0981079 ms - Host latency: 0.0981079 ms (enqueue 0.0823242 ms)
[02/27/2026-11:10:14] [I] Average on 10 runs - GPU latency: 0.097583 ms - Host latency: 0.097583 ms (enqueue 0.0824097 ms)
[02/27/2026-11:10:14] [I] Average on 10 runs - GPU latency: 0.100708 ms - Host latency: 0.100708 ms (enqueue 0.0829346 ms)
[02/27/2026-11:10:14] [I] Average on 10 runs - GPU latency: 0.100427 ms - Host latency: 0.100427 ms (enqueue 0.0857422 ms)
[02/27/2026-11:10:14] [I] Average on 10 runs - GPU latency: 0.0987061 ms - Host latency: 0.0987061 ms (enqueue 0.0823975 ms)
[02/27/2026-11:10:14] [I] Average on 10 runs - GPU latency: 0.0971558 ms - Host latency: 0.0971558 ms (enqueue 0.0822266 ms)
[02/27/2026-11:10:14] [I] Average on 10 runs - GPU latency: 0.0987183 ms - Host latency: 0.0987183 ms (enqueue 0.0826538 ms)
[02/27/2026-11:10:14] [I] Average on 10 runs - GPU latency: 0.100952 ms - Host latency: 0.100952 ms (enqueue 0.0848511 ms)
[02/27/2026-11:10:14] [I] Average on 10 runs - GPU latency: 0.0974976 ms - Host latency: 0.0974976 ms (enqueue 0.0816406 ms)
[02/27/2026-11:10:14] [I] Average on 10 runs - GPU latency: 0.0984253 ms - Host latency: 0.0984253 ms (enqueue 0.0828369 ms)
[02/27/2026-11:10:14] [I] Average on 10 runs - GPU latency: 0.0981079 ms - Host latency: 0.0981079 ms (enqueue 0.0822632 ms)
[02/27/2026-11:10:14] [I] Average on 10 runs - GPU latency: 0.0989746 ms - Host latency: 0.0989746 ms (enqueue 0.0835083 ms)
[02/27/2026-11:10:14] [I] Average on 10 runs - GPU latency: 0.0979004 ms - Host latency: 0.0979004 ms (enqueue 0.0820068 ms)
[02/27/2026-11:10:14] [I] Average on 10 runs - GPU latency: 0.0977661 ms - Host latency: 0.0977661 ms (enqueue 0.0818848 ms)
[02/27/2026-11:10:14] [I] Average on 10 runs - GPU latency: 0.100244 ms - Host latency: 0.100244 ms (enqueue 0.0833374 ms)
[02/27/2026-11:10:14] [I] Average on 10 runs - GPU latency: 0.100928 ms - Host latency: 0.100928 ms (enqueue 0.0850708 ms)
[02/27/2026-11:10:14] [I] Average on 10 runs - GPU latency: 0.100256 ms - Host latency: 0.100256 ms (enqueue 0.0842773 ms)
[02/27/2026-11:10:14] [I] Average on 10 runs - GPU latency: 0.0990479 ms - Host latency: 0.0990479 ms (enqueue 0.0826172 ms)
[02/27/2026-11:10:14] [I] Average on 10 runs - GPU latency: 0.0991211 ms - Host latency: 0.0991211 ms (enqueue 0.0832642 ms)
[02/27/2026-11:10:14] [I] Average on 10 runs - GPU latency: 0.104016 ms - Host latency: 0.104016 ms (enqueue 0.0870728 ms)
[02/27/2026-11:10:14] [I] Average on 10 runs - GPU latency: 0.0976685 ms - Host latency: 0.0976685 ms (enqueue 0.0821533 ms)
[02/27/2026-11:10:14] [I] Average on 10 runs - GPU latency: 0.0985352 ms - Host latency: 0.0985352 ms (enqueue 0.0822632 ms)
[02/27/2026-11:10:14] [I] Average on 10 runs - GPU latency: 0.098645 ms - Host latency: 0.098645 ms (enqueue 0.0830078 ms)
[02/27/2026-11:10:14] [I] Average on 10 runs - GPU latency: 0.0997436 ms - Host latency: 0.0997436 ms (enqueue 0.0845825 ms)
[02/27/2026-11:10:14] [I] Average on 10 runs - GPU latency: 0.0987061 ms - Host latency: 0.0987061 ms (enqueue 0.0825073 ms)
[02/27/2026-11:10:14] [I] Average on 10 runs - GPU latency: 0.0997681 ms - Host latency: 0.0997681 ms (enqueue 0.0829346 ms)
[02/27/2026-11:10:14] [I] Average on 10 runs - GPU latency: 0.0977661 ms - Host latency: 0.0977661 ms (enqueue 0.0822022 ms)
[02/27/2026-11:10:14] [I] Average on 10 runs - GPU latency: 0.0998535 ms - Host latency: 0.0998535 ms (enqueue 0.0837891 ms)
[02/27/2026-11:10:14] [I] Average on 10 runs - GPU latency: 0.0978882 ms - Host latency: 0.0978882 ms (enqueue 0.0822754 ms)
[02/27/2026-11:10:14] [I] Average on 10 runs - GPU latency: 0.0981812 ms - Host latency: 0.0981812 ms (enqueue 0.082373 ms)
[02/27/2026-11:10:14] [I] Average on 10 runs - GPU latency: 0.0962769 ms - Host latency: 0.0962769 ms (enqueue 0.0811157 ms)
[02/27/2026-11:10:14] [I] Average on 10 runs - GPU latency: 0.100684 ms - Host latency: 0.100684 ms (enqueue 0.0844849 ms)
[02/27/2026-11:10:14] [I] Average on 10 runs - GPU latency: 0.0982788 ms - Host latency: 0.0982788 ms (enqueue 0.0822266 ms)
[02/27/2026-11:10:14] [I] Average on 10 runs - GPU latency: 0.0987671 ms - Host latency: 0.0987671 ms (enqueue 0.0827026 ms)
[02/27/2026-11:10:14] [I] Average on 10 runs - GPU latency: 0.0978272 ms - Host latency: 0.0978272 ms (enqueue 0.0821045 ms)
[02/27/2026-11:10:14] [I] Average on 10 runs - GPU latency: 0.1005 ms - Host latency: 0.1005 ms (enqueue 0.0840698 ms)
[02/27/2026-11:10:14] [I] Average on 10 runs - GPU latency: 0.100549 ms - Host latency: 0.100549 ms (enqueue 0.0835449 ms)
[02/27/2026-11:10:14] [I] Average on 10 runs - GPU latency: 0.099585 ms - Host latency: 0.099585 ms (enqueue 0.0836914 ms)
[02/27/2026-11:10:14] [I] Average on 10 runs - GPU latency: 0.0989502 ms - Host latency: 0.0989502 ms (enqueue 0.0825073 ms)
[02/27/2026-11:10:14] [I] Average on 10 runs - GPU latency: 0.100818 ms - Host latency: 0.100818 ms (enqueue 0.0855225 ms)
[02/27/2026-11:10:14] [I] Average on 10 runs - GPU latency: 0.0986206 ms - Host latency: 0.0986206 ms (enqueue 0.0824219 ms)
[02/27/2026-11:10:14] [I] Average on 10 runs - GPU latency: 0.097876 ms - Host latency: 0.097876 ms (enqueue 0.0822266 ms)
[02/27/2026-11:10:14] [I] Average on 10 runs - GPU latency: 0.0967651 ms - Host latency: 0.0967651 ms (enqueue 0.0810669 ms)
[02/27/2026-11:10:14] [I] Average on 10 runs - GPU latency: 0.099585 ms - Host latency: 0.099585 ms (enqueue 0.0838867 ms)
[02/27/2026-11:10:14] [I] Average on 10 runs - GPU latency: 0.0981079 ms - Host latency: 0.0981079 ms (enqueue 0.0821289 ms)
[02/27/2026-11:10:14] [I] Average on 10 runs - GPU latency: 0.0985107 ms - Host latency: 0.0985107 ms (enqueue 0.0825439 ms)
[02/27/2026-11:10:14] [I] Average on 10 runs - GPU latency: 0.0977539 ms - Host latency: 0.0977539 ms (enqueue 0.0818237 ms)
[02/27/2026-11:10:14] [I] Average on 10 runs - GPU latency: 0.099585 ms - Host latency: 0.099585 ms (enqueue 0.084314 ms)
[02/27/2026-11:10:14] [I] Average on 10 runs - GPU latency: 0.100525 ms - Host latency: 0.100525 ms (enqueue 0.0836548 ms)
[02/27/2026-11:10:14] [I] Average on 10 runs - GPU latency: 0.0992554 ms - Host latency: 0.0992554 ms (enqueue 0.0829346 ms)
[02/27/2026-11:10:14] [I] Average on 10 runs - GPU latency: 0.097644 ms - Host latency: 0.097644 ms (enqueue 0.0817261 ms)
[02/27/2026-11:10:14] [I] Average on 10 runs - GPU latency: 0.0993164 ms - Host latency: 0.0993164 ms (enqueue 0.0841186 ms)
[02/27/2026-11:10:14] [I] Average on 10 runs - GPU latency: 0.100049 ms - Host latency: 0.100049 ms (enqueue 0.0841064 ms)
[02/27/2026-11:10:14] [I] Average on 10 runs - GPU latency: 0.0972778 ms - Host latency: 0.0972778 ms (enqueue 0.0814697 ms)
[02/27/2026-11:10:14] [I] Average on 10 runs - GPU latency: 0.0994141 ms - Host latency: 0.0994141 ms (enqueue 0.0832642 ms)
[02/27/2026-11:10:14] [I] Average on 10 runs - GPU latency: 0.100085 ms - Host latency: 0.100085 ms (enqueue 0.0848511 ms)
[02/27/2026-11:10:14] [I] Average on 10 runs - GPU latency: 0.0989746 ms - Host latency: 0.0989746 ms (enqueue 0.0827515 ms)
[02/27/2026-11:10:14] [I] Average on 10 runs - GPU latency: 0.0980469 ms - Host latency: 0.0980469 ms (enqueue 0.0822266 ms)
[02/27/2026-11:10:14] [I] Average on 10 runs - GPU latency: 0.0977783 ms - Host latency: 0.0977783 ms (enqueue 0.0816528 ms)
[02/27/2026-11:10:14] [I] Average on 10 runs - GPU latency: 0.102002 ms - Host latency: 0.102002 ms (enqueue 0.0844238 ms)
[02/27/2026-11:10:14] [I] Average on 10 runs - GPU latency: 0.0984375 ms - Host latency: 0.0984375 ms (enqueue 0.0828247 ms)
[02/27/2026-11:10:14] [I] Average on 10 runs - GPU latency: 0.098877 ms - Host latency: 0.098877 ms (enqueue 0.0829468 ms)
[02/27/2026-11:10:14] [I] Average on 10 runs - GPU latency: 0.0994141 ms - Host latency: 0.0994141 ms (enqueue 0.0831787 ms)
[02/27/2026-11:10:14] [I] Average on 10 runs - GPU latency: 0.101013 ms - Host latency: 0.101013 ms (enqueue 0.0850708 ms)
[02/27/2026-11:10:14] [I] Average on 10 runs - GPU latency: 0.0998047 ms - Host latency: 0.0998047 ms (enqueue 0.0830444 ms)
[02/27/2026-11:10:14] [I] Average on 10 runs - GPU latency: 0.0990723 ms - Host latency: 0.0990723 ms (enqueue 0.082959 ms)
[02/27/2026-11:10:14] [I] Average on 10 runs - GPU latency: 0.0980103 ms - Host latency: 0.0980103 ms (enqueue 0.082312 ms)
[02/27/2026-11:10:14] [I] Average on 10 runs - GPU latency: 0.100525 ms - Host latency: 0.100525 ms (enqueue 0.0854492 ms)
[02/27/2026-11:10:14] [I] Average on 10 runs - GPU latency: 0.0984131 ms - Host latency: 0.0984131 ms (enqueue 0.0820679 ms)
[02/27/2026-11:10:14] [I] Average on 10 runs - GPU latency: 0.0978027 ms - Host latency: 0.0978027 ms (enqueue 0.0824341 ms)
[02/27/2026-11:10:14] [I] Average on 10 runs - GPU latency: 0.10061 ms - Host latency: 0.10061 ms (enqueue 0.0834961 ms)
[02/27/2026-11:10:14] [I] Average on 10 runs - GPU latency: 0.101343 ms - Host latency: 0.101343 ms (enqueue 0.0853271 ms)
[02/27/2026-11:10:14] [I] Average on 10 runs - GPU latency: 0.0976929 ms - Host latency: 0.0976929 ms (enqueue 0.0821289 ms)
[02/27/2026-11:10:14] [I] Average on 10 runs - GPU latency: 0.0980591 ms - Host latency: 0.0980591 ms (enqueue 0.0821289 ms)
[02/27/2026-11:10:14] [I] Average on 10 runs - GPU latency: 0.0979614 ms - Host latency: 0.0979614 ms (enqueue 0.0824219 ms)
[02/27/2026-11:10:14] [I] Average on 10 runs - GPU latency: 0.099939 ms - Host latency: 0.099939 ms (enqueue 0.0828247 ms)
[02/27/2026-11:10:14] [I] Average on 10 runs - GPU latency: 0.0981567 ms - Host latency: 0.0981567 ms (enqueue 0.0823975 ms)
[02/27/2026-11:10:14] [I] Average on 10 runs - GPU latency: 0.0979004 ms - Host latency: 0.0979004 ms (enqueue 0.0824951 ms)
[02/27/2026-11:10:14] [I] Average on 10 runs - GPU latency: 0.0988647 ms - Host latency: 0.0988647 ms (enqueue 0.0827759 ms)
[02/27/2026-11:10:14] [I] Average on 10 runs - GPU latency: 0.100745 ms - Host latency: 0.100745 ms (enqueue 0.0845825 ms)
[02/27/2026-11:10:14] [I] Average on 10 runs - GPU latency: 0.0988037 ms - Host latency: 0.0988037 ms (enqueue 0.0828613 ms)
[02/27/2026-11:10:14] [I] Average on 10 runs - GPU latency: 0.097876 ms - Host latency: 0.097876 ms (enqueue 0.0822388 ms)
[02/27/2026-11:10:14] [I] Average on 10 runs - GPU latency: 0.0998169 ms - Host latency: 0.0998169 ms (enqueue 0.0831055 ms)
[02/27/2026-11:10:14] [I] Average on 10 runs - GPU latency: 0.100085 ms - Host latency: 0.100085 ms (enqueue 0.0847778 ms)
[02/27/2026-11:10:14] [I] Average on 10 runs - GPU latency: 0.0995972 ms - Host latency: 0.0995972 ms (enqueue 0.0829468 ms)
[02/27/2026-11:10:14] [I] Average on 10 runs - GPU latency: 0.0991577 ms - Host latency: 0.0991577 ms (enqueue 0.0836548 ms)
[02/27/2026-11:10:14] [I] Average on 10 runs - GPU latency: 0.0995972 ms - Host latency: 0.0995972 ms (enqueue 0.084729 ms)
[02/27/2026-11:10:14] [I] Average on 10 runs - GPU latency: 0.100806 ms - Host latency: 0.100806 ms (enqueue 0.0837891 ms)
[02/27/2026-11:10:14] [I] Average on 10 runs - GPU latency: 0.0985474 ms - Host latency: 0.0985474 ms (enqueue 0.0823242 ms)
[02/27/2026-11:10:14] [I] Average on 10 runs - GPU latency: 0.0980713 ms - Host latency: 0.0980713 ms (enqueue 0.0823608 ms)
[02/27/2026-11:10:14] [I] Average on 10 runs - GPU latency: 0.100574 ms - Host latency: 0.100574 ms (enqueue 0.0853027 ms)
[02/27/2026-11:10:14] [I] Average on 10 runs - GPU latency: 0.0985474 ms - Host latency: 0.0985474 ms (enqueue 0.0817627 ms)
[02/27/2026-11:10:14] [I] Average on 10 runs - GPU latency: 0.0974365 ms - Host latency: 0.0974365 ms (enqueue 0.0819946 ms)
[02/27/2026-11:10:14] [I] Average on 10 runs - GPU latency: 0.0996826 ms - Host latency: 0.0996826 ms (enqueue 0.0836914 ms)
[02/27/2026-11:10:14] [I] Average on 10 runs - GPU latency: 0.100476 ms - Host latency: 0.100476 ms (enqueue 0.0841186 ms)
[02/27/2026-11:10:14] [I] Average on 10 runs - GPU latency: 0.0996338 ms - Host latency: 0.0996338 ms (enqueue 0.0828979 ms)
[02/27/2026-11:10:14] [I] Average on 10 runs - GPU latency: 0.0970581 ms - Host latency: 0.0970581 ms (enqueue 0.0813965 ms)
[02/27/2026-11:10:14] [I] Average on 10 runs - GPU latency: 0.0982666 ms - Host latency: 0.0982666 ms (enqueue 0.081958 ms)
[02/27/2026-11:10:14] [I] Average on 10 runs - GPU latency: 0.098877 ms - Host latency: 0.098877 ms (enqueue 0.0855469 ms)
[02/27/2026-11:10:14] [I] Average on 10 runs - GPU latency: 0.10083 ms - Host latency: 0.10083 ms (enqueue 0.0835571 ms)
[02/27/2026-11:10:14] [I] Average on 10 runs - GPU latency: 0.0990967 ms - Host latency: 0.0990967 ms (enqueue 0.0831909 ms)
[02/27/2026-11:10:14] [I] Average on 10 runs - GPU latency: 0.0981201 ms - Host latency: 0.0981201 ms (enqueue 0.0826782 ms)
[02/27/2026-11:10:14] [I] Average on 10 runs - GPU latency: 0.101001 ms - Host latency: 0.101001 ms (enqueue 0.0850586 ms)
[02/27/2026-11:10:14] [I] Average on 10 runs - GPU latency: 0.0977417 ms - Host latency: 0.0977417 ms (enqueue 0.0820312 ms)
[02/27/2026-11:10:14] [I] Average on 10 runs - GPU latency: 0.097522 ms - Host latency: 0.097522 ms (enqueue 0.0814209 ms)
[02/27/2026-11:10:14] [I] Average on 10 runs - GPU latency: 0.100745 ms - Host latency: 0.100745 ms (enqueue 0.0842407 ms)
[02/27/2026-11:10:14] [I] Average on 10 runs - GPU latency: 0.100623 ms - Host latency: 0.100623 ms (enqueue 0.0855103 ms)
[02/27/2026-11:10:14] [I] Average on 10 runs - GPU latency: 0.0996948 ms - Host latency: 0.0996948 ms (enqueue 0.0838013 ms)
[02/27/2026-11:10:14] [I] Average on 10 runs - GPU latency: 0.0997436 ms - Host latency: 0.0997436 ms (enqueue 0.0837769 ms)
[02/27/2026-11:10:14] [I] Average on 10 runs - GPU latency: 0.0986328 ms - Host latency: 0.0986328 ms (enqueue 0.0828125 ms)
[02/27/2026-11:10:14] [I] Average on 10 runs - GPU latency: 0.101074 ms - Host latency: 0.101074 ms (enqueue 0.0843018 ms)
[02/27/2026-11:10:14] [I] Average on 10 runs - GPU latency: 0.0993164 ms - Host latency: 0.0993164 ms (enqueue 0.0833252 ms)
[02/27/2026-11:10:14] [I] Average on 10 runs - GPU latency: 0.0995361 ms - Host latency: 0.0995361 ms (enqueue 0.08396 ms)
[02/27/2026-11:10:14] [I] Average on 10 runs - GPU latency: 0.0975464 ms - Host latency: 0.0975464 ms (enqueue 0.0819824 ms)
[02/27/2026-11:10:14] [I] Average on 10 runs - GPU latency: 0.101611 ms - Host latency: 0.101611 ms (enqueue 0.0858887 ms)
[02/27/2026-11:10:14] [I] Average on 10 runs - GPU latency: 0.0972412 ms - Host latency: 0.0972412 ms (enqueue 0.0820801 ms)
[02/27/2026-11:10:14] [I] Average on 10 runs - GPU latency: 0.100183 ms - Host latency: 0.100183 ms (enqueue 0.0834961 ms)
[02/27/2026-11:10:14] [I] Average on 10 runs - GPU latency: 0.0985352 ms - Host latency: 0.0985352 ms (enqueue 0.0830566 ms)
[02/27/2026-11:10:14] [I] Average on 10 runs - GPU latency: 0.101611 ms - Host latency: 0.101611 ms (enqueue 0.0845459 ms)
[02/27/2026-11:10:14] [I] Average on 10 runs - GPU latency: 0.100781 ms - Host latency: 0.100781 ms (enqueue 0.084082 ms)
[02/27/2026-11:10:14] [I] Average on 10 runs - GPU latency: 0.0981934 ms - Host latency: 0.0981934 ms (enqueue 0.0827759 ms)
[02/27/2026-11:10:14] [I] Average on 10 runs - GPU latency: 0.0991211 ms - Host latency: 0.0991211 ms (enqueue 0.0828857 ms)
[02/27/2026-11:10:14] [I] Average on 10 runs - GPU latency: 0.100488 ms - Host latency: 0.100488 ms (enqueue 0.0852661 ms)
[02/27/2026-11:10:14] [I] Average on 10 runs - GPU latency: 0.0987427 ms - Host latency: 0.0987427 ms (enqueue 0.0826294 ms)
[02/27/2026-11:10:14] [I] Average on 10 runs - GPU latency: 0.0990479 ms - Host latency: 0.0990479 ms (enqueue 0.0825684 ms)
[02/27/2026-11:10:14] [I] Average on 10 runs - GPU latency: 0.0992432 ms - Host latency: 0.0992432 ms (enqueue 0.0827271 ms)
[02/27/2026-11:10:14] [I] Average on 10 runs - GPU latency: 0.100842 ms - Host latency: 0.100842 ms (enqueue 0.0858887 ms)
[02/27/2026-11:10:14] [I] Average on 10 runs - GPU latency: 0.0995728 ms - Host latency: 0.0995728 ms (enqueue 0.0829102 ms)
[02/27/2026-11:10:14] [I] Average on 10 runs - GPU latency: 0.0981689 ms - Host latency: 0.0981689 ms (enqueue 0.082251 ms)
[02/27/2026-11:10:14] [I] Average on 10 runs - GPU latency: 0.0989868 ms - Host latency: 0.0989868 ms (enqueue 0.0834106 ms)
[02/27/2026-11:10:14] [I] Average on 10 runs - GPU latency: 0.102185 ms - Host latency: 0.102185 ms (enqueue 0.0860596 ms)
[02/27/2026-11:10:14] [I] Average on 10 runs - GPU latency: 0.0988159 ms - Host latency: 0.0988159 ms (enqueue 0.0826782 ms)
[02/27/2026-11:10:14] [I] Average on 10 runs - GPU latency: 0.0987061 ms - Host latency: 0.0987061 ms (enqueue 0.0825073 ms)
[02/27/2026-11:10:14] [I] Average on 10 runs - GPU latency: 0.0972656 ms - Host latency: 0.0972656 ms (enqueue 0.0820923 ms)
[02/27/2026-11:10:14] [I] Average on 10 runs - GPU latency: 0.10011 ms - Host latency: 0.10011 ms (enqueue 0.0844116 ms)
[02/27/2026-11:10:14] [I] Average on 10 runs - GPU latency: 0.0966187 ms - Host latency: 0.0966187 ms (enqueue 0.0813232 ms)
[02/27/2026-11:10:14] [I] Average on 10 runs - GPU latency: 0.0970459 ms - Host latency: 0.0970459 ms (enqueue 0.0816528 ms)
[02/27/2026-11:10:14] [I] Average on 10 runs - GPU latency: 0.0981934 ms - Host latency: 0.0981934 ms (enqueue 0.082666 ms)
[02/27/2026-11:10:14] [I] Average on 10 runs - GPU latency: 0.0992187 ms - Host latency: 0.0992187 ms (enqueue 0.0843018 ms)
[02/27/2026-11:10:14] [I] Average on 10 runs - GPU latency: 0.0984985 ms - Host latency: 0.0984985 ms (enqueue 0.0822632 ms)
[02/27/2026-11:10:14] [I] Average on 10 runs - GPU latency: 0.0966919 ms - Host latency: 0.0966919 ms (enqueue 0.0813232 ms)
[02/27/2026-11:10:14] [I] Average on 10 runs - GPU latency: 0.0970215 ms - Host latency: 0.0970215 ms (enqueue 0.0812378 ms)
[02/27/2026-11:10:14] [I] Average on 10 runs - GPU latency: 0.0993896 ms - Host latency: 0.0993896 ms (enqueue 0.0832642 ms)
[02/27/2026-11:10:14] [I] Average on 10 runs - GPU latency: 0.0974976 ms - Host latency: 0.0974976 ms (enqueue 0.0820679 ms)
[02/27/2026-11:10:14] [I] Average on 10 runs - GPU latency: 0.0967651 ms - Host latency: 0.0967651 ms (enqueue 0.0814941 ms)
[02/27/2026-11:10:14] [I] Average on 10 runs - GPU latency: 0.0979614 ms - Host latency: 0.0979614 ms (enqueue 0.0819702 ms)
[02/27/2026-11:10:14] [I] Average on 10 runs - GPU latency: 0.0992432 ms - Host latency: 0.0992432 ms (enqueue 0.0836182 ms)
[02/27/2026-11:10:14] [I] Average on 10 runs - GPU latency: 0.0977417 ms - Host latency: 0.0977417 ms (enqueue 0.0822632 ms)
[02/27/2026-11:10:14] [I] Average on 10 runs - GPU latency: 0.0983154 ms - Host latency: 0.0983154 ms (enqueue 0.0825684 ms)
[02/27/2026-11:10:14] [I] Average on 10 runs - GPU latency: 0.098938 ms - Host latency: 0.098938 ms (enqueue 0.0831421 ms)
[02/27/2026-11:10:14] [I] Average on 10 runs - GPU latency: 0.0999634 ms - Host latency: 0.0999634 ms (enqueue 0.0850342 ms)
[02/27/2026-11:10:14] [I] Average on 10 runs - GPU latency: 0.0993286 ms - Host latency: 0.0993286 ms (enqueue 0.0830933 ms)
[02/27/2026-11:10:14] [I] Average on 10 runs - GPU latency: 0.0977661 ms - Host latency: 0.0977661 ms (enqueue 0.0822266 ms)
[02/27/2026-11:10:14] [I] Average on 10 runs - GPU latency: 0.0967896 ms - Host latency: 0.0967896 ms (enqueue 0.0813232 ms)
[02/27/2026-11:10:14] [I] Average on 10 runs - GPU latency: 0.10199 ms - Host latency: 0.10199 ms (enqueue 0.0915405 ms)
[02/27/2026-11:10:14] [I] Average on 10 runs - GPU latency: 0.099585 ms - Host latency: 0.099585 ms (enqueue 0.0830933 ms)
[02/27/2026-11:10:14] [I] Average on 10 runs - GPU latency: 0.0983276 ms - Host latency: 0.0983276 ms (enqueue 0.0828003 ms)
[02/27/2026-11:10:14] [I] Average on 10 runs - GPU latency: 0.101208 ms - Host latency: 0.101208 ms (enqueue 0.0835937 ms)
[02/27/2026-11:10:14] [I] Average on 10 runs - GPU latency: 0.0979614 ms - Host latency: 0.0979614 ms (enqueue 0.0827759 ms)
[02/27/2026-11:10:14] [I] Average on 10 runs - GPU latency: 0.0983276 ms - Host latency: 0.0983276 ms (enqueue 0.0828613 ms)
[02/27/2026-11:10:14] [I] Average on 10 runs - GPU latency: 0.0998413 ms - Host latency: 0.0998413 ms (enqueue 0.0833984 ms)
[02/27/2026-11:10:14] [I] Average on 10 runs - GPU latency: 0.102966 ms - Host latency: 0.102966 ms (enqueue 0.0868042 ms)
[02/27/2026-11:10:14] [I] Average on 10 runs - GPU latency: 0.0991333 ms - Host latency: 0.0991333 ms (enqueue 0.0830566 ms)
[02/27/2026-11:10:14] [I] Average on 10 runs - GPU latency: 0.0983398 ms - Host latency: 0.0983398 ms (enqueue 0.0825195 ms)
[02/27/2026-11:10:14] [I] Average on 10 runs - GPU latency: 0.1 ms - Host latency: 0.1 ms (enqueue 0.0834961 ms)
[02/27/2026-11:10:14] [I] Average on 10 runs - GPU latency: 0.1021 ms - Host latency: 0.1021 ms (enqueue 0.0865967 ms)
[02/27/2026-11:10:14] [I] Average on 10 runs - GPU latency: 0.0994873 ms - Host latency: 0.0994873 ms (enqueue 0.0832764 ms)
[02/27/2026-11:10:14] [I] Average on 10 runs - GPU latency: 0.0967407 ms - Host latency: 0.0967407 ms (enqueue 0.0813232 ms)
[02/27/2026-11:10:14] [I] Average on 10 runs - GPU latency: 0.0987671 ms - Host latency: 0.0987671 ms (enqueue 0.0830444 ms)
[02/27/2026-11:10:14] [I] Average on 10 runs - GPU latency: 0.101575 ms - Host latency: 0.101575 ms (enqueue 0.0843018 ms)
[02/27/2026-11:10:14] [I] Average on 10 runs - GPU latency: 0.0972778 ms - Host latency: 0.0972778 ms (enqueue 0.0821899 ms)
[02/27/2026-11:10:14] [I] Average on 10 runs - GPU latency: 0.0987183 ms - Host latency: 0.0987183 ms (enqueue 0.0828613 ms)
[02/27/2026-11:10:14] [I] Average on 10 runs - GPU latency: 0.0981689 ms - Host latency: 0.0981689 ms (enqueue 0.0822022 ms)
[02/27/2026-11:10:14] [I] Average on 10 runs - GPU latency: 0.102087 ms - Host latency: 0.102087 ms (enqueue 0.0866455 ms)
[02/27/2026-11:10:14] [I] Average on 10 runs - GPU latency: 0.099292 ms - Host latency: 0.099292 ms (enqueue 0.0836182 ms)
[02/27/2026-11:10:14] [I] Average on 10 runs - GPU latency: 0.0990112 ms - Host latency: 0.0990112 ms (enqueue 0.0822022 ms)
[02/27/2026-11:10:14] [I] Average on 10 runs - GPU latency: 0.0991211 ms - Host latency: 0.0991211 ms (enqueue 0.0835205 ms)
[02/27/2026-11:10:14] [I] Average on 10 runs - GPU latency: 0.100415 ms - Host latency: 0.100415 ms (enqueue 0.0834961 ms)
[02/27/2026-11:10:14] [I] Average on 10 runs - GPU latency: 0.098938 ms - Host latency: 0.098938 ms (enqueue 0.0827881 ms)
[02/27/2026-11:10:14] [I] Average on 10 runs - GPU latency: 0.0980713 ms - Host latency: 0.0980713 ms (enqueue 0.0824585 ms)
[02/27/2026-11:10:14] [I] Average on 10 runs - GPU latency: 0.0971558 ms - Host latency: 0.0971558 ms (enqueue 0.0815552 ms)
[02/27/2026-11:10:14] [I] Average on 10 runs - GPU latency: 0.100659 ms - Host latency: 0.100659 ms (enqueue 0.0852905 ms)
[02/27/2026-11:10:14] [I] Average on 10 runs - GPU latency: 0.0978394 ms - Host latency: 0.0978394 ms (enqueue 0.0823364 ms)
[02/27/2026-11:10:14] [I] Average on 10 runs - GPU latency: 0.0987427 ms - Host latency: 0.0987427 ms (enqueue 0.0828613 ms)
[02/27/2026-11:10:14] [I] Average on 10 runs - GPU latency: 0.0994385 ms - Host latency: 0.0994385 ms (enqueue 0.0831421 ms)
[02/27/2026-11:10:14] [I] Average on 10 runs - GPU latency: 0.101123 ms - Host latency: 0.101123 ms (enqueue 0.085022 ms)
[02/27/2026-11:10:14] [I] Average on 10 runs - GPU latency: 0.0996826 ms - Host latency: 0.0996826 ms (enqueue 0.0832275 ms)
[02/27/2026-11:10:14] [I] Average on 10 runs - GPU latency: 0.0992554 ms - Host latency: 0.0992554 ms (enqueue 0.083252 ms)
[02/27/2026-11:10:14] [I] Average on 10 runs - GPU latency: 0.0985107 ms - Host latency: 0.0985107 ms (enqueue 0.0826416 ms)
[02/27/2026-11:10:14] [I] Average on 10 runs - GPU latency: 0.100366 ms - Host latency: 0.100366 ms (enqueue 0.084729 ms)
[02/27/2026-11:10:14] [I] Average on 10 runs - GPU latency: 0.0989014 ms - Host latency: 0.0989014 ms (enqueue 0.0827393 ms)
[02/27/2026-11:10:14] [I] Average on 10 runs - GPU latency: 0.0990112 ms - Host latency: 0.0990112 ms (enqueue 0.0830078 ms)
[02/27/2026-11:10:14] [I] Average on 10 runs - GPU latency: 0.0973877 ms - Host latency: 0.0973877 ms (enqueue 0.0814453 ms)
[02/27/2026-11:10:14] [I] Average on 10 runs - GPU latency: 0.0993774 ms - Host latency: 0.0993774 ms (enqueue 0.0848267 ms)
[02/27/2026-11:10:14] [I] Average on 10 runs - GPU latency: 0.0975342 ms - Host latency: 0.0975342 ms (enqueue 0.0820923 ms)
[02/27/2026-11:10:14] [I] Average on 10 runs - GPU latency: 0.0980591 ms - Host latency: 0.0980591 ms (enqueue 0.0816895 ms)
[02/27/2026-11:10:14] [I] Average on 10 runs - GPU latency: 0.0991211 ms - Host latency: 0.0991211 ms (enqueue 0.0826782 ms)
[02/27/2026-11:10:14] [I] Average on 10 runs - GPU latency: 0.103394 ms - Host latency: 0.103394 ms (enqueue 0.0867065 ms)
[02/27/2026-11:10:14] [I] Average on 10 runs - GPU latency: 0.0986206 ms - Host latency: 0.0986206 ms (enqueue 0.0832275 ms)
[02/27/2026-11:10:14] [I] Average on 10 runs - GPU latency: 0.098291 ms - Host latency: 0.098291 ms (enqueue 0.0820679 ms)
[02/27/2026-11:10:14] [I] Average on 10 runs - GPU latency: 0.097937 ms - Host latency: 0.097937 ms (enqueue 0.0842407 ms)
[02/27/2026-11:10:14] [I] Average on 10 runs - GPU latency: 0.101343 ms - Host latency: 0.101343 ms (enqueue 0.084021 ms)
[02/27/2026-11:10:14] [I] Average on 10 runs - GPU latency: 0.0974731 ms - Host latency: 0.0974731 ms (enqueue 0.0820557 ms)
[02/27/2026-11:10:14] [I] Average on 10 runs - GPU latency: 0.0980713 ms - Host latency: 0.0980713 ms (enqueue 0.0827637 ms)
[02/27/2026-11:10:14] [I] Average on 10 runs - GPU latency: 0.0998291 ms - Host latency: 0.0998291 ms (enqueue 0.0842163 ms)
[02/27/2026-11:10:14] [I] Average on 10 runs - GPU latency: 0.0984375 ms - Host latency: 0.0984375 ms (enqueue 0.0821045 ms)
[02/27/2026-11:10:14] [I] Average on 10 runs - GPU latency: 0.0980469 ms - Host latency: 0.0980469 ms (enqueue 0.0823608 ms)
[02/27/2026-11:10:14] [I] Average on 10 runs - GPU latency: 0.100146 ms - Host latency: 0.100146 ms (enqueue 0.0836426 ms)
[02/27/2026-11:10:14] [I] Average on 10 runs - GPU latency: 0.100049 ms - Host latency: 0.100049 ms (enqueue 0.0848022 ms)
[02/27/2026-11:10:14] [I] Average on 10 runs - GPU latency: 0.0980103 ms - Host latency: 0.0980103 ms (enqueue 0.0818726 ms)
[02/27/2026-11:10:14] [I] Average on 10 runs - GPU latency: 0.0979126 ms - Host latency: 0.0979126 ms (enqueue 0.0829712 ms)
[02/27/2026-11:10:14] [I] Average on 10 runs - GPU latency: 0.0997681 ms - Host latency: 0.0997681 ms (enqueue 0.0832886 ms)
[02/27/2026-11:10:14] [I] Average on 10 runs - GPU latency: 0.0999512 ms - Host latency: 0.0999512 ms (enqueue 0.0849487 ms)
[02/27/2026-11:10:14] [I] Average on 10 runs - GPU latency: 0.0993286 ms - Host latency: 0.0993286 ms (enqueue 0.082959 ms)
[02/27/2026-11:10:14] [I] Average on 10 runs - GPU latency: 0.0982056 ms - Host latency: 0.0982056 ms (enqueue 0.0826904 ms)
[02/27/2026-11:10:14] [I] Average on 10 runs - GPU latency: 0.0987671 ms - Host latency: 0.0987671 ms (enqueue 0.0827393 ms)
[02/27/2026-11:10:14] [I] Average on 10 runs - GPU latency: 0.100891 ms - Host latency: 0.100891 ms (enqueue 0.0848267 ms)
[02/27/2026-11:10:14] [I] Average on 10 runs - GPU latency: 0.0984375 ms - Host latency: 0.0984375 ms (enqueue 0.082666 ms)
[02/27/2026-11:10:14] [I] Average on 10 runs - GPU latency: 0.100244 ms - Host latency: 0.100244 ms (enqueue 0.0835449 ms)
[02/27/2026-11:10:14] [I] Average on 10 runs - GPU latency: 0.0981567 ms - Host latency: 0.0981567 ms (enqueue 0.0824585 ms)
[02/27/2026-11:10:14] [I] Average on 10 runs - GPU latency: 0.0997314 ms - Host latency: 0.0997314 ms (enqueue 0.0842896 ms)
[02/27/2026-11:10:14] [I] Average on 10 runs - GPU latency: 0.0985229 ms - Host latency: 0.0985229 ms (enqueue 0.0826904 ms)
[02/27/2026-11:10:14] [I] Average on 10 runs - GPU latency: 0.0987549 ms - Host latency: 0.0987549 ms (enqueue 0.0830811 ms)
[02/27/2026-11:10:14] [I] Average on 10 runs - GPU latency: 0.0991821 ms - Host latency: 0.0991821 ms (enqueue 0.0832397 ms)
[02/27/2026-11:10:14] [I] Average on 10 runs - GPU latency: 0.100464 ms - Host latency: 0.100464 ms (enqueue 0.0848022 ms)
[02/27/2026-11:10:14] [I] Average on 10 runs - GPU latency: 0.0999512 ms - Host latency: 0.0999512 ms (enqueue 0.0838013 ms)
[02/27/2026-11:10:14] [I] Average on 10 runs - GPU latency: 0.0984619 ms - Host latency: 0.0984619 ms (enqueue 0.0827759 ms)
[02/27/2026-11:10:14] [I] Average on 10 runs - GPU latency: 0.0985718 ms - Host latency: 0.0985718 ms (enqueue 0.0827148 ms)
[02/27/2026-11:10:14] [I] Average on 10 runs - GPU latency: 0.102612 ms - Host latency: 0.102612 ms (enqueue 0.0874145 ms)
[02/27/2026-11:10:14] [I] Average on 10 runs - GPU latency: 0.0980469 ms - Host latency: 0.0980469 ms (enqueue 0.0819702 ms)
[02/27/2026-11:10:14] [I] Average on 10 runs - GPU latency: 0.0995605 ms - Host latency: 0.0995605 ms (enqueue 0.0832031 ms)
[02/27/2026-11:10:14] [I] Average on 10 runs - GPU latency: 0.0976074 ms - Host latency: 0.0976074 ms (enqueue 0.0826294 ms)
[02/27/2026-11:10:14] [I] Average on 10 runs - GPU latency: 0.100989 ms - Host latency: 0.100989 ms (enqueue 0.0836182 ms)
[02/27/2026-11:10:14] [I] Average on 10 runs - GPU latency: 0.0987305 ms - Host latency: 0.0987305 ms (enqueue 0.0823608 ms)
[02/27/2026-11:10:14] [I] Average on 10 runs - GPU latency: 0.0989502 ms - Host latency: 0.0989502 ms (enqueue 0.0831543 ms)
[02/27/2026-11:10:14] [I] Average on 10 runs - GPU latency: 0.0968384 ms - Host latency: 0.0968384 ms (enqueue 0.0814819 ms)
[02/27/2026-11:10:14] [I] Average on 10 runs - GPU latency: 0.0997803 ms - Host latency: 0.0997803 ms (enqueue 0.0841919 ms)
[02/27/2026-11:10:14] [I] Average on 10 runs - GPU latency: 0.09729 ms - Host latency: 0.09729 ms (enqueue 0.0818115 ms)
[02/27/2026-11:10:14] [I] Average on 10 runs - GPU latency: 0.097937 ms - Host latency: 0.097937 ms (enqueue 0.0824341 ms)
[02/27/2026-11:10:14] [I] Average on 10 runs - GPU latency: 0.098938 ms - Host latency: 0.098938 ms (enqueue 0.0828613 ms)
[02/27/2026-11:10:14] [I] Average on 10 runs - GPU latency: 0.0992554 ms - Host latency: 0.0992554 ms (enqueue 0.0845215 ms)
[02/27/2026-11:10:14] [I] Average on 10 runs - GPU latency: 0.099231 ms - Host latency: 0.099231 ms (enqueue 0.0827881 ms)
[02/27/2026-11:10:14] [I] Average on 10 runs - GPU latency: 0.098291 ms - Host latency: 0.098291 ms (enqueue 0.0825073 ms)
[02/27/2026-11:10:14] [I] Average on 10 runs - GPU latency: 0.0976074 ms - Host latency: 0.0976074 ms (enqueue 0.0821655 ms)
[02/27/2026-11:10:14] [I] Average on 10 runs - GPU latency: 0.100696 ms - Host latency: 0.100696 ms (enqueue 0.0850952 ms)
[02/27/2026-11:10:14] [I] Average on 10 runs - GPU latency: 0.0980713 ms - Host latency: 0.0980713 ms (enqueue 0.0827759 ms)
[02/27/2026-11:10:14] [I] Average on 10 runs - GPU latency: 0.0980835 ms - Host latency: 0.0980835 ms (enqueue 0.0822632 ms)
[02/27/2026-11:10:14] [I] Average on 10 runs - GPU latency: 0.0984863 ms - Host latency: 0.0984863 ms (enqueue 0.0823364 ms)
[02/27/2026-11:10:14] [I] Average on 10 runs - GPU latency: 0.100562 ms - Host latency: 0.100562 ms (enqueue 0.0835815 ms)
[02/27/2026-11:10:14] [I] Average on 10 runs - GPU latency: 0.0974976 ms - Host latency: 0.0974976 ms (enqueue 0.0820068 ms)
[02/27/2026-11:10:14] [I] Average on 10 runs - GPU latency: 0.0995483 ms - Host latency: 0.0995483 ms (enqueue 0.0829712 ms)
[02/27/2026-11:10:14] [I] Average on 10 runs - GPU latency: 0.0980591 ms - Host latency: 0.0980591 ms (enqueue 0.0818481 ms)
[02/27/2026-11:10:14] [I] Average on 10 runs - GPU latency: 0.100488 ms - Host latency: 0.100488 ms (enqueue 0.0851929 ms)
[02/27/2026-11:10:14] [I] Average on 10 runs - GPU latency: 0.0964722 ms - Host latency: 0.0964722 ms (enqueue 0.0808105 ms)
[02/27/2026-11:10:14] [I] Average on 10 runs - GPU latency: 0.097876 ms - Host latency: 0.097876 ms (enqueue 0.0821411 ms)
[02/27/2026-11:10:14] [I] Average on 10 runs - GPU latency: 0.0972534 ms - Host latency: 0.0972534 ms (enqueue 0.0824097 ms)
[02/27/2026-11:10:14] [I] Average on 10 runs - GPU latency: 0.0991577 ms - Host latency: 0.0991577 ms (enqueue 0.0837036 ms)
[02/27/2026-11:10:14] [I] Average on 10 runs - GPU latency: 0.0973633 ms - Host latency: 0.0973633 ms (enqueue 0.0815918 ms)
[02/27/2026-11:10:14] [I] Average on 10 runs - GPU latency: 0.0980225 ms - Host latency: 0.0980225 ms (enqueue 0.0822266 ms)
[02/27/2026-11:10:14] [I] Average on 10 runs - GPU latency: 0.0984253 ms - Host latency: 0.0984253 ms (enqueue 0.081897 ms)
[02/27/2026-11:10:14] [I] Average on 10 runs - GPU latency: 0.101099 ms - Host latency: 0.101099 ms (enqueue 0.0861328 ms)
[02/27/2026-11:10:14] [I] Average on 10 runs - GPU latency: 0.0989014 ms - Host latency: 0.0989014 ms (enqueue 0.0823364 ms)
[02/27/2026-11:10:14] [I] Average on 10 runs - GPU latency: 0.0983643 ms - Host latency: 0.0983643 ms (enqueue 0.0827393 ms)
[02/27/2026-11:10:14] [I] Average on 10 runs - GPU latency: 0.0981079 ms - Host latency: 0.0981079 ms (enqueue 0.0817505 ms)
[02/27/2026-11:10:14] [I] Average on 10 runs - GPU latency: 0.100696 ms - Host latency: 0.100696 ms (enqueue 0.0832764 ms)
[02/27/2026-11:10:14] [I] Average on 10 runs - GPU latency: 0.0969238 ms - Host latency: 0.0969238 ms (enqueue 0.0814941 ms)
[02/27/2026-11:10:14] [I] Average on 10 runs - GPU latency: 0.0971436 ms - Host latency: 0.0971436 ms (enqueue 0.0820312 ms)
[02/27/2026-11:10:14] [I] Average on 10 runs - GPU latency: 0.097522 ms - Host latency: 0.097522 ms (enqueue 0.081958 ms)
[02/27/2026-11:10:14] [I] Average on 10 runs - GPU latency: 0.100403 ms - Host latency: 0.100403 ms (enqueue 0.0832886 ms)
[02/27/2026-11:10:14] [I] Average on 10 runs - GPU latency: 0.0994019 ms - Host latency: 0.0994019 ms (enqueue 0.0832397 ms)
[02/27/2026-11:10:14] [I] Average on 10 runs - GPU latency: 0.0973145 ms - Host latency: 0.0973145 ms (enqueue 0.0820679 ms)
[02/27/2026-11:10:14] [I] Average on 10 runs - GPU latency: 0.0979004 ms - Host latency: 0.0979004 ms (enqueue 0.0822144 ms)
[02/27/2026-11:10:14] [I] Average on 10 runs - GPU latency: 0.0991699 ms - Host latency: 0.0991699 ms (enqueue 0.0835327 ms)
[02/27/2026-11:10:14] [I] Average on 10 runs - GPU latency: 0.0988525 ms - Host latency: 0.0988525 ms (enqueue 0.0830078 ms)
[02/27/2026-11:10:14] [I] Average on 10 runs - GPU latency: 0.097522 ms - Host latency: 0.097522 ms (enqueue 0.0821899 ms)
[02/27/2026-11:10:14] [I] Average on 10 runs - GPU latency: 0.098877 ms - Host latency: 0.098877 ms (enqueue 0.0823975 ms)
[02/27/2026-11:10:14] [I] Average on 10 runs - GPU latency: 0.101172 ms - Host latency: 0.101172 ms (enqueue 0.0860474 ms)
[02/27/2026-11:10:14] [I] Average on 10 runs - GPU latency: 0.0975464 ms - Host latency: 0.0975464 ms (enqueue 0.0820312 ms)
[02/27/2026-11:10:14] [I] Average on 10 runs - GPU latency: 0.0968506 ms - Host latency: 0.0968506 ms (enqueue 0.0818726 ms)
[02/27/2026-11:10:14] [I] Average on 10 runs - GPU latency: 0.09823 ms - Host latency: 0.09823 ms (enqueue 0.0822632 ms)
[02/27/2026-11:10:14] [I] Average on 10 runs - GPU latency: 0.100134 ms - Host latency: 0.100134 ms (enqueue 0.0848999 ms)
[02/27/2026-11:10:14] [I] Average on 10 runs - GPU latency: 0.0970947 ms - Host latency: 0.0970947 ms (enqueue 0.0818726 ms)
[02/27/2026-11:10:14] [I] Average on 10 runs - GPU latency: 0.0974853 ms - Host latency: 0.0974853 ms (enqueue 0.0818603 ms)
[02/27/2026-11:10:14] [I] Average on 10 runs - GPU latency: 0.09646 ms - Host latency: 0.09646 ms (enqueue 0.0812378 ms)
[02/27/2026-11:10:14] [I] Average on 10 runs - GPU latency: 0.101929 ms - Host latency: 0.101929 ms (enqueue 0.0859253 ms)
[02/27/2026-11:10:14] [I] Average on 10 runs - GPU latency: 0.0976562 ms - Host latency: 0.0976562 ms (enqueue 0.0821899 ms)
[02/27/2026-11:10:14] [I] Average on 10 runs - GPU latency: 0.0977783 ms - Host latency: 0.0977783 ms (enqueue 0.0825073 ms)
[02/27/2026-11:10:14] [I] Average on 10 runs - GPU latency: 0.0994507 ms - Host latency: 0.0994507 ms (enqueue 0.0831543 ms)
[02/27/2026-11:10:14] [I] Average on 10 runs - GPU latency: 0.100598 ms - Host latency: 0.100598 ms (enqueue 0.0836792 ms)
[02/27/2026-11:10:14] [I] Average on 10 runs - GPU latency: 0.0978027 ms - Host latency: 0.0978027 ms (enqueue 0.0824463 ms)
[02/27/2026-11:10:14] [I] Average on 10 runs - GPU latency: 0.0978027 ms - Host latency: 0.0978027 ms (enqueue 0.0819092 ms)
[02/27/2026-11:10:14] [I] Average on 10 runs - GPU latency: 0.0983154 ms - Host latency: 0.0983154 ms (enqueue 0.0820923 ms)
[02/27/2026-11:10:14] [I] Average on 10 runs - GPU latency: 0.10011 ms - Host latency: 0.10011 ms (enqueue 0.0852783 ms)
[02/27/2026-11:10:14] [I] Average on 10 runs - GPU latency: 0.0987793 ms - Host latency: 0.0987793 ms (enqueue 0.0824951 ms)
[02/27/2026-11:10:14] [I] Average on 10 runs - GPU latency: 0.0990234 ms - Host latency: 0.0990234 ms (enqueue 0.0829712 ms)
[02/27/2026-11:10:14] [I] Average on 10 runs - GPU latency: 0.0987915 ms - Host latency: 0.0987915 ms (enqueue 0.0828613 ms)
[02/27/2026-11:10:14] [I] Average on 10 runs - GPU latency: 0.101453 ms - Host latency: 0.101453 ms (enqueue 0.0851685 ms)
[02/27/2026-11:10:14] [I] Average on 10 runs - GPU latency: 0.0990479 ms - Host latency: 0.0990479 ms (enqueue 0.0828613 ms)
[02/27/2026-11:10:14] [I] Average on 10 runs - GPU latency: 0.0990723 ms - Host latency: 0.0990723 ms (enqueue 0.0830078 ms)
[02/27/2026-11:10:14] [I] Average on 10 runs - GPU latency: 0.0989624 ms - Host latency: 0.0989624 ms (enqueue 0.0832031 ms)
[02/27/2026-11:10:14] [I] Average on 10 runs - GPU latency: 0.099353 ms - Host latency: 0.099353 ms (enqueue 0.0839233 ms)
[02/27/2026-11:10:14] [I] Average on 10 runs - GPU latency: 0.0984741 ms - Host latency: 0.0984741 ms (enqueue 0.0828979 ms)
[02/27/2026-11:10:14] [I] Average on 10 runs - GPU latency: 0.098291 ms - Host latency: 0.098291 ms (enqueue 0.0822632 ms)
[02/27/2026-11:10:14] [I] Average on 10 runs - GPU latency: 0.0973267 ms - Host latency: 0.0973267 ms (enqueue 0.0819824 ms)
[02/27/2026-11:10:14] [I] Average on 10 runs - GPU latency: 0.101746 ms - Host latency: 0.101746 ms (enqueue 0.086145 ms)
[02/27/2026-11:10:14] [I] Average on 10 runs - GPU latency: 0.0997192 ms - Host latency: 0.0997192 ms (enqueue 0.0835083 ms)
[02/27/2026-11:10:14] [I] Average on 10 runs - GPU latency: 0.0987915 ms - Host latency: 0.0987915 ms (enqueue 0.0829102 ms)
[02/27/2026-11:10:14] [I] Average on 10 runs - GPU latency: 0.0986328 ms - Host latency: 0.0986328 ms (enqueue 0.0825928 ms)
[02/27/2026-11:10:14] [I] Average on 10 runs - GPU latency: 0.101306 ms - Host latency: 0.101306 ms (enqueue 0.0856567 ms)
[02/27/2026-11:10:14] [I] Average on 10 runs - GPU latency: 0.0998047 ms - Host latency: 0.0998047 ms (enqueue 0.0835937 ms)
[02/27/2026-11:10:14] [I] Average on 10 runs - GPU latency: 0.0988647 ms - Host latency: 0.0988647 ms (enqueue 0.082959 ms)
[02/27/2026-11:10:14] [I] Average on 10 runs - GPU latency: 0.0986694 ms - Host latency: 0.0986694 ms (enqueue 0.0828613 ms)
[02/27/2026-11:10:14] [I] Average on 10 runs - GPU latency: 0.100403 ms - Host latency: 0.100403 ms (enqueue 0.084729 ms)
[02/27/2026-11:10:14] [I] Average on 10 runs - GPU latency: 0.0972778 ms - Host latency: 0.0972778 ms (enqueue 0.0818848 ms)
[02/27/2026-11:10:14] [I] Average on 10 runs - GPU latency: 0.0973999 ms - Host latency: 0.0973999 ms (enqueue 0.0824463 ms)
[02/27/2026-11:10:14] [I] Average on 10 runs - GPU latency: 0.0979858 ms - Host latency: 0.0979858 ms (enqueue 0.0819336 ms)
[02/27/2026-11:10:14] [I] Average on 10 runs - GPU latency: 0.100488 ms - Host latency: 0.100488 ms (enqueue 0.0845215 ms)
[02/27/2026-11:10:14] [I] Average on 10 runs - GPU latency: 0.0976807 ms - Host latency: 0.0976807 ms (enqueue 0.0818726 ms)
[02/27/2026-11:10:14] [I] Average on 10 runs - GPU latency: 0.0973389 ms - Host latency: 0.0973389 ms (enqueue 0.0818848 ms)
[02/27/2026-11:10:14] [I] Average on 10 runs - GPU latency: 0.0985962 ms - Host latency: 0.0985962 ms (enqueue 0.0828491 ms)
[02/27/2026-11:10:14] [I] Average on 10 runs - GPU latency: 0.10155 ms - Host latency: 0.10155 ms (enqueue 0.084375 ms)
[02/27/2026-11:10:14] [I] Average on 10 runs - GPU latency: 0.0997192 ms - Host latency: 0.0997192 ms (enqueue 0.0827271 ms)
[02/27/2026-11:10:14] [I] Average on 10 runs - GPU latency: 0.0982178 ms - Host latency: 0.0982178 ms (enqueue 0.0824097 ms)
[02/27/2026-11:10:14] [I] Average on 10 runs - GPU latency: 0.0994629 ms - Host latency: 0.0994629 ms (enqueue 0.0853149 ms)
[02/27/2026-11:10:14] [I] Average on 10 runs - GPU latency: 0.099585 ms - Host latency: 0.099585 ms (enqueue 0.0829224 ms)
[02/27/2026-11:10:14] [I] Average on 10 runs - GPU latency: 0.0985596 ms - Host latency: 0.0985596 ms (enqueue 0.0826782 ms)
[02/27/2026-11:10:14] [I] Average on 10 runs - GPU latency: 0.0974365 ms - Host latency: 0.0974365 ms (enqueue 0.0819336 ms)
[02/27/2026-11:10:14] [I] Average on 10 runs - GPU latency: 0.100793 ms - Host latency: 0.100793 ms (enqueue 0.083728 ms)
[02/27/2026-11:10:14] [I] Average on 10 runs - GPU latency: 0.0993774 ms - Host latency: 0.0993774 ms (enqueue 0.0829102 ms)
[02/27/2026-11:10:14] [I] Average on 10 runs - GPU latency: 0.0980103 ms - Host latency: 0.0980103 ms (enqueue 0.0824097 ms)
[02/27/2026-11:10:14] [I] Average on 10 runs - GPU latency: 0.0973877 ms - Host latency: 0.0973877 ms (enqueue 0.081958 ms)
[02/27/2026-11:10:14] [I] Average on 10 runs - GPU latency: 0.100513 ms - Host latency: 0.100513 ms (enqueue 0.0857422 ms)
[02/27/2026-11:10:14] [I] Average on 10 runs - GPU latency: 0.102124 ms - Host latency: 0.102124 ms (enqueue 0.0842529 ms)
[02/27/2026-11:10:14] [I] Average on 10 runs - GPU latency: 0.0994141 ms - Host latency: 0.0994141 ms (enqueue 0.0837524 ms)
[02/27/2026-11:10:14] [I] Average on 10 runs - GPU latency: 0.0986328 ms - Host latency: 0.0986328 ms (enqueue 0.0823853 ms)
[02/27/2026-11:10:14] [I] Average on 10 runs - GPU latency: 0.101392 ms - Host latency: 0.101392 ms (enqueue 0.0849365 ms)
[02/27/2026-11:10:14] [I] Average on 10 runs - GPU latency: 0.0990112 ms - Host latency: 0.0990112 ms (enqueue 0.0824585 ms)
[02/27/2026-11:10:14] [I] Average on 10 runs - GPU latency: 0.0982788 ms - Host latency: 0.0982788 ms (enqueue 0.0823486 ms)
[02/27/2026-11:10:14] [I] Average on 10 runs - GPU latency: 0.0978149 ms - Host latency: 0.0978149 ms (enqueue 0.0822266 ms)
[02/27/2026-11:10:14] [I] Average on 10 runs - GPU latency: 0.0983276 ms - Host latency: 0.0983276 ms (enqueue 0.0838989 ms)
[02/27/2026-11:10:14] [I] Average on 10 runs - GPU latency: 0.0980469 ms - Host latency: 0.0980469 ms (enqueue 0.0823364 ms)
[02/27/2026-11:10:14] [I] Average on 10 runs - GPU latency: 0.0967651 ms - Host latency: 0.0967651 ms (enqueue 0.0817993 ms)
[02/27/2026-11:10:14] [I] Average on 10 runs - GPU latency: 0.0972656 ms - Host latency: 0.0972656 ms (enqueue 0.0819458 ms)
[02/27/2026-11:10:14] [I] Average on 10 runs - GPU latency: 0.100391 ms - Host latency: 0.100391 ms (enqueue 0.0850098 ms)
[02/27/2026-11:10:14] [I] Average on 10 runs - GPU latency: 0.0996826 ms - Host latency: 0.0996826 ms (enqueue 0.0836426 ms)
[02/27/2026-11:10:14] [I] Average on 10 runs - GPU latency: 0.0985352 ms - Host latency: 0.0985352 ms (enqueue 0.0829224 ms)
[02/27/2026-11:10:14] [I] Average on 10 runs - GPU latency: 0.0984619 ms - Host latency: 0.0984619 ms (enqueue 0.0827881 ms)
[02/27/2026-11:10:14] [I] Average on 10 runs - GPU latency: 0.10127 ms - Host latency: 0.10127 ms (enqueue 0.0853394 ms)
[02/27/2026-11:10:14] [I] Average on 10 runs - GPU latency: 0.0988281 ms - Host latency: 0.0988281 ms (enqueue 0.0824829 ms)
[02/27/2026-11:10:14] [I] Average on 10 runs - GPU latency: 0.0985596 ms - Host latency: 0.0985596 ms (enqueue 0.0827881 ms)
[02/27/2026-11:10:14] [I] Average on 10 runs - GPU latency: 0.0973022 ms - Host latency: 0.0973022 ms (enqueue 0.0819092 ms)
[02/27/2026-11:10:14] [I] Average on 10 runs - GPU latency: 0.0997559 ms - Host latency: 0.0997559 ms (enqueue 0.0845703 ms)
[02/27/2026-11:10:14] [I] Average on 10 runs - GPU latency: 0.0972168 ms - Host latency: 0.0972168 ms (enqueue 0.0813354 ms)
[02/27/2026-11:10:14] [I] Average on 10 runs - GPU latency: 0.0956787 ms - Host latency: 0.0956787 ms (enqueue 0.0805908 ms)
[02/27/2026-11:10:14] [I] Average on 10 runs - GPU latency: 0.096814 ms - Host latency: 0.096814 ms (enqueue 0.0813599 ms)
[02/27/2026-11:10:14] [I] Average on 10 runs - GPU latency: 0.100464 ms - Host latency: 0.100464 ms (enqueue 0.0841675 ms)
[02/27/2026-11:10:14] [I] Average on 10 runs - GPU latency: 0.0983765 ms - Host latency: 0.0983765 ms (enqueue 0.0820068 ms)
[02/27/2026-11:10:14] [I] Average on 10 runs - GPU latency: 0.0967896 ms - Host latency: 0.0967896 ms (enqueue 0.0811768 ms)
[02/27/2026-11:10:14] [I] Average on 10 runs - GPU latency: 0.0987305 ms - Host latency: 0.0987305 ms (enqueue 0.0832886 ms)
[02/27/2026-11:10:14] [I] Average on 10 runs - GPU latency: 0.100537 ms - Host latency: 0.100537 ms (enqueue 0.0851562 ms)
[02/27/2026-11:10:14] [I] Average on 10 runs - GPU latency: 0.0983154 ms - Host latency: 0.0983154 ms (enqueue 0.0831299 ms)
[02/27/2026-11:10:14] [I] Average on 10 runs - GPU latency: 0.0991211 ms - Host latency: 0.0991211 ms (enqueue 0.0827881 ms)
[02/27/2026-11:10:14] [I] Average on 10 runs - GPU latency: 0.0983154 ms - Host latency: 0.0983154 ms (enqueue 0.0823975 ms)
[02/27/2026-11:10:14] [I] Average on 10 runs - GPU latency: 0.0994629 ms - Host latency: 0.0994629 ms (enqueue 0.0844482 ms)
[02/27/2026-11:10:14] [I] Average on 10 runs - GPU latency: 0.0973877 ms - Host latency: 0.0973877 ms (enqueue 0.0818237 ms)
[02/27/2026-11:10:14] [I] Average on 10 runs - GPU latency: 0.0980713 ms - Host latency: 0.0980713 ms (enqueue 0.081958 ms)
[02/27/2026-11:10:14] [I] Average on 10 runs - GPU latency: 0.0996582 ms - Host latency: 0.0996582 ms (enqueue 0.0833618 ms)
[02/27/2026-11:10:14] [I] Average on 10 runs - GPU latency: 0.0999023 ms - Host latency: 0.0999023 ms (enqueue 0.0843262 ms)
[02/27/2026-11:10:14] [I] Average on 10 runs - GPU latency: 0.0985718 ms - Host latency: 0.0985718 ms (enqueue 0.0824463 ms)
[02/27/2026-11:10:14] [I] Average on 10 runs - GPU latency: 0.0982422 ms - Host latency: 0.0982422 ms (enqueue 0.0828369 ms)
[02/27/2026-11:10:14] [I] Average on 10 runs - GPU latency: 0.0983032 ms - Host latency: 0.0983032 ms (enqueue 0.0821899 ms)
[02/27/2026-11:10:14] [I] Average on 10 runs - GPU latency: 0.0995728 ms - Host latency: 0.0995728 ms (enqueue 0.0830933 ms)
[02/27/2026-11:10:14] [I] Average on 10 runs - GPU latency: 0.0982056 ms - Host latency: 0.0982056 ms (enqueue 0.082959 ms)
[02/27/2026-11:10:14] [I] Average on 10 runs - GPU latency: 0.0987671 ms - Host latency: 0.0987671 ms (enqueue 0.0827881 ms)
[02/27/2026-11:10:14] [I] Average on 10 runs - GPU latency: 0.0987549 ms - Host latency: 0.0987549 ms (enqueue 0.0827393 ms)
[02/27/2026-11:10:14] [I] Average on 10 runs - GPU latency: 0.0992432 ms - Host latency: 0.0992432 ms (enqueue 0.0847534 ms)
[02/27/2026-11:10:14] [I] Average on 10 runs - GPU latency: 0.09729 ms - Host latency: 0.09729 ms (enqueue 0.0818481 ms)
[02/27/2026-11:10:14] [I] Average on 10 runs - GPU latency: 0.0977905 ms - Host latency: 0.0977905 ms (enqueue 0.0820557 ms)
[02/27/2026-11:10:14] [I] Average on 10 runs - GPU latency: 0.100427 ms - Host latency: 0.100427 ms (enqueue 0.0836182 ms)
[02/27/2026-11:10:14] [I] Average on 10 runs - GPU latency: 0.0991333 ms - Host latency: 0.0991333 ms (enqueue 0.0842041 ms)
[02/27/2026-11:10:14] [I] Average on 10 runs - GPU latency: 0.0970215 ms - Host latency: 0.0970215 ms (enqueue 0.081311 ms)
[02/27/2026-11:10:14] [I] Average on 10 runs - GPU latency: 0.0971558 ms - Host latency: 0.0971558 ms (enqueue 0.0815918 ms)
[02/27/2026-11:10:14] [I] Average on 10 runs - GPU latency: 0.0983765 ms - Host latency: 0.0983765 ms (enqueue 0.0828979 ms)
[02/27/2026-11:10:14] [I] Average on 10 runs - GPU latency: 0.100146 ms - Host latency: 0.100146 ms (enqueue 0.0844116 ms)
[02/27/2026-11:10:14] [I] Average on 10 runs - GPU latency: 0.0964722 ms - Host latency: 0.0964722 ms (enqueue 0.0812988 ms)
[02/27/2026-11:10:14] [I] Average on 10 runs - GPU latency: 0.0972168 ms - Host latency: 0.0972168 ms (enqueue 0.0816528 ms)
[02/27/2026-11:10:14] [I] Average on 10 runs - GPU latency: 0.0973877 ms - Host latency: 0.0973877 ms (enqueue 0.0812744 ms)
[02/27/2026-11:10:14] [I] Average on 10 runs - GPU latency: 0.0987061 ms - Host latency: 0.0987061 ms (enqueue 0.083728 ms)
[02/27/2026-11:10:14] [I] Average on 10 runs - GPU latency: 0.0959106 ms - Host latency: 0.0959106 ms (enqueue 0.0803345 ms)
[02/27/2026-11:10:14] [I] Average on 10 runs - GPU latency: 0.0981567 ms - Host latency: 0.0981567 ms (enqueue 0.0823608 ms)
[02/27/2026-11:10:14] [I] Average on 10 runs - GPU latency: 0.0979248 ms - Host latency: 0.0979248 ms (enqueue 0.0821655 ms)
[02/27/2026-11:10:14] [I] Average on 10 runs - GPU latency: 0.099353 ms - Host latency: 0.099353 ms (enqueue 0.0835571 ms)
[02/27/2026-11:10:14] [I] Average on 10 runs - GPU latency: 0.0972534 ms - Host latency: 0.0972534 ms (enqueue 0.0813843 ms)
[02/27/2026-11:10:14] [I] Average on 10 runs - GPU latency: 0.0976196 ms - Host latency: 0.0976196 ms (enqueue 0.0819946 ms)
[02/27/2026-11:10:14] [I] Average on 10 runs - GPU latency: 0.0972168 ms - Host latency: 0.0972168 ms (enqueue 0.0817139 ms)
[02/27/2026-11:10:14] [I] Average on 10 runs - GPU latency: 0.0988281 ms - Host latency: 0.0988281 ms (enqueue 0.0835693 ms)
[02/27/2026-11:10:14] [I] Average on 10 runs - GPU latency: 0.0967407 ms - Host latency: 0.0967407 ms (enqueue 0.0811523 ms)
[02/27/2026-11:10:14] [I] Average on 10 runs - GPU latency: 0.0982178 ms - Host latency: 0.0982178 ms (enqueue 0.0824219 ms)
[02/27/2026-11:10:14] [I] Average on 10 runs - GPU latency: 0.0976074 ms - Host latency: 0.0976074 ms (enqueue 0.0819214 ms)
[02/27/2026-11:10:14] [I] Average on 10 runs - GPU latency: 0.0988403 ms - Host latency: 0.0988403 ms (enqueue 0.083313 ms)
[02/27/2026-11:10:14] [I] Average on 10 runs - GPU latency: 0.0995605 ms - Host latency: 0.0995605 ms (enqueue 0.0831665 ms)
[02/27/2026-11:10:14] [I] Average on 10 runs - GPU latency: 0.0981323 ms - Host latency: 0.0981323 ms (enqueue 0.0821533 ms)
[02/27/2026-11:10:14] [I] Average on 10 runs - GPU latency: 0.0986206 ms - Host latency: 0.0986206 ms (enqueue 0.0825195 ms)
[02/27/2026-11:10:14] [I] Average on 10 runs - GPU latency: 0.100122 ms - Host latency: 0.100122 ms (enqueue 0.0841064 ms)
[02/27/2026-11:10:14] [I] Average on 10 runs - GPU latency: 0.098291 ms - Host latency: 0.098291 ms (enqueue 0.0823975 ms)
[02/27/2026-11:10:14] [I] Average on 10 runs - GPU latency: 0.0981079 ms - Host latency: 0.0981079 ms (enqueue 0.0822876 ms)
[02/27/2026-11:10:14] [I] Average on 10 runs - GPU latency: 0.0986084 ms - Host latency: 0.0986084 ms (enqueue 0.0823364 ms)
[02/27/2026-11:10:14] [I] Average on 10 runs - GPU latency: 0.10033 ms - Host latency: 0.10033 ms (enqueue 0.0845337 ms)
[02/27/2026-11:10:14] [I] Average on 10 runs - GPU latency: 0.0975464 ms - Host latency: 0.0975464 ms (enqueue 0.0820435 ms)
[02/27/2026-11:10:14] [I] Average on 10 runs - GPU latency: 0.0977783 ms - Host latency: 0.0977783 ms (enqueue 0.0819336 ms)
[02/27/2026-11:10:14] [I] Average on 10 runs - GPU latency: 0.0985474 ms - Host latency: 0.0985474 ms (enqueue 0.0829468 ms)
[02/27/2026-11:10:14] [I] Average on 10 runs - GPU latency: 0.0993652 ms - Host latency: 0.0993652 ms (enqueue 0.0836548 ms)
[02/27/2026-11:10:14] [I] Average on 10 runs - GPU latency: 0.102063 ms - Host latency: 0.102063 ms (enqueue 0.0846558 ms)
[02/27/2026-11:10:14] [I] Average on 10 runs - GPU latency: 0.0978149 ms - Host latency: 0.0978149 ms (enqueue 0.0822876 ms)
[02/27/2026-11:10:14] [I] Average on 10 runs - GPU latency: 0.100146 ms - Host latency: 0.100146 ms (enqueue 0.0837891 ms)
[02/27/2026-11:10:14] [I] Average on 10 runs - GPU latency: 0.102026 ms - Host latency: 0.102026 ms (enqueue 0.0860352 ms)
[02/27/2026-11:10:14] [I] Average on 10 runs - GPU latency: 0.099353 ms - Host latency: 0.099353 ms (enqueue 0.0834229 ms)
[02/27/2026-11:10:14] [I] Average on 10 runs - GPU latency: 0.0975098 ms - Host latency: 0.0975098 ms (enqueue 0.0817627 ms)
[02/27/2026-11:10:14] [I] Average on 10 runs - GPU latency: 0.0979126 ms - Host latency: 0.0979126 ms (enqueue 0.0824341 ms)
[02/27/2026-11:10:14] [I] Average on 10 runs - GPU latency: 0.0989136 ms - Host latency: 0.0989136 ms (enqueue 0.0832153 ms)
[02/27/2026-11:10:14] [I] Average on 10 runs - GPU latency: 0.099707 ms - Host latency: 0.099707 ms (enqueue 0.0842896 ms)
[02/27/2026-11:10:14] [I] Average on 10 runs - GPU latency: 0.100012 ms - Host latency: 0.100012 ms (enqueue 0.0835205 ms)
[02/27/2026-11:10:14] [I] Average on 10 runs - GPU latency: 0.100256 ms - Host latency: 0.100256 ms (enqueue 0.084436 ms)
[02/27/2026-11:10:14] [I] Average on 10 runs - GPU latency: 0.102063 ms - Host latency: 0.102063 ms (enqueue 0.0849487 ms)
[02/27/2026-11:10:14] [I] Average on 10 runs - GPU latency: 0.0979004 ms - Host latency: 0.0979004 ms (enqueue 0.0818115 ms)
[02/27/2026-11:10:14] [I] Average on 10 runs - GPU latency: 0.0973389 ms - Host latency: 0.0973389 ms (enqueue 0.0818359 ms)
[02/27/2026-11:10:14] [I] Average on 10 runs - GPU latency: 0.0970947 ms - Host latency: 0.0970947 ms (enqueue 0.0814575 ms)
[02/27/2026-11:10:14] [I] Average on 10 runs - GPU latency: 0.101782 ms - Host latency: 0.101782 ms (enqueue 0.0842896 ms)
[02/27/2026-11:10:14] [I] Average on 10 runs - GPU latency: 0.0969849 ms - Host latency: 0.0969849 ms (enqueue 0.0815308 ms)
[02/27/2026-11:10:14] [I] Average on 10 runs - GPU latency: 0.0983276 ms - Host latency: 0.0983276 ms (enqueue 0.0828857 ms)
[02/27/2026-11:10:14] [I] Average on 10 runs - GPU latency: 0.0985352 ms - Host latency: 0.0985352 ms (enqueue 0.0823242 ms)
[02/27/2026-11:10:14] [I] Average on 10 runs - GPU latency: 0.1005 ms - Host latency: 0.1005 ms (enqueue 0.0852783 ms)
[02/27/2026-11:10:14] [I] Average on 10 runs - GPU latency: 0.0994141 ms - Host latency: 0.0994141 ms (enqueue 0.0835083 ms)
[02/27/2026-11:10:14] [I] Average on 10 runs - GPU latency: 0.0982788 ms - Host latency: 0.0982788 ms (enqueue 0.0824097 ms)
[02/27/2026-11:10:14] [I] Average on 10 runs - GPU latency: 0.0983154 ms - Host latency: 0.0983154 ms (enqueue 0.0825562 ms)
[02/27/2026-11:10:14] [I] Average on 10 runs - GPU latency: 0.103284 ms - Host latency: 0.103284 ms (enqueue 0.0874145 ms)
[02/27/2026-11:10:14] [I] Average on 10 runs - GPU latency: 0.0976807 ms - Host latency: 0.0976807 ms (enqueue 0.0820435 ms)
[02/27/2026-11:10:14] [I] Average on 10 runs - GPU latency: 0.0983154 ms - Host latency: 0.0983154 ms (enqueue 0.0827759 ms)
[02/27/2026-11:10:14] [I] Average on 10 runs - GPU latency: 0.0982666 ms - Host latency: 0.0982666 ms (enqueue 0.0827881 ms)
[02/27/2026-11:10:14] [I] Average on 10 runs - GPU latency: 0.0984619 ms - Host latency: 0.0984619 ms (enqueue 0.0824829 ms)
[02/27/2026-11:10:14] [I] Average on 10 runs - GPU latency: 0.0975464 ms - Host latency: 0.0975464 ms (enqueue 0.0812012 ms)
[02/27/2026-11:10:14] [I] Average on 10 runs - GPU latency: 0.0983032 ms - Host latency: 0.0983032 ms (enqueue 0.0825806 ms)
[02/27/2026-11:10:14] [I] Average on 10 runs - GPU latency: 0.0976562 ms - Host latency: 0.0976562 ms (enqueue 0.0824585 ms)
[02/27/2026-11:10:14] [I] Average on 10 runs - GPU latency: 0.099707 ms - Host latency: 0.099707 ms (enqueue 0.0839844 ms)
[02/27/2026-11:10:14] [I] Average on 10 runs - GPU latency: 0.0993652 ms - Host latency: 0.0993652 ms (enqueue 0.0830322 ms)
[02/27/2026-11:10:14] [I] Average on 10 runs - GPU latency: 0.0974487 ms - Host latency: 0.0974487 ms (enqueue 0.0818603 ms)
[02/27/2026-11:10:14] [I] Average on 10 runs - GPU latency: 0.0988647 ms - Host latency: 0.0988647 ms (enqueue 0.0817871 ms)
[02/27/2026-11:10:14] [I] Average on 10 runs - GPU latency: 0.0989014 ms - Host latency: 0.0989014 ms (enqueue 0.0844116 ms)
[02/27/2026-11:10:14] [I] Average on 10 runs - GPU latency: 0.0965698 ms - Host latency: 0.0965698 ms (enqueue 0.0813843 ms)
[02/27/2026-11:10:14] [I] Average on 10 runs - GPU latency: 0.0963013 ms - Host latency: 0.0963013 ms (enqueue 0.0810181 ms)
[02/27/2026-11:10:14] [I] Average on 10 runs - GPU latency: 0.0972168 ms - Host latency: 0.0972168 ms (enqueue 0.0819946 ms)
[02/27/2026-11:10:14] [I] Average on 10 runs - GPU latency: 0.0990234 ms - Host latency: 0.0990234 ms (enqueue 0.0834839 ms)
[02/27/2026-11:10:14] [I] Average on 10 runs - GPU latency: 0.0971069 ms - Host latency: 0.0971069 ms (enqueue 0.0814209 ms)
[02/27/2026-11:10:14] [I] Average on 10 runs - GPU latency: 0.0976807 ms - Host latency: 0.0976807 ms (enqueue 0.0822266 ms)
[02/27/2026-11:10:14] [I] Average on 10 runs - GPU latency: 0.0968628 ms - Host latency: 0.0968628 ms (enqueue 0.0813477 ms)
[02/27/2026-11:10:14] [I] Average on 10 runs - GPU latency: 0.0998413 ms - Host latency: 0.0998413 ms (enqueue 0.0844971 ms)
[02/27/2026-11:10:14] [I] Average on 10 runs - GPU latency: 0.0966064 ms - Host latency: 0.0966064 ms (enqueue 0.0813477 ms)
[02/27/2026-11:10:14] [I] Average on 10 runs - GPU latency: 0.0987549 ms - Host latency: 0.0987549 ms (enqueue 0.0819824 ms)
[02/27/2026-11:10:14] [I] Average on 10 runs - GPU latency: 0.0967041 ms - Host latency: 0.0967041 ms (enqueue 0.0814697 ms)
[02/27/2026-11:10:14] [I] Average on 10 runs - GPU latency: 0.100183 ms - Host latency: 0.100183 ms (enqueue 0.0843872 ms)
[02/27/2026-11:10:14] [I] Average on 10 runs - GPU latency: 0.0976074 ms - Host latency: 0.0976074 ms (enqueue 0.0821167 ms)
[02/27/2026-11:10:14] [I] Average on 10 runs - GPU latency: 0.0974976 ms - Host latency: 0.0974976 ms (enqueue 0.0815674 ms)
[02/27/2026-11:10:14] [I] Average on 10 runs - GPU latency: 0.0970337 ms - Host latency: 0.0970337 ms (enqueue 0.0821411 ms)
[02/27/2026-11:10:14] [I] Average on 10 runs - GPU latency: 0.0991455 ms - Host latency: 0.0991455 ms (enqueue 0.0836548 ms)
[02/27/2026-11:10:14] [I] Average on 10 runs - GPU latency: 0.097644 ms - Host latency: 0.097644 ms (enqueue 0.0824463 ms)
[02/27/2026-11:10:14] [I] Average on 10 runs - GPU latency: 0.0970459 ms - Host latency: 0.0970459 ms (enqueue 0.0817017 ms)
[02/27/2026-11:10:14] [I] Average on 10 runs - GPU latency: 0.0972046 ms - Host latency: 0.0972046 ms (enqueue 0.0818603 ms)
[02/27/2026-11:10:14] [I] Average on 10 runs - GPU latency: 0.098877 ms - Host latency: 0.098877 ms (enqueue 0.0823364 ms)
[02/27/2026-11:10:14] [I] Average on 10 runs - GPU latency: 0.0983398 ms - Host latency: 0.0983398 ms (enqueue 0.0822754 ms)
[02/27/2026-11:10:14] [I] Average on 10 runs - GPU latency: 0.0994385 ms - Host latency: 0.0994385 ms (enqueue 0.0830688 ms)
[02/27/2026-11:10:14] [I] Average on 10 runs - GPU latency: 0.0971558 ms - Host latency: 0.0971558 ms (enqueue 0.0820801 ms)
[02/27/2026-11:10:14] [I] Average on 10 runs - GPU latency: 0.0994141 ms - Host latency: 0.0994141 ms (enqueue 0.0842407 ms)
[02/27/2026-11:10:14] [I] Average on 10 runs - GPU latency: 0.0971802 ms - Host latency: 0.0971802 ms (enqueue 0.0815186 ms)
[02/27/2026-11:10:14] [I] Average on 10 runs - GPU latency: 0.0980957 ms - Host latency: 0.0980957 ms (enqueue 0.0822876 ms)
[02/27/2026-11:10:14] [I] Average on 10 runs - GPU latency: 0.0976562 ms - Host latency: 0.0976562 ms (enqueue 0.0824463 ms)
[02/27/2026-11:10:14] [I] Average on 10 runs - GPU latency: 0.0997436 ms - Host latency: 0.0997436 ms (enqueue 0.0845337 ms)
[02/27/2026-11:10:14] [I] Average on 10 runs - GPU latency: 0.0972778 ms - Host latency: 0.0972778 ms (enqueue 0.082251 ms)
[02/27/2026-11:10:14] [I] Average on 10 runs - GPU latency: 0.098584 ms - Host latency: 0.098584 ms (enqueue 0.0830566 ms)
[02/27/2026-11:10:14] [I] Average on 10 runs - GPU latency: 0.0992798 ms - Host latency: 0.0992798 ms (enqueue 0.0829102 ms)
[02/27/2026-11:10:14] [I] Average on 10 runs - GPU latency: 0.0989746 ms - Host latency: 0.0989746 ms (enqueue 0.0834351 ms)
[02/27/2026-11:10:14] [I] Average on 10 runs - GPU latency: 0.0994751 ms - Host latency: 0.0994751 ms (enqueue 0.0828613 ms)
[02/27/2026-11:10:14] [I] Average on 10 runs - GPU latency: 0.0972656 ms - Host latency: 0.0972656 ms (enqueue 0.0817383 ms)
[02/27/2026-11:10:14] [I] Average on 10 runs - GPU latency: 0.0970703 ms - Host latency: 0.0970703 ms (enqueue 0.0817017 ms)
[02/27/2026-11:10:14] [I] Average on 10 runs - GPU latency: 0.100757 ms - Host latency: 0.100757 ms (enqueue 0.0845459 ms)
[02/27/2026-11:10:14] [I] Average on 10 runs - GPU latency: 0.097644 ms - Host latency: 0.097644 ms (enqueue 0.0823486 ms)
[02/27/2026-11:10:14] [I] Average on 10 runs - GPU latency: 0.0989868 ms - Host latency: 0.0989868 ms (enqueue 0.0833984 ms)
[02/27/2026-11:10:14] [I] Average on 10 runs - GPU latency: 0.0988525 ms - Host latency: 0.0988525 ms (enqueue 0.0825684 ms)
[02/27/2026-11:10:14] [I] Average on 10 runs - GPU latency: 0.0994141 ms - Host latency: 0.0994141 ms (enqueue 0.0829102 ms)
[02/27/2026-11:10:14] [I] Average on 10 runs - GPU latency: 0.0978149 ms - Host latency: 0.0978149 ms (enqueue 0.0817383 ms)
[02/27/2026-11:10:14] [I] Average on 10 runs - GPU latency: 0.0976196 ms - Host latency: 0.0976196 ms (enqueue 0.0818603 ms)
[02/27/2026-11:10:14] [I] Average on 10 runs - GPU latency: 0.0982788 ms - Host latency: 0.0982788 ms (enqueue 0.0821289 ms)
[02/27/2026-11:10:14] [I] Average on 10 runs - GPU latency: 0.101794 ms - Host latency: 0.101794 ms (enqueue 0.0839233 ms)
[02/27/2026-11:10:14] [I] Average on 10 runs - GPU latency: 0.0977417 ms - Host latency: 0.0977417 ms (enqueue 0.0823975 ms)
[02/27/2026-11:10:14] [I] Average on 10 runs - GPU latency: 0.0973755 ms - Host latency: 0.0973755 ms (enqueue 0.0813477 ms)
[02/27/2026-11:10:14] [I] Average on 10 runs - GPU latency: 0.0964233 ms - Host latency: 0.0964233 ms (enqueue 0.0811523 ms)
[02/27/2026-11:10:14] [I] Average on 10 runs - GPU latency: 0.100012 ms - Host latency: 0.100012 ms (enqueue 0.0833252 ms)
[02/27/2026-11:10:14] [I] Average on 10 runs - GPU latency: 0.0978394 ms - Host latency: 0.0978394 ms (enqueue 0.082312 ms)
[02/27/2026-11:10:14] [I] Average on 10 runs - GPU latency: 0.0970093 ms - Host latency: 0.0970093 ms (enqueue 0.0815308 ms)
[02/27/2026-11:10:14] [I] Average on 10 runs - GPU latency: 0.0966675 ms - Host latency: 0.0966675 ms (enqueue 0.0813843 ms)
[02/27/2026-11:10:14] [I] Average on 10 runs - GPU latency: 0.100208 ms - Host latency: 0.100208 ms (enqueue 0.083667 ms)
[02/27/2026-11:10:14] [I] Average on 10 runs - GPU latency: 0.0961914 ms - Host latency: 0.0961914 ms (enqueue 0.0809814 ms)
[02/27/2026-11:10:14] [I] Average on 10 runs - GPU latency: 0.0968384 ms - Host latency: 0.0968384 ms (enqueue 0.0815552 ms)
[02/27/2026-11:10:14] [I] Average on 10 runs - GPU latency: 0.0990356 ms - Host latency: 0.0990356 ms (enqueue 0.0827881 ms)
[02/27/2026-11:10:14] [I] Average on 10 runs - GPU latency: 0.100671 ms - Host latency: 0.100671 ms (enqueue 0.0832764 ms)
[02/27/2026-11:10:14] [I] Average on 10 runs - GPU latency: 0.0973877 ms - Host latency: 0.0973877 ms (enqueue 0.082251 ms)
[02/27/2026-11:10:14] [I] Average on 10 runs - GPU latency: 0.097168 ms - Host latency: 0.097168 ms (enqueue 0.0820312 ms)
[02/27/2026-11:10:14] [I] Average on 10 runs - GPU latency: 0.0977417 ms - Host latency: 0.0977417 ms (enqueue 0.081665 ms)
[02/27/2026-11:10:14] [I] Average on 10 runs - GPU latency: 0.0991943 ms - Host latency: 0.0991943 ms (enqueue 0.0839966 ms)
[02/27/2026-11:10:14] [I] Average on 10 runs - GPU latency: 0.0971802 ms - Host latency: 0.0971802 ms (enqueue 0.0817261 ms)
[02/27/2026-11:10:14] [I] Average on 10 runs - GPU latency: 0.0978027 ms - Host latency: 0.0978027 ms (enqueue 0.0824463 ms)
[02/27/2026-11:10:14] [I] Average on 10 runs - GPU latency: 0.0973877 ms - Host latency: 0.0973877 ms (enqueue 0.0817993 ms)
[02/27/2026-11:10:14] [I] Average on 10 runs - GPU latency: 0.0988525 ms - Host latency: 0.0988525 ms (enqueue 0.0840698 ms)
[02/27/2026-11:10:14] [I] Average on 10 runs - GPU latency: 0.0967163 ms - Host latency: 0.0967163 ms (enqueue 0.0819336 ms)
[02/27/2026-11:10:14] [I] Average on 10 runs - GPU latency: 0.0977783 ms - Host latency: 0.0977783 ms (enqueue 0.0817139 ms)
[02/27/2026-11:10:14] [I] Average on 10 runs - GPU latency: 0.0992432 ms - Host latency: 0.0992432 ms (enqueue 0.0830688 ms)
[02/27/2026-11:10:14] [I] Average on 10 runs - GPU latency: 0.0994873 ms - Host latency: 0.0994873 ms (enqueue 0.0845581 ms)
[02/27/2026-11:10:14] [I] Average on 10 runs - GPU latency: 0.0996094 ms - Host latency: 0.0996094 ms (enqueue 0.0829224 ms)
[02/27/2026-11:10:14] [I] Average on 10 runs - GPU latency: 0.0977905 ms - Host latency: 0.0977905 ms (enqueue 0.0828735 ms)
[02/27/2026-11:10:14] [I] Average on 10 runs - GPU latency: 0.0998535 ms - Host latency: 0.0998535 ms (enqueue 0.0837036 ms)
[02/27/2026-11:10:14] [I] Average on 10 runs - GPU latency: 0.102625 ms - Host latency: 0.102625 ms (enqueue 0.0867188 ms)
[02/27/2026-11:10:14] [I] Average on 10 runs - GPU latency: 0.0990112 ms - Host latency: 0.0990112 ms (enqueue 0.0835449 ms)
[02/27/2026-11:10:14] [I] Average on 10 runs - GPU latency: 0.101624 ms - Host latency: 0.101624 ms (enqueue 0.0848877 ms)
[02/27/2026-11:10:14] [I] Average on 10 runs - GPU latency: 0.102832 ms - Host latency: 0.102832 ms (enqueue 0.0863525 ms)
[02/27/2026-11:10:14] [I] Average on 10 runs - GPU latency: 0.100854 ms - Host latency: 0.100854 ms (enqueue 0.0845215 ms)
[02/27/2026-11:10:14] [I] Average on 10 runs - GPU latency: 0.0992065 ms - Host latency: 0.0992065 ms (enqueue 0.0832153 ms)
[02/27/2026-11:10:14] [I] Average on 10 runs - GPU latency: 0.100098 ms - Host latency: 0.100098 ms (enqueue 0.0842285 ms)
[02/27/2026-11:10:14] [I] Average on 10 runs - GPU latency: 0.101074 ms - Host latency: 0.101074 ms (enqueue 0.0847168 ms)
[02/27/2026-11:10:14] [I] Average on 10 runs - GPU latency: 0.0988403 ms - Host latency: 0.0988403 ms (enqueue 0.0833008 ms)
[02/27/2026-11:10:14] [I] Average on 10 runs - GPU latency: 0.0994751 ms - Host latency: 0.0994751 ms (enqueue 0.0839111 ms)
[02/27/2026-11:10:14] [I] Average on 10 runs - GPU latency: 0.0974487 ms - Host latency: 0.0974487 ms (enqueue 0.081604 ms)
[02/27/2026-11:10:14] [I] Average on 10 runs - GPU latency: 0.0991699 ms - Host latency: 0.0991699 ms (enqueue 0.0839233 ms)
[02/27/2026-11:10:14] [I] Average on 10 runs - GPU latency: 0.0988281 ms - Host latency: 0.0988281 ms (enqueue 0.0831665 ms)
[02/27/2026-11:10:14] [I] Average on 10 runs - GPU latency: 0.0959595 ms - Host latency: 0.0959595 ms (enqueue 0.0807739 ms)
[02/27/2026-11:10:14] [I] Average on 10 runs - GPU latency: 0.0974243 ms - Host latency: 0.0974243 ms (enqueue 0.0816528 ms)
[02/27/2026-11:10:14] [I] Average on 10 runs - GPU latency: 0.0990356 ms - Host latency: 0.0990356 ms (enqueue 0.0826782 ms)
[02/27/2026-11:10:14] [I] Average on 10 runs - GPU latency: 0.0970337 ms - Host latency: 0.0970337 ms (enqueue 0.0817871 ms)
[02/27/2026-11:10:14] [I] Average on 10 runs - GPU latency: 0.0981323 ms - Host latency: 0.0981323 ms (enqueue 0.0825684 ms)
[02/27/2026-11:10:14] [I] Average on 10 runs - GPU latency: 0.100928 ms - Host latency: 0.100928 ms (enqueue 0.0844482 ms)
[02/27/2026-11:10:14] [I] Average on 10 runs - GPU latency: 0.10127 ms - Host latency: 0.10127 ms (enqueue 0.0857056 ms)
[02/27/2026-11:10:14] [I] Average on 10 runs - GPU latency: 0.0983154 ms - Host latency: 0.0983154 ms (enqueue 0.0827393 ms)
[02/27/2026-11:10:14] [I] Average on 10 runs - GPU latency: 0.0985352 ms - Host latency: 0.0985352 ms (enqueue 0.0826416 ms)
[02/27/2026-11:10:14] [I] Average on 10 runs - GPU latency: 0.0991211 ms - Host latency: 0.0991211 ms (enqueue 0.0829346 ms)
[02/27/2026-11:10:14] [I] Average on 10 runs - GPU latency: 0.099585 ms - Host latency: 0.099585 ms (enqueue 0.0835449 ms)
[02/27/2026-11:10:14] [I] Average on 10 runs - GPU latency: 0.0981934 ms - Host latency: 0.0981934 ms (enqueue 0.0820557 ms)
[02/27/2026-11:10:14] [I] Average on 10 runs - GPU latency: 0.0986572 ms - Host latency: 0.0986572 ms (enqueue 0.0833252 ms)
[02/27/2026-11:10:14] [I] Average on 10 runs - GPU latency: 0.0988525 ms - Host latency: 0.0988525 ms (enqueue 0.0828369 ms)
[02/27/2026-11:10:14] [I] Average on 10 runs - GPU latency: 0.0998535 ms - Host latency: 0.0998535 ms (enqueue 0.0842529 ms)
[02/27/2026-11:10:14] [I] Average on 10 runs - GPU latency: 0.0985352 ms - Host latency: 0.0985352 ms (enqueue 0.082666 ms)
[02/27/2026-11:10:14] [I] Average on 10 runs - GPU latency: 0.0999268 ms - Host latency: 0.0999268 ms (enqueue 0.0828857 ms)
[02/27/2026-11:10:14] [I] Average on 10 runs - GPU latency: 0.0990723 ms - Host latency: 0.0990723 ms (enqueue 0.0834961 ms)
[02/27/2026-11:10:14] [I] Average on 10 runs - GPU latency: 0.102808 ms - Host latency: 0.102808 ms (enqueue 0.0862793 ms)
[02/27/2026-11:10:14] [I] Average on 10 runs - GPU latency: 0.0977051 ms - Host latency: 0.0977051 ms (enqueue 0.0821045 ms)
[02/27/2026-11:10:14] [I] Average on 10 runs - GPU latency: 0.100635 ms - Host latency: 0.100635 ms (enqueue 0.0844727 ms)
[02/27/2026-11:10:14] [I] Average on 10 runs - GPU latency: 0.0995361 ms - Host latency: 0.0995361 ms (enqueue 0.083374 ms)
[02/27/2026-11:10:14] [I] Average on 10 runs - GPU latency: 0.101172 ms - Host latency: 0.101172 ms (enqueue 0.0857666 ms)
[02/27/2026-11:10:14] [I] Average on 10 runs - GPU latency: 0.0985596 ms - Host latency: 0.0985596 ms (enqueue 0.0828125 ms)
[02/27/2026-11:10:14] [I] Average on 10 runs - GPU latency: 0.100122 ms - Host latency: 0.100122 ms (enqueue 0.0838867 ms)
[02/27/2026-11:10:14] [I] Average on 10 runs - GPU latency: 0.0974365 ms - Host latency: 0.0974365 ms (enqueue 0.0820312 ms)
[02/27/2026-11:10:14] [I] Average on 10 runs - GPU latency: 0.101855 ms - Host latency: 0.101855 ms (enqueue 0.0865967 ms)
[02/27/2026-11:10:14] [I] Average on 10 runs - GPU latency: 0.0979492 ms - Host latency: 0.0979492 ms (enqueue 0.0826172 ms)
[02/27/2026-11:10:14] [I] Average on 10 runs - GPU latency: 0.100122 ms - Host latency: 0.100122 ms (enqueue 0.0838867 ms)
[02/27/2026-11:10:14] [I] Average on 10 runs - GPU latency: 0.0994629 ms - Host latency: 0.0994629 ms (enqueue 0.0835449 ms)
[02/27/2026-11:10:14] [I] Average on 10 runs - GPU latency: 0.102368 ms - Host latency: 0.102368 ms (enqueue 0.0855957 ms)
[02/27/2026-11:10:14] [I] Average on 10 runs - GPU latency: 0.102246 ms - Host latency: 0.102246 ms (enqueue 0.086084 ms)
[02/27/2026-11:10:14] [I] Average on 10 runs - GPU latency: 0.0991455 ms - Host latency: 0.0991455 ms (enqueue 0.0832275 ms)
[02/27/2026-11:10:14] [I] Average on 10 runs - GPU latency: 0.100171 ms - Host latency: 0.100171 ms (enqueue 0.08396 ms)
[02/27/2026-11:10:14] [I] Average on 10 runs - GPU latency: 0.101318 ms - Host latency: 0.101318 ms (enqueue 0.0855469 ms)
[02/27/2026-11:10:14] [I] Average on 10 runs - GPU latency: 0.100635 ms - Host latency: 0.100635 ms (enqueue 0.0838623 ms)
[02/27/2026-11:10:14] [I] Average on 10 runs - GPU latency: 0.0977783 ms - Host latency: 0.0977783 ms (enqueue 0.0825439 ms)
[02/27/2026-11:10:14] [I] Average on 10 runs - GPU latency: 0.0977539 ms - Host latency: 0.0977539 ms (enqueue 0.0823242 ms)
[02/27/2026-11:10:14] [I] Average on 10 runs - GPU latency: 0.101514 ms - Host latency: 0.101514 ms (enqueue 0.086792 ms)
[02/27/2026-11:10:14] [I] Average on 10 runs - GPU latency: 0.100195 ms - Host latency: 0.100195 ms (enqueue 0.0833252 ms)
[02/27/2026-11:10:14] [I] Average on 10 runs - GPU latency: 0.0982178 ms - Host latency: 0.0982178 ms (enqueue 0.0828125 ms)
[02/27/2026-11:10:14] [I] Average on 10 runs - GPU latency: 0.0975098 ms - Host latency: 0.0975098 ms (enqueue 0.081543 ms)
[02/27/2026-11:10:14] [I] Average on 10 runs - GPU latency: 0.0994629 ms - Host latency: 0.0994629 ms (enqueue 0.0836426 ms)
[02/27/2026-11:10:14] [I] Average on 10 runs - GPU latency: 0.0977539 ms - Host latency: 0.0977539 ms (enqueue 0.0821289 ms)
[02/27/2026-11:10:14] [I] Average on 10 runs - GPU latency: 0.0981934 ms - Host latency: 0.0981934 ms (enqueue 0.0822754 ms)
[02/27/2026-11:10:14] [I] Average on 10 runs - GPU latency: 0.0985596 ms - Host latency: 0.0985596 ms (enqueue 0.0832275 ms)
[02/27/2026-11:10:14] [I] Average on 10 runs - GPU latency: 0.101318 ms - Host latency: 0.101318 ms (enqueue 0.0836426 ms)
[02/27/2026-11:10:14] [I] Average on 10 runs - GPU latency: 0.0977783 ms - Host latency: 0.0977783 ms (enqueue 0.0817139 ms)
[02/27/2026-11:10:14] [I] Average on 10 runs - GPU latency: 0.0979004 ms - Host latency: 0.0979004 ms (enqueue 0.0818115 ms)
[02/27/2026-11:10:14] [I] Average on 10 runs - GPU latency: 0.0985107 ms - Host latency: 0.0985107 ms (enqueue 0.0823975 ms)
[02/27/2026-11:10:14] [I] Average on 10 runs - GPU latency: 0.102539 ms - Host latency: 0.102539 ms (enqueue 0.0869629 ms)
[02/27/2026-11:10:14] [I] Average on 10 runs - GPU latency: 0.0988281 ms - Host latency: 0.0988281 ms (enqueue 0.0827637 ms)
[02/27/2026-11:10:14] [I] Average on 10 runs - GPU latency: 0.0986084 ms - Host latency: 0.0986084 ms (enqueue 0.082666 ms)
[02/27/2026-11:10:14] [I] Average on 10 runs - GPU latency: 0.0974365 ms - Host latency: 0.0974365 ms (enqueue 0.0819824 ms)
[02/27/2026-11:10:14] [I] Average on 10 runs - GPU latency: 0.0997559 ms - Host latency: 0.0997559 ms (enqueue 0.0831543 ms)
[02/27/2026-11:10:14] [I] Average on 10 runs - GPU latency: 0.0987061 ms - Host latency: 0.0987061 ms (enqueue 0.083252 ms)
[02/27/2026-11:10:14] [I] Average on 10 runs - GPU latency: 0.0981201 ms - Host latency: 0.0981201 ms (enqueue 0.0819092 ms)
[02/27/2026-11:10:14] [I] Average on 10 runs - GPU latency: 0.0973633 ms - Host latency: 0.0973633 ms (enqueue 0.0820557 ms)
[02/27/2026-11:10:14] [I] Average on 10 runs - GPU latency: 0.102417 ms - Host latency: 0.102417 ms (enqueue 0.0860352 ms)
[02/27/2026-11:10:14] [I] Average on 10 runs - GPU latency: 0.100049 ms - Host latency: 0.100049 ms (enqueue 0.0841309 ms)
[02/27/2026-11:10:14] [I] Average on 10 runs - GPU latency: 0.0999023 ms - Host latency: 0.0999023 ms (enqueue 0.0835937 ms)
[02/27/2026-11:10:14] [I] Average on 10 runs - GPU latency: 0.100781 ms - Host latency: 0.100781 ms (enqueue 0.0854248 ms)
[02/27/2026-11:10:14] [I] Average on 10 runs - GPU latency: 0.103442 ms - Host latency: 0.103442 ms (enqueue 0.0853516 ms)
[02/27/2026-11:10:14] [I] Average on 10 runs - GPU latency: 0.10105 ms - Host latency: 0.10105 ms (enqueue 0.084375 ms)
[02/27/2026-11:10:14] [I] Average on 10 runs - GPU latency: 0.10022 ms - Host latency: 0.10022 ms (enqueue 0.08396 ms)
[02/27/2026-11:10:14] [I] Average on 10 runs - GPU latency: 0.0998047 ms - Host latency: 0.0998047 ms (enqueue 0.0851562 ms)
[02/27/2026-11:10:14] [I] Average on 10 runs - GPU latency: 0.0993896 ms - Host latency: 0.0993896 ms (enqueue 0.0831299 ms)
[02/27/2026-11:10:14] [I] Average on 10 runs - GPU latency: 0.0987061 ms - Host latency: 0.0987061 ms (enqueue 0.0825928 ms)
[02/27/2026-11:10:14] [I] Average on 10 runs - GPU latency: 0.0986572 ms - Host latency: 0.0986572 ms (enqueue 0.0827637 ms)
[02/27/2026-11:10:14] [I] Average on 10 runs - GPU latency: 0.101196 ms - Host latency: 0.101196 ms (enqueue 0.0855469 ms)
[02/27/2026-11:10:14] [I] Average on 10 runs - GPU latency: 0.0983398 ms - Host latency: 0.0983398 ms (enqueue 0.082251 ms)
[02/27/2026-11:10:14] [I] Average on 10 runs - GPU latency: 0.0976074 ms - Host latency: 0.0976074 ms (enqueue 0.0821289 ms)
[02/27/2026-11:10:14] [I] Average on 10 runs - GPU latency: 0.0984131 ms - Host latency: 0.0984131 ms (enqueue 0.0828369 ms)
[02/27/2026-11:10:14] [I] Average on 10 runs - GPU latency: 0.101782 ms - Host latency: 0.101782 ms (enqueue 0.085498 ms)
[02/27/2026-11:10:14] [I] Average on 10 runs - GPU latency: 0.0994873 ms - Host latency: 0.0994873 ms (enqueue 0.0830566 ms)
[02/27/2026-11:10:14] [I] Average on 10 runs - GPU latency: 0.0990723 ms - Host latency: 0.0990723 ms (enqueue 0.082959 ms)
[02/27/2026-11:10:14] [I] Average on 10 runs - GPU latency: 0.0989258 ms - Host latency: 0.0989258 ms (enqueue 0.0830322 ms)
[02/27/2026-11:10:14] [I] Average on 10 runs - GPU latency: 0.100537 ms - Host latency: 0.100537 ms (enqueue 0.0848145 ms)
[02/27/2026-11:10:14] [I] Average on 10 runs - GPU latency: 0.0987549 ms - Host latency: 0.0987549 ms (enqueue 0.0829102 ms)
[02/27/2026-11:10:14] [I] Average on 10 runs - GPU latency: 0.097998 ms - Host latency: 0.097998 ms (enqueue 0.0819824 ms)
[02/27/2026-11:10:14] [I] Average on 10 runs - GPU latency: 0.0979492 ms - Host latency: 0.0979492 ms (enqueue 0.0827148 ms)
[02/27/2026-11:10:14] [I] Average on 10 runs - GPU latency: 0.101245 ms - Host latency: 0.101245 ms (enqueue 0.08479 ms)
[02/27/2026-11:10:14] [I] Average on 10 runs - GPU latency: 0.0981689 ms - Host latency: 0.0981689 ms (enqueue 0.082666 ms)
[02/27/2026-11:10:14] [I] Average on 10 runs - GPU latency: 0.0976074 ms - Host latency: 0.0976074 ms (enqueue 0.0822266 ms)
[02/27/2026-11:10:14] [I] Average on 10 runs - GPU latency: 0.0994141 ms - Host latency: 0.0994141 ms (enqueue 0.0836182 ms)
[02/27/2026-11:10:14] [I] Average on 10 runs - GPU latency: 0.100562 ms - Host latency: 0.100562 ms (enqueue 0.0844482 ms)
[02/27/2026-11:10:14] [I] Average on 10 runs - GPU latency: 0.098584 ms - Host latency: 0.098584 ms (enqueue 0.0828613 ms)
[02/27/2026-11:10:14] [I] Average on 10 runs - GPU latency: 0.0983398 ms - Host latency: 0.0983398 ms (enqueue 0.0824463 ms)
[02/27/2026-11:10:14] [I] Average on 10 runs - GPU latency: 0.0972412 ms - Host latency: 0.0972412 ms (enqueue 0.0817383 ms)
[02/27/2026-11:10:14] [I] Average on 10 runs - GPU latency: 0.100586 ms - Host latency: 0.100586 ms (enqueue 0.0845703 ms)
[02/27/2026-11:10:14] [I] Average on 10 runs - GPU latency: 0.0981689 ms - Host latency: 0.0981689 ms (enqueue 0.0821289 ms)
[02/27/2026-11:10:14] [I] Average on 10 runs - GPU latency: 0.0978272 ms - Host latency: 0.0978272 ms (enqueue 0.0826904 ms)
[02/27/2026-11:10:14] [I] Average on 10 runs - GPU latency: 0.0982422 ms - Host latency: 0.0982422 ms (enqueue 0.0822266 ms)
[02/27/2026-11:10:14] [I] Average on 10 runs - GPU latency: 0.0981689 ms - Host latency: 0.0981689 ms (enqueue 0.08396 ms)
[02/27/2026-11:10:14] [I] Average on 10 runs - GPU latency: 0.0979248 ms - Host latency: 0.0979248 ms (enqueue 0.0822266 ms)
[02/27/2026-11:10:14] [I] Average on 10 runs - GPU latency: 0.0981934 ms - Host latency: 0.0981934 ms (enqueue 0.0825928 ms)
[02/27/2026-11:10:14] [I] Average on 10 runs - GPU latency: 0.100366 ms - Host latency: 0.100366 ms (enqueue 0.0841553 ms)
[02/27/2026-11:10:14] [I] Average on 10 runs - GPU latency: 0.0999756 ms - Host latency: 0.0999756 ms (enqueue 0.0843506 ms)
[02/27/2026-11:10:14] [I] Average on 10 runs - GPU latency: 0.0985352 ms - Host latency: 0.0985352 ms (enqueue 0.0827148 ms)
[02/27/2026-11:10:14] [I] Average on 10 runs - GPU latency: 0.0994873 ms - Host latency: 0.0994873 ms (enqueue 0.0836914 ms)
[02/27/2026-11:10:14] [I] Average on 10 runs - GPU latency: 0.0996582 ms - Host latency: 0.0996582 ms (enqueue 0.0838623 ms)
[02/27/2026-11:10:14] [I] Average on 10 runs - GPU latency: 0.0991699 ms - Host latency: 0.0991699 ms (enqueue 0.083667 ms)
[02/27/2026-11:10:14] [I] Average on 10 runs - GPU latency: 0.0971924 ms - Host latency: 0.0971924 ms (enqueue 0.082251 ms)
[02/27/2026-11:10:14] [I] Average on 10 runs - GPU latency: 0.0973389 ms - Host latency: 0.0973389 ms (enqueue 0.0823975 ms)
[02/27/2026-11:10:14] [I] Average on 10 runs - GPU latency: 0.0981445 ms - Host latency: 0.0981445 ms (enqueue 0.0821533 ms)
[02/27/2026-11:10:14] [I] Average on 10 runs - GPU latency: 0.100098 ms - Host latency: 0.100098 ms (enqueue 0.0855469 ms)
[02/27/2026-11:10:14] [I] Average on 10 runs - GPU latency: 0.0977051 ms - Host latency: 0.0977051 ms (enqueue 0.0827881 ms)
[02/27/2026-11:10:14] [I] Average on 10 runs - GPU latency: 0.0995605 ms - Host latency: 0.0995605 ms (enqueue 0.0834717 ms)
[02/27/2026-11:10:14] [I] Average on 10 runs - GPU latency: 0.0988281 ms - Host latency: 0.0988281 ms (enqueue 0.0827637 ms)
[02/27/2026-11:10:14] [I] Average on 10 runs - GPU latency: 0.0997803 ms - Host latency: 0.0997803 ms (enqueue 0.0840332 ms)
[02/27/2026-11:10:14] [I] Average on 10 runs - GPU latency: 0.0977051 ms - Host latency: 0.0977051 ms (enqueue 0.0820557 ms)
[02/27/2026-11:10:14] [I] Average on 10 runs - GPU latency: 0.0969727 ms - Host latency: 0.0969727 ms (enqueue 0.0818115 ms)
[02/27/2026-11:10:14] [I] Average on 10 runs - GPU latency: 0.0984131 ms - Host latency: 0.0984131 ms (enqueue 0.082251 ms)
[02/27/2026-11:10:14] [I] Average on 10 runs - GPU latency: 0.10061 ms - Host latency: 0.10061 ms (enqueue 0.0837646 ms)
[02/27/2026-11:10:14] [I] Average on 10 runs - GPU latency: 0.099585 ms - Host latency: 0.099585 ms (enqueue 0.083667 ms)
[02/27/2026-11:10:14] [I] Average on 10 runs - GPU latency: 0.097876 ms - Host latency: 0.097876 ms (enqueue 0.0821045 ms)
[02/27/2026-11:10:14] [I] Average on 10 runs - GPU latency: 0.0981689 ms - Host latency: 0.0981689 ms (enqueue 0.082251 ms)
[02/27/2026-11:10:14] [I] Average on 10 runs - GPU latency: 0.0994629 ms - Host latency: 0.0994629 ms (enqueue 0.0840576 ms)
[02/27/2026-11:10:14] [I] Average on 10 runs - GPU latency: 0.0980225 ms - Host latency: 0.0980225 ms (enqueue 0.0820068 ms)
[02/27/2026-11:10:14] [I] Average on 10 runs - GPU latency: 0.0999023 ms - Host latency: 0.0999023 ms (enqueue 0.0835449 ms)
[02/27/2026-11:10:14] [I] Average on 10 runs - GPU latency: 0.0976807 ms - Host latency: 0.0976807 ms (enqueue 0.0821777 ms)
[02/27/2026-11:10:14] [I] Average on 10 runs - GPU latency: 0.101709 ms - Host latency: 0.101709 ms (enqueue 0.0856934 ms)
[02/27/2026-11:10:14] [I] Average on 10 runs - GPU latency: 0.0969238 ms - Host latency: 0.0969238 ms (enqueue 0.0810547 ms)
[02/27/2026-11:10:14] [I] Average on 10 runs - GPU latency: 0.0987305 ms - Host latency: 0.0987305 ms (enqueue 0.0827637 ms)
[02/27/2026-11:10:14] [I] Average on 10 runs - GPU latency: 0.0989746 ms - Host latency: 0.0989746 ms (enqueue 0.0828125 ms)
[02/27/2026-11:10:14] [I] Average on 10 runs - GPU latency: 0.0998291 ms - Host latency: 0.0998291 ms (enqueue 0.0837891 ms)
[02/27/2026-11:10:14] [I] Average on 10 runs - GPU latency: 0.0987305 ms - Host latency: 0.0987305 ms (enqueue 0.0830566 ms)
[02/27/2026-11:10:14] [I] Average on 10 runs - GPU latency: 0.0971436 ms - Host latency: 0.0971436 ms (enqueue 0.0816895 ms)
[02/27/2026-11:10:14] [I] Average on 10 runs - GPU latency: 0.0976807 ms - Host latency: 0.0976807 ms (enqueue 0.0825195 ms)
[02/27/2026-11:10:14] [I] Average on 10 runs - GPU latency: 0.0989258 ms - Host latency: 0.0989258 ms (enqueue 0.0837891 ms)
[02/27/2026-11:10:14] [I] Average on 10 runs - GPU latency: 0.0988525 ms - Host latency: 0.0988525 ms (enqueue 0.0824463 ms)
[02/27/2026-11:10:14] [I] Average on 10 runs - GPU latency: 0.0984375 ms - Host latency: 0.0984375 ms (enqueue 0.0832764 ms)
[02/27/2026-11:10:14] [I] Average on 10 runs - GPU latency: 0.0978272 ms - Host latency: 0.0978272 ms (enqueue 0.0818115 ms)
[02/27/2026-11:10:14] [I] Average on 10 runs - GPU latency: 0.100269 ms - Host latency: 0.100269 ms (enqueue 0.0850342 ms)
[02/27/2026-11:10:14] [I] Average on 10 runs - GPU latency: 0.0974121 ms - Host latency: 0.0974121 ms (enqueue 0.0821045 ms)
[02/27/2026-11:10:14] [I] Average on 10 runs - GPU latency: 0.0982422 ms - Host latency: 0.0982422 ms (enqueue 0.0823975 ms)
[02/27/2026-11:10:14] [I] Average on 10 runs - GPU latency: 0.097876 ms - Host latency: 0.097876 ms (enqueue 0.0825195 ms)
[02/27/2026-11:10:14] [I] Average on 10 runs - GPU latency: 0.100684 ms - Host latency: 0.100684 ms (enqueue 0.0856934 ms)
[02/27/2026-11:10:14] [I] Average on 10 runs - GPU latency: 0.0985352 ms - Host latency: 0.0985352 ms (enqueue 0.0824707 ms)
[02/27/2026-11:10:14] [I] Average on 10 runs - GPU latency: 0.099585 ms - Host latency: 0.099585 ms (enqueue 0.0839844 ms)
[02/27/2026-11:10:14] [I] Average on 10 runs - GPU latency: 0.0991211 ms - Host latency: 0.0991211 ms (enqueue 0.0837158 ms)
[02/27/2026-11:10:14] [I] Average on 10 runs - GPU latency: 0.101172 ms - Host latency: 0.101172 ms (enqueue 0.0854248 ms)
[02/27/2026-11:10:14] [I] Average on 10 runs - GPU latency: 0.0986328 ms - Host latency: 0.0986328 ms (enqueue 0.0827881 ms)
[02/27/2026-11:10:14] [I] Average on 10 runs - GPU latency: 0.0994873 ms - Host latency: 0.0994873 ms (enqueue 0.0831787 ms)
[02/27/2026-11:10:14] [I] Average on 10 runs - GPU latency: 0.0987793 ms - Host latency: 0.0987793 ms (enqueue 0.083252 ms)
[02/27/2026-11:10:14] [I] Average on 10 runs - GPU latency: 0.101294 ms - Host latency: 0.101294 ms (enqueue 0.0853516 ms)
[02/27/2026-11:10:14] [I] Average on 10 runs - GPU latency: 0.0966797 ms - Host latency: 0.0966797 ms (enqueue 0.0812744 ms)
[02/27/2026-11:10:14] [I] Average on 10 runs - GPU latency: 0.0988037 ms - Host latency: 0.0988037 ms (enqueue 0.082666 ms)
[02/27/2026-11:10:14] [I] Average on 10 runs - GPU latency: 0.0991699 ms - Host latency: 0.0991699 ms (enqueue 0.0838867 ms)
[02/27/2026-11:10:14] [I] Average on 10 runs - GPU latency: 0.101294 ms - Host latency: 0.101294 ms (enqueue 0.084668 ms)
[02/27/2026-11:10:14] [I] Average on 10 runs - GPU latency: 0.0973633 ms - Host latency: 0.0973633 ms (enqueue 0.0817139 ms)
[02/27/2026-11:10:14] [I] Average on 10 runs - GPU latency: 0.0995117 ms - Host latency: 0.0995117 ms (enqueue 0.0834473 ms)
[02/27/2026-11:10:14] [I] Average on 10 runs - GPU latency: 0.0994385 ms - Host latency: 0.0994385 ms (enqueue 0.0828369 ms)
[02/27/2026-11:10:14] [I] Average on 10 runs - GPU latency: 0.101465 ms - Host latency: 0.101465 ms (enqueue 0.086084 ms)
[02/27/2026-11:10:14] [I] Average on 10 runs - GPU latency: 0.0973145 ms - Host latency: 0.0973145 ms (enqueue 0.0815918 ms)
[02/27/2026-11:10:14] [I] Average on 10 runs - GPU latency: 0.0968262 ms - Host latency: 0.0968262 ms (enqueue 0.0815186 ms)
[02/27/2026-11:10:14] [I] Average on 10 runs - GPU latency: 0.0977539 ms - Host latency: 0.0977539 ms (enqueue 0.0820312 ms)
[02/27/2026-11:10:14] [I] Average on 10 runs - GPU latency: 0.0998779 ms - Host latency: 0.0998779 ms (enqueue 0.0844727 ms)
[02/27/2026-11:10:14] [I] Average on 10 runs - GPU latency: 0.0975098 ms - Host latency: 0.0975098 ms (enqueue 0.0822266 ms)
[02/27/2026-11:10:14] [I] Average on 10 runs - GPU latency: 0.100586 ms - Host latency: 0.100586 ms (enqueue 0.0844971 ms)
[02/27/2026-11:10:14] [I] Average on 10 runs - GPU latency: 0.100195 ms - Host latency: 0.100195 ms (enqueue 0.0837891 ms)
[02/27/2026-11:10:14] [I] Average on 10 runs - GPU latency: 0.103955 ms - Host latency: 0.103955 ms (enqueue 0.0886475 ms)
[02/27/2026-11:10:14] [I] Average on 10 runs - GPU latency: 0.0977539 ms - Host latency: 0.0977539 ms (enqueue 0.0818359 ms)
[02/27/2026-11:10:14] [I] Average on 10 runs - GPU latency: 0.0998535 ms - Host latency: 0.0998535 ms (enqueue 0.0842041 ms)
[02/27/2026-11:10:14] [I] Average on 10 runs - GPU latency: 0.100439 ms - Host latency: 0.100439 ms (enqueue 0.0851074 ms)
[02/27/2026-11:10:14] [I] Average on 10 runs - GPU latency: 0.100537 ms - Host latency: 0.100537 ms (enqueue 0.083252 ms)
[02/27/2026-11:10:14] [I] Average on 10 runs - GPU latency: 0.0977539 ms - Host latency: 0.0977539 ms (enqueue 0.0821289 ms)
[02/27/2026-11:10:14] [I] Average on 10 runs - GPU latency: 0.097876 ms - Host latency: 0.097876 ms (enqueue 0.0818115 ms)
[02/27/2026-11:10:14] [I] Average on 10 runs - GPU latency: 0.096875 ms - Host latency: 0.096875 ms (enqueue 0.0831055 ms)
[02/27/2026-11:10:14] [I] Average on 10 runs - GPU latency: 0.100049 ms - Host latency: 0.100049 ms (enqueue 0.0830322 ms)
[02/27/2026-11:10:14] [I] Average on 10 runs - GPU latency: 0.09729 ms - Host latency: 0.09729 ms (enqueue 0.0819336 ms)
[02/27/2026-11:10:14] [I] Average on 10 runs - GPU latency: 0.0973633 ms - Host latency: 0.0973633 ms (enqueue 0.0821777 ms)
[02/27/2026-11:10:14] [I] Average on 10 runs - GPU latency: 0.10022 ms - Host latency: 0.10022 ms (enqueue 0.0849365 ms)
[02/27/2026-11:10:14] [I] Average on 10 runs - GPU latency: 0.100342 ms - Host latency: 0.100342 ms (enqueue 0.0835937 ms)
[02/27/2026-11:10:14] [I] Average on 10 runs - GPU latency: 0.0975342 ms - Host latency: 0.0975342 ms (enqueue 0.0819336 ms)
[02/27/2026-11:10:14] [I] Average on 10 runs - GPU latency: 0.0991943 ms - Host latency: 0.0991943 ms (enqueue 0.0830078 ms)
[02/27/2026-11:10:14] [I] Average on 10 runs - GPU latency: 0.102368 ms - Host latency: 0.102368 ms (enqueue 0.0861328 ms)
[02/27/2026-11:10:14] [I] Average on 10 runs - GPU latency: 0.0991699 ms - Host latency: 0.0991699 ms (enqueue 0.0833984 ms)
[02/27/2026-11:10:14] [I] Average on 10 runs - GPU latency: 0.0987549 ms - Host latency: 0.0987549 ms (enqueue 0.0830078 ms)
[02/27/2026-11:10:14] [I] Average on 10 runs - GPU latency: 0.0976807 ms - Host latency: 0.0976807 ms (enqueue 0.0822754 ms)
[02/27/2026-11:10:14] [I] Average on 10 runs - GPU latency: 0.0986328 ms - Host latency: 0.0986328 ms (enqueue 0.0836182 ms)
[02/27/2026-11:10:14] [I] Average on 10 runs - GPU latency: 0.0963379 ms - Host latency: 0.0963379 ms (enqueue 0.0811035 ms)
[02/27/2026-11:10:14] [I] Average on 10 runs - GPU latency: 0.0980957 ms - Host latency: 0.0980957 ms (enqueue 0.082373 ms)
[02/27/2026-11:10:14] [I] Average on 10 runs - GPU latency: 0.0967529 ms - Host latency: 0.0967529 ms (enqueue 0.0815186 ms)
[02/27/2026-11:10:14] [I] Average on 10 runs - GPU latency: 0.0987793 ms - Host latency: 0.0987793 ms (enqueue 0.0842285 ms)
[02/27/2026-11:10:14] [I] Average on 10 runs - GPU latency: 0.0984131 ms - Host latency: 0.0984131 ms (enqueue 0.082251 ms)
[02/27/2026-11:10:14] [I] Average on 10 runs - GPU latency: 0.0991699 ms - Host latency: 0.0991699 ms (enqueue 0.0835693 ms)
[02/27/2026-11:10:14] [I] Average on 10 runs - GPU latency: 0.0998291 ms - Host latency: 0.0998291 ms (enqueue 0.0830078 ms)
[02/27/2026-11:10:14] [I] Average on 10 runs - GPU latency: 0.102393 ms - Host latency: 0.102393 ms (enqueue 0.0865723 ms)
[02/27/2026-11:10:14] [I] Average on 10 runs - GPU latency: 0.0984863 ms - Host latency: 0.0984863 ms (enqueue 0.0826416 ms)
[02/27/2026-11:10:14] [I] Average on 10 runs - GPU latency: 0.0997803 ms - Host latency: 0.0997803 ms (enqueue 0.0840088 ms)
[02/27/2026-11:10:14] [I] Average on 10 runs - GPU latency: 0.100488 ms - Host latency: 0.100488 ms (enqueue 0.0841553 ms)
[02/27/2026-11:10:14] [I] Average on 10 runs - GPU latency: 0.10188 ms - Host latency: 0.10188 ms (enqueue 0.0855713 ms)
[02/27/2026-11:10:14] [I] Average on 10 runs - GPU latency: 0.0978516 ms - Host latency: 0.0978516 ms (enqueue 0.0824707 ms)
[02/27/2026-11:10:14] [I] Average on 10 runs - GPU latency: 0.0986816 ms - Host latency: 0.0986816 ms (enqueue 0.0830811 ms)
[02/27/2026-11:10:14] [I] Average on 10 runs - GPU latency: 0.0990479 ms - Host latency: 0.0990479 ms (enqueue 0.0827148 ms)
[02/27/2026-11:10:14] [I] Average on 10 runs - GPU latency: 0.100708 ms - Host latency: 0.100708 ms (enqueue 0.0854736 ms)
[02/27/2026-11:10:14] [I] Average on 10 runs - GPU latency: 0.100073 ms - Host latency: 0.100073 ms (enqueue 0.0834717 ms)
[02/27/2026-11:10:14] [I] Average on 10 runs - GPU latency: 0.100464 ms - Host latency: 0.100464 ms (enqueue 0.0838623 ms)
[02/27/2026-11:10:14] [I] Average on 10 runs - GPU latency: 0.0984863 ms - Host latency: 0.0984863 ms (enqueue 0.0827148 ms)
[02/27/2026-11:10:14] [I] Average on 10 runs - GPU latency: 0.100269 ms - Host latency: 0.100269 ms (enqueue 0.0840332 ms)
[02/27/2026-11:10:14] [I] Average on 10 runs - GPU latency: 0.0980713 ms - Host latency: 0.0980713 ms (enqueue 0.0828369 ms)
[02/27/2026-11:10:14] [I] Average on 10 runs - GPU latency: 0.0990723 ms - Host latency: 0.0990723 ms (enqueue 0.0831055 ms)
[02/27/2026-11:10:14] [I] Average on 10 runs - GPU latency: 0.0982178 ms - Host latency: 0.0982178 ms (enqueue 0.0825195 ms)
[02/27/2026-11:10:14] [I] Average on 10 runs - GPU latency: 0.0994385 ms - Host latency: 0.0994385 ms (enqueue 0.0838379 ms)
[02/27/2026-11:10:14] [I] Average on 10 runs - GPU latency: 0.0981201 ms - Host latency: 0.0981201 ms (enqueue 0.0824707 ms)
[02/27/2026-11:10:14] [I] Average on 10 runs - GPU latency: 0.0982422 ms - Host latency: 0.0982422 ms (enqueue 0.0824951 ms)
[02/27/2026-11:10:14] [I] Average on 10 runs - GPU latency: 0.0985107 ms - Host latency: 0.0985107 ms (enqueue 0.0828857 ms)
[02/27/2026-11:10:14] [I] Average on 10 runs - GPU latency: 0.10271 ms - Host latency: 0.10271 ms (enqueue 0.0873779 ms)
[02/27/2026-11:10:14] [I] Average on 10 runs - GPU latency: 0.0978516 ms - Host latency: 0.0978516 ms (enqueue 0.0824463 ms)
[02/27/2026-11:10:14] [I] Average on 10 runs - GPU latency: 0.100122 ms - Host latency: 0.100122 ms (enqueue 0.0838867 ms)
[02/27/2026-11:10:14] [I] Average on 10 runs - GPU latency: 0.0985596 ms - Host latency: 0.0985596 ms (enqueue 0.0832031 ms)
[02/27/2026-11:10:14] [I] Average on 10 runs - GPU latency: 0.100415 ms - Host latency: 0.100415 ms (enqueue 0.0853027 ms)
[02/27/2026-11:10:14] [I] Average on 10 runs - GPU latency: 0.0990234 ms - Host latency: 0.0990234 ms (enqueue 0.0831787 ms)
[02/27/2026-11:10:14] [I] Average on 10 runs - GPU latency: 0.0994141 ms - Host latency: 0.0994141 ms (enqueue 0.083667 ms)
[02/27/2026-11:10:14] [I] Average on 10 runs - GPU latency: 0.0988281 ms - Host latency: 0.0988281 ms (enqueue 0.0825195 ms)
[02/27/2026-11:10:14] [I] Average on 10 runs - GPU latency: 0.100537 ms - Host latency: 0.100537 ms (enqueue 0.0847656 ms)
[02/27/2026-11:10:14] [I] Average on 10 runs - GPU latency: 0.0997559 ms - Host latency: 0.0997559 ms (enqueue 0.0836426 ms)
[02/27/2026-11:10:14] [I] Average on 10 runs - GPU latency: 0.099585 ms - Host latency: 0.099585 ms (enqueue 0.0838135 ms)
[02/27/2026-11:10:14] [I] Average on 10 runs - GPU latency: 0.0994873 ms - Host latency: 0.0994873 ms (enqueue 0.083374 ms)
[02/27/2026-11:10:14] [I] Average on 10 runs - GPU latency: 0.100708 ms - Host latency: 0.100708 ms (enqueue 0.0859131 ms)
[02/27/2026-11:10:14] [I] Average on 10 runs - GPU latency: 0.101489 ms - Host latency: 0.101489 ms (enqueue 0.0843994 ms)
[02/27/2026-11:10:14] [I] Average on 10 runs - GPU latency: 0.0991699 ms - Host latency: 0.0991699 ms (enqueue 0.0828857 ms)
[02/27/2026-11:10:14] [I] Average on 10 runs - GPU latency: 0.098291 ms - Host latency: 0.098291 ms (enqueue 0.082666 ms)
[02/27/2026-11:10:14] [I] Average on 10 runs - GPU latency: 0.0993652 ms - Host latency: 0.0993652 ms (enqueue 0.082251 ms)
[02/27/2026-11:10:14] [I] Average on 10 runs - GPU latency: 0.0976074 ms - Host latency: 0.0976074 ms (enqueue 0.0818848 ms)
[02/27/2026-11:10:14] [I] Average on 10 runs - GPU latency: 0.0972656 ms - Host latency: 0.0972656 ms (enqueue 0.081665 ms)
[02/27/2026-11:10:14] [I] Average on 10 runs - GPU latency: 0.0976562 ms - Host latency: 0.0976562 ms (enqueue 0.0820312 ms)
[02/27/2026-11:10:14] [I] Average on 10 runs - GPU latency: 0.100244 ms - Host latency: 0.100244 ms (enqueue 0.0834961 ms)
[02/27/2026-11:10:14] [I] Average on 10 runs - GPU latency: 0.0978027 ms - Host latency: 0.0978027 ms (enqueue 0.082373 ms)
[02/27/2026-11:10:14] [I] Average on 10 runs - GPU latency: 0.0969482 ms - Host latency: 0.0969482 ms (enqueue 0.0806885 ms)
[02/27/2026-11:10:14] [I] Average on 10 runs - GPU latency: 0.0972412 ms - Host latency: 0.0972412 ms (enqueue 0.0818848 ms)
[02/27/2026-11:10:14] [I] Average on 10 runs - GPU latency: 0.101758 ms - Host latency: 0.101758 ms (enqueue 0.0845215 ms)
[02/27/2026-11:10:14] [I] Average on 10 runs - GPU latency: 0.0980469 ms - Host latency: 0.0980469 ms (enqueue 0.0824707 ms)
[02/27/2026-11:10:14] [I] Average on 10 runs - GPU latency: 0.0991455 ms - Host latency: 0.0991455 ms (enqueue 0.0830811 ms)
[02/27/2026-11:10:14] [I] Average on 10 runs - GPU latency: 0.0977783 ms - Host latency: 0.0977783 ms (enqueue 0.0825684 ms)
[02/27/2026-11:10:14] [I] Average on 10 runs - GPU latency: 0.0997314 ms - Host latency: 0.0997314 ms (enqueue 0.0838135 ms)
[02/27/2026-11:10:14] [I] Average on 10 runs - GPU latency: 0.0982178 ms - Host latency: 0.0982178 ms (enqueue 0.0827148 ms)
[02/27/2026-11:10:14] [I] Average on 10 runs - GPU latency: 0.0986328 ms - Host latency: 0.0986328 ms (enqueue 0.0827881 ms)
[02/27/2026-11:10:14] [I] Average on 10 runs - GPU latency: 0.0980469 ms - Host latency: 0.0980469 ms (enqueue 0.0820801 ms)
[02/27/2026-11:10:14] [I] Average on 10 runs - GPU latency: 0.101562 ms - Host latency: 0.101562 ms (enqueue 0.085791 ms)
[02/27/2026-11:10:14] [I] Average on 10 runs - GPU latency: 0.0978516 ms - Host latency: 0.0978516 ms (enqueue 0.0821533 ms)
[02/27/2026-11:10:14] [I] Average on 10 runs - GPU latency: 0.0980957 ms - Host latency: 0.0980957 ms (enqueue 0.0827148 ms)
[02/27/2026-11:10:14] [I] Average on 10 runs - GPU latency: 0.0984863 ms - Host latency: 0.0984863 ms (enqueue 0.0827881 ms)
[02/27/2026-11:10:14] [I] Average on 10 runs - GPU latency: 0.101196 ms - Host latency: 0.101196 ms (enqueue 0.0841309 ms)
[02/27/2026-11:10:14] [I] Average on 10 runs - GPU latency: 0.0980225 ms - Host latency: 0.0980225 ms (enqueue 0.0823975 ms)
[02/27/2026-11:10:14] [I] Average on 10 runs - GPU latency: 0.0978027 ms - Host latency: 0.0978027 ms (enqueue 0.0822754 ms)
[02/27/2026-11:10:14] [I] Average on 10 runs - GPU latency: 0.0977539 ms - Host latency: 0.0977539 ms (enqueue 0.081958 ms)
[02/27/2026-11:10:14] [I] Average on 10 runs - GPU latency: 0.0987061 ms - Host latency: 0.0987061 ms (enqueue 0.0840332 ms)
[02/27/2026-11:10:14] [I] Average on 10 runs - GPU latency: 0.0981934 ms - Host latency: 0.0981934 ms (enqueue 0.082666 ms)
[02/27/2026-11:10:14] [I] Average on 10 runs - GPU latency: 0.0993408 ms - Host latency: 0.0993408 ms (enqueue 0.0833496 ms)
[02/27/2026-11:10:14] [I] Average on 10 runs - GPU latency: 0.0983887 ms - Host latency: 0.0983887 ms (enqueue 0.0827148 ms)
[02/27/2026-11:10:14] [I] Average on 10 runs - GPU latency: 0.106445 ms - Host latency: 0.106445 ms (enqueue 0.0910156 ms)
[02/27/2026-11:10:14] [I] Average on 10 runs - GPU latency: 0.0976074 ms - Host latency: 0.0976074 ms (enqueue 0.0820557 ms)
[02/27/2026-11:10:14] [I] Average on 10 runs - GPU latency: 0.0975098 ms - Host latency: 0.0975098 ms (enqueue 0.0812256 ms)
[02/27/2026-11:10:14] [I] Average on 10 runs - GPU latency: 0.0989258 ms - Host latency: 0.0989258 ms (enqueue 0.0833008 ms)
[02/27/2026-11:10:14] [I] Average on 10 runs - GPU latency: 0.101025 ms - Host latency: 0.101025 ms (enqueue 0.0858887 ms)
[02/27/2026-11:10:14] [I] Average on 10 runs - GPU latency: 0.0984619 ms - Host latency: 0.0984619 ms (enqueue 0.0827881 ms)
[02/27/2026-11:10:14] [I] Average on 10 runs - GPU latency: 0.0970215 ms - Host latency: 0.0970215 ms (enqueue 0.0818115 ms)
[02/27/2026-11:10:14] [I] Average on 10 runs - GPU latency: 0.0973145 ms - Host latency: 0.0973145 ms (enqueue 0.0819092 ms)
[02/27/2026-11:10:14] [I] Average on 10 runs - GPU latency: 0.100464 ms - Host latency: 0.100464 ms (enqueue 0.0851074 ms)
[02/27/2026-11:10:14] [I] Average on 10 runs - GPU latency: 0.0972412 ms - Host latency: 0.0972412 ms (enqueue 0.0822266 ms)
[02/27/2026-11:10:14] [I] Average on 10 runs - GPU latency: 0.0975098 ms - Host latency: 0.0975098 ms (enqueue 0.0810547 ms)
[02/27/2026-11:10:14] [I] Average on 10 runs - GPU latency: 0.0987061 ms - Host latency: 0.0987061 ms (enqueue 0.0837646 ms)
[02/27/2026-11:10:14] [I] Average on 10 runs - GPU latency: 0.0996094 ms - Host latency: 0.0996094 ms (enqueue 0.0838623 ms)
[02/27/2026-11:10:14] [I] Average on 10 runs - GPU latency: 0.0979004 ms - Host latency: 0.0979004 ms (enqueue 0.081958 ms)
[02/27/2026-11:10:14] [I] Average on 10 runs - GPU latency: 0.0975586 ms - Host latency: 0.0975586 ms (enqueue 0.0815674 ms)
[02/27/2026-11:10:14] [I] Average on 10 runs - GPU latency: 0.1 ms - Host latency: 0.1 ms (enqueue 0.0837891 ms)
[02/27/2026-11:10:14] [I] Average on 10 runs - GPU latency: 0.100635 ms - Host latency: 0.100635 ms (enqueue 0.084668 ms)
[02/27/2026-11:10:14] [I] Average on 10 runs - GPU latency: 0.0982422 ms - Host latency: 0.0982422 ms (enqueue 0.0826172 ms)
[02/27/2026-11:10:14] [I] Average on 10 runs - GPU latency: 0.0976318 ms - Host latency: 0.0976318 ms (enqueue 0.0816895 ms)
[02/27/2026-11:10:14] [I] Average on 10 runs - GPU latency: 0.0977783 ms - Host latency: 0.0977783 ms (enqueue 0.0842529 ms)
[02/27/2026-11:10:14] [I] Average on 10 runs - GPU latency: 0.0994629 ms - Host latency: 0.0994629 ms (enqueue 0.0829834 ms)
[02/27/2026-11:10:14] [I] Average on 10 runs - GPU latency: 0.0982178 ms - Host latency: 0.0982178 ms (enqueue 0.0819824 ms)
[02/27/2026-11:10:14] [I] Average on 10 runs - GPU latency: 0.0966553 ms - Host latency: 0.0966553 ms (enqueue 0.0817383 ms)
[02/27/2026-11:10:14] [I] Average on 10 runs - GPU latency: 0.0971191 ms - Host latency: 0.0971191 ms (enqueue 0.081543 ms)
[02/27/2026-11:10:14] [I] Average on 10 runs - GPU latency: 0.100635 ms - Host latency: 0.100635 ms (enqueue 0.0836182 ms)
[02/27/2026-11:10:14] [I] Average on 10 runs - GPU latency: 0.0974609 ms - Host latency: 0.0974609 ms (enqueue 0.0822022 ms)
[02/27/2026-11:10:14] [I] Average on 10 runs - GPU latency: 0.0994873 ms - Host latency: 0.0994873 ms (enqueue 0.0826172 ms)
[02/27/2026-11:10:14] [I] Average on 10 runs - GPU latency: 0.0975586 ms - Host latency: 0.0975586 ms (enqueue 0.083374 ms)
[02/27/2026-11:10:14] [I] Average on 10 runs - GPU latency: 0.0995361 ms - Host latency: 0.0995361 ms (enqueue 0.0828369 ms)
[02/27/2026-11:10:14] [I] Average on 10 runs - GPU latency: 0.0975586 ms - Host latency: 0.0975586 ms (enqueue 0.0817383 ms)
[02/27/2026-11:10:14] [I] Average on 10 runs - GPU latency: 0.0973877 ms - Host latency: 0.0973877 ms (enqueue 0.0819092 ms)
[02/27/2026-11:10:14] [I] Average on 10 runs - GPU latency: 0.097876 ms - Host latency: 0.097876 ms (enqueue 0.0841309 ms)
[02/27/2026-11:10:14] [I] Average on 10 runs - GPU latency: 0.101538 ms - Host latency: 0.101538 ms (enqueue 0.084082 ms)
[02/27/2026-11:10:14] [I] Average on 10 runs - GPU latency: 0.0993652 ms - Host latency: 0.0993652 ms (enqueue 0.0831055 ms)
[02/27/2026-11:10:14] [I] Average on 10 runs - GPU latency: 0.0980957 ms - Host latency: 0.0980957 ms (enqueue 0.082251 ms)
[02/27/2026-11:10:14] [I] Average on 10 runs - GPU latency: 0.101514 ms - Host latency: 0.101514 ms (enqueue 0.0869629 ms)
[02/27/2026-11:10:14] [I] Average on 10 runs - GPU latency: 0.101465 ms - Host latency: 0.101465 ms (enqueue 0.08396 ms)
[02/27/2026-11:10:14] [I] Average on 10 runs - GPU latency: 0.100952 ms - Host latency: 0.100952 ms (enqueue 0.08396 ms)
[02/27/2026-11:10:14] [I] Average on 10 runs - GPU latency: 0.0991211 ms - Host latency: 0.0991211 ms (enqueue 0.0829834 ms)
[02/27/2026-11:10:14] [I] Average on 10 runs - GPU latency: 0.0996338 ms - Host latency: 0.0996338 ms (enqueue 0.0841064 ms)
[02/27/2026-11:10:14] [I] Average on 10 runs - GPU latency: 0.0980469 ms - Host latency: 0.0980469 ms (enqueue 0.0822998 ms)
[02/27/2026-11:10:14] [I] Average on 10 runs - GPU latency: 0.0989258 ms - Host latency: 0.0989258 ms (enqueue 0.0830811 ms)
[02/27/2026-11:10:14] [I] Average on 10 runs - GPU latency: 0.0985107 ms - Host latency: 0.0985107 ms (enqueue 0.082666 ms)
[02/27/2026-11:10:14] [I] Average on 10 runs - GPU latency: 0.100171 ms - Host latency: 0.100171 ms (enqueue 0.0837158 ms)
[02/27/2026-11:10:14] [I] Average on 10 runs - GPU latency: 0.0991699 ms - Host latency: 0.0991699 ms (enqueue 0.0829102 ms)
[02/27/2026-11:10:14] [I] Average on 10 runs - GPU latency: 0.0982178 ms - Host latency: 0.0982178 ms (enqueue 0.0822266 ms)
[02/27/2026-11:10:14] [I] Average on 10 runs - GPU latency: 0.0991455 ms - Host latency: 0.0991455 ms (enqueue 0.0831055 ms)
[02/27/2026-11:10:14] [I] Average on 10 runs - GPU latency: 0.101465 ms - Host latency: 0.101465 ms (enqueue 0.0849609 ms)
[02/27/2026-11:10:14] [I] Average on 10 runs - GPU latency: 0.100415 ms - Host latency: 0.100415 ms (enqueue 0.084375 ms)
[02/27/2026-11:10:14] [I] Average on 10 runs - GPU latency: 0.0994141 ms - Host latency: 0.0994141 ms (enqueue 0.0832275 ms)
[02/27/2026-11:10:14] [I] Average on 10 runs - GPU latency: 0.0988525 ms - Host latency: 0.0988525 ms (enqueue 0.0827881 ms)
[02/27/2026-11:10:14] [I] Average on 10 runs - GPU latency: 0.0999023 ms - Host latency: 0.0999023 ms (enqueue 0.0845703 ms)
[02/27/2026-11:10:14] [I] Average on 10 runs - GPU latency: 0.0981689 ms - Host latency: 0.0981689 ms (enqueue 0.082373 ms)
[02/27/2026-11:10:14] [I] Average on 10 runs - GPU latency: 0.0976318 ms - Host latency: 0.0976318 ms (enqueue 0.0817871 ms)
[02/27/2026-11:10:14] [I] Average on 10 runs - GPU latency: 0.0975342 ms - Host latency: 0.0975342 ms (enqueue 0.0816406 ms)
[02/27/2026-11:10:14] [I] Average on 10 runs - GPU latency: 0.0994141 ms - Host latency: 0.0994141 ms (enqueue 0.0838623 ms)
[02/27/2026-11:10:14] [I] Average on 10 runs - GPU latency: 0.097583 ms - Host latency: 0.097583 ms (enqueue 0.0818603 ms)
[02/27/2026-11:10:14] [I] Average on 10 runs - GPU latency: 0.0983643 ms - Host latency: 0.0983643 ms (enqueue 0.0827393 ms)
[02/27/2026-11:10:14] [I] Average on 10 runs - GPU latency: 0.0978516 ms - Host latency: 0.0978516 ms (enqueue 0.0824219 ms)
[02/27/2026-11:10:14] [I] Average on 10 runs - GPU latency: 0.100464 ms - Host latency: 0.100464 ms (enqueue 0.085083 ms)
[02/27/2026-11:10:14] [I] Average on 10 runs - GPU latency: 0.0996582 ms - Host latency: 0.0996582 ms (enqueue 0.0834717 ms)
[02/27/2026-11:10:14] [I] Average on 10 runs - GPU latency: 0.0978027 ms - Host latency: 0.0978027 ms (enqueue 0.0820801 ms)
[02/27/2026-11:10:14] [I] Average on 10 runs - GPU latency: 0.0981934 ms - Host latency: 0.0981934 ms (enqueue 0.0828857 ms)
[02/27/2026-11:10:14] [I] Average on 10 runs - GPU latency: 0.0999512 ms - Host latency: 0.0999512 ms (enqueue 0.0847412 ms)
[02/27/2026-11:10:14] [I] Average on 10 runs - GPU latency: 0.0978272 ms - Host latency: 0.0978272 ms (enqueue 0.0821289 ms)
[02/27/2026-11:10:14] [I] Average on 10 runs - GPU latency: 0.0989502 ms - Host latency: 0.0989502 ms (enqueue 0.0831299 ms)
[02/27/2026-11:10:14] [I] Average on 10 runs - GPU latency: 0.0994873 ms - Host latency: 0.0994873 ms (enqueue 0.0833252 ms)
[02/27/2026-11:10:14] [I] Average on 10 runs - GPU latency: 0.100659 ms - Host latency: 0.100659 ms (enqueue 0.0857666 ms)
[02/27/2026-11:10:14] [I] Average on 10 runs - GPU latency: 0.0967285 ms - Host latency: 0.0967285 ms (enqueue 0.080957 ms)
[02/27/2026-11:10:14] [I] Average on 10 runs - GPU latency: 0.0979736 ms - Host latency: 0.0979736 ms (enqueue 0.0828857 ms)
[02/27/2026-11:10:14] [I] Average on 10 runs - GPU latency: 0.0996338 ms - Host latency: 0.0996338 ms (enqueue 0.0836182 ms)
[02/27/2026-11:10:14] [I] Average on 10 runs - GPU latency: 0.102075 ms - Host latency: 0.102075 ms (enqueue 0.086377 ms)
[02/27/2026-11:10:14] [I] Average on 10 runs - GPU latency: 0.099292 ms - Host latency: 0.099292 ms (enqueue 0.082373 ms)
[02/27/2026-11:10:14] [I] Average on 10 runs - GPU latency: 0.098291 ms - Host latency: 0.098291 ms (enqueue 0.0831299 ms)
[02/27/2026-11:10:14] [I] Average on 10 runs - GPU latency: 0.0998779 ms - Host latency: 0.0998779 ms (enqueue 0.0835937 ms)
[02/27/2026-11:10:14] [I] Average on 10 runs - GPU latency: 0.100659 ms - Host latency: 0.100659 ms (enqueue 0.085498 ms)
[02/27/2026-11:10:14] [I] Average on 10 runs - GPU latency: 0.098999 ms - Host latency: 0.098999 ms (enqueue 0.0832031 ms)
[02/27/2026-11:10:14] [I] Average on 10 runs - GPU latency: 0.0985596 ms - Host latency: 0.0985596 ms (enqueue 0.0822998 ms)
[02/27/2026-11:10:14] [I] Average on 10 runs - GPU latency: 0.098584 ms - Host latency: 0.098584 ms (enqueue 0.0825684 ms)
[02/27/2026-11:10:14] [I] Average on 10 runs - GPU latency: 0.101318 ms - Host latency: 0.101318 ms (enqueue 0.0852051 ms)
[02/27/2026-11:10:14] [I] Average on 10 runs - GPU latency: 0.0991455 ms - Host latency: 0.0991455 ms (enqueue 0.0827637 ms)
[02/27/2026-11:10:14] [I] Average on 10 runs - GPU latency: 0.098291 ms - Host latency: 0.098291 ms (enqueue 0.0827637 ms)
[02/27/2026-11:10:14] [I] Average on 10 runs - GPU latency: 0.0983398 ms - Host latency: 0.0983398 ms (enqueue 0.0824951 ms)
[02/27/2026-11:10:14] [I] Average on 10 runs - GPU latency: 0.101465 ms - Host latency: 0.101465 ms (enqueue 0.0855957 ms)
[02/27/2026-11:10:14] [I] Average on 10 runs - GPU latency: 0.0982178 ms - Host latency: 0.0982178 ms (enqueue 0.082666 ms)
[02/27/2026-11:10:14] [I] Average on 10 runs - GPU latency: 0.0991699 ms - Host latency: 0.0991699 ms (enqueue 0.0832275 ms)
[02/27/2026-11:10:14] [I] Average on 10 runs - GPU latency: 0.0993652 ms - Host latency: 0.0993652 ms (enqueue 0.083252 ms)
[02/27/2026-11:10:14] [I] Average on 10 runs - GPU latency: 0.103369 ms - Host latency: 0.103369 ms (enqueue 0.0875488 ms)
[02/27/2026-11:10:14] [I] Average on 10 runs - GPU latency: 0.0995117 ms - Host latency: 0.0995117 ms (enqueue 0.0831055 ms)
[02/27/2026-11:10:14] [I] Average on 10 runs - GPU latency: 0.0987305 ms - Host latency: 0.0987305 ms (enqueue 0.0827148 ms)
[02/27/2026-11:10:14] [I] Average on 10 runs - GPU latency: 0.0979736 ms - Host latency: 0.0979736 ms (enqueue 0.0818603 ms)
[02/27/2026-11:10:14] [I] Average on 10 runs - GPU latency: 0.102466 ms - Host latency: 0.102466 ms (enqueue 0.0866699 ms)
[02/27/2026-11:10:14] [I] Average on 10 runs - GPU latency: 0.0994873 ms - Host latency: 0.0994873 ms (enqueue 0.0834473 ms)
[02/27/2026-11:10:14] [I] Average on 10 runs - GPU latency: 0.0993408 ms - Host latency: 0.0993408 ms (enqueue 0.0833496 ms)
[02/27/2026-11:10:14] [I] Average on 10 runs - GPU latency: 0.0996338 ms - Host latency: 0.0996338 ms (enqueue 0.0830566 ms)
[02/27/2026-11:10:14] [I] Average on 10 runs - GPU latency: 0.0998779 ms - Host latency: 0.0998779 ms (enqueue 0.0851074 ms)
[02/27/2026-11:10:14] [I] Average on 10 runs - GPU latency: 0.0989746 ms - Host latency: 0.0989746 ms (enqueue 0.0825928 ms)
[02/27/2026-11:10:14] [I] Average on 10 runs - GPU latency: 0.100122 ms - Host latency: 0.100122 ms (enqueue 0.0837646 ms)
[02/27/2026-11:10:14] [I] Average on 10 runs - GPU latency: 0.0976562 ms - Host latency: 0.0976562 ms (enqueue 0.0818115 ms)
[02/27/2026-11:10:14] [I] Average on 10 runs - GPU latency: 0.100928 ms - Host latency: 0.100928 ms (enqueue 0.0849854 ms)
[02/27/2026-11:10:14] [I] Average on 10 runs - GPU latency: 0.0997559 ms - Host latency: 0.0997559 ms (enqueue 0.0829834 ms)
[02/27/2026-11:10:14] [I] Average on 10 runs - GPU latency: 0.0973633 ms - Host latency: 0.0973633 ms (enqueue 0.0821045 ms)
[02/27/2026-11:10:14] [I] Average on 10 runs - GPU latency: 0.0987793 ms - Host latency: 0.0987793 ms (enqueue 0.0830566 ms)
[02/27/2026-11:10:14] [I] Average on 10 runs - GPU latency: 0.098877 ms - Host latency: 0.098877 ms (enqueue 0.0836426 ms)
[02/27/2026-11:10:14] [I] Average on 10 runs - GPU latency: 0.097998 ms - Host latency: 0.097998 ms (enqueue 0.0821289 ms)
[02/27/2026-11:10:14] [I] Average on 10 runs - GPU latency: 0.0974853 ms - Host latency: 0.0974853 ms (enqueue 0.0819092 ms)
[02/27/2026-11:10:14] [I] Average on 10 runs - GPU latency: 0.0990967 ms - Host latency: 0.0990967 ms (enqueue 0.0828369 ms)
[02/27/2026-11:10:14] [I] Average on 10 runs - GPU latency: 0.0986084 ms - Host latency: 0.0986084 ms (enqueue 0.0836182 ms)
[02/27/2026-11:10:14] [I] Average on 10 runs - GPU latency: 0.0969238 ms - Host latency: 0.0969238 ms (enqueue 0.0816895 ms)
[02/27/2026-11:10:14] [I] Average on 10 runs - GPU latency: 0.0978027 ms - Host latency: 0.0978027 ms (enqueue 0.0821045 ms)
[02/27/2026-11:10:14] [I] Average on 10 runs - GPU latency: 0.097876 ms - Host latency: 0.097876 ms (enqueue 0.082373 ms)
[02/27/2026-11:10:14] [I] Average on 10 runs - GPU latency: 0.0991455 ms - Host latency: 0.0991455 ms (enqueue 0.0839844 ms)
[02/27/2026-11:10:14] [I] Average on 10 runs - GPU latency: 0.0977539 ms - Host latency: 0.0977539 ms (enqueue 0.0822022 ms)
[02/27/2026-11:10:14] [I] Average on 10 runs - GPU latency: 0.0973877 ms - Host latency: 0.0973877 ms (enqueue 0.0821045 ms)
[02/27/2026-11:10:14] [I] Average on 10 runs - GPU latency: 0.0989258 ms - Host latency: 0.0989258 ms (enqueue 0.0832764 ms)
[02/27/2026-11:10:14] [I] Average on 10 runs - GPU latency: 0.0992187 ms - Host latency: 0.0992187 ms (enqueue 0.0835937 ms)
[02/27/2026-11:10:14] [I] Average on 10 runs - GPU latency: 0.0973877 ms - Host latency: 0.0973877 ms (enqueue 0.0819092 ms)
[02/27/2026-11:10:14] [I] Average on 10 runs - GPU latency: 0.0989746 ms - Host latency: 0.0989746 ms (enqueue 0.0827881 ms)
[02/27/2026-11:10:14] [I] Average on 10 runs - GPU latency: 0.0968994 ms - Host latency: 0.0968994 ms (enqueue 0.0815674 ms)
[02/27/2026-11:10:14] [I] Average on 10 runs - GPU latency: 0.0988281 ms - Host latency: 0.0988281 ms (enqueue 0.0838867 ms)
[02/27/2026-11:10:14] [I] Average on 10 runs - GPU latency: 0.0976318 ms - Host latency: 0.0976318 ms (enqueue 0.081958 ms)
[02/27/2026-11:10:14] [I] Average on 10 runs - GPU latency: 0.0963623 ms - Host latency: 0.0963623 ms (enqueue 0.0809814 ms)
[02/27/2026-11:10:14] [I] Average on 10 runs - GPU latency: 0.097168 ms - Host latency: 0.097168 ms (enqueue 0.0814941 ms)
[02/27/2026-11:10:14] [I] Average on 10 runs - GPU latency: 0.0992432 ms - Host latency: 0.0992432 ms (enqueue 0.0835937 ms)
[02/27/2026-11:10:14] [I] Average on 10 runs - GPU latency: 0.0982422 ms - Host latency: 0.0982422 ms (enqueue 0.0826904 ms)
[02/27/2026-11:10:14] [I] Average on 10 runs - GPU latency: 0.0975586 ms - Host latency: 0.0975586 ms (enqueue 0.0816406 ms)
[02/27/2026-11:10:14] [I] Average on 10 runs - GPU latency: 0.0986816 ms - Host latency: 0.0986816 ms (enqueue 0.0829102 ms)
[02/27/2026-11:10:14] [I] Average on 10 runs - GPU latency: 0.0989014 ms - Host latency: 0.0989014 ms (enqueue 0.0836914 ms)
[02/27/2026-11:10:14] [I] Average on 10 runs - GPU latency: 0.0985352 ms - Host latency: 0.0985352 ms (enqueue 0.0824219 ms)
[02/27/2026-11:10:14] [I] Average on 10 runs - GPU latency: 0.0978027 ms - Host latency: 0.0978027 ms (enqueue 0.0820557 ms)
[02/27/2026-11:10:14] [I] Average on 10 runs - GPU latency: 0.09729 ms - Host latency: 0.09729 ms (enqueue 0.0815186 ms)
[02/27/2026-11:10:14] [I] Average on 10 runs - GPU latency: 0.0993408 ms - Host latency: 0.0993408 ms (enqueue 0.0842041 ms)
[02/27/2026-11:10:14] [I] Average on 10 runs - GPU latency: 0.0972656 ms - Host latency: 0.0972656 ms (enqueue 0.0815186 ms)
[02/27/2026-11:10:14] [I] Average on 10 runs - GPU latency: 0.097168 ms - Host latency: 0.097168 ms (enqueue 0.0817627 ms)
[02/27/2026-11:10:14] [I] Average on 10 runs - GPU latency: 0.0975586 ms - Host latency: 0.0975586 ms (enqueue 0.0822266 ms)
[02/27/2026-11:10:14] [I] Average on 10 runs - GPU latency: 0.0994629 ms - Host latency: 0.0994629 ms (enqueue 0.0843018 ms)
[02/27/2026-11:10:14] [I] Average on 10 runs - GPU latency: 0.0988525 ms - Host latency: 0.0988525 ms (enqueue 0.0823975 ms)
[02/27/2026-11:10:14] [I] Average on 10 runs - GPU latency: 0.0989258 ms - Host latency: 0.0989258 ms (enqueue 0.0828125 ms)
[02/27/2026-11:10:14] [I] Average on 10 runs - GPU latency: 0.0990723 ms - Host latency: 0.0990723 ms (enqueue 0.0841553 ms)
[02/27/2026-11:10:14] [I] Average on 10 runs - GPU latency: 0.100684 ms - Host latency: 0.100684 ms (enqueue 0.0844482 ms)
[02/27/2026-11:10:14] [I] Average on 10 runs - GPU latency: 0.101221 ms - Host latency: 0.101221 ms (enqueue 0.084375 ms)
[02/27/2026-11:10:14] [I] Average on 10 runs - GPU latency: 0.0989502 ms - Host latency: 0.0989502 ms (enqueue 0.0833496 ms)
[02/27/2026-11:10:14] [I] Average on 10 runs - GPU latency: 0.0991943 ms - Host latency: 0.0991943 ms (enqueue 0.0851807 ms)
[02/27/2026-11:10:14] [I] Average on 10 runs - GPU latency: 0.0999268 ms - Host latency: 0.0999268 ms (enqueue 0.0832275 ms)
[02/27/2026-11:10:14] [I] Average on 10 runs - GPU latency: 0.0989014 ms - Host latency: 0.0989014 ms (enqueue 0.0833008 ms)
[02/27/2026-11:10:14] [I] Average on 10 runs - GPU latency: 0.0996826 ms - Host latency: 0.0996826 ms (enqueue 0.0833252 ms)
[02/27/2026-11:10:14] [I] Average on 10 runs - GPU latency: 0.100269 ms - Host latency: 0.100269 ms (enqueue 0.0837646 ms)
[02/27/2026-11:10:14] [I] Average on 10 runs - GPU latency: 0.0993652 ms - Host latency: 0.0993652 ms (enqueue 0.0835205 ms)
[02/27/2026-11:10:14] [I] Average on 10 runs - GPU latency: 0.0991455 ms - Host latency: 0.0991455 ms (enqueue 0.0832275 ms)
[02/27/2026-11:10:14] [I] Average on 10 runs - GPU latency: 0.098877 ms - Host latency: 0.098877 ms (enqueue 0.0827637 ms)
[02/27/2026-11:10:14] [I] Average on 10 runs - GPU latency: 0.0998535 ms - Host latency: 0.0998535 ms (enqueue 0.08479 ms)
[02/27/2026-11:10:14] [I] Average on 10 runs - GPU latency: 0.0996094 ms - Host latency: 0.0996094 ms (enqueue 0.0834473 ms)
[02/27/2026-11:10:14] [I] Average on 10 runs - GPU latency: 0.0985352 ms - Host latency: 0.0985352 ms (enqueue 0.0828125 ms)
[02/27/2026-11:10:14] [I] Average on 10 runs - GPU latency: 0.0987793 ms - Host latency: 0.0987793 ms (enqueue 0.0826904 ms)
[02/27/2026-11:10:14] [I] Average on 10 runs - GPU latency: 0.100708 ms - Host latency: 0.100708 ms (enqueue 0.0836914 ms)
[02/27/2026-11:10:14] [I] Average on 10 runs - GPU latency: 0.097998 ms - Host latency: 0.097998 ms (enqueue 0.0826172 ms)
[02/27/2026-11:10:14] [I] Average on 10 runs - GPU latency: 0.097876 ms - Host latency: 0.097876 ms (enqueue 0.0823242 ms)
[02/27/2026-11:10:14] [I] Average on 10 runs - GPU latency: 0.0968262 ms - Host latency: 0.0968262 ms (enqueue 0.0815674 ms)
[02/27/2026-11:10:14] [I] Average on 10 runs - GPU latency: 0.0992676 ms - Host latency: 0.0992676 ms (enqueue 0.0828125 ms)
[02/27/2026-11:10:14] [I] Average on 10 runs - GPU latency: 0.0987305 ms - Host latency: 0.0987305 ms (enqueue 0.0830078 ms)
[02/27/2026-11:10:14] [I] Average on 10 runs - GPU latency: 0.0967041 ms - Host latency: 0.0967041 ms (enqueue 0.0813477 ms)
[02/27/2026-11:10:14] [I] Average on 10 runs - GPU latency: 0.09729 ms - Host latency: 0.09729 ms (enqueue 0.0820801 ms)
[02/27/2026-11:10:14] [I] Average on 10 runs - GPU latency: 0.102539 ms - Host latency: 0.102539 ms (enqueue 0.0868896 ms)
[02/27/2026-11:10:14] [I] Average on 10 runs - GPU latency: 0.098877 ms - Host latency: 0.098877 ms (enqueue 0.082373 ms)
[02/27/2026-11:10:14] [I] Average on 10 runs - GPU latency: 0.0994385 ms - Host latency: 0.0994385 ms (enqueue 0.0836426 ms)
[02/27/2026-11:10:14] [I] Average on 10 runs - GPU latency: 0.0991211 ms - Host latency: 0.0991211 ms (enqueue 0.0830811 ms)
[02/27/2026-11:10:14] [I] Average on 10 runs - GPU latency: 0.100391 ms - Host latency: 0.100391 ms (enqueue 0.0836914 ms)
[02/27/2026-11:10:14] [I] Average on 10 runs - GPU latency: 0.0990723 ms - Host latency: 0.0990723 ms (enqueue 0.0830322 ms)
[02/27/2026-11:10:14] [I] Average on 10 runs - GPU latency: 0.0989502 ms - Host latency: 0.0989502 ms (enqueue 0.0827148 ms)
[02/27/2026-11:10:14] [I] Average on 10 runs - GPU latency: 0.098877 ms - Host latency: 0.098877 ms (enqueue 0.0830322 ms)
[02/27/2026-11:10:14] [I] Average on 10 runs - GPU latency: 0.100049 ms - Host latency: 0.100049 ms (enqueue 0.08479 ms)
[02/27/2026-11:10:14] [I] Average on 10 runs - GPU latency: 0.0983887 ms - Host latency: 0.0983887 ms (enqueue 0.0826904 ms)
[02/27/2026-11:10:14] [I] Average on 10 runs - GPU latency: 0.097876 ms - Host latency: 0.097876 ms (enqueue 0.0825195 ms)
[02/27/2026-11:10:14] [I] Average on 10 runs - GPU latency: 0.0980469 ms - Host latency: 0.0980469 ms (enqueue 0.082251 ms)
[02/27/2026-11:10:14] [I] Average on 10 runs - GPU latency: 0.10293 ms - Host latency: 0.10293 ms (enqueue 0.0861572 ms)
[02/27/2026-11:10:14] [I] Average on 10 runs - GPU latency: 0.0994873 ms - Host latency: 0.0994873 ms (enqueue 0.0837646 ms)
[02/27/2026-11:10:14] [I] Average on 10 runs - GPU latency: 0.0997559 ms - Host latency: 0.0997559 ms (enqueue 0.0835693 ms)
[02/27/2026-11:10:14] [I] Average on 10 runs - GPU latency: 0.100293 ms - Host latency: 0.100293 ms (enqueue 0.0844238 ms)
[02/27/2026-11:10:14] [I] Average on 10 runs - GPU latency: 0.102124 ms - Host latency: 0.102124 ms (enqueue 0.0858643 ms)
[02/27/2026-11:10:14] [I] Average on 10 runs - GPU latency: 0.0994873 ms - Host latency: 0.0994873 ms (enqueue 0.0832031 ms)
[02/27/2026-11:10:14] [I] Average on 10 runs - GPU latency: 0.0994629 ms - Host latency: 0.0994629 ms (enqueue 0.0837646 ms)
[02/27/2026-11:10:14] [I] Average on 10 runs - GPU latency: 0.0993896 ms - Host latency: 0.0993896 ms (enqueue 0.0831055 ms)
[02/27/2026-11:10:14] [I] Average on 10 runs - GPU latency: 0.101562 ms - Host latency: 0.101562 ms (enqueue 0.0859619 ms)
[02/27/2026-11:10:14] [I] Average on 10 runs - GPU latency: 0.0987549 ms - Host latency: 0.0987549 ms (enqueue 0.0830566 ms)
[02/27/2026-11:10:14] [I] Average on 10 runs - GPU latency: 0.0994629 ms - Host latency: 0.0994629 ms (enqueue 0.0830811 ms)
[02/27/2026-11:10:14] [I] Average on 10 runs - GPU latency: 0.0999756 ms - Host latency: 0.0999756 ms (enqueue 0.0836182 ms)
[02/27/2026-11:10:14] [I] Average on 10 runs - GPU latency: 0.100171 ms - Host latency: 0.100171 ms (enqueue 0.0847656 ms)
[02/27/2026-11:10:14] [I] Average on 10 runs - GPU latency: 0.0981201 ms - Host latency: 0.0981201 ms (enqueue 0.082666 ms)
[02/27/2026-11:10:14] [I] Average on 10 runs - GPU latency: 0.100342 ms - Host latency: 0.100342 ms (enqueue 0.084375 ms)
[02/27/2026-11:10:14] [I] Average on 10 runs - GPU latency: 0.0996338 ms - Host latency: 0.0996338 ms (enqueue 0.0834717 ms)
[02/27/2026-11:10:14] [I] Average on 10 runs - GPU latency: 0.100757 ms - Host latency: 0.100757 ms (enqueue 0.0851562 ms)
[02/27/2026-11:10:14] [I] Average on 10 runs - GPU latency: 0.0987793 ms - Host latency: 0.0987793 ms (enqueue 0.0829346 ms)
[02/27/2026-11:10:14] [I] Average on 10 runs - GPU latency: 0.0981445 ms - Host latency: 0.0981445 ms (enqueue 0.0826904 ms)
[02/27/2026-11:10:14] [I] Average on 10 runs - GPU latency: 0.0977051 ms - Host latency: 0.0977051 ms (enqueue 0.0821045 ms)
[02/27/2026-11:10:14] [I] Average on 10 runs - GPU latency: 0.100366 ms - Host latency: 0.100366 ms (enqueue 0.0835205 ms)
[02/27/2026-11:10:14] [I] Average on 10 runs - GPU latency: 0.096875 ms - Host latency: 0.096875 ms (enqueue 0.0814941 ms)
[02/27/2026-11:10:14] [I] Average on 10 runs - GPU latency: 0.0970459 ms - Host latency: 0.0970459 ms (enqueue 0.081543 ms)
[02/27/2026-11:10:14] [I] Average on 10 runs - GPU latency: 0.0989258 ms - Host latency: 0.0989258 ms (enqueue 0.0827881 ms)
[02/27/2026-11:10:14] [I] Average on 10 runs - GPU latency: 0.100586 ms - Host latency: 0.100586 ms (enqueue 0.0838867 ms)
[02/27/2026-11:10:14] [I] Average on 10 runs - GPU latency: 0.0970459 ms - Host latency: 0.0970459 ms (enqueue 0.0817139 ms)
[02/27/2026-11:10:14] [I] Average on 10 runs - GPU latency: 0.0981934 ms - Host latency: 0.0981934 ms (enqueue 0.0820068 ms)
[02/27/2026-11:10:14] [I] Average on 10 runs - GPU latency: 0.0983643 ms - Host latency: 0.0983643 ms (enqueue 0.0825928 ms)
[02/27/2026-11:10:14] [I] Average on 10 runs - GPU latency: 0.0999756 ms - Host latency: 0.0999756 ms (enqueue 0.0855713 ms)
[02/27/2026-11:10:14] [I] Average on 10 runs - GPU latency: 0.097583 ms - Host latency: 0.097583 ms (enqueue 0.0817871 ms)
[02/27/2026-11:10:14] [I] Average on 10 runs - GPU latency: 0.0972656 ms - Host latency: 0.0972656 ms (enqueue 0.0817139 ms)
[02/27/2026-11:10:14] [I] Average on 10 runs - GPU latency: 0.0972656 ms - Host latency: 0.0972656 ms (enqueue 0.0821533 ms)
[02/27/2026-11:10:14] [I] Average on 10 runs - GPU latency: 0.101367 ms - Host latency: 0.101367 ms (enqueue 0.0859375 ms)
[02/27/2026-11:10:14] [I] Average on 10 runs - GPU latency: 0.096875 ms - Host latency: 0.096875 ms (enqueue 0.0818603 ms)
[02/27/2026-11:10:14] [I] Average on 10 runs - GPU latency: 0.100659 ms - Host latency: 0.100659 ms (enqueue 0.0835449 ms)
[02/27/2026-11:10:14] [I] Average on 10 runs - GPU latency: 0.0973145 ms - Host latency: 0.0973145 ms (enqueue 0.0821289 ms)
[02/27/2026-11:10:14] [I] Average on 10 runs - GPU latency: 0.103027 ms - Host latency: 0.103027 ms (enqueue 0.0869141 ms)
[02/27/2026-11:10:14] [I] Average on 10 runs - GPU latency: 0.100293 ms - Host latency: 0.100293 ms (enqueue 0.0839355 ms)
[02/27/2026-11:10:14] [I] Average on 10 runs - GPU latency: 0.0962402 ms - Host latency: 0.0962402 ms (enqueue 0.0811035 ms)
[02/27/2026-11:10:14] [I] Average on 10 runs - GPU latency: 0.0988037 ms - Host latency: 0.0988037 ms (enqueue 0.0827881 ms)
[02/27/2026-11:10:14] [I] Average on 10 runs - GPU latency: 0.101294 ms - Host latency: 0.101294 ms (enqueue 0.0866455 ms)
[02/27/2026-11:10:14] [I] Average on 10 runs - GPU latency: 0.0988037 ms - Host latency: 0.0988037 ms (enqueue 0.0827881 ms)
[02/27/2026-11:10:14] [I] Average on 10 runs - GPU latency: 0.0981201 ms - Host latency: 0.0981201 ms (enqueue 0.0825928 ms)
[02/27/2026-11:10:14] [I] Average on 10 runs - GPU latency: 0.0995117 ms - Host latency: 0.0995117 ms (enqueue 0.0838623 ms)
[02/27/2026-11:10:14] [I] Average on 10 runs - GPU latency: 0.101001 ms - Host latency: 0.101001 ms (enqueue 0.0841064 ms)
[02/27/2026-11:10:14] [I] Average on 10 runs - GPU latency: 0.100757 ms - Host latency: 0.100757 ms (enqueue 0.0839844 ms)
[02/27/2026-11:10:14] [I] Average on 10 runs - GPU latency: 0.0986572 ms - Host latency: 0.0986572 ms (enqueue 0.0831055 ms)
[02/27/2026-11:10:14] [I] Average on 10 runs - GPU latency: 0.0960693 ms - Host latency: 0.0960693 ms (enqueue 0.0807373 ms)
[02/27/2026-11:10:14] [I] Average on 10 runs - GPU latency: 0.0993896 ms - Host latency: 0.0993896 ms (enqueue 0.0842041 ms)
[02/27/2026-11:10:14] [I] Average on 10 runs - GPU latency: 0.0977783 ms - Host latency: 0.0977783 ms (enqueue 0.0818603 ms)
[02/27/2026-11:10:14] [I] Average on 10 runs - GPU latency: 0.0976074 ms - Host latency: 0.0976074 ms (enqueue 0.0822022 ms)
[02/27/2026-11:10:14] [I] Average on 10 runs - GPU latency: 0.0974609 ms - Host latency: 0.0974609 ms (enqueue 0.0811279 ms)
[02/27/2026-11:10:14] [I] Average on 10 runs - GPU latency: 0.0991211 ms - Host latency: 0.0991211 ms (enqueue 0.08396 ms)
[02/27/2026-11:10:14] [I] Average on 10 runs - GPU latency: 0.099585 ms - Host latency: 0.099585 ms (enqueue 0.083667 ms)
[02/27/2026-11:10:14] [I] Average on 10 runs - GPU latency: 0.098999 ms - Host latency: 0.098999 ms (enqueue 0.0829834 ms)
[02/27/2026-11:10:14] [I] Average on 10 runs - GPU latency: 0.0972412 ms - Host latency: 0.0972412 ms (enqueue 0.0817871 ms)
[02/27/2026-11:10:14] [I] Average on 10 runs - GPU latency: 0.102197 ms - Host latency: 0.102197 ms (enqueue 0.0859863 ms)
[02/27/2026-11:10:14] [I] Average on 10 runs - GPU latency: 0.099707 ms - Host latency: 0.099707 ms (enqueue 0.0839844 ms)
[02/27/2026-11:10:14] [I] Average on 10 runs - GPU latency: 0.0986572 ms - Host latency: 0.0986572 ms (enqueue 0.0825439 ms)
[02/27/2026-11:10:14] [I] Average on 10 runs - GPU latency: 0.0980225 ms - Host latency: 0.0980225 ms (enqueue 0.0844482 ms)
[02/27/2026-11:10:14] [I] Average on 10 runs - GPU latency: 0.0991455 ms - Host latency: 0.0991455 ms (enqueue 0.0822266 ms)
[02/27/2026-11:10:14] [I] Average on 10 runs - GPU latency: 0.0971436 ms - Host latency: 0.0971436 ms (enqueue 0.0817383 ms)
[02/27/2026-11:10:14] [I] Average on 10 runs - GPU latency: 0.0974609 ms - Host latency: 0.0974609 ms (enqueue 0.0820312 ms)
[02/27/2026-11:10:14] [I] Average on 10 runs - GPU latency: 0.0983887 ms - Host latency: 0.0983887 ms (enqueue 0.0844971 ms)
[02/27/2026-11:10:14] [I] Average on 10 runs - GPU latency: 0.098999 ms - Host latency: 0.098999 ms (enqueue 0.0819336 ms)
[02/27/2026-11:10:14] [I] Average on 10 runs - GPU latency: 0.0985596 ms - Host latency: 0.0985596 ms (enqueue 0.0829346 ms)
[02/27/2026-11:10:14] [I] Average on 10 runs - GPU latency: 0.0991699 ms - Host latency: 0.0991699 ms (enqueue 0.083252 ms)
[02/27/2026-11:10:14] [I] Average on 10 runs - GPU latency: 0.10061 ms - Host latency: 0.10061 ms (enqueue 0.085083 ms)
[02/27/2026-11:10:14] [I] Average on 10 runs - GPU latency: 0.10188 ms - Host latency: 0.10188 ms (enqueue 0.08396 ms)
[02/27/2026-11:10:14] [I] Average on 10 runs - GPU latency: 0.0989014 ms - Host latency: 0.0989014 ms (enqueue 0.0827393 ms)
[02/27/2026-11:10:14] [I] Average on 10 runs - GPU latency: 0.0983643 ms - Host latency: 0.0983643 ms (enqueue 0.0819824 ms)
[02/27/2026-11:10:14] [I] Average on 10 runs - GPU latency: 0.0978516 ms - Host latency: 0.0978516 ms (enqueue 0.0836182 ms)
[02/27/2026-11:10:14] [I] Average on 10 runs - GPU latency: 0.0982422 ms - Host latency: 0.0982422 ms (enqueue 0.0823486 ms)
[02/27/2026-11:10:14] [I] Average on 10 runs - GPU latency: 0.0980469 ms - Host latency: 0.0980469 ms (enqueue 0.0824219 ms)
[02/27/2026-11:10:14] [I] Average on 10 runs - GPU latency: 0.0976074 ms - Host latency: 0.0976074 ms (enqueue 0.0822754 ms)
[02/27/2026-11:10:14] [I] Average on 10 runs - GPU latency: 0.0988525 ms - Host latency: 0.0988525 ms (enqueue 0.0844482 ms)
[02/27/2026-11:10:14] [I] Average on 10 runs - GPU latency: 0.0977051 ms - Host latency: 0.0977051 ms (enqueue 0.0819824 ms)
[02/27/2026-11:10:14] [I] Average on 10 runs - GPU latency: 0.0986328 ms - Host latency: 0.0986328 ms (enqueue 0.0827637 ms)
[02/27/2026-11:10:14] [I] Average on 10 runs - GPU latency: 0.0990234 ms - Host latency: 0.0990234 ms (enqueue 0.0832764 ms)
[02/27/2026-11:10:14] [I] Average on 10 runs - GPU latency: 0.101367 ms - Host latency: 0.101367 ms (enqueue 0.0849609 ms)
[02/27/2026-11:10:14] [I] Average on 10 runs - GPU latency: 0.098999 ms - Host latency: 0.098999 ms (enqueue 0.0831055 ms)
[02/27/2026-11:10:14] [I] Average on 10 runs - GPU latency: 0.0983154 ms - Host latency: 0.0983154 ms (enqueue 0.082373 ms)
[02/27/2026-11:10:14] [I] Average on 10 runs - GPU latency: 0.0984131 ms - Host latency: 0.0984131 ms (enqueue 0.0832031 ms)
[02/27/2026-11:10:14] [I] Average on 10 runs - GPU latency: 0.100635 ms - Host latency: 0.100635 ms (enqueue 0.0832764 ms)
[02/27/2026-11:10:14] [I] Average on 10 runs - GPU latency: 0.0996094 ms - Host latency: 0.0996094 ms (enqueue 0.0835205 ms)
[02/27/2026-11:10:14] [I] Average on 10 runs - GPU latency: 0.100366 ms - Host latency: 0.100366 ms (enqueue 0.0842285 ms)
[02/27/2026-11:10:14] [I] Average on 10 runs - GPU latency: 0.0993164 ms - Host latency: 0.0993164 ms (enqueue 0.0830811 ms)
[02/27/2026-11:10:14] [I] Average on 10 runs - GPU latency: 0.101099 ms - Host latency: 0.101099 ms (enqueue 0.0855469 ms)
[02/27/2026-11:10:14] [I] Average on 10 runs - GPU latency: 0.0991699 ms - Host latency: 0.0991699 ms (enqueue 0.0828125 ms)
[02/27/2026-11:10:14] [I] Average on 10 runs - GPU latency: 0.0986328 ms - Host latency: 0.0986328 ms (enqueue 0.0830078 ms)
[02/27/2026-11:10:14] [I] Average on 10 runs - GPU latency: 0.0984863 ms - Host latency: 0.0984863 ms (enqueue 0.0826172 ms)
[02/27/2026-11:10:14] [I] Average on 10 runs - GPU latency: 0.103516 ms - Host latency: 0.103516 ms (enqueue 0.0873535 ms)
[02/27/2026-11:10:14] [I] Average on 10 runs - GPU latency: 0.0992187 ms - Host latency: 0.0992187 ms (enqueue 0.0836426 ms)
[02/27/2026-11:10:14] [I] Average on 10 runs - GPU latency: 0.0986328 ms - Host latency: 0.0986328 ms (enqueue 0.0827393 ms)
[02/27/2026-11:10:14] [I] Average on 10 runs - GPU latency: 0.0995117 ms - Host latency: 0.0995117 ms (enqueue 0.0834961 ms)
[02/27/2026-11:10:14] [I] Average on 10 runs - GPU latency: 0.10061 ms - Host latency: 0.10061 ms (enqueue 0.0849609 ms)
[02/27/2026-11:10:14] [I] Average on 10 runs - GPU latency: 0.0996582 ms - Host latency: 0.0996582 ms (enqueue 0.0841553 ms)
[02/27/2026-11:10:14] [I] Average on 10 runs - GPU latency: 0.100488 ms - Host latency: 0.100488 ms (enqueue 0.0843262 ms)
[02/27/2026-11:10:14] [I] Average on 10 runs - GPU latency: 0.0980957 ms - Host latency: 0.0980957 ms (enqueue 0.0825439 ms)
[02/27/2026-11:10:14] [I] Average on 10 runs - GPU latency: 0.103125 ms - Host latency: 0.103125 ms (enqueue 0.0862061 ms)
[02/27/2026-11:10:14] [I] Average on 10 runs - GPU latency: 0.097876 ms - Host latency: 0.097876 ms (enqueue 0.0825928 ms)
[02/27/2026-11:10:14] [I] Average on 10 runs - GPU latency: 0.0970947 ms - Host latency: 0.0970947 ms (enqueue 0.0813721 ms)
[02/27/2026-11:10:14] [I] Average on 10 runs - GPU latency: 0.0993652 ms - Host latency: 0.0993652 ms (enqueue 0.0832031 ms)
[02/27/2026-11:10:14] [I] Average on 10 runs - GPU latency: 0.100513 ms - Host latency: 0.100513 ms (enqueue 0.0851074 ms)
[02/27/2026-11:10:14] [I] Average on 10 runs - GPU latency: 0.0980713 ms - Host latency: 0.0980713 ms (enqueue 0.0827393 ms)
[02/27/2026-11:10:14] [I] Average on 10 runs - GPU latency: 0.0987793 ms - Host latency: 0.0987793 ms (enqueue 0.0827637 ms)
[02/27/2026-11:10:14] [I] Average on 10 runs - GPU latency: 0.0992676 ms - Host latency: 0.0992676 ms (enqueue 0.0833008 ms)
[02/27/2026-11:10:14] [I] Average on 10 runs - GPU latency: 0.101025 ms - Host latency: 0.101025 ms (enqueue 0.0847168 ms)
[02/27/2026-11:10:14] [I] Average on 10 runs - GPU latency: 0.0992187 ms - Host latency: 0.0992187 ms (enqueue 0.0833252 ms)
[02/27/2026-11:10:14] [I] Average on 10 runs - GPU latency: 0.0971436 ms - Host latency: 0.0971436 ms (enqueue 0.0815674 ms)
[02/27/2026-11:10:14] [I] Average on 10 runs - GPU latency: 0.0976318 ms - Host latency: 0.0976318 ms (enqueue 0.0822998 ms)
[02/27/2026-11:10:14] [I] Average on 10 runs - GPU latency: 0.100732 ms - Host latency: 0.100732 ms (enqueue 0.0858643 ms)
[02/27/2026-11:10:14] [I] Average on 10 runs - GPU latency: 0.0991699 ms - Host latency: 0.0991699 ms (enqueue 0.0828369 ms)
[02/27/2026-11:10:14] [I] Average on 10 runs - GPU latency: 0.0981689 ms - Host latency: 0.0981689 ms (enqueue 0.0828613 ms)
[02/27/2026-11:10:14] [I] Average on 10 runs - GPU latency: 0.0995361 ms - Host latency: 0.0995361 ms (enqueue 0.0830566 ms)
[02/27/2026-11:10:14] [I] Average on 10 runs - GPU latency: 0.100977 ms - Host latency: 0.100977 ms (enqueue 0.0860107 ms)
[02/27/2026-11:10:14] [I] Average on 10 runs - GPU latency: 0.0985596 ms - Host latency: 0.0985596 ms (enqueue 0.0825195 ms)
[02/27/2026-11:10:14] [I] Average on 10 runs - GPU latency: 0.0977051 ms - Host latency: 0.0977051 ms (enqueue 0.0826172 ms)
[02/27/2026-11:10:14] [I] Average on 10 runs - GPU latency: 0.0999756 ms - Host latency: 0.0999756 ms (enqueue 0.0841797 ms)
[02/27/2026-11:10:14] [I] Average on 10 runs - GPU latency: 0.102661 ms - Host latency: 0.102661 ms (enqueue 0.0863525 ms)
[02/27/2026-11:10:14] [I] Average on 10 runs - GPU latency: 0.0988525 ms - Host latency: 0.0988525 ms (enqueue 0.0829102 ms)
[02/27/2026-11:10:14] [I] Average on 10 runs - GPU latency: 0.0984863 ms - Host latency: 0.0984863 ms (enqueue 0.0831787 ms)
[02/27/2026-11:10:14] [I] Average on 10 runs - GPU latency: 0.0987549 ms - Host latency: 0.0987549 ms (enqueue 0.0824463 ms)
[02/27/2026-11:10:14] [I] Average on 10 runs - GPU latency: 0.102124 ms - Host latency: 0.102124 ms (enqueue 0.0872803 ms)
[02/27/2026-11:10:14] [I] Average on 10 runs - GPU latency: 0.0986328 ms - Host latency: 0.0986328 ms (enqueue 0.0825439 ms)
[02/27/2026-11:10:14] [I] Average on 10 runs - GPU latency: 0.100244 ms - Host latency: 0.100244 ms (enqueue 0.0838135 ms)
[02/27/2026-11:10:14] [I] Average on 10 runs - GPU latency: 0.0979004 ms - Host latency: 0.0979004 ms (enqueue 0.0821533 ms)
[02/27/2026-11:10:14] [I] Average on 10 runs - GPU latency: 0.0990723 ms - Host latency: 0.0990723 ms (enqueue 0.0841309 ms)
[02/27/2026-11:10:14] [I] Average on 10 runs - GPU latency: 0.0986084 ms - Host latency: 0.0986084 ms (enqueue 0.0831299 ms)
[02/27/2026-11:10:14] [I] Average on 10 runs - GPU latency: 0.0988281 ms - Host latency: 0.0988281 ms (enqueue 0.0827637 ms)
[02/27/2026-11:10:14] [I] Average on 10 runs - GPU latency: 0.0981934 ms - Host latency: 0.0981934 ms (enqueue 0.0825928 ms)
[02/27/2026-11:10:14] [I] Average on 10 runs - GPU latency: 0.101855 ms - Host latency: 0.101855 ms (enqueue 0.0875 ms)
[02/27/2026-11:10:14] [I] Average on 10 runs - GPU latency: 0.0990234 ms - Host latency: 0.0990234 ms (enqueue 0.0826172 ms)
[02/27/2026-11:10:14] [I] Average on 10 runs - GPU latency: 0.0971924 ms - Host latency: 0.0971924 ms (enqueue 0.0816895 ms)
[02/27/2026-11:10:14] [I] Average on 10 runs - GPU latency: 0.0987061 ms - Host latency: 0.0987061 ms (enqueue 0.0832031 ms)
[02/27/2026-11:10:14] [I] Average on 10 runs - GPU latency: 0.0997559 ms - Host latency: 0.0997559 ms (enqueue 0.0839355 ms)
[02/27/2026-11:10:14] [I] Average on 10 runs - GPU latency: 0.0985107 ms - Host latency: 0.0985107 ms (enqueue 0.0821533 ms)
[02/27/2026-11:10:14] [I] Average on 10 runs - GPU latency: 0.0980713 ms - Host latency: 0.0980713 ms (enqueue 0.0828613 ms)
[02/27/2026-11:10:14] [I] Average on 10 runs - GPU latency: 0.0979248 ms - Host latency: 0.0979248 ms (enqueue 0.0824951 ms)
[02/27/2026-11:10:14] [I] Average on 10 runs - GPU latency: 0.101025 ms - Host latency: 0.101025 ms (enqueue 0.0856689 ms)
[02/27/2026-11:10:14] [I] Average on 10 runs - GPU latency: 0.0984619 ms - Host latency: 0.0984619 ms (enqueue 0.0824463 ms)
[02/27/2026-11:10:14] [I] Average on 10 runs - GPU latency: 0.0989258 ms - Host latency: 0.0989258 ms (enqueue 0.0834229 ms)
[02/27/2026-11:10:14] [I] Average on 10 runs - GPU latency: 0.0973389 ms - Host latency: 0.0973389 ms (enqueue 0.0817627 ms)
[02/27/2026-11:10:14] [I] Average on 10 runs - GPU latency: 0.100635 ms - Host latency: 0.100635 ms (enqueue 0.0858643 ms)
[02/27/2026-11:10:14] [I] Average on 10 runs - GPU latency: 0.0992676 ms - Host latency: 0.0992676 ms (enqueue 0.0835205 ms)
[02/27/2026-11:10:14] [I] Average on 10 runs - GPU latency: 0.0988281 ms - Host latency: 0.0988281 ms (enqueue 0.0828125 ms)
[02/27/2026-11:10:14] [I] Average on 10 runs - GPU latency: 0.0992676 ms - Host latency: 0.0992676 ms (enqueue 0.0849121 ms)
[02/27/2026-11:10:14] [I] Average on 10 runs - GPU latency: 0.100049 ms - Host latency: 0.100049 ms (enqueue 0.0838623 ms)
[02/27/2026-11:10:14] [I] Average on 10 runs - GPU latency: 0.0993164 ms - Host latency: 0.0993164 ms (enqueue 0.0831299 ms)
[02/27/2026-11:10:14] [I] Average on 10 runs - GPU latency: 0.096875 ms - Host latency: 0.096875 ms (enqueue 0.0815674 ms)
[02/27/2026-11:10:14] [I] Average on 10 runs - GPU latency: 0.0967529 ms - Host latency: 0.0967529 ms (enqueue 0.0832764 ms)
[02/27/2026-11:10:14] [I] Average on 10 runs - GPU latency: 0.100439 ms - Host latency: 0.100439 ms (enqueue 0.0834229 ms)
[02/27/2026-11:10:14] [I] Average on 10 runs - GPU latency: 0.0982422 ms - Host latency: 0.0982422 ms (enqueue 0.0829346 ms)
[02/27/2026-11:10:14] [I] Average on 10 runs - GPU latency: 0.0992432 ms - Host latency: 0.0992432 ms (enqueue 0.0830811 ms)
[02/27/2026-11:10:14] [I] Average on 10 runs - GPU latency: 0.0973877 ms - Host latency: 0.0973877 ms (enqueue 0.0840576 ms)
[02/27/2026-11:10:14] [I] Average on 10 runs - GPU latency: 0.0988281 ms - Host latency: 0.0988281 ms (enqueue 0.0822754 ms)
[02/27/2026-11:10:14] [I] Average on 10 runs - GPU latency: 0.0982178 ms - Host latency: 0.0982178 ms (enqueue 0.0823975 ms)
[02/27/2026-11:10:14] [I] Average on 10 runs - GPU latency: 0.0974609 ms - Host latency: 0.0974609 ms (enqueue 0.0815674 ms)
[02/27/2026-11:10:14] [I] Average on 10 runs - GPU latency: 0.100684 ms - Host latency: 0.100684 ms (enqueue 0.085791 ms)
[02/27/2026-11:10:14] [I] Average on 10 runs - GPU latency: 0.101855 ms - Host latency: 0.101855 ms (enqueue 0.0844482 ms)
[02/27/2026-11:10:14] [I] Average on 10 runs - GPU latency: 0.0981934 ms - Host latency: 0.0981934 ms (enqueue 0.0823975 ms)
[02/27/2026-11:10:14] [I] Average on 10 runs - GPU latency: 0.0982666 ms - Host latency: 0.0982666 ms (enqueue 0.082251 ms)
[02/27/2026-11:10:14] [I] Average on 10 runs - GPU latency: 0.0987061 ms - Host latency: 0.0987061 ms (enqueue 0.0836182 ms)
[02/27/2026-11:10:14] [I] Average on 10 runs - GPU latency: 0.0981934 ms - Host latency: 0.0981934 ms (enqueue 0.0828125 ms)
[02/27/2026-11:10:14] [I] Average on 10 runs - GPU latency: 0.0981201 ms - Host latency: 0.0981201 ms (enqueue 0.0829834 ms)
[02/27/2026-11:10:14] [I] Average on 10 runs - GPU latency: 0.0983643 ms - Host latency: 0.0983643 ms (enqueue 0.0824951 ms)
[02/27/2026-11:10:14] [I] Average on 10 runs - GPU latency: 0.102271 ms - Host latency: 0.102271 ms (enqueue 0.0861816 ms)
[02/27/2026-11:10:14] [I] Average on 10 runs - GPU latency: 0.0987305 ms - Host latency: 0.0987305 ms (enqueue 0.0828857 ms)
[02/27/2026-11:10:14] [I] Average on 10 runs - GPU latency: 0.0986816 ms - Host latency: 0.0986816 ms (enqueue 0.0831543 ms)
[02/27/2026-11:10:14] [I] Average on 10 runs - GPU latency: 0.0987549 ms - Host latency: 0.0987549 ms (enqueue 0.082959 ms)
[02/27/2026-11:10:14] [I] Average on 10 runs - GPU latency: 0.100513 ms - Host latency: 0.100513 ms (enqueue 0.0839844 ms)
[02/27/2026-11:10:14] [I] Average on 10 runs - GPU latency: 0.0987793 ms - Host latency: 0.0987793 ms (enqueue 0.082959 ms)
[02/27/2026-11:10:14] [I] Average on 10 runs - GPU latency: 0.0990479 ms - Host latency: 0.0990479 ms (enqueue 0.0833984 ms)
[02/27/2026-11:10:14] [I] Average on 10 runs - GPU latency: 0.0980957 ms - Host latency: 0.0980957 ms (enqueue 0.0821777 ms)
[02/27/2026-11:10:14] [I] Average on 10 runs - GPU latency: 0.0999023 ms - Host latency: 0.0999023 ms (enqueue 0.08479 ms)
[02/27/2026-11:10:14] [I] Average on 10 runs - GPU latency: 0.0978516 ms - Host latency: 0.0978516 ms (enqueue 0.082373 ms)
[02/27/2026-11:10:14] [I] Average on 10 runs - GPU latency: 0.0986572 ms - Host latency: 0.0986572 ms (enqueue 0.0825439 ms)
[02/27/2026-11:10:14] [I] Average on 10 runs - GPU latency: 0.0966309 ms - Host latency: 0.0966309 ms (enqueue 0.0812988 ms)
[02/27/2026-11:10:14] [I] Average on 10 runs - GPU latency: 0.102124 ms - Host latency: 0.102124 ms (enqueue 0.0864258 ms)
[02/27/2026-11:10:14] [I] Average on 10 runs - GPU latency: 0.0991211 ms - Host latency: 0.0991211 ms (enqueue 0.0837158 ms)
[02/27/2026-11:10:14] [I] Average on 10 runs - GPU latency: 0.098584 ms - Host latency: 0.098584 ms (enqueue 0.0824463 ms)
[02/27/2026-11:10:14] [I] Average on 10 runs - GPU latency: 0.098999 ms - Host latency: 0.098999 ms (enqueue 0.0833252 ms)
[02/27/2026-11:10:14] [I] Average on 10 runs - GPU latency: 0.103564 ms - Host latency: 0.103564 ms (enqueue 0.087085 ms)
[02/27/2026-11:10:14] [I] Average on 10 runs - GPU latency: 0.0981445 ms - Host latency: 0.0981445 ms (enqueue 0.082251 ms)
[02/27/2026-11:10:14] [I] Average on 10 runs - GPU latency: 0.0977051 ms - Host latency: 0.0977051 ms (enqueue 0.0816162 ms)
[02/27/2026-11:10:14] [I] Average on 10 runs - GPU latency: 0.0979004 ms - Host latency: 0.0979004 ms (enqueue 0.0832031 ms)
[02/27/2026-11:10:14] [I] Average on 10 runs - GPU latency: 0.100708 ms - Host latency: 0.100708 ms (enqueue 0.085083 ms)
[02/27/2026-11:10:14] [I] Average on 10 runs - GPU latency: 0.0976074 ms - Host latency: 0.0976074 ms (enqueue 0.0820557 ms)
[02/27/2026-11:10:14] [I] Average on 10 runs - GPU latency: 0.0980225 ms - Host latency: 0.0980225 ms (enqueue 0.0817871 ms)
[02/27/2026-11:10:14] [I] Average on 10 runs - GPU latency: 0.0976074 ms - Host latency: 0.0976074 ms (enqueue 0.0822022 ms)
[02/27/2026-11:10:14] [I] Average on 10 runs - GPU latency: 0.100171 ms - Host latency: 0.100171 ms (enqueue 0.0852051 ms)
[02/27/2026-11:10:14] [I] Average on 10 runs - GPU latency: 0.097998 ms - Host latency: 0.097998 ms (enqueue 0.0820068 ms)
[02/27/2026-11:10:14] [I] Average on 10 runs - GPU latency: 0.0971191 ms - Host latency: 0.0971191 ms (enqueue 0.0818115 ms)
[02/27/2026-11:10:14] [I] Average on 10 runs - GPU latency: 0.0997314 ms - Host latency: 0.0997314 ms (enqueue 0.0831543 ms)
[02/27/2026-11:10:14] [I] Average on 10 runs - GPU latency: 0.100488 ms - Host latency: 0.100488 ms (enqueue 0.08479 ms)
[02/27/2026-11:10:14] [I] Average on 10 runs - GPU latency: 0.0972412 ms - Host latency: 0.0972412 ms (enqueue 0.0821045 ms)
[02/27/2026-11:10:14] [I] Average on 10 runs - GPU latency: 0.0974609 ms - Host latency: 0.0974609 ms (enqueue 0.0817627 ms)
[02/27/2026-11:10:14] [I] Average on 10 runs - GPU latency: 0.0971924 ms - Host latency: 0.0971924 ms (enqueue 0.0811279 ms)
[02/27/2026-11:10:14] [I] Average on 10 runs - GPU latency: 0.0993896 ms - Host latency: 0.0993896 ms (enqueue 0.0827881 ms)
[02/27/2026-11:10:14] [I] Average on 10 runs - GPU latency: 0.0974121 ms - Host latency: 0.0974121 ms (enqueue 0.0813232 ms)
[02/27/2026-11:10:14] [I] Average on 10 runs - GPU latency: 0.100024 ms - Host latency: 0.100024 ms (enqueue 0.0841553 ms)
[02/27/2026-11:10:14] [I] Average on 10 runs - GPU latency: 0.0985107 ms - Host latency: 0.0985107 ms (enqueue 0.0823975 ms)
[02/27/2026-11:10:14] [I] Average on 10 runs - GPU latency: 0.0989014 ms - Host latency: 0.0989014 ms (enqueue 0.0840088 ms)
[02/27/2026-11:10:14] [I] Average on 10 runs - GPU latency: 0.0976074 ms - Host latency: 0.0976074 ms (enqueue 0.0822754 ms)
[02/27/2026-11:10:14] [I] Average on 10 runs - GPU latency: 0.0995361 ms - Host latency: 0.0995361 ms (enqueue 0.0838379 ms)
[02/27/2026-11:10:14] [I] Average on 10 runs - GPU latency: 0.100464 ms - Host latency: 0.100464 ms (enqueue 0.0841064 ms)
[02/27/2026-11:10:14] [I] Average on 10 runs - GPU latency: 0.101904 ms - Host latency: 0.101904 ms (enqueue 0.0854248 ms)
[02/27/2026-11:10:14] [I] Average on 10 runs - GPU latency: 0.102075 ms - Host latency: 0.102075 ms (enqueue 0.0852539 ms)
[02/27/2026-11:10:14] [I] Average on 10 runs - GPU latency: 0.100708 ms - Host latency: 0.100708 ms (enqueue 0.0842285 ms)
[02/27/2026-11:10:14] [I] Average on 10 runs - GPU latency: 0.0987549 ms - Host latency: 0.0987549 ms (enqueue 0.0825684 ms)
[02/27/2026-11:10:14] [I] Average on 10 runs - GPU latency: 0.103149 ms - Host latency: 0.103149 ms (enqueue 0.0858643 ms)
[02/27/2026-11:10:14] [I] Average on 10 runs - GPU latency: 0.0984375 ms - Host latency: 0.0984375 ms (enqueue 0.0828857 ms)
[02/27/2026-11:10:14] [I] Average on 10 runs - GPU latency: 0.0981445 ms - Host latency: 0.0981445 ms (enqueue 0.0824219 ms)
[02/27/2026-11:10:14] [I] Average on 10 runs - GPU latency: 0.0982178 ms - Host latency: 0.0982178 ms (enqueue 0.0824707 ms)
[02/27/2026-11:10:14] [I] Average on 10 runs - GPU latency: 0.10332 ms - Host latency: 0.10332 ms (enqueue 0.0877441 ms)
[02/27/2026-11:10:14] [I] Average on 10 runs - GPU latency: 0.0987305 ms - Host latency: 0.0987305 ms (enqueue 0.0828857 ms)
[02/27/2026-11:10:14] [I] Average on 10 runs - GPU latency: 0.100073 ms - Host latency: 0.100073 ms (enqueue 0.0833496 ms)
[02/27/2026-11:10:14] [I] Average on 10 runs - GPU latency: 0.0989746 ms - Host latency: 0.0989746 ms (enqueue 0.0831055 ms)
[02/27/2026-11:10:14] [I] Average on 10 runs - GPU latency: 0.10127 ms - Host latency: 0.10127 ms (enqueue 0.0858398 ms)
[02/27/2026-11:10:14] [I] Average on 10 runs - GPU latency: 0.0977295 ms - Host latency: 0.0977295 ms (enqueue 0.081958 ms)
[02/27/2026-11:10:14] [I] Average on 10 runs - GPU latency: 0.0986328 ms - Host latency: 0.0986328 ms (enqueue 0.0831299 ms)
[02/27/2026-11:10:14] [I] Average on 10 runs - GPU latency: 0.0975342 ms - Host latency: 0.0975342 ms (enqueue 0.0814209 ms)
[02/27/2026-11:10:14] [I] Average on 10 runs - GPU latency: 0.100024 ms - Host latency: 0.100024 ms (enqueue 0.0845215 ms)
[02/27/2026-11:10:14] [I] Average on 10 runs - GPU latency: 0.0977783 ms - Host latency: 0.0977783 ms (enqueue 0.0817627 ms)
[02/27/2026-11:10:14] [I] Average on 10 runs - GPU latency: 0.0978516 ms - Host latency: 0.0978516 ms (enqueue 0.0822998 ms)
[02/27/2026-11:10:14] [I] Average on 10 runs - GPU latency: 0.0992187 ms - Host latency: 0.0992187 ms (enqueue 0.0834229 ms)
[02/27/2026-11:10:14] [I] Average on 10 runs - GPU latency: 0.101489 ms - Host latency: 0.101489 ms (enqueue 0.0842773 ms)
[02/27/2026-11:10:14] [I] Average on 10 runs - GPU latency: 0.0994141 ms - Host latency: 0.0994141 ms (enqueue 0.0835693 ms)
[02/27/2026-11:10:14] [I] Average on 10 runs - GPU latency: 0.0978516 ms - Host latency: 0.0978516 ms (enqueue 0.0818115 ms)
[02/27/2026-11:10:14] [I] Average on 10 runs - GPU latency: 0.0983887 ms - Host latency: 0.0983887 ms (enqueue 0.0831055 ms)
[02/27/2026-11:10:14] [I] Average on 10 runs - GPU latency: 0.0997803 ms - Host latency: 0.0997803 ms (enqueue 0.0847412 ms)
[02/27/2026-11:10:14] [I] Average on 10 runs - GPU latency: 0.0977783 ms - Host latency: 0.0977783 ms (enqueue 0.0821289 ms)
[02/27/2026-11:10:14] [I] Average on 10 runs - GPU latency: 0.0968262 ms - Host latency: 0.0968262 ms (enqueue 0.0817383 ms)
[02/27/2026-11:10:14] [I] Average on 10 runs - GPU latency: 0.0980469 ms - Host latency: 0.0980469 ms (enqueue 0.0822266 ms)
[02/27/2026-11:10:14] [I] Average on 10 runs - GPU latency: 0.100488 ms - Host latency: 0.100488 ms (enqueue 0.0855957 ms)
[02/27/2026-11:10:14] [I] Average on 10 runs - GPU latency: 0.0981689 ms - Host latency: 0.0981689 ms (enqueue 0.0825928 ms)
[02/27/2026-11:10:14] [I] Average on 10 runs - GPU latency: 0.0982178 ms - Host latency: 0.0982178 ms (enqueue 0.0820801 ms)
[02/27/2026-11:10:14] [I] Average on 10 runs - GPU latency: 0.0977295 ms - Host latency: 0.0977295 ms (enqueue 0.0818848 ms)
[02/27/2026-11:10:14] [I] Average on 10 runs - GPU latency: 0.10022 ms - Host latency: 0.10022 ms (enqueue 0.084375 ms)
[02/27/2026-11:10:14] [I] Average on 10 runs - GPU latency: 0.100366 ms - Host latency: 0.100366 ms (enqueue 0.0838135 ms)
[02/27/2026-11:10:14] [I] Average on 10 runs - GPU latency: 0.098584 ms - Host latency: 0.098584 ms (enqueue 0.0827637 ms)
[02/27/2026-11:10:14] [I] Average on 10 runs - GPU latency: 0.09729 ms - Host latency: 0.09729 ms (enqueue 0.0817871 ms)
[02/27/2026-11:10:14] [I] Average on 10 runs - GPU latency: 0.0995361 ms - Host latency: 0.0995361 ms (enqueue 0.0847656 ms)
[02/27/2026-11:10:14] [I] Average on 10 runs - GPU latency: 0.0971191 ms - Host latency: 0.0971191 ms (enqueue 0.0822022 ms)
[02/27/2026-11:10:14] [I] Average on 10 runs - GPU latency: 0.0984863 ms - Host latency: 0.0984863 ms (enqueue 0.0820801 ms)
[02/27/2026-11:10:14] [I] Average on 10 runs - GPU latency: 0.0981689 ms - Host latency: 0.0981689 ms (enqueue 0.0827881 ms)
[02/27/2026-11:10:14] [I] Average on 10 runs - GPU latency: 0.101172 ms - Host latency: 0.101172 ms (enqueue 0.0857666 ms)
[02/27/2026-11:10:14] [I] Average on 10 runs - GPU latency: 0.0992432 ms - Host latency: 0.0992432 ms (enqueue 0.0831543 ms)
[02/27/2026-11:10:14] [I] Average on 10 runs - GPU latency: 0.0973145 ms - Host latency: 0.0973145 ms (enqueue 0.0817871 ms)
[02/27/2026-11:10:14] [I] Average on 10 runs - GPU latency: 0.0977051 ms - Host latency: 0.0977051 ms (enqueue 0.081958 ms)
[02/27/2026-11:10:14] [I] Average on 10 runs - GPU latency: 0.10249 ms - Host latency: 0.10249 ms (enqueue 0.0857666 ms)
[02/27/2026-11:10:14] [I] Average on 10 runs - GPU latency: 0.0981201 ms - Host latency: 0.0981201 ms (enqueue 0.0825439 ms)
[02/27/2026-11:10:14] [I] Average on 10 runs - GPU latency: 0.0987793 ms - Host latency: 0.0987793 ms (enqueue 0.0824463 ms)
[02/27/2026-11:10:14] [I] Average on 10 runs - GPU latency: 0.0990234 ms - Host latency: 0.0990234 ms (enqueue 0.0850098 ms)
[02/27/2026-11:10:14] [I] Average on 10 runs - GPU latency: 0.0998535 ms - Host latency: 0.0998535 ms (enqueue 0.0829102 ms)
[02/27/2026-11:10:14] [I] Average on 10 runs - GPU latency: 0.0981934 ms - Host latency: 0.0981934 ms (enqueue 0.0817139 ms)
[02/27/2026-11:10:14] [I] Average on 10 runs - GPU latency: 0.0967285 ms - Host latency: 0.0967285 ms (enqueue 0.0811523 ms)
[02/27/2026-11:10:14] [I] Average on 10 runs - GPU latency: 0.0968506 ms - Host latency: 0.0968506 ms (enqueue 0.0831055 ms)
[02/27/2026-11:10:14] [I] Average on 10 runs - GPU latency: 0.100269 ms - Host latency: 0.100269 ms (enqueue 0.083667 ms)
[02/27/2026-11:10:14] [I] Average on 10 runs - GPU latency: 0.0979248 ms - Host latency: 0.0979248 ms (enqueue 0.0826416 ms)
[02/27/2026-11:10:14] [I] Average on 10 runs - GPU latency: 0.097876 ms - Host latency: 0.097876 ms (enqueue 0.0823486 ms)
[02/27/2026-11:10:14] [I] Average on 10 runs - GPU latency: 0.101953 ms - Host latency: 0.101953 ms (enqueue 0.0874756 ms)
[02/27/2026-11:10:14] [I] Average on 10 runs - GPU latency: 0.101611 ms - Host latency: 0.101611 ms (enqueue 0.0842041 ms)
[02/27/2026-11:10:14] [I] Average on 10 runs - GPU latency: 0.0999512 ms - Host latency: 0.0999512 ms (enqueue 0.0834229 ms)
[02/27/2026-11:10:14] [I] Average on 10 runs - GPU latency: 0.0981934 ms - Host latency: 0.0981934 ms (enqueue 0.0823242 ms)
[02/27/2026-11:10:14] [I] Average on 10 runs - GPU latency: 0.101416 ms - Host latency: 0.101416 ms (enqueue 0.0853271 ms)
[02/27/2026-11:10:14] [I] Average on 10 runs - GPU latency: 0.0978272 ms - Host latency: 0.0978272 ms (enqueue 0.081958 ms)
[02/27/2026-11:10:14] [I] Average on 10 runs - GPU latency: 0.0980957 ms - Host latency: 0.0980957 ms (enqueue 0.0822266 ms)
[02/27/2026-11:10:14] [I] Average on 10 runs - GPU latency: 0.098291 ms - Host latency: 0.098291 ms (enqueue 0.0821777 ms)
[02/27/2026-11:10:14] [I] Average on 10 runs - GPU latency: 0.101465 ms - Host latency: 0.101465 ms (enqueue 0.0866211 ms)
[02/27/2026-11:10:14] [I] Average on 10 runs - GPU latency: 0.0978027 ms - Host latency: 0.0978027 ms (enqueue 0.0818848 ms)
[02/27/2026-11:10:14] [I] Average on 10 runs - GPU latency: 0.0981934 ms - Host latency: 0.0981934 ms (enqueue 0.0826416 ms)
[02/27/2026-11:10:14] [I] Average on 10 runs - GPU latency: 0.0980225 ms - Host latency: 0.0980225 ms (enqueue 0.0824219 ms)
[02/27/2026-11:10:14] [I] Average on 10 runs - GPU latency: 0.101538 ms - Host latency: 0.101538 ms (enqueue 0.0857422 ms)
[02/27/2026-11:10:14] [I] Average on 10 runs - GPU latency: 0.0993896 ms - Host latency: 0.0993896 ms (enqueue 0.0830566 ms)
[02/27/2026-11:10:14] [I] Average on 10 runs - GPU latency: 0.0978027 ms - Host latency: 0.0978027 ms (enqueue 0.0824463 ms)
[02/27/2026-11:10:14] [I] Average on 10 runs - GPU latency: 0.0985107 ms - Host latency: 0.0985107 ms (enqueue 0.0829834 ms)
[02/27/2026-11:10:14] [I] Average on 10 runs - GPU latency: 0.101294 ms - Host latency: 0.101294 ms (enqueue 0.0851318 ms)
[02/27/2026-11:10:14] [I] Average on 10 runs - GPU latency: 0.0990723 ms - Host latency: 0.0990723 ms (enqueue 0.0835205 ms)
[02/27/2026-11:10:14] [I] Average on 10 runs - GPU latency: 0.0988281 ms - Host latency: 0.0988281 ms (enqueue 0.0829834 ms)
[02/27/2026-11:10:14] [I] Average on 10 runs - GPU latency: 0.0979004 ms - Host latency: 0.0979004 ms (enqueue 0.0822022 ms)
[02/27/2026-11:10:14] [I] Average on 10 runs - GPU latency: 0.0987061 ms - Host latency: 0.0987061 ms (enqueue 0.0821533 ms)
[02/27/2026-11:10:14] [I] Average on 10 runs - GPU latency: 0.0976807 ms - Host latency: 0.0976807 ms (enqueue 0.082251 ms)
[02/27/2026-11:10:14] [I] Average on 10 runs - GPU latency: 0.097583 ms - Host latency: 0.097583 ms (enqueue 0.0815918 ms)
[02/27/2026-11:10:14] [I] Average on 10 runs - GPU latency: 0.0990723 ms - Host latency: 0.0990723 ms (enqueue 0.0826416 ms)
[02/27/2026-11:10:14] [I] Average on 10 runs - GPU latency: 0.0999023 ms - Host latency: 0.0999023 ms (enqueue 0.0850342 ms)
[02/27/2026-11:10:14] [I] Average on 10 runs - GPU latency: 0.0998535 ms - Host latency: 0.0998535 ms (enqueue 0.0832275 ms)
[02/27/2026-11:10:14] [I] Average on 10 runs - GPU latency: 0.0980957 ms - Host latency: 0.0980957 ms (enqueue 0.082373 ms)
[02/27/2026-11:10:14] [I] Average on 10 runs - GPU latency: 0.0979492 ms - Host latency: 0.0979492 ms (enqueue 0.0816162 ms)
[02/27/2026-11:10:14] [I] Average on 10 runs - GPU latency: 0.100098 ms - Host latency: 0.100098 ms (enqueue 0.0850342 ms)
[02/27/2026-11:10:14] [I] Average on 10 runs - GPU latency: 0.0986328 ms - Host latency: 0.0986328 ms (enqueue 0.0829102 ms)
[02/27/2026-11:10:14] [I] Average on 10 runs - GPU latency: 0.0988037 ms - Host latency: 0.0988037 ms (enqueue 0.0827148 ms)
[02/27/2026-11:10:14] [I] Average on 10 runs - GPU latency: 0.0982178 ms - Host latency: 0.0982178 ms (enqueue 0.082666 ms)
[02/27/2026-11:10:14] [I] Average on 10 runs - GPU latency: 0.0999756 ms - Host latency: 0.0999756 ms (enqueue 0.0832275 ms)
[02/27/2026-11:10:14] [I] Average on 10 runs - GPU latency: 0.0995361 ms - Host latency: 0.0995361 ms (enqueue 0.0835449 ms)
[02/27/2026-11:10:14] [I] Average on 10 runs - GPU latency: 0.0982666 ms - Host latency: 0.0982666 ms (enqueue 0.0824951 ms)
[02/27/2026-11:10:14] [I] Average on 10 runs - GPU latency: 0.10022 ms - Host latency: 0.10022 ms (enqueue 0.0837646 ms)
[02/27/2026-11:10:14] [I] Average on 10 runs - GPU latency: 0.100781 ms - Host latency: 0.100781 ms (enqueue 0.0845947 ms)
[02/27/2026-11:10:14] [I] Average on 10 runs - GPU latency: 0.0980713 ms - Host latency: 0.0980713 ms (enqueue 0.0824707 ms)
[02/27/2026-11:10:14] [I] Average on 10 runs - GPU latency: 0.0997314 ms - Host latency: 0.0997314 ms (enqueue 0.08396 ms)
[02/27/2026-11:10:14] [I] Average on 10 runs - GPU latency: 0.0985596 ms - Host latency: 0.0985596 ms (enqueue 0.082666 ms)
[02/27/2026-11:10:14] [I] Average on 10 runs - GPU latency: 0.100854 ms - Host latency: 0.100854 ms (enqueue 0.0834473 ms)
[02/27/2026-11:10:14] [I] Average on 10 runs - GPU latency: 0.0976074 ms - Host latency: 0.0976074 ms (enqueue 0.082251 ms)
[02/27/2026-11:10:14] [I] Average on 10 runs - GPU latency: 0.0976807 ms - Host latency: 0.0976807 ms (enqueue 0.0816162 ms)
[02/27/2026-11:10:14] [I] Average on 10 runs - GPU latency: 0.0979492 ms - Host latency: 0.0979492 ms (enqueue 0.082373 ms)
[02/27/2026-11:10:14] [I] Average on 10 runs - GPU latency: 0.0998047 ms - Host latency: 0.0998047 ms (enqueue 0.084375 ms)
[02/27/2026-11:10:14] [I] Average on 10 runs - GPU latency: 0.0998779 ms - Host latency: 0.0998779 ms (enqueue 0.0831787 ms)
[02/27/2026-11:10:14] [I] Average on 10 runs - GPU latency: 0.100244 ms - Host latency: 0.100244 ms (enqueue 0.0836426 ms)
[02/27/2026-11:10:14] [I] Average on 10 runs - GPU latency: 0.0984375 ms - Host latency: 0.0984375 ms (enqueue 0.0824707 ms)
[02/27/2026-11:10:14] [I] Average on 10 runs - GPU latency: 0.102417 ms - Host latency: 0.102417 ms (enqueue 0.0869629 ms)
[02/27/2026-11:10:14] [I] Average on 10 runs - GPU latency: 0.0991943 ms - Host latency: 0.0991943 ms (enqueue 0.0830322 ms)
[02/27/2026-11:10:14] [I] Average on 10 runs - GPU latency: 0.0995605 ms - Host latency: 0.0995605 ms (enqueue 0.0834473 ms)
[02/27/2026-11:10:14] [I] Average on 10 runs - GPU latency: 0.0993164 ms - Host latency: 0.0993164 ms (enqueue 0.0834229 ms)
[02/27/2026-11:10:14] [I] Average on 10 runs - GPU latency: 0.101367 ms - Host latency: 0.101367 ms (enqueue 0.0855225 ms)
[02/27/2026-11:10:14] [I] Average on 10 runs - GPU latency: 0.0987793 ms - Host latency: 0.0987793 ms (enqueue 0.082373 ms)
[02/27/2026-11:10:14] [I] Average on 10 runs - GPU latency: 0.0984131 ms - Host latency: 0.0984131 ms (enqueue 0.0825684 ms)
[02/27/2026-11:10:14] [I] Average on 10 runs - GPU latency: 0.0990723 ms - Host latency: 0.0990723 ms (enqueue 0.083374 ms)
[02/27/2026-11:10:14] [I] Average on 10 runs - GPU latency: 0.099707 ms - Host latency: 0.099707 ms (enqueue 0.0835937 ms)
[02/27/2026-11:10:14] [I] Average on 10 runs - GPU latency: 0.0995361 ms - Host latency: 0.0995361 ms (enqueue 0.082959 ms)
[02/27/2026-11:10:14] [I] Average on 10 runs - GPU latency: 0.0972168 ms - Host latency: 0.0972168 ms (enqueue 0.0815186 ms)
[02/27/2026-11:10:14] [I] Average on 10 runs - GPU latency: 0.0975098 ms - Host latency: 0.0975098 ms (enqueue 0.0822754 ms)
[02/27/2026-11:10:14] [I] Average on 10 runs - GPU latency: 0.0989502 ms - Host latency: 0.0989502 ms (enqueue 0.0840088 ms)
[02/27/2026-11:10:14] [I] Average on 10 runs - GPU latency: 0.101025 ms - Host latency: 0.101025 ms (enqueue 0.0851807 ms)
[02/27/2026-11:10:14] [I] Average on 10 runs - GPU latency: 0.0991211 ms - Host latency: 0.0991211 ms (enqueue 0.0832031 ms)
[02/27/2026-11:10:14] [I] Average on 10 runs - GPU latency: 0.0984131 ms - Host latency: 0.0984131 ms (enqueue 0.082666 ms)
[02/27/2026-11:10:14] [I] Average on 10 runs - GPU latency: 0.102295 ms - Host latency: 0.102295 ms (enqueue 0.0861572 ms)
[02/27/2026-11:10:14] [I] Average on 10 runs - GPU latency: 0.0993652 ms - Host latency: 0.0993652 ms (enqueue 0.0831543 ms)
[02/27/2026-11:10:14] [I] Average on 10 runs - GPU latency: 0.0985107 ms - Host latency: 0.0985107 ms (enqueue 0.0824463 ms)
[02/27/2026-11:10:14] [I] Average on 10 runs - GPU latency: 0.0988281 ms - Host latency: 0.0988281 ms (enqueue 0.0831543 ms)
[02/27/2026-11:10:14] [I] Average on 10 runs - GPU latency: 0.100732 ms - Host latency: 0.100732 ms (enqueue 0.0854248 ms)
[02/27/2026-11:10:14] [I] Average on 10 runs - GPU latency: 0.100635 ms - Host latency: 0.100635 ms (enqueue 0.0834961 ms)
[02/27/2026-11:10:14] [I] Average on 10 runs - GPU latency: 0.0986816 ms - Host latency: 0.0986816 ms (enqueue 0.0827881 ms)
[02/27/2026-11:10:14] [I] Average on 10 runs - GPU latency: 0.0970947 ms - Host latency: 0.0970947 ms (enqueue 0.0816895 ms)
[02/27/2026-11:10:14] [I] Average on 10 runs - GPU latency: 0.0993408 ms - Host latency: 0.0993408 ms (enqueue 0.0828613 ms)
[02/27/2026-11:10:14] [I] Average on 10 runs - GPU latency: 0.0999512 ms - Host latency: 0.0999512 ms (enqueue 0.0838623 ms)
[02/27/2026-11:10:14] [I] Average on 10 runs - GPU latency: 0.097876 ms - Host latency: 0.097876 ms (enqueue 0.0825439 ms)
[02/27/2026-11:10:14] [I] Average on 10 runs - GPU latency: 0.0982422 ms - Host latency: 0.0982422 ms (enqueue 0.0822754 ms)
[02/27/2026-11:10:14] [I] Average on 10 runs - GPU latency: 0.100586 ms - Host latency: 0.100586 ms (enqueue 0.0852051 ms)
[02/27/2026-11:10:14] [I] Average on 10 runs - GPU latency: 0.0988037 ms - Host latency: 0.0988037 ms (enqueue 0.0826904 ms)
[02/27/2026-11:10:14] [I] Average on 10 runs - GPU latency: 0.0976318 ms - Host latency: 0.0976318 ms (enqueue 0.0820557 ms)
[02/27/2026-11:10:14] [I] Average on 10 runs - GPU latency: 0.0988037 ms - Host latency: 0.0988037 ms (enqueue 0.0824707 ms)
[02/27/2026-11:10:14] [I] Average on 10 runs - GPU latency: 0.103442 ms - Host latency: 0.103442 ms (enqueue 0.0873291 ms)
[02/27/2026-11:10:14] [I] Average on 10 runs - GPU latency: 0.0984375 ms - Host latency: 0.0984375 ms (enqueue 0.0828369 ms)
[02/27/2026-11:10:14] [I] Average on 10 runs - GPU latency: 0.0993164 ms - Host latency: 0.0993164 ms (enqueue 0.0833984 ms)
[02/27/2026-11:10:14] [I] Average on 10 runs - GPU latency: 0.0987305 ms - Host latency: 0.0987305 ms (enqueue 0.0843994 ms)
[02/27/2026-11:10:14] [I] Average on 10 runs - GPU latency: 0.100269 ms - Host latency: 0.100269 ms (enqueue 0.0829346 ms)
[02/27/2026-11:10:14] [I] Average on 10 runs - GPU latency: 0.0974121 ms - Host latency: 0.0974121 ms (enqueue 0.0816162 ms)
[02/27/2026-11:10:14] [I] Average on 10 runs - GPU latency: 0.0973633 ms - Host latency: 0.0973633 ms (enqueue 0.0821533 ms)
[02/27/2026-11:10:14] [I] Average on 10 runs - GPU latency: 0.0980713 ms - Host latency: 0.0980713 ms (enqueue 0.0844727 ms)
[02/27/2026-11:10:14] [I] Average on 10 runs - GPU latency: 0.0994629 ms - Host latency: 0.0994629 ms (enqueue 0.0825439 ms)
[02/27/2026-11:10:14] [I] Average on 10 runs - GPU latency: 0.0978272 ms - Host latency: 0.0978272 ms (enqueue 0.0821533 ms)
[02/27/2026-11:10:14] [I] Average on 10 runs - GPU latency: 0.0979248 ms - Host latency: 0.0979248 ms (enqueue 0.082373 ms)
[02/27/2026-11:10:14] [I] Average on 10 runs - GPU latency: 0.0977783 ms - Host latency: 0.0977783 ms (enqueue 0.0839111 ms)
[02/27/2026-11:10:14] [I] Average on 10 runs - GPU latency: 0.1 ms - Host latency: 0.1 ms (enqueue 0.0831543 ms)
[02/27/2026-11:10:14] [I] Average on 10 runs - GPU latency: 0.0986084 ms - Host latency: 0.0986084 ms (enqueue 0.0827148 ms)
[02/27/2026-11:10:14] [I] Average on 10 runs - GPU latency: 0.0978027 ms - Host latency: 0.0978027 ms (enqueue 0.0817383 ms)
[02/27/2026-11:10:14] [I] Average on 10 runs - GPU latency: 0.0990723 ms - Host latency: 0.0990723 ms (enqueue 0.0844238 ms)
[02/27/2026-11:10:14] [I] Average on 10 runs - GPU latency: 0.098584 ms - Host latency: 0.098584 ms (enqueue 0.0820557 ms)
[02/27/2026-11:10:14] [I] Average on 10 runs - GPU latency: 0.0983643 ms - Host latency: 0.0983643 ms (enqueue 0.0821533 ms)
[02/27/2026-11:10:14] [I] Average on 10 runs - GPU latency: 0.0989258 ms - Host latency: 0.0989258 ms (enqueue 0.0829102 ms)
[02/27/2026-11:10:14] [I] Average on 10 runs - GPU latency: 0.0989746 ms - Host latency: 0.0989746 ms (enqueue 0.0837646 ms)
[02/27/2026-11:10:14] [I] Average on 10 runs - GPU latency: 0.0977539 ms - Host latency: 0.0977539 ms (enqueue 0.0817383 ms)
[02/27/2026-11:10:14] [I] Average on 10 runs - GPU latency: 0.0979248 ms - Host latency: 0.0979248 ms (enqueue 0.0823242 ms)
[02/27/2026-11:10:14] [I] Average on 10 runs - GPU latency: 0.0994629 ms - Host latency: 0.0994629 ms (enqueue 0.0832764 ms)
[02/27/2026-11:10:14] [I] Average on 10 runs - GPU latency: 0.10271 ms - Host latency: 0.10271 ms (enqueue 0.0872559 ms)
[02/27/2026-11:10:14] [I] Average on 10 runs - GPU latency: 0.0976807 ms - Host latency: 0.0976807 ms (enqueue 0.0821289 ms)
[02/27/2026-11:10:14] [I] Average on 10 runs - GPU latency: 0.0991943 ms - Host latency: 0.0991943 ms (enqueue 0.0833496 ms)
[02/27/2026-11:10:14] [I] Average on 10 runs - GPU latency: 0.0982666 ms - Host latency: 0.0982666 ms (enqueue 0.082373 ms)
[02/27/2026-11:10:14] [I] Average on 10 runs - GPU latency: 0.100269 ms - Host latency: 0.100269 ms (enqueue 0.083252 ms)
[02/27/2026-11:10:14] [I] Average on 10 runs - GPU latency: 0.097876 ms - Host latency: 0.097876 ms (enqueue 0.0821045 ms)
[02/27/2026-11:10:14] [I] Average on 10 runs - GPU latency: 0.0978027 ms - Host latency: 0.0978027 ms (enqueue 0.081665 ms)
[02/27/2026-11:10:14] [I] Average on 10 runs - GPU latency: 0.0985107 ms - Host latency: 0.0985107 ms (enqueue 0.0830078 ms)
[02/27/2026-11:10:14] [I] Average on 10 runs - GPU latency: 0.100073 ms - Host latency: 0.100073 ms (enqueue 0.0847168 ms)
[02/27/2026-11:10:14] [I] Average on 10 runs - GPU latency: 0.0975586 ms - Host latency: 0.0975586 ms (enqueue 0.0814941 ms)
[02/27/2026-11:10:14] [I] Average on 10 runs - GPU latency: 0.0976074 ms - Host latency: 0.0976074 ms (enqueue 0.0821533 ms)
[02/27/2026-11:10:14] [I] Average on 10 runs - GPU latency: 0.0983643 ms - Host latency: 0.0983643 ms (enqueue 0.0826172 ms)
[02/27/2026-11:10:14] [I] Average on 10 runs - GPU latency: 0.100977 ms - Host latency: 0.100977 ms (enqueue 0.0852051 ms)
[02/27/2026-11:10:14] [I] Average on 10 runs - GPU latency: 0.0985107 ms - Host latency: 0.0985107 ms (enqueue 0.0825684 ms)
[02/27/2026-11:10:14] [I] Average on 10 runs - GPU latency: 0.0972412 ms - Host latency: 0.0972412 ms (enqueue 0.0821289 ms)
[02/27/2026-11:10:14] [I] Average on 10 runs - GPU latency: 0.0978516 ms - Host latency: 0.0978516 ms (enqueue 0.0820801 ms)
[02/27/2026-11:10:14] [I] Average on 10 runs - GPU latency: 0.0991211 ms - Host latency: 0.0991211 ms (enqueue 0.0840088 ms)
[02/27/2026-11:10:14] [I] Average on 10 runs - GPU latency: 0.0971924 ms - Host latency: 0.0971924 ms (enqueue 0.0817627 ms)
[02/27/2026-11:10:14] [I] Average on 10 runs - GPU latency: 0.0994873 ms - Host latency: 0.0994873 ms (enqueue 0.0831543 ms)
[02/27/2026-11:10:14] [I] Average on 10 runs - GPU latency: 0.0984375 ms - Host latency: 0.0984375 ms (enqueue 0.082666 ms)
[02/27/2026-11:10:14] [I] Average on 10 runs - GPU latency: 0.100879 ms - Host latency: 0.100879 ms (enqueue 0.0851562 ms)
[02/27/2026-11:10:14] [I] Average on 10 runs - GPU latency: 0.100342 ms - Host latency: 0.100342 ms (enqueue 0.0841064 ms)
[02/27/2026-11:10:14] [I] Average on 10 runs - GPU latency: 0.0995361 ms - Host latency: 0.0995361 ms (enqueue 0.0833252 ms)
[02/27/2026-11:10:14] [I] Average on 10 runs - GPU latency: 0.0999512 ms - Host latency: 0.0999512 ms (enqueue 0.0832764 ms)
[02/27/2026-11:10:14] [I] Average on 10 runs - GPU latency: 0.101831 ms - Host latency: 0.101831 ms (enqueue 0.0858154 ms)
[02/27/2026-11:10:14] [I] Average on 10 runs - GPU latency: 0.0992432 ms - Host latency: 0.0992432 ms (enqueue 0.0830566 ms)
[02/27/2026-11:10:14] [I] Average on 10 runs - GPU latency: 0.0985107 ms - Host latency: 0.0985107 ms (enqueue 0.0831055 ms)
[02/27/2026-11:10:14] [I] Average on 10 runs - GPU latency: 0.0987305 ms - Host latency: 0.0987305 ms (enqueue 0.082373 ms)
[02/27/2026-11:10:14] [I] Average on 10 runs - GPU latency: 0.0999512 ms - Host latency: 0.0999512 ms (enqueue 0.083374 ms)
[02/27/2026-11:10:14] [I] Average on 10 runs - GPU latency: 0.099585 ms - Host latency: 0.099585 ms (enqueue 0.0831787 ms)
[02/27/2026-11:10:14] [I] Average on 10 runs - GPU latency: 0.0982422 ms - Host latency: 0.0982422 ms (enqueue 0.0827637 ms)
[02/27/2026-11:10:14] [I] Average on 10 runs - GPU latency: 0.0993896 ms - Host latency: 0.0993896 ms (enqueue 0.0834229 ms)
[02/27/2026-11:10:14] [I] Average on 10 runs - GPU latency: 0.100439 ms - Host latency: 0.100439 ms (enqueue 0.0848389 ms)
[02/27/2026-11:10:14] [I] Average on 10 runs - GPU latency: 0.0983887 ms - Host latency: 0.0983887 ms (enqueue 0.0822022 ms)
[02/27/2026-11:10:14] [I] Average on 10 runs - GPU latency: 0.100073 ms - Host latency: 0.100073 ms (enqueue 0.0837891 ms)
[02/27/2026-11:10:14] [I] Average on 10 runs - GPU latency: 0.0983643 ms - Host latency: 0.0983643 ms (enqueue 0.0825439 ms)
[02/27/2026-11:10:14] [I] Average on 10 runs - GPU latency: 0.101953 ms - Host latency: 0.101953 ms (enqueue 0.0849609 ms)
[02/27/2026-11:10:14] [I] Average on 10 runs - GPU latency: 0.0994141 ms - Host latency: 0.0994141 ms (enqueue 0.0831299 ms)
[02/27/2026-11:10:14] [I] Average on 10 runs - GPU latency: 0.100049 ms - Host latency: 0.100049 ms (enqueue 0.0841553 ms)
[02/27/2026-11:10:14] [I] Average on 10 runs - GPU latency: 0.0977783 ms - Host latency: 0.0977783 ms (enqueue 0.081958 ms)
[02/27/2026-11:10:14] [I] Average on 10 runs - GPU latency: 0.0999512 ms - Host latency: 0.0999512 ms (enqueue 0.0838867 ms)
[02/27/2026-11:10:14] [I] Average on 10 runs - GPU latency: 0.097876 ms - Host latency: 0.097876 ms (enqueue 0.081958 ms)
[02/27/2026-11:10:14] [I] Average on 10 runs - GPU latency: 0.0985352 ms - Host latency: 0.0985352 ms (enqueue 0.0823486 ms)
[02/27/2026-11:10:14] [I] Average on 10 runs - GPU latency: 0.0979004 ms - Host latency: 0.0979004 ms (enqueue 0.0820801 ms)
[02/27/2026-11:10:14] [I] Average on 10 runs - GPU latency: 0.10022 ms - Host latency: 0.10022 ms (enqueue 0.0844482 ms)
[02/27/2026-11:10:14] [I] Average on 10 runs - GPU latency: 0.101367 ms - Host latency: 0.101367 ms (enqueue 0.0843506 ms)
[02/27/2026-11:10:14] [I] Average on 10 runs - GPU latency: 0.0995117 ms - Host latency: 0.0995117 ms (enqueue 0.0830566 ms)
[02/27/2026-11:10:14] [I] Average on 10 runs - GPU latency: 0.0992187 ms - Host latency: 0.0992187 ms (enqueue 0.0827881 ms)
[02/27/2026-11:10:14] [I] Average on 10 runs - GPU latency: 0.100415 ms - Host latency: 0.100415 ms (enqueue 0.0845703 ms)
[02/27/2026-11:10:14] [I] Average on 10 runs - GPU latency: 0.0976074 ms - Host latency: 0.0976074 ms (enqueue 0.0820312 ms)
[02/27/2026-11:10:14] [I] Average on 10 runs - GPU latency: 0.0979248 ms - Host latency: 0.0979248 ms (enqueue 0.0820557 ms)
[02/27/2026-11:10:14] [I] Average on 10 runs - GPU latency: 0.0976318 ms - Host latency: 0.0976318 ms (enqueue 0.082251 ms)
[02/27/2026-11:10:14] [I] Average on 10 runs - GPU latency: 0.101978 ms - Host latency: 0.101978 ms (enqueue 0.0868408 ms)
[02/27/2026-11:10:14] [I] Average on 10 runs - GPU latency: 0.0995361 ms - Host latency: 0.0995361 ms (enqueue 0.083667 ms)
[02/27/2026-11:10:14] [I] Average on 10 runs - GPU latency: 0.0992432 ms - Host latency: 0.0992432 ms (enqueue 0.0832031 ms)
[02/27/2026-11:10:14] [I] Average on 10 runs - GPU latency: 0.0984131 ms - Host latency: 0.0984131 ms (enqueue 0.0827637 ms)
[02/27/2026-11:10:14] [I] Average on 10 runs - GPU latency: 0.100684 ms - Host latency: 0.100684 ms (enqueue 0.085791 ms)
[02/27/2026-11:10:14] [I] Average on 10 runs - GPU latency: 0.100391 ms - Host latency: 0.100391 ms (enqueue 0.083374 ms)
[02/27/2026-11:10:14] [I] Average on 10 runs - GPU latency: 0.0976807 ms - Host latency: 0.0976807 ms (enqueue 0.0824463 ms)
[02/27/2026-11:10:14] [I] Average on 10 runs - GPU latency: 0.0982422 ms - Host latency: 0.0982422 ms (enqueue 0.0828857 ms)
[02/27/2026-11:10:14] [I] Average on 10 runs - GPU latency: 0.101611 ms - Host latency: 0.101611 ms (enqueue 0.0846924 ms)
[02/27/2026-11:10:14] [I] Average on 10 runs - GPU latency: 0.0984375 ms - Host latency: 0.0984375 ms (enqueue 0.0829834 ms)
[02/27/2026-11:10:14] [I] Average on 10 runs - GPU latency: 0.0977295 ms - Host latency: 0.0977295 ms (enqueue 0.0821289 ms)
[02/27/2026-11:10:14] [I] Average on 10 runs - GPU latency: 0.0986816 ms - Host latency: 0.0986816 ms (enqueue 0.0823242 ms)
[02/27/2026-11:10:14] [I] Average on 10 runs - GPU latency: 0.0997314 ms - Host latency: 0.0997314 ms (enqueue 0.0848145 ms)
[02/27/2026-11:10:14] [I] Average on 10 runs - GPU latency: 0.0990967 ms - Host latency: 0.0990967 ms (enqueue 0.0828857 ms)
[02/27/2026-11:10:14] [I] Average on 10 runs - GPU latency: 0.0995605 ms - Host latency: 0.0995605 ms (enqueue 0.083374 ms)
[02/27/2026-11:10:14] [I] Average on 10 runs - GPU latency: 0.0984619 ms - Host latency: 0.0984619 ms (enqueue 0.0828369 ms)
[02/27/2026-11:10:14] [I] Average on 10 runs - GPU latency: 0.102026 ms - Host latency: 0.102026 ms (enqueue 0.0859863 ms)
[02/27/2026-11:10:14] [I] Average on 10 runs - GPU latency: 0.0998779 ms - Host latency: 0.0998779 ms (enqueue 0.0836426 ms)
[02/27/2026-11:10:14] [I] Average on 10 runs - GPU latency: 0.0992432 ms - Host latency: 0.0992432 ms (enqueue 0.0832275 ms)
[02/27/2026-11:10:14] [I] Average on 10 runs - GPU latency: 0.0988037 ms - Host latency: 0.0988037 ms (enqueue 0.0823975 ms)
[02/27/2026-11:10:14] [I] Average on 10 runs - GPU latency: 0.100684 ms - Host latency: 0.100684 ms (enqueue 0.0850586 ms)
[02/27/2026-11:10:14] [I] Average on 10 runs - GPU latency: 0.0966064 ms - Host latency: 0.0966064 ms (enqueue 0.0815918 ms)
[02/27/2026-11:10:14] [I] Average on 10 runs - GPU latency: 0.0961914 ms - Host latency: 0.0961914 ms (enqueue 0.0810303 ms)
[02/27/2026-11:10:14] [I] Average on 10 runs - GPU latency: 0.0967773 ms - Host latency: 0.0967773 ms (enqueue 0.0810303 ms)
[02/27/2026-11:10:14] [I] Average on 10 runs - GPU latency: 0.0989014 ms - Host latency: 0.0989014 ms (enqueue 0.0840332 ms)
[02/27/2026-11:10:14] [I] Average on 10 runs - GPU latency: 0.0981934 ms - Host latency: 0.0981934 ms (enqueue 0.0821533 ms)
[02/27/2026-11:10:14] [I] Average on 10 runs - GPU latency: 0.0972168 ms - Host latency: 0.0972168 ms (enqueue 0.081665 ms)
[02/27/2026-11:10:14] [I] Average on 10 runs - GPU latency: 0.0972412 ms - Host latency: 0.0972412 ms (enqueue 0.0814941 ms)
[02/27/2026-11:10:14] [I] Average on 10 runs - GPU latency: 0.100293 ms - Host latency: 0.100293 ms (enqueue 0.0848877 ms)
[02/27/2026-11:10:14] [I] Average on 10 runs - GPU latency: 0.0983643 ms - Host latency: 0.0983643 ms (enqueue 0.0823486 ms)
[02/27/2026-11:10:14] [I] Average on 10 runs - GPU latency: 0.0962158 ms - Host latency: 0.0962158 ms (enqueue 0.0809326 ms)
[02/27/2026-11:10:14] [I] Average on 10 runs - GPU latency: 0.0973633 ms - Host latency: 0.0973633 ms (enqueue 0.0824463 ms)
[02/27/2026-11:10:14] [I] Average on 10 runs - GPU latency: 0.104321 ms - Host latency: 0.104321 ms (enqueue 0.0883789 ms)
[02/27/2026-11:10:14] [I] Average on 10 runs - GPU latency: 0.0981201 ms - Host latency: 0.0981201 ms (enqueue 0.0825684 ms)
[02/27/2026-11:10:14] [I] Average on 10 runs - GPU latency: 0.0981201 ms - Host latency: 0.0981201 ms (enqueue 0.0820801 ms)
[02/27/2026-11:10:14] [I] Average on 10 runs - GPU latency: 0.0981445 ms - Host latency: 0.0981445 ms (enqueue 0.0822998 ms)
[02/27/2026-11:10:14] [I] Average on 10 runs - GPU latency: 0.100391 ms - Host latency: 0.100391 ms (enqueue 0.0834717 ms)
[02/27/2026-11:10:14] [I] Average on 10 runs - GPU latency: 0.0980713 ms - Host latency: 0.0980713 ms (enqueue 0.0824951 ms)
[02/27/2026-11:10:14] [I] Average on 10 runs - GPU latency: 0.0987793 ms - Host latency: 0.0987793 ms (enqueue 0.0827637 ms)
[02/27/2026-11:10:14] [I] Average on 10 runs - GPU latency: 0.101611 ms - Host latency: 0.101611 ms (enqueue 0.0864258 ms)
[02/27/2026-11:10:14] [I] Average on 10 runs - GPU latency: 0.100073 ms - Host latency: 0.100073 ms (enqueue 0.0835693 ms)
[02/27/2026-11:10:14] [I] Average on 10 runs - GPU latency: 0.100684 ms - Host latency: 0.100684 ms (enqueue 0.0848877 ms)
[02/27/2026-11:10:14] [I] Average on 10 runs - GPU latency: 0.10022 ms - Host latency: 0.10022 ms (enqueue 0.0838135 ms)
[02/27/2026-11:10:14] [I] Average on 10 runs - GPU latency: 0.101147 ms - Host latency: 0.101147 ms (enqueue 0.0859375 ms)
[02/27/2026-11:10:14] [I] Average on 10 runs - GPU latency: 0.0987061 ms - Host latency: 0.0987061 ms (enqueue 0.0821533 ms)
[02/27/2026-11:10:14] [I] Average on 10 runs - GPU latency: 0.0977051 ms - Host latency: 0.0977051 ms (enqueue 0.0817871 ms)
[02/27/2026-11:10:14] [I] Average on 10 runs - GPU latency: 0.0992676 ms - Host latency: 0.0992676 ms (enqueue 0.0833252 ms)
[02/27/2026-11:10:14] [I] Average on 10 runs - GPU latency: 0.10166 ms - Host latency: 0.10166 ms (enqueue 0.0864014 ms)
[02/27/2026-11:10:14] [I] Average on 10 runs - GPU latency: 0.0997559 ms - Host latency: 0.0997559 ms (enqueue 0.0834473 ms)
[02/27/2026-11:10:14] [I] Average on 10 runs - GPU latency: 0.0996826 ms - Host latency: 0.0996826 ms (enqueue 0.0836914 ms)
[02/27/2026-11:10:14] [I] Average on 10 runs - GPU latency: 0.101831 ms - Host latency: 0.101831 ms (enqueue 0.0846924 ms)
[02/27/2026-11:10:14] [I] Average on 10 runs - GPU latency: 0.102002 ms - Host latency: 0.102002 ms (enqueue 0.0841064 ms)
[02/27/2026-11:10:14] [I] Average on 10 runs - GPU latency: 0.0973633 ms - Host latency: 0.0973633 ms (enqueue 0.0820312 ms)
[02/27/2026-11:10:14] [I] Average on 10 runs - GPU latency: 0.0976074 ms - Host latency: 0.0976074 ms (enqueue 0.0814941 ms)
[02/27/2026-11:10:14] [I] Average on 10 runs - GPU latency: 0.0977295 ms - Host latency: 0.0977295 ms (enqueue 0.082251 ms)
[02/27/2026-11:10:14] [I] Average on 10 runs - GPU latency: 0.100195 ms - Host latency: 0.100195 ms (enqueue 0.0843262 ms)
[02/27/2026-11:10:14] [I] Average on 10 runs - GPU latency: 0.0995605 ms - Host latency: 0.0995605 ms (enqueue 0.0842041 ms)
[02/27/2026-11:10:14] [I] Average on 10 runs - GPU latency: 0.0980469 ms - Host latency: 0.0980469 ms (enqueue 0.0821289 ms)
[02/27/2026-11:10:14] [I] Average on 10 runs - GPU latency: 0.0979004 ms - Host latency: 0.0979004 ms (enqueue 0.0826416 ms)
[02/27/2026-11:10:14] [I] Average on 10 runs - GPU latency: 0.0999268 ms - Host latency: 0.0999268 ms (enqueue 0.0844971 ms)
[02/27/2026-11:10:14] [I] Average on 10 runs - GPU latency: 0.0996826 ms - Host latency: 0.0996826 ms (enqueue 0.0845215 ms)
[02/27/2026-11:10:14] [I] Average on 10 runs - GPU latency: 0.102612 ms - Host latency: 0.102612 ms (enqueue 0.0861816 ms)
[02/27/2026-11:10:14] [I] Average on 10 runs - GPU latency: 0.101611 ms - Host latency: 0.101611 ms (enqueue 0.0839844 ms)
[02/27/2026-11:10:14] [I] Average on 10 runs - GPU latency: 0.101831 ms - Host latency: 0.101831 ms (enqueue 0.0859375 ms)
[02/27/2026-11:10:14] [I] Average on 10 runs - GPU latency: 0.100659 ms - Host latency: 0.100659 ms (enqueue 0.0846924 ms)
[02/27/2026-11:10:14] [I] Average on 10 runs - GPU latency: 0.0981689 ms - Host latency: 0.0981689 ms (enqueue 0.0827881 ms)
[02/27/2026-11:10:14] [I] Average on 10 runs - GPU latency: 0.098999 ms - Host latency: 0.098999 ms (enqueue 0.0826172 ms)
[02/27/2026-11:10:14] [I] Average on 10 runs - GPU latency: 0.0998291 ms - Host latency: 0.0998291 ms (enqueue 0.0852783 ms)
[02/27/2026-11:10:14] [I] Average on 10 runs - GPU latency: 0.0984619 ms - Host latency: 0.0984619 ms (enqueue 0.0827881 ms)
[02/27/2026-11:10:14] [I] Average on 10 runs - GPU latency: 0.0986816 ms - Host latency: 0.0986816 ms (enqueue 0.0827148 ms)
[02/27/2026-11:10:14] [I] Average on 10 runs - GPU latency: 0.0981445 ms - Host latency: 0.0981445 ms (enqueue 0.0824707 ms)
[02/27/2026-11:10:14] [I] Average on 10 runs - GPU latency: 0.102759 ms - Host latency: 0.102759 ms (enqueue 0.0874268 ms)
[02/27/2026-11:10:14] [I] Average on 10 runs - GPU latency: 0.0989014 ms - Host latency: 0.0989014 ms (enqueue 0.0828613 ms)
[02/27/2026-11:10:14] [I] Average on 10 runs - GPU latency: 0.100317 ms - Host latency: 0.100317 ms (enqueue 0.0837891 ms)
[02/27/2026-11:10:14] [I] Average on 10 runs - GPU latency: 0.0974121 ms - Host latency: 0.0974121 ms (enqueue 0.0822754 ms)
[02/27/2026-11:10:14] [I] Average on 10 runs - GPU latency: 0.100269 ms - Host latency: 0.100269 ms (enqueue 0.0848145 ms)
[02/27/2026-11:10:14] [I] Average on 10 runs - GPU latency: 0.0977051 ms - Host latency: 0.0977051 ms (enqueue 0.0824707 ms)
[02/27/2026-11:10:14] [I] Average on 10 runs - GPU latency: 0.0994873 ms - Host latency: 0.0994873 ms (enqueue 0.0831299 ms)
[02/27/2026-11:10:14] [I] Average on 10 runs - GPU latency: 0.099585 ms - Host latency: 0.099585 ms (enqueue 0.0833008 ms)
[02/27/2026-11:10:14] [I] Average on 10 runs - GPU latency: 0.101001 ms - Host latency: 0.101001 ms (enqueue 0.0844971 ms)
[02/27/2026-11:10:14] [I] Average on 10 runs - GPU latency: 0.0973145 ms - Host latency: 0.0973145 ms (enqueue 0.081543 ms)
[02/27/2026-11:10:14] [I] Average on 10 runs - GPU latency: 0.0991211 ms - Host latency: 0.0991211 ms (enqueue 0.0828125 ms)
[02/27/2026-11:10:14] [I] Average on 10 runs - GPU latency: 0.0993408 ms - Host latency: 0.0993408 ms (enqueue 0.083252 ms)
[02/27/2026-11:10:14] [I] Average on 10 runs - GPU latency: 0.099585 ms - Host latency: 0.099585 ms (enqueue 0.0844482 ms)
[02/27/2026-11:10:14] [I] Average on 10 runs - GPU latency: 0.100049 ms - Host latency: 0.100049 ms (enqueue 0.0835205 ms)
[02/27/2026-11:10:14] [I] Average on 10 runs - GPU latency: 0.100098 ms - Host latency: 0.100098 ms (enqueue 0.0837891 ms)
[02/27/2026-11:10:14] [I] Average on 10 runs - GPU latency: 0.0996582 ms - Host latency: 0.0996582 ms (enqueue 0.0835449 ms)
[02/27/2026-11:10:14] [I] Average on 10 runs - GPU latency: 0.101123 ms - Host latency: 0.101123 ms (enqueue 0.0840332 ms)
[02/27/2026-11:10:14] [I] Average on 10 runs - GPU latency: 0.0994141 ms - Host latency: 0.0994141 ms (enqueue 0.0832275 ms)
[02/27/2026-11:10:14] [I] Average on 10 runs - GPU latency: 0.0968994 ms - Host latency: 0.0968994 ms (enqueue 0.0814941 ms)
[02/27/2026-11:10:14] [I] Average on 10 runs - GPU latency: 0.0977539 ms - Host latency: 0.0977539 ms (enqueue 0.0823975 ms)
[02/27/2026-11:10:14] [I] Average on 10 runs - GPU latency: 0.0997314 ms - Host latency: 0.0997314 ms (enqueue 0.0850586 ms)
[02/27/2026-11:10:14] [I] Average on 10 runs - GPU latency: 0.099292 ms - Host latency: 0.099292 ms (enqueue 0.083667 ms)
[02/27/2026-11:10:14] [I] Average on 10 runs - GPU latency: 0.0989258 ms - Host latency: 0.0989258 ms (enqueue 0.0827881 ms)
[02/27/2026-11:10:14] [I] Average on 10 runs - GPU latency: 0.0982178 ms - Host latency: 0.0982178 ms (enqueue 0.082373 ms)
[02/27/2026-11:10:14] [I] Average on 10 runs - GPU latency: 0.100391 ms - Host latency: 0.100391 ms (enqueue 0.084668 ms)
[02/27/2026-11:10:14] [I] Average on 10 runs - GPU latency: 0.100854 ms - Host latency: 0.100854 ms (enqueue 0.0839844 ms)
[02/27/2026-11:10:14] [I] Average on 10 runs - GPU latency: 0.0977539 ms - Host latency: 0.0977539 ms (enqueue 0.0825928 ms)
[02/27/2026-11:10:14] [I] Average on 10 runs - GPU latency: 0.097168 ms - Host latency: 0.097168 ms (enqueue 0.0810791 ms)
[02/27/2026-11:10:14] [I] Average on 10 runs - GPU latency: 0.10022 ms - Host latency: 0.10022 ms (enqueue 0.0834229 ms)
[02/27/2026-11:10:14] [I] Average on 10 runs - GPU latency: 0.0958496 ms - Host latency: 0.0958496 ms (enqueue 0.0807617 ms)
[02/27/2026-11:10:14] [I] Average on 10 runs - GPU latency: 0.0979248 ms - Host latency: 0.0979248 ms (enqueue 0.082373 ms)
[02/27/2026-11:10:14] [I] Average on 10 runs - GPU latency: 0.0978027 ms - Host latency: 0.0978027 ms (enqueue 0.0820068 ms)
[02/27/2026-11:10:14] [I] Average on 10 runs - GPU latency: 0.101709 ms - Host latency: 0.101709 ms (enqueue 0.0847412 ms)
[02/27/2026-11:10:14] [I] Average on 10 runs - GPU latency: 0.098877 ms - Host latency: 0.098877 ms (enqueue 0.0830566 ms)
[02/27/2026-11:10:14] [I] Average on 10 runs - GPU latency: 0.100098 ms - Host latency: 0.100098 ms (enqueue 0.0840576 ms)
[02/27/2026-11:10:14] [I] Average on 10 runs - GPU latency: 0.0986084 ms - Host latency: 0.0986084 ms (enqueue 0.0826416 ms)
[02/27/2026-11:10:14] [I] Average on 10 runs - GPU latency: 0.103247 ms - Host latency: 0.103247 ms (enqueue 0.0865234 ms)
[02/27/2026-11:10:14] [I] Average on 10 runs - GPU latency: 0.0979248 ms - Host latency: 0.0979248 ms (enqueue 0.0824707 ms)
[02/27/2026-11:10:14] [I] Average on 10 runs - GPU latency: 0.0990723 ms - Host latency: 0.0990723 ms (enqueue 0.0828857 ms)
[02/27/2026-11:10:14] [I] Average on 10 runs - GPU latency: 0.098291 ms - Host latency: 0.098291 ms (enqueue 0.0843506 ms)
[02/27/2026-11:10:14] [I] Average on 10 runs - GPU latency: 0.0997314 ms - Host latency: 0.0997314 ms (enqueue 0.0828125 ms)
[02/27/2026-11:10:14] [I] Average on 10 runs - GPU latency: 0.0976562 ms - Host latency: 0.0976562 ms (enqueue 0.0824707 ms)
[02/27/2026-11:10:14] [I] Average on 10 runs - GPU latency: 0.098584 ms - Host latency: 0.098584 ms (enqueue 0.0830322 ms)
[02/27/2026-11:10:14] [I] Average on 10 runs - GPU latency: 0.0997314 ms - Host latency: 0.0997314 ms (enqueue 0.0848633 ms)
[02/27/2026-11:10:14] [I] Average on 10 runs - GPU latency: 0.0994873 ms - Host latency: 0.0994873 ms (enqueue 0.0828125 ms)
[02/27/2026-11:10:14] [I] Average on 10 runs - GPU latency: 0.0983643 ms - Host latency: 0.0983643 ms (enqueue 0.0827393 ms)
[02/27/2026-11:10:14] [I] Average on 10 runs - GPU latency: 0.0990723 ms - Host latency: 0.0990723 ms (enqueue 0.0835693 ms)
[02/27/2026-11:10:14] [I] Average on 10 runs - GPU latency: 0.100977 ms - Host latency: 0.100977 ms (enqueue 0.0837891 ms)
[02/27/2026-11:10:14] [I] Average on 10 runs - GPU latency: 0.101245 ms - Host latency: 0.101245 ms (enqueue 0.0842529 ms)
[02/27/2026-11:10:14] [I] Average on 10 runs - GPU latency: 0.0983887 ms - Host latency: 0.0983887 ms (enqueue 0.0828125 ms)
[02/27/2026-11:10:14] [I] Average on 10 runs - GPU latency: 0.0979736 ms - Host latency: 0.0979736 ms (enqueue 0.0824951 ms)
[02/27/2026-11:10:14] [I] Average on 10 runs - GPU latency: 0.100635 ms - Host latency: 0.100635 ms (enqueue 0.0855957 ms)
[02/27/2026-11:10:14] [I] Average on 10 runs - GPU latency: 0.0983643 ms - Host latency: 0.0983643 ms (enqueue 0.0822022 ms)
[02/27/2026-11:10:14] [I] Average on 10 runs - GPU latency: 0.0979248 ms - Host latency: 0.0979248 ms (enqueue 0.0821777 ms)
[02/27/2026-11:10:14] [I] Average on 10 runs - GPU latency: 0.0986084 ms - Host latency: 0.0986084 ms (enqueue 0.0833252 ms)
[02/27/2026-11:10:14] [I] Average on 10 runs - GPU latency: 0.1 ms - Host latency: 0.1 ms (enqueue 0.0842773 ms)
[02/27/2026-11:10:14] [I] Average on 10 runs - GPU latency: 0.097998 ms - Host latency: 0.097998 ms (enqueue 0.0828125 ms)
[02/27/2026-11:10:14] [I] Average on 10 runs - GPU latency: 0.098999 ms - Host latency: 0.098999 ms (enqueue 0.0825684 ms)
[02/27/2026-11:10:14] [I] Average on 10 runs - GPU latency: 0.0976074 ms - Host latency: 0.0976074 ms (enqueue 0.0825439 ms)
[02/27/2026-11:10:14] [I] Average on 10 runs - GPU latency: 0.101538 ms - Host latency: 0.101538 ms (enqueue 0.0861328 ms)
[02/27/2026-11:10:14] [I] Average on 10 runs - GPU latency: 0.0983398 ms - Host latency: 0.0983398 ms (enqueue 0.0825928 ms)
[02/27/2026-11:10:14] [I] Average on 10 runs - GPU latency: 0.0985352 ms - Host latency: 0.0985352 ms (enqueue 0.0827148 ms)
[02/27/2026-11:10:14] [I] Average on 10 runs - GPU latency: 0.097998 ms - Host latency: 0.097998 ms (enqueue 0.0824951 ms)
[02/27/2026-11:10:14] [I] Average on 10 runs - GPU latency: 0.101807 ms - Host latency: 0.101807 ms (enqueue 0.0858643 ms)
[02/27/2026-11:10:14] [I] Average on 10 runs - GPU latency: 0.0982422 ms - Host latency: 0.0982422 ms (enqueue 0.0828369 ms)
[02/27/2026-11:10:14] [I] Average on 10 runs - GPU latency: 0.0973145 ms - Host latency: 0.0973145 ms (enqueue 0.081665 ms)
[02/27/2026-11:10:14] [I] Average on 10 runs - GPU latency: 0.0978272 ms - Host latency: 0.0978272 ms (enqueue 0.082666 ms)
[02/27/2026-11:10:14] [I] Average on 10 runs - GPU latency: 0.103711 ms - Host latency: 0.103711 ms (enqueue 0.0881592 ms)
[02/27/2026-11:10:14] [I] Average on 10 runs - GPU latency: 0.0978516 ms - Host latency: 0.0978516 ms (enqueue 0.0822754 ms)
[02/27/2026-11:10:14] [I] Average on 10 runs - GPU latency: 0.0984619 ms - Host latency: 0.0984619 ms (enqueue 0.0822754 ms)
[02/27/2026-11:10:14] [I] Average on 10 runs - GPU latency: 0.0992432 ms - Host latency: 0.0992432 ms (enqueue 0.0831787 ms)
[02/27/2026-11:10:14] [I] Average on 10 runs - GPU latency: 0.0999023 ms - Host latency: 0.0999023 ms (enqueue 0.0844238 ms)
[02/27/2026-11:10:14] [I] Average on 10 runs - GPU latency: 0.0984619 ms - Host latency: 0.0984619 ms (enqueue 0.0827881 ms)
[02/27/2026-11:10:14] [I] Average on 10 runs - GPU latency: 0.0982422 ms - Host latency: 0.0982422 ms (enqueue 0.082251 ms)
[02/27/2026-11:10:14] [I] Average on 10 runs - GPU latency: 0.0979248 ms - Host latency: 0.0979248 ms (enqueue 0.0821045 ms)
[02/27/2026-11:10:14] [I] Average on 10 runs - GPU latency: 0.0995117 ms - Host latency: 0.0995117 ms (enqueue 0.0839111 ms)
[02/27/2026-11:10:14] [I] Average on 10 runs - GPU latency: 0.0981934 ms - Host latency: 0.0981934 ms (enqueue 0.0824707 ms)
[02/27/2026-11:10:14] [I] Average on 10 runs - GPU latency: 0.0974609 ms - Host latency: 0.0974609 ms (enqueue 0.0812988 ms)
[02/27/2026-11:10:14] [I] Average on 10 runs - GPU latency: 0.0983398 ms - Host latency: 0.0983398 ms (enqueue 0.0825928 ms)
[02/27/2026-11:10:14] [I] Average on 10 runs - GPU latency: 0.101099 ms - Host latency: 0.101099 ms (enqueue 0.0855469 ms)
[02/27/2026-11:10:14] [I] Average on 10 runs - GPU latency: 0.0972168 ms - Host latency: 0.0972168 ms (enqueue 0.0816162 ms)
[02/27/2026-11:10:14] [I] Average on 10 runs - GPU latency: 0.0970947 ms - Host latency: 0.0970947 ms (enqueue 0.0817139 ms)
[02/27/2026-11:10:14] [I] Average on 10 runs - GPU latency: 0.0988525 ms - Host latency: 0.0988525 ms (enqueue 0.0826416 ms)
[02/27/2026-11:10:14] [I] Average on 10 runs - GPU latency: 0.10083 ms - Host latency: 0.10083 ms (enqueue 0.0834961 ms)
[02/27/2026-11:10:14] [I] Average on 10 runs - GPU latency: 0.0981934 ms - Host latency: 0.0981934 ms (enqueue 0.0820557 ms)
[02/27/2026-11:10:14] [I] Average on 10 runs - GPU latency: 0.0973877 ms - Host latency: 0.0973877 ms (enqueue 0.0822998 ms)
[02/27/2026-11:10:14] [I] Average on 10 runs - GPU latency: 0.0980225 ms - Host latency: 0.0980225 ms (enqueue 0.0822998 ms)
[02/27/2026-11:10:14] [I] Average on 10 runs - GPU latency: 0.099707 ms - Host latency: 0.099707 ms (enqueue 0.084668 ms)
[02/27/2026-11:10:14] [I] Average on 10 runs - GPU latency: 0.0980713 ms - Host latency: 0.0980713 ms (enqueue 0.0823486 ms)
[02/27/2026-11:10:14] [I] Average on 10 runs - GPU latency: 0.0968018 ms - Host latency: 0.0968018 ms (enqueue 0.0815918 ms)
[02/27/2026-11:10:14] [I] Average on 10 runs - GPU latency: 0.0984375 ms - Host latency: 0.0984375 ms (enqueue 0.0834229 ms)
[02/27/2026-11:10:14] [I] Average on 10 runs - GPU latency: 0.101489 ms - Host latency: 0.101489 ms (enqueue 0.0861816 ms)
[02/27/2026-11:10:14] [I] Average on 10 runs - GPU latency: 0.0984131 ms - Host latency: 0.0984131 ms (enqueue 0.0820068 ms)
[02/27/2026-11:10:14] [I] Average on 10 runs - GPU latency: 0.098999 ms - Host latency: 0.098999 ms (enqueue 0.0829834 ms)
[02/27/2026-11:10:14] [I] Average on 10 runs - GPU latency: 0.0995117 ms - Host latency: 0.0995117 ms (enqueue 0.0833496 ms)
[02/27/2026-11:10:14] [I] Average on 10 runs - GPU latency: 0.101001 ms - Host latency: 0.101001 ms (enqueue 0.084375 ms)
[02/27/2026-11:10:14] [I] Average on 10 runs - GPU latency: 0.0992676 ms - Host latency: 0.0992676 ms (enqueue 0.0832275 ms)
[02/27/2026-11:10:14] [I] Average on 10 runs - GPU latency: 0.0990723 ms - Host latency: 0.0990723 ms (enqueue 0.08396 ms)
[02/27/2026-11:10:14] [I] Average on 10 runs - GPU latency: 0.0995361 ms - Host latency: 0.0995361 ms (enqueue 0.0834717 ms)
[02/27/2026-11:10:14] [I] Average on 10 runs - GPU latency: 0.1021 ms - Host latency: 0.1021 ms (enqueue 0.0864014 ms)
[02/27/2026-11:10:14] [I] Average on 10 runs - GPU latency: 0.0975342 ms - Host latency: 0.0975342 ms (enqueue 0.081665 ms)
[02/27/2026-11:10:14] [I] Average on 10 runs - GPU latency: 0.0972412 ms - Host latency: 0.0972412 ms (enqueue 0.0817383 ms)
[02/27/2026-11:10:14] [I] Average on 10 runs - GPU latency: 0.0975342 ms - Host latency: 0.0975342 ms (enqueue 0.0821533 ms)
[02/27/2026-11:10:14] [I] Average on 10 runs - GPU latency: 0.102051 ms - Host latency: 0.102051 ms (enqueue 0.0856201 ms)
[02/27/2026-11:10:14] [I] Average on 10 runs - GPU latency: 0.0995605 ms - Host latency: 0.0995605 ms (enqueue 0.0837646 ms)
[02/27/2026-11:10:14] [I] Average on 10 runs - GPU latency: 0.0993896 ms - Host latency: 0.0993896 ms (enqueue 0.083252 ms)
[02/27/2026-11:10:14] [I] Average on 10 runs - GPU latency: 0.0989014 ms - Host latency: 0.0989014 ms (enqueue 0.0826172 ms)
[02/27/2026-11:10:14] [I] Average on 10 runs - GPU latency: 0.0996826 ms - Host latency: 0.0996826 ms (enqueue 0.0843506 ms)
[02/27/2026-11:10:14] [I] Average on 10 runs - GPU latency: 0.0993896 ms - Host latency: 0.0993896 ms (enqueue 0.082666 ms)
[02/27/2026-11:10:14] [I] Average on 10 runs - GPU latency: 0.0977051 ms - Host latency: 0.0977051 ms (enqueue 0.0827637 ms)
[02/27/2026-11:10:14] [I] Average on 10 runs - GPU latency: 0.0979248 ms - Host latency: 0.0979248 ms (enqueue 0.0819092 ms)
[02/27/2026-11:10:14] [I] Average on 10 runs - GPU latency: 0.100781 ms - Host latency: 0.100781 ms (enqueue 0.0851318 ms)
[02/27/2026-11:10:14] [I] Average on 10 runs - GPU latency: 0.0970947 ms - Host latency: 0.0970947 ms (enqueue 0.0813721 ms)
[02/27/2026-11:10:14] [I] Average on 10 runs - GPU latency: 0.0966553 ms - Host latency: 0.0966553 ms (enqueue 0.0810303 ms)
[02/27/2026-11:10:14] [I] Average on 10 runs - GPU latency: 0.0962891 ms - Host latency: 0.0962891 ms (enqueue 0.0808105 ms)
[02/27/2026-11:10:14] [I] Average on 10 runs - GPU latency: 0.0990479 ms - Host latency: 0.0990479 ms (enqueue 0.0842773 ms)
[02/27/2026-11:10:14] [I] Average on 10 runs - GPU latency: 0.0992187 ms - Host latency: 0.0992187 ms (enqueue 0.0822022 ms)
[02/27/2026-11:10:14] [I] Average on 10 runs - GPU latency: 0.100269 ms - Host latency: 0.100269 ms (enqueue 0.0847412 ms)
[02/27/2026-11:10:14] [I] Average on 10 runs - GPU latency: 0.0985107 ms - Host latency: 0.0985107 ms (enqueue 0.0829102 ms)
[02/27/2026-11:10:14] [I] Average on 10 runs - GPU latency: 0.100854 ms - Host latency: 0.100854 ms (enqueue 0.0837158 ms)
[02/27/2026-11:10:14] [I] Average on 10 runs - GPU latency: 0.0986328 ms - Host latency: 0.0986328 ms (enqueue 0.0827393 ms)
[02/27/2026-11:10:14] [I] Average on 10 runs - GPU latency: 0.0972656 ms - Host latency: 0.0972656 ms (enqueue 0.0818848 ms)
[02/27/2026-11:10:14] [I] Average on 10 runs - GPU latency: 0.0991455 ms - Host latency: 0.0991455 ms (enqueue 0.0830322 ms)
[02/27/2026-11:10:14] [I] Average on 10 runs - GPU latency: 0.101489 ms - Host latency: 0.101489 ms (enqueue 0.0864502 ms)
[02/27/2026-11:10:14] [I] Average on 10 runs - GPU latency: 0.0995117 ms - Host latency: 0.0995117 ms (enqueue 0.0832275 ms)
[02/27/2026-11:10:14] [I] Average on 10 runs - GPU latency: 0.0989258 ms - Host latency: 0.0989258 ms (enqueue 0.0828857 ms)
[02/27/2026-11:10:14] [I] Average on 10 runs - GPU latency: 0.0987061 ms - Host latency: 0.0987061 ms (enqueue 0.0826172 ms)
[02/27/2026-11:10:14] [I] Average on 10 runs - GPU latency: 0.102002 ms - Host latency: 0.102002 ms (enqueue 0.0846191 ms)
[02/27/2026-11:10:14] [I] Average on 10 runs - GPU latency: 0.0973633 ms - Host latency: 0.0973633 ms (enqueue 0.0820312 ms)
[02/27/2026-11:10:14] [I] Average on 10 runs - GPU latency: 0.0968018 ms - Host latency: 0.0968018 ms (enqueue 0.0808838 ms)
[02/27/2026-11:10:14] [I] Average on 10 runs - GPU latency: 0.0996338 ms - Host latency: 0.0996338 ms (enqueue 0.0838867 ms)
[02/27/2026-11:10:14] [I] Average on 10 runs - GPU latency: 0.100854 ms - Host latency: 0.100854 ms (enqueue 0.0858887 ms)
[02/27/2026-11:10:14] [I] Average on 10 runs - GPU latency: 0.0988037 ms - Host latency: 0.0988037 ms (enqueue 0.0823486 ms)
[02/27/2026-11:10:14] [I] Average on 10 runs - GPU latency: 0.0977295 ms - Host latency: 0.0977295 ms (enqueue 0.0825195 ms)
[02/27/2026-11:10:14] [I] Average on 10 runs - GPU latency: 0.0983398 ms - Host latency: 0.0983398 ms (enqueue 0.0828125 ms)
[02/27/2026-11:10:14] [I] Average on 10 runs - GPU latency: 0.101367 ms - Host latency: 0.101367 ms (enqueue 0.085376 ms)
[02/27/2026-11:10:14] [I] Average on 10 runs - GPU latency: 0.0991455 ms - Host latency: 0.0991455 ms (enqueue 0.0831299 ms)
[02/27/2026-11:10:14] [I] Average on 10 runs - GPU latency: 0.0959717 ms - Host latency: 0.0959717 ms (enqueue 0.0816406 ms)
[02/27/2026-11:10:14] [I] Average on 10 runs - GPU latency: 0.0992432 ms - Host latency: 0.0992432 ms (enqueue 0.0827881 ms)
[02/27/2026-11:10:14] [I] Average on 10 runs - GPU latency: 0.101807 ms - Host latency: 0.101807 ms (enqueue 0.0855713 ms)
[02/27/2026-11:10:14] [I] Average on 10 runs - GPU latency: 0.0975586 ms - Host latency: 0.0975586 ms (enqueue 0.0822022 ms)
[02/27/2026-11:10:14] [I] Average on 10 runs - GPU latency: 0.0986572 ms - Host latency: 0.0986572 ms (enqueue 0.0824463 ms)
[02/27/2026-11:10:14] [I] Average on 10 runs - GPU latency: 0.0995361 ms - Host latency: 0.0995361 ms (enqueue 0.0833496 ms)
[02/27/2026-11:10:14] [I] Average on 10 runs - GPU latency: 0.103271 ms - Host latency: 0.103271 ms (enqueue 0.0880127 ms)
[02/27/2026-11:10:14] [I] Average on 10 runs - GPU latency: 0.0991699 ms - Host latency: 0.0991699 ms (enqueue 0.0832275 ms)
[02/27/2026-11:10:14] [I] Average on 10 runs - GPU latency: 0.0982666 ms - Host latency: 0.0982666 ms (enqueue 0.0829102 ms)
[02/27/2026-11:10:14] [I] Average on 10 runs - GPU latency: 0.100806 ms - Host latency: 0.100806 ms (enqueue 0.0864502 ms)
[02/27/2026-11:10:14] [I] Average on 10 runs - GPU latency: 0.0999512 ms - Host latency: 0.0999512 ms (enqueue 0.0830078 ms)
[02/27/2026-11:10:14] [I] Average on 10 runs - GPU latency: 0.0980469 ms - Host latency: 0.0980469 ms (enqueue 0.081958 ms)
[02/27/2026-11:10:14] [I] Average on 10 runs - GPU latency: 0.099292 ms - Host latency: 0.099292 ms (enqueue 0.0835693 ms)
[02/27/2026-11:10:14] [I] Average on 10 runs - GPU latency: 0.101562 ms - Host latency: 0.101562 ms (enqueue 0.0837646 ms)
[02/27/2026-11:10:14] [I] Average on 10 runs - GPU latency: 0.0967773 ms - Host latency: 0.0967773 ms (enqueue 0.0808105 ms)
[02/27/2026-11:10:14] [I] Average on 10 runs - GPU latency: 0.0980957 ms - Host latency: 0.0980957 ms (enqueue 0.082373 ms)
[02/27/2026-11:10:14] [I] Average on 10 runs - GPU latency: 0.0968262 ms - Host latency: 0.0968262 ms (enqueue 0.0815674 ms)
[02/27/2026-11:10:14] [I] Average on 10 runs - GPU latency: 0.100146 ms - Host latency: 0.100146 ms (enqueue 0.0835693 ms)
[02/27/2026-11:10:14] [I] Average on 10 runs - GPU latency: 0.101172 ms - Host latency: 0.101172 ms (enqueue 0.0841309 ms)
[02/27/2026-11:10:14] [I] Average on 10 runs - GPU latency: 0.0987061 ms - Host latency: 0.0987061 ms (enqueue 0.0834717 ms)
[02/27/2026-11:10:14] [I] Average on 10 runs - GPU latency: 0.0987061 ms - Host latency: 0.0987061 ms (enqueue 0.0833252 ms)
[02/27/2026-11:10:14] [I] Average on 10 runs - GPU latency: 0.100439 ms - Host latency: 0.100439 ms (enqueue 0.0852295 ms)
[02/27/2026-11:10:14] [I] Average on 10 runs - GPU latency: 0.099292 ms - Host latency: 0.099292 ms (enqueue 0.0833984 ms)
[02/27/2026-11:10:14] [I] Average on 10 runs - GPU latency: 0.101343 ms - Host latency: 0.101343 ms (enqueue 0.0845215 ms)
[02/27/2026-11:10:14] [I] Average on 10 runs - GPU latency: 0.10105 ms - Host latency: 0.10105 ms (enqueue 0.0838135 ms)
[02/27/2026-11:10:14] [I] Average on 10 runs - GPU latency: 0.102148 ms - Host latency: 0.102148 ms (enqueue 0.0865479 ms)
[02/27/2026-11:10:14] [I] Average on 10 runs - GPU latency: 0.0994141 ms - Host latency: 0.0994141 ms (enqueue 0.0829102 ms)
[02/27/2026-11:10:14] [I] Average on 10 runs - GPU latency: 0.0991211 ms - Host latency: 0.0991211 ms (enqueue 0.0836914 ms)
[02/27/2026-11:10:14] [I] Average on 10 runs - GPU latency: 0.0986816 ms - Host latency: 0.0986816 ms (enqueue 0.0830811 ms)
[02/27/2026-11:10:14] [I] Average on 10 runs - GPU latency: 0.100195 ms - Host latency: 0.100195 ms (enqueue 0.0841797 ms)
[02/27/2026-11:10:14] [I] Average on 10 runs - GPU latency: 0.098877 ms - Host latency: 0.098877 ms (enqueue 0.0829834 ms)
[02/27/2026-11:10:14] [I] Average on 10 runs - GPU latency: 0.0977295 ms - Host latency: 0.0977295 ms (enqueue 0.0817383 ms)
[02/27/2026-11:10:14] [I] Average on 10 runs - GPU latency: 0.0965576 ms - Host latency: 0.0965576 ms (enqueue 0.0814453 ms)
[02/27/2026-11:10:14] [I] Average on 10 runs - GPU latency: 0.100391 ms - Host latency: 0.100391 ms (enqueue 0.085376 ms)
[02/27/2026-11:10:14] [I] Average on 10 runs - GPU latency: 0.0979248 ms - Host latency: 0.0979248 ms (enqueue 0.0828125 ms)
[02/27/2026-11:10:14] [I] Average on 10 runs - GPU latency: 0.0981689 ms - Host latency: 0.0981689 ms (enqueue 0.0821777 ms)
[02/27/2026-11:10:14] [I] Average on 10 runs - GPU latency: 0.100317 ms - Host latency: 0.100317 ms (enqueue 0.0845947 ms)
[02/27/2026-11:10:14] [I] Average on 10 runs - GPU latency: 0.099585 ms - Host latency: 0.099585 ms (enqueue 0.0836914 ms)
[02/27/2026-11:10:14] [I] Average on 10 runs - GPU latency: 0.0995117 ms - Host latency: 0.0995117 ms (enqueue 0.0834717 ms)
[02/27/2026-11:10:14] [I] Average on 10 runs - GPU latency: 0.0987061 ms - Host latency: 0.0987061 ms (enqueue 0.0832275 ms)
[02/27/2026-11:10:14] [I] Average on 10 runs - GPU latency: 0.0976074 ms - Host latency: 0.0976074 ms (enqueue 0.0816895 ms)
[02/27/2026-11:10:14] [I] Average on 10 runs - GPU latency: 0.1021 ms - Host latency: 0.1021 ms (enqueue 0.0856201 ms)
[02/27/2026-11:10:14] [I] Average on 10 runs - GPU latency: 0.0998291 ms - Host latency: 0.0998291 ms (enqueue 0.0835449 ms)
[02/27/2026-11:10:14] [I] Average on 10 runs - GPU latency: 0.0991943 ms - Host latency: 0.0991943 ms (enqueue 0.0835449 ms)
[02/27/2026-11:10:14] [I] Average on 10 runs - GPU latency: 0.100537 ms - Host latency: 0.100537 ms (enqueue 0.083667 ms)
[02/27/2026-11:10:14] [I] Average on 10 runs - GPU latency: 0.103979 ms - Host latency: 0.103979 ms (enqueue 0.0874512 ms)
[02/27/2026-11:10:14] [I] Average on 10 runs - GPU latency: 0.100171 ms - Host latency: 0.100171 ms (enqueue 0.0841797 ms)
[02/27/2026-11:10:14] [I] Average on 10 runs - GPU latency: 0.100781 ms - Host latency: 0.100781 ms (enqueue 0.0835693 ms)
[02/27/2026-11:10:14] [I] Average on 10 runs - GPU latency: 0.100171 ms - Host latency: 0.100171 ms (enqueue 0.0842041 ms)
[02/27/2026-11:10:14] [I] Average on 10 runs - GPU latency: 0.100928 ms - Host latency: 0.100928 ms (enqueue 0.0848633 ms)
[02/27/2026-11:10:14] [I] Average on 10 runs - GPU latency: 0.0981201 ms - Host latency: 0.0981201 ms (enqueue 0.0825195 ms)
[02/27/2026-11:10:14] [I] Average on 10 runs - GPU latency: 0.098999 ms - Host latency: 0.098999 ms (enqueue 0.083667 ms)
[02/27/2026-11:10:14] [I] Average on 10 runs - GPU latency: 0.0993896 ms - Host latency: 0.0993896 ms (enqueue 0.0829102 ms)
[02/27/2026-11:10:14] [I] Average on 10 runs - GPU latency: 0.10061 ms - Host latency: 0.10061 ms (enqueue 0.0854736 ms)
[02/27/2026-11:10:14] [I] Average on 10 runs - GPU latency: 0.0984619 ms - Host latency: 0.0984619 ms (enqueue 0.082251 ms)
[02/27/2026-11:10:14] [I] Average on 10 runs - GPU latency: 0.0976074 ms - Host latency: 0.0976074 ms (enqueue 0.0822022 ms)
[02/27/2026-11:10:14] [I] Average on 10 runs - GPU latency: 0.0970703 ms - Host latency: 0.0970703 ms (enqueue 0.081665 ms)
[02/27/2026-11:10:14] [I] Average on 10 runs - GPU latency: 0.101221 ms - Host latency: 0.101221 ms (enqueue 0.0850098 ms)
[02/27/2026-11:10:14] [I] Average on 10 runs - GPU latency: 0.0998047 ms - Host latency: 0.0998047 ms (enqueue 0.0834473 ms)
[02/27/2026-11:10:14] [I] Average on 10 runs - GPU latency: 0.0992676 ms - Host latency: 0.0992676 ms (enqueue 0.0830566 ms)
[02/27/2026-11:10:14] [I] Average on 10 runs - GPU latency: 0.0990723 ms - Host latency: 0.0990723 ms (enqueue 0.082959 ms)
[02/27/2026-11:10:14] [I] Average on 10 runs - GPU latency: 0.10061 ms - Host latency: 0.10061 ms (enqueue 0.0850342 ms)
[02/27/2026-11:10:14] [I] Average on 10 runs - GPU latency: 0.097876 ms - Host latency: 0.097876 ms (enqueue 0.0827393 ms)
[02/27/2026-11:10:14] [I] Average on 10 runs - GPU latency: 0.0984131 ms - Host latency: 0.0984131 ms (enqueue 0.0822022 ms)
[02/27/2026-11:10:14] [I] Average on 10 runs - GPU latency: 0.0998779 ms - Host latency: 0.0998779 ms (enqueue 0.0843018 ms)
[02/27/2026-11:10:14] [I] Average on 10 runs - GPU latency: 0.101587 ms - Host latency: 0.101587 ms (enqueue 0.0849854 ms)
[02/27/2026-11:10:14] [I] Average on 10 runs - GPU latency: 0.0981934 ms - Host latency: 0.0981934 ms (enqueue 0.0825684 ms)
[02/27/2026-11:10:14] [I] Average on 10 runs - GPU latency: 0.0977295 ms - Host latency: 0.0977295 ms (enqueue 0.0828125 ms)
[02/27/2026-11:10:14] [I] Average on 10 runs - GPU latency: 0.0986816 ms - Host latency: 0.0986816 ms (enqueue 0.0825439 ms)
[02/27/2026-11:10:14] [I] Average on 10 runs - GPU latency: 0.101196 ms - Host latency: 0.101196 ms (enqueue 0.0862549 ms)
[02/27/2026-11:10:14] [I] Average on 10 runs - GPU latency: 0.0994629 ms - Host latency: 0.0994629 ms (enqueue 0.082666 ms)
[02/27/2026-11:10:14] [I] Average on 10 runs - GPU latency: 0.097998 ms - Host latency: 0.097998 ms (enqueue 0.0824219 ms)
[02/27/2026-11:10:14] [I] Average on 10 runs - GPU latency: 0.0993408 ms - Host latency: 0.0993408 ms (enqueue 0.0832764 ms)
[02/27/2026-11:10:14] [I] Average on 10 runs - GPU latency: 0.100513 ms - Host latency: 0.100513 ms (enqueue 0.0847412 ms)
[02/27/2026-11:10:14] [I] Average on 10 runs - GPU latency: 0.097168 ms - Host latency: 0.097168 ms (enqueue 0.0819824 ms)
[02/27/2026-11:10:14] [I] Average on 10 runs - GPU latency: 0.0977539 ms - Host latency: 0.0977539 ms (enqueue 0.0820801 ms)
[02/27/2026-11:10:14] [I] Average on 10 runs - GPU latency: 0.0971436 ms - Host latency: 0.0971436 ms (enqueue 0.0819336 ms)
[02/27/2026-11:10:14] [I] Average on 10 runs - GPU latency: 0.0995117 ms - Host latency: 0.0995117 ms (enqueue 0.0836182 ms)
[02/27/2026-11:10:14] [I] Average on 10 runs - GPU latency: 0.0975342 ms - Host latency: 0.0975342 ms (enqueue 0.0817871 ms)
[02/27/2026-11:10:14] [I] Average on 10 runs - GPU latency: 0.0982422 ms - Host latency: 0.0982422 ms (enqueue 0.0831543 ms)
[02/27/2026-11:10:14] [I] Average on 10 runs - GPU latency: 0.100513 ms - Host latency: 0.100513 ms (enqueue 0.0840332 ms)
[02/27/2026-11:10:14] [I] Average on 10 runs - GPU latency: 0.103589 ms - Host latency: 0.103589 ms (enqueue 0.0875244 ms)
[02/27/2026-11:10:14] [I] Average on 10 runs - GPU latency: 0.098877 ms - Host latency: 0.098877 ms (enqueue 0.0829102 ms)
[02/27/2026-11:10:14] [I] Average on 10 runs - GPU latency: 0.100049 ms - Host latency: 0.100049 ms (enqueue 0.0845459 ms)
[02/27/2026-11:10:14] [I] Average on 10 runs - GPU latency: 0.0995361 ms - Host latency: 0.0995361 ms (enqueue 0.085083 ms)
[02/27/2026-11:10:14] [I] Average on 10 runs - GPU latency: 0.102271 ms - Host latency: 0.102271 ms (enqueue 0.08479 ms)
[02/27/2026-11:10:14] [I] Average on 10 runs - GPU latency: 0.0979004 ms - Host latency: 0.0979004 ms (enqueue 0.0822998 ms)
[02/27/2026-11:10:14] [I] Average on 10 runs - GPU latency: 0.0982666 ms - Host latency: 0.0982666 ms (enqueue 0.0824707 ms)
[02/27/2026-11:10:14] [I] Average on 10 runs - GPU latency: 0.0994385 ms - Host latency: 0.0994385 ms (enqueue 0.0850586 ms)
[02/27/2026-11:10:14] [I] Average on 10 runs - GPU latency: 0.0987549 ms - Host latency: 0.0987549 ms (enqueue 0.0820312 ms)
[02/27/2026-11:10:14] [I] Average on 10 runs - GPU latency: 0.100708 ms - Host latency: 0.100708 ms (enqueue 0.0844482 ms)
[02/27/2026-11:10:14] [I] Average on 10 runs - GPU latency: 0.0991211 ms - Host latency: 0.0991211 ms (enqueue 0.083252 ms)
[02/27/2026-11:10:14] [I] Average on 10 runs - GPU latency: 0.0996826 ms - Host latency: 0.0996826 ms (enqueue 0.0853271 ms)
[02/27/2026-11:10:14] [I] Average on 10 runs - GPU latency: 0.103711 ms - Host latency: 0.103711 ms (enqueue 0.0859619 ms)
[02/27/2026-11:10:14] [I] Average on 10 runs - GPU latency: 0.101074 ms - Host latency: 0.101074 ms (enqueue 0.08479 ms)
[02/27/2026-11:10:14] [I] Average on 10 runs - GPU latency: 0.100537 ms - Host latency: 0.100537 ms (enqueue 0.0847168 ms)
[02/27/2026-11:10:14] [I] Average on 10 runs - GPU latency: 0.102368 ms - Host latency: 0.102368 ms (enqueue 0.0864746 ms)
[02/27/2026-11:10:14] [I] 
[02/27/2026-11:10:14] [I] === Performance summary ===
[02/27/2026-11:10:14] [I] Throughput: 9893.42 qps
[02/27/2026-11:10:14] [I] Latency: min = 0.0918579 ms, max = 0.147217 ms, mean = 0.0990957 ms, median = 0.0986328 ms, percentile(90%) = 0.102539 ms, percentile(95%) = 0.105331 ms, percentile(99%) = 0.113037 ms
[02/27/2026-11:10:14] [I] Enqueue Time: min = 0.0769043 ms, max = 0.146484 ms, mean = 0.0832857 ms, median = 0.0825195 ms, percentile(90%) = 0.0855713 ms, percentile(95%) = 0.0876465 ms, percentile(99%) = 0.103149 ms
[02/27/2026-11:10:14] [I] H2D Latency: min = 0 ms, max = 0 ms, mean = 0 ms, median = 0 ms, percentile(90%) = 0 ms, percentile(95%) = 0 ms, percentile(99%) = 0 ms
[02/27/2026-11:10:14] [I] GPU Compute Time: min = 0.0918579 ms, max = 0.147217 ms, mean = 0.0990957 ms, median = 0.0986328 ms, percentile(90%) = 0.102539 ms, percentile(95%) = 0.105331 ms, percentile(99%) = 0.113037 ms
[02/27/2026-11:10:14] [I] D2H Latency: min = 0 ms, max = 0 ms, mean = 0 ms, median = 0 ms, percentile(90%) = 0 ms, percentile(95%) = 0 ms, percentile(99%) = 0 ms
[02/27/2026-11:10:14] [I] Total Host Walltime: 3.00018 s
[02/27/2026-11:10:14] [I] Total GPU Compute Time: 2.94136 s
[02/27/2026-11:10:14] [W] * Throughput may be bound by Enqueue Time rather than GPU Compute and the GPU may be under-utilized.
[02/27/2026-11:10:14] [W]   If not already in use, --useCudaGraph (utilize CUDA graphs where possible) may increase the throughput.
[02/27/2026-11:10:14] [W] * GPU compute time is unstable, with coefficient of variance = 3.69631%.
[02/27/2026-11:10:14] [W]   If not already in use, locking GPU clock frequency or adding --useSpinWait may improve the stability.
[02/27/2026-11:10:14] [I] Explanations of the performance metrics are printed in the verbose logs.
[02/27/2026-11:10:14] [I] 
&&&& PASSED TensorRT.trtexec [TensorRT v8502] # /usr/src/tensorrt/bin/trtexec --onnx=/home/user/Edge-ML/models/v4/TCN/bs1/TCN.onnx --saveEngine=/home/user/Edge-ML/models/v4/TCN/bs1/TCN_int8.engine --int8 --fp16 --exportLayerInfo=/home/user/Edge-ML/models/v4/TCN/bs1/logs/quantisation_int8_layers.json --memPoolSize=workspace:4096MiB --tacticSources=+CUBLAS,+CUBLAS_LT,+CUDNN --noDataTransfers --calib=/home/user/Edge-ML/models/v4/TCN/bs1/TCN.cache
