/usr/src/tensorrt/bin/trtexec --onnx=/home/user/Edge-ML/models/v4/TCN/bs1/TCN.onnx --saveEngine=/home/user/Edge-ML/models/v4/TCN/bs1/TCN_fp32.engine --exportLayerInfo=/home/user/Edge-ML/models/v4/TCN/bs1/logs/quantisation_fp32_layers.json --memPoolSize=workspace:4096MiB --tacticSources=+CUBLAS,+CUBLAS_LT,+CUDNN --noDataTransfers

&&&& RUNNING TensorRT.trtexec [TensorRT v8502] # /usr/src/tensorrt/bin/trtexec --onnx=/home/user/Edge-ML/models/v4/TCN/bs1/TCN.onnx --saveEngine=/home/user/Edge-ML/models/v4/TCN/bs1/TCN_fp32.engine --exportLayerInfo=/home/user/Edge-ML/models/v4/TCN/bs1/logs/quantisation_fp32_layers.json --memPoolSize=workspace:4096MiB --tacticSources=+CUBLAS,+CUBLAS_LT,+CUDNN --noDataTransfers
[02/27/2026-11:08:53] [I] === Model Options ===
[02/27/2026-11:08:53] [I] Format: ONNX
[02/27/2026-11:08:53] [I] Model: /home/user/Edge-ML/models/v4/TCN/bs1/TCN.onnx
[02/27/2026-11:08:53] [I] Output:
[02/27/2026-11:08:53] [I] === Build Options ===
[02/27/2026-11:08:53] [I] Max batch: explicit batch
[02/27/2026-11:08:53] [I] Memory Pools: workspace: 4096 MiB, dlaSRAM: default, dlaLocalDRAM: default, dlaGlobalDRAM: default
[02/27/2026-11:08:53] [I] minTiming: 1
[02/27/2026-11:08:53] [I] avgTiming: 8
[02/27/2026-11:08:53] [I] Precision: FP32
[02/27/2026-11:08:53] [I] LayerPrecisions: 
[02/27/2026-11:08:53] [I] Calibration: 
[02/27/2026-11:08:53] [I] Refit: Disabled
[02/27/2026-11:08:53] [I] Sparsity: Disabled
[02/27/2026-11:08:53] [I] Safe mode: Disabled
[02/27/2026-11:08:53] [I] DirectIO mode: Disabled
[02/27/2026-11:08:53] [I] Restricted mode: Disabled
[02/27/2026-11:08:53] [I] Build only: Disabled
[02/27/2026-11:08:53] [I] Save engine: /home/user/Edge-ML/models/v4/TCN/bs1/TCN_fp32.engine
[02/27/2026-11:08:53] [I] Load engine: 
[02/27/2026-11:08:53] [I] Profiling verbosity: 0
[02/27/2026-11:08:53] [I] Tactic sources: cublas [ON], cublasLt [ON], cudnn [ON], 
[02/27/2026-11:08:53] [I] timingCacheMode: local
[02/27/2026-11:08:53] [I] timingCacheFile: 
[02/27/2026-11:08:53] [I] Heuristic: Disabled
[02/27/2026-11:08:53] [I] Preview Features: Use default preview flags.
[02/27/2026-11:08:53] [I] Input(s)s format: fp32:CHW
[02/27/2026-11:08:53] [I] Output(s)s format: fp32:CHW
[02/27/2026-11:08:53] [I] Input build shapes: model
[02/27/2026-11:08:53] [I] Input calibration shapes: model
[02/27/2026-11:08:53] [I] === System Options ===
[02/27/2026-11:08:53] [I] Device: 0
[02/27/2026-11:08:53] [I] DLACore: 
[02/27/2026-11:08:53] [I] Plugins:
[02/27/2026-11:08:53] [I] === Inference Options ===
[02/27/2026-11:08:53] [I] Batch: Explicit
[02/27/2026-11:08:53] [I] Input inference shapes: model
[02/27/2026-11:08:53] [I] Iterations: 10
[02/27/2026-11:08:53] [I] Duration: 3s (+ 200ms warm up)
[02/27/2026-11:08:53] [I] Sleep time: 0ms
[02/27/2026-11:08:53] [I] Idle time: 0ms
[02/27/2026-11:08:53] [I] Streams: 1
[02/27/2026-11:08:53] [I] ExposeDMA: Disabled
[02/27/2026-11:08:53] [I] Data transfers: Disabled
[02/27/2026-11:08:53] [I] Spin-wait: Disabled
[02/27/2026-11:08:53] [I] Multithreading: Disabled
[02/27/2026-11:08:53] [I] CUDA Graph: Disabled
[02/27/2026-11:08:53] [I] Separate profiling: Disabled
[02/27/2026-11:08:53] [I] Time Deserialize: Disabled
[02/27/2026-11:08:53] [I] Time Refit: Disabled
[02/27/2026-11:08:53] [I] NVTX verbosity: 0
[02/27/2026-11:08:53] [I] Persistent Cache Ratio: 0
[02/27/2026-11:08:53] [I] Inputs:
[02/27/2026-11:08:53] [I] === Reporting Options ===
[02/27/2026-11:08:53] [I] Verbose: Disabled
[02/27/2026-11:08:53] [I] Averages: 10 inferences
[02/27/2026-11:08:53] [I] Percentiles: 90,95,99
[02/27/2026-11:08:53] [I] Dump refittable layers:Disabled
[02/27/2026-11:08:53] [I] Dump output: Disabled
[02/27/2026-11:08:53] [I] Profile: Disabled
[02/27/2026-11:08:53] [I] Export timing to JSON file: 
[02/27/2026-11:08:53] [I] Export output to JSON file: 
[02/27/2026-11:08:53] [I] Export profile to JSON file: 
[02/27/2026-11:08:53] [I] 
[02/27/2026-11:08:53] [I] === Device Information ===
[02/27/2026-11:08:53] [I] Selected Device: Orin
[02/27/2026-11:08:53] [I] Compute Capability: 8.7
[02/27/2026-11:08:53] [I] SMs: 4
[02/27/2026-11:08:53] [I] Compute Clock Rate: 0.624 GHz
[02/27/2026-11:08:53] [I] Device Global Memory: 3425 MiB
[02/27/2026-11:08:53] [I] Shared Memory per SM: 164 KiB
[02/27/2026-11:08:53] [I] Memory Bus Width: 128 bits (ECC disabled)
[02/27/2026-11:08:53] [I] Memory Clock Rate: 0.624 GHz
[02/27/2026-11:08:53] [I] 
[02/27/2026-11:08:53] [I] TensorRT version: 8.5.2
[02/27/2026-11:08:53] [I] [TRT] [MemUsageChange] Init CUDA: CPU +220, GPU +0, now: CPU 249, GPU 1637 (MiB)
[02/27/2026-11:08:56] [I] [TRT] [MemUsageChange] Init builder kernel library: CPU +302, GPU +198, now: CPU 574, GPU 1857 (MiB)
[02/27/2026-11:08:56] [I] Start parsing network model
[02/27/2026-11:08:56] [I] [TRT] ----------------------------------------------------------------
[02/27/2026-11:08:56] [I] [TRT] Input filename:   /home/user/Edge-ML/models/v4/TCN/bs1/TCN.onnx
[02/27/2026-11:08:56] [I] [TRT] ONNX IR version:  0.0.7
[02/27/2026-11:08:56] [I] [TRT] Opset version:    12
[02/27/2026-11:08:56] [I] [TRT] Producer name:    pytorch
[02/27/2026-11:08:56] [I] [TRT] Producer version: 2.5.1
[02/27/2026-11:08:56] [I] [TRT] Domain:           
[02/27/2026-11:08:56] [I] [TRT] Model version:    0
[02/27/2026-11:08:56] [I] [TRT] Doc string:       
[02/27/2026-11:08:56] [I] [TRT] ----------------------------------------------------------------
[02/27/2026-11:08:56] [I] Finish parsing network model
[02/27/2026-11:08:56] [I] [TRT] ---------- Layers Running on DLA ----------
[02/27/2026-11:08:56] [I] [TRT] ---------- Layers Running on GPU ----------
[02/27/2026-11:08:56] [I] [TRT] [GpuLayer] SHUFFLE: /Unsqueeze + (Unnamed Layer* 1) [Shuffle]
[02/27/2026-11:08:56] [I] [TRT] [GpuLayer] SHUFFLE: shuffle_between_(Unnamed Layer* 1) [Shuffle]_output_and_/block1/block1.0/Conv + /block1/block1.2/Relu
[02/27/2026-11:08:56] [I] [TRT] [GpuLayer] CONVOLUTION: /block1/block1.0/Conv + /block1/block1.2/Relu
[02/27/2026-11:08:56] [I] [TRT] [GpuLayer] SHUFFLE: shuffle_after_/block1/block1.2/Relu_out_tensor
[02/27/2026-11:08:56] [I] [TRT] [GpuLayer] POOLING: /block1/block1.3/MaxPool
[02/27/2026-11:08:56] [I] [TRT] [GpuLayer] SHUFFLE: shuffle_between_(Unnamed Layer* 6) [Pooling]_output_and_/block2/block2.0/Conv + /block2/block2.2/Relu
[02/27/2026-11:08:56] [I] [TRT] [GpuLayer] CONVOLUTION: /block2/block2.0/Conv + /block2/block2.2/Relu
[02/27/2026-11:08:56] [I] [TRT] [GpuLayer] SHUFFLE: shuffle_after_/block2/block2.2/Relu_out_tensor
[02/27/2026-11:08:56] [I] [TRT] [GpuLayer] POOLING: /block2/block2.3/MaxPool
[02/27/2026-11:08:56] [I] [TRT] [GpuLayer] SHUFFLE: shuffle_between_(Unnamed Layer* 13) [Pooling]_output_and_/block3/block3.0/Conv + /block3/block3.2/Relu
[02/27/2026-11:08:56] [I] [TRT] [GpuLayer] CONVOLUTION: /block3/block3.0/Conv + /block3/block3.2/Relu
[02/27/2026-11:08:56] [I] [TRT] [GpuLayer] SHUFFLE: shuffle_after_/block3/block3.2/Relu_out_tensor
[02/27/2026-11:08:56] [I] [TRT] [GpuLayer] SHUFFLE: squeeze_after_/block3/block3.2/Relu
[02/27/2026-11:08:56] [I] [TRT] [GpuLayer] REDUCE: /block3/block3.3/GlobalAveragePool
[02/27/2026-11:08:56] [I] [TRT] [GpuLayer] SHUFFLE: /fc/fc.0/Flatten + reshape_before_/fc/fc.1/Gemm
[02/27/2026-11:08:56] [I] [TRT] [GpuLayer] CONVOLUTION: /fc/fc.1/Gemm + /fc/fc.2/Relu
[02/27/2026-11:08:56] [I] [TRT] [GpuLayer] CONVOLUTION: /fc/fc.4/Gemm
[02/27/2026-11:08:56] [I] [TRT] [GpuLayer] SHUFFLE: reshape_after_/fc/fc.4/Gemm + /Squeeze
[02/27/2026-11:08:57] [I] [TRT] [MemUsageChange] Init cuBLAS/cuBLASLt: CPU +534, GPU +646, now: CPU 1108, GPU 2503 (MiB)
[02/27/2026-11:08:57] [I] [TRT] [MemUsageChange] Init cuDNN: CPU +83, GPU +121, now: CPU 1191, GPU 2624 (MiB)
[02/27/2026-11:08:57] [I] [TRT] Local timing cache in use. Profiling results in this builder pass will not be stored.
[02/27/2026-11:09:04] [I] [TRT] Total Activation Memory: 4295035904
[02/27/2026-11:09:04] [I] [TRT] Detected 1 inputs and 1 output network tensors.
[02/27/2026-11:09:04] [I] [TRT] Total Host Persistent Memory: 21472
[02/27/2026-11:09:04] [I] [TRT] Total Device Persistent Memory: 0
[02/27/2026-11:09:04] [I] [TRT] Total Scratch Memory: 0
[02/27/2026-11:09:04] [I] [TRT] [MemUsageStats] Peak memory usage of TRT CPU/GPU memory allocators: CPU 0 MiB, GPU 71 MiB
[02/27/2026-11:09:04] [I] [TRT] [BlockAssignment] Started assigning block shifts. This will take 20 steps to complete.
[02/27/2026-11:09:04] [I] [TRT] [BlockAssignment] Algorithm ShiftNTopDown took 0.19728ms to assign 3 blocks to 20 nodes requiring 23552 bytes.
[02/27/2026-11:09:04] [I] [TRT] Total Activation Memory: 23552
[02/27/2026-11:09:04] [I] [TRT] [MemUsageChange] TensorRT-managed allocation in building engine: CPU +0, GPU +4, now: CPU 0, GPU 4 (MiB)
[02/27/2026-11:09:04] [I] Engine built in 11.6383 sec.
[02/27/2026-11:09:05] [I] [TRT] Loaded engine size: 1 MiB
[02/27/2026-11:09:05] [I] [TRT] [MemUsageChange] TensorRT-managed allocation in engine deserialization: CPU +0, GPU +0, now: CPU 0, GPU 0 (MiB)
[02/27/2026-11:09:05] [I] Engine deserialized in 0.0129833 sec.
[02/27/2026-11:09:05] [I] [TRT] [MemUsageChange] TensorRT-managed allocation in IExecutionContext creation: CPU +0, GPU +0, now: CPU 0, GPU 0 (MiB)
[02/27/2026-11:09:05] [I] Setting persistentCacheLimit to 0 bytes.
[02/27/2026-11:09:05] [I] Using random values for input input
[02/27/2026-11:09:05] [I] Created input binding for input with dimensions 1x120
[02/27/2026-11:09:05] [I] Using random values for output capacity
[02/27/2026-11:09:05] [I] Created output binding for capacity with dimensions 
[02/27/2026-11:09:05] [I] [TRT] The profiling verbosity was set to ProfilingVerbosity::kLAYER_NAMES_ONLY when the engine was built, so only the layer names will be returned. Rebuild the engine with ProfilingVerbosity::kDETAILED to get more verbose layer information.
[02/27/2026-11:09:05] [I] Starting inference
[02/27/2026-11:09:08] [I] Warmup completed 1908 queries over 200 ms
[02/27/2026-11:09:08] [I] Timing trace has 28939 queries over 3.00023 s
[02/27/2026-11:09:08] [I] 
[02/27/2026-11:09:08] [I] === Trace details ===
[02/27/2026-11:09:08] [I] Trace averages of 10 runs:
[02/27/2026-11:09:08] [I] Average on 10 runs - GPU latency: 0.10145 ms - Host latency: 0.10145 ms (enqueue 0.0786926 ms)
[02/27/2026-11:09:08] [I] Average on 10 runs - GPU latency: 0.102344 ms - Host latency: 0.102344 ms (enqueue 0.0824875 ms)
[02/27/2026-11:09:08] [I] Average on 10 runs - GPU latency: 0.102512 ms - Host latency: 0.102512 ms (enqueue 0.0799591 ms)
[02/27/2026-11:09:08] [I] Average on 10 runs - GPU latency: 0.101997 ms - Host latency: 0.101997 ms (enqueue 0.0808746 ms)
[02/27/2026-11:09:08] [I] Average on 10 runs - GPU latency: 0.101201 ms - Host latency: 0.101201 ms (enqueue 0.0811798 ms)
[02/27/2026-11:09:08] [I] Average on 10 runs - GPU latency: 0.101669 ms - Host latency: 0.101669 ms (enqueue 0.0814087 ms)
[02/27/2026-11:09:08] [I] Average on 10 runs - GPU latency: 0.101665 ms - Host latency: 0.101665 ms (enqueue 0.0833786 ms)
[02/27/2026-11:09:08] [I] Average on 10 runs - GPU latency: 0.10184 ms - Host latency: 0.10184 ms (enqueue 0.0778656 ms)
[02/27/2026-11:09:08] [I] Average on 10 runs - GPU latency: 0.102002 ms - Host latency: 0.102002 ms (enqueue 0.0805542 ms)
[02/27/2026-11:09:08] [I] Average on 10 runs - GPU latency: 0.101505 ms - Host latency: 0.101505 ms (enqueue 0.0796768 ms)
[02/27/2026-11:09:08] [I] Average on 10 runs - GPU latency: 0.101863 ms - Host latency: 0.101863 ms (enqueue 0.0810898 ms)
[02/27/2026-11:09:08] [I] Average on 10 runs - GPU latency: 0.101718 ms - Host latency: 0.101718 ms (enqueue 0.077832 ms)
[02/27/2026-11:09:08] [I] Average on 10 runs - GPU latency: 0.102086 ms - Host latency: 0.102086 ms (enqueue 0.0811768 ms)
[02/27/2026-11:09:08] [I] Average on 10 runs - GPU latency: 0.102142 ms - Host latency: 0.102142 ms (enqueue 0.0783936 ms)
[02/27/2026-11:09:08] [I] Average on 10 runs - GPU latency: 0.103218 ms - Host latency: 0.103218 ms (enqueue 0.0782333 ms)
[02/27/2026-11:09:08] [I] Average on 10 runs - GPU latency: 0.10181 ms - Host latency: 0.10181 ms (enqueue 0.0802902 ms)
[02/27/2026-11:09:08] [I] Average on 10 runs - GPU latency: 0.101186 ms - Host latency: 0.101186 ms (enqueue 0.0805725 ms)
[02/27/2026-11:09:08] [I] Average on 10 runs - GPU latency: 0.101958 ms - Host latency: 0.101958 ms (enqueue 0.0805496 ms)
[02/27/2026-11:09:08] [I] Average on 10 runs - GPU latency: 0.102708 ms - Host latency: 0.102708 ms (enqueue 0.0798386 ms)
[02/27/2026-11:09:08] [I] Average on 10 runs - GPU latency: 0.102332 ms - Host latency: 0.102332 ms (enqueue 0.0792389 ms)
[02/27/2026-11:09:08] [I] Average on 10 runs - GPU latency: 0.101906 ms - Host latency: 0.101906 ms (enqueue 0.0828049 ms)
[02/27/2026-11:09:08] [I] Average on 10 runs - GPU latency: 0.101237 ms - Host latency: 0.101237 ms (enqueue 0.078862 ms)
[02/27/2026-11:09:08] [I] Average on 10 runs - GPU latency: 0.10162 ms - Host latency: 0.10162 ms (enqueue 0.0805466 ms)
[02/27/2026-11:09:08] [I] Average on 10 runs - GPU latency: 0.101953 ms - Host latency: 0.101953 ms (enqueue 0.0803406 ms)
[02/27/2026-11:09:08] [I] Average on 10 runs - GPU latency: 0.101761 ms - Host latency: 0.101761 ms (enqueue 0.0810104 ms)
[02/27/2026-11:09:08] [I] Average on 10 runs - GPU latency: 0.10139 ms - Host latency: 0.10139 ms (enqueue 0.0808182 ms)
[02/27/2026-11:09:08] [I] Average on 10 runs - GPU latency: 0.101924 ms - Host latency: 0.101924 ms (enqueue 0.0777924 ms)
[02/27/2026-11:09:08] [I] Average on 10 runs - GPU latency: 0.102217 ms - Host latency: 0.102217 ms (enqueue 0.0806717 ms)
[02/27/2026-11:09:08] [I] Average on 10 runs - GPU latency: 0.101404 ms - Host latency: 0.101404 ms (enqueue 0.0833237 ms)
[02/27/2026-11:09:08] [I] Average on 10 runs - GPU latency: 0.102087 ms - Host latency: 0.102087 ms (enqueue 0.0793549 ms)
[02/27/2026-11:09:08] [I] Average on 10 runs - GPU latency: 0.101532 ms - Host latency: 0.101532 ms (enqueue 0.079216 ms)
[02/27/2026-11:09:08] [I] Average on 10 runs - GPU latency: 0.102034 ms - Host latency: 0.102034 ms (enqueue 0.0790665 ms)
[02/27/2026-11:09:08] [I] Average on 10 runs - GPU latency: 0.101619 ms - Host latency: 0.101619 ms (enqueue 0.0815781 ms)
[02/27/2026-11:09:08] [I] Average on 10 runs - GPU latency: 0.101372 ms - Host latency: 0.101372 ms (enqueue 0.0787842 ms)
[02/27/2026-11:09:08] [I] Average on 10 runs - GPU latency: 0.101427 ms - Host latency: 0.101427 ms (enqueue 0.0826965 ms)
[02/27/2026-11:09:08] [I] Average on 10 runs - GPU latency: 0.101672 ms - Host latency: 0.101672 ms (enqueue 0.0788773 ms)
[02/27/2026-11:09:08] [I] Average on 10 runs - GPU latency: 0.101913 ms - Host latency: 0.101913 ms (enqueue 0.0792969 ms)
[02/27/2026-11:09:08] [I] Average on 10 runs - GPU latency: 0.102237 ms - Host latency: 0.102237 ms (enqueue 0.0799789 ms)
[02/27/2026-11:09:08] [I] Average on 10 runs - GPU latency: 0.101614 ms - Host latency: 0.101614 ms (enqueue 0.0794556 ms)
[02/27/2026-11:09:08] [I] Average on 10 runs - GPU latency: 0.101541 ms - Host latency: 0.101541 ms (enqueue 0.0822571 ms)
[02/27/2026-11:09:08] [I] Average on 10 runs - GPU latency: 0.101967 ms - Host latency: 0.101967 ms (enqueue 0.0791916 ms)
[02/27/2026-11:09:08] [I] Average on 10 runs - GPU latency: 0.102211 ms - Host latency: 0.102211 ms (enqueue 0.0789871 ms)
[02/27/2026-11:09:08] [I] Average on 10 runs - GPU latency: 0.102484 ms - Host latency: 0.102484 ms (enqueue 0.080275 ms)
[02/27/2026-11:09:08] [I] Average on 10 runs - GPU latency: 0.102875 ms - Host latency: 0.102875 ms (enqueue 0.0828888 ms)
[02/27/2026-11:09:08] [I] Average on 10 runs - GPU latency: 0.102043 ms - Host latency: 0.102043 ms (enqueue 0.0782745 ms)
[02/27/2026-11:09:08] [I] Average on 10 runs - GPU latency: 0.101833 ms - Host latency: 0.101833 ms (enqueue 0.080368 ms)
[02/27/2026-11:09:08] [I] Average on 10 runs - GPU latency: 0.101775 ms - Host latency: 0.101775 ms (enqueue 0.0802444 ms)
[02/27/2026-11:09:08] [I] Average on 10 runs - GPU latency: 0.101231 ms - Host latency: 0.101231 ms (enqueue 0.0801056 ms)
[02/27/2026-11:09:08] [I] Average on 10 runs - GPU latency: 0.101569 ms - Host latency: 0.101569 ms (enqueue 0.0802872 ms)
[02/27/2026-11:09:08] [I] Average on 10 runs - GPU latency: 0.102095 ms - Host latency: 0.102095 ms (enqueue 0.0800491 ms)
[02/27/2026-11:09:08] [I] Average on 10 runs - GPU latency: 0.10146 ms - Host latency: 0.10146 ms (enqueue 0.0805893 ms)
[02/27/2026-11:09:08] [I] Average on 10 runs - GPU latency: 0.102055 ms - Host latency: 0.102055 ms (enqueue 0.0826263 ms)
[02/27/2026-11:09:08] [I] Average on 10 runs - GPU latency: 0.102284 ms - Host latency: 0.102284 ms (enqueue 0.0821854 ms)
[02/27/2026-11:09:08] [I] Average on 10 runs - GPU latency: 0.102075 ms - Host latency: 0.102075 ms (enqueue 0.0797745 ms)
[02/27/2026-11:09:08] [I] Average on 10 runs - GPU latency: 0.102274 ms - Host latency: 0.102274 ms (enqueue 0.0811249 ms)
[02/27/2026-11:09:08] [I] Average on 10 runs - GPU latency: 0.102505 ms - Host latency: 0.102505 ms (enqueue 0.0832367 ms)
[02/27/2026-11:09:08] [I] Average on 10 runs - GPU latency: 0.102097 ms - Host latency: 0.102097 ms (enqueue 0.0789764 ms)
[02/27/2026-11:09:08] [I] Average on 10 runs - GPU latency: 0.101862 ms - Host latency: 0.101862 ms (enqueue 0.0795074 ms)
[02/27/2026-11:09:08] [I] Average on 10 runs - GPU latency: 0.101636 ms - Host latency: 0.101636 ms (enqueue 0.082312 ms)
[02/27/2026-11:09:08] [I] Average on 10 runs - GPU latency: 0.101642 ms - Host latency: 0.101642 ms (enqueue 0.0810547 ms)
[02/27/2026-11:09:08] [I] Average on 10 runs - GPU latency: 0.10163 ms - Host latency: 0.10163 ms (enqueue 0.0816895 ms)
[02/27/2026-11:09:08] [I] Average on 10 runs - GPU latency: 0.101996 ms - Host latency: 0.101996 ms (enqueue 0.078717 ms)
[02/27/2026-11:09:08] [I] Average on 10 runs - GPU latency: 0.101782 ms - Host latency: 0.101782 ms (enqueue 0.0800293 ms)
[02/27/2026-11:09:08] [I] Average on 10 runs - GPU latency: 0.101947 ms - Host latency: 0.101947 ms (enqueue 0.0798584 ms)
[02/27/2026-11:09:08] [I] Average on 10 runs - GPU latency: 0.101553 ms - Host latency: 0.101553 ms (enqueue 0.0798004 ms)
[02/27/2026-11:09:08] [I] Average on 10 runs - GPU latency: 0.102386 ms - Host latency: 0.102386 ms (enqueue 0.0806793 ms)
[02/27/2026-11:09:08] [I] Average on 10 runs - GPU latency: 0.101788 ms - Host latency: 0.101788 ms (enqueue 0.0815613 ms)
[02/27/2026-11:09:08] [I] Average on 10 runs - GPU latency: 0.10174 ms - Host latency: 0.10174 ms (enqueue 0.0783081 ms)
[02/27/2026-11:09:08] [I] Average on 10 runs - GPU latency: 0.101736 ms - Host latency: 0.101736 ms (enqueue 0.0793213 ms)
[02/27/2026-11:09:08] [I] Average on 10 runs - GPU latency: 0.101425 ms - Host latency: 0.101425 ms (enqueue 0.081131 ms)
[02/27/2026-11:09:08] [I] Average on 10 runs - GPU latency: 0.101871 ms - Host latency: 0.101871 ms (enqueue 0.0798737 ms)
[02/27/2026-11:09:08] [I] Average on 10 runs - GPU latency: 0.101578 ms - Host latency: 0.101578 ms (enqueue 0.0804901 ms)
[02/27/2026-11:09:08] [I] Average on 10 runs - GPU latency: 0.101819 ms - Host latency: 0.101819 ms (enqueue 0.0817444 ms)
[02/27/2026-11:09:08] [I] Average on 10 runs - GPU latency: 0.101404 ms - Host latency: 0.101404 ms (enqueue 0.0789978 ms)
[02/27/2026-11:09:08] [I] Average on 10 runs - GPU latency: 0.102438 ms - Host latency: 0.102438 ms (enqueue 0.0821411 ms)
[02/27/2026-11:09:08] [I] Average on 10 runs - GPU latency: 0.10174 ms - Host latency: 0.10174 ms (enqueue 0.0813812 ms)
[02/27/2026-11:09:08] [I] Average on 10 runs - GPU latency: 0.101657 ms - Host latency: 0.101657 ms (enqueue 0.0781891 ms)
[02/27/2026-11:09:08] [I] Average on 10 runs - GPU latency: 0.1017 ms - Host latency: 0.1017 ms (enqueue 0.0812622 ms)
[02/27/2026-11:09:08] [I] Average on 10 runs - GPU latency: 0.101495 ms - Host latency: 0.101495 ms (enqueue 0.0804047 ms)
[02/27/2026-11:09:08] [I] Average on 10 runs - GPU latency: 0.10213 ms - Host latency: 0.10213 ms (enqueue 0.0816986 ms)
[02/27/2026-11:09:08] [I] Average on 10 runs - GPU latency: 0.101709 ms - Host latency: 0.101709 ms (enqueue 0.0814911 ms)
[02/27/2026-11:09:08] [I] Average on 10 runs - GPU latency: 0.102405 ms - Host latency: 0.102405 ms (enqueue 0.0811462 ms)
[02/27/2026-11:09:08] [I] Average on 10 runs - GPU latency: 0.101715 ms - Host latency: 0.101715 ms (enqueue 0.0817749 ms)
[02/27/2026-11:09:08] [I] Average on 10 runs - GPU latency: 0.10159 ms - Host latency: 0.10159 ms (enqueue 0.0810028 ms)
[02/27/2026-11:09:08] [I] Average on 10 runs - GPU latency: 0.102185 ms - Host latency: 0.102185 ms (enqueue 0.0798096 ms)
[02/27/2026-11:09:08] [I] Average on 10 runs - GPU latency: 0.101871 ms - Host latency: 0.101871 ms (enqueue 0.0806152 ms)
[02/27/2026-11:09:08] [I] Average on 10 runs - GPU latency: 0.101376 ms - Host latency: 0.101376 ms (enqueue 0.0811096 ms)
[02/27/2026-11:09:08] [I] Average on 10 runs - GPU latency: 0.102542 ms - Host latency: 0.102542 ms (enqueue 0.0798645 ms)
[02/27/2026-11:09:08] [I] Average on 10 runs - GPU latency: 0.102231 ms - Host latency: 0.102231 ms (enqueue 0.0796845 ms)
[02/27/2026-11:09:08] [I] Average on 10 runs - GPU latency: 0.101752 ms - Host latency: 0.101752 ms (enqueue 0.0811493 ms)
[02/27/2026-11:09:08] [I] Average on 10 runs - GPU latency: 0.101831 ms - Host latency: 0.101831 ms (enqueue 0.078302 ms)
[02/27/2026-11:09:08] [I] Average on 10 runs - GPU latency: 0.102356 ms - Host latency: 0.102356 ms (enqueue 0.0806519 ms)
[02/27/2026-11:09:08] [I] Average on 10 runs - GPU latency: 0.101773 ms - Host latency: 0.101773 ms (enqueue 0.0797333 ms)
[02/27/2026-11:09:08] [I] Average on 10 runs - GPU latency: 0.101794 ms - Host latency: 0.101794 ms (enqueue 0.0829987 ms)
[02/27/2026-11:09:08] [I] Average on 10 runs - GPU latency: 0.101636 ms - Host latency: 0.101636 ms (enqueue 0.0778259 ms)
[02/27/2026-11:09:08] [I] Average on 10 runs - GPU latency: 0.101221 ms - Host latency: 0.101221 ms (enqueue 0.0808014 ms)
[02/27/2026-11:09:08] [I] Average on 10 runs - GPU latency: 0.102054 ms - Host latency: 0.102054 ms (enqueue 0.0796173 ms)
[02/27/2026-11:09:08] [I] Average on 10 runs - GPU latency: 0.102261 ms - Host latency: 0.102261 ms (enqueue 0.0797455 ms)
[02/27/2026-11:09:08] [I] Average on 10 runs - GPU latency: 0.102359 ms - Host latency: 0.102359 ms (enqueue 0.0792999 ms)
[02/27/2026-11:09:08] [I] Average on 10 runs - GPU latency: 0.101266 ms - Host latency: 0.101266 ms (enqueue 0.0793854 ms)
[02/27/2026-11:09:08] [I] Average on 10 runs - GPU latency: 0.102094 ms - Host latency: 0.102094 ms (enqueue 0.0778564 ms)
[02/27/2026-11:09:08] [I] Average on 10 runs - GPU latency: 0.101349 ms - Host latency: 0.101349 ms (enqueue 0.0821136 ms)
[02/27/2026-11:09:08] [I] Average on 10 runs - GPU latency: 0.101544 ms - Host latency: 0.101544 ms (enqueue 0.0799286 ms)
[02/27/2026-11:09:08] [I] Average on 10 runs - GPU latency: 0.10184 ms - Host latency: 0.10184 ms (enqueue 0.0805145 ms)
[02/27/2026-11:09:08] [I] Average on 10 runs - GPU latency: 0.101382 ms - Host latency: 0.101382 ms (enqueue 0.07948 ms)
[02/27/2026-11:09:08] [I] Average on 10 runs - GPU latency: 0.101147 ms - Host latency: 0.101147 ms (enqueue 0.0804047 ms)
[02/27/2026-11:09:08] [I] Average on 10 runs - GPU latency: 0.102142 ms - Host latency: 0.102142 ms (enqueue 0.081076 ms)
[02/27/2026-11:09:08] [I] Average on 10 runs - GPU latency: 0.101926 ms - Host latency: 0.101926 ms (enqueue 0.0792938 ms)
[02/27/2026-11:09:08] [I] Average on 10 runs - GPU latency: 0.102759 ms - Host latency: 0.102759 ms (enqueue 0.078891 ms)
[02/27/2026-11:09:08] [I] Average on 10 runs - GPU latency: 0.101135 ms - Host latency: 0.101135 ms (enqueue 0.0801575 ms)
[02/27/2026-11:09:08] [I] Average on 10 runs - GPU latency: 0.102197 ms - Host latency: 0.102197 ms (enqueue 0.0785004 ms)
[02/27/2026-11:09:08] [I] Average on 10 runs - GPU latency: 0.102383 ms - Host latency: 0.102383 ms (enqueue 0.078186 ms)
[02/27/2026-11:09:08] [I] Average on 10 runs - GPU latency: 0.102066 ms - Host latency: 0.102066 ms (enqueue 0.0801941 ms)
[02/27/2026-11:09:08] [I] Average on 10 runs - GPU latency: 0.101959 ms - Host latency: 0.101959 ms (enqueue 0.0794983 ms)
[02/27/2026-11:09:08] [I] Average on 10 runs - GPU latency: 0.101727 ms - Host latency: 0.101727 ms (enqueue 0.0791351 ms)
[02/27/2026-11:09:08] [I] Average on 10 runs - GPU latency: 0.101639 ms - Host latency: 0.101639 ms (enqueue 0.0792023 ms)
[02/27/2026-11:09:08] [I] Average on 10 runs - GPU latency: 0.101712 ms - Host latency: 0.101712 ms (enqueue 0.0795258 ms)
[02/27/2026-11:09:08] [I] Average on 10 runs - GPU latency: 0.101038 ms - Host latency: 0.101038 ms (enqueue 0.0813629 ms)
[02/27/2026-11:09:08] [I] Average on 10 runs - GPU latency: 0.10181 ms - Host latency: 0.10181 ms (enqueue 0.0788177 ms)
[02/27/2026-11:09:08] [I] Average on 10 runs - GPU latency: 0.102243 ms - Host latency: 0.102243 ms (enqueue 0.0820953 ms)
[02/27/2026-11:09:08] [I] Average on 10 runs - GPU latency: 0.102695 ms - Host latency: 0.102695 ms (enqueue 0.0835114 ms)
[02/27/2026-11:09:08] [I] Average on 10 runs - GPU latency: 0.102365 ms - Host latency: 0.102365 ms (enqueue 0.0775757 ms)
[02/27/2026-11:09:08] [I] Average on 10 runs - GPU latency: 0.102277 ms - Host latency: 0.102277 ms (enqueue 0.0782806 ms)
[02/27/2026-11:09:08] [I] Average on 10 runs - GPU latency: 0.100888 ms - Host latency: 0.100888 ms (enqueue 0.0796967 ms)
[02/27/2026-11:09:08] [I] Average on 10 runs - GPU latency: 0.102045 ms - Host latency: 0.102045 ms (enqueue 0.0817688 ms)
[02/27/2026-11:09:08] [I] Average on 10 runs - GPU latency: 0.10231 ms - Host latency: 0.10231 ms (enqueue 0.0779999 ms)
[02/27/2026-11:09:08] [I] Average on 10 runs - GPU latency: 0.102728 ms - Host latency: 0.102728 ms (enqueue 0.0790131 ms)
[02/27/2026-11:09:08] [I] Average on 10 runs - GPU latency: 0.101593 ms - Host latency: 0.101593 ms (enqueue 0.0817291 ms)
[02/27/2026-11:09:08] [I] Average on 10 runs - GPU latency: 0.102011 ms - Host latency: 0.102011 ms (enqueue 0.0811523 ms)
[02/27/2026-11:09:08] [I] Average on 10 runs - GPU latency: 0.101929 ms - Host latency: 0.101929 ms (enqueue 0.0817047 ms)
[02/27/2026-11:09:08] [I] Average on 10 runs - GPU latency: 0.101993 ms - Host latency: 0.101993 ms (enqueue 0.0812073 ms)
[02/27/2026-11:09:08] [I] Average on 10 runs - GPU latency: 0.101453 ms - Host latency: 0.101453 ms (enqueue 0.0780853 ms)
[02/27/2026-11:09:08] [I] Average on 10 runs - GPU latency: 0.101807 ms - Host latency: 0.101807 ms (enqueue 0.0829681 ms)
[02/27/2026-11:09:08] [I] Average on 10 runs - GPU latency: 0.102115 ms - Host latency: 0.102115 ms (enqueue 0.0813751 ms)
[02/27/2026-11:09:08] [I] Average on 10 runs - GPU latency: 0.101779 ms - Host latency: 0.101779 ms (enqueue 0.080719 ms)
[02/27/2026-11:09:08] [I] Average on 10 runs - GPU latency: 0.101831 ms - Host latency: 0.101831 ms (enqueue 0.079602 ms)
[02/27/2026-11:09:08] [I] Average on 10 runs - GPU latency: 0.102124 ms - Host latency: 0.102124 ms (enqueue 0.0808319 ms)
[02/27/2026-11:09:08] [I] Average on 10 runs - GPU latency: 0.101956 ms - Host latency: 0.101956 ms (enqueue 0.0824371 ms)
[02/27/2026-11:09:08] [I] Average on 10 runs - GPU latency: 0.101447 ms - Host latency: 0.101447 ms (enqueue 0.0799652 ms)
[02/27/2026-11:09:08] [I] Average on 10 runs - GPU latency: 0.10253 ms - Host latency: 0.10253 ms (enqueue 0.0816101 ms)
[02/27/2026-11:09:08] [I] Average on 10 runs - GPU latency: 0.10152 ms - Host latency: 0.10152 ms (enqueue 0.0811707 ms)
[02/27/2026-11:09:08] [I] Average on 10 runs - GPU latency: 0.10119 ms - Host latency: 0.10119 ms (enqueue 0.081189 ms)
[02/27/2026-11:09:08] [I] Average on 10 runs - GPU latency: 0.102261 ms - Host latency: 0.102261 ms (enqueue 0.0789124 ms)
[02/27/2026-11:09:08] [I] Average on 10 runs - GPU latency: 0.101239 ms - Host latency: 0.101239 ms (enqueue 0.0813843 ms)
[02/27/2026-11:09:08] [I] Average on 10 runs - GPU latency: 0.101288 ms - Host latency: 0.101288 ms (enqueue 0.0812958 ms)
[02/27/2026-11:09:08] [I] Average on 10 runs - GPU latency: 0.101553 ms - Host latency: 0.101553 ms (enqueue 0.0797028 ms)
[02/27/2026-11:09:08] [I] Average on 10 runs - GPU latency: 0.101431 ms - Host latency: 0.101431 ms (enqueue 0.0814117 ms)
[02/27/2026-11:09:08] [I] Average on 10 runs - GPU latency: 0.101395 ms - Host latency: 0.101395 ms (enqueue 0.0822449 ms)
[02/27/2026-11:09:08] [I] Average on 10 runs - GPU latency: 0.102371 ms - Host latency: 0.102371 ms (enqueue 0.0778564 ms)
[02/27/2026-11:09:08] [I] Average on 10 runs - GPU latency: 0.101367 ms - Host latency: 0.101367 ms (enqueue 0.0809906 ms)
[02/27/2026-11:09:08] [I] Average on 10 runs - GPU latency: 0.101663 ms - Host latency: 0.101663 ms (enqueue 0.0805237 ms)
[02/27/2026-11:09:08] [I] Average on 10 runs - GPU latency: 0.101614 ms - Host latency: 0.101614 ms (enqueue 0.0816986 ms)
[02/27/2026-11:09:08] [I] Average on 10 runs - GPU latency: 0.102228 ms - Host latency: 0.102228 ms (enqueue 0.0789642 ms)
[02/27/2026-11:09:08] [I] Average on 10 runs - GPU latency: 0.101352 ms - Host latency: 0.101352 ms (enqueue 0.0784668 ms)
[02/27/2026-11:09:08] [I] Average on 10 runs - GPU latency: 0.101645 ms - Host latency: 0.101645 ms (enqueue 0.0803528 ms)
[02/27/2026-11:09:08] [I] Average on 10 runs - GPU latency: 0.101447 ms - Host latency: 0.101447 ms (enqueue 0.0794067 ms)
[02/27/2026-11:09:08] [I] Average on 10 runs - GPU latency: 0.102542 ms - Host latency: 0.102542 ms (enqueue 0.0798187 ms)
[02/27/2026-11:09:08] [I] Average on 10 runs - GPU latency: 0.101791 ms - Host latency: 0.101791 ms (enqueue 0.080658 ms)
[02/27/2026-11:09:08] [I] Average on 10 runs - GPU latency: 0.101401 ms - Host latency: 0.101401 ms (enqueue 0.0812836 ms)
[02/27/2026-11:09:08] [I] Average on 10 runs - GPU latency: 0.101572 ms - Host latency: 0.101572 ms (enqueue 0.0819885 ms)
[02/27/2026-11:09:08] [I] Average on 10 runs - GPU latency: 0.10257 ms - Host latency: 0.10257 ms (enqueue 0.079245 ms)
[02/27/2026-11:09:08] [I] Average on 10 runs - GPU latency: 0.101746 ms - Host latency: 0.101746 ms (enqueue 0.0794586 ms)
[02/27/2026-11:09:08] [I] Average on 10 runs - GPU latency: 0.101233 ms - Host latency: 0.101233 ms (enqueue 0.0817596 ms)
[02/27/2026-11:09:08] [I] Average on 10 runs - GPU latency: 0.101465 ms - Host latency: 0.101465 ms (enqueue 0.0797058 ms)
[02/27/2026-11:09:08] [I] Average on 10 runs - GPU latency: 0.101373 ms - Host latency: 0.101373 ms (enqueue 0.0809845 ms)
[02/27/2026-11:09:08] [I] Average on 10 runs - GPU latency: 0.102222 ms - Host latency: 0.102222 ms (enqueue 0.0798981 ms)
[02/27/2026-11:09:08] [I] Average on 10 runs - GPU latency: 0.101389 ms - Host latency: 0.101389 ms (enqueue 0.0795898 ms)
[02/27/2026-11:09:08] [I] Average on 10 runs - GPU latency: 0.101895 ms - Host latency: 0.101895 ms (enqueue 0.0827271 ms)
[02/27/2026-11:09:08] [I] Average on 10 runs - GPU latency: 0.101801 ms - Host latency: 0.101801 ms (enqueue 0.0818726 ms)
[02/27/2026-11:09:08] [I] Average on 10 runs - GPU latency: 0.102884 ms - Host latency: 0.102884 ms (enqueue 0.078775 ms)
[02/27/2026-11:09:08] [I] Average on 10 runs - GPU latency: 0.10188 ms - Host latency: 0.10188 ms (enqueue 0.0811981 ms)
[02/27/2026-11:09:08] [I] Average on 10 runs - GPU latency: 0.102402 ms - Host latency: 0.102402 ms (enqueue 0.0804382 ms)
[02/27/2026-11:09:08] [I] Average on 10 runs - GPU latency: 0.101157 ms - Host latency: 0.101157 ms (enqueue 0.0816589 ms)
[02/27/2026-11:09:08] [I] Average on 10 runs - GPU latency: 0.100934 ms - Host latency: 0.100934 ms (enqueue 0.0793701 ms)
[02/27/2026-11:09:08] [I] Average on 10 runs - GPU latency: 0.101645 ms - Host latency: 0.101645 ms (enqueue 0.0790222 ms)
[02/27/2026-11:09:08] [I] Average on 10 runs - GPU latency: 0.101559 ms - Host latency: 0.101559 ms (enqueue 0.0800415 ms)
[02/27/2026-11:09:08] [I] Average on 10 runs - GPU latency: 0.10188 ms - Host latency: 0.10188 ms (enqueue 0.0797028 ms)
[02/27/2026-11:09:08] [I] Average on 10 runs - GPU latency: 0.102216 ms - Host latency: 0.102216 ms (enqueue 0.0817505 ms)
[02/27/2026-11:09:08] [I] Average on 10 runs - GPU latency: 0.101401 ms - Host latency: 0.101401 ms (enqueue 0.0867065 ms)
[02/27/2026-11:09:08] [I] Average on 10 runs - GPU latency: 0.101581 ms - Host latency: 0.101581 ms (enqueue 0.0784332 ms)
[02/27/2026-11:09:08] [I] Average on 10 runs - GPU latency: 0.102005 ms - Host latency: 0.102005 ms (enqueue 0.0783722 ms)
[02/27/2026-11:09:08] [I] Average on 10 runs - GPU latency: 0.102109 ms - Host latency: 0.102109 ms (enqueue 0.0839722 ms)
[02/27/2026-11:09:08] [I] Average on 10 runs - GPU latency: 0.102316 ms - Host latency: 0.102316 ms (enqueue 0.0781494 ms)
[02/27/2026-11:09:08] [I] Average on 10 runs - GPU latency: 0.101648 ms - Host latency: 0.101648 ms (enqueue 0.0807953 ms)
[02/27/2026-11:09:08] [I] Average on 10 runs - GPU latency: 0.101453 ms - Host latency: 0.101453 ms (enqueue 0.0812714 ms)
[02/27/2026-11:09:08] [I] Average on 10 runs - GPU latency: 0.102155 ms - Host latency: 0.102155 ms (enqueue 0.0802277 ms)
[02/27/2026-11:09:08] [I] Average on 10 runs - GPU latency: 0.101358 ms - Host latency: 0.101358 ms (enqueue 0.0841675 ms)
[02/27/2026-11:09:08] [I] Average on 10 runs - GPU latency: 0.101416 ms - Host latency: 0.101416 ms (enqueue 0.0807648 ms)
[02/27/2026-11:09:08] [I] Average on 10 runs - GPU latency: 0.101361 ms - Host latency: 0.101361 ms (enqueue 0.0788574 ms)
[02/27/2026-11:09:08] [I] Average on 10 runs - GPU latency: 0.102017 ms - Host latency: 0.102017 ms (enqueue 0.0804901 ms)
[02/27/2026-11:09:08] [I] Average on 10 runs - GPU latency: 0.10181 ms - Host latency: 0.10181 ms (enqueue 0.0825378 ms)
[02/27/2026-11:09:08] [I] Average on 10 runs - GPU latency: 0.101913 ms - Host latency: 0.101913 ms (enqueue 0.0800232 ms)
[02/27/2026-11:09:08] [I] Average on 10 runs - GPU latency: 0.10145 ms - Host latency: 0.10145 ms (enqueue 0.0808258 ms)
[02/27/2026-11:09:08] [I] Average on 10 runs - GPU latency: 0.10195 ms - Host latency: 0.10195 ms (enqueue 0.0784332 ms)
[02/27/2026-11:09:08] [I] Average on 10 runs - GPU latency: 0.101898 ms - Host latency: 0.101898 ms (enqueue 0.0813568 ms)
[02/27/2026-11:09:08] [I] Average on 10 runs - GPU latency: 0.101376 ms - Host latency: 0.101376 ms (enqueue 0.0805572 ms)
[02/27/2026-11:09:08] [I] Average on 10 runs - GPU latency: 0.101944 ms - Host latency: 0.101944 ms (enqueue 0.0812744 ms)
[02/27/2026-11:09:08] [I] Average on 10 runs - GPU latency: 0.101541 ms - Host latency: 0.101541 ms (enqueue 0.079538 ms)
[02/27/2026-11:09:08] [I] Average on 10 runs - GPU latency: 0.101862 ms - Host latency: 0.101862 ms (enqueue 0.0812958 ms)
[02/27/2026-11:09:08] [I] Average on 10 runs - GPU latency: 0.101572 ms - Host latency: 0.101572 ms (enqueue 0.0793152 ms)
[02/27/2026-11:09:08] [I] Average on 10 runs - GPU latency: 0.102145 ms - Host latency: 0.102145 ms (enqueue 0.0808533 ms)
[02/27/2026-11:09:08] [I] Average on 10 runs - GPU latency: 0.101611 ms - Host latency: 0.101611 ms (enqueue 0.079126 ms)
[02/27/2026-11:09:08] [I] Average on 10 runs - GPU latency: 0.101968 ms - Host latency: 0.101968 ms (enqueue 0.0821045 ms)
[02/27/2026-11:09:08] [I] Average on 10 runs - GPU latency: 0.102063 ms - Host latency: 0.102063 ms (enqueue 0.0809601 ms)
[02/27/2026-11:09:08] [I] Average on 10 runs - GPU latency: 0.10079 ms - Host latency: 0.10079 ms (enqueue 0.0794464 ms)
[02/27/2026-11:09:08] [I] Average on 10 runs - GPU latency: 0.101642 ms - Host latency: 0.101642 ms (enqueue 0.0802124 ms)
[02/27/2026-11:09:08] [I] Average on 10 runs - GPU latency: 0.10184 ms - Host latency: 0.10184 ms (enqueue 0.079718 ms)
[02/27/2026-11:09:08] [I] Average on 10 runs - GPU latency: 0.100842 ms - Host latency: 0.100842 ms (enqueue 0.0821075 ms)
[02/27/2026-11:09:08] [I] Average on 10 runs - GPU latency: 0.102505 ms - Host latency: 0.102505 ms (enqueue 0.0780548 ms)
[02/27/2026-11:09:08] [I] Average on 10 runs - GPU latency: 0.10209 ms - Host latency: 0.10209 ms (enqueue 0.0816223 ms)
[02/27/2026-11:09:08] [I] Average on 10 runs - GPU latency: 0.101828 ms - Host latency: 0.101828 ms (enqueue 0.0817261 ms)
[02/27/2026-11:09:08] [I] Average on 10 runs - GPU latency: 0.101785 ms - Host latency: 0.101785 ms (enqueue 0.0790741 ms)
[02/27/2026-11:09:08] [I] Average on 10 runs - GPU latency: 0.102847 ms - Host latency: 0.102847 ms (enqueue 0.0792297 ms)
[02/27/2026-11:09:08] [I] Average on 10 runs - GPU latency: 0.102783 ms - Host latency: 0.102783 ms (enqueue 0.0804321 ms)
[02/27/2026-11:09:08] [I] Average on 10 runs - GPU latency: 0.102478 ms - Host latency: 0.102478 ms (enqueue 0.0784729 ms)
[02/27/2026-11:09:08] [I] Average on 10 runs - GPU latency: 0.101642 ms - Host latency: 0.101642 ms (enqueue 0.0810455 ms)
[02/27/2026-11:09:08] [I] Average on 10 runs - GPU latency: 0.101727 ms - Host latency: 0.101727 ms (enqueue 0.0803406 ms)
[02/27/2026-11:09:08] [I] Average on 10 runs - GPU latency: 0.101086 ms - Host latency: 0.101086 ms (enqueue 0.081604 ms)
[02/27/2026-11:09:08] [I] Average on 10 runs - GPU latency: 0.101376 ms - Host latency: 0.101376 ms (enqueue 0.0807434 ms)
[02/27/2026-11:09:08] [I] Average on 10 runs - GPU latency: 0.105148 ms - Host latency: 0.105148 ms (enqueue 0.0794189 ms)
[02/27/2026-11:09:08] [I] Average on 10 runs - GPU latency: 0.101608 ms - Host latency: 0.101608 ms (enqueue 0.0818146 ms)
[02/27/2026-11:09:08] [I] Average on 10 runs - GPU latency: 0.101947 ms - Host latency: 0.101947 ms (enqueue 0.0794983 ms)
[02/27/2026-11:09:08] [I] Average on 10 runs - GPU latency: 0.101456 ms - Host latency: 0.101456 ms (enqueue 0.0835693 ms)
[02/27/2026-11:09:08] [I] Average on 10 runs - GPU latency: 0.102737 ms - Host latency: 0.102737 ms (enqueue 0.0794647 ms)
[02/27/2026-11:09:08] [I] Average on 10 runs - GPU latency: 0.102258 ms - Host latency: 0.102258 ms (enqueue 0.0796661 ms)
[02/27/2026-11:09:08] [I] Average on 10 runs - GPU latency: 0.101242 ms - Host latency: 0.101242 ms (enqueue 0.0801727 ms)
[02/27/2026-11:09:08] [I] Average on 10 runs - GPU latency: 0.102176 ms - Host latency: 0.102176 ms (enqueue 0.0797394 ms)
[02/27/2026-11:09:08] [I] Average on 10 runs - GPU latency: 0.101801 ms - Host latency: 0.101801 ms (enqueue 0.0795441 ms)
[02/27/2026-11:09:08] [I] Average on 10 runs - GPU latency: 0.101541 ms - Host latency: 0.101541 ms (enqueue 0.0818085 ms)
[02/27/2026-11:09:08] [I] Average on 10 runs - GPU latency: 0.101819 ms - Host latency: 0.101819 ms (enqueue 0.079422 ms)
[02/27/2026-11:09:08] [I] Average on 10 runs - GPU latency: 0.102008 ms - Host latency: 0.102008 ms (enqueue 0.079245 ms)
[02/27/2026-11:09:08] [I] Average on 10 runs - GPU latency: 0.102618 ms - Host latency: 0.102618 ms (enqueue 0.0812225 ms)
[02/27/2026-11:09:08] [I] Average on 10 runs - GPU latency: 0.101614 ms - Host latency: 0.101614 ms (enqueue 0.0822418 ms)
[02/27/2026-11:09:08] [I] Average on 10 runs - GPU latency: 0.102652 ms - Host latency: 0.102652 ms (enqueue 0.0782166 ms)
[02/27/2026-11:09:08] [I] Average on 10 runs - GPU latency: 0.101282 ms - Host latency: 0.101282 ms (enqueue 0.0793671 ms)
[02/27/2026-11:09:08] [I] Average on 10 runs - GPU latency: 0.101105 ms - Host latency: 0.101105 ms (enqueue 0.0818512 ms)
[02/27/2026-11:09:08] [I] Average on 10 runs - GPU latency: 0.10148 ms - Host latency: 0.10148 ms (enqueue 0.0809998 ms)
[02/27/2026-11:09:08] [I] Average on 10 runs - GPU latency: 0.102264 ms - Host latency: 0.102264 ms (enqueue 0.0810059 ms)
[02/27/2026-11:09:08] [I] Average on 10 runs - GPU latency: 0.101364 ms - Host latency: 0.101364 ms (enqueue 0.0782166 ms)
[02/27/2026-11:09:08] [I] Average on 10 runs - GPU latency: 0.101868 ms - Host latency: 0.101868 ms (enqueue 0.0814484 ms)
[02/27/2026-11:09:08] [I] Average on 10 runs - GPU latency: 0.101453 ms - Host latency: 0.101453 ms (enqueue 0.0823242 ms)
[02/27/2026-11:09:08] [I] Average on 10 runs - GPU latency: 0.101022 ms - Host latency: 0.101022 ms (enqueue 0.079892 ms)
[02/27/2026-11:09:08] [I] Average on 10 runs - GPU latency: 0.101556 ms - Host latency: 0.101556 ms (enqueue 0.0820251 ms)
[02/27/2026-11:09:08] [I] Average on 10 runs - GPU latency: 0.102106 ms - Host latency: 0.102106 ms (enqueue 0.080069 ms)
[02/27/2026-11:09:08] [I] Average on 10 runs - GPU latency: 0.101843 ms - Host latency: 0.101843 ms (enqueue 0.0801941 ms)
[02/27/2026-11:09:08] [I] Average on 10 runs - GPU latency: 0.102405 ms - Host latency: 0.102405 ms (enqueue 0.077002 ms)
[02/27/2026-11:09:08] [I] Average on 10 runs - GPU latency: 0.101852 ms - Host latency: 0.101852 ms (enqueue 0.0800018 ms)
[02/27/2026-11:09:08] [I] Average on 10 runs - GPU latency: 0.101462 ms - Host latency: 0.101462 ms (enqueue 0.0813812 ms)
[02/27/2026-11:09:08] [I] Average on 10 runs - GPU latency: 0.101105 ms - Host latency: 0.101105 ms (enqueue 0.0816315 ms)
[02/27/2026-11:09:08] [I] Average on 10 runs - GPU latency: 0.101791 ms - Host latency: 0.101791 ms (enqueue 0.0791657 ms)
[02/27/2026-11:09:08] [I] Average on 10 runs - GPU latency: 0.101669 ms - Host latency: 0.101669 ms (enqueue 0.0804321 ms)
[02/27/2026-11:09:08] [I] Average on 10 runs - GPU latency: 0.101233 ms - Host latency: 0.101233 ms (enqueue 0.0802002 ms)
[02/27/2026-11:09:08] [I] Average on 10 runs - GPU latency: 0.101068 ms - Host latency: 0.101068 ms (enqueue 0.0800903 ms)
[02/27/2026-11:09:08] [I] Average on 10 runs - GPU latency: 0.101785 ms - Host latency: 0.101785 ms (enqueue 0.0792297 ms)
[02/27/2026-11:09:08] [I] Average on 10 runs - GPU latency: 0.101703 ms - Host latency: 0.101703 ms (enqueue 0.0807251 ms)
[02/27/2026-11:09:08] [I] Average on 10 runs - GPU latency: 0.101901 ms - Host latency: 0.101901 ms (enqueue 0.0772308 ms)
[02/27/2026-11:09:08] [I] Average on 10 runs - GPU latency: 0.101132 ms - Host latency: 0.101132 ms (enqueue 0.078772 ms)
[02/27/2026-11:09:08] [I] Average on 10 runs - GPU latency: 0.101324 ms - Host latency: 0.101324 ms (enqueue 0.0810425 ms)
[02/27/2026-11:09:08] [I] Average on 10 runs - GPU latency: 0.101846 ms - Host latency: 0.101846 ms (enqueue 0.0816742 ms)
[02/27/2026-11:09:08] [I] Average on 10 runs - GPU latency: 0.100919 ms - Host latency: 0.100919 ms (enqueue 0.0839478 ms)
[02/27/2026-11:09:08] [I] Average on 10 runs - GPU latency: 0.101831 ms - Host latency: 0.101831 ms (enqueue 0.0786865 ms)
[02/27/2026-11:09:08] [I] Average on 10 runs - GPU latency: 0.100937 ms - Host latency: 0.100937 ms (enqueue 0.0813812 ms)
[02/27/2026-11:09:08] [I] Average on 10 runs - GPU latency: 0.101297 ms - Host latency: 0.101297 ms (enqueue 0.0790009 ms)
[02/27/2026-11:09:08] [I] Average on 10 runs - GPU latency: 0.101425 ms - Host latency: 0.101425 ms (enqueue 0.085025 ms)
[02/27/2026-11:09:08] [I] Average on 10 runs - GPU latency: 0.102783 ms - Host latency: 0.102783 ms (enqueue 0.0794708 ms)
[02/27/2026-11:09:08] [I] Average on 10 runs - GPU latency: 0.102499 ms - Host latency: 0.102499 ms (enqueue 0.0779297 ms)
[02/27/2026-11:09:08] [I] Average on 10 runs - GPU latency: 0.102979 ms - Host latency: 0.102979 ms (enqueue 0.079541 ms)
[02/27/2026-11:09:08] [I] Average on 10 runs - GPU latency: 0.101599 ms - Host latency: 0.101599 ms (enqueue 0.0822632 ms)
[02/27/2026-11:09:08] [I] Average on 10 runs - GPU latency: 0.101694 ms - Host latency: 0.101694 ms (enqueue 0.0819061 ms)
[02/27/2026-11:09:08] [I] Average on 10 runs - GPU latency: 0.101022 ms - Host latency: 0.101022 ms (enqueue 0.0795898 ms)
[02/27/2026-11:09:08] [I] Average on 10 runs - GPU latency: 0.10206 ms - Host latency: 0.10206 ms (enqueue 0.0795441 ms)
[02/27/2026-11:09:08] [I] Average on 10 runs - GPU latency: 0.10083 ms - Host latency: 0.10083 ms (enqueue 0.0832123 ms)
[02/27/2026-11:09:08] [I] Average on 10 runs - GPU latency: 0.101486 ms - Host latency: 0.101486 ms (enqueue 0.0792877 ms)
[02/27/2026-11:09:08] [I] Average on 10 runs - GPU latency: 0.10206 ms - Host latency: 0.10206 ms (enqueue 0.0782806 ms)
[02/27/2026-11:09:08] [I] Average on 10 runs - GPU latency: 0.102048 ms - Host latency: 0.102048 ms (enqueue 0.0819397 ms)
[02/27/2026-11:09:08] [I] Average on 10 runs - GPU latency: 0.101364 ms - Host latency: 0.101364 ms (enqueue 0.0832459 ms)
[02/27/2026-11:09:08] [I] Average on 10 runs - GPU latency: 0.101752 ms - Host latency: 0.101752 ms (enqueue 0.0779846 ms)
[02/27/2026-11:09:08] [I] Average on 10 runs - GPU latency: 0.10166 ms - Host latency: 0.10166 ms (enqueue 0.0801483 ms)
[02/27/2026-11:09:08] [I] Average on 10 runs - GPU latency: 0.101871 ms - Host latency: 0.101871 ms (enqueue 0.0794067 ms)
[02/27/2026-11:09:08] [I] Average on 10 runs - GPU latency: 0.102252 ms - Host latency: 0.102252 ms (enqueue 0.0809814 ms)
[02/27/2026-11:09:08] [I] Average on 10 runs - GPU latency: 0.101791 ms - Host latency: 0.101791 ms (enqueue 0.0826355 ms)
[02/27/2026-11:09:08] [I] Average on 10 runs - GPU latency: 0.101321 ms - Host latency: 0.101321 ms (enqueue 0.0771637 ms)
[02/27/2026-11:09:08] [I] Average on 10 runs - GPU latency: 0.101865 ms - Host latency: 0.101865 ms (enqueue 0.0798004 ms)
[02/27/2026-11:09:08] [I] Average on 10 runs - GPU latency: 0.101343 ms - Host latency: 0.101343 ms (enqueue 0.0844391 ms)
[02/27/2026-11:09:08] [I] Average on 10 runs - GPU latency: 0.101569 ms - Host latency: 0.101569 ms (enqueue 0.0782562 ms)
[02/27/2026-11:09:08] [I] Average on 10 runs - GPU latency: 0.101416 ms - Host latency: 0.101416 ms (enqueue 0.0797668 ms)
[02/27/2026-11:09:08] [I] Average on 10 runs - GPU latency: 0.101797 ms - Host latency: 0.101797 ms (enqueue 0.0828552 ms)
[02/27/2026-11:09:08] [I] Average on 10 runs - GPU latency: 0.101935 ms - Host latency: 0.101935 ms (enqueue 0.0812683 ms)
[02/27/2026-11:09:08] [I] Average on 10 runs - GPU latency: 0.101865 ms - Host latency: 0.101865 ms (enqueue 0.0780518 ms)
[02/27/2026-11:09:08] [I] Average on 10 runs - GPU latency: 0.102023 ms - Host latency: 0.102023 ms (enqueue 0.082428 ms)
[02/27/2026-11:09:08] [I] Average on 10 runs - GPU latency: 0.102328 ms - Host latency: 0.102328 ms (enqueue 0.0831177 ms)
[02/27/2026-11:09:08] [I] Average on 10 runs - GPU latency: 0.101486 ms - Host latency: 0.101486 ms (enqueue 0.0775787 ms)
[02/27/2026-11:09:08] [I] Average on 10 runs - GPU latency: 0.101303 ms - Host latency: 0.101303 ms (enqueue 0.0806183 ms)
[02/27/2026-11:09:08] [I] Average on 10 runs - GPU latency: 0.101691 ms - Host latency: 0.101691 ms (enqueue 0.0796997 ms)
[02/27/2026-11:09:08] [I] Average on 10 runs - GPU latency: 0.101688 ms - Host latency: 0.101688 ms (enqueue 0.081311 ms)
[02/27/2026-11:09:08] [I] Average on 10 runs - GPU latency: 0.101804 ms - Host latency: 0.101804 ms (enqueue 0.0800842 ms)
[02/27/2026-11:09:08] [I] Average on 10 runs - GPU latency: 0.101865 ms - Host latency: 0.101865 ms (enqueue 0.0824249 ms)
[02/27/2026-11:09:08] [I] Average on 10 runs - GPU latency: 0.101642 ms - Host latency: 0.101642 ms (enqueue 0.0798859 ms)
[02/27/2026-11:09:08] [I] Average on 10 runs - GPU latency: 0.101367 ms - Host latency: 0.101367 ms (enqueue 0.0817017 ms)
[02/27/2026-11:09:08] [I] Average on 10 runs - GPU latency: 0.101849 ms - Host latency: 0.101849 ms (enqueue 0.0797638 ms)
[02/27/2026-11:09:08] [I] Average on 10 runs - GPU latency: 0.102313 ms - Host latency: 0.102313 ms (enqueue 0.0779816 ms)
[02/27/2026-11:09:08] [I] Average on 10 runs - GPU latency: 0.101593 ms - Host latency: 0.101593 ms (enqueue 0.0802124 ms)
[02/27/2026-11:09:08] [I] Average on 10 runs - GPU latency: 0.101794 ms - Host latency: 0.101794 ms (enqueue 0.0826965 ms)
[02/27/2026-11:09:08] [I] Average on 10 runs - GPU latency: 0.102283 ms - Host latency: 0.102283 ms (enqueue 0.0787964 ms)
[02/27/2026-11:09:08] [I] Average on 10 runs - GPU latency: 0.102161 ms - Host latency: 0.102161 ms (enqueue 0.0790588 ms)
[02/27/2026-11:09:08] [I] Average on 10 runs - GPU latency: 0.101721 ms - Host latency: 0.101721 ms (enqueue 0.0809082 ms)
[02/27/2026-11:09:08] [I] Average on 10 runs - GPU latency: 0.101465 ms - Host latency: 0.101465 ms (enqueue 0.0810608 ms)
[02/27/2026-11:09:08] [I] Average on 10 runs - GPU latency: 0.102698 ms - Host latency: 0.102698 ms (enqueue 0.0806091 ms)
[02/27/2026-11:09:08] [I] Average on 10 runs - GPU latency: 0.10127 ms - Host latency: 0.10127 ms (enqueue 0.0795959 ms)
[02/27/2026-11:09:08] [I] Average on 10 runs - GPU latency: 0.1013 ms - Host latency: 0.1013 ms (enqueue 0.083374 ms)
[02/27/2026-11:09:08] [I] Average on 10 runs - GPU latency: 0.102582 ms - Host latency: 0.102582 ms (enqueue 0.0797058 ms)
[02/27/2026-11:09:08] [I] Average on 10 runs - GPU latency: 0.101465 ms - Host latency: 0.101465 ms (enqueue 0.081134 ms)
[02/27/2026-11:09:08] [I] Average on 10 runs - GPU latency: 0.101868 ms - Host latency: 0.101868 ms (enqueue 0.0784058 ms)
[02/27/2026-11:09:08] [I] Average on 10 runs - GPU latency: 0.101221 ms - Host latency: 0.101221 ms (enqueue 0.0836975 ms)
[02/27/2026-11:09:08] [I] Average on 10 runs - GPU latency: 0.101599 ms - Host latency: 0.101599 ms (enqueue 0.0791138 ms)
[02/27/2026-11:09:08] [I] Average on 10 runs - GPU latency: 0.102313 ms - Host latency: 0.102313 ms (enqueue 0.0812988 ms)
[02/27/2026-11:09:08] [I] Average on 10 runs - GPU latency: 0.101874 ms - Host latency: 0.101874 ms (enqueue 0.0795044 ms)
[02/27/2026-11:09:08] [I] Average on 10 runs - GPU latency: 0.101044 ms - Host latency: 0.101044 ms (enqueue 0.0849976 ms)
[02/27/2026-11:09:08] [I] Average on 10 runs - GPU latency: 0.10249 ms - Host latency: 0.10249 ms (enqueue 0.078241 ms)
[02/27/2026-11:09:08] [I] Average on 10 runs - GPU latency: 0.101648 ms - Host latency: 0.101648 ms (enqueue 0.0795288 ms)
[02/27/2026-11:09:08] [I] Average on 10 runs - GPU latency: 0.101807 ms - Host latency: 0.101807 ms (enqueue 0.0812439 ms)
[02/27/2026-11:09:08] [I] Average on 10 runs - GPU latency: 0.102356 ms - Host latency: 0.102356 ms (enqueue 0.0815735 ms)
[02/27/2026-11:09:08] [I] Average on 10 runs - GPU latency: 0.10199 ms - Host latency: 0.10199 ms (enqueue 0.0821045 ms)
[02/27/2026-11:09:08] [I] Average on 10 runs - GPU latency: 0.101636 ms - Host latency: 0.101636 ms (enqueue 0.0808899 ms)
[02/27/2026-11:09:08] [I] Average on 10 runs - GPU latency: 0.101685 ms - Host latency: 0.101685 ms (enqueue 0.0834106 ms)
[02/27/2026-11:09:08] [I] Average on 10 runs - GPU latency: 0.102057 ms - Host latency: 0.102057 ms (enqueue 0.0787598 ms)
[02/27/2026-11:09:08] [I] Average on 10 runs - GPU latency: 0.101245 ms - Host latency: 0.101245 ms (enqueue 0.0793274 ms)
[02/27/2026-11:09:08] [I] Average on 10 runs - GPU latency: 0.101709 ms - Host latency: 0.101709 ms (enqueue 0.0774597 ms)
[02/27/2026-11:09:08] [I] Average on 10 runs - GPU latency: 0.101099 ms - Host latency: 0.101099 ms (enqueue 0.0811035 ms)
[02/27/2026-11:09:08] [I] Average on 10 runs - GPU latency: 0.10174 ms - Host latency: 0.10174 ms (enqueue 0.0808533 ms)
[02/27/2026-11:09:08] [I] Average on 10 runs - GPU latency: 0.101935 ms - Host latency: 0.101935 ms (enqueue 0.0806396 ms)
[02/27/2026-11:09:08] [I] Average on 10 runs - GPU latency: 0.10257 ms - Host latency: 0.10257 ms (enqueue 0.0813965 ms)
[02/27/2026-11:09:08] [I] Average on 10 runs - GPU latency: 0.101886 ms - Host latency: 0.101886 ms (enqueue 0.0807617 ms)
[02/27/2026-11:09:08] [I] Average on 10 runs - GPU latency: 0.102173 ms - Host latency: 0.102173 ms (enqueue 0.0807617 ms)
[02/27/2026-11:09:08] [I] Average on 10 runs - GPU latency: 0.102173 ms - Host latency: 0.102173 ms (enqueue 0.0806458 ms)
[02/27/2026-11:09:08] [I] Average on 10 runs - GPU latency: 0.101654 ms - Host latency: 0.101654 ms (enqueue 0.0799255 ms)
[02/27/2026-11:09:08] [I] Average on 10 runs - GPU latency: 0.101733 ms - Host latency: 0.101733 ms (enqueue 0.0806763 ms)
[02/27/2026-11:09:08] [I] Average on 10 runs - GPU latency: 0.10199 ms - Host latency: 0.10199 ms (enqueue 0.0812805 ms)
[02/27/2026-11:09:08] [I] Average on 10 runs - GPU latency: 0.102203 ms - Host latency: 0.102203 ms (enqueue 0.0797485 ms)
[02/27/2026-11:09:08] [I] Average on 10 runs - GPU latency: 0.101355 ms - Host latency: 0.101355 ms (enqueue 0.0784424 ms)
[02/27/2026-11:09:08] [I] Average on 10 runs - GPU latency: 0.101923 ms - Host latency: 0.101923 ms (enqueue 0.081842 ms)
[02/27/2026-11:09:08] [I] Average on 10 runs - GPU latency: 0.102338 ms - Host latency: 0.102338 ms (enqueue 0.0780334 ms)
[02/27/2026-11:09:08] [I] Average on 10 runs - GPU latency: 0.101581 ms - Host latency: 0.101581 ms (enqueue 0.081842 ms)
[02/27/2026-11:09:08] [I] Average on 10 runs - GPU latency: 0.102393 ms - Host latency: 0.102393 ms (enqueue 0.0824951 ms)
[02/27/2026-11:09:08] [I] Average on 10 runs - GPU latency: 0.102301 ms - Host latency: 0.102301 ms (enqueue 0.0803467 ms)
[02/27/2026-11:09:08] [I] Average on 10 runs - GPU latency: 0.101892 ms - Host latency: 0.101892 ms (enqueue 0.0788696 ms)
[02/27/2026-11:09:08] [I] Average on 10 runs - GPU latency: 0.101868 ms - Host latency: 0.101868 ms (enqueue 0.0810486 ms)
[02/27/2026-11:09:08] [I] Average on 10 runs - GPU latency: 0.100916 ms - Host latency: 0.100916 ms (enqueue 0.0811035 ms)
[02/27/2026-11:09:08] [I] Average on 10 runs - GPU latency: 0.102191 ms - Host latency: 0.102191 ms (enqueue 0.080658 ms)
[02/27/2026-11:09:08] [I] Average on 10 runs - GPU latency: 0.10177 ms - Host latency: 0.10177 ms (enqueue 0.0811279 ms)
[02/27/2026-11:09:08] [I] Average on 10 runs - GPU latency: 0.101343 ms - Host latency: 0.101343 ms (enqueue 0.0803711 ms)
[02/27/2026-11:09:08] [I] Average on 10 runs - GPU latency: 0.102319 ms - Host latency: 0.102319 ms (enqueue 0.0782227 ms)
[02/27/2026-11:09:08] [I] Average on 10 runs - GPU latency: 0.101892 ms - Host latency: 0.101892 ms (enqueue 0.0826782 ms)
[02/27/2026-11:09:08] [I] Average on 10 runs - GPU latency: 0.101984 ms - Host latency: 0.101984 ms (enqueue 0.0806702 ms)
[02/27/2026-11:09:08] [I] Average on 10 runs - GPU latency: 0.101508 ms - Host latency: 0.101508 ms (enqueue 0.0814575 ms)
[02/27/2026-11:09:08] [I] Average on 10 runs - GPU latency: 0.101794 ms - Host latency: 0.101794 ms (enqueue 0.081311 ms)
[02/27/2026-11:09:08] [I] Average on 10 runs - GPU latency: 0.101215 ms - Host latency: 0.101215 ms (enqueue 0.08396 ms)
[02/27/2026-11:09:08] [I] Average on 10 runs - GPU latency: 0.102594 ms - Host latency: 0.102594 ms (enqueue 0.0785706 ms)
[02/27/2026-11:09:08] [I] Average on 10 runs - GPU latency: 0.10152 ms - Host latency: 0.10152 ms (enqueue 0.0803955 ms)
[02/27/2026-11:09:08] [I] Average on 10 runs - GPU latency: 0.10199 ms - Host latency: 0.10199 ms (enqueue 0.0806274 ms)
[02/27/2026-11:09:08] [I] Average on 10 runs - GPU latency: 0.101648 ms - Host latency: 0.101648 ms (enqueue 0.0820312 ms)
[02/27/2026-11:09:08] [I] Average on 10 runs - GPU latency: 0.102319 ms - Host latency: 0.102319 ms (enqueue 0.0804443 ms)
[02/27/2026-11:09:08] [I] Average on 10 runs - GPU latency: 0.101605 ms - Host latency: 0.101605 ms (enqueue 0.0785889 ms)
[02/27/2026-11:09:08] [I] Average on 10 runs - GPU latency: 0.102252 ms - Host latency: 0.102252 ms (enqueue 0.0804138 ms)
[02/27/2026-11:09:08] [I] Average on 10 runs - GPU latency: 0.101752 ms - Host latency: 0.101752 ms (enqueue 0.0821655 ms)
[02/27/2026-11:09:08] [I] Average on 10 runs - GPU latency: 0.101746 ms - Host latency: 0.101746 ms (enqueue 0.0789063 ms)
[02/27/2026-11:09:08] [I] Average on 10 runs - GPU latency: 0.101453 ms - Host latency: 0.101453 ms (enqueue 0.0806396 ms)
[02/27/2026-11:09:08] [I] Average on 10 runs - GPU latency: 0.101691 ms - Host latency: 0.101691 ms (enqueue 0.0832947 ms)
[02/27/2026-11:09:08] [I] Average on 10 runs - GPU latency: 0.101837 ms - Host latency: 0.101837 ms (enqueue 0.0784912 ms)
[02/27/2026-11:09:08] [I] Average on 10 runs - GPU latency: 0.101764 ms - Host latency: 0.101764 ms (enqueue 0.0798462 ms)
[02/27/2026-11:09:08] [I] Average on 10 runs - GPU latency: 0.101532 ms - Host latency: 0.101532 ms (enqueue 0.0797607 ms)
[02/27/2026-11:09:08] [I] Average on 10 runs - GPU latency: 0.101532 ms - Host latency: 0.101532 ms (enqueue 0.0809937 ms)
[02/27/2026-11:09:08] [I] Average on 10 runs - GPU latency: 0.101575 ms - Host latency: 0.101575 ms (enqueue 0.0809143 ms)
[02/27/2026-11:09:08] [I] Average on 10 runs - GPU latency: 0.101904 ms - Host latency: 0.101904 ms (enqueue 0.0801453 ms)
[02/27/2026-11:09:08] [I] Average on 10 runs - GPU latency: 0.101831 ms - Host latency: 0.101831 ms (enqueue 0.0804688 ms)
[02/27/2026-11:09:08] [I] Average on 10 runs - GPU latency: 0.101917 ms - Host latency: 0.101917 ms (enqueue 0.0824585 ms)
[02/27/2026-11:09:08] [I] Average on 10 runs - GPU latency: 0.102637 ms - Host latency: 0.102637 ms (enqueue 0.0804932 ms)
[02/27/2026-11:09:08] [I] Average on 10 runs - GPU latency: 0.101862 ms - Host latency: 0.101862 ms (enqueue 0.0805969 ms)
[02/27/2026-11:09:08] [I] Average on 10 runs - GPU latency: 0.101544 ms - Host latency: 0.101544 ms (enqueue 0.0798462 ms)
[02/27/2026-11:09:08] [I] Average on 10 runs - GPU latency: 0.102228 ms - Host latency: 0.102228 ms (enqueue 0.0832031 ms)
[02/27/2026-11:09:08] [I] Average on 10 runs - GPU latency: 0.101776 ms - Host latency: 0.101776 ms (enqueue 0.0787048 ms)
[02/27/2026-11:09:08] [I] Average on 10 runs - GPU latency: 0.101093 ms - Host latency: 0.101093 ms (enqueue 0.0821045 ms)
[02/27/2026-11:09:08] [I] Average on 10 runs - GPU latency: 0.101556 ms - Host latency: 0.101556 ms (enqueue 0.0796326 ms)
[02/27/2026-11:09:08] [I] Average on 10 runs - GPU latency: 0.102625 ms - Host latency: 0.102625 ms (enqueue 0.0825745 ms)
[02/27/2026-11:09:08] [I] Average on 10 runs - GPU latency: 0.102118 ms - Host latency: 0.102118 ms (enqueue 0.077887 ms)
[02/27/2026-11:09:08] [I] Average on 10 runs - GPU latency: 0.101489 ms - Host latency: 0.101489 ms (enqueue 0.0823303 ms)
[02/27/2026-11:09:08] [I] Average on 10 runs - GPU latency: 0.101752 ms - Host latency: 0.101752 ms (enqueue 0.07948 ms)
[02/27/2026-11:09:08] [I] Average on 10 runs - GPU latency: 0.101672 ms - Host latency: 0.101672 ms (enqueue 0.0825317 ms)
[02/27/2026-11:09:08] [I] Average on 10 runs - GPU latency: 0.101923 ms - Host latency: 0.101923 ms (enqueue 0.0805603 ms)
[02/27/2026-11:09:08] [I] Average on 10 runs - GPU latency: 0.101471 ms - Host latency: 0.101471 ms (enqueue 0.0809631 ms)
[02/27/2026-11:09:08] [I] Average on 10 runs - GPU latency: 0.101764 ms - Host latency: 0.101764 ms (enqueue 0.0794983 ms)
[02/27/2026-11:09:08] [I] Average on 10 runs - GPU latency: 0.102563 ms - Host latency: 0.102563 ms (enqueue 0.0807922 ms)
[02/27/2026-11:09:08] [I] Average on 10 runs - GPU latency: 0.102667 ms - Host latency: 0.102667 ms (enqueue 0.0797729 ms)
[02/27/2026-11:09:08] [I] Average on 10 runs - GPU latency: 0.102124 ms - Host latency: 0.102124 ms (enqueue 0.0811401 ms)
[02/27/2026-11:09:08] [I] Average on 10 runs - GPU latency: 0.102222 ms - Host latency: 0.102222 ms (enqueue 0.0812927 ms)
[02/27/2026-11:09:08] [I] Average on 10 runs - GPU latency: 0.102002 ms - Host latency: 0.102002 ms (enqueue 0.0801636 ms)
[02/27/2026-11:09:08] [I] Average on 10 runs - GPU latency: 0.10152 ms - Host latency: 0.10152 ms (enqueue 0.079718 ms)
[02/27/2026-11:09:08] [I] Average on 10 runs - GPU latency: 0.102039 ms - Host latency: 0.102039 ms (enqueue 0.0806946 ms)
[02/27/2026-11:09:08] [I] Average on 10 runs - GPU latency: 0.101721 ms - Host latency: 0.101721 ms (enqueue 0.0808899 ms)
[02/27/2026-11:09:08] [I] Average on 10 runs - GPU latency: 0.102112 ms - Host latency: 0.102112 ms (enqueue 0.081427 ms)
[02/27/2026-11:09:08] [I] Average on 10 runs - GPU latency: 0.102759 ms - Host latency: 0.102759 ms (enqueue 0.0786987 ms)
[02/27/2026-11:09:08] [I] Average on 10 runs - GPU latency: 0.101373 ms - Host latency: 0.101373 ms (enqueue 0.0794067 ms)
[02/27/2026-11:09:08] [I] Average on 10 runs - GPU latency: 0.102533 ms - Host latency: 0.102533 ms (enqueue 0.0816223 ms)
[02/27/2026-11:09:08] [I] Average on 10 runs - GPU latency: 0.101385 ms - Host latency: 0.101385 ms (enqueue 0.0802734 ms)
[02/27/2026-11:09:08] [I] Average on 10 runs - GPU latency: 0.101611 ms - Host latency: 0.101611 ms (enqueue 0.0806641 ms)
[02/27/2026-11:09:08] [I] Average on 10 runs - GPU latency: 0.101581 ms - Host latency: 0.101581 ms (enqueue 0.0796692 ms)
[02/27/2026-11:09:08] [I] Average on 10 runs - GPU latency: 0.102087 ms - Host latency: 0.102087 ms (enqueue 0.078656 ms)
[02/27/2026-11:09:08] [I] Average on 10 runs - GPU latency: 0.102234 ms - Host latency: 0.102234 ms (enqueue 0.0817261 ms)
[02/27/2026-11:09:08] [I] Average on 10 runs - GPU latency: 0.102155 ms - Host latency: 0.102155 ms (enqueue 0.0803467 ms)
[02/27/2026-11:09:08] [I] Average on 10 runs - GPU latency: 0.101672 ms - Host latency: 0.101672 ms (enqueue 0.0795166 ms)
[02/27/2026-11:09:08] [I] Average on 10 runs - GPU latency: 0.101556 ms - Host latency: 0.101556 ms (enqueue 0.0823791 ms)
[02/27/2026-11:09:08] [I] Average on 10 runs - GPU latency: 0.101672 ms - Host latency: 0.101672 ms (enqueue 0.0799439 ms)
[02/27/2026-11:09:08] [I] Average on 10 runs - GPU latency: 0.101447 ms - Host latency: 0.101447 ms (enqueue 0.0799988 ms)
[02/27/2026-11:09:08] [I] Average on 10 runs - GPU latency: 0.101288 ms - Host latency: 0.101288 ms (enqueue 0.0814087 ms)
[02/27/2026-11:09:08] [I] Average on 10 runs - GPU latency: 0.101416 ms - Host latency: 0.101416 ms (enqueue 0.0825134 ms)
[02/27/2026-11:09:08] [I] Average on 10 runs - GPU latency: 0.101239 ms - Host latency: 0.101239 ms (enqueue 0.0779602 ms)
[02/27/2026-11:09:08] [I] Average on 10 runs - GPU latency: 0.102673 ms - Host latency: 0.102673 ms (enqueue 0.0799194 ms)
[02/27/2026-11:09:08] [I] Average on 10 runs - GPU latency: 0.102057 ms - Host latency: 0.102057 ms (enqueue 0.0793945 ms)
[02/27/2026-11:09:08] [I] Average on 10 runs - GPU latency: 0.101447 ms - Host latency: 0.101447 ms (enqueue 0.080072 ms)
[02/27/2026-11:09:08] [I] Average on 10 runs - GPU latency: 0.101691 ms - Host latency: 0.101691 ms (enqueue 0.0811157 ms)
[02/27/2026-11:09:08] [I] Average on 10 runs - GPU latency: 0.102527 ms - Host latency: 0.102527 ms (enqueue 0.0789368 ms)
[02/27/2026-11:09:08] [I] Average on 10 runs - GPU latency: 0.102264 ms - Host latency: 0.102264 ms (enqueue 0.0822815 ms)
[02/27/2026-11:09:08] [I] Average on 10 runs - GPU latency: 0.101837 ms - Host latency: 0.101837 ms (enqueue 0.0774475 ms)
[02/27/2026-11:09:08] [I] Average on 10 runs - GPU latency: 0.101746 ms - Host latency: 0.101746 ms (enqueue 0.0814758 ms)
[02/27/2026-11:09:08] [I] Average on 10 runs - GPU latency: 0.101782 ms - Host latency: 0.101782 ms (enqueue 0.0794128 ms)
[02/27/2026-11:09:08] [I] Average on 10 runs - GPU latency: 0.101678 ms - Host latency: 0.101678 ms (enqueue 0.0825806 ms)
[02/27/2026-11:09:08] [I] Average on 10 runs - GPU latency: 0.101923 ms - Host latency: 0.101923 ms (enqueue 0.0793335 ms)
[02/27/2026-11:09:08] [I] Average on 10 runs - GPU latency: 0.101971 ms - Host latency: 0.101971 ms (enqueue 0.0792175 ms)
[02/27/2026-11:09:08] [I] Average on 10 runs - GPU latency: 0.101569 ms - Host latency: 0.101569 ms (enqueue 0.0806396 ms)
[02/27/2026-11:09:08] [I] Average on 10 runs - GPU latency: 0.101654 ms - Host latency: 0.101654 ms (enqueue 0.0799316 ms)
[02/27/2026-11:09:08] [I] Average on 10 runs - GPU latency: 0.101941 ms - Host latency: 0.101941 ms (enqueue 0.0789429 ms)
[02/27/2026-11:09:08] [I] Average on 10 runs - GPU latency: 0.101666 ms - Host latency: 0.101666 ms (enqueue 0.0777832 ms)
[02/27/2026-11:09:08] [I] Average on 10 runs - GPU latency: 0.10285 ms - Host latency: 0.10285 ms (enqueue 0.0802246 ms)
[02/27/2026-11:09:08] [I] Average on 10 runs - GPU latency: 0.10127 ms - Host latency: 0.10127 ms (enqueue 0.0818054 ms)
[02/27/2026-11:09:08] [I] Average on 10 runs - GPU latency: 0.101715 ms - Host latency: 0.101715 ms (enqueue 0.0792175 ms)
[02/27/2026-11:09:08] [I] Average on 10 runs - GPU latency: 0.101416 ms - Host latency: 0.101416 ms (enqueue 0.0815125 ms)
[02/27/2026-11:09:08] [I] Average on 10 runs - GPU latency: 0.101678 ms - Host latency: 0.101678 ms (enqueue 0.0785095 ms)
[02/27/2026-11:09:08] [I] Average on 10 runs - GPU latency: 0.10105 ms - Host latency: 0.10105 ms (enqueue 0.0799439 ms)
[02/27/2026-11:09:08] [I] Average on 10 runs - GPU latency: 0.102008 ms - Host latency: 0.102008 ms (enqueue 0.0781738 ms)
[02/27/2026-11:09:08] [I] Average on 10 runs - GPU latency: 0.102722 ms - Host latency: 0.102722 ms (enqueue 0.0780701 ms)
[02/27/2026-11:09:08] [I] Average on 10 runs - GPU latency: 0.10166 ms - Host latency: 0.10166 ms (enqueue 0.0799194 ms)
[02/27/2026-11:09:08] [I] Average on 10 runs - GPU latency: 0.101599 ms - Host latency: 0.101599 ms (enqueue 0.0815796 ms)
[02/27/2026-11:09:08] [I] Average on 10 runs - GPU latency: 0.10202 ms - Host latency: 0.10202 ms (enqueue 0.0807922 ms)
[02/27/2026-11:09:08] [I] Average on 10 runs - GPU latency: 0.101294 ms - Host latency: 0.101294 ms (enqueue 0.0807678 ms)
[02/27/2026-11:09:08] [I] Average on 10 runs - GPU latency: 0.10166 ms - Host latency: 0.10166 ms (enqueue 0.0799439 ms)
[02/27/2026-11:09:08] [I] Average on 10 runs - GPU latency: 0.102545 ms - Host latency: 0.102545 ms (enqueue 0.0789551 ms)
[02/27/2026-11:09:08] [I] Average on 10 runs - GPU latency: 0.101984 ms - Host latency: 0.101984 ms (enqueue 0.0798157 ms)
[02/27/2026-11:09:08] [I] Average on 10 runs - GPU latency: 0.10116 ms - Host latency: 0.10116 ms (enqueue 0.0818359 ms)
[02/27/2026-11:09:08] [I] Average on 10 runs - GPU latency: 0.101929 ms - Host latency: 0.101929 ms (enqueue 0.0776917 ms)
[02/27/2026-11:09:08] [I] Average on 10 runs - GPU latency: 0.102148 ms - Host latency: 0.102148 ms (enqueue 0.0806152 ms)
[02/27/2026-11:09:08] [I] Average on 10 runs - GPU latency: 0.102557 ms - Host latency: 0.102557 ms (enqueue 0.0783081 ms)
[02/27/2026-11:09:08] [I] Average on 10 runs - GPU latency: 0.10177 ms - Host latency: 0.10177 ms (enqueue 0.0794617 ms)
[02/27/2026-11:09:08] [I] Average on 10 runs - GPU latency: 0.101276 ms - Host latency: 0.101276 ms (enqueue 0.0809326 ms)
[02/27/2026-11:09:08] [I] Average on 10 runs - GPU latency: 0.101398 ms - Host latency: 0.101398 ms (enqueue 0.0794556 ms)
[02/27/2026-11:09:08] [I] Average on 10 runs - GPU latency: 0.101898 ms - Host latency: 0.101898 ms (enqueue 0.07948 ms)
[02/27/2026-11:09:08] [I] Average on 10 runs - GPU latency: 0.101752 ms - Host latency: 0.101752 ms (enqueue 0.0813782 ms)
[02/27/2026-11:09:08] [I] Average on 10 runs - GPU latency: 0.101746 ms - Host latency: 0.101746 ms (enqueue 0.082251 ms)
[02/27/2026-11:09:08] [I] Average on 10 runs - GPU latency: 0.102173 ms - Host latency: 0.102173 ms (enqueue 0.0785828 ms)
[02/27/2026-11:09:08] [I] Average on 10 runs - GPU latency: 0.102472 ms - Host latency: 0.102472 ms (enqueue 0.0791016 ms)
[02/27/2026-11:09:08] [I] Average on 10 runs - GPU latency: 0.102234 ms - Host latency: 0.102234 ms (enqueue 0.0795593 ms)
[02/27/2026-11:09:08] [I] Average on 10 runs - GPU latency: 0.101593 ms - Host latency: 0.101593 ms (enqueue 0.0804688 ms)
[02/27/2026-11:09:08] [I] Average on 10 runs - GPU latency: 0.102002 ms - Host latency: 0.102002 ms (enqueue 0.0799377 ms)
[02/27/2026-11:09:08] [I] Average on 10 runs - GPU latency: 0.102179 ms - Host latency: 0.102179 ms (enqueue 0.0812195 ms)
[02/27/2026-11:09:08] [I] Average on 10 runs - GPU latency: 0.102307 ms - Host latency: 0.102307 ms (enqueue 0.0806702 ms)
[02/27/2026-11:09:08] [I] Average on 10 runs - GPU latency: 0.102124 ms - Host latency: 0.102124 ms (enqueue 0.079187 ms)
[02/27/2026-11:09:08] [I] Average on 10 runs - GPU latency: 0.101257 ms - Host latency: 0.101257 ms (enqueue 0.0795105 ms)
[02/27/2026-11:09:08] [I] Average on 10 runs - GPU latency: 0.102643 ms - Host latency: 0.102643 ms (enqueue 0.0809998 ms)
[02/27/2026-11:09:08] [I] Average on 10 runs - GPU latency: 0.101135 ms - Host latency: 0.101135 ms (enqueue 0.0791992 ms)
[02/27/2026-11:09:08] [I] Average on 10 runs - GPU latency: 0.102441 ms - Host latency: 0.102441 ms (enqueue 0.0813904 ms)
[02/27/2026-11:09:08] [I] Average on 10 runs - GPU latency: 0.101636 ms - Host latency: 0.101636 ms (enqueue 0.079541 ms)
[02/27/2026-11:09:08] [I] Average on 10 runs - GPU latency: 0.101917 ms - Host latency: 0.101917 ms (enqueue 0.0822327 ms)
[02/27/2026-11:09:08] [I] Average on 10 runs - GPU latency: 0.102155 ms - Host latency: 0.102155 ms (enqueue 0.079303 ms)
[02/27/2026-11:09:08] [I] Average on 10 runs - GPU latency: 0.101923 ms - Host latency: 0.101923 ms (enqueue 0.0771729 ms)
[02/27/2026-11:09:08] [I] Average on 10 runs - GPU latency: 0.100934 ms - Host latency: 0.100934 ms (enqueue 0.0803711 ms)
[02/27/2026-11:09:08] [I] Average on 10 runs - GPU latency: 0.101276 ms - Host latency: 0.101276 ms (enqueue 0.0810425 ms)
[02/27/2026-11:09:08] [I] Average on 10 runs - GPU latency: 0.102106 ms - Host latency: 0.102106 ms (enqueue 0.0806519 ms)
[02/27/2026-11:09:08] [I] Average on 10 runs - GPU latency: 0.102283 ms - Host latency: 0.102283 ms (enqueue 0.0801208 ms)
[02/27/2026-11:09:08] [I] Average on 10 runs - GPU latency: 0.101447 ms - Host latency: 0.101447 ms (enqueue 0.0803589 ms)
[02/27/2026-11:09:08] [I] Average on 10 runs - GPU latency: 0.101715 ms - Host latency: 0.101715 ms (enqueue 0.0804321 ms)
[02/27/2026-11:09:08] [I] Average on 10 runs - GPU latency: 0.102032 ms - Host latency: 0.102032 ms (enqueue 0.0818054 ms)
[02/27/2026-11:09:08] [I] Average on 10 runs - GPU latency: 0.10155 ms - Host latency: 0.10155 ms (enqueue 0.0799194 ms)
[02/27/2026-11:09:08] [I] Average on 10 runs - GPU latency: 0.101849 ms - Host latency: 0.101849 ms (enqueue 0.0801086 ms)
[02/27/2026-11:09:08] [I] Average on 10 runs - GPU latency: 0.101965 ms - Host latency: 0.101965 ms (enqueue 0.0794617 ms)
[02/27/2026-11:09:08] [I] Average on 10 runs - GPU latency: 0.100714 ms - Host latency: 0.100714 ms (enqueue 0.0808594 ms)
[02/27/2026-11:09:08] [I] Average on 10 runs - GPU latency: 0.101941 ms - Host latency: 0.101941 ms (enqueue 0.0762146 ms)
[02/27/2026-11:09:08] [I] Average on 10 runs - GPU latency: 0.100793 ms - Host latency: 0.100793 ms (enqueue 0.078894 ms)
[02/27/2026-11:09:08] [I] Average on 10 runs - GPU latency: 0.102441 ms - Host latency: 0.102441 ms (enqueue 0.0788635 ms)
[02/27/2026-11:09:08] [I] Average on 10 runs - GPU latency: 0.101459 ms - Host latency: 0.101459 ms (enqueue 0.0823975 ms)
[02/27/2026-11:09:08] [I] Average on 10 runs - GPU latency: 0.102667 ms - Host latency: 0.102667 ms (enqueue 0.0782227 ms)
[02/27/2026-11:09:08] [I] Average on 10 runs - GPU latency: 0.101917 ms - Host latency: 0.101917 ms (enqueue 0.0794006 ms)
[02/27/2026-11:09:08] [I] Average on 10 runs - GPU latency: 0.102045 ms - Host latency: 0.102045 ms (enqueue 0.0786865 ms)
[02/27/2026-11:09:08] [I] Average on 10 runs - GPU latency: 0.101343 ms - Host latency: 0.101343 ms (enqueue 0.0820679 ms)
[02/27/2026-11:09:08] [I] Average on 10 runs - GPU latency: 0.101398 ms - Host latency: 0.101398 ms (enqueue 0.0797607 ms)
[02/27/2026-11:09:08] [I] Average on 10 runs - GPU latency: 0.102832 ms - Host latency: 0.102832 ms (enqueue 0.07995 ms)
[02/27/2026-11:09:08] [I] Average on 10 runs - GPU latency: 0.101776 ms - Host latency: 0.101776 ms (enqueue 0.0802063 ms)
[02/27/2026-11:09:08] [I] Average on 10 runs - GPU latency: 0.101801 ms - Host latency: 0.101801 ms (enqueue 0.081012 ms)
[02/27/2026-11:09:08] [I] Average on 10 runs - GPU latency: 0.102118 ms - Host latency: 0.102118 ms (enqueue 0.0799866 ms)
[02/27/2026-11:09:08] [I] Average on 10 runs - GPU latency: 0.101776 ms - Host latency: 0.101776 ms (enqueue 0.0796387 ms)
[02/27/2026-11:09:08] [I] Average on 10 runs - GPU latency: 0.101685 ms - Host latency: 0.101685 ms (enqueue 0.0797913 ms)
[02/27/2026-11:09:08] [I] Average on 10 runs - GPU latency: 0.101489 ms - Host latency: 0.101489 ms (enqueue 0.0816162 ms)
[02/27/2026-11:09:08] [I] Average on 10 runs - GPU latency: 0.102051 ms - Host latency: 0.102051 ms (enqueue 0.07995 ms)
[02/27/2026-11:09:08] [I] Average on 10 runs - GPU latency: 0.102161 ms - Host latency: 0.102161 ms (enqueue 0.0809509 ms)
[02/27/2026-11:09:08] [I] Average on 10 runs - GPU latency: 0.102148 ms - Host latency: 0.102148 ms (enqueue 0.0780945 ms)
[02/27/2026-11:09:08] [I] Average on 10 runs - GPU latency: 0.10188 ms - Host latency: 0.10188 ms (enqueue 0.0802612 ms)
[02/27/2026-11:09:08] [I] Average on 10 runs - GPU latency: 0.101666 ms - Host latency: 0.101666 ms (enqueue 0.0811768 ms)
[02/27/2026-11:09:08] [I] Average on 10 runs - GPU latency: 0.102051 ms - Host latency: 0.102051 ms (enqueue 0.0807617 ms)
[02/27/2026-11:09:08] [I] Average on 10 runs - GPU latency: 0.101263 ms - Host latency: 0.101263 ms (enqueue 0.0821045 ms)
[02/27/2026-11:09:08] [I] Average on 10 runs - GPU latency: 0.101782 ms - Host latency: 0.101782 ms (enqueue 0.0777344 ms)
[02/27/2026-11:09:08] [I] Average on 10 runs - GPU latency: 0.101941 ms - Host latency: 0.101941 ms (enqueue 0.0789673 ms)
[02/27/2026-11:09:08] [I] Average on 10 runs - GPU latency: 0.101984 ms - Host latency: 0.101984 ms (enqueue 0.0801453 ms)
[02/27/2026-11:09:08] [I] Average on 10 runs - GPU latency: 0.10166 ms - Host latency: 0.10166 ms (enqueue 0.0804993 ms)
[02/27/2026-11:09:08] [I] Average on 10 runs - GPU latency: 0.101556 ms - Host latency: 0.101556 ms (enqueue 0.080304 ms)
[02/27/2026-11:09:08] [I] Average on 10 runs - GPU latency: 0.102429 ms - Host latency: 0.102429 ms (enqueue 0.077124 ms)
[02/27/2026-11:09:08] [I] Average on 10 runs - GPU latency: 0.101721 ms - Host latency: 0.101721 ms (enqueue 0.0817749 ms)
[02/27/2026-11:09:08] [I] Average on 10 runs - GPU latency: 0.101776 ms - Host latency: 0.101776 ms (enqueue 0.0810181 ms)
[02/27/2026-11:09:08] [I] Average on 10 runs - GPU latency: 0.101666 ms - Host latency: 0.101666 ms (enqueue 0.080896 ms)
[02/27/2026-11:09:08] [I] Average on 10 runs - GPU latency: 0.101324 ms - Host latency: 0.101324 ms (enqueue 0.0808777 ms)
[02/27/2026-11:09:08] [I] Average on 10 runs - GPU latency: 0.101868 ms - Host latency: 0.101868 ms (enqueue 0.0797119 ms)
[02/27/2026-11:09:08] [I] Average on 10 runs - GPU latency: 0.102118 ms - Host latency: 0.102118 ms (enqueue 0.0802307 ms)
[02/27/2026-11:09:08] [I] Average on 10 runs - GPU latency: 0.101868 ms - Host latency: 0.101868 ms (enqueue 0.0807495 ms)
[02/27/2026-11:09:08] [I] Average on 10 runs - GPU latency: 0.10188 ms - Host latency: 0.10188 ms (enqueue 0.0787292 ms)
[02/27/2026-11:09:08] [I] Average on 10 runs - GPU latency: 0.101788 ms - Host latency: 0.101788 ms (enqueue 0.0806824 ms)
[02/27/2026-11:09:08] [I] Average on 10 runs - GPU latency: 0.101471 ms - Host latency: 0.101471 ms (enqueue 0.0817749 ms)
[02/27/2026-11:09:08] [I] Average on 10 runs - GPU latency: 0.102148 ms - Host latency: 0.102148 ms (enqueue 0.0813965 ms)
[02/27/2026-11:09:08] [I] Average on 10 runs - GPU latency: 0.102094 ms - Host latency: 0.102094 ms (enqueue 0.0804626 ms)
[02/27/2026-11:09:08] [I] Average on 10 runs - GPU latency: 0.102167 ms - Host latency: 0.102167 ms (enqueue 0.0809387 ms)
[02/27/2026-11:09:08] [I] Average on 10 runs - GPU latency: 0.102087 ms - Host latency: 0.102087 ms (enqueue 0.0814453 ms)
[02/27/2026-11:09:08] [I] Average on 10 runs - GPU latency: 0.101691 ms - Host latency: 0.101691 ms (enqueue 0.081311 ms)
[02/27/2026-11:09:08] [I] Average on 10 runs - GPU latency: 0.102203 ms - Host latency: 0.102203 ms (enqueue 0.078125 ms)
[02/27/2026-11:09:08] [I] Average on 10 runs - GPU latency: 0.101801 ms - Host latency: 0.101801 ms (enqueue 0.0803711 ms)
[02/27/2026-11:09:08] [I] Average on 10 runs - GPU latency: 0.102173 ms - Host latency: 0.102173 ms (enqueue 0.079718 ms)
[02/27/2026-11:09:08] [I] Average on 10 runs - GPU latency: 0.102295 ms - Host latency: 0.102295 ms (enqueue 0.0801758 ms)
[02/27/2026-11:09:08] [I] Average on 10 runs - GPU latency: 0.102069 ms - Host latency: 0.102069 ms (enqueue 0.0784424 ms)
[02/27/2026-11:09:08] [I] Average on 10 runs - GPU latency: 0.101721 ms - Host latency: 0.101721 ms (enqueue 0.0843811 ms)
[02/27/2026-11:09:08] [I] Average on 10 runs - GPU latency: 0.101733 ms - Host latency: 0.101733 ms (enqueue 0.0782654 ms)
[02/27/2026-11:09:08] [I] Average on 10 runs - GPU latency: 0.100739 ms - Host latency: 0.100739 ms (enqueue 0.079126 ms)
[02/27/2026-11:09:08] [I] Average on 10 runs - GPU latency: 0.102576 ms - Host latency: 0.102576 ms (enqueue 0.0779663 ms)
[02/27/2026-11:09:08] [I] Average on 10 runs - GPU latency: 0.101996 ms - Host latency: 0.101996 ms (enqueue 0.0806641 ms)
[02/27/2026-11:09:08] [I] Average on 10 runs - GPU latency: 0.101721 ms - Host latency: 0.101721 ms (enqueue 0.0803894 ms)
[02/27/2026-11:09:08] [I] Average on 10 runs - GPU latency: 0.102124 ms - Host latency: 0.102124 ms (enqueue 0.0808289 ms)
[02/27/2026-11:09:08] [I] Average on 10 runs - GPU latency: 0.102631 ms - Host latency: 0.102631 ms (enqueue 0.0778992 ms)
[02/27/2026-11:09:08] [I] Average on 10 runs - GPU latency: 0.102277 ms - Host latency: 0.102277 ms (enqueue 0.0817078 ms)
[02/27/2026-11:09:08] [I] Average on 10 runs - GPU latency: 0.101862 ms - Host latency: 0.101862 ms (enqueue 0.0807068 ms)
[02/27/2026-11:09:08] [I] Average on 10 runs - GPU latency: 0.101361 ms - Host latency: 0.101361 ms (enqueue 0.0796997 ms)
[02/27/2026-11:09:08] [I] Average on 10 runs - GPU latency: 0.101971 ms - Host latency: 0.101971 ms (enqueue 0.0790771 ms)
[02/27/2026-11:09:08] [I] Average on 10 runs - GPU latency: 0.101477 ms - Host latency: 0.101477 ms (enqueue 0.0825684 ms)
[02/27/2026-11:09:08] [I] Average on 10 runs - GPU latency: 0.101868 ms - Host latency: 0.101868 ms (enqueue 0.0812927 ms)
[02/27/2026-11:09:08] [I] Average on 10 runs - GPU latency: 0.101965 ms - Host latency: 0.101965 ms (enqueue 0.0799683 ms)
[02/27/2026-11:09:08] [I] Average on 10 runs - GPU latency: 0.102008 ms - Host latency: 0.102008 ms (enqueue 0.0799988 ms)
[02/27/2026-11:09:08] [I] Average on 10 runs - GPU latency: 0.101904 ms - Host latency: 0.101904 ms (enqueue 0.0801941 ms)
[02/27/2026-11:09:08] [I] Average on 10 runs - GPU latency: 0.101532 ms - Host latency: 0.101532 ms (enqueue 0.0807373 ms)
[02/27/2026-11:09:08] [I] Average on 10 runs - GPU latency: 0.102197 ms - Host latency: 0.102197 ms (enqueue 0.0818726 ms)
[02/27/2026-11:09:08] [I] Average on 10 runs - GPU latency: 0.101544 ms - Host latency: 0.101544 ms (enqueue 0.0802185 ms)
[02/27/2026-11:09:08] [I] Average on 10 runs - GPU latency: 0.101532 ms - Host latency: 0.101532 ms (enqueue 0.0810364 ms)
[02/27/2026-11:09:08] [I] Average on 10 runs - GPU latency: 0.101416 ms - Host latency: 0.101416 ms (enqueue 0.081366 ms)
[02/27/2026-11:09:08] [I] Average on 10 runs - GPU latency: 0.101886 ms - Host latency: 0.101886 ms (enqueue 0.0810242 ms)
[02/27/2026-11:09:08] [I] Average on 10 runs - GPU latency: 0.102008 ms - Host latency: 0.102008 ms (enqueue 0.0805908 ms)
[02/27/2026-11:09:08] [I] Average on 10 runs - GPU latency: 0.101526 ms - Host latency: 0.101526 ms (enqueue 0.0796509 ms)
[02/27/2026-11:09:08] [I] Average on 10 runs - GPU latency: 0.101965 ms - Host latency: 0.101965 ms (enqueue 0.0794373 ms)
[02/27/2026-11:09:08] [I] Average on 10 runs - GPU latency: 0.101691 ms - Host latency: 0.101691 ms (enqueue 0.0809387 ms)
[02/27/2026-11:09:08] [I] Average on 10 runs - GPU latency: 0.101874 ms - Host latency: 0.101874 ms (enqueue 0.0818665 ms)
[02/27/2026-11:09:08] [I] Average on 10 runs - GPU latency: 0.101367 ms - Host latency: 0.101367 ms (enqueue 0.0791077 ms)
[02/27/2026-11:09:08] [I] Average on 10 runs - GPU latency: 0.102411 ms - Host latency: 0.102411 ms (enqueue 0.0808838 ms)
[02/27/2026-11:09:08] [I] Average on 10 runs - GPU latency: 0.102057 ms - Host latency: 0.102057 ms (enqueue 0.0784729 ms)
[02/27/2026-11:09:08] [I] Average on 10 runs - GPU latency: 0.101794 ms - Host latency: 0.101794 ms (enqueue 0.0810791 ms)
[02/27/2026-11:09:08] [I] Average on 10 runs - GPU latency: 0.101581 ms - Host latency: 0.101581 ms (enqueue 0.0788086 ms)
[02/27/2026-11:09:08] [I] Average on 10 runs - GPU latency: 0.10141 ms - Host latency: 0.10141 ms (enqueue 0.0822693 ms)
[02/27/2026-11:09:08] [I] Average on 10 runs - GPU latency: 0.101965 ms - Host latency: 0.101965 ms (enqueue 0.0811035 ms)
[02/27/2026-11:09:08] [I] Average on 10 runs - GPU latency: 0.101855 ms - Host latency: 0.101855 ms (enqueue 0.0810669 ms)
[02/27/2026-11:09:08] [I] Average on 10 runs - GPU latency: 0.101685 ms - Host latency: 0.101685 ms (enqueue 0.0797302 ms)
[02/27/2026-11:09:08] [I] Average on 10 runs - GPU latency: 0.101819 ms - Host latency: 0.101819 ms (enqueue 0.0825012 ms)
[02/27/2026-11:09:08] [I] Average on 10 runs - GPU latency: 0.102222 ms - Host latency: 0.102222 ms (enqueue 0.0799011 ms)
[02/27/2026-11:09:08] [I] Average on 10 runs - GPU latency: 0.101831 ms - Host latency: 0.101831 ms (enqueue 0.0813293 ms)
[02/27/2026-11:09:08] [I] Average on 10 runs - GPU latency: 0.101886 ms - Host latency: 0.101886 ms (enqueue 0.0796387 ms)
[02/27/2026-11:09:08] [I] Average on 10 runs - GPU latency: 0.102319 ms - Host latency: 0.102319 ms (enqueue 0.0795532 ms)
[02/27/2026-11:09:08] [I] Average on 10 runs - GPU latency: 0.101752 ms - Host latency: 0.101752 ms (enqueue 0.0817322 ms)
[02/27/2026-11:09:08] [I] Average on 10 runs - GPU latency: 0.101843 ms - Host latency: 0.101843 ms (enqueue 0.0787903 ms)
[02/27/2026-11:09:08] [I] Average on 10 runs - GPU latency: 0.101782 ms - Host latency: 0.101782 ms (enqueue 0.081665 ms)
[02/27/2026-11:09:08] [I] Average on 10 runs - GPU latency: 0.101721 ms - Host latency: 0.101721 ms (enqueue 0.0808777 ms)
[02/27/2026-11:09:08] [I] Average on 10 runs - GPU latency: 0.101965 ms - Host latency: 0.101965 ms (enqueue 0.0777649 ms)
[02/27/2026-11:09:08] [I] Average on 10 runs - GPU latency: 0.101788 ms - Host latency: 0.101788 ms (enqueue 0.0825867 ms)
[02/27/2026-11:09:08] [I] Average on 10 runs - GPU latency: 0.101514 ms - Host latency: 0.101514 ms (enqueue 0.080249 ms)
[02/27/2026-11:09:08] [I] Average on 10 runs - GPU latency: 0.102002 ms - Host latency: 0.102002 ms (enqueue 0.0810242 ms)
[02/27/2026-11:09:08] [I] Average on 10 runs - GPU latency: 0.10155 ms - Host latency: 0.10155 ms (enqueue 0.0816895 ms)
[02/27/2026-11:09:08] [I] Average on 10 runs - GPU latency: 0.10246 ms - Host latency: 0.10246 ms (enqueue 0.0817871 ms)
[02/27/2026-11:09:08] [I] Average on 10 runs - GPU latency: 0.101575 ms - Host latency: 0.101575 ms (enqueue 0.0809326 ms)
[02/27/2026-11:09:08] [I] Average on 10 runs - GPU latency: 0.102118 ms - Host latency: 0.102118 ms (enqueue 0.0767639 ms)
[02/27/2026-11:09:08] [I] Average on 10 runs - GPU latency: 0.10177 ms - Host latency: 0.10177 ms (enqueue 0.0809326 ms)
[02/27/2026-11:09:08] [I] Average on 10 runs - GPU latency: 0.102252 ms - Host latency: 0.102252 ms (enqueue 0.0802185 ms)
[02/27/2026-11:09:08] [I] Average on 10 runs - GPU latency: 0.102338 ms - Host latency: 0.102338 ms (enqueue 0.0796448 ms)
[02/27/2026-11:09:08] [I] Average on 10 runs - GPU latency: 0.101764 ms - Host latency: 0.101764 ms (enqueue 0.0799988 ms)
[02/27/2026-11:09:08] [I] Average on 10 runs - GPU latency: 0.101233 ms - Host latency: 0.101233 ms (enqueue 0.079541 ms)
[02/27/2026-11:09:08] [I] Average on 10 runs - GPU latency: 0.101837 ms - Host latency: 0.101837 ms (enqueue 0.0801331 ms)
[02/27/2026-11:09:08] [I] Average on 10 runs - GPU latency: 0.101239 ms - Host latency: 0.101239 ms (enqueue 0.0799744 ms)
[02/27/2026-11:09:08] [I] Average on 10 runs - GPU latency: 0.101764 ms - Host latency: 0.101764 ms (enqueue 0.0807068 ms)
[02/27/2026-11:09:08] [I] Average on 10 runs - GPU latency: 0.101721 ms - Host latency: 0.101721 ms (enqueue 0.0819763 ms)
[02/27/2026-11:09:08] [I] Average on 10 runs - GPU latency: 0.102008 ms - Host latency: 0.102008 ms (enqueue 0.0789734 ms)
[02/27/2026-11:09:08] [I] Average on 10 runs - GPU latency: 0.101587 ms - Host latency: 0.101587 ms (enqueue 0.0815796 ms)
[02/27/2026-11:09:08] [I] Average on 10 runs - GPU latency: 0.102527 ms - Host latency: 0.102527 ms (enqueue 0.0788574 ms)
[02/27/2026-11:09:08] [I] Average on 10 runs - GPU latency: 0.101904 ms - Host latency: 0.101904 ms (enqueue 0.0820312 ms)
[02/27/2026-11:09:08] [I] Average on 10 runs - GPU latency: 0.102301 ms - Host latency: 0.102301 ms (enqueue 0.0798401 ms)
[02/27/2026-11:09:08] [I] Average on 10 runs - GPU latency: 0.101965 ms - Host latency: 0.101965 ms (enqueue 0.0792847 ms)
[02/27/2026-11:09:08] [I] Average on 10 runs - GPU latency: 0.101434 ms - Host latency: 0.101434 ms (enqueue 0.0782471 ms)
[02/27/2026-11:09:08] [I] Average on 10 runs - GPU latency: 0.101337 ms - Host latency: 0.101337 ms (enqueue 0.0817871 ms)
[02/27/2026-11:09:08] [I] Average on 10 runs - GPU latency: 0.101917 ms - Host latency: 0.101917 ms (enqueue 0.0782166 ms)
[02/27/2026-11:09:08] [I] Average on 10 runs - GPU latency: 0.101862 ms - Host latency: 0.101862 ms (enqueue 0.0793457 ms)
[02/27/2026-11:09:08] [I] Average on 10 runs - GPU latency: 0.10274 ms - Host latency: 0.10274 ms (enqueue 0.0789795 ms)
[02/27/2026-11:09:08] [I] Average on 10 runs - GPU latency: 0.101672 ms - Host latency: 0.101672 ms (enqueue 0.0806824 ms)
[02/27/2026-11:09:08] [I] Average on 10 runs - GPU latency: 0.101721 ms - Host latency: 0.101721 ms (enqueue 0.0787231 ms)
[02/27/2026-11:09:08] [I] Average on 10 runs - GPU latency: 0.1008 ms - Host latency: 0.1008 ms (enqueue 0.0805115 ms)
[02/27/2026-11:09:08] [I] Average on 10 runs - GPU latency: 0.101483 ms - Host latency: 0.101483 ms (enqueue 0.0787537 ms)
[02/27/2026-11:09:08] [I] Average on 10 runs - GPU latency: 0.101361 ms - Host latency: 0.101361 ms (enqueue 0.0832825 ms)
[02/27/2026-11:09:08] [I] Average on 10 runs - GPU latency: 0.101245 ms - Host latency: 0.101245 ms (enqueue 0.0805298 ms)
[02/27/2026-11:09:08] [I] Average on 10 runs - GPU latency: 0.101874 ms - Host latency: 0.101874 ms (enqueue 0.0815125 ms)
[02/27/2026-11:09:08] [I] Average on 10 runs - GPU latency: 0.101758 ms - Host latency: 0.101758 ms (enqueue 0.08125 ms)
[02/27/2026-11:09:08] [I] Average on 10 runs - GPU latency: 0.101703 ms - Host latency: 0.101703 ms (enqueue 0.0801575 ms)
[02/27/2026-11:09:08] [I] Average on 10 runs - GPU latency: 0.101343 ms - Host latency: 0.101343 ms (enqueue 0.0792908 ms)
[02/27/2026-11:09:08] [I] Average on 10 runs - GPU latency: 0.101794 ms - Host latency: 0.101794 ms (enqueue 0.0788086 ms)
[02/27/2026-11:09:08] [I] Average on 10 runs - GPU latency: 0.102539 ms - Host latency: 0.102539 ms (enqueue 0.0804932 ms)
[02/27/2026-11:09:08] [I] Average on 10 runs - GPU latency: 0.101923 ms - Host latency: 0.101923 ms (enqueue 0.0810791 ms)
[02/27/2026-11:09:08] [I] Average on 10 runs - GPU latency: 0.101208 ms - Host latency: 0.101208 ms (enqueue 0.0814758 ms)
[02/27/2026-11:09:08] [I] Average on 10 runs - GPU latency: 0.101764 ms - Host latency: 0.101764 ms (enqueue 0.079126 ms)
[02/27/2026-11:09:08] [I] Average on 10 runs - GPU latency: 0.101569 ms - Host latency: 0.101569 ms (enqueue 0.0819092 ms)
[02/27/2026-11:09:08] [I] Average on 10 runs - GPU latency: 0.101672 ms - Host latency: 0.101672 ms (enqueue 0.0802307 ms)
[02/27/2026-11:09:08] [I] Average on 10 runs - GPU latency: 0.10155 ms - Host latency: 0.10155 ms (enqueue 0.0802673 ms)
[02/27/2026-11:09:08] [I] Average on 10 runs - GPU latency: 0.10213 ms - Host latency: 0.10213 ms (enqueue 0.0823364 ms)
[02/27/2026-11:09:08] [I] Average on 10 runs - GPU latency: 0.101196 ms - Host latency: 0.101196 ms (enqueue 0.0813721 ms)
[02/27/2026-11:09:08] [I] Average on 10 runs - GPU latency: 0.101642 ms - Host latency: 0.101642 ms (enqueue 0.0795654 ms)
[02/27/2026-11:09:08] [I] Average on 10 runs - GPU latency: 0.103265 ms - Host latency: 0.103265 ms (enqueue 0.0807983 ms)
[02/27/2026-11:09:08] [I] Average on 10 runs - GPU latency: 0.102155 ms - Host latency: 0.102155 ms (enqueue 0.0785706 ms)
[02/27/2026-11:09:08] [I] Average on 10 runs - GPU latency: 0.101331 ms - Host latency: 0.101331 ms (enqueue 0.081604 ms)
[02/27/2026-11:09:08] [I] Average on 10 runs - GPU latency: 0.101312 ms - Host latency: 0.101312 ms (enqueue 0.0790771 ms)
[02/27/2026-11:09:08] [I] Average on 10 runs - GPU latency: 0.101709 ms - Host latency: 0.101709 ms (enqueue 0.080127 ms)
[02/27/2026-11:09:08] [I] Average on 10 runs - GPU latency: 0.101514 ms - Host latency: 0.101514 ms (enqueue 0.0797546 ms)
[02/27/2026-11:09:08] [I] Average on 10 runs - GPU latency: 0.101459 ms - Host latency: 0.101459 ms (enqueue 0.0802856 ms)
[02/27/2026-11:09:08] [I] Average on 10 runs - GPU latency: 0.100958 ms - Host latency: 0.100958 ms (enqueue 0.0802856 ms)
[02/27/2026-11:09:08] [I] Average on 10 runs - GPU latency: 0.101978 ms - Host latency: 0.101978 ms (enqueue 0.0819031 ms)
[02/27/2026-11:09:08] [I] Average on 10 runs - GPU latency: 0.102063 ms - Host latency: 0.102063 ms (enqueue 0.0778992 ms)
[02/27/2026-11:09:08] [I] Average on 10 runs - GPU latency: 0.101245 ms - Host latency: 0.101245 ms (enqueue 0.0785828 ms)
[02/27/2026-11:09:08] [I] Average on 10 runs - GPU latency: 0.102502 ms - Host latency: 0.102502 ms (enqueue 0.0811035 ms)
[02/27/2026-11:09:08] [I] Average on 10 runs - GPU latency: 0.101849 ms - Host latency: 0.101849 ms (enqueue 0.0799561 ms)
[02/27/2026-11:09:08] [I] Average on 10 runs - GPU latency: 0.101819 ms - Host latency: 0.101819 ms (enqueue 0.0825989 ms)
[02/27/2026-11:09:08] [I] Average on 10 runs - GPU latency: 0.101001 ms - Host latency: 0.101001 ms (enqueue 0.0794373 ms)
[02/27/2026-11:09:08] [I] Average on 10 runs - GPU latency: 0.102161 ms - Host latency: 0.102161 ms (enqueue 0.07995 ms)
[02/27/2026-11:09:08] [I] Average on 10 runs - GPU latency: 0.101605 ms - Host latency: 0.101605 ms (enqueue 0.0772644 ms)
[02/27/2026-11:09:08] [I] Average on 10 runs - GPU latency: 0.101385 ms - Host latency: 0.101385 ms (enqueue 0.080249 ms)
[02/27/2026-11:09:08] [I] Average on 10 runs - GPU latency: 0.100714 ms - Host latency: 0.100714 ms (enqueue 0.0806458 ms)
[02/27/2026-11:09:08] [I] Average on 10 runs - GPU latency: 0.10163 ms - Host latency: 0.10163 ms (enqueue 0.0803467 ms)
[02/27/2026-11:09:08] [I] Average on 10 runs - GPU latency: 0.102307 ms - Host latency: 0.102307 ms (enqueue 0.079657 ms)
[02/27/2026-11:09:08] [I] Average on 10 runs - GPU latency: 0.101764 ms - Host latency: 0.101764 ms (enqueue 0.0807678 ms)
[02/27/2026-11:09:08] [I] Average on 10 runs - GPU latency: 0.101721 ms - Host latency: 0.101721 ms (enqueue 0.0809204 ms)
[02/27/2026-11:09:08] [I] Average on 10 runs - GPU latency: 0.102228 ms - Host latency: 0.102228 ms (enqueue 0.0792786 ms)
[02/27/2026-11:09:08] [I] Average on 10 runs - GPU latency: 0.101782 ms - Host latency: 0.101782 ms (enqueue 0.0824768 ms)
[02/27/2026-11:09:08] [I] Average on 10 runs - GPU latency: 0.101672 ms - Host latency: 0.101672 ms (enqueue 0.0796631 ms)
[02/27/2026-11:09:08] [I] Average on 10 runs - GPU latency: 0.101819 ms - Host latency: 0.101819 ms (enqueue 0.0800293 ms)
[02/27/2026-11:09:08] [I] Average on 10 runs - GPU latency: 0.101508 ms - Host latency: 0.101508 ms (enqueue 0.0793152 ms)
[02/27/2026-11:09:08] [I] Average on 10 runs - GPU latency: 0.101154 ms - Host latency: 0.101154 ms (enqueue 0.0816406 ms)
[02/27/2026-11:09:08] [I] Average on 10 runs - GPU latency: 0.10174 ms - Host latency: 0.10174 ms (enqueue 0.081781 ms)
[02/27/2026-11:09:08] [I] Average on 10 runs - GPU latency: 0.101581 ms - Host latency: 0.101581 ms (enqueue 0.0800598 ms)
[02/27/2026-11:09:08] [I] Average on 10 runs - GPU latency: 0.101727 ms - Host latency: 0.101727 ms (enqueue 0.0822022 ms)
[02/27/2026-11:09:08] [I] Average on 10 runs - GPU latency: 0.101813 ms - Host latency: 0.101813 ms (enqueue 0.0799255 ms)
[02/27/2026-11:09:08] [I] Average on 10 runs - GPU latency: 0.101666 ms - Host latency: 0.101666 ms (enqueue 0.0839355 ms)
[02/27/2026-11:09:08] [I] Average on 10 runs - GPU latency: 0.10058 ms - Host latency: 0.10058 ms (enqueue 0.0797729 ms)
[02/27/2026-11:09:08] [I] Average on 10 runs - GPU latency: 0.101575 ms - Host latency: 0.101575 ms (enqueue 0.0791138 ms)
[02/27/2026-11:09:08] [I] Average on 10 runs - GPU latency: 0.10127 ms - Host latency: 0.10127 ms (enqueue 0.0815002 ms)
[02/27/2026-11:09:08] [I] Average on 10 runs - GPU latency: 0.101965 ms - Host latency: 0.101965 ms (enqueue 0.0805664 ms)
[02/27/2026-11:09:08] [I] Average on 10 runs - GPU latency: 0.101343 ms - Host latency: 0.101343 ms (enqueue 0.0804688 ms)
[02/27/2026-11:09:08] [I] Average on 10 runs - GPU latency: 0.101514 ms - Host latency: 0.101514 ms (enqueue 0.0803955 ms)
[02/27/2026-11:09:08] [I] Average on 10 runs - GPU latency: 0.10166 ms - Host latency: 0.10166 ms (enqueue 0.0809692 ms)
[02/27/2026-11:09:08] [I] Average on 10 runs - GPU latency: 0.101422 ms - Host latency: 0.101422 ms (enqueue 0.0802551 ms)
[02/27/2026-11:09:08] [I] Average on 10 runs - GPU latency: 0.101471 ms - Host latency: 0.101471 ms (enqueue 0.078009 ms)
[02/27/2026-11:09:08] [I] Average on 10 runs - GPU latency: 0.101428 ms - Host latency: 0.101428 ms (enqueue 0.0807861 ms)
[02/27/2026-11:09:08] [I] Average on 10 runs - GPU latency: 0.102039 ms - Host latency: 0.102039 ms (enqueue 0.0821777 ms)
[02/27/2026-11:09:08] [I] Average on 10 runs - GPU latency: 0.102374 ms - Host latency: 0.102374 ms (enqueue 0.0802002 ms)
[02/27/2026-11:09:08] [I] Average on 10 runs - GPU latency: 0.102136 ms - Host latency: 0.102136 ms (enqueue 0.0785156 ms)
[02/27/2026-11:09:08] [I] Average on 10 runs - GPU latency: 0.101752 ms - Host latency: 0.101752 ms (enqueue 0.0795532 ms)
[02/27/2026-11:09:08] [I] Average on 10 runs - GPU latency: 0.101483 ms - Host latency: 0.101483 ms (enqueue 0.0822571 ms)
[02/27/2026-11:09:08] [I] Average on 10 runs - GPU latency: 0.102026 ms - Host latency: 0.102026 ms (enqueue 0.0805054 ms)
[02/27/2026-11:09:08] [I] Average on 10 runs - GPU latency: 0.101624 ms - Host latency: 0.101624 ms (enqueue 0.0796753 ms)
[02/27/2026-11:09:08] [I] Average on 10 runs - GPU latency: 0.101855 ms - Host latency: 0.101855 ms (enqueue 0.0807678 ms)
[02/27/2026-11:09:08] [I] Average on 10 runs - GPU latency: 0.102032 ms - Host latency: 0.102032 ms (enqueue 0.0803589 ms)
[02/27/2026-11:09:08] [I] Average on 10 runs - GPU latency: 0.101385 ms - Host latency: 0.101385 ms (enqueue 0.0802307 ms)
[02/27/2026-11:09:08] [I] Average on 10 runs - GPU latency: 0.101715 ms - Host latency: 0.101715 ms (enqueue 0.0796631 ms)
[02/27/2026-11:09:08] [I] Average on 10 runs - GPU latency: 0.101917 ms - Host latency: 0.101917 ms (enqueue 0.0804688 ms)
[02/27/2026-11:09:08] [I] Average on 10 runs - GPU latency: 0.102734 ms - Host latency: 0.102734 ms (enqueue 0.0815002 ms)
[02/27/2026-11:09:08] [I] Average on 10 runs - GPU latency: 0.102264 ms - Host latency: 0.102264 ms (enqueue 0.0798584 ms)
[02/27/2026-11:09:08] [I] Average on 10 runs - GPU latency: 0.102228 ms - Host latency: 0.102228 ms (enqueue 0.0786743 ms)
[02/27/2026-11:09:08] [I] Average on 10 runs - GPU latency: 0.10144 ms - Host latency: 0.10144 ms (enqueue 0.0826111 ms)
[02/27/2026-11:09:08] [I] Average on 10 runs - GPU latency: 0.102014 ms - Host latency: 0.102014 ms (enqueue 0.0802002 ms)
[02/27/2026-11:09:08] [I] Average on 10 runs - GPU latency: 0.101471 ms - Host latency: 0.101471 ms (enqueue 0.0801331 ms)
[02/27/2026-11:09:08] [I] Average on 10 runs - GPU latency: 0.102008 ms - Host latency: 0.102008 ms (enqueue 0.0797852 ms)
[02/27/2026-11:09:08] [I] Average on 10 runs - GPU latency: 0.101721 ms - Host latency: 0.101721 ms (enqueue 0.0800476 ms)
[02/27/2026-11:09:08] [I] Average on 10 runs - GPU latency: 0.102802 ms - Host latency: 0.102802 ms (enqueue 0.0823547 ms)
[02/27/2026-11:09:08] [I] Average on 10 runs - GPU latency: 0.102087 ms - Host latency: 0.102087 ms (enqueue 0.0789612 ms)
[02/27/2026-11:09:08] [I] Average on 10 runs - GPU latency: 0.101929 ms - Host latency: 0.101929 ms (enqueue 0.0797363 ms)
[02/27/2026-11:09:08] [I] Average on 10 runs - GPU latency: 0.101855 ms - Host latency: 0.101855 ms (enqueue 0.0820496 ms)
[02/27/2026-11:09:08] [I] Average on 10 runs - GPU latency: 0.101978 ms - Host latency: 0.101978 ms (enqueue 0.077832 ms)
[02/27/2026-11:09:08] [I] Average on 10 runs - GPU latency: 0.102203 ms - Host latency: 0.102203 ms (enqueue 0.0793945 ms)
[02/27/2026-11:09:08] [I] Average on 10 runs - GPU latency: 0.101245 ms - Host latency: 0.101245 ms (enqueue 0.0799194 ms)
[02/27/2026-11:09:08] [I] Average on 10 runs - GPU latency: 0.101117 ms - Host latency: 0.101117 ms (enqueue 0.0804626 ms)
[02/27/2026-11:09:08] [I] Average on 10 runs - GPU latency: 0.101758 ms - Host latency: 0.101758 ms (enqueue 0.0798889 ms)
[02/27/2026-11:09:08] [I] Average on 10 runs - GPU latency: 0.101648 ms - Host latency: 0.101648 ms (enqueue 0.0817566 ms)
[02/27/2026-11:09:08] [I] Average on 10 runs - GPU latency: 0.101227 ms - Host latency: 0.101227 ms (enqueue 0.07995 ms)
[02/27/2026-11:09:08] [I] Average on 10 runs - GPU latency: 0.101489 ms - Host latency: 0.101489 ms (enqueue 0.0799011 ms)
[02/27/2026-11:09:08] [I] Average on 10 runs - GPU latency: 0.102307 ms - Host latency: 0.102307 ms (enqueue 0.0828125 ms)
[02/27/2026-11:09:08] [I] Average on 10 runs - GPU latency: 0.101385 ms - Host latency: 0.101385 ms (enqueue 0.0809082 ms)
[02/27/2026-11:09:08] [I] Average on 10 runs - GPU latency: 0.101245 ms - Host latency: 0.101245 ms (enqueue 0.079126 ms)
[02/27/2026-11:09:08] [I] Average on 10 runs - GPU latency: 0.101019 ms - Host latency: 0.101019 ms (enqueue 0.0823059 ms)
[02/27/2026-11:09:08] [I] Average on 10 runs - GPU latency: 0.101862 ms - Host latency: 0.101862 ms (enqueue 0.0805969 ms)
[02/27/2026-11:09:08] [I] Average on 10 runs - GPU latency: 0.1026 ms - Host latency: 0.1026 ms (enqueue 0.0785278 ms)
[02/27/2026-11:09:08] [I] Average on 10 runs - GPU latency: 0.101764 ms - Host latency: 0.101764 ms (enqueue 0.0813171 ms)
[02/27/2026-11:09:08] [I] Average on 10 runs - GPU latency: 0.102112 ms - Host latency: 0.102112 ms (enqueue 0.0798706 ms)
[02/27/2026-11:09:08] [I] Average on 10 runs - GPU latency: 0.102673 ms - Host latency: 0.102673 ms (enqueue 0.0790771 ms)
[02/27/2026-11:09:08] [I] Average on 10 runs - GPU latency: 0.101434 ms - Host latency: 0.101434 ms (enqueue 0.0794495 ms)
[02/27/2026-11:09:08] [I] Average on 10 runs - GPU latency: 0.102338 ms - Host latency: 0.102338 ms (enqueue 0.0798645 ms)
[02/27/2026-11:09:08] [I] Average on 10 runs - GPU latency: 0.101794 ms - Host latency: 0.101794 ms (enqueue 0.0808289 ms)
[02/27/2026-11:09:08] [I] Average on 10 runs - GPU latency: 0.102197 ms - Host latency: 0.102197 ms (enqueue 0.0814514 ms)
[02/27/2026-11:09:08] [I] Average on 10 runs - GPU latency: 0.10127 ms - Host latency: 0.10127 ms (enqueue 0.0809814 ms)
[02/27/2026-11:09:08] [I] Average on 10 runs - GPU latency: 0.101459 ms - Host latency: 0.101459 ms (enqueue 0.0806458 ms)
[02/27/2026-11:09:08] [I] Average on 10 runs - GPU latency: 0.101672 ms - Host latency: 0.101672 ms (enqueue 0.0800415 ms)
[02/27/2026-11:09:08] [I] Average on 10 runs - GPU latency: 0.101965 ms - Host latency: 0.101965 ms (enqueue 0.078418 ms)
[02/27/2026-11:09:08] [I] Average on 10 runs - GPU latency: 0.10144 ms - Host latency: 0.10144 ms (enqueue 0.0804504 ms)
[02/27/2026-11:09:08] [I] Average on 10 runs - GPU latency: 0.101355 ms - Host latency: 0.101355 ms (enqueue 0.0832031 ms)
[02/27/2026-11:09:08] [I] Average on 10 runs - GPU latency: 0.101746 ms - Host latency: 0.101746 ms (enqueue 0.078241 ms)
[02/27/2026-11:09:08] [I] Average on 10 runs - GPU latency: 0.102124 ms - Host latency: 0.102124 ms (enqueue 0.0799805 ms)
[02/27/2026-11:09:08] [I] Average on 10 runs - GPU latency: 0.101263 ms - Host latency: 0.101263 ms (enqueue 0.0802612 ms)
[02/27/2026-11:09:08] [I] Average on 10 runs - GPU latency: 0.101251 ms - Host latency: 0.101251 ms (enqueue 0.0816834 ms)
[02/27/2026-11:09:08] [I] Average on 10 runs - GPU latency: 0.102197 ms - Host latency: 0.102197 ms (enqueue 0.0795105 ms)
[02/27/2026-11:09:08] [I] Average on 10 runs - GPU latency: 0.101654 ms - Host latency: 0.101654 ms (enqueue 0.078186 ms)
[02/27/2026-11:09:08] [I] Average on 10 runs - GPU latency: 0.101709 ms - Host latency: 0.101709 ms (enqueue 0.0789185 ms)
[02/27/2026-11:09:08] [I] Average on 10 runs - GPU latency: 0.101709 ms - Host latency: 0.101709 ms (enqueue 0.0812439 ms)
[02/27/2026-11:09:08] [I] Average on 10 runs - GPU latency: 0.101923 ms - Host latency: 0.101923 ms (enqueue 0.0810913 ms)
[02/27/2026-11:09:08] [I] Average on 10 runs - GPU latency: 0.102496 ms - Host latency: 0.102496 ms (enqueue 0.0785278 ms)
[02/27/2026-11:09:08] [I] Average on 10 runs - GPU latency: 0.101483 ms - Host latency: 0.101483 ms (enqueue 0.0807861 ms)
[02/27/2026-11:09:08] [I] Average on 10 runs - GPU latency: 0.101929 ms - Host latency: 0.101929 ms (enqueue 0.0797974 ms)
[02/27/2026-11:09:08] [I] Average on 10 runs - GPU latency: 0.102002 ms - Host latency: 0.102002 ms (enqueue 0.0800781 ms)
[02/27/2026-11:09:08] [I] Average on 10 runs - GPU latency: 0.101733 ms - Host latency: 0.101733 ms (enqueue 0.0798462 ms)
[02/27/2026-11:09:08] [I] Average on 10 runs - GPU latency: 0.102032 ms - Host latency: 0.102032 ms (enqueue 0.0797302 ms)
[02/27/2026-11:09:08] [I] Average on 10 runs - GPU latency: 0.101868 ms - Host latency: 0.101868 ms (enqueue 0.0813477 ms)
[02/27/2026-11:09:08] [I] Average on 10 runs - GPU latency: 0.102002 ms - Host latency: 0.102002 ms (enqueue 0.0805359 ms)
[02/27/2026-11:09:08] [I] Average on 10 runs - GPU latency: 0.101593 ms - Host latency: 0.101593 ms (enqueue 0.079187 ms)
[02/27/2026-11:09:08] [I] Average on 10 runs - GPU latency: 0.101294 ms - Host latency: 0.101294 ms (enqueue 0.0789856 ms)
[02/27/2026-11:09:08] [I] Average on 10 runs - GPU latency: 0.101062 ms - Host latency: 0.101062 ms (enqueue 0.0811768 ms)
[02/27/2026-11:09:08] [I] Average on 10 runs - GPU latency: 0.101831 ms - Host latency: 0.101831 ms (enqueue 0.0802124 ms)
[02/27/2026-11:09:08] [I] Average on 10 runs - GPU latency: 0.10191 ms - Host latency: 0.10191 ms (enqueue 0.0820129 ms)
[02/27/2026-11:09:08] [I] Average on 10 runs - GPU latency: 0.10166 ms - Host latency: 0.10166 ms (enqueue 0.0788452 ms)
[02/27/2026-11:09:08] [I] Average on 10 runs - GPU latency: 0.101691 ms - Host latency: 0.101691 ms (enqueue 0.0805054 ms)
[02/27/2026-11:09:08] [I] Average on 10 runs - GPU latency: 0.101819 ms - Host latency: 0.101819 ms (enqueue 0.0814148 ms)
[02/27/2026-11:09:08] [I] Average on 10 runs - GPU latency: 0.102716 ms - Host latency: 0.102716 ms (enqueue 0.0788635 ms)
[02/27/2026-11:09:08] [I] Average on 10 runs - GPU latency: 0.101862 ms - Host latency: 0.101862 ms (enqueue 0.0820679 ms)
[02/27/2026-11:09:08] [I] Average on 10 runs - GPU latency: 0.102295 ms - Host latency: 0.102295 ms (enqueue 0.0786377 ms)
[02/27/2026-11:09:08] [I] Average on 10 runs - GPU latency: 0.102032 ms - Host latency: 0.102032 ms (enqueue 0.0815918 ms)
[02/27/2026-11:09:08] [I] Average on 10 runs - GPU latency: 0.102295 ms - Host latency: 0.102295 ms (enqueue 0.0794495 ms)
[02/27/2026-11:09:08] [I] Average on 10 runs - GPU latency: 0.101715 ms - Host latency: 0.101715 ms (enqueue 0.0794678 ms)
[02/27/2026-11:09:08] [I] Average on 10 runs - GPU latency: 0.101752 ms - Host latency: 0.101752 ms (enqueue 0.0799133 ms)
[02/27/2026-11:09:08] [I] Average on 10 runs - GPU latency: 0.101526 ms - Host latency: 0.101526 ms (enqueue 0.0816711 ms)
[02/27/2026-11:09:08] [I] Average on 10 runs - GPU latency: 0.101306 ms - Host latency: 0.101306 ms (enqueue 0.0785522 ms)
[02/27/2026-11:09:08] [I] Average on 10 runs - GPU latency: 0.101581 ms - Host latency: 0.101581 ms (enqueue 0.0791016 ms)
[02/27/2026-11:09:08] [I] Average on 10 runs - GPU latency: 0.102386 ms - Host latency: 0.102386 ms (enqueue 0.0797119 ms)
[02/27/2026-11:09:08] [I] Average on 10 runs - GPU latency: 0.102441 ms - Host latency: 0.102441 ms (enqueue 0.0798828 ms)
[02/27/2026-11:09:08] [I] Average on 10 runs - GPU latency: 0.101227 ms - Host latency: 0.101227 ms (enqueue 0.0803528 ms)
[02/27/2026-11:09:08] [I] Average on 10 runs - GPU latency: 0.101794 ms - Host latency: 0.101794 ms (enqueue 0.0805725 ms)
[02/27/2026-11:09:08] [I] Average on 10 runs - GPU latency: 0.101355 ms - Host latency: 0.101355 ms (enqueue 0.0798828 ms)
[02/27/2026-11:09:08] [I] Average on 10 runs - GPU latency: 0.10177 ms - Host latency: 0.10177 ms (enqueue 0.0811401 ms)
[02/27/2026-11:09:08] [I] Average on 10 runs - GPU latency: 0.101996 ms - Host latency: 0.101996 ms (enqueue 0.0794983 ms)
[02/27/2026-11:09:08] [I] Average on 10 runs - GPU latency: 0.102423 ms - Host latency: 0.102423 ms (enqueue 0.0799011 ms)
[02/27/2026-11:09:08] [I] Average on 10 runs - GPU latency: 0.101501 ms - Host latency: 0.101501 ms (enqueue 0.080249 ms)
[02/27/2026-11:09:08] [I] Average on 10 runs - GPU latency: 0.101849 ms - Host latency: 0.101849 ms (enqueue 0.0818603 ms)
[02/27/2026-11:09:08] [I] Average on 10 runs - GPU latency: 0.101398 ms - Host latency: 0.101398 ms (enqueue 0.0786865 ms)
[02/27/2026-11:09:08] [I] Average on 10 runs - GPU latency: 0.101855 ms - Host latency: 0.101855 ms (enqueue 0.0818787 ms)
[02/27/2026-11:09:08] [I] Average on 10 runs - GPU latency: 0.101562 ms - Host latency: 0.101562 ms (enqueue 0.0796387 ms)
[02/27/2026-11:09:08] [I] Average on 10 runs - GPU latency: 0.101965 ms - Host latency: 0.101965 ms (enqueue 0.0807312 ms)
[02/27/2026-11:09:08] [I] Average on 10 runs - GPU latency: 0.101611 ms - Host latency: 0.101611 ms (enqueue 0.0813843 ms)
[02/27/2026-11:09:08] [I] Average on 10 runs - GPU latency: 0.10188 ms - Host latency: 0.10188 ms (enqueue 0.0811829 ms)
[02/27/2026-11:09:08] [I] Average on 10 runs - GPU latency: 0.10177 ms - Host latency: 0.10177 ms (enqueue 0.0790527 ms)
[02/27/2026-11:09:08] [I] Average on 10 runs - GPU latency: 0.102295 ms - Host latency: 0.102295 ms (enqueue 0.0791382 ms)
[02/27/2026-11:09:08] [I] Average on 10 runs - GPU latency: 0.101398 ms - Host latency: 0.101398 ms (enqueue 0.0801208 ms)
[02/27/2026-11:09:08] [I] Average on 10 runs - GPU latency: 0.101178 ms - Host latency: 0.101178 ms (enqueue 0.0796692 ms)
[02/27/2026-11:09:08] [I] Average on 10 runs - GPU latency: 0.101221 ms - Host latency: 0.101221 ms (enqueue 0.0802673 ms)
[02/27/2026-11:09:08] [I] Average on 10 runs - GPU latency: 0.101843 ms - Host latency: 0.101843 ms (enqueue 0.0820435 ms)
[02/27/2026-11:09:08] [I] Average on 10 runs - GPU latency: 0.101904 ms - Host latency: 0.101904 ms (enqueue 0.0808655 ms)
[02/27/2026-11:09:08] [I] Average on 10 runs - GPU latency: 0.102435 ms - Host latency: 0.102435 ms (enqueue 0.0777466 ms)
[02/27/2026-11:09:08] [I] Average on 10 runs - GPU latency: 0.102576 ms - Host latency: 0.102576 ms (enqueue 0.0807068 ms)
[02/27/2026-11:09:08] [I] Average on 10 runs - GPU latency: 0.102045 ms - Host latency: 0.102045 ms (enqueue 0.0794983 ms)
[02/27/2026-11:09:08] [I] Average on 10 runs - GPU latency: 0.101685 ms - Host latency: 0.101685 ms (enqueue 0.0812012 ms)
[02/27/2026-11:09:08] [I] Average on 10 runs - GPU latency: 0.102142 ms - Host latency: 0.102142 ms (enqueue 0.0799316 ms)
[02/27/2026-11:09:08] [I] Average on 10 runs - GPU latency: 0.10246 ms - Host latency: 0.10246 ms (enqueue 0.0806335 ms)
[02/27/2026-11:09:08] [I] Average on 10 runs - GPU latency: 0.101971 ms - Host latency: 0.101971 ms (enqueue 0.077771 ms)
[02/27/2026-11:09:08] [I] Average on 10 runs - GPU latency: 0.101825 ms - Host latency: 0.101825 ms (enqueue 0.0822388 ms)
[02/27/2026-11:09:08] [I] Average on 10 runs - GPU latency: 0.102075 ms - Host latency: 0.102075 ms (enqueue 0.0805847 ms)
[02/27/2026-11:09:08] [I] Average on 10 runs - GPU latency: 0.101746 ms - Host latency: 0.101746 ms (enqueue 0.0809387 ms)
[02/27/2026-11:09:08] [I] Average on 10 runs - GPU latency: 0.101556 ms - Host latency: 0.101556 ms (enqueue 0.0810852 ms)
[02/27/2026-11:09:08] [I] Average on 10 runs - GPU latency: 0.101947 ms - Host latency: 0.101947 ms (enqueue 0.0793457 ms)
[02/27/2026-11:09:08] [I] Average on 10 runs - GPU latency: 0.101562 ms - Host latency: 0.101562 ms (enqueue 0.0803833 ms)
[02/27/2026-11:09:08] [I] Average on 10 runs - GPU latency: 0.102118 ms - Host latency: 0.102118 ms (enqueue 0.0799072 ms)
[02/27/2026-11:09:08] [I] Average on 10 runs - GPU latency: 0.102075 ms - Host latency: 0.102075 ms (enqueue 0.0794556 ms)
[02/27/2026-11:09:08] [I] Average on 10 runs - GPU latency: 0.102686 ms - Host latency: 0.102686 ms (enqueue 0.0814209 ms)
[02/27/2026-11:09:08] [I] Average on 10 runs - GPU latency: 0.101587 ms - Host latency: 0.101587 ms (enqueue 0.0819214 ms)
[02/27/2026-11:09:08] [I] Average on 10 runs - GPU latency: 0.102954 ms - Host latency: 0.102954 ms (enqueue 0.0790283 ms)
[02/27/2026-11:09:08] [I] Average on 10 runs - GPU latency: 0.102368 ms - Host latency: 0.102368 ms (enqueue 0.0785889 ms)
[02/27/2026-11:09:08] [I] Average on 10 runs - GPU latency: 0.101135 ms - Host latency: 0.101135 ms (enqueue 0.0806641 ms)
[02/27/2026-11:09:08] [I] Average on 10 runs - GPU latency: 0.101892 ms - Host latency: 0.101892 ms (enqueue 0.0803833 ms)
[02/27/2026-11:09:08] [I] Average on 10 runs - GPU latency: 0.101782 ms - Host latency: 0.101782 ms (enqueue 0.0779419 ms)
[02/27/2026-11:09:08] [I] Average on 10 runs - GPU latency: 0.102332 ms - Host latency: 0.102332 ms (enqueue 0.0834106 ms)
[02/27/2026-11:09:08] [I] Average on 10 runs - GPU latency: 0.101697 ms - Host latency: 0.101697 ms (enqueue 0.0778809 ms)
[02/27/2026-11:09:08] [I] Average on 10 runs - GPU latency: 0.101538 ms - Host latency: 0.101538 ms (enqueue 0.081665 ms)
[02/27/2026-11:09:08] [I] Average on 10 runs - GPU latency: 0.102197 ms - Host latency: 0.102197 ms (enqueue 0.079834 ms)
[02/27/2026-11:09:08] [I] Average on 10 runs - GPU latency: 0.101428 ms - Host latency: 0.101428 ms (enqueue 0.0812622 ms)
[02/27/2026-11:09:08] [I] Average on 10 runs - GPU latency: 0.102234 ms - Host latency: 0.102234 ms (enqueue 0.0773804 ms)
[02/27/2026-11:09:08] [I] Average on 10 runs - GPU latency: 0.102368 ms - Host latency: 0.102368 ms (enqueue 0.0794312 ms)
[02/27/2026-11:09:08] [I] Average on 10 runs - GPU latency: 0.101978 ms - Host latency: 0.101978 ms (enqueue 0.0815308 ms)
[02/27/2026-11:09:08] [I] Average on 10 runs - GPU latency: 0.102283 ms - Host latency: 0.102283 ms (enqueue 0.0813721 ms)
[02/27/2026-11:09:08] [I] Average on 10 runs - GPU latency: 0.102368 ms - Host latency: 0.102368 ms (enqueue 0.079187 ms)
[02/27/2026-11:09:08] [I] Average on 10 runs - GPU latency: 0.101562 ms - Host latency: 0.101562 ms (enqueue 0.0805786 ms)
[02/27/2026-11:09:08] [I] Average on 10 runs - GPU latency: 0.102405 ms - Host latency: 0.102405 ms (enqueue 0.0796753 ms)
[02/27/2026-11:09:08] [I] Average on 10 runs - GPU latency: 0.101599 ms - Host latency: 0.101599 ms (enqueue 0.0813721 ms)
[02/27/2026-11:09:08] [I] Average on 10 runs - GPU latency: 0.101135 ms - Host latency: 0.101135 ms (enqueue 0.0816895 ms)
[02/27/2026-11:09:08] [I] Average on 10 runs - GPU latency: 0.102332 ms - Host latency: 0.102332 ms (enqueue 0.0787354 ms)
[02/27/2026-11:09:08] [I] Average on 10 runs - GPU latency: 0.101465 ms - Host latency: 0.101465 ms (enqueue 0.0813354 ms)
[02/27/2026-11:09:08] [I] Average on 10 runs - GPU latency: 0.101672 ms - Host latency: 0.101672 ms (enqueue 0.0823486 ms)
[02/27/2026-11:09:08] [I] Average on 10 runs - GPU latency: 0.102014 ms - Host latency: 0.102014 ms (enqueue 0.0810059 ms)
[02/27/2026-11:09:08] [I] Average on 10 runs - GPU latency: 0.101843 ms - Host latency: 0.101843 ms (enqueue 0.0806763 ms)
[02/27/2026-11:09:08] [I] Average on 10 runs - GPU latency: 0.101111 ms - Host latency: 0.101111 ms (enqueue 0.0796509 ms)
[02/27/2026-11:09:08] [I] Average on 10 runs - GPU latency: 0.101868 ms - Host latency: 0.101868 ms (enqueue 0.081665 ms)
[02/27/2026-11:09:08] [I] Average on 10 runs - GPU latency: 0.100977 ms - Host latency: 0.100977 ms (enqueue 0.079248 ms)
[02/27/2026-11:09:08] [I] Average on 10 runs - GPU latency: 0.102063 ms - Host latency: 0.102063 ms (enqueue 0.0812622 ms)
[02/27/2026-11:09:08] [I] Average on 10 runs - GPU latency: 0.101685 ms - Host latency: 0.101685 ms (enqueue 0.08125 ms)
[02/27/2026-11:09:08] [I] Average on 10 runs - GPU latency: 0.10177 ms - Host latency: 0.10177 ms (enqueue 0.079541 ms)
[02/27/2026-11:09:08] [I] Average on 10 runs - GPU latency: 0.101465 ms - Host latency: 0.101465 ms (enqueue 0.0804688 ms)
[02/27/2026-11:09:08] [I] Average on 10 runs - GPU latency: 0.102014 ms - Host latency: 0.102014 ms (enqueue 0.0818481 ms)
[02/27/2026-11:09:08] [I] Average on 10 runs - GPU latency: 0.10166 ms - Host latency: 0.10166 ms (enqueue 0.0798584 ms)
[02/27/2026-11:09:08] [I] Average on 10 runs - GPU latency: 0.102063 ms - Host latency: 0.102063 ms (enqueue 0.0814575 ms)
[02/27/2026-11:09:08] [I] Average on 10 runs - GPU latency: 0.102637 ms - Host latency: 0.102637 ms (enqueue 0.0780395 ms)
[02/27/2026-11:09:08] [I] Average on 10 runs - GPU latency: 0.102124 ms - Host latency: 0.102124 ms (enqueue 0.0815552 ms)
[02/27/2026-11:09:08] [I] Average on 10 runs - GPU latency: 0.101453 ms - Host latency: 0.101453 ms (enqueue 0.0811279 ms)
[02/27/2026-11:09:08] [I] Average on 10 runs - GPU latency: 0.101416 ms - Host latency: 0.101416 ms (enqueue 0.0783813 ms)
[02/27/2026-11:09:08] [I] Average on 10 runs - GPU latency: 0.1026 ms - Host latency: 0.1026 ms (enqueue 0.080835 ms)
[02/27/2026-11:09:08] [I] Average on 10 runs - GPU latency: 0.101001 ms - Host latency: 0.101001 ms (enqueue 0.0813843 ms)
[02/27/2026-11:09:08] [I] Average on 10 runs - GPU latency: 0.101514 ms - Host latency: 0.101514 ms (enqueue 0.0782837 ms)
[02/27/2026-11:09:08] [I] Average on 10 runs - GPU latency: 0.10177 ms - Host latency: 0.10177 ms (enqueue 0.0804932 ms)
[02/27/2026-11:09:08] [I] Average on 10 runs - GPU latency: 0.102405 ms - Host latency: 0.102405 ms (enqueue 0.0808594 ms)
[02/27/2026-11:09:08] [I] Average on 10 runs - GPU latency: 0.102136 ms - Host latency: 0.102136 ms (enqueue 0.0790649 ms)
[02/27/2026-11:09:08] [I] Average on 10 runs - GPU latency: 0.101318 ms - Host latency: 0.101318 ms (enqueue 0.0836914 ms)
[02/27/2026-11:09:08] [I] Average on 10 runs - GPU latency: 0.101001 ms - Host latency: 0.101001 ms (enqueue 0.078064 ms)
[02/27/2026-11:09:08] [I] Average on 10 runs - GPU latency: 0.10188 ms - Host latency: 0.10188 ms (enqueue 0.0804321 ms)
[02/27/2026-11:09:08] [I] Average on 10 runs - GPU latency: 0.101489 ms - Host latency: 0.101489 ms (enqueue 0.0807373 ms)
[02/27/2026-11:09:08] [I] Average on 10 runs - GPU latency: 0.101392 ms - Host latency: 0.101392 ms (enqueue 0.0815186 ms)
[02/27/2026-11:09:08] [I] Average on 10 runs - GPU latency: 0.102087 ms - Host latency: 0.102087 ms (enqueue 0.0792114 ms)
[02/27/2026-11:09:08] [I] Average on 10 runs - GPU latency: 0.102625 ms - Host latency: 0.102625 ms (enqueue 0.0789673 ms)
[02/27/2026-11:09:08] [I] Average on 10 runs - GPU latency: 0.102124 ms - Host latency: 0.102124 ms (enqueue 0.0793945 ms)
[02/27/2026-11:09:08] [I] Average on 10 runs - GPU latency: 0.101587 ms - Host latency: 0.101587 ms (enqueue 0.0833252 ms)
[02/27/2026-11:09:08] [I] Average on 10 runs - GPU latency: 0.101855 ms - Host latency: 0.101855 ms (enqueue 0.0799927 ms)
[02/27/2026-11:09:08] [I] Average on 10 runs - GPU latency: 0.102344 ms - Host latency: 0.102344 ms (enqueue 0.0788696 ms)
[02/27/2026-11:09:08] [I] Average on 10 runs - GPU latency: 0.102026 ms - Host latency: 0.102026 ms (enqueue 0.0807251 ms)
[02/27/2026-11:09:08] [I] Average on 10 runs - GPU latency: 0.1021 ms - Host latency: 0.1021 ms (enqueue 0.0788452 ms)
[02/27/2026-11:09:08] [I] Average on 10 runs - GPU latency: 0.101697 ms - Host latency: 0.101697 ms (enqueue 0.0794434 ms)
[02/27/2026-11:09:08] [I] Average on 10 runs - GPU latency: 0.102039 ms - Host latency: 0.102039 ms (enqueue 0.0803467 ms)
[02/27/2026-11:09:08] [I] Average on 10 runs - GPU latency: 0.101697 ms - Host latency: 0.101697 ms (enqueue 0.0793091 ms)
[02/27/2026-11:09:08] [I] Average on 10 runs - GPU latency: 0.101538 ms - Host latency: 0.101538 ms (enqueue 0.0820312 ms)
[02/27/2026-11:09:08] [I] Average on 10 runs - GPU latency: 0.10144 ms - Host latency: 0.10144 ms (enqueue 0.0789307 ms)
[02/27/2026-11:09:08] [I] Average on 10 runs - GPU latency: 0.102332 ms - Host latency: 0.102332 ms (enqueue 0.081897 ms)
[02/27/2026-11:09:08] [I] Average on 10 runs - GPU latency: 0.101794 ms - Host latency: 0.101794 ms (enqueue 0.0828979 ms)
[02/27/2026-11:09:08] [I] Average on 10 runs - GPU latency: 0.101233 ms - Host latency: 0.101233 ms (enqueue 0.0789429 ms)
[02/27/2026-11:09:08] [I] Average on 10 runs - GPU latency: 0.101379 ms - Host latency: 0.101379 ms (enqueue 0.0805176 ms)
[02/27/2026-11:09:08] [I] Average on 10 runs - GPU latency: 0.101233 ms - Host latency: 0.101233 ms (enqueue 0.0797974 ms)
[02/27/2026-11:09:08] [I] Average on 10 runs - GPU latency: 0.102856 ms - Host latency: 0.102856 ms (enqueue 0.0836304 ms)
[02/27/2026-11:09:08] [I] Average on 10 runs - GPU latency: 0.102283 ms - Host latency: 0.102283 ms (enqueue 0.0798706 ms)
[02/27/2026-11:09:08] [I] Average on 10 runs - GPU latency: 0.101489 ms - Host latency: 0.101489 ms (enqueue 0.080896 ms)
[02/27/2026-11:09:08] [I] Average on 10 runs - GPU latency: 0.102686 ms - Host latency: 0.102686 ms (enqueue 0.0796143 ms)
[02/27/2026-11:09:08] [I] Average on 10 runs - GPU latency: 0.101892 ms - Host latency: 0.101892 ms (enqueue 0.0798584 ms)
[02/27/2026-11:09:08] [I] Average on 10 runs - GPU latency: 0.101404 ms - Host latency: 0.101404 ms (enqueue 0.0809448 ms)
[02/27/2026-11:09:08] [I] Average on 10 runs - GPU latency: 0.101025 ms - Host latency: 0.101025 ms (enqueue 0.0803711 ms)
[02/27/2026-11:09:08] [I] Average on 10 runs - GPU latency: 0.102783 ms - Host latency: 0.102783 ms (enqueue 0.0807617 ms)
[02/27/2026-11:09:08] [I] Average on 10 runs - GPU latency: 0.102393 ms - Host latency: 0.102393 ms (enqueue 0.0809448 ms)
[02/27/2026-11:09:08] [I] Average on 10 runs - GPU latency: 0.102026 ms - Host latency: 0.102026 ms (enqueue 0.0802856 ms)
[02/27/2026-11:09:08] [I] Average on 10 runs - GPU latency: 0.101917 ms - Host latency: 0.101917 ms (enqueue 0.0789917 ms)
[02/27/2026-11:09:08] [I] Average on 10 runs - GPU latency: 0.101587 ms - Host latency: 0.101587 ms (enqueue 0.0787231 ms)
[02/27/2026-11:09:08] [I] Average on 10 runs - GPU latency: 0.101294 ms - Host latency: 0.101294 ms (enqueue 0.0813721 ms)
[02/27/2026-11:09:08] [I] Average on 10 runs - GPU latency: 0.103015 ms - Host latency: 0.103015 ms (enqueue 0.0791626 ms)
[02/27/2026-11:09:08] [I] Average on 10 runs - GPU latency: 0.101355 ms - Host latency: 0.101355 ms (enqueue 0.0797363 ms)
[02/27/2026-11:09:08] [I] Average on 10 runs - GPU latency: 0.102271 ms - Host latency: 0.102271 ms (enqueue 0.0807129 ms)
[02/27/2026-11:09:08] [I] Average on 10 runs - GPU latency: 0.101953 ms - Host latency: 0.101953 ms (enqueue 0.0802856 ms)
[02/27/2026-11:09:08] [I] Average on 10 runs - GPU latency: 0.101025 ms - Host latency: 0.101025 ms (enqueue 0.0785278 ms)
[02/27/2026-11:09:08] [I] Average on 10 runs - GPU latency: 0.102039 ms - Host latency: 0.102039 ms (enqueue 0.0791016 ms)
[02/27/2026-11:09:08] [I] Average on 10 runs - GPU latency: 0.103052 ms - Host latency: 0.103052 ms (enqueue 0.0810303 ms)
[02/27/2026-11:09:08] [I] Average on 10 runs - GPU latency: 0.101782 ms - Host latency: 0.101782 ms (enqueue 0.0796997 ms)
[02/27/2026-11:09:08] [I] Average on 10 runs - GPU latency: 0.101184 ms - Host latency: 0.101184 ms (enqueue 0.0789551 ms)
[02/27/2026-11:09:08] [I] Average on 10 runs - GPU latency: 0.102844 ms - Host latency: 0.102844 ms (enqueue 0.0824463 ms)
[02/27/2026-11:09:08] [I] Average on 10 runs - GPU latency: 0.103088 ms - Host latency: 0.103088 ms (enqueue 0.0806274 ms)
[02/27/2026-11:09:08] [I] Average on 10 runs - GPU latency: 0.102698 ms - Host latency: 0.102698 ms (enqueue 0.0798462 ms)
[02/27/2026-11:09:08] [I] Average on 10 runs - GPU latency: 0.101733 ms - Host latency: 0.101733 ms (enqueue 0.0814697 ms)
[02/27/2026-11:09:08] [I] Average on 10 runs - GPU latency: 0.102087 ms - Host latency: 0.102087 ms (enqueue 0.081604 ms)
[02/27/2026-11:09:08] [I] Average on 10 runs - GPU latency: 0.102258 ms - Host latency: 0.102258 ms (enqueue 0.0802246 ms)
[02/27/2026-11:09:08] [I] Average on 10 runs - GPU latency: 0.102625 ms - Host latency: 0.102625 ms (enqueue 0.0810547 ms)
[02/27/2026-11:09:08] [I] Average on 10 runs - GPU latency: 0.102319 ms - Host latency: 0.102319 ms (enqueue 0.080896 ms)
[02/27/2026-11:09:08] [I] Average on 10 runs - GPU latency: 0.102161 ms - Host latency: 0.102161 ms (enqueue 0.079541 ms)
[02/27/2026-11:09:08] [I] Average on 10 runs - GPU latency: 0.100977 ms - Host latency: 0.100977 ms (enqueue 0.0811401 ms)
[02/27/2026-11:09:08] [I] Average on 10 runs - GPU latency: 0.102637 ms - Host latency: 0.102637 ms (enqueue 0.0802368 ms)
[02/27/2026-11:09:08] [I] Average on 10 runs - GPU latency: 0.102014 ms - Host latency: 0.102014 ms (enqueue 0.0772705 ms)
[02/27/2026-11:09:08] [I] Average on 10 runs - GPU latency: 0.101099 ms - Host latency: 0.101099 ms (enqueue 0.0800537 ms)
[02/27/2026-11:09:08] [I] Average on 10 runs - GPU latency: 0.101904 ms - Host latency: 0.101904 ms (enqueue 0.0815918 ms)
[02/27/2026-11:09:08] [I] Average on 10 runs - GPU latency: 0.101733 ms - Host latency: 0.101733 ms (enqueue 0.0812012 ms)
[02/27/2026-11:09:08] [I] Average on 10 runs - GPU latency: 0.102185 ms - Host latency: 0.102185 ms (enqueue 0.0786865 ms)
[02/27/2026-11:09:08] [I] Average on 10 runs - GPU latency: 0.101489 ms - Host latency: 0.101489 ms (enqueue 0.0800049 ms)
[02/27/2026-11:09:08] [I] Average on 10 runs - GPU latency: 0.101599 ms - Host latency: 0.101599 ms (enqueue 0.082605 ms)
[02/27/2026-11:09:08] [I] Average on 10 runs - GPU latency: 0.10199 ms - Host latency: 0.10199 ms (enqueue 0.0809204 ms)
[02/27/2026-11:09:08] [I] Average on 10 runs - GPU latency: 0.102173 ms - Host latency: 0.102173 ms (enqueue 0.0777588 ms)
[02/27/2026-11:09:08] [I] Average on 10 runs - GPU latency: 0.101562 ms - Host latency: 0.101562 ms (enqueue 0.0812134 ms)
[02/27/2026-11:09:08] [I] Average on 10 runs - GPU latency: 0.102136 ms - Host latency: 0.102136 ms (enqueue 0.0810547 ms)
[02/27/2026-11:09:08] [I] Average on 10 runs - GPU latency: 0.102161 ms - Host latency: 0.102161 ms (enqueue 0.0780762 ms)
[02/27/2026-11:09:08] [I] Average on 10 runs - GPU latency: 0.102002 ms - Host latency: 0.102002 ms (enqueue 0.0792236 ms)
[02/27/2026-11:09:08] [I] Average on 10 runs - GPU latency: 0.103003 ms - Host latency: 0.103003 ms (enqueue 0.0854736 ms)
[02/27/2026-11:09:08] [I] Average on 10 runs - GPU latency: 0.10199 ms - Host latency: 0.10199 ms (enqueue 0.0789185 ms)
[02/27/2026-11:09:08] [I] Average on 10 runs - GPU latency: 0.101855 ms - Host latency: 0.101855 ms (enqueue 0.0813721 ms)
[02/27/2026-11:09:08] [I] Average on 10 runs - GPU latency: 0.101587 ms - Host latency: 0.101587 ms (enqueue 0.0788574 ms)
[02/27/2026-11:09:08] [I] Average on 10 runs - GPU latency: 0.102478 ms - Host latency: 0.102478 ms (enqueue 0.0820435 ms)
[02/27/2026-11:09:08] [I] Average on 10 runs - GPU latency: 0.101196 ms - Host latency: 0.101196 ms (enqueue 0.0788574 ms)
[02/27/2026-11:09:08] [I] Average on 10 runs - GPU latency: 0.102173 ms - Host latency: 0.102173 ms (enqueue 0.0814941 ms)
[02/27/2026-11:09:08] [I] Average on 10 runs - GPU latency: 0.102271 ms - Host latency: 0.102271 ms (enqueue 0.0793579 ms)
[02/27/2026-11:09:08] [I] Average on 10 runs - GPU latency: 0.101917 ms - Host latency: 0.101917 ms (enqueue 0.0820312 ms)
[02/27/2026-11:09:08] [I] Average on 10 runs - GPU latency: 0.101831 ms - Host latency: 0.101831 ms (enqueue 0.0802856 ms)
[02/27/2026-11:09:08] [I] Average on 10 runs - GPU latency: 0.10166 ms - Host latency: 0.10166 ms (enqueue 0.0806274 ms)
[02/27/2026-11:09:08] [I] Average on 10 runs - GPU latency: 0.101428 ms - Host latency: 0.101428 ms (enqueue 0.0802856 ms)
[02/27/2026-11:09:08] [I] Average on 10 runs - GPU latency: 0.101501 ms - Host latency: 0.101501 ms (enqueue 0.0782105 ms)
[02/27/2026-11:09:08] [I] Average on 10 runs - GPU latency: 0.101904 ms - Host latency: 0.101904 ms (enqueue 0.0790771 ms)
[02/27/2026-11:09:08] [I] Average on 10 runs - GPU latency: 0.101611 ms - Host latency: 0.101611 ms (enqueue 0.0801514 ms)
[02/27/2026-11:09:08] [I] Average on 10 runs - GPU latency: 0.101501 ms - Host latency: 0.101501 ms (enqueue 0.0804932 ms)
[02/27/2026-11:09:08] [I] Average on 10 runs - GPU latency: 0.101453 ms - Host latency: 0.101453 ms (enqueue 0.0813599 ms)
[02/27/2026-11:09:08] [I] Average on 10 runs - GPU latency: 0.101746 ms - Host latency: 0.101746 ms (enqueue 0.0814819 ms)
[02/27/2026-11:09:08] [I] Average on 10 runs - GPU latency: 0.101489 ms - Host latency: 0.101489 ms (enqueue 0.0817505 ms)
[02/27/2026-11:09:08] [I] Average on 10 runs - GPU latency: 0.102112 ms - Host latency: 0.102112 ms (enqueue 0.0802612 ms)
[02/27/2026-11:09:08] [I] Average on 10 runs - GPU latency: 0.102014 ms - Host latency: 0.102014 ms (enqueue 0.081311 ms)
[02/27/2026-11:09:08] [I] Average on 10 runs - GPU latency: 0.101965 ms - Host latency: 0.101965 ms (enqueue 0.0813599 ms)
[02/27/2026-11:09:08] [I] Average on 10 runs - GPU latency: 0.101245 ms - Host latency: 0.101245 ms (enqueue 0.0807373 ms)
[02/27/2026-11:09:08] [I] Average on 10 runs - GPU latency: 0.102454 ms - Host latency: 0.102454 ms (enqueue 0.0787231 ms)
[02/27/2026-11:09:08] [I] Average on 10 runs - GPU latency: 0.101807 ms - Host latency: 0.101807 ms (enqueue 0.0811646 ms)
[02/27/2026-11:09:08] [I] Average on 10 runs - GPU latency: 0.101416 ms - Host latency: 0.101416 ms (enqueue 0.0798096 ms)
[02/27/2026-11:09:08] [I] Average on 10 runs - GPU latency: 0.101184 ms - Host latency: 0.101184 ms (enqueue 0.080188 ms)
[02/27/2026-11:09:08] [I] Average on 10 runs - GPU latency: 0.101721 ms - Host latency: 0.101721 ms (enqueue 0.0831787 ms)
[02/27/2026-11:09:08] [I] Average on 10 runs - GPU latency: 0.10155 ms - Host latency: 0.10155 ms (enqueue 0.0807251 ms)
[02/27/2026-11:09:08] [I] Average on 10 runs - GPU latency: 0.102051 ms - Host latency: 0.102051 ms (enqueue 0.0791626 ms)
[02/27/2026-11:09:08] [I] Average on 10 runs - GPU latency: 0.101746 ms - Host latency: 0.101746 ms (enqueue 0.0804443 ms)
[02/27/2026-11:09:08] [I] Average on 10 runs - GPU latency: 0.10199 ms - Host latency: 0.10199 ms (enqueue 0.0819092 ms)
[02/27/2026-11:09:08] [I] Average on 10 runs - GPU latency: 0.102319 ms - Host latency: 0.102319 ms (enqueue 0.0805298 ms)
[02/27/2026-11:09:08] [I] Average on 10 runs - GPU latency: 0.101733 ms - Host latency: 0.101733 ms (enqueue 0.0810791 ms)
[02/27/2026-11:09:08] [I] Average on 10 runs - GPU latency: 0.101453 ms - Host latency: 0.101453 ms (enqueue 0.0779175 ms)
[02/27/2026-11:09:08] [I] Average on 10 runs - GPU latency: 0.101379 ms - Host latency: 0.101379 ms (enqueue 0.0817993 ms)
[02/27/2026-11:09:08] [I] Average on 10 runs - GPU latency: 0.101514 ms - Host latency: 0.101514 ms (enqueue 0.0796997 ms)
[02/27/2026-11:09:08] [I] Average on 10 runs - GPU latency: 0.101709 ms - Host latency: 0.101709 ms (enqueue 0.0806763 ms)
[02/27/2026-11:09:08] [I] Average on 10 runs - GPU latency: 0.101733 ms - Host latency: 0.101733 ms (enqueue 0.0809692 ms)
[02/27/2026-11:09:08] [I] Average on 10 runs - GPU latency: 0.101843 ms - Host latency: 0.101843 ms (enqueue 0.0812256 ms)
[02/27/2026-11:09:08] [I] Average on 10 runs - GPU latency: 0.102283 ms - Host latency: 0.102283 ms (enqueue 0.0808105 ms)
[02/27/2026-11:09:08] [I] Average on 10 runs - GPU latency: 0.102271 ms - Host latency: 0.102271 ms (enqueue 0.0794678 ms)
[02/27/2026-11:09:08] [I] Average on 10 runs - GPU latency: 0.102002 ms - Host latency: 0.102002 ms (enqueue 0.0817871 ms)
[02/27/2026-11:09:08] [I] Average on 10 runs - GPU latency: 0.101282 ms - Host latency: 0.101282 ms (enqueue 0.0822388 ms)
[02/27/2026-11:09:08] [I] Average on 10 runs - GPU latency: 0.101794 ms - Host latency: 0.101794 ms (enqueue 0.0798096 ms)
[02/27/2026-11:09:08] [I] Average on 10 runs - GPU latency: 0.102075 ms - Host latency: 0.102075 ms (enqueue 0.080481 ms)
[02/27/2026-11:09:08] [I] Average on 10 runs - GPU latency: 0.101489 ms - Host latency: 0.101489 ms (enqueue 0.0800781 ms)
[02/27/2026-11:09:08] [I] Average on 10 runs - GPU latency: 0.10188 ms - Host latency: 0.10188 ms (enqueue 0.0815552 ms)
[02/27/2026-11:09:08] [I] Average on 10 runs - GPU latency: 0.102234 ms - Host latency: 0.102234 ms (enqueue 0.0797363 ms)
[02/27/2026-11:09:08] [I] Average on 10 runs - GPU latency: 0.102258 ms - Host latency: 0.102258 ms (enqueue 0.0816284 ms)
[02/27/2026-11:09:08] [I] Average on 10 runs - GPU latency: 0.102332 ms - Host latency: 0.102332 ms (enqueue 0.0791016 ms)
[02/27/2026-11:09:08] [I] Average on 10 runs - GPU latency: 0.101587 ms - Host latency: 0.101587 ms (enqueue 0.0842529 ms)
[02/27/2026-11:09:08] [I] Average on 10 runs - GPU latency: 0.102441 ms - Host latency: 0.102441 ms (enqueue 0.0803345 ms)
[02/27/2026-11:09:08] [I] Average on 10 runs - GPU latency: 0.102136 ms - Host latency: 0.102136 ms (enqueue 0.0799805 ms)
[02/27/2026-11:09:08] [I] Average on 10 runs - GPU latency: 0.101294 ms - Host latency: 0.101294 ms (enqueue 0.0826416 ms)
[02/27/2026-11:09:08] [I] Average on 10 runs - GPU latency: 0.101526 ms - Host latency: 0.101526 ms (enqueue 0.078894 ms)
[02/27/2026-11:09:08] [I] Average on 10 runs - GPU latency: 0.102075 ms - Host latency: 0.102075 ms (enqueue 0.0805664 ms)
[02/27/2026-11:09:08] [I] Average on 10 runs - GPU latency: 0.10271 ms - Host latency: 0.10271 ms (enqueue 0.0789673 ms)
[02/27/2026-11:09:08] [I] Average on 10 runs - GPU latency: 0.101404 ms - Host latency: 0.101404 ms (enqueue 0.0822632 ms)
[02/27/2026-11:09:08] [I] Average on 10 runs - GPU latency: 0.101013 ms - Host latency: 0.101013 ms (enqueue 0.0771973 ms)
[02/27/2026-11:09:08] [I] Average on 10 runs - GPU latency: 0.101782 ms - Host latency: 0.101782 ms (enqueue 0.0807495 ms)
[02/27/2026-11:09:08] [I] Average on 10 runs - GPU latency: 0.101233 ms - Host latency: 0.101233 ms (enqueue 0.0800415 ms)
[02/27/2026-11:09:08] [I] Average on 10 runs - GPU latency: 0.101807 ms - Host latency: 0.101807 ms (enqueue 0.0818237 ms)
[02/27/2026-11:09:08] [I] Average on 10 runs - GPU latency: 0.101599 ms - Host latency: 0.101599 ms (enqueue 0.0790039 ms)
[02/27/2026-11:09:08] [I] Average on 10 runs - GPU latency: 0.101013 ms - Host latency: 0.101013 ms (enqueue 0.0812988 ms)
[02/27/2026-11:09:08] [I] Average on 10 runs - GPU latency: 0.102673 ms - Host latency: 0.102673 ms (enqueue 0.078833 ms)
[02/27/2026-11:09:08] [I] Average on 10 runs - GPU latency: 0.102368 ms - Host latency: 0.102368 ms (enqueue 0.0798706 ms)
[02/27/2026-11:09:08] [I] Average on 10 runs - GPU latency: 0.102002 ms - Host latency: 0.102002 ms (enqueue 0.0805542 ms)
[02/27/2026-11:09:08] [I] Average on 10 runs - GPU latency: 0.101428 ms - Host latency: 0.101428 ms (enqueue 0.0804932 ms)
[02/27/2026-11:09:08] [I] Average on 10 runs - GPU latency: 0.101965 ms - Host latency: 0.101965 ms (enqueue 0.08125 ms)
[02/27/2026-11:09:08] [I] Average on 10 runs - GPU latency: 0.10282 ms - Host latency: 0.10282 ms (enqueue 0.0797485 ms)
[02/27/2026-11:09:08] [I] Average on 10 runs - GPU latency: 0.102136 ms - Host latency: 0.102136 ms (enqueue 0.080603 ms)
[02/27/2026-11:09:08] [I] Average on 10 runs - GPU latency: 0.10061 ms - Host latency: 0.10061 ms (enqueue 0.0792969 ms)
[02/27/2026-11:09:08] [I] Average on 10 runs - GPU latency: 0.1021 ms - Host latency: 0.1021 ms (enqueue 0.0814209 ms)
[02/27/2026-11:09:08] [I] Average on 10 runs - GPU latency: 0.101831 ms - Host latency: 0.101831 ms (enqueue 0.0797119 ms)
[02/27/2026-11:09:08] [I] Average on 10 runs - GPU latency: 0.101953 ms - Host latency: 0.101953 ms (enqueue 0.0797485 ms)
[02/27/2026-11:09:08] [I] Average on 10 runs - GPU latency: 0.102026 ms - Host latency: 0.102026 ms (enqueue 0.0810669 ms)
[02/27/2026-11:09:08] [I] Average on 10 runs - GPU latency: 0.101807 ms - Host latency: 0.101807 ms (enqueue 0.077832 ms)
[02/27/2026-11:09:08] [I] Average on 10 runs - GPU latency: 0.102051 ms - Host latency: 0.102051 ms (enqueue 0.0797241 ms)
[02/27/2026-11:09:08] [I] Average on 10 runs - GPU latency: 0.101758 ms - Host latency: 0.101758 ms (enqueue 0.081665 ms)
[02/27/2026-11:09:08] [I] Average on 10 runs - GPU latency: 0.10127 ms - Host latency: 0.10127 ms (enqueue 0.078894 ms)
[02/27/2026-11:09:08] [I] Average on 10 runs - GPU latency: 0.101807 ms - Host latency: 0.101807 ms (enqueue 0.0818603 ms)
[02/27/2026-11:09:08] [I] Average on 10 runs - GPU latency: 0.101794 ms - Host latency: 0.101794 ms (enqueue 0.0797241 ms)
[02/27/2026-11:09:08] [I] Average on 10 runs - GPU latency: 0.102124 ms - Host latency: 0.102124 ms (enqueue 0.0798584 ms)
[02/27/2026-11:09:08] [I] Average on 10 runs - GPU latency: 0.101636 ms - Host latency: 0.101636 ms (enqueue 0.0780151 ms)
[02/27/2026-11:09:08] [I] Average on 10 runs - GPU latency: 0.101721 ms - Host latency: 0.101721 ms (enqueue 0.0824585 ms)
[02/27/2026-11:09:08] [I] Average on 10 runs - GPU latency: 0.101636 ms - Host latency: 0.101636 ms (enqueue 0.0792725 ms)
[02/27/2026-11:09:08] [I] Average on 10 runs - GPU latency: 0.101428 ms - Host latency: 0.101428 ms (enqueue 0.0801636 ms)
[02/27/2026-11:09:08] [I] Average on 10 runs - GPU latency: 0.101196 ms - Host latency: 0.101196 ms (enqueue 0.0812988 ms)
[02/27/2026-11:09:08] [I] Average on 10 runs - GPU latency: 0.102124 ms - Host latency: 0.102124 ms (enqueue 0.0812988 ms)
[02/27/2026-11:09:08] [I] Average on 10 runs - GPU latency: 0.101282 ms - Host latency: 0.101282 ms (enqueue 0.0788208 ms)
[02/27/2026-11:09:08] [I] Average on 10 runs - GPU latency: 0.101904 ms - Host latency: 0.101904 ms (enqueue 0.0803711 ms)
[02/27/2026-11:09:08] [I] Average on 10 runs - GPU latency: 0.101648 ms - Host latency: 0.101648 ms (enqueue 0.0809814 ms)
[02/27/2026-11:09:08] [I] Average on 10 runs - GPU latency: 0.101416 ms - Host latency: 0.101416 ms (enqueue 0.0800293 ms)
[02/27/2026-11:09:08] [I] Average on 10 runs - GPU latency: 0.101819 ms - Host latency: 0.101819 ms (enqueue 0.0812012 ms)
[02/27/2026-11:09:08] [I] Average on 10 runs - GPU latency: 0.102136 ms - Host latency: 0.102136 ms (enqueue 0.0807617 ms)
[02/27/2026-11:09:08] [I] Average on 10 runs - GPU latency: 0.102393 ms - Host latency: 0.102393 ms (enqueue 0.0785645 ms)
[02/27/2026-11:09:08] [I] Average on 10 runs - GPU latency: 0.101941 ms - Host latency: 0.101941 ms (enqueue 0.0822754 ms)
[02/27/2026-11:09:08] [I] Average on 10 runs - GPU latency: 0.101794 ms - Host latency: 0.101794 ms (enqueue 0.0804077 ms)
[02/27/2026-11:09:08] [I] Average on 10 runs - GPU latency: 0.101819 ms - Host latency: 0.101819 ms (enqueue 0.0803223 ms)
[02/27/2026-11:09:08] [I] Average on 10 runs - GPU latency: 0.101807 ms - Host latency: 0.101807 ms (enqueue 0.0813354 ms)
[02/27/2026-11:09:08] [I] Average on 10 runs - GPU latency: 0.101135 ms - Host latency: 0.101135 ms (enqueue 0.0803467 ms)
[02/27/2026-11:09:08] [I] Average on 10 runs - GPU latency: 0.102783 ms - Host latency: 0.102783 ms (enqueue 0.0810547 ms)
[02/27/2026-11:09:08] [I] Average on 10 runs - GPU latency: 0.101318 ms - Host latency: 0.101318 ms (enqueue 0.0793945 ms)
[02/27/2026-11:09:08] [I] Average on 10 runs - GPU latency: 0.101416 ms - Host latency: 0.101416 ms (enqueue 0.0812012 ms)
[02/27/2026-11:09:08] [I] Average on 10 runs - GPU latency: 0.101245 ms - Host latency: 0.101245 ms (enqueue 0.0803223 ms)
[02/27/2026-11:09:08] [I] Average on 10 runs - GPU latency: 0.101843 ms - Host latency: 0.101843 ms (enqueue 0.0802612 ms)
[02/27/2026-11:09:08] [I] Average on 10 runs - GPU latency: 0.102417 ms - Host latency: 0.102417 ms (enqueue 0.0801025 ms)
[02/27/2026-11:09:08] [I] Average on 10 runs - GPU latency: 0.101208 ms - Host latency: 0.101208 ms (enqueue 0.0817871 ms)
[02/27/2026-11:09:08] [I] Average on 10 runs - GPU latency: 0.102356 ms - Host latency: 0.102356 ms (enqueue 0.0784546 ms)
[02/27/2026-11:09:08] [I] Average on 10 runs - GPU latency: 0.101221 ms - Host latency: 0.101221 ms (enqueue 0.0809204 ms)
[02/27/2026-11:09:08] [I] Average on 10 runs - GPU latency: 0.101599 ms - Host latency: 0.101599 ms (enqueue 0.0811401 ms)
[02/27/2026-11:09:08] [I] Average on 10 runs - GPU latency: 0.101611 ms - Host latency: 0.101611 ms (enqueue 0.0815063 ms)
[02/27/2026-11:09:08] [I] Average on 10 runs - GPU latency: 0.101733 ms - Host latency: 0.101733 ms (enqueue 0.0791626 ms)
[02/27/2026-11:09:08] [I] Average on 10 runs - GPU latency: 0.10177 ms - Host latency: 0.10177 ms (enqueue 0.0778442 ms)
[02/27/2026-11:09:08] [I] Average on 10 runs - GPU latency: 0.102039 ms - Host latency: 0.102039 ms (enqueue 0.0813721 ms)
[02/27/2026-11:09:08] [I] Average on 10 runs - GPU latency: 0.102075 ms - Host latency: 0.102075 ms (enqueue 0.0798218 ms)
[02/27/2026-11:09:08] [I] Average on 10 runs - GPU latency: 0.102515 ms - Host latency: 0.102515 ms (enqueue 0.0820312 ms)
[02/27/2026-11:09:08] [I] Average on 10 runs - GPU latency: 0.101343 ms - Host latency: 0.101343 ms (enqueue 0.0809082 ms)
[02/27/2026-11:09:08] [I] Average on 10 runs - GPU latency: 0.102197 ms - Host latency: 0.102197 ms (enqueue 0.0796387 ms)
[02/27/2026-11:09:08] [I] Average on 10 runs - GPU latency: 0.101782 ms - Host latency: 0.101782 ms (enqueue 0.0811646 ms)
[02/27/2026-11:09:08] [I] Average on 10 runs - GPU latency: 0.101599 ms - Host latency: 0.101599 ms (enqueue 0.0795044 ms)
[02/27/2026-11:09:08] [I] Average on 10 runs - GPU latency: 0.101636 ms - Host latency: 0.101636 ms (enqueue 0.0819824 ms)
[02/27/2026-11:09:08] [I] Average on 10 runs - GPU latency: 0.101343 ms - Host latency: 0.101343 ms (enqueue 0.0814209 ms)
[02/27/2026-11:09:08] [I] Average on 10 runs - GPU latency: 0.101648 ms - Host latency: 0.101648 ms (enqueue 0.0810425 ms)
[02/27/2026-11:09:08] [I] Average on 10 runs - GPU latency: 0.101331 ms - Host latency: 0.101331 ms (enqueue 0.0809692 ms)
[02/27/2026-11:09:08] [I] Average on 10 runs - GPU latency: 0.101282 ms - Host latency: 0.101282 ms (enqueue 0.0793823 ms)
[02/27/2026-11:09:08] [I] Average on 10 runs - GPU latency: 0.101733 ms - Host latency: 0.101733 ms (enqueue 0.080481 ms)
[02/27/2026-11:09:08] [I] Average on 10 runs - GPU latency: 0.1021 ms - Host latency: 0.1021 ms (enqueue 0.0799194 ms)
[02/27/2026-11:09:08] [I] Average on 10 runs - GPU latency: 0.102136 ms - Host latency: 0.102136 ms (enqueue 0.0817871 ms)
[02/27/2026-11:09:08] [I] Average on 10 runs - GPU latency: 0.102478 ms - Host latency: 0.102478 ms (enqueue 0.0805786 ms)
[02/27/2026-11:09:08] [I] Average on 10 runs - GPU latency: 0.101819 ms - Host latency: 0.101819 ms (enqueue 0.0799683 ms)
[02/27/2026-11:09:08] [I] Average on 10 runs - GPU latency: 0.102039 ms - Host latency: 0.102039 ms (enqueue 0.0807739 ms)
[02/27/2026-11:09:08] [I] Average on 10 runs - GPU latency: 0.10155 ms - Host latency: 0.10155 ms (enqueue 0.0806641 ms)
[02/27/2026-11:09:08] [I] Average on 10 runs - GPU latency: 0.101855 ms - Host latency: 0.101855 ms (enqueue 0.0802246 ms)
[02/27/2026-11:09:08] [I] Average on 10 runs - GPU latency: 0.102234 ms - Host latency: 0.102234 ms (enqueue 0.0789795 ms)
[02/27/2026-11:09:08] [I] Average on 10 runs - GPU latency: 0.101807 ms - Host latency: 0.101807 ms (enqueue 0.0817383 ms)
[02/27/2026-11:09:08] [I] Average on 10 runs - GPU latency: 0.101221 ms - Host latency: 0.101221 ms (enqueue 0.0812988 ms)
[02/27/2026-11:09:08] [I] Average on 10 runs - GPU latency: 0.102039 ms - Host latency: 0.102039 ms (enqueue 0.0810547 ms)
[02/27/2026-11:09:08] [I] Average on 10 runs - GPU latency: 0.102209 ms - Host latency: 0.102209 ms (enqueue 0.0822998 ms)
[02/27/2026-11:09:08] [I] Average on 10 runs - GPU latency: 0.102087 ms - Host latency: 0.102087 ms (enqueue 0.0786377 ms)
[02/27/2026-11:09:08] [I] Average on 10 runs - GPU latency: 0.101843 ms - Host latency: 0.101843 ms (enqueue 0.0790894 ms)
[02/27/2026-11:09:08] [I] Average on 10 runs - GPU latency: 0.101416 ms - Host latency: 0.101416 ms (enqueue 0.0805298 ms)
[02/27/2026-11:09:08] [I] Average on 10 runs - GPU latency: 0.101697 ms - Host latency: 0.101697 ms (enqueue 0.0828491 ms)
[02/27/2026-11:09:08] [I] Average on 10 runs - GPU latency: 0.101892 ms - Host latency: 0.101892 ms (enqueue 0.0801636 ms)
[02/27/2026-11:09:08] [I] Average on 10 runs - GPU latency: 0.101868 ms - Host latency: 0.101868 ms (enqueue 0.0797119 ms)
[02/27/2026-11:09:08] [I] Average on 10 runs - GPU latency: 0.102026 ms - Host latency: 0.102026 ms (enqueue 0.0817993 ms)
[02/27/2026-11:09:08] [I] Average on 10 runs - GPU latency: 0.101953 ms - Host latency: 0.101953 ms (enqueue 0.0805054 ms)
[02/27/2026-11:09:08] [I] Average on 10 runs - GPU latency: 0.101306 ms - Host latency: 0.101306 ms (enqueue 0.0812622 ms)
[02/27/2026-11:09:08] [I] Average on 10 runs - GPU latency: 0.10177 ms - Host latency: 0.10177 ms (enqueue 0.080896 ms)
[02/27/2026-11:09:08] [I] Average on 10 runs - GPU latency: 0.101648 ms - Host latency: 0.101648 ms (enqueue 0.0807861 ms)
[02/27/2026-11:09:08] [I] Average on 10 runs - GPU latency: 0.102295 ms - Host latency: 0.102295 ms (enqueue 0.0800415 ms)
[02/27/2026-11:09:08] [I] Average on 10 runs - GPU latency: 0.102063 ms - Host latency: 0.102063 ms (enqueue 0.0801636 ms)
[02/27/2026-11:09:08] [I] Average on 10 runs - GPU latency: 0.102234 ms - Host latency: 0.102234 ms (enqueue 0.0812988 ms)
[02/27/2026-11:09:08] [I] Average on 10 runs - GPU latency: 0.101685 ms - Host latency: 0.101685 ms (enqueue 0.0812866 ms)
[02/27/2026-11:09:08] [I] Average on 10 runs - GPU latency: 0.101929 ms - Host latency: 0.101929 ms (enqueue 0.0828979 ms)
[02/27/2026-11:09:08] [I] Average on 10 runs - GPU latency: 0.101257 ms - Host latency: 0.101257 ms (enqueue 0.0805176 ms)
[02/27/2026-11:09:08] [I] Average on 10 runs - GPU latency: 0.101709 ms - Host latency: 0.101709 ms (enqueue 0.0788818 ms)
[02/27/2026-11:09:08] [I] Average on 10 runs - GPU latency: 0.102356 ms - Host latency: 0.102356 ms (enqueue 0.079126 ms)
[02/27/2026-11:09:08] [I] Average on 10 runs - GPU latency: 0.101868 ms - Host latency: 0.101868 ms (enqueue 0.0815552 ms)
[02/27/2026-11:09:08] [I] Average on 10 runs - GPU latency: 0.100867 ms - Host latency: 0.100867 ms (enqueue 0.0816406 ms)
[02/27/2026-11:09:08] [I] Average on 10 runs - GPU latency: 0.101562 ms - Host latency: 0.101562 ms (enqueue 0.0803711 ms)
[02/27/2026-11:09:08] [I] Average on 10 runs - GPU latency: 0.101929 ms - Host latency: 0.101929 ms (enqueue 0.0777588 ms)
[02/27/2026-11:09:08] [I] Average on 10 runs - GPU latency: 0.101196 ms - Host latency: 0.101196 ms (enqueue 0.0821777 ms)
[02/27/2026-11:09:08] [I] Average on 10 runs - GPU latency: 0.101733 ms - Host latency: 0.101733 ms (enqueue 0.0820435 ms)
[02/27/2026-11:09:08] [I] Average on 10 runs - GPU latency: 0.101392 ms - Host latency: 0.101392 ms (enqueue 0.0821289 ms)
[02/27/2026-11:09:08] [I] Average on 10 runs - GPU latency: 0.102002 ms - Host latency: 0.102002 ms (enqueue 0.0817627 ms)
[02/27/2026-11:09:08] [I] Average on 10 runs - GPU latency: 0.102136 ms - Host latency: 0.102136 ms (enqueue 0.0801392 ms)
[02/27/2026-11:09:08] [I] Average on 10 runs - GPU latency: 0.102222 ms - Host latency: 0.102222 ms (enqueue 0.0798218 ms)
[02/27/2026-11:09:08] [I] Average on 10 runs - GPU latency: 0.101343 ms - Host latency: 0.101343 ms (enqueue 0.0809814 ms)
[02/27/2026-11:09:08] [I] Average on 10 runs - GPU latency: 0.102502 ms - Host latency: 0.102502 ms (enqueue 0.084436 ms)
[02/27/2026-11:09:08] [I] Average on 10 runs - GPU latency: 0.102026 ms - Host latency: 0.102026 ms (enqueue 0.080542 ms)
[02/27/2026-11:09:08] [I] Average on 10 runs - GPU latency: 0.101257 ms - Host latency: 0.101257 ms (enqueue 0.0790527 ms)
[02/27/2026-11:09:08] [I] Average on 10 runs - GPU latency: 0.102039 ms - Host latency: 0.102039 ms (enqueue 0.0802124 ms)
[02/27/2026-11:09:08] [I] Average on 10 runs - GPU latency: 0.101379 ms - Host latency: 0.101379 ms (enqueue 0.0823364 ms)
[02/27/2026-11:09:08] [I] Average on 10 runs - GPU latency: 0.102161 ms - Host latency: 0.102161 ms (enqueue 0.0810913 ms)
[02/27/2026-11:09:08] [I] Average on 10 runs - GPU latency: 0.101086 ms - Host latency: 0.101086 ms (enqueue 0.0805298 ms)
[02/27/2026-11:09:08] [I] Average on 10 runs - GPU latency: 0.100867 ms - Host latency: 0.100867 ms (enqueue 0.0801025 ms)
[02/27/2026-11:09:08] [I] Average on 10 runs - GPU latency: 0.102405 ms - Host latency: 0.102405 ms (enqueue 0.0814453 ms)
[02/27/2026-11:09:08] [I] Average on 10 runs - GPU latency: 0.102563 ms - Host latency: 0.102563 ms (enqueue 0.0801514 ms)
[02/27/2026-11:09:08] [I] Average on 10 runs - GPU latency: 0.101575 ms - Host latency: 0.101575 ms (enqueue 0.0783203 ms)
[02/27/2026-11:09:08] [I] Average on 10 runs - GPU latency: 0.102026 ms - Host latency: 0.102026 ms (enqueue 0.0823853 ms)
[02/27/2026-11:09:08] [I] Average on 10 runs - GPU latency: 0.101855 ms - Host latency: 0.101855 ms (enqueue 0.0824219 ms)
[02/27/2026-11:09:08] [I] Average on 10 runs - GPU latency: 0.101318 ms - Host latency: 0.101318 ms (enqueue 0.0778076 ms)
[02/27/2026-11:09:08] [I] Average on 10 runs - GPU latency: 0.102551 ms - Host latency: 0.102551 ms (enqueue 0.0829102 ms)
[02/27/2026-11:09:08] [I] Average on 10 runs - GPU latency: 0.101184 ms - Host latency: 0.101184 ms (enqueue 0.0799439 ms)
[02/27/2026-11:09:08] [I] Average on 10 runs - GPU latency: 0.102148 ms - Host latency: 0.102148 ms (enqueue 0.0820068 ms)
[02/27/2026-11:09:08] [I] Average on 10 runs - GPU latency: 0.102283 ms - Host latency: 0.102283 ms (enqueue 0.080542 ms)
[02/27/2026-11:09:08] [I] Average on 10 runs - GPU latency: 0.102124 ms - Host latency: 0.102124 ms (enqueue 0.0783447 ms)
[02/27/2026-11:09:08] [I] Average on 10 runs - GPU latency: 0.101465 ms - Host latency: 0.101465 ms (enqueue 0.081311 ms)
[02/27/2026-11:09:08] [I] Average on 10 runs - GPU latency: 0.101978 ms - Host latency: 0.101978 ms (enqueue 0.080835 ms)
[02/27/2026-11:09:08] [I] Average on 10 runs - GPU latency: 0.102283 ms - Host latency: 0.102283 ms (enqueue 0.0808594 ms)
[02/27/2026-11:09:08] [I] Average on 10 runs - GPU latency: 0.101562 ms - Host latency: 0.101562 ms (enqueue 0.079541 ms)
[02/27/2026-11:09:08] [I] Average on 10 runs - GPU latency: 0.101428 ms - Host latency: 0.101428 ms (enqueue 0.0817505 ms)
[02/27/2026-11:09:08] [I] Average on 10 runs - GPU latency: 0.10116 ms - Host latency: 0.10116 ms (enqueue 0.0776001 ms)
[02/27/2026-11:09:08] [I] Average on 10 runs - GPU latency: 0.101831 ms - Host latency: 0.101831 ms (enqueue 0.0816284 ms)
[02/27/2026-11:09:08] [I] Average on 10 runs - GPU latency: 0.102551 ms - Host latency: 0.102551 ms (enqueue 0.0796875 ms)
[02/27/2026-11:09:08] [I] Average on 10 runs - GPU latency: 0.102307 ms - Host latency: 0.102307 ms (enqueue 0.0828979 ms)
[02/27/2026-11:09:08] [I] Average on 10 runs - GPU latency: 0.101721 ms - Host latency: 0.101721 ms (enqueue 0.0802124 ms)
[02/27/2026-11:09:08] [I] Average on 10 runs - GPU latency: 0.101855 ms - Host latency: 0.101855 ms (enqueue 0.0825073 ms)
[02/27/2026-11:09:08] [I] Average on 10 runs - GPU latency: 0.101819 ms - Host latency: 0.101819 ms (enqueue 0.0802979 ms)
[02/27/2026-11:09:08] [I] Average on 10 runs - GPU latency: 0.102173 ms - Host latency: 0.102173 ms (enqueue 0.0811157 ms)
[02/27/2026-11:09:08] [I] Average on 10 runs - GPU latency: 0.101904 ms - Host latency: 0.101904 ms (enqueue 0.0826538 ms)
[02/27/2026-11:09:08] [I] Average on 10 runs - GPU latency: 0.102087 ms - Host latency: 0.102087 ms (enqueue 0.0808105 ms)
[02/27/2026-11:09:08] [I] Average on 10 runs - GPU latency: 0.101843 ms - Host latency: 0.101843 ms (enqueue 0.0791016 ms)
[02/27/2026-11:09:08] [I] Average on 10 runs - GPU latency: 0.101465 ms - Host latency: 0.101465 ms (enqueue 0.0807373 ms)
[02/27/2026-11:09:08] [I] Average on 10 runs - GPU latency: 0.102405 ms - Host latency: 0.102405 ms (enqueue 0.0803223 ms)
[02/27/2026-11:09:08] [I] Average on 10 runs - GPU latency: 0.101819 ms - Host latency: 0.101819 ms (enqueue 0.081897 ms)
[02/27/2026-11:09:08] [I] Average on 10 runs - GPU latency: 0.102185 ms - Host latency: 0.102185 ms (enqueue 0.080481 ms)
[02/27/2026-11:09:08] [I] Average on 10 runs - GPU latency: 0.101843 ms - Host latency: 0.101843 ms (enqueue 0.081311 ms)
[02/27/2026-11:09:08] [I] Average on 10 runs - GPU latency: 0.101501 ms - Host latency: 0.101501 ms (enqueue 0.0790894 ms)
[02/27/2026-11:09:08] [I] Average on 10 runs - GPU latency: 0.101636 ms - Host latency: 0.101636 ms (enqueue 0.0794067 ms)
[02/27/2026-11:09:08] [I] Average on 10 runs - GPU latency: 0.102368 ms - Host latency: 0.102368 ms (enqueue 0.0823975 ms)
[02/27/2026-11:09:08] [I] Average on 10 runs - GPU latency: 0.10144 ms - Host latency: 0.10144 ms (enqueue 0.0835937 ms)
[02/27/2026-11:09:08] [I] Average on 10 runs - GPU latency: 0.102185 ms - Host latency: 0.102185 ms (enqueue 0.0791748 ms)
[02/27/2026-11:09:08] [I] Average on 10 runs - GPU latency: 0.102441 ms - Host latency: 0.102441 ms (enqueue 0.0818726 ms)
[02/27/2026-11:09:08] [I] Average on 10 runs - GPU latency: 0.101746 ms - Host latency: 0.101746 ms (enqueue 0.0817627 ms)
[02/27/2026-11:09:08] [I] Average on 10 runs - GPU latency: 0.10105 ms - Host latency: 0.10105 ms (enqueue 0.0797729 ms)
[02/27/2026-11:09:08] [I] Average on 10 runs - GPU latency: 0.1021 ms - Host latency: 0.1021 ms (enqueue 0.0811157 ms)
[02/27/2026-11:09:08] [I] Average on 10 runs - GPU latency: 0.101562 ms - Host latency: 0.101562 ms (enqueue 0.0782593 ms)
[02/27/2026-11:09:08] [I] Average on 10 runs - GPU latency: 0.1021 ms - Host latency: 0.1021 ms (enqueue 0.0809204 ms)
[02/27/2026-11:09:08] [I] Average on 10 runs - GPU latency: 0.102722 ms - Host latency: 0.102722 ms (enqueue 0.081189 ms)
[02/27/2026-11:09:08] [I] Average on 10 runs - GPU latency: 0.102502 ms - Host latency: 0.102502 ms (enqueue 0.0789063 ms)
[02/27/2026-11:09:08] [I] Average on 10 runs - GPU latency: 0.101208 ms - Host latency: 0.101208 ms (enqueue 0.079602 ms)
[02/27/2026-11:09:08] [I] Average on 10 runs - GPU latency: 0.102075 ms - Host latency: 0.102075 ms (enqueue 0.0807739 ms)
[02/27/2026-11:09:08] [I] Average on 10 runs - GPU latency: 0.101575 ms - Host latency: 0.101575 ms (enqueue 0.0811157 ms)
[02/27/2026-11:09:08] [I] Average on 10 runs - GPU latency: 0.101453 ms - Host latency: 0.101453 ms (enqueue 0.0808472 ms)
[02/27/2026-11:09:08] [I] Average on 10 runs - GPU latency: 0.101489 ms - Host latency: 0.101489 ms (enqueue 0.0794312 ms)
[02/27/2026-11:09:08] [I] Average on 10 runs - GPU latency: 0.102063 ms - Host latency: 0.102063 ms (enqueue 0.080249 ms)
[02/27/2026-11:09:08] [I] Average on 10 runs - GPU latency: 0.101843 ms - Host latency: 0.101843 ms (enqueue 0.0800293 ms)
[02/27/2026-11:09:08] [I] Average on 10 runs - GPU latency: 0.102307 ms - Host latency: 0.102307 ms (enqueue 0.0821899 ms)
[02/27/2026-11:09:08] [I] Average on 10 runs - GPU latency: 0.101294 ms - Host latency: 0.101294 ms (enqueue 0.0786377 ms)
[02/27/2026-11:09:08] [I] Average on 10 runs - GPU latency: 0.101636 ms - Host latency: 0.101636 ms (enqueue 0.0822632 ms)
[02/27/2026-11:09:08] [I] Average on 10 runs - GPU latency: 0.102039 ms - Host latency: 0.102039 ms (enqueue 0.0800537 ms)
[02/27/2026-11:09:08] [I] Average on 10 runs - GPU latency: 0.101624 ms - Host latency: 0.101624 ms (enqueue 0.0808105 ms)
[02/27/2026-11:09:08] [I] Average on 10 runs - GPU latency: 0.101465 ms - Host latency: 0.101465 ms (enqueue 0.0807373 ms)
[02/27/2026-11:09:08] [I] Average on 10 runs - GPU latency: 0.102124 ms - Host latency: 0.102124 ms (enqueue 0.0813232 ms)
[02/27/2026-11:09:08] [I] Average on 10 runs - GPU latency: 0.102734 ms - Host latency: 0.102734 ms (enqueue 0.080188 ms)
[02/27/2026-11:09:08] [I] Average on 10 runs - GPU latency: 0.102515 ms - Host latency: 0.102515 ms (enqueue 0.0790039 ms)
[02/27/2026-11:09:08] [I] Average on 10 runs - GPU latency: 0.101929 ms - Host latency: 0.101929 ms (enqueue 0.0803345 ms)
[02/27/2026-11:09:08] [I] Average on 10 runs - GPU latency: 0.101672 ms - Host latency: 0.101672 ms (enqueue 0.0829712 ms)
[02/27/2026-11:09:08] [I] Average on 10 runs - GPU latency: 0.102002 ms - Host latency: 0.102002 ms (enqueue 0.0792358 ms)
[02/27/2026-11:09:08] [I] Average on 10 runs - GPU latency: 0.101135 ms - Host latency: 0.101135 ms (enqueue 0.0801758 ms)
[02/27/2026-11:09:08] [I] Average on 10 runs - GPU latency: 0.102551 ms - Host latency: 0.102551 ms (enqueue 0.0787842 ms)
[02/27/2026-11:09:08] [I] Average on 10 runs - GPU latency: 0.102039 ms - Host latency: 0.102039 ms (enqueue 0.0821289 ms)
[02/27/2026-11:09:08] [I] Average on 10 runs - GPU latency: 0.101917 ms - Host latency: 0.101917 ms (enqueue 0.0806396 ms)
[02/27/2026-11:09:08] [I] Average on 10 runs - GPU latency: 0.101672 ms - Host latency: 0.101672 ms (enqueue 0.0802734 ms)
[02/27/2026-11:09:08] [I] Average on 10 runs - GPU latency: 0.102307 ms - Host latency: 0.102307 ms (enqueue 0.0808716 ms)
[02/27/2026-11:09:08] [I] Average on 10 runs - GPU latency: 0.101392 ms - Host latency: 0.101392 ms (enqueue 0.0805054 ms)
[02/27/2026-11:09:08] [I] Average on 10 runs - GPU latency: 0.101392 ms - Host latency: 0.101392 ms (enqueue 0.0791016 ms)
[02/27/2026-11:09:08] [I] Average on 10 runs - GPU latency: 0.102356 ms - Host latency: 0.102356 ms (enqueue 0.0810791 ms)
[02/27/2026-11:09:08] [I] Average on 10 runs - GPU latency: 0.102002 ms - Host latency: 0.102002 ms (enqueue 0.080835 ms)
[02/27/2026-11:09:08] [I] Average on 10 runs - GPU latency: 0.101379 ms - Host latency: 0.101379 ms (enqueue 0.0822754 ms)
[02/27/2026-11:09:08] [I] Average on 10 runs - GPU latency: 0.101807 ms - Host latency: 0.101807 ms (enqueue 0.0796997 ms)
[02/27/2026-11:09:08] [I] Average on 10 runs - GPU latency: 0.102844 ms - Host latency: 0.102844 ms (enqueue 0.0783813 ms)
[02/27/2026-11:09:08] [I] Average on 10 runs - GPU latency: 0.102112 ms - Host latency: 0.102112 ms (enqueue 0.0813354 ms)
[02/27/2026-11:09:08] [I] Average on 10 runs - GPU latency: 0.101953 ms - Host latency: 0.101953 ms (enqueue 0.0813721 ms)
[02/27/2026-11:09:08] [I] Average on 10 runs - GPU latency: 0.10199 ms - Host latency: 0.10199 ms (enqueue 0.0789429 ms)
[02/27/2026-11:09:08] [I] Average on 10 runs - GPU latency: 0.101477 ms - Host latency: 0.101477 ms (enqueue 0.0791382 ms)
[02/27/2026-11:09:08] [I] Average on 10 runs - GPU latency: 0.10155 ms - Host latency: 0.10155 ms (enqueue 0.0798096 ms)
[02/27/2026-11:09:08] [I] Average on 10 runs - GPU latency: 0.101892 ms - Host latency: 0.101892 ms (enqueue 0.0783081 ms)
[02/27/2026-11:09:08] [I] Average on 10 runs - GPU latency: 0.101172 ms - Host latency: 0.101172 ms (enqueue 0.0809204 ms)
[02/27/2026-11:09:08] [I] Average on 10 runs - GPU latency: 0.101794 ms - Host latency: 0.101794 ms (enqueue 0.0804565 ms)
[02/27/2026-11:09:08] [I] Average on 10 runs - GPU latency: 0.102332 ms - Host latency: 0.102332 ms (enqueue 0.0825439 ms)
[02/27/2026-11:09:08] [I] Average on 10 runs - GPU latency: 0.10188 ms - Host latency: 0.10188 ms (enqueue 0.0801514 ms)
[02/27/2026-11:09:08] [I] Average on 10 runs - GPU latency: 0.101746 ms - Host latency: 0.101746 ms (enqueue 0.081189 ms)
[02/27/2026-11:09:08] [I] Average on 10 runs - GPU latency: 0.101538 ms - Host latency: 0.101538 ms (enqueue 0.0810913 ms)
[02/27/2026-11:09:08] [I] Average on 10 runs - GPU latency: 0.101294 ms - Host latency: 0.101294 ms (enqueue 0.0798218 ms)
[02/27/2026-11:09:08] [I] Average on 10 runs - GPU latency: 0.102112 ms - Host latency: 0.102112 ms (enqueue 0.0803345 ms)
[02/27/2026-11:09:08] [I] Average on 10 runs - GPU latency: 0.102527 ms - Host latency: 0.102527 ms (enqueue 0.0806641 ms)
[02/27/2026-11:09:08] [I] Average on 10 runs - GPU latency: 0.101416 ms - Host latency: 0.101416 ms (enqueue 0.081311 ms)
[02/27/2026-11:09:08] [I] Average on 10 runs - GPU latency: 0.103235 ms - Host latency: 0.103235 ms (enqueue 0.0803223 ms)
[02/27/2026-11:09:08] [I] Average on 10 runs - GPU latency: 0.102161 ms - Host latency: 0.102161 ms (enqueue 0.079187 ms)
[02/27/2026-11:09:08] [I] Average on 10 runs - GPU latency: 0.102014 ms - Host latency: 0.102014 ms (enqueue 0.080127 ms)
[02/27/2026-11:09:08] [I] Average on 10 runs - GPU latency: 0.101624 ms - Host latency: 0.101624 ms (enqueue 0.0820435 ms)
[02/27/2026-11:09:08] [I] Average on 10 runs - GPU latency: 0.10116 ms - Host latency: 0.10116 ms (enqueue 0.0798706 ms)
[02/27/2026-11:09:08] [I] Average on 10 runs - GPU latency: 0.101062 ms - Host latency: 0.101062 ms (enqueue 0.0815186 ms)
[02/27/2026-11:09:08] [I] Average on 10 runs - GPU latency: 0.102466 ms - Host latency: 0.102466 ms (enqueue 0.0789673 ms)
[02/27/2026-11:09:08] [I] Average on 10 runs - GPU latency: 0.101147 ms - Host latency: 0.101147 ms (enqueue 0.0840698 ms)
[02/27/2026-11:09:08] [I] Average on 10 runs - GPU latency: 0.101758 ms - Host latency: 0.101758 ms (enqueue 0.0779541 ms)
[02/27/2026-11:09:08] [I] Average on 10 runs - GPU latency: 0.102051 ms - Host latency: 0.102051 ms (enqueue 0.0803345 ms)
[02/27/2026-11:09:08] [I] Average on 10 runs - GPU latency: 0.102124 ms - Host latency: 0.102124 ms (enqueue 0.0808594 ms)
[02/27/2026-11:09:08] [I] Average on 10 runs - GPU latency: 0.101062 ms - Host latency: 0.101062 ms (enqueue 0.0795654 ms)
[02/27/2026-11:09:08] [I] Average on 10 runs - GPU latency: 0.102429 ms - Host latency: 0.102429 ms (enqueue 0.080188 ms)
[02/27/2026-11:09:08] [I] Average on 10 runs - GPU latency: 0.101624 ms - Host latency: 0.101624 ms (enqueue 0.0807373 ms)
[02/27/2026-11:09:08] [I] Average on 10 runs - GPU latency: 0.102087 ms - Host latency: 0.102087 ms (enqueue 0.0812134 ms)
[02/27/2026-11:09:08] [I] Average on 10 runs - GPU latency: 0.101477 ms - Host latency: 0.101477 ms (enqueue 0.0816895 ms)
[02/27/2026-11:09:08] [I] Average on 10 runs - GPU latency: 0.101477 ms - Host latency: 0.101477 ms (enqueue 0.0801636 ms)
[02/27/2026-11:09:08] [I] Average on 10 runs - GPU latency: 0.101917 ms - Host latency: 0.101917 ms (enqueue 0.0804688 ms)
[02/27/2026-11:09:08] [I] Average on 10 runs - GPU latency: 0.102209 ms - Host latency: 0.102209 ms (enqueue 0.0807983 ms)
[02/27/2026-11:09:08] [I] Average on 10 runs - GPU latency: 0.101428 ms - Host latency: 0.101428 ms (enqueue 0.0827148 ms)
[02/27/2026-11:09:08] [I] Average on 10 runs - GPU latency: 0.101746 ms - Host latency: 0.101746 ms (enqueue 0.0779663 ms)
[02/27/2026-11:09:08] [I] Average on 10 runs - GPU latency: 0.102087 ms - Host latency: 0.102087 ms (enqueue 0.0809326 ms)
[02/27/2026-11:09:08] [I] Average on 10 runs - GPU latency: 0.101392 ms - Host latency: 0.101392 ms (enqueue 0.080481 ms)
[02/27/2026-11:09:08] [I] Average on 10 runs - GPU latency: 0.101685 ms - Host latency: 0.101685 ms (enqueue 0.0780762 ms)
[02/27/2026-11:09:08] [I] Average on 10 runs - GPU latency: 0.102344 ms - Host latency: 0.102344 ms (enqueue 0.0804443 ms)
[02/27/2026-11:09:08] [I] Average on 10 runs - GPU latency: 0.101477 ms - Host latency: 0.101477 ms (enqueue 0.080896 ms)
[02/27/2026-11:09:08] [I] Average on 10 runs - GPU latency: 0.10127 ms - Host latency: 0.10127 ms (enqueue 0.0812866 ms)
[02/27/2026-11:09:08] [I] Average on 10 runs - GPU latency: 0.102124 ms - Host latency: 0.102124 ms (enqueue 0.0821777 ms)
[02/27/2026-11:09:08] [I] Average on 10 runs - GPU latency: 0.102124 ms - Host latency: 0.102124 ms (enqueue 0.0777344 ms)
[02/27/2026-11:09:08] [I] Average on 10 runs - GPU latency: 0.101929 ms - Host latency: 0.101929 ms (enqueue 0.0788696 ms)
[02/27/2026-11:09:08] [I] Average on 10 runs - GPU latency: 0.101453 ms - Host latency: 0.101453 ms (enqueue 0.0836182 ms)
[02/27/2026-11:09:08] [I] Average on 10 runs - GPU latency: 0.102271 ms - Host latency: 0.102271 ms (enqueue 0.0795044 ms)
[02/27/2026-11:09:08] [I] Average on 10 runs - GPU latency: 0.101611 ms - Host latency: 0.101611 ms (enqueue 0.082605 ms)
[02/27/2026-11:09:08] [I] Average on 10 runs - GPU latency: 0.101526 ms - Host latency: 0.101526 ms (enqueue 0.0803345 ms)
[02/27/2026-11:09:08] [I] Average on 10 runs - GPU latency: 0.101831 ms - Host latency: 0.101831 ms (enqueue 0.0813721 ms)
[02/27/2026-11:09:08] [I] Average on 10 runs - GPU latency: 0.101709 ms - Host latency: 0.101709 ms (enqueue 0.0825073 ms)
[02/27/2026-11:09:08] [I] Average on 10 runs - GPU latency: 0.101501 ms - Host latency: 0.101501 ms (enqueue 0.0796875 ms)
[02/27/2026-11:09:08] [I] Average on 10 runs - GPU latency: 0.102271 ms - Host latency: 0.102271 ms (enqueue 0.0820557 ms)
[02/27/2026-11:09:08] [I] Average on 10 runs - GPU latency: 0.101379 ms - Host latency: 0.101379 ms (enqueue 0.0837036 ms)
[02/27/2026-11:09:08] [I] Average on 10 runs - GPU latency: 0.102209 ms - Host latency: 0.102209 ms (enqueue 0.0801147 ms)
[02/27/2026-11:09:08] [I] Average on 10 runs - GPU latency: 0.102161 ms - Host latency: 0.102161 ms (enqueue 0.0805908 ms)
[02/27/2026-11:09:08] [I] Average on 10 runs - GPU latency: 0.101489 ms - Host latency: 0.101489 ms (enqueue 0.080249 ms)
[02/27/2026-11:09:08] [I] Average on 10 runs - GPU latency: 0.102222 ms - Host latency: 0.102222 ms (enqueue 0.0810913 ms)
[02/27/2026-11:09:08] [I] Average on 10 runs - GPU latency: 0.102527 ms - Host latency: 0.102527 ms (enqueue 0.0799683 ms)
[02/27/2026-11:09:08] [I] Average on 10 runs - GPU latency: 0.102563 ms - Host latency: 0.102563 ms (enqueue 0.0789429 ms)
[02/27/2026-11:09:08] [I] Average on 10 runs - GPU latency: 0.101233 ms - Host latency: 0.101233 ms (enqueue 0.0813477 ms)
[02/27/2026-11:09:08] [I] Average on 10 runs - GPU latency: 0.101831 ms - Host latency: 0.101831 ms (enqueue 0.0823853 ms)
[02/27/2026-11:09:08] [I] Average on 10 runs - GPU latency: 0.102026 ms - Host latency: 0.102026 ms (enqueue 0.0783691 ms)
[02/27/2026-11:09:08] [I] Average on 10 runs - GPU latency: 0.101208 ms - Host latency: 0.101208 ms (enqueue 0.0830566 ms)
[02/27/2026-11:09:08] [I] Average on 10 runs - GPU latency: 0.101404 ms - Host latency: 0.101404 ms (enqueue 0.0789673 ms)
[02/27/2026-11:09:08] [I] Average on 10 runs - GPU latency: 0.101636 ms - Host latency: 0.101636 ms (enqueue 0.0797485 ms)
[02/27/2026-11:09:08] [I] Average on 10 runs - GPU latency: 0.101794 ms - Host latency: 0.101794 ms (enqueue 0.0797485 ms)
[02/27/2026-11:09:08] [I] Average on 10 runs - GPU latency: 0.101562 ms - Host latency: 0.101562 ms (enqueue 0.0787231 ms)
[02/27/2026-11:09:08] [I] Average on 10 runs - GPU latency: 0.100842 ms - Host latency: 0.100842 ms (enqueue 0.082666 ms)
[02/27/2026-11:09:08] [I] Average on 10 runs - GPU latency: 0.102649 ms - Host latency: 0.102649 ms (enqueue 0.081189 ms)
[02/27/2026-11:09:08] [I] Average on 10 runs - GPU latency: 0.101843 ms - Host latency: 0.101843 ms (enqueue 0.0802246 ms)
[02/27/2026-11:09:08] [I] Average on 10 runs - GPU latency: 0.101221 ms - Host latency: 0.101221 ms (enqueue 0.079895 ms)
[02/27/2026-11:09:08] [I] Average on 10 runs - GPU latency: 0.101453 ms - Host latency: 0.101453 ms (enqueue 0.0838257 ms)
[02/27/2026-11:09:08] [I] Average on 10 runs - GPU latency: 0.101624 ms - Host latency: 0.101624 ms (enqueue 0.0778931 ms)
[02/27/2026-11:09:08] [I] Average on 10 runs - GPU latency: 0.101746 ms - Host latency: 0.101746 ms (enqueue 0.0820679 ms)
[02/27/2026-11:09:08] [I] Average on 10 runs - GPU latency: 0.101196 ms - Host latency: 0.101196 ms (enqueue 0.0789429 ms)
[02/27/2026-11:09:08] [I] Average on 10 runs - GPU latency: 0.101135 ms - Host latency: 0.101135 ms (enqueue 0.0827759 ms)
[02/27/2026-11:09:08] [I] Average on 10 runs - GPU latency: 0.101868 ms - Host latency: 0.101868 ms (enqueue 0.0782593 ms)
[02/27/2026-11:09:08] [I] Average on 10 runs - GPU latency: 0.101672 ms - Host latency: 0.101672 ms (enqueue 0.0809326 ms)
[02/27/2026-11:09:08] [I] Average on 10 runs - GPU latency: 0.101636 ms - Host latency: 0.101636 ms (enqueue 0.0804565 ms)
[02/27/2026-11:09:08] [I] Average on 10 runs - GPU latency: 0.101184 ms - Host latency: 0.101184 ms (enqueue 0.0839233 ms)
[02/27/2026-11:09:08] [I] Average on 10 runs - GPU latency: 0.102026 ms - Host latency: 0.102026 ms (enqueue 0.0778687 ms)
[02/27/2026-11:09:08] [I] Average on 10 runs - GPU latency: 0.101843 ms - Host latency: 0.101843 ms (enqueue 0.0822388 ms)
[02/27/2026-11:09:08] [I] Average on 10 runs - GPU latency: 0.101208 ms - Host latency: 0.101208 ms (enqueue 0.0798218 ms)
[02/27/2026-11:09:08] [I] Average on 10 runs - GPU latency: 0.101562 ms - Host latency: 0.101562 ms (enqueue 0.0804321 ms)
[02/27/2026-11:09:08] [I] Average on 10 runs - GPU latency: 0.102234 ms - Host latency: 0.102234 ms (enqueue 0.0789429 ms)
[02/27/2026-11:09:08] [I] Average on 10 runs - GPU latency: 0.101501 ms - Host latency: 0.101501 ms (enqueue 0.0806396 ms)
[02/27/2026-11:09:08] [I] Average on 10 runs - GPU latency: 0.101636 ms - Host latency: 0.101636 ms (enqueue 0.0814575 ms)
[02/27/2026-11:09:08] [I] Average on 10 runs - GPU latency: 0.101453 ms - Host latency: 0.101453 ms (enqueue 0.0801758 ms)
[02/27/2026-11:09:08] [I] Average on 10 runs - GPU latency: 0.101306 ms - Host latency: 0.101306 ms (enqueue 0.0804443 ms)
[02/27/2026-11:09:08] [I] Average on 10 runs - GPU latency: 0.10155 ms - Host latency: 0.10155 ms (enqueue 0.0806763 ms)
[02/27/2026-11:09:08] [I] Average on 10 runs - GPU latency: 0.1026 ms - Host latency: 0.1026 ms (enqueue 0.0800293 ms)
[02/27/2026-11:09:08] [I] Average on 10 runs - GPU latency: 0.101746 ms - Host latency: 0.101746 ms (enqueue 0.0779297 ms)
[02/27/2026-11:09:08] [I] Average on 10 runs - GPU latency: 0.10144 ms - Host latency: 0.10144 ms (enqueue 0.0794189 ms)
[02/27/2026-11:09:08] [I] Average on 10 runs - GPU latency: 0.101611 ms - Host latency: 0.101611 ms (enqueue 0.0822876 ms)
[02/27/2026-11:09:08] [I] Average on 10 runs - GPU latency: 0.10188 ms - Host latency: 0.10188 ms (enqueue 0.0783569 ms)
[02/27/2026-11:09:08] [I] Average on 10 runs - GPU latency: 0.101904 ms - Host latency: 0.101904 ms (enqueue 0.0812622 ms)
[02/27/2026-11:09:08] [I] Average on 10 runs - GPU latency: 0.101575 ms - Host latency: 0.101575 ms (enqueue 0.0813843 ms)
[02/27/2026-11:09:08] [I] Average on 10 runs - GPU latency: 0.102051 ms - Host latency: 0.102051 ms (enqueue 0.0799194 ms)
[02/27/2026-11:09:08] [I] Average on 10 runs - GPU latency: 0.101001 ms - Host latency: 0.101001 ms (enqueue 0.0805054 ms)
[02/27/2026-11:09:08] [I] Average on 10 runs - GPU latency: 0.101941 ms - Host latency: 0.101941 ms (enqueue 0.0796509 ms)
[02/27/2026-11:09:08] [I] Average on 10 runs - GPU latency: 0.102197 ms - Host latency: 0.102197 ms (enqueue 0.0803223 ms)
[02/27/2026-11:09:08] [I] Average on 10 runs - GPU latency: 0.101648 ms - Host latency: 0.101648 ms (enqueue 0.0796753 ms)
[02/27/2026-11:09:08] [I] Average on 10 runs - GPU latency: 0.101904 ms - Host latency: 0.101904 ms (enqueue 0.0816772 ms)
[02/27/2026-11:09:08] [I] Average on 10 runs - GPU latency: 0.101013 ms - Host latency: 0.101013 ms (enqueue 0.0790527 ms)
[02/27/2026-11:09:08] [I] Average on 10 runs - GPU latency: 0.101172 ms - Host latency: 0.101172 ms (enqueue 0.0799439 ms)
[02/27/2026-11:09:08] [I] Average on 10 runs - GPU latency: 0.10127 ms - Host latency: 0.10127 ms (enqueue 0.0797119 ms)
[02/27/2026-11:09:08] [I] Average on 10 runs - GPU latency: 0.101758 ms - Host latency: 0.101758 ms (enqueue 0.0815918 ms)
[02/27/2026-11:09:08] [I] Average on 10 runs - GPU latency: 0.102283 ms - Host latency: 0.102283 ms (enqueue 0.0800781 ms)
[02/27/2026-11:09:08] [I] Average on 10 runs - GPU latency: 0.101416 ms - Host latency: 0.101416 ms (enqueue 0.080249 ms)
[02/27/2026-11:09:08] [I] Average on 10 runs - GPU latency: 0.102686 ms - Host latency: 0.102686 ms (enqueue 0.0799072 ms)
[02/27/2026-11:09:08] [I] Average on 10 runs - GPU latency: 0.101831 ms - Host latency: 0.101831 ms (enqueue 0.0801758 ms)
[02/27/2026-11:09:08] [I] Average on 10 runs - GPU latency: 0.101685 ms - Host latency: 0.101685 ms (enqueue 0.0793335 ms)
[02/27/2026-11:09:08] [I] Average on 10 runs - GPU latency: 0.102478 ms - Host latency: 0.102478 ms (enqueue 0.0791382 ms)
[02/27/2026-11:09:08] [I] Average on 10 runs - GPU latency: 0.101099 ms - Host latency: 0.101099 ms (enqueue 0.0800293 ms)
[02/27/2026-11:09:08] [I] Average on 10 runs - GPU latency: 0.101636 ms - Host latency: 0.101636 ms (enqueue 0.0818726 ms)
[02/27/2026-11:09:08] [I] Average on 10 runs - GPU latency: 0.101575 ms - Host latency: 0.101575 ms (enqueue 0.080188 ms)
[02/27/2026-11:09:08] [I] Average on 10 runs - GPU latency: 0.102075 ms - Host latency: 0.102075 ms (enqueue 0.0792603 ms)
[02/27/2026-11:09:08] [I] Average on 10 runs - GPU latency: 0.101526 ms - Host latency: 0.101526 ms (enqueue 0.0812012 ms)
[02/27/2026-11:09:08] [I] Average on 10 runs - GPU latency: 0.101282 ms - Host latency: 0.101282 ms (enqueue 0.0797485 ms)
[02/27/2026-11:09:08] [I] Average on 10 runs - GPU latency: 0.101782 ms - Host latency: 0.101782 ms (enqueue 0.0775024 ms)
[02/27/2026-11:09:08] [I] Average on 10 runs - GPU latency: 0.101611 ms - Host latency: 0.101611 ms (enqueue 0.080542 ms)
[02/27/2026-11:09:08] [I] Average on 10 runs - GPU latency: 0.102197 ms - Host latency: 0.102197 ms (enqueue 0.0793823 ms)
[02/27/2026-11:09:08] [I] Average on 10 runs - GPU latency: 0.101636 ms - Host latency: 0.101636 ms (enqueue 0.0815796 ms)
[02/27/2026-11:09:08] [I] Average on 10 runs - GPU latency: 0.101624 ms - Host latency: 0.101624 ms (enqueue 0.0801636 ms)
[02/27/2026-11:09:08] [I] Average on 10 runs - GPU latency: 0.101038 ms - Host latency: 0.101038 ms (enqueue 0.0800415 ms)
[02/27/2026-11:09:08] [I] Average on 10 runs - GPU latency: 0.101367 ms - Host latency: 0.101367 ms (enqueue 0.0822632 ms)
[02/27/2026-11:09:08] [I] Average on 10 runs - GPU latency: 0.101904 ms - Host latency: 0.101904 ms (enqueue 0.0801025 ms)
[02/27/2026-11:09:08] [I] Average on 10 runs - GPU latency: 0.101538 ms - Host latency: 0.101538 ms (enqueue 0.0799194 ms)
[02/27/2026-11:09:08] [I] Average on 10 runs - GPU latency: 0.101843 ms - Host latency: 0.101843 ms (enqueue 0.0796387 ms)
[02/27/2026-11:09:08] [I] Average on 10 runs - GPU latency: 0.1021 ms - Host latency: 0.1021 ms (enqueue 0.0809814 ms)
[02/27/2026-11:09:08] [I] Average on 10 runs - GPU latency: 0.101538 ms - Host latency: 0.101538 ms (enqueue 0.0786987 ms)
[02/27/2026-11:09:08] [I] Average on 10 runs - GPU latency: 0.1026 ms - Host latency: 0.1026 ms (enqueue 0.0788086 ms)
[02/27/2026-11:09:08] [I] Average on 10 runs - GPU latency: 0.102295 ms - Host latency: 0.102295 ms (enqueue 0.0786499 ms)
[02/27/2026-11:09:08] [I] Average on 10 runs - GPU latency: 0.101672 ms - Host latency: 0.101672 ms (enqueue 0.08302 ms)
[02/27/2026-11:09:08] [I] Average on 10 runs - GPU latency: 0.102734 ms - Host latency: 0.102734 ms (enqueue 0.0793335 ms)
[02/27/2026-11:09:08] [I] Average on 10 runs - GPU latency: 0.102332 ms - Host latency: 0.102332 ms (enqueue 0.0790405 ms)
[02/27/2026-11:09:08] [I] Average on 10 runs - GPU latency: 0.101526 ms - Host latency: 0.101526 ms (enqueue 0.0801025 ms)
[02/27/2026-11:09:08] [I] Average on 10 runs - GPU latency: 0.10116 ms - Host latency: 0.10116 ms (enqueue 0.0808105 ms)
[02/27/2026-11:09:08] [I] Average on 10 runs - GPU latency: 0.102087 ms - Host latency: 0.102087 ms (enqueue 0.0802612 ms)
[02/27/2026-11:09:08] [I] Average on 10 runs - GPU latency: 0.102368 ms - Host latency: 0.102368 ms (enqueue 0.0785889 ms)
[02/27/2026-11:09:08] [I] Average on 10 runs - GPU latency: 0.101831 ms - Host latency: 0.101831 ms (enqueue 0.0797852 ms)
[02/27/2026-11:09:08] [I] Average on 10 runs - GPU latency: 0.101465 ms - Host latency: 0.101465 ms (enqueue 0.0823853 ms)
[02/27/2026-11:09:08] [I] Average on 10 runs - GPU latency: 0.102368 ms - Host latency: 0.102368 ms (enqueue 0.0798218 ms)
[02/27/2026-11:09:08] [I] Average on 10 runs - GPU latency: 0.102405 ms - Host latency: 0.102405 ms (enqueue 0.0795044 ms)
[02/27/2026-11:09:08] [I] Average on 10 runs - GPU latency: 0.102258 ms - Host latency: 0.102258 ms (enqueue 0.0781006 ms)
[02/27/2026-11:09:08] [I] Average on 10 runs - GPU latency: 0.101587 ms - Host latency: 0.101587 ms (enqueue 0.081665 ms)
[02/27/2026-11:09:08] [I] Average on 10 runs - GPU latency: 0.101831 ms - Host latency: 0.101831 ms (enqueue 0.0806763 ms)
[02/27/2026-11:09:08] [I] Average on 10 runs - GPU latency: 0.102026 ms - Host latency: 0.102026 ms (enqueue 0.0790283 ms)
[02/27/2026-11:09:08] [I] Average on 10 runs - GPU latency: 0.101367 ms - Host latency: 0.101367 ms (enqueue 0.0811401 ms)
[02/27/2026-11:09:08] [I] Average on 10 runs - GPU latency: 0.102271 ms - Host latency: 0.102271 ms (enqueue 0.0810425 ms)
[02/27/2026-11:09:08] [I] Average on 10 runs - GPU latency: 0.102063 ms - Host latency: 0.102063 ms (enqueue 0.0789795 ms)
[02/27/2026-11:09:08] [I] Average on 10 runs - GPU latency: 0.101538 ms - Host latency: 0.101538 ms (enqueue 0.0800537 ms)
[02/27/2026-11:09:08] [I] Average on 10 runs - GPU latency: 0.101526 ms - Host latency: 0.101526 ms (enqueue 0.0809204 ms)
[02/27/2026-11:09:08] [I] Average on 10 runs - GPU latency: 0.101379 ms - Host latency: 0.101379 ms (enqueue 0.0820557 ms)
[02/27/2026-11:09:08] [I] Average on 10 runs - GPU latency: 0.101282 ms - Host latency: 0.101282 ms (enqueue 0.0807861 ms)
[02/27/2026-11:09:08] [I] Average on 10 runs - GPU latency: 0.101709 ms - Host latency: 0.101709 ms (enqueue 0.0771851 ms)
[02/27/2026-11:09:08] [I] Average on 10 runs - GPU latency: 0.10166 ms - Host latency: 0.10166 ms (enqueue 0.0806274 ms)
[02/27/2026-11:09:08] [I] Average on 10 runs - GPU latency: 0.102246 ms - Host latency: 0.102246 ms (enqueue 0.0789185 ms)
[02/27/2026-11:09:08] [I] Average on 10 runs - GPU latency: 0.100867 ms - Host latency: 0.100867 ms (enqueue 0.0811279 ms)
[02/27/2026-11:09:08] [I] Average on 10 runs - GPU latency: 0.101685 ms - Host latency: 0.101685 ms (enqueue 0.0795044 ms)
[02/27/2026-11:09:08] [I] Average on 10 runs - GPU latency: 0.102161 ms - Host latency: 0.102161 ms (enqueue 0.0814819 ms)
[02/27/2026-11:09:08] [I] Average on 10 runs - GPU latency: 0.102576 ms - Host latency: 0.102576 ms (enqueue 0.0800415 ms)
[02/27/2026-11:09:08] [I] Average on 10 runs - GPU latency: 0.101599 ms - Host latency: 0.101599 ms (enqueue 0.0798828 ms)
[02/27/2026-11:09:08] [I] Average on 10 runs - GPU latency: 0.101453 ms - Host latency: 0.101453 ms (enqueue 0.0810425 ms)
[02/27/2026-11:09:08] [I] Average on 10 runs - GPU latency: 0.101904 ms - Host latency: 0.101904 ms (enqueue 0.0792236 ms)
[02/27/2026-11:09:08] [I] Average on 10 runs - GPU latency: 0.102124 ms - Host latency: 0.102124 ms (enqueue 0.0805786 ms)
[02/27/2026-11:09:08] [I] Average on 10 runs - GPU latency: 0.101733 ms - Host latency: 0.101733 ms (enqueue 0.0790894 ms)
[02/27/2026-11:09:08] [I] Average on 10 runs - GPU latency: 0.102051 ms - Host latency: 0.102051 ms (enqueue 0.0802856 ms)
[02/27/2026-11:09:08] [I] Average on 10 runs - GPU latency: 0.102258 ms - Host latency: 0.102258 ms (enqueue 0.0810425 ms)
[02/27/2026-11:09:08] [I] Average on 10 runs - GPU latency: 0.10177 ms - Host latency: 0.10177 ms (enqueue 0.0785034 ms)
[02/27/2026-11:09:08] [I] Average on 10 runs - GPU latency: 0.101428 ms - Host latency: 0.101428 ms (enqueue 0.0809692 ms)
[02/27/2026-11:09:08] [I] Average on 10 runs - GPU latency: 0.101831 ms - Host latency: 0.101831 ms (enqueue 0.0791138 ms)
[02/27/2026-11:09:08] [I] Average on 10 runs - GPU latency: 0.101453 ms - Host latency: 0.101453 ms (enqueue 0.0813843 ms)
[02/27/2026-11:09:08] [I] Average on 10 runs - GPU latency: 0.102283 ms - Host latency: 0.102283 ms (enqueue 0.0797363 ms)
[02/27/2026-11:09:08] [I] Average on 10 runs - GPU latency: 0.101978 ms - Host latency: 0.101978 ms (enqueue 0.0791748 ms)
[02/27/2026-11:09:08] [I] Average on 10 runs - GPU latency: 0.102124 ms - Host latency: 0.102124 ms (enqueue 0.0779663 ms)
[02/27/2026-11:09:08] [I] Average on 10 runs - GPU latency: 0.102039 ms - Host latency: 0.102039 ms (enqueue 0.0824219 ms)
[02/27/2026-11:09:08] [I] Average on 10 runs - GPU latency: 0.101453 ms - Host latency: 0.101453 ms (enqueue 0.0791138 ms)
[02/27/2026-11:09:08] [I] Average on 10 runs - GPU latency: 0.101501 ms - Host latency: 0.101501 ms (enqueue 0.07948 ms)
[02/27/2026-11:09:08] [I] Average on 10 runs - GPU latency: 0.101282 ms - Host latency: 0.101282 ms (enqueue 0.0803589 ms)
[02/27/2026-11:09:08] [I] Average on 10 runs - GPU latency: 0.102112 ms - Host latency: 0.102112 ms (enqueue 0.0805786 ms)
[02/27/2026-11:09:08] [I] Average on 10 runs - GPU latency: 0.102051 ms - Host latency: 0.102051 ms (enqueue 0.0800049 ms)
[02/27/2026-11:09:08] [I] Average on 10 runs - GPU latency: 0.101562 ms - Host latency: 0.101562 ms (enqueue 0.0799805 ms)
[02/27/2026-11:09:08] [I] Average on 10 runs - GPU latency: 0.100928 ms - Host latency: 0.100928 ms (enqueue 0.0803589 ms)
[02/27/2026-11:09:08] [I] Average on 10 runs - GPU latency: 0.10177 ms - Host latency: 0.10177 ms (enqueue 0.0794922 ms)
[02/27/2026-11:09:08] [I] Average on 10 runs - GPU latency: 0.10238 ms - Host latency: 0.10238 ms (enqueue 0.0793823 ms)
[02/27/2026-11:09:08] [I] Average on 10 runs - GPU latency: 0.101221 ms - Host latency: 0.101221 ms (enqueue 0.079895 ms)
[02/27/2026-11:09:08] [I] Average on 10 runs - GPU latency: 0.101953 ms - Host latency: 0.101953 ms (enqueue 0.082605 ms)
[02/27/2026-11:09:08] [I] Average on 10 runs - GPU latency: 0.101819 ms - Host latency: 0.101819 ms (enqueue 0.0779175 ms)
[02/27/2026-11:09:08] [I] Average on 10 runs - GPU latency: 0.101831 ms - Host latency: 0.101831 ms (enqueue 0.0786865 ms)
[02/27/2026-11:09:08] [I] Average on 10 runs - GPU latency: 0.10188 ms - Host latency: 0.10188 ms (enqueue 0.0790649 ms)
[02/27/2026-11:09:08] [I] Average on 10 runs - GPU latency: 0.101721 ms - Host latency: 0.101721 ms (enqueue 0.0822632 ms)
[02/27/2026-11:09:08] [I] Average on 10 runs - GPU latency: 0.102185 ms - Host latency: 0.102185 ms (enqueue 0.0777466 ms)
[02/27/2026-11:09:08] [I] Average on 10 runs - GPU latency: 0.102014 ms - Host latency: 0.102014 ms (enqueue 0.0807129 ms)
[02/27/2026-11:09:08] [I] Average on 10 runs - GPU latency: 0.101428 ms - Host latency: 0.101428 ms (enqueue 0.0796509 ms)
[02/27/2026-11:09:08] [I] Average on 10 runs - GPU latency: 0.10188 ms - Host latency: 0.10188 ms (enqueue 0.0822632 ms)
[02/27/2026-11:09:08] [I] Average on 10 runs - GPU latency: 0.10177 ms - Host latency: 0.10177 ms (enqueue 0.0792969 ms)
[02/27/2026-11:09:08] [I] Average on 10 runs - GPU latency: 0.101709 ms - Host latency: 0.101709 ms (enqueue 0.080249 ms)
[02/27/2026-11:09:08] [I] Average on 10 runs - GPU latency: 0.102283 ms - Host latency: 0.102283 ms (enqueue 0.0806641 ms)
[02/27/2026-11:09:08] [I] Average on 10 runs - GPU latency: 0.102246 ms - Host latency: 0.102246 ms (enqueue 0.080188 ms)
[02/27/2026-11:09:08] [I] Average on 10 runs - GPU latency: 0.101941 ms - Host latency: 0.101941 ms (enqueue 0.0802368 ms)
[02/27/2026-11:09:08] [I] Average on 10 runs - GPU latency: 0.102673 ms - Host latency: 0.102673 ms (enqueue 0.0818848 ms)
[02/27/2026-11:09:08] [I] Average on 10 runs - GPU latency: 0.101477 ms - Host latency: 0.101477 ms (enqueue 0.0804565 ms)
[02/27/2026-11:09:08] [I] Average on 10 runs - GPU latency: 0.101794 ms - Host latency: 0.101794 ms (enqueue 0.0793457 ms)
[02/27/2026-11:09:08] [I] Average on 10 runs - GPU latency: 0.10238 ms - Host latency: 0.10238 ms (enqueue 0.0807007 ms)
[02/27/2026-11:09:08] [I] Average on 10 runs - GPU latency: 0.102527 ms - Host latency: 0.102527 ms (enqueue 0.0805176 ms)
[02/27/2026-11:09:08] [I] Average on 10 runs - GPU latency: 0.102136 ms - Host latency: 0.102136 ms (enqueue 0.0785278 ms)
[02/27/2026-11:09:08] [I] Average on 10 runs - GPU latency: 0.101294 ms - Host latency: 0.101294 ms (enqueue 0.0815552 ms)
[02/27/2026-11:09:08] [I] Average on 10 runs - GPU latency: 0.102295 ms - Host latency: 0.102295 ms (enqueue 0.0823486 ms)
[02/27/2026-11:09:08] [I] Average on 10 runs - GPU latency: 0.102039 ms - Host latency: 0.102039 ms (enqueue 0.0798706 ms)
[02/27/2026-11:09:08] [I] Average on 10 runs - GPU latency: 0.102075 ms - Host latency: 0.102075 ms (enqueue 0.0810669 ms)
[02/27/2026-11:09:08] [I] Average on 10 runs - GPU latency: 0.10188 ms - Host latency: 0.10188 ms (enqueue 0.0791626 ms)
[02/27/2026-11:09:08] [I] Average on 10 runs - GPU latency: 0.102148 ms - Host latency: 0.102148 ms (enqueue 0.0791626 ms)
[02/27/2026-11:09:08] [I] Average on 10 runs - GPU latency: 0.101892 ms - Host latency: 0.101892 ms (enqueue 0.0788208 ms)
[02/27/2026-11:09:08] [I] Average on 10 runs - GPU latency: 0.102417 ms - Host latency: 0.102417 ms (enqueue 0.0800659 ms)
[02/27/2026-11:09:08] [I] Average on 10 runs - GPU latency: 0.1026 ms - Host latency: 0.1026 ms (enqueue 0.0786987 ms)
[02/27/2026-11:09:08] [I] Average on 10 runs - GPU latency: 0.101636 ms - Host latency: 0.101636 ms (enqueue 0.080603 ms)
[02/27/2026-11:09:08] [I] Average on 10 runs - GPU latency: 0.10155 ms - Host latency: 0.10155 ms (enqueue 0.0797607 ms)
[02/27/2026-11:09:08] [I] Average on 10 runs - GPU latency: 0.101453 ms - Host latency: 0.101453 ms (enqueue 0.079602 ms)
[02/27/2026-11:09:08] [I] Average on 10 runs - GPU latency: 0.101416 ms - Host latency: 0.101416 ms (enqueue 0.0787842 ms)
[02/27/2026-11:09:08] [I] Average on 10 runs - GPU latency: 0.102039 ms - Host latency: 0.102039 ms (enqueue 0.07948 ms)
[02/27/2026-11:09:08] [I] Average on 10 runs - GPU latency: 0.10271 ms - Host latency: 0.10271 ms (enqueue 0.0782105 ms)
[02/27/2026-11:09:08] [I] Average on 10 runs - GPU latency: 0.101294 ms - Host latency: 0.101294 ms (enqueue 0.0807129 ms)
[02/27/2026-11:09:08] [I] Average on 10 runs - GPU latency: 0.102161 ms - Host latency: 0.102161 ms (enqueue 0.0798096 ms)
[02/27/2026-11:09:08] [I] Average on 10 runs - GPU latency: 0.101538 ms - Host latency: 0.101538 ms (enqueue 0.0803345 ms)
[02/27/2026-11:09:08] [I] Average on 10 runs - GPU latency: 0.101648 ms - Host latency: 0.101648 ms (enqueue 0.0820801 ms)
[02/27/2026-11:09:08] [I] Average on 10 runs - GPU latency: 0.101941 ms - Host latency: 0.101941 ms (enqueue 0.080542 ms)
[02/27/2026-11:09:08] [I] Average on 10 runs - GPU latency: 0.102026 ms - Host latency: 0.102026 ms (enqueue 0.0781006 ms)
[02/27/2026-11:09:08] [I] Average on 10 runs - GPU latency: 0.101782 ms - Host latency: 0.101782 ms (enqueue 0.0795898 ms)
[02/27/2026-11:09:08] [I] Average on 10 runs - GPU latency: 0.102087 ms - Host latency: 0.102087 ms (enqueue 0.0805908 ms)
[02/27/2026-11:09:08] [I] Average on 10 runs - GPU latency: 0.101843 ms - Host latency: 0.101843 ms (enqueue 0.0802734 ms)
[02/27/2026-11:09:08] [I] Average on 10 runs - GPU latency: 0.101807 ms - Host latency: 0.101807 ms (enqueue 0.0806519 ms)
[02/27/2026-11:09:08] [I] Average on 10 runs - GPU latency: 0.101257 ms - Host latency: 0.101257 ms (enqueue 0.0809326 ms)
[02/27/2026-11:09:08] [I] Average on 10 runs - GPU latency: 0.102161 ms - Host latency: 0.102161 ms (enqueue 0.079541 ms)
[02/27/2026-11:09:08] [I] Average on 10 runs - GPU latency: 0.102393 ms - Host latency: 0.102393 ms (enqueue 0.07854 ms)
[02/27/2026-11:09:08] [I] Average on 10 runs - GPU latency: 0.102307 ms - Host latency: 0.102307 ms (enqueue 0.0779419 ms)
[02/27/2026-11:09:08] [I] Average on 10 runs - GPU latency: 0.101685 ms - Host latency: 0.101685 ms (enqueue 0.0802368 ms)
[02/27/2026-11:09:08] [I] Average on 10 runs - GPU latency: 0.101611 ms - Host latency: 0.101611 ms (enqueue 0.0833618 ms)
[02/27/2026-11:09:08] [I] Average on 10 runs - GPU latency: 0.101868 ms - Host latency: 0.101868 ms (enqueue 0.0786621 ms)
[02/27/2026-11:09:08] [I] Average on 10 runs - GPU latency: 0.10105 ms - Host latency: 0.10105 ms (enqueue 0.0809204 ms)
[02/27/2026-11:09:08] [I] Average on 10 runs - GPU latency: 0.102051 ms - Host latency: 0.102051 ms (enqueue 0.0793945 ms)
[02/27/2026-11:09:08] [I] Average on 10 runs - GPU latency: 0.101685 ms - Host latency: 0.101685 ms (enqueue 0.0800659 ms)
[02/27/2026-11:09:08] [I] Average on 10 runs - GPU latency: 0.1021 ms - Host latency: 0.1021 ms (enqueue 0.0812378 ms)
[02/27/2026-11:09:08] [I] Average on 10 runs - GPU latency: 0.102173 ms - Host latency: 0.102173 ms (enqueue 0.0787354 ms)
[02/27/2026-11:09:08] [I] Average on 10 runs - GPU latency: 0.101819 ms - Host latency: 0.101819 ms (enqueue 0.0795166 ms)
[02/27/2026-11:09:08] [I] Average on 10 runs - GPU latency: 0.101453 ms - Host latency: 0.101453 ms (enqueue 0.0788208 ms)
[02/27/2026-11:09:08] [I] Average on 10 runs - GPU latency: 0.101477 ms - Host latency: 0.101477 ms (enqueue 0.0803467 ms)
[02/27/2026-11:09:08] [I] Average on 10 runs - GPU latency: 0.101782 ms - Host latency: 0.101782 ms (enqueue 0.0814453 ms)
[02/27/2026-11:09:08] [I] Average on 10 runs - GPU latency: 0.101831 ms - Host latency: 0.101831 ms (enqueue 0.0790894 ms)
[02/27/2026-11:09:08] [I] Average on 10 runs - GPU latency: 0.101404 ms - Host latency: 0.101404 ms (enqueue 0.080957 ms)
[02/27/2026-11:09:08] [I] Average on 10 runs - GPU latency: 0.101331 ms - Host latency: 0.101331 ms (enqueue 0.0812744 ms)
[02/27/2026-11:09:08] [I] Average on 10 runs - GPU latency: 0.101904 ms - Host latency: 0.101904 ms (enqueue 0.0804321 ms)
[02/27/2026-11:09:08] [I] Average on 10 runs - GPU latency: 0.102625 ms - Host latency: 0.102625 ms (enqueue 0.0777954 ms)
[02/27/2026-11:09:08] [I] Average on 10 runs - GPU latency: 0.101501 ms - Host latency: 0.101501 ms (enqueue 0.0808105 ms)
[02/27/2026-11:09:08] [I] Average on 10 runs - GPU latency: 0.102734 ms - Host latency: 0.102734 ms (enqueue 0.0793335 ms)
[02/27/2026-11:09:08] [I] Average on 10 runs - GPU latency: 0.10144 ms - Host latency: 0.10144 ms (enqueue 0.0801514 ms)
[02/27/2026-11:09:08] [I] Average on 10 runs - GPU latency: 0.101807 ms - Host latency: 0.101807 ms (enqueue 0.0806885 ms)
[02/27/2026-11:09:08] [I] Average on 10 runs - GPU latency: 0.101953 ms - Host latency: 0.101953 ms (enqueue 0.08125 ms)
[02/27/2026-11:09:08] [I] Average on 10 runs - GPU latency: 0.101697 ms - Host latency: 0.101697 ms (enqueue 0.0785156 ms)
[02/27/2026-11:09:08] [I] Average on 10 runs - GPU latency: 0.101685 ms - Host latency: 0.101685 ms (enqueue 0.0826172 ms)
[02/27/2026-11:09:08] [I] Average on 10 runs - GPU latency: 0.101331 ms - Host latency: 0.101331 ms (enqueue 0.0783325 ms)
[02/27/2026-11:09:08] [I] Average on 10 runs - GPU latency: 0.102466 ms - Host latency: 0.102466 ms (enqueue 0.0809937 ms)
[02/27/2026-11:09:08] [I] Average on 10 runs - GPU latency: 0.102112 ms - Host latency: 0.102112 ms (enqueue 0.0804443 ms)
[02/27/2026-11:09:08] [I] Average on 10 runs - GPU latency: 0.102502 ms - Host latency: 0.102502 ms (enqueue 0.0787231 ms)
[02/27/2026-11:09:08] [I] Average on 10 runs - GPU latency: 0.101758 ms - Host latency: 0.101758 ms (enqueue 0.0802246 ms)
[02/27/2026-11:09:08] [I] Average on 10 runs - GPU latency: 0.10188 ms - Host latency: 0.10188 ms (enqueue 0.0796875 ms)
[02/27/2026-11:09:08] [I] Average on 10 runs - GPU latency: 0.101392 ms - Host latency: 0.101392 ms (enqueue 0.078064 ms)
[02/27/2026-11:09:08] [I] Average on 10 runs - GPU latency: 0.102429 ms - Host latency: 0.102429 ms (enqueue 0.0802612 ms)
[02/27/2026-11:09:08] [I] Average on 10 runs - GPU latency: 0.10238 ms - Host latency: 0.10238 ms (enqueue 0.0835083 ms)
[02/27/2026-11:09:08] [I] Average on 10 runs - GPU latency: 0.101929 ms - Host latency: 0.101929 ms (enqueue 0.0793579 ms)
[02/27/2026-11:09:08] [I] Average on 10 runs - GPU latency: 0.101746 ms - Host latency: 0.101746 ms (enqueue 0.0799561 ms)
[02/27/2026-11:09:08] [I] Average on 10 runs - GPU latency: 0.101636 ms - Host latency: 0.101636 ms (enqueue 0.0797974 ms)
[02/27/2026-11:09:08] [I] Average on 10 runs - GPU latency: 0.101624 ms - Host latency: 0.101624 ms (enqueue 0.079895 ms)
[02/27/2026-11:09:08] [I] Average on 10 runs - GPU latency: 0.101831 ms - Host latency: 0.101831 ms (enqueue 0.0802612 ms)
[02/27/2026-11:09:08] [I] Average on 10 runs - GPU latency: 0.101514 ms - Host latency: 0.101514 ms (enqueue 0.0803101 ms)
[02/27/2026-11:09:08] [I] Average on 10 runs - GPU latency: 0.101453 ms - Host latency: 0.101453 ms (enqueue 0.0803711 ms)
[02/27/2026-11:09:08] [I] Average on 10 runs - GPU latency: 0.102417 ms - Host latency: 0.102417 ms (enqueue 0.0808472 ms)
[02/27/2026-11:09:08] [I] Average on 10 runs - GPU latency: 0.102246 ms - Host latency: 0.102246 ms (enqueue 0.07948 ms)
[02/27/2026-11:09:08] [I] Average on 10 runs - GPU latency: 0.101855 ms - Host latency: 0.101855 ms (enqueue 0.0794434 ms)
[02/27/2026-11:09:08] [I] Average on 10 runs - GPU latency: 0.102393 ms - Host latency: 0.102393 ms (enqueue 0.0807983 ms)
[02/27/2026-11:09:08] [I] Average on 10 runs - GPU latency: 0.101318 ms - Host latency: 0.101318 ms (enqueue 0.0799316 ms)
[02/27/2026-11:09:08] [I] Average on 10 runs - GPU latency: 0.102271 ms - Host latency: 0.102271 ms (enqueue 0.0799561 ms)
[02/27/2026-11:09:08] [I] Average on 10 runs - GPU latency: 0.10188 ms - Host latency: 0.10188 ms (enqueue 0.0801636 ms)
[02/27/2026-11:09:08] [I] Average on 10 runs - GPU latency: 0.101758 ms - Host latency: 0.101758 ms (enqueue 0.0812622 ms)
[02/27/2026-11:09:08] [I] Average on 10 runs - GPU latency: 0.101428 ms - Host latency: 0.101428 ms (enqueue 0.0794434 ms)
[02/27/2026-11:09:08] [I] Average on 10 runs - GPU latency: 0.101636 ms - Host latency: 0.101636 ms (enqueue 0.0787842 ms)
[02/27/2026-11:09:08] [I] Average on 10 runs - GPU latency: 0.101575 ms - Host latency: 0.101575 ms (enqueue 0.0801392 ms)
[02/27/2026-11:09:08] [I] Average on 10 runs - GPU latency: 0.101221 ms - Host latency: 0.101221 ms (enqueue 0.0789185 ms)
[02/27/2026-11:09:08] [I] Average on 10 runs - GPU latency: 0.101868 ms - Host latency: 0.101868 ms (enqueue 0.0813843 ms)
[02/27/2026-11:09:08] [I] Average on 10 runs - GPU latency: 0.101892 ms - Host latency: 0.101892 ms (enqueue 0.0784546 ms)
[02/27/2026-11:09:08] [I] Average on 10 runs - GPU latency: 0.102087 ms - Host latency: 0.102087 ms (enqueue 0.0802612 ms)
[02/27/2026-11:09:08] [I] Average on 10 runs - GPU latency: 0.101123 ms - Host latency: 0.101123 ms (enqueue 0.0813232 ms)
[02/27/2026-11:09:08] [I] Average on 10 runs - GPU latency: 0.101672 ms - Host latency: 0.101672 ms (enqueue 0.0797729 ms)
[02/27/2026-11:09:08] [I] Average on 10 runs - GPU latency: 0.101611 ms - Host latency: 0.101611 ms (enqueue 0.0790405 ms)
[02/27/2026-11:09:08] [I] Average on 10 runs - GPU latency: 0.101282 ms - Host latency: 0.101282 ms (enqueue 0.0800049 ms)
[02/27/2026-11:09:08] [I] Average on 10 runs - GPU latency: 0.101685 ms - Host latency: 0.101685 ms (enqueue 0.0821411 ms)
[02/27/2026-11:09:08] [I] Average on 10 runs - GPU latency: 0.100757 ms - Host latency: 0.100757 ms (enqueue 0.0814575 ms)
[02/27/2026-11:09:08] [I] Average on 10 runs - GPU latency: 0.101611 ms - Host latency: 0.101611 ms (enqueue 0.0794922 ms)
[02/27/2026-11:09:08] [I] Average on 10 runs - GPU latency: 0.101758 ms - Host latency: 0.101758 ms (enqueue 0.0802856 ms)
[02/27/2026-11:09:08] [I] Average on 10 runs - GPU latency: 0.101355 ms - Host latency: 0.101355 ms (enqueue 0.0777466 ms)
[02/27/2026-11:09:08] [I] Average on 10 runs - GPU latency: 0.101196 ms - Host latency: 0.101196 ms (enqueue 0.0813232 ms)
[02/27/2026-11:09:08] [I] Average on 10 runs - GPU latency: 0.101648 ms - Host latency: 0.101648 ms (enqueue 0.0797974 ms)
[02/27/2026-11:09:08] [I] Average on 10 runs - GPU latency: 0.101758 ms - Host latency: 0.101758 ms (enqueue 0.0800293 ms)
[02/27/2026-11:09:08] [I] Average on 10 runs - GPU latency: 0.101416 ms - Host latency: 0.101416 ms (enqueue 0.0787842 ms)
[02/27/2026-11:09:08] [I] Average on 10 runs - GPU latency: 0.101904 ms - Host latency: 0.101904 ms (enqueue 0.0786499 ms)
[02/27/2026-11:09:08] [I] Average on 10 runs - GPU latency: 0.101038 ms - Host latency: 0.101038 ms (enqueue 0.0792358 ms)
[02/27/2026-11:09:08] [I] Average on 10 runs - GPU latency: 0.101892 ms - Host latency: 0.101892 ms (enqueue 0.0830566 ms)
[02/27/2026-11:09:08] [I] Average on 10 runs - GPU latency: 0.101392 ms - Host latency: 0.101392 ms (enqueue 0.0772217 ms)
[02/27/2026-11:09:08] [I] Average on 10 runs - GPU latency: 0.101196 ms - Host latency: 0.101196 ms (enqueue 0.0810059 ms)
[02/27/2026-11:09:08] [I] Average on 10 runs - GPU latency: 0.102063 ms - Host latency: 0.102063 ms (enqueue 0.0813965 ms)
[02/27/2026-11:09:08] [I] Average on 10 runs - GPU latency: 0.101404 ms - Host latency: 0.101404 ms (enqueue 0.0785156 ms)
[02/27/2026-11:09:08] [I] Average on 10 runs - GPU latency: 0.101758 ms - Host latency: 0.101758 ms (enqueue 0.0792969 ms)
[02/27/2026-11:09:08] [I] Average on 10 runs - GPU latency: 0.101758 ms - Host latency: 0.101758 ms (enqueue 0.0810059 ms)
[02/27/2026-11:09:08] [I] Average on 10 runs - GPU latency: 0.102295 ms - Host latency: 0.102295 ms (enqueue 0.0789917 ms)
[02/27/2026-11:09:08] [I] Average on 10 runs - GPU latency: 0.101233 ms - Host latency: 0.101233 ms (enqueue 0.0817383 ms)
[02/27/2026-11:09:08] [I] Average on 10 runs - GPU latency: 0.101172 ms - Host latency: 0.101172 ms (enqueue 0.0786377 ms)
[02/27/2026-11:09:08] [I] Average on 10 runs - GPU latency: 0.101697 ms - Host latency: 0.101697 ms (enqueue 0.0801636 ms)
[02/27/2026-11:09:08] [I] Average on 10 runs - GPU latency: 0.102124 ms - Host latency: 0.102124 ms (enqueue 0.0800171 ms)
[02/27/2026-11:09:08] [I] Average on 10 runs - GPU latency: 0.101672 ms - Host latency: 0.101672 ms (enqueue 0.081897 ms)
[02/27/2026-11:09:08] [I] Average on 10 runs - GPU latency: 0.102515 ms - Host latency: 0.102515 ms (enqueue 0.0808105 ms)
[02/27/2026-11:09:08] [I] Average on 10 runs - GPU latency: 0.101514 ms - Host latency: 0.101514 ms (enqueue 0.0778564 ms)
[02/27/2026-11:09:08] [I] Average on 10 runs - GPU latency: 0.101953 ms - Host latency: 0.101953 ms (enqueue 0.0798218 ms)
[02/27/2026-11:09:08] [I] Average on 10 runs - GPU latency: 0.10155 ms - Host latency: 0.10155 ms (enqueue 0.0822876 ms)
[02/27/2026-11:09:08] [I] Average on 10 runs - GPU latency: 0.101953 ms - Host latency: 0.101953 ms (enqueue 0.0803101 ms)
[02/27/2026-11:09:08] [I] Average on 10 runs - GPU latency: 0.101379 ms - Host latency: 0.101379 ms (enqueue 0.0819092 ms)
[02/27/2026-11:09:08] [I] Average on 10 runs - GPU latency: 0.101355 ms - Host latency: 0.101355 ms (enqueue 0.0816162 ms)
[02/27/2026-11:09:08] [I] Average on 10 runs - GPU latency: 0.101709 ms - Host latency: 0.101709 ms (enqueue 0.0784424 ms)
[02/27/2026-11:09:08] [I] Average on 10 runs - GPU latency: 0.102161 ms - Host latency: 0.102161 ms (enqueue 0.0807861 ms)
[02/27/2026-11:09:08] [I] Average on 10 runs - GPU latency: 0.102051 ms - Host latency: 0.102051 ms (enqueue 0.0810669 ms)
[02/27/2026-11:09:08] [I] Average on 10 runs - GPU latency: 0.101538 ms - Host latency: 0.101538 ms (enqueue 0.0815063 ms)
[02/27/2026-11:09:08] [I] Average on 10 runs - GPU latency: 0.101672 ms - Host latency: 0.101672 ms (enqueue 0.0791138 ms)
[02/27/2026-11:09:08] [I] Average on 10 runs - GPU latency: 0.101465 ms - Host latency: 0.101465 ms (enqueue 0.0791016 ms)
[02/27/2026-11:09:08] [I] Average on 10 runs - GPU latency: 0.101221 ms - Host latency: 0.101221 ms (enqueue 0.0801636 ms)
[02/27/2026-11:09:08] [I] Average on 10 runs - GPU latency: 0.101331 ms - Host latency: 0.101331 ms (enqueue 0.078479 ms)
[02/27/2026-11:09:08] [I] Average on 10 runs - GPU latency: 0.101782 ms - Host latency: 0.101782 ms (enqueue 0.0797363 ms)
[02/27/2026-11:09:08] [I] Average on 10 runs - GPU latency: 0.102319 ms - Host latency: 0.102319 ms (enqueue 0.0791138 ms)
[02/27/2026-11:09:08] [I] Average on 10 runs - GPU latency: 0.101538 ms - Host latency: 0.101538 ms (enqueue 0.080835 ms)
[02/27/2026-11:09:08] [I] Average on 10 runs - GPU latency: 0.101733 ms - Host latency: 0.101733 ms (enqueue 0.0839478 ms)
[02/27/2026-11:09:08] [I] Average on 10 runs - GPU latency: 0.102405 ms - Host latency: 0.102405 ms (enqueue 0.0781006 ms)
[02/27/2026-11:09:08] [I] Average on 10 runs - GPU latency: 0.101709 ms - Host latency: 0.101709 ms (enqueue 0.0799927 ms)
[02/27/2026-11:09:08] [I] Average on 10 runs - GPU latency: 0.102087 ms - Host latency: 0.102087 ms (enqueue 0.0812378 ms)
[02/27/2026-11:09:08] [I] Average on 10 runs - GPU latency: 0.101624 ms - Host latency: 0.101624 ms (enqueue 0.0795898 ms)
[02/27/2026-11:09:08] [I] Average on 10 runs - GPU latency: 0.101782 ms - Host latency: 0.101782 ms (enqueue 0.0823364 ms)
[02/27/2026-11:09:08] [I] Average on 10 runs - GPU latency: 0.101306 ms - Host latency: 0.101306 ms (enqueue 0.0800293 ms)
[02/27/2026-11:09:08] [I] Average on 10 runs - GPU latency: 0.101526 ms - Host latency: 0.101526 ms (enqueue 0.0790283 ms)
[02/27/2026-11:09:08] [I] Average on 10 runs - GPU latency: 0.102222 ms - Host latency: 0.102222 ms (enqueue 0.0810791 ms)
[02/27/2026-11:09:08] [I] Average on 10 runs - GPU latency: 0.101904 ms - Host latency: 0.101904 ms (enqueue 0.0792725 ms)
[02/27/2026-11:09:08] [I] Average on 10 runs - GPU latency: 0.101343 ms - Host latency: 0.101343 ms (enqueue 0.0781494 ms)
[02/27/2026-11:09:08] [I] Average on 10 runs - GPU latency: 0.102527 ms - Host latency: 0.102527 ms (enqueue 0.0817749 ms)
[02/27/2026-11:09:08] [I] Average on 10 runs - GPU latency: 0.10094 ms - Host latency: 0.10094 ms (enqueue 0.0814819 ms)
[02/27/2026-11:09:08] [I] Average on 10 runs - GPU latency: 0.101697 ms - Host latency: 0.101697 ms (enqueue 0.0788086 ms)
[02/27/2026-11:09:08] [I] Average on 10 runs - GPU latency: 0.101721 ms - Host latency: 0.101721 ms (enqueue 0.0794312 ms)
[02/27/2026-11:09:08] [I] Average on 10 runs - GPU latency: 0.102307 ms - Host latency: 0.102307 ms (enqueue 0.0817871 ms)
[02/27/2026-11:09:08] [I] Average on 10 runs - GPU latency: 0.10083 ms - Host latency: 0.10083 ms (enqueue 0.081665 ms)
[02/27/2026-11:09:08] [I] Average on 10 runs - GPU latency: 0.1021 ms - Host latency: 0.1021 ms (enqueue 0.080188 ms)
[02/27/2026-11:09:08] [I] Average on 10 runs - GPU latency: 0.101257 ms - Host latency: 0.101257 ms (enqueue 0.0791016 ms)
[02/27/2026-11:09:08] [I] Average on 10 runs - GPU latency: 0.100903 ms - Host latency: 0.100903 ms (enqueue 0.0820679 ms)
[02/27/2026-11:09:08] [I] Average on 10 runs - GPU latency: 0.10155 ms - Host latency: 0.10155 ms (enqueue 0.0802124 ms)
[02/27/2026-11:09:08] [I] Average on 10 runs - GPU latency: 0.101965 ms - Host latency: 0.101965 ms (enqueue 0.0805054 ms)
[02/27/2026-11:09:08] [I] Average on 10 runs - GPU latency: 0.101624 ms - Host latency: 0.101624 ms (enqueue 0.0800659 ms)
[02/27/2026-11:09:08] [I] Average on 10 runs - GPU latency: 0.101917 ms - Host latency: 0.101917 ms (enqueue 0.0833618 ms)
[02/27/2026-11:09:08] [I] Average on 10 runs - GPU latency: 0.102612 ms - Host latency: 0.102612 ms (enqueue 0.0792969 ms)
[02/27/2026-11:09:08] [I] Average on 10 runs - GPU latency: 0.102393 ms - Host latency: 0.102393 ms (enqueue 0.0797363 ms)
[02/27/2026-11:09:08] [I] Average on 10 runs - GPU latency: 0.101892 ms - Host latency: 0.101892 ms (enqueue 0.0792969 ms)
[02/27/2026-11:09:08] [I] Average on 10 runs - GPU latency: 0.102673 ms - Host latency: 0.102673 ms (enqueue 0.0803711 ms)
[02/27/2026-11:09:08] [I] Average on 10 runs - GPU latency: 0.101807 ms - Host latency: 0.101807 ms (enqueue 0.0807129 ms)
[02/27/2026-11:09:08] [I] Average on 10 runs - GPU latency: 0.102319 ms - Host latency: 0.102319 ms (enqueue 0.0785156 ms)
[02/27/2026-11:09:08] [I] Average on 10 runs - GPU latency: 0.102307 ms - Host latency: 0.102307 ms (enqueue 0.080835 ms)
[02/27/2026-11:09:08] [I] Average on 10 runs - GPU latency: 0.101428 ms - Host latency: 0.101428 ms (enqueue 0.0795288 ms)
[02/27/2026-11:09:08] [I] Average on 10 runs - GPU latency: 0.101904 ms - Host latency: 0.101904 ms (enqueue 0.0824585 ms)
[02/27/2026-11:09:08] [I] Average on 10 runs - GPU latency: 0.101428 ms - Host latency: 0.101428 ms (enqueue 0.0799072 ms)
[02/27/2026-11:09:08] [I] Average on 10 runs - GPU latency: 0.101404 ms - Host latency: 0.101404 ms (enqueue 0.0822022 ms)
[02/27/2026-11:09:08] [I] Average on 10 runs - GPU latency: 0.101721 ms - Host latency: 0.101721 ms (enqueue 0.0796997 ms)
[02/27/2026-11:09:08] [I] Average on 10 runs - GPU latency: 0.102148 ms - Host latency: 0.102148 ms (enqueue 0.0809326 ms)
[02/27/2026-11:09:08] [I] Average on 10 runs - GPU latency: 0.101587 ms - Host latency: 0.101587 ms (enqueue 0.0816162 ms)
[02/27/2026-11:09:08] [I] Average on 10 runs - GPU latency: 0.10238 ms - Host latency: 0.10238 ms (enqueue 0.0797607 ms)
[02/27/2026-11:09:08] [I] Average on 10 runs - GPU latency: 0.101794 ms - Host latency: 0.101794 ms (enqueue 0.0821289 ms)
[02/27/2026-11:09:08] [I] Average on 10 runs - GPU latency: 0.101892 ms - Host latency: 0.101892 ms (enqueue 0.0812256 ms)
[02/27/2026-11:09:08] [I] Average on 10 runs - GPU latency: 0.102002 ms - Host latency: 0.102002 ms (enqueue 0.079541 ms)
[02/27/2026-11:09:08] [I] Average on 10 runs - GPU latency: 0.101367 ms - Host latency: 0.101367 ms (enqueue 0.0815308 ms)
[02/27/2026-11:09:08] [I] Average on 10 runs - GPU latency: 0.101404 ms - Host latency: 0.101404 ms (enqueue 0.0811646 ms)
[02/27/2026-11:09:08] [I] Average on 10 runs - GPU latency: 0.101489 ms - Host latency: 0.101489 ms (enqueue 0.0807617 ms)
[02/27/2026-11:09:08] [I] Average on 10 runs - GPU latency: 0.101941 ms - Host latency: 0.101941 ms (enqueue 0.0811035 ms)
[02/27/2026-11:09:08] [I] Average on 10 runs - GPU latency: 0.101758 ms - Host latency: 0.101758 ms (enqueue 0.0807129 ms)
[02/27/2026-11:09:08] [I] Average on 10 runs - GPU latency: 0.100867 ms - Host latency: 0.100867 ms (enqueue 0.0787109 ms)
[02/27/2026-11:09:08] [I] Average on 10 runs - GPU latency: 0.101892 ms - Host latency: 0.101892 ms (enqueue 0.0809326 ms)
[02/27/2026-11:09:08] [I] Average on 10 runs - GPU latency: 0.101929 ms - Host latency: 0.101929 ms (enqueue 0.0821289 ms)
[02/27/2026-11:09:08] [I] Average on 10 runs - GPU latency: 0.102271 ms - Host latency: 0.102271 ms (enqueue 0.0798096 ms)
[02/27/2026-11:09:08] [I] Average on 10 runs - GPU latency: 0.101733 ms - Host latency: 0.101733 ms (enqueue 0.0827271 ms)
[02/27/2026-11:09:08] [I] Average on 10 runs - GPU latency: 0.101306 ms - Host latency: 0.101306 ms (enqueue 0.0785156 ms)
[02/27/2026-11:09:08] [I] Average on 10 runs - GPU latency: 0.101843 ms - Host latency: 0.101843 ms (enqueue 0.0807129 ms)
[02/27/2026-11:09:08] [I] Average on 10 runs - GPU latency: 0.101917 ms - Host latency: 0.101917 ms (enqueue 0.0814453 ms)
[02/27/2026-11:09:08] [I] Average on 10 runs - GPU latency: 0.101465 ms - Host latency: 0.101465 ms (enqueue 0.081189 ms)
[02/27/2026-11:09:08] [I] Average on 10 runs - GPU latency: 0.101221 ms - Host latency: 0.101221 ms (enqueue 0.080896 ms)
[02/27/2026-11:09:08] [I] Average on 10 runs - GPU latency: 0.102124 ms - Host latency: 0.102124 ms (enqueue 0.0799927 ms)
[02/27/2026-11:09:08] [I] Average on 10 runs - GPU latency: 0.101819 ms - Host latency: 0.101819 ms (enqueue 0.0807861 ms)
[02/27/2026-11:09:08] [I] Average on 10 runs - GPU latency: 0.102429 ms - Host latency: 0.102429 ms (enqueue 0.0807129 ms)
[02/27/2026-11:09:08] [I] Average on 10 runs - GPU latency: 0.101453 ms - Host latency: 0.101453 ms (enqueue 0.0799439 ms)
[02/27/2026-11:09:08] [I] Average on 10 runs - GPU latency: 0.10127 ms - Host latency: 0.10127 ms (enqueue 0.0799561 ms)
[02/27/2026-11:09:08] [I] Average on 10 runs - GPU latency: 0.101013 ms - Host latency: 0.101013 ms (enqueue 0.083252 ms)
[02/27/2026-11:09:08] [I] Average on 10 runs - GPU latency: 0.102234 ms - Host latency: 0.102234 ms (enqueue 0.0803589 ms)
[02/27/2026-11:09:08] [I] Average on 10 runs - GPU latency: 0.101917 ms - Host latency: 0.101917 ms (enqueue 0.0819092 ms)
[02/27/2026-11:09:08] [I] Average on 10 runs - GPU latency: 0.102185 ms - Host latency: 0.102185 ms (enqueue 0.0806396 ms)
[02/27/2026-11:09:08] [I] Average on 10 runs - GPU latency: 0.101001 ms - Host latency: 0.101001 ms (enqueue 0.0809082 ms)
[02/27/2026-11:09:08] [I] Average on 10 runs - GPU latency: 0.101733 ms - Host latency: 0.101733 ms (enqueue 0.080249 ms)
[02/27/2026-11:09:08] [I] Average on 10 runs - GPU latency: 0.101306 ms - Host latency: 0.101306 ms (enqueue 0.0836914 ms)
[02/27/2026-11:09:08] [I] Average on 10 runs - GPU latency: 0.102063 ms - Host latency: 0.102063 ms (enqueue 0.078833 ms)
[02/27/2026-11:09:08] [I] Average on 10 runs - GPU latency: 0.101404 ms - Host latency: 0.101404 ms (enqueue 0.0828247 ms)
[02/27/2026-11:09:08] [I] Average on 10 runs - GPU latency: 0.101538 ms - Host latency: 0.101538 ms (enqueue 0.0803345 ms)
[02/27/2026-11:09:08] [I] Average on 10 runs - GPU latency: 0.101477 ms - Host latency: 0.101477 ms (enqueue 0.0794312 ms)
[02/27/2026-11:09:08] [I] Average on 10 runs - GPU latency: 0.101453 ms - Host latency: 0.101453 ms (enqueue 0.0816528 ms)
[02/27/2026-11:09:08] [I] Average on 10 runs - GPU latency: 0.101465 ms - Host latency: 0.101465 ms (enqueue 0.0785645 ms)
[02/27/2026-11:09:08] [I] Average on 10 runs - GPU latency: 0.101501 ms - Host latency: 0.101501 ms (enqueue 0.0806641 ms)
[02/27/2026-11:09:08] [I] Average on 10 runs - GPU latency: 0.101904 ms - Host latency: 0.101904 ms (enqueue 0.0814819 ms)
[02/27/2026-11:09:08] [I] Average on 10 runs - GPU latency: 0.102893 ms - Host latency: 0.102893 ms (enqueue 0.079895 ms)
[02/27/2026-11:09:08] [I] Average on 10 runs - GPU latency: 0.102527 ms - Host latency: 0.102527 ms (enqueue 0.0792969 ms)
[02/27/2026-11:09:08] [I] Average on 10 runs - GPU latency: 0.102173 ms - Host latency: 0.102173 ms (enqueue 0.0793213 ms)
[02/27/2026-11:09:08] [I] Average on 10 runs - GPU latency: 0.101392 ms - Host latency: 0.101392 ms (enqueue 0.0793213 ms)
[02/27/2026-11:09:08] [I] Average on 10 runs - GPU latency: 0.101526 ms - Host latency: 0.101526 ms (enqueue 0.0838989 ms)
[02/27/2026-11:09:08] [I] Average on 10 runs - GPU latency: 0.101794 ms - Host latency: 0.101794 ms (enqueue 0.0789551 ms)
[02/27/2026-11:09:08] [I] Average on 10 runs - GPU latency: 0.101917 ms - Host latency: 0.101917 ms (enqueue 0.0790039 ms)
[02/27/2026-11:09:08] [I] Average on 10 runs - GPU latency: 0.102039 ms - Host latency: 0.102039 ms (enqueue 0.0805176 ms)
[02/27/2026-11:09:08] [I] Average on 10 runs - GPU latency: 0.10188 ms - Host latency: 0.10188 ms (enqueue 0.081604 ms)
[02/27/2026-11:09:08] [I] Average on 10 runs - GPU latency: 0.101257 ms - Host latency: 0.101257 ms (enqueue 0.0795288 ms)
[02/27/2026-11:09:08] [I] Average on 10 runs - GPU latency: 0.101172 ms - Host latency: 0.101172 ms (enqueue 0.0810669 ms)
[02/27/2026-11:09:08] [I] Average on 10 runs - GPU latency: 0.101636 ms - Host latency: 0.101636 ms (enqueue 0.080835 ms)
[02/27/2026-11:09:08] [I] Average on 10 runs - GPU latency: 0.10166 ms - Host latency: 0.10166 ms (enqueue 0.0815796 ms)
[02/27/2026-11:09:08] [I] Average on 10 runs - GPU latency: 0.101587 ms - Host latency: 0.101587 ms (enqueue 0.0805298 ms)
[02/27/2026-11:09:08] [I] Average on 10 runs - GPU latency: 0.101562 ms - Host latency: 0.101562 ms (enqueue 0.0801514 ms)
[02/27/2026-11:09:08] [I] Average on 10 runs - GPU latency: 0.10238 ms - Host latency: 0.10238 ms (enqueue 0.0810181 ms)
[02/27/2026-11:09:08] [I] Average on 10 runs - GPU latency: 0.101819 ms - Host latency: 0.101819 ms (enqueue 0.0803101 ms)
[02/27/2026-11:09:08] [I] Average on 10 runs - GPU latency: 0.101501 ms - Host latency: 0.101501 ms (enqueue 0.0789795 ms)
[02/27/2026-11:09:08] [I] Average on 10 runs - GPU latency: 0.102185 ms - Host latency: 0.102185 ms (enqueue 0.0804688 ms)
[02/27/2026-11:09:08] [I] Average on 10 runs - GPU latency: 0.102441 ms - Host latency: 0.102441 ms (enqueue 0.0792114 ms)
[02/27/2026-11:09:08] [I] Average on 10 runs - GPU latency: 0.101245 ms - Host latency: 0.101245 ms (enqueue 0.0827271 ms)
[02/27/2026-11:09:08] [I] Average on 10 runs - GPU latency: 0.102942 ms - Host latency: 0.102942 ms (enqueue 0.0783691 ms)
[02/27/2026-11:09:08] [I] Average on 10 runs - GPU latency: 0.101184 ms - Host latency: 0.101184 ms (enqueue 0.0808228 ms)
[02/27/2026-11:09:08] [I] Average on 10 runs - GPU latency: 0.101343 ms - Host latency: 0.101343 ms (enqueue 0.0799194 ms)
[02/27/2026-11:09:08] [I] Average on 10 runs - GPU latency: 0.101404 ms - Host latency: 0.101404 ms (enqueue 0.0809326 ms)
[02/27/2026-11:09:08] [I] Average on 10 runs - GPU latency: 0.101965 ms - Host latency: 0.101965 ms (enqueue 0.0811035 ms)
[02/27/2026-11:09:08] [I] Average on 10 runs - GPU latency: 0.10188 ms - Host latency: 0.10188 ms (enqueue 0.0820923 ms)
[02/27/2026-11:09:08] [I] Average on 10 runs - GPU latency: 0.101733 ms - Host latency: 0.101733 ms (enqueue 0.082605 ms)
[02/27/2026-11:09:08] [I] Average on 10 runs - GPU latency: 0.101587 ms - Host latency: 0.101587 ms (enqueue 0.0782593 ms)
[02/27/2026-11:09:08] [I] Average on 10 runs - GPU latency: 0.10166 ms - Host latency: 0.10166 ms (enqueue 0.0817261 ms)
[02/27/2026-11:09:08] [I] Average on 10 runs - GPU latency: 0.101721 ms - Host latency: 0.101721 ms (enqueue 0.0801025 ms)
[02/27/2026-11:09:08] [I] Average on 10 runs - GPU latency: 0.101306 ms - Host latency: 0.101306 ms (enqueue 0.0825439 ms)
[02/27/2026-11:09:08] [I] Average on 10 runs - GPU latency: 0.10304 ms - Host latency: 0.10304 ms (enqueue 0.0786011 ms)
[02/27/2026-11:09:08] [I] Average on 10 runs - GPU latency: 0.102051 ms - Host latency: 0.102051 ms (enqueue 0.0775391 ms)
[02/27/2026-11:09:08] [I] Average on 10 runs - GPU latency: 0.101721 ms - Host latency: 0.101721 ms (enqueue 0.0807983 ms)
[02/27/2026-11:09:08] [I] Average on 10 runs - GPU latency: 0.102002 ms - Host latency: 0.102002 ms (enqueue 0.0813232 ms)
[02/27/2026-11:09:08] [I] Average on 10 runs - GPU latency: 0.10188 ms - Host latency: 0.10188 ms (enqueue 0.0803101 ms)
[02/27/2026-11:09:08] [I] Average on 10 runs - GPU latency: 0.101331 ms - Host latency: 0.101331 ms (enqueue 0.0807495 ms)
[02/27/2026-11:09:08] [I] Average on 10 runs - GPU latency: 0.102466 ms - Host latency: 0.102466 ms (enqueue 0.077478 ms)
[02/27/2026-11:09:08] [I] Average on 10 runs - GPU latency: 0.101746 ms - Host latency: 0.101746 ms (enqueue 0.0808105 ms)
[02/27/2026-11:09:08] [I] Average on 10 runs - GPU latency: 0.101562 ms - Host latency: 0.101562 ms (enqueue 0.0803955 ms)
[02/27/2026-11:09:08] [I] Average on 10 runs - GPU latency: 0.102368 ms - Host latency: 0.102368 ms (enqueue 0.0797485 ms)
[02/27/2026-11:09:08] [I] Average on 10 runs - GPU latency: 0.101892 ms - Host latency: 0.101892 ms (enqueue 0.080481 ms)
[02/27/2026-11:09:08] [I] Average on 10 runs - GPU latency: 0.10105 ms - Host latency: 0.10105 ms (enqueue 0.0830811 ms)
[02/27/2026-11:09:08] [I] Average on 10 runs - GPU latency: 0.101501 ms - Host latency: 0.101501 ms (enqueue 0.0808838 ms)
[02/27/2026-11:09:08] [I] Average on 10 runs - GPU latency: 0.101611 ms - Host latency: 0.101611 ms (enqueue 0.078418 ms)
[02/27/2026-11:09:08] [I] Average on 10 runs - GPU latency: 0.102209 ms - Host latency: 0.102209 ms (enqueue 0.0808594 ms)
[02/27/2026-11:09:08] [I] Average on 10 runs - GPU latency: 0.102039 ms - Host latency: 0.102039 ms (enqueue 0.078772 ms)
[02/27/2026-11:09:08] [I] Average on 10 runs - GPU latency: 0.10166 ms - Host latency: 0.10166 ms (enqueue 0.0794922 ms)
[02/27/2026-11:09:08] [I] Average on 10 runs - GPU latency: 0.101672 ms - Host latency: 0.101672 ms (enqueue 0.0805542 ms)
[02/27/2026-11:09:08] [I] Average on 10 runs - GPU latency: 0.101746 ms - Host latency: 0.101746 ms (enqueue 0.0798096 ms)
[02/27/2026-11:09:08] [I] Average on 10 runs - GPU latency: 0.102051 ms - Host latency: 0.102051 ms (enqueue 0.0788452 ms)
[02/27/2026-11:09:08] [I] Average on 10 runs - GPU latency: 0.101636 ms - Host latency: 0.101636 ms (enqueue 0.0809448 ms)
[02/27/2026-11:09:08] [I] Average on 10 runs - GPU latency: 0.100989 ms - Host latency: 0.100989 ms (enqueue 0.0801392 ms)
[02/27/2026-11:09:08] [I] Average on 10 runs - GPU latency: 0.102673 ms - Host latency: 0.102673 ms (enqueue 0.0805176 ms)
[02/27/2026-11:09:08] [I] Average on 10 runs - GPU latency: 0.102087 ms - Host latency: 0.102087 ms (enqueue 0.0799927 ms)
[02/27/2026-11:09:08] [I] Average on 10 runs - GPU latency: 0.101941 ms - Host latency: 0.101941 ms (enqueue 0.0792358 ms)
[02/27/2026-11:09:08] [I] Average on 10 runs - GPU latency: 0.101733 ms - Host latency: 0.101733 ms (enqueue 0.0817017 ms)
[02/27/2026-11:09:08] [I] Average on 10 runs - GPU latency: 0.102271 ms - Host latency: 0.102271 ms (enqueue 0.0792725 ms)
[02/27/2026-11:09:08] [I] Average on 10 runs - GPU latency: 0.10166 ms - Host latency: 0.10166 ms (enqueue 0.0803467 ms)
[02/27/2026-11:09:08] [I] Average on 10 runs - GPU latency: 0.101672 ms - Host latency: 0.101672 ms (enqueue 0.0779297 ms)
[02/27/2026-11:09:08] [I] Average on 10 runs - GPU latency: 0.101367 ms - Host latency: 0.101367 ms (enqueue 0.0804688 ms)
[02/27/2026-11:09:08] [I] Average on 10 runs - GPU latency: 0.101416 ms - Host latency: 0.101416 ms (enqueue 0.0827759 ms)
[02/27/2026-11:09:08] [I] Average on 10 runs - GPU latency: 0.102332 ms - Host latency: 0.102332 ms (enqueue 0.0807861 ms)
[02/27/2026-11:09:08] [I] Average on 10 runs - GPU latency: 0.101819 ms - Host latency: 0.101819 ms (enqueue 0.0799439 ms)
[02/27/2026-11:09:08] [I] Average on 10 runs - GPU latency: 0.101831 ms - Host latency: 0.101831 ms (enqueue 0.0787109 ms)
[02/27/2026-11:09:08] [I] Average on 10 runs - GPU latency: 0.102124 ms - Host latency: 0.102124 ms (enqueue 0.081543 ms)
[02/27/2026-11:09:08] [I] Average on 10 runs - GPU latency: 0.101453 ms - Host latency: 0.101453 ms (enqueue 0.0809204 ms)
[02/27/2026-11:09:08] [I] Average on 10 runs - GPU latency: 0.101001 ms - Host latency: 0.101001 ms (enqueue 0.0791748 ms)
[02/27/2026-11:09:08] [I] Average on 10 runs - GPU latency: 0.101465 ms - Host latency: 0.101465 ms (enqueue 0.0788452 ms)
[02/27/2026-11:09:08] [I] Average on 10 runs - GPU latency: 0.101929 ms - Host latency: 0.101929 ms (enqueue 0.0780762 ms)
[02/27/2026-11:09:08] [I] Average on 10 runs - GPU latency: 0.10166 ms - Host latency: 0.10166 ms (enqueue 0.0803101 ms)
[02/27/2026-11:09:08] [I] Average on 10 runs - GPU latency: 0.102185 ms - Host latency: 0.102185 ms (enqueue 0.0813843 ms)
[02/27/2026-11:09:08] [I] Average on 10 runs - GPU latency: 0.101208 ms - Host latency: 0.101208 ms (enqueue 0.0792725 ms)
[02/27/2026-11:09:08] [I] Average on 10 runs - GPU latency: 0.101453 ms - Host latency: 0.101453 ms (enqueue 0.0830811 ms)
[02/27/2026-11:09:08] [I] Average on 10 runs - GPU latency: 0.102185 ms - Host latency: 0.102185 ms (enqueue 0.0787231 ms)
[02/27/2026-11:09:08] [I] Average on 10 runs - GPU latency: 0.101697 ms - Host latency: 0.101697 ms (enqueue 0.0782471 ms)
[02/27/2026-11:09:08] [I] Average on 10 runs - GPU latency: 0.101904 ms - Host latency: 0.101904 ms (enqueue 0.0815674 ms)
[02/27/2026-11:09:08] [I] Average on 10 runs - GPU latency: 0.101318 ms - Host latency: 0.101318 ms (enqueue 0.0800781 ms)
[02/27/2026-11:09:08] [I] Average on 10 runs - GPU latency: 0.101562 ms - Host latency: 0.101562 ms (enqueue 0.0814819 ms)
[02/27/2026-11:09:08] [I] Average on 10 runs - GPU latency: 0.10188 ms - Host latency: 0.10188 ms (enqueue 0.0789673 ms)
[02/27/2026-11:09:08] [I] Average on 10 runs - GPU latency: 0.101208 ms - Host latency: 0.101208 ms (enqueue 0.082312 ms)
[02/27/2026-11:09:08] [I] Average on 10 runs - GPU latency: 0.101611 ms - Host latency: 0.101611 ms (enqueue 0.0785278 ms)
[02/27/2026-11:09:08] [I] Average on 10 runs - GPU latency: 0.101514 ms - Host latency: 0.101514 ms (enqueue 0.0810059 ms)
[02/27/2026-11:09:08] [I] Average on 10 runs - GPU latency: 0.101648 ms - Host latency: 0.101648 ms (enqueue 0.0828003 ms)
[02/27/2026-11:09:08] [I] Average on 10 runs - GPU latency: 0.102063 ms - Host latency: 0.102063 ms (enqueue 0.0814453 ms)
[02/27/2026-11:09:08] [I] Average on 10 runs - GPU latency: 0.101074 ms - Host latency: 0.101074 ms (enqueue 0.0782837 ms)
[02/27/2026-11:09:08] [I] Average on 10 runs - GPU latency: 0.102124 ms - Host latency: 0.102124 ms (enqueue 0.0817627 ms)
[02/27/2026-11:09:08] [I] Average on 10 runs - GPU latency: 0.102917 ms - Host latency: 0.102917 ms (enqueue 0.0795532 ms)
[02/27/2026-11:09:08] [I] Average on 10 runs - GPU latency: 0.10199 ms - Host latency: 0.10199 ms (enqueue 0.0807495 ms)
[02/27/2026-11:09:08] [I] Average on 10 runs - GPU latency: 0.101233 ms - Host latency: 0.101233 ms (enqueue 0.0787476 ms)
[02/27/2026-11:09:08] [I] Average on 10 runs - GPU latency: 0.10166 ms - Host latency: 0.10166 ms (enqueue 0.0801025 ms)
[02/27/2026-11:09:08] [I] Average on 10 runs - GPU latency: 0.101233 ms - Host latency: 0.101233 ms (enqueue 0.081189 ms)
[02/27/2026-11:09:08] [I] Average on 10 runs - GPU latency: 0.102039 ms - Host latency: 0.102039 ms (enqueue 0.0824097 ms)
[02/27/2026-11:09:08] [I] Average on 10 runs - GPU latency: 0.101721 ms - Host latency: 0.101721 ms (enqueue 0.0804443 ms)
[02/27/2026-11:09:08] [I] Average on 10 runs - GPU latency: 0.101733 ms - Host latency: 0.101733 ms (enqueue 0.0809692 ms)
[02/27/2026-11:09:08] [I] Average on 10 runs - GPU latency: 0.10105 ms - Host latency: 0.10105 ms (enqueue 0.0799927 ms)
[02/27/2026-11:09:08] [I] Average on 10 runs - GPU latency: 0.101575 ms - Host latency: 0.101575 ms (enqueue 0.0800293 ms)
[02/27/2026-11:09:08] [I] Average on 10 runs - GPU latency: 0.10116 ms - Host latency: 0.10116 ms (enqueue 0.0803223 ms)
[02/27/2026-11:09:08] [I] Average on 10 runs - GPU latency: 0.102051 ms - Host latency: 0.102051 ms (enqueue 0.0806885 ms)
[02/27/2026-11:09:08] [I] Average on 10 runs - GPU latency: 0.10177 ms - Host latency: 0.10177 ms (enqueue 0.079602 ms)
[02/27/2026-11:09:08] [I] Average on 10 runs - GPU latency: 0.101831 ms - Host latency: 0.101831 ms (enqueue 0.0792603 ms)
[02/27/2026-11:09:08] [I] Average on 10 runs - GPU latency: 0.10155 ms - Host latency: 0.10155 ms (enqueue 0.0782837 ms)
[02/27/2026-11:09:08] [I] Average on 10 runs - GPU latency: 0.101392 ms - Host latency: 0.101392 ms (enqueue 0.0805542 ms)
[02/27/2026-11:09:08] [I] Average on 10 runs - GPU latency: 0.10144 ms - Host latency: 0.10144 ms (enqueue 0.0790039 ms)
[02/27/2026-11:09:08] [I] Average on 10 runs - GPU latency: 0.101624 ms - Host latency: 0.101624 ms (enqueue 0.0804443 ms)
[02/27/2026-11:09:08] [I] Average on 10 runs - GPU latency: 0.101672 ms - Host latency: 0.101672 ms (enqueue 0.0810547 ms)
[02/27/2026-11:09:08] [I] Average on 10 runs - GPU latency: 0.102002 ms - Host latency: 0.102002 ms (enqueue 0.0788208 ms)
[02/27/2026-11:09:08] [I] Average on 10 runs - GPU latency: 0.101453 ms - Host latency: 0.101453 ms (enqueue 0.0803467 ms)
[02/27/2026-11:09:08] [I] Average on 10 runs - GPU latency: 0.101392 ms - Host latency: 0.101392 ms (enqueue 0.0790527 ms)
[02/27/2026-11:09:08] [I] Average on 10 runs - GPU latency: 0.102393 ms - Host latency: 0.102393 ms (enqueue 0.0800903 ms)
[02/27/2026-11:09:08] [I] Average on 10 runs - GPU latency: 0.102527 ms - Host latency: 0.102527 ms (enqueue 0.0795654 ms)
[02/27/2026-11:09:08] [I] Average on 10 runs - GPU latency: 0.101318 ms - Host latency: 0.101318 ms (enqueue 0.0821045 ms)
[02/27/2026-11:09:08] [I] Average on 10 runs - GPU latency: 0.101904 ms - Host latency: 0.101904 ms (enqueue 0.0801514 ms)
[02/27/2026-11:09:08] [I] Average on 10 runs - GPU latency: 0.101477 ms - Host latency: 0.101477 ms (enqueue 0.0785522 ms)
[02/27/2026-11:09:08] [I] Average on 10 runs - GPU latency: 0.101599 ms - Host latency: 0.101599 ms (enqueue 0.0805176 ms)
[02/27/2026-11:09:08] [I] Average on 10 runs - GPU latency: 0.10188 ms - Host latency: 0.10188 ms (enqueue 0.0833374 ms)
[02/27/2026-11:09:08] [I] Average on 10 runs - GPU latency: 0.100903 ms - Host latency: 0.100903 ms (enqueue 0.0788208 ms)
[02/27/2026-11:09:08] [I] Average on 10 runs - GPU latency: 0.101794 ms - Host latency: 0.101794 ms (enqueue 0.0811401 ms)
[02/27/2026-11:09:08] [I] Average on 10 runs - GPU latency: 0.101233 ms - Host latency: 0.101233 ms (enqueue 0.080896 ms)
[02/27/2026-11:09:08] [I] Average on 10 runs - GPU latency: 0.101611 ms - Host latency: 0.101611 ms (enqueue 0.0811279 ms)
[02/27/2026-11:09:08] [I] Average on 10 runs - GPU latency: 0.101538 ms - Host latency: 0.101538 ms (enqueue 0.0817383 ms)
[02/27/2026-11:09:08] [I] Average on 10 runs - GPU latency: 0.102051 ms - Host latency: 0.102051 ms (enqueue 0.0813232 ms)
[02/27/2026-11:09:08] [I] Average on 10 runs - GPU latency: 0.102014 ms - Host latency: 0.102014 ms (enqueue 0.0784424 ms)
[02/27/2026-11:09:08] [I] Average on 10 runs - GPU latency: 0.101111 ms - Host latency: 0.101111 ms (enqueue 0.0811035 ms)
[02/27/2026-11:09:08] [I] Average on 10 runs - GPU latency: 0.101941 ms - Host latency: 0.101941 ms (enqueue 0.0799805 ms)
[02/27/2026-11:09:08] [I] Average on 10 runs - GPU latency: 0.102112 ms - Host latency: 0.102112 ms (enqueue 0.0818359 ms)
[02/27/2026-11:09:08] [I] Average on 10 runs - GPU latency: 0.102173 ms - Host latency: 0.102173 ms (enqueue 0.0796143 ms)
[02/27/2026-11:09:08] [I] Average on 10 runs - GPU latency: 0.101306 ms - Host latency: 0.101306 ms (enqueue 0.0813843 ms)
[02/27/2026-11:09:08] [I] Average on 10 runs - GPU latency: 0.101733 ms - Host latency: 0.101733 ms (enqueue 0.0807373 ms)
[02/27/2026-11:09:08] [I] Average on 10 runs - GPU latency: 0.102063 ms - Host latency: 0.102063 ms (enqueue 0.0783813 ms)
[02/27/2026-11:09:08] [I] Average on 10 runs - GPU latency: 0.101135 ms - Host latency: 0.101135 ms (enqueue 0.0830566 ms)
[02/27/2026-11:09:08] [I] Average on 10 runs - GPU latency: 0.101416 ms - Host latency: 0.101416 ms (enqueue 0.0783081 ms)
[02/27/2026-11:09:08] [I] Average on 10 runs - GPU latency: 0.102014 ms - Host latency: 0.102014 ms (enqueue 0.0809692 ms)
[02/27/2026-11:09:08] [I] Average on 10 runs - GPU latency: 0.102002 ms - Host latency: 0.102002 ms (enqueue 0.0799927 ms)
[02/27/2026-11:09:08] [I] Average on 10 runs - GPU latency: 0.101489 ms - Host latency: 0.101489 ms (enqueue 0.0835449 ms)
[02/27/2026-11:09:08] [I] Average on 10 runs - GPU latency: 0.101868 ms - Host latency: 0.101868 ms (enqueue 0.0786987 ms)
[02/27/2026-11:09:08] [I] Average on 10 runs - GPU latency: 0.102246 ms - Host latency: 0.102246 ms (enqueue 0.0809204 ms)
[02/27/2026-11:09:08] [I] Average on 10 runs - GPU latency: 0.102014 ms - Host latency: 0.102014 ms (enqueue 0.0797485 ms)
[02/27/2026-11:09:08] [I] Average on 10 runs - GPU latency: 0.102075 ms - Host latency: 0.102075 ms (enqueue 0.0809448 ms)
[02/27/2026-11:09:08] [I] Average on 10 runs - GPU latency: 0.102063 ms - Host latency: 0.102063 ms (enqueue 0.0817505 ms)
[02/27/2026-11:09:08] [I] Average on 10 runs - GPU latency: 0.101758 ms - Host latency: 0.101758 ms (enqueue 0.0813843 ms)
[02/27/2026-11:09:08] [I] Average on 10 runs - GPU latency: 0.101941 ms - Host latency: 0.101941 ms (enqueue 0.0788452 ms)
[02/27/2026-11:09:08] [I] Average on 10 runs - GPU latency: 0.101538 ms - Host latency: 0.101538 ms (enqueue 0.0827515 ms)
[02/27/2026-11:09:08] [I] Average on 10 runs - GPU latency: 0.101819 ms - Host latency: 0.101819 ms (enqueue 0.0818603 ms)
[02/27/2026-11:09:08] [I] Average on 10 runs - GPU latency: 0.101392 ms - Host latency: 0.101392 ms (enqueue 0.0805054 ms)
[02/27/2026-11:09:08] [I] Average on 10 runs - GPU latency: 0.102429 ms - Host latency: 0.102429 ms (enqueue 0.0791016 ms)
[02/27/2026-11:09:08] [I] Average on 10 runs - GPU latency: 0.101746 ms - Host latency: 0.101746 ms (enqueue 0.0833984 ms)
[02/27/2026-11:09:08] [I] Average on 10 runs - GPU latency: 0.102576 ms - Host latency: 0.102576 ms (enqueue 0.0788574 ms)
[02/27/2026-11:09:08] [I] Average on 10 runs - GPU latency: 0.101587 ms - Host latency: 0.101587 ms (enqueue 0.0819824 ms)
[02/27/2026-11:09:08] [I] Average on 10 runs - GPU latency: 0.101477 ms - Host latency: 0.101477 ms (enqueue 0.0816162 ms)
[02/27/2026-11:09:08] [I] Average on 10 runs - GPU latency: 0.102063 ms - Host latency: 0.102063 ms (enqueue 0.079541 ms)
[02/27/2026-11:09:08] [I] Average on 10 runs - GPU latency: 0.101282 ms - Host latency: 0.101282 ms (enqueue 0.0807983 ms)
[02/27/2026-11:09:08] [I] Average on 10 runs - GPU latency: 0.102051 ms - Host latency: 0.102051 ms (enqueue 0.0794067 ms)
[02/27/2026-11:09:08] [I] Average on 10 runs - GPU latency: 0.101282 ms - Host latency: 0.101282 ms (enqueue 0.0795532 ms)
[02/27/2026-11:09:08] [I] Average on 10 runs - GPU latency: 0.101624 ms - Host latency: 0.101624 ms (enqueue 0.0810913 ms)
[02/27/2026-11:09:08] [I] Average on 10 runs - GPU latency: 0.102222 ms - Host latency: 0.102222 ms (enqueue 0.0801147 ms)
[02/27/2026-11:09:08] [I] Average on 10 runs - GPU latency: 0.102405 ms - Host latency: 0.102405 ms (enqueue 0.0803101 ms)
[02/27/2026-11:09:08] [I] Average on 10 runs - GPU latency: 0.101782 ms - Host latency: 0.101782 ms (enqueue 0.0804688 ms)
[02/27/2026-11:09:08] [I] Average on 10 runs - GPU latency: 0.102246 ms - Host latency: 0.102246 ms (enqueue 0.0810669 ms)
[02/27/2026-11:09:08] [I] Average on 10 runs - GPU latency: 0.101587 ms - Host latency: 0.101587 ms (enqueue 0.081543 ms)
[02/27/2026-11:09:08] [I] Average on 10 runs - GPU latency: 0.101306 ms - Host latency: 0.101306 ms (enqueue 0.0791626 ms)
[02/27/2026-11:09:08] [I] Average on 10 runs - GPU latency: 0.101355 ms - Host latency: 0.101355 ms (enqueue 0.0787598 ms)
[02/27/2026-11:09:08] [I] Average on 10 runs - GPU latency: 0.102759 ms - Host latency: 0.102759 ms (enqueue 0.0806885 ms)
[02/27/2026-11:09:08] [I] Average on 10 runs - GPU latency: 0.101758 ms - Host latency: 0.101758 ms (enqueue 0.0809082 ms)
[02/27/2026-11:09:08] [I] Average on 10 runs - GPU latency: 0.101221 ms - Host latency: 0.101221 ms (enqueue 0.0797729 ms)
[02/27/2026-11:09:08] [I] Average on 10 runs - GPU latency: 0.101697 ms - Host latency: 0.101697 ms (enqueue 0.084021 ms)
[02/27/2026-11:09:08] [I] Average on 10 runs - GPU latency: 0.102051 ms - Host latency: 0.102051 ms (enqueue 0.0788452 ms)
[02/27/2026-11:09:08] [I] Average on 10 runs - GPU latency: 0.102185 ms - Host latency: 0.102185 ms (enqueue 0.0800049 ms)
[02/27/2026-11:09:08] [I] Average on 10 runs - GPU latency: 0.10238 ms - Host latency: 0.10238 ms (enqueue 0.0774658 ms)
[02/27/2026-11:09:08] [I] Average on 10 runs - GPU latency: 0.101733 ms - Host latency: 0.101733 ms (enqueue 0.0830444 ms)
[02/27/2026-11:09:08] [I] Average on 10 runs - GPU latency: 0.101965 ms - Host latency: 0.101965 ms (enqueue 0.0781128 ms)
[02/27/2026-11:09:08] [I] Average on 10 runs - GPU latency: 0.101135 ms - Host latency: 0.101135 ms (enqueue 0.0820679 ms)
[02/27/2026-11:09:08] [I] Average on 10 runs - GPU latency: 0.100842 ms - Host latency: 0.100842 ms (enqueue 0.0813354 ms)
[02/27/2026-11:09:08] [I] Average on 10 runs - GPU latency: 0.102759 ms - Host latency: 0.102759 ms (enqueue 0.0794922 ms)
[02/27/2026-11:09:08] [I] Average on 10 runs - GPU latency: 0.102502 ms - Host latency: 0.102502 ms (enqueue 0.0803345 ms)
[02/27/2026-11:09:08] [I] Average on 10 runs - GPU latency: 0.102673 ms - Host latency: 0.102673 ms (enqueue 0.0815674 ms)
[02/27/2026-11:09:08] [I] Average on 10 runs - GPU latency: 0.102576 ms - Host latency: 0.102576 ms (enqueue 0.0777832 ms)
[02/27/2026-11:09:08] [I] Average on 10 runs - GPU latency: 0.101758 ms - Host latency: 0.101758 ms (enqueue 0.0794434 ms)
[02/27/2026-11:09:08] [I] Average on 10 runs - GPU latency: 0.101758 ms - Host latency: 0.101758 ms (enqueue 0.0814453 ms)
[02/27/2026-11:09:08] [I] Average on 10 runs - GPU latency: 0.102185 ms - Host latency: 0.102185 ms (enqueue 0.0808472 ms)
[02/27/2026-11:09:08] [I] Average on 10 runs - GPU latency: 0.101245 ms - Host latency: 0.101245 ms (enqueue 0.0814331 ms)
[02/27/2026-11:09:08] [I] Average on 10 runs - GPU latency: 0.101697 ms - Host latency: 0.101697 ms (enqueue 0.0817017 ms)
[02/27/2026-11:09:08] [I] Average on 10 runs - GPU latency: 0.101941 ms - Host latency: 0.101941 ms (enqueue 0.0797607 ms)
[02/27/2026-11:09:08] [I] Average on 10 runs - GPU latency: 0.102368 ms - Host latency: 0.102368 ms (enqueue 0.0794922 ms)
[02/27/2026-11:09:08] [I] Average on 10 runs - GPU latency: 0.101587 ms - Host latency: 0.101587 ms (enqueue 0.0812256 ms)
[02/27/2026-11:09:08] [I] Average on 10 runs - GPU latency: 0.101855 ms - Host latency: 0.101855 ms (enqueue 0.078772 ms)
[02/27/2026-11:09:08] [I] Average on 10 runs - GPU latency: 0.101416 ms - Host latency: 0.101416 ms (enqueue 0.0808716 ms)
[02/27/2026-11:09:08] [I] Average on 10 runs - GPU latency: 0.101941 ms - Host latency: 0.101941 ms (enqueue 0.0787476 ms)
[02/27/2026-11:09:08] [I] Average on 10 runs - GPU latency: 0.101123 ms - Host latency: 0.101123 ms (enqueue 0.0802002 ms)
[02/27/2026-11:09:08] [I] Average on 10 runs - GPU latency: 0.102014 ms - Host latency: 0.102014 ms (enqueue 0.0804321 ms)
[02/27/2026-11:09:08] [I] Average on 10 runs - GPU latency: 0.101575 ms - Host latency: 0.101575 ms (enqueue 0.0803101 ms)
[02/27/2026-11:09:08] [I] Average on 10 runs - GPU latency: 0.102063 ms - Host latency: 0.102063 ms (enqueue 0.0819824 ms)
[02/27/2026-11:09:08] [I] Average on 10 runs - GPU latency: 0.102026 ms - Host latency: 0.102026 ms (enqueue 0.0804077 ms)
[02/27/2026-11:09:08] [I] Average on 10 runs - GPU latency: 0.102161 ms - Host latency: 0.102161 ms (enqueue 0.0781738 ms)
[02/27/2026-11:09:08] [I] Average on 10 runs - GPU latency: 0.101978 ms - Host latency: 0.101978 ms (enqueue 0.0803101 ms)
[02/27/2026-11:09:08] [I] Average on 10 runs - GPU latency: 0.102454 ms - Host latency: 0.102454 ms (enqueue 0.0797119 ms)
[02/27/2026-11:09:08] [I] Average on 10 runs - GPU latency: 0.101758 ms - Host latency: 0.101758 ms (enqueue 0.0841186 ms)
[02/27/2026-11:09:08] [I] Average on 10 runs - GPU latency: 0.101794 ms - Host latency: 0.101794 ms (enqueue 0.0778076 ms)
[02/27/2026-11:09:08] [I] Average on 10 runs - GPU latency: 0.101978 ms - Host latency: 0.101978 ms (enqueue 0.0797607 ms)
[02/27/2026-11:09:08] [I] Average on 10 runs - GPU latency: 0.101794 ms - Host latency: 0.101794 ms (enqueue 0.0810791 ms)
[02/27/2026-11:09:08] [I] Average on 10 runs - GPU latency: 0.10166 ms - Host latency: 0.10166 ms (enqueue 0.0831299 ms)
[02/27/2026-11:09:08] [I] Average on 10 runs - GPU latency: 0.102222 ms - Host latency: 0.102222 ms (enqueue 0.0812012 ms)
[02/27/2026-11:09:08] [I] Average on 10 runs - GPU latency: 0.101709 ms - Host latency: 0.101709 ms (enqueue 0.078125 ms)
[02/27/2026-11:09:08] [I] Average on 10 runs - GPU latency: 0.101904 ms - Host latency: 0.101904 ms (enqueue 0.0810791 ms)
[02/27/2026-11:09:08] [I] Average on 10 runs - GPU latency: 0.102026 ms - Host latency: 0.102026 ms (enqueue 0.0790527 ms)
[02/27/2026-11:09:08] [I] Average on 10 runs - GPU latency: 0.10166 ms - Host latency: 0.10166 ms (enqueue 0.0809814 ms)
[02/27/2026-11:09:08] [I] Average on 10 runs - GPU latency: 0.101294 ms - Host latency: 0.101294 ms (enqueue 0.0787354 ms)
[02/27/2026-11:09:08] [I] Average on 10 runs - GPU latency: 0.102905 ms - Host latency: 0.102905 ms (enqueue 0.0818359 ms)
[02/27/2026-11:09:08] [I] Average on 10 runs - GPU latency: 0.102759 ms - Host latency: 0.102759 ms (enqueue 0.0801025 ms)
[02/27/2026-11:09:08] [I] Average on 10 runs - GPU latency: 0.101807 ms - Host latency: 0.101807 ms (enqueue 0.0803467 ms)
[02/27/2026-11:09:08] [I] Average on 10 runs - GPU latency: 0.101807 ms - Host latency: 0.101807 ms (enqueue 0.0807373 ms)
[02/27/2026-11:09:08] [I] Average on 10 runs - GPU latency: 0.101636 ms - Host latency: 0.101636 ms (enqueue 0.0820068 ms)
[02/27/2026-11:09:08] [I] Average on 10 runs - GPU latency: 0.101709 ms - Host latency: 0.101709 ms (enqueue 0.0802002 ms)
[02/27/2026-11:09:08] [I] Average on 10 runs - GPU latency: 0.10144 ms - Host latency: 0.10144 ms (enqueue 0.0801025 ms)
[02/27/2026-11:09:08] [I] Average on 10 runs - GPU latency: 0.101465 ms - Host latency: 0.101465 ms (enqueue 0.0782715 ms)
[02/27/2026-11:09:08] [I] Average on 10 runs - GPU latency: 0.102124 ms - Host latency: 0.102124 ms (enqueue 0.0863525 ms)
[02/27/2026-11:09:08] [I] Average on 10 runs - GPU latency: 0.102246 ms - Host latency: 0.102246 ms (enqueue 0.0765381 ms)
[02/27/2026-11:09:08] [I] Average on 10 runs - GPU latency: 0.101514 ms - Host latency: 0.101514 ms (enqueue 0.0814941 ms)
[02/27/2026-11:09:08] [I] Average on 10 runs - GPU latency: 0.100952 ms - Host latency: 0.100952 ms (enqueue 0.081665 ms)
[02/27/2026-11:09:08] [I] Average on 10 runs - GPU latency: 0.101367 ms - Host latency: 0.101367 ms (enqueue 0.0820557 ms)
[02/27/2026-11:09:08] [I] Average on 10 runs - GPU latency: 0.101929 ms - Host latency: 0.101929 ms (enqueue 0.0778564 ms)
[02/27/2026-11:09:08] [I] Average on 10 runs - GPU latency: 0.102148 ms - Host latency: 0.102148 ms (enqueue 0.0813965 ms)
[02/27/2026-11:09:08] [I] Average on 10 runs - GPU latency: 0.10249 ms - Host latency: 0.10249 ms (enqueue 0.0803955 ms)
[02/27/2026-11:09:08] [I] Average on 10 runs - GPU latency: 0.100854 ms - Host latency: 0.100854 ms (enqueue 0.0805664 ms)
[02/27/2026-11:09:08] [I] Average on 10 runs - GPU latency: 0.1021 ms - Host latency: 0.1021 ms (enqueue 0.0798096 ms)
[02/27/2026-11:09:08] [I] Average on 10 runs - GPU latency: 0.101416 ms - Host latency: 0.101416 ms (enqueue 0.0806152 ms)
[02/27/2026-11:09:08] [I] Average on 10 runs - GPU latency: 0.102856 ms - Host latency: 0.102856 ms (enqueue 0.0810059 ms)
[02/27/2026-11:09:08] [I] Average on 10 runs - GPU latency: 0.102368 ms - Host latency: 0.102368 ms (enqueue 0.0818115 ms)
[02/27/2026-11:09:08] [I] Average on 10 runs - GPU latency: 0.10166 ms - Host latency: 0.10166 ms (enqueue 0.0791504 ms)
[02/27/2026-11:09:08] [I] Average on 10 runs - GPU latency: 0.101221 ms - Host latency: 0.101221 ms (enqueue 0.080249 ms)
[02/27/2026-11:09:08] [I] Average on 10 runs - GPU latency: 0.102246 ms - Host latency: 0.102246 ms (enqueue 0.0811523 ms)
[02/27/2026-11:09:08] [I] Average on 10 runs - GPU latency: 0.102075 ms - Host latency: 0.102075 ms (enqueue 0.0812256 ms)
[02/27/2026-11:09:08] [I] Average on 10 runs - GPU latency: 0.101929 ms - Host latency: 0.101929 ms (enqueue 0.0790039 ms)
[02/27/2026-11:09:08] [I] Average on 10 runs - GPU latency: 0.101489 ms - Host latency: 0.101489 ms (enqueue 0.0808105 ms)
[02/27/2026-11:09:08] [I] Average on 10 runs - GPU latency: 0.102124 ms - Host latency: 0.102124 ms (enqueue 0.0799561 ms)
[02/27/2026-11:09:08] [I] Average on 10 runs - GPU latency: 0.101807 ms - Host latency: 0.101807 ms (enqueue 0.0814941 ms)
[02/27/2026-11:09:08] [I] Average on 10 runs - GPU latency: 0.101978 ms - Host latency: 0.101978 ms (enqueue 0.0810059 ms)
[02/27/2026-11:09:08] [I] Average on 10 runs - GPU latency: 0.101147 ms - Host latency: 0.101147 ms (enqueue 0.0807617 ms)
[02/27/2026-11:09:08] [I] Average on 10 runs - GPU latency: 0.102148 ms - Host latency: 0.102148 ms (enqueue 0.0805908 ms)
[02/27/2026-11:09:08] [I] Average on 10 runs - GPU latency: 0.101587 ms - Host latency: 0.101587 ms (enqueue 0.0818848 ms)
[02/27/2026-11:09:08] [I] Average on 10 runs - GPU latency: 0.101196 ms - Host latency: 0.101196 ms (enqueue 0.080249 ms)
[02/27/2026-11:09:08] [I] Average on 10 runs - GPU latency: 0.102002 ms - Host latency: 0.102002 ms (enqueue 0.080542 ms)
[02/27/2026-11:09:08] [I] Average on 10 runs - GPU latency: 0.102246 ms - Host latency: 0.102246 ms (enqueue 0.0847412 ms)
[02/27/2026-11:09:08] [I] Average on 10 runs - GPU latency: 0.101733 ms - Host latency: 0.101733 ms (enqueue 0.0788818 ms)
[02/27/2026-11:09:08] [I] Average on 10 runs - GPU latency: 0.101758 ms - Host latency: 0.101758 ms (enqueue 0.0789307 ms)
[02/27/2026-11:09:08] [I] Average on 10 runs - GPU latency: 0.101636 ms - Host latency: 0.101636 ms (enqueue 0.079541 ms)
[02/27/2026-11:09:08] [I] Average on 10 runs - GPU latency: 0.101904 ms - Host latency: 0.101904 ms (enqueue 0.0818359 ms)
[02/27/2026-11:09:08] [I] Average on 10 runs - GPU latency: 0.101562 ms - Host latency: 0.101562 ms (enqueue 0.0808594 ms)
[02/27/2026-11:09:08] [I] Average on 10 runs - GPU latency: 0.101758 ms - Host latency: 0.101758 ms (enqueue 0.0798584 ms)
[02/27/2026-11:09:08] [I] Average on 10 runs - GPU latency: 0.102051 ms - Host latency: 0.102051 ms (enqueue 0.078833 ms)
[02/27/2026-11:09:08] [I] Average on 10 runs - GPU latency: 0.10166 ms - Host latency: 0.10166 ms (enqueue 0.0813477 ms)
[02/27/2026-11:09:08] [I] Average on 10 runs - GPU latency: 0.101758 ms - Host latency: 0.101758 ms (enqueue 0.0782959 ms)
[02/27/2026-11:09:08] [I] Average on 10 runs - GPU latency: 0.102124 ms - Host latency: 0.102124 ms (enqueue 0.0806152 ms)
[02/27/2026-11:09:08] [I] Average on 10 runs - GPU latency: 0.102295 ms - Host latency: 0.102295 ms (enqueue 0.0816162 ms)
[02/27/2026-11:09:08] [I] Average on 10 runs - GPU latency: 0.101416 ms - Host latency: 0.101416 ms (enqueue 0.0814941 ms)
[02/27/2026-11:09:08] [I] Average on 10 runs - GPU latency: 0.101929 ms - Host latency: 0.101929 ms (enqueue 0.0791016 ms)
[02/27/2026-11:09:08] [I] Average on 10 runs - GPU latency: 0.102441 ms - Host latency: 0.102441 ms (enqueue 0.0807373 ms)
[02/27/2026-11:09:08] [I] Average on 10 runs - GPU latency: 0.101758 ms - Host latency: 0.101758 ms (enqueue 0.079248 ms)
[02/27/2026-11:09:08] [I] Average on 10 runs - GPU latency: 0.102783 ms - Host latency: 0.102783 ms (enqueue 0.084668 ms)
[02/27/2026-11:09:08] [I] Average on 10 runs - GPU latency: 0.102124 ms - Host latency: 0.102124 ms (enqueue 0.0775879 ms)
[02/27/2026-11:09:08] [I] Average on 10 runs - GPU latency: 0.101514 ms - Host latency: 0.101514 ms (enqueue 0.0811768 ms)
[02/27/2026-11:09:08] [I] Average on 10 runs - GPU latency: 0.101709 ms - Host latency: 0.101709 ms (enqueue 0.0793457 ms)
[02/27/2026-11:09:08] [I] Average on 10 runs - GPU latency: 0.101392 ms - Host latency: 0.101392 ms (enqueue 0.0806885 ms)
[02/27/2026-11:09:08] [I] Average on 10 runs - GPU latency: 0.101929 ms - Host latency: 0.101929 ms (enqueue 0.0810547 ms)
[02/27/2026-11:09:08] [I] Average on 10 runs - GPU latency: 0.101953 ms - Host latency: 0.101953 ms (enqueue 0.0807861 ms)
[02/27/2026-11:09:08] [I] Average on 10 runs - GPU latency: 0.101709 ms - Host latency: 0.101709 ms (enqueue 0.0794189 ms)
[02/27/2026-11:09:08] [I] Average on 10 runs - GPU latency: 0.10188 ms - Host latency: 0.10188 ms (enqueue 0.0808105 ms)
[02/27/2026-11:09:08] [I] Average on 10 runs - GPU latency: 0.103003 ms - Host latency: 0.103003 ms (enqueue 0.0787354 ms)
[02/27/2026-11:09:08] [I] Average on 10 runs - GPU latency: 0.101294 ms - Host latency: 0.101294 ms (enqueue 0.0810791 ms)
[02/27/2026-11:09:08] [I] Average on 10 runs - GPU latency: 0.101929 ms - Host latency: 0.101929 ms (enqueue 0.0825439 ms)
[02/27/2026-11:09:08] [I] Average on 10 runs - GPU latency: 0.102393 ms - Host latency: 0.102393 ms (enqueue 0.0773437 ms)
[02/27/2026-11:09:08] [I] Average on 10 runs - GPU latency: 0.101929 ms - Host latency: 0.101929 ms (enqueue 0.0812256 ms)
[02/27/2026-11:09:08] [I] Average on 10 runs - GPU latency: 0.101587 ms - Host latency: 0.101587 ms (enqueue 0.0806152 ms)
[02/27/2026-11:09:08] [I] Average on 10 runs - GPU latency: 0.102002 ms - Host latency: 0.102002 ms (enqueue 0.0817627 ms)
[02/27/2026-11:09:08] [I] Average on 10 runs - GPU latency: 0.102344 ms - Host latency: 0.102344 ms (enqueue 0.0791748 ms)
[02/27/2026-11:09:08] [I] Average on 10 runs - GPU latency: 0.102197 ms - Host latency: 0.102197 ms (enqueue 0.0793701 ms)
[02/27/2026-11:09:08] [I] Average on 10 runs - GPU latency: 0.102075 ms - Host latency: 0.102075 ms (enqueue 0.0815674 ms)
[02/27/2026-11:09:08] [I] Average on 10 runs - GPU latency: 0.101636 ms - Host latency: 0.101636 ms (enqueue 0.0811035 ms)
[02/27/2026-11:09:08] [I] Average on 10 runs - GPU latency: 0.101367 ms - Host latency: 0.101367 ms (enqueue 0.079248 ms)
[02/27/2026-11:09:08] [I] Average on 10 runs - GPU latency: 0.101733 ms - Host latency: 0.101733 ms (enqueue 0.0808594 ms)
[02/27/2026-11:09:08] [I] Average on 10 runs - GPU latency: 0.10188 ms - Host latency: 0.10188 ms (enqueue 0.0792236 ms)
[02/27/2026-11:09:08] [I] Average on 10 runs - GPU latency: 0.101636 ms - Host latency: 0.101636 ms (enqueue 0.081543 ms)
[02/27/2026-11:09:08] [I] Average on 10 runs - GPU latency: 0.101855 ms - Host latency: 0.101855 ms (enqueue 0.0791016 ms)
[02/27/2026-11:09:08] [I] Average on 10 runs - GPU latency: 0.10166 ms - Host latency: 0.10166 ms (enqueue 0.0806885 ms)
[02/27/2026-11:09:08] [I] Average on 10 runs - GPU latency: 0.102246 ms - Host latency: 0.102246 ms (enqueue 0.07854 ms)
[02/27/2026-11:09:08] [I] Average on 10 runs - GPU latency: 0.101758 ms - Host latency: 0.101758 ms (enqueue 0.0788574 ms)
[02/27/2026-11:09:08] [I] Average on 10 runs - GPU latency: 0.102344 ms - Host latency: 0.102344 ms (enqueue 0.0824707 ms)
[02/27/2026-11:09:08] [I] Average on 10 runs - GPU latency: 0.101587 ms - Host latency: 0.101587 ms (enqueue 0.0793213 ms)
[02/27/2026-11:09:08] [I] Average on 10 runs - GPU latency: 0.10166 ms - Host latency: 0.10166 ms (enqueue 0.0806152 ms)
[02/27/2026-11:09:08] [I] Average on 10 runs - GPU latency: 0.10144 ms - Host latency: 0.10144 ms (enqueue 0.0789063 ms)
[02/27/2026-11:09:08] [I] Average on 10 runs - GPU latency: 0.101953 ms - Host latency: 0.101953 ms (enqueue 0.0814697 ms)
[02/27/2026-11:09:08] [I] Average on 10 runs - GPU latency: 0.100903 ms - Host latency: 0.100903 ms (enqueue 0.0790283 ms)
[02/27/2026-11:09:08] [I] Average on 10 runs - GPU latency: 0.101611 ms - Host latency: 0.101611 ms (enqueue 0.0802246 ms)
[02/27/2026-11:09:08] [I] Average on 10 runs - GPU latency: 0.1021 ms - Host latency: 0.1021 ms (enqueue 0.0814941 ms)
[02/27/2026-11:09:08] [I] Average on 10 runs - GPU latency: 0.10166 ms - Host latency: 0.10166 ms (enqueue 0.0808105 ms)
[02/27/2026-11:09:08] [I] Average on 10 runs - GPU latency: 0.102124 ms - Host latency: 0.102124 ms (enqueue 0.0783447 ms)
[02/27/2026-11:09:08] [I] Average on 10 runs - GPU latency: 0.101831 ms - Host latency: 0.101831 ms (enqueue 0.0804688 ms)
[02/27/2026-11:09:08] [I] Average on 10 runs - GPU latency: 0.102295 ms - Host latency: 0.102295 ms (enqueue 0.0786865 ms)
[02/27/2026-11:09:08] [I] Average on 10 runs - GPU latency: 0.101123 ms - Host latency: 0.101123 ms (enqueue 0.0815186 ms)
[02/27/2026-11:09:08] [I] Average on 10 runs - GPU latency: 0.102051 ms - Host latency: 0.102051 ms (enqueue 0.0793457 ms)
[02/27/2026-11:09:08] [I] Average on 10 runs - GPU latency: 0.1021 ms - Host latency: 0.1021 ms (enqueue 0.0816162 ms)
[02/27/2026-11:09:08] [I] Average on 10 runs - GPU latency: 0.102563 ms - Host latency: 0.102563 ms (enqueue 0.0790527 ms)
[02/27/2026-11:09:08] [I] Average on 10 runs - GPU latency: 0.102148 ms - Host latency: 0.102148 ms (enqueue 0.0796143 ms)
[02/27/2026-11:09:08] [I] Average on 10 runs - GPU latency: 0.101733 ms - Host latency: 0.101733 ms (enqueue 0.0798828 ms)
[02/27/2026-11:09:08] [I] Average on 10 runs - GPU latency: 0.102466 ms - Host latency: 0.102466 ms (enqueue 0.0807373 ms)
[02/27/2026-11:09:08] [I] Average on 10 runs - GPU latency: 0.10127 ms - Host latency: 0.10127 ms (enqueue 0.0807617 ms)
[02/27/2026-11:09:08] [I] Average on 10 runs - GPU latency: 0.101758 ms - Host latency: 0.101758 ms (enqueue 0.0806152 ms)
[02/27/2026-11:09:08] [I] Average on 10 runs - GPU latency: 0.10166 ms - Host latency: 0.10166 ms (enqueue 0.0789307 ms)
[02/27/2026-11:09:08] [I] Average on 10 runs - GPU latency: 0.101514 ms - Host latency: 0.101514 ms (enqueue 0.08125 ms)
[02/27/2026-11:09:08] [I] Average on 10 runs - GPU latency: 0.102026 ms - Host latency: 0.102026 ms (enqueue 0.0797607 ms)
[02/27/2026-11:09:08] [I] Average on 10 runs - GPU latency: 0.102466 ms - Host latency: 0.102466 ms (enqueue 0.0805908 ms)
[02/27/2026-11:09:08] [I] Average on 10 runs - GPU latency: 0.102002 ms - Host latency: 0.102002 ms (enqueue 0.0807617 ms)
[02/27/2026-11:09:08] [I] Average on 10 runs - GPU latency: 0.100806 ms - Host latency: 0.100806 ms (enqueue 0.0795898 ms)
[02/27/2026-11:09:08] [I] Average on 10 runs - GPU latency: 0.10166 ms - Host latency: 0.10166 ms (enqueue 0.082251 ms)
[02/27/2026-11:09:08] [I] Average on 10 runs - GPU latency: 0.101611 ms - Host latency: 0.101611 ms (enqueue 0.0810303 ms)
[02/27/2026-11:09:08] [I] Average on 10 runs - GPU latency: 0.102075 ms - Host latency: 0.102075 ms (enqueue 0.0800537 ms)
[02/27/2026-11:09:08] [I] Average on 10 runs - GPU latency: 0.101611 ms - Host latency: 0.101611 ms (enqueue 0.0820801 ms)
[02/27/2026-11:09:08] [I] Average on 10 runs - GPU latency: 0.10166 ms - Host latency: 0.10166 ms (enqueue 0.0800049 ms)
[02/27/2026-11:09:08] [I] Average on 10 runs - GPU latency: 0.101465 ms - Host latency: 0.101465 ms (enqueue 0.0795898 ms)
[02/27/2026-11:09:08] [I] Average on 10 runs - GPU latency: 0.101855 ms - Host latency: 0.101855 ms (enqueue 0.0803467 ms)
[02/27/2026-11:09:08] [I] Average on 10 runs - GPU latency: 0.101611 ms - Host latency: 0.101611 ms (enqueue 0.0816162 ms)
[02/27/2026-11:09:08] [I] Average on 10 runs - GPU latency: 0.101367 ms - Host latency: 0.101367 ms (enqueue 0.0795654 ms)
[02/27/2026-11:09:08] [I] Average on 10 runs - GPU latency: 0.102051 ms - Host latency: 0.102051 ms (enqueue 0.0799072 ms)
[02/27/2026-11:09:08] [I] Average on 10 runs - GPU latency: 0.101416 ms - Host latency: 0.101416 ms (enqueue 0.0799316 ms)
[02/27/2026-11:09:08] [I] Average on 10 runs - GPU latency: 0.102783 ms - Host latency: 0.102783 ms (enqueue 0.0796875 ms)
[02/27/2026-11:09:08] [I] Average on 10 runs - GPU latency: 0.101611 ms - Host latency: 0.101611 ms (enqueue 0.0814209 ms)
[02/27/2026-11:09:08] [I] Average on 10 runs - GPU latency: 0.102271 ms - Host latency: 0.102271 ms (enqueue 0.0796387 ms)
[02/27/2026-11:09:08] [I] Average on 10 runs - GPU latency: 0.101318 ms - Host latency: 0.101318 ms (enqueue 0.0806396 ms)
[02/27/2026-11:09:08] [I] Average on 10 runs - GPU latency: 0.102515 ms - Host latency: 0.102515 ms (enqueue 0.0806396 ms)
[02/27/2026-11:09:08] [I] Average on 10 runs - GPU latency: 0.101953 ms - Host latency: 0.101953 ms (enqueue 0.0808838 ms)
[02/27/2026-11:09:08] [I] Average on 10 runs - GPU latency: 0.101782 ms - Host latency: 0.101782 ms (enqueue 0.0807129 ms)
[02/27/2026-11:09:08] [I] Average on 10 runs - GPU latency: 0.101733 ms - Host latency: 0.101733 ms (enqueue 0.0798584 ms)
[02/27/2026-11:09:08] [I] Average on 10 runs - GPU latency: 0.101318 ms - Host latency: 0.101318 ms (enqueue 0.0790771 ms)
[02/27/2026-11:09:08] [I] Average on 10 runs - GPU latency: 0.10144 ms - Host latency: 0.10144 ms (enqueue 0.0799805 ms)
[02/27/2026-11:09:08] [I] Average on 10 runs - GPU latency: 0.100903 ms - Host latency: 0.100903 ms (enqueue 0.0795654 ms)
[02/27/2026-11:09:08] [I] Average on 10 runs - GPU latency: 0.101709 ms - Host latency: 0.101709 ms (enqueue 0.0802979 ms)
[02/27/2026-11:09:08] [I] Average on 10 runs - GPU latency: 0.101514 ms - Host latency: 0.101514 ms (enqueue 0.0798584 ms)
[02/27/2026-11:09:08] [I] Average on 10 runs - GPU latency: 0.102051 ms - Host latency: 0.102051 ms (enqueue 0.0792725 ms)
[02/27/2026-11:09:08] [I] Average on 10 runs - GPU latency: 0.10144 ms - Host latency: 0.10144 ms (enqueue 0.0806396 ms)
[02/27/2026-11:09:08] [I] Average on 10 runs - GPU latency: 0.101392 ms - Host latency: 0.101392 ms (enqueue 0.0821045 ms)
[02/27/2026-11:09:08] [I] Average on 10 runs - GPU latency: 0.101831 ms - Host latency: 0.101831 ms (enqueue 0.0783447 ms)
[02/27/2026-11:09:08] [I] Average on 10 runs - GPU latency: 0.103003 ms - Host latency: 0.103003 ms (enqueue 0.0797119 ms)
[02/27/2026-11:09:08] [I] Average on 10 runs - GPU latency: 0.102441 ms - Host latency: 0.102441 ms (enqueue 0.0806152 ms)
[02/27/2026-11:09:08] [I] Average on 10 runs - GPU latency: 0.10127 ms - Host latency: 0.10127 ms (enqueue 0.0822998 ms)
[02/27/2026-11:09:08] [I] Average on 10 runs - GPU latency: 0.102905 ms - Host latency: 0.102905 ms (enqueue 0.0791016 ms)
[02/27/2026-11:09:08] [I] Average on 10 runs - GPU latency: 0.102124 ms - Host latency: 0.102124 ms (enqueue 0.0800049 ms)
[02/27/2026-11:09:08] [I] Average on 10 runs - GPU latency: 0.101831 ms - Host latency: 0.101831 ms (enqueue 0.0799805 ms)
[02/27/2026-11:09:08] [I] Average on 10 runs - GPU latency: 0.102002 ms - Host latency: 0.102002 ms (enqueue 0.0807617 ms)
[02/27/2026-11:09:08] [I] Average on 10 runs - GPU latency: 0.102246 ms - Host latency: 0.102246 ms (enqueue 0.0794678 ms)
[02/27/2026-11:09:08] [I] Average on 10 runs - GPU latency: 0.101953 ms - Host latency: 0.101953 ms (enqueue 0.0802734 ms)
[02/27/2026-11:09:08] [I] Average on 10 runs - GPU latency: 0.10271 ms - Host latency: 0.10271 ms (enqueue 0.08396 ms)
[02/27/2026-11:09:08] [I] Average on 10 runs - GPU latency: 0.102173 ms - Host latency: 0.102173 ms (enqueue 0.0790039 ms)
[02/27/2026-11:09:08] [I] Average on 10 runs - GPU latency: 0.101782 ms - Host latency: 0.101782 ms (enqueue 0.0802734 ms)
[02/27/2026-11:09:08] [I] Average on 10 runs - GPU latency: 0.10249 ms - Host latency: 0.10249 ms (enqueue 0.0797852 ms)
[02/27/2026-11:09:08] [I] Average on 10 runs - GPU latency: 0.101343 ms - Host latency: 0.101343 ms (enqueue 0.083667 ms)
[02/27/2026-11:09:08] [I] Average on 10 runs - GPU latency: 0.102612 ms - Host latency: 0.102612 ms (enqueue 0.077832 ms)
[02/27/2026-11:09:08] [I] Average on 10 runs - GPU latency: 0.101611 ms - Host latency: 0.101611 ms (enqueue 0.0804199 ms)
[02/27/2026-11:09:08] [I] Average on 10 runs - GPU latency: 0.101709 ms - Host latency: 0.101709 ms (enqueue 0.0799316 ms)
[02/27/2026-11:09:08] [I] Average on 10 runs - GPU latency: 0.101855 ms - Host latency: 0.101855 ms (enqueue 0.0811523 ms)
[02/27/2026-11:09:08] [I] Average on 10 runs - GPU latency: 0.102393 ms - Host latency: 0.102393 ms (enqueue 0.0793457 ms)
[02/27/2026-11:09:08] [I] Average on 10 runs - GPU latency: 0.10166 ms - Host latency: 0.10166 ms (enqueue 0.0799072 ms)
[02/27/2026-11:09:08] [I] Average on 10 runs - GPU latency: 0.102563 ms - Host latency: 0.102563 ms (enqueue 0.0787842 ms)
[02/27/2026-11:09:08] [I] Average on 10 runs - GPU latency: 0.102417 ms - Host latency: 0.102417 ms (enqueue 0.0820312 ms)
[02/27/2026-11:09:08] [I] Average on 10 runs - GPU latency: 0.101465 ms - Host latency: 0.101465 ms (enqueue 0.0810303 ms)
[02/27/2026-11:09:08] [I] Average on 10 runs - GPU latency: 0.101465 ms - Host latency: 0.101465 ms (enqueue 0.077832 ms)
[02/27/2026-11:09:08] [I] Average on 10 runs - GPU latency: 0.101929 ms - Host latency: 0.101929 ms (enqueue 0.0826904 ms)
[02/27/2026-11:09:08] [I] Average on 10 runs - GPU latency: 0.101929 ms - Host latency: 0.101929 ms (enqueue 0.0791748 ms)
[02/27/2026-11:09:08] [I] Average on 10 runs - GPU latency: 0.101611 ms - Host latency: 0.101611 ms (enqueue 0.0796387 ms)
[02/27/2026-11:09:08] [I] Average on 10 runs - GPU latency: 0.101758 ms - Host latency: 0.101758 ms (enqueue 0.0795166 ms)
[02/27/2026-11:09:08] [I] Average on 10 runs - GPU latency: 0.101978 ms - Host latency: 0.101978 ms (enqueue 0.0789307 ms)
[02/27/2026-11:09:08] [I] Average on 10 runs - GPU latency: 0.101514 ms - Host latency: 0.101514 ms (enqueue 0.0796631 ms)
[02/27/2026-11:09:08] [I] Average on 10 runs - GPU latency: 0.101538 ms - Host latency: 0.101538 ms (enqueue 0.0823242 ms)
[02/27/2026-11:09:08] [I] Average on 10 runs - GPU latency: 0.101465 ms - Host latency: 0.101465 ms (enqueue 0.0795166 ms)
[02/27/2026-11:09:08] [I] Average on 10 runs - GPU latency: 0.102271 ms - Host latency: 0.102271 ms (enqueue 0.0804932 ms)
[02/27/2026-11:09:08] [I] Average on 10 runs - GPU latency: 0.102246 ms - Host latency: 0.102246 ms (enqueue 0.0805664 ms)
[02/27/2026-11:09:08] [I] Average on 10 runs - GPU latency: 0.101953 ms - Host latency: 0.101953 ms (enqueue 0.079834 ms)
[02/27/2026-11:09:08] [I] Average on 10 runs - GPU latency: 0.101709 ms - Host latency: 0.101709 ms (enqueue 0.0796143 ms)
[02/27/2026-11:09:08] [I] Average on 10 runs - GPU latency: 0.101733 ms - Host latency: 0.101733 ms (enqueue 0.0814941 ms)
[02/27/2026-11:09:08] [I] Average on 10 runs - GPU latency: 0.101636 ms - Host latency: 0.101636 ms (enqueue 0.0788818 ms)
[02/27/2026-11:09:08] [I] Average on 10 runs - GPU latency: 0.102319 ms - Host latency: 0.102319 ms (enqueue 0.0808105 ms)
[02/27/2026-11:09:08] [I] Average on 10 runs - GPU latency: 0.101318 ms - Host latency: 0.101318 ms (enqueue 0.0802002 ms)
[02/27/2026-11:09:08] [I] Average on 10 runs - GPU latency: 0.102002 ms - Host latency: 0.102002 ms (enqueue 0.0844971 ms)
[02/27/2026-11:09:08] [I] Average on 10 runs - GPU latency: 0.101978 ms - Host latency: 0.101978 ms (enqueue 0.0771973 ms)
[02/27/2026-11:09:08] [I] Average on 10 runs - GPU latency: 0.102075 ms - Host latency: 0.102075 ms (enqueue 0.0822266 ms)
[02/27/2026-11:09:08] [I] Average on 10 runs - GPU latency: 0.102271 ms - Host latency: 0.102271 ms (enqueue 0.0802002 ms)
[02/27/2026-11:09:08] [I] Average on 10 runs - GPU latency: 0.101758 ms - Host latency: 0.101758 ms (enqueue 0.0801758 ms)
[02/27/2026-11:09:08] [I] Average on 10 runs - GPU latency: 0.103125 ms - Host latency: 0.103125 ms (enqueue 0.0787354 ms)
[02/27/2026-11:09:08] [I] Average on 10 runs - GPU latency: 0.101807 ms - Host latency: 0.101807 ms (enqueue 0.0791504 ms)
[02/27/2026-11:09:08] [I] Average on 10 runs - GPU latency: 0.102319 ms - Host latency: 0.102319 ms (enqueue 0.0801758 ms)
[02/27/2026-11:09:08] [I] Average on 10 runs - GPU latency: 0.101416 ms - Host latency: 0.101416 ms (enqueue 0.079541 ms)
[02/27/2026-11:09:08] [I] Average on 10 runs - GPU latency: 0.101514 ms - Host latency: 0.101514 ms (enqueue 0.0800537 ms)
[02/27/2026-11:09:08] [I] Average on 10 runs - GPU latency: 0.102148 ms - Host latency: 0.102148 ms (enqueue 0.0804199 ms)
[02/27/2026-11:09:08] [I] Average on 10 runs - GPU latency: 0.102588 ms - Host latency: 0.102588 ms (enqueue 0.0795898 ms)
[02/27/2026-11:09:08] [I] Average on 10 runs - GPU latency: 0.101758 ms - Host latency: 0.101758 ms (enqueue 0.081543 ms)
[02/27/2026-11:09:08] [I] Average on 10 runs - GPU latency: 0.101685 ms - Host latency: 0.101685 ms (enqueue 0.0806152 ms)
[02/27/2026-11:09:08] [I] Average on 10 runs - GPU latency: 0.101489 ms - Host latency: 0.101489 ms (enqueue 0.0782471 ms)
[02/27/2026-11:09:08] [I] Average on 10 runs - GPU latency: 0.102246 ms - Host latency: 0.102246 ms (enqueue 0.0804932 ms)
[02/27/2026-11:09:08] [I] Average on 10 runs - GPU latency: 0.101636 ms - Host latency: 0.101636 ms (enqueue 0.082251 ms)
[02/27/2026-11:09:08] [I] Average on 10 runs - GPU latency: 0.102246 ms - Host latency: 0.102246 ms (enqueue 0.0784668 ms)
[02/27/2026-11:09:08] [I] Average on 10 runs - GPU latency: 0.101929 ms - Host latency: 0.101929 ms (enqueue 0.0800293 ms)
[02/27/2026-11:09:08] [I] Average on 10 runs - GPU latency: 0.101367 ms - Host latency: 0.101367 ms (enqueue 0.0800293 ms)
[02/27/2026-11:09:08] [I] Average on 10 runs - GPU latency: 0.101465 ms - Host latency: 0.101465 ms (enqueue 0.0802979 ms)
[02/27/2026-11:09:08] [I] Average on 10 runs - GPU latency: 0.10166 ms - Host latency: 0.10166 ms (enqueue 0.0800537 ms)
[02/27/2026-11:09:08] [I] Average on 10 runs - GPU latency: 0.101953 ms - Host latency: 0.101953 ms (enqueue 0.0807617 ms)
[02/27/2026-11:09:08] [I] Average on 10 runs - GPU latency: 0.101392 ms - Host latency: 0.101392 ms (enqueue 0.0819336 ms)
[02/27/2026-11:09:08] [I] Average on 10 runs - GPU latency: 0.102344 ms - Host latency: 0.102344 ms (enqueue 0.0796875 ms)
[02/27/2026-11:09:08] [I] Average on 10 runs - GPU latency: 0.101831 ms - Host latency: 0.101831 ms (enqueue 0.0793457 ms)
[02/27/2026-11:09:08] [I] Average on 10 runs - GPU latency: 0.102173 ms - Host latency: 0.102173 ms (enqueue 0.081958 ms)
[02/27/2026-11:09:08] [I] Average on 10 runs - GPU latency: 0.10166 ms - Host latency: 0.10166 ms (enqueue 0.0793213 ms)
[02/27/2026-11:09:08] [I] Average on 10 runs - GPU latency: 0.101465 ms - Host latency: 0.101465 ms (enqueue 0.0801514 ms)
[02/27/2026-11:09:08] [I] Average on 10 runs - GPU latency: 0.101416 ms - Host latency: 0.101416 ms (enqueue 0.0791504 ms)
[02/27/2026-11:09:08] [I] Average on 10 runs - GPU latency: 0.101465 ms - Host latency: 0.101465 ms (enqueue 0.0808594 ms)
[02/27/2026-11:09:08] [I] Average on 10 runs - GPU latency: 0.101929 ms - Host latency: 0.101929 ms (enqueue 0.0804199 ms)
[02/27/2026-11:09:08] [I] Average on 10 runs - GPU latency: 0.10188 ms - Host latency: 0.10188 ms (enqueue 0.0796143 ms)
[02/27/2026-11:09:08] [I] Average on 10 runs - GPU latency: 0.102002 ms - Host latency: 0.102002 ms (enqueue 0.0802734 ms)
[02/27/2026-11:09:08] [I] Average on 10 runs - GPU latency: 0.102271 ms - Host latency: 0.102271 ms (enqueue 0.0801025 ms)
[02/27/2026-11:09:08] [I] Average on 10 runs - GPU latency: 0.102002 ms - Host latency: 0.102002 ms (enqueue 0.0818848 ms)
[02/27/2026-11:09:08] [I] Average on 10 runs - GPU latency: 0.101221 ms - Host latency: 0.101221 ms (enqueue 0.0796387 ms)
[02/27/2026-11:09:08] [I] Average on 10 runs - GPU latency: 0.101782 ms - Host latency: 0.101782 ms (enqueue 0.0803223 ms)
[02/27/2026-11:09:08] [I] Average on 10 runs - GPU latency: 0.102148 ms - Host latency: 0.102148 ms (enqueue 0.0811035 ms)
[02/27/2026-11:09:08] [I] Average on 10 runs - GPU latency: 0.102246 ms - Host latency: 0.102246 ms (enqueue 0.0817627 ms)
[02/27/2026-11:09:08] [I] Average on 10 runs - GPU latency: 0.102222 ms - Host latency: 0.102222 ms (enqueue 0.079248 ms)
[02/27/2026-11:09:08] [I] Average on 10 runs - GPU latency: 0.102124 ms - Host latency: 0.102124 ms (enqueue 0.0814697 ms)
[02/27/2026-11:09:08] [I] Average on 10 runs - GPU latency: 0.102563 ms - Host latency: 0.102563 ms (enqueue 0.0796387 ms)
[02/27/2026-11:09:08] [I] Average on 10 runs - GPU latency: 0.102612 ms - Host latency: 0.102612 ms (enqueue 0.079834 ms)
[02/27/2026-11:09:08] [I] Average on 10 runs - GPU latency: 0.102344 ms - Host latency: 0.102344 ms (enqueue 0.0789551 ms)
[02/27/2026-11:09:08] [I] Average on 10 runs - GPU latency: 0.10188 ms - Host latency: 0.10188 ms (enqueue 0.0813232 ms)
[02/27/2026-11:09:08] [I] Average on 10 runs - GPU latency: 0.101709 ms - Host latency: 0.101709 ms (enqueue 0.080835 ms)
[02/27/2026-11:09:08] [I] Average on 10 runs - GPU latency: 0.101831 ms - Host latency: 0.101831 ms (enqueue 0.0814697 ms)
[02/27/2026-11:09:08] [I] Average on 10 runs - GPU latency: 0.10188 ms - Host latency: 0.10188 ms (enqueue 0.0793457 ms)
[02/27/2026-11:09:08] [I] Average on 10 runs - GPU latency: 0.101294 ms - Host latency: 0.101294 ms (enqueue 0.0796387 ms)
[02/27/2026-11:09:08] [I] Average on 10 runs - GPU latency: 0.101685 ms - Host latency: 0.101685 ms (enqueue 0.0817139 ms)
[02/27/2026-11:09:08] [I] Average on 10 runs - GPU latency: 0.101807 ms - Host latency: 0.101807 ms (enqueue 0.0794922 ms)
[02/27/2026-11:09:08] [I] Average on 10 runs - GPU latency: 0.101587 ms - Host latency: 0.101587 ms (enqueue 0.0787109 ms)
[02/27/2026-11:09:08] [I] Average on 10 runs - GPU latency: 0.101416 ms - Host latency: 0.101416 ms (enqueue 0.0812256 ms)
[02/27/2026-11:09:08] [I] Average on 10 runs - GPU latency: 0.101587 ms - Host latency: 0.101587 ms (enqueue 0.0806641 ms)
[02/27/2026-11:09:08] [I] Average on 10 runs - GPU latency: 0.101978 ms - Host latency: 0.101978 ms (enqueue 0.0806885 ms)
[02/27/2026-11:09:08] [I] Average on 10 runs - GPU latency: 0.101196 ms - Host latency: 0.101196 ms (enqueue 0.0797363 ms)
[02/27/2026-11:09:08] [I] Average on 10 runs - GPU latency: 0.10249 ms - Host latency: 0.10249 ms (enqueue 0.0794678 ms)
[02/27/2026-11:09:08] [I] Average on 10 runs - GPU latency: 0.102319 ms - Host latency: 0.102319 ms (enqueue 0.0817871 ms)
[02/27/2026-11:09:08] [I] Average on 10 runs - GPU latency: 0.102051 ms - Host latency: 0.102051 ms (enqueue 0.0800293 ms)
[02/27/2026-11:09:08] [I] Average on 10 runs - GPU latency: 0.102661 ms - Host latency: 0.102661 ms (enqueue 0.0799072 ms)
[02/27/2026-11:09:08] [I] Average on 10 runs - GPU latency: 0.101074 ms - Host latency: 0.101074 ms (enqueue 0.0813965 ms)
[02/27/2026-11:09:08] [I] Average on 10 runs - GPU latency: 0.101367 ms - Host latency: 0.101367 ms (enqueue 0.0808105 ms)
[02/27/2026-11:09:08] [I] Average on 10 runs - GPU latency: 0.10144 ms - Host latency: 0.10144 ms (enqueue 0.0797852 ms)
[02/27/2026-11:09:08] [I] Average on 10 runs - GPU latency: 0.101123 ms - Host latency: 0.101123 ms (enqueue 0.0798096 ms)
[02/27/2026-11:09:08] [I] Average on 10 runs - GPU latency: 0.101318 ms - Host latency: 0.101318 ms (enqueue 0.0805908 ms)
[02/27/2026-11:09:08] [I] Average on 10 runs - GPU latency: 0.10188 ms - Host latency: 0.10188 ms (enqueue 0.0827393 ms)
[02/27/2026-11:09:08] [I] Average on 10 runs - GPU latency: 0.102002 ms - Host latency: 0.102002 ms (enqueue 0.0804932 ms)
[02/27/2026-11:09:08] [I] Average on 10 runs - GPU latency: 0.102148 ms - Host latency: 0.102148 ms (enqueue 0.0798584 ms)
[02/27/2026-11:09:08] [I] Average on 10 runs - GPU latency: 0.101782 ms - Host latency: 0.101782 ms (enqueue 0.0801758 ms)
[02/27/2026-11:09:08] [I] Average on 10 runs - GPU latency: 0.102002 ms - Host latency: 0.102002 ms (enqueue 0.0799805 ms)
[02/27/2026-11:09:08] [I] Average on 10 runs - GPU latency: 0.101245 ms - Host latency: 0.101245 ms (enqueue 0.0815186 ms)
[02/27/2026-11:09:08] [I] Average on 10 runs - GPU latency: 0.101904 ms - Host latency: 0.101904 ms (enqueue 0.0780762 ms)
[02/27/2026-11:09:08] [I] Average on 10 runs - GPU latency: 0.101782 ms - Host latency: 0.101782 ms (enqueue 0.0793701 ms)
[02/27/2026-11:09:08] [I] Average on 10 runs - GPU latency: 0.102002 ms - Host latency: 0.102002 ms (enqueue 0.0806396 ms)
[02/27/2026-11:09:08] [I] Average on 10 runs - GPU latency: 0.101172 ms - Host latency: 0.101172 ms (enqueue 0.0770752 ms)
[02/27/2026-11:09:08] [I] Average on 10 runs - GPU latency: 0.102051 ms - Host latency: 0.102051 ms (enqueue 0.0811768 ms)
[02/27/2026-11:09:08] [I] Average on 10 runs - GPU latency: 0.101782 ms - Host latency: 0.101782 ms (enqueue 0.0793701 ms)
[02/27/2026-11:09:08] [I] Average on 10 runs - GPU latency: 0.102466 ms - Host latency: 0.102466 ms (enqueue 0.078833 ms)
[02/27/2026-11:09:08] [I] Average on 10 runs - GPU latency: 0.101855 ms - Host latency: 0.101855 ms (enqueue 0.0799805 ms)
[02/27/2026-11:09:08] [I] Average on 10 runs - GPU latency: 0.102271 ms - Host latency: 0.102271 ms (enqueue 0.0797119 ms)
[02/27/2026-11:09:08] [I] Average on 10 runs - GPU latency: 0.101538 ms - Host latency: 0.101538 ms (enqueue 0.0800537 ms)
[02/27/2026-11:09:08] [I] Average on 10 runs - GPU latency: 0.102222 ms - Host latency: 0.102222 ms (enqueue 0.0774658 ms)
[02/27/2026-11:09:08] [I] Average on 10 runs - GPU latency: 0.10188 ms - Host latency: 0.10188 ms (enqueue 0.0792969 ms)
[02/27/2026-11:09:08] [I] Average on 10 runs - GPU latency: 0.101758 ms - Host latency: 0.101758 ms (enqueue 0.0802734 ms)
[02/27/2026-11:09:08] [I] Average on 10 runs - GPU latency: 0.10166 ms - Host latency: 0.10166 ms (enqueue 0.0802734 ms)
[02/27/2026-11:09:08] [I] Average on 10 runs - GPU latency: 0.102637 ms - Host latency: 0.102637 ms (enqueue 0.0782471 ms)
[02/27/2026-11:09:08] [I] Average on 10 runs - GPU latency: 0.102417 ms - Host latency: 0.102417 ms (enqueue 0.0800781 ms)
[02/27/2026-11:09:08] [I] Average on 10 runs - GPU latency: 0.10144 ms - Host latency: 0.10144 ms (enqueue 0.0802979 ms)
[02/27/2026-11:09:08] [I] Average on 10 runs - GPU latency: 0.102295 ms - Host latency: 0.102295 ms (enqueue 0.0813965 ms)
[02/27/2026-11:09:08] [I] Average on 10 runs - GPU latency: 0.101831 ms - Host latency: 0.101831 ms (enqueue 0.0794922 ms)
[02/27/2026-11:09:08] [I] Average on 10 runs - GPU latency: 0.101782 ms - Host latency: 0.101782 ms (enqueue 0.0793945 ms)
[02/27/2026-11:09:08] [I] Average on 10 runs - GPU latency: 0.102173 ms - Host latency: 0.102173 ms (enqueue 0.0787842 ms)
[02/27/2026-11:09:08] [I] Average on 10 runs - GPU latency: 0.10188 ms - Host latency: 0.10188 ms (enqueue 0.0807861 ms)
[02/27/2026-11:09:08] [I] Average on 10 runs - GPU latency: 0.101929 ms - Host latency: 0.101929 ms (enqueue 0.0789795 ms)
[02/27/2026-11:09:08] [I] Average on 10 runs - GPU latency: 0.10188 ms - Host latency: 0.10188 ms (enqueue 0.0800781 ms)
[02/27/2026-11:09:08] [I] Average on 10 runs - GPU latency: 0.102148 ms - Host latency: 0.102148 ms (enqueue 0.0794434 ms)
[02/27/2026-11:09:08] [I] Average on 10 runs - GPU latency: 0.101733 ms - Host latency: 0.101733 ms (enqueue 0.0824707 ms)
[02/27/2026-11:09:08] [I] Average on 10 runs - GPU latency: 0.101001 ms - Host latency: 0.101001 ms (enqueue 0.0809326 ms)
[02/27/2026-11:09:08] [I] Average on 10 runs - GPU latency: 0.101245 ms - Host latency: 0.101245 ms (enqueue 0.0790527 ms)
[02/27/2026-11:09:08] [I] Average on 10 runs - GPU latency: 0.102051 ms - Host latency: 0.102051 ms (enqueue 0.0790771 ms)
[02/27/2026-11:09:08] [I] Average on 10 runs - GPU latency: 0.102197 ms - Host latency: 0.102197 ms (enqueue 0.0816895 ms)
[02/27/2026-11:09:08] [I] Average on 10 runs - GPU latency: 0.102368 ms - Host latency: 0.102368 ms (enqueue 0.078833 ms)
[02/27/2026-11:09:08] [I] Average on 10 runs - GPU latency: 0.101367 ms - Host latency: 0.101367 ms (enqueue 0.078833 ms)
[02/27/2026-11:09:08] [I] Average on 10 runs - GPU latency: 0.1021 ms - Host latency: 0.1021 ms (enqueue 0.0813477 ms)
[02/27/2026-11:09:08] [I] Average on 10 runs - GPU latency: 0.102002 ms - Host latency: 0.102002 ms (enqueue 0.0812256 ms)
[02/27/2026-11:09:08] [I] Average on 10 runs - GPU latency: 0.102271 ms - Host latency: 0.102271 ms (enqueue 0.0796875 ms)
[02/27/2026-11:09:08] [I] Average on 10 runs - GPU latency: 0.102393 ms - Host latency: 0.102393 ms (enqueue 0.0795166 ms)
[02/27/2026-11:09:08] [I] Average on 10 runs - GPU latency: 0.102124 ms - Host latency: 0.102124 ms (enqueue 0.0823486 ms)
[02/27/2026-11:09:08] [I] Average on 10 runs - GPU latency: 0.101953 ms - Host latency: 0.101953 ms (enqueue 0.0800781 ms)
[02/27/2026-11:09:08] [I] Average on 10 runs - GPU latency: 0.101978 ms - Host latency: 0.101978 ms (enqueue 0.0806641 ms)
[02/27/2026-11:09:08] [I] Average on 10 runs - GPU latency: 0.101685 ms - Host latency: 0.101685 ms (enqueue 0.0802002 ms)
[02/27/2026-11:09:08] [I] Average on 10 runs - GPU latency: 0.101562 ms - Host latency: 0.101562 ms (enqueue 0.0831543 ms)
[02/27/2026-11:09:08] [I] Average on 10 runs - GPU latency: 0.101953 ms - Host latency: 0.101953 ms (enqueue 0.0804688 ms)
[02/27/2026-11:09:08] [I] Average on 10 runs - GPU latency: 0.101929 ms - Host latency: 0.101929 ms (enqueue 0.0789307 ms)
[02/27/2026-11:09:08] [I] Average on 10 runs - GPU latency: 0.102466 ms - Host latency: 0.102466 ms (enqueue 0.0790527 ms)
[02/27/2026-11:09:08] [I] Average on 10 runs - GPU latency: 0.101782 ms - Host latency: 0.101782 ms (enqueue 0.0824463 ms)
[02/27/2026-11:09:08] [I] Average on 10 runs - GPU latency: 0.101685 ms - Host latency: 0.101685 ms (enqueue 0.0785889 ms)
[02/27/2026-11:09:08] [I] Average on 10 runs - GPU latency: 0.101636 ms - Host latency: 0.101636 ms (enqueue 0.0810547 ms)
[02/27/2026-11:09:08] [I] Average on 10 runs - GPU latency: 0.101636 ms - Host latency: 0.101636 ms (enqueue 0.079834 ms)
[02/27/2026-11:09:08] [I] Average on 10 runs - GPU latency: 0.101807 ms - Host latency: 0.101807 ms (enqueue 0.0810303 ms)
[02/27/2026-11:09:08] [I] Average on 10 runs - GPU latency: 0.10144 ms - Host latency: 0.10144 ms (enqueue 0.0812988 ms)
[02/27/2026-11:09:08] [I] Average on 10 runs - GPU latency: 0.102393 ms - Host latency: 0.102393 ms (enqueue 0.0801514 ms)
[02/27/2026-11:09:08] [I] Average on 10 runs - GPU latency: 0.102441 ms - Host latency: 0.102441 ms (enqueue 0.0817627 ms)
[02/27/2026-11:09:08] [I] Average on 10 runs - GPU latency: 0.101514 ms - Host latency: 0.101514 ms (enqueue 0.0804688 ms)
[02/27/2026-11:09:08] [I] Average on 10 runs - GPU latency: 0.101587 ms - Host latency: 0.101587 ms (enqueue 0.0819824 ms)
[02/27/2026-11:09:08] [I] Average on 10 runs - GPU latency: 0.100977 ms - Host latency: 0.100977 ms (enqueue 0.0804443 ms)
[02/27/2026-11:09:08] [I] Average on 10 runs - GPU latency: 0.101221 ms - Host latency: 0.101221 ms (enqueue 0.080127 ms)
[02/27/2026-11:09:08] [I] Average on 10 runs - GPU latency: 0.101587 ms - Host latency: 0.101587 ms (enqueue 0.0791748 ms)
[02/27/2026-11:09:08] [I] Average on 10 runs - GPU latency: 0.101001 ms - Host latency: 0.101001 ms (enqueue 0.0810059 ms)
[02/27/2026-11:09:08] [I] Average on 10 runs - GPU latency: 0.101611 ms - Host latency: 0.101611 ms (enqueue 0.0809814 ms)
[02/27/2026-11:09:08] [I] Average on 10 runs - GPU latency: 0.101514 ms - Host latency: 0.101514 ms (enqueue 0.0815674 ms)
[02/27/2026-11:09:08] [I] Average on 10 runs - GPU latency: 0.101758 ms - Host latency: 0.101758 ms (enqueue 0.0814453 ms)
[02/27/2026-11:09:08] [I] Average on 10 runs - GPU latency: 0.101807 ms - Host latency: 0.101807 ms (enqueue 0.0780273 ms)
[02/27/2026-11:09:08] [I] Average on 10 runs - GPU latency: 0.101733 ms - Host latency: 0.101733 ms (enqueue 0.0813477 ms)
[02/27/2026-11:09:08] [I] Average on 10 runs - GPU latency: 0.100952 ms - Host latency: 0.100952 ms (enqueue 0.0827881 ms)
[02/27/2026-11:09:08] [I] Average on 10 runs - GPU latency: 0.101392 ms - Host latency: 0.101392 ms (enqueue 0.078418 ms)
[02/27/2026-11:09:08] [I] Average on 10 runs - GPU latency: 0.101636 ms - Host latency: 0.101636 ms (enqueue 0.0801025 ms)
[02/27/2026-11:09:08] [I] Average on 10 runs - GPU latency: 0.102759 ms - Host latency: 0.102759 ms (enqueue 0.0803711 ms)
[02/27/2026-11:09:08] [I] Average on 10 runs - GPU latency: 0.101392 ms - Host latency: 0.101392 ms (enqueue 0.0835937 ms)
[02/27/2026-11:09:08] [I] Average on 10 runs - GPU latency: 0.101953 ms - Host latency: 0.101953 ms (enqueue 0.0790283 ms)
[02/27/2026-11:09:08] [I] Average on 10 runs - GPU latency: 0.101562 ms - Host latency: 0.101562 ms (enqueue 0.0803955 ms)
[02/27/2026-11:09:08] [I] Average on 10 runs - GPU latency: 0.102734 ms - Host latency: 0.102734 ms (enqueue 0.0804199 ms)
[02/27/2026-11:09:08] [I] Average on 10 runs - GPU latency: 0.101709 ms - Host latency: 0.101709 ms (enqueue 0.0799072 ms)
[02/27/2026-11:09:08] [I] Average on 10 runs - GPU latency: 0.101587 ms - Host latency: 0.101587 ms (enqueue 0.081543 ms)
[02/27/2026-11:09:08] [I] Average on 10 runs - GPU latency: 0.101953 ms - Host latency: 0.101953 ms (enqueue 0.0789063 ms)
[02/27/2026-11:09:08] [I] Average on 10 runs - GPU latency: 0.101392 ms - Host latency: 0.101392 ms (enqueue 0.0786865 ms)
[02/27/2026-11:09:08] [I] Average on 10 runs - GPU latency: 0.101294 ms - Host latency: 0.101294 ms (enqueue 0.0832764 ms)
[02/27/2026-11:09:08] [I] Average on 10 runs - GPU latency: 0.10127 ms - Host latency: 0.10127 ms (enqueue 0.0806396 ms)
[02/27/2026-11:09:08] [I] Average on 10 runs - GPU latency: 0.101465 ms - Host latency: 0.101465 ms (enqueue 0.0797119 ms)
[02/27/2026-11:09:08] [I] Average on 10 runs - GPU latency: 0.101782 ms - Host latency: 0.101782 ms (enqueue 0.0808594 ms)
[02/27/2026-11:09:08] [I] Average on 10 runs - GPU latency: 0.102124 ms - Host latency: 0.102124 ms (enqueue 0.0799805 ms)
[02/27/2026-11:09:08] [I] Average on 10 runs - GPU latency: 0.1021 ms - Host latency: 0.1021 ms (enqueue 0.079834 ms)
[02/27/2026-11:09:08] [I] Average on 10 runs - GPU latency: 0.101685 ms - Host latency: 0.101685 ms (enqueue 0.0813965 ms)
[02/27/2026-11:09:08] [I] Average on 10 runs - GPU latency: 0.10188 ms - Host latency: 0.10188 ms (enqueue 0.0800537 ms)
[02/27/2026-11:09:08] [I] Average on 10 runs - GPU latency: 0.101538 ms - Host latency: 0.101538 ms (enqueue 0.0811035 ms)
[02/27/2026-11:09:08] [I] Average on 10 runs - GPU latency: 0.101904 ms - Host latency: 0.101904 ms (enqueue 0.0820312 ms)
[02/27/2026-11:09:08] [I] Average on 10 runs - GPU latency: 0.101514 ms - Host latency: 0.101514 ms (enqueue 0.0785889 ms)
[02/27/2026-11:09:08] [I] Average on 10 runs - GPU latency: 0.10188 ms - Host latency: 0.10188 ms (enqueue 0.0797119 ms)
[02/27/2026-11:09:08] [I] Average on 10 runs - GPU latency: 0.101855 ms - Host latency: 0.101855 ms (enqueue 0.0803711 ms)
[02/27/2026-11:09:08] [I] Average on 10 runs - GPU latency: 0.101733 ms - Host latency: 0.101733 ms (enqueue 0.0817383 ms)
[02/27/2026-11:09:08] [I] Average on 10 runs - GPU latency: 0.102148 ms - Host latency: 0.102148 ms (enqueue 0.0780273 ms)
[02/27/2026-11:09:08] [I] Average on 10 runs - GPU latency: 0.100781 ms - Host latency: 0.100781 ms (enqueue 0.0833252 ms)
[02/27/2026-11:09:08] [I] Average on 10 runs - GPU latency: 0.101538 ms - Host latency: 0.101538 ms (enqueue 0.0787842 ms)
[02/27/2026-11:09:08] [I] Average on 10 runs - GPU latency: 0.101587 ms - Host latency: 0.101587 ms (enqueue 0.0801025 ms)
[02/27/2026-11:09:08] [I] Average on 10 runs - GPU latency: 0.101636 ms - Host latency: 0.101636 ms (enqueue 0.0808838 ms)
[02/27/2026-11:09:08] [I] Average on 10 runs - GPU latency: 0.102124 ms - Host latency: 0.102124 ms (enqueue 0.0814941 ms)
[02/27/2026-11:09:08] [I] Average on 10 runs - GPU latency: 0.101636 ms - Host latency: 0.101636 ms (enqueue 0.0817139 ms)
[02/27/2026-11:09:08] [I] Average on 10 runs - GPU latency: 0.101343 ms - Host latency: 0.101343 ms (enqueue 0.0803467 ms)
[02/27/2026-11:09:08] [I] Average on 10 runs - GPU latency: 0.102075 ms - Host latency: 0.102075 ms (enqueue 0.079834 ms)
[02/27/2026-11:09:08] [I] Average on 10 runs - GPU latency: 0.101367 ms - Host latency: 0.101367 ms (enqueue 0.0807617 ms)
[02/27/2026-11:09:08] [I] Average on 10 runs - GPU latency: 0.101514 ms - Host latency: 0.101514 ms (enqueue 0.0807129 ms)
[02/27/2026-11:09:08] [I] Average on 10 runs - GPU latency: 0.101855 ms - Host latency: 0.101855 ms (enqueue 0.0813477 ms)
[02/27/2026-11:09:08] [I] Average on 10 runs - GPU latency: 0.102295 ms - Host latency: 0.102295 ms (enqueue 0.0801514 ms)
[02/27/2026-11:09:08] [I] Average on 10 runs - GPU latency: 0.101709 ms - Host latency: 0.101709 ms (enqueue 0.0815186 ms)
[02/27/2026-11:09:08] [I] Average on 10 runs - GPU latency: 0.101855 ms - Host latency: 0.101855 ms (enqueue 0.0791016 ms)
[02/27/2026-11:09:08] [I] Average on 10 runs - GPU latency: 0.101538 ms - Host latency: 0.101538 ms (enqueue 0.08125 ms)
[02/27/2026-11:09:08] [I] Average on 10 runs - GPU latency: 0.10144 ms - Host latency: 0.10144 ms (enqueue 0.0791748 ms)
[02/27/2026-11:09:08] [I] Average on 10 runs - GPU latency: 0.101587 ms - Host latency: 0.101587 ms (enqueue 0.0830566 ms)
[02/27/2026-11:09:08] [I] Average on 10 runs - GPU latency: 0.102344 ms - Host latency: 0.102344 ms (enqueue 0.0781494 ms)
[02/27/2026-11:09:08] [I] Average on 10 runs - GPU latency: 0.101929 ms - Host latency: 0.101929 ms (enqueue 0.0799072 ms)
[02/27/2026-11:09:08] [I] Average on 10 runs - GPU latency: 0.101489 ms - Host latency: 0.101489 ms (enqueue 0.0808105 ms)
[02/27/2026-11:09:08] [I] Average on 10 runs - GPU latency: 0.101685 ms - Host latency: 0.101685 ms (enqueue 0.0809326 ms)
[02/27/2026-11:09:08] [I] Average on 10 runs - GPU latency: 0.10144 ms - Host latency: 0.10144 ms (enqueue 0.0793945 ms)
[02/27/2026-11:09:08] [I] Average on 10 runs - GPU latency: 0.101318 ms - Host latency: 0.101318 ms (enqueue 0.079541 ms)
[02/27/2026-11:09:08] [I] Average on 10 runs - GPU latency: 0.101392 ms - Host latency: 0.101392 ms (enqueue 0.0809326 ms)
[02/27/2026-11:09:08] [I] Average on 10 runs - GPU latency: 0.101904 ms - Host latency: 0.101904 ms (enqueue 0.0808838 ms)
[02/27/2026-11:09:08] [I] Average on 10 runs - GPU latency: 0.102148 ms - Host latency: 0.102148 ms (enqueue 0.0804443 ms)
[02/27/2026-11:09:08] [I] Average on 10 runs - GPU latency: 0.102051 ms - Host latency: 0.102051 ms (enqueue 0.0785645 ms)
[02/27/2026-11:09:08] [I] Average on 10 runs - GPU latency: 0.101953 ms - Host latency: 0.101953 ms (enqueue 0.080835 ms)
[02/27/2026-11:09:08] [I] Average on 10 runs - GPU latency: 0.10127 ms - Host latency: 0.10127 ms (enqueue 0.079541 ms)
[02/27/2026-11:09:08] [I] Average on 10 runs - GPU latency: 0.101611 ms - Host latency: 0.101611 ms (enqueue 0.0805664 ms)
[02/27/2026-11:09:08] [I] Average on 10 runs - GPU latency: 0.102075 ms - Host latency: 0.102075 ms (enqueue 0.0804688 ms)
[02/27/2026-11:09:08] [I] Average on 10 runs - GPU latency: 0.102148 ms - Host latency: 0.102148 ms (enqueue 0.0815186 ms)
[02/27/2026-11:09:08] [I] Average on 10 runs - GPU latency: 0.101343 ms - Host latency: 0.101343 ms (enqueue 0.0791016 ms)
[02/27/2026-11:09:08] [I] Average on 10 runs - GPU latency: 0.101709 ms - Host latency: 0.101709 ms (enqueue 0.0812988 ms)
[02/27/2026-11:09:08] [I] Average on 10 runs - GPU latency: 0.101636 ms - Host latency: 0.101636 ms (enqueue 0.0798828 ms)
[02/27/2026-11:09:08] [I] Average on 10 runs - GPU latency: 0.101709 ms - Host latency: 0.101709 ms (enqueue 0.0826416 ms)
[02/27/2026-11:09:08] [I] Average on 10 runs - GPU latency: 0.102539 ms - Host latency: 0.102539 ms (enqueue 0.0790283 ms)
[02/27/2026-11:09:08] [I] Average on 10 runs - GPU latency: 0.102271 ms - Host latency: 0.102271 ms (enqueue 0.0817871 ms)
[02/27/2026-11:09:08] [I] Average on 10 runs - GPU latency: 0.101758 ms - Host latency: 0.101758 ms (enqueue 0.0806641 ms)
[02/27/2026-11:09:08] [I] Average on 10 runs - GPU latency: 0.101221 ms - Host latency: 0.101221 ms (enqueue 0.0813965 ms)
[02/27/2026-11:09:08] [I] Average on 10 runs - GPU latency: 0.101978 ms - Host latency: 0.101978 ms (enqueue 0.0785156 ms)
[02/27/2026-11:09:08] [I] Average on 10 runs - GPU latency: 0.101611 ms - Host latency: 0.101611 ms (enqueue 0.0786133 ms)
[02/27/2026-11:09:08] [I] Average on 10 runs - GPU latency: 0.102441 ms - Host latency: 0.102441 ms (enqueue 0.0789795 ms)
[02/27/2026-11:09:08] [I] Average on 10 runs - GPU latency: 0.102197 ms - Host latency: 0.102197 ms (enqueue 0.0813965 ms)
[02/27/2026-11:09:08] [I] Average on 10 runs - GPU latency: 0.101562 ms - Host latency: 0.101562 ms (enqueue 0.0802979 ms)
[02/27/2026-11:09:08] [I] Average on 10 runs - GPU latency: 0.102686 ms - Host latency: 0.102686 ms (enqueue 0.0810547 ms)
[02/27/2026-11:09:08] [I] Average on 10 runs - GPU latency: 0.101782 ms - Host latency: 0.101782 ms (enqueue 0.0803223 ms)
[02/27/2026-11:09:08] [I] Average on 10 runs - GPU latency: 0.10166 ms - Host latency: 0.10166 ms (enqueue 0.0820068 ms)
[02/27/2026-11:09:08] [I] Average on 10 runs - GPU latency: 0.101514 ms - Host latency: 0.101514 ms (enqueue 0.0783936 ms)
[02/27/2026-11:09:08] [I] Average on 10 runs - GPU latency: 0.102002 ms - Host latency: 0.102002 ms (enqueue 0.0797607 ms)
[02/27/2026-11:09:08] [I] Average on 10 runs - GPU latency: 0.10166 ms - Host latency: 0.10166 ms (enqueue 0.0823486 ms)
[02/27/2026-11:09:08] [I] Average on 10 runs - GPU latency: 0.101685 ms - Host latency: 0.101685 ms (enqueue 0.0777588 ms)
[02/27/2026-11:09:08] [I] Average on 10 runs - GPU latency: 0.101123 ms - Host latency: 0.101123 ms (enqueue 0.0799316 ms)
[02/27/2026-11:09:08] [I] Average on 10 runs - GPU latency: 0.101465 ms - Host latency: 0.101465 ms (enqueue 0.0815186 ms)
[02/27/2026-11:09:08] [I] Average on 10 runs - GPU latency: 0.101343 ms - Host latency: 0.101343 ms (enqueue 0.0810547 ms)
[02/27/2026-11:09:08] [I] Average on 10 runs - GPU latency: 0.101758 ms - Host latency: 0.101758 ms (enqueue 0.0806885 ms)
[02/27/2026-11:09:08] [I] Average on 10 runs - GPU latency: 0.101733 ms - Host latency: 0.101733 ms (enqueue 0.0806396 ms)
[02/27/2026-11:09:08] [I] Average on 10 runs - GPU latency: 0.101001 ms - Host latency: 0.101001 ms (enqueue 0.0796875 ms)
[02/27/2026-11:09:08] [I] Average on 10 runs - GPU latency: 0.101978 ms - Host latency: 0.101978 ms (enqueue 0.0830811 ms)
[02/27/2026-11:09:08] [I] Average on 10 runs - GPU latency: 0.101855 ms - Host latency: 0.101855 ms (enqueue 0.0805664 ms)
[02/27/2026-11:09:08] [I] Average on 10 runs - GPU latency: 0.102734 ms - Host latency: 0.102734 ms (enqueue 0.0776855 ms)
[02/27/2026-11:09:08] [I] Average on 10 runs - GPU latency: 0.102539 ms - Host latency: 0.102539 ms (enqueue 0.0797852 ms)
[02/27/2026-11:09:08] [I] Average on 10 runs - GPU latency: 0.101514 ms - Host latency: 0.101514 ms (enqueue 0.0832764 ms)
[02/27/2026-11:09:08] [I] Average on 10 runs - GPU latency: 0.101831 ms - Host latency: 0.101831 ms (enqueue 0.079541 ms)
[02/27/2026-11:09:08] [I] Average on 10 runs - GPU latency: 0.101904 ms - Host latency: 0.101904 ms (enqueue 0.0803467 ms)
[02/27/2026-11:09:08] [I] Average on 10 runs - GPU latency: 0.10188 ms - Host latency: 0.10188 ms (enqueue 0.0802246 ms)
[02/27/2026-11:09:08] [I] Average on 10 runs - GPU latency: 0.101416 ms - Host latency: 0.101416 ms (enqueue 0.0803223 ms)
[02/27/2026-11:09:08] [I] Average on 10 runs - GPU latency: 0.102588 ms - Host latency: 0.102588 ms (enqueue 0.0797607 ms)
[02/27/2026-11:09:08] [I] Average on 10 runs - GPU latency: 0.102026 ms - Host latency: 0.102026 ms (enqueue 0.0801758 ms)
[02/27/2026-11:09:08] [I] Average on 10 runs - GPU latency: 0.101807 ms - Host latency: 0.101807 ms (enqueue 0.0801514 ms)
[02/27/2026-11:09:08] [I] Average on 10 runs - GPU latency: 0.101318 ms - Host latency: 0.101318 ms (enqueue 0.0810791 ms)
[02/27/2026-11:09:08] [I] Average on 10 runs - GPU latency: 0.101489 ms - Host latency: 0.101489 ms (enqueue 0.0801758 ms)
[02/27/2026-11:09:08] [I] Average on 10 runs - GPU latency: 0.102197 ms - Host latency: 0.102197 ms (enqueue 0.0791504 ms)
[02/27/2026-11:09:08] [I] Average on 10 runs - GPU latency: 0.101514 ms - Host latency: 0.101514 ms (enqueue 0.0801514 ms)
[02/27/2026-11:09:08] [I] Average on 10 runs - GPU latency: 0.101416 ms - Host latency: 0.101416 ms (enqueue 0.0820068 ms)
[02/27/2026-11:09:08] [I] Average on 10 runs - GPU latency: 0.101245 ms - Host latency: 0.101245 ms (enqueue 0.0780762 ms)
[02/27/2026-11:09:08] [I] Average on 10 runs - GPU latency: 0.102222 ms - Host latency: 0.102222 ms (enqueue 0.0791504 ms)
[02/27/2026-11:09:08] [I] Average on 10 runs - GPU latency: 0.102319 ms - Host latency: 0.102319 ms (enqueue 0.0802002 ms)
[02/27/2026-11:09:08] [I] Average on 10 runs - GPU latency: 0.101367 ms - Host latency: 0.101367 ms (enqueue 0.0814941 ms)
[02/27/2026-11:09:08] [I] Average on 10 runs - GPU latency: 0.100537 ms - Host latency: 0.100537 ms (enqueue 0.0809082 ms)
[02/27/2026-11:09:08] [I] Average on 10 runs - GPU latency: 0.101465 ms - Host latency: 0.101465 ms (enqueue 0.0812012 ms)
[02/27/2026-11:09:08] [I] Average on 10 runs - GPU latency: 0.102197 ms - Host latency: 0.102197 ms (enqueue 0.0815918 ms)
[02/27/2026-11:09:08] [I] Average on 10 runs - GPU latency: 0.102441 ms - Host latency: 0.102441 ms (enqueue 0.0790283 ms)
[02/27/2026-11:09:08] [I] Average on 10 runs - GPU latency: 0.101318 ms - Host latency: 0.101318 ms (enqueue 0.0790771 ms)
[02/27/2026-11:09:08] [I] Average on 10 runs - GPU latency: 0.102173 ms - Host latency: 0.102173 ms (enqueue 0.0789307 ms)
[02/27/2026-11:09:08] [I] Average on 10 runs - GPU latency: 0.101416 ms - Host latency: 0.101416 ms (enqueue 0.081543 ms)
[02/27/2026-11:09:08] [I] Average on 10 runs - GPU latency: 0.101807 ms - Host latency: 0.101807 ms (enqueue 0.0788086 ms)
[02/27/2026-11:09:08] [I] Average on 10 runs - GPU latency: 0.101831 ms - Host latency: 0.101831 ms (enqueue 0.0807129 ms)
[02/27/2026-11:09:08] [I] Average on 10 runs - GPU latency: 0.101489 ms - Host latency: 0.101489 ms (enqueue 0.0800049 ms)
[02/27/2026-11:09:08] [I] Average on 10 runs - GPU latency: 0.102148 ms - Host latency: 0.102148 ms (enqueue 0.0816162 ms)
[02/27/2026-11:09:08] [I] Average on 10 runs - GPU latency: 0.101685 ms - Host latency: 0.101685 ms (enqueue 0.0792969 ms)
[02/27/2026-11:09:08] [I] Average on 10 runs - GPU latency: 0.102222 ms - Host latency: 0.102222 ms (enqueue 0.0805176 ms)
[02/27/2026-11:09:08] [I] Average on 10 runs - GPU latency: 0.101807 ms - Host latency: 0.101807 ms (enqueue 0.079248 ms)
[02/27/2026-11:09:08] [I] Average on 10 runs - GPU latency: 0.101685 ms - Host latency: 0.101685 ms (enqueue 0.0804443 ms)
[02/27/2026-11:09:08] [I] Average on 10 runs - GPU latency: 0.101562 ms - Host latency: 0.101562 ms (enqueue 0.079248 ms)
[02/27/2026-11:09:08] [I] Average on 10 runs - GPU latency: 0.10188 ms - Host latency: 0.10188 ms (enqueue 0.0794922 ms)
[02/27/2026-11:09:08] [I] Average on 10 runs - GPU latency: 0.101733 ms - Host latency: 0.101733 ms (enqueue 0.080249 ms)
[02/27/2026-11:09:08] [I] Average on 10 runs - GPU latency: 0.101343 ms - Host latency: 0.101343 ms (enqueue 0.0807617 ms)
[02/27/2026-11:09:08] [I] Average on 10 runs - GPU latency: 0.101782 ms - Host latency: 0.101782 ms (enqueue 0.0817383 ms)
[02/27/2026-11:09:08] [I] Average on 10 runs - GPU latency: 0.102002 ms - Host latency: 0.102002 ms (enqueue 0.080957 ms)
[02/27/2026-11:09:08] [I] Average on 10 runs - GPU latency: 0.102588 ms - Host latency: 0.102588 ms (enqueue 0.0769531 ms)
[02/27/2026-11:09:08] [I] Average on 10 runs - GPU latency: 0.1021 ms - Host latency: 0.1021 ms (enqueue 0.0807617 ms)
[02/27/2026-11:09:08] [I] Average on 10 runs - GPU latency: 0.101392 ms - Host latency: 0.101392 ms (enqueue 0.0787842 ms)
[02/27/2026-11:09:08] [I] Average on 10 runs - GPU latency: 0.10144 ms - Host latency: 0.10144 ms (enqueue 0.0795654 ms)
[02/27/2026-11:09:08] [I] Average on 10 runs - GPU latency: 0.101611 ms - Host latency: 0.101611 ms (enqueue 0.0814697 ms)
[02/27/2026-11:09:08] [I] Average on 10 runs - GPU latency: 0.101221 ms - Host latency: 0.101221 ms (enqueue 0.0817139 ms)
[02/27/2026-11:09:08] [I] Average on 10 runs - GPU latency: 0.101562 ms - Host latency: 0.101562 ms (enqueue 0.0799072 ms)
[02/27/2026-11:09:08] [I] Average on 10 runs - GPU latency: 0.102197 ms - Host latency: 0.102197 ms (enqueue 0.0806885 ms)
[02/27/2026-11:09:08] [I] Average on 10 runs - GPU latency: 0.102417 ms - Host latency: 0.102417 ms (enqueue 0.0795166 ms)
[02/27/2026-11:09:08] [I] Average on 10 runs - GPU latency: 0.10166 ms - Host latency: 0.10166 ms (enqueue 0.081958 ms)
[02/27/2026-11:09:08] [I] Average on 10 runs - GPU latency: 0.102222 ms - Host latency: 0.102222 ms (enqueue 0.0792969 ms)
[02/27/2026-11:09:08] [I] Average on 10 runs - GPU latency: 0.101636 ms - Host latency: 0.101636 ms (enqueue 0.0802246 ms)
[02/27/2026-11:09:08] [I] Average on 10 runs - GPU latency: 0.101782 ms - Host latency: 0.101782 ms (enqueue 0.0828369 ms)
[02/27/2026-11:09:08] [I] Average on 10 runs - GPU latency: 0.102368 ms - Host latency: 0.102368 ms (enqueue 0.0789063 ms)
[02/27/2026-11:09:08] [I] Average on 10 runs - GPU latency: 0.101465 ms - Host latency: 0.101465 ms (enqueue 0.079541 ms)
[02/27/2026-11:09:08] [I] Average on 10 runs - GPU latency: 0.10166 ms - Host latency: 0.10166 ms (enqueue 0.0810303 ms)
[02/27/2026-11:09:08] [I] Average on 10 runs - GPU latency: 0.101392 ms - Host latency: 0.101392 ms (enqueue 0.0841064 ms)
[02/27/2026-11:09:08] [I] Average on 10 runs - GPU latency: 0.101245 ms - Host latency: 0.101245 ms (enqueue 0.0793213 ms)
[02/27/2026-11:09:08] [I] Average on 10 runs - GPU latency: 0.101953 ms - Host latency: 0.101953 ms (enqueue 0.080127 ms)
[02/27/2026-11:09:08] [I] Average on 10 runs - GPU latency: 0.102222 ms - Host latency: 0.102222 ms (enqueue 0.0792969 ms)
[02/27/2026-11:09:08] [I] Average on 10 runs - GPU latency: 0.101172 ms - Host latency: 0.101172 ms (enqueue 0.0833496 ms)
[02/27/2026-11:09:08] [I] Average on 10 runs - GPU latency: 0.101636 ms - Host latency: 0.101636 ms (enqueue 0.0779053 ms)
[02/27/2026-11:09:08] [I] Average on 10 runs - GPU latency: 0.101733 ms - Host latency: 0.101733 ms (enqueue 0.0803711 ms)
[02/27/2026-11:09:08] [I] Average on 10 runs - GPU latency: 0.102295 ms - Host latency: 0.102295 ms (enqueue 0.0807617 ms)
[02/27/2026-11:09:08] [I] Average on 10 runs - GPU latency: 0.10188 ms - Host latency: 0.10188 ms (enqueue 0.0822022 ms)
[02/27/2026-11:09:08] [I] Average on 10 runs - GPU latency: 0.101099 ms - Host latency: 0.101099 ms (enqueue 0.0806396 ms)
[02/27/2026-11:09:08] [I] Average on 10 runs - GPU latency: 0.102002 ms - Host latency: 0.102002 ms (enqueue 0.0828857 ms)
[02/27/2026-11:09:08] [I] Average on 10 runs - GPU latency: 0.101514 ms - Host latency: 0.101514 ms (enqueue 0.0806152 ms)
[02/27/2026-11:09:08] [I] Average on 10 runs - GPU latency: 0.101733 ms - Host latency: 0.101733 ms (enqueue 0.0812256 ms)
[02/27/2026-11:09:08] [I] Average on 10 runs - GPU latency: 0.102466 ms - Host latency: 0.102466 ms (enqueue 0.0785156 ms)
[02/27/2026-11:09:08] [I] Average on 10 runs - GPU latency: 0.10166 ms - Host latency: 0.10166 ms (enqueue 0.0820801 ms)
[02/27/2026-11:09:08] [I] Average on 10 runs - GPU latency: 0.101416 ms - Host latency: 0.101416 ms (enqueue 0.0818115 ms)
[02/27/2026-11:09:08] [I] Average on 10 runs - GPU latency: 0.102124 ms - Host latency: 0.102124 ms (enqueue 0.0805176 ms)
[02/27/2026-11:09:08] [I] Average on 10 runs - GPU latency: 0.101367 ms - Host latency: 0.101367 ms (enqueue 0.0805908 ms)
[02/27/2026-11:09:08] [I] Average on 10 runs - GPU latency: 0.101611 ms - Host latency: 0.101611 ms (enqueue 0.0794922 ms)
[02/27/2026-11:09:08] [I] Average on 10 runs - GPU latency: 0.101465 ms - Host latency: 0.101465 ms (enqueue 0.0791504 ms)
[02/27/2026-11:09:08] [I] Average on 10 runs - GPU latency: 0.101904 ms - Host latency: 0.101904 ms (enqueue 0.0816895 ms)
[02/27/2026-11:09:08] [I] Average on 10 runs - GPU latency: 0.102637 ms - Host latency: 0.102637 ms (enqueue 0.0786133 ms)
[02/27/2026-11:09:08] [I] Average on 10 runs - GPU latency: 0.102222 ms - Host latency: 0.102222 ms (enqueue 0.079541 ms)
[02/27/2026-11:09:08] [I] Average on 10 runs - GPU latency: 0.1021 ms - Host latency: 0.1021 ms (enqueue 0.0815674 ms)
[02/27/2026-11:09:08] [I] Average on 10 runs - GPU latency: 0.101782 ms - Host latency: 0.101782 ms (enqueue 0.0780029 ms)
[02/27/2026-11:09:08] [I] Average on 10 runs - GPU latency: 0.102271 ms - Host latency: 0.102271 ms (enqueue 0.0815186 ms)
[02/27/2026-11:09:08] [I] Average on 10 runs - GPU latency: 0.101978 ms - Host latency: 0.101978 ms (enqueue 0.0794434 ms)
[02/27/2026-11:09:08] [I] Average on 10 runs - GPU latency: 0.101367 ms - Host latency: 0.101367 ms (enqueue 0.0830811 ms)
[02/27/2026-11:09:08] [I] Average on 10 runs - GPU latency: 0.101147 ms - Host latency: 0.101147 ms (enqueue 0.079248 ms)
[02/27/2026-11:09:08] [I] Average on 10 runs - GPU latency: 0.102319 ms - Host latency: 0.102319 ms (enqueue 0.0778564 ms)
[02/27/2026-11:09:08] [I] Average on 10 runs - GPU latency: 0.102075 ms - Host latency: 0.102075 ms (enqueue 0.0820068 ms)
[02/27/2026-11:09:08] [I] Average on 10 runs - GPU latency: 0.102856 ms - Host latency: 0.102856 ms (enqueue 0.0805664 ms)
[02/27/2026-11:09:08] [I] Average on 10 runs - GPU latency: 0.102148 ms - Host latency: 0.102148 ms (enqueue 0.079541 ms)
[02/27/2026-11:09:08] [I] Average on 10 runs - GPU latency: 0.101807 ms - Host latency: 0.101807 ms (enqueue 0.08125 ms)
[02/27/2026-11:09:08] [I] Average on 10 runs - GPU latency: 0.102051 ms - Host latency: 0.102051 ms (enqueue 0.080957 ms)
[02/27/2026-11:09:08] [I] Average on 10 runs - GPU latency: 0.10188 ms - Host latency: 0.10188 ms (enqueue 0.0813477 ms)
[02/27/2026-11:09:08] [I] Average on 10 runs - GPU latency: 0.102441 ms - Host latency: 0.102441 ms (enqueue 0.0787598 ms)
[02/27/2026-11:09:08] [I] Average on 10 runs - GPU latency: 0.102173 ms - Host latency: 0.102173 ms (enqueue 0.0806885 ms)
[02/27/2026-11:09:08] [I] Average on 10 runs - GPU latency: 0.101562 ms - Host latency: 0.101562 ms (enqueue 0.0802734 ms)
[02/27/2026-11:09:08] [I] Average on 10 runs - GPU latency: 0.101074 ms - Host latency: 0.101074 ms (enqueue 0.0806152 ms)
[02/27/2026-11:09:08] [I] Average on 10 runs - GPU latency: 0.101538 ms - Host latency: 0.101538 ms (enqueue 0.0800049 ms)
[02/27/2026-11:09:08] [I] Average on 10 runs - GPU latency: 0.101343 ms - Host latency: 0.101343 ms (enqueue 0.0807373 ms)
[02/27/2026-11:09:08] [I] Average on 10 runs - GPU latency: 0.102686 ms - Host latency: 0.102686 ms (enqueue 0.0798828 ms)
[02/27/2026-11:09:08] [I] Average on 10 runs - GPU latency: 0.101562 ms - Host latency: 0.101562 ms (enqueue 0.0811768 ms)
[02/27/2026-11:09:08] [I] Average on 10 runs - GPU latency: 0.101367 ms - Host latency: 0.101367 ms (enqueue 0.0807617 ms)
[02/27/2026-11:09:08] [I] Average on 10 runs - GPU latency: 0.101685 ms - Host latency: 0.101685 ms (enqueue 0.0790527 ms)
[02/27/2026-11:09:08] [I] Average on 10 runs - GPU latency: 0.101807 ms - Host latency: 0.101807 ms (enqueue 0.0799805 ms)
[02/27/2026-11:09:08] [I] Average on 10 runs - GPU latency: 0.102759 ms - Host latency: 0.102759 ms (enqueue 0.0796875 ms)
[02/27/2026-11:09:08] [I] Average on 10 runs - GPU latency: 0.102441 ms - Host latency: 0.102441 ms (enqueue 0.0802246 ms)
[02/27/2026-11:09:08] [I] Average on 10 runs - GPU latency: 0.101538 ms - Host latency: 0.101538 ms (enqueue 0.0785889 ms)
[02/27/2026-11:09:08] [I] Average on 10 runs - GPU latency: 0.101587 ms - Host latency: 0.101587 ms (enqueue 0.0809326 ms)
[02/27/2026-11:09:08] [I] Average on 10 runs - GPU latency: 0.102002 ms - Host latency: 0.102002 ms (enqueue 0.0789307 ms)
[02/27/2026-11:09:08] [I] Average on 10 runs - GPU latency: 0.101538 ms - Host latency: 0.101538 ms (enqueue 0.0797363 ms)
[02/27/2026-11:09:08] [I] Average on 10 runs - GPU latency: 0.101416 ms - Host latency: 0.101416 ms (enqueue 0.0790283 ms)
[02/27/2026-11:09:08] [I] Average on 10 runs - GPU latency: 0.10166 ms - Host latency: 0.10166 ms (enqueue 0.0818359 ms)
[02/27/2026-11:09:08] [I] Average on 10 runs - GPU latency: 0.102002 ms - Host latency: 0.102002 ms (enqueue 0.0803223 ms)
[02/27/2026-11:09:08] [I] Average on 10 runs - GPU latency: 0.101782 ms - Host latency: 0.101782 ms (enqueue 0.0820801 ms)
[02/27/2026-11:09:08] [I] Average on 10 runs - GPU latency: 0.102173 ms - Host latency: 0.102173 ms (enqueue 0.0795166 ms)
[02/27/2026-11:09:08] [I] Average on 10 runs - GPU latency: 0.101685 ms - Host latency: 0.101685 ms (enqueue 0.0788574 ms)
[02/27/2026-11:09:08] [I] Average on 10 runs - GPU latency: 0.102539 ms - Host latency: 0.102539 ms (enqueue 0.0795898 ms)
[02/27/2026-11:09:08] [I] Average on 10 runs - GPU latency: 0.102026 ms - Host latency: 0.102026 ms (enqueue 0.0811279 ms)
[02/27/2026-11:09:08] [I] Average on 10 runs - GPU latency: 0.101758 ms - Host latency: 0.101758 ms (enqueue 0.0787354 ms)
[02/27/2026-11:09:08] [I] Average on 10 runs - GPU latency: 0.101807 ms - Host latency: 0.101807 ms (enqueue 0.080835 ms)
[02/27/2026-11:09:08] [I] Average on 10 runs - GPU latency: 0.102075 ms - Host latency: 0.102075 ms (enqueue 0.079541 ms)
[02/27/2026-11:09:08] [I] Average on 10 runs - GPU latency: 0.101636 ms - Host latency: 0.101636 ms (enqueue 0.0802979 ms)
[02/27/2026-11:09:08] [I] Average on 10 runs - GPU latency: 0.102295 ms - Host latency: 0.102295 ms (enqueue 0.0795898 ms)
[02/27/2026-11:09:08] [I] Average on 10 runs - GPU latency: 0.101978 ms - Host latency: 0.101978 ms (enqueue 0.0782715 ms)
[02/27/2026-11:09:08] [I] Average on 10 runs - GPU latency: 0.102271 ms - Host latency: 0.102271 ms (enqueue 0.0803955 ms)
[02/27/2026-11:09:08] [I] Average on 10 runs - GPU latency: 0.102148 ms - Host latency: 0.102148 ms (enqueue 0.0793945 ms)
[02/27/2026-11:09:08] [I] Average on 10 runs - GPU latency: 0.102148 ms - Host latency: 0.102148 ms (enqueue 0.0780029 ms)
[02/27/2026-11:09:08] [I] Average on 10 runs - GPU latency: 0.102393 ms - Host latency: 0.102393 ms (enqueue 0.0813965 ms)
[02/27/2026-11:09:08] [I] Average on 10 runs - GPU latency: 0.1021 ms - Host latency: 0.1021 ms (enqueue 0.0800293 ms)
[02/27/2026-11:09:08] [I] Average on 10 runs - GPU latency: 0.101758 ms - Host latency: 0.101758 ms (enqueue 0.0792725 ms)
[02/27/2026-11:09:08] [I] Average on 10 runs - GPU latency: 0.10249 ms - Host latency: 0.10249 ms (enqueue 0.0820068 ms)
[02/27/2026-11:09:08] [I] Average on 10 runs - GPU latency: 0.102051 ms - Host latency: 0.102051 ms (enqueue 0.0788086 ms)
[02/27/2026-11:09:08] [I] Average on 10 runs - GPU latency: 0.101489 ms - Host latency: 0.101489 ms (enqueue 0.0801758 ms)
[02/27/2026-11:09:08] [I] Average on 10 runs - GPU latency: 0.102124 ms - Host latency: 0.102124 ms (enqueue 0.0804199 ms)
[02/27/2026-11:09:08] [I] Average on 10 runs - GPU latency: 0.101392 ms - Host latency: 0.101392 ms (enqueue 0.0808105 ms)
[02/27/2026-11:09:08] [I] Average on 10 runs - GPU latency: 0.102319 ms - Host latency: 0.102319 ms (enqueue 0.0791748 ms)
[02/27/2026-11:09:08] [I] Average on 10 runs - GPU latency: 0.101611 ms - Host latency: 0.101611 ms (enqueue 0.0787598 ms)
[02/27/2026-11:09:08] [I] Average on 10 runs - GPU latency: 0.101904 ms - Host latency: 0.101904 ms (enqueue 0.0810303 ms)
[02/27/2026-11:09:08] [I] Average on 10 runs - GPU latency: 0.102173 ms - Host latency: 0.102173 ms (enqueue 0.0823975 ms)
[02/27/2026-11:09:08] [I] Average on 10 runs - GPU latency: 0.101416 ms - Host latency: 0.101416 ms (enqueue 0.0776367 ms)
[02/27/2026-11:09:08] [I] Average on 10 runs - GPU latency: 0.101514 ms - Host latency: 0.101514 ms (enqueue 0.0790039 ms)
[02/27/2026-11:09:08] [I] Average on 10 runs - GPU latency: 0.102197 ms - Host latency: 0.102197 ms (enqueue 0.0818603 ms)
[02/27/2026-11:09:08] [I] Average on 10 runs - GPU latency: 0.101855 ms - Host latency: 0.101855 ms (enqueue 0.0802734 ms)
[02/27/2026-11:09:08] [I] Average on 10 runs - GPU latency: 0.102295 ms - Host latency: 0.102295 ms (enqueue 0.0811035 ms)
[02/27/2026-11:09:08] [I] Average on 10 runs - GPU latency: 0.101245 ms - Host latency: 0.101245 ms (enqueue 0.0792969 ms)
[02/27/2026-11:09:08] [I] Average on 10 runs - GPU latency: 0.101831 ms - Host latency: 0.101831 ms (enqueue 0.0794678 ms)
[02/27/2026-11:09:08] [I] Average on 10 runs - GPU latency: 0.101562 ms - Host latency: 0.101562 ms (enqueue 0.0816895 ms)
[02/27/2026-11:09:08] [I] Average on 10 runs - GPU latency: 0.102515 ms - Host latency: 0.102515 ms (enqueue 0.0795166 ms)
[02/27/2026-11:09:08] [I] Average on 10 runs - GPU latency: 0.101489 ms - Host latency: 0.101489 ms (enqueue 0.0806396 ms)
[02/27/2026-11:09:08] [I] Average on 10 runs - GPU latency: 0.101831 ms - Host latency: 0.101831 ms (enqueue 0.0797852 ms)
[02/27/2026-11:09:08] [I] Average on 10 runs - GPU latency: 0.101416 ms - Host latency: 0.101416 ms (enqueue 0.0816162 ms)
[02/27/2026-11:09:08] [I] Average on 10 runs - GPU latency: 0.101758 ms - Host latency: 0.101758 ms (enqueue 0.0803711 ms)
[02/27/2026-11:09:08] [I] Average on 10 runs - GPU latency: 0.102246 ms - Host latency: 0.102246 ms (enqueue 0.0791748 ms)
[02/27/2026-11:09:08] [I] Average on 10 runs - GPU latency: 0.101929 ms - Host latency: 0.101929 ms (enqueue 0.078418 ms)
[02/27/2026-11:09:08] [I] Average on 10 runs - GPU latency: 0.10166 ms - Host latency: 0.10166 ms (enqueue 0.0818603 ms)
[02/27/2026-11:09:08] [I] Average on 10 runs - GPU latency: 0.101709 ms - Host latency: 0.101709 ms (enqueue 0.0802979 ms)
[02/27/2026-11:09:08] [I] Average on 10 runs - GPU latency: 0.102002 ms - Host latency: 0.102002 ms (enqueue 0.0811523 ms)
[02/27/2026-11:09:08] [I] Average on 10 runs - GPU latency: 0.101904 ms - Host latency: 0.101904 ms (enqueue 0.0804932 ms)
[02/27/2026-11:09:08] [I] Average on 10 runs - GPU latency: 0.101562 ms - Host latency: 0.101562 ms (enqueue 0.0818359 ms)
[02/27/2026-11:09:08] [I] Average on 10 runs - GPU latency: 0.101514 ms - Host latency: 0.101514 ms (enqueue 0.0783447 ms)
[02/27/2026-11:09:08] [I] Average on 10 runs - GPU latency: 0.10166 ms - Host latency: 0.10166 ms (enqueue 0.0817383 ms)
[02/27/2026-11:09:08] [I] Average on 10 runs - GPU latency: 0.102222 ms - Host latency: 0.102222 ms (enqueue 0.0804688 ms)
[02/27/2026-11:09:08] [I] Average on 10 runs - GPU latency: 0.102661 ms - Host latency: 0.102661 ms (enqueue 0.0799072 ms)
[02/27/2026-11:09:08] [I] Average on 10 runs - GPU latency: 0.102441 ms - Host latency: 0.102441 ms (enqueue 0.0779785 ms)
[02/27/2026-11:09:08] [I] Average on 10 runs - GPU latency: 0.101367 ms - Host latency: 0.101367 ms (enqueue 0.0816406 ms)
[02/27/2026-11:09:08] [I] Average on 10 runs - GPU latency: 0.101855 ms - Host latency: 0.101855 ms (enqueue 0.0805664 ms)
[02/27/2026-11:09:08] [I] Average on 10 runs - GPU latency: 0.101929 ms - Host latency: 0.101929 ms (enqueue 0.0794678 ms)
[02/27/2026-11:09:08] [I] Average on 10 runs - GPU latency: 0.102051 ms - Host latency: 0.102051 ms (enqueue 0.0799072 ms)
[02/27/2026-11:09:08] [I] Average on 10 runs - GPU latency: 0.101221 ms - Host latency: 0.101221 ms (enqueue 0.0799561 ms)
[02/27/2026-11:09:08] [I] Average on 10 runs - GPU latency: 0.101416 ms - Host latency: 0.101416 ms (enqueue 0.0835449 ms)
[02/27/2026-11:09:08] [I] Average on 10 runs - GPU latency: 0.101416 ms - Host latency: 0.101416 ms (enqueue 0.0776123 ms)
[02/27/2026-11:09:08] [I] Average on 10 runs - GPU latency: 0.102026 ms - Host latency: 0.102026 ms (enqueue 0.0804443 ms)
[02/27/2026-11:09:08] [I] Average on 10 runs - GPU latency: 0.101465 ms - Host latency: 0.101465 ms (enqueue 0.0799072 ms)
[02/27/2026-11:09:08] [I] Average on 10 runs - GPU latency: 0.10144 ms - Host latency: 0.10144 ms (enqueue 0.0818848 ms)
[02/27/2026-11:09:08] [I] Average on 10 runs - GPU latency: 0.101538 ms - Host latency: 0.101538 ms (enqueue 0.0797119 ms)
[02/27/2026-11:09:08] [I] Average on 10 runs - GPU latency: 0.101709 ms - Host latency: 0.101709 ms (enqueue 0.0780273 ms)
[02/27/2026-11:09:08] [I] Average on 10 runs - GPU latency: 0.10127 ms - Host latency: 0.10127 ms (enqueue 0.0790771 ms)
[02/27/2026-11:09:08] [I] Average on 10 runs - GPU latency: 0.101221 ms - Host latency: 0.101221 ms (enqueue 0.0815186 ms)
[02/27/2026-11:09:08] [I] Average on 10 runs - GPU latency: 0.102026 ms - Host latency: 0.102026 ms (enqueue 0.0803223 ms)
[02/27/2026-11:09:08] [I] Average on 10 runs - GPU latency: 0.101392 ms - Host latency: 0.101392 ms (enqueue 0.0807861 ms)
[02/27/2026-11:09:08] [I] Average on 10 runs - GPU latency: 0.101758 ms - Host latency: 0.101758 ms (enqueue 0.0802002 ms)
[02/27/2026-11:09:08] [I] Average on 10 runs - GPU latency: 0.101587 ms - Host latency: 0.101587 ms (enqueue 0.0824463 ms)
[02/27/2026-11:09:08] [I] Average on 10 runs - GPU latency: 0.101929 ms - Host latency: 0.101929 ms (enqueue 0.0817383 ms)
[02/27/2026-11:09:08] [I] Average on 10 runs - GPU latency: 0.101514 ms - Host latency: 0.101514 ms (enqueue 0.0782227 ms)
[02/27/2026-11:09:08] [I] Average on 10 runs - GPU latency: 0.101636 ms - Host latency: 0.101636 ms (enqueue 0.0802246 ms)
[02/27/2026-11:09:08] [I] Average on 10 runs - GPU latency: 0.101099 ms - Host latency: 0.101099 ms (enqueue 0.0827393 ms)
[02/27/2026-11:09:08] [I] Average on 10 runs - GPU latency: 0.102368 ms - Host latency: 0.102368 ms (enqueue 0.0779541 ms)
[02/27/2026-11:09:08] [I] Average on 10 runs - GPU latency: 0.101978 ms - Host latency: 0.101978 ms (enqueue 0.0821045 ms)
[02/27/2026-11:09:08] [I] Average on 10 runs - GPU latency: 0.102246 ms - Host latency: 0.102246 ms (enqueue 0.0803711 ms)
[02/27/2026-11:09:08] [I] Average on 10 runs - GPU latency: 0.1021 ms - Host latency: 0.1021 ms (enqueue 0.0789063 ms)
[02/27/2026-11:09:08] [I] Average on 10 runs - GPU latency: 0.101733 ms - Host latency: 0.101733 ms (enqueue 0.080127 ms)
[02/27/2026-11:09:08] [I] Average on 10 runs - GPU latency: 0.101489 ms - Host latency: 0.101489 ms (enqueue 0.0802734 ms)
[02/27/2026-11:09:08] [I] Average on 10 runs - GPU latency: 0.102026 ms - Host latency: 0.102026 ms (enqueue 0.0809326 ms)
[02/27/2026-11:09:08] [I] Average on 10 runs - GPU latency: 0.10166 ms - Host latency: 0.10166 ms (enqueue 0.0802246 ms)
[02/27/2026-11:09:08] [I] Average on 10 runs - GPU latency: 0.102026 ms - Host latency: 0.102026 ms (enqueue 0.0808105 ms)
[02/27/2026-11:09:08] [I] Average on 10 runs - GPU latency: 0.101929 ms - Host latency: 0.101929 ms (enqueue 0.0775635 ms)
[02/27/2026-11:09:08] [I] Average on 10 runs - GPU latency: 0.101636 ms - Host latency: 0.101636 ms (enqueue 0.0836914 ms)
[02/27/2026-11:09:08] [I] Average on 10 runs - GPU latency: 0.10127 ms - Host latency: 0.10127 ms (enqueue 0.0793945 ms)
[02/27/2026-11:09:08] [I] Average on 10 runs - GPU latency: 0.101538 ms - Host latency: 0.101538 ms (enqueue 0.0816406 ms)
[02/27/2026-11:09:08] [I] Average on 10 runs - GPU latency: 0.102148 ms - Host latency: 0.102148 ms (enqueue 0.0791504 ms)
[02/27/2026-11:09:08] [I] Average on 10 runs - GPU latency: 0.101538 ms - Host latency: 0.101538 ms (enqueue 0.0804688 ms)
[02/27/2026-11:09:08] [I] Average on 10 runs - GPU latency: 0.101318 ms - Host latency: 0.101318 ms (enqueue 0.0829346 ms)
[02/27/2026-11:09:08] [I] Average on 10 runs - GPU latency: 0.10188 ms - Host latency: 0.10188 ms (enqueue 0.0807129 ms)
[02/27/2026-11:09:08] [I] Average on 10 runs - GPU latency: 0.10127 ms - Host latency: 0.10127 ms (enqueue 0.0807129 ms)
[02/27/2026-11:09:08] [I] Average on 10 runs - GPU latency: 0.101587 ms - Host latency: 0.101587 ms (enqueue 0.0817383 ms)
[02/27/2026-11:09:08] [I] Average on 10 runs - GPU latency: 0.102197 ms - Host latency: 0.102197 ms (enqueue 0.0811279 ms)
[02/27/2026-11:09:08] [I] Average on 10 runs - GPU latency: 0.102295 ms - Host latency: 0.102295 ms (enqueue 0.0781982 ms)
[02/27/2026-11:09:08] [I] Average on 10 runs - GPU latency: 0.101611 ms - Host latency: 0.101611 ms (enqueue 0.0791504 ms)
[02/27/2026-11:09:08] [I] Average on 10 runs - GPU latency: 0.102051 ms - Host latency: 0.102051 ms (enqueue 0.0795654 ms)
[02/27/2026-11:09:08] [I] Average on 10 runs - GPU latency: 0.101733 ms - Host latency: 0.101733 ms (enqueue 0.0808838 ms)
[02/27/2026-11:09:08] [I] Average on 10 runs - GPU latency: 0.101953 ms - Host latency: 0.101953 ms (enqueue 0.0803223 ms)
[02/27/2026-11:09:08] [I] Average on 10 runs - GPU latency: 0.101587 ms - Host latency: 0.101587 ms (enqueue 0.080249 ms)
[02/27/2026-11:09:08] [I] Average on 10 runs - GPU latency: 0.101245 ms - Host latency: 0.101245 ms (enqueue 0.0814941 ms)
[02/27/2026-11:09:08] [I] Average on 10 runs - GPU latency: 0.101416 ms - Host latency: 0.101416 ms (enqueue 0.0800049 ms)
[02/27/2026-11:09:08] [I] Average on 10 runs - GPU latency: 0.101343 ms - Host latency: 0.101343 ms (enqueue 0.0800781 ms)
[02/27/2026-11:09:08] [I] Average on 10 runs - GPU latency: 0.100977 ms - Host latency: 0.100977 ms (enqueue 0.0811279 ms)
[02/27/2026-11:09:08] [I] Average on 10 runs - GPU latency: 0.101489 ms - Host latency: 0.101489 ms (enqueue 0.0814209 ms)
[02/27/2026-11:09:08] [I] Average on 10 runs - GPU latency: 0.102051 ms - Host latency: 0.102051 ms (enqueue 0.0789063 ms)
[02/27/2026-11:09:08] [I] Average on 10 runs - GPU latency: 0.102661 ms - Host latency: 0.102661 ms (enqueue 0.081665 ms)
[02/27/2026-11:09:08] [I] Average on 10 runs - GPU latency: 0.101807 ms - Host latency: 0.101807 ms (enqueue 0.080957 ms)
[02/27/2026-11:09:08] [I] Average on 10 runs - GPU latency: 0.101123 ms - Host latency: 0.101123 ms (enqueue 0.0779541 ms)
[02/27/2026-11:09:08] [I] Average on 10 runs - GPU latency: 0.102002 ms - Host latency: 0.102002 ms (enqueue 0.0821533 ms)
[02/27/2026-11:09:08] [I] Average on 10 runs - GPU latency: 0.102515 ms - Host latency: 0.102515 ms (enqueue 0.0796631 ms)
[02/27/2026-11:09:08] [I] Average on 10 runs - GPU latency: 0.101538 ms - Host latency: 0.101538 ms (enqueue 0.0826416 ms)
[02/27/2026-11:09:08] [I] Average on 10 runs - GPU latency: 0.102173 ms - Host latency: 0.102173 ms (enqueue 0.078833 ms)
[02/27/2026-11:09:08] [I] Average on 10 runs - GPU latency: 0.101245 ms - Host latency: 0.101245 ms (enqueue 0.079834 ms)
[02/27/2026-11:09:08] [I] Average on 10 runs - GPU latency: 0.102148 ms - Host latency: 0.102148 ms (enqueue 0.0806641 ms)
[02/27/2026-11:09:08] [I] Average on 10 runs - GPU latency: 0.101074 ms - Host latency: 0.101074 ms (enqueue 0.0803711 ms)
[02/27/2026-11:09:08] [I] Average on 10 runs - GPU latency: 0.102344 ms - Host latency: 0.102344 ms (enqueue 0.0801758 ms)
[02/27/2026-11:09:08] [I] Average on 10 runs - GPU latency: 0.101685 ms - Host latency: 0.101685 ms (enqueue 0.0791748 ms)
[02/27/2026-11:09:08] [I] Average on 10 runs - GPU latency: 0.102637 ms - Host latency: 0.102637 ms (enqueue 0.0800293 ms)
[02/27/2026-11:09:08] [I] Average on 10 runs - GPU latency: 0.102026 ms - Host latency: 0.102026 ms (enqueue 0.0799072 ms)
[02/27/2026-11:09:08] [I] Average on 10 runs - GPU latency: 0.102002 ms - Host latency: 0.102002 ms (enqueue 0.0797607 ms)
[02/27/2026-11:09:08] [I] Average on 10 runs - GPU latency: 0.101904 ms - Host latency: 0.101904 ms (enqueue 0.0791504 ms)
[02/27/2026-11:09:08] [I] Average on 10 runs - GPU latency: 0.101367 ms - Host latency: 0.101367 ms (enqueue 0.079834 ms)
[02/27/2026-11:09:08] [I] Average on 10 runs - GPU latency: 0.101538 ms - Host latency: 0.101538 ms (enqueue 0.0819092 ms)
[02/27/2026-11:09:08] [I] Average on 10 runs - GPU latency: 0.102026 ms - Host latency: 0.102026 ms (enqueue 0.0793457 ms)
[02/27/2026-11:09:08] [I] Average on 10 runs - GPU latency: 0.101147 ms - Host latency: 0.101147 ms (enqueue 0.0797119 ms)
[02/27/2026-11:09:08] [I] Average on 10 runs - GPU latency: 0.102026 ms - Host latency: 0.102026 ms (enqueue 0.0786621 ms)
[02/27/2026-11:09:08] [I] Average on 10 runs - GPU latency: 0.101953 ms - Host latency: 0.101953 ms (enqueue 0.0827881 ms)
[02/27/2026-11:09:08] [I] Average on 10 runs - GPU latency: 0.101221 ms - Host latency: 0.101221 ms (enqueue 0.077417 ms)
[02/27/2026-11:09:08] [I] Average on 10 runs - GPU latency: 0.101392 ms - Host latency: 0.101392 ms (enqueue 0.0818115 ms)
[02/27/2026-11:09:08] [I] Average on 10 runs - GPU latency: 0.101855 ms - Host latency: 0.101855 ms (enqueue 0.0810059 ms)
[02/27/2026-11:09:08] [I] Average on 10 runs - GPU latency: 0.103125 ms - Host latency: 0.103125 ms (enqueue 0.0799072 ms)
[02/27/2026-11:09:08] [I] Average on 10 runs - GPU latency: 0.102124 ms - Host latency: 0.102124 ms (enqueue 0.0811035 ms)
[02/27/2026-11:09:08] [I] Average on 10 runs - GPU latency: 0.102173 ms - Host latency: 0.102173 ms (enqueue 0.0798096 ms)
[02/27/2026-11:09:08] [I] Average on 10 runs - GPU latency: 0.101514 ms - Host latency: 0.101514 ms (enqueue 0.080542 ms)
[02/27/2026-11:09:08] [I] Average on 10 runs - GPU latency: 0.101587 ms - Host latency: 0.101587 ms (enqueue 0.0791748 ms)
[02/27/2026-11:09:08] [I] Average on 10 runs - GPU latency: 0.102051 ms - Host latency: 0.102051 ms (enqueue 0.0804199 ms)
[02/27/2026-11:09:08] [I] Average on 10 runs - GPU latency: 0.102515 ms - Host latency: 0.102515 ms (enqueue 0.0812012 ms)
[02/27/2026-11:09:08] [I] Average on 10 runs - GPU latency: 0.10144 ms - Host latency: 0.10144 ms (enqueue 0.0806152 ms)
[02/27/2026-11:09:08] [I] Average on 10 runs - GPU latency: 0.101904 ms - Host latency: 0.101904 ms (enqueue 0.0790771 ms)
[02/27/2026-11:09:08] [I] Average on 10 runs - GPU latency: 0.10166 ms - Host latency: 0.10166 ms (enqueue 0.081958 ms)
[02/27/2026-11:09:08] [I] Average on 10 runs - GPU latency: 0.101392 ms - Host latency: 0.101392 ms (enqueue 0.080835 ms)
[02/27/2026-11:09:08] [I] Average on 10 runs - GPU latency: 0.101147 ms - Host latency: 0.101147 ms (enqueue 0.079834 ms)
[02/27/2026-11:09:08] [I] Average on 10 runs - GPU latency: 0.102417 ms - Host latency: 0.102417 ms (enqueue 0.0775635 ms)
[02/27/2026-11:09:08] [I] Average on 10 runs - GPU latency: 0.101538 ms - Host latency: 0.101538 ms (enqueue 0.0806641 ms)
[02/27/2026-11:09:08] [I] Average on 10 runs - GPU latency: 0.101587 ms - Host latency: 0.101587 ms (enqueue 0.081665 ms)
[02/27/2026-11:09:08] [I] Average on 10 runs - GPU latency: 0.101489 ms - Host latency: 0.101489 ms (enqueue 0.0780518 ms)
[02/27/2026-11:09:08] [I] Average on 10 runs - GPU latency: 0.101489 ms - Host latency: 0.101489 ms (enqueue 0.0788818 ms)
[02/27/2026-11:09:08] [I] Average on 10 runs - GPU latency: 0.101929 ms - Host latency: 0.101929 ms (enqueue 0.0816406 ms)
[02/27/2026-11:09:08] [I] Average on 10 runs - GPU latency: 0.102368 ms - Host latency: 0.102368 ms (enqueue 0.0814941 ms)
[02/27/2026-11:09:08] [I] Average on 10 runs - GPU latency: 0.101489 ms - Host latency: 0.101489 ms (enqueue 0.0790771 ms)
[02/27/2026-11:09:08] [I] Average on 10 runs - GPU latency: 0.101245 ms - Host latency: 0.101245 ms (enqueue 0.0796143 ms)
[02/27/2026-11:09:08] [I] Average on 10 runs - GPU latency: 0.101147 ms - Host latency: 0.101147 ms (enqueue 0.0796875 ms)
[02/27/2026-11:09:08] [I] Average on 10 runs - GPU latency: 0.101807 ms - Host latency: 0.101807 ms (enqueue 0.0787354 ms)
[02/27/2026-11:09:08] [I] Average on 10 runs - GPU latency: 0.101514 ms - Host latency: 0.101514 ms (enqueue 0.079126 ms)
[02/27/2026-11:09:08] [I] Average on 10 runs - GPU latency: 0.101611 ms - Host latency: 0.101611 ms (enqueue 0.0802979 ms)
[02/27/2026-11:09:08] [I] Average on 10 runs - GPU latency: 0.102734 ms - Host latency: 0.102734 ms (enqueue 0.0779053 ms)
[02/27/2026-11:09:08] [I] Average on 10 runs - GPU latency: 0.102075 ms - Host latency: 0.102075 ms (enqueue 0.0814941 ms)
[02/27/2026-11:09:08] [I] Average on 10 runs - GPU latency: 0.102295 ms - Host latency: 0.102295 ms (enqueue 0.0801025 ms)
[02/27/2026-11:09:08] [I] Average on 10 runs - GPU latency: 0.101416 ms - Host latency: 0.101416 ms (enqueue 0.079248 ms)
[02/27/2026-11:09:08] [I] Average on 10 runs - GPU latency: 0.102295 ms - Host latency: 0.102295 ms (enqueue 0.0794922 ms)
[02/27/2026-11:09:08] [I] Average on 10 runs - GPU latency: 0.102026 ms - Host latency: 0.102026 ms (enqueue 0.0822998 ms)
[02/27/2026-11:09:08] [I] Average on 10 runs - GPU latency: 0.101562 ms - Host latency: 0.101562 ms (enqueue 0.0791016 ms)
[02/27/2026-11:09:08] [I] Average on 10 runs - GPU latency: 0.101685 ms - Host latency: 0.101685 ms (enqueue 0.0810303 ms)
[02/27/2026-11:09:08] [I] Average on 10 runs - GPU latency: 0.101978 ms - Host latency: 0.101978 ms (enqueue 0.080127 ms)
[02/27/2026-11:09:08] [I] Average on 10 runs - GPU latency: 0.101587 ms - Host latency: 0.101587 ms (enqueue 0.0801758 ms)
[02/27/2026-11:09:08] [I] Average on 10 runs - GPU latency: 0.101514 ms - Host latency: 0.101514 ms (enqueue 0.0812256 ms)
[02/27/2026-11:09:08] [I] Average on 10 runs - GPU latency: 0.101978 ms - Host latency: 0.101978 ms (enqueue 0.0795654 ms)
[02/27/2026-11:09:08] [I] Average on 10 runs - GPU latency: 0.101709 ms - Host latency: 0.101709 ms (enqueue 0.0800049 ms)
[02/27/2026-11:09:08] [I] Average on 10 runs - GPU latency: 0.102124 ms - Host latency: 0.102124 ms (enqueue 0.0816895 ms)
[02/27/2026-11:09:08] [I] Average on 10 runs - GPU latency: 0.101587 ms - Host latency: 0.101587 ms (enqueue 0.0836182 ms)
[02/27/2026-11:09:08] [I] Average on 10 runs - GPU latency: 0.101318 ms - Host latency: 0.101318 ms (enqueue 0.0796875 ms)
[02/27/2026-11:09:08] [I] Average on 10 runs - GPU latency: 0.102515 ms - Host latency: 0.102515 ms (enqueue 0.077832 ms)
[02/27/2026-11:09:08] [I] Average on 10 runs - GPU latency: 0.1021 ms - Host latency: 0.1021 ms (enqueue 0.0820557 ms)
[02/27/2026-11:09:08] [I] Average on 10 runs - GPU latency: 0.102124 ms - Host latency: 0.102124 ms (enqueue 0.0794189 ms)
[02/27/2026-11:09:08] [I] Average on 10 runs - GPU latency: 0.101294 ms - Host latency: 0.101294 ms (enqueue 0.0793213 ms)
[02/27/2026-11:09:08] [I] Average on 10 runs - GPU latency: 0.101318 ms - Host latency: 0.101318 ms (enqueue 0.0802734 ms)
[02/27/2026-11:09:08] [I] Average on 10 runs - GPU latency: 0.101685 ms - Host latency: 0.101685 ms (enqueue 0.0800293 ms)
[02/27/2026-11:09:08] [I] Average on 10 runs - GPU latency: 0.10188 ms - Host latency: 0.10188 ms (enqueue 0.0816406 ms)
[02/27/2026-11:09:08] [I] Average on 10 runs - GPU latency: 0.10144 ms - Host latency: 0.10144 ms (enqueue 0.0806885 ms)
[02/27/2026-11:09:08] [I] Average on 10 runs - GPU latency: 0.102197 ms - Host latency: 0.102197 ms (enqueue 0.0781006 ms)
[02/27/2026-11:09:08] [I] Average on 10 runs - GPU latency: 0.101953 ms - Host latency: 0.101953 ms (enqueue 0.0809082 ms)
[02/27/2026-11:09:08] [I] Average on 10 runs - GPU latency: 0.10166 ms - Host latency: 0.10166 ms (enqueue 0.0803223 ms)
[02/27/2026-11:09:08] [I] Average on 10 runs - GPU latency: 0.101367 ms - Host latency: 0.101367 ms (enqueue 0.0796387 ms)
[02/27/2026-11:09:08] [I] Average on 10 runs - GPU latency: 0.101465 ms - Host latency: 0.101465 ms (enqueue 0.0809082 ms)
[02/27/2026-11:09:08] [I] Average on 10 runs - GPU latency: 0.102075 ms - Host latency: 0.102075 ms (enqueue 0.0791992 ms)
[02/27/2026-11:09:08] [I] Average on 10 runs - GPU latency: 0.101514 ms - Host latency: 0.101514 ms (enqueue 0.0787598 ms)
[02/27/2026-11:09:08] [I] Average on 10 runs - GPU latency: 0.102368 ms - Host latency: 0.102368 ms (enqueue 0.0798096 ms)
[02/27/2026-11:09:08] [I] Average on 10 runs - GPU latency: 0.102173 ms - Host latency: 0.102173 ms (enqueue 0.08125 ms)
[02/27/2026-11:09:08] [I] Average on 10 runs - GPU latency: 0.102393 ms - Host latency: 0.102393 ms (enqueue 0.0795654 ms)
[02/27/2026-11:09:08] [I] Average on 10 runs - GPU latency: 0.101807 ms - Host latency: 0.101807 ms (enqueue 0.0806885 ms)
[02/27/2026-11:09:08] [I] Average on 10 runs - GPU latency: 0.101294 ms - Host latency: 0.101294 ms (enqueue 0.0797852 ms)
[02/27/2026-11:09:08] [I] Average on 10 runs - GPU latency: 0.102124 ms - Host latency: 0.102124 ms (enqueue 0.078833 ms)
[02/27/2026-11:09:08] [I] Average on 10 runs - GPU latency: 0.101978 ms - Host latency: 0.101978 ms (enqueue 0.0811523 ms)
[02/27/2026-11:09:08] [I] Average on 10 runs - GPU latency: 0.10166 ms - Host latency: 0.10166 ms (enqueue 0.0792725 ms)
[02/27/2026-11:09:08] [I] Average on 10 runs - GPU latency: 0.102002 ms - Host latency: 0.102002 ms (enqueue 0.0789795 ms)
[02/27/2026-11:09:08] [I] Average on 10 runs - GPU latency: 0.101343 ms - Host latency: 0.101343 ms (enqueue 0.0810791 ms)
[02/27/2026-11:09:08] [I] Average on 10 runs - GPU latency: 0.101392 ms - Host latency: 0.101392 ms (enqueue 0.080957 ms)
[02/27/2026-11:09:08] [I] Average on 10 runs - GPU latency: 0.10083 ms - Host latency: 0.10083 ms (enqueue 0.0797363 ms)
[02/27/2026-11:09:08] [I] Average on 10 runs - GPU latency: 0.102368 ms - Host latency: 0.102368 ms (enqueue 0.0796631 ms)
[02/27/2026-11:09:08] [I] Average on 10 runs - GPU latency: 0.101929 ms - Host latency: 0.101929 ms (enqueue 0.0818848 ms)
[02/27/2026-11:09:08] [I] Average on 10 runs - GPU latency: 0.102222 ms - Host latency: 0.102222 ms (enqueue 0.0778809 ms)
[02/27/2026-11:09:08] [I] Average on 10 runs - GPU latency: 0.102002 ms - Host latency: 0.102002 ms (enqueue 0.0785156 ms)
[02/27/2026-11:09:08] [I] Average on 10 runs - GPU latency: 0.101562 ms - Host latency: 0.101562 ms (enqueue 0.0802002 ms)
[02/27/2026-11:09:08] [I] Average on 10 runs - GPU latency: 0.101123 ms - Host latency: 0.101123 ms (enqueue 0.0778809 ms)
[02/27/2026-11:09:08] [I] Average on 10 runs - GPU latency: 0.102173 ms - Host latency: 0.102173 ms (enqueue 0.0809082 ms)
[02/27/2026-11:09:08] [I] Average on 10 runs - GPU latency: 0.101221 ms - Host latency: 0.101221 ms (enqueue 0.0809326 ms)
[02/27/2026-11:09:08] [I] Average on 10 runs - GPU latency: 0.101489 ms - Host latency: 0.101489 ms (enqueue 0.0795166 ms)
[02/27/2026-11:09:08] [I] Average on 10 runs - GPU latency: 0.100952 ms - Host latency: 0.100952 ms (enqueue 0.0803955 ms)
[02/27/2026-11:09:08] [I] Average on 10 runs - GPU latency: 0.101343 ms - Host latency: 0.101343 ms (enqueue 0.0815674 ms)
[02/27/2026-11:09:08] [I] Average on 10 runs - GPU latency: 0.102588 ms - Host latency: 0.102588 ms (enqueue 0.0793457 ms)
[02/27/2026-11:09:08] [I] Average on 10 runs - GPU latency: 0.101978 ms - Host latency: 0.101978 ms (enqueue 0.0794678 ms)
[02/27/2026-11:09:08] [I] Average on 10 runs - GPU latency: 0.101367 ms - Host latency: 0.101367 ms (enqueue 0.0827393 ms)
[02/27/2026-11:09:08] [I] Average on 10 runs - GPU latency: 0.101367 ms - Host latency: 0.101367 ms (enqueue 0.0808594 ms)
[02/27/2026-11:09:08] [I] Average on 10 runs - GPU latency: 0.102051 ms - Host latency: 0.102051 ms (enqueue 0.0799316 ms)
[02/27/2026-11:09:08] [I] Average on 10 runs - GPU latency: 0.102197 ms - Host latency: 0.102197 ms (enqueue 0.0809814 ms)
[02/27/2026-11:09:08] [I] Average on 10 runs - GPU latency: 0.101562 ms - Host latency: 0.101562 ms (enqueue 0.0799805 ms)
[02/27/2026-11:09:08] [I] Average on 10 runs - GPU latency: 0.102393 ms - Host latency: 0.102393 ms (enqueue 0.079834 ms)
[02/27/2026-11:09:08] [I] Average on 10 runs - GPU latency: 0.102246 ms - Host latency: 0.102246 ms (enqueue 0.0812744 ms)
[02/27/2026-11:09:08] [I] Average on 10 runs - GPU latency: 0.101318 ms - Host latency: 0.101318 ms (enqueue 0.0812012 ms)
[02/27/2026-11:09:08] [I] Average on 10 runs - GPU latency: 0.102441 ms - Host latency: 0.102441 ms (enqueue 0.0782471 ms)
[02/27/2026-11:09:08] [I] Average on 10 runs - GPU latency: 0.102222 ms - Host latency: 0.102222 ms (enqueue 0.0789307 ms)
[02/27/2026-11:09:08] [I] Average on 10 runs - GPU latency: 0.102466 ms - Host latency: 0.102466 ms (enqueue 0.0799072 ms)
[02/27/2026-11:09:08] [I] Average on 10 runs - GPU latency: 0.101636 ms - Host latency: 0.101636 ms (enqueue 0.0811279 ms)
[02/27/2026-11:09:08] [I] Average on 10 runs - GPU latency: 0.101465 ms - Host latency: 0.101465 ms (enqueue 0.082251 ms)
[02/27/2026-11:09:08] [I] Average on 10 runs - GPU latency: 0.101685 ms - Host latency: 0.101685 ms (enqueue 0.0812988 ms)
[02/27/2026-11:09:08] [I] Average on 10 runs - GPU latency: 0.10166 ms - Host latency: 0.10166 ms (enqueue 0.0804932 ms)
[02/27/2026-11:09:08] [I] Average on 10 runs - GPU latency: 0.100977 ms - Host latency: 0.100977 ms (enqueue 0.0817871 ms)
[02/27/2026-11:09:08] [I] Average on 10 runs - GPU latency: 0.101416 ms - Host latency: 0.101416 ms (enqueue 0.0800049 ms)
[02/27/2026-11:09:08] [I] Average on 10 runs - GPU latency: 0.102466 ms - Host latency: 0.102466 ms (enqueue 0.0802734 ms)
[02/27/2026-11:09:08] [I] Average on 10 runs - GPU latency: 0.102197 ms - Host latency: 0.102197 ms (enqueue 0.0804199 ms)
[02/27/2026-11:09:08] [I] Average on 10 runs - GPU latency: 0.101978 ms - Host latency: 0.101978 ms (enqueue 0.0805176 ms)
[02/27/2026-11:09:08] [I] Average on 10 runs - GPU latency: 0.101538 ms - Host latency: 0.101538 ms (enqueue 0.0803955 ms)
[02/27/2026-11:09:08] [I] Average on 10 runs - GPU latency: 0.101904 ms - Host latency: 0.101904 ms (enqueue 0.0812988 ms)
[02/27/2026-11:09:08] [I] Average on 10 runs - GPU latency: 0.101611 ms - Host latency: 0.101611 ms (enqueue 0.0810303 ms)
[02/27/2026-11:09:08] [I] Average on 10 runs - GPU latency: 0.102441 ms - Host latency: 0.102441 ms (enqueue 0.079834 ms)
[02/27/2026-11:09:08] [I] Average on 10 runs - GPU latency: 0.101758 ms - Host latency: 0.101758 ms (enqueue 0.0804199 ms)
[02/27/2026-11:09:08] [I] Average on 10 runs - GPU latency: 0.101538 ms - Host latency: 0.101538 ms (enqueue 0.079126 ms)
[02/27/2026-11:09:08] [I] Average on 10 runs - GPU latency: 0.101807 ms - Host latency: 0.101807 ms (enqueue 0.0817871 ms)
[02/27/2026-11:09:08] [I] Average on 10 runs - GPU latency: 0.101831 ms - Host latency: 0.101831 ms (enqueue 0.0812988 ms)
[02/27/2026-11:09:08] [I] Average on 10 runs - GPU latency: 0.101831 ms - Host latency: 0.101831 ms (enqueue 0.0801758 ms)
[02/27/2026-11:09:08] [I] Average on 10 runs - GPU latency: 0.101465 ms - Host latency: 0.101465 ms (enqueue 0.0799316 ms)
[02/27/2026-11:09:08] [I] Average on 10 runs - GPU latency: 0.101318 ms - Host latency: 0.101318 ms (enqueue 0.0796387 ms)
[02/27/2026-11:09:08] [I] Average on 10 runs - GPU latency: 0.102295 ms - Host latency: 0.102295 ms (enqueue 0.0785645 ms)
[02/27/2026-11:09:08] [I] Average on 10 runs - GPU latency: 0.102368 ms - Host latency: 0.102368 ms (enqueue 0.0789063 ms)
[02/27/2026-11:09:08] [I] Average on 10 runs - GPU latency: 0.101782 ms - Host latency: 0.101782 ms (enqueue 0.0814453 ms)
[02/27/2026-11:09:08] [I] Average on 10 runs - GPU latency: 0.101562 ms - Host latency: 0.101562 ms (enqueue 0.0824707 ms)
[02/27/2026-11:09:08] [I] Average on 10 runs - GPU latency: 0.101465 ms - Host latency: 0.101465 ms (enqueue 0.0786621 ms)
[02/27/2026-11:09:08] [I] Average on 10 runs - GPU latency: 0.102515 ms - Host latency: 0.102515 ms (enqueue 0.0800293 ms)
[02/27/2026-11:09:08] [I] Average on 10 runs - GPU latency: 0.10188 ms - Host latency: 0.10188 ms (enqueue 0.0810303 ms)
[02/27/2026-11:09:08] [I] Average on 10 runs - GPU latency: 0.101562 ms - Host latency: 0.101562 ms (enqueue 0.0786133 ms)
[02/27/2026-11:09:08] [I] Average on 10 runs - GPU latency: 0.10188 ms - Host latency: 0.10188 ms (enqueue 0.0808594 ms)
[02/27/2026-11:09:08] [I] Average on 10 runs - GPU latency: 0.101807 ms - Host latency: 0.101807 ms (enqueue 0.0790771 ms)
[02/27/2026-11:09:08] [I] Average on 10 runs - GPU latency: 0.101294 ms - Host latency: 0.101294 ms (enqueue 0.0794189 ms)
[02/27/2026-11:09:08] [I] Average on 10 runs - GPU latency: 0.101196 ms - Host latency: 0.101196 ms (enqueue 0.0805664 ms)
[02/27/2026-11:09:08] [I] Average on 10 runs - GPU latency: 0.101953 ms - Host latency: 0.101953 ms (enqueue 0.0800537 ms)
[02/27/2026-11:09:08] [I] Average on 10 runs - GPU latency: 0.101709 ms - Host latency: 0.101709 ms (enqueue 0.08125 ms)
[02/27/2026-11:09:08] [I] Average on 10 runs - GPU latency: 0.101807 ms - Host latency: 0.101807 ms (enqueue 0.0798584 ms)
[02/27/2026-11:09:08] [I] Average on 10 runs - GPU latency: 0.101636 ms - Host latency: 0.101636 ms (enqueue 0.0818848 ms)
[02/27/2026-11:09:08] [I] Average on 10 runs - GPU latency: 0.102051 ms - Host latency: 0.102051 ms (enqueue 0.0822998 ms)
[02/27/2026-11:09:08] [I] Average on 10 runs - GPU latency: 0.101685 ms - Host latency: 0.101685 ms (enqueue 0.0805664 ms)
[02/27/2026-11:09:08] [I] Average on 10 runs - GPU latency: 0.101489 ms - Host latency: 0.101489 ms (enqueue 0.0778809 ms)
[02/27/2026-11:09:08] [I] Average on 10 runs - GPU latency: 0.101587 ms - Host latency: 0.101587 ms (enqueue 0.0804199 ms)
[02/27/2026-11:09:08] [I] Average on 10 runs - GPU latency: 0.102393 ms - Host latency: 0.102393 ms (enqueue 0.0788086 ms)
[02/27/2026-11:09:08] [I] Average on 10 runs - GPU latency: 0.102051 ms - Host latency: 0.102051 ms (enqueue 0.0811523 ms)
[02/27/2026-11:09:08] [I] Average on 10 runs - GPU latency: 0.101562 ms - Host latency: 0.101562 ms (enqueue 0.0799072 ms)
[02/27/2026-11:09:08] [I] Average on 10 runs - GPU latency: 0.101611 ms - Host latency: 0.101611 ms (enqueue 0.0798584 ms)
[02/27/2026-11:09:08] [I] Average on 10 runs - GPU latency: 0.100977 ms - Host latency: 0.100977 ms (enqueue 0.0812744 ms)
[02/27/2026-11:09:08] [I] Average on 10 runs - GPU latency: 0.102075 ms - Host latency: 0.102075 ms (enqueue 0.0794189 ms)
[02/27/2026-11:09:08] [I] Average on 10 runs - GPU latency: 0.101855 ms - Host latency: 0.101855 ms (enqueue 0.0800293 ms)
[02/27/2026-11:09:08] [I] Average on 10 runs - GPU latency: 0.101147 ms - Host latency: 0.101147 ms (enqueue 0.0796875 ms)
[02/27/2026-11:09:08] [I] Average on 10 runs - GPU latency: 0.101587 ms - Host latency: 0.101587 ms (enqueue 0.0786621 ms)
[02/27/2026-11:09:08] [I] Average on 10 runs - GPU latency: 0.102515 ms - Host latency: 0.102515 ms (enqueue 0.0802002 ms)
[02/27/2026-11:09:08] [I] Average on 10 runs - GPU latency: 0.101636 ms - Host latency: 0.101636 ms (enqueue 0.0795898 ms)
[02/27/2026-11:09:08] [I] Average on 10 runs - GPU latency: 0.102002 ms - Host latency: 0.102002 ms (enqueue 0.0790283 ms)
[02/27/2026-11:09:08] [I] Average on 10 runs - GPU latency: 0.101636 ms - Host latency: 0.101636 ms (enqueue 0.0797607 ms)
[02/27/2026-11:09:08] [I] Average on 10 runs - GPU latency: 0.101514 ms - Host latency: 0.101514 ms (enqueue 0.0815918 ms)
[02/27/2026-11:09:08] [I] Average on 10 runs - GPU latency: 0.10166 ms - Host latency: 0.10166 ms (enqueue 0.0818603 ms)
[02/27/2026-11:09:08] [I] Average on 10 runs - GPU latency: 0.102124 ms - Host latency: 0.102124 ms (enqueue 0.0794189 ms)
[02/27/2026-11:09:08] [I] Average on 10 runs - GPU latency: 0.102002 ms - Host latency: 0.102002 ms (enqueue 0.0811768 ms)
[02/27/2026-11:09:08] [I] Average on 10 runs - GPU latency: 0.101831 ms - Host latency: 0.101831 ms (enqueue 0.0793945 ms)
[02/27/2026-11:09:08] [I] Average on 10 runs - GPU latency: 0.10249 ms - Host latency: 0.10249 ms (enqueue 0.0805908 ms)
[02/27/2026-11:09:08] [I] Average on 10 runs - GPU latency: 0.102515 ms - Host latency: 0.102515 ms (enqueue 0.0782227 ms)
[02/27/2026-11:09:08] [I] Average on 10 runs - GPU latency: 0.101733 ms - Host latency: 0.101733 ms (enqueue 0.0799072 ms)
[02/27/2026-11:09:08] [I] Average on 10 runs - GPU latency: 0.102417 ms - Host latency: 0.102417 ms (enqueue 0.0796143 ms)
[02/27/2026-11:09:08] [I] Average on 10 runs - GPU latency: 0.10166 ms - Host latency: 0.10166 ms (enqueue 0.082251 ms)
[02/27/2026-11:09:08] [I] Average on 10 runs - GPU latency: 0.101025 ms - Host latency: 0.101025 ms (enqueue 0.0786621 ms)
[02/27/2026-11:09:08] [I] Average on 10 runs - GPU latency: 0.101929 ms - Host latency: 0.101929 ms (enqueue 0.0820312 ms)
[02/27/2026-11:09:08] [I] Average on 10 runs - GPU latency: 0.101904 ms - Host latency: 0.101904 ms (enqueue 0.0777588 ms)
[02/27/2026-11:09:08] [I] Average on 10 runs - GPU latency: 0.101367 ms - Host latency: 0.101367 ms (enqueue 0.0825684 ms)
[02/27/2026-11:09:08] [I] Average on 10 runs - GPU latency: 0.102026 ms - Host latency: 0.102026 ms (enqueue 0.0786133 ms)
[02/27/2026-11:09:08] [I] Average on 10 runs - GPU latency: 0.101611 ms - Host latency: 0.101611 ms (enqueue 0.0813477 ms)
[02/27/2026-11:09:08] [I] Average on 10 runs - GPU latency: 0.102026 ms - Host latency: 0.102026 ms (enqueue 0.0777832 ms)
[02/27/2026-11:09:08] [I] Average on 10 runs - GPU latency: 0.101953 ms - Host latency: 0.101953 ms (enqueue 0.0822022 ms)
[02/27/2026-11:09:08] [I] Average on 10 runs - GPU latency: 0.102197 ms - Host latency: 0.102197 ms (enqueue 0.080835 ms)
[02/27/2026-11:09:08] [I] Average on 10 runs - GPU latency: 0.101978 ms - Host latency: 0.101978 ms (enqueue 0.082373 ms)
[02/27/2026-11:09:08] [I] Average on 10 runs - GPU latency: 0.101978 ms - Host latency: 0.101978 ms (enqueue 0.0825684 ms)
[02/27/2026-11:09:08] [I] Average on 10 runs - GPU latency: 0.101245 ms - Host latency: 0.101245 ms (enqueue 0.0794434 ms)
[02/27/2026-11:09:08] [I] Average on 10 runs - GPU latency: 0.10144 ms - Host latency: 0.10144 ms (enqueue 0.0799805 ms)
[02/27/2026-11:09:08] [I] Average on 10 runs - GPU latency: 0.103174 ms - Host latency: 0.103174 ms (enqueue 0.0787354 ms)
[02/27/2026-11:09:08] [I] Average on 10 runs - GPU latency: 0.102148 ms - Host latency: 0.102148 ms (enqueue 0.0821045 ms)
[02/27/2026-11:09:08] [I] Average on 10 runs - GPU latency: 0.101465 ms - Host latency: 0.101465 ms (enqueue 0.0776123 ms)
[02/27/2026-11:09:08] [I] Average on 10 runs - GPU latency: 0.102539 ms - Host latency: 0.102539 ms (enqueue 0.0797607 ms)
[02/27/2026-11:09:08] [I] Average on 10 runs - GPU latency: 0.101831 ms - Host latency: 0.101831 ms (enqueue 0.0793701 ms)
[02/27/2026-11:09:08] [I] Average on 10 runs - GPU latency: 0.100928 ms - Host latency: 0.100928 ms (enqueue 0.0800293 ms)
[02/27/2026-11:09:08] [I] Average on 10 runs - GPU latency: 0.101416 ms - Host latency: 0.101416 ms (enqueue 0.0802002 ms)
[02/27/2026-11:09:08] [I] Average on 10 runs - GPU latency: 0.101587 ms - Host latency: 0.101587 ms (enqueue 0.0818848 ms)
[02/27/2026-11:09:08] [I] Average on 10 runs - GPU latency: 0.101685 ms - Host latency: 0.101685 ms (enqueue 0.0797363 ms)
[02/27/2026-11:09:08] [I] Average on 10 runs - GPU latency: 0.102173 ms - Host latency: 0.102173 ms (enqueue 0.0814453 ms)
[02/27/2026-11:09:08] [I] Average on 10 runs - GPU latency: 0.101514 ms - Host latency: 0.101514 ms (enqueue 0.0801514 ms)
[02/27/2026-11:09:08] [I] Average on 10 runs - GPU latency: 0.101831 ms - Host latency: 0.101831 ms (enqueue 0.0800537 ms)
[02/27/2026-11:09:08] [I] Average on 10 runs - GPU latency: 0.101514 ms - Host latency: 0.101514 ms (enqueue 0.0807861 ms)
[02/27/2026-11:09:08] [I] Average on 10 runs - GPU latency: 0.102368 ms - Host latency: 0.102368 ms (enqueue 0.0814941 ms)
[02/27/2026-11:09:08] [I] Average on 10 runs - GPU latency: 0.101709 ms - Host latency: 0.101709 ms (enqueue 0.0810059 ms)
[02/27/2026-11:09:08] [I] Average on 10 runs - GPU latency: 0.100977 ms - Host latency: 0.100977 ms (enqueue 0.0793213 ms)
[02/27/2026-11:09:08] [I] Average on 10 runs - GPU latency: 0.101929 ms - Host latency: 0.101929 ms (enqueue 0.0804443 ms)
[02/27/2026-11:09:08] [I] Average on 10 runs - GPU latency: 0.101562 ms - Host latency: 0.101562 ms (enqueue 0.0826416 ms)
[02/27/2026-11:09:08] [I] Average on 10 runs - GPU latency: 0.101392 ms - Host latency: 0.101392 ms (enqueue 0.0807129 ms)
[02/27/2026-11:09:08] [I] Average on 10 runs - GPU latency: 0.101538 ms - Host latency: 0.101538 ms (enqueue 0.080957 ms)
[02/27/2026-11:09:08] [I] Average on 10 runs - GPU latency: 0.101538 ms - Host latency: 0.101538 ms (enqueue 0.0815186 ms)
[02/27/2026-11:09:08] [I] Average on 10 runs - GPU latency: 0.101904 ms - Host latency: 0.101904 ms (enqueue 0.0804199 ms)
[02/27/2026-11:09:08] [I] Average on 10 runs - GPU latency: 0.101636 ms - Host latency: 0.101636 ms (enqueue 0.0812012 ms)
[02/27/2026-11:09:08] [I] Average on 10 runs - GPU latency: 0.1021 ms - Host latency: 0.1021 ms (enqueue 0.0800537 ms)
[02/27/2026-11:09:08] [I] Average on 10 runs - GPU latency: 0.101318 ms - Host latency: 0.101318 ms (enqueue 0.0827148 ms)
[02/27/2026-11:09:08] [I] Average on 10 runs - GPU latency: 0.102319 ms - Host latency: 0.102319 ms (enqueue 0.0791016 ms)
[02/27/2026-11:09:08] [I] Average on 10 runs - GPU latency: 0.101318 ms - Host latency: 0.101318 ms (enqueue 0.0806396 ms)
[02/27/2026-11:09:08] [I] Average on 10 runs - GPU latency: 0.101392 ms - Host latency: 0.101392 ms (enqueue 0.0795166 ms)
[02/27/2026-11:09:08] [I] Average on 10 runs - GPU latency: 0.101489 ms - Host latency: 0.101489 ms (enqueue 0.0816895 ms)
[02/27/2026-11:09:08] [I] Average on 10 runs - GPU latency: 0.101685 ms - Host latency: 0.101685 ms (enqueue 0.0804932 ms)
[02/27/2026-11:09:08] [I] Average on 10 runs - GPU latency: 0.101343 ms - Host latency: 0.101343 ms (enqueue 0.0798096 ms)
[02/27/2026-11:09:08] [I] Average on 10 runs - GPU latency: 0.101807 ms - Host latency: 0.101807 ms (enqueue 0.0785645 ms)
[02/27/2026-11:09:08] [I] Average on 10 runs - GPU latency: 0.101758 ms - Host latency: 0.101758 ms (enqueue 0.0787598 ms)
[02/27/2026-11:09:08] [I] Average on 10 runs - GPU latency: 0.102344 ms - Host latency: 0.102344 ms (enqueue 0.0807373 ms)
[02/27/2026-11:09:08] [I] Average on 10 runs - GPU latency: 0.101758 ms - Host latency: 0.101758 ms (enqueue 0.0798828 ms)
[02/27/2026-11:09:08] [I] Average on 10 runs - GPU latency: 0.101782 ms - Host latency: 0.101782 ms (enqueue 0.0799072 ms)
[02/27/2026-11:09:08] [I] Average on 10 runs - GPU latency: 0.101611 ms - Host latency: 0.101611 ms (enqueue 0.0824951 ms)
[02/27/2026-11:09:08] [I] Average on 10 runs - GPU latency: 0.102197 ms - Host latency: 0.102197 ms (enqueue 0.0796631 ms)
[02/27/2026-11:09:08] [I] Average on 10 runs - GPU latency: 0.101855 ms - Host latency: 0.101855 ms (enqueue 0.0799316 ms)
[02/27/2026-11:09:08] [I] Average on 10 runs - GPU latency: 0.102515 ms - Host latency: 0.102515 ms (enqueue 0.0810059 ms)
[02/27/2026-11:09:08] [I] Average on 10 runs - GPU latency: 0.102441 ms - Host latency: 0.102441 ms (enqueue 0.0806885 ms)
[02/27/2026-11:09:08] [I] Average on 10 runs - GPU latency: 0.101807 ms - Host latency: 0.101807 ms (enqueue 0.0806641 ms)
[02/27/2026-11:09:08] [I] Average on 10 runs - GPU latency: 0.101611 ms - Host latency: 0.101611 ms (enqueue 0.0813721 ms)
[02/27/2026-11:09:08] [I] Average on 10 runs - GPU latency: 0.101001 ms - Host latency: 0.101001 ms (enqueue 0.079834 ms)
[02/27/2026-11:09:08] [I] Average on 10 runs - GPU latency: 0.101196 ms - Host latency: 0.101196 ms (enqueue 0.0816162 ms)
[02/27/2026-11:09:08] [I] Average on 10 runs - GPU latency: 0.102271 ms - Host latency: 0.102271 ms (enqueue 0.0795654 ms)
[02/27/2026-11:09:08] [I] Average on 10 runs - GPU latency: 0.1021 ms - Host latency: 0.1021 ms (enqueue 0.0777344 ms)
[02/27/2026-11:09:08] [I] Average on 10 runs - GPU latency: 0.102612 ms - Host latency: 0.102612 ms (enqueue 0.079834 ms)
[02/27/2026-11:09:08] [I] Average on 10 runs - GPU latency: 0.101514 ms - Host latency: 0.101514 ms (enqueue 0.0811035 ms)
[02/27/2026-11:09:08] [I] Average on 10 runs - GPU latency: 0.10188 ms - Host latency: 0.10188 ms (enqueue 0.0804199 ms)
[02/27/2026-11:09:08] [I] Average on 10 runs - GPU latency: 0.101196 ms - Host latency: 0.101196 ms (enqueue 0.0801514 ms)
[02/27/2026-11:09:08] [I] Average on 10 runs - GPU latency: 0.102026 ms - Host latency: 0.102026 ms (enqueue 0.0801514 ms)
[02/27/2026-11:09:08] [I] Average on 10 runs - GPU latency: 0.102002 ms - Host latency: 0.102002 ms (enqueue 0.0809326 ms)
[02/27/2026-11:09:08] [I] Average on 10 runs - GPU latency: 0.10166 ms - Host latency: 0.10166 ms (enqueue 0.0766357 ms)
[02/27/2026-11:09:08] [I] Average on 10 runs - GPU latency: 0.101904 ms - Host latency: 0.101904 ms (enqueue 0.0789063 ms)
[02/27/2026-11:09:08] [I] Average on 10 runs - GPU latency: 0.102051 ms - Host latency: 0.102051 ms (enqueue 0.0832764 ms)
[02/27/2026-11:09:08] [I] Average on 10 runs - GPU latency: 0.10249 ms - Host latency: 0.10249 ms (enqueue 0.078833 ms)
[02/27/2026-11:09:08] [I] Average on 10 runs - GPU latency: 0.101855 ms - Host latency: 0.101855 ms (enqueue 0.0802979 ms)
[02/27/2026-11:09:08] [I] Average on 10 runs - GPU latency: 0.101538 ms - Host latency: 0.101538 ms (enqueue 0.0812256 ms)
[02/27/2026-11:09:08] [I] Average on 10 runs - GPU latency: 0.101587 ms - Host latency: 0.101587 ms (enqueue 0.0804443 ms)
[02/27/2026-11:09:08] [I] Average on 10 runs - GPU latency: 0.100903 ms - Host latency: 0.100903 ms (enqueue 0.0791748 ms)
[02/27/2026-11:09:08] [I] Average on 10 runs - GPU latency: 0.10127 ms - Host latency: 0.10127 ms (enqueue 0.0811768 ms)
[02/27/2026-11:09:08] [I] Average on 10 runs - GPU latency: 0.101855 ms - Host latency: 0.101855 ms (enqueue 0.0782715 ms)
[02/27/2026-11:09:08] [I] Average on 10 runs - GPU latency: 0.101758 ms - Host latency: 0.101758 ms (enqueue 0.0819824 ms)
[02/27/2026-11:09:08] [I] Average on 10 runs - GPU latency: 0.101904 ms - Host latency: 0.101904 ms (enqueue 0.0806885 ms)
[02/27/2026-11:09:08] [I] Average on 10 runs - GPU latency: 0.10166 ms - Host latency: 0.10166 ms (enqueue 0.0814209 ms)
[02/27/2026-11:09:08] [I] Average on 10 runs - GPU latency: 0.102075 ms - Host latency: 0.102075 ms (enqueue 0.080542 ms)
[02/27/2026-11:09:08] [I] Average on 10 runs - GPU latency: 0.102051 ms - Host latency: 0.102051 ms (enqueue 0.0812744 ms)
[02/27/2026-11:09:08] [I] Average on 10 runs - GPU latency: 0.101904 ms - Host latency: 0.101904 ms (enqueue 0.0790771 ms)
[02/27/2026-11:09:08] [I] Average on 10 runs - GPU latency: 0.101465 ms - Host latency: 0.101465 ms (enqueue 0.0810547 ms)
[02/27/2026-11:09:08] [I] Average on 10 runs - GPU latency: 0.102197 ms - Host latency: 0.102197 ms (enqueue 0.0802734 ms)
[02/27/2026-11:09:08] [I] Average on 10 runs - GPU latency: 0.101392 ms - Host latency: 0.101392 ms (enqueue 0.0819824 ms)
[02/27/2026-11:09:08] [I] Average on 10 runs - GPU latency: 0.102539 ms - Host latency: 0.102539 ms (enqueue 0.0807617 ms)
[02/27/2026-11:09:08] [I] Average on 10 runs - GPU latency: 0.101807 ms - Host latency: 0.101807 ms (enqueue 0.0804688 ms)
[02/27/2026-11:09:08] [I] Average on 10 runs - GPU latency: 0.10249 ms - Host latency: 0.10249 ms (enqueue 0.0776611 ms)
[02/27/2026-11:09:08] [I] Average on 10 runs - GPU latency: 0.102148 ms - Host latency: 0.102148 ms (enqueue 0.0813721 ms)
[02/27/2026-11:09:08] [I] Average on 10 runs - GPU latency: 0.101685 ms - Host latency: 0.101685 ms (enqueue 0.0801025 ms)
[02/27/2026-11:09:08] [I] Average on 10 runs - GPU latency: 0.101489 ms - Host latency: 0.101489 ms (enqueue 0.0804443 ms)
[02/27/2026-11:09:08] [I] Average on 10 runs - GPU latency: 0.101514 ms - Host latency: 0.101514 ms (enqueue 0.0778809 ms)
[02/27/2026-11:09:08] [I] Average on 10 runs - GPU latency: 0.101611 ms - Host latency: 0.101611 ms (enqueue 0.0806885 ms)
[02/27/2026-11:09:08] [I] Average on 10 runs - GPU latency: 0.101855 ms - Host latency: 0.101855 ms (enqueue 0.0806152 ms)
[02/27/2026-11:09:08] [I] Average on 10 runs - GPU latency: 0.102075 ms - Host latency: 0.102075 ms (enqueue 0.079541 ms)
[02/27/2026-11:09:08] [I] Average on 10 runs - GPU latency: 0.101001 ms - Host latency: 0.101001 ms (enqueue 0.0830322 ms)
[02/27/2026-11:09:08] [I] Average on 10 runs - GPU latency: 0.100513 ms - Host latency: 0.100513 ms (enqueue 0.077832 ms)
[02/27/2026-11:09:08] [I] Average on 10 runs - GPU latency: 0.101318 ms - Host latency: 0.101318 ms (enqueue 0.0778564 ms)
[02/27/2026-11:09:08] [I] Average on 10 runs - GPU latency: 0.101562 ms - Host latency: 0.101562 ms (enqueue 0.0818848 ms)
[02/27/2026-11:09:08] [I] Average on 10 runs - GPU latency: 0.101685 ms - Host latency: 0.101685 ms (enqueue 0.0841553 ms)
[02/27/2026-11:09:08] [I] Average on 10 runs - GPU latency: 0.1021 ms - Host latency: 0.1021 ms (enqueue 0.0775391 ms)
[02/27/2026-11:09:08] [I] Average on 10 runs - GPU latency: 0.101416 ms - Host latency: 0.101416 ms (enqueue 0.0818603 ms)
[02/27/2026-11:09:08] [I] Average on 10 runs - GPU latency: 0.1021 ms - Host latency: 0.1021 ms (enqueue 0.0806641 ms)
[02/27/2026-11:09:08] [I] Average on 10 runs - GPU latency: 0.101831 ms - Host latency: 0.101831 ms (enqueue 0.0799072 ms)
[02/27/2026-11:09:08] [I] Average on 10 runs - GPU latency: 0.102271 ms - Host latency: 0.102271 ms (enqueue 0.0807617 ms)
[02/27/2026-11:09:08] [I] Average on 10 runs - GPU latency: 0.101562 ms - Host latency: 0.101562 ms (enqueue 0.0776855 ms)
[02/27/2026-11:09:08] [I] Average on 10 runs - GPU latency: 0.101196 ms - Host latency: 0.101196 ms (enqueue 0.080957 ms)
[02/27/2026-11:09:08] [I] Average on 10 runs - GPU latency: 0.102148 ms - Host latency: 0.102148 ms (enqueue 0.0812988 ms)
[02/27/2026-11:09:08] [I] Average on 10 runs - GPU latency: 0.101489 ms - Host latency: 0.101489 ms (enqueue 0.0814697 ms)
[02/27/2026-11:09:08] [I] Average on 10 runs - GPU latency: 0.10188 ms - Host latency: 0.10188 ms (enqueue 0.0792236 ms)
[02/27/2026-11:09:08] [I] Average on 10 runs - GPU latency: 0.101978 ms - Host latency: 0.101978 ms (enqueue 0.0807861 ms)
[02/27/2026-11:09:08] [I] Average on 10 runs - GPU latency: 0.10144 ms - Host latency: 0.10144 ms (enqueue 0.0803467 ms)
[02/27/2026-11:09:08] [I] Average on 10 runs - GPU latency: 0.101416 ms - Host latency: 0.101416 ms (enqueue 0.080957 ms)
[02/27/2026-11:09:08] [I] Average on 10 runs - GPU latency: 0.102026 ms - Host latency: 0.102026 ms (enqueue 0.0813965 ms)
[02/27/2026-11:09:08] [I] Average on 10 runs - GPU latency: 0.101831 ms - Host latency: 0.101831 ms (enqueue 0.0806641 ms)
[02/27/2026-11:09:08] [I] Average on 10 runs - GPU latency: 0.101685 ms - Host latency: 0.101685 ms (enqueue 0.0799561 ms)
[02/27/2026-11:09:08] [I] Average on 10 runs - GPU latency: 0.101172 ms - Host latency: 0.101172 ms (enqueue 0.0796631 ms)
[02/27/2026-11:09:08] [I] Average on 10 runs - GPU latency: 0.101611 ms - Host latency: 0.101611 ms (enqueue 0.0793701 ms)
[02/27/2026-11:09:08] [I] Average on 10 runs - GPU latency: 0.101392 ms - Host latency: 0.101392 ms (enqueue 0.0803223 ms)
[02/27/2026-11:09:08] [I] Average on 10 runs - GPU latency: 0.10144 ms - Host latency: 0.10144 ms (enqueue 0.0811768 ms)
[02/27/2026-11:09:08] [I] Average on 10 runs - GPU latency: 0.101685 ms - Host latency: 0.101685 ms (enqueue 0.0792236 ms)
[02/27/2026-11:09:08] [I] Average on 10 runs - GPU latency: 0.101855 ms - Host latency: 0.101855 ms (enqueue 0.0817139 ms)
[02/27/2026-11:09:08] [I] Average on 10 runs - GPU latency: 0.101807 ms - Host latency: 0.101807 ms (enqueue 0.0799316 ms)
[02/27/2026-11:09:08] [I] Average on 10 runs - GPU latency: 0.102246 ms - Host latency: 0.102246 ms (enqueue 0.0793945 ms)
[02/27/2026-11:09:08] [I] Average on 10 runs - GPU latency: 0.101172 ms - Host latency: 0.101172 ms (enqueue 0.0794678 ms)
[02/27/2026-11:09:08] [I] Average on 10 runs - GPU latency: 0.101758 ms - Host latency: 0.101758 ms (enqueue 0.0789307 ms)
[02/27/2026-11:09:08] [I] Average on 10 runs - GPU latency: 0.102026 ms - Host latency: 0.102026 ms (enqueue 0.0801025 ms)
[02/27/2026-11:09:08] [I] Average on 10 runs - GPU latency: 0.101636 ms - Host latency: 0.101636 ms (enqueue 0.0800293 ms)
[02/27/2026-11:09:08] [I] Average on 10 runs - GPU latency: 0.102173 ms - Host latency: 0.102173 ms (enqueue 0.0799072 ms)
[02/27/2026-11:09:08] [I] Average on 10 runs - GPU latency: 0.10105 ms - Host latency: 0.10105 ms (enqueue 0.0800781 ms)
[02/27/2026-11:09:08] [I] Average on 10 runs - GPU latency: 0.101611 ms - Host latency: 0.101611 ms (enqueue 0.0814697 ms)
[02/27/2026-11:09:08] [I] Average on 10 runs - GPU latency: 0.102368 ms - Host latency: 0.102368 ms (enqueue 0.0797363 ms)
[02/27/2026-11:09:08] [I] Average on 10 runs - GPU latency: 0.101538 ms - Host latency: 0.101538 ms (enqueue 0.0793457 ms)
[02/27/2026-11:09:08] [I] Average on 10 runs - GPU latency: 0.101929 ms - Host latency: 0.101929 ms (enqueue 0.0803467 ms)
[02/27/2026-11:09:08] [I] Average on 10 runs - GPU latency: 0.101392 ms - Host latency: 0.101392 ms (enqueue 0.0798096 ms)
[02/27/2026-11:09:08] [I] Average on 10 runs - GPU latency: 0.101245 ms - Host latency: 0.101245 ms (enqueue 0.0793457 ms)
[02/27/2026-11:09:08] [I] Average on 10 runs - GPU latency: 0.101831 ms - Host latency: 0.101831 ms (enqueue 0.0823242 ms)
[02/27/2026-11:09:08] [I] Average on 10 runs - GPU latency: 0.101758 ms - Host latency: 0.101758 ms (enqueue 0.080249 ms)
[02/27/2026-11:09:08] [I] Average on 10 runs - GPU latency: 0.101831 ms - Host latency: 0.101831 ms (enqueue 0.082666 ms)
[02/27/2026-11:09:08] [I] Average on 10 runs - GPU latency: 0.102002 ms - Host latency: 0.102002 ms (enqueue 0.0797607 ms)
[02/27/2026-11:09:08] [I] Average on 10 runs - GPU latency: 0.102563 ms - Host latency: 0.102563 ms (enqueue 0.0793945 ms)
[02/27/2026-11:09:08] [I] Average on 10 runs - GPU latency: 0.102197 ms - Host latency: 0.102197 ms (enqueue 0.0791992 ms)
[02/27/2026-11:09:08] [I] Average on 10 runs - GPU latency: 0.101636 ms - Host latency: 0.101636 ms (enqueue 0.0811768 ms)
[02/27/2026-11:09:08] [I] Average on 10 runs - GPU latency: 0.101685 ms - Host latency: 0.101685 ms (enqueue 0.0795654 ms)
[02/27/2026-11:09:08] [I] Average on 10 runs - GPU latency: 0.101709 ms - Host latency: 0.101709 ms (enqueue 0.0785889 ms)
[02/27/2026-11:09:08] [I] Average on 10 runs - GPU latency: 0.102441 ms - Host latency: 0.102441 ms (enqueue 0.0798828 ms)
[02/27/2026-11:09:08] [I] Average on 10 runs - GPU latency: 0.101001 ms - Host latency: 0.101001 ms (enqueue 0.0821533 ms)
[02/27/2026-11:09:08] [I] Average on 10 runs - GPU latency: 0.102417 ms - Host latency: 0.102417 ms (enqueue 0.0796631 ms)
[02/27/2026-11:09:08] [I] Average on 10 runs - GPU latency: 0.101196 ms - Host latency: 0.101196 ms (enqueue 0.0805908 ms)
[02/27/2026-11:09:08] [I] Average on 10 runs - GPU latency: 0.101245 ms - Host latency: 0.101245 ms (enqueue 0.0840576 ms)
[02/27/2026-11:09:08] [I] Average on 10 runs - GPU latency: 0.101587 ms - Host latency: 0.101587 ms (enqueue 0.0781006 ms)
[02/27/2026-11:09:08] [I] Average on 10 runs - GPU latency: 0.101562 ms - Host latency: 0.101562 ms (enqueue 0.0792969 ms)
[02/27/2026-11:09:08] [I] Average on 10 runs - GPU latency: 0.10166 ms - Host latency: 0.10166 ms (enqueue 0.0800537 ms)
[02/27/2026-11:09:08] [I] Average on 10 runs - GPU latency: 0.101587 ms - Host latency: 0.101587 ms (enqueue 0.080835 ms)
[02/27/2026-11:09:08] [I] Average on 10 runs - GPU latency: 0.1021 ms - Host latency: 0.1021 ms (enqueue 0.0808105 ms)
[02/27/2026-11:09:08] [I] Average on 10 runs - GPU latency: 0.10144 ms - Host latency: 0.10144 ms (enqueue 0.0790283 ms)
[02/27/2026-11:09:08] [I] Average on 10 runs - GPU latency: 0.101782 ms - Host latency: 0.101782 ms (enqueue 0.07854 ms)
[02/27/2026-11:09:08] [I] Average on 10 runs - GPU latency: 0.10166 ms - Host latency: 0.10166 ms (enqueue 0.0828369 ms)
[02/27/2026-11:09:08] [I] Average on 10 runs - GPU latency: 0.101392 ms - Host latency: 0.101392 ms (enqueue 0.0781006 ms)
[02/27/2026-11:09:08] [I] Average on 10 runs - GPU latency: 0.101025 ms - Host latency: 0.101025 ms (enqueue 0.0804199 ms)
[02/27/2026-11:09:08] [I] Average on 10 runs - GPU latency: 0.102271 ms - Host latency: 0.102271 ms (enqueue 0.0812012 ms)
[02/27/2026-11:09:08] [I] Average on 10 runs - GPU latency: 0.101318 ms - Host latency: 0.101318 ms (enqueue 0.0803467 ms)
[02/27/2026-11:09:08] [I] Average on 10 runs - GPU latency: 0.101929 ms - Host latency: 0.101929 ms (enqueue 0.0821533 ms)
[02/27/2026-11:09:08] [I] Average on 10 runs - GPU latency: 0.102197 ms - Host latency: 0.102197 ms (enqueue 0.0800293 ms)
[02/27/2026-11:09:08] [I] Average on 10 runs - GPU latency: 0.102197 ms - Host latency: 0.102197 ms (enqueue 0.0775391 ms)
[02/27/2026-11:09:08] [I] Average on 10 runs - GPU latency: 0.102173 ms - Host latency: 0.102173 ms (enqueue 0.0822266 ms)
[02/27/2026-11:09:08] [I] Average on 10 runs - GPU latency: 0.102026 ms - Host latency: 0.102026 ms (enqueue 0.0785156 ms)
[02/27/2026-11:09:08] [I] Average on 10 runs - GPU latency: 0.101807 ms - Host latency: 0.101807 ms (enqueue 0.0814209 ms)
[02/27/2026-11:09:08] [I] Average on 10 runs - GPU latency: 0.101904 ms - Host latency: 0.101904 ms (enqueue 0.0821045 ms)
[02/27/2026-11:09:08] [I] Average on 10 runs - GPU latency: 0.101587 ms - Host latency: 0.101587 ms (enqueue 0.079541 ms)
[02/27/2026-11:09:08] [I] Average on 10 runs - GPU latency: 0.102222 ms - Host latency: 0.102222 ms (enqueue 0.0806885 ms)
[02/27/2026-11:09:08] [I] Average on 10 runs - GPU latency: 0.101294 ms - Host latency: 0.101294 ms (enqueue 0.0800293 ms)
[02/27/2026-11:09:08] [I] Average on 10 runs - GPU latency: 0.101636 ms - Host latency: 0.101636 ms (enqueue 0.080249 ms)
[02/27/2026-11:09:08] [I] Average on 10 runs - GPU latency: 0.101953 ms - Host latency: 0.101953 ms (enqueue 0.0817871 ms)
[02/27/2026-11:09:08] [I] Average on 10 runs - GPU latency: 0.10144 ms - Host latency: 0.10144 ms (enqueue 0.0803223 ms)
[02/27/2026-11:09:08] [I] Average on 10 runs - GPU latency: 0.101709 ms - Host latency: 0.101709 ms (enqueue 0.0778809 ms)
[02/27/2026-11:09:08] [I] Average on 10 runs - GPU latency: 0.102148 ms - Host latency: 0.102148 ms (enqueue 0.0823486 ms)
[02/27/2026-11:09:08] [I] Average on 10 runs - GPU latency: 0.102026 ms - Host latency: 0.102026 ms (enqueue 0.0805664 ms)
[02/27/2026-11:09:08] [I] Average on 10 runs - GPU latency: 0.101416 ms - Host latency: 0.101416 ms (enqueue 0.0785889 ms)
[02/27/2026-11:09:08] [I] Average on 10 runs - GPU latency: 0.101904 ms - Host latency: 0.101904 ms (enqueue 0.0807861 ms)
[02/27/2026-11:09:08] [I] Average on 10 runs - GPU latency: 0.101562 ms - Host latency: 0.101562 ms (enqueue 0.0816162 ms)
[02/27/2026-11:09:08] [I] Average on 10 runs - GPU latency: 0.101636 ms - Host latency: 0.101636 ms (enqueue 0.0815918 ms)
[02/27/2026-11:09:08] [I] Average on 10 runs - GPU latency: 0.102148 ms - Host latency: 0.102148 ms (enqueue 0.0787354 ms)
[02/27/2026-11:09:08] [I] Average on 10 runs - GPU latency: 0.101562 ms - Host latency: 0.101562 ms (enqueue 0.0800537 ms)
[02/27/2026-11:09:08] [I] Average on 10 runs - GPU latency: 0.101514 ms - Host latency: 0.101514 ms (enqueue 0.0827881 ms)
[02/27/2026-11:09:08] [I] Average on 10 runs - GPU latency: 0.102197 ms - Host latency: 0.102197 ms (enqueue 0.0787354 ms)
[02/27/2026-11:09:08] [I] Average on 10 runs - GPU latency: 0.103052 ms - Host latency: 0.103052 ms (enqueue 0.0797119 ms)
[02/27/2026-11:09:08] [I] Average on 10 runs - GPU latency: 0.101782 ms - Host latency: 0.101782 ms (enqueue 0.0799072 ms)
[02/27/2026-11:09:08] [I] Average on 10 runs - GPU latency: 0.101685 ms - Host latency: 0.101685 ms (enqueue 0.0835205 ms)
[02/27/2026-11:09:08] [I] Average on 10 runs - GPU latency: 0.101465 ms - Host latency: 0.101465 ms (enqueue 0.0799316 ms)
[02/27/2026-11:09:08] [I] Average on 10 runs - GPU latency: 0.102026 ms - Host latency: 0.102026 ms (enqueue 0.0794678 ms)
[02/27/2026-11:09:08] [I] Average on 10 runs - GPU latency: 0.102124 ms - Host latency: 0.102124 ms (enqueue 0.07854 ms)
[02/27/2026-11:09:08] [I] Average on 10 runs - GPU latency: 0.101099 ms - Host latency: 0.101099 ms (enqueue 0.0789307 ms)
[02/27/2026-11:09:08] [I] Average on 10 runs - GPU latency: 0.102319 ms - Host latency: 0.102319 ms (enqueue 0.0811523 ms)
[02/27/2026-11:09:08] [I] Average on 10 runs - GPU latency: 0.10166 ms - Host latency: 0.10166 ms (enqueue 0.0825195 ms)
[02/27/2026-11:09:08] [I] Average on 10 runs - GPU latency: 0.101978 ms - Host latency: 0.101978 ms (enqueue 0.0796143 ms)
[02/27/2026-11:09:08] [I] Average on 10 runs - GPU latency: 0.101929 ms - Host latency: 0.101929 ms (enqueue 0.0807373 ms)
[02/27/2026-11:09:08] [I] Average on 10 runs - GPU latency: 0.101587 ms - Host latency: 0.101587 ms (enqueue 0.0792725 ms)
[02/27/2026-11:09:08] [I] Average on 10 runs - GPU latency: 0.101978 ms - Host latency: 0.101978 ms (enqueue 0.0813232 ms)
[02/27/2026-11:09:08] [I] Average on 10 runs - GPU latency: 0.102124 ms - Host latency: 0.102124 ms (enqueue 0.0782471 ms)
[02/27/2026-11:09:08] [I] Average on 10 runs - GPU latency: 0.1021 ms - Host latency: 0.1021 ms (enqueue 0.082959 ms)
[02/27/2026-11:09:08] [I] Average on 10 runs - GPU latency: 0.100903 ms - Host latency: 0.100903 ms (enqueue 0.0811523 ms)
[02/27/2026-11:09:08] [I] Average on 10 runs - GPU latency: 0.101733 ms - Host latency: 0.101733 ms (enqueue 0.0791016 ms)
[02/27/2026-11:09:08] [I] Average on 10 runs - GPU latency: 0.101807 ms - Host latency: 0.101807 ms (enqueue 0.0803711 ms)
[02/27/2026-11:09:08] [I] Average on 10 runs - GPU latency: 0.102051 ms - Host latency: 0.102051 ms (enqueue 0.0794922 ms)
[02/27/2026-11:09:08] [I] Average on 10 runs - GPU latency: 0.102026 ms - Host latency: 0.102026 ms (enqueue 0.0817627 ms)
[02/27/2026-11:09:08] [I] Average on 10 runs - GPU latency: 0.101221 ms - Host latency: 0.101221 ms (enqueue 0.079541 ms)
[02/27/2026-11:09:08] [I] Average on 10 runs - GPU latency: 0.101929 ms - Host latency: 0.101929 ms (enqueue 0.0825439 ms)
[02/27/2026-11:09:08] [I] Average on 10 runs - GPU latency: 0.102246 ms - Host latency: 0.102246 ms (enqueue 0.0789307 ms)
[02/27/2026-11:09:08] [I] Average on 10 runs - GPU latency: 0.10127 ms - Host latency: 0.10127 ms (enqueue 0.0811768 ms)
[02/27/2026-11:09:08] [I] Average on 10 runs - GPU latency: 0.102588 ms - Host latency: 0.102588 ms (enqueue 0.0805908 ms)
[02/27/2026-11:09:08] [I] Average on 10 runs - GPU latency: 0.101807 ms - Host latency: 0.101807 ms (enqueue 0.0820557 ms)
[02/27/2026-11:09:08] [I] Average on 10 runs - GPU latency: 0.101929 ms - Host latency: 0.101929 ms (enqueue 0.0791992 ms)
[02/27/2026-11:09:08] [I] Average on 10 runs - GPU latency: 0.102393 ms - Host latency: 0.102393 ms (enqueue 0.0786133 ms)
[02/27/2026-11:09:08] [I] Average on 10 runs - GPU latency: 0.101611 ms - Host latency: 0.101611 ms (enqueue 0.0776855 ms)
[02/27/2026-11:09:08] [I] Average on 10 runs - GPU latency: 0.101733 ms - Host latency: 0.101733 ms (enqueue 0.080957 ms)
[02/27/2026-11:09:08] [I] Average on 10 runs - GPU latency: 0.101196 ms - Host latency: 0.101196 ms (enqueue 0.0805664 ms)
[02/27/2026-11:09:08] [I] Average on 10 runs - GPU latency: 0.101562 ms - Host latency: 0.101562 ms (enqueue 0.0813477 ms)
[02/27/2026-11:09:08] [I] Average on 10 runs - GPU latency: 0.102637 ms - Host latency: 0.102637 ms (enqueue 0.0800781 ms)
[02/27/2026-11:09:08] [I] Average on 10 runs - GPU latency: 0.101953 ms - Host latency: 0.101953 ms (enqueue 0.07854 ms)
[02/27/2026-11:09:08] [I] Average on 10 runs - GPU latency: 0.102881 ms - Host latency: 0.102881 ms (enqueue 0.0793701 ms)
[02/27/2026-11:09:08] [I] Average on 10 runs - GPU latency: 0.1021 ms - Host latency: 0.1021 ms (enqueue 0.0794434 ms)
[02/27/2026-11:09:08] [I] Average on 10 runs - GPU latency: 0.102124 ms - Host latency: 0.102124 ms (enqueue 0.0794678 ms)
[02/27/2026-11:09:08] [I] Average on 10 runs - GPU latency: 0.101611 ms - Host latency: 0.101611 ms (enqueue 0.0806152 ms)
[02/27/2026-11:09:08] [I] Average on 10 runs - GPU latency: 0.101489 ms - Host latency: 0.101489 ms (enqueue 0.0797852 ms)
[02/27/2026-11:09:08] [I] Average on 10 runs - GPU latency: 0.100806 ms - Host latency: 0.100806 ms (enqueue 0.0809326 ms)
[02/27/2026-11:09:08] [I] Average on 10 runs - GPU latency: 0.101489 ms - Host latency: 0.101489 ms (enqueue 0.0810059 ms)
[02/27/2026-11:09:08] [I] Average on 10 runs - GPU latency: 0.101611 ms - Host latency: 0.101611 ms (enqueue 0.0815918 ms)
[02/27/2026-11:09:08] [I] Average on 10 runs - GPU latency: 0.101392 ms - Host latency: 0.101392 ms (enqueue 0.0810547 ms)
[02/27/2026-11:09:08] [I] Average on 10 runs - GPU latency: 0.10127 ms - Host latency: 0.10127 ms (enqueue 0.0801758 ms)
[02/27/2026-11:09:08] [I] Average on 10 runs - GPU latency: 0.101367 ms - Host latency: 0.101367 ms (enqueue 0.0814697 ms)
[02/27/2026-11:09:08] [I] Average on 10 runs - GPU latency: 0.101123 ms - Host latency: 0.101123 ms (enqueue 0.0826416 ms)
[02/27/2026-11:09:08] [I] Average on 10 runs - GPU latency: 0.101562 ms - Host latency: 0.101562 ms (enqueue 0.0795654 ms)
[02/27/2026-11:09:08] [I] Average on 10 runs - GPU latency: 0.102124 ms - Host latency: 0.102124 ms (enqueue 0.0795166 ms)
[02/27/2026-11:09:08] [I] Average on 10 runs - GPU latency: 0.102148 ms - Host latency: 0.102148 ms (enqueue 0.0824951 ms)
[02/27/2026-11:09:08] [I] Average on 10 runs - GPU latency: 0.102051 ms - Host latency: 0.102051 ms (enqueue 0.0799072 ms)
[02/27/2026-11:09:08] [I] Average on 10 runs - GPU latency: 0.101245 ms - Host latency: 0.101245 ms (enqueue 0.0791992 ms)
[02/27/2026-11:09:08] [I] Average on 10 runs - GPU latency: 0.101147 ms - Host latency: 0.101147 ms (enqueue 0.080835 ms)
[02/27/2026-11:09:08] [I] Average on 10 runs - GPU latency: 0.101514 ms - Host latency: 0.101514 ms (enqueue 0.0819824 ms)
[02/27/2026-11:09:08] [I] Average on 10 runs - GPU latency: 0.102808 ms - Host latency: 0.102808 ms (enqueue 0.0787354 ms)
[02/27/2026-11:09:08] [I] Average on 10 runs - GPU latency: 0.102148 ms - Host latency: 0.102148 ms (enqueue 0.080542 ms)
[02/27/2026-11:09:08] [I] Average on 10 runs - GPU latency: 0.101733 ms - Host latency: 0.101733 ms (enqueue 0.0804932 ms)
[02/27/2026-11:09:08] [I] Average on 10 runs - GPU latency: 0.10188 ms - Host latency: 0.10188 ms (enqueue 0.0793945 ms)
[02/27/2026-11:09:08] [I] Average on 10 runs - GPU latency: 0.101611 ms - Host latency: 0.101611 ms (enqueue 0.0802002 ms)
[02/27/2026-11:09:08] [I] Average on 10 runs - GPU latency: 0.101831 ms - Host latency: 0.101831 ms (enqueue 0.0795166 ms)
[02/27/2026-11:09:08] [I] Average on 10 runs - GPU latency: 0.101904 ms - Host latency: 0.101904 ms (enqueue 0.0803467 ms)
[02/27/2026-11:09:08] [I] Average on 10 runs - GPU latency: 0.102026 ms - Host latency: 0.102026 ms (enqueue 0.0813477 ms)
[02/27/2026-11:09:08] [I] Average on 10 runs - GPU latency: 0.101587 ms - Host latency: 0.101587 ms (enqueue 0.0798584 ms)
[02/27/2026-11:09:08] [I] Average on 10 runs - GPU latency: 0.101733 ms - Host latency: 0.101733 ms (enqueue 0.0810303 ms)
[02/27/2026-11:09:08] [I] Average on 10 runs - GPU latency: 0.102563 ms - Host latency: 0.102563 ms (enqueue 0.0784668 ms)
[02/27/2026-11:09:08] [I] Average on 10 runs - GPU latency: 0.101538 ms - Host latency: 0.101538 ms (enqueue 0.0827393 ms)
[02/27/2026-11:09:08] [I] Average on 10 runs - GPU latency: 0.101929 ms - Host latency: 0.101929 ms (enqueue 0.0784912 ms)
[02/27/2026-11:09:08] [I] Average on 10 runs - GPU latency: 0.101367 ms - Host latency: 0.101367 ms (enqueue 0.0799561 ms)
[02/27/2026-11:09:08] [I] Average on 10 runs - GPU latency: 0.101636 ms - Host latency: 0.101636 ms (enqueue 0.0828369 ms)
[02/27/2026-11:09:08] [I] Average on 10 runs - GPU latency: 0.101465 ms - Host latency: 0.101465 ms (enqueue 0.0822998 ms)
[02/27/2026-11:09:08] [I] Average on 10 runs - GPU latency: 0.101855 ms - Host latency: 0.101855 ms (enqueue 0.080249 ms)
[02/27/2026-11:09:08] [I] Average on 10 runs - GPU latency: 0.101538 ms - Host latency: 0.101538 ms (enqueue 0.0780029 ms)
[02/27/2026-11:09:08] [I] Average on 10 runs - GPU latency: 0.10188 ms - Host latency: 0.10188 ms (enqueue 0.0817139 ms)
[02/27/2026-11:09:08] [I] Average on 10 runs - GPU latency: 0.102026 ms - Host latency: 0.102026 ms (enqueue 0.0786377 ms)
[02/27/2026-11:09:08] [I] Average on 10 runs - GPU latency: 0.102124 ms - Host latency: 0.102124 ms (enqueue 0.0792236 ms)
[02/27/2026-11:09:08] [I] Average on 10 runs - GPU latency: 0.10166 ms - Host latency: 0.10166 ms (enqueue 0.0819092 ms)
[02/27/2026-11:09:08] [I] Average on 10 runs - GPU latency: 0.101855 ms - Host latency: 0.101855 ms (enqueue 0.0834961 ms)
[02/27/2026-11:09:08] [I] Average on 10 runs - GPU latency: 0.10188 ms - Host latency: 0.10188 ms (enqueue 0.0804932 ms)
[02/27/2026-11:09:08] [I] Average on 10 runs - GPU latency: 0.102417 ms - Host latency: 0.102417 ms (enqueue 0.0814453 ms)
[02/27/2026-11:09:08] [I] Average on 10 runs - GPU latency: 0.10127 ms - Host latency: 0.10127 ms (enqueue 0.0799072 ms)
[02/27/2026-11:09:08] [I] Average on 10 runs - GPU latency: 0.1021 ms - Host latency: 0.1021 ms (enqueue 0.0815186 ms)
[02/27/2026-11:09:08] [I] Average on 10 runs - GPU latency: 0.102197 ms - Host latency: 0.102197 ms (enqueue 0.077832 ms)
[02/27/2026-11:09:08] [I] Average on 10 runs - GPU latency: 0.101465 ms - Host latency: 0.101465 ms (enqueue 0.0812744 ms)
[02/27/2026-11:09:08] [I] Average on 10 runs - GPU latency: 0.101343 ms - Host latency: 0.101343 ms (enqueue 0.0787598 ms)
[02/27/2026-11:09:08] [I] Average on 10 runs - GPU latency: 0.102271 ms - Host latency: 0.102271 ms (enqueue 0.0798828 ms)
[02/27/2026-11:09:08] [I] Average on 10 runs - GPU latency: 0.10249 ms - Host latency: 0.10249 ms (enqueue 0.079834 ms)
[02/27/2026-11:09:08] [I] Average on 10 runs - GPU latency: 0.101685 ms - Host latency: 0.101685 ms (enqueue 0.0797119 ms)
[02/27/2026-11:09:08] [I] Average on 10 runs - GPU latency: 0.101294 ms - Host latency: 0.101294 ms (enqueue 0.0793457 ms)
[02/27/2026-11:09:08] [I] Average on 10 runs - GPU latency: 0.101611 ms - Host latency: 0.101611 ms (enqueue 0.081958 ms)
[02/27/2026-11:09:08] [I] Average on 10 runs - GPU latency: 0.10271 ms - Host latency: 0.10271 ms (enqueue 0.0823486 ms)
[02/27/2026-11:09:08] [I] Average on 10 runs - GPU latency: 0.101489 ms - Host latency: 0.101489 ms (enqueue 0.0781006 ms)
[02/27/2026-11:09:08] [I] Average on 10 runs - GPU latency: 0.102124 ms - Host latency: 0.102124 ms (enqueue 0.0807373 ms)
[02/27/2026-11:09:08] [I] Average on 10 runs - GPU latency: 0.10127 ms - Host latency: 0.10127 ms (enqueue 0.0816895 ms)
[02/27/2026-11:09:08] [I] Average on 10 runs - GPU latency: 0.101978 ms - Host latency: 0.101978 ms (enqueue 0.0799072 ms)
[02/27/2026-11:09:08] [I] Average on 10 runs - GPU latency: 0.101831 ms - Host latency: 0.101831 ms (enqueue 0.0793457 ms)
[02/27/2026-11:09:08] [I] Average on 10 runs - GPU latency: 0.101489 ms - Host latency: 0.101489 ms (enqueue 0.0817871 ms)
[02/27/2026-11:09:08] [I] Average on 10 runs - GPU latency: 0.101489 ms - Host latency: 0.101489 ms (enqueue 0.0789551 ms)
[02/27/2026-11:09:08] [I] Average on 10 runs - GPU latency: 0.101758 ms - Host latency: 0.101758 ms (enqueue 0.0821289 ms)
[02/27/2026-11:09:08] [I] Average on 10 runs - GPU latency: 0.10166 ms - Host latency: 0.10166 ms (enqueue 0.0796631 ms)
[02/27/2026-11:09:08] [I] Average on 10 runs - GPU latency: 0.1021 ms - Host latency: 0.1021 ms (enqueue 0.0791992 ms)
[02/27/2026-11:09:08] [I] Average on 10 runs - GPU latency: 0.101245 ms - Host latency: 0.101245 ms (enqueue 0.082666 ms)
[02/27/2026-11:09:08] [I] Average on 10 runs - GPU latency: 0.102979 ms - Host latency: 0.102979 ms (enqueue 0.0795898 ms)
[02/27/2026-11:09:08] [I] Average on 10 runs - GPU latency: 0.102197 ms - Host latency: 0.102197 ms (enqueue 0.0796631 ms)
[02/27/2026-11:09:08] [I] Average on 10 runs - GPU latency: 0.101514 ms - Host latency: 0.101514 ms (enqueue 0.0820312 ms)
[02/27/2026-11:09:08] [I] Average on 10 runs - GPU latency: 0.101929 ms - Host latency: 0.101929 ms (enqueue 0.0796387 ms)
[02/27/2026-11:09:08] [I] Average on 10 runs - GPU latency: 0.101587 ms - Host latency: 0.101587 ms (enqueue 0.0788086 ms)
[02/27/2026-11:09:08] [I] Average on 10 runs - GPU latency: 0.101514 ms - Host latency: 0.101514 ms (enqueue 0.0814453 ms)
[02/27/2026-11:09:08] [I] Average on 10 runs - GPU latency: 0.102075 ms - Host latency: 0.102075 ms (enqueue 0.0837402 ms)
[02/27/2026-11:09:08] [I] Average on 10 runs - GPU latency: 0.101318 ms - Host latency: 0.101318 ms (enqueue 0.0793945 ms)
[02/27/2026-11:09:08] [I] Average on 10 runs - GPU latency: 0.10127 ms - Host latency: 0.10127 ms (enqueue 0.0798828 ms)
[02/27/2026-11:09:08] [I] Average on 10 runs - GPU latency: 0.101685 ms - Host latency: 0.101685 ms (enqueue 0.0797852 ms)
[02/27/2026-11:09:08] [I] Average on 10 runs - GPU latency: 0.102075 ms - Host latency: 0.102075 ms (enqueue 0.0806396 ms)
[02/27/2026-11:09:08] [I] Average on 10 runs - GPU latency: 0.101172 ms - Host latency: 0.101172 ms (enqueue 0.0791748 ms)
[02/27/2026-11:09:08] [I] Average on 10 runs - GPU latency: 0.101978 ms - Host latency: 0.101978 ms (enqueue 0.0799805 ms)
[02/27/2026-11:09:08] [I] Average on 10 runs - GPU latency: 0.10249 ms - Host latency: 0.10249 ms (enqueue 0.0782471 ms)
[02/27/2026-11:09:08] [I] Average on 10 runs - GPU latency: 0.101562 ms - Host latency: 0.101562 ms (enqueue 0.0835449 ms)
[02/27/2026-11:09:08] [I] Average on 10 runs - GPU latency: 0.101978 ms - Host latency: 0.101978 ms (enqueue 0.0785889 ms)
[02/27/2026-11:09:08] [I] Average on 10 runs - GPU latency: 0.101978 ms - Host latency: 0.101978 ms (enqueue 0.0818115 ms)
[02/27/2026-11:09:08] [I] Average on 10 runs - GPU latency: 0.101904 ms - Host latency: 0.101904 ms (enqueue 0.0802979 ms)
[02/27/2026-11:09:08] [I] Average on 10 runs - GPU latency: 0.101489 ms - Host latency: 0.101489 ms (enqueue 0.0800781 ms)
[02/27/2026-11:09:08] [I] Average on 10 runs - GPU latency: 0.101636 ms - Host latency: 0.101636 ms (enqueue 0.08125 ms)
[02/27/2026-11:09:08] [I] Average on 10 runs - GPU latency: 0.10083 ms - Host latency: 0.10083 ms (enqueue 0.0796387 ms)
[02/27/2026-11:09:08] [I] Average on 10 runs - GPU latency: 0.101196 ms - Host latency: 0.101196 ms (enqueue 0.0793457 ms)
[02/27/2026-11:09:08] [I] Average on 10 runs - GPU latency: 0.101978 ms - Host latency: 0.101978 ms (enqueue 0.0796143 ms)
[02/27/2026-11:09:08] [I] Average on 10 runs - GPU latency: 0.101294 ms - Host latency: 0.101294 ms (enqueue 0.0799316 ms)
[02/27/2026-11:09:08] [I] 
[02/27/2026-11:09:08] [I] === Performance summary ===
[02/27/2026-11:09:08] [I] Throughput: 9645.58 qps
[02/27/2026-11:09:08] [I] Latency: min = 0.0976562 ms, max = 0.126678 ms, mean = 0.101811 ms, median = 0.101685 ms, percentile(90%) = 0.103516 ms, percentile(95%) = 0.104279 ms, percentile(99%) = 0.106567 ms
[02/27/2026-11:09:08] [I] Enqueue Time: min = 0.0720215 ms, max = 0.137695 ms, mean = 0.080341 ms, median = 0.0769043 ms, percentile(90%) = 0.0949097 ms, percentile(95%) = 0.0981445 ms, percentile(99%) = 0.105652 ms
[02/27/2026-11:09:08] [I] H2D Latency: min = 0 ms, max = 0 ms, mean = 0 ms, median = 0 ms, percentile(90%) = 0 ms, percentile(95%) = 0 ms, percentile(99%) = 0 ms
[02/27/2026-11:09:08] [I] GPU Compute Time: min = 0.0976562 ms, max = 0.126678 ms, mean = 0.101811 ms, median = 0.101685 ms, percentile(90%) = 0.103516 ms, percentile(95%) = 0.104279 ms, percentile(99%) = 0.106567 ms
[02/27/2026-11:09:08] [I] D2H Latency: min = 0 ms, max = 0 ms, mean = 0 ms, median = 0 ms, percentile(90%) = 0 ms, percentile(95%) = 0 ms, percentile(99%) = 0 ms
[02/27/2026-11:09:08] [I] Total Host Walltime: 3.00023 s
[02/27/2026-11:09:08] [I] Total GPU Compute Time: 2.94631 s
[02/27/2026-11:09:08] [W] * GPU compute time is unstable, with coefficient of variance = 1.44858%.
[02/27/2026-11:09:08] [W]   If not already in use, locking GPU clock frequency or adding --useSpinWait may improve the stability.
[02/27/2026-11:09:08] [I] Explanations of the performance metrics are printed in the verbose logs.
[02/27/2026-11:09:08] [I] 
&&&& PASSED TensorRT.trtexec [TensorRT v8502] # /usr/src/tensorrt/bin/trtexec --onnx=/home/user/Edge-ML/models/v4/TCN/bs1/TCN.onnx --saveEngine=/home/user/Edge-ML/models/v4/TCN/bs1/TCN_fp32.engine --exportLayerInfo=/home/user/Edge-ML/models/v4/TCN/bs1/logs/quantisation_fp32_layers.json --memPoolSize=workspace:4096MiB --tacticSources=+CUBLAS,+CUBLAS_LT,+CUDNN --noDataTransfers
