/usr/src/tensorrt/bin/trtexec --onnx=/home/user/Edge-ML/models/v4/TCN/bs32/TCN.onnx --saveEngine=/home/user/Edge-ML/models/v4/TCN/bs32/TCN_int8.engine --int8 --fp16 --exportLayerInfo=/home/user/Edge-ML/models/v4/TCN/bs32/logs/quantisation_int8_layers.json --memPoolSize=workspace:4096MiB --tacticSources=+CUBLAS,+CUBLAS_LT,+CUDNN --noDataTransfers --calib=/home/user/Edge-ML/models/v4/TCN/bs32/TCN.cache

&&&& RUNNING TensorRT.trtexec [TensorRT v8502] # /usr/src/tensorrt/bin/trtexec --onnx=/home/user/Edge-ML/models/v4/TCN/bs32/TCN.onnx --saveEngine=/home/user/Edge-ML/models/v4/TCN/bs32/TCN_int8.engine --int8 --fp16 --exportLayerInfo=/home/user/Edge-ML/models/v4/TCN/bs32/logs/quantisation_int8_layers.json --memPoolSize=workspace:4096MiB --tacticSources=+CUBLAS,+CUBLAS_LT,+CUDNN --noDataTransfers --calib=/home/user/Edge-ML/models/v4/TCN/bs32/TCN.cache
[02/27/2026-11:11:00] [I] === Model Options ===
[02/27/2026-11:11:00] [I] Format: ONNX
[02/27/2026-11:11:00] [I] Model: /home/user/Edge-ML/models/v4/TCN/bs32/TCN.onnx
[02/27/2026-11:11:00] [I] Output:
[02/27/2026-11:11:00] [I] === Build Options ===
[02/27/2026-11:11:00] [I] Max batch: explicit batch
[02/27/2026-11:11:00] [I] Memory Pools: workspace: 4096 MiB, dlaSRAM: default, dlaLocalDRAM: default, dlaGlobalDRAM: default
[02/27/2026-11:11:00] [I] minTiming: 1
[02/27/2026-11:11:00] [I] avgTiming: 8
[02/27/2026-11:11:00] [I] Precision: FP32+FP16+INT8
[02/27/2026-11:11:00] [I] LayerPrecisions: 
[02/27/2026-11:11:00] [I] Calibration: /home/user/Edge-ML/models/v4/TCN/bs32/TCN.cache
[02/27/2026-11:11:00] [I] Refit: Disabled
[02/27/2026-11:11:00] [I] Sparsity: Disabled
[02/27/2026-11:11:00] [I] Safe mode: Disabled
[02/27/2026-11:11:00] [I] DirectIO mode: Disabled
[02/27/2026-11:11:00] [I] Restricted mode: Disabled
[02/27/2026-11:11:00] [I] Build only: Disabled
[02/27/2026-11:11:00] [I] Save engine: /home/user/Edge-ML/models/v4/TCN/bs32/TCN_int8.engine
[02/27/2026-11:11:00] [I] Load engine: 
[02/27/2026-11:11:00] [I] Profiling verbosity: 0
[02/27/2026-11:11:00] [I] Tactic sources: cublas [ON], cublasLt [ON], cudnn [ON], 
[02/27/2026-11:11:00] [I] timingCacheMode: local
[02/27/2026-11:11:00] [I] timingCacheFile: 
[02/27/2026-11:11:00] [I] Heuristic: Disabled
[02/27/2026-11:11:00] [I] Preview Features: Use default preview flags.
[02/27/2026-11:11:00] [I] Input(s)s format: fp32:CHW
[02/27/2026-11:11:00] [I] Output(s)s format: fp32:CHW
[02/27/2026-11:11:00] [I] Input build shapes: model
[02/27/2026-11:11:00] [I] Input calibration shapes: model
[02/27/2026-11:11:00] [I] === System Options ===
[02/27/2026-11:11:00] [I] Device: 0
[02/27/2026-11:11:00] [I] DLACore: 
[02/27/2026-11:11:00] [I] Plugins:
[02/27/2026-11:11:00] [I] === Inference Options ===
[02/27/2026-11:11:00] [I] Batch: Explicit
[02/27/2026-11:11:00] [I] Input inference shapes: model
[02/27/2026-11:11:00] [I] Iterations: 10
[02/27/2026-11:11:00] [I] Duration: 3s (+ 200ms warm up)
[02/27/2026-11:11:00] [I] Sleep time: 0ms
[02/27/2026-11:11:00] [I] Idle time: 0ms
[02/27/2026-11:11:00] [I] Streams: 1
[02/27/2026-11:11:00] [I] ExposeDMA: Disabled
[02/27/2026-11:11:00] [I] Data transfers: Disabled
[02/27/2026-11:11:00] [I] Spin-wait: Disabled
[02/27/2026-11:11:00] [I] Multithreading: Disabled
[02/27/2026-11:11:00] [I] CUDA Graph: Disabled
[02/27/2026-11:11:00] [I] Separate profiling: Disabled
[02/27/2026-11:11:00] [I] Time Deserialize: Disabled
[02/27/2026-11:11:00] [I] Time Refit: Disabled
[02/27/2026-11:11:00] [I] NVTX verbosity: 0
[02/27/2026-11:11:00] [I] Persistent Cache Ratio: 0
[02/27/2026-11:11:00] [I] Inputs:
[02/27/2026-11:11:00] [I] === Reporting Options ===
[02/27/2026-11:11:00] [I] Verbose: Disabled
[02/27/2026-11:11:00] [I] Averages: 10 inferences
[02/27/2026-11:11:00] [I] Percentiles: 90,95,99
[02/27/2026-11:11:00] [I] Dump refittable layers:Disabled
[02/27/2026-11:11:00] [I] Dump output: Disabled
[02/27/2026-11:11:00] [I] Profile: Disabled
[02/27/2026-11:11:00] [I] Export timing to JSON file: 
[02/27/2026-11:11:00] [I] Export output to JSON file: 
[02/27/2026-11:11:00] [I] Export profile to JSON file: 
[02/27/2026-11:11:00] [I] 
[02/27/2026-11:11:00] [I] === Device Information ===
[02/27/2026-11:11:00] [I] Selected Device: Orin
[02/27/2026-11:11:00] [I] Compute Capability: 8.7
[02/27/2026-11:11:00] [I] SMs: 4
[02/27/2026-11:11:00] [I] Compute Clock Rate: 0.624 GHz
[02/27/2026-11:11:00] [I] Device Global Memory: 3425 MiB
[02/27/2026-11:11:00] [I] Shared Memory per SM: 164 KiB
[02/27/2026-11:11:00] [I] Memory Bus Width: 128 bits (ECC disabled)
[02/27/2026-11:11:00] [I] Memory Clock Rate: 0.624 GHz
[02/27/2026-11:11:00] [I] 
[02/27/2026-11:11:00] [I] TensorRT version: 8.5.2
[02/27/2026-11:11:01] [I] [TRT] [MemUsageChange] Init CUDA: CPU +220, GPU +0, now: CPU 249, GPU 1604 (MiB)
[02/27/2026-11:11:03] [I] [TRT] [MemUsageChange] Init builder kernel library: CPU +302, GPU +236, now: CPU 574, GPU 1832 (MiB)
[02/27/2026-11:11:03] [I] Start parsing network model
[02/27/2026-11:11:03] [I] [TRT] ----------------------------------------------------------------
[02/27/2026-11:11:03] [I] [TRT] Input filename:   /home/user/Edge-ML/models/v4/TCN/bs32/TCN.onnx
[02/27/2026-11:11:03] [I] [TRT] ONNX IR version:  0.0.7
[02/27/2026-11:11:03] [I] [TRT] Opset version:    12
[02/27/2026-11:11:03] [I] [TRT] Producer name:    pytorch
[02/27/2026-11:11:03] [I] [TRT] Producer version: 2.5.1
[02/27/2026-11:11:03] [I] [TRT] Domain:           
[02/27/2026-11:11:03] [I] [TRT] Model version:    0
[02/27/2026-11:11:03] [I] [TRT] Doc string:       
[02/27/2026-11:11:03] [I] [TRT] ----------------------------------------------------------------
[02/27/2026-11:11:03] [I] Finish parsing network model
[02/27/2026-11:11:03] [I] [TRT] Reading Calibration Cache for calibrator: EntropyCalibration2
[02/27/2026-11:11:03] [I] [TRT] Generated calibration scales using calibration cache. Make sure that calibration cache has latest scales.
[02/27/2026-11:11:03] [I] [TRT] To regenerate calibration cache, please delete the existing one. TensorRT will generate a new calibration cache.
[02/27/2026-11:11:03] [I] [TRT] ---------- Layers Running on DLA ----------
[02/27/2026-11:11:03] [I] [TRT] ---------- Layers Running on GPU ----------
[02/27/2026-11:11:03] [I] [TRT] [GpuLayer] SHUFFLE: /Unsqueeze + (Unnamed Layer* 1) [Shuffle]
[02/27/2026-11:11:03] [I] [TRT] [GpuLayer] SHUFFLE: shuffle_between_(Unnamed Layer* 1) [Shuffle]_output_and_/block1/block1.0/Conv + /block1/block1.2/Relu
[02/27/2026-11:11:03] [I] [TRT] [GpuLayer] CONVOLUTION: /block1/block1.0/Conv + /block1/block1.2/Relu
[02/27/2026-11:11:03] [I] [TRT] [GpuLayer] SHUFFLE: shuffle_after_/block1/block1.2/Relu_out_tensor
[02/27/2026-11:11:03] [I] [TRT] [GpuLayer] POOLING: /block1/block1.3/MaxPool
[02/27/2026-11:11:03] [I] [TRT] [GpuLayer] SHUFFLE: shuffle_between_(Unnamed Layer* 6) [Pooling]_output_and_/block2/block2.0/Conv + /block2/block2.2/Relu
[02/27/2026-11:11:03] [I] [TRT] [GpuLayer] CONVOLUTION: /block2/block2.0/Conv + /block2/block2.2/Relu
[02/27/2026-11:11:03] [I] [TRT] [GpuLayer] SHUFFLE: shuffle_after_/block2/block2.2/Relu_out_tensor
[02/27/2026-11:11:03] [I] [TRT] [GpuLayer] POOLING: /block2/block2.3/MaxPool
[02/27/2026-11:11:03] [I] [TRT] [GpuLayer] SHUFFLE: shuffle_between_(Unnamed Layer* 13) [Pooling]_output_and_/block3/block3.0/Conv + /block3/block3.2/Relu
[02/27/2026-11:11:03] [I] [TRT] [GpuLayer] CONVOLUTION: /block3/block3.0/Conv + /block3/block3.2/Relu
[02/27/2026-11:11:03] [I] [TRT] [GpuLayer] SHUFFLE: shuffle_after_/block3/block3.2/Relu_out_tensor
[02/27/2026-11:11:03] [I] [TRT] [GpuLayer] SHUFFLE: squeeze_after_/block3/block3.2/Relu
[02/27/2026-11:11:03] [I] [TRT] [GpuLayer] REDUCE: /block3/block3.3/GlobalAveragePool
[02/27/2026-11:11:03] [I] [TRT] [GpuLayer] SHUFFLE: /fc/fc.0/Flatten + reshape_before_/fc/fc.1/Gemm
[02/27/2026-11:11:03] [I] [TRT] [GpuLayer] CONVOLUTION: /fc/fc.1/Gemm + /fc/fc.2/Relu
[02/27/2026-11:11:03] [I] [TRT] [GpuLayer] CONVOLUTION: /fc/fc.4/Gemm
[02/27/2026-11:11:03] [I] [TRT] [GpuLayer] SHUFFLE: reshape_after_/fc/fc.4/Gemm + /Squeeze
[02/27/2026-11:11:05] [I] [TRT] [MemUsageChange] Init cuBLAS/cuBLASLt: CPU +534, GPU +831, now: CPU 1108, GPU 2663 (MiB)
[02/27/2026-11:11:05] [I] [TRT] [MemUsageChange] Init cuDNN: CPU +83, GPU +84, now: CPU 1191, GPU 2747 (MiB)
[02/27/2026-11:11:05] [I] [TRT] Local timing cache in use. Profiling results in this builder pass will not be stored.
[02/27/2026-11:11:38] [I] [TRT] Total Activation Memory: 4296122368
[02/27/2026-11:11:38] [I] [TRT] Detected 1 inputs and 1 output network tensors.
[02/27/2026-11:11:38] [I] [TRT] Total Host Persistent Memory: 23936
[02/27/2026-11:11:38] [I] [TRT] Total Device Persistent Memory: 0
[02/27/2026-11:11:38] [I] [TRT] Total Scratch Memory: 0
[02/27/2026-11:11:38] [I] [TRT] [MemUsageStats] Peak memory usage of TRT CPU/GPU memory allocators: CPU 0 MiB, GPU 134 MiB
[02/27/2026-11:11:38] [I] [TRT] [BlockAssignment] Started assigning block shifts. This will take 21 steps to complete.
[02/27/2026-11:11:38] [I] [TRT] [BlockAssignment] Algorithm ShiftNTopDown took 0.221824ms to assign 3 blocks to 21 nodes requiring 491520 bytes.
[02/27/2026-11:11:38] [I] [TRT] Total Activation Memory: 491520
[02/27/2026-11:11:38] [W] [TRT] TensorRT encountered issues when converting weights between types and that could affect accuracy.
[02/27/2026-11:11:38] [W] [TRT] If this is not the desired behavior, please modify the weights or retrain with regularization to adjust the magnitude of the weights.
[02/27/2026-11:11:38] [W] [TRT] Check verbose logs for the list of affected weights.
[02/27/2026-11:11:38] [W] [TRT] - 2 weights are affected by this issue: Detected subnormal FP16 values.
[02/27/2026-11:11:38] [I] [TRT] [MemUsageChange] TensorRT-managed allocation in building engine: CPU +0, GPU +4, now: CPU 0, GPU 4 (MiB)
[02/27/2026-11:11:38] [I] Engine built in 37.7756 sec.
[02/27/2026-11:11:38] [I] [TRT] Loaded engine size: 0 MiB
[02/27/2026-11:11:38] [I] [TRT] [MemUsageChange] TensorRT-managed allocation in engine deserialization: CPU +0, GPU +0, now: CPU 0, GPU 0 (MiB)
[02/27/2026-11:11:38] [I] Engine deserialized in 0.010555 sec.
[02/27/2026-11:11:38] [I] [TRT] [MemUsageChange] TensorRT-managed allocation in IExecutionContext creation: CPU +0, GPU +0, now: CPU 0, GPU 0 (MiB)
[02/27/2026-11:11:38] [I] Setting persistentCacheLimit to 0 bytes.
[02/27/2026-11:11:38] [I] Using random values for input input
[02/27/2026-11:11:38] [I] Created input binding for input with dimensions 32x120
[02/27/2026-11:11:38] [I] Using random values for output capacity
[02/27/2026-11:11:38] [I] Created output binding for capacity with dimensions 32
[02/27/2026-11:11:38] [I] [TRT] The profiling verbosity was set to ProfilingVerbosity::kLAYER_NAMES_ONLY when the engine was built, so only the layer names will be returned. Rebuild the engine with ProfilingVerbosity::kDETAILED to get more verbose layer information.
[02/27/2026-11:11:38] [I] Starting inference
[02/27/2026-11:11:42] [I] Warmup completed 1100 queries over 200 ms
[02/27/2026-11:11:42] [I] Timing trace has 16489 queries over 3.00026 s
[02/27/2026-11:11:42] [I] 
[02/27/2026-11:11:42] [I] === Trace details ===
[02/27/2026-11:11:42] [I] Trace averages of 10 runs:
[02/27/2026-11:11:42] [I] Average on 10 runs - GPU latency: 0.178993 ms - Host latency: 0.178993 ms (enqueue 0.111473 ms)
[02/27/2026-11:11:42] [I] Average on 10 runs - GPU latency: 0.179262 ms - Host latency: 0.179262 ms (enqueue 0.110391 ms)
[02/27/2026-11:11:42] [I] Average on 10 runs - GPU latency: 0.17972 ms - Host latency: 0.17972 ms (enqueue 0.11169 ms)
[02/27/2026-11:11:42] [I] Average on 10 runs - GPU latency: 0.180692 ms - Host latency: 0.180692 ms (enqueue 0.107498 ms)
[02/27/2026-11:11:42] [I] Average on 10 runs - GPU latency: 0.180461 ms - Host latency: 0.180461 ms (enqueue 0.106937 ms)
[02/27/2026-11:11:42] [I] Average on 10 runs - GPU latency: 0.180022 ms - Host latency: 0.180022 ms (enqueue 0.107423 ms)
[02/27/2026-11:11:42] [I] Average on 10 runs - GPU latency: 0.179559 ms - Host latency: 0.179559 ms (enqueue 0.109532 ms)
[02/27/2026-11:11:42] [I] Average on 10 runs - GPU latency: 0.179263 ms - Host latency: 0.179263 ms (enqueue 0.109128 ms)
[02/27/2026-11:11:42] [I] Average on 10 runs - GPU latency: 0.179465 ms - Host latency: 0.179465 ms (enqueue 0.109564 ms)
[02/27/2026-11:11:42] [I] Average on 10 runs - GPU latency: 0.179881 ms - Host latency: 0.179881 ms (enqueue 0.108932 ms)
[02/27/2026-11:11:42] [I] Average on 10 runs - GPU latency: 0.178973 ms - Host latency: 0.178973 ms (enqueue 0.108176 ms)
[02/27/2026-11:11:42] [I] Average on 10 runs - GPU latency: 0.180028 ms - Host latency: 0.180028 ms (enqueue 0.112961 ms)
[02/27/2026-11:11:42] [I] Average on 10 runs - GPU latency: 0.180463 ms - Host latency: 0.180463 ms (enqueue 0.108655 ms)
[02/27/2026-11:11:42] [I] Average on 10 runs - GPU latency: 0.179294 ms - Host latency: 0.179294 ms (enqueue 0.108125 ms)
[02/27/2026-11:11:42] [I] Average on 10 runs - GPU latency: 0.177971 ms - Host latency: 0.177971 ms (enqueue 0.111372 ms)
[02/27/2026-11:11:42] [I] Average on 10 runs - GPU latency: 0.17867 ms - Host latency: 0.17867 ms (enqueue 0.110957 ms)
[02/27/2026-11:11:42] [I] Average on 10 runs - GPU latency: 0.178952 ms - Host latency: 0.178952 ms (enqueue 0.109361 ms)
[02/27/2026-11:11:42] [I] Average on 10 runs - GPU latency: 0.179413 ms - Host latency: 0.179413 ms (enqueue 0.107776 ms)
[02/27/2026-11:11:42] [I] Average on 10 runs - GPU latency: 0.178242 ms - Host latency: 0.178242 ms (enqueue 0.108777 ms)
[02/27/2026-11:11:42] [I] Average on 10 runs - GPU latency: 0.178603 ms - Host latency: 0.178603 ms (enqueue 0.107777 ms)
[02/27/2026-11:11:42] [I] Average on 10 runs - GPU latency: 0.179181 ms - Host latency: 0.179181 ms (enqueue 0.113254 ms)
[02/27/2026-11:11:42] [I] Average on 10 runs - GPU latency: 0.179817 ms - Host latency: 0.179817 ms (enqueue 0.11089 ms)
[02/27/2026-11:11:42] [I] Average on 10 runs - GPU latency: 0.179431 ms - Host latency: 0.179431 ms (enqueue 0.109366 ms)
[02/27/2026-11:11:42] [I] Average on 10 runs - GPU latency: 0.179425 ms - Host latency: 0.179425 ms (enqueue 0.110402 ms)
[02/27/2026-11:11:42] [I] Average on 10 runs - GPU latency: 0.180142 ms - Host latency: 0.180142 ms (enqueue 0.109688 ms)
[02/27/2026-11:11:42] [I] Average on 10 runs - GPU latency: 0.17878 ms - Host latency: 0.17878 ms (enqueue 0.10981 ms)
[02/27/2026-11:11:42] [I] Average on 10 runs - GPU latency: 0.179968 ms - Host latency: 0.179968 ms (enqueue 0.109586 ms)
[02/27/2026-11:11:42] [I] Average on 10 runs - GPU latency: 0.179124 ms - Host latency: 0.179124 ms (enqueue 0.110863 ms)
[02/27/2026-11:11:42] [I] Average on 10 runs - GPU latency: 0.179506 ms - Host latency: 0.179506 ms (enqueue 0.114153 ms)
[02/27/2026-11:11:42] [I] Average on 10 runs - GPU latency: 0.180434 ms - Host latency: 0.180434 ms (enqueue 0.110533 ms)
[02/27/2026-11:11:42] [I] Average on 10 runs - GPU latency: 0.179926 ms - Host latency: 0.179926 ms (enqueue 0.11033 ms)
[02/27/2026-11:11:42] [I] Average on 10 runs - GPU latency: 0.179184 ms - Host latency: 0.179184 ms (enqueue 0.109287 ms)
[02/27/2026-11:11:42] [I] Average on 10 runs - GPU latency: 0.179666 ms - Host latency: 0.179666 ms (enqueue 0.113416 ms)
[02/27/2026-11:11:42] [I] Average on 10 runs - GPU latency: 0.18009 ms - Host latency: 0.18009 ms (enqueue 0.10863 ms)
[02/27/2026-11:11:42] [I] Average on 10 runs - GPU latency: 0.180048 ms - Host latency: 0.180048 ms (enqueue 0.107916 ms)
[02/27/2026-11:11:42] [I] Average on 10 runs - GPU latency: 0.178757 ms - Host latency: 0.178757 ms (enqueue 0.111136 ms)
[02/27/2026-11:11:42] [I] Average on 10 runs - GPU latency: 0.179361 ms - Host latency: 0.179361 ms (enqueue 0.109784 ms)
[02/27/2026-11:11:42] [I] Average on 10 runs - GPU latency: 0.179929 ms - Host latency: 0.179929 ms (enqueue 0.109589 ms)
[02/27/2026-11:11:42] [I] Average on 10 runs - GPU latency: 0.179965 ms - Host latency: 0.179965 ms (enqueue 0.110562 ms)
[02/27/2026-11:11:42] [I] Average on 10 runs - GPU latency: 0.18028 ms - Host latency: 0.18028 ms (enqueue 0.108566 ms)
[02/27/2026-11:11:42] [I] Average on 10 runs - GPU latency: 0.1798 ms - Host latency: 0.1798 ms (enqueue 0.108258 ms)
[02/27/2026-11:11:42] [I] Average on 10 runs - GPU latency: 0.180203 ms - Host latency: 0.180203 ms (enqueue 0.105264 ms)
[02/27/2026-11:11:42] [I] Average on 10 runs - GPU latency: 0.179663 ms - Host latency: 0.179663 ms (enqueue 0.108627 ms)
[02/27/2026-11:11:42] [I] Average on 10 runs - GPU latency: 0.180386 ms - Host latency: 0.180386 ms (enqueue 0.103839 ms)
[02/27/2026-11:11:42] [I] Average on 10 runs - GPU latency: 0.178711 ms - Host latency: 0.178711 ms (enqueue 0.106744 ms)
[02/27/2026-11:11:42] [I] Average on 10 runs - GPU latency: 0.179498 ms - Host latency: 0.179498 ms (enqueue 0.109598 ms)
[02/27/2026-11:11:42] [I] Average on 10 runs - GPU latency: 0.180106 ms - Host latency: 0.180106 ms (enqueue 0.108447 ms)
[02/27/2026-11:11:42] [I] Average on 10 runs - GPU latency: 0.179745 ms - Host latency: 0.179745 ms (enqueue 0.106131 ms)
[02/27/2026-11:11:42] [I] Average on 10 runs - GPU latency: 0.180978 ms - Host latency: 0.180978 ms (enqueue 0.101843 ms)
[02/27/2026-11:11:42] [I] Average on 10 runs - GPU latency: 0.17934 ms - Host latency: 0.17934 ms (enqueue 0.112808 ms)
[02/27/2026-11:11:42] [I] Average on 10 runs - GPU latency: 0.179041 ms - Host latency: 0.179041 ms (enqueue 0.107681 ms)
[02/27/2026-11:11:42] [I] Average on 10 runs - GPU latency: 0.178909 ms - Host latency: 0.178909 ms (enqueue 0.110492 ms)
[02/27/2026-11:11:42] [I] Average on 10 runs - GPU latency: 0.180276 ms - Host latency: 0.180276 ms (enqueue 0.109546 ms)
[02/27/2026-11:11:42] [I] Average on 10 runs - GPU latency: 0.179626 ms - Host latency: 0.179626 ms (enqueue 0.110281 ms)
[02/27/2026-11:11:42] [I] Average on 10 runs - GPU latency: 0.1811 ms - Host latency: 0.1811 ms (enqueue 0.109747 ms)
[02/27/2026-11:11:42] [I] Average on 10 runs - GPU latency: 0.18067 ms - Host latency: 0.18067 ms (enqueue 0.109042 ms)
[02/27/2026-11:11:42] [I] Average on 10 runs - GPU latency: 0.179922 ms - Host latency: 0.179922 ms (enqueue 0.108749 ms)
[02/27/2026-11:11:42] [I] Average on 10 runs - GPU latency: 0.181219 ms - Host latency: 0.181219 ms (enqueue 0.109799 ms)
[02/27/2026-11:11:42] [I] Average on 10 runs - GPU latency: 0.178644 ms - Host latency: 0.178644 ms (enqueue 0.111182 ms)
[02/27/2026-11:11:42] [I] Average on 10 runs - GPU latency: 0.17876 ms - Host latency: 0.17876 ms (enqueue 0.108002 ms)
[02/27/2026-11:11:42] [I] Average on 10 runs - GPU latency: 0.18002 ms - Host latency: 0.18002 ms (enqueue 0.110315 ms)
[02/27/2026-11:11:42] [I] Average on 10 runs - GPU latency: 0.178885 ms - Host latency: 0.178885 ms (enqueue 0.107224 ms)
[02/27/2026-11:11:42] [I] Average on 10 runs - GPU latency: 0.179034 ms - Host latency: 0.179034 ms (enqueue 0.110379 ms)
[02/27/2026-11:11:42] [I] Average on 10 runs - GPU latency: 0.178976 ms - Host latency: 0.178976 ms (enqueue 0.109833 ms)
[02/27/2026-11:11:42] [I] Average on 10 runs - GPU latency: 0.179456 ms - Host latency: 0.179456 ms (enqueue 0.106747 ms)
[02/27/2026-11:11:42] [I] Average on 10 runs - GPU latency: 0.180057 ms - Host latency: 0.180057 ms (enqueue 0.107944 ms)
[02/27/2026-11:11:42] [I] Average on 10 runs - GPU latency: 0.179349 ms - Host latency: 0.179349 ms (enqueue 0.110562 ms)
[02/27/2026-11:11:42] [I] Average on 10 runs - GPU latency: 0.181445 ms - Host latency: 0.181445 ms (enqueue 0.108109 ms)
[02/27/2026-11:11:42] [I] Average on 10 runs - GPU latency: 0.179706 ms - Host latency: 0.179706 ms (enqueue 0.110678 ms)
[02/27/2026-11:11:42] [I] Average on 10 runs - GPU latency: 0.179929 ms - Host latency: 0.179929 ms (enqueue 0.109174 ms)
[02/27/2026-11:11:42] [I] Average on 10 runs - GPU latency: 0.180215 ms - Host latency: 0.180215 ms (enqueue 0.108252 ms)
[02/27/2026-11:11:42] [I] Average on 10 runs - GPU latency: 0.180078 ms - Host latency: 0.180078 ms (enqueue 0.110913 ms)
[02/27/2026-11:11:42] [I] Average on 10 runs - GPU latency: 0.180161 ms - Host latency: 0.180161 ms (enqueue 0.111307 ms)
[02/27/2026-11:11:42] [I] Average on 10 runs - GPU latency: 0.179385 ms - Host latency: 0.179385 ms (enqueue 0.110321 ms)
[02/27/2026-11:11:42] [I] Average on 10 runs - GPU latency: 0.178537 ms - Host latency: 0.178537 ms (enqueue 0.107877 ms)
[02/27/2026-11:11:42] [I] Average on 10 runs - GPU latency: 0.179742 ms - Host latency: 0.179742 ms (enqueue 0.106946 ms)
[02/27/2026-11:11:42] [I] Average on 10 runs - GPU latency: 0.178546 ms - Host latency: 0.178546 ms (enqueue 0.10726 ms)
[02/27/2026-11:11:42] [I] Average on 10 runs - GPU latency: 0.180322 ms - Host latency: 0.180322 ms (enqueue 0.107166 ms)
[02/27/2026-11:11:42] [I] Average on 10 runs - GPU latency: 0.180298 ms - Host latency: 0.180298 ms (enqueue 0.113885 ms)
[02/27/2026-11:11:42] [I] Average on 10 runs - GPU latency: 0.180701 ms - Host latency: 0.180701 ms (enqueue 0.109344 ms)
[02/27/2026-11:11:42] [I] Average on 10 runs - GPU latency: 0.17981 ms - Host latency: 0.17981 ms (enqueue 0.113486 ms)
[02/27/2026-11:11:42] [I] Average on 10 runs - GPU latency: 0.178903 ms - Host latency: 0.178903 ms (enqueue 0.11127 ms)
[02/27/2026-11:11:42] [I] Average on 10 runs - GPU latency: 0.17915 ms - Host latency: 0.17915 ms (enqueue 0.111139 ms)
[02/27/2026-11:11:42] [I] Average on 10 runs - GPU latency: 0.178799 ms - Host latency: 0.178799 ms (enqueue 0.109015 ms)
[02/27/2026-11:11:42] [I] Average on 10 runs - GPU latency: 0.179739 ms - Host latency: 0.179739 ms (enqueue 0.107993 ms)
[02/27/2026-11:11:42] [I] Average on 10 runs - GPU latency: 0.177866 ms - Host latency: 0.177866 ms (enqueue 0.108096 ms)
[02/27/2026-11:11:42] [I] Average on 10 runs - GPU latency: 0.179175 ms - Host latency: 0.179175 ms (enqueue 0.11033 ms)
[02/27/2026-11:11:42] [I] Average on 10 runs - GPU latency: 0.179999 ms - Host latency: 0.179999 ms (enqueue 0.109094 ms)
[02/27/2026-11:11:42] [I] Average on 10 runs - GPU latency: 0.180127 ms - Host latency: 0.180127 ms (enqueue 0.109631 ms)
[02/27/2026-11:11:42] [I] Average on 10 runs - GPU latency: 0.179681 ms - Host latency: 0.179681 ms (enqueue 0.106985 ms)
[02/27/2026-11:11:42] [I] Average on 10 runs - GPU latency: 0.179276 ms - Host latency: 0.179276 ms (enqueue 0.10954 ms)
[02/27/2026-11:11:42] [I] Average on 10 runs - GPU latency: 0.179294 ms - Host latency: 0.179294 ms (enqueue 0.110141 ms)
[02/27/2026-11:11:42] [I] Average on 10 runs - GPU latency: 0.180258 ms - Host latency: 0.180258 ms (enqueue 0.10636 ms)
[02/27/2026-11:11:42] [I] Average on 10 runs - GPU latency: 0.179868 ms - Host latency: 0.179868 ms (enqueue 0.107245 ms)
[02/27/2026-11:11:42] [I] Average on 10 runs - GPU latency: 0.177948 ms - Host latency: 0.177948 ms (enqueue 0.111334 ms)
[02/27/2026-11:11:42] [I] Average on 10 runs - GPU latency: 0.18038 ms - Host latency: 0.18038 ms (enqueue 0.105328 ms)
[02/27/2026-11:11:42] [I] Average on 10 runs - GPU latency: 0.179813 ms - Host latency: 0.179813 ms (enqueue 0.108051 ms)
[02/27/2026-11:11:42] [I] Average on 10 runs - GPU latency: 0.180057 ms - Host latency: 0.180057 ms (enqueue 0.106839 ms)
[02/27/2026-11:11:42] [I] Average on 10 runs - GPU latency: 0.17894 ms - Host latency: 0.17894 ms (enqueue 0.10824 ms)
[02/27/2026-11:11:42] [I] Average on 10 runs - GPU latency: 0.17952 ms - Host latency: 0.17952 ms (enqueue 0.107745 ms)
[02/27/2026-11:11:42] [I] Average on 10 runs - GPU latency: 0.180847 ms - Host latency: 0.180847 ms (enqueue 0.108652 ms)
[02/27/2026-11:11:42] [I] Average on 10 runs - GPU latency: 0.180447 ms - Host latency: 0.180447 ms (enqueue 0.108023 ms)
[02/27/2026-11:11:42] [I] Average on 10 runs - GPU latency: 0.179047 ms - Host latency: 0.179047 ms (enqueue 0.108322 ms)
[02/27/2026-11:11:42] [I] Average on 10 runs - GPU latency: 0.179166 ms - Host latency: 0.179166 ms (enqueue 0.108807 ms)
[02/27/2026-11:11:42] [I] Average on 10 runs - GPU latency: 0.179953 ms - Host latency: 0.179953 ms (enqueue 0.107935 ms)
[02/27/2026-11:11:42] [I] Average on 10 runs - GPU latency: 0.178589 ms - Host latency: 0.178589 ms (enqueue 0.108102 ms)
[02/27/2026-11:11:42] [I] Average on 10 runs - GPU latency: 0.180206 ms - Host latency: 0.180206 ms (enqueue 0.104181 ms)
[02/27/2026-11:11:42] [I] Average on 10 runs - GPU latency: 0.179999 ms - Host latency: 0.179999 ms (enqueue 0.105563 ms)
[02/27/2026-11:11:42] [I] Average on 10 runs - GPU latency: 0.17973 ms - Host latency: 0.17973 ms (enqueue 0.109708 ms)
[02/27/2026-11:11:42] [I] Average on 10 runs - GPU latency: 0.179587 ms - Host latency: 0.179587 ms (enqueue 0.112473 ms)
[02/27/2026-11:11:42] [I] Average on 10 runs - GPU latency: 0.178876 ms - Host latency: 0.178876 ms (enqueue 0.109421 ms)
[02/27/2026-11:11:42] [I] Average on 10 runs - GPU latency: 0.180212 ms - Host latency: 0.180212 ms (enqueue 0.107419 ms)
[02/27/2026-11:11:42] [I] Average on 10 runs - GPU latency: 0.180069 ms - Host latency: 0.180069 ms (enqueue 0.109689 ms)
[02/27/2026-11:11:42] [I] Average on 10 runs - GPU latency: 0.178986 ms - Host latency: 0.178986 ms (enqueue 0.109848 ms)
[02/27/2026-11:11:42] [I] Average on 10 runs - GPU latency: 0.179218 ms - Host latency: 0.179218 ms (enqueue 0.107553 ms)
[02/27/2026-11:11:42] [I] Average on 10 runs - GPU latency: 0.180115 ms - Host latency: 0.180115 ms (enqueue 0.110559 ms)
[02/27/2026-11:11:42] [I] Average on 10 runs - GPU latency: 0.180374 ms - Host latency: 0.180374 ms (enqueue 0.108426 ms)
[02/27/2026-11:11:42] [I] Average on 10 runs - GPU latency: 0.179593 ms - Host latency: 0.179593 ms (enqueue 0.109305 ms)
[02/27/2026-11:11:42] [I] Average on 10 runs - GPU latency: 0.180438 ms - Host latency: 0.180438 ms (enqueue 0.110165 ms)
[02/27/2026-11:11:42] [I] Average on 10 runs - GPU latency: 0.179361 ms - Host latency: 0.179361 ms (enqueue 0.109558 ms)
[02/27/2026-11:11:42] [I] Average on 10 runs - GPU latency: 0.180682 ms - Host latency: 0.180682 ms (enqueue 0.108594 ms)
[02/27/2026-11:11:42] [I] Average on 10 runs - GPU latency: 0.180457 ms - Host latency: 0.180457 ms (enqueue 0.108774 ms)
[02/27/2026-11:11:42] [I] Average on 10 runs - GPU latency: 0.178992 ms - Host latency: 0.178992 ms (enqueue 0.114279 ms)
[02/27/2026-11:11:42] [I] Average on 10 runs - GPU latency: 0.179166 ms - Host latency: 0.179166 ms (enqueue 0.109204 ms)
[02/27/2026-11:11:42] [I] Average on 10 runs - GPU latency: 0.179419 ms - Host latency: 0.179419 ms (enqueue 0.111426 ms)
[02/27/2026-11:11:42] [I] Average on 10 runs - GPU latency: 0.180719 ms - Host latency: 0.180719 ms (enqueue 0.109946 ms)
[02/27/2026-11:11:42] [I] Average on 10 runs - GPU latency: 0.179364 ms - Host latency: 0.179364 ms (enqueue 0.109366 ms)
[02/27/2026-11:11:42] [I] Average on 10 runs - GPU latency: 0.179755 ms - Host latency: 0.179755 ms (enqueue 0.109921 ms)
[02/27/2026-11:11:42] [I] Average on 10 runs - GPU latency: 0.179077 ms - Host latency: 0.179077 ms (enqueue 0.113907 ms)
[02/27/2026-11:11:42] [I] Average on 10 runs - GPU latency: 0.179568 ms - Host latency: 0.179568 ms (enqueue 0.108575 ms)
[02/27/2026-11:11:42] [I] Average on 10 runs - GPU latency: 0.179935 ms - Host latency: 0.179935 ms (enqueue 0.107547 ms)
[02/27/2026-11:11:42] [I] Average on 10 runs - GPU latency: 0.179285 ms - Host latency: 0.179285 ms (enqueue 0.111462 ms)
[02/27/2026-11:11:42] [I] Average on 10 runs - GPU latency: 0.178955 ms - Host latency: 0.178955 ms (enqueue 0.108752 ms)
[02/27/2026-11:11:42] [I] Average on 10 runs - GPU latency: 0.178851 ms - Host latency: 0.178851 ms (enqueue 0.110886 ms)
[02/27/2026-11:11:42] [I] Average on 10 runs - GPU latency: 0.179901 ms - Host latency: 0.179901 ms (enqueue 0.106763 ms)
[02/27/2026-11:11:42] [I] Average on 10 runs - GPU latency: 0.178412 ms - Host latency: 0.178412 ms (enqueue 0.109586 ms)
[02/27/2026-11:11:42] [I] Average on 10 runs - GPU latency: 0.179324 ms - Host latency: 0.179324 ms (enqueue 0.110095 ms)
[02/27/2026-11:11:42] [I] Average on 10 runs - GPU latency: 0.179001 ms - Host latency: 0.179001 ms (enqueue 0.110486 ms)
[02/27/2026-11:11:42] [I] Average on 10 runs - GPU latency: 0.178699 ms - Host latency: 0.178699 ms (enqueue 0.105267 ms)
[02/27/2026-11:11:42] [I] Average on 10 runs - GPU latency: 0.179849 ms - Host latency: 0.179849 ms (enqueue 0.106476 ms)
[02/27/2026-11:11:42] [I] Average on 10 runs - GPU latency: 0.17814 ms - Host latency: 0.17814 ms (enqueue 0.108771 ms)
[02/27/2026-11:11:42] [I] Average on 10 runs - GPU latency: 0.179889 ms - Host latency: 0.179889 ms (enqueue 0.105823 ms)
[02/27/2026-11:11:42] [I] Average on 10 runs - GPU latency: 0.179364 ms - Host latency: 0.179364 ms (enqueue 0.108054 ms)
[02/27/2026-11:11:42] [I] Average on 10 runs - GPU latency: 0.179532 ms - Host latency: 0.179532 ms (enqueue 0.10986 ms)
[02/27/2026-11:11:42] [I] Average on 10 runs - GPU latency: 0.179288 ms - Host latency: 0.179288 ms (enqueue 0.10751 ms)
[02/27/2026-11:11:42] [I] Average on 10 runs - GPU latency: 0.180679 ms - Host latency: 0.180679 ms (enqueue 0.106738 ms)
[02/27/2026-11:11:42] [I] Average on 10 runs - GPU latency: 0.179269 ms - Host latency: 0.179269 ms (enqueue 0.105087 ms)
[02/27/2026-11:11:42] [I] Average on 10 runs - GPU latency: 0.178979 ms - Host latency: 0.178979 ms (enqueue 0.105228 ms)
[02/27/2026-11:11:42] [I] Average on 10 runs - GPU latency: 0.179419 ms - Host latency: 0.179419 ms (enqueue 0.10755 ms)
[02/27/2026-11:11:42] [I] Average on 10 runs - GPU latency: 0.181024 ms - Host latency: 0.181024 ms (enqueue 0.108255 ms)
[02/27/2026-11:11:42] [I] Average on 10 runs - GPU latency: 0.179166 ms - Host latency: 0.179166 ms (enqueue 0.107388 ms)
[02/27/2026-11:11:42] [I] Average on 10 runs - GPU latency: 0.180771 ms - Host latency: 0.180771 ms (enqueue 0.10592 ms)
[02/27/2026-11:11:42] [I] Average on 10 runs - GPU latency: 0.179956 ms - Host latency: 0.179956 ms (enqueue 0.106509 ms)
[02/27/2026-11:11:42] [I] Average on 10 runs - GPU latency: 0.179227 ms - Host latency: 0.179227 ms (enqueue 0.107983 ms)
[02/27/2026-11:11:42] [I] Average on 10 runs - GPU latency: 0.178757 ms - Host latency: 0.178757 ms (enqueue 0.106662 ms)
[02/27/2026-11:11:42] [I] Average on 10 runs - GPU latency: 0.179572 ms - Host latency: 0.179572 ms (enqueue 0.107013 ms)
[02/27/2026-11:11:42] [I] Average on 10 runs - GPU latency: 0.180725 ms - Host latency: 0.180725 ms (enqueue 0.107407 ms)
[02/27/2026-11:11:42] [I] Average on 10 runs - GPU latency: 0.179031 ms - Host latency: 0.179031 ms (enqueue 0.110623 ms)
[02/27/2026-11:11:42] [I] Average on 10 runs - GPU latency: 0.180325 ms - Host latency: 0.180325 ms (enqueue 0.109866 ms)
[02/27/2026-11:11:42] [I] Average on 10 runs - GPU latency: 0.180258 ms - Host latency: 0.180258 ms (enqueue 0.105539 ms)
[02/27/2026-11:11:42] [I] Average on 10 runs - GPU latency: 0.178867 ms - Host latency: 0.178867 ms (enqueue 0.10899 ms)
[02/27/2026-11:11:42] [I] Average on 10 runs - GPU latency: 0.18038 ms - Host latency: 0.18038 ms (enqueue 0.107895 ms)
[02/27/2026-11:11:42] [I] Average on 10 runs - GPU latency: 0.179926 ms - Host latency: 0.179926 ms (enqueue 0.110886 ms)
[02/27/2026-11:11:42] [I] Average on 10 runs - GPU latency: 0.178665 ms - Host latency: 0.178665 ms (enqueue 0.109448 ms)
[02/27/2026-11:11:42] [I] Average on 10 runs - GPU latency: 0.179962 ms - Host latency: 0.179962 ms (enqueue 0.108786 ms)
[02/27/2026-11:11:42] [I] Average on 10 runs - GPU latency: 0.179095 ms - Host latency: 0.179095 ms (enqueue 0.11019 ms)
[02/27/2026-11:11:42] [I] Average on 10 runs - GPU latency: 0.180652 ms - Host latency: 0.180652 ms (enqueue 0.107916 ms)
[02/27/2026-11:11:42] [I] Average on 10 runs - GPU latency: 0.180023 ms - Host latency: 0.180023 ms (enqueue 0.108002 ms)
[02/27/2026-11:11:42] [I] Average on 10 runs - GPU latency: 0.180887 ms - Host latency: 0.180887 ms (enqueue 0.106024 ms)
[02/27/2026-11:11:42] [I] Average on 10 runs - GPU latency: 0.179382 ms - Host latency: 0.179382 ms (enqueue 0.108624 ms)
[02/27/2026-11:11:42] [I] Average on 10 runs - GPU latency: 0.180118 ms - Host latency: 0.180118 ms (enqueue 0.10954 ms)
[02/27/2026-11:11:42] [I] Average on 10 runs - GPU latency: 0.178519 ms - Host latency: 0.178519 ms (enqueue 0.109421 ms)
[02/27/2026-11:11:42] [I] Average on 10 runs - GPU latency: 0.181293 ms - Host latency: 0.181293 ms (enqueue 0.10799 ms)
[02/27/2026-11:11:42] [I] Average on 10 runs - GPU latency: 0.1789 ms - Host latency: 0.1789 ms (enqueue 0.105334 ms)
[02/27/2026-11:11:42] [I] Average on 10 runs - GPU latency: 0.180255 ms - Host latency: 0.180255 ms (enqueue 0.107446 ms)
[02/27/2026-11:11:42] [I] Average on 10 runs - GPU latency: 0.179327 ms - Host latency: 0.179327 ms (enqueue 0.107751 ms)
[02/27/2026-11:11:42] [I] Average on 10 runs - GPU latency: 0.180377 ms - Host latency: 0.180377 ms (enqueue 0.106335 ms)
[02/27/2026-11:11:42] [I] Average on 10 runs - GPU latency: 0.179718 ms - Host latency: 0.179718 ms (enqueue 0.110937 ms)
[02/27/2026-11:11:42] [I] Average on 10 runs - GPU latency: 0.179388 ms - Host latency: 0.179388 ms (enqueue 0.1078 ms)
[02/27/2026-11:11:42] [I] Average on 10 runs - GPU latency: 0.179205 ms - Host latency: 0.179205 ms (enqueue 0.106146 ms)
[02/27/2026-11:11:42] [I] Average on 10 runs - GPU latency: 0.179803 ms - Host latency: 0.179803 ms (enqueue 0.108459 ms)
[02/27/2026-11:11:42] [I] Average on 10 runs - GPU latency: 0.179559 ms - Host latency: 0.179559 ms (enqueue 0.108698 ms)
[02/27/2026-11:11:42] [I] Average on 10 runs - GPU latency: 0.179987 ms - Host latency: 0.179987 ms (enqueue 0.108698 ms)
[02/27/2026-11:11:42] [I] Average on 10 runs - GPU latency: 0.179889 ms - Host latency: 0.179889 ms (enqueue 0.111475 ms)
[02/27/2026-11:11:42] [I] Average on 10 runs - GPU latency: 0.179956 ms - Host latency: 0.179956 ms (enqueue 0.108875 ms)
[02/27/2026-11:11:42] [I] Average on 10 runs - GPU latency: 0.179834 ms - Host latency: 0.179834 ms (enqueue 0.105414 ms)
[02/27/2026-11:11:42] [I] Average on 10 runs - GPU latency: 0.179401 ms - Host latency: 0.179401 ms (enqueue 0.109363 ms)
[02/27/2026-11:11:42] [I] Average on 10 runs - GPU latency: 0.180048 ms - Host latency: 0.180048 ms (enqueue 0.106055 ms)
[02/27/2026-11:11:42] [I] Average on 10 runs - GPU latency: 0.179913 ms - Host latency: 0.179913 ms (enqueue 0.106757 ms)
[02/27/2026-11:11:42] [I] Average on 10 runs - GPU latency: 0.179901 ms - Host latency: 0.179901 ms (enqueue 0.109052 ms)
[02/27/2026-11:11:42] [I] Average on 10 runs - GPU latency: 0.179004 ms - Host latency: 0.179004 ms (enqueue 0.108624 ms)
[02/27/2026-11:11:42] [I] Average on 10 runs - GPU latency: 0.17926 ms - Host latency: 0.17926 ms (enqueue 0.106946 ms)
[02/27/2026-11:11:42] [I] Average on 10 runs - GPU latency: 0.178925 ms - Host latency: 0.178925 ms (enqueue 0.108105 ms)
[02/27/2026-11:11:42] [I] Average on 10 runs - GPU latency: 0.180249 ms - Host latency: 0.180249 ms (enqueue 0.110193 ms)
[02/27/2026-11:11:42] [I] Average on 10 runs - GPU latency: 0.180573 ms - Host latency: 0.180573 ms (enqueue 0.107489 ms)
[02/27/2026-11:11:42] [I] Average on 10 runs - GPU latency: 0.179333 ms - Host latency: 0.179333 ms (enqueue 0.107257 ms)
[02/27/2026-11:11:42] [I] Average on 10 runs - GPU latency: 0.179889 ms - Host latency: 0.179889 ms (enqueue 0.109064 ms)
[02/27/2026-11:11:42] [I] Average on 10 runs - GPU latency: 0.180353 ms - Host latency: 0.180353 ms (enqueue 0.109674 ms)
[02/27/2026-11:11:42] [I] Average on 10 runs - GPU latency: 0.179138 ms - Host latency: 0.179138 ms (enqueue 0.10824 ms)
[02/27/2026-11:11:42] [I] Average on 10 runs - GPU latency: 0.181012 ms - Host latency: 0.181012 ms (enqueue 0.109027 ms)
[02/27/2026-11:11:42] [I] Average on 10 runs - GPU latency: 0.1789 ms - Host latency: 0.1789 ms (enqueue 0.105786 ms)
[02/27/2026-11:11:42] [I] Average on 10 runs - GPU latency: 0.178619 ms - Host latency: 0.178619 ms (enqueue 0.108655 ms)
[02/27/2026-11:11:42] [I] Average on 10 runs - GPU latency: 0.180383 ms - Host latency: 0.180383 ms (enqueue 0.103394 ms)
[02/27/2026-11:11:42] [I] Average on 10 runs - GPU latency: 0.180737 ms - Host latency: 0.180737 ms (enqueue 0.10733 ms)
[02/27/2026-11:11:42] [I] Average on 10 runs - GPU latency: 0.179059 ms - Host latency: 0.179059 ms (enqueue 0.10907 ms)
[02/27/2026-11:11:42] [I] Average on 10 runs - GPU latency: 0.179565 ms - Host latency: 0.179565 ms (enqueue 0.107776 ms)
[02/27/2026-11:11:42] [I] Average on 10 runs - GPU latency: 0.180811 ms - Host latency: 0.180811 ms (enqueue 0.109985 ms)
[02/27/2026-11:11:42] [I] Average on 10 runs - GPU latency: 0.180389 ms - Host latency: 0.180389 ms (enqueue 0.105731 ms)
[02/27/2026-11:11:42] [I] Average on 10 runs - GPU latency: 0.179639 ms - Host latency: 0.179639 ms (enqueue 0.107922 ms)
[02/27/2026-11:11:42] [I] Average on 10 runs - GPU latency: 0.180743 ms - Host latency: 0.180743 ms (enqueue 0.106567 ms)
[02/27/2026-11:11:42] [I] Average on 10 runs - GPU latency: 0.180194 ms - Host latency: 0.180194 ms (enqueue 0.108923 ms)
[02/27/2026-11:11:42] [I] Average on 10 runs - GPU latency: 0.180615 ms - Host latency: 0.180615 ms (enqueue 0.103436 ms)
[02/27/2026-11:11:42] [I] Average on 10 runs - GPU latency: 0.180518 ms - Host latency: 0.180518 ms (enqueue 0.106451 ms)
[02/27/2026-11:11:42] [I] Average on 10 runs - GPU latency: 0.180078 ms - Host latency: 0.180078 ms (enqueue 0.104712 ms)
[02/27/2026-11:11:42] [I] Average on 10 runs - GPU latency: 0.179736 ms - Host latency: 0.179736 ms (enqueue 0.106854 ms)
[02/27/2026-11:11:42] [I] Average on 10 runs - GPU latency: 0.180664 ms - Host latency: 0.180664 ms (enqueue 0.103455 ms)
[02/27/2026-11:11:42] [I] Average on 10 runs - GPU latency: 0.18139 ms - Host latency: 0.18139 ms (enqueue 0.107922 ms)
[02/27/2026-11:11:42] [I] Average on 10 runs - GPU latency: 0.180927 ms - Host latency: 0.180927 ms (enqueue 0.10813 ms)
[02/27/2026-11:11:42] [I] Average on 10 runs - GPU latency: 0.180664 ms - Host latency: 0.180664 ms (enqueue 0.107904 ms)
[02/27/2026-11:11:42] [I] Average on 10 runs - GPU latency: 0.179626 ms - Host latency: 0.179626 ms (enqueue 0.10545 ms)
[02/27/2026-11:11:42] [I] Average on 10 runs - GPU latency: 0.17912 ms - Host latency: 0.17912 ms (enqueue 0.105377 ms)
[02/27/2026-11:11:42] [I] Average on 10 runs - GPU latency: 0.180463 ms - Host latency: 0.180463 ms (enqueue 0.106097 ms)
[02/27/2026-11:11:42] [I] Average on 10 runs - GPU latency: 0.181226 ms - Host latency: 0.181226 ms (enqueue 0.102509 ms)
[02/27/2026-11:11:42] [I] Average on 10 runs - GPU latency: 0.180255 ms - Host latency: 0.180255 ms (enqueue 0.105157 ms)
[02/27/2026-11:11:42] [I] Average on 10 runs - GPU latency: 0.180682 ms - Host latency: 0.180682 ms (enqueue 0.105121 ms)
[02/27/2026-11:11:42] [I] Average on 10 runs - GPU latency: 0.18053 ms - Host latency: 0.18053 ms (enqueue 0.105164 ms)
[02/27/2026-11:11:42] [I] Average on 10 runs - GPU latency: 0.180048 ms - Host latency: 0.180048 ms (enqueue 0.106378 ms)
[02/27/2026-11:11:42] [I] Average on 10 runs - GPU latency: 0.180273 ms - Host latency: 0.180273 ms (enqueue 0.105005 ms)
[02/27/2026-11:11:42] [I] Average on 10 runs - GPU latency: 0.179321 ms - Host latency: 0.179321 ms (enqueue 0.107947 ms)
[02/27/2026-11:11:42] [I] Average on 10 runs - GPU latency: 0.17973 ms - Host latency: 0.17973 ms (enqueue 0.108203 ms)
[02/27/2026-11:11:42] [I] Average on 10 runs - GPU latency: 0.179822 ms - Host latency: 0.179822 ms (enqueue 0.1112 ms)
[02/27/2026-11:11:42] [I] Average on 10 runs - GPU latency: 0.179169 ms - Host latency: 0.179169 ms (enqueue 0.108539 ms)
[02/27/2026-11:11:42] [I] Average on 10 runs - GPU latency: 0.181213 ms - Host latency: 0.181213 ms (enqueue 0.107513 ms)
[02/27/2026-11:11:42] [I] Average on 10 runs - GPU latency: 0.181525 ms - Host latency: 0.181525 ms (enqueue 0.105908 ms)
[02/27/2026-11:11:42] [I] Average on 10 runs - GPU latency: 0.179755 ms - Host latency: 0.179755 ms (enqueue 0.104468 ms)
[02/27/2026-11:11:42] [I] Average on 10 runs - GPU latency: 0.181055 ms - Host latency: 0.181055 ms (enqueue 0.104584 ms)
[02/27/2026-11:11:42] [I] Average on 10 runs - GPU latency: 0.180914 ms - Host latency: 0.180914 ms (enqueue 0.107574 ms)
[02/27/2026-11:11:42] [I] Average on 10 runs - GPU latency: 0.179297 ms - Host latency: 0.179297 ms (enqueue 0.109259 ms)
[02/27/2026-11:11:42] [I] Average on 10 runs - GPU latency: 0.18056 ms - Host latency: 0.18056 ms (enqueue 0.108301 ms)
[02/27/2026-11:11:42] [I] Average on 10 runs - GPU latency: 0.17973 ms - Host latency: 0.17973 ms (enqueue 0.105646 ms)
[02/27/2026-11:11:42] [I] Average on 10 runs - GPU latency: 0.17973 ms - Host latency: 0.17973 ms (enqueue 0.103534 ms)
[02/27/2026-11:11:42] [I] Average on 10 runs - GPU latency: 0.179297 ms - Host latency: 0.179297 ms (enqueue 0.104132 ms)
[02/27/2026-11:11:42] [I] Average on 10 runs - GPU latency: 0.180438 ms - Host latency: 0.180438 ms (enqueue 0.104211 ms)
[02/27/2026-11:11:42] [I] Average on 10 runs - GPU latency: 0.179645 ms - Host latency: 0.179645 ms (enqueue 0.10827 ms)
[02/27/2026-11:11:42] [I] Average on 10 runs - GPU latency: 0.18111 ms - Host latency: 0.18111 ms (enqueue 0.106427 ms)
[02/27/2026-11:11:42] [I] Average on 10 runs - GPU latency: 0.179675 ms - Host latency: 0.179675 ms (enqueue 0.109351 ms)
[02/27/2026-11:11:42] [I] Average on 10 runs - GPU latency: 0.180432 ms - Host latency: 0.180432 ms (enqueue 0.10528 ms)
[02/27/2026-11:11:42] [I] Average on 10 runs - GPU latency: 0.178387 ms - Host latency: 0.178387 ms (enqueue 0.109729 ms)
[02/27/2026-11:11:42] [I] Average on 10 runs - GPU latency: 0.179926 ms - Host latency: 0.179926 ms (enqueue 0.106128 ms)
[02/27/2026-11:11:42] [I] Average on 10 runs - GPU latency: 0.178949 ms - Host latency: 0.178949 ms (enqueue 0.106799 ms)
[02/27/2026-11:11:42] [I] Average on 10 runs - GPU latency: 0.180182 ms - Host latency: 0.180182 ms (enqueue 0.106702 ms)
[02/27/2026-11:11:42] [I] Average on 10 runs - GPU latency: 0.18089 ms - Host latency: 0.18089 ms (enqueue 0.108051 ms)
[02/27/2026-11:11:42] [I] Average on 10 runs - GPU latency: 0.179309 ms - Host latency: 0.179309 ms (enqueue 0.107043 ms)
[02/27/2026-11:11:42] [I] Average on 10 runs - GPU latency: 0.181476 ms - Host latency: 0.181476 ms (enqueue 0.107941 ms)
[02/27/2026-11:11:42] [I] Average on 10 runs - GPU latency: 0.180713 ms - Host latency: 0.180713 ms (enqueue 0.107849 ms)
[02/27/2026-11:11:42] [I] Average on 10 runs - GPU latency: 0.180945 ms - Host latency: 0.180945 ms (enqueue 0.10473 ms)
[02/27/2026-11:11:42] [I] Average on 10 runs - GPU latency: 0.178937 ms - Host latency: 0.178937 ms (enqueue 0.105756 ms)
[02/27/2026-11:11:42] [I] Average on 10 runs - GPU latency: 0.180316 ms - Host latency: 0.180316 ms (enqueue 0.105463 ms)
[02/27/2026-11:11:42] [I] Average on 10 runs - GPU latency: 0.180011 ms - Host latency: 0.180011 ms (enqueue 0.108508 ms)
[02/27/2026-11:11:42] [I] Average on 10 runs - GPU latency: 0.180078 ms - Host latency: 0.180078 ms (enqueue 0.10647 ms)
[02/27/2026-11:11:42] [I] Average on 10 runs - GPU latency: 0.180249 ms - Host latency: 0.180249 ms (enqueue 0.110443 ms)
[02/27/2026-11:11:42] [I] Average on 10 runs - GPU latency: 0.17912 ms - Host latency: 0.17912 ms (enqueue 0.106097 ms)
[02/27/2026-11:11:42] [I] Average on 10 runs - GPU latency: 0.179852 ms - Host latency: 0.179852 ms (enqueue 0.105878 ms)
[02/27/2026-11:11:42] [I] Average on 10 runs - GPU latency: 0.180048 ms - Host latency: 0.180048 ms (enqueue 0.109015 ms)
[02/27/2026-11:11:42] [I] Average on 10 runs - GPU latency: 0.179895 ms - Host latency: 0.179895 ms (enqueue 0.106134 ms)
[02/27/2026-11:11:42] [I] Average on 10 runs - GPU latency: 0.179694 ms - Host latency: 0.179694 ms (enqueue 0.109045 ms)
[02/27/2026-11:11:42] [I] Average on 10 runs - GPU latency: 0.17926 ms - Host latency: 0.17926 ms (enqueue 0.105487 ms)
[02/27/2026-11:11:42] [I] Average on 10 runs - GPU latency: 0.180005 ms - Host latency: 0.180005 ms (enqueue 0.10929 ms)
[02/27/2026-11:11:42] [I] Average on 10 runs - GPU latency: 0.180353 ms - Host latency: 0.180353 ms (enqueue 0.107458 ms)
[02/27/2026-11:11:42] [I] Average on 10 runs - GPU latency: 0.180853 ms - Host latency: 0.180853 ms (enqueue 0.10423 ms)
[02/27/2026-11:11:42] [I] Average on 10 runs - GPU latency: 0.179858 ms - Host latency: 0.179858 ms (enqueue 0.109454 ms)
[02/27/2026-11:11:42] [I] Average on 10 runs - GPU latency: 0.179242 ms - Host latency: 0.179242 ms (enqueue 0.109326 ms)
[02/27/2026-11:11:42] [I] Average on 10 runs - GPU latency: 0.180054 ms - Host latency: 0.180054 ms (enqueue 0.108142 ms)
[02/27/2026-11:11:42] [I] Average on 10 runs - GPU latency: 0.179645 ms - Host latency: 0.179645 ms (enqueue 0.108319 ms)
[02/27/2026-11:11:42] [I] Average on 10 runs - GPU latency: 0.17901 ms - Host latency: 0.17901 ms (enqueue 0.111377 ms)
[02/27/2026-11:11:42] [I] Average on 10 runs - GPU latency: 0.180585 ms - Host latency: 0.180585 ms (enqueue 0.106299 ms)
[02/27/2026-11:11:42] [I] Average on 10 runs - GPU latency: 0.1797 ms - Host latency: 0.1797 ms (enqueue 0.107104 ms)
[02/27/2026-11:11:42] [I] Average on 10 runs - GPU latency: 0.179443 ms - Host latency: 0.179443 ms (enqueue 0.106989 ms)
[02/27/2026-11:11:42] [I] Average on 10 runs - GPU latency: 0.180023 ms - Host latency: 0.180023 ms (enqueue 0.109552 ms)
[02/27/2026-11:11:42] [I] Average on 10 runs - GPU latency: 0.180023 ms - Host latency: 0.180023 ms (enqueue 0.108655 ms)
[02/27/2026-11:11:42] [I] Average on 10 runs - GPU latency: 0.179944 ms - Host latency: 0.179944 ms (enqueue 0.108484 ms)
[02/27/2026-11:11:42] [I] Average on 10 runs - GPU latency: 0.181946 ms - Host latency: 0.181946 ms (enqueue 0.103754 ms)
[02/27/2026-11:11:42] [I] Average on 10 runs - GPU latency: 0.179565 ms - Host latency: 0.179565 ms (enqueue 0.106433 ms)
[02/27/2026-11:11:42] [I] Average on 10 runs - GPU latency: 0.180585 ms - Host latency: 0.180585 ms (enqueue 0.1078 ms)
[02/27/2026-11:11:42] [I] Average on 10 runs - GPU latency: 0.18017 ms - Host latency: 0.18017 ms (enqueue 0.106836 ms)
[02/27/2026-11:11:42] [I] Average on 10 runs - GPU latency: 0.179602 ms - Host latency: 0.179602 ms (enqueue 0.107495 ms)
[02/27/2026-11:11:42] [I] Average on 10 runs - GPU latency: 0.179724 ms - Host latency: 0.179724 ms (enqueue 0.107202 ms)
[02/27/2026-11:11:42] [I] Average on 10 runs - GPU latency: 0.178412 ms - Host latency: 0.178412 ms (enqueue 0.114166 ms)
[02/27/2026-11:11:42] [I] Average on 10 runs - GPU latency: 0.179071 ms - Host latency: 0.179071 ms (enqueue 0.108984 ms)
[02/27/2026-11:11:42] [I] Average on 10 runs - GPU latency: 0.180316 ms - Host latency: 0.180316 ms (enqueue 0.111786 ms)
[02/27/2026-11:11:42] [I] Average on 10 runs - GPU latency: 0.180255 ms - Host latency: 0.180255 ms (enqueue 0.105963 ms)
[02/27/2026-11:11:42] [I] Average on 10 runs - GPU latency: 0.179187 ms - Host latency: 0.179187 ms (enqueue 0.107819 ms)
[02/27/2026-11:11:42] [I] Average on 10 runs - GPU latency: 0.180481 ms - Host latency: 0.180481 ms (enqueue 0.105927 ms)
[02/27/2026-11:11:42] [I] Average on 10 runs - GPU latency: 0.179456 ms - Host latency: 0.179456 ms (enqueue 0.109656 ms)
[02/27/2026-11:11:42] [I] Average on 10 runs - GPU latency: 0.180432 ms - Host latency: 0.180432 ms (enqueue 0.106769 ms)
[02/27/2026-11:11:42] [I] Average on 10 runs - GPU latency: 0.179871 ms - Host latency: 0.179871 ms (enqueue 0.107928 ms)
[02/27/2026-11:11:42] [I] Average on 10 runs - GPU latency: 0.179382 ms - Host latency: 0.179382 ms (enqueue 0.110883 ms)
[02/27/2026-11:11:42] [I] Average on 10 runs - GPU latency: 0.178668 ms - Host latency: 0.178668 ms (enqueue 0.108838 ms)
[02/27/2026-11:11:42] [I] Average on 10 runs - GPU latency: 0.179388 ms - Host latency: 0.179388 ms (enqueue 0.109454 ms)
[02/27/2026-11:11:42] [I] Average on 10 runs - GPU latency: 0.179437 ms - Host latency: 0.179437 ms (enqueue 0.106189 ms)
[02/27/2026-11:11:42] [I] Average on 10 runs - GPU latency: 0.179022 ms - Host latency: 0.179022 ms (enqueue 0.107184 ms)
[02/27/2026-11:11:42] [I] Average on 10 runs - GPU latency: 0.178723 ms - Host latency: 0.178723 ms (enqueue 0.110889 ms)
[02/27/2026-11:11:42] [I] Average on 10 runs - GPU latency: 0.179321 ms - Host latency: 0.179321 ms (enqueue 0.105615 ms)
[02/27/2026-11:11:42] [I] Average on 10 runs - GPU latency: 0.180798 ms - Host latency: 0.180798 ms (enqueue 0.105475 ms)
[02/27/2026-11:11:42] [I] Average on 10 runs - GPU latency: 0.179138 ms - Host latency: 0.179138 ms (enqueue 0.1091 ms)
[02/27/2026-11:11:42] [I] Average on 10 runs - GPU latency: 0.178882 ms - Host latency: 0.178882 ms (enqueue 0.113092 ms)
[02/27/2026-11:11:42] [I] Average on 10 runs - GPU latency: 0.179199 ms - Host latency: 0.179199 ms (enqueue 0.108972 ms)
[02/27/2026-11:11:42] [I] Average on 10 runs - GPU latency: 0.178827 ms - Host latency: 0.178827 ms (enqueue 0.106213 ms)
[02/27/2026-11:11:42] [I] Average on 10 runs - GPU latency: 0.180402 ms - Host latency: 0.180402 ms (enqueue 0.10863 ms)
[02/27/2026-11:11:42] [I] Average on 10 runs - GPU latency: 0.17879 ms - Host latency: 0.17879 ms (enqueue 0.108875 ms)
[02/27/2026-11:11:42] [I] Average on 10 runs - GPU latency: 0.179889 ms - Host latency: 0.179889 ms (enqueue 0.106384 ms)
[02/27/2026-11:11:42] [I] Average on 10 runs - GPU latency: 0.180121 ms - Host latency: 0.180121 ms (enqueue 0.105505 ms)
[02/27/2026-11:11:42] [I] Average on 10 runs - GPU latency: 0.180841 ms - Host latency: 0.180841 ms (enqueue 0.106903 ms)
[02/27/2026-11:11:42] [I] Average on 10 runs - GPU latency: 0.179785 ms - Host latency: 0.179785 ms (enqueue 0.105267 ms)
[02/27/2026-11:11:42] [I] Average on 10 runs - GPU latency: 0.179254 ms - Host latency: 0.179254 ms (enqueue 0.109784 ms)
[02/27/2026-11:11:42] [I] Average on 10 runs - GPU latency: 0.179742 ms - Host latency: 0.179742 ms (enqueue 0.10976 ms)
[02/27/2026-11:11:42] [I] Average on 10 runs - GPU latency: 0.18009 ms - Host latency: 0.18009 ms (enqueue 0.108917 ms)
[02/27/2026-11:11:42] [I] Average on 10 runs - GPU latency: 0.180182 ms - Host latency: 0.180182 ms (enqueue 0.105048 ms)
[02/27/2026-11:11:42] [I] Average on 10 runs - GPU latency: 0.179944 ms - Host latency: 0.179944 ms (enqueue 0.105927 ms)
[02/27/2026-11:11:42] [I] Average on 10 runs - GPU latency: 0.178979 ms - Host latency: 0.178979 ms (enqueue 0.107733 ms)
[02/27/2026-11:11:42] [I] Average on 10 runs - GPU latency: 0.181598 ms - Host latency: 0.181598 ms (enqueue 0.106525 ms)
[02/27/2026-11:11:42] [I] Average on 10 runs - GPU latency: 0.178436 ms - Host latency: 0.178436 ms (enqueue 0.109326 ms)
[02/27/2026-11:11:42] [I] Average on 10 runs - GPU latency: 0.180542 ms - Host latency: 0.180542 ms (enqueue 0.108081 ms)
[02/27/2026-11:11:42] [I] Average on 10 runs - GPU latency: 0.179779 ms - Host latency: 0.179779 ms (enqueue 0.105322 ms)
[02/27/2026-11:11:42] [I] Average on 10 runs - GPU latency: 0.179193 ms - Host latency: 0.179193 ms (enqueue 0.107062 ms)
[02/27/2026-11:11:42] [I] Average on 10 runs - GPU latency: 0.179138 ms - Host latency: 0.179138 ms (enqueue 0.107092 ms)
[02/27/2026-11:11:42] [I] Average on 10 runs - GPU latency: 0.178412 ms - Host latency: 0.178412 ms (enqueue 0.106219 ms)
[02/27/2026-11:11:42] [I] Average on 10 runs - GPU latency: 0.179095 ms - Host latency: 0.179095 ms (enqueue 0.112964 ms)
[02/27/2026-11:11:42] [I] Average on 10 runs - GPU latency: 0.179004 ms - Host latency: 0.179004 ms (enqueue 0.107928 ms)
[02/27/2026-11:11:42] [I] Average on 10 runs - GPU latency: 0.180347 ms - Host latency: 0.180347 ms (enqueue 0.109985 ms)
[02/27/2026-11:11:42] [I] Average on 10 runs - GPU latency: 0.178979 ms - Host latency: 0.178979 ms (enqueue 0.109601 ms)
[02/27/2026-11:11:42] [I] Average on 10 runs - GPU latency: 0.179797 ms - Host latency: 0.179797 ms (enqueue 0.107776 ms)
[02/27/2026-11:11:42] [I] Average on 10 runs - GPU latency: 0.179071 ms - Host latency: 0.179071 ms (enqueue 0.1091 ms)
[02/27/2026-11:11:42] [I] Average on 10 runs - GPU latency: 0.178845 ms - Host latency: 0.178845 ms (enqueue 0.112927 ms)
[02/27/2026-11:11:42] [I] Average on 10 runs - GPU latency: 0.17984 ms - Host latency: 0.17984 ms (enqueue 0.106512 ms)
[02/27/2026-11:11:42] [I] Average on 10 runs - GPU latency: 0.179657 ms - Host latency: 0.179657 ms (enqueue 0.106451 ms)
[02/27/2026-11:11:42] [I] Average on 10 runs - GPU latency: 0.180389 ms - Host latency: 0.180389 ms (enqueue 0.10943 ms)
[02/27/2026-11:11:42] [I] Average on 10 runs - GPU latency: 0.180084 ms - Host latency: 0.180084 ms (enqueue 0.105603 ms)
[02/27/2026-11:11:42] [I] Average on 10 runs - GPU latency: 0.180878 ms - Host latency: 0.180878 ms (enqueue 0.108582 ms)
[02/27/2026-11:11:42] [I] Average on 10 runs - GPU latency: 0.179767 ms - Host latency: 0.179767 ms (enqueue 0.106873 ms)
[02/27/2026-11:11:42] [I] Average on 10 runs - GPU latency: 0.179138 ms - Host latency: 0.179138 ms (enqueue 0.109088 ms)
[02/27/2026-11:11:42] [I] Average on 10 runs - GPU latency: 0.181622 ms - Host latency: 0.181622 ms (enqueue 0.10426 ms)
[02/27/2026-11:11:42] [I] Average on 10 runs - GPU latency: 0.180725 ms - Host latency: 0.180725 ms (enqueue 0.105292 ms)
[02/27/2026-11:11:42] [I] Average on 10 runs - GPU latency: 0.180878 ms - Host latency: 0.180878 ms (enqueue 0.103302 ms)
[02/27/2026-11:11:42] [I] Average on 10 runs - GPU latency: 0.178937 ms - Host latency: 0.178937 ms (enqueue 0.105621 ms)
[02/27/2026-11:11:42] [I] Average on 10 runs - GPU latency: 0.17923 ms - Host latency: 0.17923 ms (enqueue 0.110266 ms)
[02/27/2026-11:11:42] [I] Average on 10 runs - GPU latency: 0.178223 ms - Host latency: 0.178223 ms (enqueue 0.110858 ms)
[02/27/2026-11:11:42] [I] Average on 10 runs - GPU latency: 0.179016 ms - Host latency: 0.179016 ms (enqueue 0.109406 ms)
[02/27/2026-11:11:42] [I] Average on 10 runs - GPU latency: 0.179645 ms - Host latency: 0.179645 ms (enqueue 0.107507 ms)
[02/27/2026-11:11:42] [I] Average on 10 runs - GPU latency: 0.18053 ms - Host latency: 0.18053 ms (enqueue 0.109021 ms)
[02/27/2026-11:11:42] [I] Average on 10 runs - GPU latency: 0.179205 ms - Host latency: 0.179205 ms (enqueue 0.107898 ms)
[02/27/2026-11:11:42] [I] Average on 10 runs - GPU latency: 0.178571 ms - Host latency: 0.178571 ms (enqueue 0.111963 ms)
[02/27/2026-11:11:42] [I] Average on 10 runs - GPU latency: 0.178217 ms - Host latency: 0.178217 ms (enqueue 0.110406 ms)
[02/27/2026-11:11:42] [I] Average on 10 runs - GPU latency: 0.179846 ms - Host latency: 0.179846 ms (enqueue 0.109509 ms)
[02/27/2026-11:11:42] [I] Average on 10 runs - GPU latency: 0.179352 ms - Host latency: 0.179352 ms (enqueue 0.106635 ms)
[02/27/2026-11:11:42] [I] Average on 10 runs - GPU latency: 0.179297 ms - Host latency: 0.179297 ms (enqueue 0.109839 ms)
[02/27/2026-11:11:42] [I] Average on 10 runs - GPU latency: 0.180878 ms - Host latency: 0.180878 ms (enqueue 0.10556 ms)
[02/27/2026-11:11:42] [I] Average on 10 runs - GPU latency: 0.180743 ms - Host latency: 0.180743 ms (enqueue 0.106696 ms)
[02/27/2026-11:11:42] [I] Average on 10 runs - GPU latency: 0.178424 ms - Host latency: 0.178424 ms (enqueue 0.108002 ms)
[02/27/2026-11:11:42] [I] Average on 10 runs - GPU latency: 0.18053 ms - Host latency: 0.18053 ms (enqueue 0.104761 ms)
[02/27/2026-11:11:42] [I] Average on 10 runs - GPU latency: 0.180035 ms - Host latency: 0.180035 ms (enqueue 0.107471 ms)
[02/27/2026-11:11:42] [I] Average on 10 runs - GPU latency: 0.178845 ms - Host latency: 0.178845 ms (enqueue 0.105524 ms)
[02/27/2026-11:11:42] [I] Average on 10 runs - GPU latency: 0.181152 ms - Host latency: 0.181152 ms (enqueue 0.106281 ms)
[02/27/2026-11:11:42] [I] Average on 10 runs - GPU latency: 0.178503 ms - Host latency: 0.178503 ms (enqueue 0.108539 ms)
[02/27/2026-11:11:42] [I] Average on 10 runs - GPU latency: 0.179218 ms - Host latency: 0.179218 ms (enqueue 0.106622 ms)
[02/27/2026-11:11:42] [I] Average on 10 runs - GPU latency: 0.178766 ms - Host latency: 0.178766 ms (enqueue 0.107977 ms)
[02/27/2026-11:11:42] [I] Average on 10 runs - GPU latency: 0.179755 ms - Host latency: 0.179755 ms (enqueue 0.109698 ms)
[02/27/2026-11:11:42] [I] Average on 10 runs - GPU latency: 0.177972 ms - Host latency: 0.177972 ms (enqueue 0.109497 ms)
[02/27/2026-11:11:42] [I] Average on 10 runs - GPU latency: 0.180786 ms - Host latency: 0.180786 ms (enqueue 0.105609 ms)
[02/27/2026-11:11:42] [I] Average on 10 runs - GPU latency: 0.180536 ms - Host latency: 0.180536 ms (enqueue 0.105469 ms)
[02/27/2026-11:11:42] [I] Average on 10 runs - GPU latency: 0.180035 ms - Host latency: 0.180035 ms (enqueue 0.109155 ms)
[02/27/2026-11:11:42] [I] Average on 10 runs - GPU latency: 0.180005 ms - Host latency: 0.180005 ms (enqueue 0.110107 ms)
[02/27/2026-11:11:42] [I] Average on 10 runs - GPU latency: 0.178741 ms - Host latency: 0.178741 ms (enqueue 0.10741 ms)
[02/27/2026-11:11:42] [I] Average on 10 runs - GPU latency: 0.179474 ms - Host latency: 0.179474 ms (enqueue 0.109125 ms)
[02/27/2026-11:11:42] [I] Average on 10 runs - GPU latency: 0.178796 ms - Host latency: 0.178796 ms (enqueue 0.109656 ms)
[02/27/2026-11:11:42] [I] Average on 10 runs - GPU latency: 0.179895 ms - Host latency: 0.179895 ms (enqueue 0.108502 ms)
[02/27/2026-11:11:42] [I] Average on 10 runs - GPU latency: 0.179376 ms - Host latency: 0.179376 ms (enqueue 0.108734 ms)
[02/27/2026-11:11:42] [I] Average on 10 runs - GPU latency: 0.179694 ms - Host latency: 0.179694 ms (enqueue 0.108215 ms)
[02/27/2026-11:11:42] [I] Average on 10 runs - GPU latency: 0.179773 ms - Host latency: 0.179773 ms (enqueue 0.109631 ms)
[02/27/2026-11:11:42] [I] Average on 10 runs - GPU latency: 0.178528 ms - Host latency: 0.178528 ms (enqueue 0.107751 ms)
[02/27/2026-11:11:42] [I] Average on 10 runs - GPU latency: 0.181146 ms - Host latency: 0.181146 ms (enqueue 0.10838 ms)
[02/27/2026-11:11:42] [I] Average on 10 runs - GPU latency: 0.178418 ms - Host latency: 0.178418 ms (enqueue 0.108929 ms)
[02/27/2026-11:11:42] [I] Average on 10 runs - GPU latency: 0.178577 ms - Host latency: 0.178577 ms (enqueue 0.112378 ms)
[02/27/2026-11:11:42] [I] Average on 10 runs - GPU latency: 0.180243 ms - Host latency: 0.180243 ms (enqueue 0.107178 ms)
[02/27/2026-11:11:42] [I] Average on 10 runs - GPU latency: 0.180023 ms - Host latency: 0.180023 ms (enqueue 0.109296 ms)
[02/27/2026-11:11:42] [I] Average on 10 runs - GPU latency: 0.179169 ms - Host latency: 0.179169 ms (enqueue 0.109955 ms)
[02/27/2026-11:11:42] [I] Average on 10 runs - GPU latency: 0.179822 ms - Host latency: 0.179822 ms (enqueue 0.110718 ms)
[02/27/2026-11:11:42] [I] Average on 10 runs - GPU latency: 0.178009 ms - Host latency: 0.178009 ms (enqueue 0.110254 ms)
[02/27/2026-11:11:42] [I] Average on 10 runs - GPU latency: 0.180066 ms - Host latency: 0.180066 ms (enqueue 0.109705 ms)
[02/27/2026-11:11:42] [I] Average on 10 runs - GPU latency: 0.179437 ms - Host latency: 0.179437 ms (enqueue 0.110297 ms)
[02/27/2026-11:11:42] [I] Average on 10 runs - GPU latency: 0.179895 ms - Host latency: 0.179895 ms (enqueue 0.112677 ms)
[02/27/2026-11:11:42] [I] Average on 10 runs - GPU latency: 0.180841 ms - Host latency: 0.180841 ms (enqueue 0.104913 ms)
[02/27/2026-11:11:42] [I] Average on 10 runs - GPU latency: 0.178564 ms - Host latency: 0.178564 ms (enqueue 0.107153 ms)
[02/27/2026-11:11:42] [I] Average on 10 runs - GPU latency: 0.179864 ms - Host latency: 0.179864 ms (enqueue 0.108112 ms)
[02/27/2026-11:11:42] [I] Average on 10 runs - GPU latency: 0.180316 ms - Host latency: 0.180316 ms (enqueue 0.110529 ms)
[02/27/2026-11:11:42] [I] Average on 10 runs - GPU latency: 0.179657 ms - Host latency: 0.179657 ms (enqueue 0.109155 ms)
[02/27/2026-11:11:42] [I] Average on 10 runs - GPU latency: 0.179864 ms - Host latency: 0.179864 ms (enqueue 0.107745 ms)
[02/27/2026-11:11:42] [I] Average on 10 runs - GPU latency: 0.17821 ms - Host latency: 0.17821 ms (enqueue 0.111896 ms)
[02/27/2026-11:11:42] [I] Average on 10 runs - GPU latency: 0.180853 ms - Host latency: 0.180853 ms (enqueue 0.105115 ms)
[02/27/2026-11:11:42] [I] Average on 10 runs - GPU latency: 0.179095 ms - Host latency: 0.179095 ms (enqueue 0.108704 ms)
[02/27/2026-11:11:42] [I] Average on 10 runs - GPU latency: 0.178894 ms - Host latency: 0.178894 ms (enqueue 0.107092 ms)
[02/27/2026-11:11:42] [I] Average on 10 runs - GPU latency: 0.179572 ms - Host latency: 0.179572 ms (enqueue 0.11073 ms)
[02/27/2026-11:11:42] [I] Average on 10 runs - GPU latency: 0.179639 ms - Host latency: 0.179639 ms (enqueue 0.106885 ms)
[02/27/2026-11:11:42] [I] Average on 10 runs - GPU latency: 0.179932 ms - Host latency: 0.179932 ms (enqueue 0.109399 ms)
[02/27/2026-11:11:42] [I] Average on 10 runs - GPU latency: 0.180292 ms - Host latency: 0.180292 ms (enqueue 0.110193 ms)
[02/27/2026-11:11:42] [I] Average on 10 runs - GPU latency: 0.179022 ms - Host latency: 0.179022 ms (enqueue 0.107581 ms)
[02/27/2026-11:11:42] [I] Average on 10 runs - GPU latency: 0.180896 ms - Host latency: 0.180896 ms (enqueue 0.111139 ms)
[02/27/2026-11:11:42] [I] Average on 10 runs - GPU latency: 0.181104 ms - Host latency: 0.181104 ms (enqueue 0.106641 ms)
[02/27/2026-11:11:42] [I] Average on 10 runs - GPU latency: 0.18006 ms - Host latency: 0.18006 ms (enqueue 0.1099 ms)
[02/27/2026-11:11:42] [I] Average on 10 runs - GPU latency: 0.17934 ms - Host latency: 0.17934 ms (enqueue 0.109192 ms)
[02/27/2026-11:11:42] [I] Average on 10 runs - GPU latency: 0.179486 ms - Host latency: 0.179486 ms (enqueue 0.11286 ms)
[02/27/2026-11:11:42] [I] Average on 10 runs - GPU latency: 0.180664 ms - Host latency: 0.180664 ms (enqueue 0.105469 ms)
[02/27/2026-11:11:42] [I] Average on 10 runs - GPU latency: 0.179712 ms - Host latency: 0.179712 ms (enqueue 0.107813 ms)
[02/27/2026-11:11:42] [I] Average on 10 runs - GPU latency: 0.18028 ms - Host latency: 0.18028 ms (enqueue 0.107495 ms)
[02/27/2026-11:11:42] [I] Average on 10 runs - GPU latency: 0.180774 ms - Host latency: 0.180774 ms (enqueue 0.106018 ms)
[02/27/2026-11:11:42] [I] Average on 10 runs - GPU latency: 0.179437 ms - Host latency: 0.179437 ms (enqueue 0.107275 ms)
[02/27/2026-11:11:42] [I] Average on 10 runs - GPU latency: 0.179944 ms - Host latency: 0.179944 ms (enqueue 0.105133 ms)
[02/27/2026-11:11:42] [I] Average on 10 runs - GPU latency: 0.178937 ms - Host latency: 0.178937 ms (enqueue 0.112933 ms)
[02/27/2026-11:11:42] [I] Average on 10 runs - GPU latency: 0.180194 ms - Host latency: 0.180194 ms (enqueue 0.107086 ms)
[02/27/2026-11:11:42] [I] Average on 10 runs - GPU latency: 0.179529 ms - Host latency: 0.179529 ms (enqueue 0.109265 ms)
[02/27/2026-11:11:42] [I] Average on 10 runs - GPU latency: 0.179071 ms - Host latency: 0.179071 ms (enqueue 0.106122 ms)
[02/27/2026-11:11:42] [I] Average on 10 runs - GPU latency: 0.178528 ms - Host latency: 0.178528 ms (enqueue 0.11001 ms)
[02/27/2026-11:11:42] [I] Average on 10 runs - GPU latency: 0.182111 ms - Host latency: 0.182111 ms (enqueue 0.105066 ms)
[02/27/2026-11:11:42] [I] Average on 10 runs - GPU latency: 0.180066 ms - Host latency: 0.180066 ms (enqueue 0.108154 ms)
[02/27/2026-11:11:42] [I] Average on 10 runs - GPU latency: 0.179718 ms - Host latency: 0.179718 ms (enqueue 0.108551 ms)
[02/27/2026-11:11:42] [I] Average on 10 runs - GPU latency: 0.180182 ms - Host latency: 0.180182 ms (enqueue 0.108807 ms)
[02/27/2026-11:11:42] [I] Average on 10 runs - GPU latency: 0.180994 ms - Host latency: 0.180994 ms (enqueue 0.104773 ms)
[02/27/2026-11:11:42] [I] Average on 10 runs - GPU latency: 0.179657 ms - Host latency: 0.179657 ms (enqueue 0.107269 ms)
[02/27/2026-11:11:42] [I] Average on 10 runs - GPU latency: 0.179285 ms - Host latency: 0.179285 ms (enqueue 0.107141 ms)
[02/27/2026-11:11:42] [I] Average on 10 runs - GPU latency: 0.17923 ms - Host latency: 0.17923 ms (enqueue 0.109436 ms)
[02/27/2026-11:11:42] [I] Average on 10 runs - GPU latency: 0.179199 ms - Host latency: 0.179199 ms (enqueue 0.105756 ms)
[02/27/2026-11:11:42] [I] Average on 10 runs - GPU latency: 0.180371 ms - Host latency: 0.180371 ms (enqueue 0.10575 ms)
[02/27/2026-11:11:42] [I] Average on 10 runs - GPU latency: 0.179565 ms - Host latency: 0.179565 ms (enqueue 0.112506 ms)
[02/27/2026-11:11:42] [I] Average on 10 runs - GPU latency: 0.181213 ms - Host latency: 0.181213 ms (enqueue 0.105469 ms)
[02/27/2026-11:11:42] [I] Average on 10 runs - GPU latency: 0.179639 ms - Host latency: 0.179639 ms (enqueue 0.106299 ms)
[02/27/2026-11:11:42] [I] Average on 10 runs - GPU latency: 0.181171 ms - Host latency: 0.181171 ms (enqueue 0.106067 ms)
[02/27/2026-11:11:42] [I] Average on 10 runs - GPU latency: 0.17973 ms - Host latency: 0.17973 ms (enqueue 0.106268 ms)
[02/27/2026-11:11:42] [I] Average on 10 runs - GPU latency: 0.178912 ms - Host latency: 0.178912 ms (enqueue 0.108417 ms)
[02/27/2026-11:11:42] [I] Average on 10 runs - GPU latency: 0.180103 ms - Host latency: 0.180103 ms (enqueue 0.106995 ms)
[02/27/2026-11:11:42] [I] Average on 10 runs - GPU latency: 0.178693 ms - Host latency: 0.178693 ms (enqueue 0.110016 ms)
[02/27/2026-11:11:42] [I] Average on 10 runs - GPU latency: 0.181207 ms - Host latency: 0.181207 ms (enqueue 0.103748 ms)
[02/27/2026-11:11:42] [I] Average on 10 runs - GPU latency: 0.17959 ms - Host latency: 0.17959 ms (enqueue 0.110034 ms)
[02/27/2026-11:11:42] [I] Average on 10 runs - GPU latency: 0.180493 ms - Host latency: 0.180493 ms (enqueue 0.106152 ms)
[02/27/2026-11:11:42] [I] Average on 10 runs - GPU latency: 0.180963 ms - Host latency: 0.180963 ms (enqueue 0.107849 ms)
[02/27/2026-11:11:42] [I] Average on 10 runs - GPU latency: 0.179413 ms - Host latency: 0.179413 ms (enqueue 0.106042 ms)
[02/27/2026-11:11:42] [I] Average on 10 runs - GPU latency: 0.180286 ms - Host latency: 0.180286 ms (enqueue 0.113123 ms)
[02/27/2026-11:11:42] [I] Average on 10 runs - GPU latency: 0.180896 ms - Host latency: 0.180896 ms (enqueue 0.10481 ms)
[02/27/2026-11:11:42] [I] Average on 10 runs - GPU latency: 0.178613 ms - Host latency: 0.178613 ms (enqueue 0.10755 ms)
[02/27/2026-11:11:42] [I] Average on 10 runs - GPU latency: 0.178955 ms - Host latency: 0.178955 ms (enqueue 0.111017 ms)
[02/27/2026-11:11:42] [I] Average on 10 runs - GPU latency: 0.180548 ms - Host latency: 0.180548 ms (enqueue 0.10802 ms)
[02/27/2026-11:11:42] [I] Average on 10 runs - GPU latency: 0.181232 ms - Host latency: 0.181232 ms (enqueue 0.106317 ms)
[02/27/2026-11:11:42] [I] Average on 10 runs - GPU latency: 0.179675 ms - Host latency: 0.179675 ms (enqueue 0.105371 ms)
[02/27/2026-11:11:42] [I] Average on 10 runs - GPU latency: 0.180719 ms - Host latency: 0.180719 ms (enqueue 0.10589 ms)
[02/27/2026-11:11:42] [I] Average on 10 runs - GPU latency: 0.1802 ms - Host latency: 0.1802 ms (enqueue 0.105347 ms)
[02/27/2026-11:11:42] [I] Average on 10 runs - GPU latency: 0.180322 ms - Host latency: 0.180322 ms (enqueue 0.109131 ms)
[02/27/2026-11:11:42] [I] Average on 10 runs - GPU latency: 0.178845 ms - Host latency: 0.178845 ms (enqueue 0.109094 ms)
[02/27/2026-11:11:42] [I] Average on 10 runs - GPU latency: 0.179639 ms - Host latency: 0.179639 ms (enqueue 0.112036 ms)
[02/27/2026-11:11:42] [I] Average on 10 runs - GPU latency: 0.17926 ms - Host latency: 0.17926 ms (enqueue 0.11095 ms)
[02/27/2026-11:11:42] [I] Average on 10 runs - GPU latency: 0.18092 ms - Host latency: 0.18092 ms (enqueue 0.108997 ms)
[02/27/2026-11:11:42] [I] Average on 10 runs - GPU latency: 0.179956 ms - Host latency: 0.179956 ms (enqueue 0.111646 ms)
[02/27/2026-11:11:42] [I] Average on 10 runs - GPU latency: 0.179834 ms - Host latency: 0.179834 ms (enqueue 0.108301 ms)
[02/27/2026-11:11:42] [I] Average on 10 runs - GPU latency: 0.180945 ms - Host latency: 0.180945 ms (enqueue 0.108472 ms)
[02/27/2026-11:11:42] [I] Average on 10 runs - GPU latency: 0.180481 ms - Host latency: 0.180481 ms (enqueue 0.107031 ms)
[02/27/2026-11:11:42] [I] Average on 10 runs - GPU latency: 0.180615 ms - Host latency: 0.180615 ms (enqueue 0.106091 ms)
[02/27/2026-11:11:42] [I] Average on 10 runs - GPU latency: 0.180029 ms - Host latency: 0.180029 ms (enqueue 0.105151 ms)
[02/27/2026-11:11:42] [I] Average on 10 runs - GPU latency: 0.180005 ms - Host latency: 0.180005 ms (enqueue 0.106006 ms)
[02/27/2026-11:11:42] [I] Average on 10 runs - GPU latency: 0.180408 ms - Host latency: 0.180408 ms (enqueue 0.104932 ms)
[02/27/2026-11:11:42] [I] Average on 10 runs - GPU latency: 0.179504 ms - Host latency: 0.179504 ms (enqueue 0.112219 ms)
[02/27/2026-11:11:42] [I] Average on 10 runs - GPU latency: 0.180054 ms - Host latency: 0.180054 ms (enqueue 0.104114 ms)
[02/27/2026-11:11:42] [I] Average on 10 runs - GPU latency: 0.178943 ms - Host latency: 0.178943 ms (enqueue 0.10647 ms)
[02/27/2026-11:11:42] [I] Average on 10 runs - GPU latency: 0.180579 ms - Host latency: 0.180579 ms (enqueue 0.110791 ms)
[02/27/2026-11:11:42] [I] Average on 10 runs - GPU latency: 0.178491 ms - Host latency: 0.178491 ms (enqueue 0.109436 ms)
[02/27/2026-11:11:42] [I] Average on 10 runs - GPU latency: 0.180164 ms - Host latency: 0.180164 ms (enqueue 0.104651 ms)
[02/27/2026-11:11:42] [I] Average on 10 runs - GPU latency: 0.181311 ms - Host latency: 0.181311 ms (enqueue 0.101904 ms)
[02/27/2026-11:11:42] [I] Average on 10 runs - GPU latency: 0.179736 ms - Host latency: 0.179736 ms (enqueue 0.107654 ms)
[02/27/2026-11:11:42] [I] Average on 10 runs - GPU latency: 0.179944 ms - Host latency: 0.179944 ms (enqueue 0.106042 ms)
[02/27/2026-11:11:42] [I] Average on 10 runs - GPU latency: 0.18147 ms - Host latency: 0.18147 ms (enqueue 0.1078 ms)
[02/27/2026-11:11:42] [I] Average on 10 runs - GPU latency: 0.179785 ms - Host latency: 0.179785 ms (enqueue 0.108704 ms)
[02/27/2026-11:11:42] [I] Average on 10 runs - GPU latency: 0.179712 ms - Host latency: 0.179712 ms (enqueue 0.109509 ms)
[02/27/2026-11:11:42] [I] Average on 10 runs - GPU latency: 0.178906 ms - Host latency: 0.178906 ms (enqueue 0.109387 ms)
[02/27/2026-11:11:42] [I] Average on 10 runs - GPU latency: 0.180774 ms - Host latency: 0.180774 ms (enqueue 0.105444 ms)
[02/27/2026-11:11:42] [I] Average on 10 runs - GPU latency: 0.180261 ms - Host latency: 0.180261 ms (enqueue 0.111682 ms)
[02/27/2026-11:11:42] [I] Average on 10 runs - GPU latency: 0.180835 ms - Host latency: 0.180835 ms (enqueue 0.105005 ms)
[02/27/2026-11:11:42] [I] Average on 10 runs - GPU latency: 0.179663 ms - Host latency: 0.179663 ms (enqueue 0.106238 ms)
[02/27/2026-11:11:42] [I] Average on 10 runs - GPU latency: 0.180347 ms - Host latency: 0.180347 ms (enqueue 0.106665 ms)
[02/27/2026-11:11:42] [I] Average on 10 runs - GPU latency: 0.179541 ms - Host latency: 0.179541 ms (enqueue 0.106421 ms)
[02/27/2026-11:11:42] [I] Average on 10 runs - GPU latency: 0.18009 ms - Host latency: 0.18009 ms (enqueue 0.106396 ms)
[02/27/2026-11:11:42] [I] Average on 10 runs - GPU latency: 0.181128 ms - Host latency: 0.181128 ms (enqueue 0.101685 ms)
[02/27/2026-11:11:42] [I] Average on 10 runs - GPU latency: 0.179932 ms - Host latency: 0.179932 ms (enqueue 0.104236 ms)
[02/27/2026-11:11:42] [I] Average on 10 runs - GPU latency: 0.180688 ms - Host latency: 0.180688 ms (enqueue 0.105383 ms)
[02/27/2026-11:11:42] [I] Average on 10 runs - GPU latency: 0.180164 ms - Host latency: 0.180164 ms (enqueue 0.109143 ms)
[02/27/2026-11:11:42] [I] Average on 10 runs - GPU latency: 0.178589 ms - Host latency: 0.178589 ms (enqueue 0.109399 ms)
[02/27/2026-11:11:42] [I] Average on 10 runs - GPU latency: 0.179346 ms - Host latency: 0.179346 ms (enqueue 0.106897 ms)
[02/27/2026-11:11:42] [I] Average on 10 runs - GPU latency: 0.180322 ms - Host latency: 0.180322 ms (enqueue 0.1073 ms)
[02/27/2026-11:11:42] [I] Average on 10 runs - GPU latency: 0.179224 ms - Host latency: 0.179224 ms (enqueue 0.106897 ms)
[02/27/2026-11:11:42] [I] Average on 10 runs - GPU latency: 0.181287 ms - Host latency: 0.181287 ms (enqueue 0.0998657 ms)
[02/27/2026-11:11:42] [I] Average on 10 runs - GPU latency: 0.181189 ms - Host latency: 0.181189 ms (enqueue 0.103369 ms)
[02/27/2026-11:11:42] [I] Average on 10 runs - GPU latency: 0.179956 ms - Host latency: 0.179956 ms (enqueue 0.101111 ms)
[02/27/2026-11:11:42] [I] Average on 10 runs - GPU latency: 0.180811 ms - Host latency: 0.180811 ms (enqueue 0.10376 ms)
[02/27/2026-11:11:42] [I] Average on 10 runs - GPU latency: 0.18136 ms - Host latency: 0.18136 ms (enqueue 0.10199 ms)
[02/27/2026-11:11:42] [I] Average on 10 runs - GPU latency: 0.178601 ms - Host latency: 0.178601 ms (enqueue 0.107971 ms)
[02/27/2026-11:11:42] [I] Average on 10 runs - GPU latency: 0.180688 ms - Host latency: 0.180688 ms (enqueue 0.105505 ms)
[02/27/2026-11:11:42] [I] Average on 10 runs - GPU latency: 0.180798 ms - Host latency: 0.180798 ms (enqueue 0.10437 ms)
[02/27/2026-11:11:42] [I] Average on 10 runs - GPU latency: 0.180591 ms - Host latency: 0.180591 ms (enqueue 0.101514 ms)
[02/27/2026-11:11:42] [I] Average on 10 runs - GPU latency: 0.17937 ms - Host latency: 0.17937 ms (enqueue 0.10874 ms)
[02/27/2026-11:11:42] [I] Average on 10 runs - GPU latency: 0.180078 ms - Host latency: 0.180078 ms (enqueue 0.107678 ms)
[02/27/2026-11:11:42] [I] Average on 10 runs - GPU latency: 0.179846 ms - Host latency: 0.179846 ms (enqueue 0.104492 ms)
[02/27/2026-11:11:42] [I] Average on 10 runs - GPU latency: 0.180237 ms - Host latency: 0.180237 ms (enqueue 0.104993 ms)
[02/27/2026-11:11:42] [I] Average on 10 runs - GPU latency: 0.180542 ms - Host latency: 0.180542 ms (enqueue 0.107666 ms)
[02/27/2026-11:11:42] [I] Average on 10 runs - GPU latency: 0.178894 ms - Host latency: 0.178894 ms (enqueue 0.110046 ms)
[02/27/2026-11:11:42] [I] Average on 10 runs - GPU latency: 0.180286 ms - Host latency: 0.180286 ms (enqueue 0.107007 ms)
[02/27/2026-11:11:42] [I] Average on 10 runs - GPU latency: 0.179175 ms - Host latency: 0.179175 ms (enqueue 0.106079 ms)
[02/27/2026-11:11:42] [I] Average on 10 runs - GPU latency: 0.180908 ms - Host latency: 0.180908 ms (enqueue 0.104456 ms)
[02/27/2026-11:11:42] [I] Average on 10 runs - GPU latency: 0.180444 ms - Host latency: 0.180444 ms (enqueue 0.105017 ms)
[02/27/2026-11:11:42] [I] Average on 10 runs - GPU latency: 0.180579 ms - Host latency: 0.180579 ms (enqueue 0.107764 ms)
[02/27/2026-11:11:42] [I] Average on 10 runs - GPU latency: 0.182336 ms - Host latency: 0.182336 ms (enqueue 0.107031 ms)
[02/27/2026-11:11:42] [I] Average on 10 runs - GPU latency: 0.180042 ms - Host latency: 0.180042 ms (enqueue 0.110657 ms)
[02/27/2026-11:11:42] [I] Average on 10 runs - GPU latency: 0.180566 ms - Host latency: 0.180566 ms (enqueue 0.102893 ms)
[02/27/2026-11:11:42] [I] Average on 10 runs - GPU latency: 0.181995 ms - Host latency: 0.181995 ms (enqueue 0.10824 ms)
[02/27/2026-11:11:42] [I] Average on 10 runs - GPU latency: 0.180176 ms - Host latency: 0.180176 ms (enqueue 0.1026 ms)
[02/27/2026-11:11:42] [I] Average on 10 runs - GPU latency: 0.180005 ms - Host latency: 0.180005 ms (enqueue 0.108398 ms)
[02/27/2026-11:11:42] [I] Average on 10 runs - GPU latency: 0.179639 ms - Host latency: 0.179639 ms (enqueue 0.105615 ms)
[02/27/2026-11:11:42] [I] Average on 10 runs - GPU latency: 0.179517 ms - Host latency: 0.179517 ms (enqueue 0.111987 ms)
[02/27/2026-11:11:42] [I] Average on 10 runs - GPU latency: 0.178931 ms - Host latency: 0.178931 ms (enqueue 0.108179 ms)
[02/27/2026-11:11:42] [I] Average on 10 runs - GPU latency: 0.18075 ms - Host latency: 0.18075 ms (enqueue 0.105859 ms)
[02/27/2026-11:11:42] [I] Average on 10 runs - GPU latency: 0.180957 ms - Host latency: 0.180957 ms (enqueue 0.105835 ms)
[02/27/2026-11:11:42] [I] Average on 10 runs - GPU latency: 0.180054 ms - Host latency: 0.180054 ms (enqueue 0.105029 ms)
[02/27/2026-11:11:42] [I] Average on 10 runs - GPU latency: 0.18053 ms - Host latency: 0.18053 ms (enqueue 0.107434 ms)
[02/27/2026-11:11:42] [I] Average on 10 runs - GPU latency: 0.181641 ms - Host latency: 0.181641 ms (enqueue 0.103137 ms)
[02/27/2026-11:11:42] [I] Average on 10 runs - GPU latency: 0.180334 ms - Host latency: 0.180334 ms (enqueue 0.106201 ms)
[02/27/2026-11:11:42] [I] Average on 10 runs - GPU latency: 0.181165 ms - Host latency: 0.181165 ms (enqueue 0.107068 ms)
[02/27/2026-11:11:42] [I] Average on 10 runs - GPU latency: 0.179688 ms - Host latency: 0.179688 ms (enqueue 0.11051 ms)
[02/27/2026-11:11:42] [I] Average on 10 runs - GPU latency: 0.179456 ms - Host latency: 0.179456 ms (enqueue 0.106519 ms)
[02/27/2026-11:11:42] [I] Average on 10 runs - GPU latency: 0.181628 ms - Host latency: 0.181628 ms (enqueue 0.103491 ms)
[02/27/2026-11:11:42] [I] Average on 10 runs - GPU latency: 0.181177 ms - Host latency: 0.181177 ms (enqueue 0.108374 ms)
[02/27/2026-11:11:42] [I] Average on 10 runs - GPU latency: 0.179749 ms - Host latency: 0.179749 ms (enqueue 0.105566 ms)
[02/27/2026-11:11:42] [I] Average on 10 runs - GPU latency: 0.179529 ms - Host latency: 0.179529 ms (enqueue 0.106055 ms)
[02/27/2026-11:11:42] [I] Average on 10 runs - GPU latency: 0.181189 ms - Host latency: 0.181189 ms (enqueue 0.106494 ms)
[02/27/2026-11:11:42] [I] Average on 10 runs - GPU latency: 0.17854 ms - Host latency: 0.17854 ms (enqueue 0.109131 ms)
[02/27/2026-11:11:42] [I] Average on 10 runs - GPU latency: 0.178979 ms - Host latency: 0.178979 ms (enqueue 0.109399 ms)
[02/27/2026-11:11:42] [I] Average on 10 runs - GPU latency: 0.179468 ms - Host latency: 0.179468 ms (enqueue 0.106384 ms)
[02/27/2026-11:11:42] [I] Average on 10 runs - GPU latency: 0.179529 ms - Host latency: 0.179529 ms (enqueue 0.10896 ms)
[02/27/2026-11:11:42] [I] Average on 10 runs - GPU latency: 0.179688 ms - Host latency: 0.179688 ms (enqueue 0.114905 ms)
[02/27/2026-11:11:42] [I] Average on 10 runs - GPU latency: 0.178931 ms - Host latency: 0.178931 ms (enqueue 0.110278 ms)
[02/27/2026-11:11:42] [I] Average on 10 runs - GPU latency: 0.179871 ms - Host latency: 0.179871 ms (enqueue 0.113904 ms)
[02/27/2026-11:11:42] [I] Average on 10 runs - GPU latency: 0.181433 ms - Host latency: 0.181433 ms (enqueue 0.110718 ms)
[02/27/2026-11:11:42] [I] Average on 10 runs - GPU latency: 0.178271 ms - Host latency: 0.178271 ms (enqueue 0.105115 ms)
[02/27/2026-11:11:42] [I] Average on 10 runs - GPU latency: 0.179626 ms - Host latency: 0.179626 ms (enqueue 0.111865 ms)
[02/27/2026-11:11:42] [I] Average on 10 runs - GPU latency: 0.179358 ms - Host latency: 0.179358 ms (enqueue 0.113196 ms)
[02/27/2026-11:11:42] [I] Average on 10 runs - GPU latency: 0.18092 ms - Host latency: 0.18092 ms (enqueue 0.112451 ms)
[02/27/2026-11:11:42] [I] Average on 10 runs - GPU latency: 0.178845 ms - Host latency: 0.178845 ms (enqueue 0.108301 ms)
[02/27/2026-11:11:42] [I] Average on 10 runs - GPU latency: 0.17915 ms - Host latency: 0.17915 ms (enqueue 0.1146 ms)
[02/27/2026-11:11:42] [I] Average on 10 runs - GPU latency: 0.179712 ms - Host latency: 0.179712 ms (enqueue 0.109058 ms)
[02/27/2026-11:11:42] [I] Average on 10 runs - GPU latency: 0.179346 ms - Host latency: 0.179346 ms (enqueue 0.112463 ms)
[02/27/2026-11:11:42] [I] Average on 10 runs - GPU latency: 0.179553 ms - Host latency: 0.179553 ms (enqueue 0.113867 ms)
[02/27/2026-11:11:42] [I] Average on 10 runs - GPU latency: 0.179822 ms - Host latency: 0.179822 ms (enqueue 0.112012 ms)
[02/27/2026-11:11:42] [I] Average on 10 runs - GPU latency: 0.180139 ms - Host latency: 0.180139 ms (enqueue 0.109509 ms)
[02/27/2026-11:11:42] [I] Average on 10 runs - GPU latency: 0.179028 ms - Host latency: 0.179028 ms (enqueue 0.110864 ms)
[02/27/2026-11:11:42] [I] Average on 10 runs - GPU latency: 0.178955 ms - Host latency: 0.178955 ms (enqueue 0.111682 ms)
[02/27/2026-11:11:42] [I] Average on 10 runs - GPU latency: 0.180408 ms - Host latency: 0.180408 ms (enqueue 0.104126 ms)
[02/27/2026-11:11:42] [I] Average on 10 runs - GPU latency: 0.180115 ms - Host latency: 0.180115 ms (enqueue 0.107666 ms)
[02/27/2026-11:11:42] [I] Average on 10 runs - GPU latency: 0.17948 ms - Host latency: 0.17948 ms (enqueue 0.109302 ms)
[02/27/2026-11:11:42] [I] Average on 10 runs - GPU latency: 0.180298 ms - Host latency: 0.180298 ms (enqueue 0.111646 ms)
[02/27/2026-11:11:42] [I] Average on 10 runs - GPU latency: 0.180334 ms - Host latency: 0.180334 ms (enqueue 0.109985 ms)
[02/27/2026-11:11:42] [I] Average on 10 runs - GPU latency: 0.178992 ms - Host latency: 0.178992 ms (enqueue 0.113196 ms)
[02/27/2026-11:11:42] [I] Average on 10 runs - GPU latency: 0.179175 ms - Host latency: 0.179175 ms (enqueue 0.109216 ms)
[02/27/2026-11:11:42] [I] Average on 10 runs - GPU latency: 0.178381 ms - Host latency: 0.178381 ms (enqueue 0.111438 ms)
[02/27/2026-11:11:42] [I] Average on 10 runs - GPU latency: 0.180249 ms - Host latency: 0.180249 ms (enqueue 0.10752 ms)
[02/27/2026-11:11:42] [I] Average on 10 runs - GPU latency: 0.179016 ms - Host latency: 0.179016 ms (enqueue 0.109473 ms)
[02/27/2026-11:11:42] [I] Average on 10 runs - GPU latency: 0.178955 ms - Host latency: 0.178955 ms (enqueue 0.110815 ms)
[02/27/2026-11:11:42] [I] Average on 10 runs - GPU latency: 0.18031 ms - Host latency: 0.18031 ms (enqueue 0.101624 ms)
[02/27/2026-11:11:42] [I] Average on 10 runs - GPU latency: 0.179675 ms - Host latency: 0.179675 ms (enqueue 0.107056 ms)
[02/27/2026-11:11:42] [I] Average on 10 runs - GPU latency: 0.178687 ms - Host latency: 0.178687 ms (enqueue 0.106445 ms)
[02/27/2026-11:11:42] [I] Average on 10 runs - GPU latency: 0.180872 ms - Host latency: 0.180872 ms (enqueue 0.111938 ms)
[02/27/2026-11:11:42] [I] Average on 10 runs - GPU latency: 0.179468 ms - Host latency: 0.179468 ms (enqueue 0.108789 ms)
[02/27/2026-11:11:42] [I] Average on 10 runs - GPU latency: 0.179504 ms - Host latency: 0.179504 ms (enqueue 0.107605 ms)
[02/27/2026-11:11:42] [I] Average on 10 runs - GPU latency: 0.180969 ms - Host latency: 0.180969 ms (enqueue 0.105786 ms)
[02/27/2026-11:11:42] [I] Average on 10 runs - GPU latency: 0.180273 ms - Host latency: 0.180273 ms (enqueue 0.11095 ms)
[02/27/2026-11:11:42] [I] Average on 10 runs - GPU latency: 0.179272 ms - Host latency: 0.179272 ms (enqueue 0.109143 ms)
[02/27/2026-11:11:42] [I] Average on 10 runs - GPU latency: 0.180664 ms - Host latency: 0.180664 ms (enqueue 0.108838 ms)
[02/27/2026-11:11:42] [I] Average on 10 runs - GPU latency: 0.178223 ms - Host latency: 0.178223 ms (enqueue 0.110913 ms)
[02/27/2026-11:11:42] [I] Average on 10 runs - GPU latency: 0.18031 ms - Host latency: 0.18031 ms (enqueue 0.10918 ms)
[02/27/2026-11:11:42] [I] Average on 10 runs - GPU latency: 0.179968 ms - Host latency: 0.179968 ms (enqueue 0.111243 ms)
[02/27/2026-11:11:42] [I] Average on 10 runs - GPU latency: 0.181763 ms - Host latency: 0.181763 ms (enqueue 0.109094 ms)
[02/27/2026-11:11:42] [I] Average on 10 runs - GPU latency: 0.180103 ms - Host latency: 0.180103 ms (enqueue 0.109155 ms)
[02/27/2026-11:11:42] [I] Average on 10 runs - GPU latency: 0.178577 ms - Host latency: 0.178577 ms (enqueue 0.111975 ms)
[02/27/2026-11:11:42] [I] Average on 10 runs - GPU latency: 0.179211 ms - Host latency: 0.179211 ms (enqueue 0.113318 ms)
[02/27/2026-11:11:42] [I] Average on 10 runs - GPU latency: 0.177832 ms - Host latency: 0.177832 ms (enqueue 0.106287 ms)
[02/27/2026-11:11:42] [I] Average on 10 runs - GPU latency: 0.179211 ms - Host latency: 0.179211 ms (enqueue 0.109619 ms)
[02/27/2026-11:11:42] [I] Average on 10 runs - GPU latency: 0.179956 ms - Host latency: 0.179956 ms (enqueue 0.10708 ms)
[02/27/2026-11:11:42] [I] Average on 10 runs - GPU latency: 0.18031 ms - Host latency: 0.18031 ms (enqueue 0.111096 ms)
[02/27/2026-11:11:42] [I] Average on 10 runs - GPU latency: 0.178748 ms - Host latency: 0.178748 ms (enqueue 0.10791 ms)
[02/27/2026-11:11:42] [I] Average on 10 runs - GPU latency: 0.17981 ms - Host latency: 0.17981 ms (enqueue 0.107996 ms)
[02/27/2026-11:11:42] [I] Average on 10 runs - GPU latency: 0.179663 ms - Host latency: 0.179663 ms (enqueue 0.111377 ms)
[02/27/2026-11:11:42] [I] Average on 10 runs - GPU latency: 0.179626 ms - Host latency: 0.179626 ms (enqueue 0.109912 ms)
[02/27/2026-11:11:42] [I] Average on 10 runs - GPU latency: 0.179102 ms - Host latency: 0.179102 ms (enqueue 0.110291 ms)
[02/27/2026-11:11:42] [I] Average on 10 runs - GPU latency: 0.179346 ms - Host latency: 0.179346 ms (enqueue 0.108997 ms)
[02/27/2026-11:11:42] [I] Average on 10 runs - GPU latency: 0.179932 ms - Host latency: 0.179932 ms (enqueue 0.107422 ms)
[02/27/2026-11:11:42] [I] Average on 10 runs - GPU latency: 0.179883 ms - Host latency: 0.179883 ms (enqueue 0.111365 ms)
[02/27/2026-11:11:42] [I] Average on 10 runs - GPU latency: 0.179468 ms - Host latency: 0.179468 ms (enqueue 0.10979 ms)
[02/27/2026-11:11:42] [I] Average on 10 runs - GPU latency: 0.178711 ms - Host latency: 0.178711 ms (enqueue 0.109265 ms)
[02/27/2026-11:11:42] [I] Average on 10 runs - GPU latency: 0.179822 ms - Host latency: 0.179822 ms (enqueue 0.10874 ms)
[02/27/2026-11:11:42] [I] Average on 10 runs - GPU latency: 0.179614 ms - Host latency: 0.179614 ms (enqueue 0.110071 ms)
[02/27/2026-11:11:42] [I] Average on 10 runs - GPU latency: 0.179468 ms - Host latency: 0.179468 ms (enqueue 0.113062 ms)
[02/27/2026-11:11:42] [I] Average on 10 runs - GPU latency: 0.179883 ms - Host latency: 0.179883 ms (enqueue 0.110059 ms)
[02/27/2026-11:11:42] [I] Average on 10 runs - GPU latency: 0.179932 ms - Host latency: 0.179932 ms (enqueue 0.108215 ms)
[02/27/2026-11:11:42] [I] Average on 10 runs - GPU latency: 0.178613 ms - Host latency: 0.178613 ms (enqueue 0.110547 ms)
[02/27/2026-11:11:42] [I] Average on 10 runs - GPU latency: 0.179565 ms - Host latency: 0.179565 ms (enqueue 0.109558 ms)
[02/27/2026-11:11:42] [I] Average on 10 runs - GPU latency: 0.180396 ms - Host latency: 0.180396 ms (enqueue 0.108813 ms)
[02/27/2026-11:11:42] [I] Average on 10 runs - GPU latency: 0.180322 ms - Host latency: 0.180322 ms (enqueue 0.106763 ms)
[02/27/2026-11:11:42] [I] Average on 10 runs - GPU latency: 0.178845 ms - Host latency: 0.178845 ms (enqueue 0.108997 ms)
[02/27/2026-11:11:42] [I] Average on 10 runs - GPU latency: 0.180518 ms - Host latency: 0.180518 ms (enqueue 0.110498 ms)
[02/27/2026-11:11:42] [I] Average on 10 runs - GPU latency: 0.179407 ms - Host latency: 0.179407 ms (enqueue 0.1104 ms)
[02/27/2026-11:11:42] [I] Average on 10 runs - GPU latency: 0.179846 ms - Host latency: 0.179846 ms (enqueue 0.110059 ms)
[02/27/2026-11:11:42] [I] Average on 10 runs - GPU latency: 0.181299 ms - Host latency: 0.181299 ms (enqueue 0.107532 ms)
[02/27/2026-11:11:42] [I] Average on 10 runs - GPU latency: 0.179773 ms - Host latency: 0.179773 ms (enqueue 0.110059 ms)
[02/27/2026-11:11:42] [I] Average on 10 runs - GPU latency: 0.179285 ms - Host latency: 0.179285 ms (enqueue 0.108716 ms)
[02/27/2026-11:11:42] [I] Average on 10 runs - GPU latency: 0.179065 ms - Host latency: 0.179065 ms (enqueue 0.112939 ms)
[02/27/2026-11:11:42] [I] Average on 10 runs - GPU latency: 0.178198 ms - Host latency: 0.178198 ms (enqueue 0.108472 ms)
[02/27/2026-11:11:42] [I] Average on 10 runs - GPU latency: 0.178918 ms - Host latency: 0.178918 ms (enqueue 0.110156 ms)
[02/27/2026-11:11:42] [I] Average on 10 runs - GPU latency: 0.179602 ms - Host latency: 0.179602 ms (enqueue 0.108496 ms)
[02/27/2026-11:11:42] [I] Average on 10 runs - GPU latency: 0.180481 ms - Host latency: 0.180481 ms (enqueue 0.112622 ms)
[02/27/2026-11:11:42] [I] Average on 10 runs - GPU latency: 0.179236 ms - Host latency: 0.179236 ms (enqueue 0.105298 ms)
[02/27/2026-11:11:42] [I] Average on 10 runs - GPU latency: 0.178503 ms - Host latency: 0.178503 ms (enqueue 0.110571 ms)
[02/27/2026-11:11:42] [I] Average on 10 runs - GPU latency: 0.18009 ms - Host latency: 0.18009 ms (enqueue 0.111853 ms)
[02/27/2026-11:11:42] [I] Average on 10 runs - GPU latency: 0.180554 ms - Host latency: 0.180554 ms (enqueue 0.10791 ms)
[02/27/2026-11:11:42] [I] Average on 10 runs - GPU latency: 0.179456 ms - Host latency: 0.179456 ms (enqueue 0.108704 ms)
[02/27/2026-11:11:42] [I] Average on 10 runs - GPU latency: 0.180676 ms - Host latency: 0.180676 ms (enqueue 0.110767 ms)
[02/27/2026-11:11:42] [I] Average on 10 runs - GPU latency: 0.179919 ms - Host latency: 0.179919 ms (enqueue 0.109998 ms)
[02/27/2026-11:11:42] [I] Average on 10 runs - GPU latency: 0.18114 ms - Host latency: 0.18114 ms (enqueue 0.10498 ms)
[02/27/2026-11:11:42] [I] Average on 10 runs - GPU latency: 0.180078 ms - Host latency: 0.180078 ms (enqueue 0.110291 ms)
[02/27/2026-11:11:42] [I] Average on 10 runs - GPU latency: 0.179565 ms - Host latency: 0.179565 ms (enqueue 0.107654 ms)
[02/27/2026-11:11:42] [I] Average on 10 runs - GPU latency: 0.178625 ms - Host latency: 0.178625 ms (enqueue 0.110266 ms)
[02/27/2026-11:11:42] [I] Average on 10 runs - GPU latency: 0.17926 ms - Host latency: 0.17926 ms (enqueue 0.104919 ms)
[02/27/2026-11:11:42] [I] Average on 10 runs - GPU latency: 0.179456 ms - Host latency: 0.179456 ms (enqueue 0.107434 ms)
[02/27/2026-11:11:42] [I] Average on 10 runs - GPU latency: 0.17998 ms - Host latency: 0.17998 ms (enqueue 0.109937 ms)
[02/27/2026-11:11:42] [I] Average on 10 runs - GPU latency: 0.179468 ms - Host latency: 0.179468 ms (enqueue 0.106213 ms)
[02/27/2026-11:11:42] [I] Average on 10 runs - GPU latency: 0.179578 ms - Host latency: 0.179578 ms (enqueue 0.111084 ms)
[02/27/2026-11:11:42] [I] Average on 10 runs - GPU latency: 0.178833 ms - Host latency: 0.178833 ms (enqueue 0.109424 ms)
[02/27/2026-11:11:42] [I] Average on 10 runs - GPU latency: 0.179614 ms - Host latency: 0.179614 ms (enqueue 0.11228 ms)
[02/27/2026-11:11:42] [I] Average on 10 runs - GPU latency: 0.17981 ms - Host latency: 0.17981 ms (enqueue 0.108496 ms)
[02/27/2026-11:11:42] [I] Average on 10 runs - GPU latency: 0.180176 ms - Host latency: 0.180176 ms (enqueue 0.113269 ms)
[02/27/2026-11:11:42] [I] Average on 10 runs - GPU latency: 0.178723 ms - Host latency: 0.178723 ms (enqueue 0.111987 ms)
[02/27/2026-11:11:42] [I] Average on 10 runs - GPU latency: 0.1797 ms - Host latency: 0.1797 ms (enqueue 0.105994 ms)
[02/27/2026-11:11:42] [I] Average on 10 runs - GPU latency: 0.180725 ms - Host latency: 0.180725 ms (enqueue 0.103101 ms)
[02/27/2026-11:11:42] [I] Average on 10 runs - GPU latency: 0.179834 ms - Host latency: 0.179834 ms (enqueue 0.108215 ms)
[02/27/2026-11:11:42] [I] Average on 10 runs - GPU latency: 0.18042 ms - Host latency: 0.18042 ms (enqueue 0.106934 ms)
[02/27/2026-11:11:42] [I] Average on 10 runs - GPU latency: 0.181128 ms - Host latency: 0.181128 ms (enqueue 0.105652 ms)
[02/27/2026-11:11:42] [I] Average on 10 runs - GPU latency: 0.180115 ms - Host latency: 0.180115 ms (enqueue 0.109485 ms)
[02/27/2026-11:11:42] [I] Average on 10 runs - GPU latency: 0.180212 ms - Host latency: 0.180212 ms (enqueue 0.103418 ms)
[02/27/2026-11:11:42] [I] Average on 10 runs - GPU latency: 0.180615 ms - Host latency: 0.180615 ms (enqueue 0.106873 ms)
[02/27/2026-11:11:42] [I] Average on 10 runs - GPU latency: 0.178955 ms - Host latency: 0.178955 ms (enqueue 0.107117 ms)
[02/27/2026-11:11:42] [I] Average on 10 runs - GPU latency: 0.180249 ms - Host latency: 0.180249 ms (enqueue 0.108301 ms)
[02/27/2026-11:11:42] [I] Average on 10 runs - GPU latency: 0.180798 ms - Host latency: 0.180798 ms (enqueue 0.102905 ms)
[02/27/2026-11:11:42] [I] Average on 10 runs - GPU latency: 0.181567 ms - Host latency: 0.181567 ms (enqueue 0.106946 ms)
[02/27/2026-11:11:42] [I] Average on 10 runs - GPU latency: 0.179773 ms - Host latency: 0.179773 ms (enqueue 0.10365 ms)
[02/27/2026-11:11:42] [I] Average on 10 runs - GPU latency: 0.18114 ms - Host latency: 0.18114 ms (enqueue 0.107788 ms)
[02/27/2026-11:11:42] [I] Average on 10 runs - GPU latency: 0.18064 ms - Host latency: 0.18064 ms (enqueue 0.103772 ms)
[02/27/2026-11:11:42] [I] Average on 10 runs - GPU latency: 0.180151 ms - Host latency: 0.180151 ms (enqueue 0.107446 ms)
[02/27/2026-11:11:42] [I] Average on 10 runs - GPU latency: 0.179895 ms - Host latency: 0.179895 ms (enqueue 0.105225 ms)
[02/27/2026-11:11:42] [I] Average on 10 runs - GPU latency: 0.181079 ms - Host latency: 0.181079 ms (enqueue 0.101892 ms)
[02/27/2026-11:11:42] [I] Average on 10 runs - GPU latency: 0.181665 ms - Host latency: 0.181665 ms (enqueue 0.107544 ms)
[02/27/2026-11:11:42] [I] Average on 10 runs - GPU latency: 0.181177 ms - Host latency: 0.181177 ms (enqueue 0.102808 ms)
[02/27/2026-11:11:42] [I] Average on 10 runs - GPU latency: 0.181006 ms - Host latency: 0.181006 ms (enqueue 0.105383 ms)
[02/27/2026-11:11:42] [I] Average on 10 runs - GPU latency: 0.181042 ms - Host latency: 0.181042 ms (enqueue 0.104395 ms)
[02/27/2026-11:11:42] [I] Average on 10 runs - GPU latency: 0.180542 ms - Host latency: 0.180542 ms (enqueue 0.105176 ms)
[02/27/2026-11:11:42] [I] Average on 10 runs - GPU latency: 0.180054 ms - Host latency: 0.180054 ms (enqueue 0.104138 ms)
[02/27/2026-11:11:42] [I] Average on 10 runs - GPU latency: 0.180566 ms - Host latency: 0.180566 ms (enqueue 0.10293 ms)
[02/27/2026-11:11:42] [I] Average on 10 runs - GPU latency: 0.179651 ms - Host latency: 0.179651 ms (enqueue 0.106726 ms)
[02/27/2026-11:11:42] [I] Average on 10 runs - GPU latency: 0.180579 ms - Host latency: 0.180579 ms (enqueue 0.104785 ms)
[02/27/2026-11:11:42] [I] Average on 10 runs - GPU latency: 0.180371 ms - Host latency: 0.180371 ms (enqueue 0.104443 ms)
[02/27/2026-11:11:42] [I] Average on 10 runs - GPU latency: 0.180896 ms - Host latency: 0.180896 ms (enqueue 0.103418 ms)
[02/27/2026-11:11:42] [I] Average on 10 runs - GPU latency: 0.180493 ms - Host latency: 0.180493 ms (enqueue 0.105823 ms)
[02/27/2026-11:11:42] [I] Average on 10 runs - GPU latency: 0.180164 ms - Host latency: 0.180164 ms (enqueue 0.10741 ms)
[02/27/2026-11:11:42] [I] Average on 10 runs - GPU latency: 0.180212 ms - Host latency: 0.180212 ms (enqueue 0.105115 ms)
[02/27/2026-11:11:42] [I] Average on 10 runs - GPU latency: 0.180652 ms - Host latency: 0.180652 ms (enqueue 0.103882 ms)
[02/27/2026-11:11:42] [I] Average on 10 runs - GPU latency: 0.179907 ms - Host latency: 0.179907 ms (enqueue 0.109827 ms)
[02/27/2026-11:11:42] [I] Average on 10 runs - GPU latency: 0.181604 ms - Host latency: 0.181604 ms (enqueue 0.105554 ms)
[02/27/2026-11:11:42] [I] Average on 10 runs - GPU latency: 0.180896 ms - Host latency: 0.180896 ms (enqueue 0.105005 ms)
[02/27/2026-11:11:42] [I] Average on 10 runs - GPU latency: 0.180676 ms - Host latency: 0.180676 ms (enqueue 0.109509 ms)
[02/27/2026-11:11:42] [I] Average on 10 runs - GPU latency: 0.180225 ms - Host latency: 0.180225 ms (enqueue 0.105249 ms)
[02/27/2026-11:11:42] [I] Average on 10 runs - GPU latency: 0.181689 ms - Host latency: 0.181689 ms (enqueue 0.103162 ms)
[02/27/2026-11:11:42] [I] Average on 10 runs - GPU latency: 0.180054 ms - Host latency: 0.180054 ms (enqueue 0.103333 ms)
[02/27/2026-11:11:42] [I] Average on 10 runs - GPU latency: 0.180457 ms - Host latency: 0.180457 ms (enqueue 0.105896 ms)
[02/27/2026-11:11:42] [I] Average on 10 runs - GPU latency: 0.179968 ms - Host latency: 0.179968 ms (enqueue 0.106909 ms)
[02/27/2026-11:11:42] [I] Average on 10 runs - GPU latency: 0.180371 ms - Host latency: 0.180371 ms (enqueue 0.111218 ms)
[02/27/2026-11:11:42] [I] Average on 10 runs - GPU latency: 0.181372 ms - Host latency: 0.181372 ms (enqueue 0.103601 ms)
[02/27/2026-11:11:42] [I] Average on 10 runs - GPU latency: 0.179773 ms - Host latency: 0.179773 ms (enqueue 0.101501 ms)
[02/27/2026-11:11:42] [I] Average on 10 runs - GPU latency: 0.181067 ms - Host latency: 0.181067 ms (enqueue 0.109668 ms)
[02/27/2026-11:11:42] [I] Average on 10 runs - GPU latency: 0.181238 ms - Host latency: 0.181238 ms (enqueue 0.100891 ms)
[02/27/2026-11:11:42] [I] Average on 10 runs - GPU latency: 0.181604 ms - Host latency: 0.181604 ms (enqueue 0.102734 ms)
[02/27/2026-11:11:42] [I] Average on 10 runs - GPU latency: 0.18009 ms - Host latency: 0.18009 ms (enqueue 0.104382 ms)
[02/27/2026-11:11:42] [I] Average on 10 runs - GPU latency: 0.180042 ms - Host latency: 0.180042 ms (enqueue 0.106665 ms)
[02/27/2026-11:11:42] [I] Average on 10 runs - GPU latency: 0.181201 ms - Host latency: 0.181201 ms (enqueue 0.10343 ms)
[02/27/2026-11:11:42] [I] Average on 10 runs - GPU latency: 0.180029 ms - Host latency: 0.180029 ms (enqueue 0.103186 ms)
[02/27/2026-11:11:42] [I] Average on 10 runs - GPU latency: 0.180115 ms - Host latency: 0.180115 ms (enqueue 0.10321 ms)
[02/27/2026-11:11:42] [I] Average on 10 runs - GPU latency: 0.180334 ms - Host latency: 0.180334 ms (enqueue 0.103076 ms)
[02/27/2026-11:11:42] [I] Average on 10 runs - GPU latency: 0.18042 ms - Host latency: 0.18042 ms (enqueue 0.106531 ms)
[02/27/2026-11:11:42] [I] Average on 10 runs - GPU latency: 0.180347 ms - Host latency: 0.180347 ms (enqueue 0.105713 ms)
[02/27/2026-11:11:42] [I] Average on 10 runs - GPU latency: 0.179932 ms - Host latency: 0.179932 ms (enqueue 0.104041 ms)
[02/27/2026-11:11:42] [I] Average on 10 runs - GPU latency: 0.180505 ms - Host latency: 0.180505 ms (enqueue 0.104163 ms)
[02/27/2026-11:11:42] [I] Average on 10 runs - GPU latency: 0.180518 ms - Host latency: 0.180518 ms (enqueue 0.109814 ms)
[02/27/2026-11:11:42] [I] Average on 10 runs - GPU latency: 0.180518 ms - Host latency: 0.180518 ms (enqueue 0.103589 ms)
[02/27/2026-11:11:42] [I] Average on 10 runs - GPU latency: 0.180225 ms - Host latency: 0.180225 ms (enqueue 0.108228 ms)
[02/27/2026-11:11:42] [I] Average on 10 runs - GPU latency: 0.181274 ms - Host latency: 0.181274 ms (enqueue 0.101917 ms)
[02/27/2026-11:11:42] [I] Average on 10 runs - GPU latency: 0.181323 ms - Host latency: 0.181323 ms (enqueue 0.106726 ms)
[02/27/2026-11:11:42] [I] Average on 10 runs - GPU latency: 0.179199 ms - Host latency: 0.179199 ms (enqueue 0.104382 ms)
[02/27/2026-11:11:42] [I] Average on 10 runs - GPU latency: 0.179602 ms - Host latency: 0.179602 ms (enqueue 0.105774 ms)
[02/27/2026-11:11:42] [I] Average on 10 runs - GPU latency: 0.1802 ms - Host latency: 0.1802 ms (enqueue 0.10376 ms)
[02/27/2026-11:11:42] [I] Average on 10 runs - GPU latency: 0.181934 ms - Host latency: 0.181934 ms (enqueue 0.103113 ms)
[02/27/2026-11:11:42] [I] Average on 10 runs - GPU latency: 0.18009 ms - Host latency: 0.18009 ms (enqueue 0.105737 ms)
[02/27/2026-11:11:42] [I] Average on 10 runs - GPU latency: 0.179333 ms - Host latency: 0.179333 ms (enqueue 0.108167 ms)
[02/27/2026-11:11:42] [I] Average on 10 runs - GPU latency: 0.179395 ms - Host latency: 0.179395 ms (enqueue 0.108386 ms)
[02/27/2026-11:11:42] [I] Average on 10 runs - GPU latency: 0.180627 ms - Host latency: 0.180627 ms (enqueue 0.106824 ms)
[02/27/2026-11:11:42] [I] Average on 10 runs - GPU latency: 0.179443 ms - Host latency: 0.179443 ms (enqueue 0.10531 ms)
[02/27/2026-11:11:42] [I] Average on 10 runs - GPU latency: 0.18064 ms - Host latency: 0.18064 ms (enqueue 0.104834 ms)
[02/27/2026-11:11:42] [I] Average on 10 runs - GPU latency: 0.178687 ms - Host latency: 0.178687 ms (enqueue 0.107153 ms)
[02/27/2026-11:11:42] [I] Average on 10 runs - GPU latency: 0.180286 ms - Host latency: 0.180286 ms (enqueue 0.105591 ms)
[02/27/2026-11:11:42] [I] Average on 10 runs - GPU latency: 0.181384 ms - Host latency: 0.181384 ms (enqueue 0.104578 ms)
[02/27/2026-11:11:42] [I] Average on 10 runs - GPU latency: 0.18092 ms - Host latency: 0.18092 ms (enqueue 0.104626 ms)
[02/27/2026-11:11:42] [I] Average on 10 runs - GPU latency: 0.180444 ms - Host latency: 0.180444 ms (enqueue 0.105127 ms)
[02/27/2026-11:11:42] [I] Average on 10 runs - GPU latency: 0.180249 ms - Host latency: 0.180249 ms (enqueue 0.101013 ms)
[02/27/2026-11:11:42] [I] Average on 10 runs - GPU latency: 0.179529 ms - Host latency: 0.179529 ms (enqueue 0.106104 ms)
[02/27/2026-11:11:42] [I] Average on 10 runs - GPU latency: 0.180457 ms - Host latency: 0.180457 ms (enqueue 0.105469 ms)
[02/27/2026-11:11:42] [I] Average on 10 runs - GPU latency: 0.179529 ms - Host latency: 0.179529 ms (enqueue 0.104358 ms)
[02/27/2026-11:11:42] [I] Average on 10 runs - GPU latency: 0.179871 ms - Host latency: 0.179871 ms (enqueue 0.10614 ms)
[02/27/2026-11:11:42] [I] Average on 10 runs - GPU latency: 0.180505 ms - Host latency: 0.180505 ms (enqueue 0.104456 ms)
[02/27/2026-11:11:42] [I] Average on 10 runs - GPU latency: 0.179602 ms - Host latency: 0.179602 ms (enqueue 0.105664 ms)
[02/27/2026-11:11:42] [I] Average on 10 runs - GPU latency: 0.179749 ms - Host latency: 0.179749 ms (enqueue 0.102563 ms)
[02/27/2026-11:11:42] [I] Average on 10 runs - GPU latency: 0.180969 ms - Host latency: 0.180969 ms (enqueue 0.107117 ms)
[02/27/2026-11:11:42] [I] Average on 10 runs - GPU latency: 0.181384 ms - Host latency: 0.181384 ms (enqueue 0.101892 ms)
[02/27/2026-11:11:42] [I] Average on 10 runs - GPU latency: 0.181299 ms - Host latency: 0.181299 ms (enqueue 0.105884 ms)
[02/27/2026-11:11:42] [I] Average on 10 runs - GPU latency: 0.180811 ms - Host latency: 0.180811 ms (enqueue 0.104053 ms)
[02/27/2026-11:11:42] [I] Average on 10 runs - GPU latency: 0.17937 ms - Host latency: 0.17937 ms (enqueue 0.10061 ms)
[02/27/2026-11:11:42] [I] Average on 10 runs - GPU latency: 0.180786 ms - Host latency: 0.180786 ms (enqueue 0.105945 ms)
[02/27/2026-11:11:42] [I] Average on 10 runs - GPU latency: 0.180042 ms - Host latency: 0.180042 ms (enqueue 0.106433 ms)
[02/27/2026-11:11:42] [I] Average on 10 runs - GPU latency: 0.180457 ms - Host latency: 0.180457 ms (enqueue 0.107654 ms)
[02/27/2026-11:11:42] [I] Average on 10 runs - GPU latency: 0.180872 ms - Host latency: 0.180872 ms (enqueue 0.106653 ms)
[02/27/2026-11:11:42] [I] Average on 10 runs - GPU latency: 0.180237 ms - Host latency: 0.180237 ms (enqueue 0.106128 ms)
[02/27/2026-11:11:42] [I] Average on 10 runs - GPU latency: 0.179797 ms - Host latency: 0.179797 ms (enqueue 0.104761 ms)
[02/27/2026-11:11:42] [I] Average on 10 runs - GPU latency: 0.180444 ms - Host latency: 0.180444 ms (enqueue 0.104773 ms)
[02/27/2026-11:11:42] [I] Average on 10 runs - GPU latency: 0.181091 ms - Host latency: 0.181091 ms (enqueue 0.104529 ms)
[02/27/2026-11:11:42] [I] Average on 10 runs - GPU latency: 0.180005 ms - Host latency: 0.180005 ms (enqueue 0.106848 ms)
[02/27/2026-11:11:42] [I] Average on 10 runs - GPU latency: 0.179773 ms - Host latency: 0.179773 ms (enqueue 0.104102 ms)
[02/27/2026-11:11:42] [I] Average on 10 runs - GPU latency: 0.180212 ms - Host latency: 0.180212 ms (enqueue 0.107727 ms)
[02/27/2026-11:11:42] [I] Average on 10 runs - GPU latency: 0.180908 ms - Host latency: 0.180908 ms (enqueue 0.101379 ms)
[02/27/2026-11:11:42] [I] Average on 10 runs - GPU latency: 0.179553 ms - Host latency: 0.179553 ms (enqueue 0.10332 ms)
[02/27/2026-11:11:42] [I] Average on 10 runs - GPU latency: 0.180029 ms - Host latency: 0.180029 ms (enqueue 0.107861 ms)
[02/27/2026-11:11:42] [I] Average on 10 runs - GPU latency: 0.179285 ms - Host latency: 0.179285 ms (enqueue 0.10675 ms)
[02/27/2026-11:11:42] [I] Average on 10 runs - GPU latency: 0.18042 ms - Host latency: 0.18042 ms (enqueue 0.110059 ms)
[02/27/2026-11:11:42] [I] Average on 10 runs - GPU latency: 0.180835 ms - Host latency: 0.180835 ms (enqueue 0.10553 ms)
[02/27/2026-11:11:42] [I] Average on 10 runs - GPU latency: 0.181909 ms - Host latency: 0.181909 ms (enqueue 0.105457 ms)
[02/27/2026-11:11:42] [I] Average on 10 runs - GPU latency: 0.179968 ms - Host latency: 0.179968 ms (enqueue 0.105322 ms)
[02/27/2026-11:11:42] [I] Average on 10 runs - GPU latency: 0.181274 ms - Host latency: 0.181274 ms (enqueue 0.102283 ms)
[02/27/2026-11:11:42] [I] Average on 10 runs - GPU latency: 0.17937 ms - Host latency: 0.17937 ms (enqueue 0.103931 ms)
[02/27/2026-11:11:42] [I] Average on 10 runs - GPU latency: 0.179749 ms - Host latency: 0.179749 ms (enqueue 0.104956 ms)
[02/27/2026-11:11:42] [I] Average on 10 runs - GPU latency: 0.18092 ms - Host latency: 0.18092 ms (enqueue 0.10614 ms)
[02/27/2026-11:11:42] [I] Average on 10 runs - GPU latency: 0.180591 ms - Host latency: 0.180591 ms (enqueue 0.104272 ms)
[02/27/2026-11:11:42] [I] Average on 10 runs - GPU latency: 0.180896 ms - Host latency: 0.180896 ms (enqueue 0.10647 ms)
[02/27/2026-11:11:42] [I] Average on 10 runs - GPU latency: 0.180896 ms - Host latency: 0.180896 ms (enqueue 0.104419 ms)
[02/27/2026-11:11:42] [I] Average on 10 runs - GPU latency: 0.179004 ms - Host latency: 0.179004 ms (enqueue 0.105859 ms)
[02/27/2026-11:11:42] [I] Average on 10 runs - GPU latency: 0.180383 ms - Host latency: 0.180383 ms (enqueue 0.10741 ms)
[02/27/2026-11:11:42] [I] Average on 10 runs - GPU latency: 0.180994 ms - Host latency: 0.180994 ms (enqueue 0.104907 ms)
[02/27/2026-11:11:42] [I] Average on 10 runs - GPU latency: 0.181091 ms - Host latency: 0.181091 ms (enqueue 0.104907 ms)
[02/27/2026-11:11:42] [I] Average on 10 runs - GPU latency: 0.180859 ms - Host latency: 0.180859 ms (enqueue 0.102551 ms)
[02/27/2026-11:11:42] [I] Average on 10 runs - GPU latency: 0.180945 ms - Host latency: 0.180945 ms (enqueue 0.105066 ms)
[02/27/2026-11:11:42] [I] Average on 10 runs - GPU latency: 0.179993 ms - Host latency: 0.179993 ms (enqueue 0.103418 ms)
[02/27/2026-11:11:42] [I] Average on 10 runs - GPU latency: 0.180603 ms - Host latency: 0.180603 ms (enqueue 0.104602 ms)
[02/27/2026-11:11:42] [I] Average on 10 runs - GPU latency: 0.181152 ms - Host latency: 0.181152 ms (enqueue 0.104871 ms)
[02/27/2026-11:11:42] [I] Average on 10 runs - GPU latency: 0.180835 ms - Host latency: 0.180835 ms (enqueue 0.101624 ms)
[02/27/2026-11:11:42] [I] Average on 10 runs - GPU latency: 0.179749 ms - Host latency: 0.179749 ms (enqueue 0.107971 ms)
[02/27/2026-11:11:42] [I] Average on 10 runs - GPU latency: 0.179834 ms - Host latency: 0.179834 ms (enqueue 0.101758 ms)
[02/27/2026-11:11:42] [I] Average on 10 runs - GPU latency: 0.18175 ms - Host latency: 0.18175 ms (enqueue 0.102405 ms)
[02/27/2026-11:11:42] [I] Average on 10 runs - GPU latency: 0.179895 ms - Host latency: 0.179895 ms (enqueue 0.108276 ms)
[02/27/2026-11:11:42] [I] Average on 10 runs - GPU latency: 0.180383 ms - Host latency: 0.180383 ms (enqueue 0.104248 ms)
[02/27/2026-11:11:42] [I] Average on 10 runs - GPU latency: 0.179822 ms - Host latency: 0.179822 ms (enqueue 0.106165 ms)
[02/27/2026-11:11:42] [I] Average on 10 runs - GPU latency: 0.18064 ms - Host latency: 0.18064 ms (enqueue 0.103882 ms)
[02/27/2026-11:11:42] [I] Average on 10 runs - GPU latency: 0.179785 ms - Host latency: 0.179785 ms (enqueue 0.106165 ms)
[02/27/2026-11:11:42] [I] Average on 10 runs - GPU latency: 0.180457 ms - Host latency: 0.180457 ms (enqueue 0.104907 ms)
[02/27/2026-11:11:42] [I] Average on 10 runs - GPU latency: 0.17998 ms - Host latency: 0.17998 ms (enqueue 0.108704 ms)
[02/27/2026-11:11:42] [I] Average on 10 runs - GPU latency: 0.180249 ms - Host latency: 0.180249 ms (enqueue 0.103491 ms)
[02/27/2026-11:11:42] [I] Average on 10 runs - GPU latency: 0.180859 ms - Host latency: 0.180859 ms (enqueue 0.103259 ms)
[02/27/2026-11:11:42] [I] Average on 10 runs - GPU latency: 0.179492 ms - Host latency: 0.179492 ms (enqueue 0.112268 ms)
[02/27/2026-11:11:42] [I] Average on 10 runs - GPU latency: 0.180933 ms - Host latency: 0.180933 ms (enqueue 0.104895 ms)
[02/27/2026-11:11:42] [I] Average on 10 runs - GPU latency: 0.180994 ms - Host latency: 0.180994 ms (enqueue 0.106055 ms)
[02/27/2026-11:11:42] [I] Average on 10 runs - GPU latency: 0.178235 ms - Host latency: 0.178235 ms (enqueue 0.108716 ms)
[02/27/2026-11:11:42] [I] Average on 10 runs - GPU latency: 0.180371 ms - Host latency: 0.180371 ms (enqueue 0.108057 ms)
[02/27/2026-11:11:42] [I] Average on 10 runs - GPU latency: 0.179724 ms - Host latency: 0.179724 ms (enqueue 0.107581 ms)
[02/27/2026-11:11:42] [I] Average on 10 runs - GPU latency: 0.180151 ms - Host latency: 0.180151 ms (enqueue 0.10614 ms)
[02/27/2026-11:11:42] [I] Average on 10 runs - GPU latency: 0.181958 ms - Host latency: 0.181958 ms (enqueue 0.103442 ms)
[02/27/2026-11:11:42] [I] Average on 10 runs - GPU latency: 0.180176 ms - Host latency: 0.180176 ms (enqueue 0.106555 ms)
[02/27/2026-11:11:42] [I] Average on 10 runs - GPU latency: 0.179651 ms - Host latency: 0.179651 ms (enqueue 0.105481 ms)
[02/27/2026-11:11:42] [I] Average on 10 runs - GPU latency: 0.180957 ms - Host latency: 0.180957 ms (enqueue 0.103186 ms)
[02/27/2026-11:11:42] [I] Average on 10 runs - GPU latency: 0.180249 ms - Host latency: 0.180249 ms (enqueue 0.105054 ms)
[02/27/2026-11:11:42] [I] Average on 10 runs - GPU latency: 0.180872 ms - Host latency: 0.180872 ms (enqueue 0.103015 ms)
[02/27/2026-11:11:42] [I] Average on 10 runs - GPU latency: 0.181555 ms - Host latency: 0.181555 ms (enqueue 0.104639 ms)
[02/27/2026-11:11:42] [I] Average on 10 runs - GPU latency: 0.179651 ms - Host latency: 0.179651 ms (enqueue 0.104358 ms)
[02/27/2026-11:11:42] [I] Average on 10 runs - GPU latency: 0.180627 ms - Host latency: 0.180627 ms (enqueue 0.104211 ms)
[02/27/2026-11:11:42] [I] Average on 10 runs - GPU latency: 0.179773 ms - Host latency: 0.179773 ms (enqueue 0.108862 ms)
[02/27/2026-11:11:42] [I] Average on 10 runs - GPU latency: 0.180969 ms - Host latency: 0.180969 ms (enqueue 0.103625 ms)
[02/27/2026-11:11:42] [I] Average on 10 runs - GPU latency: 0.180115 ms - Host latency: 0.180115 ms (enqueue 0.107056 ms)
[02/27/2026-11:11:42] [I] Average on 10 runs - GPU latency: 0.179517 ms - Host latency: 0.179517 ms (enqueue 0.106506 ms)
[02/27/2026-11:11:42] [I] Average on 10 runs - GPU latency: 0.181006 ms - Host latency: 0.181006 ms (enqueue 0.1047 ms)
[02/27/2026-11:11:42] [I] Average on 10 runs - GPU latency: 0.180896 ms - Host latency: 0.180896 ms (enqueue 0.104199 ms)
[02/27/2026-11:11:42] [I] Average on 10 runs - GPU latency: 0.180444 ms - Host latency: 0.180444 ms (enqueue 0.104041 ms)
[02/27/2026-11:11:42] [I] Average on 10 runs - GPU latency: 0.179736 ms - Host latency: 0.179736 ms (enqueue 0.106677 ms)
[02/27/2026-11:11:42] [I] Average on 10 runs - GPU latency: 0.180212 ms - Host latency: 0.180212 ms (enqueue 0.102466 ms)
[02/27/2026-11:11:42] [I] Average on 10 runs - GPU latency: 0.181616 ms - Host latency: 0.181616 ms (enqueue 0.103223 ms)
[02/27/2026-11:11:42] [I] Average on 10 runs - GPU latency: 0.180994 ms - Host latency: 0.180994 ms (enqueue 0.10437 ms)
[02/27/2026-11:11:42] [I] Average on 10 runs - GPU latency: 0.180725 ms - Host latency: 0.180725 ms (enqueue 0.103162 ms)
[02/27/2026-11:11:42] [I] Average on 10 runs - GPU latency: 0.180029 ms - Host latency: 0.180029 ms (enqueue 0.105981 ms)
[02/27/2026-11:11:42] [I] Average on 10 runs - GPU latency: 0.178699 ms - Host latency: 0.178699 ms (enqueue 0.10343 ms)
[02/27/2026-11:11:42] [I] Average on 10 runs - GPU latency: 0.179871 ms - Host latency: 0.179871 ms (enqueue 0.106824 ms)
[02/27/2026-11:11:42] [I] Average on 10 runs - GPU latency: 0.180115 ms - Host latency: 0.180115 ms (enqueue 0.103601 ms)
[02/27/2026-11:11:42] [I] Average on 10 runs - GPU latency: 0.180261 ms - Host latency: 0.180261 ms (enqueue 0.105164 ms)
[02/27/2026-11:11:42] [I] Average on 10 runs - GPU latency: 0.179382 ms - Host latency: 0.179382 ms (enqueue 0.108691 ms)
[02/27/2026-11:11:42] [I] Average on 10 runs - GPU latency: 0.180444 ms - Host latency: 0.180444 ms (enqueue 0.109509 ms)
[02/27/2026-11:11:42] [I] Average on 10 runs - GPU latency: 0.17865 ms - Host latency: 0.17865 ms (enqueue 0.108704 ms)
[02/27/2026-11:11:42] [I] Average on 10 runs - GPU latency: 0.180078 ms - Host latency: 0.180078 ms (enqueue 0.108716 ms)
[02/27/2026-11:11:42] [I] Average on 10 runs - GPU latency: 0.180945 ms - Host latency: 0.180945 ms (enqueue 0.104773 ms)
[02/27/2026-11:11:42] [I] Average on 10 runs - GPU latency: 0.180518 ms - Host latency: 0.180518 ms (enqueue 0.104541 ms)
[02/27/2026-11:11:42] [I] Average on 10 runs - GPU latency: 0.180261 ms - Host latency: 0.180261 ms (enqueue 0.104553 ms)
[02/27/2026-11:11:42] [I] Average on 10 runs - GPU latency: 0.180042 ms - Host latency: 0.180042 ms (enqueue 0.105847 ms)
[02/27/2026-11:11:42] [I] Average on 10 runs - GPU latency: 0.180139 ms - Host latency: 0.180139 ms (enqueue 0.10542 ms)
[02/27/2026-11:11:42] [I] Average on 10 runs - GPU latency: 0.180908 ms - Host latency: 0.180908 ms (enqueue 0.10415 ms)
[02/27/2026-11:11:42] [I] Average on 10 runs - GPU latency: 0.180029 ms - Host latency: 0.180029 ms (enqueue 0.105542 ms)
[02/27/2026-11:11:42] [I] Average on 10 runs - GPU latency: 0.180554 ms - Host latency: 0.180554 ms (enqueue 0.106177 ms)
[02/27/2026-11:11:42] [I] Average on 10 runs - GPU latency: 0.180444 ms - Host latency: 0.180444 ms (enqueue 0.104834 ms)
[02/27/2026-11:11:42] [I] Average on 10 runs - GPU latency: 0.179895 ms - Host latency: 0.179895 ms (enqueue 0.106274 ms)
[02/27/2026-11:11:42] [I] Average on 10 runs - GPU latency: 0.180017 ms - Host latency: 0.180017 ms (enqueue 0.107654 ms)
[02/27/2026-11:11:42] [I] Average on 10 runs - GPU latency: 0.180261 ms - Host latency: 0.180261 ms (enqueue 0.107166 ms)
[02/27/2026-11:11:42] [I] Average on 10 runs - GPU latency: 0.178979 ms - Host latency: 0.178979 ms (enqueue 0.105322 ms)
[02/27/2026-11:11:42] [I] Average on 10 runs - GPU latency: 0.179858 ms - Host latency: 0.179858 ms (enqueue 0.106079 ms)
[02/27/2026-11:11:42] [I] Average on 10 runs - GPU latency: 0.180188 ms - Host latency: 0.180188 ms (enqueue 0.109546 ms)
[02/27/2026-11:11:42] [I] Average on 10 runs - GPU latency: 0.180103 ms - Host latency: 0.180103 ms (enqueue 0.108887 ms)
[02/27/2026-11:11:42] [I] Average on 10 runs - GPU latency: 0.181238 ms - Host latency: 0.181238 ms (enqueue 0.1021 ms)
[02/27/2026-11:11:42] [I] Average on 10 runs - GPU latency: 0.179431 ms - Host latency: 0.179431 ms (enqueue 0.103979 ms)
[02/27/2026-11:11:42] [I] Average on 10 runs - GPU latency: 0.179688 ms - Host latency: 0.179688 ms (enqueue 0.107227 ms)
[02/27/2026-11:11:42] [I] Average on 10 runs - GPU latency: 0.179675 ms - Host latency: 0.179675 ms (enqueue 0.102454 ms)
[02/27/2026-11:11:42] [I] Average on 10 runs - GPU latency: 0.180322 ms - Host latency: 0.180322 ms (enqueue 0.107947 ms)
[02/27/2026-11:11:42] [I] Average on 10 runs - GPU latency: 0.178894 ms - Host latency: 0.178894 ms (enqueue 0.110315 ms)
[02/27/2026-11:11:42] [I] Average on 10 runs - GPU latency: 0.179871 ms - Host latency: 0.179871 ms (enqueue 0.108789 ms)
[02/27/2026-11:11:42] [I] Average on 10 runs - GPU latency: 0.179956 ms - Host latency: 0.179956 ms (enqueue 0.105249 ms)
[02/27/2026-11:11:42] [I] Average on 10 runs - GPU latency: 0.179578 ms - Host latency: 0.179578 ms (enqueue 0.106787 ms)
[02/27/2026-11:11:42] [I] Average on 10 runs - GPU latency: 0.180945 ms - Host latency: 0.180945 ms (enqueue 0.103259 ms)
[02/27/2026-11:11:42] [I] Average on 10 runs - GPU latency: 0.1802 ms - Host latency: 0.1802 ms (enqueue 0.109766 ms)
[02/27/2026-11:11:42] [I] Average on 10 runs - GPU latency: 0.180273 ms - Host latency: 0.180273 ms (enqueue 0.108093 ms)
[02/27/2026-11:11:42] [I] Average on 10 runs - GPU latency: 0.180811 ms - Host latency: 0.180811 ms (enqueue 0.105566 ms)
[02/27/2026-11:11:42] [I] Average on 10 runs - GPU latency: 0.180933 ms - Host latency: 0.180933 ms (enqueue 0.107373 ms)
[02/27/2026-11:11:42] [I] Average on 10 runs - GPU latency: 0.181726 ms - Host latency: 0.181726 ms (enqueue 0.102551 ms)
[02/27/2026-11:11:42] [I] Average on 10 runs - GPU latency: 0.180627 ms - Host latency: 0.180627 ms (enqueue 0.102173 ms)
[02/27/2026-11:11:42] [I] Average on 10 runs - GPU latency: 0.181042 ms - Host latency: 0.181042 ms (enqueue 0.102673 ms)
[02/27/2026-11:11:42] [I] Average on 10 runs - GPU latency: 0.180042 ms - Host latency: 0.180042 ms (enqueue 0.108887 ms)
[02/27/2026-11:11:42] [I] Average on 10 runs - GPU latency: 0.180969 ms - Host latency: 0.180969 ms (enqueue 0.105896 ms)
[02/27/2026-11:11:42] [I] Average on 10 runs - GPU latency: 0.180481 ms - Host latency: 0.180481 ms (enqueue 0.104517 ms)
[02/27/2026-11:11:42] [I] Average on 10 runs - GPU latency: 0.179846 ms - Host latency: 0.179846 ms (enqueue 0.108472 ms)
[02/27/2026-11:11:42] [I] Average on 10 runs - GPU latency: 0.180237 ms - Host latency: 0.180237 ms (enqueue 0.109302 ms)
[02/27/2026-11:11:42] [I] Average on 10 runs - GPU latency: 0.180933 ms - Host latency: 0.180933 ms (enqueue 0.107129 ms)
[02/27/2026-11:11:42] [I] Average on 10 runs - GPU latency: 0.180518 ms - Host latency: 0.180518 ms (enqueue 0.106799 ms)
[02/27/2026-11:11:42] [I] Average on 10 runs - GPU latency: 0.180481 ms - Host latency: 0.180481 ms (enqueue 0.107166 ms)
[02/27/2026-11:11:42] [I] Average on 10 runs - GPU latency: 0.18125 ms - Host latency: 0.18125 ms (enqueue 0.108398 ms)
[02/27/2026-11:11:42] [I] Average on 10 runs - GPU latency: 0.180676 ms - Host latency: 0.180676 ms (enqueue 0.107056 ms)
[02/27/2026-11:11:42] [I] Average on 10 runs - GPU latency: 0.180615 ms - Host latency: 0.180615 ms (enqueue 0.107031 ms)
[02/27/2026-11:11:42] [I] Average on 10 runs - GPU latency: 0.181592 ms - Host latency: 0.181592 ms (enqueue 0.104187 ms)
[02/27/2026-11:11:42] [I] Average on 10 runs - GPU latency: 0.18125 ms - Host latency: 0.18125 ms (enqueue 0.101929 ms)
[02/27/2026-11:11:42] [I] Average on 10 runs - GPU latency: 0.180103 ms - Host latency: 0.180103 ms (enqueue 0.107837 ms)
[02/27/2026-11:11:42] [I] Average on 10 runs - GPU latency: 0.180444 ms - Host latency: 0.180444 ms (enqueue 0.105847 ms)
[02/27/2026-11:11:42] [I] Average on 10 runs - GPU latency: 0.180786 ms - Host latency: 0.180786 ms (enqueue 0.105933 ms)
[02/27/2026-11:11:42] [I] Average on 10 runs - GPU latency: 0.18009 ms - Host latency: 0.18009 ms (enqueue 0.106714 ms)
[02/27/2026-11:11:42] [I] Average on 10 runs - GPU latency: 0.181091 ms - Host latency: 0.181091 ms (enqueue 0.108533 ms)
[02/27/2026-11:11:42] [I] Average on 10 runs - GPU latency: 0.180737 ms - Host latency: 0.180737 ms (enqueue 0.106921 ms)
[02/27/2026-11:11:42] [I] Average on 10 runs - GPU latency: 0.179614 ms - Host latency: 0.179614 ms (enqueue 0.106946 ms)
[02/27/2026-11:11:42] [I] Average on 10 runs - GPU latency: 0.180469 ms - Host latency: 0.180469 ms (enqueue 0.10863 ms)
[02/27/2026-11:11:42] [I] Average on 10 runs - GPU latency: 0.180542 ms - Host latency: 0.180542 ms (enqueue 0.105933 ms)
[02/27/2026-11:11:42] [I] Average on 10 runs - GPU latency: 0.180444 ms - Host latency: 0.180444 ms (enqueue 0.109192 ms)
[02/27/2026-11:11:42] [I] Average on 10 runs - GPU latency: 0.180566 ms - Host latency: 0.180566 ms (enqueue 0.104822 ms)
[02/27/2026-11:11:42] [I] Average on 10 runs - GPU latency: 0.180969 ms - Host latency: 0.180969 ms (enqueue 0.107361 ms)
[02/27/2026-11:11:42] [I] Average on 10 runs - GPU latency: 0.182056 ms - Host latency: 0.182056 ms (enqueue 0.105481 ms)
[02/27/2026-11:11:42] [I] Average on 10 runs - GPU latency: 0.18125 ms - Host latency: 0.18125 ms (enqueue 0.106689 ms)
[02/27/2026-11:11:42] [I] Average on 10 runs - GPU latency: 0.18064 ms - Host latency: 0.18064 ms (enqueue 0.105591 ms)
[02/27/2026-11:11:42] [I] Average on 10 runs - GPU latency: 0.179968 ms - Host latency: 0.179968 ms (enqueue 0.104797 ms)
[02/27/2026-11:11:42] [I] Average on 10 runs - GPU latency: 0.178528 ms - Host latency: 0.178528 ms (enqueue 0.106787 ms)
[02/27/2026-11:11:42] [I] Average on 10 runs - GPU latency: 0.180225 ms - Host latency: 0.180225 ms (enqueue 0.107837 ms)
[02/27/2026-11:11:42] [I] Average on 10 runs - GPU latency: 0.178333 ms - Host latency: 0.178333 ms (enqueue 0.10509 ms)
[02/27/2026-11:11:42] [I] Average on 10 runs - GPU latency: 0.178552 ms - Host latency: 0.178552 ms (enqueue 0.108105 ms)
[02/27/2026-11:11:42] [I] Average on 10 runs - GPU latency: 0.179749 ms - Host latency: 0.179749 ms (enqueue 0.107751 ms)
[02/27/2026-11:11:42] [I] Average on 10 runs - GPU latency: 0.178674 ms - Host latency: 0.178674 ms (enqueue 0.10553 ms)
[02/27/2026-11:11:42] [I] Average on 10 runs - GPU latency: 0.181091 ms - Host latency: 0.181091 ms (enqueue 0.106445 ms)
[02/27/2026-11:11:42] [I] Average on 10 runs - GPU latency: 0.179163 ms - Host latency: 0.179163 ms (enqueue 0.107324 ms)
[02/27/2026-11:11:42] [I] Average on 10 runs - GPU latency: 0.180762 ms - Host latency: 0.180762 ms (enqueue 0.109131 ms)
[02/27/2026-11:11:42] [I] Average on 10 runs - GPU latency: 0.179504 ms - Host latency: 0.179504 ms (enqueue 0.109509 ms)
[02/27/2026-11:11:42] [I] Average on 10 runs - GPU latency: 0.179712 ms - Host latency: 0.179712 ms (enqueue 0.109351 ms)
[02/27/2026-11:11:42] [I] Average on 10 runs - GPU latency: 0.179663 ms - Host latency: 0.179663 ms (enqueue 0.110388 ms)
[02/27/2026-11:11:42] [I] Average on 10 runs - GPU latency: 0.180505 ms - Host latency: 0.180505 ms (enqueue 0.1078 ms)
[02/27/2026-11:11:42] [I] Average on 10 runs - GPU latency: 0.179736 ms - Host latency: 0.179736 ms (enqueue 0.110205 ms)
[02/27/2026-11:11:42] [I] Average on 10 runs - GPU latency: 0.180396 ms - Host latency: 0.180396 ms (enqueue 0.103015 ms)
[02/27/2026-11:11:42] [I] Average on 10 runs - GPU latency: 0.18053 ms - Host latency: 0.18053 ms (enqueue 0.112268 ms)
[02/27/2026-11:11:42] [I] Average on 10 runs - GPU latency: 0.17959 ms - Host latency: 0.17959 ms (enqueue 0.108777 ms)
[02/27/2026-11:11:42] [I] Average on 10 runs - GPU latency: 0.179431 ms - Host latency: 0.179431 ms (enqueue 0.10647 ms)
[02/27/2026-11:11:42] [I] Average on 10 runs - GPU latency: 0.180396 ms - Host latency: 0.180396 ms (enqueue 0.103711 ms)
[02/27/2026-11:11:42] [I] Average on 10 runs - GPU latency: 0.180798 ms - Host latency: 0.180798 ms (enqueue 0.106384 ms)
[02/27/2026-11:11:42] [I] Average on 10 runs - GPU latency: 0.179504 ms - Host latency: 0.179504 ms (enqueue 0.110828 ms)
[02/27/2026-11:11:42] [I] Average on 10 runs - GPU latency: 0.180261 ms - Host latency: 0.180261 ms (enqueue 0.108972 ms)
[02/27/2026-11:11:42] [I] Average on 10 runs - GPU latency: 0.180212 ms - Host latency: 0.180212 ms (enqueue 0.108154 ms)
[02/27/2026-11:11:42] [I] Average on 10 runs - GPU latency: 0.180127 ms - Host latency: 0.180127 ms (enqueue 0.107385 ms)
[02/27/2026-11:11:42] [I] Average on 10 runs - GPU latency: 0.179639 ms - Host latency: 0.179639 ms (enqueue 0.109875 ms)
[02/27/2026-11:11:42] [I] Average on 10 runs - GPU latency: 0.179602 ms - Host latency: 0.179602 ms (enqueue 0.109253 ms)
[02/27/2026-11:11:42] [I] Average on 10 runs - GPU latency: 0.18009 ms - Host latency: 0.18009 ms (enqueue 0.109033 ms)
[02/27/2026-11:11:42] [I] Average on 10 runs - GPU latency: 0.179993 ms - Host latency: 0.179993 ms (enqueue 0.110706 ms)
[02/27/2026-11:11:42] [I] Average on 10 runs - GPU latency: 0.179456 ms - Host latency: 0.179456 ms (enqueue 0.109912 ms)
[02/27/2026-11:11:42] [I] Average on 10 runs - GPU latency: 0.179272 ms - Host latency: 0.179272 ms (enqueue 0.10929 ms)
[02/27/2026-11:11:42] [I] Average on 10 runs - GPU latency: 0.179907 ms - Host latency: 0.179907 ms (enqueue 0.107935 ms)
[02/27/2026-11:11:42] [I] Average on 10 runs - GPU latency: 0.178406 ms - Host latency: 0.178406 ms (enqueue 0.107751 ms)
[02/27/2026-11:11:42] [I] Average on 10 runs - GPU latency: 0.179968 ms - Host latency: 0.179968 ms (enqueue 0.106592 ms)
[02/27/2026-11:11:42] [I] Average on 10 runs - GPU latency: 0.180371 ms - Host latency: 0.180371 ms (enqueue 0.103467 ms)
[02/27/2026-11:11:42] [I] Average on 10 runs - GPU latency: 0.179541 ms - Host latency: 0.179541 ms (enqueue 0.107654 ms)
[02/27/2026-11:11:42] [I] Average on 10 runs - GPU latency: 0.17948 ms - Host latency: 0.17948 ms (enqueue 0.110291 ms)
[02/27/2026-11:11:42] [I] Average on 10 runs - GPU latency: 0.180664 ms - Host latency: 0.180664 ms (enqueue 0.107227 ms)
[02/27/2026-11:11:42] [I] Average on 10 runs - GPU latency: 0.178638 ms - Host latency: 0.178638 ms (enqueue 0.107971 ms)
[02/27/2026-11:11:42] [I] Average on 10 runs - GPU latency: 0.179602 ms - Host latency: 0.179602 ms (enqueue 0.105713 ms)
[02/27/2026-11:11:42] [I] Average on 10 runs - GPU latency: 0.179712 ms - Host latency: 0.179712 ms (enqueue 0.110095 ms)
[02/27/2026-11:11:42] [I] Average on 10 runs - GPU latency: 0.180188 ms - Host latency: 0.180188 ms (enqueue 0.109583 ms)
[02/27/2026-11:11:42] [I] Average on 10 runs - GPU latency: 0.179553 ms - Host latency: 0.179553 ms (enqueue 0.107739 ms)
[02/27/2026-11:11:42] [I] Average on 10 runs - GPU latency: 0.179285 ms - Host latency: 0.179285 ms (enqueue 0.111023 ms)
[02/27/2026-11:11:42] [I] Average on 10 runs - GPU latency: 0.180334 ms - Host latency: 0.180334 ms (enqueue 0.10592 ms)
[02/27/2026-11:11:42] [I] Average on 10 runs - GPU latency: 0.180164 ms - Host latency: 0.180164 ms (enqueue 0.104968 ms)
[02/27/2026-11:11:42] [I] Average on 10 runs - GPU latency: 0.179834 ms - Host latency: 0.179834 ms (enqueue 0.105115 ms)
[02/27/2026-11:11:42] [I] Average on 10 runs - GPU latency: 0.180835 ms - Host latency: 0.180835 ms (enqueue 0.108923 ms)
[02/27/2026-11:11:42] [I] Average on 10 runs - GPU latency: 0.180725 ms - Host latency: 0.180725 ms (enqueue 0.10293 ms)
[02/27/2026-11:11:42] [I] Average on 10 runs - GPU latency: 0.180249 ms - Host latency: 0.180249 ms (enqueue 0.10863 ms)
[02/27/2026-11:11:42] [I] Average on 10 runs - GPU latency: 0.180408 ms - Host latency: 0.180408 ms (enqueue 0.103967 ms)
[02/27/2026-11:11:42] [I] Average on 10 runs - GPU latency: 0.179749 ms - Host latency: 0.179749 ms (enqueue 0.110315 ms)
[02/27/2026-11:11:42] [I] Average on 10 runs - GPU latency: 0.179724 ms - Host latency: 0.179724 ms (enqueue 0.10918 ms)
[02/27/2026-11:11:42] [I] Average on 10 runs - GPU latency: 0.180151 ms - Host latency: 0.180151 ms (enqueue 0.107727 ms)
[02/27/2026-11:11:42] [I] Average on 10 runs - GPU latency: 0.179773 ms - Host latency: 0.179773 ms (enqueue 0.105469 ms)
[02/27/2026-11:11:42] [I] Average on 10 runs - GPU latency: 0.180005 ms - Host latency: 0.180005 ms (enqueue 0.103711 ms)
[02/27/2026-11:11:42] [I] Average on 10 runs - GPU latency: 0.179797 ms - Host latency: 0.179797 ms (enqueue 0.10531 ms)
[02/27/2026-11:11:42] [I] Average on 10 runs - GPU latency: 0.180688 ms - Host latency: 0.180688 ms (enqueue 0.103564 ms)
[02/27/2026-11:11:42] [I] Average on 10 runs - GPU latency: 0.179456 ms - Host latency: 0.179456 ms (enqueue 0.104773 ms)
[02/27/2026-11:11:42] [I] Average on 10 runs - GPU latency: 0.180994 ms - Host latency: 0.180994 ms (enqueue 0.104102 ms)
[02/27/2026-11:11:42] [I] Average on 10 runs - GPU latency: 0.179736 ms - Host latency: 0.179736 ms (enqueue 0.103552 ms)
[02/27/2026-11:11:42] [I] Average on 10 runs - GPU latency: 0.180066 ms - Host latency: 0.180066 ms (enqueue 0.1073 ms)
[02/27/2026-11:11:42] [I] Average on 10 runs - GPU latency: 0.180408 ms - Host latency: 0.180408 ms (enqueue 0.107288 ms)
[02/27/2026-11:11:42] [I] Average on 10 runs - GPU latency: 0.180493 ms - Host latency: 0.180493 ms (enqueue 0.105505 ms)
[02/27/2026-11:11:42] [I] Average on 10 runs - GPU latency: 0.180469 ms - Host latency: 0.180469 ms (enqueue 0.104651 ms)
[02/27/2026-11:11:42] [I] Average on 10 runs - GPU latency: 0.180298 ms - Host latency: 0.180298 ms (enqueue 0.105627 ms)
[02/27/2026-11:11:42] [I] Average on 10 runs - GPU latency: 0.179297 ms - Host latency: 0.179297 ms (enqueue 0.106396 ms)
[02/27/2026-11:11:42] [I] Average on 10 runs - GPU latency: 0.179639 ms - Host latency: 0.179639 ms (enqueue 0.106372 ms)
[02/27/2026-11:11:42] [I] Average on 10 runs - GPU latency: 0.179456 ms - Host latency: 0.179456 ms (enqueue 0.109509 ms)
[02/27/2026-11:11:42] [I] Average on 10 runs - GPU latency: 0.180286 ms - Host latency: 0.180286 ms (enqueue 0.10553 ms)
[02/27/2026-11:11:42] [I] Average on 10 runs - GPU latency: 0.180725 ms - Host latency: 0.180725 ms (enqueue 0.107166 ms)
[02/27/2026-11:11:42] [I] Average on 10 runs - GPU latency: 0.180444 ms - Host latency: 0.180444 ms (enqueue 0.103687 ms)
[02/27/2026-11:11:42] [I] Average on 10 runs - GPU latency: 0.181067 ms - Host latency: 0.181067 ms (enqueue 0.105554 ms)
[02/27/2026-11:11:42] [I] Average on 10 runs - GPU latency: 0.180298 ms - Host latency: 0.180298 ms (enqueue 0.107288 ms)
[02/27/2026-11:11:42] [I] Average on 10 runs - GPU latency: 0.180408 ms - Host latency: 0.180408 ms (enqueue 0.106287 ms)
[02/27/2026-11:11:42] [I] Average on 10 runs - GPU latency: 0.1797 ms - Host latency: 0.1797 ms (enqueue 0.108411 ms)
[02/27/2026-11:11:42] [I] Average on 10 runs - GPU latency: 0.179407 ms - Host latency: 0.179407 ms (enqueue 0.107959 ms)
[02/27/2026-11:11:42] [I] Average on 10 runs - GPU latency: 0.180615 ms - Host latency: 0.180615 ms (enqueue 0.103467 ms)
[02/27/2026-11:11:42] [I] Average on 10 runs - GPU latency: 0.180737 ms - Host latency: 0.180737 ms (enqueue 0.102075 ms)
[02/27/2026-11:11:42] [I] Average on 10 runs - GPU latency: 0.179504 ms - Host latency: 0.179504 ms (enqueue 0.107556 ms)
[02/27/2026-11:11:42] [I] Average on 10 runs - GPU latency: 0.179846 ms - Host latency: 0.179846 ms (enqueue 0.106055 ms)
[02/27/2026-11:11:42] [I] Average on 10 runs - GPU latency: 0.180786 ms - Host latency: 0.180786 ms (enqueue 0.104114 ms)
[02/27/2026-11:11:42] [I] Average on 10 runs - GPU latency: 0.180383 ms - Host latency: 0.180383 ms (enqueue 0.103235 ms)
[02/27/2026-11:11:42] [I] Average on 10 runs - GPU latency: 0.180139 ms - Host latency: 0.180139 ms (enqueue 0.107312 ms)
[02/27/2026-11:11:42] [I] Average on 10 runs - GPU latency: 0.17981 ms - Host latency: 0.17981 ms (enqueue 0.103418 ms)
[02/27/2026-11:11:42] [I] Average on 10 runs - GPU latency: 0.179773 ms - Host latency: 0.179773 ms (enqueue 0.107922 ms)
[02/27/2026-11:11:42] [I] Average on 10 runs - GPU latency: 0.180811 ms - Host latency: 0.180811 ms (enqueue 0.107947 ms)
[02/27/2026-11:11:42] [I] Average on 10 runs - GPU latency: 0.180139 ms - Host latency: 0.180139 ms (enqueue 0.107361 ms)
[02/27/2026-11:11:42] [I] Average on 10 runs - GPU latency: 0.181494 ms - Host latency: 0.181494 ms (enqueue 0.105579 ms)
[02/27/2026-11:11:42] [I] Average on 10 runs - GPU latency: 0.180896 ms - Host latency: 0.180896 ms (enqueue 0.105286 ms)
[02/27/2026-11:11:42] [I] Average on 10 runs - GPU latency: 0.178955 ms - Host latency: 0.178955 ms (enqueue 0.107764 ms)
[02/27/2026-11:11:42] [I] Average on 10 runs - GPU latency: 0.180469 ms - Host latency: 0.180469 ms (enqueue 0.106189 ms)
[02/27/2026-11:11:42] [I] Average on 10 runs - GPU latency: 0.178931 ms - Host latency: 0.178931 ms (enqueue 0.104102 ms)
[02/27/2026-11:11:42] [I] Average on 10 runs - GPU latency: 0.180029 ms - Host latency: 0.180029 ms (enqueue 0.110547 ms)
[02/27/2026-11:11:42] [I] Average on 10 runs - GPU latency: 0.178601 ms - Host latency: 0.178601 ms (enqueue 0.108167 ms)
[02/27/2026-11:11:42] [I] Average on 10 runs - GPU latency: 0.179724 ms - Host latency: 0.179724 ms (enqueue 0.108203 ms)
[02/27/2026-11:11:42] [I] Average on 10 runs - GPU latency: 0.179761 ms - Host latency: 0.179761 ms (enqueue 0.104932 ms)
[02/27/2026-11:11:42] [I] Average on 10 runs - GPU latency: 0.180249 ms - Host latency: 0.180249 ms (enqueue 0.10387 ms)
[02/27/2026-11:11:42] [I] Average on 10 runs - GPU latency: 0.179492 ms - Host latency: 0.179492 ms (enqueue 0.104419 ms)
[02/27/2026-11:11:42] [I] Average on 10 runs - GPU latency: 0.180164 ms - Host latency: 0.180164 ms (enqueue 0.107031 ms)
[02/27/2026-11:11:42] [I] Average on 10 runs - GPU latency: 0.179248 ms - Host latency: 0.179248 ms (enqueue 0.10697 ms)
[02/27/2026-11:11:42] [I] Average on 10 runs - GPU latency: 0.17981 ms - Host latency: 0.17981 ms (enqueue 0.103381 ms)
[02/27/2026-11:11:42] [I] Average on 10 runs - GPU latency: 0.181152 ms - Host latency: 0.181152 ms (enqueue 0.104382 ms)
[02/27/2026-11:11:42] [I] Average on 10 runs - GPU latency: 0.180347 ms - Host latency: 0.180347 ms (enqueue 0.106177 ms)
[02/27/2026-11:11:42] [I] Average on 10 runs - GPU latency: 0.180884 ms - Host latency: 0.180884 ms (enqueue 0.107251 ms)
[02/27/2026-11:11:42] [I] Average on 10 runs - GPU latency: 0.181055 ms - Host latency: 0.181055 ms (enqueue 0.106653 ms)
[02/27/2026-11:11:42] [I] Average on 10 runs - GPU latency: 0.180127 ms - Host latency: 0.180127 ms (enqueue 0.106604 ms)
[02/27/2026-11:11:42] [I] Average on 10 runs - GPU latency: 0.180042 ms - Host latency: 0.180042 ms (enqueue 0.106775 ms)
[02/27/2026-11:11:42] [I] Average on 10 runs - GPU latency: 0.180872 ms - Host latency: 0.180872 ms (enqueue 0.109155 ms)
[02/27/2026-11:11:42] [I] Average on 10 runs - GPU latency: 0.180103 ms - Host latency: 0.180103 ms (enqueue 0.107263 ms)
[02/27/2026-11:11:42] [I] Average on 10 runs - GPU latency: 0.180139 ms - Host latency: 0.180139 ms (enqueue 0.106372 ms)
[02/27/2026-11:11:42] [I] Average on 10 runs - GPU latency: 0.17959 ms - Host latency: 0.17959 ms (enqueue 0.105615 ms)
[02/27/2026-11:11:42] [I] Average on 10 runs - GPU latency: 0.179187 ms - Host latency: 0.179187 ms (enqueue 0.107666 ms)
[02/27/2026-11:11:42] [I] Average on 10 runs - GPU latency: 0.182141 ms - Host latency: 0.182141 ms (enqueue 0.102991 ms)
[02/27/2026-11:11:42] [I] Average on 10 runs - GPU latency: 0.179907 ms - Host latency: 0.179907 ms (enqueue 0.105017 ms)
[02/27/2026-11:11:42] [I] Average on 10 runs - GPU latency: 0.181128 ms - Host latency: 0.181128 ms (enqueue 0.107288 ms)
[02/27/2026-11:11:42] [I] Average on 10 runs - GPU latency: 0.179675 ms - Host latency: 0.179675 ms (enqueue 0.106946 ms)
[02/27/2026-11:11:42] [I] Average on 10 runs - GPU latency: 0.178931 ms - Host latency: 0.178931 ms (enqueue 0.107996 ms)
[02/27/2026-11:11:42] [I] Average on 10 runs - GPU latency: 0.180554 ms - Host latency: 0.180554 ms (enqueue 0.10332 ms)
[02/27/2026-11:11:42] [I] Average on 10 runs - GPU latency: 0.179639 ms - Host latency: 0.179639 ms (enqueue 0.11156 ms)
[02/27/2026-11:11:42] [I] Average on 10 runs - GPU latency: 0.182349 ms - Host latency: 0.182349 ms (enqueue 0.106042 ms)
[02/27/2026-11:11:42] [I] Average on 10 runs - GPU latency: 0.179468 ms - Host latency: 0.179468 ms (enqueue 0.107385 ms)
[02/27/2026-11:11:42] [I] Average on 10 runs - GPU latency: 0.180786 ms - Host latency: 0.180786 ms (enqueue 0.106091 ms)
[02/27/2026-11:11:42] [I] Average on 10 runs - GPU latency: 0.179651 ms - Host latency: 0.179651 ms (enqueue 0.107507 ms)
[02/27/2026-11:11:42] [I] Average on 10 runs - GPU latency: 0.179785 ms - Host latency: 0.179785 ms (enqueue 0.110754 ms)
[02/27/2026-11:11:42] [I] Average on 10 runs - GPU latency: 0.179663 ms - Host latency: 0.179663 ms (enqueue 0.107068 ms)
[02/27/2026-11:11:42] [I] Average on 10 runs - GPU latency: 0.180273 ms - Host latency: 0.180273 ms (enqueue 0.109106 ms)
[02/27/2026-11:11:42] [I] Average on 10 runs - GPU latency: 0.179553 ms - Host latency: 0.179553 ms (enqueue 0.110889 ms)
[02/27/2026-11:11:42] [I] Average on 10 runs - GPU latency: 0.181055 ms - Host latency: 0.181055 ms (enqueue 0.107336 ms)
[02/27/2026-11:11:42] [I] Average on 10 runs - GPU latency: 0.180859 ms - Host latency: 0.180859 ms (enqueue 0.104968 ms)
[02/27/2026-11:11:42] [I] Average on 10 runs - GPU latency: 0.179895 ms - Host latency: 0.179895 ms (enqueue 0.111658 ms)
[02/27/2026-11:11:42] [I] Average on 10 runs - GPU latency: 0.179968 ms - Host latency: 0.179968 ms (enqueue 0.105066 ms)
[02/27/2026-11:11:42] [I] Average on 10 runs - GPU latency: 0.179272 ms - Host latency: 0.179272 ms (enqueue 0.110706 ms)
[02/27/2026-11:11:42] [I] Average on 10 runs - GPU latency: 0.180762 ms - Host latency: 0.180762 ms (enqueue 0.109595 ms)
[02/27/2026-11:11:42] [I] Average on 10 runs - GPU latency: 0.180212 ms - Host latency: 0.180212 ms (enqueue 0.107556 ms)
[02/27/2026-11:11:42] [I] Average on 10 runs - GPU latency: 0.17937 ms - Host latency: 0.17937 ms (enqueue 0.110962 ms)
[02/27/2026-11:11:42] [I] Average on 10 runs - GPU latency: 0.180811 ms - Host latency: 0.180811 ms (enqueue 0.106299 ms)
[02/27/2026-11:11:42] [I] Average on 10 runs - GPU latency: 0.180518 ms - Host latency: 0.180518 ms (enqueue 0.107178 ms)
[02/27/2026-11:11:42] [I] Average on 10 runs - GPU latency: 0.179712 ms - Host latency: 0.179712 ms (enqueue 0.109058 ms)
[02/27/2026-11:11:42] [I] Average on 10 runs - GPU latency: 0.180176 ms - Host latency: 0.180176 ms (enqueue 0.108594 ms)
[02/27/2026-11:11:42] [I] Average on 10 runs - GPU latency: 0.180078 ms - Host latency: 0.180078 ms (enqueue 0.106689 ms)
[02/27/2026-11:11:42] [I] Average on 10 runs - GPU latency: 0.178931 ms - Host latency: 0.178931 ms (enqueue 0.108618 ms)
[02/27/2026-11:11:42] [I] Average on 10 runs - GPU latency: 0.179907 ms - Host latency: 0.179907 ms (enqueue 0.109497 ms)
[02/27/2026-11:11:42] [I] Average on 10 runs - GPU latency: 0.179004 ms - Host latency: 0.179004 ms (enqueue 0.113672 ms)
[02/27/2026-11:11:42] [I] Average on 10 runs - GPU latency: 0.178296 ms - Host latency: 0.178296 ms (enqueue 0.111572 ms)
[02/27/2026-11:11:42] [I] Average on 10 runs - GPU latency: 0.179272 ms - Host latency: 0.179272 ms (enqueue 0.110083 ms)
[02/27/2026-11:11:42] [I] Average on 10 runs - GPU latency: 0.182056 ms - Host latency: 0.182056 ms (enqueue 0.104565 ms)
[02/27/2026-11:11:42] [I] Average on 10 runs - GPU latency: 0.17981 ms - Host latency: 0.17981 ms (enqueue 0.106104 ms)
[02/27/2026-11:11:42] [I] Average on 10 runs - GPU latency: 0.179272 ms - Host latency: 0.179272 ms (enqueue 0.113208 ms)
[02/27/2026-11:11:42] [I] Average on 10 runs - GPU latency: 0.179419 ms - Host latency: 0.179419 ms (enqueue 0.106982 ms)
[02/27/2026-11:11:42] [I] Average on 10 runs - GPU latency: 0.180493 ms - Host latency: 0.180493 ms (enqueue 0.104395 ms)
[02/27/2026-11:11:42] [I] Average on 10 runs - GPU latency: 0.180786 ms - Host latency: 0.180786 ms (enqueue 0.105786 ms)
[02/27/2026-11:11:42] [I] Average on 10 runs - GPU latency: 0.180078 ms - Host latency: 0.180078 ms (enqueue 0.105029 ms)
[02/27/2026-11:11:42] [I] Average on 10 runs - GPU latency: 0.180371 ms - Host latency: 0.180371 ms (enqueue 0.105371 ms)
[02/27/2026-11:11:42] [I] Average on 10 runs - GPU latency: 0.17854 ms - Host latency: 0.17854 ms (enqueue 0.108643 ms)
[02/27/2026-11:11:42] [I] Average on 10 runs - GPU latency: 0.1802 ms - Host latency: 0.1802 ms (enqueue 0.111572 ms)
[02/27/2026-11:11:42] [I] Average on 10 runs - GPU latency: 0.180176 ms - Host latency: 0.180176 ms (enqueue 0.106665 ms)
[02/27/2026-11:11:42] [I] Average on 10 runs - GPU latency: 0.180737 ms - Host latency: 0.180737 ms (enqueue 0.109521 ms)
[02/27/2026-11:11:42] [I] Average on 10 runs - GPU latency: 0.17998 ms - Host latency: 0.17998 ms (enqueue 0.107202 ms)
[02/27/2026-11:11:42] [I] Average on 10 runs - GPU latency: 0.180835 ms - Host latency: 0.180835 ms (enqueue 0.103882 ms)
[02/27/2026-11:11:42] [I] Average on 10 runs - GPU latency: 0.17998 ms - Host latency: 0.17998 ms (enqueue 0.107178 ms)
[02/27/2026-11:11:42] [I] Average on 10 runs - GPU latency: 0.180078 ms - Host latency: 0.180078 ms (enqueue 0.10708 ms)
[02/27/2026-11:11:42] [I] Average on 10 runs - GPU latency: 0.180005 ms - Host latency: 0.180005 ms (enqueue 0.10791 ms)
[02/27/2026-11:11:42] [I] Average on 10 runs - GPU latency: 0.180542 ms - Host latency: 0.180542 ms (enqueue 0.104492 ms)
[02/27/2026-11:11:42] [I] Average on 10 runs - GPU latency: 0.180005 ms - Host latency: 0.180005 ms (enqueue 0.105151 ms)
[02/27/2026-11:11:42] [I] Average on 10 runs - GPU latency: 0.181372 ms - Host latency: 0.181372 ms (enqueue 0.103711 ms)
[02/27/2026-11:11:42] [I] Average on 10 runs - GPU latency: 0.181689 ms - Host latency: 0.181689 ms (enqueue 0.107007 ms)
[02/27/2026-11:11:42] [I] Average on 10 runs - GPU latency: 0.180054 ms - Host latency: 0.180054 ms (enqueue 0.104053 ms)
[02/27/2026-11:11:42] [I] Average on 10 runs - GPU latency: 0.180371 ms - Host latency: 0.180371 ms (enqueue 0.10415 ms)
[02/27/2026-11:11:42] [I] Average on 10 runs - GPU latency: 0.17937 ms - Host latency: 0.17937 ms (enqueue 0.108667 ms)
[02/27/2026-11:11:42] [I] Average on 10 runs - GPU latency: 0.181689 ms - Host latency: 0.181689 ms (enqueue 0.103882 ms)
[02/27/2026-11:11:42] [I] Average on 10 runs - GPU latency: 0.180591 ms - Host latency: 0.180591 ms (enqueue 0.105347 ms)
[02/27/2026-11:11:42] [I] Average on 10 runs - GPU latency: 0.179126 ms - Host latency: 0.179126 ms (enqueue 0.104224 ms)
[02/27/2026-11:11:42] [I] Average on 10 runs - GPU latency: 0.181665 ms - Host latency: 0.181665 ms (enqueue 0.107886 ms)
[02/27/2026-11:11:42] [I] Average on 10 runs - GPU latency: 0.180151 ms - Host latency: 0.180151 ms (enqueue 0.103906 ms)
[02/27/2026-11:11:42] [I] Average on 10 runs - GPU latency: 0.179541 ms - Host latency: 0.179541 ms (enqueue 0.106494 ms)
[02/27/2026-11:11:42] [I] Average on 10 runs - GPU latency: 0.180786 ms - Host latency: 0.180786 ms (enqueue 0.109766 ms)
[02/27/2026-11:11:42] [I] Average on 10 runs - GPU latency: 0.180347 ms - Host latency: 0.180347 ms (enqueue 0.10354 ms)
[02/27/2026-11:11:42] [I] Average on 10 runs - GPU latency: 0.180078 ms - Host latency: 0.180078 ms (enqueue 0.10791 ms)
[02/27/2026-11:11:42] [I] Average on 10 runs - GPU latency: 0.179834 ms - Host latency: 0.179834 ms (enqueue 0.104175 ms)
[02/27/2026-11:11:42] [I] Average on 10 runs - GPU latency: 0.180664 ms - Host latency: 0.180664 ms (enqueue 0.107666 ms)
[02/27/2026-11:11:42] [I] Average on 10 runs - GPU latency: 0.179883 ms - Host latency: 0.179883 ms (enqueue 0.106714 ms)
[02/27/2026-11:11:42] [I] Average on 10 runs - GPU latency: 0.180981 ms - Host latency: 0.180981 ms (enqueue 0.100781 ms)
[02/27/2026-11:11:42] [I] Average on 10 runs - GPU latency: 0.179736 ms - Host latency: 0.179736 ms (enqueue 0.109692 ms)
[02/27/2026-11:11:42] [I] Average on 10 runs - GPU latency: 0.181201 ms - Host latency: 0.181201 ms (enqueue 0.105005 ms)
[02/27/2026-11:11:42] [I] Average on 10 runs - GPU latency: 0.180249 ms - Host latency: 0.180249 ms (enqueue 0.10686 ms)
[02/27/2026-11:11:42] [I] Average on 10 runs - GPU latency: 0.178833 ms - Host latency: 0.178833 ms (enqueue 0.10769 ms)
[02/27/2026-11:11:42] [I] Average on 10 runs - GPU latency: 0.180054 ms - Host latency: 0.180054 ms (enqueue 0.10498 ms)
[02/27/2026-11:11:42] [I] Average on 10 runs - GPU latency: 0.179712 ms - Host latency: 0.179712 ms (enqueue 0.106738 ms)
[02/27/2026-11:11:42] [I] Average on 10 runs - GPU latency: 0.180078 ms - Host latency: 0.180078 ms (enqueue 0.106714 ms)
[02/27/2026-11:11:42] [I] Average on 10 runs - GPU latency: 0.180322 ms - Host latency: 0.180322 ms (enqueue 0.107739 ms)
[02/27/2026-11:11:42] [I] Average on 10 runs - GPU latency: 0.180493 ms - Host latency: 0.180493 ms (enqueue 0.107715 ms)
[02/27/2026-11:11:42] [I] Average on 10 runs - GPU latency: 0.180078 ms - Host latency: 0.180078 ms (enqueue 0.10498 ms)
[02/27/2026-11:11:42] [I] Average on 10 runs - GPU latency: 0.179443 ms - Host latency: 0.179443 ms (enqueue 0.107739 ms)
[02/27/2026-11:11:42] [I] Average on 10 runs - GPU latency: 0.181763 ms - Host latency: 0.181763 ms (enqueue 0.105957 ms)
[02/27/2026-11:11:42] [I] Average on 10 runs - GPU latency: 0.180811 ms - Host latency: 0.180811 ms (enqueue 0.10376 ms)
[02/27/2026-11:11:42] [I] Average on 10 runs - GPU latency: 0.180347 ms - Host latency: 0.180347 ms (enqueue 0.10708 ms)
[02/27/2026-11:11:42] [I] Average on 10 runs - GPU latency: 0.179517 ms - Host latency: 0.179517 ms (enqueue 0.108521 ms)
[02/27/2026-11:11:42] [I] Average on 10 runs - GPU latency: 0.180664 ms - Host latency: 0.180664 ms (enqueue 0.105225 ms)
[02/27/2026-11:11:42] [I] Average on 10 runs - GPU latency: 0.181104 ms - Host latency: 0.181104 ms (enqueue 0.10376 ms)
[02/27/2026-11:11:42] [I] Average on 10 runs - GPU latency: 0.180396 ms - Host latency: 0.180396 ms (enqueue 0.108105 ms)
[02/27/2026-11:11:42] [I] Average on 10 runs - GPU latency: 0.179565 ms - Host latency: 0.179565 ms (enqueue 0.107764 ms)
[02/27/2026-11:11:42] [I] Average on 10 runs - GPU latency: 0.181128 ms - Host latency: 0.181128 ms (enqueue 0.10603 ms)
[02/27/2026-11:11:42] [I] Average on 10 runs - GPU latency: 0.179272 ms - Host latency: 0.179272 ms (enqueue 0.106177 ms)
[02/27/2026-11:11:42] [I] Average on 10 runs - GPU latency: 0.180908 ms - Host latency: 0.180908 ms (enqueue 0.101538 ms)
[02/27/2026-11:11:42] [I] Average on 10 runs - GPU latency: 0.179614 ms - Host latency: 0.179614 ms (enqueue 0.107153 ms)
[02/27/2026-11:11:42] [I] Average on 10 runs - GPU latency: 0.180005 ms - Host latency: 0.180005 ms (enqueue 0.105615 ms)
[02/27/2026-11:11:42] [I] Average on 10 runs - GPU latency: 0.180664 ms - Host latency: 0.180664 ms (enqueue 0.104761 ms)
[02/27/2026-11:11:42] [I] Average on 10 runs - GPU latency: 0.180396 ms - Host latency: 0.180396 ms (enqueue 0.107397 ms)
[02/27/2026-11:11:42] [I] Average on 10 runs - GPU latency: 0.180054 ms - Host latency: 0.180054 ms (enqueue 0.103906 ms)
[02/27/2026-11:11:42] [I] Average on 10 runs - GPU latency: 0.179443 ms - Host latency: 0.179443 ms (enqueue 0.105859 ms)
[02/27/2026-11:11:42] [I] Average on 10 runs - GPU latency: 0.180786 ms - Host latency: 0.180786 ms (enqueue 0.103638 ms)
[02/27/2026-11:11:42] [I] Average on 10 runs - GPU latency: 0.180444 ms - Host latency: 0.180444 ms (enqueue 0.103809 ms)
[02/27/2026-11:11:42] [I] Average on 10 runs - GPU latency: 0.179932 ms - Host latency: 0.179932 ms (enqueue 0.105981 ms)
[02/27/2026-11:11:42] [I] Average on 10 runs - GPU latency: 0.181104 ms - Host latency: 0.181104 ms (enqueue 0.104126 ms)
[02/27/2026-11:11:42] [I] Average on 10 runs - GPU latency: 0.181152 ms - Host latency: 0.181152 ms (enqueue 0.104126 ms)
[02/27/2026-11:11:42] [I] Average on 10 runs - GPU latency: 0.179272 ms - Host latency: 0.179272 ms (enqueue 0.10459 ms)
[02/27/2026-11:11:42] [I] Average on 10 runs - GPU latency: 0.179932 ms - Host latency: 0.179932 ms (enqueue 0.105273 ms)
[02/27/2026-11:11:42] [I] Average on 10 runs - GPU latency: 0.179858 ms - Host latency: 0.179858 ms (enqueue 0.10459 ms)
[02/27/2026-11:11:42] [I] Average on 10 runs - GPU latency: 0.180957 ms - Host latency: 0.180957 ms (enqueue 0.104639 ms)
[02/27/2026-11:11:42] [I] Average on 10 runs - GPU latency: 0.179004 ms - Host latency: 0.179004 ms (enqueue 0.111987 ms)
[02/27/2026-11:11:42] [I] Average on 10 runs - GPU latency: 0.179761 ms - Host latency: 0.179761 ms (enqueue 0.108765 ms)
[02/27/2026-11:11:42] [I] Average on 10 runs - GPU latency: 0.181519 ms - Host latency: 0.181519 ms (enqueue 0.105664 ms)
[02/27/2026-11:11:42] [I] Average on 10 runs - GPU latency: 0.180542 ms - Host latency: 0.180542 ms (enqueue 0.108179 ms)
[02/27/2026-11:11:42] [I] Average on 10 runs - GPU latency: 0.180493 ms - Host latency: 0.180493 ms (enqueue 0.107178 ms)
[02/27/2026-11:11:42] [I] Average on 10 runs - GPU latency: 0.180396 ms - Host latency: 0.180396 ms (enqueue 0.106982 ms)
[02/27/2026-11:11:42] [I] Average on 10 runs - GPU latency: 0.179736 ms - Host latency: 0.179736 ms (enqueue 0.108838 ms)
[02/27/2026-11:11:42] [I] Average on 10 runs - GPU latency: 0.18042 ms - Host latency: 0.18042 ms (enqueue 0.110913 ms)
[02/27/2026-11:11:42] [I] Average on 10 runs - GPU latency: 0.180005 ms - Host latency: 0.180005 ms (enqueue 0.109668 ms)
[02/27/2026-11:11:42] [I] Average on 10 runs - GPU latency: 0.180396 ms - Host latency: 0.180396 ms (enqueue 0.108545 ms)
[02/27/2026-11:11:42] [I] Average on 10 runs - GPU latency: 0.180127 ms - Host latency: 0.180127 ms (enqueue 0.104858 ms)
[02/27/2026-11:11:42] [I] Average on 10 runs - GPU latency: 0.180371 ms - Host latency: 0.180371 ms (enqueue 0.108521 ms)
[02/27/2026-11:11:42] [I] Average on 10 runs - GPU latency: 0.179443 ms - Host latency: 0.179443 ms (enqueue 0.104297 ms)
[02/27/2026-11:11:42] [I] Average on 10 runs - GPU latency: 0.179663 ms - Host latency: 0.179663 ms (enqueue 0.104736 ms)
[02/27/2026-11:11:42] [I] Average on 10 runs - GPU latency: 0.180078 ms - Host latency: 0.180078 ms (enqueue 0.10459 ms)
[02/27/2026-11:11:42] [I] Average on 10 runs - GPU latency: 0.179639 ms - Host latency: 0.179639 ms (enqueue 0.105029 ms)
[02/27/2026-11:11:42] [I] Average on 10 runs - GPU latency: 0.180444 ms - Host latency: 0.180444 ms (enqueue 0.105273 ms)
[02/27/2026-11:11:42] [I] Average on 10 runs - GPU latency: 0.181372 ms - Host latency: 0.181372 ms (enqueue 0.102222 ms)
[02/27/2026-11:11:42] [I] Average on 10 runs - GPU latency: 0.180396 ms - Host latency: 0.180396 ms (enqueue 0.108521 ms)
[02/27/2026-11:11:42] [I] Average on 10 runs - GPU latency: 0.180103 ms - Host latency: 0.180103 ms (enqueue 0.106372 ms)
[02/27/2026-11:11:42] [I] Average on 10 runs - GPU latency: 0.181104 ms - Host latency: 0.181104 ms (enqueue 0.104248 ms)
[02/27/2026-11:11:42] [I] Average on 10 runs - GPU latency: 0.181323 ms - Host latency: 0.181323 ms (enqueue 0.103784 ms)
[02/27/2026-11:11:42] [I] Average on 10 runs - GPU latency: 0.179834 ms - Host latency: 0.179834 ms (enqueue 0.1104 ms)
[02/27/2026-11:11:42] [I] Average on 10 runs - GPU latency: 0.179883 ms - Host latency: 0.179883 ms (enqueue 0.103442 ms)
[02/27/2026-11:11:42] [I] Average on 10 runs - GPU latency: 0.179736 ms - Host latency: 0.179736 ms (enqueue 0.109839 ms)
[02/27/2026-11:11:42] [I] Average on 10 runs - GPU latency: 0.180542 ms - Host latency: 0.180542 ms (enqueue 0.106299 ms)
[02/27/2026-11:11:42] [I] Average on 10 runs - GPU latency: 0.179736 ms - Host latency: 0.179736 ms (enqueue 0.103027 ms)
[02/27/2026-11:11:42] [I] Average on 10 runs - GPU latency: 0.179614 ms - Host latency: 0.179614 ms (enqueue 0.10459 ms)
[02/27/2026-11:11:42] [I] Average on 10 runs - GPU latency: 0.179443 ms - Host latency: 0.179443 ms (enqueue 0.106323 ms)
[02/27/2026-11:11:42] [I] Average on 10 runs - GPU latency: 0.18042 ms - Host latency: 0.18042 ms (enqueue 0.107007 ms)
[02/27/2026-11:11:42] [I] Average on 10 runs - GPU latency: 0.17959 ms - Host latency: 0.17959 ms (enqueue 0.108472 ms)
[02/27/2026-11:11:42] [I] Average on 10 runs - GPU latency: 0.179907 ms - Host latency: 0.179907 ms (enqueue 0.102954 ms)
[02/27/2026-11:11:42] [I] Average on 10 runs - GPU latency: 0.180859 ms - Host latency: 0.180859 ms (enqueue 0.104834 ms)
[02/27/2026-11:11:42] [I] Average on 10 runs - GPU latency: 0.181006 ms - Host latency: 0.181006 ms (enqueue 0.107739 ms)
[02/27/2026-11:11:42] [I] Average on 10 runs - GPU latency: 0.180249 ms - Host latency: 0.180249 ms (enqueue 0.104785 ms)
[02/27/2026-11:11:42] [I] Average on 10 runs - GPU latency: 0.180981 ms - Host latency: 0.180981 ms (enqueue 0.106299 ms)
[02/27/2026-11:11:42] [I] Average on 10 runs - GPU latency: 0.179297 ms - Host latency: 0.179297 ms (enqueue 0.103735 ms)
[02/27/2026-11:11:42] [I] Average on 10 runs - GPU latency: 0.179834 ms - Host latency: 0.179834 ms (enqueue 0.106055 ms)
[02/27/2026-11:11:42] [I] Average on 10 runs - GPU latency: 0.179956 ms - Host latency: 0.179956 ms (enqueue 0.108667 ms)
[02/27/2026-11:11:42] [I] Average on 10 runs - GPU latency: 0.181421 ms - Host latency: 0.181421 ms (enqueue 0.102344 ms)
[02/27/2026-11:11:42] [I] Average on 10 runs - GPU latency: 0.180005 ms - Host latency: 0.180005 ms (enqueue 0.10415 ms)
[02/27/2026-11:11:42] [I] Average on 10 runs - GPU latency: 0.180176 ms - Host latency: 0.180176 ms (enqueue 0.106445 ms)
[02/27/2026-11:11:42] [I] Average on 10 runs - GPU latency: 0.180054 ms - Host latency: 0.180054 ms (enqueue 0.106738 ms)
[02/27/2026-11:11:42] [I] Average on 10 runs - GPU latency: 0.178784 ms - Host latency: 0.178784 ms (enqueue 0.106226 ms)
[02/27/2026-11:11:42] [I] Average on 10 runs - GPU latency: 0.180225 ms - Host latency: 0.180225 ms (enqueue 0.106738 ms)
[02/27/2026-11:11:42] [I] Average on 10 runs - GPU latency: 0.180493 ms - Host latency: 0.180493 ms (enqueue 0.106323 ms)
[02/27/2026-11:11:42] [I] Average on 10 runs - GPU latency: 0.179419 ms - Host latency: 0.179419 ms (enqueue 0.107104 ms)
[02/27/2026-11:11:42] [I] Average on 10 runs - GPU latency: 0.18064 ms - Host latency: 0.18064 ms (enqueue 0.104346 ms)
[02/27/2026-11:11:42] [I] Average on 10 runs - GPU latency: 0.180615 ms - Host latency: 0.180615 ms (enqueue 0.102637 ms)
[02/27/2026-11:11:42] [I] Average on 10 runs - GPU latency: 0.179858 ms - Host latency: 0.179858 ms (enqueue 0.106372 ms)
[02/27/2026-11:11:42] [I] Average on 10 runs - GPU latency: 0.179443 ms - Host latency: 0.179443 ms (enqueue 0.104663 ms)
[02/27/2026-11:11:42] [I] Average on 10 runs - GPU latency: 0.180615 ms - Host latency: 0.180615 ms (enqueue 0.106348 ms)
[02/27/2026-11:11:42] [I] Average on 10 runs - GPU latency: 0.179663 ms - Host latency: 0.179663 ms (enqueue 0.105981 ms)
[02/27/2026-11:11:42] [I] Average on 10 runs - GPU latency: 0.180664 ms - Host latency: 0.180664 ms (enqueue 0.106201 ms)
[02/27/2026-11:11:42] [I] Average on 10 runs - GPU latency: 0.17998 ms - Host latency: 0.17998 ms (enqueue 0.106909 ms)
[02/27/2026-11:11:42] [I] Average on 10 runs - GPU latency: 0.17981 ms - Host latency: 0.17981 ms (enqueue 0.106958 ms)
[02/27/2026-11:11:42] [I] Average on 10 runs - GPU latency: 0.179785 ms - Host latency: 0.179785 ms (enqueue 0.102441 ms)
[02/27/2026-11:11:42] [I] Average on 10 runs - GPU latency: 0.180151 ms - Host latency: 0.180151 ms (enqueue 0.111914 ms)
[02/27/2026-11:11:42] [I] Average on 10 runs - GPU latency: 0.180151 ms - Host latency: 0.180151 ms (enqueue 0.108032 ms)
[02/27/2026-11:11:42] [I] Average on 10 runs - GPU latency: 0.17998 ms - Host latency: 0.17998 ms (enqueue 0.113379 ms)
[02/27/2026-11:11:42] [I] Average on 10 runs - GPU latency: 0.181079 ms - Host latency: 0.181079 ms (enqueue 0.103687 ms)
[02/27/2026-11:11:42] [I] Average on 10 runs - GPU latency: 0.180786 ms - Host latency: 0.180786 ms (enqueue 0.101953 ms)
[02/27/2026-11:11:42] [I] Average on 10 runs - GPU latency: 0.179712 ms - Host latency: 0.179712 ms (enqueue 0.110571 ms)
[02/27/2026-11:11:42] [I] Average on 10 runs - GPU latency: 0.180786 ms - Host latency: 0.180786 ms (enqueue 0.107153 ms)
[02/27/2026-11:11:42] [I] Average on 10 runs - GPU latency: 0.181519 ms - Host latency: 0.181519 ms (enqueue 0.105713 ms)
[02/27/2026-11:11:42] [I] Average on 10 runs - GPU latency: 0.180347 ms - Host latency: 0.180347 ms (enqueue 0.10603 ms)
[02/27/2026-11:11:42] [I] Average on 10 runs - GPU latency: 0.179883 ms - Host latency: 0.179883 ms (enqueue 0.104834 ms)
[02/27/2026-11:11:42] [I] Average on 10 runs - GPU latency: 0.179907 ms - Host latency: 0.179907 ms (enqueue 0.106494 ms)
[02/27/2026-11:11:42] [I] Average on 10 runs - GPU latency: 0.18042 ms - Host latency: 0.18042 ms (enqueue 0.110034 ms)
[02/27/2026-11:11:42] [I] Average on 10 runs - GPU latency: 0.180249 ms - Host latency: 0.180249 ms (enqueue 0.10415 ms)
[02/27/2026-11:11:42] [I] Average on 10 runs - GPU latency: 0.180444 ms - Host latency: 0.180444 ms (enqueue 0.10481 ms)
[02/27/2026-11:11:42] [I] Average on 10 runs - GPU latency: 0.181714 ms - Host latency: 0.181714 ms (enqueue 0.106543 ms)
[02/27/2026-11:11:42] [I] Average on 10 runs - GPU latency: 0.180273 ms - Host latency: 0.180273 ms (enqueue 0.105298 ms)
[02/27/2026-11:11:42] [I] Average on 10 runs - GPU latency: 0.180737 ms - Host latency: 0.180737 ms (enqueue 0.108472 ms)
[02/27/2026-11:11:42] [I] Average on 10 runs - GPU latency: 0.178394 ms - Host latency: 0.178394 ms (enqueue 0.108594 ms)
[02/27/2026-11:11:42] [I] Average on 10 runs - GPU latency: 0.180103 ms - Host latency: 0.180103 ms (enqueue 0.108032 ms)
[02/27/2026-11:11:42] [I] Average on 10 runs - GPU latency: 0.180591 ms - Host latency: 0.180591 ms (enqueue 0.109277 ms)
[02/27/2026-11:11:42] [I] Average on 10 runs - GPU latency: 0.179614 ms - Host latency: 0.179614 ms (enqueue 0.113037 ms)
[02/27/2026-11:11:42] [I] Average on 10 runs - GPU latency: 0.180176 ms - Host latency: 0.180176 ms (enqueue 0.10686 ms)
[02/27/2026-11:11:42] [I] Average on 10 runs - GPU latency: 0.179468 ms - Host latency: 0.179468 ms (enqueue 0.107007 ms)
[02/27/2026-11:11:42] [I] Average on 10 runs - GPU latency: 0.180444 ms - Host latency: 0.180444 ms (enqueue 0.108887 ms)
[02/27/2026-11:11:42] [I] Average on 10 runs - GPU latency: 0.180298 ms - Host latency: 0.180298 ms (enqueue 0.111597 ms)
[02/27/2026-11:11:42] [I] Average on 10 runs - GPU latency: 0.178979 ms - Host latency: 0.178979 ms (enqueue 0.108203 ms)
[02/27/2026-11:11:42] [I] Average on 10 runs - GPU latency: 0.180322 ms - Host latency: 0.180322 ms (enqueue 0.105151 ms)
[02/27/2026-11:11:42] [I] Average on 10 runs - GPU latency: 0.180859 ms - Host latency: 0.180859 ms (enqueue 0.110034 ms)
[02/27/2026-11:11:42] [I] Average on 10 runs - GPU latency: 0.180566 ms - Host latency: 0.180566 ms (enqueue 0.104956 ms)
[02/27/2026-11:11:42] [I] Average on 10 runs - GPU latency: 0.179565 ms - Host latency: 0.179565 ms (enqueue 0.107715 ms)
[02/27/2026-11:11:42] [I] Average on 10 runs - GPU latency: 0.179126 ms - Host latency: 0.179126 ms (enqueue 0.104053 ms)
[02/27/2026-11:11:42] [I] Average on 10 runs - GPU latency: 0.1802 ms - Host latency: 0.1802 ms (enqueue 0.104761 ms)
[02/27/2026-11:11:42] [I] Average on 10 runs - GPU latency: 0.179834 ms - Host latency: 0.179834 ms (enqueue 0.107324 ms)
[02/27/2026-11:11:42] [I] Average on 10 runs - GPU latency: 0.180396 ms - Host latency: 0.180396 ms (enqueue 0.109204 ms)
[02/27/2026-11:11:42] [I] Average on 10 runs - GPU latency: 0.181323 ms - Host latency: 0.181323 ms (enqueue 0.107056 ms)
[02/27/2026-11:11:42] [I] Average on 10 runs - GPU latency: 0.178589 ms - Host latency: 0.178589 ms (enqueue 0.109424 ms)
[02/27/2026-11:11:42] [I] Average on 10 runs - GPU latency: 0.180249 ms - Host latency: 0.180249 ms (enqueue 0.103442 ms)
[02/27/2026-11:11:42] [I] Average on 10 runs - GPU latency: 0.180249 ms - Host latency: 0.180249 ms (enqueue 0.104663 ms)
[02/27/2026-11:11:42] [I] Average on 10 runs - GPU latency: 0.179565 ms - Host latency: 0.179565 ms (enqueue 0.109473 ms)
[02/27/2026-11:11:42] [I] Average on 10 runs - GPU latency: 0.180151 ms - Host latency: 0.180151 ms (enqueue 0.105005 ms)
[02/27/2026-11:11:42] [I] Average on 10 runs - GPU latency: 0.179272 ms - Host latency: 0.179272 ms (enqueue 0.106909 ms)
[02/27/2026-11:11:42] [I] Average on 10 runs - GPU latency: 0.181299 ms - Host latency: 0.181299 ms (enqueue 0.101709 ms)
[02/27/2026-11:11:42] [I] Average on 10 runs - GPU latency: 0.18147 ms - Host latency: 0.18147 ms (enqueue 0.105542 ms)
[02/27/2026-11:11:42] [I] Average on 10 runs - GPU latency: 0.179565 ms - Host latency: 0.179565 ms (enqueue 0.102759 ms)
[02/27/2026-11:11:42] [I] Average on 10 runs - GPU latency: 0.179907 ms - Host latency: 0.179907 ms (enqueue 0.108276 ms)
[02/27/2026-11:11:42] [I] Average on 10 runs - GPU latency: 0.179932 ms - Host latency: 0.179932 ms (enqueue 0.104736 ms)
[02/27/2026-11:11:42] [I] Average on 10 runs - GPU latency: 0.179883 ms - Host latency: 0.179883 ms (enqueue 0.105029 ms)
[02/27/2026-11:11:42] [I] Average on 10 runs - GPU latency: 0.180005 ms - Host latency: 0.180005 ms (enqueue 0.102563 ms)
[02/27/2026-11:11:42] [I] Average on 10 runs - GPU latency: 0.180542 ms - Host latency: 0.180542 ms (enqueue 0.10437 ms)
[02/27/2026-11:11:42] [I] Average on 10 runs - GPU latency: 0.179712 ms - Host latency: 0.179712 ms (enqueue 0.103906 ms)
[02/27/2026-11:11:42] [I] Average on 10 runs - GPU latency: 0.180371 ms - Host latency: 0.180371 ms (enqueue 0.10498 ms)
[02/27/2026-11:11:42] [I] Average on 10 runs - GPU latency: 0.179712 ms - Host latency: 0.179712 ms (enqueue 0.106348 ms)
[02/27/2026-11:11:42] [I] Average on 10 runs - GPU latency: 0.179004 ms - Host latency: 0.179004 ms (enqueue 0.102954 ms)
[02/27/2026-11:11:42] [I] Average on 10 runs - GPU latency: 0.179272 ms - Host latency: 0.179272 ms (enqueue 0.106348 ms)
[02/27/2026-11:11:42] [I] Average on 10 runs - GPU latency: 0.181372 ms - Host latency: 0.181372 ms (enqueue 0.103003 ms)
[02/27/2026-11:11:42] [I] Average on 10 runs - GPU latency: 0.181299 ms - Host latency: 0.181299 ms (enqueue 0.103711 ms)
[02/27/2026-11:11:42] [I] Average on 10 runs - GPU latency: 0.179883 ms - Host latency: 0.179883 ms (enqueue 0.106226 ms)
[02/27/2026-11:11:42] [I] Average on 10 runs - GPU latency: 0.180249 ms - Host latency: 0.180249 ms (enqueue 0.105249 ms)
[02/27/2026-11:11:42] [I] Average on 10 runs - GPU latency: 0.179565 ms - Host latency: 0.179565 ms (enqueue 0.10542 ms)
[02/27/2026-11:11:42] [I] Average on 10 runs - GPU latency: 0.180005 ms - Host latency: 0.180005 ms (enqueue 0.102954 ms)
[02/27/2026-11:11:42] [I] Average on 10 runs - GPU latency: 0.18042 ms - Host latency: 0.18042 ms (enqueue 0.105005 ms)
[02/27/2026-11:11:42] [I] Average on 10 runs - GPU latency: 0.18042 ms - Host latency: 0.18042 ms (enqueue 0.105908 ms)
[02/27/2026-11:11:42] [I] Average on 10 runs - GPU latency: 0.179761 ms - Host latency: 0.179761 ms (enqueue 0.105273 ms)
[02/27/2026-11:11:42] [I] Average on 10 runs - GPU latency: 0.180029 ms - Host latency: 0.180029 ms (enqueue 0.104541 ms)
[02/27/2026-11:11:42] [I] Average on 10 runs - GPU latency: 0.181812 ms - Host latency: 0.181812 ms (enqueue 0.104199 ms)
[02/27/2026-11:11:42] [I] Average on 10 runs - GPU latency: 0.180518 ms - Host latency: 0.180518 ms (enqueue 0.102783 ms)
[02/27/2026-11:11:42] [I] Average on 10 runs - GPU latency: 0.179834 ms - Host latency: 0.179834 ms (enqueue 0.106592 ms)
[02/27/2026-11:11:42] [I] Average on 10 runs - GPU latency: 0.180029 ms - Host latency: 0.180029 ms (enqueue 0.104956 ms)
[02/27/2026-11:11:42] [I] Average on 10 runs - GPU latency: 0.182007 ms - Host latency: 0.182007 ms (enqueue 0.102319 ms)
[02/27/2026-11:11:42] [I] Average on 10 runs - GPU latency: 0.18064 ms - Host latency: 0.18064 ms (enqueue 0.103149 ms)
[02/27/2026-11:11:42] [I] Average on 10 runs - GPU latency: 0.179907 ms - Host latency: 0.179907 ms (enqueue 0.10459 ms)
[02/27/2026-11:11:42] [I] Average on 10 runs - GPU latency: 0.180054 ms - Host latency: 0.180054 ms (enqueue 0.104395 ms)
[02/27/2026-11:11:42] [I] Average on 10 runs - GPU latency: 0.178687 ms - Host latency: 0.178687 ms (enqueue 0.107397 ms)
[02/27/2026-11:11:42] [I] Average on 10 runs - GPU latency: 0.180078 ms - Host latency: 0.180078 ms (enqueue 0.104834 ms)
[02/27/2026-11:11:42] [I] Average on 10 runs - GPU latency: 0.179224 ms - Host latency: 0.179224 ms (enqueue 0.103833 ms)
[02/27/2026-11:11:42] [I] Average on 10 runs - GPU latency: 0.180737 ms - Host latency: 0.180737 ms (enqueue 0.105396 ms)
[02/27/2026-11:11:42] [I] Average on 10 runs - GPU latency: 0.180322 ms - Host latency: 0.180322 ms (enqueue 0.109229 ms)
[02/27/2026-11:11:42] [I] Average on 10 runs - GPU latency: 0.179639 ms - Host latency: 0.179639 ms (enqueue 0.107324 ms)
[02/27/2026-11:11:42] [I] Average on 10 runs - GPU latency: 0.180884 ms - Host latency: 0.180884 ms (enqueue 0.104468 ms)
[02/27/2026-11:11:42] [I] Average on 10 runs - GPU latency: 0.18064 ms - Host latency: 0.18064 ms (enqueue 0.105347 ms)
[02/27/2026-11:11:42] [I] Average on 10 runs - GPU latency: 0.180908 ms - Host latency: 0.180908 ms (enqueue 0.106641 ms)
[02/27/2026-11:11:42] [I] Average on 10 runs - GPU latency: 0.180981 ms - Host latency: 0.180981 ms (enqueue 0.106201 ms)
[02/27/2026-11:11:42] [I] Average on 10 runs - GPU latency: 0.180884 ms - Host latency: 0.180884 ms (enqueue 0.112402 ms)
[02/27/2026-11:11:42] [I] Average on 10 runs - GPU latency: 0.180103 ms - Host latency: 0.180103 ms (enqueue 0.10376 ms)
[02/27/2026-11:11:42] [I] Average on 10 runs - GPU latency: 0.180151 ms - Host latency: 0.180151 ms (enqueue 0.106006 ms)
[02/27/2026-11:11:42] [I] Average on 10 runs - GPU latency: 0.180005 ms - Host latency: 0.180005 ms (enqueue 0.105957 ms)
[02/27/2026-11:11:42] [I] Average on 10 runs - GPU latency: 0.180054 ms - Host latency: 0.180054 ms (enqueue 0.109082 ms)
[02/27/2026-11:11:42] [I] Average on 10 runs - GPU latency: 0.181323 ms - Host latency: 0.181323 ms (enqueue 0.10564 ms)
[02/27/2026-11:11:42] [I] Average on 10 runs - GPU latency: 0.179614 ms - Host latency: 0.179614 ms (enqueue 0.108398 ms)
[02/27/2026-11:11:42] [I] Average on 10 runs - GPU latency: 0.179858 ms - Host latency: 0.179858 ms (enqueue 0.106201 ms)
[02/27/2026-11:11:42] [I] Average on 10 runs - GPU latency: 0.179492 ms - Host latency: 0.179492 ms (enqueue 0.108008 ms)
[02/27/2026-11:11:42] [I] Average on 10 runs - GPU latency: 0.180273 ms - Host latency: 0.180273 ms (enqueue 0.105225 ms)
[02/27/2026-11:11:42] [I] Average on 10 runs - GPU latency: 0.17981 ms - Host latency: 0.17981 ms (enqueue 0.105786 ms)
[02/27/2026-11:11:42] [I] Average on 10 runs - GPU latency: 0.178809 ms - Host latency: 0.178809 ms (enqueue 0.108203 ms)
[02/27/2026-11:11:42] [I] Average on 10 runs - GPU latency: 0.181299 ms - Host latency: 0.181299 ms (enqueue 0.101538 ms)
[02/27/2026-11:11:42] [I] Average on 10 runs - GPU latency: 0.179077 ms - Host latency: 0.179077 ms (enqueue 0.10874 ms)
[02/27/2026-11:11:42] [I] Average on 10 runs - GPU latency: 0.180786 ms - Host latency: 0.180786 ms (enqueue 0.104004 ms)
[02/27/2026-11:11:42] [I] Average on 10 runs - GPU latency: 0.179761 ms - Host latency: 0.179761 ms (enqueue 0.107617 ms)
[02/27/2026-11:11:42] [I] Average on 10 runs - GPU latency: 0.180347 ms - Host latency: 0.180347 ms (enqueue 0.105127 ms)
[02/27/2026-11:11:42] [I] Average on 10 runs - GPU latency: 0.18147 ms - Host latency: 0.18147 ms (enqueue 0.106323 ms)
[02/27/2026-11:11:42] [I] Average on 10 runs - GPU latency: 0.179688 ms - Host latency: 0.179688 ms (enqueue 0.108228 ms)
[02/27/2026-11:11:42] [I] Average on 10 runs - GPU latency: 0.178638 ms - Host latency: 0.178638 ms (enqueue 0.108179 ms)
[02/27/2026-11:11:42] [I] Average on 10 runs - GPU latency: 0.181641 ms - Host latency: 0.181641 ms (enqueue 0.104614 ms)
[02/27/2026-11:11:42] [I] Average on 10 runs - GPU latency: 0.178076 ms - Host latency: 0.178076 ms (enqueue 0.111572 ms)
[02/27/2026-11:11:42] [I] Average on 10 runs - GPU latency: 0.180151 ms - Host latency: 0.180151 ms (enqueue 0.109058 ms)
[02/27/2026-11:11:42] [I] Average on 10 runs - GPU latency: 0.180347 ms - Host latency: 0.180347 ms (enqueue 0.108203 ms)
[02/27/2026-11:11:42] [I] Average on 10 runs - GPU latency: 0.179614 ms - Host latency: 0.179614 ms (enqueue 0.110303 ms)
[02/27/2026-11:11:42] [I] Average on 10 runs - GPU latency: 0.180835 ms - Host latency: 0.180835 ms (enqueue 0.103687 ms)
[02/27/2026-11:11:42] [I] Average on 10 runs - GPU latency: 0.178979 ms - Host latency: 0.178979 ms (enqueue 0.108081 ms)
[02/27/2026-11:11:42] [I] Average on 10 runs - GPU latency: 0.178931 ms - Host latency: 0.178931 ms (enqueue 0.108105 ms)
[02/27/2026-11:11:42] [I] Average on 10 runs - GPU latency: 0.181006 ms - Host latency: 0.181006 ms (enqueue 0.108545 ms)
[02/27/2026-11:11:42] [I] Average on 10 runs - GPU latency: 0.179761 ms - Host latency: 0.179761 ms (enqueue 0.106055 ms)
[02/27/2026-11:11:42] [I] Average on 10 runs - GPU latency: 0.179761 ms - Host latency: 0.179761 ms (enqueue 0.108423 ms)
[02/27/2026-11:11:42] [I] Average on 10 runs - GPU latency: 0.179712 ms - Host latency: 0.179712 ms (enqueue 0.106079 ms)
[02/27/2026-11:11:42] [I] Average on 10 runs - GPU latency: 0.179517 ms - Host latency: 0.179517 ms (enqueue 0.105981 ms)
[02/27/2026-11:11:42] [I] Average on 10 runs - GPU latency: 0.180859 ms - Host latency: 0.180859 ms (enqueue 0.104053 ms)
[02/27/2026-11:11:42] [I] Average on 10 runs - GPU latency: 0.181152 ms - Host latency: 0.181152 ms (enqueue 0.105566 ms)
[02/27/2026-11:11:42] [I] Average on 10 runs - GPU latency: 0.179736 ms - Host latency: 0.179736 ms (enqueue 0.10813 ms)
[02/27/2026-11:11:42] [I] Average on 10 runs - GPU latency: 0.179346 ms - Host latency: 0.179346 ms (enqueue 0.104541 ms)
[02/27/2026-11:11:42] [I] Average on 10 runs - GPU latency: 0.180396 ms - Host latency: 0.180396 ms (enqueue 0.109912 ms)
[02/27/2026-11:11:42] [I] Average on 10 runs - GPU latency: 0.178857 ms - Host latency: 0.178857 ms (enqueue 0.106323 ms)
[02/27/2026-11:11:42] [I] Average on 10 runs - GPU latency: 0.180566 ms - Host latency: 0.180566 ms (enqueue 0.107056 ms)
[02/27/2026-11:11:42] [I] Average on 10 runs - GPU latency: 0.180908 ms - Host latency: 0.180908 ms (enqueue 0.102808 ms)
[02/27/2026-11:11:42] [I] Average on 10 runs - GPU latency: 0.180371 ms - Host latency: 0.180371 ms (enqueue 0.107275 ms)
[02/27/2026-11:11:42] [I] Average on 10 runs - GPU latency: 0.179858 ms - Host latency: 0.179858 ms (enqueue 0.105713 ms)
[02/27/2026-11:11:42] [I] Average on 10 runs - GPU latency: 0.180737 ms - Host latency: 0.180737 ms (enqueue 0.106836 ms)
[02/27/2026-11:11:42] [I] Average on 10 runs - GPU latency: 0.179639 ms - Host latency: 0.179639 ms (enqueue 0.110107 ms)
[02/27/2026-11:11:42] [I] Average on 10 runs - GPU latency: 0.180298 ms - Host latency: 0.180298 ms (enqueue 0.107227 ms)
[02/27/2026-11:11:42] [I] Average on 10 runs - GPU latency: 0.180078 ms - Host latency: 0.180078 ms (enqueue 0.110474 ms)
[02/27/2026-11:11:42] [I] Average on 10 runs - GPU latency: 0.17937 ms - Host latency: 0.17937 ms (enqueue 0.111279 ms)
[02/27/2026-11:11:42] [I] Average on 10 runs - GPU latency: 0.180103 ms - Host latency: 0.180103 ms (enqueue 0.104907 ms)
[02/27/2026-11:11:42] [I] Average on 10 runs - GPU latency: 0.179858 ms - Host latency: 0.179858 ms (enqueue 0.10874 ms)
[02/27/2026-11:11:42] [I] Average on 10 runs - GPU latency: 0.180176 ms - Host latency: 0.180176 ms (enqueue 0.107471 ms)
[02/27/2026-11:11:42] [I] Average on 10 runs - GPU latency: 0.180396 ms - Host latency: 0.180396 ms (enqueue 0.11145 ms)
[02/27/2026-11:11:42] [I] Average on 10 runs - GPU latency: 0.180444 ms - Host latency: 0.180444 ms (enqueue 0.111914 ms)
[02/27/2026-11:11:42] [I] Average on 10 runs - GPU latency: 0.179541 ms - Host latency: 0.179541 ms (enqueue 0.104614 ms)
[02/27/2026-11:11:42] [I] Average on 10 runs - GPU latency: 0.180518 ms - Host latency: 0.180518 ms (enqueue 0.10376 ms)
[02/27/2026-11:11:42] [I] Average on 10 runs - GPU latency: 0.181396 ms - Host latency: 0.181396 ms (enqueue 0.108057 ms)
[02/27/2026-11:11:42] [I] Average on 10 runs - GPU latency: 0.179858 ms - Host latency: 0.179858 ms (enqueue 0.104736 ms)
[02/27/2026-11:11:42] [I] Average on 10 runs - GPU latency: 0.180566 ms - Host latency: 0.180566 ms (enqueue 0.1052 ms)
[02/27/2026-11:11:42] [I] Average on 10 runs - GPU latency: 0.1802 ms - Host latency: 0.1802 ms (enqueue 0.106543 ms)
[02/27/2026-11:11:42] [I] Average on 10 runs - GPU latency: 0.179858 ms - Host latency: 0.179858 ms (enqueue 0.106763 ms)
[02/27/2026-11:11:42] [I] Average on 10 runs - GPU latency: 0.179468 ms - Host latency: 0.179468 ms (enqueue 0.105566 ms)
[02/27/2026-11:11:42] [I] Average on 10 runs - GPU latency: 0.179321 ms - Host latency: 0.179321 ms (enqueue 0.106055 ms)
[02/27/2026-11:11:42] [I] Average on 10 runs - GPU latency: 0.180176 ms - Host latency: 0.180176 ms (enqueue 0.102881 ms)
[02/27/2026-11:11:42] [I] Average on 10 runs - GPU latency: 0.180542 ms - Host latency: 0.180542 ms (enqueue 0.10647 ms)
[02/27/2026-11:11:42] [I] Average on 10 runs - GPU latency: 0.180054 ms - Host latency: 0.180054 ms (enqueue 0.108545 ms)
[02/27/2026-11:11:42] [I] Average on 10 runs - GPU latency: 0.179956 ms - Host latency: 0.179956 ms (enqueue 0.106494 ms)
[02/27/2026-11:11:42] [I] Average on 10 runs - GPU latency: 0.180005 ms - Host latency: 0.180005 ms (enqueue 0.106128 ms)
[02/27/2026-11:11:42] [I] Average on 10 runs - GPU latency: 0.1802 ms - Host latency: 0.1802 ms (enqueue 0.104663 ms)
[02/27/2026-11:11:42] [I] Average on 10 runs - GPU latency: 0.17915 ms - Host latency: 0.17915 ms (enqueue 0.106738 ms)
[02/27/2026-11:11:42] [I] Average on 10 runs - GPU latency: 0.179248 ms - Host latency: 0.179248 ms (enqueue 0.108179 ms)
[02/27/2026-11:11:42] [I] Average on 10 runs - GPU latency: 0.180786 ms - Host latency: 0.180786 ms (enqueue 0.105322 ms)
[02/27/2026-11:11:42] [I] Average on 10 runs - GPU latency: 0.179907 ms - Host latency: 0.179907 ms (enqueue 0.10686 ms)
[02/27/2026-11:11:42] [I] Average on 10 runs - GPU latency: 0.179663 ms - Host latency: 0.179663 ms (enqueue 0.103369 ms)
[02/27/2026-11:11:42] [I] Average on 10 runs - GPU latency: 0.18103 ms - Host latency: 0.18103 ms (enqueue 0.10144 ms)
[02/27/2026-11:11:42] [I] Average on 10 runs - GPU latency: 0.179688 ms - Host latency: 0.179688 ms (enqueue 0.104102 ms)
[02/27/2026-11:11:42] [I] Average on 10 runs - GPU latency: 0.180811 ms - Host latency: 0.180811 ms (enqueue 0.100635 ms)
[02/27/2026-11:11:42] [I] Average on 10 runs - GPU latency: 0.180835 ms - Host latency: 0.180835 ms (enqueue 0.105859 ms)
[02/27/2026-11:11:42] [I] Average on 10 runs - GPU latency: 0.179736 ms - Host latency: 0.179736 ms (enqueue 0.107715 ms)
[02/27/2026-11:11:42] [I] Average on 10 runs - GPU latency: 0.180518 ms - Host latency: 0.180518 ms (enqueue 0.104834 ms)
[02/27/2026-11:11:42] [I] Average on 10 runs - GPU latency: 0.180615 ms - Host latency: 0.180615 ms (enqueue 0.10896 ms)
[02/27/2026-11:11:42] [I] Average on 10 runs - GPU latency: 0.180518 ms - Host latency: 0.180518 ms (enqueue 0.10564 ms)
[02/27/2026-11:11:42] [I] Average on 10 runs - GPU latency: 0.180713 ms - Host latency: 0.180713 ms (enqueue 0.106104 ms)
[02/27/2026-11:11:42] [I] Average on 10 runs - GPU latency: 0.180371 ms - Host latency: 0.180371 ms (enqueue 0.108496 ms)
[02/27/2026-11:11:42] [I] Average on 10 runs - GPU latency: 0.180713 ms - Host latency: 0.180713 ms (enqueue 0.105542 ms)
[02/27/2026-11:11:42] [I] Average on 10 runs - GPU latency: 0.179736 ms - Host latency: 0.179736 ms (enqueue 0.106421 ms)
[02/27/2026-11:11:42] [I] Average on 10 runs - GPU latency: 0.180103 ms - Host latency: 0.180103 ms (enqueue 0.108594 ms)
[02/27/2026-11:11:42] [I] Average on 10 runs - GPU latency: 0.181543 ms - Host latency: 0.181543 ms (enqueue 0.104395 ms)
[02/27/2026-11:11:42] [I] Average on 10 runs - GPU latency: 0.180176 ms - Host latency: 0.180176 ms (enqueue 0.106226 ms)
[02/27/2026-11:11:42] [I] Average on 10 runs - GPU latency: 0.17981 ms - Host latency: 0.17981 ms (enqueue 0.110107 ms)
[02/27/2026-11:11:42] [I] Average on 10 runs - GPU latency: 0.18042 ms - Host latency: 0.18042 ms (enqueue 0.105176 ms)
[02/27/2026-11:11:42] [I] Average on 10 runs - GPU latency: 0.179614 ms - Host latency: 0.179614 ms (enqueue 0.11333 ms)
[02/27/2026-11:11:42] [I] Average on 10 runs - GPU latency: 0.178711 ms - Host latency: 0.178711 ms (enqueue 0.107471 ms)
[02/27/2026-11:11:42] [I] Average on 10 runs - GPU latency: 0.179565 ms - Host latency: 0.179565 ms (enqueue 0.106104 ms)
[02/27/2026-11:11:42] [I] Average on 10 runs - GPU latency: 0.181152 ms - Host latency: 0.181152 ms (enqueue 0.111108 ms)
[02/27/2026-11:11:42] [I] Average on 10 runs - GPU latency: 0.179468 ms - Host latency: 0.179468 ms (enqueue 0.108325 ms)
[02/27/2026-11:11:42] [I] Average on 10 runs - GPU latency: 0.180273 ms - Host latency: 0.180273 ms (enqueue 0.108936 ms)
[02/27/2026-11:11:42] [I] Average on 10 runs - GPU latency: 0.178516 ms - Host latency: 0.178516 ms (enqueue 0.111353 ms)
[02/27/2026-11:11:42] [I] Average on 10 runs - GPU latency: 0.179565 ms - Host latency: 0.179565 ms (enqueue 0.107373 ms)
[02/27/2026-11:11:42] [I] Average on 10 runs - GPU latency: 0.181152 ms - Host latency: 0.181152 ms (enqueue 0.102539 ms)
[02/27/2026-11:11:42] [I] Average on 10 runs - GPU latency: 0.180591 ms - Host latency: 0.180591 ms (enqueue 0.105786 ms)
[02/27/2026-11:11:42] [I] Average on 10 runs - GPU latency: 0.1802 ms - Host latency: 0.1802 ms (enqueue 0.10708 ms)
[02/27/2026-11:11:42] [I] Average on 10 runs - GPU latency: 0.179907 ms - Host latency: 0.179907 ms (enqueue 0.109326 ms)
[02/27/2026-11:11:42] [I] Average on 10 runs - GPU latency: 0.180078 ms - Host latency: 0.180078 ms (enqueue 0.109399 ms)
[02/27/2026-11:11:42] [I] Average on 10 runs - GPU latency: 0.179297 ms - Host latency: 0.179297 ms (enqueue 0.108618 ms)
[02/27/2026-11:11:42] [I] Average on 10 runs - GPU latency: 0.179761 ms - Host latency: 0.179761 ms (enqueue 0.105469 ms)
[02/27/2026-11:11:42] [I] Average on 10 runs - GPU latency: 0.180347 ms - Host latency: 0.180347 ms (enqueue 0.109766 ms)
[02/27/2026-11:11:42] [I] Average on 10 runs - GPU latency: 0.17998 ms - Host latency: 0.17998 ms (enqueue 0.105615 ms)
[02/27/2026-11:11:42] [I] Average on 10 runs - GPU latency: 0.179419 ms - Host latency: 0.179419 ms (enqueue 0.112598 ms)
[02/27/2026-11:11:42] [I] Average on 10 runs - GPU latency: 0.179224 ms - Host latency: 0.179224 ms (enqueue 0.108691 ms)
[02/27/2026-11:11:42] [I] Average on 10 runs - GPU latency: 0.179004 ms - Host latency: 0.179004 ms (enqueue 0.109033 ms)
[02/27/2026-11:11:42] [I] Average on 10 runs - GPU latency: 0.179126 ms - Host latency: 0.179126 ms (enqueue 0.10813 ms)
[02/27/2026-11:11:42] [I] Average on 10 runs - GPU latency: 0.179932 ms - Host latency: 0.179932 ms (enqueue 0.106665 ms)
[02/27/2026-11:11:42] [I] Average on 10 runs - GPU latency: 0.17959 ms - Host latency: 0.17959 ms (enqueue 0.107275 ms)
[02/27/2026-11:11:42] [I] Average on 10 runs - GPU latency: 0.180444 ms - Host latency: 0.180444 ms (enqueue 0.105371 ms)
[02/27/2026-11:11:42] [I] Average on 10 runs - GPU latency: 0.179932 ms - Host latency: 0.179932 ms (enqueue 0.106689 ms)
[02/27/2026-11:11:42] [I] Average on 10 runs - GPU latency: 0.179004 ms - Host latency: 0.179004 ms (enqueue 0.108008 ms)
[02/27/2026-11:11:42] [I] Average on 10 runs - GPU latency: 0.179932 ms - Host latency: 0.179932 ms (enqueue 0.10979 ms)
[02/27/2026-11:11:42] [I] Average on 10 runs - GPU latency: 0.178931 ms - Host latency: 0.178931 ms (enqueue 0.108545 ms)
[02/27/2026-11:11:42] [I] Average on 10 runs - GPU latency: 0.179224 ms - Host latency: 0.179224 ms (enqueue 0.107324 ms)
[02/27/2026-11:11:42] [I] Average on 10 runs - GPU latency: 0.180664 ms - Host latency: 0.180664 ms (enqueue 0.102075 ms)
[02/27/2026-11:11:42] [I] Average on 10 runs - GPU latency: 0.180396 ms - Host latency: 0.180396 ms (enqueue 0.106274 ms)
[02/27/2026-11:11:42] [I] Average on 10 runs - GPU latency: 0.180811 ms - Host latency: 0.180811 ms (enqueue 0.106494 ms)
[02/27/2026-11:11:42] [I] Average on 10 runs - GPU latency: 0.180664 ms - Host latency: 0.180664 ms (enqueue 0.108325 ms)
[02/27/2026-11:11:42] [I] Average on 10 runs - GPU latency: 0.1802 ms - Host latency: 0.1802 ms (enqueue 0.106763 ms)
[02/27/2026-11:11:42] [I] Average on 10 runs - GPU latency: 0.179907 ms - Host latency: 0.179907 ms (enqueue 0.105029 ms)
[02/27/2026-11:11:42] [I] Average on 10 runs - GPU latency: 0.180835 ms - Host latency: 0.180835 ms (enqueue 0.106128 ms)
[02/27/2026-11:11:42] [I] Average on 10 runs - GPU latency: 0.179932 ms - Host latency: 0.179932 ms (enqueue 0.10708 ms)
[02/27/2026-11:11:42] [I] Average on 10 runs - GPU latency: 0.180005 ms - Host latency: 0.180005 ms (enqueue 0.105371 ms)
[02/27/2026-11:11:42] [I] Average on 10 runs - GPU latency: 0.179419 ms - Host latency: 0.179419 ms (enqueue 0.106567 ms)
[02/27/2026-11:11:42] [I] Average on 10 runs - GPU latency: 0.179614 ms - Host latency: 0.179614 ms (enqueue 0.106323 ms)
[02/27/2026-11:11:42] [I] Average on 10 runs - GPU latency: 0.18042 ms - Host latency: 0.18042 ms (enqueue 0.108765 ms)
[02/27/2026-11:11:42] [I] Average on 10 runs - GPU latency: 0.180469 ms - Host latency: 0.180469 ms (enqueue 0.105542 ms)
[02/27/2026-11:11:42] [I] Average on 10 runs - GPU latency: 0.179883 ms - Host latency: 0.179883 ms (enqueue 0.106787 ms)
[02/27/2026-11:11:42] [I] Average on 10 runs - GPU latency: 0.179834 ms - Host latency: 0.179834 ms (enqueue 0.107935 ms)
[02/27/2026-11:11:42] [I] Average on 10 runs - GPU latency: 0.17915 ms - Host latency: 0.17915 ms (enqueue 0.11123 ms)
[02/27/2026-11:11:42] [I] Average on 10 runs - GPU latency: 0.180249 ms - Host latency: 0.180249 ms (enqueue 0.105566 ms)
[02/27/2026-11:11:42] [I] Average on 10 runs - GPU latency: 0.179712 ms - Host latency: 0.179712 ms (enqueue 0.106836 ms)
[02/27/2026-11:11:42] [I] Average on 10 runs - GPU latency: 0.179175 ms - Host latency: 0.179175 ms (enqueue 0.108765 ms)
[02/27/2026-11:11:42] [I] Average on 10 runs - GPU latency: 0.180151 ms - Host latency: 0.180151 ms (enqueue 0.106836 ms)
[02/27/2026-11:11:42] [I] Average on 10 runs - GPU latency: 0.17876 ms - Host latency: 0.17876 ms (enqueue 0.106567 ms)
[02/27/2026-11:11:42] [I] Average on 10 runs - GPU latency: 0.178809 ms - Host latency: 0.178809 ms (enqueue 0.109839 ms)
[02/27/2026-11:11:42] [I] Average on 10 runs - GPU latency: 0.180664 ms - Host latency: 0.180664 ms (enqueue 0.104492 ms)
[02/27/2026-11:11:42] [I] Average on 10 runs - GPU latency: 0.180786 ms - Host latency: 0.180786 ms (enqueue 0.105566 ms)
[02/27/2026-11:11:42] [I] Average on 10 runs - GPU latency: 0.180103 ms - Host latency: 0.180103 ms (enqueue 0.104663 ms)
[02/27/2026-11:11:42] [I] Average on 10 runs - GPU latency: 0.181494 ms - Host latency: 0.181494 ms (enqueue 0.107739 ms)
[02/27/2026-11:11:42] [I] Average on 10 runs - GPU latency: 0.181079 ms - Host latency: 0.181079 ms (enqueue 0.10874 ms)
[02/27/2026-11:11:42] [I] Average on 10 runs - GPU latency: 0.180371 ms - Host latency: 0.180371 ms (enqueue 0.105029 ms)
[02/27/2026-11:11:42] [I] Average on 10 runs - GPU latency: 0.180371 ms - Host latency: 0.180371 ms (enqueue 0.107935 ms)
[02/27/2026-11:11:42] [I] Average on 10 runs - GPU latency: 0.178931 ms - Host latency: 0.178931 ms (enqueue 0.108569 ms)
[02/27/2026-11:11:42] [I] Average on 10 runs - GPU latency: 0.178809 ms - Host latency: 0.178809 ms (enqueue 0.106787 ms)
[02/27/2026-11:11:42] [I] Average on 10 runs - GPU latency: 0.17998 ms - Host latency: 0.17998 ms (enqueue 0.106396 ms)
[02/27/2026-11:11:42] [I] Average on 10 runs - GPU latency: 0.180347 ms - Host latency: 0.180347 ms (enqueue 0.108521 ms)
[02/27/2026-11:11:42] [I] Average on 10 runs - GPU latency: 0.180786 ms - Host latency: 0.180786 ms (enqueue 0.103467 ms)
[02/27/2026-11:11:42] [I] Average on 10 runs - GPU latency: 0.180127 ms - Host latency: 0.180127 ms (enqueue 0.109106 ms)
[02/27/2026-11:11:42] [I] Average on 10 runs - GPU latency: 0.180151 ms - Host latency: 0.180151 ms (enqueue 0.104541 ms)
[02/27/2026-11:11:42] [I] Average on 10 runs - GPU latency: 0.18252 ms - Host latency: 0.18252 ms (enqueue 0.105078 ms)
[02/27/2026-11:11:42] [I] Average on 10 runs - GPU latency: 0.179541 ms - Host latency: 0.179541 ms (enqueue 0.108643 ms)
[02/27/2026-11:11:42] [I] Average on 10 runs - GPU latency: 0.180176 ms - Host latency: 0.180176 ms (enqueue 0.106763 ms)
[02/27/2026-11:11:42] [I] Average on 10 runs - GPU latency: 0.179126 ms - Host latency: 0.179126 ms (enqueue 0.109692 ms)
[02/27/2026-11:11:42] [I] Average on 10 runs - GPU latency: 0.179443 ms - Host latency: 0.179443 ms (enqueue 0.105444 ms)
[02/27/2026-11:11:42] [I] Average on 10 runs - GPU latency: 0.179565 ms - Host latency: 0.179565 ms (enqueue 0.112207 ms)
[02/27/2026-11:11:42] [I] Average on 10 runs - GPU latency: 0.180078 ms - Host latency: 0.180078 ms (enqueue 0.10769 ms)
[02/27/2026-11:11:42] [I] Average on 10 runs - GPU latency: 0.180762 ms - Host latency: 0.180762 ms (enqueue 0.108887 ms)
[02/27/2026-11:11:42] [I] Average on 10 runs - GPU latency: 0.179492 ms - Host latency: 0.179492 ms (enqueue 0.106396 ms)
[02/27/2026-11:11:42] [I] Average on 10 runs - GPU latency: 0.179565 ms - Host latency: 0.179565 ms (enqueue 0.113013 ms)
[02/27/2026-11:11:42] [I] Average on 10 runs - GPU latency: 0.179272 ms - Host latency: 0.179272 ms (enqueue 0.105396 ms)
[02/27/2026-11:11:42] [I] Average on 10 runs - GPU latency: 0.181006 ms - Host latency: 0.181006 ms (enqueue 0.106396 ms)
[02/27/2026-11:11:42] [I] Average on 10 runs - GPU latency: 0.180273 ms - Host latency: 0.180273 ms (enqueue 0.108081 ms)
[02/27/2026-11:11:42] [I] Average on 10 runs - GPU latency: 0.179688 ms - Host latency: 0.179688 ms (enqueue 0.107715 ms)
[02/27/2026-11:11:42] [I] Average on 10 runs - GPU latency: 0.180054 ms - Host latency: 0.180054 ms (enqueue 0.112012 ms)
[02/27/2026-11:11:42] [I] Average on 10 runs - GPU latency: 0.179858 ms - Host latency: 0.179858 ms (enqueue 0.109668 ms)
[02/27/2026-11:11:42] [I] Average on 10 runs - GPU latency: 0.180054 ms - Host latency: 0.180054 ms (enqueue 0.108569 ms)
[02/27/2026-11:11:42] [I] Average on 10 runs - GPU latency: 0.179639 ms - Host latency: 0.179639 ms (enqueue 0.104687 ms)
[02/27/2026-11:11:42] [I] Average on 10 runs - GPU latency: 0.179932 ms - Host latency: 0.179932 ms (enqueue 0.108643 ms)
[02/27/2026-11:11:42] [I] Average on 10 runs - GPU latency: 0.179712 ms - Host latency: 0.179712 ms (enqueue 0.104907 ms)
[02/27/2026-11:11:42] [I] Average on 10 runs - GPU latency: 0.180664 ms - Host latency: 0.180664 ms (enqueue 0.107666 ms)
[02/27/2026-11:11:42] [I] Average on 10 runs - GPU latency: 0.180298 ms - Host latency: 0.180298 ms (enqueue 0.108276 ms)
[02/27/2026-11:11:42] [I] Average on 10 runs - GPU latency: 0.180542 ms - Host latency: 0.180542 ms (enqueue 0.107324 ms)
[02/27/2026-11:11:42] [I] Average on 10 runs - GPU latency: 0.179883 ms - Host latency: 0.179883 ms (enqueue 0.108936 ms)
[02/27/2026-11:11:42] [I] Average on 10 runs - GPU latency: 0.179565 ms - Host latency: 0.179565 ms (enqueue 0.105542 ms)
[02/27/2026-11:11:42] [I] Average on 10 runs - GPU latency: 0.181055 ms - Host latency: 0.181055 ms (enqueue 0.105713 ms)
[02/27/2026-11:11:42] [I] Average on 10 runs - GPU latency: 0.179565 ms - Host latency: 0.179565 ms (enqueue 0.10769 ms)
[02/27/2026-11:11:42] [I] Average on 10 runs - GPU latency: 0.179858 ms - Host latency: 0.179858 ms (enqueue 0.107813 ms)
[02/27/2026-11:11:42] [I] Average on 10 runs - GPU latency: 0.181128 ms - Host latency: 0.181128 ms (enqueue 0.106836 ms)
[02/27/2026-11:11:42] [I] Average on 10 runs - GPU latency: 0.180664 ms - Host latency: 0.180664 ms (enqueue 0.106104 ms)
[02/27/2026-11:11:42] [I] Average on 10 runs - GPU latency: 0.180054 ms - Host latency: 0.180054 ms (enqueue 0.104785 ms)
[02/27/2026-11:11:42] [I] Average on 10 runs - GPU latency: 0.179712 ms - Host latency: 0.179712 ms (enqueue 0.112183 ms)
[02/27/2026-11:11:42] [I] Average on 10 runs - GPU latency: 0.180713 ms - Host latency: 0.180713 ms (enqueue 0.103979 ms)
[02/27/2026-11:11:42] [I] Average on 10 runs - GPU latency: 0.18042 ms - Host latency: 0.18042 ms (enqueue 0.108691 ms)
[02/27/2026-11:11:42] [I] Average on 10 runs - GPU latency: 0.179907 ms - Host latency: 0.179907 ms (enqueue 0.109229 ms)
[02/27/2026-11:11:42] [I] Average on 10 runs - GPU latency: 0.180127 ms - Host latency: 0.180127 ms (enqueue 0.106128 ms)
[02/27/2026-11:11:42] [I] Average on 10 runs - GPU latency: 0.179492 ms - Host latency: 0.179492 ms (enqueue 0.10752 ms)
[02/27/2026-11:11:42] [I] Average on 10 runs - GPU latency: 0.179688 ms - Host latency: 0.179688 ms (enqueue 0.10481 ms)
[02/27/2026-11:11:42] [I] Average on 10 runs - GPU latency: 0.180078 ms - Host latency: 0.180078 ms (enqueue 0.105371 ms)
[02/27/2026-11:11:42] [I] Average on 10 runs - GPU latency: 0.180566 ms - Host latency: 0.180566 ms (enqueue 0.106885 ms)
[02/27/2026-11:11:42] [I] Average on 10 runs - GPU latency: 0.180005 ms - Host latency: 0.180005 ms (enqueue 0.105542 ms)
[02/27/2026-11:11:42] [I] Average on 10 runs - GPU latency: 0.179272 ms - Host latency: 0.179272 ms (enqueue 0.103809 ms)
[02/27/2026-11:11:42] [I] Average on 10 runs - GPU latency: 0.180225 ms - Host latency: 0.180225 ms (enqueue 0.107104 ms)
[02/27/2026-11:11:42] [I] Average on 10 runs - GPU latency: 0.180518 ms - Host latency: 0.180518 ms (enqueue 0.106006 ms)
[02/27/2026-11:11:42] [I] Average on 10 runs - GPU latency: 0.180225 ms - Host latency: 0.180225 ms (enqueue 0.104663 ms)
[02/27/2026-11:11:42] [I] Average on 10 runs - GPU latency: 0.17959 ms - Host latency: 0.17959 ms (enqueue 0.107568 ms)
[02/27/2026-11:11:42] [I] Average on 10 runs - GPU latency: 0.17959 ms - Host latency: 0.17959 ms (enqueue 0.104785 ms)
[02/27/2026-11:11:42] [I] Average on 10 runs - GPU latency: 0.180664 ms - Host latency: 0.180664 ms (enqueue 0.104639 ms)
[02/27/2026-11:11:42] [I] Average on 10 runs - GPU latency: 0.179492 ms - Host latency: 0.179492 ms (enqueue 0.105396 ms)
[02/27/2026-11:11:42] [I] Average on 10 runs - GPU latency: 0.180298 ms - Host latency: 0.180298 ms (enqueue 0.104248 ms)
[02/27/2026-11:11:42] [I] Average on 10 runs - GPU latency: 0.178955 ms - Host latency: 0.178955 ms (enqueue 0.10686 ms)
[02/27/2026-11:11:42] [I] Average on 10 runs - GPU latency: 0.179541 ms - Host latency: 0.179541 ms (enqueue 0.10686 ms)
[02/27/2026-11:11:42] [I] Average on 10 runs - GPU latency: 0.180078 ms - Host latency: 0.180078 ms (enqueue 0.105542 ms)
[02/27/2026-11:11:42] [I] Average on 10 runs - GPU latency: 0.180688 ms - Host latency: 0.180688 ms (enqueue 0.105566 ms)
[02/27/2026-11:11:42] [I] Average on 10 runs - GPU latency: 0.180737 ms - Host latency: 0.180737 ms (enqueue 0.107935 ms)
[02/27/2026-11:11:42] [I] Average on 10 runs - GPU latency: 0.180249 ms - Host latency: 0.180249 ms (enqueue 0.105029 ms)
[02/27/2026-11:11:42] [I] Average on 10 runs - GPU latency: 0.179785 ms - Host latency: 0.179785 ms (enqueue 0.103125 ms)
[02/27/2026-11:11:42] [I] Average on 10 runs - GPU latency: 0.179785 ms - Host latency: 0.179785 ms (enqueue 0.106494 ms)
[02/27/2026-11:11:42] [I] Average on 10 runs - GPU latency: 0.179468 ms - Host latency: 0.179468 ms (enqueue 0.107666 ms)
[02/27/2026-11:11:42] [I] Average on 10 runs - GPU latency: 0.179053 ms - Host latency: 0.179053 ms (enqueue 0.108911 ms)
[02/27/2026-11:11:42] [I] Average on 10 runs - GPU latency: 0.181104 ms - Host latency: 0.181104 ms (enqueue 0.107324 ms)
[02/27/2026-11:11:42] [I] Average on 10 runs - GPU latency: 0.179492 ms - Host latency: 0.179492 ms (enqueue 0.105786 ms)
[02/27/2026-11:11:42] [I] Average on 10 runs - GPU latency: 0.179102 ms - Host latency: 0.179102 ms (enqueue 0.108813 ms)
[02/27/2026-11:11:42] [I] Average on 10 runs - GPU latency: 0.180151 ms - Host latency: 0.180151 ms (enqueue 0.105933 ms)
[02/27/2026-11:11:42] [I] Average on 10 runs - GPU latency: 0.18103 ms - Host latency: 0.18103 ms (enqueue 0.107983 ms)
[02/27/2026-11:11:42] [I] Average on 10 runs - GPU latency: 0.179102 ms - Host latency: 0.179102 ms (enqueue 0.104297 ms)
[02/27/2026-11:11:42] [I] Average on 10 runs - GPU latency: 0.179712 ms - Host latency: 0.179712 ms (enqueue 0.106665 ms)
[02/27/2026-11:11:42] [I] Average on 10 runs - GPU latency: 0.179102 ms - Host latency: 0.179102 ms (enqueue 0.106592 ms)
[02/27/2026-11:11:42] [I] Average on 10 runs - GPU latency: 0.180518 ms - Host latency: 0.180518 ms (enqueue 0.103467 ms)
[02/27/2026-11:11:42] [I] Average on 10 runs - GPU latency: 0.180688 ms - Host latency: 0.180688 ms (enqueue 0.108081 ms)
[02/27/2026-11:11:42] [I] Average on 10 runs - GPU latency: 0.180322 ms - Host latency: 0.180322 ms (enqueue 0.103491 ms)
[02/27/2026-11:11:42] [I] Average on 10 runs - GPU latency: 0.179541 ms - Host latency: 0.179541 ms (enqueue 0.105591 ms)
[02/27/2026-11:11:42] [I] Average on 10 runs - GPU latency: 0.180566 ms - Host latency: 0.180566 ms (enqueue 0.106909 ms)
[02/27/2026-11:11:42] [I] Average on 10 runs - GPU latency: 0.180957 ms - Host latency: 0.180957 ms (enqueue 0.103247 ms)
[02/27/2026-11:11:42] [I] Average on 10 runs - GPU latency: 0.179688 ms - Host latency: 0.179688 ms (enqueue 0.105566 ms)
[02/27/2026-11:11:42] [I] Average on 10 runs - GPU latency: 0.181274 ms - Host latency: 0.181274 ms (enqueue 0.101562 ms)
[02/27/2026-11:11:42] [I] Average on 10 runs - GPU latency: 0.180322 ms - Host latency: 0.180322 ms (enqueue 0.102441 ms)
[02/27/2026-11:11:42] [I] Average on 10 runs - GPU latency: 0.179688 ms - Host latency: 0.179688 ms (enqueue 0.107056 ms)
[02/27/2026-11:11:42] [I] Average on 10 runs - GPU latency: 0.180176 ms - Host latency: 0.180176 ms (enqueue 0.108105 ms)
[02/27/2026-11:11:42] [I] Average on 10 runs - GPU latency: 0.179956 ms - Host latency: 0.179956 ms (enqueue 0.105176 ms)
[02/27/2026-11:11:42] [I] Average on 10 runs - GPU latency: 0.180029 ms - Host latency: 0.180029 ms (enqueue 0.107129 ms)
[02/27/2026-11:11:42] [I] Average on 10 runs - GPU latency: 0.180981 ms - Host latency: 0.180981 ms (enqueue 0.101855 ms)
[02/27/2026-11:11:42] [I] Average on 10 runs - GPU latency: 0.178882 ms - Host latency: 0.178882 ms (enqueue 0.107959 ms)
[02/27/2026-11:11:42] [I] Average on 10 runs - GPU latency: 0.1802 ms - Host latency: 0.1802 ms (enqueue 0.104028 ms)
[02/27/2026-11:11:42] [I] Average on 10 runs - GPU latency: 0.179321 ms - Host latency: 0.179321 ms (enqueue 0.106445 ms)
[02/27/2026-11:11:42] [I] Average on 10 runs - GPU latency: 0.179907 ms - Host latency: 0.179907 ms (enqueue 0.104932 ms)
[02/27/2026-11:11:42] [I] Average on 10 runs - GPU latency: 0.180249 ms - Host latency: 0.180249 ms (enqueue 0.103589 ms)
[02/27/2026-11:11:42] [I] Average on 10 runs - GPU latency: 0.180566 ms - Host latency: 0.180566 ms (enqueue 0.102148 ms)
[02/27/2026-11:11:42] [I] Average on 10 runs - GPU latency: 0.179932 ms - Host latency: 0.179932 ms (enqueue 0.102368 ms)
[02/27/2026-11:11:42] [I] Average on 10 runs - GPU latency: 0.181226 ms - Host latency: 0.181226 ms (enqueue 0.101294 ms)
[02/27/2026-11:11:42] [I] Average on 10 runs - GPU latency: 0.180811 ms - Host latency: 0.180811 ms (enqueue 0.104004 ms)
[02/27/2026-11:11:42] [I] Average on 10 runs - GPU latency: 0.179858 ms - Host latency: 0.179858 ms (enqueue 0.103369 ms)
[02/27/2026-11:11:42] [I] Average on 10 runs - GPU latency: 0.179785 ms - Host latency: 0.179785 ms (enqueue 0.106079 ms)
[02/27/2026-11:11:42] [I] Average on 10 runs - GPU latency: 0.179614 ms - Host latency: 0.179614 ms (enqueue 0.109766 ms)
[02/27/2026-11:11:42] [I] Average on 10 runs - GPU latency: 0.180249 ms - Host latency: 0.180249 ms (enqueue 0.102197 ms)
[02/27/2026-11:11:42] [I] Average on 10 runs - GPU latency: 0.180762 ms - Host latency: 0.180762 ms (enqueue 0.107178 ms)
[02/27/2026-11:11:42] [I] Average on 10 runs - GPU latency: 0.17915 ms - Host latency: 0.17915 ms (enqueue 0.107446 ms)
[02/27/2026-11:11:42] [I] Average on 10 runs - GPU latency: 0.180786 ms - Host latency: 0.180786 ms (enqueue 0.102954 ms)
[02/27/2026-11:11:42] [I] Average on 10 runs - GPU latency: 0.179956 ms - Host latency: 0.179956 ms (enqueue 0.103906 ms)
[02/27/2026-11:11:42] [I] Average on 10 runs - GPU latency: 0.179858 ms - Host latency: 0.179858 ms (enqueue 0.106812 ms)
[02/27/2026-11:11:42] [I] Average on 10 runs - GPU latency: 0.180127 ms - Host latency: 0.180127 ms (enqueue 0.105444 ms)
[02/27/2026-11:11:42] [I] Average on 10 runs - GPU latency: 0.180542 ms - Host latency: 0.180542 ms (enqueue 0.103101 ms)
[02/27/2026-11:11:42] [I] Average on 10 runs - GPU latency: 0.17959 ms - Host latency: 0.17959 ms (enqueue 0.106812 ms)
[02/27/2026-11:11:42] [I] Average on 10 runs - GPU latency: 0.180688 ms - Host latency: 0.180688 ms (enqueue 0.104004 ms)
[02/27/2026-11:11:42] [I] Average on 10 runs - GPU latency: 0.180518 ms - Host latency: 0.180518 ms (enqueue 0.10708 ms)
[02/27/2026-11:11:42] [I] Average on 10 runs - GPU latency: 0.180444 ms - Host latency: 0.180444 ms (enqueue 0.102222 ms)
[02/27/2026-11:11:42] [I] Average on 10 runs - GPU latency: 0.18103 ms - Host latency: 0.18103 ms (enqueue 0.103931 ms)
[02/27/2026-11:11:42] [I] Average on 10 runs - GPU latency: 0.181104 ms - Host latency: 0.181104 ms (enqueue 0.103491 ms)
[02/27/2026-11:11:42] [I] Average on 10 runs - GPU latency: 0.17998 ms - Host latency: 0.17998 ms (enqueue 0.106445 ms)
[02/27/2026-11:11:42] [I] Average on 10 runs - GPU latency: 0.180884 ms - Host latency: 0.180884 ms (enqueue 0.103687 ms)
[02/27/2026-11:11:42] [I] Average on 10 runs - GPU latency: 0.180298 ms - Host latency: 0.180298 ms (enqueue 0.10708 ms)
[02/27/2026-11:11:42] [I] Average on 10 runs - GPU latency: 0.178906 ms - Host latency: 0.178906 ms (enqueue 0.10437 ms)
[02/27/2026-11:11:42] [I] Average on 10 runs - GPU latency: 0.181274 ms - Host latency: 0.181274 ms (enqueue 0.106323 ms)
[02/27/2026-11:11:42] [I] Average on 10 runs - GPU latency: 0.180688 ms - Host latency: 0.180688 ms (enqueue 0.106812 ms)
[02/27/2026-11:11:42] [I] Average on 10 runs - GPU latency: 0.179858 ms - Host latency: 0.179858 ms (enqueue 0.104028 ms)
[02/27/2026-11:11:42] [I] Average on 10 runs - GPU latency: 0.179736 ms - Host latency: 0.179736 ms (enqueue 0.106494 ms)
[02/27/2026-11:11:42] [I] Average on 10 runs - GPU latency: 0.181445 ms - Host latency: 0.181445 ms (enqueue 0.103882 ms)
[02/27/2026-11:11:42] [I] Average on 10 runs - GPU latency: 0.179492 ms - Host latency: 0.179492 ms (enqueue 0.103149 ms)
[02/27/2026-11:11:42] [I] Average on 10 runs - GPU latency: 0.180664 ms - Host latency: 0.180664 ms (enqueue 0.103394 ms)
[02/27/2026-11:11:42] [I] Average on 10 runs - GPU latency: 0.180298 ms - Host latency: 0.180298 ms (enqueue 0.105591 ms)
[02/27/2026-11:11:42] [I] Average on 10 runs - GPU latency: 0.17959 ms - Host latency: 0.17959 ms (enqueue 0.104883 ms)
[02/27/2026-11:11:42] [I] Average on 10 runs - GPU latency: 0.180737 ms - Host latency: 0.180737 ms (enqueue 0.107129 ms)
[02/27/2026-11:11:42] [I] Average on 10 runs - GPU latency: 0.18125 ms - Host latency: 0.18125 ms (enqueue 0.106177 ms)
[02/27/2026-11:11:42] [I] Average on 10 runs - GPU latency: 0.180933 ms - Host latency: 0.180933 ms (enqueue 0.105249 ms)
[02/27/2026-11:11:42] [I] Average on 10 runs - GPU latency: 0.180298 ms - Host latency: 0.180298 ms (enqueue 0.107959 ms)
[02/27/2026-11:11:42] [I] Average on 10 runs - GPU latency: 0.18147 ms - Host latency: 0.18147 ms (enqueue 0.104297 ms)
[02/27/2026-11:11:42] [I] Average on 10 runs - GPU latency: 0.180396 ms - Host latency: 0.180396 ms (enqueue 0.104614 ms)
[02/27/2026-11:11:42] [I] Average on 10 runs - GPU latency: 0.1802 ms - Host latency: 0.1802 ms (enqueue 0.106543 ms)
[02/27/2026-11:11:42] [I] Average on 10 runs - GPU latency: 0.180688 ms - Host latency: 0.180688 ms (enqueue 0.106152 ms)
[02/27/2026-11:11:42] [I] Average on 10 runs - GPU latency: 0.180811 ms - Host latency: 0.180811 ms (enqueue 0.105615 ms)
[02/27/2026-11:11:42] [I] Average on 10 runs - GPU latency: 0.180566 ms - Host latency: 0.180566 ms (enqueue 0.106323 ms)
[02/27/2026-11:11:42] [I] Average on 10 runs - GPU latency: 0.179102 ms - Host latency: 0.179102 ms (enqueue 0.107788 ms)
[02/27/2026-11:11:42] [I] Average on 10 runs - GPU latency: 0.179321 ms - Host latency: 0.179321 ms (enqueue 0.108838 ms)
[02/27/2026-11:11:42] [I] Average on 10 runs - GPU latency: 0.180249 ms - Host latency: 0.180249 ms (enqueue 0.10647 ms)
[02/27/2026-11:11:42] [I] Average on 10 runs - GPU latency: 0.179614 ms - Host latency: 0.179614 ms (enqueue 0.106885 ms)
[02/27/2026-11:11:42] [I] Average on 10 runs - GPU latency: 0.180884 ms - Host latency: 0.180884 ms (enqueue 0.106323 ms)
[02/27/2026-11:11:42] [I] Average on 10 runs - GPU latency: 0.177954 ms - Host latency: 0.177954 ms (enqueue 0.106006 ms)
[02/27/2026-11:11:42] [I] Average on 10 runs - GPU latency: 0.180981 ms - Host latency: 0.180981 ms (enqueue 0.107593 ms)
[02/27/2026-11:11:42] [I] Average on 10 runs - GPU latency: 0.180396 ms - Host latency: 0.180396 ms (enqueue 0.108105 ms)
[02/27/2026-11:11:42] [I] Average on 10 runs - GPU latency: 0.180859 ms - Host latency: 0.180859 ms (enqueue 0.10813 ms)
[02/27/2026-11:11:42] [I] Average on 10 runs - GPU latency: 0.180493 ms - Host latency: 0.180493 ms (enqueue 0.108179 ms)
[02/27/2026-11:11:42] [I] Average on 10 runs - GPU latency: 0.179712 ms - Host latency: 0.179712 ms (enqueue 0.106738 ms)
[02/27/2026-11:11:42] [I] Average on 10 runs - GPU latency: 0.179565 ms - Host latency: 0.179565 ms (enqueue 0.105566 ms)
[02/27/2026-11:11:42] [I] Average on 10 runs - GPU latency: 0.180591 ms - Host latency: 0.180591 ms (enqueue 0.106763 ms)
[02/27/2026-11:11:42] [I] Average on 10 runs - GPU latency: 0.179102 ms - Host latency: 0.179102 ms (enqueue 0.109595 ms)
[02/27/2026-11:11:42] [I] Average on 10 runs - GPU latency: 0.180127 ms - Host latency: 0.180127 ms (enqueue 0.112061 ms)
[02/27/2026-11:11:42] [I] Average on 10 runs - GPU latency: 0.179272 ms - Host latency: 0.179272 ms (enqueue 0.109424 ms)
[02/27/2026-11:11:42] [I] Average on 10 runs - GPU latency: 0.180298 ms - Host latency: 0.180298 ms (enqueue 0.105957 ms)
[02/27/2026-11:11:42] [I] Average on 10 runs - GPU latency: 0.180054 ms - Host latency: 0.180054 ms (enqueue 0.112305 ms)
[02/27/2026-11:11:42] [I] Average on 10 runs - GPU latency: 0.179639 ms - Host latency: 0.179639 ms (enqueue 0.110156 ms)
[02/27/2026-11:11:42] [I] Average on 10 runs - GPU latency: 0.179932 ms - Host latency: 0.179932 ms (enqueue 0.108838 ms)
[02/27/2026-11:11:42] [I] Average on 10 runs - GPU latency: 0.17981 ms - Host latency: 0.17981 ms (enqueue 0.105884 ms)
[02/27/2026-11:11:42] [I] Average on 10 runs - GPU latency: 0.180127 ms - Host latency: 0.180127 ms (enqueue 0.108057 ms)
[02/27/2026-11:11:42] [I] Average on 10 runs - GPU latency: 0.179785 ms - Host latency: 0.179785 ms (enqueue 0.104077 ms)
[02/27/2026-11:11:42] [I] Average on 10 runs - GPU latency: 0.180835 ms - Host latency: 0.180835 ms (enqueue 0.106543 ms)
[02/27/2026-11:11:42] [I] Average on 10 runs - GPU latency: 0.180249 ms - Host latency: 0.180249 ms (enqueue 0.106323 ms)
[02/27/2026-11:11:42] [I] Average on 10 runs - GPU latency: 0.180273 ms - Host latency: 0.180273 ms (enqueue 0.107642 ms)
[02/27/2026-11:11:42] [I] Average on 10 runs - GPU latency: 0.17998 ms - Host latency: 0.17998 ms (enqueue 0.10769 ms)
[02/27/2026-11:11:42] [I] Average on 10 runs - GPU latency: 0.181323 ms - Host latency: 0.181323 ms (enqueue 0.107642 ms)
[02/27/2026-11:11:42] [I] Average on 10 runs - GPU latency: 0.180957 ms - Host latency: 0.180957 ms (enqueue 0.106177 ms)
[02/27/2026-11:11:42] [I] Average on 10 runs - GPU latency: 0.180127 ms - Host latency: 0.180127 ms (enqueue 0.104443 ms)
[02/27/2026-11:11:42] [I] Average on 10 runs - GPU latency: 0.17915 ms - Host latency: 0.17915 ms (enqueue 0.107837 ms)
[02/27/2026-11:11:42] [I] Average on 10 runs - GPU latency: 0.180249 ms - Host latency: 0.180249 ms (enqueue 0.107397 ms)
[02/27/2026-11:11:42] [I] Average on 10 runs - GPU latency: 0.180493 ms - Host latency: 0.180493 ms (enqueue 0.104834 ms)
[02/27/2026-11:11:42] [I] Average on 10 runs - GPU latency: 0.180005 ms - Host latency: 0.180005 ms (enqueue 0.105957 ms)
[02/27/2026-11:11:42] [I] Average on 10 runs - GPU latency: 0.178784 ms - Host latency: 0.178784 ms (enqueue 0.107373 ms)
[02/27/2026-11:11:42] [I] Average on 10 runs - GPU latency: 0.181152 ms - Host latency: 0.181152 ms (enqueue 0.105786 ms)
[02/27/2026-11:11:42] [I] Average on 10 runs - GPU latency: 0.181079 ms - Host latency: 0.181079 ms (enqueue 0.107446 ms)
[02/27/2026-11:11:42] [I] Average on 10 runs - GPU latency: 0.18103 ms - Host latency: 0.18103 ms (enqueue 0.102344 ms)
[02/27/2026-11:11:42] [I] Average on 10 runs - GPU latency: 0.180273 ms - Host latency: 0.180273 ms (enqueue 0.105811 ms)
[02/27/2026-11:11:42] [I] Average on 10 runs - GPU latency: 0.179614 ms - Host latency: 0.179614 ms (enqueue 0.107617 ms)
[02/27/2026-11:11:42] [I] Average on 10 runs - GPU latency: 0.17998 ms - Host latency: 0.17998 ms (enqueue 0.106958 ms)
[02/27/2026-11:11:42] [I] Average on 10 runs - GPU latency: 0.180933 ms - Host latency: 0.180933 ms (enqueue 0.105615 ms)
[02/27/2026-11:11:42] [I] Average on 10 runs - GPU latency: 0.179932 ms - Host latency: 0.179932 ms (enqueue 0.105664 ms)
[02/27/2026-11:11:42] [I] Average on 10 runs - GPU latency: 0.180591 ms - Host latency: 0.180591 ms (enqueue 0.102563 ms)
[02/27/2026-11:11:42] [I] Average on 10 runs - GPU latency: 0.180371 ms - Host latency: 0.180371 ms (enqueue 0.107788 ms)
[02/27/2026-11:11:42] [I] Average on 10 runs - GPU latency: 0.179712 ms - Host latency: 0.179712 ms (enqueue 0.105884 ms)
[02/27/2026-11:11:42] [I] Average on 10 runs - GPU latency: 0.179443 ms - Host latency: 0.179443 ms (enqueue 0.109399 ms)
[02/27/2026-11:11:42] [I] Average on 10 runs - GPU latency: 0.17854 ms - Host latency: 0.17854 ms (enqueue 0.109033 ms)
[02/27/2026-11:11:42] [I] Average on 10 runs - GPU latency: 0.180078 ms - Host latency: 0.180078 ms (enqueue 0.103394 ms)
[02/27/2026-11:11:42] [I] Average on 10 runs - GPU latency: 0.179883 ms - Host latency: 0.179883 ms (enqueue 0.112573 ms)
[02/27/2026-11:11:42] [I] Average on 10 runs - GPU latency: 0.179443 ms - Host latency: 0.179443 ms (enqueue 0.108374 ms)
[02/27/2026-11:11:42] [I] Average on 10 runs - GPU latency: 0.181104 ms - Host latency: 0.181104 ms (enqueue 0.10647 ms)
[02/27/2026-11:11:42] [I] Average on 10 runs - GPU latency: 0.178638 ms - Host latency: 0.178638 ms (enqueue 0.10791 ms)
[02/27/2026-11:11:42] [I] Average on 10 runs - GPU latency: 0.180396 ms - Host latency: 0.180396 ms (enqueue 0.10354 ms)
[02/27/2026-11:11:42] [I] Average on 10 runs - GPU latency: 0.180298 ms - Host latency: 0.180298 ms (enqueue 0.105151 ms)
[02/27/2026-11:11:42] [I] Average on 10 runs - GPU latency: 0.179028 ms - Host latency: 0.179028 ms (enqueue 0.109888 ms)
[02/27/2026-11:11:42] [I] Average on 10 runs - GPU latency: 0.179224 ms - Host latency: 0.179224 ms (enqueue 0.109668 ms)
[02/27/2026-11:11:42] [I] Average on 10 runs - GPU latency: 0.180151 ms - Host latency: 0.180151 ms (enqueue 0.106299 ms)
[02/27/2026-11:11:42] [I] Average on 10 runs - GPU latency: 0.178931 ms - Host latency: 0.178931 ms (enqueue 0.108374 ms)
[02/27/2026-11:11:42] [I] Average on 10 runs - GPU latency: 0.180103 ms - Host latency: 0.180103 ms (enqueue 0.108496 ms)
[02/27/2026-11:11:42] [I] Average on 10 runs - GPU latency: 0.179126 ms - Host latency: 0.179126 ms (enqueue 0.109204 ms)
[02/27/2026-11:11:42] [I] Average on 10 runs - GPU latency: 0.179346 ms - Host latency: 0.179346 ms (enqueue 0.109521 ms)
[02/27/2026-11:11:42] [I] Average on 10 runs - GPU latency: 0.179956 ms - Host latency: 0.179956 ms (enqueue 0.10603 ms)
[02/27/2026-11:11:42] [I] Average on 10 runs - GPU latency: 0.179688 ms - Host latency: 0.179688 ms (enqueue 0.107617 ms)
[02/27/2026-11:11:42] [I] Average on 10 runs - GPU latency: 0.179224 ms - Host latency: 0.179224 ms (enqueue 0.10769 ms)
[02/27/2026-11:11:42] [I] Average on 10 runs - GPU latency: 0.179468 ms - Host latency: 0.179468 ms (enqueue 0.109326 ms)
[02/27/2026-11:11:42] [I] Average on 10 runs - GPU latency: 0.179736 ms - Host latency: 0.179736 ms (enqueue 0.108618 ms)
[02/27/2026-11:11:42] [I] Average on 10 runs - GPU latency: 0.180811 ms - Host latency: 0.180811 ms (enqueue 0.108887 ms)
[02/27/2026-11:11:42] [I] Average on 10 runs - GPU latency: 0.180664 ms - Host latency: 0.180664 ms (enqueue 0.105249 ms)
[02/27/2026-11:11:42] [I] Average on 10 runs - GPU latency: 0.180151 ms - Host latency: 0.180151 ms (enqueue 0.110669 ms)
[02/27/2026-11:11:42] [I] Average on 10 runs - GPU latency: 0.180347 ms - Host latency: 0.180347 ms (enqueue 0.10708 ms)
[02/27/2026-11:11:42] [I] Average on 10 runs - GPU latency: 0.180835 ms - Host latency: 0.180835 ms (enqueue 0.10957 ms)
[02/27/2026-11:11:42] [I] Average on 10 runs - GPU latency: 0.17937 ms - Host latency: 0.17937 ms (enqueue 0.107788 ms)
[02/27/2026-11:11:42] [I] Average on 10 runs - GPU latency: 0.180737 ms - Host latency: 0.180737 ms (enqueue 0.10437 ms)
[02/27/2026-11:11:42] [I] Average on 10 runs - GPU latency: 0.179077 ms - Host latency: 0.179077 ms (enqueue 0.110474 ms)
[02/27/2026-11:11:42] [I] Average on 10 runs - GPU latency: 0.180908 ms - Host latency: 0.180908 ms (enqueue 0.106494 ms)
[02/27/2026-11:11:42] [I] Average on 10 runs - GPU latency: 0.180005 ms - Host latency: 0.180005 ms (enqueue 0.105005 ms)
[02/27/2026-11:11:42] [I] Average on 10 runs - GPU latency: 0.179517 ms - Host latency: 0.179517 ms (enqueue 0.110181 ms)
[02/27/2026-11:11:42] [I] Average on 10 runs - GPU latency: 0.180371 ms - Host latency: 0.180371 ms (enqueue 0.107617 ms)
[02/27/2026-11:11:42] [I] Average on 10 runs - GPU latency: 0.181641 ms - Host latency: 0.181641 ms (enqueue 0.104663 ms)
[02/27/2026-11:11:42] [I] Average on 10 runs - GPU latency: 0.179614 ms - Host latency: 0.179614 ms (enqueue 0.107861 ms)
[02/27/2026-11:11:42] [I] Average on 10 runs - GPU latency: 0.179883 ms - Host latency: 0.179883 ms (enqueue 0.110181 ms)
[02/27/2026-11:11:42] [I] Average on 10 runs - GPU latency: 0.180347 ms - Host latency: 0.180347 ms (enqueue 0.111377 ms)
[02/27/2026-11:11:42] [I] Average on 10 runs - GPU latency: 0.17981 ms - Host latency: 0.17981 ms (enqueue 0.109131 ms)
[02/27/2026-11:11:42] [I] Average on 10 runs - GPU latency: 0.179639 ms - Host latency: 0.179639 ms (enqueue 0.1021 ms)
[02/27/2026-11:11:42] [I] Average on 10 runs - GPU latency: 0.180518 ms - Host latency: 0.180518 ms (enqueue 0.108374 ms)
[02/27/2026-11:11:42] [I] Average on 10 runs - GPU latency: 0.180859 ms - Host latency: 0.180859 ms (enqueue 0.105029 ms)
[02/27/2026-11:11:42] [I] Average on 10 runs - GPU latency: 0.179517 ms - Host latency: 0.179517 ms (enqueue 0.109033 ms)
[02/27/2026-11:11:42] [I] Average on 10 runs - GPU latency: 0.180078 ms - Host latency: 0.180078 ms (enqueue 0.107813 ms)
[02/27/2026-11:11:42] [I] Average on 10 runs - GPU latency: 0.179785 ms - Host latency: 0.179785 ms (enqueue 0.109375 ms)
[02/27/2026-11:11:42] [I] Average on 10 runs - GPU latency: 0.179272 ms - Host latency: 0.179272 ms (enqueue 0.105176 ms)
[02/27/2026-11:11:42] [I] Average on 10 runs - GPU latency: 0.179785 ms - Host latency: 0.179785 ms (enqueue 0.109277 ms)
[02/27/2026-11:11:42] [I] Average on 10 runs - GPU latency: 0.179688 ms - Host latency: 0.179688 ms (enqueue 0.1125 ms)
[02/27/2026-11:11:42] [I] Average on 10 runs - GPU latency: 0.179639 ms - Host latency: 0.179639 ms (enqueue 0.108325 ms)
[02/27/2026-11:11:42] [I] Average on 10 runs - GPU latency: 0.180859 ms - Host latency: 0.180859 ms (enqueue 0.103564 ms)
[02/27/2026-11:11:42] [I] Average on 10 runs - GPU latency: 0.179517 ms - Host latency: 0.179517 ms (enqueue 0.106006 ms)
[02/27/2026-11:11:42] [I] Average on 10 runs - GPU latency: 0.178857 ms - Host latency: 0.178857 ms (enqueue 0.109937 ms)
[02/27/2026-11:11:42] [I] Average on 10 runs - GPU latency: 0.180591 ms - Host latency: 0.180591 ms (enqueue 0.108008 ms)
[02/27/2026-11:11:42] [I] Average on 10 runs - GPU latency: 0.179956 ms - Host latency: 0.179956 ms (enqueue 0.10791 ms)
[02/27/2026-11:11:42] [I] Average on 10 runs - GPU latency: 0.178931 ms - Host latency: 0.178931 ms (enqueue 0.107886 ms)
[02/27/2026-11:11:42] [I] Average on 10 runs - GPU latency: 0.179688 ms - Host latency: 0.179688 ms (enqueue 0.107935 ms)
[02/27/2026-11:11:42] [I] Average on 10 runs - GPU latency: 0.180273 ms - Host latency: 0.180273 ms (enqueue 0.109302 ms)
[02/27/2026-11:11:42] [I] Average on 10 runs - GPU latency: 0.180347 ms - Host latency: 0.180347 ms (enqueue 0.107935 ms)
[02/27/2026-11:11:42] [I] Average on 10 runs - GPU latency: 0.180078 ms - Host latency: 0.180078 ms (enqueue 0.106299 ms)
[02/27/2026-11:11:42] [I] Average on 10 runs - GPU latency: 0.17981 ms - Host latency: 0.17981 ms (enqueue 0.107813 ms)
[02/27/2026-11:11:42] [I] Average on 10 runs - GPU latency: 0.179639 ms - Host latency: 0.179639 ms (enqueue 0.105981 ms)
[02/27/2026-11:11:42] [I] Average on 10 runs - GPU latency: 0.179468 ms - Host latency: 0.179468 ms (enqueue 0.106006 ms)
[02/27/2026-11:11:42] [I] Average on 10 runs - GPU latency: 0.180225 ms - Host latency: 0.180225 ms (enqueue 0.106787 ms)
[02/27/2026-11:11:42] [I] Average on 10 runs - GPU latency: 0.181006 ms - Host latency: 0.181006 ms (enqueue 0.104541 ms)
[02/27/2026-11:11:42] [I] Average on 10 runs - GPU latency: 0.180151 ms - Host latency: 0.180151 ms (enqueue 0.103467 ms)
[02/27/2026-11:11:42] [I] Average on 10 runs - GPU latency: 0.17915 ms - Host latency: 0.17915 ms (enqueue 0.104932 ms)
[02/27/2026-11:11:42] [I] Average on 10 runs - GPU latency: 0.179858 ms - Host latency: 0.179858 ms (enqueue 0.10625 ms)
[02/27/2026-11:11:42] [I] Average on 10 runs - GPU latency: 0.17937 ms - Host latency: 0.17937 ms (enqueue 0.106372 ms)
[02/27/2026-11:11:42] [I] Average on 10 runs - GPU latency: 0.179517 ms - Host latency: 0.179517 ms (enqueue 0.108496 ms)
[02/27/2026-11:11:42] [I] Average on 10 runs - GPU latency: 0.180347 ms - Host latency: 0.180347 ms (enqueue 0.101196 ms)
[02/27/2026-11:11:42] [I] Average on 10 runs - GPU latency: 0.180273 ms - Host latency: 0.180273 ms (enqueue 0.108911 ms)
[02/27/2026-11:11:42] [I] Average on 10 runs - GPU latency: 0.179834 ms - Host latency: 0.179834 ms (enqueue 0.105664 ms)
[02/27/2026-11:11:42] [I] Average on 10 runs - GPU latency: 0.180029 ms - Host latency: 0.180029 ms (enqueue 0.103882 ms)
[02/27/2026-11:11:42] [I] Average on 10 runs - GPU latency: 0.180566 ms - Host latency: 0.180566 ms (enqueue 0.104639 ms)
[02/27/2026-11:11:42] [I] Average on 10 runs - GPU latency: 0.181201 ms - Host latency: 0.181201 ms (enqueue 0.104663 ms)
[02/27/2026-11:11:42] [I] Average on 10 runs - GPU latency: 0.179541 ms - Host latency: 0.179541 ms (enqueue 0.110327 ms)
[02/27/2026-11:11:42] [I] Average on 10 runs - GPU latency: 0.17937 ms - Host latency: 0.17937 ms (enqueue 0.107007 ms)
[02/27/2026-11:11:42] [I] Average on 10 runs - GPU latency: 0.180078 ms - Host latency: 0.180078 ms (enqueue 0.10376 ms)
[02/27/2026-11:11:42] [I] 
[02/27/2026-11:11:42] [I] === Performance summary ===
[02/27/2026-11:11:42] [I] Throughput: 5495.86 qps
[02/27/2026-11:11:42] [I] Latency: min = 0.174255 ms, max = 0.207275 ms, mean = 0.180019 ms, median = 0.179932 ms, percentile(90%) = 0.183105 ms, percentile(95%) = 0.183838 ms, percentile(99%) = 0.185059 ms
[02/27/2026-11:11:42] [I] Enqueue Time: min = 0.0866699 ms, max = 0.159668 ms, mean = 0.107114 ms, median = 0.106155 ms, percentile(90%) = 0.11499 ms, percentile(95%) = 0.11792 ms, percentile(99%) = 0.130371 ms
[02/27/2026-11:11:42] [I] H2D Latency: min = 0 ms, max = 0 ms, mean = 0 ms, median = 0 ms, percentile(90%) = 0 ms, percentile(95%) = 0 ms, percentile(99%) = 0 ms
[02/27/2026-11:11:42] [I] GPU Compute Time: min = 0.174255 ms, max = 0.207275 ms, mean = 0.180019 ms, median = 0.179932 ms, percentile(90%) = 0.183105 ms, percentile(95%) = 0.183838 ms, percentile(99%) = 0.185059 ms
[02/27/2026-11:11:42] [I] D2H Latency: min = 0 ms, max = 0 ms, mean = 0 ms, median = 0 ms, percentile(90%) = 0 ms, percentile(95%) = 0 ms, percentile(99%) = 0 ms
[02/27/2026-11:11:42] [I] Total Host Walltime: 3.00026 s
[02/27/2026-11:11:42] [I] Total GPU Compute Time: 2.96833 s
[02/27/2026-11:11:42] [W] * GPU compute time is unstable, with coefficient of variance = 1.25208%.
[02/27/2026-11:11:42] [W]   If not already in use, locking GPU clock frequency or adding --useSpinWait may improve the stability.
[02/27/2026-11:11:42] [I] Explanations of the performance metrics are printed in the verbose logs.
[02/27/2026-11:11:42] [I] 
&&&& PASSED TensorRT.trtexec [TensorRT v8502] # /usr/src/tensorrt/bin/trtexec --onnx=/home/user/Edge-ML/models/v4/TCN/bs32/TCN.onnx --saveEngine=/home/user/Edge-ML/models/v4/TCN/bs32/TCN_int8.engine --int8 --fp16 --exportLayerInfo=/home/user/Edge-ML/models/v4/TCN/bs32/logs/quantisation_int8_layers.json --memPoolSize=workspace:4096MiB --tacticSources=+CUBLAS,+CUBLAS_LT,+CUDNN --noDataTransfers --calib=/home/user/Edge-ML/models/v4/TCN/bs32/TCN.cache
