/usr/src/tensorrt/bin/trtexec --onnx=/home/user/Edge-ML/models/v4/TCN/bs32/TCN.onnx --saveEngine=/home/user/Edge-ML/models/v4/TCN/bs32/TCN_fp16.engine --fp16 --exportLayerInfo=/home/user/Edge-ML/models/v4/TCN/bs32/logs/quantisation_fp16_layers.json --memPoolSize=workspace:4096MiB --tacticSources=+CUBLAS,+CUBLAS_LT,+CUDNN --noDataTransfers

&&&& RUNNING TensorRT.trtexec [TensorRT v8502] # /usr/src/tensorrt/bin/trtexec --onnx=/home/user/Edge-ML/models/v4/TCN/bs32/TCN.onnx --saveEngine=/home/user/Edge-ML/models/v4/TCN/bs32/TCN_fp16.engine --fp16 --exportLayerInfo=/home/user/Edge-ML/models/v4/TCN/bs32/logs/quantisation_fp16_layers.json --memPoolSize=workspace:4096MiB --tacticSources=+CUBLAS,+CUBLAS_LT,+CUDNN --noDataTransfers
[02/27/2026-11:10:33] [I] === Model Options ===
[02/27/2026-11:10:33] [I] Format: ONNX
[02/27/2026-11:10:33] [I] Model: /home/user/Edge-ML/models/v4/TCN/bs32/TCN.onnx
[02/27/2026-11:10:33] [I] Output:
[02/27/2026-11:10:33] [I] === Build Options ===
[02/27/2026-11:10:33] [I] Max batch: explicit batch
[02/27/2026-11:10:33] [I] Memory Pools: workspace: 4096 MiB, dlaSRAM: default, dlaLocalDRAM: default, dlaGlobalDRAM: default
[02/27/2026-11:10:33] [I] minTiming: 1
[02/27/2026-11:10:33] [I] avgTiming: 8
[02/27/2026-11:10:33] [I] Precision: FP32+FP16
[02/27/2026-11:10:33] [I] LayerPrecisions: 
[02/27/2026-11:10:33] [I] Calibration: 
[02/27/2026-11:10:33] [I] Refit: Disabled
[02/27/2026-11:10:33] [I] Sparsity: Disabled
[02/27/2026-11:10:33] [I] Safe mode: Disabled
[02/27/2026-11:10:33] [I] DirectIO mode: Disabled
[02/27/2026-11:10:33] [I] Restricted mode: Disabled
[02/27/2026-11:10:33] [I] Build only: Disabled
[02/27/2026-11:10:33] [I] Save engine: /home/user/Edge-ML/models/v4/TCN/bs32/TCN_fp16.engine
[02/27/2026-11:10:33] [I] Load engine: 
[02/27/2026-11:10:33] [I] Profiling verbosity: 0
[02/27/2026-11:10:33] [I] Tactic sources: cublas [ON], cublasLt [ON], cudnn [ON], 
[02/27/2026-11:10:33] [I] timingCacheMode: local
[02/27/2026-11:10:33] [I] timingCacheFile: 
[02/27/2026-11:10:33] [I] Heuristic: Disabled
[02/27/2026-11:10:33] [I] Preview Features: Use default preview flags.
[02/27/2026-11:10:33] [I] Input(s)s format: fp32:CHW
[02/27/2026-11:10:33] [I] Output(s)s format: fp32:CHW
[02/27/2026-11:10:33] [I] Input build shapes: model
[02/27/2026-11:10:33] [I] Input calibration shapes: model
[02/27/2026-11:10:33] [I] === System Options ===
[02/27/2026-11:10:33] [I] Device: 0
[02/27/2026-11:10:33] [I] DLACore: 
[02/27/2026-11:10:33] [I] Plugins:
[02/27/2026-11:10:33] [I] === Inference Options ===
[02/27/2026-11:10:33] [I] Batch: Explicit
[02/27/2026-11:10:33] [I] Input inference shapes: model
[02/27/2026-11:10:33] [I] Iterations: 10
[02/27/2026-11:10:33] [I] Duration: 3s (+ 200ms warm up)
[02/27/2026-11:10:33] [I] Sleep time: 0ms
[02/27/2026-11:10:33] [I] Idle time: 0ms
[02/27/2026-11:10:33] [I] Streams: 1
[02/27/2026-11:10:33] [I] ExposeDMA: Disabled
[02/27/2026-11:10:33] [I] Data transfers: Disabled
[02/27/2026-11:10:33] [I] Spin-wait: Disabled
[02/27/2026-11:10:33] [I] Multithreading: Disabled
[02/27/2026-11:10:33] [I] CUDA Graph: Disabled
[02/27/2026-11:10:33] [I] Separate profiling: Disabled
[02/27/2026-11:10:33] [I] Time Deserialize: Disabled
[02/27/2026-11:10:33] [I] Time Refit: Disabled
[02/27/2026-11:10:33] [I] NVTX verbosity: 0
[02/27/2026-11:10:33] [I] Persistent Cache Ratio: 0
[02/27/2026-11:10:33] [I] Inputs:
[02/27/2026-11:10:33] [I] === Reporting Options ===
[02/27/2026-11:10:33] [I] Verbose: Disabled
[02/27/2026-11:10:33] [I] Averages: 10 inferences
[02/27/2026-11:10:33] [I] Percentiles: 90,95,99
[02/27/2026-11:10:33] [I] Dump refittable layers:Disabled
[02/27/2026-11:10:33] [I] Dump output: Disabled
[02/27/2026-11:10:33] [I] Profile: Disabled
[02/27/2026-11:10:33] [I] Export timing to JSON file: 
[02/27/2026-11:10:33] [I] Export output to JSON file: 
[02/27/2026-11:10:33] [I] Export profile to JSON file: 
[02/27/2026-11:10:33] [I] 
[02/27/2026-11:10:33] [I] === Device Information ===
[02/27/2026-11:10:33] [I] Selected Device: Orin
[02/27/2026-11:10:33] [I] Compute Capability: 8.7
[02/27/2026-11:10:33] [I] SMs: 4
[02/27/2026-11:10:33] [I] Compute Clock Rate: 0.624 GHz
[02/27/2026-11:10:33] [I] Device Global Memory: 3425 MiB
[02/27/2026-11:10:33] [I] Shared Memory per SM: 164 KiB
[02/27/2026-11:10:33] [I] Memory Bus Width: 128 bits (ECC disabled)
[02/27/2026-11:10:33] [I] Memory Clock Rate: 0.624 GHz
[02/27/2026-11:10:33] [I] 
[02/27/2026-11:10:33] [I] TensorRT version: 8.5.2
[02/27/2026-11:10:34] [I] [TRT] [MemUsageChange] Init CUDA: CPU +220, GPU +0, now: CPU 249, GPU 1626 (MiB)
[02/27/2026-11:10:36] [I] [TRT] [MemUsageChange] Init builder kernel library: CPU +302, GPU +187, now: CPU 574, GPU 1834 (MiB)
[02/27/2026-11:10:36] [I] Start parsing network model
[02/27/2026-11:10:36] [I] [TRT] ----------------------------------------------------------------
[02/27/2026-11:10:36] [I] [TRT] Input filename:   /home/user/Edge-ML/models/v4/TCN/bs32/TCN.onnx
[02/27/2026-11:10:36] [I] [TRT] ONNX IR version:  0.0.7
[02/27/2026-11:10:36] [I] [TRT] Opset version:    12
[02/27/2026-11:10:36] [I] [TRT] Producer name:    pytorch
[02/27/2026-11:10:36] [I] [TRT] Producer version: 2.5.1
[02/27/2026-11:10:36] [I] [TRT] Domain:           
[02/27/2026-11:10:36] [I] [TRT] Model version:    0
[02/27/2026-11:10:36] [I] [TRT] Doc string:       
[02/27/2026-11:10:36] [I] [TRT] ----------------------------------------------------------------
[02/27/2026-11:10:36] [I] Finish parsing network model
[02/27/2026-11:10:36] [I] [TRT] ---------- Layers Running on DLA ----------
[02/27/2026-11:10:36] [I] [TRT] ---------- Layers Running on GPU ----------
[02/27/2026-11:10:36] [I] [TRT] [GpuLayer] SHUFFLE: /Unsqueeze + (Unnamed Layer* 1) [Shuffle]
[02/27/2026-11:10:36] [I] [TRT] [GpuLayer] SHUFFLE: shuffle_between_(Unnamed Layer* 1) [Shuffle]_output_and_/block1/block1.0/Conv + /block1/block1.2/Relu
[02/27/2026-11:10:36] [I] [TRT] [GpuLayer] CONVOLUTION: /block1/block1.0/Conv + /block1/block1.2/Relu
[02/27/2026-11:10:36] [I] [TRT] [GpuLayer] SHUFFLE: shuffle_after_/block1/block1.2/Relu_out_tensor
[02/27/2026-11:10:36] [I] [TRT] [GpuLayer] POOLING: /block1/block1.3/MaxPool
[02/27/2026-11:10:36] [I] [TRT] [GpuLayer] SHUFFLE: shuffle_between_(Unnamed Layer* 6) [Pooling]_output_and_/block2/block2.0/Conv + /block2/block2.2/Relu
[02/27/2026-11:10:36] [I] [TRT] [GpuLayer] CONVOLUTION: /block2/block2.0/Conv + /block2/block2.2/Relu
[02/27/2026-11:10:36] [I] [TRT] [GpuLayer] SHUFFLE: shuffle_after_/block2/block2.2/Relu_out_tensor
[02/27/2026-11:10:36] [I] [TRT] [GpuLayer] POOLING: /block2/block2.3/MaxPool
[02/27/2026-11:10:36] [I] [TRT] [GpuLayer] SHUFFLE: shuffle_between_(Unnamed Layer* 13) [Pooling]_output_and_/block3/block3.0/Conv + /block3/block3.2/Relu
[02/27/2026-11:10:36] [I] [TRT] [GpuLayer] CONVOLUTION: /block3/block3.0/Conv + /block3/block3.2/Relu
[02/27/2026-11:10:36] [I] [TRT] [GpuLayer] SHUFFLE: shuffle_after_/block3/block3.2/Relu_out_tensor
[02/27/2026-11:10:36] [I] [TRT] [GpuLayer] SHUFFLE: squeeze_after_/block3/block3.2/Relu
[02/27/2026-11:10:36] [I] [TRT] [GpuLayer] REDUCE: /block3/block3.3/GlobalAveragePool
[02/27/2026-11:10:36] [I] [TRT] [GpuLayer] SHUFFLE: /fc/fc.0/Flatten + reshape_before_/fc/fc.1/Gemm
[02/27/2026-11:10:36] [I] [TRT] [GpuLayer] CONVOLUTION: /fc/fc.1/Gemm + /fc/fc.2/Relu
[02/27/2026-11:10:36] [I] [TRT] [GpuLayer] CONVOLUTION: /fc/fc.4/Gemm
[02/27/2026-11:10:36] [I] [TRT] [GpuLayer] SHUFFLE: reshape_after_/fc/fc.4/Gemm + /Squeeze
[02/27/2026-11:10:38] [I] [TRT] [MemUsageChange] Init cuBLAS/cuBLASLt: CPU +534, GPU +799, now: CPU 1108, GPU 2633 (MiB)
[02/27/2026-11:10:38] [I] [TRT] [MemUsageChange] Init cuDNN: CPU +83, GPU +145, now: CPU 1191, GPU 2778 (MiB)
[02/27/2026-11:10:38] [I] [TRT] Local timing cache in use. Profiling results in this builder pass will not be stored.
[02/27/2026-11:10:55] [I] [TRT] Total Activation Memory: 4296122368
[02/27/2026-11:10:55] [I] [TRT] Detected 1 inputs and 1 output network tensors.
[02/27/2026-11:10:55] [I] [TRT] Total Host Persistent Memory: 23296
[02/27/2026-11:10:55] [I] [TRT] Total Device Persistent Memory: 0
[02/27/2026-11:10:55] [I] [TRT] Total Scratch Memory: 0
[02/27/2026-11:10:55] [I] [TRT] [MemUsageStats] Peak memory usage of TRT CPU/GPU memory allocators: CPU 0 MiB, GPU 134 MiB
[02/27/2026-11:10:55] [I] [TRT] [BlockAssignment] Started assigning block shifts. This will take 21 steps to complete.
[02/27/2026-11:10:55] [I] [TRT] [BlockAssignment] Algorithm ShiftNTopDown took 0.207904ms to assign 3 blocks to 21 nodes requiring 491520 bytes.
[02/27/2026-11:10:55] [I] [TRT] Total Activation Memory: 491520
[02/27/2026-11:10:55] [W] [TRT] TensorRT encountered issues when converting weights between types and that could affect accuracy.
[02/27/2026-11:10:55] [W] [TRT] If this is not the desired behavior, please modify the weights or retrain with regularization to adjust the magnitude of the weights.
[02/27/2026-11:10:55] [W] [TRT] Check verbose logs for the list of affected weights.
[02/27/2026-11:10:55] [W] [TRT] - 2 weights are affected by this issue: Detected subnormal FP16 values.
[02/27/2026-11:10:55] [I] [TRT] [MemUsageChange] TensorRT-managed allocation in building engine: CPU +0, GPU +4, now: CPU 0, GPU 4 (MiB)
[02/27/2026-11:10:55] [I] Engine built in 21.9715 sec.
[02/27/2026-11:10:56] [I] [TRT] Loaded engine size: 0 MiB
[02/27/2026-11:10:56] [I] [TRT] [MemUsageChange] TensorRT-managed allocation in engine deserialization: CPU +0, GPU +0, now: CPU 0, GPU 0 (MiB)
[02/27/2026-11:10:56] [I] Engine deserialized in 0.00984138 sec.
[02/27/2026-11:10:56] [I] [TRT] [MemUsageChange] TensorRT-managed allocation in IExecutionContext creation: CPU +0, GPU +0, now: CPU 0, GPU 0 (MiB)
[02/27/2026-11:10:56] [I] Setting persistentCacheLimit to 0 bytes.
[02/27/2026-11:10:56] [I] Using random values for input input
[02/27/2026-11:10:56] [I] Created input binding for input with dimensions 32x120
[02/27/2026-11:10:56] [I] Using random values for output capacity
[02/27/2026-11:10:56] [I] Created output binding for capacity with dimensions 32
[02/27/2026-11:10:56] [I] [TRT] The profiling verbosity was set to ProfilingVerbosity::kLAYER_NAMES_ONLY when the engine was built, so only the layer names will be returned. Rebuild the engine with ProfilingVerbosity::kDETAILED to get more verbose layer information.
[02/27/2026-11:10:56] [I] Starting inference
[02/27/2026-11:10:59] [I] Warmup completed 1101 queries over 200 ms
[02/27/2026-11:10:59] [I] Timing trace has 16560 queries over 3.00028 s
[02/27/2026-11:10:59] [I] 
[02/27/2026-11:10:59] [I] === Trace details ===
[02/27/2026-11:10:59] [I] Trace averages of 10 runs:
[02/27/2026-11:10:59] [I] Average on 10 runs - GPU latency: 0.179936 ms - Host latency: 0.179936 ms (enqueue 0.100928 ms)
[02/27/2026-11:10:59] [I] Average on 10 runs - GPU latency: 0.178409 ms - Host latency: 0.178409 ms (enqueue 0.104001 ms)
[02/27/2026-11:10:59] [I] Average on 10 runs - GPU latency: 0.179617 ms - Host latency: 0.179617 ms (enqueue 0.100589 ms)
[02/27/2026-11:10:59] [I] Average on 10 runs - GPU latency: 0.17963 ms - Host latency: 0.17963 ms (enqueue 0.103574 ms)
[02/27/2026-11:10:59] [I] Average on 10 runs - GPU latency: 0.179341 ms - Host latency: 0.179341 ms (enqueue 0.102625 ms)
[02/27/2026-11:10:59] [I] Average on 10 runs - GPU latency: 0.17906 ms - Host latency: 0.17906 ms (enqueue 0.103429 ms)
[02/27/2026-11:10:59] [I] Average on 10 runs - GPU latency: 0.180856 ms - Host latency: 0.180856 ms (enqueue 0.10079 ms)
[02/27/2026-11:10:59] [I] Average on 10 runs - GPU latency: 0.1795 ms - Host latency: 0.1795 ms (enqueue 0.102281 ms)
[02/27/2026-11:10:59] [I] Average on 10 runs - GPU latency: 0.178497 ms - Host latency: 0.178497 ms (enqueue 0.107773 ms)
[02/27/2026-11:10:59] [I] Average on 10 runs - GPU latency: 0.178989 ms - Host latency: 0.178989 ms (enqueue 0.102643 ms)
[02/27/2026-11:10:59] [I] Average on 10 runs - GPU latency: 0.179106 ms - Host latency: 0.179106 ms (enqueue 0.106799 ms)
[02/27/2026-11:10:59] [I] Average on 10 runs - GPU latency: 0.179939 ms - Host latency: 0.179939 ms (enqueue 0.101895 ms)
[02/27/2026-11:10:59] [I] Average on 10 runs - GPU latency: 0.178401 ms - Host latency: 0.178401 ms (enqueue 0.102841 ms)
[02/27/2026-11:10:59] [I] Average on 10 runs - GPU latency: 0.179991 ms - Host latency: 0.179991 ms (enqueue 0.103438 ms)
[02/27/2026-11:10:59] [I] Average on 10 runs - GPU latency: 0.178279 ms - Host latency: 0.178279 ms (enqueue 0.105023 ms)
[02/27/2026-11:10:59] [I] Average on 10 runs - GPU latency: 0.180347 ms - Host latency: 0.180347 ms (enqueue 0.10264 ms)
[02/27/2026-11:10:59] [I] Average on 10 runs - GPU latency: 0.179539 ms - Host latency: 0.179539 ms (enqueue 0.104659 ms)
[02/27/2026-11:10:59] [I] Average on 10 runs - GPU latency: 0.178592 ms - Host latency: 0.178592 ms (enqueue 0.105742 ms)
[02/27/2026-11:10:59] [I] Average on 10 runs - GPU latency: 0.178923 ms - Host latency: 0.178923 ms (enqueue 0.103078 ms)
[02/27/2026-11:10:59] [I] Average on 10 runs - GPU latency: 0.179062 ms - Host latency: 0.179062 ms (enqueue 0.100922 ms)
[02/27/2026-11:10:59] [I] Average on 10 runs - GPU latency: 0.179402 ms - Host latency: 0.179402 ms (enqueue 0.0984451 ms)
[02/27/2026-11:10:59] [I] Average on 10 runs - GPU latency: 0.179105 ms - Host latency: 0.179105 ms (enqueue 0.102832 ms)
[02/27/2026-11:10:59] [I] Average on 10 runs - GPU latency: 0.178894 ms - Host latency: 0.178894 ms (enqueue 0.103311 ms)
[02/27/2026-11:10:59] [I] Average on 10 runs - GPU latency: 0.178824 ms - Host latency: 0.178824 ms (enqueue 0.105986 ms)
[02/27/2026-11:10:59] [I] Average on 10 runs - GPU latency: 0.179445 ms - Host latency: 0.179445 ms (enqueue 0.10127 ms)
[02/27/2026-11:10:59] [I] Average on 10 runs - GPU latency: 0.179234 ms - Host latency: 0.179234 ms (enqueue 0.104327 ms)
[02/27/2026-11:10:59] [I] Average on 10 runs - GPU latency: 0.17932 ms - Host latency: 0.17932 ms (enqueue 0.101108 ms)
[02/27/2026-11:10:59] [I] Average on 10 runs - GPU latency: 0.180403 ms - Host latency: 0.180403 ms (enqueue 0.103737 ms)
[02/27/2026-11:10:59] [I] Average on 10 runs - GPU latency: 0.178151 ms - Host latency: 0.178151 ms (enqueue 0.100661 ms)
[02/27/2026-11:10:59] [I] Average on 10 runs - GPU latency: 0.179063 ms - Host latency: 0.179063 ms (enqueue 0.103549 ms)
[02/27/2026-11:10:59] [I] Average on 10 runs - GPU latency: 0.177591 ms - Host latency: 0.177591 ms (enqueue 0.104572 ms)
[02/27/2026-11:10:59] [I] Average on 10 runs - GPU latency: 0.177695 ms - Host latency: 0.177695 ms (enqueue 0.106458 ms)
[02/27/2026-11:10:59] [I] Average on 10 runs - GPU latency: 0.178592 ms - Host latency: 0.178592 ms (enqueue 0.104596 ms)
[02/27/2026-11:10:59] [I] Average on 10 runs - GPU latency: 0.179303 ms - Host latency: 0.179303 ms (enqueue 0.102493 ms)
[02/27/2026-11:10:59] [I] Average on 10 runs - GPU latency: 0.178836 ms - Host latency: 0.178836 ms (enqueue 0.106879 ms)
[02/27/2026-11:10:59] [I] Average on 10 runs - GPU latency: 0.179919 ms - Host latency: 0.179919 ms (enqueue 0.100638 ms)
[02/27/2026-11:10:59] [I] Average on 10 runs - GPU latency: 0.178018 ms - Host latency: 0.178018 ms (enqueue 0.104739 ms)
[02/27/2026-11:10:59] [I] Average on 10 runs - GPU latency: 0.178897 ms - Host latency: 0.178897 ms (enqueue 0.102997 ms)
[02/27/2026-11:10:59] [I] Average on 10 runs - GPU latency: 0.178128 ms - Host latency: 0.178128 ms (enqueue 0.102063 ms)
[02/27/2026-11:10:59] [I] Average on 10 runs - GPU latency: 0.179083 ms - Host latency: 0.179083 ms (enqueue 0.103271 ms)
[02/27/2026-11:10:59] [I] Average on 10 runs - GPU latency: 0.179422 ms - Host latency: 0.179422 ms (enqueue 0.0988464 ms)
[02/27/2026-11:10:59] [I] Average on 10 runs - GPU latency: 0.179547 ms - Host latency: 0.179547 ms (enqueue 0.101205 ms)
[02/27/2026-11:10:59] [I] Average on 10 runs - GPU latency: 0.179645 ms - Host latency: 0.179645 ms (enqueue 0.103418 ms)
[02/27/2026-11:10:59] [I] Average on 10 runs - GPU latency: 0.179602 ms - Host latency: 0.179602 ms (enqueue 0.102579 ms)
[02/27/2026-11:10:59] [I] Average on 10 runs - GPU latency: 0.180234 ms - Host latency: 0.180234 ms (enqueue 0.0988556 ms)
[02/27/2026-11:10:59] [I] Average on 10 runs - GPU latency: 0.180777 ms - Host latency: 0.180777 ms (enqueue 0.103583 ms)
[02/27/2026-11:10:59] [I] Average on 10 runs - GPU latency: 0.177536 ms - Host latency: 0.177536 ms (enqueue 0.102551 ms)
[02/27/2026-11:10:59] [I] Average on 10 runs - GPU latency: 0.178833 ms - Host latency: 0.178833 ms (enqueue 0.104211 ms)
[02/27/2026-11:10:59] [I] Average on 10 runs - GPU latency: 0.17915 ms - Host latency: 0.17915 ms (enqueue 0.102463 ms)
[02/27/2026-11:10:59] [I] Average on 10 runs - GPU latency: 0.17991 ms - Host latency: 0.17991 ms (enqueue 0.0990173 ms)
[02/27/2026-11:10:59] [I] Average on 10 runs - GPU latency: 0.179453 ms - Host latency: 0.179453 ms (enqueue 0.0986725 ms)
[02/27/2026-11:10:59] [I] Average on 10 runs - GPU latency: 0.179251 ms - Host latency: 0.179251 ms (enqueue 0.100638 ms)
[02/27/2026-11:10:59] [I] Average on 10 runs - GPU latency: 0.180624 ms - Host latency: 0.180624 ms (enqueue 0.100381 ms)
[02/27/2026-11:10:59] [I] Average on 10 runs - GPU latency: 0.179959 ms - Host latency: 0.179959 ms (enqueue 0.10094 ms)
[02/27/2026-11:10:59] [I] Average on 10 runs - GPU latency: 0.178201 ms - Host latency: 0.178201 ms (enqueue 0.10278 ms)
[02/27/2026-11:10:59] [I] Average on 10 runs - GPU latency: 0.178146 ms - Host latency: 0.178146 ms (enqueue 0.10174 ms)
[02/27/2026-11:10:59] [I] Average on 10 runs - GPU latency: 0.178558 ms - Host latency: 0.178558 ms (enqueue 0.106305 ms)
[02/27/2026-11:10:59] [I] Average on 10 runs - GPU latency: 0.179053 ms - Host latency: 0.179053 ms (enqueue 0.103888 ms)
[02/27/2026-11:10:59] [I] Average on 10 runs - GPU latency: 0.179318 ms - Host latency: 0.179318 ms (enqueue 0.102509 ms)
[02/27/2026-11:10:59] [I] Average on 10 runs - GPU latency: 0.179373 ms - Host latency: 0.179373 ms (enqueue 0.10188 ms)
[02/27/2026-11:10:59] [I] Average on 10 runs - GPU latency: 0.179355 ms - Host latency: 0.179355 ms (enqueue 0.0998047 ms)
[02/27/2026-11:10:59] [I] Average on 10 runs - GPU latency: 0.179504 ms - Host latency: 0.179504 ms (enqueue 0.100165 ms)
[02/27/2026-11:10:59] [I] Average on 10 runs - GPU latency: 0.17901 ms - Host latency: 0.17901 ms (enqueue 0.0969543 ms)
[02/27/2026-11:10:59] [I] Average on 10 runs - GPU latency: 0.178421 ms - Host latency: 0.178421 ms (enqueue 0.102826 ms)
[02/27/2026-11:10:59] [I] Average on 10 runs - GPU latency: 0.179639 ms - Host latency: 0.179639 ms (enqueue 0.100232 ms)
[02/27/2026-11:10:59] [I] Average on 10 runs - GPU latency: 0.178653 ms - Host latency: 0.178653 ms (enqueue 0.102643 ms)
[02/27/2026-11:10:59] [I] Average on 10 runs - GPU latency: 0.178976 ms - Host latency: 0.178976 ms (enqueue 0.1034 ms)
[02/27/2026-11:10:59] [I] Average on 10 runs - GPU latency: 0.179153 ms - Host latency: 0.179153 ms (enqueue 0.102463 ms)
[02/27/2026-11:10:59] [I] Average on 10 runs - GPU latency: 0.180374 ms - Host latency: 0.180374 ms (enqueue 0.100073 ms)
[02/27/2026-11:10:59] [I] Average on 10 runs - GPU latency: 0.178653 ms - Host latency: 0.178653 ms (enqueue 0.103262 ms)
[02/27/2026-11:10:59] [I] Average on 10 runs - GPU latency: 0.179816 ms - Host latency: 0.179816 ms (enqueue 0.100555 ms)
[02/27/2026-11:10:59] [I] Average on 10 runs - GPU latency: 0.179471 ms - Host latency: 0.179471 ms (enqueue 0.0998535 ms)
[02/27/2026-11:10:59] [I] Average on 10 runs - GPU latency: 0.178711 ms - Host latency: 0.178711 ms (enqueue 0.106635 ms)
[02/27/2026-11:10:59] [I] Average on 10 runs - GPU latency: 0.180786 ms - Host latency: 0.180786 ms (enqueue 0.10162 ms)
[02/27/2026-11:10:59] [I] Average on 10 runs - GPU latency: 0.178976 ms - Host latency: 0.178976 ms (enqueue 0.104922 ms)
[02/27/2026-11:10:59] [I] Average on 10 runs - GPU latency: 0.179221 ms - Host latency: 0.179221 ms (enqueue 0.106802 ms)
[02/27/2026-11:10:59] [I] Average on 10 runs - GPU latency: 0.179221 ms - Host latency: 0.179221 ms (enqueue 0.10293 ms)
[02/27/2026-11:10:59] [I] Average on 10 runs - GPU latency: 0.178488 ms - Host latency: 0.178488 ms (enqueue 0.103204 ms)
[02/27/2026-11:10:59] [I] Average on 10 runs - GPU latency: 0.178732 ms - Host latency: 0.178732 ms (enqueue 0.101907 ms)
[02/27/2026-11:10:59] [I] Average on 10 runs - GPU latency: 0.179813 ms - Host latency: 0.179813 ms (enqueue 0.10097 ms)
[02/27/2026-11:10:59] [I] Average on 10 runs - GPU latency: 0.178601 ms - Host latency: 0.178601 ms (enqueue 0.101431 ms)
[02/27/2026-11:10:59] [I] Average on 10 runs - GPU latency: 0.178162 ms - Host latency: 0.178162 ms (enqueue 0.10708 ms)
[02/27/2026-11:10:59] [I] Average on 10 runs - GPU latency: 0.178635 ms - Host latency: 0.178635 ms (enqueue 0.10528 ms)
[02/27/2026-11:10:59] [I] Average on 10 runs - GPU latency: 0.17786 ms - Host latency: 0.17786 ms (enqueue 0.105719 ms)
[02/27/2026-11:10:59] [I] Average on 10 runs - GPU latency: 0.180042 ms - Host latency: 0.180042 ms (enqueue 0.102368 ms)
[02/27/2026-11:10:59] [I] Average on 10 runs - GPU latency: 0.178113 ms - Host latency: 0.178113 ms (enqueue 0.104395 ms)
[02/27/2026-11:10:59] [I] Average on 10 runs - GPU latency: 0.179108 ms - Host latency: 0.179108 ms (enqueue 0.104095 ms)
[02/27/2026-11:10:59] [I] Average on 10 runs - GPU latency: 0.176819 ms - Host latency: 0.176819 ms (enqueue 0.110617 ms)
[02/27/2026-11:10:59] [I] Average on 10 runs - GPU latency: 0.178659 ms - Host latency: 0.178659 ms (enqueue 0.105878 ms)
[02/27/2026-11:10:59] [I] Average on 10 runs - GPU latency: 0.178949 ms - Host latency: 0.178949 ms (enqueue 0.106808 ms)
[02/27/2026-11:10:59] [I] Average on 10 runs - GPU latency: 0.179431 ms - Host latency: 0.179431 ms (enqueue 0.100284 ms)
[02/27/2026-11:10:59] [I] Average on 10 runs - GPU latency: 0.178714 ms - Host latency: 0.178714 ms (enqueue 0.102774 ms)
[02/27/2026-11:10:59] [I] Average on 10 runs - GPU latency: 0.179248 ms - Host latency: 0.179248 ms (enqueue 0.105255 ms)
[02/27/2026-11:10:59] [I] Average on 10 runs - GPU latency: 0.179495 ms - Host latency: 0.179495 ms (enqueue 0.101999 ms)
[02/27/2026-11:10:59] [I] Average on 10 runs - GPU latency: 0.179578 ms - Host latency: 0.179578 ms (enqueue 0.10351 ms)
[02/27/2026-11:10:59] [I] Average on 10 runs - GPU latency: 0.180777 ms - Host latency: 0.180777 ms (enqueue 0.0992249 ms)
[02/27/2026-11:10:59] [I] Average on 10 runs - GPU latency: 0.180215 ms - Host latency: 0.180215 ms (enqueue 0.102872 ms)
[02/27/2026-11:10:59] [I] Average on 10 runs - GPU latency: 0.179126 ms - Host latency: 0.179126 ms (enqueue 0.103229 ms)
[02/27/2026-11:10:59] [I] Average on 10 runs - GPU latency: 0.179684 ms - Host latency: 0.179684 ms (enqueue 0.102124 ms)
[02/27/2026-11:10:59] [I] Average on 10 runs - GPU latency: 0.180444 ms - Host latency: 0.180444 ms (enqueue 0.100006 ms)
[02/27/2026-11:10:59] [I] Average on 10 runs - GPU latency: 0.179706 ms - Host latency: 0.179706 ms (enqueue 0.101797 ms)
[02/27/2026-11:10:59] [I] Average on 10 runs - GPU latency: 0.179352 ms - Host latency: 0.179352 ms (enqueue 0.102625 ms)
[02/27/2026-11:10:59] [I] Average on 10 runs - GPU latency: 0.179056 ms - Host latency: 0.179056 ms (enqueue 0.101917 ms)
[02/27/2026-11:10:59] [I] Average on 10 runs - GPU latency: 0.179556 ms - Host latency: 0.179556 ms (enqueue 0.100534 ms)
[02/27/2026-11:10:59] [I] Average on 10 runs - GPU latency: 0.179019 ms - Host latency: 0.179019 ms (enqueue 0.0992096 ms)
[02/27/2026-11:10:59] [I] Average on 10 runs - GPU latency: 0.179379 ms - Host latency: 0.179379 ms (enqueue 0.10065 ms)
[02/27/2026-11:10:59] [I] Average on 10 runs - GPU latency: 0.178958 ms - Host latency: 0.178958 ms (enqueue 0.099234 ms)
[02/27/2026-11:10:59] [I] Average on 10 runs - GPU latency: 0.179443 ms - Host latency: 0.179443 ms (enqueue 0.100156 ms)
[02/27/2026-11:10:59] [I] Average on 10 runs - GPU latency: 0.179745 ms - Host latency: 0.179745 ms (enqueue 0.100522 ms)
[02/27/2026-11:10:59] [I] Average on 10 runs - GPU latency: 0.179745 ms - Host latency: 0.179745 ms (enqueue 0.102301 ms)
[02/27/2026-11:10:59] [I] Average on 10 runs - GPU latency: 0.179062 ms - Host latency: 0.179062 ms (enqueue 0.103876 ms)
[02/27/2026-11:10:59] [I] Average on 10 runs - GPU latency: 0.179974 ms - Host latency: 0.179974 ms (enqueue 0.100781 ms)
[02/27/2026-11:10:59] [I] Average on 10 runs - GPU latency: 0.17937 ms - Host latency: 0.17937 ms (enqueue 0.097937 ms)
[02/27/2026-11:10:59] [I] Average on 10 runs - GPU latency: 0.178293 ms - Host latency: 0.178293 ms (enqueue 0.101208 ms)
[02/27/2026-11:10:59] [I] Average on 10 runs - GPU latency: 0.179156 ms - Host latency: 0.179156 ms (enqueue 0.105969 ms)
[02/27/2026-11:10:59] [I] Average on 10 runs - GPU latency: 0.178586 ms - Host latency: 0.178586 ms (enqueue 0.103052 ms)
[02/27/2026-11:10:59] [I] Average on 10 runs - GPU latency: 0.178159 ms - Host latency: 0.178159 ms (enqueue 0.106412 ms)
[02/27/2026-11:10:59] [I] Average on 10 runs - GPU latency: 0.178979 ms - Host latency: 0.178979 ms (enqueue 0.106494 ms)
[02/27/2026-11:10:59] [I] Average on 10 runs - GPU latency: 0.177927 ms - Host latency: 0.177927 ms (enqueue 0.107669 ms)
[02/27/2026-11:10:59] [I] Average on 10 runs - GPU latency: 0.179648 ms - Host latency: 0.179648 ms (enqueue 0.100818 ms)
[02/27/2026-11:10:59] [I] Average on 10 runs - GPU latency: 0.178577 ms - Host latency: 0.178577 ms (enqueue 0.104242 ms)
[02/27/2026-11:10:59] [I] Average on 10 runs - GPU latency: 0.179559 ms - Host latency: 0.179559 ms (enqueue 0.104114 ms)
[02/27/2026-11:10:59] [I] Average on 10 runs - GPU latency: 0.177823 ms - Host latency: 0.177823 ms (enqueue 0.106137 ms)
[02/27/2026-11:10:59] [I] Average on 10 runs - GPU latency: 0.180118 ms - Host latency: 0.180118 ms (enqueue 0.104996 ms)
[02/27/2026-11:10:59] [I] Average on 10 runs - GPU latency: 0.178592 ms - Host latency: 0.178592 ms (enqueue 0.109695 ms)
[02/27/2026-11:10:59] [I] Average on 10 runs - GPU latency: 0.179327 ms - Host latency: 0.179327 ms (enqueue 0.101938 ms)
[02/27/2026-11:10:59] [I] Average on 10 runs - GPU latency: 0.180255 ms - Host latency: 0.180255 ms (enqueue 0.102731 ms)
[02/27/2026-11:10:59] [I] Average on 10 runs - GPU latency: 0.179901 ms - Host latency: 0.179901 ms (enqueue 0.100653 ms)
[02/27/2026-11:10:59] [I] Average on 10 runs - GPU latency: 0.178967 ms - Host latency: 0.178967 ms (enqueue 0.0988129 ms)
[02/27/2026-11:10:59] [I] Average on 10 runs - GPU latency: 0.179291 ms - Host latency: 0.179291 ms (enqueue 0.100339 ms)
[02/27/2026-11:10:59] [I] Average on 10 runs - GPU latency: 0.178812 ms - Host latency: 0.178812 ms (enqueue 0.101926 ms)
[02/27/2026-11:10:59] [I] Average on 10 runs - GPU latency: 0.179544 ms - Host latency: 0.179544 ms (enqueue 0.100021 ms)
[02/27/2026-11:10:59] [I] Average on 10 runs - GPU latency: 0.180011 ms - Host latency: 0.180011 ms (enqueue 0.0990662 ms)
[02/27/2026-11:10:59] [I] Average on 10 runs - GPU latency: 0.17944 ms - Host latency: 0.17944 ms (enqueue 0.100479 ms)
[02/27/2026-11:10:59] [I] Average on 10 runs - GPU latency: 0.180151 ms - Host latency: 0.180151 ms (enqueue 0.0978729 ms)
[02/27/2026-11:10:59] [I] Average on 10 runs - GPU latency: 0.177573 ms - Host latency: 0.177573 ms (enqueue 0.104871 ms)
[02/27/2026-11:10:59] [I] Average on 10 runs - GPU latency: 0.17883 ms - Host latency: 0.17883 ms (enqueue 0.106009 ms)
[02/27/2026-11:10:59] [I] Average on 10 runs - GPU latency: 0.179153 ms - Host latency: 0.179153 ms (enqueue 0.099295 ms)
[02/27/2026-11:10:59] [I] Average on 10 runs - GPU latency: 0.178848 ms - Host latency: 0.178848 ms (enqueue 0.10177 ms)
[02/27/2026-11:10:59] [I] Average on 10 runs - GPU latency: 0.180164 ms - Host latency: 0.180164 ms (enqueue 0.102554 ms)
[02/27/2026-11:10:59] [I] Average on 10 runs - GPU latency: 0.180344 ms - Host latency: 0.180344 ms (enqueue 0.102695 ms)
[02/27/2026-11:10:59] [I] Average on 10 runs - GPU latency: 0.17962 ms - Host latency: 0.17962 ms (enqueue 0.100677 ms)
[02/27/2026-11:10:59] [I] Average on 10 runs - GPU latency: 0.179272 ms - Host latency: 0.179272 ms (enqueue 0.102444 ms)
[02/27/2026-11:10:59] [I] Average on 10 runs - GPU latency: 0.179852 ms - Host latency: 0.179852 ms (enqueue 0.104758 ms)
[02/27/2026-11:10:59] [I] Average on 10 runs - GPU latency: 0.179413 ms - Host latency: 0.179413 ms (enqueue 0.0986511 ms)
[02/27/2026-11:10:59] [I] Average on 10 runs - GPU latency: 0.17977 ms - Host latency: 0.17977 ms (enqueue 0.103052 ms)
[02/27/2026-11:10:59] [I] Average on 10 runs - GPU latency: 0.18042 ms - Host latency: 0.18042 ms (enqueue 0.0999481 ms)
[02/27/2026-11:10:59] [I] Average on 10 runs - GPU latency: 0.179288 ms - Host latency: 0.179288 ms (enqueue 0.100546 ms)
[02/27/2026-11:10:59] [I] Average on 10 runs - GPU latency: 0.180093 ms - Host latency: 0.180093 ms (enqueue 0.0984741 ms)
[02/27/2026-11:10:59] [I] Average on 10 runs - GPU latency: 0.179071 ms - Host latency: 0.179071 ms (enqueue 0.101685 ms)
[02/27/2026-11:10:59] [I] Average on 10 runs - GPU latency: 0.180008 ms - Host latency: 0.180008 ms (enqueue 0.101855 ms)
[02/27/2026-11:10:59] [I] Average on 10 runs - GPU latency: 0.179309 ms - Host latency: 0.179309 ms (enqueue 0.103238 ms)
[02/27/2026-11:10:59] [I] Average on 10 runs - GPU latency: 0.180215 ms - Host latency: 0.180215 ms (enqueue 0.100281 ms)
[02/27/2026-11:10:59] [I] Average on 10 runs - GPU latency: 0.179163 ms - Host latency: 0.179163 ms (enqueue 0.101385 ms)
[02/27/2026-11:10:59] [I] Average on 10 runs - GPU latency: 0.179346 ms - Host latency: 0.179346 ms (enqueue 0.102759 ms)
[02/27/2026-11:10:59] [I] Average on 10 runs - GPU latency: 0.179431 ms - Host latency: 0.179431 ms (enqueue 0.100677 ms)
[02/27/2026-11:10:59] [I] Average on 10 runs - GPU latency: 0.179904 ms - Host latency: 0.179904 ms (enqueue 0.101392 ms)
[02/27/2026-11:10:59] [I] Average on 10 runs - GPU latency: 0.179617 ms - Host latency: 0.179617 ms (enqueue 0.104584 ms)
[02/27/2026-11:10:59] [I] Average on 10 runs - GPU latency: 0.178412 ms - Host latency: 0.178412 ms (enqueue 0.106699 ms)
[02/27/2026-11:10:59] [I] Average on 10 runs - GPU latency: 0.179196 ms - Host latency: 0.179196 ms (enqueue 0.105234 ms)
[02/27/2026-11:10:59] [I] Average on 10 runs - GPU latency: 0.177716 ms - Host latency: 0.177716 ms (enqueue 0.106229 ms)
[02/27/2026-11:10:59] [I] Average on 10 runs - GPU latency: 0.179956 ms - Host latency: 0.179956 ms (enqueue 0.101111 ms)
[02/27/2026-11:10:59] [I] Average on 10 runs - GPU latency: 0.178198 ms - Host latency: 0.178198 ms (enqueue 0.101657 ms)
[02/27/2026-11:10:59] [I] Average on 10 runs - GPU latency: 0.179379 ms - Host latency: 0.179379 ms (enqueue 0.104285 ms)
[02/27/2026-11:10:59] [I] Average on 10 runs - GPU latency: 0.179172 ms - Host latency: 0.179172 ms (enqueue 0.104346 ms)
[02/27/2026-11:10:59] [I] Average on 10 runs - GPU latency: 0.178711 ms - Host latency: 0.178711 ms (enqueue 0.106049 ms)
[02/27/2026-11:10:59] [I] Average on 10 runs - GPU latency: 0.178424 ms - Host latency: 0.178424 ms (enqueue 0.105093 ms)
[02/27/2026-11:10:59] [I] Average on 10 runs - GPU latency: 0.177933 ms - Host latency: 0.177933 ms (enqueue 0.105215 ms)
[02/27/2026-11:10:59] [I] Average on 10 runs - GPU latency: 0.177612 ms - Host latency: 0.177612 ms (enqueue 0.108917 ms)
[02/27/2026-11:10:59] [I] Average on 10 runs - GPU latency: 0.178787 ms - Host latency: 0.178787 ms (enqueue 0.107104 ms)
[02/27/2026-11:10:59] [I] Average on 10 runs - GPU latency: 0.179825 ms - Host latency: 0.179825 ms (enqueue 0.106216 ms)
[02/27/2026-11:10:59] [I] Average on 10 runs - GPU latency: 0.177902 ms - Host latency: 0.177902 ms (enqueue 0.111005 ms)
[02/27/2026-11:10:59] [I] Average on 10 runs - GPU latency: 0.178183 ms - Host latency: 0.178183 ms (enqueue 0.108008 ms)
[02/27/2026-11:10:59] [I] Average on 10 runs - GPU latency: 0.177502 ms - Host latency: 0.177502 ms (enqueue 0.108179 ms)
[02/27/2026-11:10:59] [I] Average on 10 runs - GPU latency: 0.178235 ms - Host latency: 0.178235 ms (enqueue 0.106677 ms)
[02/27/2026-11:10:59] [I] Average on 10 runs - GPU latency: 0.177771 ms - Host latency: 0.177771 ms (enqueue 0.1073 ms)
[02/27/2026-11:10:59] [I] Average on 10 runs - GPU latency: 0.177686 ms - Host latency: 0.177686 ms (enqueue 0.105951 ms)
[02/27/2026-11:10:59] [I] Average on 10 runs - GPU latency: 0.178217 ms - Host latency: 0.178217 ms (enqueue 0.106635 ms)
[02/27/2026-11:10:59] [I] Average on 10 runs - GPU latency: 0.177704 ms - Host latency: 0.177704 ms (enqueue 0.10423 ms)
[02/27/2026-11:10:59] [I] Average on 10 runs - GPU latency: 0.179169 ms - Host latency: 0.179169 ms (enqueue 0.0989014 ms)
[02/27/2026-11:10:59] [I] Average on 10 runs - GPU latency: 0.18031 ms - Host latency: 0.18031 ms (enqueue 0.101105 ms)
[02/27/2026-11:10:59] [I] Average on 10 runs - GPU latency: 0.178137 ms - Host latency: 0.178137 ms (enqueue 0.101605 ms)
[02/27/2026-11:10:59] [I] Average on 10 runs - GPU latency: 0.178339 ms - Host latency: 0.178339 ms (enqueue 0.10448 ms)
[02/27/2026-11:10:59] [I] Average on 10 runs - GPU latency: 0.179315 ms - Host latency: 0.179315 ms (enqueue 0.102008 ms)
[02/27/2026-11:10:59] [I] Average on 10 runs - GPU latency: 0.179578 ms - Host latency: 0.179578 ms (enqueue 0.103363 ms)
[02/27/2026-11:10:59] [I] Average on 10 runs - GPU latency: 0.179932 ms - Host latency: 0.179932 ms (enqueue 0.099585 ms)
[02/27/2026-11:10:59] [I] Average on 10 runs - GPU latency: 0.178986 ms - Host latency: 0.178986 ms (enqueue 0.101569 ms)
[02/27/2026-11:10:59] [I] Average on 10 runs - GPU latency: 0.178296 ms - Host latency: 0.178296 ms (enqueue 0.106128 ms)
[02/27/2026-11:10:59] [I] Average on 10 runs - GPU latency: 0.178503 ms - Host latency: 0.178503 ms (enqueue 0.102148 ms)
[02/27/2026-11:10:59] [I] Average on 10 runs - GPU latency: 0.179095 ms - Host latency: 0.179095 ms (enqueue 0.102032 ms)
[02/27/2026-11:10:59] [I] Average on 10 runs - GPU latency: 0.178369 ms - Host latency: 0.178369 ms (enqueue 0.103613 ms)
[02/27/2026-11:10:59] [I] Average on 10 runs - GPU latency: 0.180347 ms - Host latency: 0.180347 ms (enqueue 0.101556 ms)
[02/27/2026-11:10:59] [I] Average on 10 runs - GPU latency: 0.178436 ms - Host latency: 0.178436 ms (enqueue 0.103149 ms)
[02/27/2026-11:10:59] [I] Average on 10 runs - GPU latency: 0.177368 ms - Host latency: 0.177368 ms (enqueue 0.104352 ms)
[02/27/2026-11:10:59] [I] Average on 10 runs - GPU latency: 0.178937 ms - Host latency: 0.178937 ms (enqueue 0.104687 ms)
[02/27/2026-11:10:59] [I] Average on 10 runs - GPU latency: 0.178619 ms - Host latency: 0.178619 ms (enqueue 0.102112 ms)
[02/27/2026-11:10:59] [I] Average on 10 runs - GPU latency: 0.178857 ms - Host latency: 0.178857 ms (enqueue 0.102411 ms)
[02/27/2026-11:10:59] [I] Average on 10 runs - GPU latency: 0.179858 ms - Host latency: 0.179858 ms (enqueue 0.10116 ms)
[02/27/2026-11:10:59] [I] Average on 10 runs - GPU latency: 0.178876 ms - Host latency: 0.178876 ms (enqueue 0.107538 ms)
[02/27/2026-11:10:59] [I] Average on 10 runs - GPU latency: 0.180127 ms - Host latency: 0.180127 ms (enqueue 0.0988464 ms)
[02/27/2026-11:10:59] [I] Average on 10 runs - GPU latency: 0.179633 ms - Host latency: 0.179633 ms (enqueue 0.101849 ms)
[02/27/2026-11:10:59] [I] Average on 10 runs - GPU latency: 0.179553 ms - Host latency: 0.179553 ms (enqueue 0.100916 ms)
[02/27/2026-11:10:59] [I] Average on 10 runs - GPU latency: 0.178387 ms - Host latency: 0.178387 ms (enqueue 0.102966 ms)
[02/27/2026-11:10:59] [I] Average on 10 runs - GPU latency: 0.179529 ms - Host latency: 0.179529 ms (enqueue 0.0984009 ms)
[02/27/2026-11:10:59] [I] Average on 10 runs - GPU latency: 0.179871 ms - Host latency: 0.179871 ms (enqueue 0.102887 ms)
[02/27/2026-11:10:59] [I] Average on 10 runs - GPU latency: 0.179529 ms - Host latency: 0.179529 ms (enqueue 0.0997436 ms)
[02/27/2026-11:10:59] [I] Average on 10 runs - GPU latency: 0.177826 ms - Host latency: 0.177826 ms (enqueue 0.104572 ms)
[02/27/2026-11:10:59] [I] Average on 10 runs - GPU latency: 0.178369 ms - Host latency: 0.178369 ms (enqueue 0.102789 ms)
[02/27/2026-11:10:59] [I] Average on 10 runs - GPU latency: 0.178217 ms - Host latency: 0.178217 ms (enqueue 0.110413 ms)
[02/27/2026-11:10:59] [I] Average on 10 runs - GPU latency: 0.178455 ms - Host latency: 0.178455 ms (enqueue 0.107709 ms)
[02/27/2026-11:10:59] [I] Average on 10 runs - GPU latency: 0.17829 ms - Host latency: 0.17829 ms (enqueue 0.105493 ms)
[02/27/2026-11:10:59] [I] Average on 10 runs - GPU latency: 0.177423 ms - Host latency: 0.177423 ms (enqueue 0.103735 ms)
[02/27/2026-11:10:59] [I] Average on 10 runs - GPU latency: 0.179724 ms - Host latency: 0.179724 ms (enqueue 0.0981873 ms)
[02/27/2026-11:10:59] [I] Average on 10 runs - GPU latency: 0.178296 ms - Host latency: 0.178296 ms (enqueue 0.103357 ms)
[02/27/2026-11:10:59] [I] Average on 10 runs - GPU latency: 0.179114 ms - Host latency: 0.179114 ms (enqueue 0.102344 ms)
[02/27/2026-11:10:59] [I] Average on 10 runs - GPU latency: 0.178296 ms - Host latency: 0.178296 ms (enqueue 0.103192 ms)
[02/27/2026-11:10:59] [I] Average on 10 runs - GPU latency: 0.177875 ms - Host latency: 0.177875 ms (enqueue 0.108044 ms)
[02/27/2026-11:10:59] [I] Average on 10 runs - GPU latency: 0.180255 ms - Host latency: 0.180255 ms (enqueue 0.101971 ms)
[02/27/2026-11:10:59] [I] Average on 10 runs - GPU latency: 0.178925 ms - Host latency: 0.178925 ms (enqueue 0.104846 ms)
[02/27/2026-11:10:59] [I] Average on 10 runs - GPU latency: 0.178741 ms - Host latency: 0.178741 ms (enqueue 0.103802 ms)
[02/27/2026-11:10:59] [I] Average on 10 runs - GPU latency: 0.178784 ms - Host latency: 0.178784 ms (enqueue 0.104419 ms)
[02/27/2026-11:10:59] [I] Average on 10 runs - GPU latency: 0.179584 ms - Host latency: 0.179584 ms (enqueue 0.101282 ms)
[02/27/2026-11:10:59] [I] Average on 10 runs - GPU latency: 0.178955 ms - Host latency: 0.178955 ms (enqueue 0.10177 ms)
[02/27/2026-11:10:59] [I] Average on 10 runs - GPU latency: 0.1784 ms - Host latency: 0.1784 ms (enqueue 0.103418 ms)
[02/27/2026-11:10:59] [I] Average on 10 runs - GPU latency: 0.179138 ms - Host latency: 0.179138 ms (enqueue 0.100726 ms)
[02/27/2026-11:10:59] [I] Average on 10 runs - GPU latency: 0.178821 ms - Host latency: 0.178821 ms (enqueue 0.101331 ms)
[02/27/2026-11:10:59] [I] Average on 10 runs - GPU latency: 0.179352 ms - Host latency: 0.179352 ms (enqueue 0.0987671 ms)
[02/27/2026-11:10:59] [I] Average on 10 runs - GPU latency: 0.179846 ms - Host latency: 0.179846 ms (enqueue 0.0991028 ms)
[02/27/2026-11:10:59] [I] Average on 10 runs - GPU latency: 0.179297 ms - Host latency: 0.179297 ms (enqueue 0.102954 ms)
[02/27/2026-11:10:59] [I] Average on 10 runs - GPU latency: 0.179474 ms - Host latency: 0.179474 ms (enqueue 0.102435 ms)
[02/27/2026-11:10:59] [I] Average on 10 runs - GPU latency: 0.179413 ms - Host latency: 0.179413 ms (enqueue 0.0984924 ms)
[02/27/2026-11:10:59] [I] Average on 10 runs - GPU latency: 0.179688 ms - Host latency: 0.179688 ms (enqueue 0.0999084 ms)
[02/27/2026-11:10:59] [I] Average on 10 runs - GPU latency: 0.17959 ms - Host latency: 0.17959 ms (enqueue 0.103363 ms)
[02/27/2026-11:10:59] [I] Average on 10 runs - GPU latency: 0.178687 ms - Host latency: 0.178687 ms (enqueue 0.102777 ms)
[02/27/2026-11:10:59] [I] Average on 10 runs - GPU latency: 0.178857 ms - Host latency: 0.178857 ms (enqueue 0.102002 ms)
[02/27/2026-11:10:59] [I] Average on 10 runs - GPU latency: 0.178644 ms - Host latency: 0.178644 ms (enqueue 0.104034 ms)
[02/27/2026-11:10:59] [I] Average on 10 runs - GPU latency: 0.17879 ms - Host latency: 0.17879 ms (enqueue 0.104138 ms)
[02/27/2026-11:10:59] [I] Average on 10 runs - GPU latency: 0.179034 ms - Host latency: 0.179034 ms (enqueue 0.0996521 ms)
[02/27/2026-11:10:59] [I] Average on 10 runs - GPU latency: 0.17937 ms - Host latency: 0.17937 ms (enqueue 0.0998413 ms)
[02/27/2026-11:10:59] [I] Average on 10 runs - GPU latency: 0.179065 ms - Host latency: 0.179065 ms (enqueue 0.101074 ms)
[02/27/2026-11:10:59] [I] Average on 10 runs - GPU latency: 0.17832 ms - Host latency: 0.17832 ms (enqueue 0.105096 ms)
[02/27/2026-11:10:59] [I] Average on 10 runs - GPU latency: 0.179431 ms - Host latency: 0.179431 ms (enqueue 0.0999084 ms)
[02/27/2026-11:10:59] [I] Average on 10 runs - GPU latency: 0.180402 ms - Host latency: 0.180402 ms (enqueue 0.0994507 ms)
[02/27/2026-11:10:59] [I] Average on 10 runs - GPU latency: 0.179559 ms - Host latency: 0.179559 ms (enqueue 0.101239 ms)
[02/27/2026-11:10:59] [I] Average on 10 runs - GPU latency: 0.180212 ms - Host latency: 0.180212 ms (enqueue 0.0986999 ms)
[02/27/2026-11:10:59] [I] Average on 10 runs - GPU latency: 0.179272 ms - Host latency: 0.179272 ms (enqueue 0.101221 ms)
[02/27/2026-11:10:59] [I] Average on 10 runs - GPU latency: 0.177716 ms - Host latency: 0.177716 ms (enqueue 0.104419 ms)
[02/27/2026-11:10:59] [I] Average on 10 runs - GPU latency: 0.180084 ms - Host latency: 0.180084 ms (enqueue 0.101483 ms)
[02/27/2026-11:10:59] [I] Average on 10 runs - GPU latency: 0.178711 ms - Host latency: 0.178711 ms (enqueue 0.105505 ms)
[02/27/2026-11:10:59] [I] Average on 10 runs - GPU latency: 0.178058 ms - Host latency: 0.178058 ms (enqueue 0.101801 ms)
[02/27/2026-11:10:59] [I] Average on 10 runs - GPU latency: 0.179077 ms - Host latency: 0.179077 ms (enqueue 0.1005 ms)
[02/27/2026-11:10:59] [I] Average on 10 runs - GPU latency: 0.179559 ms - Host latency: 0.179559 ms (enqueue 0.0992798 ms)
[02/27/2026-11:10:59] [I] Average on 10 runs - GPU latency: 0.179218 ms - Host latency: 0.179218 ms (enqueue 0.0989075 ms)
[02/27/2026-11:10:59] [I] Average on 10 runs - GPU latency: 0.178864 ms - Host latency: 0.178864 ms (enqueue 0.100494 ms)
[02/27/2026-11:10:59] [I] Average on 10 runs - GPU latency: 0.179028 ms - Host latency: 0.179028 ms (enqueue 0.102142 ms)
[02/27/2026-11:10:59] [I] Average on 10 runs - GPU latency: 0.178833 ms - Host latency: 0.178833 ms (enqueue 0.099292 ms)
[02/27/2026-11:10:59] [I] Average on 10 runs - GPU latency: 0.179327 ms - Host latency: 0.179327 ms (enqueue 0.0986694 ms)
[02/27/2026-11:10:59] [I] Average on 10 runs - GPU latency: 0.179962 ms - Host latency: 0.179962 ms (enqueue 0.0986084 ms)
[02/27/2026-11:10:59] [I] Average on 10 runs - GPU latency: 0.17865 ms - Host latency: 0.17865 ms (enqueue 0.100085 ms)
[02/27/2026-11:10:59] [I] Average on 10 runs - GPU latency: 0.178021 ms - Host latency: 0.178021 ms (enqueue 0.109827 ms)
[02/27/2026-11:10:59] [I] Average on 10 runs - GPU latency: 0.178979 ms - Host latency: 0.178979 ms (enqueue 0.104187 ms)
[02/27/2026-11:10:59] [I] Average on 10 runs - GPU latency: 0.177563 ms - Host latency: 0.177563 ms (enqueue 0.106366 ms)
[02/27/2026-11:10:59] [I] Average on 10 runs - GPU latency: 0.178302 ms - Host latency: 0.178302 ms (enqueue 0.107129 ms)
[02/27/2026-11:10:59] [I] Average on 10 runs - GPU latency: 0.178748 ms - Host latency: 0.178748 ms (enqueue 0.103986 ms)
[02/27/2026-11:10:59] [I] Average on 10 runs - GPU latency: 0.17959 ms - Host latency: 0.17959 ms (enqueue 0.104651 ms)
[02/27/2026-11:10:59] [I] Average on 10 runs - GPU latency: 0.178894 ms - Host latency: 0.178894 ms (enqueue 0.101031 ms)
[02/27/2026-11:10:59] [I] Average on 10 runs - GPU latency: 0.177728 ms - Host latency: 0.177728 ms (enqueue 0.109961 ms)
[02/27/2026-11:10:59] [I] Average on 10 runs - GPU latency: 0.17901 ms - Host latency: 0.17901 ms (enqueue 0.103656 ms)
[02/27/2026-11:10:59] [I] Average on 10 runs - GPU latency: 0.178033 ms - Host latency: 0.178033 ms (enqueue 0.107178 ms)
[02/27/2026-11:10:59] [I] Average on 10 runs - GPU latency: 0.179559 ms - Host latency: 0.179559 ms (enqueue 0.102814 ms)
[02/27/2026-11:10:59] [I] Average on 10 runs - GPU latency: 0.180914 ms - Host latency: 0.180914 ms (enqueue 0.102875 ms)
[02/27/2026-11:10:59] [I] Average on 10 runs - GPU latency: 0.180042 ms - Host latency: 0.180042 ms (enqueue 0.100714 ms)
[02/27/2026-11:10:59] [I] Average on 10 runs - GPU latency: 0.178503 ms - Host latency: 0.178503 ms (enqueue 0.106537 ms)
[02/27/2026-11:10:59] [I] Average on 10 runs - GPU latency: 0.179028 ms - Host latency: 0.179028 ms (enqueue 0.109363 ms)
[02/27/2026-11:10:59] [I] Average on 10 runs - GPU latency: 0.179382 ms - Host latency: 0.179382 ms (enqueue 0.104285 ms)
[02/27/2026-11:10:59] [I] Average on 10 runs - GPU latency: 0.178784 ms - Host latency: 0.178784 ms (enqueue 0.102588 ms)
[02/27/2026-11:10:59] [I] Average on 10 runs - GPU latency: 0.180157 ms - Host latency: 0.180157 ms (enqueue 0.103864 ms)
[02/27/2026-11:10:59] [I] Average on 10 runs - GPU latency: 0.177576 ms - Host latency: 0.177576 ms (enqueue 0.105652 ms)
[02/27/2026-11:10:59] [I] Average on 10 runs - GPU latency: 0.178821 ms - Host latency: 0.178821 ms (enqueue 0.104028 ms)
[02/27/2026-11:10:59] [I] Average on 10 runs - GPU latency: 0.180225 ms - Host latency: 0.180225 ms (enqueue 0.104449 ms)
[02/27/2026-11:10:59] [I] Average on 10 runs - GPU latency: 0.17785 ms - Host latency: 0.17785 ms (enqueue 0.106525 ms)
[02/27/2026-11:10:59] [I] Average on 10 runs - GPU latency: 0.178296 ms - Host latency: 0.178296 ms (enqueue 0.104889 ms)
[02/27/2026-11:10:59] [I] Average on 10 runs - GPU latency: 0.178503 ms - Host latency: 0.178503 ms (enqueue 0.109418 ms)
[02/27/2026-11:10:59] [I] Average on 10 runs - GPU latency: 0.179974 ms - Host latency: 0.179974 ms (enqueue 0.104523 ms)
[02/27/2026-11:10:59] [I] Average on 10 runs - GPU latency: 0.178735 ms - Host latency: 0.178735 ms (enqueue 0.10484 ms)
[02/27/2026-11:10:59] [I] Average on 10 runs - GPU latency: 0.179486 ms - Host latency: 0.179486 ms (enqueue 0.100317 ms)
[02/27/2026-11:10:59] [I] Average on 10 runs - GPU latency: 0.179126 ms - Host latency: 0.179126 ms (enqueue 0.0997925 ms)
[02/27/2026-11:10:59] [I] Average on 10 runs - GPU latency: 0.178406 ms - Host latency: 0.178406 ms (enqueue 0.102612 ms)
[02/27/2026-11:10:59] [I] Average on 10 runs - GPU latency: 0.178412 ms - Host latency: 0.178412 ms (enqueue 0.102179 ms)
[02/27/2026-11:10:59] [I] Average on 10 runs - GPU latency: 0.179523 ms - Host latency: 0.179523 ms (enqueue 0.102277 ms)
[02/27/2026-11:10:59] [I] Average on 10 runs - GPU latency: 0.178003 ms - Host latency: 0.178003 ms (enqueue 0.102118 ms)
[02/27/2026-11:10:59] [I] Average on 10 runs - GPU latency: 0.178125 ms - Host latency: 0.178125 ms (enqueue 0.103296 ms)
[02/27/2026-11:10:59] [I] Average on 10 runs - GPU latency: 0.179553 ms - Host latency: 0.179553 ms (enqueue 0.101038 ms)
[02/27/2026-11:10:59] [I] Average on 10 runs - GPU latency: 0.178992 ms - Host latency: 0.178992 ms (enqueue 0.0993713 ms)
[02/27/2026-11:10:59] [I] Average on 10 runs - GPU latency: 0.179193 ms - Host latency: 0.179193 ms (enqueue 0.102802 ms)
[02/27/2026-11:10:59] [I] Average on 10 runs - GPU latency: 0.179987 ms - Host latency: 0.179987 ms (enqueue 0.1034 ms)
[02/27/2026-11:10:59] [I] Average on 10 runs - GPU latency: 0.180054 ms - Host latency: 0.180054 ms (enqueue 0.10484 ms)
[02/27/2026-11:10:59] [I] Average on 10 runs - GPU latency: 0.178302 ms - Host latency: 0.178302 ms (enqueue 0.101404 ms)
[02/27/2026-11:10:59] [I] Average on 10 runs - GPU latency: 0.178772 ms - Host latency: 0.178772 ms (enqueue 0.0986206 ms)
[02/27/2026-11:10:59] [I] Average on 10 runs - GPU latency: 0.178558 ms - Host latency: 0.178558 ms (enqueue 0.104443 ms)
[02/27/2026-11:10:59] [I] Average on 10 runs - GPU latency: 0.178247 ms - Host latency: 0.178247 ms (enqueue 0.105145 ms)
[02/27/2026-11:10:59] [I] Average on 10 runs - GPU latency: 0.178229 ms - Host latency: 0.178229 ms (enqueue 0.102582 ms)
[02/27/2026-11:10:59] [I] Average on 10 runs - GPU latency: 0.179749 ms - Host latency: 0.179749 ms (enqueue 0.103064 ms)
[02/27/2026-11:10:59] [I] Average on 10 runs - GPU latency: 0.179388 ms - Host latency: 0.179388 ms (enqueue 0.100848 ms)
[02/27/2026-11:10:59] [I] Average on 10 runs - GPU latency: 0.178693 ms - Host latency: 0.178693 ms (enqueue 0.0996399 ms)
[02/27/2026-11:10:59] [I] Average on 10 runs - GPU latency: 0.17948 ms - Host latency: 0.17948 ms (enqueue 0.101953 ms)
[02/27/2026-11:10:59] [I] Average on 10 runs - GPU latency: 0.178204 ms - Host latency: 0.178204 ms (enqueue 0.105756 ms)
[02/27/2026-11:10:59] [I] Average on 10 runs - GPU latency: 0.179095 ms - Host latency: 0.179095 ms (enqueue 0.101941 ms)
[02/27/2026-11:10:59] [I] Average on 10 runs - GPU latency: 0.178223 ms - Host latency: 0.178223 ms (enqueue 0.103717 ms)
[02/27/2026-11:10:59] [I] Average on 10 runs - GPU latency: 0.17973 ms - Host latency: 0.17973 ms (enqueue 0.0993896 ms)
[02/27/2026-11:10:59] [I] Average on 10 runs - GPU latency: 0.17879 ms - Host latency: 0.17879 ms (enqueue 0.0994019 ms)
[02/27/2026-11:10:59] [I] Average on 10 runs - GPU latency: 0.179913 ms - Host latency: 0.179913 ms (enqueue 0.101221 ms)
[02/27/2026-11:10:59] [I] Average on 10 runs - GPU latency: 0.179639 ms - Host latency: 0.179639 ms (enqueue 0.0989807 ms)
[02/27/2026-11:10:59] [I] Average on 10 runs - GPU latency: 0.17962 ms - Host latency: 0.17962 ms (enqueue 0.0994995 ms)
[02/27/2026-11:10:59] [I] Average on 10 runs - GPU latency: 0.179785 ms - Host latency: 0.179785 ms (enqueue 0.100897 ms)
[02/27/2026-11:10:59] [I] Average on 10 runs - GPU latency: 0.179352 ms - Host latency: 0.179352 ms (enqueue 0.104749 ms)
[02/27/2026-11:10:59] [I] Average on 10 runs - GPU latency: 0.177997 ms - Host latency: 0.177997 ms (enqueue 0.106116 ms)
[02/27/2026-11:10:59] [I] Average on 10 runs - GPU latency: 0.180133 ms - Host latency: 0.180133 ms (enqueue 0.100708 ms)
[02/27/2026-11:10:59] [I] Average on 10 runs - GPU latency: 0.179071 ms - Host latency: 0.179071 ms (enqueue 0.0984131 ms)
[02/27/2026-11:10:59] [I] Average on 10 runs - GPU latency: 0.17865 ms - Host latency: 0.17865 ms (enqueue 0.100494 ms)
[02/27/2026-11:10:59] [I] Average on 10 runs - GPU latency: 0.180151 ms - Host latency: 0.180151 ms (enqueue 0.0973328 ms)
[02/27/2026-11:10:59] [I] Average on 10 runs - GPU latency: 0.179211 ms - Host latency: 0.179211 ms (enqueue 0.0982666 ms)
[02/27/2026-11:10:59] [I] Average on 10 runs - GPU latency: 0.179907 ms - Host latency: 0.179907 ms (enqueue 0.0983948 ms)
[02/27/2026-11:10:59] [I] Average on 10 runs - GPU latency: 0.178845 ms - Host latency: 0.178845 ms (enqueue 0.0986328 ms)
[02/27/2026-11:10:59] [I] Average on 10 runs - GPU latency: 0.179053 ms - Host latency: 0.179053 ms (enqueue 0.0989136 ms)
[02/27/2026-11:10:59] [I] Average on 10 runs - GPU latency: 0.179034 ms - Host latency: 0.179034 ms (enqueue 0.0989319 ms)
[02/27/2026-11:10:59] [I] Average on 10 runs - GPU latency: 0.179889 ms - Host latency: 0.179889 ms (enqueue 0.10011 ms)
[02/27/2026-11:10:59] [I] Average on 10 runs - GPU latency: 0.180011 ms - Host latency: 0.180011 ms (enqueue 0.0967346 ms)
[02/27/2026-11:10:59] [I] Average on 10 runs - GPU latency: 0.17851 ms - Host latency: 0.17851 ms (enqueue 0.0989197 ms)
[02/27/2026-11:10:59] [I] Average on 10 runs - GPU latency: 0.179736 ms - Host latency: 0.179736 ms (enqueue 0.0960083 ms)
[02/27/2026-11:10:59] [I] Average on 10 runs - GPU latency: 0.178967 ms - Host latency: 0.178967 ms (enqueue 0.0980713 ms)
[02/27/2026-11:10:59] [I] Average on 10 runs - GPU latency: 0.17948 ms - Host latency: 0.17948 ms (enqueue 0.0976807 ms)
[02/27/2026-11:10:59] [I] Average on 10 runs - GPU latency: 0.179974 ms - Host latency: 0.179974 ms (enqueue 0.100964 ms)
[02/27/2026-11:10:59] [I] Average on 10 runs - GPU latency: 0.180078 ms - Host latency: 0.180078 ms (enqueue 0.096106 ms)
[02/27/2026-11:10:59] [I] Average on 10 runs - GPU latency: 0.179175 ms - Host latency: 0.179175 ms (enqueue 0.0961792 ms)
[02/27/2026-11:10:59] [I] Average on 10 runs - GPU latency: 0.18028 ms - Host latency: 0.18028 ms (enqueue 0.0997803 ms)
[02/27/2026-11:10:59] [I] Average on 10 runs - GPU latency: 0.179663 ms - Host latency: 0.179663 ms (enqueue 0.0970459 ms)
[02/27/2026-11:10:59] [I] Average on 10 runs - GPU latency: 0.180347 ms - Host latency: 0.180347 ms (enqueue 0.100824 ms)
[02/27/2026-11:10:59] [I] Average on 10 runs - GPU latency: 0.179511 ms - Host latency: 0.179511 ms (enqueue 0.0980408 ms)
[02/27/2026-11:10:59] [I] Average on 10 runs - GPU latency: 0.17959 ms - Host latency: 0.17959 ms (enqueue 0.0980164 ms)
[02/27/2026-11:10:59] [I] Average on 10 runs - GPU latency: 0.179254 ms - Host latency: 0.179254 ms (enqueue 0.0964233 ms)
[02/27/2026-11:10:59] [I] Average on 10 runs - GPU latency: 0.179919 ms - Host latency: 0.179919 ms (enqueue 0.098761 ms)
[02/27/2026-11:10:59] [I] Average on 10 runs - GPU latency: 0.179907 ms - Host latency: 0.179907 ms (enqueue 0.0973084 ms)
[02/27/2026-11:10:59] [I] Average on 10 runs - GPU latency: 0.1784 ms - Host latency: 0.1784 ms (enqueue 0.100183 ms)
[02/27/2026-11:10:59] [I] Average on 10 runs - GPU latency: 0.179089 ms - Host latency: 0.179089 ms (enqueue 0.0987671 ms)
[02/27/2026-11:10:59] [I] Average on 10 runs - GPU latency: 0.179749 ms - Host latency: 0.179749 ms (enqueue 0.097113 ms)
[02/27/2026-11:10:59] [I] Average on 10 runs - GPU latency: 0.179468 ms - Host latency: 0.179468 ms (enqueue 0.101953 ms)
[02/27/2026-11:10:59] [I] Average on 10 runs - GPU latency: 0.178638 ms - Host latency: 0.178638 ms (enqueue 0.0978638 ms)
[02/27/2026-11:10:59] [I] Average on 10 runs - GPU latency: 0.178973 ms - Host latency: 0.178973 ms (enqueue 0.0996948 ms)
[02/27/2026-11:10:59] [I] Average on 10 runs - GPU latency: 0.180109 ms - Host latency: 0.180109 ms (enqueue 0.0995178 ms)
[02/27/2026-11:10:59] [I] Average on 10 runs - GPU latency: 0.18009 ms - Host latency: 0.18009 ms (enqueue 0.0980957 ms)
[02/27/2026-11:10:59] [I] Average on 10 runs - GPU latency: 0.178894 ms - Host latency: 0.178894 ms (enqueue 0.0996582 ms)
[02/27/2026-11:10:59] [I] Average on 10 runs - GPU latency: 0.179364 ms - Host latency: 0.179364 ms (enqueue 0.0998169 ms)
[02/27/2026-11:10:59] [I] Average on 10 runs - GPU latency: 0.1797 ms - Host latency: 0.1797 ms (enqueue 0.102289 ms)
[02/27/2026-11:10:59] [I] Average on 10 runs - GPU latency: 0.179669 ms - Host latency: 0.179669 ms (enqueue 0.0991821 ms)
[02/27/2026-11:10:59] [I] Average on 10 runs - GPU latency: 0.178516 ms - Host latency: 0.178516 ms (enqueue 0.101868 ms)
[02/27/2026-11:10:59] [I] Average on 10 runs - GPU latency: 0.17887 ms - Host latency: 0.17887 ms (enqueue 0.108569 ms)
[02/27/2026-11:10:59] [I] Average on 10 runs - GPU latency: 0.178894 ms - Host latency: 0.178894 ms (enqueue 0.101086 ms)
[02/27/2026-11:10:59] [I] Average on 10 runs - GPU latency: 0.178839 ms - Host latency: 0.178839 ms (enqueue 0.102332 ms)
[02/27/2026-11:10:59] [I] Average on 10 runs - GPU latency: 0.180096 ms - Host latency: 0.180096 ms (enqueue 0.106506 ms)
[02/27/2026-11:10:59] [I] Average on 10 runs - GPU latency: 0.179645 ms - Host latency: 0.179645 ms (enqueue 0.0985291 ms)
[02/27/2026-11:10:59] [I] Average on 10 runs - GPU latency: 0.179749 ms - Host latency: 0.179749 ms (enqueue 0.0995483 ms)
[02/27/2026-11:10:59] [I] Average on 10 runs - GPU latency: 0.179504 ms - Host latency: 0.179504 ms (enqueue 0.101984 ms)
[02/27/2026-11:10:59] [I] Average on 10 runs - GPU latency: 0.17959 ms - Host latency: 0.17959 ms (enqueue 0.0981079 ms)
[02/27/2026-11:10:59] [I] Average on 10 runs - GPU latency: 0.179559 ms - Host latency: 0.179559 ms (enqueue 0.098407 ms)
[02/27/2026-11:10:59] [I] Average on 10 runs - GPU latency: 0.1797 ms - Host latency: 0.1797 ms (enqueue 0.0984375 ms)
[02/27/2026-11:10:59] [I] Average on 10 runs - GPU latency: 0.17998 ms - Host latency: 0.17998 ms (enqueue 0.0984253 ms)
[02/27/2026-11:10:59] [I] Average on 10 runs - GPU latency: 0.178119 ms - Host latency: 0.178119 ms (enqueue 0.101874 ms)
[02/27/2026-11:10:59] [I] Average on 10 runs - GPU latency: 0.179626 ms - Host latency: 0.179626 ms (enqueue 0.105627 ms)
[02/27/2026-11:10:59] [I] Average on 10 runs - GPU latency: 0.179395 ms - Host latency: 0.179395 ms (enqueue 0.102466 ms)
[02/27/2026-11:10:59] [I] Average on 10 runs - GPU latency: 0.179578 ms - Host latency: 0.179578 ms (enqueue 0.10119 ms)
[02/27/2026-11:10:59] [I] Average on 10 runs - GPU latency: 0.179608 ms - Host latency: 0.179608 ms (enqueue 0.0999268 ms)
[02/27/2026-11:10:59] [I] Average on 10 runs - GPU latency: 0.179358 ms - Host latency: 0.179358 ms (enqueue 0.101282 ms)
[02/27/2026-11:10:59] [I] Average on 10 runs - GPU latency: 0.179633 ms - Host latency: 0.179633 ms (enqueue 0.0972107 ms)
[02/27/2026-11:10:59] [I] Average on 10 runs - GPU latency: 0.179474 ms - Host latency: 0.179474 ms (enqueue 0.102704 ms)
[02/27/2026-11:10:59] [I] Average on 10 runs - GPU latency: 0.18009 ms - Host latency: 0.18009 ms (enqueue 0.100305 ms)
[02/27/2026-11:10:59] [I] Average on 10 runs - GPU latency: 0.179297 ms - Host latency: 0.179297 ms (enqueue 0.101459 ms)
[02/27/2026-11:10:59] [I] Average on 10 runs - GPU latency: 0.179382 ms - Host latency: 0.179382 ms (enqueue 0.100592 ms)
[02/27/2026-11:10:59] [I] Average on 10 runs - GPU latency: 0.180182 ms - Host latency: 0.180182 ms (enqueue 0.100897 ms)
[02/27/2026-11:10:59] [I] Average on 10 runs - GPU latency: 0.179199 ms - Host latency: 0.179199 ms (enqueue 0.103302 ms)
[02/27/2026-11:10:59] [I] Average on 10 runs - GPU latency: 0.179999 ms - Host latency: 0.179999 ms (enqueue 0.100421 ms)
[02/27/2026-11:10:59] [I] Average on 10 runs - GPU latency: 0.179041 ms - Host latency: 0.179041 ms (enqueue 0.101135 ms)
[02/27/2026-11:10:59] [I] Average on 10 runs - GPU latency: 0.180103 ms - Host latency: 0.180103 ms (enqueue 0.0984253 ms)
[02/27/2026-11:10:59] [I] Average on 10 runs - GPU latency: 0.179193 ms - Host latency: 0.179193 ms (enqueue 0.102228 ms)
[02/27/2026-11:10:59] [I] Average on 10 runs - GPU latency: 0.17829 ms - Host latency: 0.17829 ms (enqueue 0.10296 ms)
[02/27/2026-11:10:59] [I] Average on 10 runs - GPU latency: 0.177704 ms - Host latency: 0.177704 ms (enqueue 0.104871 ms)
[02/27/2026-11:10:59] [I] Average on 10 runs - GPU latency: 0.179663 ms - Host latency: 0.179663 ms (enqueue 0.0982239 ms)
[02/27/2026-11:10:59] [I] Average on 10 runs - GPU latency: 0.178638 ms - Host latency: 0.178638 ms (enqueue 0.102112 ms)
[02/27/2026-11:10:59] [I] Average on 10 runs - GPU latency: 0.179858 ms - Host latency: 0.179858 ms (enqueue 0.0998779 ms)
[02/27/2026-11:10:59] [I] Average on 10 runs - GPU latency: 0.179425 ms - Host latency: 0.179425 ms (enqueue 0.100092 ms)
[02/27/2026-11:10:59] [I] Average on 10 runs - GPU latency: 0.177808 ms - Host latency: 0.177808 ms (enqueue 0.105371 ms)
[02/27/2026-11:10:59] [I] Average on 10 runs - GPU latency: 0.179419 ms - Host latency: 0.179419 ms (enqueue 0.101465 ms)
[02/27/2026-11:10:59] [I] Average on 10 runs - GPU latency: 0.180524 ms - Host latency: 0.180524 ms (enqueue 0.0984741 ms)
[02/27/2026-11:10:59] [I] Average on 10 runs - GPU latency: 0.179089 ms - Host latency: 0.179089 ms (enqueue 0.0995605 ms)
[02/27/2026-11:10:59] [I] Average on 10 runs - GPU latency: 0.178528 ms - Host latency: 0.178528 ms (enqueue 0.101575 ms)
[02/27/2026-11:10:59] [I] Average on 10 runs - GPU latency: 0.179089 ms - Host latency: 0.179089 ms (enqueue 0.0984253 ms)
[02/27/2026-11:10:59] [I] Average on 10 runs - GPU latency: 0.17915 ms - Host latency: 0.17915 ms (enqueue 0.101074 ms)
[02/27/2026-11:10:59] [I] Average on 10 runs - GPU latency: 0.18009 ms - Host latency: 0.18009 ms (enqueue 0.10603 ms)
[02/27/2026-11:10:59] [I] Average on 10 runs - GPU latency: 0.180322 ms - Host latency: 0.180322 ms (enqueue 0.0997681 ms)
[02/27/2026-11:10:59] [I] Average on 10 runs - GPU latency: 0.178326 ms - Host latency: 0.178326 ms (enqueue 0.101562 ms)
[02/27/2026-11:10:59] [I] Average on 10 runs - GPU latency: 0.178839 ms - Host latency: 0.178839 ms (enqueue 0.104523 ms)
[02/27/2026-11:10:59] [I] Average on 10 runs - GPU latency: 0.178137 ms - Host latency: 0.178137 ms (enqueue 0.107397 ms)
[02/27/2026-11:10:59] [I] Average on 10 runs - GPU latency: 0.179388 ms - Host latency: 0.179388 ms (enqueue 0.101184 ms)
[02/27/2026-11:10:59] [I] Average on 10 runs - GPU latency: 0.178418 ms - Host latency: 0.178418 ms (enqueue 0.104572 ms)
[02/27/2026-11:10:59] [I] Average on 10 runs - GPU latency: 0.178912 ms - Host latency: 0.178912 ms (enqueue 0.105212 ms)
[02/27/2026-11:10:59] [I] Average on 10 runs - GPU latency: 0.178033 ms - Host latency: 0.178033 ms (enqueue 0.10835 ms)
[02/27/2026-11:10:59] [I] Average on 10 runs - GPU latency: 0.179694 ms - Host latency: 0.179694 ms (enqueue 0.101227 ms)
[02/27/2026-11:10:59] [I] Average on 10 runs - GPU latency: 0.178802 ms - Host latency: 0.178802 ms (enqueue 0.100275 ms)
[02/27/2026-11:10:59] [I] Average on 10 runs - GPU latency: 0.17973 ms - Host latency: 0.17973 ms (enqueue 0.0995361 ms)
[02/27/2026-11:10:59] [I] Average on 10 runs - GPU latency: 0.180951 ms - Host latency: 0.180951 ms (enqueue 0.101404 ms)
[02/27/2026-11:10:59] [I] Average on 10 runs - GPU latency: 0.178552 ms - Host latency: 0.178552 ms (enqueue 0.102594 ms)
[02/27/2026-11:10:59] [I] Average on 10 runs - GPU latency: 0.179962 ms - Host latency: 0.179962 ms (enqueue 0.100574 ms)
[02/27/2026-11:10:59] [I] Average on 10 runs - GPU latency: 0.179474 ms - Host latency: 0.179474 ms (enqueue 0.1034 ms)
[02/27/2026-11:10:59] [I] Average on 10 runs - GPU latency: 0.179645 ms - Host latency: 0.179645 ms (enqueue 0.1026 ms)
[02/27/2026-11:10:59] [I] Average on 10 runs - GPU latency: 0.180109 ms - Host latency: 0.180109 ms (enqueue 0.100708 ms)
[02/27/2026-11:10:59] [I] Average on 10 runs - GPU latency: 0.178455 ms - Host latency: 0.178455 ms (enqueue 0.101379 ms)
[02/27/2026-11:10:59] [I] Average on 10 runs - GPU latency: 0.179156 ms - Host latency: 0.179156 ms (enqueue 0.103918 ms)
[02/27/2026-11:10:59] [I] Average on 10 runs - GPU latency: 0.179962 ms - Host latency: 0.179962 ms (enqueue 0.100104 ms)
[02/27/2026-11:10:59] [I] Average on 10 runs - GPU latency: 0.179382 ms - Host latency: 0.179382 ms (enqueue 0.0997436 ms)
[02/27/2026-11:10:59] [I] Average on 10 runs - GPU latency: 0.179956 ms - Host latency: 0.179956 ms (enqueue 0.101257 ms)
[02/27/2026-11:10:59] [I] Average on 10 runs - GPU latency: 0.178577 ms - Host latency: 0.178577 ms (enqueue 0.103467 ms)
[02/27/2026-11:10:59] [I] Average on 10 runs - GPU latency: 0.179297 ms - Host latency: 0.179297 ms (enqueue 0.101007 ms)
[02/27/2026-11:10:59] [I] Average on 10 runs - GPU latency: 0.179407 ms - Host latency: 0.179407 ms (enqueue 0.1021 ms)
[02/27/2026-11:10:59] [I] Average on 10 runs - GPU latency: 0.180066 ms - Host latency: 0.180066 ms (enqueue 0.10379 ms)
[02/27/2026-11:10:59] [I] Average on 10 runs - GPU latency: 0.179156 ms - Host latency: 0.179156 ms (enqueue 0.101019 ms)
[02/27/2026-11:10:59] [I] Average on 10 runs - GPU latency: 0.178845 ms - Host latency: 0.178845 ms (enqueue 0.103821 ms)
[02/27/2026-11:10:59] [I] Average on 10 runs - GPU latency: 0.178717 ms - Host latency: 0.178717 ms (enqueue 0.106873 ms)
[02/27/2026-11:10:59] [I] Average on 10 runs - GPU latency: 0.179456 ms - Host latency: 0.179456 ms (enqueue 0.102191 ms)
[02/27/2026-11:10:59] [I] Average on 10 runs - GPU latency: 0.178827 ms - Host latency: 0.178827 ms (enqueue 0.103851 ms)
[02/27/2026-11:10:59] [I] Average on 10 runs - GPU latency: 0.179401 ms - Host latency: 0.179401 ms (enqueue 0.102783 ms)
[02/27/2026-11:10:59] [I] Average on 10 runs - GPU latency: 0.179639 ms - Host latency: 0.179639 ms (enqueue 0.102716 ms)
[02/27/2026-11:10:59] [I] Average on 10 runs - GPU latency: 0.17854 ms - Host latency: 0.17854 ms (enqueue 0.101099 ms)
[02/27/2026-11:10:59] [I] Average on 10 runs - GPU latency: 0.179816 ms - Host latency: 0.179816 ms (enqueue 0.10318 ms)
[02/27/2026-11:10:59] [I] Average on 10 runs - GPU latency: 0.178796 ms - Host latency: 0.178796 ms (enqueue 0.0996033 ms)
[02/27/2026-11:10:59] [I] Average on 10 runs - GPU latency: 0.17934 ms - Host latency: 0.17934 ms (enqueue 0.106689 ms)
[02/27/2026-11:10:59] [I] Average on 10 runs - GPU latency: 0.180762 ms - Host latency: 0.180762 ms (enqueue 0.101044 ms)
[02/27/2026-11:10:59] [I] Average on 10 runs - GPU latency: 0.179407 ms - Host latency: 0.179407 ms (enqueue 0.103375 ms)
[02/27/2026-11:10:59] [I] Average on 10 runs - GPU latency: 0.178577 ms - Host latency: 0.178577 ms (enqueue 0.104303 ms)
[02/27/2026-11:10:59] [I] Average on 10 runs - GPU latency: 0.178345 ms - Host latency: 0.178345 ms (enqueue 0.102808 ms)
[02/27/2026-11:10:59] [I] Average on 10 runs - GPU latency: 0.179523 ms - Host latency: 0.179523 ms (enqueue 0.100525 ms)
[02/27/2026-11:10:59] [I] Average on 10 runs - GPU latency: 0.179974 ms - Host latency: 0.179974 ms (enqueue 0.102637 ms)
[02/27/2026-11:10:59] [I] Average on 10 runs - GPU latency: 0.178699 ms - Host latency: 0.178699 ms (enqueue 0.101526 ms)
[02/27/2026-11:10:59] [I] Average on 10 runs - GPU latency: 0.178943 ms - Host latency: 0.178943 ms (enqueue 0.100793 ms)
[02/27/2026-11:10:59] [I] Average on 10 runs - GPU latency: 0.180585 ms - Host latency: 0.180585 ms (enqueue 0.10116 ms)
[02/27/2026-11:10:59] [I] Average on 10 runs - GPU latency: 0.178815 ms - Host latency: 0.178815 ms (enqueue 0.104395 ms)
[02/27/2026-11:10:59] [I] Average on 10 runs - GPU latency: 0.179132 ms - Host latency: 0.179132 ms (enqueue 0.100366 ms)
[02/27/2026-11:10:59] [I] Average on 10 runs - GPU latency: 0.179083 ms - Host latency: 0.179083 ms (enqueue 0.101678 ms)
[02/27/2026-11:10:59] [I] Average on 10 runs - GPU latency: 0.180554 ms - Host latency: 0.180554 ms (enqueue 0.101801 ms)
[02/27/2026-11:10:59] [I] Average on 10 runs - GPU latency: 0.180719 ms - Host latency: 0.180719 ms (enqueue 0.0998291 ms)
[02/27/2026-11:10:59] [I] Average on 10 runs - GPU latency: 0.179675 ms - Host latency: 0.179675 ms (enqueue 0.101764 ms)
[02/27/2026-11:10:59] [I] Average on 10 runs - GPU latency: 0.17981 ms - Host latency: 0.17981 ms (enqueue 0.0987427 ms)
[02/27/2026-11:10:59] [I] Average on 10 runs - GPU latency: 0.179877 ms - Host latency: 0.179877 ms (enqueue 0.0987854 ms)
[02/27/2026-11:10:59] [I] Average on 10 runs - GPU latency: 0.179449 ms - Host latency: 0.179449 ms (enqueue 0.0990234 ms)
[02/27/2026-11:10:59] [I] Average on 10 runs - GPU latency: 0.180188 ms - Host latency: 0.180188 ms (enqueue 0.101074 ms)
[02/27/2026-11:10:59] [I] Average on 10 runs - GPU latency: 0.179626 ms - Host latency: 0.179626 ms (enqueue 0.102277 ms)
[02/27/2026-11:10:59] [I] Average on 10 runs - GPU latency: 0.179724 ms - Host latency: 0.179724 ms (enqueue 0.10321 ms)
[02/27/2026-11:10:59] [I] Average on 10 runs - GPU latency: 0.179443 ms - Host latency: 0.179443 ms (enqueue 0.103967 ms)
[02/27/2026-11:10:59] [I] Average on 10 runs - GPU latency: 0.179358 ms - Host latency: 0.179358 ms (enqueue 0.101929 ms)
[02/27/2026-11:10:59] [I] Average on 10 runs - GPU latency: 0.179712 ms - Host latency: 0.179712 ms (enqueue 0.100452 ms)
[02/27/2026-11:10:59] [I] Average on 10 runs - GPU latency: 0.178381 ms - Host latency: 0.178381 ms (enqueue 0.102905 ms)
[02/27/2026-11:10:59] [I] Average on 10 runs - GPU latency: 0.178955 ms - Host latency: 0.178955 ms (enqueue 0.100232 ms)
[02/27/2026-11:10:59] [I] Average on 10 runs - GPU latency: 0.17998 ms - Host latency: 0.17998 ms (enqueue 0.10188 ms)
[02/27/2026-11:10:59] [I] Average on 10 runs - GPU latency: 0.179626 ms - Host latency: 0.179626 ms (enqueue 0.100659 ms)
[02/27/2026-11:10:59] [I] Average on 10 runs - GPU latency: 0.180042 ms - Host latency: 0.180042 ms (enqueue 0.100598 ms)
[02/27/2026-11:10:59] [I] Average on 10 runs - GPU latency: 0.179724 ms - Host latency: 0.179724 ms (enqueue 0.101746 ms)
[02/27/2026-11:10:59] [I] Average on 10 runs - GPU latency: 0.179895 ms - Host latency: 0.179895 ms (enqueue 0.101392 ms)
[02/27/2026-11:10:59] [I] Average on 10 runs - GPU latency: 0.179504 ms - Host latency: 0.179504 ms (enqueue 0.0992187 ms)
[02/27/2026-11:10:59] [I] Average on 10 runs - GPU latency: 0.180273 ms - Host latency: 0.180273 ms (enqueue 0.102356 ms)
[02/27/2026-11:10:59] [I] Average on 10 runs - GPU latency: 0.179907 ms - Host latency: 0.179907 ms (enqueue 0.102649 ms)
[02/27/2026-11:10:59] [I] Average on 10 runs - GPU latency: 0.179138 ms - Host latency: 0.179138 ms (enqueue 0.101514 ms)
[02/27/2026-11:10:59] [I] Average on 10 runs - GPU latency: 0.178967 ms - Host latency: 0.178967 ms (enqueue 0.100964 ms)
[02/27/2026-11:10:59] [I] Average on 10 runs - GPU latency: 0.179297 ms - Host latency: 0.179297 ms (enqueue 0.102942 ms)
[02/27/2026-11:10:59] [I] Average on 10 runs - GPU latency: 0.179614 ms - Host latency: 0.179614 ms (enqueue 0.102844 ms)
[02/27/2026-11:10:59] [I] Average on 10 runs - GPU latency: 0.178894 ms - Host latency: 0.178894 ms (enqueue 0.102405 ms)
[02/27/2026-11:10:59] [I] Average on 10 runs - GPU latency: 0.178711 ms - Host latency: 0.178711 ms (enqueue 0.108167 ms)
[02/27/2026-11:10:59] [I] Average on 10 runs - GPU latency: 0.1776 ms - Host latency: 0.1776 ms (enqueue 0.10553 ms)
[02/27/2026-11:10:59] [I] Average on 10 runs - GPU latency: 0.177771 ms - Host latency: 0.177771 ms (enqueue 0.10957 ms)
[02/27/2026-11:10:59] [I] Average on 10 runs - GPU latency: 0.178345 ms - Host latency: 0.178345 ms (enqueue 0.103943 ms)
[02/27/2026-11:10:59] [I] Average on 10 runs - GPU latency: 0.178125 ms - Host latency: 0.178125 ms (enqueue 0.105579 ms)
[02/27/2026-11:10:59] [I] Average on 10 runs - GPU latency: 0.179041 ms - Host latency: 0.179041 ms (enqueue 0.101953 ms)
[02/27/2026-11:10:59] [I] Average on 10 runs - GPU latency: 0.178955 ms - Host latency: 0.178955 ms (enqueue 0.104285 ms)
[02/27/2026-11:10:59] [I] Average on 10 runs - GPU latency: 0.178113 ms - Host latency: 0.178113 ms (enqueue 0.104138 ms)
[02/27/2026-11:10:59] [I] Average on 10 runs - GPU latency: 0.179138 ms - Host latency: 0.179138 ms (enqueue 0.10354 ms)
[02/27/2026-11:10:59] [I] Average on 10 runs - GPU latency: 0.179407 ms - Host latency: 0.179407 ms (enqueue 0.0991577 ms)
[02/27/2026-11:10:59] [I] Average on 10 runs - GPU latency: 0.17998 ms - Host latency: 0.17998 ms (enqueue 0.104492 ms)
[02/27/2026-11:10:59] [I] Average on 10 runs - GPU latency: 0.179663 ms - Host latency: 0.179663 ms (enqueue 0.100977 ms)
[02/27/2026-11:10:59] [I] Average on 10 runs - GPU latency: 0.178296 ms - Host latency: 0.178296 ms (enqueue 0.10293 ms)
[02/27/2026-11:10:59] [I] Average on 10 runs - GPU latency: 0.179492 ms - Host latency: 0.179492 ms (enqueue 0.10033 ms)
[02/27/2026-11:10:59] [I] Average on 10 runs - GPU latency: 0.178918 ms - Host latency: 0.178918 ms (enqueue 0.100842 ms)
[02/27/2026-11:10:59] [I] Average on 10 runs - GPU latency: 0.177905 ms - Host latency: 0.177905 ms (enqueue 0.108606 ms)
[02/27/2026-11:10:59] [I] Average on 10 runs - GPU latency: 0.179163 ms - Host latency: 0.179163 ms (enqueue 0.101855 ms)
[02/27/2026-11:10:59] [I] Average on 10 runs - GPU latency: 0.178687 ms - Host latency: 0.178687 ms (enqueue 0.104272 ms)
[02/27/2026-11:10:59] [I] Average on 10 runs - GPU latency: 0.179919 ms - Host latency: 0.179919 ms (enqueue 0.103711 ms)
[02/27/2026-11:10:59] [I] Average on 10 runs - GPU latency: 0.179797 ms - Host latency: 0.179797 ms (enqueue 0.109863 ms)
[02/27/2026-11:10:59] [I] Average on 10 runs - GPU latency: 0.177917 ms - Host latency: 0.177917 ms (enqueue 0.113293 ms)
[02/27/2026-11:10:59] [I] Average on 10 runs - GPU latency: 0.17843 ms - Host latency: 0.17843 ms (enqueue 0.103259 ms)
[02/27/2026-11:10:59] [I] Average on 10 runs - GPU latency: 0.179431 ms - Host latency: 0.179431 ms (enqueue 0.101917 ms)
[02/27/2026-11:10:59] [I] Average on 10 runs - GPU latency: 0.178394 ms - Host latency: 0.178394 ms (enqueue 0.104529 ms)
[02/27/2026-11:10:59] [I] Average on 10 runs - GPU latency: 0.178943 ms - Host latency: 0.178943 ms (enqueue 0.107947 ms)
[02/27/2026-11:10:59] [I] Average on 10 runs - GPU latency: 0.178052 ms - Host latency: 0.178052 ms (enqueue 0.110632 ms)
[02/27/2026-11:10:59] [I] Average on 10 runs - GPU latency: 0.180542 ms - Host latency: 0.180542 ms (enqueue 0.104834 ms)
[02/27/2026-11:10:59] [I] Average on 10 runs - GPU latency: 0.180005 ms - Host latency: 0.180005 ms (enqueue 0.0999756 ms)
[02/27/2026-11:10:59] [I] Average on 10 runs - GPU latency: 0.179321 ms - Host latency: 0.179321 ms (enqueue 0.102356 ms)
[02/27/2026-11:10:59] [I] Average on 10 runs - GPU latency: 0.179675 ms - Host latency: 0.179675 ms (enqueue 0.100342 ms)
[02/27/2026-11:10:59] [I] Average on 10 runs - GPU latency: 0.178418 ms - Host latency: 0.178418 ms (enqueue 0.0991455 ms)
[02/27/2026-11:10:59] [I] Average on 10 runs - GPU latency: 0.179907 ms - Host latency: 0.179907 ms (enqueue 0.10094 ms)
[02/27/2026-11:10:59] [I] Average on 10 runs - GPU latency: 0.178406 ms - Host latency: 0.178406 ms (enqueue 0.101428 ms)
[02/27/2026-11:10:59] [I] Average on 10 runs - GPU latency: 0.17959 ms - Host latency: 0.17959 ms (enqueue 0.0968628 ms)
[02/27/2026-11:10:59] [I] Average on 10 runs - GPU latency: 0.179822 ms - Host latency: 0.179822 ms (enqueue 0.0967041 ms)
[02/27/2026-11:10:59] [I] Average on 10 runs - GPU latency: 0.178491 ms - Host latency: 0.178491 ms (enqueue 0.100061 ms)
[02/27/2026-11:10:59] [I] Average on 10 runs - GPU latency: 0.179468 ms - Host latency: 0.179468 ms (enqueue 0.101953 ms)
[02/27/2026-11:10:59] [I] Average on 10 runs - GPU latency: 0.180579 ms - Host latency: 0.180579 ms (enqueue 0.0994263 ms)
[02/27/2026-11:10:59] [I] Average on 10 runs - GPU latency: 0.18064 ms - Host latency: 0.18064 ms (enqueue 0.0998657 ms)
[02/27/2026-11:10:59] [I] Average on 10 runs - GPU latency: 0.179822 ms - Host latency: 0.179822 ms (enqueue 0.0996704 ms)
[02/27/2026-11:10:59] [I] Average on 10 runs - GPU latency: 0.179309 ms - Host latency: 0.179309 ms (enqueue 0.0982788 ms)
[02/27/2026-11:10:59] [I] Average on 10 runs - GPU latency: 0.179395 ms - Host latency: 0.179395 ms (enqueue 0.0983276 ms)
[02/27/2026-11:10:59] [I] Average on 10 runs - GPU latency: 0.178796 ms - Host latency: 0.178796 ms (enqueue 0.0999023 ms)
[02/27/2026-11:10:59] [I] Average on 10 runs - GPU latency: 0.178735 ms - Host latency: 0.178735 ms (enqueue 0.101099 ms)
[02/27/2026-11:10:59] [I] Average on 10 runs - GPU latency: 0.180103 ms - Host latency: 0.180103 ms (enqueue 0.104236 ms)
[02/27/2026-11:10:59] [I] Average on 10 runs - GPU latency: 0.178442 ms - Host latency: 0.178442 ms (enqueue 0.103564 ms)
[02/27/2026-11:10:59] [I] Average on 10 runs - GPU latency: 0.179004 ms - Host latency: 0.179004 ms (enqueue 0.102673 ms)
[02/27/2026-11:10:59] [I] Average on 10 runs - GPU latency: 0.179382 ms - Host latency: 0.179382 ms (enqueue 0.10343 ms)
[02/27/2026-11:10:59] [I] Average on 10 runs - GPU latency: 0.180237 ms - Host latency: 0.180237 ms (enqueue 0.10752 ms)
[02/27/2026-11:10:59] [I] Average on 10 runs - GPU latency: 0.178552 ms - Host latency: 0.178552 ms (enqueue 0.10658 ms)
[02/27/2026-11:10:59] [I] Average on 10 runs - GPU latency: 0.178687 ms - Host latency: 0.178687 ms (enqueue 0.103821 ms)
[02/27/2026-11:10:59] [I] Average on 10 runs - GPU latency: 0.178198 ms - Host latency: 0.178198 ms (enqueue 0.103796 ms)
[02/27/2026-11:10:59] [I] Average on 10 runs - GPU latency: 0.180188 ms - Host latency: 0.180188 ms (enqueue 0.0968628 ms)
[02/27/2026-11:10:59] [I] Average on 10 runs - GPU latency: 0.17959 ms - Host latency: 0.17959 ms (enqueue 0.101367 ms)
[02/27/2026-11:10:59] [I] Average on 10 runs - GPU latency: 0.179541 ms - Host latency: 0.179541 ms (enqueue 0.0971436 ms)
[02/27/2026-11:10:59] [I] Average on 10 runs - GPU latency: 0.178638 ms - Host latency: 0.178638 ms (enqueue 0.0987305 ms)
[02/27/2026-11:10:59] [I] Average on 10 runs - GPU latency: 0.178406 ms - Host latency: 0.178406 ms (enqueue 0.0987793 ms)
[02/27/2026-11:10:59] [I] Average on 10 runs - GPU latency: 0.178662 ms - Host latency: 0.178662 ms (enqueue 0.105225 ms)
[02/27/2026-11:10:59] [I] Average on 10 runs - GPU latency: 0.179175 ms - Host latency: 0.179175 ms (enqueue 0.0984253 ms)
[02/27/2026-11:10:59] [I] Average on 10 runs - GPU latency: 0.179517 ms - Host latency: 0.179517 ms (enqueue 0.0985718 ms)
[02/27/2026-11:10:59] [I] Average on 10 runs - GPU latency: 0.179004 ms - Host latency: 0.179004 ms (enqueue 0.100012 ms)
[02/27/2026-11:10:59] [I] Average on 10 runs - GPU latency: 0.178125 ms - Host latency: 0.178125 ms (enqueue 0.098291 ms)
[02/27/2026-11:10:59] [I] Average on 10 runs - GPU latency: 0.179199 ms - Host latency: 0.179199 ms (enqueue 0.0992676 ms)
[02/27/2026-11:10:59] [I] Average on 10 runs - GPU latency: 0.178064 ms - Host latency: 0.178064 ms (enqueue 0.105566 ms)
[02/27/2026-11:10:59] [I] Average on 10 runs - GPU latency: 0.178687 ms - Host latency: 0.178687 ms (enqueue 0.102051 ms)
[02/27/2026-11:10:59] [I] Average on 10 runs - GPU latency: 0.177954 ms - Host latency: 0.177954 ms (enqueue 0.101697 ms)
[02/27/2026-11:10:59] [I] Average on 10 runs - GPU latency: 0.177332 ms - Host latency: 0.177332 ms (enqueue 0.106946 ms)
[02/27/2026-11:10:59] [I] Average on 10 runs - GPU latency: 0.178308 ms - Host latency: 0.178308 ms (enqueue 0.103186 ms)
[02/27/2026-11:10:59] [I] Average on 10 runs - GPU latency: 0.178992 ms - Host latency: 0.178992 ms (enqueue 0.103809 ms)
[02/27/2026-11:10:59] [I] Average on 10 runs - GPU latency: 0.178442 ms - Host latency: 0.178442 ms (enqueue 0.101331 ms)
[02/27/2026-11:10:59] [I] Average on 10 runs - GPU latency: 0.177588 ms - Host latency: 0.177588 ms (enqueue 0.10603 ms)
[02/27/2026-11:10:59] [I] Average on 10 runs - GPU latency: 0.179102 ms - Host latency: 0.179102 ms (enqueue 0.101135 ms)
[02/27/2026-11:10:59] [I] Average on 10 runs - GPU latency: 0.179126 ms - Host latency: 0.179126 ms (enqueue 0.104077 ms)
[02/27/2026-11:10:59] [I] Average on 10 runs - GPU latency: 0.179468 ms - Host latency: 0.179468 ms (enqueue 0.100757 ms)
[02/27/2026-11:10:59] [I] Average on 10 runs - GPU latency: 0.179492 ms - Host latency: 0.179492 ms (enqueue 0.0969238 ms)
[02/27/2026-11:10:59] [I] Average on 10 runs - GPU latency: 0.178601 ms - Host latency: 0.178601 ms (enqueue 0.0991699 ms)
[02/27/2026-11:10:59] [I] Average on 10 runs - GPU latency: 0.177869 ms - Host latency: 0.177869 ms (enqueue 0.10647 ms)
[02/27/2026-11:10:59] [I] Average on 10 runs - GPU latency: 0.177173 ms - Host latency: 0.177173 ms (enqueue 0.109949 ms)
[02/27/2026-11:10:59] [I] Average on 10 runs - GPU latency: 0.178943 ms - Host latency: 0.178943 ms (enqueue 0.100598 ms)
[02/27/2026-11:10:59] [I] Average on 10 runs - GPU latency: 0.178455 ms - Host latency: 0.178455 ms (enqueue 0.104687 ms)
[02/27/2026-11:10:59] [I] Average on 10 runs - GPU latency: 0.179651 ms - Host latency: 0.179651 ms (enqueue 0.0973511 ms)
[02/27/2026-11:10:59] [I] Average on 10 runs - GPU latency: 0.179248 ms - Host latency: 0.179248 ms (enqueue 0.098584 ms)
[02/27/2026-11:10:59] [I] Average on 10 runs - GPU latency: 0.179297 ms - Host latency: 0.179297 ms (enqueue 0.0989258 ms)
[02/27/2026-11:10:59] [I] Average on 10 runs - GPU latency: 0.179834 ms - Host latency: 0.179834 ms (enqueue 0.0963989 ms)
[02/27/2026-11:10:59] [I] Average on 10 runs - GPU latency: 0.178345 ms - Host latency: 0.178345 ms (enqueue 0.102136 ms)
[02/27/2026-11:10:59] [I] Average on 10 runs - GPU latency: 0.178418 ms - Host latency: 0.178418 ms (enqueue 0.102039 ms)
[02/27/2026-11:10:59] [I] Average on 10 runs - GPU latency: 0.179126 ms - Host latency: 0.179126 ms (enqueue 0.102271 ms)
[02/27/2026-11:10:59] [I] Average on 10 runs - GPU latency: 0.179932 ms - Host latency: 0.179932 ms (enqueue 0.101672 ms)
[02/27/2026-11:10:59] [I] Average on 10 runs - GPU latency: 0.179468 ms - Host latency: 0.179468 ms (enqueue 0.101685 ms)
[02/27/2026-11:10:59] [I] Average on 10 runs - GPU latency: 0.178223 ms - Host latency: 0.178223 ms (enqueue 0.10343 ms)
[02/27/2026-11:10:59] [I] Average on 10 runs - GPU latency: 0.179541 ms - Host latency: 0.179541 ms (enqueue 0.0998169 ms)
[02/27/2026-11:10:59] [I] Average on 10 runs - GPU latency: 0.178772 ms - Host latency: 0.178772 ms (enqueue 0.101855 ms)
[02/27/2026-11:10:59] [I] Average on 10 runs - GPU latency: 0.178821 ms - Host latency: 0.178821 ms (enqueue 0.103284 ms)
[02/27/2026-11:10:59] [I] Average on 10 runs - GPU latency: 0.177454 ms - Host latency: 0.177454 ms (enqueue 0.109009 ms)
[02/27/2026-11:10:59] [I] Average on 10 runs - GPU latency: 0.178662 ms - Host latency: 0.178662 ms (enqueue 0.105688 ms)
[02/27/2026-11:10:59] [I] Average on 10 runs - GPU latency: 0.178198 ms - Host latency: 0.178198 ms (enqueue 0.105701 ms)
[02/27/2026-11:10:59] [I] Average on 10 runs - GPU latency: 0.179065 ms - Host latency: 0.179065 ms (enqueue 0.104089 ms)
[02/27/2026-11:10:59] [I] Average on 10 runs - GPU latency: 0.178857 ms - Host latency: 0.178857 ms (enqueue 0.106177 ms)
[02/27/2026-11:10:59] [I] Average on 10 runs - GPU latency: 0.178296 ms - Host latency: 0.178296 ms (enqueue 0.104541 ms)
[02/27/2026-11:10:59] [I] Average on 10 runs - GPU latency: 0.178613 ms - Host latency: 0.178613 ms (enqueue 0.105273 ms)
[02/27/2026-11:10:59] [I] Average on 10 runs - GPU latency: 0.179321 ms - Host latency: 0.179321 ms (enqueue 0.100476 ms)
[02/27/2026-11:10:59] [I] Average on 10 runs - GPU latency: 0.179712 ms - Host latency: 0.179712 ms (enqueue 0.10144 ms)
[02/27/2026-11:10:59] [I] Average on 10 runs - GPU latency: 0.179297 ms - Host latency: 0.179297 ms (enqueue 0.102258 ms)
[02/27/2026-11:10:59] [I] Average on 10 runs - GPU latency: 0.178442 ms - Host latency: 0.178442 ms (enqueue 0.0995728 ms)
[02/27/2026-11:10:59] [I] Average on 10 runs - GPU latency: 0.178333 ms - Host latency: 0.178333 ms (enqueue 0.103394 ms)
[02/27/2026-11:10:59] [I] Average on 10 runs - GPU latency: 0.178711 ms - Host latency: 0.178711 ms (enqueue 0.104504 ms)
[02/27/2026-11:10:59] [I] Average on 10 runs - GPU latency: 0.178394 ms - Host latency: 0.178394 ms (enqueue 0.105811 ms)
[02/27/2026-11:10:59] [I] Average on 10 runs - GPU latency: 0.177734 ms - Host latency: 0.177734 ms (enqueue 0.102051 ms)
[02/27/2026-11:10:59] [I] Average on 10 runs - GPU latency: 0.179517 ms - Host latency: 0.179517 ms (enqueue 0.100061 ms)
[02/27/2026-11:10:59] [I] Average on 10 runs - GPU latency: 0.178418 ms - Host latency: 0.178418 ms (enqueue 0.103455 ms)
[02/27/2026-11:10:59] [I] Average on 10 runs - GPU latency: 0.179163 ms - Host latency: 0.179163 ms (enqueue 0.105933 ms)
[02/27/2026-11:10:59] [I] Average on 10 runs - GPU latency: 0.179211 ms - Host latency: 0.179211 ms (enqueue 0.105798 ms)
[02/27/2026-11:10:59] [I] Average on 10 runs - GPU latency: 0.179016 ms - Host latency: 0.179016 ms (enqueue 0.110461 ms)
[02/27/2026-11:10:59] [I] Average on 10 runs - GPU latency: 0.178223 ms - Host latency: 0.178223 ms (enqueue 0.10769 ms)
[02/27/2026-11:10:59] [I] Average on 10 runs - GPU latency: 0.178674 ms - Host latency: 0.178674 ms (enqueue 0.104041 ms)
[02/27/2026-11:10:59] [I] Average on 10 runs - GPU latency: 0.180151 ms - Host latency: 0.180151 ms (enqueue 0.101025 ms)
[02/27/2026-11:10:59] [I] Average on 10 runs - GPU latency: 0.180103 ms - Host latency: 0.180103 ms (enqueue 0.103076 ms)
[02/27/2026-11:10:59] [I] Average on 10 runs - GPU latency: 0.178027 ms - Host latency: 0.178027 ms (enqueue 0.106177 ms)
[02/27/2026-11:10:59] [I] Average on 10 runs - GPU latency: 0.17793 ms - Host latency: 0.17793 ms (enqueue 0.103748 ms)
[02/27/2026-11:10:59] [I] Average on 10 runs - GPU latency: 0.178992 ms - Host latency: 0.178992 ms (enqueue 0.103101 ms)
[02/27/2026-11:10:59] [I] Average on 10 runs - GPU latency: 0.179175 ms - Host latency: 0.179175 ms (enqueue 0.103955 ms)
[02/27/2026-11:10:59] [I] Average on 10 runs - GPU latency: 0.179541 ms - Host latency: 0.179541 ms (enqueue 0.102563 ms)
[02/27/2026-11:10:59] [I] Average on 10 runs - GPU latency: 0.178162 ms - Host latency: 0.178162 ms (enqueue 0.106787 ms)
[02/27/2026-11:10:59] [I] Average on 10 runs - GPU latency: 0.178638 ms - Host latency: 0.178638 ms (enqueue 0.104004 ms)
[02/27/2026-11:10:59] [I] Average on 10 runs - GPU latency: 0.178711 ms - Host latency: 0.178711 ms (enqueue 0.10343 ms)
[02/27/2026-11:10:59] [I] Average on 10 runs - GPU latency: 0.18031 ms - Host latency: 0.18031 ms (enqueue 0.101721 ms)
[02/27/2026-11:10:59] [I] Average on 10 runs - GPU latency: 0.178906 ms - Host latency: 0.178906 ms (enqueue 0.106226 ms)
[02/27/2026-11:10:59] [I] Average on 10 runs - GPU latency: 0.179089 ms - Host latency: 0.179089 ms (enqueue 0.103674 ms)
[02/27/2026-11:10:59] [I] Average on 10 runs - GPU latency: 0.179517 ms - Host latency: 0.179517 ms (enqueue 0.104565 ms)
[02/27/2026-11:10:59] [I] Average on 10 runs - GPU latency: 0.178833 ms - Host latency: 0.178833 ms (enqueue 0.105151 ms)
[02/27/2026-11:10:59] [I] Average on 10 runs - GPU latency: 0.179871 ms - Host latency: 0.179871 ms (enqueue 0.102087 ms)
[02/27/2026-11:10:59] [I] Average on 10 runs - GPU latency: 0.17843 ms - Host latency: 0.17843 ms (enqueue 0.105066 ms)
[02/27/2026-11:10:59] [I] Average on 10 runs - GPU latency: 0.179919 ms - Host latency: 0.179919 ms (enqueue 0.101819 ms)
[02/27/2026-11:10:59] [I] Average on 10 runs - GPU latency: 0.179175 ms - Host latency: 0.179175 ms (enqueue 0.101379 ms)
[02/27/2026-11:10:59] [I] Average on 10 runs - GPU latency: 0.179712 ms - Host latency: 0.179712 ms (enqueue 0.0992554 ms)
[02/27/2026-11:10:59] [I] Average on 10 runs - GPU latency: 0.179065 ms - Host latency: 0.179065 ms (enqueue 0.101929 ms)
[02/27/2026-11:10:59] [I] Average on 10 runs - GPU latency: 0.179321 ms - Host latency: 0.179321 ms (enqueue 0.101172 ms)
[02/27/2026-11:10:59] [I] Average on 10 runs - GPU latency: 0.179041 ms - Host latency: 0.179041 ms (enqueue 0.0994751 ms)
[02/27/2026-11:10:59] [I] Average on 10 runs - GPU latency: 0.17887 ms - Host latency: 0.17887 ms (enqueue 0.104626 ms)
[02/27/2026-11:10:59] [I] Average on 10 runs - GPU latency: 0.178394 ms - Host latency: 0.178394 ms (enqueue 0.103882 ms)
[02/27/2026-11:10:59] [I] Average on 10 runs - GPU latency: 0.179431 ms - Host latency: 0.179431 ms (enqueue 0.104248 ms)
[02/27/2026-11:10:59] [I] Average on 10 runs - GPU latency: 0.180151 ms - Host latency: 0.180151 ms (enqueue 0.106104 ms)
[02/27/2026-11:10:59] [I] Average on 10 runs - GPU latency: 0.180859 ms - Host latency: 0.180859 ms (enqueue 0.102087 ms)
[02/27/2026-11:10:59] [I] Average on 10 runs - GPU latency: 0.179199 ms - Host latency: 0.179199 ms (enqueue 0.103723 ms)
[02/27/2026-11:10:59] [I] Average on 10 runs - GPU latency: 0.179602 ms - Host latency: 0.179602 ms (enqueue 0.0982056 ms)
[02/27/2026-11:10:59] [I] Average on 10 runs - GPU latency: 0.17948 ms - Host latency: 0.17948 ms (enqueue 0.103125 ms)
[02/27/2026-11:10:59] [I] Average on 10 runs - GPU latency: 0.180176 ms - Host latency: 0.180176 ms (enqueue 0.102856 ms)
[02/27/2026-11:10:59] [I] Average on 10 runs - GPU latency: 0.178882 ms - Host latency: 0.178882 ms (enqueue 0.10376 ms)
[02/27/2026-11:10:59] [I] Average on 10 runs - GPU latency: 0.179907 ms - Host latency: 0.179907 ms (enqueue 0.100378 ms)
[02/27/2026-11:10:59] [I] Average on 10 runs - GPU latency: 0.179504 ms - Host latency: 0.179504 ms (enqueue 0.0979858 ms)
[02/27/2026-11:10:59] [I] Average on 10 runs - GPU latency: 0.178601 ms - Host latency: 0.178601 ms (enqueue 0.104993 ms)
[02/27/2026-11:10:59] [I] Average on 10 runs - GPU latency: 0.180237 ms - Host latency: 0.180237 ms (enqueue 0.101135 ms)
[02/27/2026-11:10:59] [I] Average on 10 runs - GPU latency: 0.17915 ms - Host latency: 0.17915 ms (enqueue 0.102869 ms)
[02/27/2026-11:10:59] [I] Average on 10 runs - GPU latency: 0.179114 ms - Host latency: 0.179114 ms (enqueue 0.105371 ms)
[02/27/2026-11:10:59] [I] Average on 10 runs - GPU latency: 0.178589 ms - Host latency: 0.178589 ms (enqueue 0.102832 ms)
[02/27/2026-11:10:59] [I] Average on 10 runs - GPU latency: 0.179626 ms - Host latency: 0.179626 ms (enqueue 0.103711 ms)
[02/27/2026-11:10:59] [I] Average on 10 runs - GPU latency: 0.178491 ms - Host latency: 0.178491 ms (enqueue 0.103186 ms)
[02/27/2026-11:10:59] [I] Average on 10 runs - GPU latency: 0.180603 ms - Host latency: 0.180603 ms (enqueue 0.103418 ms)
[02/27/2026-11:10:59] [I] Average on 10 runs - GPU latency: 0.177368 ms - Host latency: 0.177368 ms (enqueue 0.107043 ms)
[02/27/2026-11:10:59] [I] Average on 10 runs - GPU latency: 0.179175 ms - Host latency: 0.179175 ms (enqueue 0.104272 ms)
[02/27/2026-11:10:59] [I] Average on 10 runs - GPU latency: 0.176904 ms - Host latency: 0.176904 ms (enqueue 0.108655 ms)
[02/27/2026-11:10:59] [I] Average on 10 runs - GPU latency: 0.178601 ms - Host latency: 0.178601 ms (enqueue 0.105664 ms)
[02/27/2026-11:10:59] [I] Average on 10 runs - GPU latency: 0.17915 ms - Host latency: 0.17915 ms (enqueue 0.104333 ms)
[02/27/2026-11:10:59] [I] Average on 10 runs - GPU latency: 0.178418 ms - Host latency: 0.178418 ms (enqueue 0.105493 ms)
[02/27/2026-11:10:59] [I] Average on 10 runs - GPU latency: 0.179419 ms - Host latency: 0.179419 ms (enqueue 0.102185 ms)
[02/27/2026-11:10:59] [I] Average on 10 runs - GPU latency: 0.178857 ms - Host latency: 0.178857 ms (enqueue 0.104285 ms)
[02/27/2026-11:10:59] [I] Average on 10 runs - GPU latency: 0.179114 ms - Host latency: 0.179114 ms (enqueue 0.102783 ms)
[02/27/2026-11:10:59] [I] Average on 10 runs - GPU latency: 0.179163 ms - Host latency: 0.179163 ms (enqueue 0.100049 ms)
[02/27/2026-11:10:59] [I] Average on 10 runs - GPU latency: 0.179114 ms - Host latency: 0.179114 ms (enqueue 0.101123 ms)
[02/27/2026-11:10:59] [I] Average on 10 runs - GPU latency: 0.179712 ms - Host latency: 0.179712 ms (enqueue 0.106616 ms)
[02/27/2026-11:10:59] [I] Average on 10 runs - GPU latency: 0.178748 ms - Host latency: 0.178748 ms (enqueue 0.101233 ms)
[02/27/2026-11:10:59] [I] Average on 10 runs - GPU latency: 0.180371 ms - Host latency: 0.180371 ms (enqueue 0.100891 ms)
[02/27/2026-11:10:59] [I] Average on 10 runs - GPU latency: 0.178333 ms - Host latency: 0.178333 ms (enqueue 0.105151 ms)
[02/27/2026-11:10:59] [I] Average on 10 runs - GPU latency: 0.179492 ms - Host latency: 0.179492 ms (enqueue 0.102527 ms)
[02/27/2026-11:10:59] [I] Average on 10 runs - GPU latency: 0.179675 ms - Host latency: 0.179675 ms (enqueue 0.102979 ms)
[02/27/2026-11:10:59] [I] Average on 10 runs - GPU latency: 0.178333 ms - Host latency: 0.178333 ms (enqueue 0.105969 ms)
[02/27/2026-11:10:59] [I] Average on 10 runs - GPU latency: 0.178516 ms - Host latency: 0.178516 ms (enqueue 0.10509 ms)
[02/27/2026-11:10:59] [I] Average on 10 runs - GPU latency: 0.179944 ms - Host latency: 0.179944 ms (enqueue 0.104285 ms)
[02/27/2026-11:10:59] [I] Average on 10 runs - GPU latency: 0.179724 ms - Host latency: 0.179724 ms (enqueue 0.104395 ms)
[02/27/2026-11:10:59] [I] Average on 10 runs - GPU latency: 0.179395 ms - Host latency: 0.179395 ms (enqueue 0.102246 ms)
[02/27/2026-11:10:59] [I] Average on 10 runs - GPU latency: 0.179248 ms - Host latency: 0.179248 ms (enqueue 0.102625 ms)
[02/27/2026-11:10:59] [I] Average on 10 runs - GPU latency: 0.179297 ms - Host latency: 0.179297 ms (enqueue 0.106116 ms)
[02/27/2026-11:10:59] [I] Average on 10 runs - GPU latency: 0.179602 ms - Host latency: 0.179602 ms (enqueue 0.102478 ms)
[02/27/2026-11:10:59] [I] Average on 10 runs - GPU latency: 0.179053 ms - Host latency: 0.179053 ms (enqueue 0.106848 ms)
[02/27/2026-11:10:59] [I] Average on 10 runs - GPU latency: 0.179749 ms - Host latency: 0.179749 ms (enqueue 0.101465 ms)
[02/27/2026-11:10:59] [I] Average on 10 runs - GPU latency: 0.17948 ms - Host latency: 0.17948 ms (enqueue 0.103186 ms)
[02/27/2026-11:10:59] [I] Average on 10 runs - GPU latency: 0.179883 ms - Host latency: 0.179883 ms (enqueue 0.100537 ms)
[02/27/2026-11:10:59] [I] Average on 10 runs - GPU latency: 0.178918 ms - Host latency: 0.178918 ms (enqueue 0.10531 ms)
[02/27/2026-11:10:59] [I] Average on 10 runs - GPU latency: 0.179919 ms - Host latency: 0.179919 ms (enqueue 0.10155 ms)
[02/27/2026-11:10:59] [I] Average on 10 runs - GPU latency: 0.17821 ms - Host latency: 0.17821 ms (enqueue 0.101062 ms)
[02/27/2026-11:10:59] [I] Average on 10 runs - GPU latency: 0.179907 ms - Host latency: 0.179907 ms (enqueue 0.105396 ms)
[02/27/2026-11:10:59] [I] Average on 10 runs - GPU latency: 0.179785 ms - Host latency: 0.179785 ms (enqueue 0.103345 ms)
[02/27/2026-11:10:59] [I] Average on 10 runs - GPU latency: 0.179224 ms - Host latency: 0.179224 ms (enqueue 0.102551 ms)
[02/27/2026-11:10:59] [I] Average on 10 runs - GPU latency: 0.179907 ms - Host latency: 0.179907 ms (enqueue 0.105261 ms)
[02/27/2026-11:10:59] [I] Average on 10 runs - GPU latency: 0.178076 ms - Host latency: 0.178076 ms (enqueue 0.10249 ms)
[02/27/2026-11:10:59] [I] Average on 10 runs - GPU latency: 0.179468 ms - Host latency: 0.179468 ms (enqueue 0.0978882 ms)
[02/27/2026-11:10:59] [I] Average on 10 runs - GPU latency: 0.178809 ms - Host latency: 0.178809 ms (enqueue 0.102344 ms)
[02/27/2026-11:10:59] [I] Average on 10 runs - GPU latency: 0.179053 ms - Host latency: 0.179053 ms (enqueue 0.101538 ms)
[02/27/2026-11:10:59] [I] Average on 10 runs - GPU latency: 0.179517 ms - Host latency: 0.179517 ms (enqueue 0.100574 ms)
[02/27/2026-11:10:59] [I] Average on 10 runs - GPU latency: 0.179224 ms - Host latency: 0.179224 ms (enqueue 0.102332 ms)
[02/27/2026-11:10:59] [I] Average on 10 runs - GPU latency: 0.180786 ms - Host latency: 0.180786 ms (enqueue 0.10448 ms)
[02/27/2026-11:10:59] [I] Average on 10 runs - GPU latency: 0.179028 ms - Host latency: 0.179028 ms (enqueue 0.104187 ms)
[02/27/2026-11:10:59] [I] Average on 10 runs - GPU latency: 0.180518 ms - Host latency: 0.180518 ms (enqueue 0.102063 ms)
[02/27/2026-11:10:59] [I] Average on 10 runs - GPU latency: 0.178308 ms - Host latency: 0.178308 ms (enqueue 0.102051 ms)
[02/27/2026-11:10:59] [I] Average on 10 runs - GPU latency: 0.18064 ms - Host latency: 0.18064 ms (enqueue 0.100183 ms)
[02/27/2026-11:10:59] [I] Average on 10 runs - GPU latency: 0.180029 ms - Host latency: 0.180029 ms (enqueue 0.0989502 ms)
[02/27/2026-11:10:59] [I] Average on 10 runs - GPU latency: 0.180237 ms - Host latency: 0.180237 ms (enqueue 0.0979004 ms)
[02/27/2026-11:10:59] [I] Average on 10 runs - GPU latency: 0.17926 ms - Host latency: 0.17926 ms (enqueue 0.100989 ms)
[02/27/2026-11:10:59] [I] Average on 10 runs - GPU latency: 0.178577 ms - Host latency: 0.178577 ms (enqueue 0.107617 ms)
[02/27/2026-11:10:59] [I] Average on 10 runs - GPU latency: 0.178455 ms - Host latency: 0.178455 ms (enqueue 0.105396 ms)
[02/27/2026-11:10:59] [I] Average on 10 runs - GPU latency: 0.179175 ms - Host latency: 0.179175 ms (enqueue 0.102197 ms)
[02/27/2026-11:10:59] [I] Average on 10 runs - GPU latency: 0.178613 ms - Host latency: 0.178613 ms (enqueue 0.103101 ms)
[02/27/2026-11:10:59] [I] Average on 10 runs - GPU latency: 0.17959 ms - Host latency: 0.17959 ms (enqueue 0.102527 ms)
[02/27/2026-11:10:59] [I] Average on 10 runs - GPU latency: 0.178345 ms - Host latency: 0.178345 ms (enqueue 0.103748 ms)
[02/27/2026-11:10:59] [I] Average on 10 runs - GPU latency: 0.180017 ms - Host latency: 0.180017 ms (enqueue 0.102795 ms)
[02/27/2026-11:10:59] [I] Average on 10 runs - GPU latency: 0.178821 ms - Host latency: 0.178821 ms (enqueue 0.104114 ms)
[02/27/2026-11:10:59] [I] Average on 10 runs - GPU latency: 0.179346 ms - Host latency: 0.179346 ms (enqueue 0.107288 ms)
[02/27/2026-11:10:59] [I] Average on 10 runs - GPU latency: 0.180139 ms - Host latency: 0.180139 ms (enqueue 0.0999023 ms)
[02/27/2026-11:10:59] [I] Average on 10 runs - GPU latency: 0.179102 ms - Host latency: 0.179102 ms (enqueue 0.101697 ms)
[02/27/2026-11:10:59] [I] Average on 10 runs - GPU latency: 0.179077 ms - Host latency: 0.179077 ms (enqueue 0.103027 ms)
[02/27/2026-11:10:59] [I] Average on 10 runs - GPU latency: 0.179492 ms - Host latency: 0.179492 ms (enqueue 0.102612 ms)
[02/27/2026-11:10:59] [I] Average on 10 runs - GPU latency: 0.179761 ms - Host latency: 0.179761 ms (enqueue 0.0989502 ms)
[02/27/2026-11:10:59] [I] Average on 10 runs - GPU latency: 0.178931 ms - Host latency: 0.178931 ms (enqueue 0.106018 ms)
[02/27/2026-11:10:59] [I] Average on 10 runs - GPU latency: 0.178955 ms - Host latency: 0.178955 ms (enqueue 0.100195 ms)
[02/27/2026-11:10:59] [I] Average on 10 runs - GPU latency: 0.18009 ms - Host latency: 0.18009 ms (enqueue 0.0962402 ms)
[02/27/2026-11:10:59] [I] Average on 10 runs - GPU latency: 0.179419 ms - Host latency: 0.179419 ms (enqueue 0.102966 ms)
[02/27/2026-11:10:59] [I] Average on 10 runs - GPU latency: 0.178247 ms - Host latency: 0.178247 ms (enqueue 0.100586 ms)
[02/27/2026-11:10:59] [I] Average on 10 runs - GPU latency: 0.178955 ms - Host latency: 0.178955 ms (enqueue 0.101221 ms)
[02/27/2026-11:10:59] [I] Average on 10 runs - GPU latency: 0.179858 ms - Host latency: 0.179858 ms (enqueue 0.0985962 ms)
[02/27/2026-11:10:59] [I] Average on 10 runs - GPU latency: 0.179016 ms - Host latency: 0.179016 ms (enqueue 0.0995728 ms)
[02/27/2026-11:10:59] [I] Average on 10 runs - GPU latency: 0.180078 ms - Host latency: 0.180078 ms (enqueue 0.0982056 ms)
[02/27/2026-11:10:59] [I] Average on 10 runs - GPU latency: 0.179346 ms - Host latency: 0.179346 ms (enqueue 0.0968872 ms)
[02/27/2026-11:10:59] [I] Average on 10 runs - GPU latency: 0.178992 ms - Host latency: 0.178992 ms (enqueue 0.0987793 ms)
[02/27/2026-11:10:59] [I] Average on 10 runs - GPU latency: 0.179504 ms - Host latency: 0.179504 ms (enqueue 0.099292 ms)
[02/27/2026-11:10:59] [I] Average on 10 runs - GPU latency: 0.179382 ms - Host latency: 0.179382 ms (enqueue 0.0990723 ms)
[02/27/2026-11:10:59] [I] Average on 10 runs - GPU latency: 0.181348 ms - Host latency: 0.181348 ms (enqueue 0.0984741 ms)
[02/27/2026-11:10:59] [I] Average on 10 runs - GPU latency: 0.178418 ms - Host latency: 0.178418 ms (enqueue 0.0992798 ms)
[02/27/2026-11:10:59] [I] Average on 10 runs - GPU latency: 0.179077 ms - Host latency: 0.179077 ms (enqueue 0.0972778 ms)
[02/27/2026-11:10:59] [I] Average on 10 runs - GPU latency: 0.178992 ms - Host latency: 0.178992 ms (enqueue 0.100708 ms)
[02/27/2026-11:10:59] [I] Average on 10 runs - GPU latency: 0.179919 ms - Host latency: 0.179919 ms (enqueue 0.0983643 ms)
[02/27/2026-11:10:59] [I] Average on 10 runs - GPU latency: 0.179602 ms - Host latency: 0.179602 ms (enqueue 0.097876 ms)
[02/27/2026-11:10:59] [I] Average on 10 runs - GPU latency: 0.180225 ms - Host latency: 0.180225 ms (enqueue 0.0998779 ms)
[02/27/2026-11:10:59] [I] Average on 10 runs - GPU latency: 0.179895 ms - Host latency: 0.179895 ms (enqueue 0.102722 ms)
[02/27/2026-11:10:59] [I] Average on 10 runs - GPU latency: 0.18053 ms - Host latency: 0.18053 ms (enqueue 0.102612 ms)
[02/27/2026-11:10:59] [I] Average on 10 runs - GPU latency: 0.178113 ms - Host latency: 0.178113 ms (enqueue 0.102417 ms)
[02/27/2026-11:10:59] [I] Average on 10 runs - GPU latency: 0.178772 ms - Host latency: 0.178772 ms (enqueue 0.10448 ms)
[02/27/2026-11:10:59] [I] Average on 10 runs - GPU latency: 0.178516 ms - Host latency: 0.178516 ms (enqueue 0.102734 ms)
[02/27/2026-11:10:59] [I] Average on 10 runs - GPU latency: 0.18031 ms - Host latency: 0.18031 ms (enqueue 0.102576 ms)
[02/27/2026-11:10:59] [I] Average on 10 runs - GPU latency: 0.179419 ms - Host latency: 0.179419 ms (enqueue 0.101062 ms)
[02/27/2026-11:10:59] [I] Average on 10 runs - GPU latency: 0.179504 ms - Host latency: 0.179504 ms (enqueue 0.101257 ms)
[02/27/2026-11:10:59] [I] Average on 10 runs - GPU latency: 0.178967 ms - Host latency: 0.178967 ms (enqueue 0.103125 ms)
[02/27/2026-11:10:59] [I] Average on 10 runs - GPU latency: 0.179382 ms - Host latency: 0.179382 ms (enqueue 0.101086 ms)
[02/27/2026-11:10:59] [I] Average on 10 runs - GPU latency: 0.18031 ms - Host latency: 0.18031 ms (enqueue 0.102295 ms)
[02/27/2026-11:10:59] [I] Average on 10 runs - GPU latency: 0.179712 ms - Host latency: 0.179712 ms (enqueue 0.0982544 ms)
[02/27/2026-11:10:59] [I] Average on 10 runs - GPU latency: 0.179456 ms - Host latency: 0.179456 ms (enqueue 0.104236 ms)
[02/27/2026-11:10:59] [I] Average on 10 runs - GPU latency: 0.180298 ms - Host latency: 0.180298 ms (enqueue 0.0982422 ms)
[02/27/2026-11:10:59] [I] Average on 10 runs - GPU latency: 0.179639 ms - Host latency: 0.179639 ms (enqueue 0.0973633 ms)
[02/27/2026-11:10:59] [I] Average on 10 runs - GPU latency: 0.178784 ms - Host latency: 0.178784 ms (enqueue 0.100513 ms)
[02/27/2026-11:10:59] [I] Average on 10 runs - GPU latency: 0.179602 ms - Host latency: 0.179602 ms (enqueue 0.0966553 ms)
[02/27/2026-11:10:59] [I] Average on 10 runs - GPU latency: 0.179236 ms - Host latency: 0.179236 ms (enqueue 0.10022 ms)
[02/27/2026-11:10:59] [I] Average on 10 runs - GPU latency: 0.178467 ms - Host latency: 0.178467 ms (enqueue 0.100586 ms)
[02/27/2026-11:10:59] [I] Average on 10 runs - GPU latency: 0.179346 ms - Host latency: 0.179346 ms (enqueue 0.109229 ms)
[02/27/2026-11:10:59] [I] Average on 10 runs - GPU latency: 0.177881 ms - Host latency: 0.177881 ms (enqueue 0.109253 ms)
[02/27/2026-11:10:59] [I] Average on 10 runs - GPU latency: 0.179187 ms - Host latency: 0.179187 ms (enqueue 0.108875 ms)
[02/27/2026-11:10:59] [I] Average on 10 runs - GPU latency: 0.179114 ms - Host latency: 0.179114 ms (enqueue 0.0994873 ms)
[02/27/2026-11:10:59] [I] Average on 10 runs - GPU latency: 0.179883 ms - Host latency: 0.179883 ms (enqueue 0.101331 ms)
[02/27/2026-11:10:59] [I] Average on 10 runs - GPU latency: 0.179163 ms - Host latency: 0.179163 ms (enqueue 0.103369 ms)
[02/27/2026-11:10:59] [I] Average on 10 runs - GPU latency: 0.179187 ms - Host latency: 0.179187 ms (enqueue 0.105518 ms)
[02/27/2026-11:10:59] [I] Average on 10 runs - GPU latency: 0.177551 ms - Host latency: 0.177551 ms (enqueue 0.106873 ms)
[02/27/2026-11:10:59] [I] Average on 10 runs - GPU latency: 0.179102 ms - Host latency: 0.179102 ms (enqueue 0.102112 ms)
[02/27/2026-11:10:59] [I] Average on 10 runs - GPU latency: 0.17876 ms - Host latency: 0.17876 ms (enqueue 0.0988525 ms)
[02/27/2026-11:10:59] [I] Average on 10 runs - GPU latency: 0.179175 ms - Host latency: 0.179175 ms (enqueue 0.101428 ms)
[02/27/2026-11:10:59] [I] Average on 10 runs - GPU latency: 0.178955 ms - Host latency: 0.178955 ms (enqueue 0.102393 ms)
[02/27/2026-11:10:59] [I] Average on 10 runs - GPU latency: 0.179578 ms - Host latency: 0.179578 ms (enqueue 0.0992798 ms)
[02/27/2026-11:10:59] [I] Average on 10 runs - GPU latency: 0.179736 ms - Host latency: 0.179736 ms (enqueue 0.0976318 ms)
[02/27/2026-11:10:59] [I] Average on 10 runs - GPU latency: 0.179529 ms - Host latency: 0.179529 ms (enqueue 0.101636 ms)
[02/27/2026-11:10:59] [I] Average on 10 runs - GPU latency: 0.179858 ms - Host latency: 0.179858 ms (enqueue 0.100146 ms)
[02/27/2026-11:10:59] [I] Average on 10 runs - GPU latency: 0.180042 ms - Host latency: 0.180042 ms (enqueue 0.0991333 ms)
[02/27/2026-11:10:59] [I] Average on 10 runs - GPU latency: 0.17959 ms - Host latency: 0.17959 ms (enqueue 0.0997314 ms)
[02/27/2026-11:10:59] [I] Average on 10 runs - GPU latency: 0.179431 ms - Host latency: 0.179431 ms (enqueue 0.102979 ms)
[02/27/2026-11:10:59] [I] Average on 10 runs - GPU latency: 0.179297 ms - Host latency: 0.179297 ms (enqueue 0.101843 ms)
[02/27/2026-11:10:59] [I] Average on 10 runs - GPU latency: 0.179724 ms - Host latency: 0.179724 ms (enqueue 0.100366 ms)
[02/27/2026-11:10:59] [I] Average on 10 runs - GPU latency: 0.179443 ms - Host latency: 0.179443 ms (enqueue 0.10072 ms)
[02/27/2026-11:10:59] [I] Average on 10 runs - GPU latency: 0.17876 ms - Host latency: 0.17876 ms (enqueue 0.0989868 ms)
[02/27/2026-11:10:59] [I] Average on 10 runs - GPU latency: 0.177417 ms - Host latency: 0.177417 ms (enqueue 0.102539 ms)
[02/27/2026-11:10:59] [I] Average on 10 runs - GPU latency: 0.178333 ms - Host latency: 0.178333 ms (enqueue 0.111682 ms)
[02/27/2026-11:10:59] [I] Average on 10 runs - GPU latency: 0.178003 ms - Host latency: 0.178003 ms (enqueue 0.103796 ms)
[02/27/2026-11:10:59] [I] Average on 10 runs - GPU latency: 0.179199 ms - Host latency: 0.179199 ms (enqueue 0.103479 ms)
[02/27/2026-11:10:59] [I] Average on 10 runs - GPU latency: 0.179626 ms - Host latency: 0.179626 ms (enqueue 0.103442 ms)
[02/27/2026-11:10:59] [I] Average on 10 runs - GPU latency: 0.179016 ms - Host latency: 0.179016 ms (enqueue 0.104358 ms)
[02/27/2026-11:10:59] [I] Average on 10 runs - GPU latency: 0.17854 ms - Host latency: 0.17854 ms (enqueue 0.103345 ms)
[02/27/2026-11:10:59] [I] Average on 10 runs - GPU latency: 0.178918 ms - Host latency: 0.178918 ms (enqueue 0.103589 ms)
[02/27/2026-11:10:59] [I] Average on 10 runs - GPU latency: 0.180774 ms - Host latency: 0.180774 ms (enqueue 0.101135 ms)
[02/27/2026-11:10:59] [I] Average on 10 runs - GPU latency: 0.180212 ms - Host latency: 0.180212 ms (enqueue 0.104041 ms)
[02/27/2026-11:10:59] [I] Average on 10 runs - GPU latency: 0.17876 ms - Host latency: 0.17876 ms (enqueue 0.100403 ms)
[02/27/2026-11:10:59] [I] Average on 10 runs - GPU latency: 0.177429 ms - Host latency: 0.177429 ms (enqueue 0.103967 ms)
[02/27/2026-11:10:59] [I] Average on 10 runs - GPU latency: 0.180066 ms - Host latency: 0.180066 ms (enqueue 0.105737 ms)
[02/27/2026-11:10:59] [I] Average on 10 runs - GPU latency: 0.180078 ms - Host latency: 0.180078 ms (enqueue 0.103149 ms)
[02/27/2026-11:10:59] [I] Average on 10 runs - GPU latency: 0.180994 ms - Host latency: 0.180994 ms (enqueue 0.103491 ms)
[02/27/2026-11:10:59] [I] Average on 10 runs - GPU latency: 0.179504 ms - Host latency: 0.179504 ms (enqueue 0.100537 ms)
[02/27/2026-11:10:59] [I] Average on 10 runs - GPU latency: 0.179443 ms - Host latency: 0.179443 ms (enqueue 0.102429 ms)
[02/27/2026-11:10:59] [I] Average on 10 runs - GPU latency: 0.179431 ms - Host latency: 0.179431 ms (enqueue 0.0982178 ms)
[02/27/2026-11:10:59] [I] Average on 10 runs - GPU latency: 0.179517 ms - Host latency: 0.179517 ms (enqueue 0.103857 ms)
[02/27/2026-11:10:59] [I] Average on 10 runs - GPU latency: 0.179797 ms - Host latency: 0.179797 ms (enqueue 0.10293 ms)
[02/27/2026-11:10:59] [I] Average on 10 runs - GPU latency: 0.178979 ms - Host latency: 0.178979 ms (enqueue 0.103503 ms)
[02/27/2026-11:10:59] [I] Average on 10 runs - GPU latency: 0.180383 ms - Host latency: 0.180383 ms (enqueue 0.101172 ms)
[02/27/2026-11:10:59] [I] Average on 10 runs - GPU latency: 0.180005 ms - Host latency: 0.180005 ms (enqueue 0.100317 ms)
[02/27/2026-11:10:59] [I] Average on 10 runs - GPU latency: 0.178467 ms - Host latency: 0.178467 ms (enqueue 0.104163 ms)
[02/27/2026-11:10:59] [I] Average on 10 runs - GPU latency: 0.179236 ms - Host latency: 0.179236 ms (enqueue 0.0988281 ms)
[02/27/2026-11:10:59] [I] Average on 10 runs - GPU latency: 0.179272 ms - Host latency: 0.179272 ms (enqueue 0.102832 ms)
[02/27/2026-11:10:59] [I] Average on 10 runs - GPU latency: 0.180322 ms - Host latency: 0.180322 ms (enqueue 0.102271 ms)
[02/27/2026-11:10:59] [I] Average on 10 runs - GPU latency: 0.179028 ms - Host latency: 0.179028 ms (enqueue 0.104028 ms)
[02/27/2026-11:10:59] [I] Average on 10 runs - GPU latency: 0.180786 ms - Host latency: 0.180786 ms (enqueue 0.0998535 ms)
[02/27/2026-11:10:59] [I] Average on 10 runs - GPU latency: 0.178528 ms - Host latency: 0.178528 ms (enqueue 0.103223 ms)
[02/27/2026-11:10:59] [I] Average on 10 runs - GPU latency: 0.179785 ms - Host latency: 0.179785 ms (enqueue 0.102356 ms)
[02/27/2026-11:10:59] [I] Average on 10 runs - GPU latency: 0.179358 ms - Host latency: 0.179358 ms (enqueue 0.10188 ms)
[02/27/2026-11:10:59] [I] Average on 10 runs - GPU latency: 0.18064 ms - Host latency: 0.18064 ms (enqueue 0.10072 ms)
[02/27/2026-11:10:59] [I] Average on 10 runs - GPU latency: 0.179675 ms - Host latency: 0.179675 ms (enqueue 0.100732 ms)
[02/27/2026-11:10:59] [I] Average on 10 runs - GPU latency: 0.179993 ms - Host latency: 0.179993 ms (enqueue 0.101868 ms)
[02/27/2026-11:10:59] [I] Average on 10 runs - GPU latency: 0.178174 ms - Host latency: 0.178174 ms (enqueue 0.105603 ms)
[02/27/2026-11:10:59] [I] Average on 10 runs - GPU latency: 0.179602 ms - Host latency: 0.179602 ms (enqueue 0.0976074 ms)
[02/27/2026-11:10:59] [I] Average on 10 runs - GPU latency: 0.179626 ms - Host latency: 0.179626 ms (enqueue 0.0987671 ms)
[02/27/2026-11:10:59] [I] Average on 10 runs - GPU latency: 0.179614 ms - Host latency: 0.179614 ms (enqueue 0.100305 ms)
[02/27/2026-11:10:59] [I] Average on 10 runs - GPU latency: 0.179944 ms - Host latency: 0.179944 ms (enqueue 0.100452 ms)
[02/27/2026-11:10:59] [I] Average on 10 runs - GPU latency: 0.179114 ms - Host latency: 0.179114 ms (enqueue 0.0970215 ms)
[02/27/2026-11:10:59] [I] Average on 10 runs - GPU latency: 0.178906 ms - Host latency: 0.178906 ms (enqueue 0.098584 ms)
[02/27/2026-11:10:59] [I] Average on 10 runs - GPU latency: 0.180383 ms - Host latency: 0.180383 ms (enqueue 0.102368 ms)
[02/27/2026-11:10:59] [I] Average on 10 runs - GPU latency: 0.179456 ms - Host latency: 0.179456 ms (enqueue 0.100549 ms)
[02/27/2026-11:10:59] [I] Average on 10 runs - GPU latency: 0.178564 ms - Host latency: 0.178564 ms (enqueue 0.107581 ms)
[02/27/2026-11:10:59] [I] Average on 10 runs - GPU latency: 0.18031 ms - Host latency: 0.18031 ms (enqueue 0.102478 ms)
[02/27/2026-11:10:59] [I] Average on 10 runs - GPU latency: 0.17948 ms - Host latency: 0.17948 ms (enqueue 0.10177 ms)
[02/27/2026-11:10:59] [I] Average on 10 runs - GPU latency: 0.178491 ms - Host latency: 0.178491 ms (enqueue 0.103943 ms)
[02/27/2026-11:10:59] [I] Average on 10 runs - GPU latency: 0.17915 ms - Host latency: 0.17915 ms (enqueue 0.10636 ms)
[02/27/2026-11:10:59] [I] Average on 10 runs - GPU latency: 0.179602 ms - Host latency: 0.179602 ms (enqueue 0.106897 ms)
[02/27/2026-11:10:59] [I] Average on 10 runs - GPU latency: 0.178674 ms - Host latency: 0.178674 ms (enqueue 0.103516 ms)
[02/27/2026-11:10:59] [I] Average on 10 runs - GPU latency: 0.180347 ms - Host latency: 0.180347 ms (enqueue 0.104785 ms)
[02/27/2026-11:10:59] [I] Average on 10 runs - GPU latency: 0.18114 ms - Host latency: 0.18114 ms (enqueue 0.103748 ms)
[02/27/2026-11:10:59] [I] Average on 10 runs - GPU latency: 0.179443 ms - Host latency: 0.179443 ms (enqueue 0.103967 ms)
[02/27/2026-11:10:59] [I] Average on 10 runs - GPU latency: 0.179346 ms - Host latency: 0.179346 ms (enqueue 0.102917 ms)
[02/27/2026-11:10:59] [I] Average on 10 runs - GPU latency: 0.179004 ms - Host latency: 0.179004 ms (enqueue 0.0980713 ms)
[02/27/2026-11:10:59] [I] Average on 10 runs - GPU latency: 0.180383 ms - Host latency: 0.180383 ms (enqueue 0.102283 ms)
[02/27/2026-11:10:59] [I] Average on 10 runs - GPU latency: 0.180322 ms - Host latency: 0.180322 ms (enqueue 0.102002 ms)
[02/27/2026-11:10:59] [I] Average on 10 runs - GPU latency: 0.178601 ms - Host latency: 0.178601 ms (enqueue 0.104944 ms)
[02/27/2026-11:10:59] [I] Average on 10 runs - GPU latency: 0.180151 ms - Host latency: 0.180151 ms (enqueue 0.103027 ms)
[02/27/2026-11:10:59] [I] Average on 10 runs - GPU latency: 0.17915 ms - Host latency: 0.17915 ms (enqueue 0.102368 ms)
[02/27/2026-11:10:59] [I] Average on 10 runs - GPU latency: 0.179089 ms - Host latency: 0.179089 ms (enqueue 0.102454 ms)
[02/27/2026-11:10:59] [I] Average on 10 runs - GPU latency: 0.178955 ms - Host latency: 0.178955 ms (enqueue 0.104834 ms)
[02/27/2026-11:10:59] [I] Average on 10 runs - GPU latency: 0.179517 ms - Host latency: 0.179517 ms (enqueue 0.103687 ms)
[02/27/2026-11:10:59] [I] Average on 10 runs - GPU latency: 0.179236 ms - Host latency: 0.179236 ms (enqueue 0.104309 ms)
[02/27/2026-11:10:59] [I] Average on 10 runs - GPU latency: 0.179309 ms - Host latency: 0.179309 ms (enqueue 0.101257 ms)
[02/27/2026-11:10:59] [I] Average on 10 runs - GPU latency: 0.179639 ms - Host latency: 0.179639 ms (enqueue 0.0999268 ms)
[02/27/2026-11:10:59] [I] Average on 10 runs - GPU latency: 0.178784 ms - Host latency: 0.178784 ms (enqueue 0.105127 ms)
[02/27/2026-11:10:59] [I] Average on 10 runs - GPU latency: 0.179407 ms - Host latency: 0.179407 ms (enqueue 0.0995117 ms)
[02/27/2026-11:10:59] [I] Average on 10 runs - GPU latency: 0.179712 ms - Host latency: 0.179712 ms (enqueue 0.0991699 ms)
[02/27/2026-11:10:59] [I] Average on 10 runs - GPU latency: 0.179333 ms - Host latency: 0.179333 ms (enqueue 0.101758 ms)
[02/27/2026-11:10:59] [I] Average on 10 runs - GPU latency: 0.179785 ms - Host latency: 0.179785 ms (enqueue 0.10144 ms)
[02/27/2026-11:10:59] [I] Average on 10 runs - GPU latency: 0.178918 ms - Host latency: 0.178918 ms (enqueue 0.0963989 ms)
[02/27/2026-11:10:59] [I] Average on 10 runs - GPU latency: 0.179724 ms - Host latency: 0.179724 ms (enqueue 0.101538 ms)
[02/27/2026-11:10:59] [I] Average on 10 runs - GPU latency: 0.178833 ms - Host latency: 0.178833 ms (enqueue 0.101343 ms)
[02/27/2026-11:10:59] [I] Average on 10 runs - GPU latency: 0.179541 ms - Host latency: 0.179541 ms (enqueue 0.100769 ms)
[02/27/2026-11:10:59] [I] Average on 10 runs - GPU latency: 0.180298 ms - Host latency: 0.180298 ms (enqueue 0.103284 ms)
[02/27/2026-11:10:59] [I] Average on 10 runs - GPU latency: 0.179285 ms - Host latency: 0.179285 ms (enqueue 0.0999878 ms)
[02/27/2026-11:10:59] [I] Average on 10 runs - GPU latency: 0.180066 ms - Host latency: 0.180066 ms (enqueue 0.101453 ms)
[02/27/2026-11:10:59] [I] Average on 10 runs - GPU latency: 0.180066 ms - Host latency: 0.180066 ms (enqueue 0.101135 ms)
[02/27/2026-11:10:59] [I] Average on 10 runs - GPU latency: 0.179565 ms - Host latency: 0.179565 ms (enqueue 0.100269 ms)
[02/27/2026-11:10:59] [I] Average on 10 runs - GPU latency: 0.179272 ms - Host latency: 0.179272 ms (enqueue 0.10061 ms)
[02/27/2026-11:10:59] [I] Average on 10 runs - GPU latency: 0.179688 ms - Host latency: 0.179688 ms (enqueue 0.101245 ms)
[02/27/2026-11:10:59] [I] Average on 10 runs - GPU latency: 0.179968 ms - Host latency: 0.179968 ms (enqueue 0.101575 ms)
[02/27/2026-11:10:59] [I] Average on 10 runs - GPU latency: 0.179736 ms - Host latency: 0.179736 ms (enqueue 0.101941 ms)
[02/27/2026-11:10:59] [I] Average on 10 runs - GPU latency: 0.179431 ms - Host latency: 0.179431 ms (enqueue 0.0989624 ms)
[02/27/2026-11:10:59] [I] Average on 10 runs - GPU latency: 0.179504 ms - Host latency: 0.179504 ms (enqueue 0.100732 ms)
[02/27/2026-11:10:59] [I] Average on 10 runs - GPU latency: 0.178699 ms - Host latency: 0.178699 ms (enqueue 0.10177 ms)
[02/27/2026-11:10:59] [I] Average on 10 runs - GPU latency: 0.179224 ms - Host latency: 0.179224 ms (enqueue 0.0993408 ms)
[02/27/2026-11:10:59] [I] Average on 10 runs - GPU latency: 0.179163 ms - Host latency: 0.179163 ms (enqueue 0.0998657 ms)
[02/27/2026-11:10:59] [I] Average on 10 runs - GPU latency: 0.179309 ms - Host latency: 0.179309 ms (enqueue 0.0997436 ms)
[02/27/2026-11:10:59] [I] Average on 10 runs - GPU latency: 0.179358 ms - Host latency: 0.179358 ms (enqueue 0.100256 ms)
[02/27/2026-11:10:59] [I] Average on 10 runs - GPU latency: 0.180029 ms - Host latency: 0.180029 ms (enqueue 0.101062 ms)
[02/27/2026-11:10:59] [I] Average on 10 runs - GPU latency: 0.178943 ms - Host latency: 0.178943 ms (enqueue 0.0995972 ms)
[02/27/2026-11:10:59] [I] Average on 10 runs - GPU latency: 0.179321 ms - Host latency: 0.179321 ms (enqueue 0.101526 ms)
[02/27/2026-11:10:59] [I] Average on 10 runs - GPU latency: 0.179102 ms - Host latency: 0.179102 ms (enqueue 0.102295 ms)
[02/27/2026-11:10:59] [I] Average on 10 runs - GPU latency: 0.180383 ms - Host latency: 0.180383 ms (enqueue 0.100122 ms)
[02/27/2026-11:10:59] [I] Average on 10 runs - GPU latency: 0.18031 ms - Host latency: 0.18031 ms (enqueue 0.100134 ms)
[02/27/2026-11:10:59] [I] Average on 10 runs - GPU latency: 0.179956 ms - Host latency: 0.179956 ms (enqueue 0.103076 ms)
[02/27/2026-11:10:59] [I] Average on 10 runs - GPU latency: 0.180225 ms - Host latency: 0.180225 ms (enqueue 0.100854 ms)
[02/27/2026-11:10:59] [I] Average on 10 runs - GPU latency: 0.17937 ms - Host latency: 0.17937 ms (enqueue 0.103223 ms)
[02/27/2026-11:10:59] [I] Average on 10 runs - GPU latency: 0.179797 ms - Host latency: 0.179797 ms (enqueue 0.099707 ms)
[02/27/2026-11:10:59] [I] Average on 10 runs - GPU latency: 0.178442 ms - Host latency: 0.178442 ms (enqueue 0.103882 ms)
[02/27/2026-11:10:59] [I] Average on 10 runs - GPU latency: 0.178857 ms - Host latency: 0.178857 ms (enqueue 0.103015 ms)
[02/27/2026-11:10:59] [I] Average on 10 runs - GPU latency: 0.179504 ms - Host latency: 0.179504 ms (enqueue 0.104285 ms)
[02/27/2026-11:10:59] [I] Average on 10 runs - GPU latency: 0.179126 ms - Host latency: 0.179126 ms (enqueue 0.100415 ms)
[02/27/2026-11:10:59] [I] Average on 10 runs - GPU latency: 0.178845 ms - Host latency: 0.178845 ms (enqueue 0.102808 ms)
[02/27/2026-11:10:59] [I] Average on 10 runs - GPU latency: 0.178857 ms - Host latency: 0.178857 ms (enqueue 0.100562 ms)
[02/27/2026-11:10:59] [I] Average on 10 runs - GPU latency: 0.17998 ms - Host latency: 0.17998 ms (enqueue 0.10238 ms)
[02/27/2026-11:10:59] [I] Average on 10 runs - GPU latency: 0.179895 ms - Host latency: 0.179895 ms (enqueue 0.102966 ms)
[02/27/2026-11:10:59] [I] Average on 10 runs - GPU latency: 0.177844 ms - Host latency: 0.177844 ms (enqueue 0.107153 ms)
[02/27/2026-11:10:59] [I] Average on 10 runs - GPU latency: 0.178296 ms - Host latency: 0.178296 ms (enqueue 0.106885 ms)
[02/27/2026-11:10:59] [I] Average on 10 runs - GPU latency: 0.178967 ms - Host latency: 0.178967 ms (enqueue 0.101526 ms)
[02/27/2026-11:10:59] [I] Average on 10 runs - GPU latency: 0.178662 ms - Host latency: 0.178662 ms (enqueue 0.103491 ms)
[02/27/2026-11:10:59] [I] Average on 10 runs - GPU latency: 0.180273 ms - Host latency: 0.180273 ms (enqueue 0.101343 ms)
[02/27/2026-11:10:59] [I] Average on 10 runs - GPU latency: 0.178943 ms - Host latency: 0.178943 ms (enqueue 0.105859 ms)
[02/27/2026-11:10:59] [I] Average on 10 runs - GPU latency: 0.178491 ms - Host latency: 0.178491 ms (enqueue 0.101147 ms)
[02/27/2026-11:10:59] [I] Average on 10 runs - GPU latency: 0.17843 ms - Host latency: 0.17843 ms (enqueue 0.100269 ms)
[02/27/2026-11:10:59] [I] Average on 10 runs - GPU latency: 0.178601 ms - Host latency: 0.178601 ms (enqueue 0.101392 ms)
[02/27/2026-11:10:59] [I] Average on 10 runs - GPU latency: 0.179846 ms - Host latency: 0.179846 ms (enqueue 0.101208 ms)
[02/27/2026-11:10:59] [I] Average on 10 runs - GPU latency: 0.179236 ms - Host latency: 0.179236 ms (enqueue 0.101782 ms)
[02/27/2026-11:10:59] [I] Average on 10 runs - GPU latency: 0.178235 ms - Host latency: 0.178235 ms (enqueue 0.102783 ms)
[02/27/2026-11:10:59] [I] Average on 10 runs - GPU latency: 0.176904 ms - Host latency: 0.176904 ms (enqueue 0.109875 ms)
[02/27/2026-11:10:59] [I] Average on 10 runs - GPU latency: 0.179443 ms - Host latency: 0.179443 ms (enqueue 0.10354 ms)
[02/27/2026-11:10:59] [I] Average on 10 runs - GPU latency: 0.178467 ms - Host latency: 0.178467 ms (enqueue 0.106458 ms)
[02/27/2026-11:10:59] [I] Average on 10 runs - GPU latency: 0.179065 ms - Host latency: 0.179065 ms (enqueue 0.109644 ms)
[02/27/2026-11:10:59] [I] Average on 10 runs - GPU latency: 0.178992 ms - Host latency: 0.178992 ms (enqueue 0.11001 ms)
[02/27/2026-11:10:59] [I] Average on 10 runs - GPU latency: 0.180029 ms - Host latency: 0.180029 ms (enqueue 0.102502 ms)
[02/27/2026-11:10:59] [I] Average on 10 runs - GPU latency: 0.179382 ms - Host latency: 0.179382 ms (enqueue 0.0998291 ms)
[02/27/2026-11:10:59] [I] Average on 10 runs - GPU latency: 0.178735 ms - Host latency: 0.178735 ms (enqueue 0.101257 ms)
[02/27/2026-11:10:59] [I] Average on 10 runs - GPU latency: 0.179395 ms - Host latency: 0.179395 ms (enqueue 0.103113 ms)
[02/27/2026-11:10:59] [I] Average on 10 runs - GPU latency: 0.179163 ms - Host latency: 0.179163 ms (enqueue 0.103906 ms)
[02/27/2026-11:10:59] [I] Average on 10 runs - GPU latency: 0.179297 ms - Host latency: 0.179297 ms (enqueue 0.0988892 ms)
[02/27/2026-11:10:59] [I] Average on 10 runs - GPU latency: 0.178943 ms - Host latency: 0.178943 ms (enqueue 0.0987061 ms)
[02/27/2026-11:10:59] [I] Average on 10 runs - GPU latency: 0.18031 ms - Host latency: 0.18031 ms (enqueue 0.100281 ms)
[02/27/2026-11:10:59] [I] Average on 10 runs - GPU latency: 0.179407 ms - Host latency: 0.179407 ms (enqueue 0.101404 ms)
[02/27/2026-11:10:59] [I] Average on 10 runs - GPU latency: 0.178613 ms - Host latency: 0.178613 ms (enqueue 0.101147 ms)
[02/27/2026-11:10:59] [I] Average on 10 runs - GPU latency: 0.179211 ms - Host latency: 0.179211 ms (enqueue 0.0983765 ms)
[02/27/2026-11:10:59] [I] Average on 10 runs - GPU latency: 0.178845 ms - Host latency: 0.178845 ms (enqueue 0.101013 ms)
[02/27/2026-11:10:59] [I] Average on 10 runs - GPU latency: 0.180103 ms - Host latency: 0.180103 ms (enqueue 0.102588 ms)
[02/27/2026-11:10:59] [I] Average on 10 runs - GPU latency: 0.179565 ms - Host latency: 0.179565 ms (enqueue 0.101538 ms)
[02/27/2026-11:10:59] [I] Average on 10 runs - GPU latency: 0.178308 ms - Host latency: 0.178308 ms (enqueue 0.100159 ms)
[02/27/2026-11:10:59] [I] Average on 10 runs - GPU latency: 0.178772 ms - Host latency: 0.178772 ms (enqueue 0.107056 ms)
[02/27/2026-11:10:59] [I] Average on 10 runs - GPU latency: 0.177649 ms - Host latency: 0.177649 ms (enqueue 0.109424 ms)
[02/27/2026-11:10:59] [I] Average on 10 runs - GPU latency: 0.179749 ms - Host latency: 0.179749 ms (enqueue 0.106873 ms)
[02/27/2026-11:10:59] [I] Average on 10 runs - GPU latency: 0.178809 ms - Host latency: 0.178809 ms (enqueue 0.102771 ms)
[02/27/2026-11:10:59] [I] Average on 10 runs - GPU latency: 0.179675 ms - Host latency: 0.179675 ms (enqueue 0.10033 ms)
[02/27/2026-11:10:59] [I] Average on 10 runs - GPU latency: 0.18053 ms - Host latency: 0.18053 ms (enqueue 0.0973267 ms)
[02/27/2026-11:10:59] [I] Average on 10 runs - GPU latency: 0.179468 ms - Host latency: 0.179468 ms (enqueue 0.103784 ms)
[02/27/2026-11:10:59] [I] Average on 10 runs - GPU latency: 0.178589 ms - Host latency: 0.178589 ms (enqueue 0.102576 ms)
[02/27/2026-11:10:59] [I] Average on 10 runs - GPU latency: 0.17959 ms - Host latency: 0.17959 ms (enqueue 0.0981812 ms)
[02/27/2026-11:10:59] [I] Average on 10 runs - GPU latency: 0.1797 ms - Host latency: 0.1797 ms (enqueue 0.100122 ms)
[02/27/2026-11:10:59] [I] Average on 10 runs - GPU latency: 0.18053 ms - Host latency: 0.18053 ms (enqueue 0.101831 ms)
[02/27/2026-11:10:59] [I] Average on 10 runs - GPU latency: 0.179053 ms - Host latency: 0.179053 ms (enqueue 0.100488 ms)
[02/27/2026-11:10:59] [I] Average on 10 runs - GPU latency: 0.179138 ms - Host latency: 0.179138 ms (enqueue 0.0994995 ms)
[02/27/2026-11:10:59] [I] Average on 10 runs - GPU latency: 0.178809 ms - Host latency: 0.178809 ms (enqueue 0.100781 ms)
[02/27/2026-11:10:59] [I] Average on 10 runs - GPU latency: 0.179553 ms - Host latency: 0.179553 ms (enqueue 0.0991943 ms)
[02/27/2026-11:10:59] [I] Average on 10 runs - GPU latency: 0.178418 ms - Host latency: 0.178418 ms (enqueue 0.101892 ms)
[02/27/2026-11:10:59] [I] Average on 10 runs - GPU latency: 0.179822 ms - Host latency: 0.179822 ms (enqueue 0.097998 ms)
[02/27/2026-11:10:59] [I] Average on 10 runs - GPU latency: 0.17926 ms - Host latency: 0.17926 ms (enqueue 0.100708 ms)
[02/27/2026-11:10:59] [I] Average on 10 runs - GPU latency: 0.178308 ms - Host latency: 0.178308 ms (enqueue 0.102246 ms)
[02/27/2026-11:10:59] [I] Average on 10 runs - GPU latency: 0.179163 ms - Host latency: 0.179163 ms (enqueue 0.101221 ms)
[02/27/2026-11:10:59] [I] Average on 10 runs - GPU latency: 0.178528 ms - Host latency: 0.178528 ms (enqueue 0.102637 ms)
[02/27/2026-11:10:59] [I] Average on 10 runs - GPU latency: 0.17887 ms - Host latency: 0.17887 ms (enqueue 0.102759 ms)
[02/27/2026-11:10:59] [I] Average on 10 runs - GPU latency: 0.179785 ms - Host latency: 0.179785 ms (enqueue 0.103076 ms)
[02/27/2026-11:10:59] [I] Average on 10 runs - GPU latency: 0.179395 ms - Host latency: 0.179395 ms (enqueue 0.099353 ms)
[02/27/2026-11:10:59] [I] Average on 10 runs - GPU latency: 0.17854 ms - Host latency: 0.17854 ms (enqueue 0.102051 ms)
[02/27/2026-11:10:59] [I] Average on 10 runs - GPU latency: 0.179517 ms - Host latency: 0.179517 ms (enqueue 0.0988037 ms)
[02/27/2026-11:10:59] [I] Average on 10 runs - GPU latency: 0.179297 ms - Host latency: 0.179297 ms (enqueue 0.100647 ms)
[02/27/2026-11:10:59] [I] Average on 10 runs - GPU latency: 0.180066 ms - Host latency: 0.180066 ms (enqueue 0.101221 ms)
[02/27/2026-11:10:59] [I] Average on 10 runs - GPU latency: 0.178174 ms - Host latency: 0.178174 ms (enqueue 0.0993896 ms)
[02/27/2026-11:10:59] [I] Average on 10 runs - GPU latency: 0.178857 ms - Host latency: 0.178857 ms (enqueue 0.103992 ms)
[02/27/2026-11:10:59] [I] Average on 10 runs - GPU latency: 0.179126 ms - Host latency: 0.179126 ms (enqueue 0.103479 ms)
[02/27/2026-11:10:59] [I] Average on 10 runs - GPU latency: 0.179004 ms - Host latency: 0.179004 ms (enqueue 0.102307 ms)
[02/27/2026-11:10:59] [I] Average on 10 runs - GPU latency: 0.178821 ms - Host latency: 0.178821 ms (enqueue 0.0995728 ms)
[02/27/2026-11:10:59] [I] Average on 10 runs - GPU latency: 0.179248 ms - Host latency: 0.179248 ms (enqueue 0.102173 ms)
[02/27/2026-11:10:59] [I] Average on 10 runs - GPU latency: 0.178931 ms - Host latency: 0.178931 ms (enqueue 0.102637 ms)
[02/27/2026-11:10:59] [I] Average on 10 runs - GPU latency: 0.178271 ms - Host latency: 0.178271 ms (enqueue 0.101721 ms)
[02/27/2026-11:10:59] [I] Average on 10 runs - GPU latency: 0.179419 ms - Host latency: 0.179419 ms (enqueue 0.102136 ms)
[02/27/2026-11:10:59] [I] Average on 10 runs - GPU latency: 0.179346 ms - Host latency: 0.179346 ms (enqueue 0.100403 ms)
[02/27/2026-11:10:59] [I] Average on 10 runs - GPU latency: 0.1802 ms - Host latency: 0.1802 ms (enqueue 0.0981079 ms)
[02/27/2026-11:10:59] [I] Average on 10 runs - GPU latency: 0.179834 ms - Host latency: 0.179834 ms (enqueue 0.096167 ms)
[02/27/2026-11:10:59] [I] Average on 10 runs - GPU latency: 0.179663 ms - Host latency: 0.179663 ms (enqueue 0.100146 ms)
[02/27/2026-11:10:59] [I] Average on 10 runs - GPU latency: 0.178796 ms - Host latency: 0.178796 ms (enqueue 0.104382 ms)
[02/27/2026-11:10:59] [I] Average on 10 runs - GPU latency: 0.179895 ms - Host latency: 0.179895 ms (enqueue 0.100977 ms)
[02/27/2026-11:10:59] [I] Average on 10 runs - GPU latency: 0.179834 ms - Host latency: 0.179834 ms (enqueue 0.101477 ms)
[02/27/2026-11:10:59] [I] Average on 10 runs - GPU latency: 0.178906 ms - Host latency: 0.178906 ms (enqueue 0.100769 ms)
[02/27/2026-11:10:59] [I] Average on 10 runs - GPU latency: 0.180286 ms - Host latency: 0.180286 ms (enqueue 0.0988892 ms)
[02/27/2026-11:10:59] [I] Average on 10 runs - GPU latency: 0.178467 ms - Host latency: 0.178467 ms (enqueue 0.104822 ms)
[02/27/2026-11:10:59] [I] Average on 10 runs - GPU latency: 0.179285 ms - Host latency: 0.179285 ms (enqueue 0.105676 ms)
[02/27/2026-11:10:59] [I] Average on 10 runs - GPU latency: 0.178186 ms - Host latency: 0.178186 ms (enqueue 0.103833 ms)
[02/27/2026-11:10:59] [I] Average on 10 runs - GPU latency: 0.179028 ms - Host latency: 0.179028 ms (enqueue 0.0997436 ms)
[02/27/2026-11:10:59] [I] Average on 10 runs - GPU latency: 0.178552 ms - Host latency: 0.178552 ms (enqueue 0.0985229 ms)
[02/27/2026-11:10:59] [I] Average on 10 runs - GPU latency: 0.177808 ms - Host latency: 0.177808 ms (enqueue 0.102502 ms)
[02/27/2026-11:10:59] [I] Average on 10 runs - GPU latency: 0.178308 ms - Host latency: 0.178308 ms (enqueue 0.103894 ms)
[02/27/2026-11:10:59] [I] Average on 10 runs - GPU latency: 0.17876 ms - Host latency: 0.17876 ms (enqueue 0.100964 ms)
[02/27/2026-11:10:59] [I] Average on 10 runs - GPU latency: 0.178467 ms - Host latency: 0.178467 ms (enqueue 0.100964 ms)
[02/27/2026-11:10:59] [I] Average on 10 runs - GPU latency: 0.178772 ms - Host latency: 0.178772 ms (enqueue 0.100684 ms)
[02/27/2026-11:10:59] [I] Average on 10 runs - GPU latency: 0.179578 ms - Host latency: 0.179578 ms (enqueue 0.100452 ms)
[02/27/2026-11:10:59] [I] Average on 10 runs - GPU latency: 0.178284 ms - Host latency: 0.178284 ms (enqueue 0.106201 ms)
[02/27/2026-11:10:59] [I] Average on 10 runs - GPU latency: 0.179248 ms - Host latency: 0.179248 ms (enqueue 0.103821 ms)
[02/27/2026-11:10:59] [I] Average on 10 runs - GPU latency: 0.17854 ms - Host latency: 0.17854 ms (enqueue 0.103943 ms)
[02/27/2026-11:10:59] [I] Average on 10 runs - GPU latency: 0.180798 ms - Host latency: 0.180798 ms (enqueue 0.103625 ms)
[02/27/2026-11:10:59] [I] Average on 10 runs - GPU latency: 0.179102 ms - Host latency: 0.179102 ms (enqueue 0.103162 ms)
[02/27/2026-11:10:59] [I] Average on 10 runs - GPU latency: 0.180383 ms - Host latency: 0.180383 ms (enqueue 0.10387 ms)
[02/27/2026-11:10:59] [I] Average on 10 runs - GPU latency: 0.180725 ms - Host latency: 0.180725 ms (enqueue 0.101929 ms)
[02/27/2026-11:10:59] [I] Average on 10 runs - GPU latency: 0.179626 ms - Host latency: 0.179626 ms (enqueue 0.105713 ms)
[02/27/2026-11:10:59] [I] Average on 10 runs - GPU latency: 0.179663 ms - Host latency: 0.179663 ms (enqueue 0.102625 ms)
[02/27/2026-11:10:59] [I] Average on 10 runs - GPU latency: 0.17865 ms - Host latency: 0.17865 ms (enqueue 0.101392 ms)
[02/27/2026-11:10:59] [I] Average on 10 runs - GPU latency: 0.17998 ms - Host latency: 0.17998 ms (enqueue 0.0993164 ms)
[02/27/2026-11:10:59] [I] Average on 10 runs - GPU latency: 0.179541 ms - Host latency: 0.179541 ms (enqueue 0.0999023 ms)
[02/27/2026-11:10:59] [I] Average on 10 runs - GPU latency: 0.178711 ms - Host latency: 0.178711 ms (enqueue 0.101819 ms)
[02/27/2026-11:10:59] [I] Average on 10 runs - GPU latency: 0.179651 ms - Host latency: 0.179651 ms (enqueue 0.102087 ms)
[02/27/2026-11:10:59] [I] Average on 10 runs - GPU latency: 0.179529 ms - Host latency: 0.179529 ms (enqueue 0.101794 ms)
[02/27/2026-11:10:59] [I] Average on 10 runs - GPU latency: 0.179822 ms - Host latency: 0.179822 ms (enqueue 0.103345 ms)
[02/27/2026-11:10:59] [I] Average on 10 runs - GPU latency: 0.178577 ms - Host latency: 0.178577 ms (enqueue 0.105164 ms)
[02/27/2026-11:10:59] [I] Average on 10 runs - GPU latency: 0.179651 ms - Host latency: 0.179651 ms (enqueue 0.104773 ms)
[02/27/2026-11:10:59] [I] Average on 10 runs - GPU latency: 0.17843 ms - Host latency: 0.17843 ms (enqueue 0.103284 ms)
[02/27/2026-11:10:59] [I] Average on 10 runs - GPU latency: 0.180042 ms - Host latency: 0.180042 ms (enqueue 0.101428 ms)
[02/27/2026-11:10:59] [I] Average on 10 runs - GPU latency: 0.17887 ms - Host latency: 0.17887 ms (enqueue 0.103381 ms)
[02/27/2026-11:10:59] [I] Average on 10 runs - GPU latency: 0.178931 ms - Host latency: 0.178931 ms (enqueue 0.103821 ms)
[02/27/2026-11:10:59] [I] Average on 10 runs - GPU latency: 0.178137 ms - Host latency: 0.178137 ms (enqueue 0.104797 ms)
[02/27/2026-11:10:59] [I] Average on 10 runs - GPU latency: 0.179614 ms - Host latency: 0.179614 ms (enqueue 0.10199 ms)
[02/27/2026-11:10:59] [I] Average on 10 runs - GPU latency: 0.179431 ms - Host latency: 0.179431 ms (enqueue 0.10094 ms)
[02/27/2026-11:10:59] [I] Average on 10 runs - GPU latency: 0.179895 ms - Host latency: 0.179895 ms (enqueue 0.101025 ms)
[02/27/2026-11:10:59] [I] Average on 10 runs - GPU latency: 0.179333 ms - Host latency: 0.179333 ms (enqueue 0.0964111 ms)
[02/27/2026-11:10:59] [I] Average on 10 runs - GPU latency: 0.179016 ms - Host latency: 0.179016 ms (enqueue 0.0980957 ms)
[02/27/2026-11:10:59] [I] Average on 10 runs - GPU latency: 0.177478 ms - Host latency: 0.177478 ms (enqueue 0.104578 ms)
[02/27/2026-11:10:59] [I] Average on 10 runs - GPU latency: 0.176758 ms - Host latency: 0.176758 ms (enqueue 0.110352 ms)
[02/27/2026-11:10:59] [I] Average on 10 runs - GPU latency: 0.179248 ms - Host latency: 0.179248 ms (enqueue 0.0985107 ms)
[02/27/2026-11:10:59] [I] Average on 10 runs - GPU latency: 0.178992 ms - Host latency: 0.178992 ms (enqueue 0.103003 ms)
[02/27/2026-11:10:59] [I] Average on 10 runs - GPU latency: 0.180042 ms - Host latency: 0.180042 ms (enqueue 0.103027 ms)
[02/27/2026-11:10:59] [I] Average on 10 runs - GPU latency: 0.179456 ms - Host latency: 0.179456 ms (enqueue 0.107642 ms)
[02/27/2026-11:10:59] [I] Average on 10 runs - GPU latency: 0.180359 ms - Host latency: 0.180359 ms (enqueue 0.0993286 ms)
[02/27/2026-11:10:59] [I] Average on 10 runs - GPU latency: 0.179028 ms - Host latency: 0.179028 ms (enqueue 0.103552 ms)
[02/27/2026-11:10:59] [I] Average on 10 runs - GPU latency: 0.178979 ms - Host latency: 0.178979 ms (enqueue 0.103088 ms)
[02/27/2026-11:10:59] [I] Average on 10 runs - GPU latency: 0.179333 ms - Host latency: 0.179333 ms (enqueue 0.099353 ms)
[02/27/2026-11:10:59] [I] Average on 10 runs - GPU latency: 0.178796 ms - Host latency: 0.178796 ms (enqueue 0.100696 ms)
[02/27/2026-11:10:59] [I] Average on 10 runs - GPU latency: 0.178577 ms - Host latency: 0.178577 ms (enqueue 0.100671 ms)
[02/27/2026-11:10:59] [I] Average on 10 runs - GPU latency: 0.179114 ms - Host latency: 0.179114 ms (enqueue 0.103552 ms)
[02/27/2026-11:10:59] [I] Average on 10 runs - GPU latency: 0.178674 ms - Host latency: 0.178674 ms (enqueue 0.101599 ms)
[02/27/2026-11:10:59] [I] Average on 10 runs - GPU latency: 0.178784 ms - Host latency: 0.178784 ms (enqueue 0.0991577 ms)
[02/27/2026-11:10:59] [I] Average on 10 runs - GPU latency: 0.179187 ms - Host latency: 0.179187 ms (enqueue 0.100732 ms)
[02/27/2026-11:10:59] [I] Average on 10 runs - GPU latency: 0.177856 ms - Host latency: 0.177856 ms (enqueue 0.102417 ms)
[02/27/2026-11:10:59] [I] Average on 10 runs - GPU latency: 0.178638 ms - Host latency: 0.178638 ms (enqueue 0.101587 ms)
[02/27/2026-11:10:59] [I] Average on 10 runs - GPU latency: 0.178906 ms - Host latency: 0.178906 ms (enqueue 0.0998657 ms)
[02/27/2026-11:10:59] [I] Average on 10 runs - GPU latency: 0.179834 ms - Host latency: 0.179834 ms (enqueue 0.103015 ms)
[02/27/2026-11:10:59] [I] Average on 10 runs - GPU latency: 0.178442 ms - Host latency: 0.178442 ms (enqueue 0.100195 ms)
[02/27/2026-11:10:59] [I] Average on 10 runs - GPU latency: 0.178784 ms - Host latency: 0.178784 ms (enqueue 0.104724 ms)
[02/27/2026-11:10:59] [I] Average on 10 runs - GPU latency: 0.178662 ms - Host latency: 0.178662 ms (enqueue 0.103906 ms)
[02/27/2026-11:10:59] [I] Average on 10 runs - GPU latency: 0.177881 ms - Host latency: 0.177881 ms (enqueue 0.106177 ms)
[02/27/2026-11:10:59] [I] Average on 10 runs - GPU latency: 0.180042 ms - Host latency: 0.180042 ms (enqueue 0.103589 ms)
[02/27/2026-11:10:59] [I] Average on 10 runs - GPU latency: 0.179993 ms - Host latency: 0.179993 ms (enqueue 0.103967 ms)
[02/27/2026-11:10:59] [I] Average on 10 runs - GPU latency: 0.178772 ms - Host latency: 0.178772 ms (enqueue 0.099707 ms)
[02/27/2026-11:10:59] [I] Average on 10 runs - GPU latency: 0.17887 ms - Host latency: 0.17887 ms (enqueue 0.101465 ms)
[02/27/2026-11:10:59] [I] Average on 10 runs - GPU latency: 0.178918 ms - Host latency: 0.178918 ms (enqueue 0.104309 ms)
[02/27/2026-11:10:59] [I] Average on 10 runs - GPU latency: 0.179639 ms - Host latency: 0.179639 ms (enqueue 0.101306 ms)
[02/27/2026-11:10:59] [I] Average on 10 runs - GPU latency: 0.179688 ms - Host latency: 0.179688 ms (enqueue 0.0979248 ms)
[02/27/2026-11:10:59] [I] Average on 10 runs - GPU latency: 0.179431 ms - Host latency: 0.179431 ms (enqueue 0.101965 ms)
[02/27/2026-11:10:59] [I] Average on 10 runs - GPU latency: 0.179895 ms - Host latency: 0.179895 ms (enqueue 0.0994507 ms)
[02/27/2026-11:10:59] [I] Average on 10 runs - GPU latency: 0.179651 ms - Host latency: 0.179651 ms (enqueue 0.101196 ms)
[02/27/2026-11:10:59] [I] Average on 10 runs - GPU latency: 0.179822 ms - Host latency: 0.179822 ms (enqueue 0.0997314 ms)
[02/27/2026-11:10:59] [I] Average on 10 runs - GPU latency: 0.180432 ms - Host latency: 0.180432 ms (enqueue 0.0980591 ms)
[02/27/2026-11:10:59] [I] Average on 10 runs - GPU latency: 0.178784 ms - Host latency: 0.178784 ms (enqueue 0.100293 ms)
[02/27/2026-11:10:59] [I] Average on 10 runs - GPU latency: 0.17832 ms - Host latency: 0.17832 ms (enqueue 0.0991455 ms)
[02/27/2026-11:10:59] [I] Average on 10 runs - GPU latency: 0.178418 ms - Host latency: 0.178418 ms (enqueue 0.0987305 ms)
[02/27/2026-11:10:59] [I] Average on 10 runs - GPU latency: 0.179858 ms - Host latency: 0.179858 ms (enqueue 0.102637 ms)
[02/27/2026-11:10:59] [I] Average on 10 runs - GPU latency: 0.17832 ms - Host latency: 0.17832 ms (enqueue 0.100732 ms)
[02/27/2026-11:10:59] [I] Average on 10 runs - GPU latency: 0.180005 ms - Host latency: 0.180005 ms (enqueue 0.102051 ms)
[02/27/2026-11:10:59] [I] Average on 10 runs - GPU latency: 0.179297 ms - Host latency: 0.179297 ms (enqueue 0.099292 ms)
[02/27/2026-11:10:59] [I] Average on 10 runs - GPU latency: 0.17981 ms - Host latency: 0.17981 ms (enqueue 0.100537 ms)
[02/27/2026-11:10:59] [I] Average on 10 runs - GPU latency: 0.179443 ms - Host latency: 0.179443 ms (enqueue 0.0996826 ms)
[02/27/2026-11:10:59] [I] Average on 10 runs - GPU latency: 0.179443 ms - Host latency: 0.179443 ms (enqueue 0.10127 ms)
[02/27/2026-11:10:59] [I] Average on 10 runs - GPU latency: 0.179199 ms - Host latency: 0.179199 ms (enqueue 0.0976562 ms)
[02/27/2026-11:10:59] [I] Average on 10 runs - GPU latency: 0.178101 ms - Host latency: 0.178101 ms (enqueue 0.104565 ms)
[02/27/2026-11:10:59] [I] Average on 10 runs - GPU latency: 0.178809 ms - Host latency: 0.178809 ms (enqueue 0.105713 ms)
[02/27/2026-11:10:59] [I] Average on 10 runs - GPU latency: 0.17876 ms - Host latency: 0.17876 ms (enqueue 0.103662 ms)
[02/27/2026-11:10:59] [I] Average on 10 runs - GPU latency: 0.178589 ms - Host latency: 0.178589 ms (enqueue 0.105078 ms)
[02/27/2026-11:10:59] [I] Average on 10 runs - GPU latency: 0.179492 ms - Host latency: 0.179492 ms (enqueue 0.104175 ms)
[02/27/2026-11:10:59] [I] Average on 10 runs - GPU latency: 0.179761 ms - Host latency: 0.179761 ms (enqueue 0.101196 ms)
[02/27/2026-11:10:59] [I] Average on 10 runs - GPU latency: 0.179785 ms - Host latency: 0.179785 ms (enqueue 0.101685 ms)
[02/27/2026-11:10:59] [I] Average on 10 runs - GPU latency: 0.17771 ms - Host latency: 0.17771 ms (enqueue 0.105249 ms)
[02/27/2026-11:10:59] [I] Average on 10 runs - GPU latency: 0.179468 ms - Host latency: 0.179468 ms (enqueue 0.104053 ms)
[02/27/2026-11:10:59] [I] Average on 10 runs - GPU latency: 0.179224 ms - Host latency: 0.179224 ms (enqueue 0.1021 ms)
[02/27/2026-11:10:59] [I] Average on 10 runs - GPU latency: 0.179004 ms - Host latency: 0.179004 ms (enqueue 0.104346 ms)
[02/27/2026-11:10:59] [I] Average on 10 runs - GPU latency: 0.179614 ms - Host latency: 0.179614 ms (enqueue 0.103687 ms)
[02/27/2026-11:10:59] [I] Average on 10 runs - GPU latency: 0.178931 ms - Host latency: 0.178931 ms (enqueue 0.103491 ms)
[02/27/2026-11:10:59] [I] Average on 10 runs - GPU latency: 0.179224 ms - Host latency: 0.179224 ms (enqueue 0.103223 ms)
[02/27/2026-11:10:59] [I] Average on 10 runs - GPU latency: 0.178223 ms - Host latency: 0.178223 ms (enqueue 0.101587 ms)
[02/27/2026-11:10:59] [I] Average on 10 runs - GPU latency: 0.179663 ms - Host latency: 0.179663 ms (enqueue 0.10188 ms)
[02/27/2026-11:10:59] [I] Average on 10 runs - GPU latency: 0.179028 ms - Host latency: 0.179028 ms (enqueue 0.105005 ms)
[02/27/2026-11:10:59] [I] Average on 10 runs - GPU latency: 0.178052 ms - Host latency: 0.178052 ms (enqueue 0.103223 ms)
[02/27/2026-11:10:59] [I] Average on 10 runs - GPU latency: 0.178418 ms - Host latency: 0.178418 ms (enqueue 0.101904 ms)
[02/27/2026-11:10:59] [I] Average on 10 runs - GPU latency: 0.178882 ms - Host latency: 0.178882 ms (enqueue 0.105981 ms)
[02/27/2026-11:10:59] [I] Average on 10 runs - GPU latency: 0.178174 ms - Host latency: 0.178174 ms (enqueue 0.10249 ms)
[02/27/2026-11:10:59] [I] Average on 10 runs - GPU latency: 0.178613 ms - Host latency: 0.178613 ms (enqueue 0.101196 ms)
[02/27/2026-11:10:59] [I] Average on 10 runs - GPU latency: 0.178491 ms - Host latency: 0.178491 ms (enqueue 0.104346 ms)
[02/27/2026-11:10:59] [I] Average on 10 runs - GPU latency: 0.178833 ms - Host latency: 0.178833 ms (enqueue 0.101709 ms)
[02/27/2026-11:10:59] [I] Average on 10 runs - GPU latency: 0.178955 ms - Host latency: 0.178955 ms (enqueue 0.102808 ms)
[02/27/2026-11:10:59] [I] Average on 10 runs - GPU latency: 0.178442 ms - Host latency: 0.178442 ms (enqueue 0.107031 ms)
[02/27/2026-11:10:59] [I] Average on 10 runs - GPU latency: 0.180176 ms - Host latency: 0.180176 ms (enqueue 0.101514 ms)
[02/27/2026-11:10:59] [I] Average on 10 runs - GPU latency: 0.179565 ms - Host latency: 0.179565 ms (enqueue 0.100073 ms)
[02/27/2026-11:10:59] [I] Average on 10 runs - GPU latency: 0.180029 ms - Host latency: 0.180029 ms (enqueue 0.0997803 ms)
[02/27/2026-11:10:59] [I] Average on 10 runs - GPU latency: 0.179199 ms - Host latency: 0.179199 ms (enqueue 0.0989014 ms)
[02/27/2026-11:10:59] [I] Average on 10 runs - GPU latency: 0.179736 ms - Host latency: 0.179736 ms (enqueue 0.098877 ms)
[02/27/2026-11:10:59] [I] Average on 10 runs - GPU latency: 0.178784 ms - Host latency: 0.178784 ms (enqueue 0.099292 ms)
[02/27/2026-11:10:59] [I] Average on 10 runs - GPU latency: 0.180029 ms - Host latency: 0.180029 ms (enqueue 0.0993652 ms)
[02/27/2026-11:10:59] [I] Average on 10 runs - GPU latency: 0.179395 ms - Host latency: 0.179395 ms (enqueue 0.101929 ms)
[02/27/2026-11:10:59] [I] Average on 10 runs - GPU latency: 0.17998 ms - Host latency: 0.17998 ms (enqueue 0.101953 ms)
[02/27/2026-11:10:59] [I] Average on 10 runs - GPU latency: 0.180005 ms - Host latency: 0.180005 ms (enqueue 0.101514 ms)
[02/27/2026-11:10:59] [I] Average on 10 runs - GPU latency: 0.178906 ms - Host latency: 0.178906 ms (enqueue 0.102588 ms)
[02/27/2026-11:10:59] [I] Average on 10 runs - GPU latency: 0.17876 ms - Host latency: 0.17876 ms (enqueue 0.102637 ms)
[02/27/2026-11:10:59] [I] Average on 10 runs - GPU latency: 0.179199 ms - Host latency: 0.179199 ms (enqueue 0.103394 ms)
[02/27/2026-11:10:59] [I] Average on 10 runs - GPU latency: 0.178662 ms - Host latency: 0.178662 ms (enqueue 0.104199 ms)
[02/27/2026-11:10:59] [I] Average on 10 runs - GPU latency: 0.17854 ms - Host latency: 0.17854 ms (enqueue 0.109058 ms)
[02/27/2026-11:10:59] [I] Average on 10 runs - GPU latency: 0.17854 ms - Host latency: 0.17854 ms (enqueue 0.10542 ms)
[02/27/2026-11:10:59] [I] Average on 10 runs - GPU latency: 0.180127 ms - Host latency: 0.180127 ms (enqueue 0.103955 ms)
[02/27/2026-11:10:59] [I] Average on 10 runs - GPU latency: 0.17915 ms - Host latency: 0.17915 ms (enqueue 0.10127 ms)
[02/27/2026-11:10:59] [I] Average on 10 runs - GPU latency: 0.179272 ms - Host latency: 0.179272 ms (enqueue 0.10083 ms)
[02/27/2026-11:10:59] [I] Average on 10 runs - GPU latency: 0.179321 ms - Host latency: 0.179321 ms (enqueue 0.100439 ms)
[02/27/2026-11:10:59] [I] Average on 10 runs - GPU latency: 0.178418 ms - Host latency: 0.178418 ms (enqueue 0.0984863 ms)
[02/27/2026-11:10:59] [I] Average on 10 runs - GPU latency: 0.178735 ms - Host latency: 0.178735 ms (enqueue 0.10022 ms)
[02/27/2026-11:10:59] [I] Average on 10 runs - GPU latency: 0.179419 ms - Host latency: 0.179419 ms (enqueue 0.103833 ms)
[02/27/2026-11:10:59] [I] Average on 10 runs - GPU latency: 0.178955 ms - Host latency: 0.178955 ms (enqueue 0.104443 ms)
[02/27/2026-11:10:59] [I] Average on 10 runs - GPU latency: 0.179712 ms - Host latency: 0.179712 ms (enqueue 0.102759 ms)
[02/27/2026-11:10:59] [I] Average on 10 runs - GPU latency: 0.18064 ms - Host latency: 0.18064 ms (enqueue 0.100952 ms)
[02/27/2026-11:10:59] [I] Average on 10 runs - GPU latency: 0.180322 ms - Host latency: 0.180322 ms (enqueue 0.10249 ms)
[02/27/2026-11:10:59] [I] Average on 10 runs - GPU latency: 0.179468 ms - Host latency: 0.179468 ms (enqueue 0.102539 ms)
[02/27/2026-11:10:59] [I] Average on 10 runs - GPU latency: 0.178735 ms - Host latency: 0.178735 ms (enqueue 0.101562 ms)
[02/27/2026-11:10:59] [I] Average on 10 runs - GPU latency: 0.1802 ms - Host latency: 0.1802 ms (enqueue 0.099707 ms)
[02/27/2026-11:10:59] [I] Average on 10 runs - GPU latency: 0.179712 ms - Host latency: 0.179712 ms (enqueue 0.100684 ms)
[02/27/2026-11:10:59] [I] Average on 10 runs - GPU latency: 0.179102 ms - Host latency: 0.179102 ms (enqueue 0.101147 ms)
[02/27/2026-11:10:59] [I] Average on 10 runs - GPU latency: 0.17959 ms - Host latency: 0.17959 ms (enqueue 0.0990234 ms)
[02/27/2026-11:10:59] [I] Average on 10 runs - GPU latency: 0.180298 ms - Host latency: 0.180298 ms (enqueue 0.104175 ms)
[02/27/2026-11:10:59] [I] Average on 10 runs - GPU latency: 0.179688 ms - Host latency: 0.179688 ms (enqueue 0.103467 ms)
[02/27/2026-11:10:59] [I] Average on 10 runs - GPU latency: 0.180054 ms - Host latency: 0.180054 ms (enqueue 0.103271 ms)
[02/27/2026-11:10:59] [I] Average on 10 runs - GPU latency: 0.179883 ms - Host latency: 0.179883 ms (enqueue 0.10166 ms)
[02/27/2026-11:10:59] [I] Average on 10 runs - GPU latency: 0.180054 ms - Host latency: 0.180054 ms (enqueue 0.102881 ms)
[02/27/2026-11:10:59] [I] Average on 10 runs - GPU latency: 0.179248 ms - Host latency: 0.179248 ms (enqueue 0.100391 ms)
[02/27/2026-11:10:59] [I] Average on 10 runs - GPU latency: 0.180005 ms - Host latency: 0.180005 ms (enqueue 0.100195 ms)
[02/27/2026-11:10:59] [I] Average on 10 runs - GPU latency: 0.179639 ms - Host latency: 0.179639 ms (enqueue 0.100977 ms)
[02/27/2026-11:10:59] [I] Average on 10 runs - GPU latency: 0.179297 ms - Host latency: 0.179297 ms (enqueue 0.0984619 ms)
[02/27/2026-11:10:59] [I] Average on 10 runs - GPU latency: 0.179541 ms - Host latency: 0.179541 ms (enqueue 0.101562 ms)
[02/27/2026-11:10:59] [I] Average on 10 runs - GPU latency: 0.180688 ms - Host latency: 0.180688 ms (enqueue 0.102808 ms)
[02/27/2026-11:10:59] [I] Average on 10 runs - GPU latency: 0.179248 ms - Host latency: 0.179248 ms (enqueue 0.101099 ms)
[02/27/2026-11:10:59] [I] Average on 10 runs - GPU latency: 0.179736 ms - Host latency: 0.179736 ms (enqueue 0.102148 ms)
[02/27/2026-11:10:59] [I] Average on 10 runs - GPU latency: 0.179517 ms - Host latency: 0.179517 ms (enqueue 0.102734 ms)
[02/27/2026-11:10:59] [I] Average on 10 runs - GPU latency: 0.180078 ms - Host latency: 0.180078 ms (enqueue 0.101025 ms)
[02/27/2026-11:10:59] [I] Average on 10 runs - GPU latency: 0.179443 ms - Host latency: 0.179443 ms (enqueue 0.101392 ms)
[02/27/2026-11:10:59] [I] Average on 10 runs - GPU latency: 0.179224 ms - Host latency: 0.179224 ms (enqueue 0.102808 ms)
[02/27/2026-11:10:59] [I] Average on 10 runs - GPU latency: 0.179883 ms - Host latency: 0.179883 ms (enqueue 0.0976318 ms)
[02/27/2026-11:10:59] [I] Average on 10 runs - GPU latency: 0.180078 ms - Host latency: 0.180078 ms (enqueue 0.101978 ms)
[02/27/2026-11:10:59] [I] Average on 10 runs - GPU latency: 0.180762 ms - Host latency: 0.180762 ms (enqueue 0.102051 ms)
[02/27/2026-11:10:59] [I] Average on 10 runs - GPU latency: 0.179785 ms - Host latency: 0.179785 ms (enqueue 0.102075 ms)
[02/27/2026-11:10:59] [I] Average on 10 runs - GPU latency: 0.179614 ms - Host latency: 0.179614 ms (enqueue 0.101709 ms)
[02/27/2026-11:10:59] [I] Average on 10 runs - GPU latency: 0.179712 ms - Host latency: 0.179712 ms (enqueue 0.101343 ms)
[02/27/2026-11:10:59] [I] Average on 10 runs - GPU latency: 0.177979 ms - Host latency: 0.177979 ms (enqueue 0.104468 ms)
[02/27/2026-11:10:59] [I] Average on 10 runs - GPU latency: 0.178247 ms - Host latency: 0.178247 ms (enqueue 0.106689 ms)
[02/27/2026-11:10:59] [I] Average on 10 runs - GPU latency: 0.178931 ms - Host latency: 0.178931 ms (enqueue 0.104272 ms)
[02/27/2026-11:10:59] [I] Average on 10 runs - GPU latency: 0.178955 ms - Host latency: 0.178955 ms (enqueue 0.102295 ms)
[02/27/2026-11:10:59] [I] Average on 10 runs - GPU latency: 0.179883 ms - Host latency: 0.179883 ms (enqueue 0.103833 ms)
[02/27/2026-11:10:59] [I] Average on 10 runs - GPU latency: 0.178711 ms - Host latency: 0.178711 ms (enqueue 0.10188 ms)
[02/27/2026-11:10:59] [I] Average on 10 runs - GPU latency: 0.17915 ms - Host latency: 0.17915 ms (enqueue 0.103467 ms)
[02/27/2026-11:10:59] [I] Average on 10 runs - GPU latency: 0.179932 ms - Host latency: 0.179932 ms (enqueue 0.102441 ms)
[02/27/2026-11:10:59] [I] Average on 10 runs - GPU latency: 0.180029 ms - Host latency: 0.180029 ms (enqueue 0.10127 ms)
[02/27/2026-11:10:59] [I] Average on 10 runs - GPU latency: 0.180078 ms - Host latency: 0.180078 ms (enqueue 0.106006 ms)
[02/27/2026-11:10:59] [I] Average on 10 runs - GPU latency: 0.179712 ms - Host latency: 0.179712 ms (enqueue 0.104077 ms)
[02/27/2026-11:10:59] [I] Average on 10 runs - GPU latency: 0.179541 ms - Host latency: 0.179541 ms (enqueue 0.102393 ms)
[02/27/2026-11:10:59] [I] Average on 10 runs - GPU latency: 0.178345 ms - Host latency: 0.178345 ms (enqueue 0.103711 ms)
[02/27/2026-11:10:59] [I] Average on 10 runs - GPU latency: 0.178198 ms - Host latency: 0.178198 ms (enqueue 0.102002 ms)
[02/27/2026-11:10:59] [I] Average on 10 runs - GPU latency: 0.180005 ms - Host latency: 0.180005 ms (enqueue 0.104614 ms)
[02/27/2026-11:10:59] [I] Average on 10 runs - GPU latency: 0.17981 ms - Host latency: 0.17981 ms (enqueue 0.103394 ms)
[02/27/2026-11:10:59] [I] Average on 10 runs - GPU latency: 0.178101 ms - Host latency: 0.178101 ms (enqueue 0.106104 ms)
[02/27/2026-11:10:59] [I] Average on 10 runs - GPU latency: 0.179419 ms - Host latency: 0.179419 ms (enqueue 0.101953 ms)
[02/27/2026-11:10:59] [I] Average on 10 runs - GPU latency: 0.178345 ms - Host latency: 0.178345 ms (enqueue 0.105298 ms)
[02/27/2026-11:10:59] [I] Average on 10 runs - GPU latency: 0.179321 ms - Host latency: 0.179321 ms (enqueue 0.103955 ms)
[02/27/2026-11:10:59] [I] Average on 10 runs - GPU latency: 0.179492 ms - Host latency: 0.179492 ms (enqueue 0.100317 ms)
[02/27/2026-11:10:59] [I] Average on 10 runs - GPU latency: 0.178223 ms - Host latency: 0.178223 ms (enqueue 0.104687 ms)
[02/27/2026-11:10:59] [I] Average on 10 runs - GPU latency: 0.179761 ms - Host latency: 0.179761 ms (enqueue 0.104517 ms)
[02/27/2026-11:10:59] [I] Average on 10 runs - GPU latency: 0.179663 ms - Host latency: 0.179663 ms (enqueue 0.103613 ms)
[02/27/2026-11:10:59] [I] Average on 10 runs - GPU latency: 0.178149 ms - Host latency: 0.178149 ms (enqueue 0.10271 ms)
[02/27/2026-11:10:59] [I] Average on 10 runs - GPU latency: 0.178125 ms - Host latency: 0.178125 ms (enqueue 0.106519 ms)
[02/27/2026-11:10:59] [I] Average on 10 runs - GPU latency: 0.179663 ms - Host latency: 0.179663 ms (enqueue 0.102368 ms)
[02/27/2026-11:10:59] [I] Average on 10 runs - GPU latency: 0.17832 ms - Host latency: 0.17832 ms (enqueue 0.103857 ms)
[02/27/2026-11:10:59] [I] Average on 10 runs - GPU latency: 0.179541 ms - Host latency: 0.179541 ms (enqueue 0.0988281 ms)
[02/27/2026-11:10:59] [I] Average on 10 runs - GPU latency: 0.178931 ms - Host latency: 0.178931 ms (enqueue 0.107202 ms)
[02/27/2026-11:10:59] [I] Average on 10 runs - GPU latency: 0.177417 ms - Host latency: 0.177417 ms (enqueue 0.10459 ms)
[02/27/2026-11:10:59] [I] Average on 10 runs - GPU latency: 0.179614 ms - Host latency: 0.179614 ms (enqueue 0.10481 ms)
[02/27/2026-11:10:59] [I] Average on 10 runs - GPU latency: 0.179565 ms - Host latency: 0.179565 ms (enqueue 0.103076 ms)
[02/27/2026-11:10:59] [I] Average on 10 runs - GPU latency: 0.178979 ms - Host latency: 0.178979 ms (enqueue 0.104419 ms)
[02/27/2026-11:10:59] [I] Average on 10 runs - GPU latency: 0.180786 ms - Host latency: 0.180786 ms (enqueue 0.102271 ms)
[02/27/2026-11:10:59] [I] Average on 10 runs - GPU latency: 0.179272 ms - Host latency: 0.179272 ms (enqueue 0.104858 ms)
[02/27/2026-11:10:59] [I] Average on 10 runs - GPU latency: 0.179077 ms - Host latency: 0.179077 ms (enqueue 0.0960205 ms)
[02/27/2026-11:10:59] [I] Average on 10 runs - GPU latency: 0.178979 ms - Host latency: 0.178979 ms (enqueue 0.105347 ms)
[02/27/2026-11:10:59] [I] Average on 10 runs - GPU latency: 0.177734 ms - Host latency: 0.177734 ms (enqueue 0.106665 ms)
[02/27/2026-11:10:59] [I] Average on 10 runs - GPU latency: 0.180444 ms - Host latency: 0.180444 ms (enqueue 0.101709 ms)
[02/27/2026-11:10:59] [I] Average on 10 runs - GPU latency: 0.17876 ms - Host latency: 0.17876 ms (enqueue 0.0999023 ms)
[02/27/2026-11:10:59] [I] Average on 10 runs - GPU latency: 0.180225 ms - Host latency: 0.180225 ms (enqueue 0.102197 ms)
[02/27/2026-11:10:59] [I] Average on 10 runs - GPU latency: 0.180737 ms - Host latency: 0.180737 ms (enqueue 0.102075 ms)
[02/27/2026-11:10:59] [I] Average on 10 runs - GPU latency: 0.178394 ms - Host latency: 0.178394 ms (enqueue 0.10083 ms)
[02/27/2026-11:10:59] [I] Average on 10 runs - GPU latency: 0.179492 ms - Host latency: 0.179492 ms (enqueue 0.102148 ms)
[02/27/2026-11:10:59] [I] Average on 10 runs - GPU latency: 0.178735 ms - Host latency: 0.178735 ms (enqueue 0.105273 ms)
[02/27/2026-11:10:59] [I] Average on 10 runs - GPU latency: 0.179834 ms - Host latency: 0.179834 ms (enqueue 0.102075 ms)
[02/27/2026-11:10:59] [I] Average on 10 runs - GPU latency: 0.178906 ms - Host latency: 0.178906 ms (enqueue 0.100195 ms)
[02/27/2026-11:10:59] [I] Average on 10 runs - GPU latency: 0.180151 ms - Host latency: 0.180151 ms (enqueue 0.103662 ms)
[02/27/2026-11:10:59] [I] Average on 10 runs - GPU latency: 0.179297 ms - Host latency: 0.179297 ms (enqueue 0.10061 ms)
[02/27/2026-11:10:59] [I] Average on 10 runs - GPU latency: 0.179102 ms - Host latency: 0.179102 ms (enqueue 0.101025 ms)
[02/27/2026-11:10:59] [I] Average on 10 runs - GPU latency: 0.178638 ms - Host latency: 0.178638 ms (enqueue 0.102612 ms)
[02/27/2026-11:10:59] [I] Average on 10 runs - GPU latency: 0.179224 ms - Host latency: 0.179224 ms (enqueue 0.101904 ms)
[02/27/2026-11:10:59] [I] Average on 10 runs - GPU latency: 0.179663 ms - Host latency: 0.179663 ms (enqueue 0.100586 ms)
[02/27/2026-11:10:59] [I] Average on 10 runs - GPU latency: 0.17981 ms - Host latency: 0.17981 ms (enqueue 0.0989502 ms)
[02/27/2026-11:10:59] [I] Average on 10 runs - GPU latency: 0.180493 ms - Host latency: 0.180493 ms (enqueue 0.102588 ms)
[02/27/2026-11:10:59] [I] Average on 10 runs - GPU latency: 0.179077 ms - Host latency: 0.179077 ms (enqueue 0.0972168 ms)
[02/27/2026-11:10:59] [I] Average on 10 runs - GPU latency: 0.179395 ms - Host latency: 0.179395 ms (enqueue 0.103882 ms)
[02/27/2026-11:10:59] [I] Average on 10 runs - GPU latency: 0.179004 ms - Host latency: 0.179004 ms (enqueue 0.101685 ms)
[02/27/2026-11:10:59] [I] Average on 10 runs - GPU latency: 0.179956 ms - Host latency: 0.179956 ms (enqueue 0.101343 ms)
[02/27/2026-11:10:59] [I] Average on 10 runs - GPU latency: 0.17915 ms - Host latency: 0.17915 ms (enqueue 0.104687 ms)
[02/27/2026-11:10:59] [I] Average on 10 runs - GPU latency: 0.17959 ms - Host latency: 0.17959 ms (enqueue 0.100635 ms)
[02/27/2026-11:10:59] [I] Average on 10 runs - GPU latency: 0.179297 ms - Host latency: 0.179297 ms (enqueue 0.105615 ms)
[02/27/2026-11:10:59] [I] Average on 10 runs - GPU latency: 0.179785 ms - Host latency: 0.179785 ms (enqueue 0.101709 ms)
[02/27/2026-11:10:59] [I] Average on 10 runs - GPU latency: 0.17854 ms - Host latency: 0.17854 ms (enqueue 0.105054 ms)
[02/27/2026-11:10:59] [I] Average on 10 runs - GPU latency: 0.179614 ms - Host latency: 0.179614 ms (enqueue 0.104443 ms)
[02/27/2026-11:10:59] [I] Average on 10 runs - GPU latency: 0.178589 ms - Host latency: 0.178589 ms (enqueue 0.10293 ms)
[02/27/2026-11:10:59] [I] Average on 10 runs - GPU latency: 0.178369 ms - Host latency: 0.178369 ms (enqueue 0.103516 ms)
[02/27/2026-11:10:59] [I] Average on 10 runs - GPU latency: 0.17854 ms - Host latency: 0.17854 ms (enqueue 0.107617 ms)
[02/27/2026-11:10:59] [I] Average on 10 runs - GPU latency: 0.179883 ms - Host latency: 0.179883 ms (enqueue 0.100757 ms)
[02/27/2026-11:10:59] [I] Average on 10 runs - GPU latency: 0.179932 ms - Host latency: 0.179932 ms (enqueue 0.100537 ms)
[02/27/2026-11:10:59] [I] Average on 10 runs - GPU latency: 0.179395 ms - Host latency: 0.179395 ms (enqueue 0.105493 ms)
[02/27/2026-11:10:59] [I] Average on 10 runs - GPU latency: 0.179663 ms - Host latency: 0.179663 ms (enqueue 0.101147 ms)
[02/27/2026-11:10:59] [I] Average on 10 runs - GPU latency: 0.179102 ms - Host latency: 0.179102 ms (enqueue 0.100952 ms)
[02/27/2026-11:10:59] [I] Average on 10 runs - GPU latency: 0.178149 ms - Host latency: 0.178149 ms (enqueue 0.105762 ms)
[02/27/2026-11:10:59] [I] Average on 10 runs - GPU latency: 0.17998 ms - Host latency: 0.17998 ms (enqueue 0.104297 ms)
[02/27/2026-11:10:59] [I] Average on 10 runs - GPU latency: 0.179688 ms - Host latency: 0.179688 ms (enqueue 0.106689 ms)
[02/27/2026-11:10:59] [I] Average on 10 runs - GPU latency: 0.178833 ms - Host latency: 0.178833 ms (enqueue 0.10166 ms)
[02/27/2026-11:10:59] [I] Average on 10 runs - GPU latency: 0.178589 ms - Host latency: 0.178589 ms (enqueue 0.101123 ms)
[02/27/2026-11:10:59] [I] Average on 10 runs - GPU latency: 0.180151 ms - Host latency: 0.180151 ms (enqueue 0.103198 ms)
[02/27/2026-11:10:59] [I] Average on 10 runs - GPU latency: 0.179858 ms - Host latency: 0.179858 ms (enqueue 0.102637 ms)
[02/27/2026-11:10:59] [I] Average on 10 runs - GPU latency: 0.179272 ms - Host latency: 0.179272 ms (enqueue 0.0997559 ms)
[02/27/2026-11:10:59] [I] Average on 10 runs - GPU latency: 0.177979 ms - Host latency: 0.177979 ms (enqueue 0.10437 ms)
[02/27/2026-11:10:59] [I] Average on 10 runs - GPU latency: 0.178613 ms - Host latency: 0.178613 ms (enqueue 0.100781 ms)
[02/27/2026-11:10:59] [I] Average on 10 runs - GPU latency: 0.179272 ms - Host latency: 0.179272 ms (enqueue 0.104028 ms)
[02/27/2026-11:10:59] [I] Average on 10 runs - GPU latency: 0.179761 ms - Host latency: 0.179761 ms (enqueue 0.101099 ms)
[02/27/2026-11:10:59] [I] Average on 10 runs - GPU latency: 0.180176 ms - Host latency: 0.180176 ms (enqueue 0.104858 ms)
[02/27/2026-11:10:59] [I] Average on 10 runs - GPU latency: 0.178931 ms - Host latency: 0.178931 ms (enqueue 0.102783 ms)
[02/27/2026-11:10:59] [I] Average on 10 runs - GPU latency: 0.17832 ms - Host latency: 0.17832 ms (enqueue 0.105664 ms)
[02/27/2026-11:10:59] [I] Average on 10 runs - GPU latency: 0.178418 ms - Host latency: 0.178418 ms (enqueue 0.104663 ms)
[02/27/2026-11:10:59] [I] Average on 10 runs - GPU latency: 0.17959 ms - Host latency: 0.17959 ms (enqueue 0.101416 ms)
[02/27/2026-11:10:59] [I] Average on 10 runs - GPU latency: 0.178833 ms - Host latency: 0.178833 ms (enqueue 0.101562 ms)
[02/27/2026-11:10:59] [I] Average on 10 runs - GPU latency: 0.178101 ms - Host latency: 0.178101 ms (enqueue 0.10188 ms)
[02/27/2026-11:10:59] [I] Average on 10 runs - GPU latency: 0.178735 ms - Host latency: 0.178735 ms (enqueue 0.105127 ms)
[02/27/2026-11:10:59] [I] Average on 10 runs - GPU latency: 0.179443 ms - Host latency: 0.179443 ms (enqueue 0.103345 ms)
[02/27/2026-11:10:59] [I] Average on 10 runs - GPU latency: 0.178979 ms - Host latency: 0.178979 ms (enqueue 0.102002 ms)
[02/27/2026-11:10:59] [I] Average on 10 runs - GPU latency: 0.179077 ms - Host latency: 0.179077 ms (enqueue 0.102881 ms)
[02/27/2026-11:10:59] [I] Average on 10 runs - GPU latency: 0.178882 ms - Host latency: 0.178882 ms (enqueue 0.103711 ms)
[02/27/2026-11:10:59] [I] Average on 10 runs - GPU latency: 0.179053 ms - Host latency: 0.179053 ms (enqueue 0.101147 ms)
[02/27/2026-11:10:59] [I] Average on 10 runs - GPU latency: 0.178906 ms - Host latency: 0.178906 ms (enqueue 0.0984863 ms)
[02/27/2026-11:10:59] [I] Average on 10 runs - GPU latency: 0.17937 ms - Host latency: 0.17937 ms (enqueue 0.0995117 ms)
[02/27/2026-11:10:59] [I] Average on 10 runs - GPU latency: 0.179224 ms - Host latency: 0.179224 ms (enqueue 0.0995605 ms)
[02/27/2026-11:10:59] [I] Average on 10 runs - GPU latency: 0.178198 ms - Host latency: 0.178198 ms (enqueue 0.105078 ms)
[02/27/2026-11:10:59] [I] Average on 10 runs - GPU latency: 0.180347 ms - Host latency: 0.180347 ms (enqueue 0.101978 ms)
[02/27/2026-11:10:59] [I] Average on 10 runs - GPU latency: 0.178662 ms - Host latency: 0.178662 ms (enqueue 0.106885 ms)
[02/27/2026-11:10:59] [I] Average on 10 runs - GPU latency: 0.179834 ms - Host latency: 0.179834 ms (enqueue 0.104102 ms)
[02/27/2026-11:10:59] [I] Average on 10 runs - GPU latency: 0.179712 ms - Host latency: 0.179712 ms (enqueue 0.106665 ms)
[02/27/2026-11:10:59] [I] Average on 10 runs - GPU latency: 0.178516 ms - Host latency: 0.178516 ms (enqueue 0.104712 ms)
[02/27/2026-11:10:59] [I] Average on 10 runs - GPU latency: 0.18064 ms - Host latency: 0.18064 ms (enqueue 0.104932 ms)
[02/27/2026-11:10:59] [I] Average on 10 runs - GPU latency: 0.179565 ms - Host latency: 0.179565 ms (enqueue 0.102759 ms)
[02/27/2026-11:10:59] [I] Average on 10 runs - GPU latency: 0.180347 ms - Host latency: 0.180347 ms (enqueue 0.103882 ms)
[02/27/2026-11:10:59] [I] Average on 10 runs - GPU latency: 0.178784 ms - Host latency: 0.178784 ms (enqueue 0.10144 ms)
[02/27/2026-11:10:59] [I] Average on 10 runs - GPU latency: 0.17981 ms - Host latency: 0.17981 ms (enqueue 0.102832 ms)
[02/27/2026-11:10:59] [I] Average on 10 runs - GPU latency: 0.178271 ms - Host latency: 0.178271 ms (enqueue 0.105078 ms)
[02/27/2026-11:10:59] [I] Average on 10 runs - GPU latency: 0.178052 ms - Host latency: 0.178052 ms (enqueue 0.104565 ms)
[02/27/2026-11:10:59] [I] Average on 10 runs - GPU latency: 0.178638 ms - Host latency: 0.178638 ms (enqueue 0.104004 ms)
[02/27/2026-11:10:59] [I] Average on 10 runs - GPU latency: 0.178906 ms - Host latency: 0.178906 ms (enqueue 0.102612 ms)
[02/27/2026-11:10:59] [I] Average on 10 runs - GPU latency: 0.178857 ms - Host latency: 0.178857 ms (enqueue 0.10647 ms)
[02/27/2026-11:10:59] [I] Average on 10 runs - GPU latency: 0.179614 ms - Host latency: 0.179614 ms (enqueue 0.0997803 ms)
[02/27/2026-11:10:59] [I] Average on 10 runs - GPU latency: 0.180103 ms - Host latency: 0.180103 ms (enqueue 0.105884 ms)
[02/27/2026-11:10:59] [I] Average on 10 runs - GPU latency: 0.178564 ms - Host latency: 0.178564 ms (enqueue 0.105151 ms)
[02/27/2026-11:10:59] [I] Average on 10 runs - GPU latency: 0.178906 ms - Host latency: 0.178906 ms (enqueue 0.101392 ms)
[02/27/2026-11:10:59] [I] Average on 10 runs - GPU latency: 0.179297 ms - Host latency: 0.179297 ms (enqueue 0.10271 ms)
[02/27/2026-11:10:59] [I] Average on 10 runs - GPU latency: 0.178906 ms - Host latency: 0.178906 ms (enqueue 0.103931 ms)
[02/27/2026-11:10:59] [I] Average on 10 runs - GPU latency: 0.178564 ms - Host latency: 0.178564 ms (enqueue 0.104956 ms)
[02/27/2026-11:10:59] [I] Average on 10 runs - GPU latency: 0.177075 ms - Host latency: 0.177075 ms (enqueue 0.105688 ms)
[02/27/2026-11:10:59] [I] Average on 10 runs - GPU latency: 0.178613 ms - Host latency: 0.178613 ms (enqueue 0.104321 ms)
[02/27/2026-11:10:59] [I] Average on 10 runs - GPU latency: 0.181274 ms - Host latency: 0.181274 ms (enqueue 0.102026 ms)
[02/27/2026-11:10:59] [I] Average on 10 runs - GPU latency: 0.179419 ms - Host latency: 0.179419 ms (enqueue 0.108228 ms)
[02/27/2026-11:10:59] [I] Average on 10 runs - GPU latency: 0.179565 ms - Host latency: 0.179565 ms (enqueue 0.100366 ms)
[02/27/2026-11:10:59] [I] Average on 10 runs - GPU latency: 0.178638 ms - Host latency: 0.178638 ms (enqueue 0.105396 ms)
[02/27/2026-11:10:59] [I] Average on 10 runs - GPU latency: 0.180151 ms - Host latency: 0.180151 ms (enqueue 0.104297 ms)
[02/27/2026-11:10:59] [I] Average on 10 runs - GPU latency: 0.179761 ms - Host latency: 0.179761 ms (enqueue 0.102832 ms)
[02/27/2026-11:10:59] [I] Average on 10 runs - GPU latency: 0.179126 ms - Host latency: 0.179126 ms (enqueue 0.102344 ms)
[02/27/2026-11:10:59] [I] Average on 10 runs - GPU latency: 0.178076 ms - Host latency: 0.178076 ms (enqueue 0.105225 ms)
[02/27/2026-11:10:59] [I] Average on 10 runs - GPU latency: 0.177393 ms - Host latency: 0.177393 ms (enqueue 0.110107 ms)
[02/27/2026-11:10:59] [I] Average on 10 runs - GPU latency: 0.179004 ms - Host latency: 0.179004 ms (enqueue 0.104687 ms)
[02/27/2026-11:10:59] [I] Average on 10 runs - GPU latency: 0.179492 ms - Host latency: 0.179492 ms (enqueue 0.104053 ms)
[02/27/2026-11:10:59] [I] Average on 10 runs - GPU latency: 0.17998 ms - Host latency: 0.17998 ms (enqueue 0.103271 ms)
[02/27/2026-11:10:59] [I] Average on 10 runs - GPU latency: 0.179028 ms - Host latency: 0.179028 ms (enqueue 0.104858 ms)
[02/27/2026-11:10:59] [I] Average on 10 runs - GPU latency: 0.179688 ms - Host latency: 0.179688 ms (enqueue 0.0984619 ms)
[02/27/2026-11:10:59] [I] Average on 10 runs - GPU latency: 0.178931 ms - Host latency: 0.178931 ms (enqueue 0.102124 ms)
[02/27/2026-11:10:59] [I] Average on 10 runs - GPU latency: 0.178857 ms - Host latency: 0.178857 ms (enqueue 0.0989014 ms)
[02/27/2026-11:10:59] [I] Average on 10 runs - GPU latency: 0.178833 ms - Host latency: 0.178833 ms (enqueue 0.099292 ms)
[02/27/2026-11:10:59] [I] Average on 10 runs - GPU latency: 0.178369 ms - Host latency: 0.178369 ms (enqueue 0.0990234 ms)
[02/27/2026-11:10:59] [I] Average on 10 runs - GPU latency: 0.179712 ms - Host latency: 0.179712 ms (enqueue 0.102344 ms)
[02/27/2026-11:10:59] [I] Average on 10 runs - GPU latency: 0.178345 ms - Host latency: 0.178345 ms (enqueue 0.104907 ms)
[02/27/2026-11:10:59] [I] Average on 10 runs - GPU latency: 0.178149 ms - Host latency: 0.178149 ms (enqueue 0.100635 ms)
[02/27/2026-11:10:59] [I] Average on 10 runs - GPU latency: 0.180371 ms - Host latency: 0.180371 ms (enqueue 0.102295 ms)
[02/27/2026-11:10:59] [I] Average on 10 runs - GPU latency: 0.178735 ms - Host latency: 0.178735 ms (enqueue 0.100903 ms)
[02/27/2026-11:10:59] [I] Average on 10 runs - GPU latency: 0.179395 ms - Host latency: 0.179395 ms (enqueue 0.101001 ms)
[02/27/2026-11:10:59] [I] Average on 10 runs - GPU latency: 0.17981 ms - Host latency: 0.17981 ms (enqueue 0.103784 ms)
[02/27/2026-11:10:59] [I] Average on 10 runs - GPU latency: 0.179443 ms - Host latency: 0.179443 ms (enqueue 0.101782 ms)
[02/27/2026-11:10:59] [I] Average on 10 runs - GPU latency: 0.179736 ms - Host latency: 0.179736 ms (enqueue 0.0997314 ms)
[02/27/2026-11:10:59] [I] Average on 10 runs - GPU latency: 0.179907 ms - Host latency: 0.179907 ms (enqueue 0.0998291 ms)
[02/27/2026-11:10:59] [I] Average on 10 runs - GPU latency: 0.178955 ms - Host latency: 0.178955 ms (enqueue 0.102905 ms)
[02/27/2026-11:10:59] [I] Average on 10 runs - GPU latency: 0.178711 ms - Host latency: 0.178711 ms (enqueue 0.102417 ms)
[02/27/2026-11:10:59] [I] Average on 10 runs - GPU latency: 0.180103 ms - Host latency: 0.180103 ms (enqueue 0.102197 ms)
[02/27/2026-11:10:59] [I] Average on 10 runs - GPU latency: 0.179688 ms - Host latency: 0.179688 ms (enqueue 0.100903 ms)
[02/27/2026-11:10:59] [I] Average on 10 runs - GPU latency: 0.178931 ms - Host latency: 0.178931 ms (enqueue 0.10498 ms)
[02/27/2026-11:10:59] [I] Average on 10 runs - GPU latency: 0.179102 ms - Host latency: 0.179102 ms (enqueue 0.100708 ms)
[02/27/2026-11:10:59] [I] Average on 10 runs - GPU latency: 0.178516 ms - Host latency: 0.178516 ms (enqueue 0.102808 ms)
[02/27/2026-11:10:59] [I] Average on 10 runs - GPU latency: 0.179688 ms - Host latency: 0.179688 ms (enqueue 0.102954 ms)
[02/27/2026-11:10:59] [I] Average on 10 runs - GPU latency: 0.17981 ms - Host latency: 0.17981 ms (enqueue 0.104639 ms)
[02/27/2026-11:10:59] [I] Average on 10 runs - GPU latency: 0.178271 ms - Host latency: 0.178271 ms (enqueue 0.109424 ms)
[02/27/2026-11:10:59] [I] Average on 10 runs - GPU latency: 0.178247 ms - Host latency: 0.178247 ms (enqueue 0.0998779 ms)
[02/27/2026-11:10:59] [I] Average on 10 runs - GPU latency: 0.17854 ms - Host latency: 0.17854 ms (enqueue 0.102173 ms)
[02/27/2026-11:10:59] [I] Average on 10 runs - GPU latency: 0.179712 ms - Host latency: 0.179712 ms (enqueue 0.102124 ms)
[02/27/2026-11:10:59] [I] Average on 10 runs - GPU latency: 0.180249 ms - Host latency: 0.180249 ms (enqueue 0.101611 ms)
[02/27/2026-11:10:59] [I] Average on 10 runs - GPU latency: 0.179517 ms - Host latency: 0.179517 ms (enqueue 0.0998047 ms)
[02/27/2026-11:10:59] [I] Average on 10 runs - GPU latency: 0.179199 ms - Host latency: 0.179199 ms (enqueue 0.100269 ms)
[02/27/2026-11:10:59] [I] Average on 10 runs - GPU latency: 0.179761 ms - Host latency: 0.179761 ms (enqueue 0.101318 ms)
[02/27/2026-11:10:59] [I] Average on 10 runs - GPU latency: 0.179346 ms - Host latency: 0.179346 ms (enqueue 0.104175 ms)
[02/27/2026-11:10:59] [I] Average on 10 runs - GPU latency: 0.17981 ms - Host latency: 0.17981 ms (enqueue 0.101929 ms)
[02/27/2026-11:10:59] [I] Average on 10 runs - GPU latency: 0.17959 ms - Host latency: 0.17959 ms (enqueue 0.0993652 ms)
[02/27/2026-11:10:59] [I] Average on 10 runs - GPU latency: 0.178198 ms - Host latency: 0.178198 ms (enqueue 0.102954 ms)
[02/27/2026-11:10:59] [I] Average on 10 runs - GPU latency: 0.17915 ms - Host latency: 0.17915 ms (enqueue 0.101782 ms)
[02/27/2026-11:10:59] [I] Average on 10 runs - GPU latency: 0.179053 ms - Host latency: 0.179053 ms (enqueue 0.0999512 ms)
[02/27/2026-11:10:59] [I] Average on 10 runs - GPU latency: 0.179272 ms - Host latency: 0.179272 ms (enqueue 0.101147 ms)
[02/27/2026-11:10:59] [I] Average on 10 runs - GPU latency: 0.179443 ms - Host latency: 0.179443 ms (enqueue 0.103271 ms)
[02/27/2026-11:10:59] [I] Average on 10 runs - GPU latency: 0.179272 ms - Host latency: 0.179272 ms (enqueue 0.103491 ms)
[02/27/2026-11:10:59] [I] Average on 10 runs - GPU latency: 0.178882 ms - Host latency: 0.178882 ms (enqueue 0.104565 ms)
[02/27/2026-11:10:59] [I] Average on 10 runs - GPU latency: 0.180347 ms - Host latency: 0.180347 ms (enqueue 0.10144 ms)
[02/27/2026-11:10:59] [I] Average on 10 runs - GPU latency: 0.17937 ms - Host latency: 0.17937 ms (enqueue 0.102563 ms)
[02/27/2026-11:10:59] [I] Average on 10 runs - GPU latency: 0.179907 ms - Host latency: 0.179907 ms (enqueue 0.10144 ms)
[02/27/2026-11:10:59] [I] Average on 10 runs - GPU latency: 0.179688 ms - Host latency: 0.179688 ms (enqueue 0.0983398 ms)
[02/27/2026-11:10:59] [I] Average on 10 runs - GPU latency: 0.180225 ms - Host latency: 0.180225 ms (enqueue 0.103076 ms)
[02/27/2026-11:10:59] [I] Average on 10 runs - GPU latency: 0.17981 ms - Host latency: 0.17981 ms (enqueue 0.101685 ms)
[02/27/2026-11:10:59] [I] Average on 10 runs - GPU latency: 0.178271 ms - Host latency: 0.178271 ms (enqueue 0.104175 ms)
[02/27/2026-11:10:59] [I] Average on 10 runs - GPU latency: 0.178711 ms - Host latency: 0.178711 ms (enqueue 0.104321 ms)
[02/27/2026-11:10:59] [I] Average on 10 runs - GPU latency: 0.179199 ms - Host latency: 0.179199 ms (enqueue 0.104907 ms)
[02/27/2026-11:10:59] [I] Average on 10 runs - GPU latency: 0.17981 ms - Host latency: 0.17981 ms (enqueue 0.10415 ms)
[02/27/2026-11:10:59] [I] Average on 10 runs - GPU latency: 0.178638 ms - Host latency: 0.178638 ms (enqueue 0.105298 ms)
[02/27/2026-11:10:59] [I] Average on 10 runs - GPU latency: 0.178809 ms - Host latency: 0.178809 ms (enqueue 0.104565 ms)
[02/27/2026-11:10:59] [I] Average on 10 runs - GPU latency: 0.178052 ms - Host latency: 0.178052 ms (enqueue 0.105127 ms)
[02/27/2026-11:10:59] [I] Average on 10 runs - GPU latency: 0.178247 ms - Host latency: 0.178247 ms (enqueue 0.102539 ms)
[02/27/2026-11:10:59] [I] Average on 10 runs - GPU latency: 0.178857 ms - Host latency: 0.178857 ms (enqueue 0.103638 ms)
[02/27/2026-11:10:59] [I] Average on 10 runs - GPU latency: 0.178613 ms - Host latency: 0.178613 ms (enqueue 0.103125 ms)
[02/27/2026-11:10:59] [I] Average on 10 runs - GPU latency: 0.17998 ms - Host latency: 0.17998 ms (enqueue 0.101855 ms)
[02/27/2026-11:10:59] [I] Average on 10 runs - GPU latency: 0.179199 ms - Host latency: 0.179199 ms (enqueue 0.0999023 ms)
[02/27/2026-11:10:59] [I] Average on 10 runs - GPU latency: 0.180396 ms - Host latency: 0.180396 ms (enqueue 0.100098 ms)
[02/27/2026-11:10:59] [I] Average on 10 runs - GPU latency: 0.18042 ms - Host latency: 0.18042 ms (enqueue 0.101758 ms)
[02/27/2026-11:10:59] [I] Average on 10 runs - GPU latency: 0.179639 ms - Host latency: 0.179639 ms (enqueue 0.100708 ms)
[02/27/2026-11:10:59] [I] Average on 10 runs - GPU latency: 0.178711 ms - Host latency: 0.178711 ms (enqueue 0.102563 ms)
[02/27/2026-11:10:59] [I] Average on 10 runs - GPU latency: 0.179053 ms - Host latency: 0.179053 ms (enqueue 0.104248 ms)
[02/27/2026-11:10:59] [I] Average on 10 runs - GPU latency: 0.17832 ms - Host latency: 0.17832 ms (enqueue 0.101758 ms)
[02/27/2026-11:10:59] [I] Average on 10 runs - GPU latency: 0.179028 ms - Host latency: 0.179028 ms (enqueue 0.100171 ms)
[02/27/2026-11:10:59] [I] Average on 10 runs - GPU latency: 0.179126 ms - Host latency: 0.179126 ms (enqueue 0.10542 ms)
[02/27/2026-11:10:59] [I] Average on 10 runs - GPU latency: 0.179419 ms - Host latency: 0.179419 ms (enqueue 0.100317 ms)
[02/27/2026-11:10:59] [I] Average on 10 runs - GPU latency: 0.179077 ms - Host latency: 0.179077 ms (enqueue 0.104956 ms)
[02/27/2026-11:10:59] [I] Average on 10 runs - GPU latency: 0.179321 ms - Host latency: 0.179321 ms (enqueue 0.104907 ms)
[02/27/2026-11:10:59] [I] Average on 10 runs - GPU latency: 0.178491 ms - Host latency: 0.178491 ms (enqueue 0.0995361 ms)
[02/27/2026-11:10:59] [I] Average on 10 runs - GPU latency: 0.178394 ms - Host latency: 0.178394 ms (enqueue 0.110937 ms)
[02/27/2026-11:10:59] [I] Average on 10 runs - GPU latency: 0.179541 ms - Host latency: 0.179541 ms (enqueue 0.10022 ms)
[02/27/2026-11:10:59] [I] Average on 10 runs - GPU latency: 0.17771 ms - Host latency: 0.17771 ms (enqueue 0.1052 ms)
[02/27/2026-11:10:59] [I] Average on 10 runs - GPU latency: 0.180054 ms - Host latency: 0.180054 ms (enqueue 0.10144 ms)
[02/27/2026-11:10:59] [I] Average on 10 runs - GPU latency: 0.178247 ms - Host latency: 0.178247 ms (enqueue 0.10603 ms)
[02/27/2026-11:10:59] [I] Average on 10 runs - GPU latency: 0.178467 ms - Host latency: 0.178467 ms (enqueue 0.0989258 ms)
[02/27/2026-11:10:59] [I] Average on 10 runs - GPU latency: 0.178735 ms - Host latency: 0.178735 ms (enqueue 0.0968262 ms)
[02/27/2026-11:10:59] [I] Average on 10 runs - GPU latency: 0.179321 ms - Host latency: 0.179321 ms (enqueue 0.103784 ms)
[02/27/2026-11:10:59] [I] Average on 10 runs - GPU latency: 0.179419 ms - Host latency: 0.179419 ms (enqueue 0.0999756 ms)
[02/27/2026-11:10:59] [I] Average on 10 runs - GPU latency: 0.178784 ms - Host latency: 0.178784 ms (enqueue 0.103882 ms)
[02/27/2026-11:10:59] [I] Average on 10 runs - GPU latency: 0.17832 ms - Host latency: 0.17832 ms (enqueue 0.100073 ms)
[02/27/2026-11:10:59] [I] Average on 10 runs - GPU latency: 0.179761 ms - Host latency: 0.179761 ms (enqueue 0.0999023 ms)
[02/27/2026-11:10:59] [I] Average on 10 runs - GPU latency: 0.17749 ms - Host latency: 0.17749 ms (enqueue 0.107642 ms)
[02/27/2026-11:10:59] [I] Average on 10 runs - GPU latency: 0.17876 ms - Host latency: 0.17876 ms (enqueue 0.104199 ms)
[02/27/2026-11:10:59] [I] Average on 10 runs - GPU latency: 0.17876 ms - Host latency: 0.17876 ms (enqueue 0.10603 ms)
[02/27/2026-11:10:59] [I] Average on 10 runs - GPU latency: 0.179565 ms - Host latency: 0.179565 ms (enqueue 0.0984131 ms)
[02/27/2026-11:10:59] [I] Average on 10 runs - GPU latency: 0.17959 ms - Host latency: 0.17959 ms (enqueue 0.100415 ms)
[02/27/2026-11:10:59] [I] Average on 10 runs - GPU latency: 0.17998 ms - Host latency: 0.17998 ms (enqueue 0.0983643 ms)
[02/27/2026-11:10:59] [I] Average on 10 runs - GPU latency: 0.178027 ms - Host latency: 0.178027 ms (enqueue 0.100464 ms)
[02/27/2026-11:10:59] [I] Average on 10 runs - GPU latency: 0.179272 ms - Host latency: 0.179272 ms (enqueue 0.105151 ms)
[02/27/2026-11:10:59] [I] Average on 10 runs - GPU latency: 0.178955 ms - Host latency: 0.178955 ms (enqueue 0.106006 ms)
[02/27/2026-11:10:59] [I] Average on 10 runs - GPU latency: 0.17998 ms - Host latency: 0.17998 ms (enqueue 0.103613 ms)
[02/27/2026-11:10:59] [I] Average on 10 runs - GPU latency: 0.179053 ms - Host latency: 0.179053 ms (enqueue 0.102124 ms)
[02/27/2026-11:10:59] [I] Average on 10 runs - GPU latency: 0.179297 ms - Host latency: 0.179297 ms (enqueue 0.100391 ms)
[02/27/2026-11:10:59] [I] Average on 10 runs - GPU latency: 0.179053 ms - Host latency: 0.179053 ms (enqueue 0.10437 ms)
[02/27/2026-11:10:59] [I] Average on 10 runs - GPU latency: 0.180249 ms - Host latency: 0.180249 ms (enqueue 0.100757 ms)
[02/27/2026-11:10:59] [I] Average on 10 runs - GPU latency: 0.179224 ms - Host latency: 0.179224 ms (enqueue 0.100854 ms)
[02/27/2026-11:10:59] [I] Average on 10 runs - GPU latency: 0.179175 ms - Host latency: 0.179175 ms (enqueue 0.101099 ms)
[02/27/2026-11:10:59] [I] Average on 10 runs - GPU latency: 0.179053 ms - Host latency: 0.179053 ms (enqueue 0.101343 ms)
[02/27/2026-11:10:59] [I] Average on 10 runs - GPU latency: 0.179004 ms - Host latency: 0.179004 ms (enqueue 0.10293 ms)
[02/27/2026-11:10:59] [I] Average on 10 runs - GPU latency: 0.179468 ms - Host latency: 0.179468 ms (enqueue 0.100171 ms)
[02/27/2026-11:10:59] [I] Average on 10 runs - GPU latency: 0.179517 ms - Host latency: 0.179517 ms (enqueue 0.100732 ms)
[02/27/2026-11:10:59] [I] Average on 10 runs - GPU latency: 0.180762 ms - Host latency: 0.180762 ms (enqueue 0.0996826 ms)
[02/27/2026-11:10:59] [I] Average on 10 runs - GPU latency: 0.179761 ms - Host latency: 0.179761 ms (enqueue 0.100562 ms)
[02/27/2026-11:10:59] [I] Average on 10 runs - GPU latency: 0.179688 ms - Host latency: 0.179688 ms (enqueue 0.101953 ms)
[02/27/2026-11:10:59] [I] Average on 10 runs - GPU latency: 0.179395 ms - Host latency: 0.179395 ms (enqueue 0.105444 ms)
[02/27/2026-11:10:59] [I] Average on 10 runs - GPU latency: 0.180396 ms - Host latency: 0.180396 ms (enqueue 0.100073 ms)
[02/27/2026-11:10:59] [I] Average on 10 runs - GPU latency: 0.179956 ms - Host latency: 0.179956 ms (enqueue 0.100073 ms)
[02/27/2026-11:10:59] [I] Average on 10 runs - GPU latency: 0.179199 ms - Host latency: 0.179199 ms (enqueue 0.100952 ms)
[02/27/2026-11:10:59] [I] Average on 10 runs - GPU latency: 0.179297 ms - Host latency: 0.179297 ms (enqueue 0.103784 ms)
[02/27/2026-11:10:59] [I] Average on 10 runs - GPU latency: 0.180078 ms - Host latency: 0.180078 ms (enqueue 0.104492 ms)
[02/27/2026-11:10:59] [I] Average on 10 runs - GPU latency: 0.180737 ms - Host latency: 0.180737 ms (enqueue 0.104663 ms)
[02/27/2026-11:10:59] [I] Average on 10 runs - GPU latency: 0.179004 ms - Host latency: 0.179004 ms (enqueue 0.104004 ms)
[02/27/2026-11:10:59] [I] Average on 10 runs - GPU latency: 0.17876 ms - Host latency: 0.17876 ms (enqueue 0.104419 ms)
[02/27/2026-11:10:59] [I] Average on 10 runs - GPU latency: 0.178906 ms - Host latency: 0.178906 ms (enqueue 0.103442 ms)
[02/27/2026-11:10:59] [I] Average on 10 runs - GPU latency: 0.17937 ms - Host latency: 0.17937 ms (enqueue 0.103711 ms)
[02/27/2026-11:10:59] [I] Average on 10 runs - GPU latency: 0.179541 ms - Host latency: 0.179541 ms (enqueue 0.102637 ms)
[02/27/2026-11:10:59] [I] Average on 10 runs - GPU latency: 0.180176 ms - Host latency: 0.180176 ms (enqueue 0.0975098 ms)
[02/27/2026-11:10:59] [I] Average on 10 runs - GPU latency: 0.179834 ms - Host latency: 0.179834 ms (enqueue 0.0984863 ms)
[02/27/2026-11:10:59] [I] Average on 10 runs - GPU latency: 0.178882 ms - Host latency: 0.178882 ms (enqueue 0.101904 ms)
[02/27/2026-11:10:59] [I] Average on 10 runs - GPU latency: 0.179395 ms - Host latency: 0.179395 ms (enqueue 0.100708 ms)
[02/27/2026-11:10:59] [I] Average on 10 runs - GPU latency: 0.178052 ms - Host latency: 0.178052 ms (enqueue 0.100684 ms)
[02/27/2026-11:10:59] [I] Average on 10 runs - GPU latency: 0.179761 ms - Host latency: 0.179761 ms (enqueue 0.100659 ms)
[02/27/2026-11:10:59] [I] Average on 10 runs - GPU latency: 0.17876 ms - Host latency: 0.17876 ms (enqueue 0.101562 ms)
[02/27/2026-11:10:59] [I] Average on 10 runs - GPU latency: 0.179663 ms - Host latency: 0.179663 ms (enqueue 0.100098 ms)
[02/27/2026-11:10:59] [I] Average on 10 runs - GPU latency: 0.1802 ms - Host latency: 0.1802 ms (enqueue 0.103882 ms)
[02/27/2026-11:10:59] [I] Average on 10 runs - GPU latency: 0.180371 ms - Host latency: 0.180371 ms (enqueue 0.103442 ms)
[02/27/2026-11:10:59] [I] Average on 10 runs - GPU latency: 0.179395 ms - Host latency: 0.179395 ms (enqueue 0.104077 ms)
[02/27/2026-11:10:59] [I] Average on 10 runs - GPU latency: 0.180054 ms - Host latency: 0.180054 ms (enqueue 0.103345 ms)
[02/27/2026-11:10:59] [I] Average on 10 runs - GPU latency: 0.17937 ms - Host latency: 0.17937 ms (enqueue 0.10083 ms)
[02/27/2026-11:10:59] [I] Average on 10 runs - GPU latency: 0.178662 ms - Host latency: 0.178662 ms (enqueue 0.101392 ms)
[02/27/2026-11:10:59] [I] Average on 10 runs - GPU latency: 0.179224 ms - Host latency: 0.179224 ms (enqueue 0.101807 ms)
[02/27/2026-11:10:59] [I] Average on 10 runs - GPU latency: 0.177954 ms - Host latency: 0.177954 ms (enqueue 0.105566 ms)
[02/27/2026-11:10:59] [I] Average on 10 runs - GPU latency: 0.179346 ms - Host latency: 0.179346 ms (enqueue 0.0989014 ms)
[02/27/2026-11:10:59] [I] Average on 10 runs - GPU latency: 0.179419 ms - Host latency: 0.179419 ms (enqueue 0.100391 ms)
[02/27/2026-11:10:59] [I] Average on 10 runs - GPU latency: 0.180127 ms - Host latency: 0.180127 ms (enqueue 0.0966553 ms)
[02/27/2026-11:10:59] [I] Average on 10 runs - GPU latency: 0.178125 ms - Host latency: 0.178125 ms (enqueue 0.104517 ms)
[02/27/2026-11:10:59] [I] Average on 10 runs - GPU latency: 0.180371 ms - Host latency: 0.180371 ms (enqueue 0.0995117 ms)
[02/27/2026-11:10:59] [I] Average on 10 runs - GPU latency: 0.179419 ms - Host latency: 0.179419 ms (enqueue 0.108911 ms)
[02/27/2026-11:10:59] [I] Average on 10 runs - GPU latency: 0.180005 ms - Host latency: 0.180005 ms (enqueue 0.0999023 ms)
[02/27/2026-11:10:59] [I] Average on 10 runs - GPU latency: 0.179102 ms - Host latency: 0.179102 ms (enqueue 0.10022 ms)
[02/27/2026-11:10:59] [I] Average on 10 runs - GPU latency: 0.17915 ms - Host latency: 0.17915 ms (enqueue 0.102344 ms)
[02/27/2026-11:10:59] [I] Average on 10 runs - GPU latency: 0.180444 ms - Host latency: 0.180444 ms (enqueue 0.0981689 ms)
[02/27/2026-11:10:59] [I] Average on 10 runs - GPU latency: 0.179321 ms - Host latency: 0.179321 ms (enqueue 0.103174 ms)
[02/27/2026-11:10:59] [I] Average on 10 runs - GPU latency: 0.179639 ms - Host latency: 0.179639 ms (enqueue 0.102588 ms)
[02/27/2026-11:10:59] [I] Average on 10 runs - GPU latency: 0.178394 ms - Host latency: 0.178394 ms (enqueue 0.106494 ms)
[02/27/2026-11:10:59] [I] Average on 10 runs - GPU latency: 0.179565 ms - Host latency: 0.179565 ms (enqueue 0.102295 ms)
[02/27/2026-11:10:59] [I] Average on 10 runs - GPU latency: 0.178882 ms - Host latency: 0.178882 ms (enqueue 0.103491 ms)
[02/27/2026-11:10:59] [I] Average on 10 runs - GPU latency: 0.178589 ms - Host latency: 0.178589 ms (enqueue 0.100513 ms)
[02/27/2026-11:10:59] [I] Average on 10 runs - GPU latency: 0.178516 ms - Host latency: 0.178516 ms (enqueue 0.104077 ms)
[02/27/2026-11:10:59] [I] Average on 10 runs - GPU latency: 0.179004 ms - Host latency: 0.179004 ms (enqueue 0.105103 ms)
[02/27/2026-11:10:59] [I] Average on 10 runs - GPU latency: 0.178735 ms - Host latency: 0.178735 ms (enqueue 0.107202 ms)
[02/27/2026-11:10:59] [I] Average on 10 runs - GPU latency: 0.178979 ms - Host latency: 0.178979 ms (enqueue 0.104565 ms)
[02/27/2026-11:10:59] [I] Average on 10 runs - GPU latency: 0.179688 ms - Host latency: 0.179688 ms (enqueue 0.100708 ms)
[02/27/2026-11:10:59] [I] Average on 10 runs - GPU latency: 0.180249 ms - Host latency: 0.180249 ms (enqueue 0.104004 ms)
[02/27/2026-11:10:59] [I] Average on 10 runs - GPU latency: 0.179199 ms - Host latency: 0.179199 ms (enqueue 0.102466 ms)
[02/27/2026-11:10:59] [I] Average on 10 runs - GPU latency: 0.179199 ms - Host latency: 0.179199 ms (enqueue 0.10105 ms)
[02/27/2026-11:10:59] [I] Average on 10 runs - GPU latency: 0.17959 ms - Host latency: 0.17959 ms (enqueue 0.10083 ms)
[02/27/2026-11:10:59] [I] Average on 10 runs - GPU latency: 0.178906 ms - Host latency: 0.178906 ms (enqueue 0.106372 ms)
[02/27/2026-11:10:59] [I] Average on 10 runs - GPU latency: 0.180029 ms - Host latency: 0.180029 ms (enqueue 0.101978 ms)
[02/27/2026-11:10:59] [I] Average on 10 runs - GPU latency: 0.179785 ms - Host latency: 0.179785 ms (enqueue 0.100293 ms)
[02/27/2026-11:10:59] [I] Average on 10 runs - GPU latency: 0.179419 ms - Host latency: 0.179419 ms (enqueue 0.102563 ms)
[02/27/2026-11:10:59] [I] Average on 10 runs - GPU latency: 0.180615 ms - Host latency: 0.180615 ms (enqueue 0.100049 ms)
[02/27/2026-11:10:59] [I] Average on 10 runs - GPU latency: 0.179492 ms - Host latency: 0.179492 ms (enqueue 0.101611 ms)
[02/27/2026-11:10:59] [I] Average on 10 runs - GPU latency: 0.178955 ms - Host latency: 0.178955 ms (enqueue 0.100293 ms)
[02/27/2026-11:10:59] [I] Average on 10 runs - GPU latency: 0.180005 ms - Host latency: 0.180005 ms (enqueue 0.104004 ms)
[02/27/2026-11:10:59] [I] Average on 10 runs - GPU latency: 0.180615 ms - Host latency: 0.180615 ms (enqueue 0.103369 ms)
[02/27/2026-11:10:59] [I] Average on 10 runs - GPU latency: 0.180151 ms - Host latency: 0.180151 ms (enqueue 0.102637 ms)
[02/27/2026-11:10:59] [I] Average on 10 runs - GPU latency: 0.179468 ms - Host latency: 0.179468 ms (enqueue 0.103198 ms)
[02/27/2026-11:10:59] [I] Average on 10 runs - GPU latency: 0.180908 ms - Host latency: 0.180908 ms (enqueue 0.103882 ms)
[02/27/2026-11:10:59] [I] Average on 10 runs - GPU latency: 0.180225 ms - Host latency: 0.180225 ms (enqueue 0.101685 ms)
[02/27/2026-11:10:59] [I] Average on 10 runs - GPU latency: 0.179639 ms - Host latency: 0.179639 ms (enqueue 0.102661 ms)
[02/27/2026-11:10:59] [I] Average on 10 runs - GPU latency: 0.180151 ms - Host latency: 0.180151 ms (enqueue 0.101782 ms)
[02/27/2026-11:10:59] [I] Average on 10 runs - GPU latency: 0.179321 ms - Host latency: 0.179321 ms (enqueue 0.0995361 ms)
[02/27/2026-11:10:59] [I] Average on 10 runs - GPU latency: 0.178833 ms - Host latency: 0.178833 ms (enqueue 0.10188 ms)
[02/27/2026-11:10:59] [I] Average on 10 runs - GPU latency: 0.178394 ms - Host latency: 0.178394 ms (enqueue 0.100024 ms)
[02/27/2026-11:10:59] [I] Average on 10 runs - GPU latency: 0.17937 ms - Host latency: 0.17937 ms (enqueue 0.103467 ms)
[02/27/2026-11:10:59] [I] Average on 10 runs - GPU latency: 0.180884 ms - Host latency: 0.180884 ms (enqueue 0.101855 ms)
[02/27/2026-11:10:59] [I] Average on 10 runs - GPU latency: 0.178516 ms - Host latency: 0.178516 ms (enqueue 0.101733 ms)
[02/27/2026-11:10:59] [I] Average on 10 runs - GPU latency: 0.179761 ms - Host latency: 0.179761 ms (enqueue 0.0986328 ms)
[02/27/2026-11:10:59] [I] Average on 10 runs - GPU latency: 0.178638 ms - Host latency: 0.178638 ms (enqueue 0.103345 ms)
[02/27/2026-11:10:59] [I] Average on 10 runs - GPU latency: 0.179517 ms - Host latency: 0.179517 ms (enqueue 0.0998779 ms)
[02/27/2026-11:10:59] [I] Average on 10 runs - GPU latency: 0.179468 ms - Host latency: 0.179468 ms (enqueue 0.102295 ms)
[02/27/2026-11:10:59] [I] Average on 10 runs - GPU latency: 0.180322 ms - Host latency: 0.180322 ms (enqueue 0.101318 ms)
[02/27/2026-11:10:59] [I] Average on 10 runs - GPU latency: 0.179517 ms - Host latency: 0.179517 ms (enqueue 0.0987061 ms)
[02/27/2026-11:10:59] [I] Average on 10 runs - GPU latency: 0.179126 ms - Host latency: 0.179126 ms (enqueue 0.102246 ms)
[02/27/2026-11:10:59] [I] Average on 10 runs - GPU latency: 0.180054 ms - Host latency: 0.180054 ms (enqueue 0.101733 ms)
[02/27/2026-11:10:59] [I] Average on 10 runs - GPU latency: 0.179053 ms - Host latency: 0.179053 ms (enqueue 0.100464 ms)
[02/27/2026-11:10:59] [I] Average on 10 runs - GPU latency: 0.180005 ms - Host latency: 0.180005 ms (enqueue 0.100488 ms)
[02/27/2026-11:10:59] [I] Average on 10 runs - GPU latency: 0.178955 ms - Host latency: 0.178955 ms (enqueue 0.102759 ms)
[02/27/2026-11:10:59] [I] Average on 10 runs - GPU latency: 0.180298 ms - Host latency: 0.180298 ms (enqueue 0.100244 ms)
[02/27/2026-11:10:59] [I] Average on 10 runs - GPU latency: 0.178394 ms - Host latency: 0.178394 ms (enqueue 0.0998779 ms)
[02/27/2026-11:10:59] [I] Average on 10 runs - GPU latency: 0.180542 ms - Host latency: 0.180542 ms (enqueue 0.100732 ms)
[02/27/2026-11:10:59] [I] Average on 10 runs - GPU latency: 0.179907 ms - Host latency: 0.179907 ms (enqueue 0.0999756 ms)
[02/27/2026-11:10:59] [I] Average on 10 runs - GPU latency: 0.179492 ms - Host latency: 0.179492 ms (enqueue 0.105835 ms)
[02/27/2026-11:10:59] [I] Average on 10 runs - GPU latency: 0.180225 ms - Host latency: 0.180225 ms (enqueue 0.101782 ms)
[02/27/2026-11:10:59] [I] Average on 10 runs - GPU latency: 0.178076 ms - Host latency: 0.178076 ms (enqueue 0.110498 ms)
[02/27/2026-11:10:59] [I] Average on 10 runs - GPU latency: 0.178906 ms - Host latency: 0.178906 ms (enqueue 0.103735 ms)
[02/27/2026-11:10:59] [I] Average on 10 runs - GPU latency: 0.178906 ms - Host latency: 0.178906 ms (enqueue 0.101025 ms)
[02/27/2026-11:10:59] [I] Average on 10 runs - GPU latency: 0.179126 ms - Host latency: 0.179126 ms (enqueue 0.0985596 ms)
[02/27/2026-11:10:59] [I] Average on 10 runs - GPU latency: 0.178711 ms - Host latency: 0.178711 ms (enqueue 0.102881 ms)
[02/27/2026-11:10:59] [I] Average on 10 runs - GPU latency: 0.178906 ms - Host latency: 0.178906 ms (enqueue 0.10271 ms)
[02/27/2026-11:10:59] [I] Average on 10 runs - GPU latency: 0.179297 ms - Host latency: 0.179297 ms (enqueue 0.0997559 ms)
[02/27/2026-11:10:59] [I] Average on 10 runs - GPU latency: 0.179468 ms - Host latency: 0.179468 ms (enqueue 0.0988037 ms)
[02/27/2026-11:10:59] [I] Average on 10 runs - GPU latency: 0.179321 ms - Host latency: 0.179321 ms (enqueue 0.10022 ms)
[02/27/2026-11:10:59] [I] Average on 10 runs - GPU latency: 0.179126 ms - Host latency: 0.179126 ms (enqueue 0.103149 ms)
[02/27/2026-11:10:59] [I] Average on 10 runs - GPU latency: 0.179736 ms - Host latency: 0.179736 ms (enqueue 0.0974853 ms)
[02/27/2026-11:10:59] [I] Average on 10 runs - GPU latency: 0.17915 ms - Host latency: 0.17915 ms (enqueue 0.101123 ms)
[02/27/2026-11:10:59] [I] Average on 10 runs - GPU latency: 0.180151 ms - Host latency: 0.180151 ms (enqueue 0.0989746 ms)
[02/27/2026-11:10:59] [I] Average on 10 runs - GPU latency: 0.179932 ms - Host latency: 0.179932 ms (enqueue 0.102979 ms)
[02/27/2026-11:10:59] [I] Average on 10 runs - GPU latency: 0.17981 ms - Host latency: 0.17981 ms (enqueue 0.101025 ms)
[02/27/2026-11:10:59] [I] Average on 10 runs - GPU latency: 0.179639 ms - Host latency: 0.179639 ms (enqueue 0.10271 ms)
[02/27/2026-11:10:59] [I] Average on 10 runs - GPU latency: 0.180054 ms - Host latency: 0.180054 ms (enqueue 0.100171 ms)
[02/27/2026-11:10:59] [I] Average on 10 runs - GPU latency: 0.180127 ms - Host latency: 0.180127 ms (enqueue 0.103003 ms)
[02/27/2026-11:10:59] [I] Average on 10 runs - GPU latency: 0.179639 ms - Host latency: 0.179639 ms (enqueue 0.0973145 ms)
[02/27/2026-11:10:59] [I] Average on 10 runs - GPU latency: 0.179126 ms - Host latency: 0.179126 ms (enqueue 0.102368 ms)
[02/27/2026-11:10:59] [I] Average on 10 runs - GPU latency: 0.17915 ms - Host latency: 0.17915 ms (enqueue 0.102271 ms)
[02/27/2026-11:10:59] [I] Average on 10 runs - GPU latency: 0.178442 ms - Host latency: 0.178442 ms (enqueue 0.0990967 ms)
[02/27/2026-11:10:59] [I] Average on 10 runs - GPU latency: 0.18042 ms - Host latency: 0.18042 ms (enqueue 0.100781 ms)
[02/27/2026-11:10:59] [I] Average on 10 runs - GPU latency: 0.178394 ms - Host latency: 0.178394 ms (enqueue 0.102295 ms)
[02/27/2026-11:10:59] [I] Average on 10 runs - GPU latency: 0.179004 ms - Host latency: 0.179004 ms (enqueue 0.106787 ms)
[02/27/2026-11:10:59] [I] Average on 10 runs - GPU latency: 0.177954 ms - Host latency: 0.177954 ms (enqueue 0.10293 ms)
[02/27/2026-11:10:59] [I] Average on 10 runs - GPU latency: 0.177612 ms - Host latency: 0.177612 ms (enqueue 0.105908 ms)
[02/27/2026-11:10:59] [I] Average on 10 runs - GPU latency: 0.179419 ms - Host latency: 0.179419 ms (enqueue 0.10144 ms)
[02/27/2026-11:10:59] [I] Average on 10 runs - GPU latency: 0.17832 ms - Host latency: 0.17832 ms (enqueue 0.103076 ms)
[02/27/2026-11:10:59] [I] Average on 10 runs - GPU latency: 0.1802 ms - Host latency: 0.1802 ms (enqueue 0.100098 ms)
[02/27/2026-11:10:59] [I] Average on 10 runs - GPU latency: 0.178296 ms - Host latency: 0.178296 ms (enqueue 0.101611 ms)
[02/27/2026-11:10:59] [I] Average on 10 runs - GPU latency: 0.180054 ms - Host latency: 0.180054 ms (enqueue 0.102002 ms)
[02/27/2026-11:10:59] [I] Average on 10 runs - GPU latency: 0.179199 ms - Host latency: 0.179199 ms (enqueue 0.0983398 ms)
[02/27/2026-11:10:59] [I] Average on 10 runs - GPU latency: 0.17832 ms - Host latency: 0.17832 ms (enqueue 0.103369 ms)
[02/27/2026-11:10:59] [I] Average on 10 runs - GPU latency: 0.179688 ms - Host latency: 0.179688 ms (enqueue 0.0973389 ms)
[02/27/2026-11:10:59] [I] Average on 10 runs - GPU latency: 0.1802 ms - Host latency: 0.1802 ms (enqueue 0.103003 ms)
[02/27/2026-11:10:59] [I] Average on 10 runs - GPU latency: 0.18064 ms - Host latency: 0.18064 ms (enqueue 0.102466 ms)
[02/27/2026-11:10:59] [I] Average on 10 runs - GPU latency: 0.179321 ms - Host latency: 0.179321 ms (enqueue 0.103687 ms)
[02/27/2026-11:10:59] [I] Average on 10 runs - GPU latency: 0.177832 ms - Host latency: 0.177832 ms (enqueue 0.105151 ms)
[02/27/2026-11:10:59] [I] Average on 10 runs - GPU latency: 0.178125 ms - Host latency: 0.178125 ms (enqueue 0.103271 ms)
[02/27/2026-11:10:59] [I] Average on 10 runs - GPU latency: 0.179883 ms - Host latency: 0.179883 ms (enqueue 0.101733 ms)
[02/27/2026-11:10:59] [I] Average on 10 runs - GPU latency: 0.179199 ms - Host latency: 0.179199 ms (enqueue 0.101343 ms)
[02/27/2026-11:10:59] [I] Average on 10 runs - GPU latency: 0.178027 ms - Host latency: 0.178027 ms (enqueue 0.105249 ms)
[02/27/2026-11:10:59] [I] Average on 10 runs - GPU latency: 0.179248 ms - Host latency: 0.179248 ms (enqueue 0.10083 ms)
[02/27/2026-11:10:59] [I] Average on 10 runs - GPU latency: 0.178809 ms - Host latency: 0.178809 ms (enqueue 0.103491 ms)
[02/27/2026-11:10:59] [I] Average on 10 runs - GPU latency: 0.179883 ms - Host latency: 0.179883 ms (enqueue 0.0995117 ms)
[02/27/2026-11:10:59] [I] Average on 10 runs - GPU latency: 0.179346 ms - Host latency: 0.179346 ms (enqueue 0.100513 ms)
[02/27/2026-11:10:59] [I] Average on 10 runs - GPU latency: 0.178491 ms - Host latency: 0.178491 ms (enqueue 0.10249 ms)
[02/27/2026-11:10:59] [I] Average on 10 runs - GPU latency: 0.179321 ms - Host latency: 0.179321 ms (enqueue 0.10144 ms)
[02/27/2026-11:10:59] [I] Average on 10 runs - GPU latency: 0.179517 ms - Host latency: 0.179517 ms (enqueue 0.102368 ms)
[02/27/2026-11:10:59] [I] Average on 10 runs - GPU latency: 0.178418 ms - Host latency: 0.178418 ms (enqueue 0.105225 ms)
[02/27/2026-11:10:59] [I] Average on 10 runs - GPU latency: 0.177588 ms - Host latency: 0.177588 ms (enqueue 0.106201 ms)
[02/27/2026-11:10:59] [I] Average on 10 runs - GPU latency: 0.178296 ms - Host latency: 0.178296 ms (enqueue 0.103833 ms)
[02/27/2026-11:10:59] [I] Average on 10 runs - GPU latency: 0.178589 ms - Host latency: 0.178589 ms (enqueue 0.105249 ms)
[02/27/2026-11:10:59] [I] Average on 10 runs - GPU latency: 0.17915 ms - Host latency: 0.17915 ms (enqueue 0.100928 ms)
[02/27/2026-11:10:59] [I] Average on 10 runs - GPU latency: 0.179565 ms - Host latency: 0.179565 ms (enqueue 0.103857 ms)
[02/27/2026-11:10:59] [I] Average on 10 runs - GPU latency: 0.179297 ms - Host latency: 0.179297 ms (enqueue 0.103198 ms)
[02/27/2026-11:10:59] [I] Average on 10 runs - GPU latency: 0.179614 ms - Host latency: 0.179614 ms (enqueue 0.103687 ms)
[02/27/2026-11:10:59] [I] Average on 10 runs - GPU latency: 0.178564 ms - Host latency: 0.178564 ms (enqueue 0.104175 ms)
[02/27/2026-11:10:59] [I] Average on 10 runs - GPU latency: 0.180103 ms - Host latency: 0.180103 ms (enqueue 0.103833 ms)
[02/27/2026-11:10:59] [I] Average on 10 runs - GPU latency: 0.178491 ms - Host latency: 0.178491 ms (enqueue 0.105591 ms)
[02/27/2026-11:10:59] [I] Average on 10 runs - GPU latency: 0.179419 ms - Host latency: 0.179419 ms (enqueue 0.10813 ms)
[02/27/2026-11:10:59] [I] Average on 10 runs - GPU latency: 0.178491 ms - Host latency: 0.178491 ms (enqueue 0.107153 ms)
[02/27/2026-11:10:59] [I] Average on 10 runs - GPU latency: 0.179565 ms - Host latency: 0.179565 ms (enqueue 0.101538 ms)
[02/27/2026-11:10:59] [I] Average on 10 runs - GPU latency: 0.180493 ms - Host latency: 0.180493 ms (enqueue 0.102271 ms)
[02/27/2026-11:10:59] [I] Average on 10 runs - GPU latency: 0.179834 ms - Host latency: 0.179834 ms (enqueue 0.0994141 ms)
[02/27/2026-11:10:59] [I] Average on 10 runs - GPU latency: 0.180005 ms - Host latency: 0.180005 ms (enqueue 0.104907 ms)
[02/27/2026-11:10:59] [I] Average on 10 runs - GPU latency: 0.178442 ms - Host latency: 0.178442 ms (enqueue 0.104468 ms)
[02/27/2026-11:10:59] [I] Average on 10 runs - GPU latency: 0.179663 ms - Host latency: 0.179663 ms (enqueue 0.104565 ms)
[02/27/2026-11:10:59] [I] Average on 10 runs - GPU latency: 0.179614 ms - Host latency: 0.179614 ms (enqueue 0.101392 ms)
[02/27/2026-11:10:59] [I] Average on 10 runs - GPU latency: 0.178906 ms - Host latency: 0.178906 ms (enqueue 0.0993408 ms)
[02/27/2026-11:10:59] [I] Average on 10 runs - GPU latency: 0.179248 ms - Host latency: 0.179248 ms (enqueue 0.100879 ms)
[02/27/2026-11:10:59] [I] Average on 10 runs - GPU latency: 0.17832 ms - Host latency: 0.17832 ms (enqueue 0.102783 ms)
[02/27/2026-11:10:59] [I] Average on 10 runs - GPU latency: 0.179102 ms - Host latency: 0.179102 ms (enqueue 0.102539 ms)
[02/27/2026-11:10:59] [I] Average on 10 runs - GPU latency: 0.180273 ms - Host latency: 0.180273 ms (enqueue 0.100049 ms)
[02/27/2026-11:10:59] [I] Average on 10 runs - GPU latency: 0.177979 ms - Host latency: 0.177979 ms (enqueue 0.108936 ms)
[02/27/2026-11:10:59] [I] Average on 10 runs - GPU latency: 0.179443 ms - Host latency: 0.179443 ms (enqueue 0.0979004 ms)
[02/27/2026-11:10:59] [I] Average on 10 runs - GPU latency: 0.180298 ms - Host latency: 0.180298 ms (enqueue 0.103735 ms)
[02/27/2026-11:10:59] [I] Average on 10 runs - GPU latency: 0.179199 ms - Host latency: 0.179199 ms (enqueue 0.10188 ms)
[02/27/2026-11:10:59] [I] Average on 10 runs - GPU latency: 0.179663 ms - Host latency: 0.179663 ms (enqueue 0.101221 ms)
[02/27/2026-11:10:59] [I] Average on 10 runs - GPU latency: 0.179443 ms - Host latency: 0.179443 ms (enqueue 0.100415 ms)
[02/27/2026-11:10:59] [I] Average on 10 runs - GPU latency: 0.17854 ms - Host latency: 0.17854 ms (enqueue 0.103882 ms)
[02/27/2026-11:10:59] [I] Average on 10 runs - GPU latency: 0.178955 ms - Host latency: 0.178955 ms (enqueue 0.0994629 ms)
[02/27/2026-11:10:59] [I] Average on 10 runs - GPU latency: 0.178589 ms - Host latency: 0.178589 ms (enqueue 0.106421 ms)
[02/27/2026-11:10:59] [I] Average on 10 runs - GPU latency: 0.179541 ms - Host latency: 0.179541 ms (enqueue 0.102148 ms)
[02/27/2026-11:10:59] [I] Average on 10 runs - GPU latency: 0.180688 ms - Host latency: 0.180688 ms (enqueue 0.10105 ms)
[02/27/2026-11:10:59] [I] Average on 10 runs - GPU latency: 0.179565 ms - Host latency: 0.179565 ms (enqueue 0.104663 ms)
[02/27/2026-11:10:59] [I] Average on 10 runs - GPU latency: 0.181226 ms - Host latency: 0.181226 ms (enqueue 0.103223 ms)
[02/27/2026-11:10:59] [I] Average on 10 runs - GPU latency: 0.179736 ms - Host latency: 0.179736 ms (enqueue 0.103467 ms)
[02/27/2026-11:10:59] [I] Average on 10 runs - GPU latency: 0.178101 ms - Host latency: 0.178101 ms (enqueue 0.103027 ms)
[02/27/2026-11:10:59] [I] Average on 10 runs - GPU latency: 0.178174 ms - Host latency: 0.178174 ms (enqueue 0.109253 ms)
[02/27/2026-11:10:59] [I] Average on 10 runs - GPU latency: 0.179395 ms - Host latency: 0.179395 ms (enqueue 0.102637 ms)
[02/27/2026-11:10:59] [I] Average on 10 runs - GPU latency: 0.179858 ms - Host latency: 0.179858 ms (enqueue 0.102808 ms)
[02/27/2026-11:10:59] [I] Average on 10 runs - GPU latency: 0.180566 ms - Host latency: 0.180566 ms (enqueue 0.101904 ms)
[02/27/2026-11:10:59] [I] Average on 10 runs - GPU latency: 0.180103 ms - Host latency: 0.180103 ms (enqueue 0.1 ms)
[02/27/2026-11:10:59] [I] Average on 10 runs - GPU latency: 0.179419 ms - Host latency: 0.179419 ms (enqueue 0.102026 ms)
[02/27/2026-11:10:59] [I] Average on 10 runs - GPU latency: 0.17959 ms - Host latency: 0.17959 ms (enqueue 0.100415 ms)
[02/27/2026-11:10:59] [I] Average on 10 runs - GPU latency: 0.180103 ms - Host latency: 0.180103 ms (enqueue 0.102539 ms)
[02/27/2026-11:10:59] [I] Average on 10 runs - GPU latency: 0.179199 ms - Host latency: 0.179199 ms (enqueue 0.103857 ms)
[02/27/2026-11:10:59] [I] Average on 10 runs - GPU latency: 0.17959 ms - Host latency: 0.17959 ms (enqueue 0.0998291 ms)
[02/27/2026-11:10:59] [I] Average on 10 runs - GPU latency: 0.178857 ms - Host latency: 0.178857 ms (enqueue 0.0982666 ms)
[02/27/2026-11:10:59] [I] Average on 10 runs - GPU latency: 0.179468 ms - Host latency: 0.179468 ms (enqueue 0.0971191 ms)
[02/27/2026-11:10:59] [I] Average on 10 runs - GPU latency: 0.179712 ms - Host latency: 0.179712 ms (enqueue 0.100391 ms)
[02/27/2026-11:10:59] [I] Average on 10 runs - GPU latency: 0.179565 ms - Host latency: 0.179565 ms (enqueue 0.098584 ms)
[02/27/2026-11:10:59] [I] Average on 10 runs - GPU latency: 0.180469 ms - Host latency: 0.180469 ms (enqueue 0.101025 ms)
[02/27/2026-11:10:59] [I] Average on 10 runs - GPU latency: 0.17998 ms - Host latency: 0.17998 ms (enqueue 0.103491 ms)
[02/27/2026-11:10:59] [I] Average on 10 runs - GPU latency: 0.178345 ms - Host latency: 0.178345 ms (enqueue 0.099585 ms)
[02/27/2026-11:10:59] [I] Average on 10 runs - GPU latency: 0.17876 ms - Host latency: 0.17876 ms (enqueue 0.102197 ms)
[02/27/2026-11:10:59] [I] Average on 10 runs - GPU latency: 0.178687 ms - Host latency: 0.178687 ms (enqueue 0.104932 ms)
[02/27/2026-11:10:59] [I] Average on 10 runs - GPU latency: 0.179053 ms - Host latency: 0.179053 ms (enqueue 0.102368 ms)
[02/27/2026-11:10:59] [I] Average on 10 runs - GPU latency: 0.179028 ms - Host latency: 0.179028 ms (enqueue 0.103369 ms)
[02/27/2026-11:10:59] [I] Average on 10 runs - GPU latency: 0.179468 ms - Host latency: 0.179468 ms (enqueue 0.101587 ms)
[02/27/2026-11:10:59] [I] Average on 10 runs - GPU latency: 0.177881 ms - Host latency: 0.177881 ms (enqueue 0.106201 ms)
[02/27/2026-11:10:59] [I] Average on 10 runs - GPU latency: 0.178833 ms - Host latency: 0.178833 ms (enqueue 0.098291 ms)
[02/27/2026-11:10:59] [I] Average on 10 runs - GPU latency: 0.179346 ms - Host latency: 0.179346 ms (enqueue 0.100659 ms)
[02/27/2026-11:10:59] [I] Average on 10 runs - GPU latency: 0.179004 ms - Host latency: 0.179004 ms (enqueue 0.0994873 ms)
[02/27/2026-11:10:59] [I] Average on 10 runs - GPU latency: 0.178882 ms - Host latency: 0.178882 ms (enqueue 0.101245 ms)
[02/27/2026-11:10:59] [I] Average on 10 runs - GPU latency: 0.178589 ms - Host latency: 0.178589 ms (enqueue 0.104565 ms)
[02/27/2026-11:10:59] [I] Average on 10 runs - GPU latency: 0.179517 ms - Host latency: 0.179517 ms (enqueue 0.102295 ms)
[02/27/2026-11:10:59] [I] Average on 10 runs - GPU latency: 0.178638 ms - Host latency: 0.178638 ms (enqueue 0.102148 ms)
[02/27/2026-11:10:59] [I] Average on 10 runs - GPU latency: 0.179565 ms - Host latency: 0.179565 ms (enqueue 0.0984375 ms)
[02/27/2026-11:10:59] [I] Average on 10 runs - GPU latency: 0.178345 ms - Host latency: 0.178345 ms (enqueue 0.0984131 ms)
[02/27/2026-11:10:59] [I] Average on 10 runs - GPU latency: 0.180127 ms - Host latency: 0.180127 ms (enqueue 0.100195 ms)
[02/27/2026-11:10:59] [I] Average on 10 runs - GPU latency: 0.180054 ms - Host latency: 0.180054 ms (enqueue 0.101538 ms)
[02/27/2026-11:10:59] [I] Average on 10 runs - GPU latency: 0.179321 ms - Host latency: 0.179321 ms (enqueue 0.102979 ms)
[02/27/2026-11:10:59] [I] Average on 10 runs - GPU latency: 0.179614 ms - Host latency: 0.179614 ms (enqueue 0.101074 ms)
[02/27/2026-11:10:59] [I] Average on 10 runs - GPU latency: 0.177588 ms - Host latency: 0.177588 ms (enqueue 0.106567 ms)
[02/27/2026-11:10:59] [I] Average on 10 runs - GPU latency: 0.179834 ms - Host latency: 0.179834 ms (enqueue 0.100317 ms)
[02/27/2026-11:10:59] [I] Average on 10 runs - GPU latency: 0.179614 ms - Host latency: 0.179614 ms (enqueue 0.0987305 ms)
[02/27/2026-11:10:59] [I] Average on 10 runs - GPU latency: 0.178809 ms - Host latency: 0.178809 ms (enqueue 0.102222 ms)
[02/27/2026-11:10:59] [I] Average on 10 runs - GPU latency: 0.179272 ms - Host latency: 0.179272 ms (enqueue 0.102393 ms)
[02/27/2026-11:10:59] [I] Average on 10 runs - GPU latency: 0.179126 ms - Host latency: 0.179126 ms (enqueue 0.098584 ms)
[02/27/2026-11:10:59] [I] Average on 10 runs - GPU latency: 0.179492 ms - Host latency: 0.179492 ms (enqueue 0.098999 ms)
[02/27/2026-11:10:59] [I] Average on 10 runs - GPU latency: 0.180151 ms - Host latency: 0.180151 ms (enqueue 0.100854 ms)
[02/27/2026-11:10:59] [I] Average on 10 runs - GPU latency: 0.17915 ms - Host latency: 0.17915 ms (enqueue 0.103931 ms)
[02/27/2026-11:10:59] [I] Average on 10 runs - GPU latency: 0.177197 ms - Host latency: 0.177197 ms (enqueue 0.102686 ms)
[02/27/2026-11:10:59] [I] Average on 10 runs - GPU latency: 0.178955 ms - Host latency: 0.178955 ms (enqueue 0.107642 ms)
[02/27/2026-11:10:59] [I] Average on 10 runs - GPU latency: 0.179224 ms - Host latency: 0.179224 ms (enqueue 0.0989258 ms)
[02/27/2026-11:10:59] [I] Average on 10 runs - GPU latency: 0.179858 ms - Host latency: 0.179858 ms (enqueue 0.0978027 ms)
[02/27/2026-11:10:59] [I] Average on 10 runs - GPU latency: 0.179004 ms - Host latency: 0.179004 ms (enqueue 0.104468 ms)
[02/27/2026-11:10:59] [I] Average on 10 runs - GPU latency: 0.178882 ms - Host latency: 0.178882 ms (enqueue 0.0992676 ms)
[02/27/2026-11:10:59] [I] Average on 10 runs - GPU latency: 0.178809 ms - Host latency: 0.178809 ms (enqueue 0.101978 ms)
[02/27/2026-11:10:59] [I] Average on 10 runs - GPU latency: 0.179517 ms - Host latency: 0.179517 ms (enqueue 0.0974365 ms)
[02/27/2026-11:10:59] [I] Average on 10 runs - GPU latency: 0.180103 ms - Host latency: 0.180103 ms (enqueue 0.100732 ms)
[02/27/2026-11:10:59] [I] Average on 10 runs - GPU latency: 0.179785 ms - Host latency: 0.179785 ms (enqueue 0.0990479 ms)
[02/27/2026-11:10:59] [I] Average on 10 runs - GPU latency: 0.179688 ms - Host latency: 0.179688 ms (enqueue 0.102832 ms)
[02/27/2026-11:10:59] [I] Average on 10 runs - GPU latency: 0.17959 ms - Host latency: 0.17959 ms (enqueue 0.0985596 ms)
[02/27/2026-11:10:59] [I] Average on 10 runs - GPU latency: 0.17981 ms - Host latency: 0.17981 ms (enqueue 0.0993408 ms)
[02/27/2026-11:10:59] [I] Average on 10 runs - GPU latency: 0.179883 ms - Host latency: 0.179883 ms (enqueue 0.100464 ms)
[02/27/2026-11:10:59] [I] Average on 10 runs - GPU latency: 0.180103 ms - Host latency: 0.180103 ms (enqueue 0.0989502 ms)
[02/27/2026-11:10:59] [I] Average on 10 runs - GPU latency: 0.179028 ms - Host latency: 0.179028 ms (enqueue 0.102637 ms)
[02/27/2026-11:10:59] [I] Average on 10 runs - GPU latency: 0.180225 ms - Host latency: 0.180225 ms (enqueue 0.100366 ms)
[02/27/2026-11:10:59] [I] Average on 10 runs - GPU latency: 0.17959 ms - Host latency: 0.17959 ms (enqueue 0.100464 ms)
[02/27/2026-11:10:59] [I] Average on 10 runs - GPU latency: 0.179565 ms - Host latency: 0.179565 ms (enqueue 0.0980713 ms)
[02/27/2026-11:10:59] [I] Average on 10 runs - GPU latency: 0.177759 ms - Host latency: 0.177759 ms (enqueue 0.101489 ms)
[02/27/2026-11:10:59] [I] Average on 10 runs - GPU latency: 0.179663 ms - Host latency: 0.179663 ms (enqueue 0.0989502 ms)
[02/27/2026-11:10:59] [I] Average on 10 runs - GPU latency: 0.179077 ms - Host latency: 0.179077 ms (enqueue 0.100195 ms)
[02/27/2026-11:10:59] [I] Average on 10 runs - GPU latency: 0.178711 ms - Host latency: 0.178711 ms (enqueue 0.0996582 ms)
[02/27/2026-11:10:59] [I] Average on 10 runs - GPU latency: 0.179541 ms - Host latency: 0.179541 ms (enqueue 0.0988525 ms)
[02/27/2026-11:10:59] [I] Average on 10 runs - GPU latency: 0.179639 ms - Host latency: 0.179639 ms (enqueue 0.101074 ms)
[02/27/2026-11:10:59] [I] Average on 10 runs - GPU latency: 0.17981 ms - Host latency: 0.17981 ms (enqueue 0.102588 ms)
[02/27/2026-11:10:59] [I] Average on 10 runs - GPU latency: 0.179956 ms - Host latency: 0.179956 ms (enqueue 0.100342 ms)
[02/27/2026-11:10:59] [I] Average on 10 runs - GPU latency: 0.178882 ms - Host latency: 0.178882 ms (enqueue 0.0996582 ms)
[02/27/2026-11:10:59] [I] Average on 10 runs - GPU latency: 0.17793 ms - Host latency: 0.17793 ms (enqueue 0.101685 ms)
[02/27/2026-11:10:59] [I] Average on 10 runs - GPU latency: 0.178711 ms - Host latency: 0.178711 ms (enqueue 0.100537 ms)
[02/27/2026-11:10:59] [I] Average on 10 runs - GPU latency: 0.178906 ms - Host latency: 0.178906 ms (enqueue 0.101782 ms)
[02/27/2026-11:10:59] [I] Average on 10 runs - GPU latency: 0.179272 ms - Host latency: 0.179272 ms (enqueue 0.103833 ms)
[02/27/2026-11:10:59] [I] Average on 10 runs - GPU latency: 0.179199 ms - Host latency: 0.179199 ms (enqueue 0.105103 ms)
[02/27/2026-11:10:59] [I] Average on 10 runs - GPU latency: 0.178149 ms - Host latency: 0.178149 ms (enqueue 0.103027 ms)
[02/27/2026-11:10:59] [I] Average on 10 runs - GPU latency: 0.180103 ms - Host latency: 0.180103 ms (enqueue 0.102246 ms)
[02/27/2026-11:10:59] [I] Average on 10 runs - GPU latency: 0.17981 ms - Host latency: 0.17981 ms (enqueue 0.104199 ms)
[02/27/2026-11:10:59] [I] Average on 10 runs - GPU latency: 0.179834 ms - Host latency: 0.179834 ms (enqueue 0.100146 ms)
[02/27/2026-11:10:59] [I] Average on 10 runs - GPU latency: 0.179858 ms - Host latency: 0.179858 ms (enqueue 0.104834 ms)
[02/27/2026-11:10:59] [I] Average on 10 runs - GPU latency: 0.179541 ms - Host latency: 0.179541 ms (enqueue 0.103027 ms)
[02/27/2026-11:10:59] [I] Average on 10 runs - GPU latency: 0.17832 ms - Host latency: 0.17832 ms (enqueue 0.106177 ms)
[02/27/2026-11:10:59] [I] Average on 10 runs - GPU latency: 0.180151 ms - Host latency: 0.180151 ms (enqueue 0.102393 ms)
[02/27/2026-11:10:59] [I] Average on 10 runs - GPU latency: 0.180127 ms - Host latency: 0.180127 ms (enqueue 0.104883 ms)
[02/27/2026-11:10:59] [I] Average on 10 runs - GPU latency: 0.179175 ms - Host latency: 0.179175 ms (enqueue 0.101123 ms)
[02/27/2026-11:10:59] [I] Average on 10 runs - GPU latency: 0.179272 ms - Host latency: 0.179272 ms (enqueue 0.102222 ms)
[02/27/2026-11:10:59] [I] Average on 10 runs - GPU latency: 0.180103 ms - Host latency: 0.180103 ms (enqueue 0.102319 ms)
[02/27/2026-11:10:59] [I] Average on 10 runs - GPU latency: 0.178906 ms - Host latency: 0.178906 ms (enqueue 0.101562 ms)
[02/27/2026-11:10:59] [I] Average on 10 runs - GPU latency: 0.179834 ms - Host latency: 0.179834 ms (enqueue 0.101685 ms)
[02/27/2026-11:10:59] [I] Average on 10 runs - GPU latency: 0.178931 ms - Host latency: 0.178931 ms (enqueue 0.0977783 ms)
[02/27/2026-11:10:59] [I] Average on 10 runs - GPU latency: 0.179492 ms - Host latency: 0.179492 ms (enqueue 0.104028 ms)
[02/27/2026-11:10:59] [I] Average on 10 runs - GPU latency: 0.17998 ms - Host latency: 0.17998 ms (enqueue 0.10166 ms)
[02/27/2026-11:10:59] [I] Average on 10 runs - GPU latency: 0.179639 ms - Host latency: 0.179639 ms (enqueue 0.0996338 ms)
[02/27/2026-11:10:59] [I] Average on 10 runs - GPU latency: 0.179517 ms - Host latency: 0.179517 ms (enqueue 0.10188 ms)
[02/27/2026-11:10:59] [I] Average on 10 runs - GPU latency: 0.179858 ms - Host latency: 0.179858 ms (enqueue 0.101709 ms)
[02/27/2026-11:10:59] [I] Average on 10 runs - GPU latency: 0.179712 ms - Host latency: 0.179712 ms (enqueue 0.100049 ms)
[02/27/2026-11:10:59] [I] Average on 10 runs - GPU latency: 0.17959 ms - Host latency: 0.17959 ms (enqueue 0.104858 ms)
[02/27/2026-11:10:59] [I] Average on 10 runs - GPU latency: 0.180322 ms - Host latency: 0.180322 ms (enqueue 0.101001 ms)
[02/27/2026-11:10:59] [I] Average on 10 runs - GPU latency: 0.179443 ms - Host latency: 0.179443 ms (enqueue 0.100659 ms)
[02/27/2026-11:10:59] [I] Average on 10 runs - GPU latency: 0.180322 ms - Host latency: 0.180322 ms (enqueue 0.0991699 ms)
[02/27/2026-11:10:59] [I] Average on 10 runs - GPU latency: 0.180151 ms - Host latency: 0.180151 ms (enqueue 0.0974121 ms)
[02/27/2026-11:10:59] [I] Average on 10 runs - GPU latency: 0.179297 ms - Host latency: 0.179297 ms (enqueue 0.10061 ms)
[02/27/2026-11:10:59] [I] Average on 10 runs - GPU latency: 0.179932 ms - Host latency: 0.179932 ms (enqueue 0.103857 ms)
[02/27/2026-11:10:59] [I] Average on 10 runs - GPU latency: 0.179102 ms - Host latency: 0.179102 ms (enqueue 0.103638 ms)
[02/27/2026-11:10:59] [I] Average on 10 runs - GPU latency: 0.179468 ms - Host latency: 0.179468 ms (enqueue 0.0999023 ms)
[02/27/2026-11:10:59] [I] Average on 10 runs - GPU latency: 0.179053 ms - Host latency: 0.179053 ms (enqueue 0.104468 ms)
[02/27/2026-11:10:59] [I] Average on 10 runs - GPU latency: 0.177734 ms - Host latency: 0.177734 ms (enqueue 0.106372 ms)
[02/27/2026-11:10:59] [I] Average on 10 runs - GPU latency: 0.179175 ms - Host latency: 0.179175 ms (enqueue 0.102612 ms)
[02/27/2026-11:10:59] [I] Average on 10 runs - GPU latency: 0.179834 ms - Host latency: 0.179834 ms (enqueue 0.100537 ms)
[02/27/2026-11:10:59] [I] Average on 10 runs - GPU latency: 0.179468 ms - Host latency: 0.179468 ms (enqueue 0.100049 ms)
[02/27/2026-11:10:59] [I] Average on 10 runs - GPU latency: 0.178467 ms - Host latency: 0.178467 ms (enqueue 0.104346 ms)
[02/27/2026-11:10:59] [I] 
[02/27/2026-11:10:59] [I] === Performance summary ===
[02/27/2026-11:10:59] [I] Throughput: 5519.48 qps
[02/27/2026-11:10:59] [I] Latency: min = 0.172119 ms, max = 0.208496 ms, mean = 0.17923 ms, median = 0.179321 ms, percentile(90%) = 0.181885 ms, percentile(95%) = 0.182495 ms, percentile(99%) = 0.183624 ms
[02/27/2026-11:10:59] [I] Enqueue Time: min = 0.0812988 ms, max = 0.149536 ms, mean = 0.102267 ms, median = 0.101196 ms, percentile(90%) = 0.109741 ms, percentile(95%) = 0.113525 ms, percentile(99%) = 0.122437 ms
[02/27/2026-11:10:59] [I] H2D Latency: min = 0 ms, max = 0 ms, mean = 0 ms, median = 0 ms, percentile(90%) = 0 ms, percentile(95%) = 0 ms, percentile(99%) = 0 ms
[02/27/2026-11:10:59] [I] GPU Compute Time: min = 0.172119 ms, max = 0.208496 ms, mean = 0.17923 ms, median = 0.179321 ms, percentile(90%) = 0.181885 ms, percentile(95%) = 0.182495 ms, percentile(99%) = 0.183624 ms
[02/27/2026-11:10:59] [I] D2H Latency: min = 0 ms, max = 0 ms, mean = 0 ms, median = 0 ms, percentile(90%) = 0 ms, percentile(95%) = 0 ms, percentile(99%) = 0 ms
[02/27/2026-11:10:59] [I] Total Host Walltime: 3.00028 s
[02/27/2026-11:10:59] [I] Total GPU Compute Time: 2.96805 s
[02/27/2026-11:10:59] [W] * GPU compute time is unstable, with coefficient of variance = 1.18846%.
[02/27/2026-11:10:59] [W]   If not already in use, locking GPU clock frequency or adding --useSpinWait may improve the stability.
[02/27/2026-11:10:59] [I] Explanations of the performance metrics are printed in the verbose logs.
[02/27/2026-11:10:59] [I] 
&&&& PASSED TensorRT.trtexec [TensorRT v8502] # /usr/src/tensorrt/bin/trtexec --onnx=/home/user/Edge-ML/models/v4/TCN/bs32/TCN.onnx --saveEngine=/home/user/Edge-ML/models/v4/TCN/bs32/TCN_fp16.engine --fp16 --exportLayerInfo=/home/user/Edge-ML/models/v4/TCN/bs32/logs/quantisation_fp16_layers.json --memPoolSize=workspace:4096MiB --tacticSources=+CUBLAS,+CUBLAS_LT,+CUDNN --noDataTransfers
