/usr/src/tensorrt/bin/trtexec --onnx=/home/user/Edge-ML/models/v3/TCN/TCN.onnx --saveEngine=/home/user/Edge-ML/models/v3/TCN/TCN_fp16.engine --fp16 --exportLayerInfo=/home/user/Edge-ML/models/v3/TCN/logs/quantisation_fp16_layers.json --memPoolSize=workspace:4096MiB --tacticSources=+CUBLAS,+CUBLAS_LT,+CUDNN --noDataTransfers --preview=+fasterDynamicShapes0805

&&&& RUNNING TensorRT.trtexec [TensorRT v8502] # /usr/src/tensorrt/bin/trtexec --onnx=/home/user/Edge-ML/models/v3/TCN/TCN.onnx --saveEngine=/home/user/Edge-ML/models/v3/TCN/TCN_fp16.engine --fp16 --exportLayerInfo=/home/user/Edge-ML/models/v3/TCN/logs/quantisation_fp16_layers.json --memPoolSize=workspace:4096MiB --tacticSources=+CUBLAS,+CUBLAS_LT,+CUDNN --noDataTransfers --preview=+fasterDynamicShapes0805
[02/25/2026-14:55:07] [I] === Model Options ===
[02/25/2026-14:55:07] [I] Format: ONNX
[02/25/2026-14:55:07] [I] Model: /home/user/Edge-ML/models/v3/TCN/TCN.onnx
[02/25/2026-14:55:07] [I] Output:
[02/25/2026-14:55:07] [I] === Build Options ===
[02/25/2026-14:55:07] [I] Max batch: explicit batch
[02/25/2026-14:55:07] [I] Memory Pools: workspace: 4096 MiB, dlaSRAM: default, dlaLocalDRAM: default, dlaGlobalDRAM: default
[02/25/2026-14:55:07] [I] minTiming: 1
[02/25/2026-14:55:07] [I] avgTiming: 8
[02/25/2026-14:55:07] [I] Precision: FP32+FP16
[02/25/2026-14:55:07] [I] LayerPrecisions: 
[02/25/2026-14:55:07] [I] Calibration: 
[02/25/2026-14:55:07] [I] Refit: Disabled
[02/25/2026-14:55:07] [I] Sparsity: Disabled
[02/25/2026-14:55:07] [I] Safe mode: Disabled
[02/25/2026-14:55:07] [I] DirectIO mode: Disabled
[02/25/2026-14:55:07] [I] Restricted mode: Disabled
[02/25/2026-14:55:07] [I] Build only: Disabled
[02/25/2026-14:55:07] [I] Save engine: /home/user/Edge-ML/models/v3/TCN/TCN_fp16.engine
[02/25/2026-14:55:07] [I] Load engine: 
[02/25/2026-14:55:07] [I] Profiling verbosity: 0
[02/25/2026-14:55:07] [I] Tactic sources: cublas [ON], cublasLt [ON], cudnn [ON], 
[02/25/2026-14:55:07] [I] timingCacheMode: local
[02/25/2026-14:55:07] [I] timingCacheFile: 
[02/25/2026-14:55:07] [I] Heuristic: Disabled
[02/25/2026-14:55:07] [I] Preview Features: kFASTER_DYNAMIC_SHAPES_0805 [ON], 
[02/25/2026-14:55:07] [I] Input(s)s format: fp32:CHW
[02/25/2026-14:55:07] [I] Output(s)s format: fp32:CHW
[02/25/2026-14:55:07] [I] Input build shapes: model
[02/25/2026-14:55:07] [I] Input calibration shapes: model
[02/25/2026-14:55:07] [I] === System Options ===
[02/25/2026-14:55:07] [I] Device: 0
[02/25/2026-14:55:07] [I] DLACore: 
[02/25/2026-14:55:07] [I] Plugins:
[02/25/2026-14:55:07] [I] === Inference Options ===
[02/25/2026-14:55:07] [I] Batch: Explicit
[02/25/2026-14:55:07] [I] Input inference shapes: model
[02/25/2026-14:55:07] [I] Iterations: 10
[02/25/2026-14:55:07] [I] Duration: 3s (+ 200ms warm up)
[02/25/2026-14:55:07] [I] Sleep time: 0ms
[02/25/2026-14:55:07] [I] Idle time: 0ms
[02/25/2026-14:55:07] [I] Streams: 1
[02/25/2026-14:55:07] [I] ExposeDMA: Disabled
[02/25/2026-14:55:07] [I] Data transfers: Disabled
[02/25/2026-14:55:07] [I] Spin-wait: Disabled
[02/25/2026-14:55:07] [I] Multithreading: Disabled
[02/25/2026-14:55:07] [I] CUDA Graph: Disabled
[02/25/2026-14:55:07] [I] Separate profiling: Disabled
[02/25/2026-14:55:07] [I] Time Deserialize: Disabled
[02/25/2026-14:55:07] [I] Time Refit: Disabled
[02/25/2026-14:55:07] [I] NVTX verbosity: 0
[02/25/2026-14:55:07] [I] Persistent Cache Ratio: 0
[02/25/2026-14:55:07] [I] Inputs:
[02/25/2026-14:55:07] [I] === Reporting Options ===
[02/25/2026-14:55:07] [I] Verbose: Disabled
[02/25/2026-14:55:07] [I] Averages: 10 inferences
[02/25/2026-14:55:07] [I] Percentiles: 90,95,99
[02/25/2026-14:55:07] [I] Dump refittable layers:Disabled
[02/25/2026-14:55:07] [I] Dump output: Disabled
[02/25/2026-14:55:07] [I] Profile: Disabled
[02/25/2026-14:55:07] [I] Export timing to JSON file: 
[02/25/2026-14:55:07] [I] Export output to JSON file: 
[02/25/2026-14:55:07] [I] Export profile to JSON file: 
[02/25/2026-14:55:07] [I] 
[02/25/2026-14:55:07] [I] === Device Information ===
[02/25/2026-14:55:07] [I] Selected Device: Orin
[02/25/2026-14:55:07] [I] Compute Capability: 8.7
[02/25/2026-14:55:07] [I] SMs: 4
[02/25/2026-14:55:07] [I] Compute Clock Rate: 0.624 GHz
[02/25/2026-14:55:07] [I] Device Global Memory: 3425 MiB
[02/25/2026-14:55:07] [I] Shared Memory per SM: 164 KiB
[02/25/2026-14:55:07] [I] Memory Bus Width: 128 bits (ECC disabled)
[02/25/2026-14:55:07] [I] Memory Clock Rate: 0.624 GHz
[02/25/2026-14:55:07] [I] 
[02/25/2026-14:55:07] [I] TensorRT version: 8.5.2
[02/25/2026-14:55:08] [I] [TRT] [MemUsageChange] Init CUDA: CPU +220, GPU +0, now: CPU 249, GPU 1643 (MiB)
[02/25/2026-14:55:10] [I] [TRT] [MemUsageChange] Init builder kernel library: CPU +302, GPU +158, now: CPU 574, GPU 1807 (MiB)
[02/25/2026-14:55:10] [I] Start parsing network model
[02/25/2026-14:55:10] [I] [TRT] ----------------------------------------------------------------
[02/25/2026-14:55:10] [I] [TRT] Input filename:   /home/user/Edge-ML/models/v3/TCN/TCN.onnx
[02/25/2026-14:55:10] [I] [TRT] ONNX IR version:  0.0.7
[02/25/2026-14:55:10] [I] [TRT] Opset version:    12
[02/25/2026-14:55:10] [I] [TRT] Producer name:    pytorch
[02/25/2026-14:55:10] [I] [TRT] Producer version: 2.5.1
[02/25/2026-14:55:10] [I] [TRT] Domain:           
[02/25/2026-14:55:10] [I] [TRT] Model version:    0
[02/25/2026-14:55:10] [I] [TRT] Doc string:       
[02/25/2026-14:55:10] [I] [TRT] ----------------------------------------------------------------
[02/25/2026-14:55:10] [I] Finish parsing network model
[02/25/2026-14:55:10] [I] [TRT] ---------- Layers Running on DLA ----------
[02/25/2026-14:55:10] [I] [TRT] ---------- Layers Running on GPU ----------
[02/25/2026-14:55:10] [I] [TRT] [GpuLayer] SHUFFLE: /Unsqueeze + (Unnamed Layer* 1) [Shuffle]
[02/25/2026-14:55:10] [I] [TRT] [GpuLayer] SHUFFLE: shuffle_between_(Unnamed Layer* 1) [Shuffle]_output_and_/block1/block1.0/Conv + /block1/block1.2/Relu
[02/25/2026-14:55:10] [I] [TRT] [GpuLayer] CONVOLUTION: /block1/block1.0/Conv + /block1/block1.2/Relu
[02/25/2026-14:55:10] [I] [TRT] [GpuLayer] SHUFFLE: shuffle_after_/block1/block1.2/Relu_out_tensor
[02/25/2026-14:55:10] [I] [TRT] [GpuLayer] POOLING: /block1/block1.3/MaxPool
[02/25/2026-14:55:10] [I] [TRT] [GpuLayer] SHUFFLE: shuffle_between_(Unnamed Layer* 6) [Pooling]_output_and_/block2/block2.0/Conv + /block2/block2.2/Relu
[02/25/2026-14:55:10] [I] [TRT] [GpuLayer] CONVOLUTION: /block2/block2.0/Conv + /block2/block2.2/Relu
[02/25/2026-14:55:10] [I] [TRT] [GpuLayer] SHUFFLE: shuffle_after_/block2/block2.2/Relu_out_tensor
[02/25/2026-14:55:10] [I] [TRT] [GpuLayer] POOLING: /block2/block2.3/MaxPool
[02/25/2026-14:55:10] [I] [TRT] [GpuLayer] SHUFFLE: shuffle_between_(Unnamed Layer* 13) [Pooling]_output_and_/block3/block3.0/Conv + /block3/block3.2/Relu
[02/25/2026-14:55:10] [I] [TRT] [GpuLayer] CONVOLUTION: /block3/block3.0/Conv + /block3/block3.2/Relu
[02/25/2026-14:55:10] [I] [TRT] [GpuLayer] SHUFFLE: shuffle_after_/block3/block3.2/Relu_out_tensor
[02/25/2026-14:55:10] [I] [TRT] [GpuLayer] SHUFFLE: squeeze_after_/block3/block3.2/Relu
[02/25/2026-14:55:10] [I] [TRT] [GpuLayer] REDUCE: /block3/block3.3/GlobalAveragePool
[02/25/2026-14:55:10] [I] [TRT] [GpuLayer] SHUFFLE: /fc/fc.0/Flatten + reshape_before_/fc/fc.1/Gemm
[02/25/2026-14:55:10] [I] [TRT] [GpuLayer] CONVOLUTION: /fc/fc.1/Gemm + /fc/fc.2/Relu
[02/25/2026-14:55:10] [I] [TRT] [GpuLayer] CONVOLUTION: /fc/fc.4/Gemm
[02/25/2026-14:55:10] [I] [TRT] [GpuLayer] SHUFFLE: reshape_after_/fc/fc.4/Gemm + /Squeeze
[02/25/2026-14:55:12] [I] [TRT] [MemUsageChange] Init cuBLAS/cuBLASLt: CPU +534, GPU +790, now: CPU 1108, GPU 2597 (MiB)
[02/25/2026-14:55:13] [I] [TRT] [MemUsageChange] Init cuDNN: CPU +83, GPU +46, now: CPU 1191, GPU 2643 (MiB)
[02/25/2026-14:55:13] [I] [TRT] Local timing cache in use. Profiling results in this builder pass will not be stored.
[02/25/2026-14:55:13] [W] [TRT] Using kFASTER_DYNAMIC_SHAPES_0805 preview feature.
[02/25/2026-14:55:29] [I] [TRT] Total Activation Memory: 4295010816
[02/25/2026-14:55:29] [I] [TRT] Detected 1 inputs and 1 output network tensors.
[02/25/2026-14:55:29] [I] [TRT] Total Host Persistent Memory: 25088
[02/25/2026-14:55:29] [I] [TRT] Total Device Persistent Memory: 0
[02/25/2026-14:55:29] [I] [TRT] Total Scratch Memory: 0
[02/25/2026-14:55:29] [I] [TRT] [MemUsageStats] Peak memory usage of TRT CPU/GPU memory allocators: CPU 0 MiB, GPU 71 MiB
[02/25/2026-14:55:29] [I] [TRT] [BlockAssignment] Started assigning block shifts. This will take 19 steps to complete.
[02/25/2026-14:55:29] [I] [TRT] [BlockAssignment] Algorithm ShiftNTopDown took 0.575904ms to assign 3 blocks to 19 nodes requiring 15872 bytes.
[02/25/2026-14:55:29] [I] [TRT] Total Activation Memory: 15872
[02/25/2026-14:55:29] [W] [TRT] TensorRT encountered issues when converting weights between types and that could affect accuracy.
[02/25/2026-14:55:29] [W] [TRT] If this is not the desired behavior, please modify the weights or retrain with regularization to adjust the magnitude of the weights.
[02/25/2026-14:55:29] [W] [TRT] Check verbose logs for the list of affected weights.
[02/25/2026-14:55:29] [W] [TRT] - 3 weights are affected by this issue: Detected subnormal FP16 values.
[02/25/2026-14:55:29] [W] [TRT] - 1 weights are affected by this issue: Detected values less than smallest positive FP16 subnormal value and converted them to the FP16 minimum subnormalized value.
[02/25/2026-14:55:29] [I] [TRT] [MemUsageChange] TensorRT-managed allocation in building engine: CPU +0, GPU +4, now: CPU 0, GPU 4 (MiB)
[02/25/2026-14:55:29] [I] Engine built in 21.5449 sec.
[02/25/2026-14:55:29] [I] [TRT] Loaded engine size: 0 MiB
[02/25/2026-14:55:29] [I] [TRT] [MemUsageChange] TensorRT-managed allocation in engine deserialization: CPU +0, GPU +0, now: CPU 0, GPU 0 (MiB)
[02/25/2026-14:55:29] [I] Engine deserialized in 0.0109162 sec.
[02/25/2026-14:55:29] [I] [TRT] [MemUsageChange] TensorRT-managed allocation in IExecutionContext creation: CPU +0, GPU +0, now: CPU 0, GPU 0 (MiB)
[02/25/2026-14:55:29] [I] Setting persistentCacheLimit to 0 bytes.
[02/25/2026-14:55:29] [I] Using random values for input input
[02/25/2026-14:55:29] [I] Created input binding for input with dimensions 1x120
[02/25/2026-14:55:29] [I] Using random values for output capacity
[02/25/2026-14:55:29] [I] Created output binding for capacity with dimensions 
[02/25/2026-14:55:29] [I] [TRT] The profiling verbosity was set to ProfilingVerbosity::kLAYER_NAMES_ONLY when the engine was built, so only the layer names will be returned. Rebuild the engine with ProfilingVerbosity::kDETAILED to get more verbose layer information.
[02/25/2026-14:55:29] [I] Starting inference
[02/25/2026-14:55:32] [I] Warmup completed 2000 queries over 200 ms
[02/25/2026-14:55:32] [I] Timing trace has 30379 queries over 3.00021 s
[02/25/2026-14:55:32] [I] 
[02/25/2026-14:55:32] [I] === Trace details ===
[02/25/2026-14:55:32] [I] Trace averages of 10 runs:
[02/25/2026-14:55:32] [I] Average on 10 runs - GPU latency: 0.0960648 ms - Host latency: 0.0960648 ms (enqueue 0.080571 ms)
[02/25/2026-14:55:32] [I] Average on 10 runs - GPU latency: 0.0947067 ms - Host latency: 0.0947067 ms (enqueue 0.0795761 ms)
[02/25/2026-14:55:32] [I] Average on 10 runs - GPU latency: 0.0976654 ms - Host latency: 0.0976654 ms (enqueue 0.0816177 ms)
[02/25/2026-14:55:32] [I] Average on 10 runs - GPU latency: 0.0964829 ms - Host latency: 0.0964829 ms (enqueue 0.0816834 ms)
[02/25/2026-14:55:32] [I] Average on 10 runs - GPU latency: 0.095076 ms - Host latency: 0.095076 ms (enqueue 0.079982 ms)
[02/25/2026-14:55:32] [I] Average on 10 runs - GPU latency: 0.100287 ms - Host latency: 0.100287 ms (enqueue 0.0853821 ms)
[02/25/2026-14:55:32] [I] Average on 10 runs - GPU latency: 0.0977051 ms - Host latency: 0.0977051 ms (enqueue 0.0818283 ms)
[02/25/2026-14:55:32] [I] Average on 10 runs - GPU latency: 0.096434 ms - Host latency: 0.096434 ms (enqueue 0.0809204 ms)
[02/25/2026-14:55:32] [I] Average on 10 runs - GPU latency: 0.0952789 ms - Host latency: 0.0952789 ms (enqueue 0.0801819 ms)
[02/25/2026-14:55:32] [I] Average on 10 runs - GPU latency: 0.095256 ms - Host latency: 0.095256 ms (enqueue 0.0809006 ms)
[02/25/2026-14:55:32] [I] Average on 10 runs - GPU latency: 0.100813 ms - Host latency: 0.100813 ms (enqueue 0.0860535 ms)
[02/25/2026-14:55:32] [I] Average on 10 runs - GPU latency: 0.0970367 ms - Host latency: 0.0970367 ms (enqueue 0.0821197 ms)
[02/25/2026-14:55:32] [I] Average on 10 runs - GPU latency: 0.0980499 ms - Host latency: 0.0980499 ms (enqueue 0.0822327 ms)
[02/25/2026-14:55:32] [I] Average on 10 runs - GPU latency: 0.0947968 ms - Host latency: 0.0947968 ms (enqueue 0.0807785 ms)
[02/25/2026-14:55:32] [I] Average on 10 runs - GPU latency: 0.0976135 ms - Host latency: 0.0976135 ms (enqueue 0.0830215 ms)
[02/25/2026-14:55:32] [I] Average on 10 runs - GPU latency: 0.0954086 ms - Host latency: 0.0954086 ms (enqueue 0.0798325 ms)
[02/25/2026-14:55:32] [I] Average on 10 runs - GPU latency: 0.095015 ms - Host latency: 0.095015 ms (enqueue 0.0802063 ms)
[02/25/2026-14:55:32] [I] Average on 10 runs - GPU latency: 0.0967819 ms - Host latency: 0.0967819 ms (enqueue 0.0812759 ms)
[02/25/2026-14:55:32] [I] Average on 10 runs - GPU latency: 0.0971146 ms - Host latency: 0.0971146 ms (enqueue 0.0825287 ms)
[02/25/2026-14:55:32] [I] Average on 10 runs - GPU latency: 0.096106 ms - Host latency: 0.096106 ms (enqueue 0.0821045 ms)
[02/25/2026-14:55:32] [I] Average on 10 runs - GPU latency: 0.0965775 ms - Host latency: 0.0965775 ms (enqueue 0.0810806 ms)
[02/25/2026-14:55:32] [I] Average on 10 runs - GPU latency: 0.0962082 ms - Host latency: 0.0962082 ms (enqueue 0.0814636 ms)
[02/25/2026-14:55:32] [I] Average on 10 runs - GPU latency: 0.0990707 ms - Host latency: 0.0990707 ms (enqueue 0.082724 ms)
[02/25/2026-14:55:32] [I] Average on 10 runs - GPU latency: 0.0962906 ms - Host latency: 0.0962906 ms (enqueue 0.0813446 ms)
[02/25/2026-14:55:32] [I] Average on 10 runs - GPU latency: 0.0965866 ms - Host latency: 0.0965866 ms (enqueue 0.0810562 ms)
[02/25/2026-14:55:32] [I] Average on 10 runs - GPU latency: 0.0961685 ms - Host latency: 0.0961685 ms (enqueue 0.0811295 ms)
[02/25/2026-14:55:32] [I] Average on 10 runs - GPU latency: 0.0970673 ms - Host latency: 0.0970673 ms (enqueue 0.0819702 ms)
[02/25/2026-14:55:32] [I] Average on 10 runs - GPU latency: 0.0955444 ms - Host latency: 0.0955444 ms (enqueue 0.0802109 ms)
[02/25/2026-14:55:32] [I] Average on 10 runs - GPU latency: 0.0952667 ms - Host latency: 0.0952667 ms (enqueue 0.0806641 ms)
[02/25/2026-14:55:32] [I] Average on 10 runs - GPU latency: 0.0950501 ms - Host latency: 0.0950501 ms (enqueue 0.080452 ms)
[02/25/2026-14:55:32] [I] Average on 10 runs - GPU latency: 0.100107 ms - Host latency: 0.100107 ms (enqueue 0.0855408 ms)
[02/25/2026-14:55:32] [I] Average on 10 runs - GPU latency: 0.0953766 ms - Host latency: 0.0953766 ms (enqueue 0.0803268 ms)
[02/25/2026-14:55:32] [I] Average on 10 runs - GPU latency: 0.0954086 ms - Host latency: 0.0954086 ms (enqueue 0.0804092 ms)
[02/25/2026-14:55:32] [I] Average on 10 runs - GPU latency: 0.0955414 ms - Host latency: 0.0955414 ms (enqueue 0.0803589 ms)
[02/25/2026-14:55:32] [I] Average on 10 runs - GPU latency: 0.097551 ms - Host latency: 0.097551 ms (enqueue 0.0815033 ms)
[02/25/2026-14:55:32] [I] Average on 10 runs - GPU latency: 0.096434 ms - Host latency: 0.096434 ms (enqueue 0.0812408 ms)
[02/25/2026-14:55:32] [I] Average on 10 runs - GPU latency: 0.0963913 ms - Host latency: 0.0963913 ms (enqueue 0.0809418 ms)
[02/25/2026-14:55:32] [I] Average on 10 runs - GPU latency: 0.0954071 ms - Host latency: 0.0954071 ms (enqueue 0.0806168 ms)
[02/25/2026-14:55:32] [I] Average on 10 runs - GPU latency: 0.0971542 ms - Host latency: 0.0971542 ms (enqueue 0.0827835 ms)
[02/25/2026-14:55:32] [I] Average on 10 runs - GPU latency: 0.0966629 ms - Host latency: 0.0966629 ms (enqueue 0.0816452 ms)
[02/25/2026-14:55:32] [I] Average on 10 runs - GPU latency: 0.0957138 ms - Host latency: 0.0957138 ms (enqueue 0.0804626 ms)
[02/25/2026-14:55:32] [I] Average on 10 runs - GPU latency: 0.0951782 ms - Host latency: 0.0951782 ms (enqueue 0.079921 ms)
[02/25/2026-14:55:32] [I] Average on 10 runs - GPU latency: 0.0981323 ms - Host latency: 0.0981323 ms (enqueue 0.083638 ms)
[02/25/2026-14:55:32] [I] Average on 10 runs - GPU latency: 0.0962326 ms - Host latency: 0.0962326 ms (enqueue 0.0805084 ms)
[02/25/2026-14:55:32] [I] Average on 10 runs - GPU latency: 0.09608 ms - Host latency: 0.09608 ms (enqueue 0.081366 ms)
[02/25/2026-14:55:32] [I] Average on 10 runs - GPU latency: 0.0980423 ms - Host latency: 0.0980423 ms (enqueue 0.0824524 ms)
[02/25/2026-14:55:32] [I] Average on 10 runs - GPU latency: 0.099704 ms - Host latency: 0.099704 ms (enqueue 0.0843567 ms)
[02/25/2026-14:55:32] [I] Average on 10 runs - GPU latency: 0.0979691 ms - Host latency: 0.0979691 ms (enqueue 0.0828613 ms)
[02/25/2026-14:55:32] [I] Average on 10 runs - GPU latency: 0.0972412 ms - Host latency: 0.0972412 ms (enqueue 0.0820358 ms)
[02/25/2026-14:55:32] [I] Average on 10 runs - GPU latency: 0.0960312 ms - Host latency: 0.0960312 ms (enqueue 0.0813049 ms)
[02/25/2026-14:55:32] [I] Average on 10 runs - GPU latency: 0.0991959 ms - Host latency: 0.0991959 ms (enqueue 0.0835312 ms)
[02/25/2026-14:55:32] [I] Average on 10 runs - GPU latency: 0.0977203 ms - Host latency: 0.0977203 ms (enqueue 0.0832428 ms)
[02/25/2026-14:55:32] [I] Average on 10 runs - GPU latency: 0.097261 ms - Host latency: 0.097261 ms (enqueue 0.0817749 ms)
[02/25/2026-14:55:32] [I] Average on 10 runs - GPU latency: 0.0966171 ms - Host latency: 0.0966171 ms (enqueue 0.0816284 ms)
[02/25/2026-14:55:32] [I] Average on 10 runs - GPU latency: 0.0993454 ms - Host latency: 0.0993454 ms (enqueue 0.0830505 ms)
[02/25/2026-14:55:32] [I] Average on 10 runs - GPU latency: 0.0982361 ms - Host latency: 0.0982361 ms (enqueue 0.0831177 ms)
[02/25/2026-14:55:32] [I] Average on 10 runs - GPU latency: 0.0966385 ms - Host latency: 0.0966385 ms (enqueue 0.0810333 ms)
[02/25/2026-14:55:32] [I] Average on 10 runs - GPU latency: 0.0953796 ms - Host latency: 0.0953796 ms (enqueue 0.0806946 ms)
[02/25/2026-14:55:32] [I] Average on 10 runs - GPU latency: 0.103647 ms - Host latency: 0.103647 ms (enqueue 0.0851501 ms)
[02/25/2026-14:55:32] [I] Average on 10 runs - GPU latency: 0.0959656 ms - Host latency: 0.0959656 ms (enqueue 0.0805695 ms)
[02/25/2026-14:55:32] [I] Average on 10 runs - GPU latency: 0.0972046 ms - Host latency: 0.0972046 ms (enqueue 0.0818726 ms)
[02/25/2026-14:55:32] [I] Average on 10 runs - GPU latency: 0.096051 ms - Host latency: 0.096051 ms (enqueue 0.0814514 ms)
[02/25/2026-14:55:32] [I] Average on 10 runs - GPU latency: 0.099704 ms - Host latency: 0.099704 ms (enqueue 0.0846588 ms)
[02/25/2026-14:55:32] [I] Average on 10 runs - GPU latency: 0.0949524 ms - Host latency: 0.0949524 ms (enqueue 0.0795471 ms)
[02/25/2026-14:55:32] [I] Average on 10 runs - GPU latency: 0.0943298 ms - Host latency: 0.0943298 ms (enqueue 0.080368 ms)
[02/25/2026-14:55:32] [I] Average on 10 runs - GPU latency: 0.0952789 ms - Host latency: 0.0952789 ms (enqueue 0.0805664 ms)
[02/25/2026-14:55:32] [I] Average on 10 runs - GPU latency: 0.0976685 ms - Host latency: 0.0976685 ms (enqueue 0.0825195 ms)
[02/25/2026-14:55:32] [I] Average on 10 runs - GPU latency: 0.0956085 ms - Host latency: 0.0956085 ms (enqueue 0.0811157 ms)
[02/25/2026-14:55:32] [I] Average on 10 runs - GPU latency: 0.0973084 ms - Host latency: 0.0973084 ms (enqueue 0.0816009 ms)
[02/25/2026-14:55:32] [I] Average on 10 runs - GPU latency: 0.0970276 ms - Host latency: 0.0970276 ms (enqueue 0.0818542 ms)
[02/25/2026-14:55:32] [I] Average on 10 runs - GPU latency: 0.0992767 ms - Host latency: 0.0992767 ms (enqueue 0.0842529 ms)
[02/25/2026-14:55:32] [I] Average on 10 runs - GPU latency: 0.0950867 ms - Host latency: 0.0950867 ms (enqueue 0.0799316 ms)
[02/25/2026-14:55:32] [I] Average on 10 runs - GPU latency: 0.0944916 ms - Host latency: 0.0944916 ms (enqueue 0.0803192 ms)
[02/25/2026-14:55:32] [I] Average on 10 runs - GPU latency: 0.0957947 ms - Host latency: 0.0957947 ms (enqueue 0.0806824 ms)
[02/25/2026-14:55:32] [I] Average on 10 runs - GPU latency: 0.09617 ms - Host latency: 0.09617 ms (enqueue 0.0824036 ms)
[02/25/2026-14:55:32] [I] Average on 10 runs - GPU latency: 0.0979156 ms - Host latency: 0.0979156 ms (enqueue 0.0826447 ms)
[02/25/2026-14:55:32] [I] Average on 10 runs - GPU latency: 0.0973236 ms - Host latency: 0.0973236 ms (enqueue 0.0826263 ms)
[02/25/2026-14:55:32] [I] Average on 10 runs - GPU latency: 0.0953552 ms - Host latency: 0.0953552 ms (enqueue 0.0800629 ms)
[02/25/2026-14:55:32] [I] Average on 10 runs - GPU latency: 0.097113 ms - Host latency: 0.097113 ms (enqueue 0.0817108 ms)
[02/25/2026-14:55:32] [I] Average on 10 runs - GPU latency: 0.097052 ms - Host latency: 0.097052 ms (enqueue 0.0816986 ms)
[02/25/2026-14:55:32] [I] Average on 10 runs - GPU latency: 0.0979309 ms - Host latency: 0.0979309 ms (enqueue 0.0824066 ms)
[02/25/2026-14:55:32] [I] Average on 10 runs - GPU latency: 0.0965363 ms - Host latency: 0.0965363 ms (enqueue 0.0813232 ms)
[02/25/2026-14:55:32] [I] Average on 10 runs - GPU latency: 0.0954193 ms - Host latency: 0.0954193 ms (enqueue 0.0816223 ms)
[02/25/2026-14:55:32] [I] Average on 10 runs - GPU latency: 0.0961334 ms - Host latency: 0.0961334 ms (enqueue 0.079776 ms)
[02/25/2026-14:55:32] [I] Average on 10 runs - GPU latency: 0.0963501 ms - Host latency: 0.0963501 ms (enqueue 0.0811737 ms)
[02/25/2026-14:55:32] [I] Average on 10 runs - GPU latency: 0.0946198 ms - Host latency: 0.0946198 ms (enqueue 0.0799072 ms)
[02/25/2026-14:55:32] [I] Average on 10 runs - GPU latency: 0.0960968 ms - Host latency: 0.0960968 ms (enqueue 0.0810028 ms)
[02/25/2026-14:55:32] [I] Average on 10 runs - GPU latency: 0.0986877 ms - Host latency: 0.0986877 ms (enqueue 0.083844 ms)
[02/25/2026-14:55:32] [I] Average on 10 runs - GPU latency: 0.0981171 ms - Host latency: 0.0981171 ms (enqueue 0.0829834 ms)
[02/25/2026-14:55:32] [I] Average on 10 runs - GPU latency: 0.0957886 ms - Host latency: 0.0957886 ms (enqueue 0.0812744 ms)
[02/25/2026-14:55:32] [I] Average on 10 runs - GPU latency: 0.0970123 ms - Host latency: 0.0970123 ms (enqueue 0.0819092 ms)
[02/25/2026-14:55:32] [I] Average on 10 runs - GPU latency: 0.0972229 ms - Host latency: 0.0972229 ms (enqueue 0.0828766 ms)
[02/25/2026-14:55:32] [I] Average on 10 runs - GPU latency: 0.0987976 ms - Host latency: 0.0987976 ms (enqueue 0.082608 ms)
[02/25/2026-14:55:32] [I] Average on 10 runs - GPU latency: 0.0983978 ms - Host latency: 0.0983978 ms (enqueue 0.0832397 ms)
[02/25/2026-14:55:32] [I] Average on 10 runs - GPU latency: 0.096698 ms - Host latency: 0.096698 ms (enqueue 0.0814606 ms)
[02/25/2026-14:55:32] [I] Average on 10 runs - GPU latency: 0.097403 ms - Host latency: 0.097403 ms (enqueue 0.0831085 ms)
[02/25/2026-14:55:32] [I] Average on 10 runs - GPU latency: 0.0963379 ms - Host latency: 0.0963379 ms (enqueue 0.0817352 ms)
[02/25/2026-14:55:32] [I] Average on 10 runs - GPU latency: 0.0963348 ms - Host latency: 0.0963348 ms (enqueue 0.0818848 ms)
[02/25/2026-14:55:32] [I] Average on 10 runs - GPU latency: 0.0970825 ms - Host latency: 0.0970825 ms (enqueue 0.081842 ms)
[02/25/2026-14:55:32] [I] Average on 10 runs - GPU latency: 0.100238 ms - Host latency: 0.100238 ms (enqueue 0.0847168 ms)
[02/25/2026-14:55:32] [I] Average on 10 runs - GPU latency: 0.0977661 ms - Host latency: 0.0977661 ms (enqueue 0.08255 ms)
[02/25/2026-14:55:32] [I] Average on 10 runs - GPU latency: 0.0967651 ms - Host latency: 0.0967651 ms (enqueue 0.081897 ms)
[02/25/2026-14:55:32] [I] Average on 10 runs - GPU latency: 0.09729 ms - Host latency: 0.09729 ms (enqueue 0.0822388 ms)
[02/25/2026-14:55:32] [I] Average on 10 runs - GPU latency: 0.0996094 ms - Host latency: 0.0996094 ms (enqueue 0.0845581 ms)
[02/25/2026-14:55:32] [I] Average on 10 runs - GPU latency: 0.0964416 ms - Host latency: 0.0964416 ms (enqueue 0.0811829 ms)
[02/25/2026-14:55:32] [I] Average on 10 runs - GPU latency: 0.0959778 ms - Host latency: 0.0959778 ms (enqueue 0.0810059 ms)
[02/25/2026-14:55:32] [I] Average on 10 runs - GPU latency: 0.095993 ms - Host latency: 0.095993 ms (enqueue 0.0804352 ms)
[02/25/2026-14:55:32] [I] Average on 10 runs - GPU latency: 0.0977264 ms - Host latency: 0.0977264 ms (enqueue 0.083728 ms)
[02/25/2026-14:55:32] [I] Average on 10 runs - GPU latency: 0.0957214 ms - Host latency: 0.0957214 ms (enqueue 0.0802582 ms)
[02/25/2026-14:55:32] [I] Average on 10 runs - GPU latency: 0.0945526 ms - Host latency: 0.0945526 ms (enqueue 0.0796753 ms)
[02/25/2026-14:55:32] [I] Average on 10 runs - GPU latency: 0.0956757 ms - Host latency: 0.0956757 ms (enqueue 0.080481 ms)
[02/25/2026-14:55:32] [I] Average on 10 runs - GPU latency: 0.0997223 ms - Host latency: 0.0997223 ms (enqueue 0.0851929 ms)
[02/25/2026-14:55:32] [I] Average on 10 runs - GPU latency: 0.0964722 ms - Host latency: 0.0964722 ms (enqueue 0.0811584 ms)
[02/25/2026-14:55:32] [I] Average on 10 runs - GPU latency: 0.0951965 ms - Host latency: 0.0951965 ms (enqueue 0.0801453 ms)
[02/25/2026-14:55:32] [I] Average on 10 runs - GPU latency: 0.0951843 ms - Host latency: 0.0951843 ms (enqueue 0.0795074 ms)
[02/25/2026-14:55:32] [I] Average on 10 runs - GPU latency: 0.0995422 ms - Host latency: 0.0995422 ms (enqueue 0.0841736 ms)
[02/25/2026-14:55:32] [I] Average on 10 runs - GPU latency: 0.0960663 ms - Host latency: 0.0960663 ms (enqueue 0.0813507 ms)
[02/25/2026-14:55:32] [I] Average on 10 runs - GPU latency: 0.0957611 ms - Host latency: 0.0957611 ms (enqueue 0.0809998 ms)
[02/25/2026-14:55:32] [I] Average on 10 runs - GPU latency: 0.0958984 ms - Host latency: 0.0958984 ms (enqueue 0.0812317 ms)
[02/25/2026-14:55:32] [I] Average on 10 runs - GPU latency: 0.0992615 ms - Host latency: 0.0992615 ms (enqueue 0.0840302 ms)
[02/25/2026-14:55:32] [I] Average on 10 runs - GPU latency: 0.0958649 ms - Host latency: 0.0958649 ms (enqueue 0.0812897 ms)
[02/25/2026-14:55:32] [I] Average on 10 runs - GPU latency: 0.0950073 ms - Host latency: 0.0950073 ms (enqueue 0.0800598 ms)
[02/25/2026-14:55:32] [I] Average on 10 runs - GPU latency: 0.0954102 ms - Host latency: 0.0954102 ms (enqueue 0.0808136 ms)
[02/25/2026-14:55:32] [I] Average on 10 runs - GPU latency: 0.097464 ms - Host latency: 0.097464 ms (enqueue 0.0818939 ms)
[02/25/2026-14:55:32] [I] Average on 10 runs - GPU latency: 0.0954803 ms - Host latency: 0.0954803 ms (enqueue 0.0808258 ms)
[02/25/2026-14:55:32] [I] Average on 10 runs - GPU latency: 0.0949585 ms - Host latency: 0.0949585 ms (enqueue 0.0799133 ms)
[02/25/2026-14:55:32] [I] Average on 10 runs - GPU latency: 0.0972107 ms - Host latency: 0.0972107 ms (enqueue 0.0815308 ms)
[02/25/2026-14:55:32] [I] Average on 10 runs - GPU latency: 0.0974182 ms - Host latency: 0.0974182 ms (enqueue 0.0811401 ms)
[02/25/2026-14:55:32] [I] Average on 10 runs - GPU latency: 0.0947754 ms - Host latency: 0.0947754 ms (enqueue 0.0796814 ms)
[02/25/2026-14:55:32] [I] Average on 10 runs - GPU latency: 0.0955902 ms - Host latency: 0.0955902 ms (enqueue 0.0805237 ms)
[02/25/2026-14:55:32] [I] Average on 10 runs - GPU latency: 0.0957001 ms - Host latency: 0.0957001 ms (enqueue 0.0811584 ms)
[02/25/2026-14:55:32] [I] Average on 10 runs - GPU latency: 0.0977783 ms - Host latency: 0.0977783 ms (enqueue 0.0832642 ms)
[02/25/2026-14:55:32] [I] Average on 10 runs - GPU latency: 0.0953949 ms - Host latency: 0.0953949 ms (enqueue 0.0809204 ms)
[02/25/2026-14:55:32] [I] Average on 10 runs - GPU latency: 0.0958405 ms - Host latency: 0.0958405 ms (enqueue 0.0805725 ms)
[02/25/2026-14:55:32] [I] Average on 10 runs - GPU latency: 0.0952118 ms - Host latency: 0.0952118 ms (enqueue 0.079953 ms)
[02/25/2026-14:55:32] [I] Average on 10 runs - GPU latency: 0.0964325 ms - Host latency: 0.0964325 ms (enqueue 0.0824066 ms)
[02/25/2026-14:55:32] [I] Average on 10 runs - GPU latency: 0.0954224 ms - Host latency: 0.0954224 ms (enqueue 0.080188 ms)
[02/25/2026-14:55:32] [I] Average on 10 runs - GPU latency: 0.0961182 ms - Host latency: 0.0961182 ms (enqueue 0.0810852 ms)
[02/25/2026-14:55:32] [I] Average on 10 runs - GPU latency: 0.0946747 ms - Host latency: 0.0946747 ms (enqueue 0.0799774 ms)
[02/25/2026-14:55:32] [I] Average on 10 runs - GPU latency: 0.0985748 ms - Host latency: 0.0985748 ms (enqueue 0.0840302 ms)
[02/25/2026-14:55:32] [I] Average on 10 runs - GPU latency: 0.0962524 ms - Host latency: 0.0962524 ms (enqueue 0.081546 ms)
[02/25/2026-14:55:32] [I] Average on 10 runs - GPU latency: 0.0968262 ms - Host latency: 0.0968262 ms (enqueue 0.0812683 ms)
[02/25/2026-14:55:32] [I] Average on 10 runs - GPU latency: 0.0963532 ms - Host latency: 0.0963532 ms (enqueue 0.0823853 ms)
[02/25/2026-14:55:32] [I] Average on 10 runs - GPU latency: 0.0983063 ms - Host latency: 0.0983063 ms (enqueue 0.0814056 ms)
[02/25/2026-14:55:32] [I] Average on 10 runs - GPU latency: 0.0962494 ms - Host latency: 0.0962494 ms (enqueue 0.0815155 ms)
[02/25/2026-14:55:32] [I] Average on 10 runs - GPU latency: 0.0966248 ms - Host latency: 0.0966248 ms (enqueue 0.0817932 ms)
[02/25/2026-14:55:32] [I] Average on 10 runs - GPU latency: 0.0972839 ms - Host latency: 0.0972839 ms (enqueue 0.0824188 ms)
[02/25/2026-14:55:32] [I] Average on 10 runs - GPU latency: 0.0975342 ms - Host latency: 0.0975342 ms (enqueue 0.0828461 ms)
[02/25/2026-14:55:32] [I] Average on 10 runs - GPU latency: 0.094873 ms - Host latency: 0.094873 ms (enqueue 0.0795044 ms)
[02/25/2026-14:55:32] [I] Average on 10 runs - GPU latency: 0.100641 ms - Host latency: 0.100641 ms (enqueue 0.0842346 ms)
[02/25/2026-14:55:32] [I] Average on 10 runs - GPU latency: 0.0971466 ms - Host latency: 0.0971466 ms (enqueue 0.0824036 ms)
[02/25/2026-14:55:32] [I] Average on 10 runs - GPU latency: 0.0980804 ms - Host latency: 0.0980804 ms (enqueue 0.0843567 ms)
[02/25/2026-14:55:32] [I] Average on 10 runs - GPU latency: 0.0974426 ms - Host latency: 0.0974426 ms (enqueue 0.0818481 ms)
[02/25/2026-14:55:32] [I] Average on 10 runs - GPU latency: 0.0971222 ms - Host latency: 0.0971222 ms (enqueue 0.0816711 ms)
[02/25/2026-14:55:32] [I] Average on 10 runs - GPU latency: 0.0962494 ms - Host latency: 0.0962494 ms (enqueue 0.0819183 ms)
[02/25/2026-14:55:32] [I] Average on 10 runs - GPU latency: 0.0982971 ms - Host latency: 0.0982971 ms (enqueue 0.0837585 ms)
[02/25/2026-14:55:32] [I] Average on 10 runs - GPU latency: 0.0967438 ms - Host latency: 0.0967438 ms (enqueue 0.0813049 ms)
[02/25/2026-14:55:32] [I] Average on 10 runs - GPU latency: 0.0954346 ms - Host latency: 0.0954346 ms (enqueue 0.0801422 ms)
[02/25/2026-14:55:32] [I] Average on 10 runs - GPU latency: 0.0954926 ms - Host latency: 0.0954926 ms (enqueue 0.0804626 ms)
[02/25/2026-14:55:32] [I] Average on 10 runs - GPU latency: 0.0977417 ms - Host latency: 0.0977417 ms (enqueue 0.0841705 ms)
[02/25/2026-14:55:32] [I] Average on 10 runs - GPU latency: 0.0987976 ms - Host latency: 0.0987976 ms (enqueue 0.0818237 ms)
[02/25/2026-14:55:32] [I] Average on 10 runs - GPU latency: 0.0958923 ms - Host latency: 0.0958923 ms (enqueue 0.0808929 ms)
[02/25/2026-14:55:32] [I] Average on 10 runs - GPU latency: 0.0959473 ms - Host latency: 0.0959473 ms (enqueue 0.0807495 ms)
[02/25/2026-14:55:32] [I] Average on 10 runs - GPU latency: 0.0959045 ms - Host latency: 0.0959045 ms (enqueue 0.0831696 ms)
[02/25/2026-14:55:32] [I] Average on 10 runs - GPU latency: 0.0981079 ms - Host latency: 0.0981079 ms (enqueue 0.0818634 ms)
[02/25/2026-14:55:32] [I] Average on 10 runs - GPU latency: 0.0961029 ms - Host latency: 0.0961029 ms (enqueue 0.0813904 ms)
[02/25/2026-14:55:32] [I] Average on 10 runs - GPU latency: 0.0949402 ms - Host latency: 0.0949402 ms (enqueue 0.0799805 ms)
[02/25/2026-14:55:32] [I] Average on 10 runs - GPU latency: 0.0954163 ms - Host latency: 0.0954163 ms (enqueue 0.0809082 ms)
[02/25/2026-14:55:32] [I] Average on 10 runs - GPU latency: 0.0982086 ms - Host latency: 0.0982086 ms (enqueue 0.0833679 ms)
[02/25/2026-14:55:32] [I] Average on 10 runs - GPU latency: 0.0971527 ms - Host latency: 0.0971527 ms (enqueue 0.082251 ms)
[02/25/2026-14:55:32] [I] Average on 10 runs - GPU latency: 0.0953735 ms - Host latency: 0.0953735 ms (enqueue 0.0802521 ms)
[02/25/2026-14:55:32] [I] Average on 10 runs - GPU latency: 0.0963287 ms - Host latency: 0.0963287 ms (enqueue 0.0812622 ms)
[02/25/2026-14:55:32] [I] Average on 10 runs - GPU latency: 0.0985046 ms - Host latency: 0.0985046 ms (enqueue 0.0819031 ms)
[02/25/2026-14:55:32] [I] Average on 10 runs - GPU latency: 0.0966919 ms - Host latency: 0.0966919 ms (enqueue 0.0812012 ms)
[02/25/2026-14:55:32] [I] Average on 10 runs - GPU latency: 0.095166 ms - Host latency: 0.095166 ms (enqueue 0.0807526 ms)
[02/25/2026-14:55:32] [I] Average on 10 runs - GPU latency: 0.0957794 ms - Host latency: 0.0957794 ms (enqueue 0.0803925 ms)
[02/25/2026-14:55:32] [I] Average on 10 runs - GPU latency: 0.0984741 ms - Host latency: 0.0984741 ms (enqueue 0.0843536 ms)
[02/25/2026-14:55:32] [I] Average on 10 runs - GPU latency: 0.0964935 ms - Host latency: 0.0964935 ms (enqueue 0.0811646 ms)
[02/25/2026-14:55:32] [I] Average on 10 runs - GPU latency: 0.0953369 ms - Host latency: 0.0953369 ms (enqueue 0.0805389 ms)
[02/25/2026-14:55:32] [I] Average on 10 runs - GPU latency: 0.0954712 ms - Host latency: 0.0954712 ms (enqueue 0.079776 ms)
[02/25/2026-14:55:32] [I] Average on 10 runs - GPU latency: 0.0978302 ms - Host latency: 0.0978302 ms (enqueue 0.0831116 ms)
[02/25/2026-14:55:32] [I] Average on 10 runs - GPU latency: 0.0951721 ms - Host latency: 0.0951721 ms (enqueue 0.0802521 ms)
[02/25/2026-14:55:32] [I] Average on 10 runs - GPU latency: 0.0957703 ms - Host latency: 0.0957703 ms (enqueue 0.0809601 ms)
[02/25/2026-14:55:32] [I] Average on 10 runs - GPU latency: 0.0976654 ms - Host latency: 0.0976654 ms (enqueue 0.0819672 ms)
[02/25/2026-14:55:32] [I] Average on 10 runs - GPU latency: 0.0981628 ms - Host latency: 0.0981628 ms (enqueue 0.0835571 ms)
[02/25/2026-14:55:32] [I] Average on 10 runs - GPU latency: 0.0980438 ms - Host latency: 0.0980438 ms (enqueue 0.0826904 ms)
[02/25/2026-14:55:32] [I] Average on 10 runs - GPU latency: 0.0951172 ms - Host latency: 0.0951172 ms (enqueue 0.080249 ms)
[02/25/2026-14:55:32] [I] Average on 10 runs - GPU latency: 0.0963837 ms - Host latency: 0.0963837 ms (enqueue 0.0811951 ms)
[02/25/2026-14:55:32] [I] Average on 10 runs - GPU latency: 0.0975769 ms - Host latency: 0.0975769 ms (enqueue 0.0825043 ms)
[02/25/2026-14:55:32] [I] Average on 10 runs - GPU latency: 0.0954803 ms - Host latency: 0.0954803 ms (enqueue 0.0807373 ms)
[02/25/2026-14:55:32] [I] Average on 10 runs - GPU latency: 0.0962891 ms - Host latency: 0.0962891 ms (enqueue 0.0815765 ms)
[02/25/2026-14:55:32] [I] Average on 10 runs - GPU latency: 0.0968353 ms - Host latency: 0.0968353 ms (enqueue 0.0819061 ms)
[02/25/2026-14:55:32] [I] Average on 10 runs - GPU latency: 0.0985504 ms - Host latency: 0.0985504 ms (enqueue 0.0823303 ms)
[02/25/2026-14:55:32] [I] Average on 10 runs - GPU latency: 0.0950867 ms - Host latency: 0.0950867 ms (enqueue 0.0795898 ms)
[02/25/2026-14:55:32] [I] Average on 10 runs - GPU latency: 0.0978485 ms - Host latency: 0.0978485 ms (enqueue 0.0826111 ms)
[02/25/2026-14:55:32] [I] Average on 10 runs - GPU latency: 0.0953613 ms - Host latency: 0.0953613 ms (enqueue 0.0807373 ms)
[02/25/2026-14:55:32] [I] Average on 10 runs - GPU latency: 0.0995483 ms - Host latency: 0.0995483 ms (enqueue 0.0849091 ms)
[02/25/2026-14:55:32] [I] Average on 10 runs - GPU latency: 0.0956512 ms - Host latency: 0.0956512 ms (enqueue 0.0803467 ms)
[02/25/2026-14:55:32] [I] Average on 10 runs - GPU latency: 0.0968658 ms - Host latency: 0.0968658 ms (enqueue 0.0820312 ms)
[02/25/2026-14:55:32] [I] Average on 10 runs - GPU latency: 0.0968018 ms - Host latency: 0.0968018 ms (enqueue 0.0819794 ms)
[02/25/2026-14:55:32] [I] Average on 10 runs - GPU latency: 0.0987579 ms - Host latency: 0.0987579 ms (enqueue 0.0841125 ms)
[02/25/2026-14:55:32] [I] Average on 10 runs - GPU latency: 0.0962769 ms - Host latency: 0.0962769 ms (enqueue 0.0815002 ms)
[02/25/2026-14:55:32] [I] Average on 10 runs - GPU latency: 0.0953949 ms - Host latency: 0.0953949 ms (enqueue 0.0806305 ms)
[02/25/2026-14:55:32] [I] Average on 10 runs - GPU latency: 0.0948273 ms - Host latency: 0.0948273 ms (enqueue 0.0791809 ms)
[02/25/2026-14:55:32] [I] Average on 10 runs - GPU latency: 0.0968506 ms - Host latency: 0.0968506 ms (enqueue 0.0825348 ms)
[02/25/2026-14:55:32] [I] Average on 10 runs - GPU latency: 0.0961273 ms - Host latency: 0.0961273 ms (enqueue 0.0810608 ms)
[02/25/2026-14:55:32] [I] Average on 10 runs - GPU latency: 0.0960205 ms - Host latency: 0.0960205 ms (enqueue 0.0815308 ms)
[02/25/2026-14:55:32] [I] Average on 10 runs - GPU latency: 0.096106 ms - Host latency: 0.096106 ms (enqueue 0.0816498 ms)
[02/25/2026-14:55:32] [I] Average on 10 runs - GPU latency: 0.0995331 ms - Host latency: 0.0995331 ms (enqueue 0.0838898 ms)
[02/25/2026-14:55:32] [I] Average on 10 runs - GPU latency: 0.0992493 ms - Host latency: 0.0992493 ms (enqueue 0.0825806 ms)
[02/25/2026-14:55:32] [I] Average on 10 runs - GPU latency: 0.0977661 ms - Host latency: 0.0977661 ms (enqueue 0.0819733 ms)
[02/25/2026-14:55:32] [I] Average on 10 runs - GPU latency: 0.0967865 ms - Host latency: 0.0967865 ms (enqueue 0.0813477 ms)
[02/25/2026-14:55:32] [I] Average on 10 runs - GPU latency: 0.0992462 ms - Host latency: 0.0992462 ms (enqueue 0.0847778 ms)
[02/25/2026-14:55:32] [I] Average on 10 runs - GPU latency: 0.0965668 ms - Host latency: 0.0965668 ms (enqueue 0.0813751 ms)
[02/25/2026-14:55:32] [I] Average on 10 runs - GPU latency: 0.0972076 ms - Host latency: 0.0972076 ms (enqueue 0.0818237 ms)
[02/25/2026-14:55:32] [I] Average on 10 runs - GPU latency: 0.0960449 ms - Host latency: 0.0960449 ms (enqueue 0.081015 ms)
[02/25/2026-14:55:32] [I] Average on 10 runs - GPU latency: 0.0977478 ms - Host latency: 0.0977478 ms (enqueue 0.0832397 ms)
[02/25/2026-14:55:32] [I] Average on 10 runs - GPU latency: 0.098111 ms - Host latency: 0.098111 ms (enqueue 0.082785 ms)
[02/25/2026-14:55:32] [I] Average on 10 runs - GPU latency: 0.0957306 ms - Host latency: 0.0957306 ms (enqueue 0.0802917 ms)
[02/25/2026-14:55:32] [I] Average on 10 runs - GPU latency: 0.0948608 ms - Host latency: 0.0948608 ms (enqueue 0.0798981 ms)
[02/25/2026-14:55:32] [I] Average on 10 runs - GPU latency: 0.0985443 ms - Host latency: 0.0985443 ms (enqueue 0.0838623 ms)
[02/25/2026-14:55:32] [I] Average on 10 runs - GPU latency: 0.0957367 ms - Host latency: 0.0957367 ms (enqueue 0.0805359 ms)
[02/25/2026-14:55:32] [I] Average on 10 runs - GPU latency: 0.0972076 ms - Host latency: 0.0972076 ms (enqueue 0.0822022 ms)
[02/25/2026-14:55:32] [I] Average on 10 runs - GPU latency: 0.0966736 ms - Host latency: 0.0966736 ms (enqueue 0.0816345 ms)
[02/25/2026-14:55:32] [I] Average on 10 runs - GPU latency: 0.0988861 ms - Host latency: 0.0988861 ms (enqueue 0.0847717 ms)
[02/25/2026-14:55:32] [I] Average on 10 runs - GPU latency: 0.0973969 ms - Host latency: 0.0973969 ms (enqueue 0.0819672 ms)
[02/25/2026-14:55:32] [I] Average on 10 runs - GPU latency: 0.0961182 ms - Host latency: 0.0961182 ms (enqueue 0.081665 ms)
[02/25/2026-14:55:32] [I] Average on 10 runs - GPU latency: 0.0971161 ms - Host latency: 0.0971161 ms (enqueue 0.0824249 ms)
[02/25/2026-14:55:32] [I] Average on 10 runs - GPU latency: 0.101178 ms - Host latency: 0.101178 ms (enqueue 0.085733 ms)
[02/25/2026-14:55:32] [I] Average on 10 runs - GPU latency: 0.0958832 ms - Host latency: 0.0958832 ms (enqueue 0.0812073 ms)
[02/25/2026-14:55:32] [I] Average on 10 runs - GPU latency: 0.095874 ms - Host latency: 0.095874 ms (enqueue 0.0808197 ms)
[02/25/2026-14:55:32] [I] Average on 10 runs - GPU latency: 0.0961456 ms - Host latency: 0.0961456 ms (enqueue 0.0808105 ms)
[02/25/2026-14:55:32] [I] Average on 10 runs - GPU latency: 0.0979736 ms - Host latency: 0.0979736 ms (enqueue 0.0833374 ms)
[02/25/2026-14:55:32] [I] Average on 10 runs - GPU latency: 0.0964478 ms - Host latency: 0.0964478 ms (enqueue 0.0816834 ms)
[02/25/2026-14:55:32] [I] Average on 10 runs - GPU latency: 0.0966705 ms - Host latency: 0.0966705 ms (enqueue 0.0816254 ms)
[02/25/2026-14:55:32] [I] Average on 10 runs - GPU latency: 0.0962463 ms - Host latency: 0.0962463 ms (enqueue 0.0815735 ms)
[02/25/2026-14:55:32] [I] Average on 10 runs - GPU latency: 0.0995392 ms - Host latency: 0.0995392 ms (enqueue 0.0845123 ms)
[02/25/2026-14:55:32] [I] Average on 10 runs - GPU latency: 0.0954071 ms - Host latency: 0.0954071 ms (enqueue 0.0805328 ms)
[02/25/2026-14:55:32] [I] Average on 10 runs - GPU latency: 0.0955231 ms - Host latency: 0.0955231 ms (enqueue 0.0795563 ms)
[02/25/2026-14:55:32] [I] Average on 10 runs - GPU latency: 0.0946014 ms - Host latency: 0.0946014 ms (enqueue 0.080188 ms)
[02/25/2026-14:55:32] [I] Average on 10 runs - GPU latency: 0.0993591 ms - Host latency: 0.0993591 ms (enqueue 0.0846985 ms)
[02/25/2026-14:55:32] [I] Average on 10 runs - GPU latency: 0.0961121 ms - Host latency: 0.0961121 ms (enqueue 0.0809631 ms)
[02/25/2026-14:55:32] [I] Average on 10 runs - GPU latency: 0.095816 ms - Host latency: 0.095816 ms (enqueue 0.080896 ms)
[02/25/2026-14:55:32] [I] Average on 10 runs - GPU latency: 0.0957184 ms - Host latency: 0.0957184 ms (enqueue 0.0806885 ms)
[02/25/2026-14:55:32] [I] Average on 10 runs - GPU latency: 0.0976074 ms - Host latency: 0.0976074 ms (enqueue 0.08349 ms)
[02/25/2026-14:55:32] [I] Average on 10 runs - GPU latency: 0.0958557 ms - Host latency: 0.0958557 ms (enqueue 0.0804871 ms)
[02/25/2026-14:55:32] [I] Average on 10 runs - GPU latency: 0.095578 ms - Host latency: 0.095578 ms (enqueue 0.080545 ms)
[02/25/2026-14:55:32] [I] Average on 10 runs - GPU latency: 0.0973328 ms - Host latency: 0.0973328 ms (enqueue 0.0822662 ms)
[02/25/2026-14:55:32] [I] Average on 10 runs - GPU latency: 0.094516 ms - Host latency: 0.094516 ms (enqueue 0.0817932 ms)
[02/25/2026-14:55:32] [I] Average on 10 runs - GPU latency: 0.0999359 ms - Host latency: 0.0999359 ms (enqueue 0.0833954 ms)
[02/25/2026-14:55:32] [I] Average on 10 runs - GPU latency: 0.0972412 ms - Host latency: 0.0972412 ms (enqueue 0.082486 ms)
[02/25/2026-14:55:32] [I] Average on 10 runs - GPU latency: 0.0986115 ms - Host latency: 0.0986115 ms (enqueue 0.08302 ms)
[02/25/2026-14:55:32] [I] Average on 10 runs - GPU latency: 0.0955872 ms - Host latency: 0.0955872 ms (enqueue 0.0829346 ms)
[02/25/2026-14:55:32] [I] Average on 10 runs - GPU latency: 0.0983948 ms - Host latency: 0.0983948 ms (enqueue 0.0825592 ms)
[02/25/2026-14:55:32] [I] Average on 10 runs - GPU latency: 0.096106 ms - Host latency: 0.096106 ms (enqueue 0.080603 ms)
[02/25/2026-14:55:32] [I] Average on 10 runs - GPU latency: 0.0963379 ms - Host latency: 0.0963379 ms (enqueue 0.0815613 ms)
[02/25/2026-14:55:32] [I] Average on 10 runs - GPU latency: 0.0989746 ms - Host latency: 0.0989746 ms (enqueue 0.0853607 ms)
[02/25/2026-14:55:32] [I] Average on 10 runs - GPU latency: 0.0978485 ms - Host latency: 0.0978485 ms (enqueue 0.0813873 ms)
[02/25/2026-14:55:32] [I] Average on 10 runs - GPU latency: 0.0975922 ms - Host latency: 0.0975922 ms (enqueue 0.0831116 ms)
[02/25/2026-14:55:32] [I] Average on 10 runs - GPU latency: 0.0961029 ms - Host latency: 0.0961029 ms (enqueue 0.0804413 ms)
[02/25/2026-14:55:32] [I] Average on 10 runs - GPU latency: 0.0964386 ms - Host latency: 0.0964386 ms (enqueue 0.0820984 ms)
[02/25/2026-14:55:32] [I] Average on 10 runs - GPU latency: 0.100449 ms - Host latency: 0.100449 ms (enqueue 0.0851074 ms)
[02/25/2026-14:55:32] [I] Average on 10 runs - GPU latency: 0.0989075 ms - Host latency: 0.0989075 ms (enqueue 0.0829773 ms)
[02/25/2026-14:55:32] [I] Average on 10 runs - GPU latency: 0.0973053 ms - Host latency: 0.0973053 ms (enqueue 0.0817444 ms)
[02/25/2026-14:55:32] [I] Average on 10 runs - GPU latency: 0.0949982 ms - Host latency: 0.0949982 ms (enqueue 0.0799805 ms)
[02/25/2026-14:55:32] [I] Average on 10 runs - GPU latency: 0.098761 ms - Host latency: 0.098761 ms (enqueue 0.0843201 ms)
[02/25/2026-14:55:32] [I] Average on 10 runs - GPU latency: 0.0962463 ms - Host latency: 0.0962463 ms (enqueue 0.0804932 ms)
[02/25/2026-14:55:32] [I] Average on 10 runs - GPU latency: 0.0950104 ms - Host latency: 0.0950104 ms (enqueue 0.0810944 ms)
[02/25/2026-14:55:32] [I] Average on 10 runs - GPU latency: 0.0952484 ms - Host latency: 0.0952484 ms (enqueue 0.0799652 ms)
[02/25/2026-14:55:32] [I] Average on 10 runs - GPU latency: 0.0985382 ms - Host latency: 0.0985382 ms (enqueue 0.083963 ms)
[02/25/2026-14:55:32] [I] Average on 10 runs - GPU latency: 0.0948517 ms - Host latency: 0.0948517 ms (enqueue 0.0794495 ms)
[02/25/2026-14:55:32] [I] Average on 10 runs - GPU latency: 0.0952454 ms - Host latency: 0.0952454 ms (enqueue 0.0806152 ms)
[02/25/2026-14:55:32] [I] Average on 10 runs - GPU latency: 0.0955414 ms - Host latency: 0.0955414 ms (enqueue 0.0806885 ms)
[02/25/2026-14:55:32] [I] Average on 10 runs - GPU latency: 0.0996674 ms - Host latency: 0.0996674 ms (enqueue 0.0829437 ms)
[02/25/2026-14:55:32] [I] Average on 10 runs - GPU latency: 0.0970581 ms - Host latency: 0.0970581 ms (enqueue 0.0815216 ms)
[02/25/2026-14:55:32] [I] Average on 10 runs - GPU latency: 0.0965698 ms - Host latency: 0.0965698 ms (enqueue 0.081546 ms)
[02/25/2026-14:55:32] [I] Average on 10 runs - GPU latency: 0.0971222 ms - Host latency: 0.0971222 ms (enqueue 0.0822998 ms)
[02/25/2026-14:55:32] [I] Average on 10 runs - GPU latency: 0.0983948 ms - Host latency: 0.0983948 ms (enqueue 0.083371 ms)
[02/25/2026-14:55:32] [I] Average on 10 runs - GPU latency: 0.0965851 ms - Host latency: 0.0965851 ms (enqueue 0.0815491 ms)
[02/25/2026-14:55:32] [I] Average on 10 runs - GPU latency: 0.0970642 ms - Host latency: 0.0970642 ms (enqueue 0.0820282 ms)
[02/25/2026-14:55:32] [I] Average on 10 runs - GPU latency: 0.0968781 ms - Host latency: 0.0968781 ms (enqueue 0.0816498 ms)
[02/25/2026-14:55:32] [I] Average on 10 runs - GPU latency: 0.0988129 ms - Host latency: 0.0988129 ms (enqueue 0.0850098 ms)
[02/25/2026-14:55:32] [I] Average on 10 runs - GPU latency: 0.0959534 ms - Host latency: 0.0959534 ms (enqueue 0.0808655 ms)
[02/25/2026-14:55:32] [I] Average on 10 runs - GPU latency: 0.096814 ms - Host latency: 0.096814 ms (enqueue 0.0815552 ms)
[02/25/2026-14:55:32] [I] Average on 10 runs - GPU latency: 0.0962494 ms - Host latency: 0.0962494 ms (enqueue 0.0808411 ms)
[02/25/2026-14:55:32] [I] Average on 10 runs - GPU latency: 0.101685 ms - Host latency: 0.101685 ms (enqueue 0.0848602 ms)
[02/25/2026-14:55:32] [I] Average on 10 runs - GPU latency: 0.0951263 ms - Host latency: 0.0951263 ms (enqueue 0.0804535 ms)
[02/25/2026-14:55:32] [I] Average on 10 runs - GPU latency: 0.0962067 ms - Host latency: 0.0962067 ms (enqueue 0.0816162 ms)
[02/25/2026-14:55:32] [I] Average on 10 runs - GPU latency: 0.0962372 ms - Host latency: 0.0962372 ms (enqueue 0.0811523 ms)
[02/25/2026-14:55:32] [I] Average on 10 runs - GPU latency: 0.0999939 ms - Host latency: 0.0999939 ms (enqueue 0.0850037 ms)
[02/25/2026-14:55:32] [I] Average on 10 runs - GPU latency: 0.0966492 ms - Host latency: 0.0966492 ms (enqueue 0.0818939 ms)
[02/25/2026-14:55:32] [I] Average on 10 runs - GPU latency: 0.0961884 ms - Host latency: 0.0961884 ms (enqueue 0.0812592 ms)
[02/25/2026-14:55:32] [I] Average on 10 runs - GPU latency: 0.0970703 ms - Host latency: 0.0970703 ms (enqueue 0.081723 ms)
[02/25/2026-14:55:32] [I] Average on 10 runs - GPU latency: 0.0966553 ms - Host latency: 0.0966553 ms (enqueue 0.0822998 ms)
[02/25/2026-14:55:32] [I] Average on 10 runs - GPU latency: 0.0948608 ms - Host latency: 0.0948608 ms (enqueue 0.0796143 ms)
[02/25/2026-14:55:32] [I] Average on 10 runs - GPU latency: 0.0951233 ms - Host latency: 0.0951233 ms (enqueue 0.0799103 ms)
[02/25/2026-14:55:32] [I] Average on 10 runs - GPU latency: 0.0954285 ms - Host latency: 0.0954285 ms (enqueue 0.0804291 ms)
[02/25/2026-14:55:32] [I] Average on 10 runs - GPU latency: 0.0990509 ms - Host latency: 0.0990509 ms (enqueue 0.0835205 ms)
[02/25/2026-14:55:32] [I] Average on 10 runs - GPU latency: 0.0954712 ms - Host latency: 0.0954712 ms (enqueue 0.0802582 ms)
[02/25/2026-14:55:32] [I] Average on 10 runs - GPU latency: 0.0946991 ms - Host latency: 0.0946991 ms (enqueue 0.0802917 ms)
[02/25/2026-14:55:32] [I] Average on 10 runs - GPU latency: 0.0957092 ms - Host latency: 0.0957092 ms (enqueue 0.0804016 ms)
[02/25/2026-14:55:32] [I] Average on 10 runs - GPU latency: 0.0983765 ms - Host latency: 0.0983765 ms (enqueue 0.0830688 ms)
[02/25/2026-14:55:32] [I] Average on 10 runs - GPU latency: 0.0959839 ms - Host latency: 0.0959839 ms (enqueue 0.081015 ms)
[02/25/2026-14:55:32] [I] Average on 10 runs - GPU latency: 0.0963135 ms - Host latency: 0.0963135 ms (enqueue 0.0810547 ms)
[02/25/2026-14:55:32] [I] Average on 10 runs - GPU latency: 0.0953003 ms - Host latency: 0.0953003 ms (enqueue 0.0799286 ms)
[02/25/2026-14:55:32] [I] Average on 10 runs - GPU latency: 0.0978546 ms - Host latency: 0.0978546 ms (enqueue 0.0819 ms)
[02/25/2026-14:55:32] [I] Average on 10 runs - GPU latency: 0.0957275 ms - Host latency: 0.0957275 ms (enqueue 0.0804443 ms)
[02/25/2026-14:55:32] [I] Average on 10 runs - GPU latency: 0.0959381 ms - Host latency: 0.0959381 ms (enqueue 0.0806213 ms)
[02/25/2026-14:55:32] [I] Average on 10 runs - GPU latency: 0.0979858 ms - Host latency: 0.0979858 ms (enqueue 0.0819061 ms)
[02/25/2026-14:55:32] [I] Average on 10 runs - GPU latency: 0.0968323 ms - Host latency: 0.0968323 ms (enqueue 0.0832245 ms)
[02/25/2026-14:55:32] [I] Average on 10 runs - GPU latency: 0.0957642 ms - Host latency: 0.0957642 ms (enqueue 0.0807037 ms)
[02/25/2026-14:55:32] [I] Average on 10 runs - GPU latency: 0.0953369 ms - Host latency: 0.0953369 ms (enqueue 0.0798431 ms)
[02/25/2026-14:55:32] [I] Average on 10 runs - GPU latency: 0.0954437 ms - Host latency: 0.0954437 ms (enqueue 0.0806152 ms)
[02/25/2026-14:55:32] [I] Average on 10 runs - GPU latency: 0.0983643 ms - Host latency: 0.0983643 ms (enqueue 0.0837402 ms)
[02/25/2026-14:55:32] [I] Average on 10 runs - GPU latency: 0.0984894 ms - Host latency: 0.0984894 ms (enqueue 0.0829315 ms)
[02/25/2026-14:55:32] [I] Average on 10 runs - GPU latency: 0.0974792 ms - Host latency: 0.0974792 ms (enqueue 0.0824493 ms)
[02/25/2026-14:55:32] [I] Average on 10 runs - GPU latency: 0.0959717 ms - Host latency: 0.0959717 ms (enqueue 0.0814453 ms)
[02/25/2026-14:55:32] [I] Average on 10 runs - GPU latency: 0.0970093 ms - Host latency: 0.0970093 ms (enqueue 0.081311 ms)
[02/25/2026-14:55:32] [I] Average on 10 runs - GPU latency: 0.0951233 ms - Host latency: 0.0951233 ms (enqueue 0.0808472 ms)
[02/25/2026-14:55:32] [I] Average on 10 runs - GPU latency: 0.0997925 ms - Host latency: 0.0997925 ms (enqueue 0.0838806 ms)
[02/25/2026-14:55:32] [I] Average on 10 runs - GPU latency: 0.0963318 ms - Host latency: 0.0963318 ms (enqueue 0.0816711 ms)
[02/25/2026-14:55:32] [I] Average on 10 runs - GPU latency: 0.0984741 ms - Host latency: 0.0984741 ms (enqueue 0.0832703 ms)
[02/25/2026-14:55:32] [I] Average on 10 runs - GPU latency: 0.0974487 ms - Host latency: 0.0974487 ms (enqueue 0.0818481 ms)
[02/25/2026-14:55:32] [I] Average on 10 runs - GPU latency: 0.0956665 ms - Host latency: 0.0956665 ms (enqueue 0.0809143 ms)
[02/25/2026-14:55:32] [I] Average on 10 runs - GPU latency: 0.0961548 ms - Host latency: 0.0961548 ms (enqueue 0.0811462 ms)
[02/25/2026-14:55:32] [I] Average on 10 runs - GPU latency: 0.096521 ms - Host latency: 0.096521 ms (enqueue 0.0817017 ms)
[02/25/2026-14:55:32] [I] Average on 10 runs - GPU latency: 0.0973633 ms - Host latency: 0.0973633 ms (enqueue 0.0816895 ms)
[02/25/2026-14:55:32] [I] Average on 10 runs - GPU latency: 0.0979431 ms - Host latency: 0.0979431 ms (enqueue 0.0834045 ms)
[02/25/2026-14:55:32] [I] Average on 10 runs - GPU latency: 0.0955689 ms - Host latency: 0.0955689 ms (enqueue 0.0805481 ms)
[02/25/2026-14:55:32] [I] Average on 10 runs - GPU latency: 0.0988586 ms - Host latency: 0.0988586 ms (enqueue 0.0854004 ms)
[02/25/2026-14:55:32] [I] Average on 10 runs - GPU latency: 0.0965576 ms - Host latency: 0.0965576 ms (enqueue 0.0805054 ms)
[02/25/2026-14:55:32] [I] Average on 10 runs - GPU latency: 0.097522 ms - Host latency: 0.097522 ms (enqueue 0.0819458 ms)
[02/25/2026-14:55:32] [I] Average on 10 runs - GPU latency: 0.0971191 ms - Host latency: 0.0971191 ms (enqueue 0.082196 ms)
[02/25/2026-14:55:32] [I] Average on 10 runs - GPU latency: 0.0988342 ms - Host latency: 0.0988342 ms (enqueue 0.0839783 ms)
[02/25/2026-14:55:32] [I] Average on 10 runs - GPU latency: 0.0995789 ms - Host latency: 0.0995789 ms (enqueue 0.0837585 ms)
[02/25/2026-14:55:32] [I] Average on 10 runs - GPU latency: 0.0979065 ms - Host latency: 0.0979065 ms (enqueue 0.0827942 ms)
[02/25/2026-14:55:32] [I] Average on 10 runs - GPU latency: 0.0967834 ms - Host latency: 0.0967834 ms (enqueue 0.0812622 ms)
[02/25/2026-14:55:32] [I] Average on 10 runs - GPU latency: 0.0977783 ms - Host latency: 0.0977783 ms (enqueue 0.0833252 ms)
[02/25/2026-14:55:32] [I] Average on 10 runs - GPU latency: 0.095343 ms - Host latency: 0.095343 ms (enqueue 0.0800293 ms)
[02/25/2026-14:55:32] [I] Average on 10 runs - GPU latency: 0.0959534 ms - Host latency: 0.0959534 ms (enqueue 0.0807922 ms)
[02/25/2026-14:55:32] [I] Average on 10 runs - GPU latency: 0.0951233 ms - Host latency: 0.0951233 ms (enqueue 0.0805176 ms)
[02/25/2026-14:55:32] [I] Average on 10 runs - GPU latency: 0.0963501 ms - Host latency: 0.0963501 ms (enqueue 0.0831299 ms)
[02/25/2026-14:55:32] [I] Average on 10 runs - GPU latency: 0.100592 ms - Host latency: 0.100592 ms (enqueue 0.0837036 ms)
[02/25/2026-14:55:32] [I] Average on 10 runs - GPU latency: 0.0961487 ms - Host latency: 0.0961487 ms (enqueue 0.0813171 ms)
[02/25/2026-14:55:32] [I] Average on 10 runs - GPU latency: 0.0963806 ms - Host latency: 0.0963806 ms (enqueue 0.0816345 ms)
[02/25/2026-14:55:32] [I] Average on 10 runs - GPU latency: 0.0964172 ms - Host latency: 0.0964172 ms (enqueue 0.080896 ms)
[02/25/2026-14:55:32] [I] Average on 10 runs - GPU latency: 0.0978516 ms - Host latency: 0.0978516 ms (enqueue 0.0822022 ms)
[02/25/2026-14:55:32] [I] Average on 10 runs - GPU latency: 0.0969482 ms - Host latency: 0.0969482 ms (enqueue 0.0813232 ms)
[02/25/2026-14:55:32] [I] Average on 10 runs - GPU latency: 0.0975403 ms - Host latency: 0.0975403 ms (enqueue 0.0823303 ms)
[02/25/2026-14:55:32] [I] Average on 10 runs - GPU latency: 0.096582 ms - Host latency: 0.096582 ms (enqueue 0.0809876 ms)
[02/25/2026-14:55:32] [I] Average on 10 runs - GPU latency: 0.0968689 ms - Host latency: 0.0968689 ms (enqueue 0.0823364 ms)
[02/25/2026-14:55:32] [I] Average on 10 runs - GPU latency: 0.0951965 ms - Host latency: 0.0951965 ms (enqueue 0.0796204 ms)
[02/25/2026-14:55:32] [I] Average on 10 runs - GPU latency: 0.0942505 ms - Host latency: 0.0942505 ms (enqueue 0.079541 ms)
[02/25/2026-14:55:32] [I] Average on 10 runs - GPU latency: 0.0969299 ms - Host latency: 0.0969299 ms (enqueue 0.081012 ms)
[02/25/2026-14:55:32] [I] Average on 10 runs - GPU latency: 0.0982666 ms - Host latency: 0.0982666 ms (enqueue 0.0831604 ms)
[02/25/2026-14:55:32] [I] Average on 10 runs - GPU latency: 0.0954163 ms - Host latency: 0.0954163 ms (enqueue 0.0812317 ms)
[02/25/2026-14:55:32] [I] Average on 10 runs - GPU latency: 0.0969727 ms - Host latency: 0.0969727 ms (enqueue 0.0815674 ms)
[02/25/2026-14:55:32] [I] Average on 10 runs - GPU latency: 0.0962097 ms - Host latency: 0.0962097 ms (enqueue 0.08125 ms)
[02/25/2026-14:55:32] [I] Average on 10 runs - GPU latency: 0.0977783 ms - Host latency: 0.0977783 ms (enqueue 0.0833374 ms)
[02/25/2026-14:55:32] [I] Average on 10 runs - GPU latency: 0.0963135 ms - Host latency: 0.0963135 ms (enqueue 0.0812073 ms)
[02/25/2026-14:55:32] [I] Average on 10 runs - GPU latency: 0.0955811 ms - Host latency: 0.0955811 ms (enqueue 0.0811218 ms)
[02/25/2026-14:55:32] [I] Average on 10 runs - GPU latency: 0.0971497 ms - Host latency: 0.0971497 ms (enqueue 0.0817444 ms)
[02/25/2026-14:55:32] [I] Average on 10 runs - GPU latency: 0.100757 ms - Host latency: 0.100757 ms (enqueue 0.0854492 ms)
[02/25/2026-14:55:32] [I] Average on 10 runs - GPU latency: 0.0979919 ms - Host latency: 0.0979919 ms (enqueue 0.082666 ms)
[02/25/2026-14:55:32] [I] Average on 10 runs - GPU latency: 0.0970032 ms - Host latency: 0.0970032 ms (enqueue 0.0822998 ms)
[02/25/2026-14:55:32] [I] Average on 10 runs - GPU latency: 0.0980957 ms - Host latency: 0.0980957 ms (enqueue 0.0815613 ms)
[02/25/2026-14:55:32] [I] Average on 10 runs - GPU latency: 0.0972473 ms - Host latency: 0.0972473 ms (enqueue 0.0827332 ms)
[02/25/2026-14:55:32] [I] Average on 10 runs - GPU latency: 0.0962402 ms - Host latency: 0.0962402 ms (enqueue 0.0803467 ms)
[02/25/2026-14:55:32] [I] Average on 10 runs - GPU latency: 0.0960388 ms - Host latency: 0.0960388 ms (enqueue 0.0815186 ms)
[02/25/2026-14:55:32] [I] Average on 10 runs - GPU latency: 0.0951111 ms - Host latency: 0.0951111 ms (enqueue 0.0802673 ms)
[02/25/2026-14:55:32] [I] Average on 10 runs - GPU latency: 0.0978149 ms - Host latency: 0.0978149 ms (enqueue 0.083313 ms)
[02/25/2026-14:55:32] [I] Average on 10 runs - GPU latency: 0.0978272 ms - Host latency: 0.0978272 ms (enqueue 0.0829834 ms)
[02/25/2026-14:55:32] [I] Average on 10 runs - GPU latency: 0.0963623 ms - Host latency: 0.0963623 ms (enqueue 0.0808411 ms)
[02/25/2026-14:55:32] [I] Average on 10 runs - GPU latency: 0.0948059 ms - Host latency: 0.0948059 ms (enqueue 0.0795959 ms)
[02/25/2026-14:55:32] [I] Average on 10 runs - GPU latency: 0.0984009 ms - Host latency: 0.0984009 ms (enqueue 0.0849548 ms)
[02/25/2026-14:55:32] [I] Average on 10 runs - GPU latency: 0.0973084 ms - Host latency: 0.0973084 ms (enqueue 0.0814087 ms)
[02/25/2026-14:55:32] [I] Average on 10 runs - GPU latency: 0.096759 ms - Host latency: 0.096759 ms (enqueue 0.0812256 ms)
[02/25/2026-14:55:32] [I] Average on 10 runs - GPU latency: 0.095227 ms - Host latency: 0.095227 ms (enqueue 0.0808533 ms)
[02/25/2026-14:55:32] [I] Average on 10 runs - GPU latency: 0.0984009 ms - Host latency: 0.0984009 ms (enqueue 0.0837646 ms)
[02/25/2026-14:55:32] [I] Average on 10 runs - GPU latency: 0.0960693 ms - Host latency: 0.0960693 ms (enqueue 0.0809814 ms)
[02/25/2026-14:55:32] [I] Average on 10 runs - GPU latency: 0.0962036 ms - Host latency: 0.0962036 ms (enqueue 0.0814148 ms)
[02/25/2026-14:55:32] [I] Average on 10 runs - GPU latency: 0.0960266 ms - Host latency: 0.0960266 ms (enqueue 0.0803955 ms)
[02/25/2026-14:55:32] [I] Average on 10 runs - GPU latency: 0.0980103 ms - Host latency: 0.0980103 ms (enqueue 0.0835815 ms)
[02/25/2026-14:55:32] [I] Average on 10 runs - GPU latency: 0.0950562 ms - Host latency: 0.0950562 ms (enqueue 0.0800781 ms)
[02/25/2026-14:55:32] [I] Average on 10 runs - GPU latency: 0.09646 ms - Host latency: 0.09646 ms (enqueue 0.0820862 ms)
[02/25/2026-14:55:32] [I] Average on 10 runs - GPU latency: 0.0968933 ms - Host latency: 0.0968933 ms (enqueue 0.0820251 ms)
[02/25/2026-14:55:32] [I] Average on 10 runs - GPU latency: 0.0983948 ms - Host latency: 0.0983948 ms (enqueue 0.0828735 ms)
[02/25/2026-14:55:32] [I] Average on 10 runs - GPU latency: 0.097699 ms - Host latency: 0.097699 ms (enqueue 0.0824158 ms)
[02/25/2026-14:55:32] [I] Average on 10 runs - GPU latency: 0.0970154 ms - Host latency: 0.0970154 ms (enqueue 0.0811035 ms)
[02/25/2026-14:55:32] [I] Average on 10 runs - GPU latency: 0.0962524 ms - Host latency: 0.0962524 ms (enqueue 0.0814514 ms)
[02/25/2026-14:55:32] [I] Average on 10 runs - GPU latency: 0.0983093 ms - Host latency: 0.0983093 ms (enqueue 0.0831299 ms)
[02/25/2026-14:55:32] [I] Average on 10 runs - GPU latency: 0.0957764 ms - Host latency: 0.0957764 ms (enqueue 0.0806885 ms)
[02/25/2026-14:55:32] [I] Average on 10 runs - GPU latency: 0.0954956 ms - Host latency: 0.0954956 ms (enqueue 0.0803101 ms)
[02/25/2026-14:55:32] [I] Average on 10 runs - GPU latency: 0.09646 ms - Host latency: 0.09646 ms (enqueue 0.0818359 ms)
[02/25/2026-14:55:32] [I] Average on 10 runs - GPU latency: 0.0987427 ms - Host latency: 0.0987427 ms (enqueue 0.0819519 ms)
[02/25/2026-14:55:32] [I] Average on 10 runs - GPU latency: 0.0963013 ms - Host latency: 0.0963013 ms (enqueue 0.0818542 ms)
[02/25/2026-14:55:32] [I] Average on 10 runs - GPU latency: 0.0956238 ms - Host latency: 0.0956238 ms (enqueue 0.0803284 ms)
[02/25/2026-14:55:32] [I] Average on 10 runs - GPU latency: 0.0953735 ms - Host latency: 0.0953735 ms (enqueue 0.080426 ms)
[02/25/2026-14:55:32] [I] Average on 10 runs - GPU latency: 0.0979004 ms - Host latency: 0.0979004 ms (enqueue 0.0835205 ms)
[02/25/2026-14:55:32] [I] Average on 10 runs - GPU latency: 0.0968628 ms - Host latency: 0.0968628 ms (enqueue 0.0817871 ms)
[02/25/2026-14:55:32] [I] Average on 10 runs - GPU latency: 0.097113 ms - Host latency: 0.097113 ms (enqueue 0.0809876 ms)
[02/25/2026-14:55:32] [I] Average on 10 runs - GPU latency: 0.0963928 ms - Host latency: 0.0963928 ms (enqueue 0.0815063 ms)
[02/25/2026-14:55:32] [I] Average on 10 runs - GPU latency: 0.0966003 ms - Host latency: 0.0966003 ms (enqueue 0.081543 ms)
[02/25/2026-14:55:32] [I] Average on 10 runs - GPU latency: 0.0953125 ms - Host latency: 0.0953125 ms (enqueue 0.0805359 ms)
[02/25/2026-14:55:32] [I] Average on 10 runs - GPU latency: 0.0947693 ms - Host latency: 0.0947693 ms (enqueue 0.0800964 ms)
[02/25/2026-14:55:32] [I] Average on 10 runs - GPU latency: 0.0956421 ms - Host latency: 0.0956421 ms (enqueue 0.0806763 ms)
[02/25/2026-14:55:32] [I] Average on 10 runs - GPU latency: 0.0978638 ms - Host latency: 0.0978638 ms (enqueue 0.083606 ms)
[02/25/2026-14:55:32] [I] Average on 10 runs - GPU latency: 0.0961731 ms - Host latency: 0.0961731 ms (enqueue 0.0810974 ms)
[02/25/2026-14:55:32] [I] Average on 10 runs - GPU latency: 0.0948425 ms - Host latency: 0.0948425 ms (enqueue 0.0789673 ms)
[02/25/2026-14:55:32] [I] Average on 10 runs - GPU latency: 0.094751 ms - Host latency: 0.094751 ms (enqueue 0.0807007 ms)
[02/25/2026-14:55:32] [I] Average on 10 runs - GPU latency: 0.09729 ms - Host latency: 0.09729 ms (enqueue 0.0831421 ms)
[02/25/2026-14:55:32] [I] Average on 10 runs - GPU latency: 0.0957214 ms - Host latency: 0.0957214 ms (enqueue 0.0801941 ms)
[02/25/2026-14:55:32] [I] Average on 10 runs - GPU latency: 0.0961182 ms - Host latency: 0.0961182 ms (enqueue 0.0813171 ms)
[02/25/2026-14:55:32] [I] Average on 10 runs - GPU latency: 0.095459 ms - Host latency: 0.095459 ms (enqueue 0.0798889 ms)
[02/25/2026-14:55:32] [I] Average on 10 runs - GPU latency: 0.094928 ms - Host latency: 0.094928 ms (enqueue 0.0822876 ms)
[02/25/2026-14:55:32] [I] Average on 10 runs - GPU latency: 0.097699 ms - Host latency: 0.097699 ms (enqueue 0.0809753 ms)
[02/25/2026-14:55:32] [I] Average on 10 runs - GPU latency: 0.094281 ms - Host latency: 0.094281 ms (enqueue 0.0794983 ms)
[02/25/2026-14:55:32] [I] Average on 10 runs - GPU latency: 0.0948242 ms - Host latency: 0.0948242 ms (enqueue 0.080188 ms)
[02/25/2026-14:55:32] [I] Average on 10 runs - GPU latency: 0.0952759 ms - Host latency: 0.0952759 ms (enqueue 0.0800781 ms)
[02/25/2026-14:55:32] [I] Average on 10 runs - GPU latency: 0.097229 ms - Host latency: 0.097229 ms (enqueue 0.0834167 ms)
[02/25/2026-14:55:32] [I] Average on 10 runs - GPU latency: 0.0957092 ms - Host latency: 0.0957092 ms (enqueue 0.0804077 ms)
[02/25/2026-14:55:32] [I] Average on 10 runs - GPU latency: 0.095752 ms - Host latency: 0.095752 ms (enqueue 0.0802063 ms)
[02/25/2026-14:55:32] [I] Average on 10 runs - GPU latency: 0.0975891 ms - Host latency: 0.0975891 ms (enqueue 0.0826538 ms)
[02/25/2026-14:55:32] [I] Average on 10 runs - GPU latency: 0.0983398 ms - Host latency: 0.0983398 ms (enqueue 0.0833679 ms)
[02/25/2026-14:55:32] [I] Average on 10 runs - GPU latency: 0.0966309 ms - Host latency: 0.0966309 ms (enqueue 0.0813477 ms)
[02/25/2026-14:55:32] [I] Average on 10 runs - GPU latency: 0.0961975 ms - Host latency: 0.0961975 ms (enqueue 0.0805725 ms)
[02/25/2026-14:55:32] [I] Average on 10 runs - GPU latency: 0.0948853 ms - Host latency: 0.0948853 ms (enqueue 0.0801514 ms)
[02/25/2026-14:55:32] [I] Average on 10 runs - GPU latency: 0.0979553 ms - Host latency: 0.0979553 ms (enqueue 0.0829163 ms)
[02/25/2026-14:55:32] [I] Average on 10 runs - GPU latency: 0.0968018 ms - Host latency: 0.0968018 ms (enqueue 0.0814514 ms)
[02/25/2026-14:55:32] [I] Average on 10 runs - GPU latency: 0.0959778 ms - Host latency: 0.0959778 ms (enqueue 0.0810181 ms)
[02/25/2026-14:55:32] [I] Average on 10 runs - GPU latency: 0.0950256 ms - Host latency: 0.0950256 ms (enqueue 0.080072 ms)
[02/25/2026-14:55:32] [I] Average on 10 runs - GPU latency: 0.0969482 ms - Host latency: 0.0969482 ms (enqueue 0.0826538 ms)
[02/25/2026-14:55:32] [I] Average on 10 runs - GPU latency: 0.0956299 ms - Host latency: 0.0956299 ms (enqueue 0.0801575 ms)
[02/25/2026-14:55:32] [I] Average on 10 runs - GPU latency: 0.0966248 ms - Host latency: 0.0966248 ms (enqueue 0.081073 ms)
[02/25/2026-14:55:32] [I] Average on 10 runs - GPU latency: 0.0948975 ms - Host latency: 0.0948975 ms (enqueue 0.0792358 ms)
[02/25/2026-14:55:32] [I] Average on 10 runs - GPU latency: 0.0960571 ms - Host latency: 0.0960571 ms (enqueue 0.0815613 ms)
[02/25/2026-14:55:32] [I] Average on 10 runs - GPU latency: 0.0949341 ms - Host latency: 0.0949341 ms (enqueue 0.0805603 ms)
[02/25/2026-14:55:32] [I] Average on 10 runs - GPU latency: 0.0949036 ms - Host latency: 0.0949036 ms (enqueue 0.0802917 ms)
[02/25/2026-14:55:32] [I] Average on 10 runs - GPU latency: 0.0958618 ms - Host latency: 0.0958618 ms (enqueue 0.0814026 ms)
[02/25/2026-14:55:32] [I] Average on 10 runs - GPU latency: 0.0994263 ms - Host latency: 0.0994263 ms (enqueue 0.0849609 ms)
[02/25/2026-14:55:32] [I] Average on 10 runs - GPU latency: 0.0967102 ms - Host latency: 0.0967102 ms (enqueue 0.081427 ms)
[02/25/2026-14:55:32] [I] Average on 10 runs - GPU latency: 0.09552 ms - Host latency: 0.09552 ms (enqueue 0.0809387 ms)
[02/25/2026-14:55:32] [I] Average on 10 runs - GPU latency: 0.0960754 ms - Host latency: 0.0960754 ms (enqueue 0.0804871 ms)
[02/25/2026-14:55:32] [I] Average on 10 runs - GPU latency: 0.0994019 ms - Host latency: 0.0994019 ms (enqueue 0.0832825 ms)
[02/25/2026-14:55:32] [I] Average on 10 runs - GPU latency: 0.0971191 ms - Host latency: 0.0971191 ms (enqueue 0.0821899 ms)
[02/25/2026-14:55:32] [I] Average on 10 runs - GPU latency: 0.0982544 ms - Host latency: 0.0982544 ms (enqueue 0.0830322 ms)
[02/25/2026-14:55:32] [I] Average on 10 runs - GPU latency: 0.0981445 ms - Host latency: 0.0981445 ms (enqueue 0.082373 ms)
[02/25/2026-14:55:32] [I] Average on 10 runs - GPU latency: 0.0968018 ms - Host latency: 0.0968018 ms (enqueue 0.0820679 ms)
[02/25/2026-14:55:32] [I] Average on 10 runs - GPU latency: 0.0959106 ms - Host latency: 0.0959106 ms (enqueue 0.0808228 ms)
[02/25/2026-14:55:32] [I] Average on 10 runs - GPU latency: 0.0971619 ms - Host latency: 0.0971619 ms (enqueue 0.0819519 ms)
[02/25/2026-14:55:32] [I] Average on 10 runs - GPU latency: 0.0958191 ms - Host latency: 0.0958191 ms (enqueue 0.0813599 ms)
[02/25/2026-14:55:32] [I] Average on 10 runs - GPU latency: 0.098407 ms - Host latency: 0.098407 ms (enqueue 0.0841064 ms)
[02/25/2026-14:55:32] [I] Average on 10 runs - GPU latency: 0.096936 ms - Host latency: 0.096936 ms (enqueue 0.0817505 ms)
[02/25/2026-14:55:32] [I] Average on 10 runs - GPU latency: 0.098877 ms - Host latency: 0.098877 ms (enqueue 0.0832642 ms)
[02/25/2026-14:55:32] [I] Average on 10 runs - GPU latency: 0.0955689 ms - Host latency: 0.0955689 ms (enqueue 0.0805969 ms)
[02/25/2026-14:55:32] [I] Average on 10 runs - GPU latency: 0.096521 ms - Host latency: 0.096521 ms (enqueue 0.0820068 ms)
[02/25/2026-14:55:32] [I] Average on 10 runs - GPU latency: 0.0981567 ms - Host latency: 0.0981567 ms (enqueue 0.0815308 ms)
[02/25/2026-14:55:32] [I] Average on 10 runs - GPU latency: 0.0966858 ms - Host latency: 0.0966858 ms (enqueue 0.0819519 ms)
[02/25/2026-14:55:32] [I] Average on 10 runs - GPU latency: 0.0982605 ms - Host latency: 0.0982605 ms (enqueue 0.0830994 ms)
[02/25/2026-14:55:32] [I] Average on 10 runs - GPU latency: 0.0995911 ms - Host latency: 0.0995911 ms (enqueue 0.0829712 ms)
[02/25/2026-14:55:32] [I] Average on 10 runs - GPU latency: 0.0946838 ms - Host latency: 0.0946838 ms (enqueue 0.0800171 ms)
[02/25/2026-14:55:32] [I] Average on 10 runs - GPU latency: 0.0955383 ms - Host latency: 0.0955383 ms (enqueue 0.0799011 ms)
[02/25/2026-14:55:32] [I] Average on 10 runs - GPU latency: 0.0950134 ms - Host latency: 0.0950134 ms (enqueue 0.0802979 ms)
[02/25/2026-14:55:32] [I] Average on 10 runs - GPU latency: 0.0972168 ms - Host latency: 0.0972168 ms (enqueue 0.0827881 ms)
[02/25/2026-14:55:32] [I] Average on 10 runs - GPU latency: 0.0969116 ms - Host latency: 0.0969116 ms (enqueue 0.0816956 ms)
[02/25/2026-14:55:32] [I] Average on 10 runs - GPU latency: 0.0962891 ms - Host latency: 0.0962891 ms (enqueue 0.0817017 ms)
[02/25/2026-14:55:32] [I] Average on 10 runs - GPU latency: 0.0979797 ms - Host latency: 0.0979797 ms (enqueue 0.0829285 ms)
[02/25/2026-14:55:32] [I] Average on 10 runs - GPU latency: 0.100452 ms - Host latency: 0.100452 ms (enqueue 0.08396 ms)
[02/25/2026-14:55:32] [I] Average on 10 runs - GPU latency: 0.0964661 ms - Host latency: 0.0964661 ms (enqueue 0.0823791 ms)
[02/25/2026-14:55:32] [I] Average on 10 runs - GPU latency: 0.0957153 ms - Host latency: 0.0957153 ms (enqueue 0.0801697 ms)
[02/25/2026-14:55:32] [I] Average on 10 runs - GPU latency: 0.0963379 ms - Host latency: 0.0963379 ms (enqueue 0.0816528 ms)
[02/25/2026-14:55:32] [I] Average on 10 runs - GPU latency: 0.099176 ms - Host latency: 0.099176 ms (enqueue 0.0848022 ms)
[02/25/2026-14:55:32] [I] Average on 10 runs - GPU latency: 0.095459 ms - Host latency: 0.095459 ms (enqueue 0.0798828 ms)
[02/25/2026-14:55:32] [I] Average on 10 runs - GPU latency: 0.0962402 ms - Host latency: 0.0962402 ms (enqueue 0.0812622 ms)
[02/25/2026-14:55:32] [I] Average on 10 runs - GPU latency: 0.0978699 ms - Host latency: 0.0978699 ms (enqueue 0.0835815 ms)
[02/25/2026-14:55:32] [I] Average on 10 runs - GPU latency: 0.0977661 ms - Host latency: 0.0977661 ms (enqueue 0.0824402 ms)
[02/25/2026-14:55:32] [I] Average on 10 runs - GPU latency: 0.0963196 ms - Host latency: 0.0963196 ms (enqueue 0.0809937 ms)
[02/25/2026-14:55:32] [I] Average on 10 runs - GPU latency: 0.0957947 ms - Host latency: 0.0957947 ms (enqueue 0.0804382 ms)
[02/25/2026-14:55:32] [I] Average on 10 runs - GPU latency: 0.0967834 ms - Host latency: 0.0967834 ms (enqueue 0.0824036 ms)
[02/25/2026-14:55:32] [I] Average on 10 runs - GPU latency: 0.0994202 ms - Host latency: 0.0994202 ms (enqueue 0.084082 ms)
[02/25/2026-14:55:32] [I] Average on 10 runs - GPU latency: 0.0969177 ms - Host latency: 0.0969177 ms (enqueue 0.080658 ms)
[02/25/2026-14:55:32] [I] Average on 10 runs - GPU latency: 0.0951538 ms - Host latency: 0.0951538 ms (enqueue 0.080188 ms)
[02/25/2026-14:55:32] [I] Average on 10 runs - GPU latency: 0.0947693 ms - Host latency: 0.0947693 ms (enqueue 0.0812744 ms)
[02/25/2026-14:55:32] [I] Average on 10 runs - GPU latency: 0.0966003 ms - Host latency: 0.0966003 ms (enqueue 0.0811035 ms)
[02/25/2026-14:55:32] [I] Average on 10 runs - GPU latency: 0.0968811 ms - Host latency: 0.0968811 ms (enqueue 0.0812927 ms)
[02/25/2026-14:55:32] [I] Average on 10 runs - GPU latency: 0.0963745 ms - Host latency: 0.0963745 ms (enqueue 0.0816772 ms)
[02/25/2026-14:55:32] [I] Average on 10 runs - GPU latency: 0.0963379 ms - Host latency: 0.0963379 ms (enqueue 0.0812439 ms)
[02/25/2026-14:55:32] [I] Average on 10 runs - GPU latency: 0.097998 ms - Host latency: 0.097998 ms (enqueue 0.0845032 ms)
[02/25/2026-14:55:32] [I] Average on 10 runs - GPU latency: 0.0984802 ms - Host latency: 0.0984802 ms (enqueue 0.0823853 ms)
[02/25/2026-14:55:32] [I] Average on 10 runs - GPU latency: 0.0966553 ms - Host latency: 0.0966553 ms (enqueue 0.0812683 ms)
[02/25/2026-14:55:32] [I] Average on 10 runs - GPU latency: 0.0976135 ms - Host latency: 0.0976135 ms (enqueue 0.0821777 ms)
[02/25/2026-14:55:32] [I] Average on 10 runs - GPU latency: 0.0975464 ms - Host latency: 0.0975464 ms (enqueue 0.0849731 ms)
[02/25/2026-14:55:32] [I] Average on 10 runs - GPU latency: 0.0980408 ms - Host latency: 0.0980408 ms (enqueue 0.0821289 ms)
[02/25/2026-14:55:32] [I] Average on 10 runs - GPU latency: 0.0975098 ms - Host latency: 0.0975098 ms (enqueue 0.0823242 ms)
[02/25/2026-14:55:32] [I] Average on 10 runs - GPU latency: 0.0951294 ms - Host latency: 0.0951294 ms (enqueue 0.080426 ms)
[02/25/2026-14:55:32] [I] Average on 10 runs - GPU latency: 0.0961243 ms - Host latency: 0.0961243 ms (enqueue 0.0814514 ms)
[02/25/2026-14:55:32] [I] Average on 10 runs - GPU latency: 0.0987427 ms - Host latency: 0.0987427 ms (enqueue 0.0830566 ms)
[02/25/2026-14:55:32] [I] Average on 10 runs - GPU latency: 0.0976318 ms - Host latency: 0.0976318 ms (enqueue 0.0823669 ms)
[02/25/2026-14:55:32] [I] Average on 10 runs - GPU latency: 0.096698 ms - Host latency: 0.096698 ms (enqueue 0.0806641 ms)
[02/25/2026-14:55:32] [I] Average on 10 runs - GPU latency: 0.0951843 ms - Host latency: 0.0951843 ms (enqueue 0.0804688 ms)
[02/25/2026-14:55:32] [I] Average on 10 runs - GPU latency: 0.0976868 ms - Host latency: 0.0976868 ms (enqueue 0.0832825 ms)
[02/25/2026-14:55:32] [I] Average on 10 runs - GPU latency: 0.0971252 ms - Host latency: 0.0971252 ms (enqueue 0.0815979 ms)
[02/25/2026-14:55:32] [I] Average on 10 runs - GPU latency: 0.0968201 ms - Host latency: 0.0968201 ms (enqueue 0.0814514 ms)
[02/25/2026-14:55:32] [I] Average on 10 runs - GPU latency: 0.0966797 ms - Host latency: 0.0966797 ms (enqueue 0.0823791 ms)
[02/25/2026-14:55:32] [I] Average on 10 runs - GPU latency: 0.100214 ms - Host latency: 0.100214 ms (enqueue 0.0854797 ms)
[02/25/2026-14:55:32] [I] Average on 10 runs - GPU latency: 0.0948303 ms - Host latency: 0.0948303 ms (enqueue 0.0805237 ms)
[02/25/2026-14:55:32] [I] Average on 10 runs - GPU latency: 0.0963257 ms - Host latency: 0.0963257 ms (enqueue 0.0804138 ms)
[02/25/2026-14:55:32] [I] Average on 10 runs - GPU latency: 0.0956177 ms - Host latency: 0.0956177 ms (enqueue 0.0809326 ms)
[02/25/2026-14:55:32] [I] Average on 10 runs - GPU latency: 0.0996948 ms - Host latency: 0.0996948 ms (enqueue 0.0841858 ms)
[02/25/2026-14:55:32] [I] Average on 10 runs - GPU latency: 0.096521 ms - Host latency: 0.096521 ms (enqueue 0.0819763 ms)
[02/25/2026-14:55:32] [I] Average on 10 runs - GPU latency: 0.0954712 ms - Host latency: 0.0954712 ms (enqueue 0.0802612 ms)
[02/25/2026-14:55:32] [I] Average on 10 runs - GPU latency: 0.0971069 ms - Host latency: 0.0971069 ms (enqueue 0.082074 ms)
[02/25/2026-14:55:32] [I] Average on 10 runs - GPU latency: 0.097699 ms - Host latency: 0.097699 ms (enqueue 0.0822266 ms)
[02/25/2026-14:55:32] [I] Average on 10 runs - GPU latency: 0.0982117 ms - Host latency: 0.0982117 ms (enqueue 0.0828247 ms)
[02/25/2026-14:55:32] [I] Average on 10 runs - GPU latency: 0.0965942 ms - Host latency: 0.0965942 ms (enqueue 0.0820007 ms)
[02/25/2026-14:55:32] [I] Average on 10 runs - GPU latency: 0.0969177 ms - Host latency: 0.0969177 ms (enqueue 0.0815125 ms)
[02/25/2026-14:55:32] [I] Average on 10 runs - GPU latency: 0.0967896 ms - Host latency: 0.0967896 ms (enqueue 0.082019 ms)
[02/25/2026-14:55:32] [I] Average on 10 runs - GPU latency: 0.0949341 ms - Host latency: 0.0949341 ms (enqueue 0.0795593 ms)
[02/25/2026-14:55:32] [I] Average on 10 runs - GPU latency: 0.0975037 ms - Host latency: 0.0975037 ms (enqueue 0.0827271 ms)
[02/25/2026-14:55:32] [I] Average on 10 runs - GPU latency: 0.0958984 ms - Host latency: 0.0958984 ms (enqueue 0.0807312 ms)
[02/25/2026-14:55:32] [I] Average on 10 runs - GPU latency: 0.0993835 ms - Host latency: 0.0993835 ms (enqueue 0.0846924 ms)
[02/25/2026-14:55:32] [I] Average on 10 runs - GPU latency: 0.0956726 ms - Host latency: 0.0956726 ms (enqueue 0.0809265 ms)
[02/25/2026-14:55:32] [I] Average on 10 runs - GPU latency: 0.0953613 ms - Host latency: 0.0953613 ms (enqueue 0.0808105 ms)
[02/25/2026-14:55:32] [I] Average on 10 runs - GPU latency: 0.0962708 ms - Host latency: 0.0962708 ms (enqueue 0.0814575 ms)
[02/25/2026-14:55:32] [I] Average on 10 runs - GPU latency: 0.0997009 ms - Host latency: 0.0997009 ms (enqueue 0.0840271 ms)
[02/25/2026-14:55:32] [I] Average on 10 runs - GPU latency: 0.0953979 ms - Host latency: 0.0953979 ms (enqueue 0.0802246 ms)
[02/25/2026-14:55:32] [I] Average on 10 runs - GPU latency: 0.0961121 ms - Host latency: 0.0961121 ms (enqueue 0.0813538 ms)
[02/25/2026-14:55:32] [I] Average on 10 runs - GPU latency: 0.095636 ms - Host latency: 0.095636 ms (enqueue 0.080304 ms)
[02/25/2026-14:55:32] [I] Average on 10 runs - GPU latency: 0.0986389 ms - Host latency: 0.0986389 ms (enqueue 0.0846863 ms)
[02/25/2026-14:55:32] [I] Average on 10 runs - GPU latency: 0.0975464 ms - Host latency: 0.0975464 ms (enqueue 0.0824158 ms)
[02/25/2026-14:55:32] [I] Average on 10 runs - GPU latency: 0.0967102 ms - Host latency: 0.0967102 ms (enqueue 0.08125 ms)
[02/25/2026-14:55:32] [I] Average on 10 runs - GPU latency: 0.0984863 ms - Host latency: 0.0984863 ms (enqueue 0.0834656 ms)
[02/25/2026-14:55:32] [I] Average on 10 runs - GPU latency: 0.0986572 ms - Host latency: 0.0986572 ms (enqueue 0.0841431 ms)
[02/25/2026-14:55:32] [I] Average on 10 runs - GPU latency: 0.096283 ms - Host latency: 0.096283 ms (enqueue 0.0815002 ms)
[02/25/2026-14:55:32] [I] Average on 10 runs - GPU latency: 0.0959717 ms - Host latency: 0.0959717 ms (enqueue 0.0801819 ms)
[02/25/2026-14:55:32] [I] Average on 10 runs - GPU latency: 0.097699 ms - Host latency: 0.097699 ms (enqueue 0.0821838 ms)
[02/25/2026-14:55:32] [I] Average on 10 runs - GPU latency: 0.0997436 ms - Host latency: 0.0997436 ms (enqueue 0.0841248 ms)
[02/25/2026-14:55:32] [I] Average on 10 runs - GPU latency: 0.0957764 ms - Host latency: 0.0957764 ms (enqueue 0.0803894 ms)
[02/25/2026-14:55:32] [I] Average on 10 runs - GPU latency: 0.0946655 ms - Host latency: 0.0946655 ms (enqueue 0.0799255 ms)
[02/25/2026-14:55:32] [I] Average on 10 runs - GPU latency: 0.09552 ms - Host latency: 0.09552 ms (enqueue 0.0812805 ms)
[02/25/2026-14:55:32] [I] Average on 10 runs - GPU latency: 0.0990112 ms - Host latency: 0.0990112 ms (enqueue 0.083606 ms)
[02/25/2026-14:55:32] [I] Average on 10 runs - GPU latency: 0.0951599 ms - Host latency: 0.0951599 ms (enqueue 0.0806519 ms)
[02/25/2026-14:55:32] [I] Average on 10 runs - GPU latency: 0.0958618 ms - Host latency: 0.0958618 ms (enqueue 0.0805359 ms)
[02/25/2026-14:55:32] [I] Average on 10 runs - GPU latency: 0.0952026 ms - Host latency: 0.0952026 ms (enqueue 0.079834 ms)
[02/25/2026-14:55:32] [I] Average on 10 runs - GPU latency: 0.0978638 ms - Host latency: 0.0978638 ms (enqueue 0.0839417 ms)
[02/25/2026-14:55:32] [I] Average on 10 runs - GPU latency: 0.0946838 ms - Host latency: 0.0946838 ms (enqueue 0.0800415 ms)
[02/25/2026-14:55:32] [I] Average on 10 runs - GPU latency: 0.0953918 ms - Host latency: 0.0953918 ms (enqueue 0.08078 ms)
[02/25/2026-14:55:32] [I] Average on 10 runs - GPU latency: 0.0970581 ms - Host latency: 0.0970581 ms (enqueue 0.0817688 ms)
[02/25/2026-14:55:32] [I] Average on 10 runs - GPU latency: 0.100403 ms - Host latency: 0.100403 ms (enqueue 0.0853577 ms)
[02/25/2026-14:55:32] [I] Average on 10 runs - GPU latency: 0.0963928 ms - Host latency: 0.0963928 ms (enqueue 0.0815552 ms)
[02/25/2026-14:55:32] [I] Average on 10 runs - GPU latency: 0.0958618 ms - Host latency: 0.0958618 ms (enqueue 0.0807373 ms)
[02/25/2026-14:55:32] [I] Average on 10 runs - GPU latency: 0.096698 ms - Host latency: 0.096698 ms (enqueue 0.0817932 ms)
[02/25/2026-14:55:32] [I] Average on 10 runs - GPU latency: 0.0979431 ms - Host latency: 0.0979431 ms (enqueue 0.0836975 ms)
[02/25/2026-14:55:32] [I] Average on 10 runs - GPU latency: 0.0962097 ms - Host latency: 0.0962097 ms (enqueue 0.0809631 ms)
[02/25/2026-14:55:32] [I] Average on 10 runs - GPU latency: 0.0969482 ms - Host latency: 0.0969482 ms (enqueue 0.0823547 ms)
[02/25/2026-14:55:32] [I] Average on 10 runs - GPU latency: 0.096814 ms - Host latency: 0.096814 ms (enqueue 0.0819275 ms)
[02/25/2026-14:55:32] [I] Average on 10 runs - GPU latency: 0.0992004 ms - Host latency: 0.0992004 ms (enqueue 0.0837097 ms)
[02/25/2026-14:55:32] [I] Average on 10 runs - GPU latency: 0.0964294 ms - Host latency: 0.0964294 ms (enqueue 0.0813538 ms)
[02/25/2026-14:55:32] [I] Average on 10 runs - GPU latency: 0.0970886 ms - Host latency: 0.0970886 ms (enqueue 0.0815369 ms)
[02/25/2026-14:55:32] [I] Average on 10 runs - GPU latency: 0.0972046 ms - Host latency: 0.0972046 ms (enqueue 0.0817505 ms)
[02/25/2026-14:55:32] [I] Average on 10 runs - GPU latency: 0.0999939 ms - Host latency: 0.0999939 ms (enqueue 0.0836487 ms)
[02/25/2026-14:55:32] [I] Average on 10 runs - GPU latency: 0.0965149 ms - Host latency: 0.0965149 ms (enqueue 0.0815491 ms)
[02/25/2026-14:55:32] [I] Average on 10 runs - GPU latency: 0.0958984 ms - Host latency: 0.0958984 ms (enqueue 0.0809753 ms)
[02/25/2026-14:55:32] [I] Average on 10 runs - GPU latency: 0.0951294 ms - Host latency: 0.0951294 ms (enqueue 0.0803955 ms)
[02/25/2026-14:55:32] [I] Average on 10 runs - GPU latency: 0.0972656 ms - Host latency: 0.0972656 ms (enqueue 0.0828125 ms)
[02/25/2026-14:55:32] [I] Average on 10 runs - GPU latency: 0.0957458 ms - Host latency: 0.0957458 ms (enqueue 0.0809387 ms)
[02/25/2026-14:55:32] [I] Average on 10 runs - GPU latency: 0.0958313 ms - Host latency: 0.0958313 ms (enqueue 0.0809876 ms)
[02/25/2026-14:55:32] [I] Average on 10 runs - GPU latency: 0.095459 ms - Host latency: 0.095459 ms (enqueue 0.0807312 ms)
[02/25/2026-14:55:32] [I] Average on 10 runs - GPU latency: 0.100281 ms - Host latency: 0.100281 ms (enqueue 0.0853455 ms)
[02/25/2026-14:55:32] [I] Average on 10 runs - GPU latency: 0.0968079 ms - Host latency: 0.0968079 ms (enqueue 0.0817017 ms)
[02/25/2026-14:55:32] [I] Average on 10 runs - GPU latency: 0.0980591 ms - Host latency: 0.0980591 ms (enqueue 0.08172 ms)
[02/25/2026-14:55:32] [I] Average on 10 runs - GPU latency: 0.0948547 ms - Host latency: 0.0948547 ms (enqueue 0.0799866 ms)
[02/25/2026-14:55:32] [I] Average on 10 runs - GPU latency: 0.0987122 ms - Host latency: 0.0987122 ms (enqueue 0.0847595 ms)
[02/25/2026-14:55:32] [I] Average on 10 runs - GPU latency: 0.0953857 ms - Host latency: 0.0953857 ms (enqueue 0.080481 ms)
[02/25/2026-14:55:32] [I] Average on 10 runs - GPU latency: 0.0979431 ms - Host latency: 0.0979431 ms (enqueue 0.0823059 ms)
[02/25/2026-14:55:32] [I] Average on 10 runs - GPU latency: 0.0992126 ms - Host latency: 0.0992126 ms (enqueue 0.0837158 ms)
[02/25/2026-14:55:32] [I] Average on 10 runs - GPU latency: 0.0973328 ms - Host latency: 0.0973328 ms (enqueue 0.0829041 ms)
[02/25/2026-14:55:32] [I] Average on 10 runs - GPU latency: 0.0976379 ms - Host latency: 0.0976379 ms (enqueue 0.0824707 ms)
[02/25/2026-14:55:32] [I] Average on 10 runs - GPU latency: 0.0979553 ms - Host latency: 0.0979553 ms (enqueue 0.0827942 ms)
[02/25/2026-14:55:32] [I] Average on 10 runs - GPU latency: 0.0953735 ms - Host latency: 0.0953735 ms (enqueue 0.0808105 ms)
[02/25/2026-14:55:32] [I] Average on 10 runs - GPU latency: 0.0983398 ms - Host latency: 0.0983398 ms (enqueue 0.0826538 ms)
[02/25/2026-14:55:32] [I] Average on 10 runs - GPU latency: 0.10033 ms - Host latency: 0.10033 ms (enqueue 0.0841736 ms)
[02/25/2026-14:55:32] [I] Average on 10 runs - GPU latency: 0.0970154 ms - Host latency: 0.0970154 ms (enqueue 0.0819397 ms)
[02/25/2026-14:55:32] [I] Average on 10 runs - GPU latency: 0.0968506 ms - Host latency: 0.0968506 ms (enqueue 0.0813538 ms)
[02/25/2026-14:55:32] [I] Average on 10 runs - GPU latency: 0.0961365 ms - Host latency: 0.0961365 ms (enqueue 0.0819641 ms)
[02/25/2026-14:55:32] [I] Average on 10 runs - GPU latency: 0.0965393 ms - Host latency: 0.0965393 ms (enqueue 0.0802063 ms)
[02/25/2026-14:55:32] [I] Average on 10 runs - GPU latency: 0.0948242 ms - Host latency: 0.0948242 ms (enqueue 0.0798767 ms)
[02/25/2026-14:55:32] [I] Average on 10 runs - GPU latency: 0.0974243 ms - Host latency: 0.0974243 ms (enqueue 0.0830017 ms)
[02/25/2026-14:55:32] [I] Average on 10 runs - GPU latency: 0.096637 ms - Host latency: 0.096637 ms (enqueue 0.0806213 ms)
[02/25/2026-14:55:32] [I] Average on 10 runs - GPU latency: 0.0983093 ms - Host latency: 0.0983093 ms (enqueue 0.0828979 ms)
[02/25/2026-14:55:32] [I] Average on 10 runs - GPU latency: 0.0961243 ms - Host latency: 0.0961243 ms (enqueue 0.0802002 ms)
[02/25/2026-14:55:32] [I] Average on 10 runs - GPU latency: 0.0961487 ms - Host latency: 0.0961487 ms (enqueue 0.0813354 ms)
[02/25/2026-14:55:32] [I] Average on 10 runs - GPU latency: 0.0975159 ms - Host latency: 0.0975159 ms (enqueue 0.0820618 ms)
[02/25/2026-14:55:32] [I] Average on 10 runs - GPU latency: 0.0981628 ms - Host latency: 0.0981628 ms (enqueue 0.0838928 ms)
[02/25/2026-14:55:32] [I] Average on 10 runs - GPU latency: 0.095874 ms - Host latency: 0.095874 ms (enqueue 0.0806458 ms)
[02/25/2026-14:55:32] [I] Average on 10 runs - GPU latency: 0.0958191 ms - Host latency: 0.0958191 ms (enqueue 0.0815674 ms)
[02/25/2026-14:55:32] [I] Average on 10 runs - GPU latency: 0.0974182 ms - Host latency: 0.0974182 ms (enqueue 0.0821716 ms)
[02/25/2026-14:55:32] [I] Average on 10 runs - GPU latency: 0.0976013 ms - Host latency: 0.0976013 ms (enqueue 0.0825073 ms)
[02/25/2026-14:55:32] [I] Average on 10 runs - GPU latency: 0.0948975 ms - Host latency: 0.0948975 ms (enqueue 0.0792053 ms)
[02/25/2026-14:55:32] [I] Average on 10 runs - GPU latency: 0.0948486 ms - Host latency: 0.0948486 ms (enqueue 0.0801392 ms)
[02/25/2026-14:55:32] [I] Average on 10 runs - GPU latency: 0.0952332 ms - Host latency: 0.0952332 ms (enqueue 0.0806763 ms)
[02/25/2026-14:55:32] [I] Average on 10 runs - GPU latency: 0.0975098 ms - Host latency: 0.0975098 ms (enqueue 0.083313 ms)
[02/25/2026-14:55:32] [I] Average on 10 runs - GPU latency: 0.0955627 ms - Host latency: 0.0955627 ms (enqueue 0.0799133 ms)
[02/25/2026-14:55:32] [I] Average on 10 runs - GPU latency: 0.0955689 ms - Host latency: 0.0955689 ms (enqueue 0.0797974 ms)
[02/25/2026-14:55:32] [I] Average on 10 runs - GPU latency: 0.0981201 ms - Host latency: 0.0981201 ms (enqueue 0.0827148 ms)
[02/25/2026-14:55:32] [I] Average on 10 runs - GPU latency: 0.097168 ms - Host latency: 0.097168 ms (enqueue 0.0823364 ms)
[02/25/2026-14:55:32] [I] Average on 10 runs - GPU latency: 0.0945007 ms - Host latency: 0.0945007 ms (enqueue 0.0796082 ms)
[02/25/2026-14:55:32] [I] Average on 10 runs - GPU latency: 0.0952942 ms - Host latency: 0.0952942 ms (enqueue 0.0796387 ms)
[02/25/2026-14:55:32] [I] Average on 10 runs - GPU latency: 0.0945496 ms - Host latency: 0.0945496 ms (enqueue 0.0799988 ms)
[02/25/2026-14:55:32] [I] Average on 10 runs - GPU latency: 0.0973572 ms - Host latency: 0.0973572 ms (enqueue 0.0831909 ms)
[02/25/2026-14:55:32] [I] Average on 10 runs - GPU latency: 0.0957825 ms - Host latency: 0.0957825 ms (enqueue 0.080603 ms)
[02/25/2026-14:55:32] [I] Average on 10 runs - GPU latency: 0.0964661 ms - Host latency: 0.0964661 ms (enqueue 0.0819031 ms)
[02/25/2026-14:55:32] [I] Average on 10 runs - GPU latency: 0.0952026 ms - Host latency: 0.0952026 ms (enqueue 0.0805481 ms)
[02/25/2026-14:55:32] [I] Average on 10 runs - GPU latency: 0.0985046 ms - Host latency: 0.0985046 ms (enqueue 0.0839722 ms)
[02/25/2026-14:55:32] [I] Average on 10 runs - GPU latency: 0.0959412 ms - Host latency: 0.0959412 ms (enqueue 0.080957 ms)
[02/25/2026-14:55:32] [I] Average on 10 runs - GPU latency: 0.0955017 ms - Host latency: 0.0955017 ms (enqueue 0.0804016 ms)
[02/25/2026-14:55:32] [I] Average on 10 runs - GPU latency: 0.0957153 ms - Host latency: 0.0957153 ms (enqueue 0.0813293 ms)
[02/25/2026-14:55:32] [I] Average on 10 runs - GPU latency: 0.0991638 ms - Host latency: 0.0991638 ms (enqueue 0.0824158 ms)
[02/25/2026-14:55:32] [I] Average on 10 runs - GPU latency: 0.097406 ms - Host latency: 0.097406 ms (enqueue 0.0823669 ms)
[02/25/2026-14:55:32] [I] Average on 10 runs - GPU latency: 0.100092 ms - Host latency: 0.100092 ms (enqueue 0.0837036 ms)
[02/25/2026-14:55:32] [I] Average on 10 runs - GPU latency: 0.0963623 ms - Host latency: 0.0963623 ms (enqueue 0.0838196 ms)
[02/25/2026-14:55:32] [I] Average on 10 runs - GPU latency: 0.0967896 ms - Host latency: 0.0967896 ms (enqueue 0.0804321 ms)
[02/25/2026-14:55:32] [I] Average on 10 runs - GPU latency: 0.0961365 ms - Host latency: 0.0961365 ms (enqueue 0.081842 ms)
[02/25/2026-14:55:32] [I] Average on 10 runs - GPU latency: 0.0964294 ms - Host latency: 0.0964294 ms (enqueue 0.0814758 ms)
[02/25/2026-14:55:32] [I] Average on 10 runs - GPU latency: 0.0964233 ms - Host latency: 0.0964233 ms (enqueue 0.0808228 ms)
[02/25/2026-14:55:32] [I] Average on 10 runs - GPU latency: 0.0984131 ms - Host latency: 0.0984131 ms (enqueue 0.0824951 ms)
[02/25/2026-14:55:32] [I] Average on 10 runs - GPU latency: 0.0971802 ms - Host latency: 0.0971802 ms (enqueue 0.0817749 ms)
[02/25/2026-14:55:32] [I] Average on 10 runs - GPU latency: 0.0975708 ms - Host latency: 0.0975708 ms (enqueue 0.0819885 ms)
[02/25/2026-14:55:32] [I] Average on 10 runs - GPU latency: 0.0952332 ms - Host latency: 0.0952332 ms (enqueue 0.0803955 ms)
[02/25/2026-14:55:32] [I] Average on 10 runs - GPU latency: 0.0991882 ms - Host latency: 0.0991882 ms (enqueue 0.0835999 ms)
[02/25/2026-14:55:32] [I] Average on 10 runs - GPU latency: 0.0949158 ms - Host latency: 0.0949158 ms (enqueue 0.0802063 ms)
[02/25/2026-14:55:32] [I] Average on 10 runs - GPU latency: 0.0954102 ms - Host latency: 0.0954102 ms (enqueue 0.0806274 ms)
[02/25/2026-14:55:32] [I] Average on 10 runs - GPU latency: 0.0959473 ms - Host latency: 0.0959473 ms (enqueue 0.0802063 ms)
[02/25/2026-14:55:32] [I] Average on 10 runs - GPU latency: 0.0995178 ms - Host latency: 0.0995178 ms (enqueue 0.0854309 ms)
[02/25/2026-14:55:32] [I] Average on 10 runs - GPU latency: 0.096283 ms - Host latency: 0.096283 ms (enqueue 0.0807251 ms)
[02/25/2026-14:55:32] [I] Average on 10 runs - GPU latency: 0.0959839 ms - Host latency: 0.0959839 ms (enqueue 0.0810669 ms)
[02/25/2026-14:55:32] [I] Average on 10 runs - GPU latency: 0.0959717 ms - Host latency: 0.0959717 ms (enqueue 0.0810486 ms)
[02/25/2026-14:55:32] [I] Average on 10 runs - GPU latency: 0.0989319 ms - Host latency: 0.0989319 ms (enqueue 0.0845154 ms)
[02/25/2026-14:55:32] [I] Average on 10 runs - GPU latency: 0.0986511 ms - Host latency: 0.0986511 ms (enqueue 0.0829285 ms)
[02/25/2026-14:55:32] [I] Average on 10 runs - GPU latency: 0.096344 ms - Host latency: 0.096344 ms (enqueue 0.0817871 ms)
[02/25/2026-14:55:32] [I] Average on 10 runs - GPU latency: 0.0966553 ms - Host latency: 0.0966553 ms (enqueue 0.0805542 ms)
[02/25/2026-14:55:32] [I] Average on 10 runs - GPU latency: 0.0976929 ms - Host latency: 0.0976929 ms (enqueue 0.0831726 ms)
[02/25/2026-14:55:32] [I] Average on 10 runs - GPU latency: 0.0970642 ms - Host latency: 0.0970642 ms (enqueue 0.0812683 ms)
[02/25/2026-14:55:32] [I] Average on 10 runs - GPU latency: 0.0957581 ms - Host latency: 0.0957581 ms (enqueue 0.0799316 ms)
[02/25/2026-14:55:32] [I] Average on 10 runs - GPU latency: 0.0945374 ms - Host latency: 0.0945374 ms (enqueue 0.0795776 ms)
[02/25/2026-14:55:32] [I] Average on 10 runs - GPU latency: 0.0968018 ms - Host latency: 0.0968018 ms (enqueue 0.0832153 ms)
[02/25/2026-14:55:32] [I] Average on 10 runs - GPU latency: 0.0948242 ms - Host latency: 0.0948242 ms (enqueue 0.0802917 ms)
[02/25/2026-14:55:32] [I] Average on 10 runs - GPU latency: 0.0974853 ms - Host latency: 0.0974853 ms (enqueue 0.0821655 ms)
[02/25/2026-14:55:32] [I] Average on 10 runs - GPU latency: 0.0974365 ms - Host latency: 0.0974365 ms (enqueue 0.0824097 ms)
[02/25/2026-14:55:32] [I] Average on 10 runs - GPU latency: 0.101404 ms - Host latency: 0.101404 ms (enqueue 0.0847351 ms)
[02/25/2026-14:55:32] [I] Average on 10 runs - GPU latency: 0.095105 ms - Host latency: 0.095105 ms (enqueue 0.0803589 ms)
[02/25/2026-14:55:32] [I] Average on 10 runs - GPU latency: 0.0953613 ms - Host latency: 0.0953613 ms (enqueue 0.0807983 ms)
[02/25/2026-14:55:32] [I] Average on 10 runs - GPU latency: 0.0960815 ms - Host latency: 0.0960815 ms (enqueue 0.0800537 ms)
[02/25/2026-14:55:32] [I] Average on 10 runs - GPU latency: 0.100226 ms - Host latency: 0.100226 ms (enqueue 0.0858276 ms)
[02/25/2026-14:55:32] [I] Average on 10 runs - GPU latency: 0.0955322 ms - Host latency: 0.0955322 ms (enqueue 0.0805969 ms)
[02/25/2026-14:55:32] [I] Average on 10 runs - GPU latency: 0.0970459 ms - Host latency: 0.0970459 ms (enqueue 0.08125 ms)
[02/25/2026-14:55:32] [I] Average on 10 runs - GPU latency: 0.0945313 ms - Host latency: 0.0945313 ms (enqueue 0.0795593 ms)
[02/25/2026-14:55:32] [I] Average on 10 runs - GPU latency: 0.0981262 ms - Host latency: 0.0981262 ms (enqueue 0.0822693 ms)
[02/25/2026-14:55:32] [I] Average on 10 runs - GPU latency: 0.096228 ms - Host latency: 0.096228 ms (enqueue 0.0809326 ms)
[02/25/2026-14:55:32] [I] Average on 10 runs - GPU latency: 0.0961487 ms - Host latency: 0.0961487 ms (enqueue 0.0815063 ms)
[02/25/2026-14:55:32] [I] Average on 10 runs - GPU latency: 0.0953064 ms - Host latency: 0.0953064 ms (enqueue 0.0804016 ms)
[02/25/2026-14:55:32] [I] Average on 10 runs - GPU latency: 0.100775 ms - Host latency: 0.100775 ms (enqueue 0.0854919 ms)
[02/25/2026-14:55:32] [I] Average on 10 runs - GPU latency: 0.0961792 ms - Host latency: 0.0961792 ms (enqueue 0.0814453 ms)
[02/25/2026-14:55:32] [I] Average on 10 runs - GPU latency: 0.0967651 ms - Host latency: 0.0967651 ms (enqueue 0.0816711 ms)
[02/25/2026-14:55:32] [I] Average on 10 runs - GPU latency: 0.0953674 ms - Host latency: 0.0953674 ms (enqueue 0.0798584 ms)
[02/25/2026-14:55:32] [I] Average on 10 runs - GPU latency: 0.0970581 ms - Host latency: 0.0970581 ms (enqueue 0.082666 ms)
[02/25/2026-14:55:32] [I] Average on 10 runs - GPU latency: 0.0965088 ms - Host latency: 0.0965088 ms (enqueue 0.0815369 ms)
[02/25/2026-14:55:32] [I] Average on 10 runs - GPU latency: 0.0959656 ms - Host latency: 0.0959656 ms (enqueue 0.0813171 ms)
[02/25/2026-14:55:32] [I] Average on 10 runs - GPU latency: 0.096167 ms - Host latency: 0.096167 ms (enqueue 0.081134 ms)
[02/25/2026-14:55:32] [I] Average on 10 runs - GPU latency: 0.097583 ms - Host latency: 0.097583 ms (enqueue 0.0822754 ms)
[02/25/2026-14:55:32] [I] Average on 10 runs - GPU latency: 0.0953796 ms - Host latency: 0.0953796 ms (enqueue 0.0801697 ms)
[02/25/2026-14:55:32] [I] Average on 10 runs - GPU latency: 0.0950378 ms - Host latency: 0.0950378 ms (enqueue 0.0808594 ms)
[02/25/2026-14:55:32] [I] Average on 10 runs - GPU latency: 0.0973267 ms - Host latency: 0.0973267 ms (enqueue 0.0815125 ms)
[02/25/2026-14:55:32] [I] Average on 10 runs - GPU latency: 0.0981628 ms - Host latency: 0.0981628 ms (enqueue 0.0828003 ms)
[02/25/2026-14:55:32] [I] Average on 10 runs - GPU latency: 0.0953003 ms - Host latency: 0.0953003 ms (enqueue 0.0806763 ms)
[02/25/2026-14:55:32] [I] Average on 10 runs - GPU latency: 0.0963257 ms - Host latency: 0.0963257 ms (enqueue 0.0810669 ms)
[02/25/2026-14:55:32] [I] Average on 10 runs - GPU latency: 0.0951233 ms - Host latency: 0.0951233 ms (enqueue 0.0799927 ms)
[02/25/2026-14:55:32] [I] Average on 10 runs - GPU latency: 0.0974182 ms - Host latency: 0.0974182 ms (enqueue 0.0814331 ms)
[02/25/2026-14:55:32] [I] Average on 10 runs - GPU latency: 0.0969055 ms - Host latency: 0.0969055 ms (enqueue 0.08125 ms)
[02/25/2026-14:55:32] [I] Average on 10 runs - GPU latency: 0.0949341 ms - Host latency: 0.0949341 ms (enqueue 0.0803345 ms)
[02/25/2026-14:55:32] [I] Average on 10 runs - GPU latency: 0.0946472 ms - Host latency: 0.0946472 ms (enqueue 0.0804382 ms)
[02/25/2026-14:55:32] [I] Average on 10 runs - GPU latency: 0.0977844 ms - Host latency: 0.0977844 ms (enqueue 0.0821411 ms)
[02/25/2026-14:55:32] [I] Average on 10 runs - GPU latency: 0.0948547 ms - Host latency: 0.0948547 ms (enqueue 0.0797913 ms)
[02/25/2026-14:55:32] [I] Average on 10 runs - GPU latency: 0.0960327 ms - Host latency: 0.0960327 ms (enqueue 0.0806824 ms)
[02/25/2026-14:55:32] [I] Average on 10 runs - GPU latency: 0.0946655 ms - Host latency: 0.0946655 ms (enqueue 0.0797424 ms)
[02/25/2026-14:55:32] [I] Average on 10 runs - GPU latency: 0.0965942 ms - Host latency: 0.0965942 ms (enqueue 0.082428 ms)
[02/25/2026-14:55:32] [I] Average on 10 runs - GPU latency: 0.096344 ms - Host latency: 0.096344 ms (enqueue 0.080835 ms)
[02/25/2026-14:55:32] [I] Average on 10 runs - GPU latency: 0.0946167 ms - Host latency: 0.0946167 ms (enqueue 0.0796326 ms)
[02/25/2026-14:55:32] [I] Average on 10 runs - GPU latency: 0.0958618 ms - Host latency: 0.0958618 ms (enqueue 0.0811218 ms)
[02/25/2026-14:55:32] [I] Average on 10 runs - GPU latency: 0.0957825 ms - Host latency: 0.0957825 ms (enqueue 0.0815857 ms)
[02/25/2026-14:55:32] [I] Average on 10 runs - GPU latency: 0.097644 ms - Host latency: 0.097644 ms (enqueue 0.0813599 ms)
[02/25/2026-14:55:32] [I] Average on 10 runs - GPU latency: 0.0962524 ms - Host latency: 0.0962524 ms (enqueue 0.0809021 ms)
[02/25/2026-14:55:32] [I] Average on 10 runs - GPU latency: 0.0957092 ms - Host latency: 0.0957092 ms (enqueue 0.080542 ms)
[02/25/2026-14:55:32] [I] Average on 10 runs - GPU latency: 0.0957031 ms - Host latency: 0.0957031 ms (enqueue 0.0805786 ms)
[02/25/2026-14:55:32] [I] Average on 10 runs - GPU latency: 0.0968079 ms - Host latency: 0.0968079 ms (enqueue 0.0823425 ms)
[02/25/2026-14:55:32] [I] Average on 10 runs - GPU latency: 0.0968018 ms - Host latency: 0.0968018 ms (enqueue 0.0811401 ms)
[02/25/2026-14:55:32] [I] Average on 10 runs - GPU latency: 0.0956543 ms - Host latency: 0.0956543 ms (enqueue 0.0803345 ms)
[02/25/2026-14:55:32] [I] Average on 10 runs - GPU latency: 0.095636 ms - Host latency: 0.095636 ms (enqueue 0.0809387 ms)
[02/25/2026-14:55:32] [I] Average on 10 runs - GPU latency: 0.0973877 ms - Host latency: 0.0973877 ms (enqueue 0.082721 ms)
[02/25/2026-14:55:32] [I] Average on 10 runs - GPU latency: 0.0962341 ms - Host latency: 0.0962341 ms (enqueue 0.0807617 ms)
[02/25/2026-14:55:32] [I] Average on 10 runs - GPU latency: 0.0966797 ms - Host latency: 0.0966797 ms (enqueue 0.0819946 ms)
[02/25/2026-14:55:32] [I] Average on 10 runs - GPU latency: 0.0980041 ms - Host latency: 0.0980041 ms (enqueue 0.0819214 ms)
[02/25/2026-14:55:32] [I] Average on 10 runs - GPU latency: 0.0984863 ms - Host latency: 0.0984863 ms (enqueue 0.0834961 ms)
[02/25/2026-14:55:32] [I] Average on 10 runs - GPU latency: 0.0950317 ms - Host latency: 0.0950317 ms (enqueue 0.0798401 ms)
[02/25/2026-14:55:32] [I] Average on 10 runs - GPU latency: 0.0964905 ms - Host latency: 0.0964905 ms (enqueue 0.0819336 ms)
[02/25/2026-14:55:32] [I] Average on 10 runs - GPU latency: 0.0968933 ms - Host latency: 0.0968933 ms (enqueue 0.0813354 ms)
[02/25/2026-14:55:32] [I] Average on 10 runs - GPU latency: 0.100018 ms - Host latency: 0.100018 ms (enqueue 0.0843384 ms)
[02/25/2026-14:55:32] [I] Average on 10 runs - GPU latency: 0.0958801 ms - Host latency: 0.0958801 ms (enqueue 0.0810852 ms)
[02/25/2026-14:55:32] [I] Average on 10 runs - GPU latency: 0.0962646 ms - Host latency: 0.0962646 ms (enqueue 0.0811584 ms)
[02/25/2026-14:55:32] [I] Average on 10 runs - GPU latency: 0.0960144 ms - Host latency: 0.0960144 ms (enqueue 0.0811951 ms)
[02/25/2026-14:55:32] [I] Average on 10 runs - GPU latency: 0.0975952 ms - Host latency: 0.0975952 ms (enqueue 0.0829407 ms)
[02/25/2026-14:55:32] [I] Average on 10 runs - GPU latency: 0.0963196 ms - Host latency: 0.0963196 ms (enqueue 0.0815857 ms)
[02/25/2026-14:55:32] [I] Average on 10 runs - GPU latency: 0.0954407 ms - Host latency: 0.0954407 ms (enqueue 0.0796509 ms)
[02/25/2026-14:55:32] [I] Average on 10 runs - GPU latency: 0.0946228 ms - Host latency: 0.0946228 ms (enqueue 0.0792175 ms)
[02/25/2026-14:55:32] [I] Average on 10 runs - GPU latency: 0.0974609 ms - Host latency: 0.0974609 ms (enqueue 0.0835144 ms)
[02/25/2026-14:55:32] [I] Average on 10 runs - GPU latency: 0.0949402 ms - Host latency: 0.0949402 ms (enqueue 0.0798706 ms)
[02/25/2026-14:55:32] [I] Average on 10 runs - GPU latency: 0.0953674 ms - Host latency: 0.0953674 ms (enqueue 0.0808655 ms)
[02/25/2026-14:55:32] [I] Average on 10 runs - GPU latency: 0.0955994 ms - Host latency: 0.0955994 ms (enqueue 0.0803894 ms)
[02/25/2026-14:55:32] [I] Average on 10 runs - GPU latency: 0.0997009 ms - Host latency: 0.0997009 ms (enqueue 0.0840881 ms)
[02/25/2026-14:55:32] [I] Average on 10 runs - GPU latency: 0.0961548 ms - Host latency: 0.0961548 ms (enqueue 0.0814148 ms)
[02/25/2026-14:55:32] [I] Average on 10 runs - GPU latency: 0.0970337 ms - Host latency: 0.0970337 ms (enqueue 0.0822754 ms)
[02/25/2026-14:55:32] [I] Average on 10 runs - GPU latency: 0.0962585 ms - Host latency: 0.0962585 ms (enqueue 0.0809326 ms)
[02/25/2026-14:55:32] [I] Average on 10 runs - GPU latency: 0.0982727 ms - Host latency: 0.0982727 ms (enqueue 0.0840759 ms)
[02/25/2026-14:55:32] [I] Average on 10 runs - GPU latency: 0.0971375 ms - Host latency: 0.0971375 ms (enqueue 0.0815552 ms)
[02/25/2026-14:55:32] [I] Average on 10 runs - GPU latency: 0.0958374 ms - Host latency: 0.0958374 ms (enqueue 0.0812561 ms)
[02/25/2026-14:55:32] [I] Average on 10 runs - GPU latency: 0.0974487 ms - Host latency: 0.0974487 ms (enqueue 0.0826111 ms)
[02/25/2026-14:55:32] [I] Average on 10 runs - GPU latency: 0.0984558 ms - Host latency: 0.0984558 ms (enqueue 0.0841858 ms)
[02/25/2026-14:55:32] [I] Average on 10 runs - GPU latency: 0.0966248 ms - Host latency: 0.0966248 ms (enqueue 0.0810364 ms)
[02/25/2026-14:55:32] [I] Average on 10 runs - GPU latency: 0.0966309 ms - Host latency: 0.0966309 ms (enqueue 0.081012 ms)
[02/25/2026-14:55:32] [I] Average on 10 runs - GPU latency: 0.0966675 ms - Host latency: 0.0966675 ms (enqueue 0.0812744 ms)
[02/25/2026-14:55:32] [I] Average on 10 runs - GPU latency: 0.097467 ms - Host latency: 0.097467 ms (enqueue 0.0828735 ms)
[02/25/2026-14:55:32] [I] Average on 10 runs - GPU latency: 0.0954651 ms - Host latency: 0.0954651 ms (enqueue 0.0806396 ms)
[02/25/2026-14:55:32] [I] Average on 10 runs - GPU latency: 0.0966553 ms - Host latency: 0.0966553 ms (enqueue 0.0816223 ms)
[02/25/2026-14:55:32] [I] Average on 10 runs - GPU latency: 0.096759 ms - Host latency: 0.096759 ms (enqueue 0.0817261 ms)
[02/25/2026-14:55:32] [I] Average on 10 runs - GPU latency: 0.0979553 ms - Host latency: 0.0979553 ms (enqueue 0.0841797 ms)
[02/25/2026-14:55:32] [I] Average on 10 runs - GPU latency: 0.09646 ms - Host latency: 0.09646 ms (enqueue 0.0807434 ms)
[02/25/2026-14:55:32] [I] Average on 10 runs - GPU latency: 0.0960754 ms - Host latency: 0.0960754 ms (enqueue 0.0811523 ms)
[02/25/2026-14:55:32] [I] Average on 10 runs - GPU latency: 0.095636 ms - Host latency: 0.095636 ms (enqueue 0.0816711 ms)
[02/25/2026-14:55:32] [I] Average on 10 runs - GPU latency: 0.0995361 ms - Host latency: 0.0995361 ms (enqueue 0.0836609 ms)
[02/25/2026-14:55:32] [I] Average on 10 runs - GPU latency: 0.0972717 ms - Host latency: 0.0972717 ms (enqueue 0.0823547 ms)
[02/25/2026-14:55:32] [I] Average on 10 runs - GPU latency: 0.0995605 ms - Host latency: 0.0995605 ms (enqueue 0.0839478 ms)
[02/25/2026-14:55:32] [I] Average on 10 runs - GPU latency: 0.0965637 ms - Host latency: 0.0965637 ms (enqueue 0.0810059 ms)
[02/25/2026-14:55:32] [I] Average on 10 runs - GPU latency: 0.0972839 ms - Host latency: 0.0972839 ms (enqueue 0.0829285 ms)
[02/25/2026-14:55:32] [I] Average on 10 runs - GPU latency: 0.0958923 ms - Host latency: 0.0958923 ms (enqueue 0.0801575 ms)
[02/25/2026-14:55:32] [I] Average on 10 runs - GPU latency: 0.0953125 ms - Host latency: 0.0953125 ms (enqueue 0.0806519 ms)
[02/25/2026-14:55:32] [I] Average on 10 runs - GPU latency: 0.0954529 ms - Host latency: 0.0954529 ms (enqueue 0.0804138 ms)
[02/25/2026-14:55:32] [I] Average on 10 runs - GPU latency: 0.0977478 ms - Host latency: 0.0977478 ms (enqueue 0.0832764 ms)
[02/25/2026-14:55:32] [I] Average on 10 runs - GPU latency: 0.0975647 ms - Host latency: 0.0975647 ms (enqueue 0.0820374 ms)
[02/25/2026-14:55:32] [I] Average on 10 runs - GPU latency: 0.0953003 ms - Host latency: 0.0953003 ms (enqueue 0.0799927 ms)
[02/25/2026-14:55:32] [I] Average on 10 runs - GPU latency: 0.0965576 ms - Host latency: 0.0965576 ms (enqueue 0.0814819 ms)
[02/25/2026-14:55:32] [I] Average on 10 runs - GPU latency: 0.0970032 ms - Host latency: 0.0970032 ms (enqueue 0.0822449 ms)
[02/25/2026-14:55:32] [I] Average on 10 runs - GPU latency: 0.0958008 ms - Host latency: 0.0958008 ms (enqueue 0.0814514 ms)
[02/25/2026-14:55:32] [I] Average on 10 runs - GPU latency: 0.0971252 ms - Host latency: 0.0971252 ms (enqueue 0.0812622 ms)
[02/25/2026-14:55:32] [I] Average on 10 runs - GPU latency: 0.0950501 ms - Host latency: 0.0950501 ms (enqueue 0.0800598 ms)
[02/25/2026-14:55:32] [I] Average on 10 runs - GPU latency: 0.0975098 ms - Host latency: 0.0975098 ms (enqueue 0.0826965 ms)
[02/25/2026-14:55:32] [I] Average on 10 runs - GPU latency: 0.0968323 ms - Host latency: 0.0968323 ms (enqueue 0.0817505 ms)
[02/25/2026-14:55:32] [I] Average on 10 runs - GPU latency: 0.0970581 ms - Host latency: 0.0970581 ms (enqueue 0.0818237 ms)
[02/25/2026-14:55:32] [I] Average on 10 runs - GPU latency: 0.0953186 ms - Host latency: 0.0953186 ms (enqueue 0.0803467 ms)
[02/25/2026-14:55:32] [I] Average on 10 runs - GPU latency: 0.0969849 ms - Host latency: 0.0969849 ms (enqueue 0.0824097 ms)
[02/25/2026-14:55:32] [I] Average on 10 runs - GPU latency: 0.0965759 ms - Host latency: 0.0965759 ms (enqueue 0.0812622 ms)
[02/25/2026-14:55:32] [I] Average on 10 runs - GPU latency: 0.0952576 ms - Host latency: 0.0952576 ms (enqueue 0.0803101 ms)
[02/25/2026-14:55:32] [I] Average on 10 runs - GPU latency: 0.096228 ms - Host latency: 0.096228 ms (enqueue 0.0814087 ms)
[02/25/2026-14:55:32] [I] Average on 10 runs - GPU latency: 0.0960022 ms - Host latency: 0.0960022 ms (enqueue 0.082782 ms)
[02/25/2026-14:55:32] [I] Average on 10 runs - GPU latency: 0.0999512 ms - Host latency: 0.0999512 ms (enqueue 0.082373 ms)
[02/25/2026-14:55:32] [I] Average on 10 runs - GPU latency: 0.0955505 ms - Host latency: 0.0955505 ms (enqueue 0.0811829 ms)
[02/25/2026-14:55:32] [I] Average on 10 runs - GPU latency: 0.0967285 ms - Host latency: 0.0967285 ms (enqueue 0.0814819 ms)
[02/25/2026-14:55:32] [I] Average on 10 runs - GPU latency: 0.0958435 ms - Host latency: 0.0958435 ms (enqueue 0.0812683 ms)
[02/25/2026-14:55:32] [I] Average on 10 runs - GPU latency: 0.0999268 ms - Host latency: 0.0999268 ms (enqueue 0.084314 ms)
[02/25/2026-14:55:32] [I] Average on 10 runs - GPU latency: 0.0985229 ms - Host latency: 0.0985229 ms (enqueue 0.0833557 ms)
[02/25/2026-14:55:32] [I] Average on 10 runs - GPU latency: 0.0970337 ms - Host latency: 0.0970337 ms (enqueue 0.0815491 ms)
[02/25/2026-14:55:32] [I] Average on 10 runs - GPU latency: 0.0957336 ms - Host latency: 0.0957336 ms (enqueue 0.0810364 ms)
[02/25/2026-14:55:32] [I] Average on 10 runs - GPU latency: 0.0987305 ms - Host latency: 0.0987305 ms (enqueue 0.0843994 ms)
[02/25/2026-14:55:32] [I] Average on 10 runs - GPU latency: 0.0959595 ms - Host latency: 0.0959595 ms (enqueue 0.0812744 ms)
[02/25/2026-14:55:32] [I] Average on 10 runs - GPU latency: 0.0968567 ms - Host latency: 0.0968567 ms (enqueue 0.0812439 ms)
[02/25/2026-14:55:32] [I] Average on 10 runs - GPU latency: 0.0980896 ms - Host latency: 0.0980896 ms (enqueue 0.0831604 ms)
[02/25/2026-14:55:32] [I] Average on 10 runs - GPU latency: 0.0982544 ms - Host latency: 0.0982544 ms (enqueue 0.0837585 ms)
[02/25/2026-14:55:32] [I] Average on 10 runs - GPU latency: 0.0966553 ms - Host latency: 0.0966553 ms (enqueue 0.0813232 ms)
[02/25/2026-14:55:32] [I] Average on 10 runs - GPU latency: 0.0953674 ms - Host latency: 0.0953674 ms (enqueue 0.0814758 ms)
[02/25/2026-14:55:32] [I] Average on 10 runs - GPU latency: 0.0967957 ms - Host latency: 0.0967957 ms (enqueue 0.0805664 ms)
[02/25/2026-14:55:32] [I] Average on 10 runs - GPU latency: 0.098822 ms - Host latency: 0.098822 ms (enqueue 0.0837952 ms)
[02/25/2026-14:55:32] [I] Average on 10 runs - GPU latency: 0.0961914 ms - Host latency: 0.0961914 ms (enqueue 0.0815491 ms)
[02/25/2026-14:55:32] [I] Average on 10 runs - GPU latency: 0.0954468 ms - Host latency: 0.0954468 ms (enqueue 0.080542 ms)
[02/25/2026-14:55:32] [I] Average on 10 runs - GPU latency: 0.0946228 ms - Host latency: 0.0946228 ms (enqueue 0.0796753 ms)
[02/25/2026-14:55:32] [I] Average on 10 runs - GPU latency: 0.0983765 ms - Host latency: 0.0983765 ms (enqueue 0.0824585 ms)
[02/25/2026-14:55:32] [I] Average on 10 runs - GPU latency: 0.0961243 ms - Host latency: 0.0961243 ms (enqueue 0.0811951 ms)
[02/25/2026-14:55:32] [I] Average on 10 runs - GPU latency: 0.0962219 ms - Host latency: 0.0962219 ms (enqueue 0.081488 ms)
[02/25/2026-14:55:32] [I] Average on 10 runs - GPU latency: 0.0964844 ms - Host latency: 0.0964844 ms (enqueue 0.0807983 ms)
[02/25/2026-14:55:32] [I] Average on 10 runs - GPU latency: 0.0990967 ms - Host latency: 0.0990967 ms (enqueue 0.0843323 ms)
[02/25/2026-14:55:32] [I] Average on 10 runs - GPU latency: 0.0944946 ms - Host latency: 0.0944946 ms (enqueue 0.0794128 ms)
[02/25/2026-14:55:32] [I] Average on 10 runs - GPU latency: 0.095874 ms - Host latency: 0.095874 ms (enqueue 0.0807922 ms)
[02/25/2026-14:55:32] [I] Average on 10 runs - GPU latency: 0.0949097 ms - Host latency: 0.0949097 ms (enqueue 0.0802246 ms)
[02/25/2026-14:55:32] [I] Average on 10 runs - GPU latency: 0.0983154 ms - Host latency: 0.0983154 ms (enqueue 0.0831787 ms)
[02/25/2026-14:55:32] [I] Average on 10 runs - GPU latency: 0.0949219 ms - Host latency: 0.0949219 ms (enqueue 0.0799011 ms)
[02/25/2026-14:55:32] [I] Average on 10 runs - GPU latency: 0.095282 ms - Host latency: 0.095282 ms (enqueue 0.0799866 ms)
[02/25/2026-14:55:32] [I] Average on 10 runs - GPU latency: 0.0946716 ms - Host latency: 0.0946716 ms (enqueue 0.0801025 ms)
[02/25/2026-14:55:32] [I] Average on 10 runs - GPU latency: 0.0984497 ms - Host latency: 0.0984497 ms (enqueue 0.0840759 ms)
[02/25/2026-14:55:32] [I] Average on 10 runs - GPU latency: 0.0950928 ms - Host latency: 0.0950928 ms (enqueue 0.0799316 ms)
[02/25/2026-14:55:32] [I] Average on 10 runs - GPU latency: 0.0976196 ms - Host latency: 0.0976196 ms (enqueue 0.0822876 ms)
[02/25/2026-14:55:32] [I] Average on 10 runs - GPU latency: 0.0961914 ms - Host latency: 0.0961914 ms (enqueue 0.0807312 ms)
[02/25/2026-14:55:32] [I] Average on 10 runs - GPU latency: 0.0977417 ms - Host latency: 0.0977417 ms (enqueue 0.0824646 ms)
[02/25/2026-14:55:32] [I] Average on 10 runs - GPU latency: 0.0949341 ms - Host latency: 0.0949341 ms (enqueue 0.0809021 ms)
[02/25/2026-14:55:32] [I] Average on 10 runs - GPU latency: 0.0957275 ms - Host latency: 0.0957275 ms (enqueue 0.0811218 ms)
[02/25/2026-14:55:32] [I] Average on 10 runs - GPU latency: 0.0956543 ms - Host latency: 0.0956543 ms (enqueue 0.0799072 ms)
[02/25/2026-14:55:32] [I] Average on 10 runs - GPU latency: 0.099115 ms - Host latency: 0.099115 ms (enqueue 0.0843018 ms)
[02/25/2026-14:55:32] [I] Average on 10 runs - GPU latency: 0.0955505 ms - Host latency: 0.0955505 ms (enqueue 0.0806519 ms)
[02/25/2026-14:55:32] [I] Average on 10 runs - GPU latency: 0.0969727 ms - Host latency: 0.0969727 ms (enqueue 0.0813538 ms)
[02/25/2026-14:55:32] [I] Average on 10 runs - GPU latency: 0.0961487 ms - Host latency: 0.0961487 ms (enqueue 0.0817017 ms)
[02/25/2026-14:55:32] [I] Average on 10 runs - GPU latency: 0.0990051 ms - Host latency: 0.0990051 ms (enqueue 0.0824829 ms)
[02/25/2026-14:55:32] [I] Average on 10 runs - GPU latency: 0.0971741 ms - Host latency: 0.0971741 ms (enqueue 0.0821716 ms)
[02/25/2026-14:55:32] [I] Average on 10 runs - GPU latency: 0.0966431 ms - Host latency: 0.0966431 ms (enqueue 0.0816406 ms)
[02/25/2026-14:55:32] [I] Average on 10 runs - GPU latency: 0.0947815 ms - Host latency: 0.0947815 ms (enqueue 0.0792908 ms)
[02/25/2026-14:55:32] [I] Average on 10 runs - GPU latency: 0.0971375 ms - Host latency: 0.0971375 ms (enqueue 0.0832397 ms)
[02/25/2026-14:55:32] [I] Average on 10 runs - GPU latency: 0.0966614 ms - Host latency: 0.0966614 ms (enqueue 0.0815125 ms)
[02/25/2026-14:55:32] [I] Average on 10 runs - GPU latency: 0.095459 ms - Host latency: 0.095459 ms (enqueue 0.0804565 ms)
[02/25/2026-14:55:32] [I] Average on 10 runs - GPU latency: 0.096051 ms - Host latency: 0.096051 ms (enqueue 0.0811035 ms)
[02/25/2026-14:55:32] [I] Average on 10 runs - GPU latency: 0.0977356 ms - Host latency: 0.0977356 ms (enqueue 0.0827637 ms)
[02/25/2026-14:55:32] [I] Average on 10 runs - GPU latency: 0.0955078 ms - Host latency: 0.0955078 ms (enqueue 0.0804626 ms)
[02/25/2026-14:55:32] [I] Average on 10 runs - GPU latency: 0.0959045 ms - Host latency: 0.0959045 ms (enqueue 0.0811218 ms)
[02/25/2026-14:55:32] [I] Average on 10 runs - GPU latency: 0.095874 ms - Host latency: 0.095874 ms (enqueue 0.0807861 ms)
[02/25/2026-14:55:32] [I] Average on 10 runs - GPU latency: 0.0989807 ms - Host latency: 0.0989807 ms (enqueue 0.0842041 ms)
[02/25/2026-14:55:32] [I] Average on 10 runs - GPU latency: 0.0983154 ms - Host latency: 0.0983154 ms (enqueue 0.0824646 ms)
[02/25/2026-14:55:32] [I] Average on 10 runs - GPU latency: 0.0960754 ms - Host latency: 0.0960754 ms (enqueue 0.0811218 ms)
[02/25/2026-14:55:32] [I] Average on 10 runs - GPU latency: 0.0960571 ms - Host latency: 0.0960571 ms (enqueue 0.080957 ms)
[02/25/2026-14:55:32] [I] Average on 10 runs - GPU latency: 0.0994629 ms - Host latency: 0.0994629 ms (enqueue 0.0844055 ms)
[02/25/2026-14:55:32] [I] Average on 10 runs - GPU latency: 0.0971558 ms - Host latency: 0.0971558 ms (enqueue 0.0818909 ms)
[02/25/2026-14:55:32] [I] Average on 10 runs - GPU latency: 0.0952209 ms - Host latency: 0.0952209 ms (enqueue 0.0797729 ms)
[02/25/2026-14:55:32] [I] Average on 10 runs - GPU latency: 0.0956909 ms - Host latency: 0.0956909 ms (enqueue 0.0811035 ms)
[02/25/2026-14:55:32] [I] Average on 10 runs - GPU latency: 0.0966248 ms - Host latency: 0.0966248 ms (enqueue 0.0823547 ms)
[02/25/2026-14:55:32] [I] Average on 10 runs - GPU latency: 0.0962952 ms - Host latency: 0.0962952 ms (enqueue 0.0811462 ms)
[02/25/2026-14:55:32] [I] Average on 10 runs - GPU latency: 0.0955017 ms - Host latency: 0.0955017 ms (enqueue 0.0797852 ms)
[02/25/2026-14:55:32] [I] Average on 10 runs - GPU latency: 0.0950562 ms - Host latency: 0.0950562 ms (enqueue 0.0801758 ms)
[02/25/2026-14:55:32] [I] Average on 10 runs - GPU latency: 0.0973206 ms - Host latency: 0.0973206 ms (enqueue 0.0837463 ms)
[02/25/2026-14:55:32] [I] Average on 10 runs - GPU latency: 0.096521 ms - Host latency: 0.096521 ms (enqueue 0.0808166 ms)
[02/25/2026-14:55:32] [I] Average on 10 runs - GPU latency: 0.0964661 ms - Host latency: 0.0964661 ms (enqueue 0.0815247 ms)
[02/25/2026-14:55:32] [I] Average on 10 runs - GPU latency: 0.0952515 ms - Host latency: 0.0952515 ms (enqueue 0.0802856 ms)
[02/25/2026-14:55:32] [I] Average on 10 runs - GPU latency: 0.0952759 ms - Host latency: 0.0952759 ms (enqueue 0.080603 ms)
[02/25/2026-14:55:32] [I] Average on 10 runs - GPU latency: 0.0979858 ms - Host latency: 0.0979858 ms (enqueue 0.0826294 ms)
[02/25/2026-14:55:32] [I] Average on 10 runs - GPU latency: 0.0954224 ms - Host latency: 0.0954224 ms (enqueue 0.0806763 ms)
[02/25/2026-14:55:32] [I] Average on 10 runs - GPU latency: 0.0967285 ms - Host latency: 0.0967285 ms (enqueue 0.0819458 ms)
[02/25/2026-14:55:32] [I] Average on 10 runs - GPU latency: 0.095459 ms - Host latency: 0.095459 ms (enqueue 0.0803589 ms)
[02/25/2026-14:55:32] [I] Average on 10 runs - GPU latency: 0.0984619 ms - Host latency: 0.0984619 ms (enqueue 0.0825806 ms)
[02/25/2026-14:55:32] [I] Average on 10 runs - GPU latency: 0.0970581 ms - Host latency: 0.0970581 ms (enqueue 0.0820679 ms)
[02/25/2026-14:55:32] [I] Average on 10 runs - GPU latency: 0.0956421 ms - Host latency: 0.0956421 ms (enqueue 0.0807007 ms)
[02/25/2026-14:55:32] [I] Average on 10 runs - GPU latency: 0.0968994 ms - Host latency: 0.0968994 ms (enqueue 0.0810059 ms)
[02/25/2026-14:55:32] [I] Average on 10 runs - GPU latency: 0.0986084 ms - Host latency: 0.0986084 ms (enqueue 0.0840698 ms)
[02/25/2026-14:55:32] [I] Average on 10 runs - GPU latency: 0.0957642 ms - Host latency: 0.0957642 ms (enqueue 0.0812622 ms)
[02/25/2026-14:55:32] [I] Average on 10 runs - GPU latency: 0.0954224 ms - Host latency: 0.0954224 ms (enqueue 0.0812134 ms)
[02/25/2026-14:55:32] [I] Average on 10 runs - GPU latency: 0.096228 ms - Host latency: 0.096228 ms (enqueue 0.0801147 ms)
[02/25/2026-14:55:32] [I] Average on 10 runs - GPU latency: 0.0979736 ms - Host latency: 0.0979736 ms (enqueue 0.0826416 ms)
[02/25/2026-14:55:32] [I] Average on 10 runs - GPU latency: 0.0954102 ms - Host latency: 0.0954102 ms (enqueue 0.0803345 ms)
[02/25/2026-14:55:32] [I] Average on 10 runs - GPU latency: 0.0971558 ms - Host latency: 0.0971558 ms (enqueue 0.0822754 ms)
[02/25/2026-14:55:32] [I] Average on 10 runs - GPU latency: 0.0947876 ms - Host latency: 0.0947876 ms (enqueue 0.0800171 ms)
[02/25/2026-14:55:32] [I] Average on 10 runs - GPU latency: 0.0980469 ms - Host latency: 0.0980469 ms (enqueue 0.0837769 ms)
[02/25/2026-14:55:32] [I] Average on 10 runs - GPU latency: 0.0971558 ms - Host latency: 0.0971558 ms (enqueue 0.0817383 ms)
[02/25/2026-14:55:32] [I] Average on 10 runs - GPU latency: 0.0971924 ms - Host latency: 0.0971924 ms (enqueue 0.0818237 ms)
[02/25/2026-14:55:32] [I] Average on 10 runs - GPU latency: 0.0967163 ms - Host latency: 0.0967163 ms (enqueue 0.081897 ms)
[02/25/2026-14:55:32] [I] Average on 10 runs - GPU latency: 0.099585 ms - Host latency: 0.099585 ms (enqueue 0.083667 ms)
[02/25/2026-14:55:32] [I] Average on 10 runs - GPU latency: 0.0981812 ms - Host latency: 0.0981812 ms (enqueue 0.0825928 ms)
[02/25/2026-14:55:32] [I] Average on 10 runs - GPU latency: 0.0955322 ms - Host latency: 0.0955322 ms (enqueue 0.0809326 ms)
[02/25/2026-14:55:32] [I] Average on 10 runs - GPU latency: 0.0950439 ms - Host latency: 0.0950439 ms (enqueue 0.0806641 ms)
[02/25/2026-14:55:32] [I] Average on 10 runs - GPU latency: 0.0978882 ms - Host latency: 0.0978882 ms (enqueue 0.0820801 ms)
[02/25/2026-14:55:32] [I] Average on 10 runs - GPU latency: 0.0952881 ms - Host latency: 0.0952881 ms (enqueue 0.0803589 ms)
[02/25/2026-14:55:32] [I] Average on 10 runs - GPU latency: 0.0954834 ms - Host latency: 0.0954834 ms (enqueue 0.0803955 ms)
[02/25/2026-14:55:32] [I] Average on 10 runs - GPU latency: 0.0963013 ms - Host latency: 0.0963013 ms (enqueue 0.081958 ms)
[02/25/2026-14:55:32] [I] Average on 10 runs - GPU latency: 0.0989014 ms - Host latency: 0.0989014 ms (enqueue 0.0818726 ms)
[02/25/2026-14:55:32] [I] Average on 10 runs - GPU latency: 0.0955933 ms - Host latency: 0.0955933 ms (enqueue 0.0802002 ms)
[02/25/2026-14:55:32] [I] Average on 10 runs - GPU latency: 0.0960815 ms - Host latency: 0.0960815 ms (enqueue 0.0812256 ms)
[02/25/2026-14:55:32] [I] Average on 10 runs - GPU latency: 0.0966431 ms - Host latency: 0.0966431 ms (enqueue 0.0812988 ms)
[02/25/2026-14:55:32] [I] Average on 10 runs - GPU latency: 0.0978638 ms - Host latency: 0.0978638 ms (enqueue 0.08396 ms)
[02/25/2026-14:55:32] [I] Average on 10 runs - GPU latency: 0.0975098 ms - Host latency: 0.0975098 ms (enqueue 0.0823608 ms)
[02/25/2026-14:55:32] [I] Average on 10 runs - GPU latency: 0.0974365 ms - Host latency: 0.0974365 ms (enqueue 0.081604 ms)
[02/25/2026-14:55:32] [I] Average on 10 runs - GPU latency: 0.0957764 ms - Host latency: 0.0957764 ms (enqueue 0.0806152 ms)
[02/25/2026-14:55:32] [I] Average on 10 runs - GPU latency: 0.0978638 ms - Host latency: 0.0978638 ms (enqueue 0.0813599 ms)
[02/25/2026-14:55:32] [I] Average on 10 runs - GPU latency: 0.0959351 ms - Host latency: 0.0959351 ms (enqueue 0.0812378 ms)
[02/25/2026-14:55:32] [I] Average on 10 runs - GPU latency: 0.095752 ms - Host latency: 0.095752 ms (enqueue 0.0809814 ms)
[02/25/2026-14:55:32] [I] Average on 10 runs - GPU latency: 0.0960938 ms - Host latency: 0.0960938 ms (enqueue 0.0805176 ms)
[02/25/2026-14:55:32] [I] Average on 10 runs - GPU latency: 0.0979614 ms - Host latency: 0.0979614 ms (enqueue 0.0837524 ms)
[02/25/2026-14:55:32] [I] Average on 10 runs - GPU latency: 0.0978882 ms - Host latency: 0.0978882 ms (enqueue 0.0822388 ms)
[02/25/2026-14:55:32] [I] Average on 10 runs - GPU latency: 0.095752 ms - Host latency: 0.095752 ms (enqueue 0.0805054 ms)
[02/25/2026-14:55:32] [I] Average on 10 runs - GPU latency: 0.0948975 ms - Host latency: 0.0948975 ms (enqueue 0.0795532 ms)
[02/25/2026-14:55:32] [I] Average on 10 runs - GPU latency: 0.0966064 ms - Host latency: 0.0966064 ms (enqueue 0.0827393 ms)
[02/25/2026-14:55:32] [I] Average on 10 runs - GPU latency: 0.095459 ms - Host latency: 0.095459 ms (enqueue 0.0803101 ms)
[02/25/2026-14:55:32] [I] Average on 10 runs - GPU latency: 0.0950317 ms - Host latency: 0.0950317 ms (enqueue 0.0800049 ms)
[02/25/2026-14:55:32] [I] Average on 10 runs - GPU latency: 0.0963989 ms - Host latency: 0.0963989 ms (enqueue 0.0819336 ms)
[02/25/2026-14:55:32] [I] Average on 10 runs - GPU latency: 0.0980225 ms - Host latency: 0.0980225 ms (enqueue 0.0832031 ms)
[02/25/2026-14:55:32] [I] Average on 10 runs - GPU latency: 0.0960449 ms - Host latency: 0.0960449 ms (enqueue 0.0809448 ms)
[02/25/2026-14:55:32] [I] Average on 10 runs - GPU latency: 0.0961304 ms - Host latency: 0.0961304 ms (enqueue 0.0807007 ms)
[02/25/2026-14:55:32] [I] Average on 10 runs - GPU latency: 0.0969604 ms - Host latency: 0.0969604 ms (enqueue 0.0825928 ms)
[02/25/2026-14:55:32] [I] Average on 10 runs - GPU latency: 0.0993652 ms - Host latency: 0.0993652 ms (enqueue 0.0834351 ms)
[02/25/2026-14:55:32] [I] Average on 10 runs - GPU latency: 0.0963745 ms - Host latency: 0.0963745 ms (enqueue 0.0818115 ms)
[02/25/2026-14:55:32] [I] Average on 10 runs - GPU latency: 0.0969116 ms - Host latency: 0.0969116 ms (enqueue 0.0815552 ms)
[02/25/2026-14:55:32] [I] Average on 10 runs - GPU latency: 0.0963257 ms - Host latency: 0.0963257 ms (enqueue 0.0818603 ms)
[02/25/2026-14:55:32] [I] Average on 10 runs - GPU latency: 0.0980713 ms - Host latency: 0.0980713 ms (enqueue 0.0834839 ms)
[02/25/2026-14:55:32] [I] Average on 10 runs - GPU latency: 0.0956421 ms - Host latency: 0.0956421 ms (enqueue 0.0808838 ms)
[02/25/2026-14:55:32] [I] Average on 10 runs - GPU latency: 0.097876 ms - Host latency: 0.097876 ms (enqueue 0.0829102 ms)
[02/25/2026-14:55:32] [I] Average on 10 runs - GPU latency: 0.0983032 ms - Host latency: 0.0983032 ms (enqueue 0.0828125 ms)
[02/25/2026-14:55:32] [I] Average on 10 runs - GPU latency: 0.0983887 ms - Host latency: 0.0983887 ms (enqueue 0.0820923 ms)
[02/25/2026-14:55:32] [I] Average on 10 runs - GPU latency: 0.0970093 ms - Host latency: 0.0970093 ms (enqueue 0.0817993 ms)
[02/25/2026-14:55:32] [I] Average on 10 runs - GPU latency: 0.0986328 ms - Host latency: 0.0986328 ms (enqueue 0.0841553 ms)
[02/25/2026-14:55:32] [I] Average on 10 runs - GPU latency: 0.0985352 ms - Host latency: 0.0985352 ms (enqueue 0.0829102 ms)
[02/25/2026-14:55:32] [I] Average on 10 runs - GPU latency: 0.0989624 ms - Host latency: 0.0989624 ms (enqueue 0.0823486 ms)
[02/25/2026-14:55:32] [I] Average on 10 runs - GPU latency: 0.0972656 ms - Host latency: 0.0972656 ms (enqueue 0.0818237 ms)
[02/25/2026-14:55:32] [I] Average on 10 runs - GPU latency: 0.0965088 ms - Host latency: 0.0965088 ms (enqueue 0.0815063 ms)
[02/25/2026-14:55:32] [I] Average on 10 runs - GPU latency: 0.096106 ms - Host latency: 0.096106 ms (enqueue 0.0813354 ms)
[02/25/2026-14:55:32] [I] Average on 10 runs - GPU latency: 0.0980835 ms - Host latency: 0.0980835 ms (enqueue 0.0834717 ms)
[02/25/2026-14:55:32] [I] Average on 10 runs - GPU latency: 0.0964722 ms - Host latency: 0.0964722 ms (enqueue 0.0812134 ms)
[02/25/2026-14:55:32] [I] Average on 10 runs - GPU latency: 0.096582 ms - Host latency: 0.096582 ms (enqueue 0.0818848 ms)
[02/25/2026-14:55:32] [I] Average on 10 runs - GPU latency: 0.095752 ms - Host latency: 0.095752 ms (enqueue 0.0809814 ms)
[02/25/2026-14:55:32] [I] Average on 10 runs - GPU latency: 0.0983276 ms - Host latency: 0.0983276 ms (enqueue 0.084082 ms)
[02/25/2026-14:55:32] [I] Average on 10 runs - GPU latency: 0.0986694 ms - Host latency: 0.0986694 ms (enqueue 0.0825806 ms)
[02/25/2026-14:55:32] [I] Average on 10 runs - GPU latency: 0.0951782 ms - Host latency: 0.0951782 ms (enqueue 0.0806396 ms)
[02/25/2026-14:55:32] [I] Average on 10 runs - GPU latency: 0.0977661 ms - Host latency: 0.0977661 ms (enqueue 0.0813599 ms)
[02/25/2026-14:55:32] [I] Average on 10 runs - GPU latency: 0.097229 ms - Host latency: 0.097229 ms (enqueue 0.0826416 ms)
[02/25/2026-14:55:32] [I] Average on 10 runs - GPU latency: 0.0970703 ms - Host latency: 0.0970703 ms (enqueue 0.0814087 ms)
[02/25/2026-14:55:32] [I] Average on 10 runs - GPU latency: 0.0952026 ms - Host latency: 0.0952026 ms (enqueue 0.0805908 ms)
[02/25/2026-14:55:32] [I] Average on 10 runs - GPU latency: 0.094812 ms - Host latency: 0.094812 ms (enqueue 0.0795654 ms)
[02/25/2026-14:55:32] [I] Average on 10 runs - GPU latency: 0.0966187 ms - Host latency: 0.0966187 ms (enqueue 0.083374 ms)
[02/25/2026-14:55:32] [I] Average on 10 runs - GPU latency: 0.0984131 ms - Host latency: 0.0984131 ms (enqueue 0.081665 ms)
[02/25/2026-14:55:32] [I] Average on 10 runs - GPU latency: 0.0983887 ms - Host latency: 0.0983887 ms (enqueue 0.0839478 ms)
[02/25/2026-14:55:32] [I] Average on 10 runs - GPU latency: 0.0965576 ms - Host latency: 0.0965576 ms (enqueue 0.0808838 ms)
[02/25/2026-14:55:32] [I] Average on 10 runs - GPU latency: 0.0958374 ms - Host latency: 0.0958374 ms (enqueue 0.0810547 ms)
[02/25/2026-14:55:32] [I] Average on 10 runs - GPU latency: 0.100818 ms - Host latency: 0.100818 ms (enqueue 0.0858276 ms)
[02/25/2026-14:55:32] [I] Average on 10 runs - GPU latency: 0.0982666 ms - Host latency: 0.0982666 ms (enqueue 0.0825195 ms)
[02/25/2026-14:55:32] [I] Average on 10 runs - GPU latency: 0.0966675 ms - Host latency: 0.0966675 ms (enqueue 0.081958 ms)
[02/25/2026-14:55:32] [I] Average on 10 runs - GPU latency: 0.0980591 ms - Host latency: 0.0980591 ms (enqueue 0.0827393 ms)
[02/25/2026-14:55:32] [I] Average on 10 runs - GPU latency: 0.0999634 ms - Host latency: 0.0999634 ms (enqueue 0.0847778 ms)
[02/25/2026-14:55:32] [I] Average on 10 runs - GPU latency: 0.0965454 ms - Host latency: 0.0965454 ms (enqueue 0.0812622 ms)
[02/25/2026-14:55:32] [I] Average on 10 runs - GPU latency: 0.0950073 ms - Host latency: 0.0950073 ms (enqueue 0.0805542 ms)
[02/25/2026-14:55:32] [I] Average on 10 runs - GPU latency: 0.0961426 ms - Host latency: 0.0961426 ms (enqueue 0.0809448 ms)
[02/25/2026-14:55:32] [I] Average on 10 runs - GPU latency: 0.0969238 ms - Host latency: 0.0969238 ms (enqueue 0.0822998 ms)
[02/25/2026-14:55:32] [I] Average on 10 runs - GPU latency: 0.0954468 ms - Host latency: 0.0954468 ms (enqueue 0.0807861 ms)
[02/25/2026-14:55:32] [I] Average on 10 runs - GPU latency: 0.0982544 ms - Host latency: 0.0982544 ms (enqueue 0.083374 ms)
[02/25/2026-14:55:32] [I] Average on 10 runs - GPU latency: 0.0964722 ms - Host latency: 0.0964722 ms (enqueue 0.0812012 ms)
[02/25/2026-14:55:32] [I] Average on 10 runs - GPU latency: 0.0990601 ms - Host latency: 0.0990601 ms (enqueue 0.0838501 ms)
[02/25/2026-14:55:32] [I] Average on 10 runs - GPU latency: 0.0982788 ms - Host latency: 0.0982788 ms (enqueue 0.0822144 ms)
[02/25/2026-14:55:32] [I] Average on 10 runs - GPU latency: 0.0949829 ms - Host latency: 0.0949829 ms (enqueue 0.0797852 ms)
[02/25/2026-14:55:32] [I] Average on 10 runs - GPU latency: 0.0949463 ms - Host latency: 0.0949463 ms (enqueue 0.0803223 ms)
[02/25/2026-14:55:32] [I] Average on 10 runs - GPU latency: 0.0970215 ms - Host latency: 0.0970215 ms (enqueue 0.0821289 ms)
[02/25/2026-14:55:32] [I] Average on 10 runs - GPU latency: 0.0950073 ms - Host latency: 0.0950073 ms (enqueue 0.0800537 ms)
[02/25/2026-14:55:32] [I] Average on 10 runs - GPU latency: 0.0971313 ms - Host latency: 0.0971313 ms (enqueue 0.0822754 ms)
[02/25/2026-14:55:32] [I] Average on 10 runs - GPU latency: 0.0962646 ms - Host latency: 0.0962646 ms (enqueue 0.0821045 ms)
[02/25/2026-14:55:32] [I] Average on 10 runs - GPU latency: 0.099353 ms - Host latency: 0.099353 ms (enqueue 0.0838379 ms)
[02/25/2026-14:55:32] [I] Average on 10 runs - GPU latency: 0.096521 ms - Host latency: 0.096521 ms (enqueue 0.0818848 ms)
[02/25/2026-14:55:32] [I] Average on 10 runs - GPU latency: 0.0980225 ms - Host latency: 0.0980225 ms (enqueue 0.0824341 ms)
[02/25/2026-14:55:32] [I] Average on 10 runs - GPU latency: 0.0956299 ms - Host latency: 0.0956299 ms (enqueue 0.080249 ms)
[02/25/2026-14:55:32] [I] Average on 10 runs - GPU latency: 0.0983276 ms - Host latency: 0.0983276 ms (enqueue 0.0833252 ms)
[02/25/2026-14:55:32] [I] Average on 10 runs - GPU latency: 0.0978882 ms - Host latency: 0.0978882 ms (enqueue 0.082605 ms)
[02/25/2026-14:55:32] [I] Average on 10 runs - GPU latency: 0.097583 ms - Host latency: 0.097583 ms (enqueue 0.0827515 ms)
[02/25/2026-14:55:32] [I] Average on 10 runs - GPU latency: 0.0959473 ms - Host latency: 0.0959473 ms (enqueue 0.0807007 ms)
[02/25/2026-14:55:32] [I] Average on 10 runs - GPU latency: 0.0982666 ms - Host latency: 0.0982666 ms (enqueue 0.0835815 ms)
[02/25/2026-14:55:32] [I] Average on 10 runs - GPU latency: 0.0948242 ms - Host latency: 0.0948242 ms (enqueue 0.0803467 ms)
[02/25/2026-14:55:32] [I] Average on 10 runs - GPU latency: 0.0966553 ms - Host latency: 0.0966553 ms (enqueue 0.0819824 ms)
[02/25/2026-14:55:32] [I] Average on 10 runs - GPU latency: 0.0959351 ms - Host latency: 0.0959351 ms (enqueue 0.0809204 ms)
[02/25/2026-14:55:32] [I] Average on 10 runs - GPU latency: 0.0983887 ms - Host latency: 0.0983887 ms (enqueue 0.0843628 ms)
[02/25/2026-14:55:32] [I] Average on 10 runs - GPU latency: 0.0961182 ms - Host latency: 0.0961182 ms (enqueue 0.0809448 ms)
[02/25/2026-14:55:32] [I] Average on 10 runs - GPU latency: 0.0958984 ms - Host latency: 0.0958984 ms (enqueue 0.0812134 ms)
[02/25/2026-14:55:32] [I] Average on 10 runs - GPU latency: 0.0985962 ms - Host latency: 0.0985962 ms (enqueue 0.0830322 ms)
[02/25/2026-14:55:32] [I] Average on 10 runs - GPU latency: 0.0984497 ms - Host latency: 0.0984497 ms (enqueue 0.0847412 ms)
[02/25/2026-14:55:32] [I] Average on 10 runs - GPU latency: 0.0966309 ms - Host latency: 0.0966309 ms (enqueue 0.0814087 ms)
[02/25/2026-14:55:32] [I] Average on 10 runs - GPU latency: 0.0959106 ms - Host latency: 0.0959106 ms (enqueue 0.0811523 ms)
[02/25/2026-14:55:32] [I] Average on 10 runs - GPU latency: 0.0959106 ms - Host latency: 0.0959106 ms (enqueue 0.0805542 ms)
[02/25/2026-14:55:32] [I] Average on 10 runs - GPU latency: 0.0988525 ms - Host latency: 0.0988525 ms (enqueue 0.0844482 ms)
[02/25/2026-14:55:32] [I] Average on 10 runs - GPU latency: 0.0958374 ms - Host latency: 0.0958374 ms (enqueue 0.0804688 ms)
[02/25/2026-14:55:32] [I] Average on 10 runs - GPU latency: 0.096814 ms - Host latency: 0.096814 ms (enqueue 0.081604 ms)
[02/25/2026-14:55:32] [I] Average on 10 runs - GPU latency: 0.0959717 ms - Host latency: 0.0959717 ms (enqueue 0.0816284 ms)
[02/25/2026-14:55:32] [I] Average on 10 runs - GPU latency: 0.0989014 ms - Host latency: 0.0989014 ms (enqueue 0.0838623 ms)
[02/25/2026-14:55:32] [I] Average on 10 runs - GPU latency: 0.0958862 ms - Host latency: 0.0958862 ms (enqueue 0.0812256 ms)
[02/25/2026-14:55:32] [I] Average on 10 runs - GPU latency: 0.0982422 ms - Host latency: 0.0982422 ms (enqueue 0.0835693 ms)
[02/25/2026-14:55:32] [I] Average on 10 runs - GPU latency: 0.0980347 ms - Host latency: 0.0980347 ms (enqueue 0.0815063 ms)
[02/25/2026-14:55:32] [I] Average on 10 runs - GPU latency: 0.0985596 ms - Host latency: 0.0985596 ms (enqueue 0.0823853 ms)
[02/25/2026-14:55:32] [I] Average on 10 runs - GPU latency: 0.0964722 ms - Host latency: 0.0964722 ms (enqueue 0.0818603 ms)
[02/25/2026-14:55:32] [I] Average on 10 runs - GPU latency: 0.0960083 ms - Host latency: 0.0960083 ms (enqueue 0.081604 ms)
[02/25/2026-14:55:32] [I] Average on 10 runs - GPU latency: 0.0976318 ms - Host latency: 0.0976318 ms (enqueue 0.0818726 ms)
[02/25/2026-14:55:32] [I] Average on 10 runs - GPU latency: 0.0978149 ms - Host latency: 0.0978149 ms (enqueue 0.0830444 ms)
[02/25/2026-14:55:32] [I] Average on 10 runs - GPU latency: 0.0958862 ms - Host latency: 0.0958862 ms (enqueue 0.0812622 ms)
[02/25/2026-14:55:32] [I] Average on 10 runs - GPU latency: 0.0962524 ms - Host latency: 0.0962524 ms (enqueue 0.0806274 ms)
[02/25/2026-14:55:32] [I] Average on 10 runs - GPU latency: 0.0962036 ms - Host latency: 0.0962036 ms (enqueue 0.0813354 ms)
[02/25/2026-14:55:32] [I] Average on 10 runs - GPU latency: 0.0968994 ms - Host latency: 0.0968994 ms (enqueue 0.0819336 ms)
[02/25/2026-14:55:32] [I] Average on 10 runs - GPU latency: 0.0949707 ms - Host latency: 0.0949707 ms (enqueue 0.0796509 ms)
[02/25/2026-14:55:32] [I] Average on 10 runs - GPU latency: 0.0961182 ms - Host latency: 0.0961182 ms (enqueue 0.0807251 ms)
[02/25/2026-14:55:32] [I] Average on 10 runs - GPU latency: 0.0950562 ms - Host latency: 0.0950562 ms (enqueue 0.0796265 ms)
[02/25/2026-14:55:32] [I] Average on 10 runs - GPU latency: 0.097644 ms - Host latency: 0.097644 ms (enqueue 0.082666 ms)
[02/25/2026-14:55:32] [I] Average on 10 runs - GPU latency: 0.0954468 ms - Host latency: 0.0954468 ms (enqueue 0.0802124 ms)
[02/25/2026-14:55:32] [I] Average on 10 runs - GPU latency: 0.0959961 ms - Host latency: 0.0959961 ms (enqueue 0.0811279 ms)
[02/25/2026-14:55:32] [I] Average on 10 runs - GPU latency: 0.0963135 ms - Host latency: 0.0963135 ms (enqueue 0.080957 ms)
[02/25/2026-14:55:32] [I] Average on 10 runs - GPU latency: 0.0974121 ms - Host latency: 0.0974121 ms (enqueue 0.0825928 ms)
[02/25/2026-14:55:32] [I] Average on 10 runs - GPU latency: 0.0970947 ms - Host latency: 0.0970947 ms (enqueue 0.0821167 ms)
[02/25/2026-14:55:32] [I] Average on 10 runs - GPU latency: 0.0957642 ms - Host latency: 0.0957642 ms (enqueue 0.081543 ms)
[02/25/2026-14:55:32] [I] Average on 10 runs - GPU latency: 0.096936 ms - Host latency: 0.096936 ms (enqueue 0.0814331 ms)
[02/25/2026-14:55:32] [I] Average on 10 runs - GPU latency: 0.0981567 ms - Host latency: 0.0981567 ms (enqueue 0.0839966 ms)
[02/25/2026-14:55:32] [I] Average on 10 runs - GPU latency: 0.0963745 ms - Host latency: 0.0963745 ms (enqueue 0.0810059 ms)
[02/25/2026-14:55:32] [I] Average on 10 runs - GPU latency: 0.0973633 ms - Host latency: 0.0973633 ms (enqueue 0.0817871 ms)
[02/25/2026-14:55:32] [I] Average on 10 runs - GPU latency: 0.096814 ms - Host latency: 0.096814 ms (enqueue 0.0816162 ms)
[02/25/2026-14:55:32] [I] Average on 10 runs - GPU latency: 0.0973511 ms - Host latency: 0.0973511 ms (enqueue 0.0834961 ms)
[02/25/2026-14:55:32] [I] Average on 10 runs - GPU latency: 0.0963867 ms - Host latency: 0.0963867 ms (enqueue 0.0815918 ms)
[02/25/2026-14:55:32] [I] Average on 10 runs - GPU latency: 0.0951294 ms - Host latency: 0.0951294 ms (enqueue 0.0803101 ms)
[02/25/2026-14:55:32] [I] Average on 10 runs - GPU latency: 0.0969116 ms - Host latency: 0.0969116 ms (enqueue 0.0817627 ms)
[02/25/2026-14:55:32] [I] Average on 10 runs - GPU latency: 0.0992065 ms - Host latency: 0.0992065 ms (enqueue 0.0833374 ms)
[02/25/2026-14:55:32] [I] Average on 10 runs - GPU latency: 0.0984497 ms - Host latency: 0.0984497 ms (enqueue 0.0829712 ms)
[02/25/2026-14:55:32] [I] Average on 10 runs - GPU latency: 0.096875 ms - Host latency: 0.096875 ms (enqueue 0.0817383 ms)
[02/25/2026-14:55:32] [I] Average on 10 runs - GPU latency: 0.09646 ms - Host latency: 0.09646 ms (enqueue 0.082605 ms)
[02/25/2026-14:55:32] [I] Average on 10 runs - GPU latency: 0.097522 ms - Host latency: 0.097522 ms (enqueue 0.0831909 ms)
[02/25/2026-14:55:32] [I] Average on 10 runs - GPU latency: 0.099707 ms - Host latency: 0.099707 ms (enqueue 0.0828613 ms)
[02/25/2026-14:55:32] [I] Average on 10 runs - GPU latency: 0.0962036 ms - Host latency: 0.0962036 ms (enqueue 0.0812134 ms)
[02/25/2026-14:55:32] [I] Average on 10 runs - GPU latency: 0.0958252 ms - Host latency: 0.0958252 ms (enqueue 0.0808716 ms)
[02/25/2026-14:55:32] [I] Average on 10 runs - GPU latency: 0.095752 ms - Host latency: 0.095752 ms (enqueue 0.0819702 ms)
[02/25/2026-14:55:32] [I] Average on 10 runs - GPU latency: 0.097522 ms - Host latency: 0.097522 ms (enqueue 0.0809448 ms)
[02/25/2026-14:55:32] [I] Average on 10 runs - GPU latency: 0.0944702 ms - Host latency: 0.0944702 ms (enqueue 0.080481 ms)
[02/25/2026-14:55:32] [I] Average on 10 runs - GPU latency: 0.0943481 ms - Host latency: 0.0943481 ms (enqueue 0.0788574 ms)
[02/25/2026-14:55:32] [I] Average on 10 runs - GPU latency: 0.0945557 ms - Host latency: 0.0945557 ms (enqueue 0.0799561 ms)
[02/25/2026-14:55:32] [I] Average on 10 runs - GPU latency: 0.0979492 ms - Host latency: 0.0979492 ms (enqueue 0.0828735 ms)
[02/25/2026-14:55:32] [I] Average on 10 runs - GPU latency: 0.095166 ms - Host latency: 0.095166 ms (enqueue 0.0797852 ms)
[02/25/2026-14:55:32] [I] Average on 10 runs - GPU latency: 0.0956909 ms - Host latency: 0.0956909 ms (enqueue 0.0805664 ms)
[02/25/2026-14:55:32] [I] Average on 10 runs - GPU latency: 0.0976807 ms - Host latency: 0.0976807 ms (enqueue 0.0827759 ms)
[02/25/2026-14:55:32] [I] Average on 10 runs - GPU latency: 0.0980591 ms - Host latency: 0.0980591 ms (enqueue 0.083667 ms)
[02/25/2026-14:55:32] [I] Average on 10 runs - GPU latency: 0.0959351 ms - Host latency: 0.0959351 ms (enqueue 0.080957 ms)
[02/25/2026-14:55:32] [I] Average on 10 runs - GPU latency: 0.0957886 ms - Host latency: 0.0957886 ms (enqueue 0.0805786 ms)
[02/25/2026-14:55:32] [I] Average on 10 runs - GPU latency: 0.0952515 ms - Host latency: 0.0952515 ms (enqueue 0.0795898 ms)
[02/25/2026-14:55:32] [I] Average on 10 runs - GPU latency: 0.0976929 ms - Host latency: 0.0976929 ms (enqueue 0.0830322 ms)
[02/25/2026-14:55:32] [I] Average on 10 runs - GPU latency: 0.0967285 ms - Host latency: 0.0967285 ms (enqueue 0.0820923 ms)
[02/25/2026-14:55:32] [I] Average on 10 runs - GPU latency: 0.0970215 ms - Host latency: 0.0970215 ms (enqueue 0.0821289 ms)
[02/25/2026-14:55:32] [I] Average on 10 runs - GPU latency: 0.0952393 ms - Host latency: 0.0952393 ms (enqueue 0.0804688 ms)
[02/25/2026-14:55:32] [I] Average on 10 runs - GPU latency: 0.0978272 ms - Host latency: 0.0978272 ms (enqueue 0.0829102 ms)
[02/25/2026-14:55:32] [I] Average on 10 runs - GPU latency: 0.0961304 ms - Host latency: 0.0961304 ms (enqueue 0.0805664 ms)
[02/25/2026-14:55:32] [I] Average on 10 runs - GPU latency: 0.0955811 ms - Host latency: 0.0955811 ms (enqueue 0.0809326 ms)
[02/25/2026-14:55:32] [I] Average on 10 runs - GPU latency: 0.0985596 ms - Host latency: 0.0985596 ms (enqueue 0.0829956 ms)
[02/25/2026-14:55:32] [I] Average on 10 runs - GPU latency: 0.0998535 ms - Host latency: 0.0998535 ms (enqueue 0.0845825 ms)
[02/25/2026-14:55:32] [I] Average on 10 runs - GPU latency: 0.0955689 ms - Host latency: 0.0955689 ms (enqueue 0.0804199 ms)
[02/25/2026-14:55:32] [I] Average on 10 runs - GPU latency: 0.0967529 ms - Host latency: 0.0967529 ms (enqueue 0.0820557 ms)
[02/25/2026-14:55:32] [I] Average on 10 runs - GPU latency: 0.0955322 ms - Host latency: 0.0955322 ms (enqueue 0.0804443 ms)
[02/25/2026-14:55:32] [I] Average on 10 runs - GPU latency: 0.0974976 ms - Host latency: 0.0974976 ms (enqueue 0.0829834 ms)
[02/25/2026-14:55:32] [I] Average on 10 runs - GPU latency: 0.0951172 ms - Host latency: 0.0951172 ms (enqueue 0.0797241 ms)
[02/25/2026-14:55:32] [I] Average on 10 runs - GPU latency: 0.095227 ms - Host latency: 0.095227 ms (enqueue 0.0811401 ms)
[02/25/2026-14:55:32] [I] Average on 10 runs - GPU latency: 0.09729 ms - Host latency: 0.09729 ms (enqueue 0.081604 ms)
[02/25/2026-14:55:32] [I] Average on 10 runs - GPU latency: 0.0982666 ms - Host latency: 0.0982666 ms (enqueue 0.0830811 ms)
[02/25/2026-14:55:32] [I] Average on 10 runs - GPU latency: 0.0948364 ms - Host latency: 0.0948364 ms (enqueue 0.0801025 ms)
[02/25/2026-14:55:32] [I] Average on 10 runs - GPU latency: 0.0972778 ms - Host latency: 0.0972778 ms (enqueue 0.0818481 ms)
[02/25/2026-14:55:32] [I] Average on 10 runs - GPU latency: 0.094812 ms - Host latency: 0.094812 ms (enqueue 0.0796997 ms)
[02/25/2026-14:55:32] [I] Average on 10 runs - GPU latency: 0.0989502 ms - Host latency: 0.0989502 ms (enqueue 0.0836914 ms)
[02/25/2026-14:55:32] [I] Average on 10 runs - GPU latency: 0.0966675 ms - Host latency: 0.0966675 ms (enqueue 0.081604 ms)
[02/25/2026-14:55:32] [I] Average on 10 runs - GPU latency: 0.0950317 ms - Host latency: 0.0950317 ms (enqueue 0.0801025 ms)
[02/25/2026-14:55:32] [I] Average on 10 runs - GPU latency: 0.0954834 ms - Host latency: 0.0954834 ms (enqueue 0.080896 ms)
[02/25/2026-14:55:32] [I] Average on 10 runs - GPU latency: 0.0982788 ms - Host latency: 0.0982788 ms (enqueue 0.0833374 ms)
[02/25/2026-14:55:32] [I] Average on 10 runs - GPU latency: 0.0955322 ms - Host latency: 0.0955322 ms (enqueue 0.0809448 ms)
[02/25/2026-14:55:32] [I] Average on 10 runs - GPU latency: 0.0951416 ms - Host latency: 0.0951416 ms (enqueue 0.0789673 ms)
[02/25/2026-14:55:32] [I] Average on 10 runs - GPU latency: 0.094519 ms - Host latency: 0.094519 ms (enqueue 0.0803833 ms)
[02/25/2026-14:55:32] [I] Average on 10 runs - GPU latency: 0.0984741 ms - Host latency: 0.0984741 ms (enqueue 0.0842651 ms)
[02/25/2026-14:55:32] [I] Average on 10 runs - GPU latency: 0.0975952 ms - Host latency: 0.0975952 ms (enqueue 0.0819214 ms)
[02/25/2026-14:55:32] [I] Average on 10 runs - GPU latency: 0.0962036 ms - Host latency: 0.0962036 ms (enqueue 0.0810669 ms)
[02/25/2026-14:55:32] [I] Average on 10 runs - GPU latency: 0.0966309 ms - Host latency: 0.0966309 ms (enqueue 0.0812622 ms)
[02/25/2026-14:55:32] [I] Average on 10 runs - GPU latency: 0.0971802 ms - Host latency: 0.0971802 ms (enqueue 0.0813354 ms)
[02/25/2026-14:55:32] [I] Average on 10 runs - GPU latency: 0.0950806 ms - Host latency: 0.0950806 ms (enqueue 0.0793579 ms)
[02/25/2026-14:55:32] [I] Average on 10 runs - GPU latency: 0.0949097 ms - Host latency: 0.0949097 ms (enqueue 0.0808228 ms)
[02/25/2026-14:55:32] [I] Average on 10 runs - GPU latency: 0.0954712 ms - Host latency: 0.0954712 ms (enqueue 0.0800659 ms)
[02/25/2026-14:55:32] [I] Average on 10 runs - GPU latency: 0.0977661 ms - Host latency: 0.0977661 ms (enqueue 0.0825195 ms)
[02/25/2026-14:55:32] [I] Average on 10 runs - GPU latency: 0.0978272 ms - Host latency: 0.0978272 ms (enqueue 0.0822266 ms)
[02/25/2026-14:55:32] [I] Average on 10 runs - GPU latency: 0.0962891 ms - Host latency: 0.0962891 ms (enqueue 0.081897 ms)
[02/25/2026-14:55:32] [I] Average on 10 runs - GPU latency: 0.0962158 ms - Host latency: 0.0962158 ms (enqueue 0.0810181 ms)
[02/25/2026-14:55:32] [I] Average on 10 runs - GPU latency: 0.0985962 ms - Host latency: 0.0985962 ms (enqueue 0.0839722 ms)
[02/25/2026-14:55:32] [I] Average on 10 runs - GPU latency: 0.0991211 ms - Host latency: 0.0991211 ms (enqueue 0.0828979 ms)
[02/25/2026-14:55:32] [I] Average on 10 runs - GPU latency: 0.0953125 ms - Host latency: 0.0953125 ms (enqueue 0.0804199 ms)
[02/25/2026-14:55:32] [I] Average on 10 runs - GPU latency: 0.0956787 ms - Host latency: 0.0956787 ms (enqueue 0.0806396 ms)
[02/25/2026-14:55:32] [I] Average on 10 runs - GPU latency: 0.100146 ms - Host latency: 0.100146 ms (enqueue 0.086145 ms)
[02/25/2026-14:55:32] [I] Average on 10 runs - GPU latency: 0.0971191 ms - Host latency: 0.0971191 ms (enqueue 0.0810425 ms)
[02/25/2026-14:55:32] [I] Average on 10 runs - GPU latency: 0.0963501 ms - Host latency: 0.0963501 ms (enqueue 0.0824219 ms)
[02/25/2026-14:55:32] [I] Average on 10 runs - GPU latency: 0.0970581 ms - Host latency: 0.0970581 ms (enqueue 0.0815796 ms)
[02/25/2026-14:55:32] [I] Average on 10 runs - GPU latency: 0.0969849 ms - Host latency: 0.0969849 ms (enqueue 0.0827271 ms)
[02/25/2026-14:55:32] [I] Average on 10 runs - GPU latency: 0.0959595 ms - Host latency: 0.0959595 ms (enqueue 0.0805054 ms)
[02/25/2026-14:55:32] [I] Average on 10 runs - GPU latency: 0.0949707 ms - Host latency: 0.0949707 ms (enqueue 0.0804565 ms)
[02/25/2026-14:55:32] [I] Average on 10 runs - GPU latency: 0.0960327 ms - Host latency: 0.0960327 ms (enqueue 0.0816162 ms)
[02/25/2026-14:55:32] [I] Average on 10 runs - GPU latency: 0.0985352 ms - Host latency: 0.0985352 ms (enqueue 0.0832764 ms)
[02/25/2026-14:55:32] [I] Average on 10 runs - GPU latency: 0.0982666 ms - Host latency: 0.0982666 ms (enqueue 0.0821655 ms)
[02/25/2026-14:55:32] [I] Average on 10 runs - GPU latency: 0.0952881 ms - Host latency: 0.0952881 ms (enqueue 0.0801514 ms)
[02/25/2026-14:55:32] [I] Average on 10 runs - GPU latency: 0.0956909 ms - Host latency: 0.0956909 ms (enqueue 0.0807861 ms)
[02/25/2026-14:55:32] [I] Average on 10 runs - GPU latency: 0.0953125 ms - Host latency: 0.0953125 ms (enqueue 0.0806519 ms)
[02/25/2026-14:55:32] [I] Average on 10 runs - GPU latency: 0.0985474 ms - Host latency: 0.0985474 ms (enqueue 0.0836426 ms)
[02/25/2026-14:55:32] [I] Average on 10 runs - GPU latency: 0.0966309 ms - Host latency: 0.0966309 ms (enqueue 0.0816162 ms)
[02/25/2026-14:55:32] [I] Average on 10 runs - GPU latency: 0.0965576 ms - Host latency: 0.0965576 ms (enqueue 0.0810181 ms)
[02/25/2026-14:55:32] [I] Average on 10 runs - GPU latency: 0.0961914 ms - Host latency: 0.0961914 ms (enqueue 0.081604 ms)
[02/25/2026-14:55:32] [I] Average on 10 runs - GPU latency: 0.0975708 ms - Host latency: 0.0975708 ms (enqueue 0.0834961 ms)
[02/25/2026-14:55:32] [I] Average on 10 runs - GPU latency: 0.0962036 ms - Host latency: 0.0962036 ms (enqueue 0.0814331 ms)
[02/25/2026-14:55:32] [I] Average on 10 runs - GPU latency: 0.0961182 ms - Host latency: 0.0961182 ms (enqueue 0.0811646 ms)
[02/25/2026-14:55:32] [I] Average on 10 runs - GPU latency: 0.0977661 ms - Host latency: 0.0977661 ms (enqueue 0.0818359 ms)
[02/25/2026-14:55:32] [I] Average on 10 runs - GPU latency: 0.0991333 ms - Host latency: 0.0991333 ms (enqueue 0.0820923 ms)
[02/25/2026-14:55:32] [I] Average on 10 runs - GPU latency: 0.0956543 ms - Host latency: 0.0956543 ms (enqueue 0.0810547 ms)
[02/25/2026-14:55:32] [I] Average on 10 runs - GPU latency: 0.0968384 ms - Host latency: 0.0968384 ms (enqueue 0.0817383 ms)
[02/25/2026-14:55:32] [I] Average on 10 runs - GPU latency: 0.0952026 ms - Host latency: 0.0952026 ms (enqueue 0.0804077 ms)
[02/25/2026-14:55:32] [I] Average on 10 runs - GPU latency: 0.099707 ms - Host latency: 0.099707 ms (enqueue 0.0850342 ms)
[02/25/2026-14:55:32] [I] Average on 10 runs - GPU latency: 0.0965332 ms - Host latency: 0.0965332 ms (enqueue 0.0814941 ms)
[02/25/2026-14:55:32] [I] Average on 10 runs - GPU latency: 0.0947632 ms - Host latency: 0.0947632 ms (enqueue 0.0797363 ms)
[02/25/2026-14:55:32] [I] Average on 10 runs - GPU latency: 0.0958862 ms - Host latency: 0.0958862 ms (enqueue 0.0811768 ms)
[02/25/2026-14:55:32] [I] Average on 10 runs - GPU latency: 0.0990723 ms - Host latency: 0.0990723 ms (enqueue 0.0824585 ms)
[02/25/2026-14:55:32] [I] Average on 10 runs - GPU latency: 0.0952026 ms - Host latency: 0.0952026 ms (enqueue 0.0804688 ms)
[02/25/2026-14:55:32] [I] Average on 10 runs - GPU latency: 0.0973633 ms - Host latency: 0.0973633 ms (enqueue 0.0814575 ms)
[02/25/2026-14:55:32] [I] Average on 10 runs - GPU latency: 0.0970581 ms - Host latency: 0.0970581 ms (enqueue 0.0824951 ms)
[02/25/2026-14:55:32] [I] Average on 10 runs - GPU latency: 0.0981079 ms - Host latency: 0.0981079 ms (enqueue 0.0827515 ms)
[02/25/2026-14:55:32] [I] Average on 10 runs - GPU latency: 0.0948975 ms - Host latency: 0.0948975 ms (enqueue 0.0799072 ms)
[02/25/2026-14:55:32] [I] Average on 10 runs - GPU latency: 0.0959839 ms - Host latency: 0.0959839 ms (enqueue 0.0815308 ms)
[02/25/2026-14:55:32] [I] Average on 10 runs - GPU latency: 0.095752 ms - Host latency: 0.095752 ms (enqueue 0.0807251 ms)
[02/25/2026-14:55:32] [I] Average on 10 runs - GPU latency: 0.0980835 ms - Host latency: 0.0980835 ms (enqueue 0.0810425 ms)
[02/25/2026-14:55:32] [I] Average on 10 runs - GPU latency: 0.0956299 ms - Host latency: 0.0956299 ms (enqueue 0.0810181 ms)
[02/25/2026-14:55:32] [I] Average on 10 runs - GPU latency: 0.0953491 ms - Host latency: 0.0953491 ms (enqueue 0.0802124 ms)
[02/25/2026-14:55:32] [I] Average on 10 runs - GPU latency: 0.0949097 ms - Host latency: 0.0949097 ms (enqueue 0.0805542 ms)
[02/25/2026-14:55:32] [I] Average on 10 runs - GPU latency: 0.100391 ms - Host latency: 0.100391 ms (enqueue 0.0838257 ms)
[02/25/2026-14:55:32] [I] Average on 10 runs - GPU latency: 0.0967285 ms - Host latency: 0.0967285 ms (enqueue 0.0803833 ms)
[02/25/2026-14:55:32] [I] Average on 10 runs - GPU latency: 0.0974976 ms - Host latency: 0.0974976 ms (enqueue 0.0822998 ms)
[02/25/2026-14:55:32] [I] Average on 10 runs - GPU latency: 0.096228 ms - Host latency: 0.096228 ms (enqueue 0.0811768 ms)
[02/25/2026-14:55:32] [I] Average on 10 runs - GPU latency: 0.097937 ms - Host latency: 0.097937 ms (enqueue 0.0820435 ms)
[02/25/2026-14:55:32] [I] Average on 10 runs - GPU latency: 0.0960205 ms - Host latency: 0.0960205 ms (enqueue 0.0801025 ms)
[02/25/2026-14:55:32] [I] Average on 10 runs - GPU latency: 0.0952637 ms - Host latency: 0.0952637 ms (enqueue 0.0813232 ms)
[02/25/2026-14:55:32] [I] Average on 10 runs - GPU latency: 0.0954834 ms - Host latency: 0.0954834 ms (enqueue 0.0803345 ms)
[02/25/2026-14:55:32] [I] Average on 10 runs - GPU latency: 0.0978516 ms - Host latency: 0.0978516 ms (enqueue 0.0839966 ms)
[02/25/2026-14:55:32] [I] Average on 10 runs - GPU latency: 0.0966675 ms - Host latency: 0.0966675 ms (enqueue 0.0815796 ms)
[02/25/2026-14:55:32] [I] Average on 10 runs - GPU latency: 0.096582 ms - Host latency: 0.096582 ms (enqueue 0.0811279 ms)
[02/25/2026-14:55:32] [I] Average on 10 runs - GPU latency: 0.0954102 ms - Host latency: 0.0954102 ms (enqueue 0.0793945 ms)
[02/25/2026-14:55:32] [I] Average on 10 runs - GPU latency: 0.0984131 ms - Host latency: 0.0984131 ms (enqueue 0.0840088 ms)
[02/25/2026-14:55:32] [I] Average on 10 runs - GPU latency: 0.0963013 ms - Host latency: 0.0963013 ms (enqueue 0.0809204 ms)
[02/25/2026-14:55:32] [I] Average on 10 runs - GPU latency: 0.0961548 ms - Host latency: 0.0961548 ms (enqueue 0.081189 ms)
[02/25/2026-14:55:32] [I] Average on 10 runs - GPU latency: 0.0961792 ms - Host latency: 0.0961792 ms (enqueue 0.0812256 ms)
[02/25/2026-14:55:32] [I] Average on 10 runs - GPU latency: 0.0983521 ms - Host latency: 0.0983521 ms (enqueue 0.0842407 ms)
[02/25/2026-14:55:32] [I] Average on 10 runs - GPU latency: 0.0943115 ms - Host latency: 0.0943115 ms (enqueue 0.0798218 ms)
[02/25/2026-14:55:32] [I] Average on 10 runs - GPU latency: 0.0963745 ms - Host latency: 0.0963745 ms (enqueue 0.0811279 ms)
[02/25/2026-14:55:32] [I] Average on 10 runs - GPU latency: 0.0951538 ms - Host latency: 0.0951538 ms (enqueue 0.0802368 ms)
[02/25/2026-14:55:32] [I] Average on 10 runs - GPU latency: 0.0975464 ms - Host latency: 0.0975464 ms (enqueue 0.0827515 ms)
[02/25/2026-14:55:32] [I] Average on 10 runs - GPU latency: 0.0951538 ms - Host latency: 0.0951538 ms (enqueue 0.0798096 ms)
[02/25/2026-14:55:32] [I] Average on 10 runs - GPU latency: 0.094751 ms - Host latency: 0.094751 ms (enqueue 0.0799072 ms)
[02/25/2026-14:55:32] [I] Average on 10 runs - GPU latency: 0.0957764 ms - Host latency: 0.0957764 ms (enqueue 0.0811768 ms)
[02/25/2026-14:55:32] [I] Average on 10 runs - GPU latency: 0.098877 ms - Host latency: 0.098877 ms (enqueue 0.0836426 ms)
[02/25/2026-14:55:32] [I] Average on 10 runs - GPU latency: 0.0963867 ms - Host latency: 0.0963867 ms (enqueue 0.0814087 ms)
[02/25/2026-14:55:32] [I] Average on 10 runs - GPU latency: 0.0964844 ms - Host latency: 0.0964844 ms (enqueue 0.0816772 ms)
[02/25/2026-14:55:32] [I] Average on 10 runs - GPU latency: 0.0977905 ms - Host latency: 0.0977905 ms (enqueue 0.0824341 ms)
[02/25/2026-14:55:32] [I] Average on 10 runs - GPU latency: 0.0975952 ms - Host latency: 0.0975952 ms (enqueue 0.0839355 ms)
[02/25/2026-14:55:32] [I] Average on 10 runs - GPU latency: 0.0958862 ms - Host latency: 0.0958862 ms (enqueue 0.080896 ms)
[02/25/2026-14:55:32] [I] Average on 10 runs - GPU latency: 0.0962524 ms - Host latency: 0.0962524 ms (enqueue 0.081311 ms)
[02/25/2026-14:55:32] [I] Average on 10 runs - GPU latency: 0.0955078 ms - Host latency: 0.0955078 ms (enqueue 0.0807495 ms)
[02/25/2026-14:55:32] [I] Average on 10 runs - GPU latency: 0.0982422 ms - Host latency: 0.0982422 ms (enqueue 0.0832031 ms)
[02/25/2026-14:55:32] [I] Average on 10 runs - GPU latency: 0.0950562 ms - Host latency: 0.0950562 ms (enqueue 0.0796509 ms)
[02/25/2026-14:55:32] [I] Average on 10 runs - GPU latency: 0.0959473 ms - Host latency: 0.0959473 ms (enqueue 0.08125 ms)
[02/25/2026-14:55:32] [I] Average on 10 runs - GPU latency: 0.0959106 ms - Host latency: 0.0959106 ms (enqueue 0.0807739 ms)
[02/25/2026-14:55:32] [I] Average on 10 runs - GPU latency: 0.0973999 ms - Host latency: 0.0973999 ms (enqueue 0.0810547 ms)
[02/25/2026-14:55:32] [I] Average on 10 runs - GPU latency: 0.0962524 ms - Host latency: 0.0962524 ms (enqueue 0.0803223 ms)
[02/25/2026-14:55:32] [I] Average on 10 runs - GPU latency: 0.0956787 ms - Host latency: 0.0956787 ms (enqueue 0.0811035 ms)
[02/25/2026-14:55:32] [I] Average on 10 runs - GPU latency: 0.0964478 ms - Host latency: 0.0964478 ms (enqueue 0.0810669 ms)
[02/25/2026-14:55:32] [I] Average on 10 runs - GPU latency: 0.0957642 ms - Host latency: 0.0957642 ms (enqueue 0.0818115 ms)
[02/25/2026-14:55:32] [I] Average on 10 runs - GPU latency: 0.0994873 ms - Host latency: 0.0994873 ms (enqueue 0.0827148 ms)
[02/25/2026-14:55:32] [I] Average on 10 runs - GPU latency: 0.0953003 ms - Host latency: 0.0953003 ms (enqueue 0.0809082 ms)
[02/25/2026-14:55:32] [I] Average on 10 runs - GPU latency: 0.095166 ms - Host latency: 0.095166 ms (enqueue 0.0799316 ms)
[02/25/2026-14:55:32] [I] Average on 10 runs - GPU latency: 0.094873 ms - Host latency: 0.094873 ms (enqueue 0.0799072 ms)
[02/25/2026-14:55:32] [I] Average on 10 runs - GPU latency: 0.0973755 ms - Host latency: 0.0973755 ms (enqueue 0.0836304 ms)
[02/25/2026-14:55:32] [I] Average on 10 runs - GPU latency: 0.0958252 ms - Host latency: 0.0958252 ms (enqueue 0.080542 ms)
[02/25/2026-14:55:32] [I] Average on 10 runs - GPU latency: 0.0982422 ms - Host latency: 0.0982422 ms (enqueue 0.0826294 ms)
[02/25/2026-14:55:32] [I] Average on 10 runs - GPU latency: 0.0969604 ms - Host latency: 0.0969604 ms (enqueue 0.0820435 ms)
[02/25/2026-14:55:32] [I] Average on 10 runs - GPU latency: 0.0983765 ms - Host latency: 0.0983765 ms (enqueue 0.083374 ms)
[02/25/2026-14:55:32] [I] Average on 10 runs - GPU latency: 0.095813 ms - Host latency: 0.095813 ms (enqueue 0.080542 ms)
[02/25/2026-14:55:32] [I] Average on 10 runs - GPU latency: 0.0941406 ms - Host latency: 0.0941406 ms (enqueue 0.0785156 ms)
[02/25/2026-14:55:32] [I] Average on 10 runs - GPU latency: 0.0947876 ms - Host latency: 0.0947876 ms (enqueue 0.0802979 ms)
[02/25/2026-14:55:32] [I] Average on 10 runs - GPU latency: 0.0980713 ms - Host latency: 0.0980713 ms (enqueue 0.0836914 ms)
[02/25/2026-14:55:32] [I] Average on 10 runs - GPU latency: 0.0961548 ms - Host latency: 0.0961548 ms (enqueue 0.0810425 ms)
[02/25/2026-14:55:32] [I] Average on 10 runs - GPU latency: 0.0954956 ms - Host latency: 0.0954956 ms (enqueue 0.0802612 ms)
[02/25/2026-14:55:32] [I] Average on 10 runs - GPU latency: 0.0957764 ms - Host latency: 0.0957764 ms (enqueue 0.0800293 ms)
[02/25/2026-14:55:32] [I] Average on 10 runs - GPU latency: 0.0996704 ms - Host latency: 0.0996704 ms (enqueue 0.0854126 ms)
[02/25/2026-14:55:32] [I] Average on 10 runs - GPU latency: 0.0984253 ms - Host latency: 0.0984253 ms (enqueue 0.0828247 ms)
[02/25/2026-14:55:32] [I] Average on 10 runs - GPU latency: 0.0961792 ms - Host latency: 0.0961792 ms (enqueue 0.0810669 ms)
[02/25/2026-14:55:32] [I] Average on 10 runs - GPU latency: 0.095874 ms - Host latency: 0.095874 ms (enqueue 0.0811768 ms)
[02/25/2026-14:55:32] [I] Average on 10 runs - GPU latency: 0.0998535 ms - Host latency: 0.0998535 ms (enqueue 0.0855225 ms)
[02/25/2026-14:55:32] [I] Average on 10 runs - GPU latency: 0.0964111 ms - Host latency: 0.0964111 ms (enqueue 0.0811401 ms)
[02/25/2026-14:55:32] [I] Average on 10 runs - GPU latency: 0.0968628 ms - Host latency: 0.0968628 ms (enqueue 0.0823853 ms)
[02/25/2026-14:55:32] [I] Average on 10 runs - GPU latency: 0.0972656 ms - Host latency: 0.0972656 ms (enqueue 0.082251 ms)
[02/25/2026-14:55:32] [I] Average on 10 runs - GPU latency: 0.0993042 ms - Host latency: 0.0993042 ms (enqueue 0.0848877 ms)
[02/25/2026-14:55:32] [I] Average on 10 runs - GPU latency: 0.0969849 ms - Host latency: 0.0969849 ms (enqueue 0.0818726 ms)
[02/25/2026-14:55:32] [I] Average on 10 runs - GPU latency: 0.0959106 ms - Host latency: 0.0959106 ms (enqueue 0.0804199 ms)
[02/25/2026-14:55:32] [I] Average on 10 runs - GPU latency: 0.0955566 ms - Host latency: 0.0955566 ms (enqueue 0.0807861 ms)
[02/25/2026-14:55:32] [I] Average on 10 runs - GPU latency: 0.0978516 ms - Host latency: 0.0978516 ms (enqueue 0.0834229 ms)
[02/25/2026-14:55:32] [I] Average on 10 runs - GPU latency: 0.0973755 ms - Host latency: 0.0973755 ms (enqueue 0.081604 ms)
[02/25/2026-14:55:32] [I] Average on 10 runs - GPU latency: 0.0957153 ms - Host latency: 0.0957153 ms (enqueue 0.0811157 ms)
[02/25/2026-14:55:32] [I] Average on 10 runs - GPU latency: 0.0964844 ms - Host latency: 0.0964844 ms (enqueue 0.0811157 ms)
[02/25/2026-14:55:32] [I] Average on 10 runs - GPU latency: 0.0972534 ms - Host latency: 0.0972534 ms (enqueue 0.0829468 ms)
[02/25/2026-14:55:32] [I] Average on 10 runs - GPU latency: 0.0951416 ms - Host latency: 0.0951416 ms (enqueue 0.0799927 ms)
[02/25/2026-14:55:32] [I] Average on 10 runs - GPU latency: 0.0948975 ms - Host latency: 0.0948975 ms (enqueue 0.0797363 ms)
[02/25/2026-14:55:32] [I] Average on 10 runs - GPU latency: 0.0953247 ms - Host latency: 0.0953247 ms (enqueue 0.0802002 ms)
[02/25/2026-14:55:32] [I] Average on 10 runs - GPU latency: 0.0965454 ms - Host latency: 0.0965454 ms (enqueue 0.0829834 ms)
[02/25/2026-14:55:32] [I] Average on 10 runs - GPU latency: 0.0954468 ms - Host latency: 0.0954468 ms (enqueue 0.080542 ms)
[02/25/2026-14:55:32] [I] Average on 10 runs - GPU latency: 0.0958984 ms - Host latency: 0.0958984 ms (enqueue 0.0806763 ms)
[02/25/2026-14:55:32] [I] Average on 10 runs - GPU latency: 0.0958374 ms - Host latency: 0.0958374 ms (enqueue 0.0807007 ms)
[02/25/2026-14:55:32] [I] Average on 10 runs - GPU latency: 0.101477 ms - Host latency: 0.101477 ms (enqueue 0.0851196 ms)
[02/25/2026-14:55:32] [I] Average on 10 runs - GPU latency: 0.0953735 ms - Host latency: 0.0953735 ms (enqueue 0.0804565 ms)
[02/25/2026-14:55:32] [I] Average on 10 runs - GPU latency: 0.095459 ms - Host latency: 0.095459 ms (enqueue 0.0809448 ms)
[02/25/2026-14:55:32] [I] Average on 10 runs - GPU latency: 0.0959351 ms - Host latency: 0.0959351 ms (enqueue 0.0808472 ms)
[02/25/2026-14:55:32] [I] Average on 10 runs - GPU latency: 0.0978272 ms - Host latency: 0.0978272 ms (enqueue 0.0822388 ms)
[02/25/2026-14:55:32] [I] Average on 10 runs - GPU latency: 0.095813 ms - Host latency: 0.095813 ms (enqueue 0.0805664 ms)
[02/25/2026-14:55:32] [I] Average on 10 runs - GPU latency: 0.0942261 ms - Host latency: 0.0942261 ms (enqueue 0.0799439 ms)
[02/25/2026-14:55:32] [I] Average on 10 runs - GPU latency: 0.0951416 ms - Host latency: 0.0951416 ms (enqueue 0.0797485 ms)
[02/25/2026-14:55:32] [I] Average on 10 runs - GPU latency: 0.0967407 ms - Host latency: 0.0967407 ms (enqueue 0.0810669 ms)
[02/25/2026-14:55:32] [I] Average on 10 runs - GPU latency: 0.0960693 ms - Host latency: 0.0960693 ms (enqueue 0.0801514 ms)
[02/25/2026-14:55:32] [I] Average on 10 runs - GPU latency: 0.0947144 ms - Host latency: 0.0947144 ms (enqueue 0.0801025 ms)
[02/25/2026-14:55:32] [I] Average on 10 runs - GPU latency: 0.0966431 ms - Host latency: 0.0966431 ms (enqueue 0.0812744 ms)
[02/25/2026-14:55:32] [I] Average on 10 runs - GPU latency: 0.0982056 ms - Host latency: 0.0982056 ms (enqueue 0.0826782 ms)
[02/25/2026-14:55:32] [I] Average on 10 runs - GPU latency: 0.0944214 ms - Host latency: 0.0944214 ms (enqueue 0.0783813 ms)
[02/25/2026-14:55:32] [I] Average on 10 runs - GPU latency: 0.0942505 ms - Host latency: 0.0942505 ms (enqueue 0.0803955 ms)
[02/25/2026-14:55:32] [I] Average on 10 runs - GPU latency: 0.0950073 ms - Host latency: 0.0950073 ms (enqueue 0.0801147 ms)
[02/25/2026-14:55:32] [I] Average on 10 runs - GPU latency: 0.0958496 ms - Host latency: 0.0958496 ms (enqueue 0.080603 ms)
[02/25/2026-14:55:32] [I] Average on 10 runs - GPU latency: 0.0967896 ms - Host latency: 0.0967896 ms (enqueue 0.0814209 ms)
[02/25/2026-14:55:32] [I] Average on 10 runs - GPU latency: 0.0967773 ms - Host latency: 0.0967773 ms (enqueue 0.0818848 ms)
[02/25/2026-14:55:32] [I] Average on 10 runs - GPU latency: 0.0957642 ms - Host latency: 0.0957642 ms (enqueue 0.0807129 ms)
[02/25/2026-14:55:32] [I] Average on 10 runs - GPU latency: 0.0974853 ms - Host latency: 0.0974853 ms (enqueue 0.0835571 ms)
[02/25/2026-14:55:32] [I] Average on 10 runs - GPU latency: 0.096875 ms - Host latency: 0.096875 ms (enqueue 0.0811646 ms)
[02/25/2026-14:55:32] [I] Average on 10 runs - GPU latency: 0.0956177 ms - Host latency: 0.0956177 ms (enqueue 0.0805298 ms)
[02/25/2026-14:55:32] [I] Average on 10 runs - GPU latency: 0.0960693 ms - Host latency: 0.0960693 ms (enqueue 0.0801025 ms)
[02/25/2026-14:55:32] [I] Average on 10 runs - GPU latency: 0.0950439 ms - Host latency: 0.0950439 ms (enqueue 0.0809082 ms)
[02/25/2026-14:55:32] [I] Average on 10 runs - GPU latency: 0.0984741 ms - Host latency: 0.0984741 ms (enqueue 0.0831299 ms)
[02/25/2026-14:55:32] [I] Average on 10 runs - GPU latency: 0.0955322 ms - Host latency: 0.0955322 ms (enqueue 0.0802856 ms)
[02/25/2026-14:55:32] [I] Average on 10 runs - GPU latency: 0.0958618 ms - Host latency: 0.0958618 ms (enqueue 0.0809814 ms)
[02/25/2026-14:55:32] [I] Average on 10 runs - GPU latency: 0.0952759 ms - Host latency: 0.0952759 ms (enqueue 0.0804932 ms)
[02/25/2026-14:55:32] [I] Average on 10 runs - GPU latency: 0.0985596 ms - Host latency: 0.0985596 ms (enqueue 0.082605 ms)
[02/25/2026-14:55:32] [I] Average on 10 runs - GPU latency: 0.0966431 ms - Host latency: 0.0966431 ms (enqueue 0.0815186 ms)
[02/25/2026-14:55:32] [I] Average on 10 runs - GPU latency: 0.0957153 ms - Host latency: 0.0957153 ms (enqueue 0.0806519 ms)
[02/25/2026-14:55:32] [I] Average on 10 runs - GPU latency: 0.0950928 ms - Host latency: 0.0950928 ms (enqueue 0.0795044 ms)
[02/25/2026-14:55:32] [I] Average on 10 runs - GPU latency: 0.0971191 ms - Host latency: 0.0971191 ms (enqueue 0.0832397 ms)
[02/25/2026-14:55:32] [I] Average on 10 runs - GPU latency: 0.0980103 ms - Host latency: 0.0980103 ms (enqueue 0.0821777 ms)
[02/25/2026-14:55:32] [I] Average on 10 runs - GPU latency: 0.0957397 ms - Host latency: 0.0957397 ms (enqueue 0.0806885 ms)
[02/25/2026-14:55:32] [I] Average on 10 runs - GPU latency: 0.095874 ms - Host latency: 0.095874 ms (enqueue 0.0814575 ms)
[02/25/2026-14:55:32] [I] Average on 10 runs - GPU latency: 0.0996094 ms - Host latency: 0.0996094 ms (enqueue 0.0827515 ms)
[02/25/2026-14:55:32] [I] Average on 10 runs - GPU latency: 0.0954346 ms - Host latency: 0.0954346 ms (enqueue 0.0801514 ms)
[02/25/2026-14:55:32] [I] Average on 10 runs - GPU latency: 0.0953003 ms - Host latency: 0.0953003 ms (enqueue 0.0809448 ms)
[02/25/2026-14:55:32] [I] Average on 10 runs - GPU latency: 0.0955444 ms - Host latency: 0.0955444 ms (enqueue 0.0809448 ms)
[02/25/2026-14:55:32] [I] Average on 10 runs - GPU latency: 0.0976685 ms - Host latency: 0.0976685 ms (enqueue 0.0830811 ms)
[02/25/2026-14:55:32] [I] Average on 10 runs - GPU latency: 0.0950073 ms - Host latency: 0.0950073 ms (enqueue 0.0804321 ms)
[02/25/2026-14:55:32] [I] Average on 10 runs - GPU latency: 0.0961426 ms - Host latency: 0.0961426 ms (enqueue 0.081189 ms)
[02/25/2026-14:55:32] [I] Average on 10 runs - GPU latency: 0.0959839 ms - Host latency: 0.0959839 ms (enqueue 0.0811523 ms)
[02/25/2026-14:55:32] [I] Average on 10 runs - GPU latency: 0.0980713 ms - Host latency: 0.0980713 ms (enqueue 0.0835083 ms)
[02/25/2026-14:55:32] [I] Average on 10 runs - GPU latency: 0.0958862 ms - Host latency: 0.0958862 ms (enqueue 0.0802246 ms)
[02/25/2026-14:55:32] [I] Average on 10 runs - GPU latency: 0.0954346 ms - Host latency: 0.0954346 ms (enqueue 0.0809937 ms)
[02/25/2026-14:55:32] [I] Average on 10 runs - GPU latency: 0.096521 ms - Host latency: 0.096521 ms (enqueue 0.081189 ms)
[02/25/2026-14:55:32] [I] Average on 10 runs - GPU latency: 0.0986328 ms - Host latency: 0.0986328 ms (enqueue 0.0831909 ms)
[02/25/2026-14:55:32] [I] Average on 10 runs - GPU latency: 0.0958008 ms - Host latency: 0.0958008 ms (enqueue 0.0812134 ms)
[02/25/2026-14:55:32] [I] Average on 10 runs - GPU latency: 0.0957153 ms - Host latency: 0.0957153 ms (enqueue 0.0806152 ms)
[02/25/2026-14:55:32] [I] Average on 10 runs - GPU latency: 0.0950562 ms - Host latency: 0.0950562 ms (enqueue 0.0802246 ms)
[02/25/2026-14:55:32] [I] Average on 10 runs - GPU latency: 0.0998779 ms - Host latency: 0.0998779 ms (enqueue 0.0840332 ms)
[02/25/2026-14:55:32] [I] Average on 10 runs - GPU latency: 0.0966797 ms - Host latency: 0.0966797 ms (enqueue 0.08125 ms)
[02/25/2026-14:55:32] [I] Average on 10 runs - GPU latency: 0.0963623 ms - Host latency: 0.0963623 ms (enqueue 0.0814941 ms)
[02/25/2026-14:55:32] [I] Average on 10 runs - GPU latency: 0.0953857 ms - Host latency: 0.0953857 ms (enqueue 0.0802002 ms)
[02/25/2026-14:55:32] [I] Average on 10 runs - GPU latency: 0.0994629 ms - Host latency: 0.0994629 ms (enqueue 0.0840698 ms)
[02/25/2026-14:55:32] [I] Average on 10 runs - GPU latency: 0.0950806 ms - Host latency: 0.0950806 ms (enqueue 0.0806641 ms)
[02/25/2026-14:55:32] [I] Average on 10 runs - GPU latency: 0.0968994 ms - Host latency: 0.0968994 ms (enqueue 0.081604 ms)
[02/25/2026-14:55:32] [I] Average on 10 runs - GPU latency: 0.0960327 ms - Host latency: 0.0960327 ms (enqueue 0.081543 ms)
[02/25/2026-14:55:32] [I] Average on 10 runs - GPU latency: 0.0979004 ms - Host latency: 0.0979004 ms (enqueue 0.0831055 ms)
[02/25/2026-14:55:32] [I] Average on 10 runs - GPU latency: 0.0946411 ms - Host latency: 0.0946411 ms (enqueue 0.0794189 ms)
[02/25/2026-14:55:32] [I] Average on 10 runs - GPU latency: 0.0946899 ms - Host latency: 0.0946899 ms (enqueue 0.0801025 ms)
[02/25/2026-14:55:32] [I] Average on 10 runs - GPU latency: 0.0963501 ms - Host latency: 0.0963501 ms (enqueue 0.0812866 ms)
[02/25/2026-14:55:32] [I] Average on 10 runs - GPU latency: 0.0979858 ms - Host latency: 0.0979858 ms (enqueue 0.0833252 ms)
[02/25/2026-14:55:32] [I] Average on 10 runs - GPU latency: 0.0945435 ms - Host latency: 0.0945435 ms (enqueue 0.0797607 ms)
[02/25/2026-14:55:32] [I] Average on 10 runs - GPU latency: 0.0963135 ms - Host latency: 0.0963135 ms (enqueue 0.080957 ms)
[02/25/2026-14:55:32] [I] Average on 10 runs - GPU latency: 0.0973511 ms - Host latency: 0.0973511 ms (enqueue 0.0809814 ms)
[02/25/2026-14:55:32] [I] Average on 10 runs - GPU latency: 0.0979858 ms - Host latency: 0.0979858 ms (enqueue 0.0831299 ms)
[02/25/2026-14:55:32] [I] Average on 10 runs - GPU latency: 0.0969116 ms - Host latency: 0.0969116 ms (enqueue 0.0819092 ms)
[02/25/2026-14:55:32] [I] Average on 10 runs - GPU latency: 0.0957397 ms - Host latency: 0.0957397 ms (enqueue 0.0804565 ms)
[02/25/2026-14:55:32] [I] Average on 10 runs - GPU latency: 0.0961304 ms - Host latency: 0.0961304 ms (enqueue 0.081604 ms)
[02/25/2026-14:55:32] [I] Average on 10 runs - GPU latency: 0.0977173 ms - Host latency: 0.0977173 ms (enqueue 0.082605 ms)
[02/25/2026-14:55:32] [I] Average on 10 runs - GPU latency: 0.0955566 ms - Host latency: 0.0955566 ms (enqueue 0.0807129 ms)
[02/25/2026-14:55:32] [I] Average on 10 runs - GPU latency: 0.0964355 ms - Host latency: 0.0964355 ms (enqueue 0.0814697 ms)
[02/25/2026-14:55:32] [I] Average on 10 runs - GPU latency: 0.0956909 ms - Host latency: 0.0956909 ms (enqueue 0.0810791 ms)
[02/25/2026-14:55:32] [I] Average on 10 runs - GPU latency: 0.0974365 ms - Host latency: 0.0974365 ms (enqueue 0.0831055 ms)
[02/25/2026-14:55:32] [I] Average on 10 runs - GPU latency: 0.0960938 ms - Host latency: 0.0960938 ms (enqueue 0.0806885 ms)
[02/25/2026-14:55:32] [I] Average on 10 runs - GPU latency: 0.0959106 ms - Host latency: 0.0959106 ms (enqueue 0.0809448 ms)
[02/25/2026-14:55:32] [I] Average on 10 runs - GPU latency: 0.0968018 ms - Host latency: 0.0968018 ms (enqueue 0.0813843 ms)
[02/25/2026-14:55:32] [I] Average on 10 runs - GPU latency: 0.0959961 ms - Host latency: 0.0959961 ms (enqueue 0.0818359 ms)
[02/25/2026-14:55:32] [I] Average on 10 runs - GPU latency: 0.0965332 ms - Host latency: 0.0965332 ms (enqueue 0.0799194 ms)
[02/25/2026-14:55:32] [I] Average on 10 runs - GPU latency: 0.0951416 ms - Host latency: 0.0951416 ms (enqueue 0.0806763 ms)
[02/25/2026-14:55:32] [I] Average on 10 runs - GPU latency: 0.0957764 ms - Host latency: 0.0957764 ms (enqueue 0.0806396 ms)
[02/25/2026-14:55:32] [I] Average on 10 runs - GPU latency: 0.0956665 ms - Host latency: 0.0956665 ms (enqueue 0.0802002 ms)
[02/25/2026-14:55:32] [I] Average on 10 runs - GPU latency: 0.0987915 ms - Host latency: 0.0987915 ms (enqueue 0.0838501 ms)
[02/25/2026-14:55:32] [I] Average on 10 runs - GPU latency: 0.0958984 ms - Host latency: 0.0958984 ms (enqueue 0.0806763 ms)
[02/25/2026-14:55:32] [I] Average on 10 runs - GPU latency: 0.094165 ms - Host latency: 0.094165 ms (enqueue 0.0801147 ms)
[02/25/2026-14:55:32] [I] Average on 10 runs - GPU latency: 0.0952515 ms - Host latency: 0.0952515 ms (enqueue 0.0796143 ms)
[02/25/2026-14:55:32] [I] Average on 10 runs - GPU latency: 0.100134 ms - Host latency: 0.100134 ms (enqueue 0.0837646 ms)
[02/25/2026-14:55:32] [I] Average on 10 runs - GPU latency: 0.0972534 ms - Host latency: 0.0972534 ms (enqueue 0.0815918 ms)
[02/25/2026-14:55:32] [I] Average on 10 runs - GPU latency: 0.0960693 ms - Host latency: 0.0960693 ms (enqueue 0.0812256 ms)
[02/25/2026-14:55:32] [I] Average on 10 runs - GPU latency: 0.0962646 ms - Host latency: 0.0962646 ms (enqueue 0.0804321 ms)
[02/25/2026-14:55:32] [I] Average on 10 runs - GPU latency: 0.098645 ms - Host latency: 0.098645 ms (enqueue 0.0835205 ms)
[02/25/2026-14:55:32] [I] Average on 10 runs - GPU latency: 0.0950806 ms - Host latency: 0.0950806 ms (enqueue 0.0798096 ms)
[02/25/2026-14:55:32] [I] Average on 10 runs - GPU latency: 0.0974487 ms - Host latency: 0.0974487 ms (enqueue 0.0828125 ms)
[02/25/2026-14:55:32] [I] Average on 10 runs - GPU latency: 0.0947144 ms - Host latency: 0.0947144 ms (enqueue 0.0798706 ms)
[02/25/2026-14:55:32] [I] Average on 10 runs - GPU latency: 0.0978027 ms - Host latency: 0.0978027 ms (enqueue 0.0820435 ms)
[02/25/2026-14:55:32] [I] Average on 10 runs - GPU latency: 0.0957764 ms - Host latency: 0.0957764 ms (enqueue 0.0805786 ms)
[02/25/2026-14:55:32] [I] Average on 10 runs - GPU latency: 0.0957397 ms - Host latency: 0.0957397 ms (enqueue 0.0801392 ms)
[02/25/2026-14:55:32] [I] Average on 10 runs - GPU latency: 0.0961914 ms - Host latency: 0.0961914 ms (enqueue 0.0816162 ms)
[02/25/2026-14:55:32] [I] Average on 10 runs - GPU latency: 0.0998535 ms - Host latency: 0.0998535 ms (enqueue 0.085144 ms)
[02/25/2026-14:55:32] [I] Average on 10 runs - GPU latency: 0.0987061 ms - Host latency: 0.0987061 ms (enqueue 0.0830811 ms)
[02/25/2026-14:55:32] [I] Average on 10 runs - GPU latency: 0.0957886 ms - Host latency: 0.0957886 ms (enqueue 0.0815918 ms)
[02/25/2026-14:55:32] [I] Average on 10 runs - GPU latency: 0.0949097 ms - Host latency: 0.0949097 ms (enqueue 0.0793701 ms)
[02/25/2026-14:55:32] [I] Average on 10 runs - GPU latency: 0.0985962 ms - Host latency: 0.0985962 ms (enqueue 0.0828491 ms)
[02/25/2026-14:55:32] [I] Average on 10 runs - GPU latency: 0.0956787 ms - Host latency: 0.0956787 ms (enqueue 0.0805786 ms)
[02/25/2026-14:55:32] [I] Average on 10 runs - GPU latency: 0.0950195 ms - Host latency: 0.0950195 ms (enqueue 0.080127 ms)
[02/25/2026-14:55:32] [I] Average on 10 runs - GPU latency: 0.0968994 ms - Host latency: 0.0968994 ms (enqueue 0.081543 ms)
[02/25/2026-14:55:32] [I] Average on 10 runs - GPU latency: 0.0969971 ms - Host latency: 0.0969971 ms (enqueue 0.0832153 ms)
[02/25/2026-14:55:32] [I] Average on 10 runs - GPU latency: 0.0960205 ms - Host latency: 0.0960205 ms (enqueue 0.0810791 ms)
[02/25/2026-14:55:32] [I] Average on 10 runs - GPU latency: 0.0960083 ms - Host latency: 0.0960083 ms (enqueue 0.0805908 ms)
[02/25/2026-14:55:32] [I] Average on 10 runs - GPU latency: 0.0946167 ms - Host latency: 0.0946167 ms (enqueue 0.0796143 ms)
[02/25/2026-14:55:32] [I] Average on 10 runs - GPU latency: 0.0988281 ms - Host latency: 0.0988281 ms (enqueue 0.0828369 ms)
[02/25/2026-14:55:32] [I] Average on 10 runs - GPU latency: 0.095813 ms - Host latency: 0.095813 ms (enqueue 0.0804565 ms)
[02/25/2026-14:55:32] [I] Average on 10 runs - GPU latency: 0.0953003 ms - Host latency: 0.0953003 ms (enqueue 0.0803589 ms)
[02/25/2026-14:55:32] [I] Average on 10 runs - GPU latency: 0.0954956 ms - Host latency: 0.0954956 ms (enqueue 0.0804688 ms)
[02/25/2026-14:55:32] [I] Average on 10 runs - GPU latency: 0.0983765 ms - Host latency: 0.0983765 ms (enqueue 0.0834106 ms)
[02/25/2026-14:55:32] [I] Average on 10 runs - GPU latency: 0.0962524 ms - Host latency: 0.0962524 ms (enqueue 0.0812378 ms)
[02/25/2026-14:55:32] [I] Average on 10 runs - GPU latency: 0.0955322 ms - Host latency: 0.0955322 ms (enqueue 0.0810303 ms)
[02/25/2026-14:55:32] [I] Average on 10 runs - GPU latency: 0.0956177 ms - Host latency: 0.0956177 ms (enqueue 0.0803223 ms)
[02/25/2026-14:55:32] [I] Average on 10 runs - GPU latency: 0.0979736 ms - Host latency: 0.0979736 ms (enqueue 0.0835449 ms)
[02/25/2026-14:55:32] [I] Average on 10 runs - GPU latency: 0.0964722 ms - Host latency: 0.0964722 ms (enqueue 0.0817993 ms)
[02/25/2026-14:55:32] [I] Average on 10 runs - GPU latency: 0.0950806 ms - Host latency: 0.0950806 ms (enqueue 0.0800781 ms)
[02/25/2026-14:55:32] [I] Average on 10 runs - GPU latency: 0.096814 ms - Host latency: 0.096814 ms (enqueue 0.0811401 ms)
[02/25/2026-14:55:32] [I] Average on 10 runs - GPU latency: 0.0979126 ms - Host latency: 0.0979126 ms (enqueue 0.0826782 ms)
[02/25/2026-14:55:32] [I] Average on 10 runs - GPU latency: 0.0955933 ms - Host latency: 0.0955933 ms (enqueue 0.0802002 ms)
[02/25/2026-14:55:32] [I] Average on 10 runs - GPU latency: 0.0950439 ms - Host latency: 0.0950439 ms (enqueue 0.0801636 ms)
[02/25/2026-14:55:32] [I] Average on 10 runs - GPU latency: 0.0947388 ms - Host latency: 0.0947388 ms (enqueue 0.0800537 ms)
[02/25/2026-14:55:32] [I] Average on 10 runs - GPU latency: 0.0972168 ms - Host latency: 0.0972168 ms (enqueue 0.0821045 ms)
[02/25/2026-14:55:32] [I] Average on 10 runs - GPU latency: 0.0961182 ms - Host latency: 0.0961182 ms (enqueue 0.0814331 ms)
[02/25/2026-14:55:32] [I] Average on 10 runs - GPU latency: 0.0950806 ms - Host latency: 0.0950806 ms (enqueue 0.0799072 ms)
[02/25/2026-14:55:32] [I] Average on 10 runs - GPU latency: 0.0959473 ms - Host latency: 0.0959473 ms (enqueue 0.0811768 ms)
[02/25/2026-14:55:32] [I] Average on 10 runs - GPU latency: 0.0987305 ms - Host latency: 0.0987305 ms (enqueue 0.0840698 ms)
[02/25/2026-14:55:32] [I] Average on 10 runs - GPU latency: 0.0959717 ms - Host latency: 0.0959717 ms (enqueue 0.0807617 ms)
[02/25/2026-14:55:32] [I] Average on 10 runs - GPU latency: 0.0953735 ms - Host latency: 0.0953735 ms (enqueue 0.0806519 ms)
[02/25/2026-14:55:32] [I] Average on 10 runs - GPU latency: 0.0967407 ms - Host latency: 0.0967407 ms (enqueue 0.0809326 ms)
[02/25/2026-14:55:32] [I] Average on 10 runs - GPU latency: 0.096936 ms - Host latency: 0.096936 ms (enqueue 0.0828491 ms)
[02/25/2026-14:55:32] [I] Average on 10 runs - GPU latency: 0.0973267 ms - Host latency: 0.0973267 ms (enqueue 0.0822144 ms)
[02/25/2026-14:55:32] [I] Average on 10 runs - GPU latency: 0.0957153 ms - Host latency: 0.0957153 ms (enqueue 0.0811646 ms)
[02/25/2026-14:55:32] [I] Average on 10 runs - GPU latency: 0.0977539 ms - Host latency: 0.0977539 ms (enqueue 0.0826294 ms)
[02/25/2026-14:55:32] [I] Average on 10 runs - GPU latency: 0.0982788 ms - Host latency: 0.0982788 ms (enqueue 0.0821777 ms)
[02/25/2026-14:55:32] [I] Average on 10 runs - GPU latency: 0.0969849 ms - Host latency: 0.0969849 ms (enqueue 0.0812988 ms)
[02/25/2026-14:55:32] [I] Average on 10 runs - GPU latency: 0.0971191 ms - Host latency: 0.0971191 ms (enqueue 0.0817505 ms)
[02/25/2026-14:55:32] [I] Average on 10 runs - GPU latency: 0.0975098 ms - Host latency: 0.0975098 ms (enqueue 0.0828003 ms)
[02/25/2026-14:55:32] [I] Average on 10 runs - GPU latency: 0.096167 ms - Host latency: 0.096167 ms (enqueue 0.0834961 ms)
[02/25/2026-14:55:32] [I] Average on 10 runs - GPU latency: 0.098877 ms - Host latency: 0.098877 ms (enqueue 0.0829224 ms)
[02/25/2026-14:55:32] [I] Average on 10 runs - GPU latency: 0.0971558 ms - Host latency: 0.0971558 ms (enqueue 0.0818726 ms)
[02/25/2026-14:55:32] [I] Average on 10 runs - GPU latency: 0.0958618 ms - Host latency: 0.0958618 ms (enqueue 0.0812622 ms)
[02/25/2026-14:55:32] [I] Average on 10 runs - GPU latency: 0.0955566 ms - Host latency: 0.0955566 ms (enqueue 0.0821045 ms)
[02/25/2026-14:55:32] [I] Average on 10 runs - GPU latency: 0.0981445 ms - Host latency: 0.0981445 ms (enqueue 0.0819946 ms)
[02/25/2026-14:55:32] [I] Average on 10 runs - GPU latency: 0.0965332 ms - Host latency: 0.0965332 ms (enqueue 0.081604 ms)
[02/25/2026-14:55:32] [I] Average on 10 runs - GPU latency: 0.0952637 ms - Host latency: 0.0952637 ms (enqueue 0.0805542 ms)
[02/25/2026-14:55:32] [I] Average on 10 runs - GPU latency: 0.0964111 ms - Host latency: 0.0964111 ms (enqueue 0.0818726 ms)
[02/25/2026-14:55:32] [I] Average on 10 runs - GPU latency: 0.0989746 ms - Host latency: 0.0989746 ms (enqueue 0.0834473 ms)
[02/25/2026-14:55:32] [I] Average on 10 runs - GPU latency: 0.0966553 ms - Host latency: 0.0966553 ms (enqueue 0.0818115 ms)
[02/25/2026-14:55:32] [I] Average on 10 runs - GPU latency: 0.097937 ms - Host latency: 0.097937 ms (enqueue 0.0827393 ms)
[02/25/2026-14:55:32] [I] Average on 10 runs - GPU latency: 0.0957764 ms - Host latency: 0.0957764 ms (enqueue 0.0812866 ms)
[02/25/2026-14:55:32] [I] Average on 10 runs - GPU latency: 0.0999023 ms - Host latency: 0.0999023 ms (enqueue 0.0846313 ms)
[02/25/2026-14:55:32] [I] Average on 10 runs - GPU latency: 0.09729 ms - Host latency: 0.09729 ms (enqueue 0.0820312 ms)
[02/25/2026-14:55:32] [I] Average on 10 runs - GPU latency: 0.0983276 ms - Host latency: 0.0983276 ms (enqueue 0.083667 ms)
[02/25/2026-14:55:32] [I] Average on 10 runs - GPU latency: 0.0973877 ms - Host latency: 0.0973877 ms (enqueue 0.0822144 ms)
[02/25/2026-14:55:32] [I] Average on 10 runs - GPU latency: 0.0978516 ms - Host latency: 0.0978516 ms (enqueue 0.083252 ms)
[02/25/2026-14:55:32] [I] Average on 10 runs - GPU latency: 0.096106 ms - Host latency: 0.096106 ms (enqueue 0.0811401 ms)
[02/25/2026-14:55:32] [I] Average on 10 runs - GPU latency: 0.0964355 ms - Host latency: 0.0964355 ms (enqueue 0.0812622 ms)
[02/25/2026-14:55:32] [I] Average on 10 runs - GPU latency: 0.0974365 ms - Host latency: 0.0974365 ms (enqueue 0.0828979 ms)
[02/25/2026-14:55:32] [I] Average on 10 runs - GPU latency: 0.0985107 ms - Host latency: 0.0985107 ms (enqueue 0.0837891 ms)
[02/25/2026-14:55:32] [I] Average on 10 runs - GPU latency: 0.0964966 ms - Host latency: 0.0964966 ms (enqueue 0.0804932 ms)
[02/25/2026-14:55:32] [I] Average on 10 runs - GPU latency: 0.0947876 ms - Host latency: 0.0947876 ms (enqueue 0.0802002 ms)
[02/25/2026-14:55:32] [I] Average on 10 runs - GPU latency: 0.0954956 ms - Host latency: 0.0954956 ms (enqueue 0.0806396 ms)
[02/25/2026-14:55:32] [I] Average on 10 runs - GPU latency: 0.101306 ms - Host latency: 0.101306 ms (enqueue 0.0864502 ms)
[02/25/2026-14:55:32] [I] Average on 10 runs - GPU latency: 0.0956909 ms - Host latency: 0.0956909 ms (enqueue 0.0809082 ms)
[02/25/2026-14:55:32] [I] Average on 10 runs - GPU latency: 0.096582 ms - Host latency: 0.096582 ms (enqueue 0.0812256 ms)
[02/25/2026-14:55:32] [I] Average on 10 runs - GPU latency: 0.0970215 ms - Host latency: 0.0970215 ms (enqueue 0.0817017 ms)
[02/25/2026-14:55:32] [I] Average on 10 runs - GPU latency: 0.0971069 ms - Host latency: 0.0971069 ms (enqueue 0.082959 ms)
[02/25/2026-14:55:32] [I] Average on 10 runs - GPU latency: 0.0959473 ms - Host latency: 0.0959473 ms (enqueue 0.0812012 ms)
[02/25/2026-14:55:32] [I] Average on 10 runs - GPU latency: 0.096521 ms - Host latency: 0.096521 ms (enqueue 0.081604 ms)
[02/25/2026-14:55:32] [I] Average on 10 runs - GPU latency: 0.0968262 ms - Host latency: 0.0968262 ms (enqueue 0.0815918 ms)
[02/25/2026-14:55:32] [I] Average on 10 runs - GPU latency: 0.098999 ms - Host latency: 0.098999 ms (enqueue 0.0835693 ms)
[02/25/2026-14:55:32] [I] Average on 10 runs - GPU latency: 0.095752 ms - Host latency: 0.095752 ms (enqueue 0.0813965 ms)
[02/25/2026-14:55:32] [I] Average on 10 runs - GPU latency: 0.0966431 ms - Host latency: 0.0966431 ms (enqueue 0.0819824 ms)
[02/25/2026-14:55:32] [I] Average on 10 runs - GPU latency: 0.096936 ms - Host latency: 0.096936 ms (enqueue 0.0811646 ms)
[02/25/2026-14:55:32] [I] Average on 10 runs - GPU latency: 0.0987427 ms - Host latency: 0.0987427 ms (enqueue 0.0847656 ms)
[02/25/2026-14:55:32] [I] Average on 10 runs - GPU latency: 0.0959351 ms - Host latency: 0.0959351 ms (enqueue 0.0804932 ms)
[02/25/2026-14:55:32] [I] Average on 10 runs - GPU latency: 0.0961426 ms - Host latency: 0.0961426 ms (enqueue 0.0809937 ms)
[02/25/2026-14:55:32] [I] Average on 10 runs - GPU latency: 0.0959351 ms - Host latency: 0.0959351 ms (enqueue 0.0820679 ms)
[02/25/2026-14:55:32] [I] Average on 10 runs - GPU latency: 0.0998779 ms - Host latency: 0.0998779 ms (enqueue 0.08302 ms)
[02/25/2026-14:55:32] [I] Average on 10 runs - GPU latency: 0.0961426 ms - Host latency: 0.0961426 ms (enqueue 0.0814819 ms)
[02/25/2026-14:55:32] [I] Average on 10 runs - GPU latency: 0.0968628 ms - Host latency: 0.0968628 ms (enqueue 0.0821167 ms)
[02/25/2026-14:55:32] [I] Average on 10 runs - GPU latency: 0.0959106 ms - Host latency: 0.0959106 ms (enqueue 0.0812622 ms)
[02/25/2026-14:55:32] [I] Average on 10 runs - GPU latency: 0.0981567 ms - Host latency: 0.0981567 ms (enqueue 0.0838501 ms)
[02/25/2026-14:55:32] [I] Average on 10 runs - GPU latency: 0.0974365 ms - Host latency: 0.0974365 ms (enqueue 0.0820557 ms)
[02/25/2026-14:55:32] [I] Average on 10 runs - GPU latency: 0.0989014 ms - Host latency: 0.0989014 ms (enqueue 0.0838745 ms)
[02/25/2026-14:55:32] [I] Average on 10 runs - GPU latency: 0.0975342 ms - Host latency: 0.0975342 ms (enqueue 0.0819336 ms)
[02/25/2026-14:55:32] [I] Average on 10 runs - GPU latency: 0.0998901 ms - Host latency: 0.0998901 ms (enqueue 0.0854492 ms)
[02/25/2026-14:55:32] [I] Average on 10 runs - GPU latency: 0.0978027 ms - Host latency: 0.0978027 ms (enqueue 0.082373 ms)
[02/25/2026-14:55:32] [I] Average on 10 runs - GPU latency: 0.0967163 ms - Host latency: 0.0967163 ms (enqueue 0.081604 ms)
[02/25/2026-14:55:32] [I] Average on 10 runs - GPU latency: 0.0963867 ms - Host latency: 0.0963867 ms (enqueue 0.0816162 ms)
[02/25/2026-14:55:32] [I] Average on 10 runs - GPU latency: 0.0975952 ms - Host latency: 0.0975952 ms (enqueue 0.0838989 ms)
[02/25/2026-14:55:32] [I] Average on 10 runs - GPU latency: 0.0964478 ms - Host latency: 0.0964478 ms (enqueue 0.0815063 ms)
[02/25/2026-14:55:32] [I] Average on 10 runs - GPU latency: 0.0964844 ms - Host latency: 0.0964844 ms (enqueue 0.0815186 ms)
[02/25/2026-14:55:32] [I] Average on 10 runs - GPU latency: 0.0969727 ms - Host latency: 0.0969727 ms (enqueue 0.0822876 ms)
[02/25/2026-14:55:32] [I] Average on 10 runs - GPU latency: 0.0991089 ms - Host latency: 0.0991089 ms (enqueue 0.0843628 ms)
[02/25/2026-14:55:32] [I] Average on 10 runs - GPU latency: 0.0955078 ms - Host latency: 0.0955078 ms (enqueue 0.0804565 ms)
[02/25/2026-14:55:32] [I] Average on 10 runs - GPU latency: 0.095874 ms - Host latency: 0.095874 ms (enqueue 0.0805908 ms)
[02/25/2026-14:55:32] [I] Average on 10 runs - GPU latency: 0.09646 ms - Host latency: 0.09646 ms (enqueue 0.0815186 ms)
[02/25/2026-14:55:32] [I] Average on 10 runs - GPU latency: 0.0985352 ms - Host latency: 0.0985352 ms (enqueue 0.0837891 ms)
[02/25/2026-14:55:32] [I] Average on 10 runs - GPU latency: 0.0998657 ms - Host latency: 0.0998657 ms (enqueue 0.0847412 ms)
[02/25/2026-14:55:32] [I] Average on 10 runs - GPU latency: 0.0959473 ms - Host latency: 0.0959473 ms (enqueue 0.0806274 ms)
[02/25/2026-14:55:32] [I] Average on 10 runs - GPU latency: 0.0973022 ms - Host latency: 0.0973022 ms (enqueue 0.0821899 ms)
[02/25/2026-14:55:32] [I] Average on 10 runs - GPU latency: 0.0984497 ms - Host latency: 0.0984497 ms (enqueue 0.0834106 ms)
[02/25/2026-14:55:32] [I] Average on 10 runs - GPU latency: 0.0953613 ms - Host latency: 0.0953613 ms (enqueue 0.0806274 ms)
[02/25/2026-14:55:32] [I] Average on 10 runs - GPU latency: 0.0953369 ms - Host latency: 0.0953369 ms (enqueue 0.0799439 ms)
[02/25/2026-14:55:32] [I] Average on 10 runs - GPU latency: 0.0968018 ms - Host latency: 0.0968018 ms (enqueue 0.0815186 ms)
[02/25/2026-14:55:32] [I] Average on 10 runs - GPU latency: 0.0981201 ms - Host latency: 0.0981201 ms (enqueue 0.0839111 ms)
[02/25/2026-14:55:32] [I] Average on 10 runs - GPU latency: 0.0999268 ms - Host latency: 0.0999268 ms (enqueue 0.0838379 ms)
[02/25/2026-14:55:32] [I] Average on 10 runs - GPU latency: 0.0974976 ms - Host latency: 0.0974976 ms (enqueue 0.0819214 ms)
[02/25/2026-14:55:32] [I] Average on 10 runs - GPU latency: 0.0962769 ms - Host latency: 0.0962769 ms (enqueue 0.082373 ms)
[02/25/2026-14:55:32] [I] Average on 10 runs - GPU latency: 0.0996216 ms - Host latency: 0.0996216 ms (enqueue 0.0840576 ms)
[02/25/2026-14:55:32] [I] Average on 10 runs - GPU latency: 0.0959106 ms - Host latency: 0.0959106 ms (enqueue 0.080481 ms)
[02/25/2026-14:55:32] [I] Average on 10 runs - GPU latency: 0.0957886 ms - Host latency: 0.0957886 ms (enqueue 0.0812866 ms)
[02/25/2026-14:55:32] [I] Average on 10 runs - GPU latency: 0.0966797 ms - Host latency: 0.0966797 ms (enqueue 0.0819092 ms)
[02/25/2026-14:55:32] [I] Average on 10 runs - GPU latency: 0.0997314 ms - Host latency: 0.0997314 ms (enqueue 0.0853394 ms)
[02/25/2026-14:55:32] [I] Average on 10 runs - GPU latency: 0.0975708 ms - Host latency: 0.0975708 ms (enqueue 0.0822388 ms)
[02/25/2026-14:55:32] [I] Average on 10 runs - GPU latency: 0.0969604 ms - Host latency: 0.0969604 ms (enqueue 0.0819458 ms)
[02/25/2026-14:55:32] [I] Average on 10 runs - GPU latency: 0.0964844 ms - Host latency: 0.0964844 ms (enqueue 0.0809692 ms)
[02/25/2026-14:55:32] [I] Average on 10 runs - GPU latency: 0.100476 ms - Host latency: 0.100476 ms (enqueue 0.0858765 ms)
[02/25/2026-14:55:32] [I] Average on 10 runs - GPU latency: 0.0955566 ms - Host latency: 0.0955566 ms (enqueue 0.0802612 ms)
[02/25/2026-14:55:32] [I] Average on 10 runs - GPU latency: 0.095459 ms - Host latency: 0.095459 ms (enqueue 0.0803345 ms)
[02/25/2026-14:55:32] [I] Average on 10 runs - GPU latency: 0.0952637 ms - Host latency: 0.0952637 ms (enqueue 0.0805664 ms)
[02/25/2026-14:55:32] [I] Average on 10 runs - GPU latency: 0.0998169 ms - Host latency: 0.0998169 ms (enqueue 0.0849731 ms)
[02/25/2026-14:55:32] [I] Average on 10 runs - GPU latency: 0.0964111 ms - Host latency: 0.0964111 ms (enqueue 0.0810547 ms)
[02/25/2026-14:55:32] [I] Average on 10 runs - GPU latency: 0.0960327 ms - Host latency: 0.0960327 ms (enqueue 0.0810547 ms)
[02/25/2026-14:55:32] [I] Average on 10 runs - GPU latency: 0.0951904 ms - Host latency: 0.0951904 ms (enqueue 0.0812012 ms)
[02/25/2026-14:55:32] [I] Average on 10 runs - GPU latency: 0.0987427 ms - Host latency: 0.0987427 ms (enqueue 0.0831055 ms)
[02/25/2026-14:55:32] [I] Average on 10 runs - GPU latency: 0.0966919 ms - Host latency: 0.0966919 ms (enqueue 0.0815063 ms)
[02/25/2026-14:55:32] [I] Average on 10 runs - GPU latency: 0.0960327 ms - Host latency: 0.0960327 ms (enqueue 0.080835 ms)
[02/25/2026-14:55:32] [I] Average on 10 runs - GPU latency: 0.0957886 ms - Host latency: 0.0957886 ms (enqueue 0.0812988 ms)
[02/25/2026-14:55:32] [I] Average on 10 runs - GPU latency: 0.101135 ms - Host latency: 0.101135 ms (enqueue 0.0844849 ms)
[02/25/2026-14:55:32] [I] Average on 10 runs - GPU latency: 0.0973267 ms - Host latency: 0.0973267 ms (enqueue 0.0824219 ms)
[02/25/2026-14:55:32] [I] Average on 10 runs - GPU latency: 0.0973267 ms - Host latency: 0.0973267 ms (enqueue 0.0823242 ms)
[02/25/2026-14:55:32] [I] Average on 10 runs - GPU latency: 0.0974853 ms - Host latency: 0.0974853 ms (enqueue 0.0821899 ms)
[02/25/2026-14:55:32] [I] Average on 10 runs - GPU latency: 0.0989502 ms - Host latency: 0.0989502 ms (enqueue 0.0845947 ms)
[02/25/2026-14:55:32] [I] Average on 10 runs - GPU latency: 0.0948853 ms - Host latency: 0.0948853 ms (enqueue 0.0799439 ms)
[02/25/2026-14:55:32] [I] Average on 10 runs - GPU latency: 0.0957764 ms - Host latency: 0.0957764 ms (enqueue 0.0808594 ms)
[02/25/2026-14:55:32] [I] Average on 10 runs - GPU latency: 0.0955689 ms - Host latency: 0.0955689 ms (enqueue 0.0810303 ms)
[02/25/2026-14:55:32] [I] Average on 10 runs - GPU latency: 0.0986328 ms - Host latency: 0.0986328 ms (enqueue 0.0829468 ms)
[02/25/2026-14:55:32] [I] Average on 10 runs - GPU latency: 0.0969238 ms - Host latency: 0.0969238 ms (enqueue 0.0812256 ms)
[02/25/2026-14:55:32] [I] Average on 10 runs - GPU latency: 0.0949097 ms - Host latency: 0.0949097 ms (enqueue 0.0796509 ms)
[02/25/2026-14:55:32] [I] Average on 10 runs - GPU latency: 0.0967041 ms - Host latency: 0.0967041 ms (enqueue 0.082373 ms)
[02/25/2026-14:55:32] [I] Average on 10 runs - GPU latency: 0.0985962 ms - Host latency: 0.0985962 ms (enqueue 0.0842896 ms)
[02/25/2026-14:55:32] [I] Average on 10 runs - GPU latency: 0.0977051 ms - Host latency: 0.0977051 ms (enqueue 0.0827148 ms)
[02/25/2026-14:55:32] [I] Average on 10 runs - GPU latency: 0.0952881 ms - Host latency: 0.0952881 ms (enqueue 0.0799316 ms)
[02/25/2026-14:55:32] [I] Average on 10 runs - GPU latency: 0.126587 ms - Host latency: 0.126587 ms (enqueue 0.0864624 ms)
[02/25/2026-14:55:32] [I] Average on 10 runs - GPU latency: 0.215955 ms - Host latency: 0.215955 ms (enqueue 0.0886719 ms)
[02/25/2026-14:55:32] [I] Average on 10 runs - GPU latency: 0.0972778 ms - Host latency: 0.0972778 ms (enqueue 0.0846069 ms)
[02/25/2026-14:55:32] [I] Average on 10 runs - GPU latency: 0.0985718 ms - Host latency: 0.0985718 ms (enqueue 0.0828247 ms)
[02/25/2026-14:55:32] [I] Average on 10 runs - GPU latency: 0.0977417 ms - Host latency: 0.0977417 ms (enqueue 0.0826538 ms)
[02/25/2026-14:55:32] [I] Average on 10 runs - GPU latency: 0.096875 ms - Host latency: 0.096875 ms (enqueue 0.0818848 ms)
[02/25/2026-14:55:32] [I] Average on 10 runs - GPU latency: 0.0977417 ms - Host latency: 0.0977417 ms (enqueue 0.084314 ms)
[02/25/2026-14:55:32] [I] Average on 10 runs - GPU latency: 0.0980225 ms - Host latency: 0.0980225 ms (enqueue 0.0819092 ms)
[02/25/2026-14:55:32] [I] Average on 10 runs - GPU latency: 0.098291 ms - Host latency: 0.098291 ms (enqueue 0.0822388 ms)
[02/25/2026-14:55:32] [I] Average on 10 runs - GPU latency: 0.096521 ms - Host latency: 0.096521 ms (enqueue 0.0815918 ms)
[02/25/2026-14:55:32] [I] Average on 10 runs - GPU latency: 0.0960938 ms - Host latency: 0.0960938 ms (enqueue 0.0811768 ms)
[02/25/2026-14:55:32] [I] Average on 10 runs - GPU latency: 0.0987915 ms - Host latency: 0.0987915 ms (enqueue 0.0822144 ms)
[02/25/2026-14:55:32] [I] Average on 10 runs - GPU latency: 0.0969116 ms - Host latency: 0.0969116 ms (enqueue 0.0817261 ms)
[02/25/2026-14:55:32] [I] Average on 10 runs - GPU latency: 0.0952759 ms - Host latency: 0.0952759 ms (enqueue 0.0799927 ms)
[02/25/2026-14:55:32] [I] Average on 10 runs - GPU latency: 0.0945801 ms - Host latency: 0.0945801 ms (enqueue 0.0803345 ms)
[02/25/2026-14:55:32] [I] Average on 10 runs - GPU latency: 0.0974731 ms - Host latency: 0.0974731 ms (enqueue 0.0830811 ms)
[02/25/2026-14:55:32] [I] Average on 10 runs - GPU latency: 0.0954834 ms - Host latency: 0.0954834 ms (enqueue 0.0803955 ms)
[02/25/2026-14:55:32] [I] Average on 10 runs - GPU latency: 0.0969604 ms - Host latency: 0.0969604 ms (enqueue 0.0821045 ms)
[02/25/2026-14:55:32] [I] Average on 10 runs - GPU latency: 0.0965088 ms - Host latency: 0.0965088 ms (enqueue 0.0815308 ms)
[02/25/2026-14:55:32] [I] Average on 10 runs - GPU latency: 0.0999512 ms - Host latency: 0.0999512 ms (enqueue 0.0844849 ms)
[02/25/2026-14:55:32] [I] Average on 10 runs - GPU latency: 0.0963013 ms - Host latency: 0.0963013 ms (enqueue 0.0812988 ms)
[02/25/2026-14:55:32] [I] Average on 10 runs - GPU latency: 0.0948608 ms - Host latency: 0.0948608 ms (enqueue 0.0797607 ms)
[02/25/2026-14:55:32] [I] Average on 10 runs - GPU latency: 0.0953247 ms - Host latency: 0.0953247 ms (enqueue 0.0803345 ms)
[02/25/2026-14:55:32] [I] Average on 10 runs - GPU latency: 0.0974487 ms - Host latency: 0.0974487 ms (enqueue 0.082312 ms)
[02/25/2026-14:55:32] [I] Average on 10 runs - GPU latency: 0.0953369 ms - Host latency: 0.0953369 ms (enqueue 0.0807129 ms)
[02/25/2026-14:55:32] [I] Average on 10 runs - GPU latency: 0.0959351 ms - Host latency: 0.0959351 ms (enqueue 0.0810303 ms)
[02/25/2026-14:55:32] [I] Average on 10 runs - GPU latency: 0.0961914 ms - Host latency: 0.0961914 ms (enqueue 0.0808472 ms)
[02/25/2026-14:55:32] [I] Average on 10 runs - GPU latency: 0.0969727 ms - Host latency: 0.0969727 ms (enqueue 0.0830811 ms)
[02/25/2026-14:55:32] [I] Average on 10 runs - GPU latency: 0.0954346 ms - Host latency: 0.0954346 ms (enqueue 0.0802124 ms)
[02/25/2026-14:55:32] [I] Average on 10 runs - GPU latency: 0.0962646 ms - Host latency: 0.0962646 ms (enqueue 0.0818359 ms)
[02/25/2026-14:55:32] [I] Average on 10 runs - GPU latency: 0.100085 ms - Host latency: 0.100085 ms (enqueue 0.0842896 ms)
[02/25/2026-14:55:32] [I] Average on 10 runs - GPU latency: 0.0988037 ms - Host latency: 0.0988037 ms (enqueue 0.0837891 ms)
[02/25/2026-14:55:32] [I] Average on 10 runs - GPU latency: 0.0971069 ms - Host latency: 0.0971069 ms (enqueue 0.0827393 ms)
[02/25/2026-14:55:32] [I] Average on 10 runs - GPU latency: 0.0960083 ms - Host latency: 0.0960083 ms (enqueue 0.0810547 ms)
[02/25/2026-14:55:32] [I] Average on 10 runs - GPU latency: 0.0969604 ms - Host latency: 0.0969604 ms (enqueue 0.0822022 ms)
[02/25/2026-14:55:32] [I] Average on 10 runs - GPU latency: 0.0996094 ms - Host latency: 0.0996094 ms (enqueue 0.0842285 ms)
[02/25/2026-14:55:32] [I] Average on 10 runs - GPU latency: 0.0963989 ms - Host latency: 0.0963989 ms (enqueue 0.0815552 ms)
[02/25/2026-14:55:32] [I] Average on 10 runs - GPU latency: 0.0957642 ms - Host latency: 0.0957642 ms (enqueue 0.0803955 ms)
[02/25/2026-14:55:32] [I] Average on 10 runs - GPU latency: 0.0977661 ms - Host latency: 0.0977661 ms (enqueue 0.0825684 ms)
[02/25/2026-14:55:32] [I] Average on 10 runs - GPU latency: 0.0988159 ms - Host latency: 0.0988159 ms (enqueue 0.0839233 ms)
[02/25/2026-14:55:32] [I] Average on 10 runs - GPU latency: 0.0967529 ms - Host latency: 0.0967529 ms (enqueue 0.0818237 ms)
[02/25/2026-14:55:32] [I] Average on 10 runs - GPU latency: 0.0958008 ms - Host latency: 0.0958008 ms (enqueue 0.0812256 ms)
[02/25/2026-14:55:32] [I] Average on 10 runs - GPU latency: 0.0978027 ms - Host latency: 0.0978027 ms (enqueue 0.0816284 ms)
[02/25/2026-14:55:32] [I] Average on 10 runs - GPU latency: 0.0980835 ms - Host latency: 0.0980835 ms (enqueue 0.0836426 ms)
[02/25/2026-14:55:32] [I] Average on 10 runs - GPU latency: 0.0961914 ms - Host latency: 0.0961914 ms (enqueue 0.0817871 ms)
[02/25/2026-14:55:32] [I] Average on 10 runs - GPU latency: 0.095752 ms - Host latency: 0.095752 ms (enqueue 0.0806885 ms)
[02/25/2026-14:55:32] [I] Average on 10 runs - GPU latency: 0.0947876 ms - Host latency: 0.0947876 ms (enqueue 0.0796997 ms)
[02/25/2026-14:55:32] [I] Average on 10 runs - GPU latency: 0.0967651 ms - Host latency: 0.0967651 ms (enqueue 0.0819702 ms)
[02/25/2026-14:55:32] [I] Average on 10 runs - GPU latency: 0.0959839 ms - Host latency: 0.0959839 ms (enqueue 0.081311 ms)
[02/25/2026-14:55:32] [I] Average on 10 runs - GPU latency: 0.0956543 ms - Host latency: 0.0956543 ms (enqueue 0.0807129 ms)
[02/25/2026-14:55:32] [I] Average on 10 runs - GPU latency: 0.0955566 ms - Host latency: 0.0955566 ms (enqueue 0.0806152 ms)
[02/25/2026-14:55:32] [I] Average on 10 runs - GPU latency: 0.0989502 ms - Host latency: 0.0989502 ms (enqueue 0.0838867 ms)
[02/25/2026-14:55:32] [I] Average on 10 runs - GPU latency: 0.0963623 ms - Host latency: 0.0963623 ms (enqueue 0.0811646 ms)
[02/25/2026-14:55:32] [I] Average on 10 runs - GPU latency: 0.0967896 ms - Host latency: 0.0967896 ms (enqueue 0.0808472 ms)
[02/25/2026-14:55:32] [I] Average on 10 runs - GPU latency: 0.0959106 ms - Host latency: 0.0959106 ms (enqueue 0.0813843 ms)
[02/25/2026-14:55:32] [I] Average on 10 runs - GPU latency: 0.0983521 ms - Host latency: 0.0983521 ms (enqueue 0.0838623 ms)
[02/25/2026-14:55:32] [I] Average on 10 runs - GPU latency: 0.0953369 ms - Host latency: 0.0953369 ms (enqueue 0.0803223 ms)
[02/25/2026-14:55:32] [I] Average on 10 runs - GPU latency: 0.0966431 ms - Host latency: 0.0966431 ms (enqueue 0.0812622 ms)
[02/25/2026-14:55:32] [I] Average on 10 runs - GPU latency: 0.0960571 ms - Host latency: 0.0960571 ms (enqueue 0.0810669 ms)
[02/25/2026-14:55:32] [I] Average on 10 runs - GPU latency: 0.0976074 ms - Host latency: 0.0976074 ms (enqueue 0.0828491 ms)
[02/25/2026-14:55:32] [I] Average on 10 runs - GPU latency: 0.0959229 ms - Host latency: 0.0959229 ms (enqueue 0.0811646 ms)
[02/25/2026-14:55:32] [I] Average on 10 runs - GPU latency: 0.095874 ms - Host latency: 0.095874 ms (enqueue 0.0813599 ms)
[02/25/2026-14:55:32] [I] Average on 10 runs - GPU latency: 0.0973511 ms - Host latency: 0.0973511 ms (enqueue 0.0824463 ms)
[02/25/2026-14:55:32] [I] Average on 10 runs - GPU latency: 0.100073 ms - Host latency: 0.100073 ms (enqueue 0.0857422 ms)
[02/25/2026-14:55:32] [I] Average on 10 runs - GPU latency: 0.0963257 ms - Host latency: 0.0963257 ms (enqueue 0.0810181 ms)
[02/25/2026-14:55:32] [I] Average on 10 runs - GPU latency: 0.0959351 ms - Host latency: 0.0959351 ms (enqueue 0.0808838 ms)
[02/25/2026-14:55:32] [I] Average on 10 runs - GPU latency: 0.0965088 ms - Host latency: 0.0965088 ms (enqueue 0.0814453 ms)
[02/25/2026-14:55:32] [I] Average on 10 runs - GPU latency: 0.0987549 ms - Host latency: 0.0987549 ms (enqueue 0.0834229 ms)
[02/25/2026-14:55:32] [I] Average on 10 runs - GPU latency: 0.0967773 ms - Host latency: 0.0967773 ms (enqueue 0.0819336 ms)
[02/25/2026-14:55:32] [I] Average on 10 runs - GPU latency: 0.0973389 ms - Host latency: 0.0973389 ms (enqueue 0.0822022 ms)
[02/25/2026-14:55:32] [I] Average on 10 runs - GPU latency: 0.0961792 ms - Host latency: 0.0961792 ms (enqueue 0.0815796 ms)
[02/25/2026-14:55:32] [I] Average on 10 runs - GPU latency: 0.0991089 ms - Host latency: 0.0991089 ms (enqueue 0.0848022 ms)
[02/25/2026-14:55:32] [I] Average on 10 runs - GPU latency: 0.0940796 ms - Host latency: 0.0940796 ms (enqueue 0.0793213 ms)
[02/25/2026-14:55:32] [I] Average on 10 runs - GPU latency: 0.0959229 ms - Host latency: 0.0959229 ms (enqueue 0.0812988 ms)
[02/25/2026-14:55:32] [I] Average on 10 runs - GPU latency: 0.0956543 ms - Host latency: 0.0956543 ms (enqueue 0.0805176 ms)
[02/25/2026-14:55:32] [I] Average on 10 runs - GPU latency: 0.0994507 ms - Host latency: 0.0994507 ms (enqueue 0.0839355 ms)
[02/25/2026-14:55:32] [I] Average on 10 runs - GPU latency: 0.0967041 ms - Host latency: 0.0967041 ms (enqueue 0.0813843 ms)
[02/25/2026-14:55:32] [I] Average on 10 runs - GPU latency: 0.0952026 ms - Host latency: 0.0952026 ms (enqueue 0.0807861 ms)
[02/25/2026-14:55:32] [I] Average on 10 runs - GPU latency: 0.0959473 ms - Host latency: 0.0959473 ms (enqueue 0.0804077 ms)
[02/25/2026-14:55:32] [I] Average on 10 runs - GPU latency: 0.0969116 ms - Host latency: 0.0969116 ms (enqueue 0.0827881 ms)
[02/25/2026-14:55:32] [I] Average on 10 runs - GPU latency: 0.0968018 ms - Host latency: 0.0968018 ms (enqueue 0.0810181 ms)
[02/25/2026-14:55:32] [I] Average on 10 runs - GPU latency: 0.0953003 ms - Host latency: 0.0953003 ms (enqueue 0.0804443 ms)
[02/25/2026-14:55:32] [I] Average on 10 runs - GPU latency: 0.0952515 ms - Host latency: 0.0952515 ms (enqueue 0.0806396 ms)
[02/25/2026-14:55:32] [I] Average on 10 runs - GPU latency: 0.096936 ms - Host latency: 0.096936 ms (enqueue 0.0837036 ms)
[02/25/2026-14:55:32] [I] Average on 10 runs - GPU latency: 0.0978516 ms - Host latency: 0.0978516 ms (enqueue 0.0815674 ms)
[02/25/2026-14:55:32] [I] Average on 10 runs - GPU latency: 0.0942627 ms - Host latency: 0.0942627 ms (enqueue 0.0793091 ms)
[02/25/2026-14:55:32] [I] Average on 10 runs - GPU latency: 0.0953369 ms - Host latency: 0.0953369 ms (enqueue 0.0808105 ms)
[02/25/2026-14:55:32] [I] Average on 10 runs - GPU latency: 0.0966553 ms - Host latency: 0.0966553 ms (enqueue 0.0807495 ms)
[02/25/2026-14:55:32] [I] Average on 10 runs - GPU latency: 0.0984131 ms - Host latency: 0.0984131 ms (enqueue 0.0845093 ms)
[02/25/2026-14:55:32] [I] Average on 10 runs - GPU latency: 0.0966675 ms - Host latency: 0.0966675 ms (enqueue 0.0812622 ms)
[02/25/2026-14:55:32] [I] Average on 10 runs - GPU latency: 0.0956299 ms - Host latency: 0.0956299 ms (enqueue 0.0807617 ms)
[02/25/2026-14:55:32] [I] Average on 10 runs - GPU latency: 0.09552 ms - Host latency: 0.09552 ms (enqueue 0.080957 ms)
[02/25/2026-14:55:32] [I] Average on 10 runs - GPU latency: 0.0974243 ms - Host latency: 0.0974243 ms (enqueue 0.0821167 ms)
[02/25/2026-14:55:32] [I] Average on 10 runs - GPU latency: 0.0950073 ms - Host latency: 0.0950073 ms (enqueue 0.0799805 ms)
[02/25/2026-14:55:32] [I] Average on 10 runs - GPU latency: 0.0944336 ms - Host latency: 0.0944336 ms (enqueue 0.0793457 ms)
[02/25/2026-14:55:32] [I] Average on 10 runs - GPU latency: 0.0944214 ms - Host latency: 0.0944214 ms (enqueue 0.0800293 ms)
[02/25/2026-14:55:32] [I] Average on 10 runs - GPU latency: 0.0978882 ms - Host latency: 0.0978882 ms (enqueue 0.0812378 ms)
[02/25/2026-14:55:32] [I] Average on 10 runs - GPU latency: 0.0947144 ms - Host latency: 0.0947144 ms (enqueue 0.0806519 ms)
[02/25/2026-14:55:32] [I] Average on 10 runs - GPU latency: 0.0959839 ms - Host latency: 0.0959839 ms (enqueue 0.0811401 ms)
[02/25/2026-14:55:32] [I] Average on 10 runs - GPU latency: 0.0974365 ms - Host latency: 0.0974365 ms (enqueue 0.081543 ms)
[02/25/2026-14:55:32] [I] Average on 10 runs - GPU latency: 0.0982178 ms - Host latency: 0.0982178 ms (enqueue 0.0837402 ms)
[02/25/2026-14:55:32] [I] Average on 10 runs - GPU latency: 0.0954102 ms - Host latency: 0.0954102 ms (enqueue 0.0812012 ms)
[02/25/2026-14:55:32] [I] Average on 10 runs - GPU latency: 0.0969116 ms - Host latency: 0.0969116 ms (enqueue 0.0818848 ms)
[02/25/2026-14:55:32] [I] Average on 10 runs - GPU latency: 0.0961304 ms - Host latency: 0.0961304 ms (enqueue 0.0813477 ms)
[02/25/2026-14:55:32] [I] Average on 10 runs - GPU latency: 0.0983521 ms - Host latency: 0.0983521 ms (enqueue 0.0837524 ms)
[02/25/2026-14:55:32] [I] Average on 10 runs - GPU latency: 0.096521 ms - Host latency: 0.096521 ms (enqueue 0.0814575 ms)
[02/25/2026-14:55:32] [I] Average on 10 runs - GPU latency: 0.0959351 ms - Host latency: 0.0959351 ms (enqueue 0.0811157 ms)
[02/25/2026-14:55:32] [I] Average on 10 runs - GPU latency: 0.0959839 ms - Host latency: 0.0959839 ms (enqueue 0.0811035 ms)
[02/25/2026-14:55:32] [I] Average on 10 runs - GPU latency: 0.0978272 ms - Host latency: 0.0978272 ms (enqueue 0.0835327 ms)
[02/25/2026-14:55:32] [I] Average on 10 runs - GPU latency: 0.0967041 ms - Host latency: 0.0967041 ms (enqueue 0.0818481 ms)
[02/25/2026-14:55:32] [I] Average on 10 runs - GPU latency: 0.0976318 ms - Host latency: 0.0976318 ms (enqueue 0.0814575 ms)
[02/25/2026-14:55:32] [I] Average on 10 runs - GPU latency: 0.0951416 ms - Host latency: 0.0951416 ms (enqueue 0.0798096 ms)
[02/25/2026-14:55:32] [I] Average on 10 runs - GPU latency: 0.097522 ms - Host latency: 0.097522 ms (enqueue 0.0831299 ms)
[02/25/2026-14:55:32] [I] Average on 10 runs - GPU latency: 0.0952393 ms - Host latency: 0.0952393 ms (enqueue 0.0792358 ms)
[02/25/2026-14:55:32] [I] Average on 10 runs - GPU latency: 0.0957764 ms - Host latency: 0.0957764 ms (enqueue 0.0813965 ms)
[02/25/2026-14:55:32] [I] Average on 10 runs - GPU latency: 0.0958374 ms - Host latency: 0.0958374 ms (enqueue 0.0802246 ms)
[02/25/2026-14:55:32] [I] Average on 10 runs - GPU latency: 0.0979736 ms - Host latency: 0.0979736 ms (enqueue 0.0827881 ms)
[02/25/2026-14:55:32] [I] Average on 10 runs - GPU latency: 0.0951782 ms - Host latency: 0.0951782 ms (enqueue 0.0804688 ms)
[02/25/2026-14:55:32] [I] Average on 10 runs - GPU latency: 0.0950195 ms - Host latency: 0.0950195 ms (enqueue 0.0797241 ms)
[02/25/2026-14:55:32] [I] Average on 10 runs - GPU latency: 0.0945557 ms - Host latency: 0.0945557 ms (enqueue 0.07948 ms)
[02/25/2026-14:55:32] [I] Average on 10 runs - GPU latency: 0.0978516 ms - Host latency: 0.0978516 ms (enqueue 0.0830444 ms)
[02/25/2026-14:55:32] [I] Average on 10 runs - GPU latency: 0.0976807 ms - Host latency: 0.0976807 ms (enqueue 0.0819214 ms)
[02/25/2026-14:55:32] [I] Average on 10 runs - GPU latency: 0.096106 ms - Host latency: 0.096106 ms (enqueue 0.0811157 ms)
[02/25/2026-14:55:32] [I] Average on 10 runs - GPU latency: 0.0957886 ms - Host latency: 0.0957886 ms (enqueue 0.0808594 ms)
[02/25/2026-14:55:32] [I] Average on 10 runs - GPU latency: 0.0979614 ms - Host latency: 0.0979614 ms (enqueue 0.0831177 ms)
[02/25/2026-14:55:32] [I] Average on 10 runs - GPU latency: 0.0962646 ms - Host latency: 0.0962646 ms (enqueue 0.0811401 ms)
[02/25/2026-14:55:32] [I] Average on 10 runs - GPU latency: 0.095459 ms - Host latency: 0.095459 ms (enqueue 0.0806396 ms)
[02/25/2026-14:55:32] [I] Average on 10 runs - GPU latency: 0.0964111 ms - Host latency: 0.0964111 ms (enqueue 0.0810913 ms)
[02/25/2026-14:55:32] [I] Average on 10 runs - GPU latency: 0.0986694 ms - Host latency: 0.0986694 ms (enqueue 0.0840332 ms)
[02/25/2026-14:55:32] [I] Average on 10 runs - GPU latency: 0.0963501 ms - Host latency: 0.0963501 ms (enqueue 0.0817749 ms)
[02/25/2026-14:55:32] [I] Average on 10 runs - GPU latency: 0.095874 ms - Host latency: 0.095874 ms (enqueue 0.0803589 ms)
[02/25/2026-14:55:32] [I] Average on 10 runs - GPU latency: 0.0959351 ms - Host latency: 0.0959351 ms (enqueue 0.0809692 ms)
[02/25/2026-14:55:32] [I] Average on 10 runs - GPU latency: 0.0974121 ms - Host latency: 0.0974121 ms (enqueue 0.0828735 ms)
[02/25/2026-14:55:32] [I] Average on 10 runs - GPU latency: 0.0965942 ms - Host latency: 0.0965942 ms (enqueue 0.0807739 ms)
[02/25/2026-14:55:32] [I] Average on 10 runs - GPU latency: 0.0950073 ms - Host latency: 0.0950073 ms (enqueue 0.0808594 ms)
[02/25/2026-14:55:32] [I] Average on 10 runs - GPU latency: 0.0959229 ms - Host latency: 0.0959229 ms (enqueue 0.0801025 ms)
[02/25/2026-14:55:32] [I] Average on 10 runs - GPU latency: 0.0978516 ms - Host latency: 0.0978516 ms (enqueue 0.0832275 ms)
[02/25/2026-14:55:32] [I] Average on 10 runs - GPU latency: 0.0949829 ms - Host latency: 0.0949829 ms (enqueue 0.0800659 ms)
[02/25/2026-14:55:32] [I] Average on 10 runs - GPU latency: 0.0954346 ms - Host latency: 0.0954346 ms (enqueue 0.0809692 ms)
[02/25/2026-14:55:32] [I] Average on 10 runs - GPU latency: 0.0971069 ms - Host latency: 0.0971069 ms (enqueue 0.0816162 ms)
[02/25/2026-14:55:32] [I] Average on 10 runs - GPU latency: 0.0973511 ms - Host latency: 0.0973511 ms (enqueue 0.0831421 ms)
[02/25/2026-14:55:32] [I] Average on 10 runs - GPU latency: 0.0968628 ms - Host latency: 0.0968628 ms (enqueue 0.0811646 ms)
[02/25/2026-14:55:32] [I] Average on 10 runs - GPU latency: 0.0967773 ms - Host latency: 0.0967773 ms (enqueue 0.0814331 ms)
[02/25/2026-14:55:32] [I] Average on 10 runs - GPU latency: 0.0962402 ms - Host latency: 0.0962402 ms (enqueue 0.0813843 ms)
[02/25/2026-14:55:32] [I] Average on 10 runs - GPU latency: 0.0987671 ms - Host latency: 0.0987671 ms (enqueue 0.084729 ms)
[02/25/2026-14:55:32] [I] Average on 10 runs - GPU latency: 0.0976318 ms - Host latency: 0.0976318 ms (enqueue 0.0814209 ms)
[02/25/2026-14:55:32] [I] Average on 10 runs - GPU latency: 0.0951538 ms - Host latency: 0.0951538 ms (enqueue 0.0800171 ms)
[02/25/2026-14:55:32] [I] Average on 10 runs - GPU latency: 0.0969116 ms - Host latency: 0.0969116 ms (enqueue 0.0818726 ms)
[02/25/2026-14:55:32] [I] Average on 10 runs - GPU latency: 0.0952148 ms - Host latency: 0.0952148 ms (enqueue 0.0802612 ms)
[02/25/2026-14:55:32] [I] Average on 10 runs - GPU latency: 0.0978516 ms - Host latency: 0.0978516 ms (enqueue 0.0820923 ms)
[02/25/2026-14:55:32] [I] Average on 10 runs - GPU latency: 0.0957397 ms - Host latency: 0.0957397 ms (enqueue 0.0802734 ms)
[02/25/2026-14:55:32] [I] Average on 10 runs - GPU latency: 0.0955689 ms - Host latency: 0.0955689 ms (enqueue 0.0805176 ms)
[02/25/2026-14:55:32] [I] Average on 10 runs - GPU latency: 0.094873 ms - Host latency: 0.094873 ms (enqueue 0.0797485 ms)
[02/25/2026-14:55:32] [I] Average on 10 runs - GPU latency: 0.0968872 ms - Host latency: 0.0968872 ms (enqueue 0.081311 ms)
[02/25/2026-14:55:32] [I] Average on 10 runs - GPU latency: 0.094458 ms - Host latency: 0.094458 ms (enqueue 0.0792603 ms)
[02/25/2026-14:55:32] [I] Average on 10 runs - GPU latency: 0.0961914 ms - Host latency: 0.0961914 ms (enqueue 0.081311 ms)
[02/25/2026-14:55:32] [I] Average on 10 runs - GPU latency: 0.0964966 ms - Host latency: 0.0964966 ms (enqueue 0.0812622 ms)
[02/25/2026-14:55:32] [I] Average on 10 runs - GPU latency: 0.0977661 ms - Host latency: 0.0977661 ms (enqueue 0.0822754 ms)
[02/25/2026-14:55:32] [I] Average on 10 runs - GPU latency: 0.0945801 ms - Host latency: 0.0945801 ms (enqueue 0.0793945 ms)
[02/25/2026-14:55:32] [I] Average on 10 runs - GPU latency: 0.0948608 ms - Host latency: 0.0948608 ms (enqueue 0.0803101 ms)
[02/25/2026-14:55:32] [I] Average on 10 runs - GPU latency: 0.095459 ms - Host latency: 0.095459 ms (enqueue 0.0803223 ms)
[02/25/2026-14:55:32] [I] Average on 10 runs - GPU latency: 0.0963867 ms - Host latency: 0.0963867 ms (enqueue 0.0816406 ms)
[02/25/2026-14:55:32] [I] Average on 10 runs - GPU latency: 0.0973755 ms - Host latency: 0.0973755 ms (enqueue 0.0825684 ms)
[02/25/2026-14:55:32] [I] Average on 10 runs - GPU latency: 0.0964111 ms - Host latency: 0.0964111 ms (enqueue 0.0815918 ms)
[02/25/2026-14:55:32] [I] Average on 10 runs - GPU latency: 0.0957275 ms - Host latency: 0.0957275 ms (enqueue 0.0810425 ms)
[02/25/2026-14:55:32] [I] Average on 10 runs - GPU latency: 0.0998413 ms - Host latency: 0.0998413 ms (enqueue 0.0839111 ms)
[02/25/2026-14:55:32] [I] Average on 10 runs - GPU latency: 0.0962891 ms - Host latency: 0.0962891 ms (enqueue 0.0813354 ms)
[02/25/2026-14:55:32] [I] Average on 10 runs - GPU latency: 0.0966919 ms - Host latency: 0.0966919 ms (enqueue 0.0810059 ms)
[02/25/2026-14:55:32] [I] Average on 10 runs - GPU latency: 0.0962646 ms - Host latency: 0.0962646 ms (enqueue 0.0815918 ms)
[02/25/2026-14:55:32] [I] Average on 10 runs - GPU latency: 0.0984375 ms - Host latency: 0.0984375 ms (enqueue 0.082251 ms)
[02/25/2026-14:55:32] [I] Average on 10 runs - GPU latency: 0.0963623 ms - Host latency: 0.0963623 ms (enqueue 0.0818848 ms)
[02/25/2026-14:55:32] [I] Average on 10 runs - GPU latency: 0.0959473 ms - Host latency: 0.0959473 ms (enqueue 0.0807861 ms)
[02/25/2026-14:55:32] [I] Average on 10 runs - GPU latency: 0.0960938 ms - Host latency: 0.0960938 ms (enqueue 0.0811157 ms)
[02/25/2026-14:55:32] [I] Average on 10 runs - GPU latency: 0.097937 ms - Host latency: 0.097937 ms (enqueue 0.0827637 ms)
[02/25/2026-14:55:32] [I] Average on 10 runs - GPU latency: 0.096106 ms - Host latency: 0.096106 ms (enqueue 0.081311 ms)
[02/25/2026-14:55:32] [I] Average on 10 runs - GPU latency: 0.095813 ms - Host latency: 0.095813 ms (enqueue 0.0803345 ms)
[02/25/2026-14:55:32] [I] Average on 10 runs - GPU latency: 0.0953491 ms - Host latency: 0.0953491 ms (enqueue 0.080957 ms)
[02/25/2026-14:55:32] [I] Average on 10 runs - GPU latency: 0.0978638 ms - Host latency: 0.0978638 ms (enqueue 0.082605 ms)
[02/25/2026-14:55:32] [I] Average on 10 runs - GPU latency: 0.0968628 ms - Host latency: 0.0968628 ms (enqueue 0.0812012 ms)
[02/25/2026-14:55:32] [I] Average on 10 runs - GPU latency: 0.0955322 ms - Host latency: 0.0955322 ms (enqueue 0.0808105 ms)
[02/25/2026-14:55:32] [I] Average on 10 runs - GPU latency: 0.0958252 ms - Host latency: 0.0958252 ms (enqueue 0.0805786 ms)
[02/25/2026-14:55:32] [I] Average on 10 runs - GPU latency: 0.0991699 ms - Host latency: 0.0991699 ms (enqueue 0.0856567 ms)
[02/25/2026-14:55:32] [I] Average on 10 runs - GPU latency: 0.0984131 ms - Host latency: 0.0984131 ms (enqueue 0.0825928 ms)
[02/25/2026-14:55:32] [I] Average on 10 runs - GPU latency: 0.0953003 ms - Host latency: 0.0953003 ms (enqueue 0.0805542 ms)
[02/25/2026-14:55:32] [I] Average on 10 runs - GPU latency: 0.0971191 ms - Host latency: 0.0971191 ms (enqueue 0.0817505 ms)
[02/25/2026-14:55:32] [I] Average on 10 runs - GPU latency: 0.0993408 ms - Host latency: 0.0993408 ms (enqueue 0.0848633 ms)
[02/25/2026-14:55:32] [I] Average on 10 runs - GPU latency: 0.0955078 ms - Host latency: 0.0955078 ms (enqueue 0.0809326 ms)
[02/25/2026-14:55:32] [I] Average on 10 runs - GPU latency: 0.0961182 ms - Host latency: 0.0961182 ms (enqueue 0.0811523 ms)
[02/25/2026-14:55:32] [I] Average on 10 runs - GPU latency: 0.0968262 ms - Host latency: 0.0968262 ms (enqueue 0.0809692 ms)
[02/25/2026-14:55:32] [I] Average on 10 runs - GPU latency: 0.0985596 ms - Host latency: 0.0985596 ms (enqueue 0.0832031 ms)
[02/25/2026-14:55:32] [I] Average on 10 runs - GPU latency: 0.0975708 ms - Host latency: 0.0975708 ms (enqueue 0.082019 ms)
[02/25/2026-14:55:32] [I] Average on 10 runs - GPU latency: 0.0966064 ms - Host latency: 0.0966064 ms (enqueue 0.0813965 ms)
[02/25/2026-14:55:32] [I] Average on 10 runs - GPU latency: 0.095105 ms - Host latency: 0.095105 ms (enqueue 0.0804199 ms)
[02/25/2026-14:55:32] [I] Average on 10 runs - GPU latency: 0.0975952 ms - Host latency: 0.0975952 ms (enqueue 0.0831543 ms)
[02/25/2026-14:55:32] [I] Average on 10 runs - GPU latency: 0.0960327 ms - Host latency: 0.0960327 ms (enqueue 0.0804688 ms)
[02/25/2026-14:55:32] [I] Average on 10 runs - GPU latency: 0.0951904 ms - Host latency: 0.0951904 ms (enqueue 0.0807007 ms)
[02/25/2026-14:55:32] [I] Average on 10 runs - GPU latency: 0.0955078 ms - Host latency: 0.0955078 ms (enqueue 0.0806641 ms)
[02/25/2026-14:55:32] [I] Average on 10 runs - GPU latency: 0.0987061 ms - Host latency: 0.0987061 ms (enqueue 0.0839966 ms)
[02/25/2026-14:55:32] [I] Average on 10 runs - GPU latency: 0.096814 ms - Host latency: 0.096814 ms (enqueue 0.0818726 ms)
[02/25/2026-14:55:32] [I] Average on 10 runs - GPU latency: 0.097583 ms - Host latency: 0.097583 ms (enqueue 0.0822266 ms)
[02/25/2026-14:55:32] [I] Average on 10 runs - GPU latency: 0.0957031 ms - Host latency: 0.0957031 ms (enqueue 0.0809937 ms)
[02/25/2026-14:55:32] [I] Average on 10 runs - GPU latency: 0.0991577 ms - Host latency: 0.0991577 ms (enqueue 0.0837769 ms)
[02/25/2026-14:55:32] [I] Average on 10 runs - GPU latency: 0.0966919 ms - Host latency: 0.0966919 ms (enqueue 0.0816284 ms)
[02/25/2026-14:55:32] [I] Average on 10 runs - GPU latency: 0.0963135 ms - Host latency: 0.0963135 ms (enqueue 0.0811401 ms)
[02/25/2026-14:55:32] [I] Average on 10 runs - GPU latency: 0.0951782 ms - Host latency: 0.0951782 ms (enqueue 0.0801147 ms)
[02/25/2026-14:55:32] [I] Average on 10 runs - GPU latency: 0.0987183 ms - Host latency: 0.0987183 ms (enqueue 0.0842041 ms)
[02/25/2026-14:55:32] [I] Average on 10 runs - GPU latency: 0.096875 ms - Host latency: 0.096875 ms (enqueue 0.0818237 ms)
[02/25/2026-14:55:32] [I] Average on 10 runs - GPU latency: 0.0972046 ms - Host latency: 0.0972046 ms (enqueue 0.0821045 ms)
[02/25/2026-14:55:32] [I] Average on 10 runs - GPU latency: 0.0960083 ms - Host latency: 0.0960083 ms (enqueue 0.0805054 ms)
[02/25/2026-14:55:32] [I] Average on 10 runs - GPU latency: 0.0959717 ms - Host latency: 0.0959717 ms (enqueue 0.0817261 ms)
[02/25/2026-14:55:32] [I] Average on 10 runs - GPU latency: 0.097998 ms - Host latency: 0.097998 ms (enqueue 0.0825073 ms)
[02/25/2026-14:55:32] [I] Average on 10 runs - GPU latency: 0.0962769 ms - Host latency: 0.0962769 ms (enqueue 0.0808105 ms)
[02/25/2026-14:55:32] [I] Average on 10 runs - GPU latency: 0.0973999 ms - Host latency: 0.0973999 ms (enqueue 0.0821045 ms)
[02/25/2026-14:55:32] [I] Average on 10 runs - GPU latency: 0.0980713 ms - Host latency: 0.0980713 ms (enqueue 0.0824707 ms)
[02/25/2026-14:55:32] [I] Average on 10 runs - GPU latency: 0.0980835 ms - Host latency: 0.0980835 ms (enqueue 0.0813843 ms)
[02/25/2026-14:55:32] [I] Average on 10 runs - GPU latency: 0.0954712 ms - Host latency: 0.0954712 ms (enqueue 0.0804077 ms)
[02/25/2026-14:55:32] [I] Average on 10 runs - GPU latency: 0.096167 ms - Host latency: 0.096167 ms (enqueue 0.0809326 ms)
[02/25/2026-14:55:32] [I] Average on 10 runs - GPU latency: 0.0947876 ms - Host latency: 0.0947876 ms (enqueue 0.0825195 ms)
[02/25/2026-14:55:32] [I] Average on 10 runs - GPU latency: 0.0984009 ms - Host latency: 0.0984009 ms (enqueue 0.0817505 ms)
[02/25/2026-14:55:32] [I] Average on 10 runs - GPU latency: 0.0953979 ms - Host latency: 0.0953979 ms (enqueue 0.0807251 ms)
[02/25/2026-14:55:32] [I] Average on 10 runs - GPU latency: 0.0966675 ms - Host latency: 0.0966675 ms (enqueue 0.0814087 ms)
[02/25/2026-14:55:32] [I] Average on 10 runs - GPU latency: 0.0960205 ms - Host latency: 0.0960205 ms (enqueue 0.081189 ms)
[02/25/2026-14:55:32] [I] Average on 10 runs - GPU latency: 0.0976318 ms - Host latency: 0.0976318 ms (enqueue 0.0826416 ms)
[02/25/2026-14:55:32] [I] Average on 10 runs - GPU latency: 0.096106 ms - Host latency: 0.096106 ms (enqueue 0.080957 ms)
[02/25/2026-14:55:32] [I] Average on 10 runs - GPU latency: 0.098877 ms - Host latency: 0.098877 ms (enqueue 0.0825439 ms)
[02/25/2026-14:55:32] [I] Average on 10 runs - GPU latency: 0.0951416 ms - Host latency: 0.0951416 ms (enqueue 0.0803101 ms)
[02/25/2026-14:55:32] [I] Average on 10 runs - GPU latency: 0.0984741 ms - Host latency: 0.0984741 ms (enqueue 0.0834961 ms)
[02/25/2026-14:55:32] [I] Average on 10 runs - GPU latency: 0.0959106 ms - Host latency: 0.0959106 ms (enqueue 0.0814087 ms)
[02/25/2026-14:55:32] [I] Average on 10 runs - GPU latency: 0.0966553 ms - Host latency: 0.0966553 ms (enqueue 0.0817139 ms)
[02/25/2026-14:55:32] [I] Average on 10 runs - GPU latency: 0.0960693 ms - Host latency: 0.0960693 ms (enqueue 0.0808594 ms)
[02/25/2026-14:55:32] [I] Average on 10 runs - GPU latency: 0.0984863 ms - Host latency: 0.0984863 ms (enqueue 0.0838745 ms)
[02/25/2026-14:55:32] [I] Average on 10 runs - GPU latency: 0.0956787 ms - Host latency: 0.0956787 ms (enqueue 0.0800781 ms)
[02/25/2026-14:55:32] [I] Average on 10 runs - GPU latency: 0.0960205 ms - Host latency: 0.0960205 ms (enqueue 0.0813232 ms)
[02/25/2026-14:55:32] [I] Average on 10 runs - GPU latency: 0.09729 ms - Host latency: 0.09729 ms (enqueue 0.0826416 ms)
[02/25/2026-14:55:32] [I] Average on 10 runs - GPU latency: 0.099646 ms - Host latency: 0.099646 ms (enqueue 0.0845093 ms)
[02/25/2026-14:55:32] [I] Average on 10 runs - GPU latency: 0.0974243 ms - Host latency: 0.0974243 ms (enqueue 0.0820557 ms)
[02/25/2026-14:55:32] [I] Average on 10 runs - GPU latency: 0.0953735 ms - Host latency: 0.0953735 ms (enqueue 0.0802124 ms)
[02/25/2026-14:55:32] [I] Average on 10 runs - GPU latency: 0.0960815 ms - Host latency: 0.0960815 ms (enqueue 0.0813232 ms)
[02/25/2026-14:55:32] [I] Average on 10 runs - GPU latency: 0.0990356 ms - Host latency: 0.0990356 ms (enqueue 0.0824585 ms)
[02/25/2026-14:55:32] [I] Average on 10 runs - GPU latency: 0.0959717 ms - Host latency: 0.0959717 ms (enqueue 0.0811768 ms)
[02/25/2026-14:55:32] [I] Average on 10 runs - GPU latency: 0.0958618 ms - Host latency: 0.0958618 ms (enqueue 0.0804443 ms)
[02/25/2026-14:55:32] [I] Average on 10 runs - GPU latency: 0.0952637 ms - Host latency: 0.0952637 ms (enqueue 0.0808594 ms)
[02/25/2026-14:55:32] [I] Average on 10 runs - GPU latency: 0.0980103 ms - Host latency: 0.0980103 ms (enqueue 0.0837158 ms)
[02/25/2026-14:55:32] [I] Average on 10 runs - GPU latency: 0.0963013 ms - Host latency: 0.0963013 ms (enqueue 0.0818359 ms)
[02/25/2026-14:55:32] [I] Average on 10 runs - GPU latency: 0.09729 ms - Host latency: 0.09729 ms (enqueue 0.0823853 ms)
[02/25/2026-14:55:32] [I] Average on 10 runs - GPU latency: 0.0959839 ms - Host latency: 0.0959839 ms (enqueue 0.0808594 ms)
[02/25/2026-14:55:32] [I] Average on 10 runs - GPU latency: 0.0996216 ms - Host latency: 0.0996216 ms (enqueue 0.0849121 ms)
[02/25/2026-14:55:32] [I] Average on 10 runs - GPU latency: 0.097229 ms - Host latency: 0.097229 ms (enqueue 0.0811157 ms)
[02/25/2026-14:55:32] [I] Average on 10 runs - GPU latency: 0.0950195 ms - Host latency: 0.0950195 ms (enqueue 0.0802734 ms)
[02/25/2026-14:55:32] [I] Average on 10 runs - GPU latency: 0.0958374 ms - Host latency: 0.0958374 ms (enqueue 0.0806152 ms)
[02/25/2026-14:55:32] [I] Average on 10 runs - GPU latency: 0.0979004 ms - Host latency: 0.0979004 ms (enqueue 0.0836914 ms)
[02/25/2026-14:55:32] [I] Average on 10 runs - GPU latency: 0.0960938 ms - Host latency: 0.0960938 ms (enqueue 0.081311 ms)
[02/25/2026-14:55:32] [I] Average on 10 runs - GPU latency: 0.0974121 ms - Host latency: 0.0974121 ms (enqueue 0.0817139 ms)
[02/25/2026-14:55:32] [I] Average on 10 runs - GPU latency: 0.0960693 ms - Host latency: 0.0960693 ms (enqueue 0.0809326 ms)
[02/25/2026-14:55:32] [I] Average on 10 runs - GPU latency: 0.0985718 ms - Host latency: 0.0985718 ms (enqueue 0.0835693 ms)
[02/25/2026-14:55:32] [I] Average on 10 runs - GPU latency: 0.095874 ms - Host latency: 0.095874 ms (enqueue 0.0807007 ms)
[02/25/2026-14:55:32] [I] Average on 10 runs - GPU latency: 0.0962524 ms - Host latency: 0.0962524 ms (enqueue 0.081665 ms)
[02/25/2026-14:55:32] [I] Average on 10 runs - GPU latency: 0.0989136 ms - Host latency: 0.0989136 ms (enqueue 0.0834106 ms)
[02/25/2026-14:55:32] [I] Average on 10 runs - GPU latency: 0.100867 ms - Host latency: 0.100867 ms (enqueue 0.0846069 ms)
[02/25/2026-14:55:32] [I] Average on 10 runs - GPU latency: 0.0969604 ms - Host latency: 0.0969604 ms (enqueue 0.0819702 ms)
[02/25/2026-14:55:32] [I] Average on 10 runs - GPU latency: 0.0955566 ms - Host latency: 0.0955566 ms (enqueue 0.0809326 ms)
[02/25/2026-14:55:32] [I] Average on 10 runs - GPU latency: 0.0962891 ms - Host latency: 0.0962891 ms (enqueue 0.0812866 ms)
[02/25/2026-14:55:32] [I] Average on 10 runs - GPU latency: 0.09823 ms - Host latency: 0.09823 ms (enqueue 0.0836304 ms)
[02/25/2026-14:55:32] [I] Average on 10 runs - GPU latency: 0.0992187 ms - Host latency: 0.0992187 ms (enqueue 0.0834961 ms)
[02/25/2026-14:55:32] [I] Average on 10 runs - GPU latency: 0.0972656 ms - Host latency: 0.0972656 ms (enqueue 0.0823853 ms)
[02/25/2026-14:55:32] [I] Average on 10 runs - GPU latency: 0.0955811 ms - Host latency: 0.0955811 ms (enqueue 0.0808838 ms)
[02/25/2026-14:55:32] [I] Average on 10 runs - GPU latency: 0.0980591 ms - Host latency: 0.0980591 ms (enqueue 0.0834229 ms)
[02/25/2026-14:55:32] [I] Average on 10 runs - GPU latency: 0.0958496 ms - Host latency: 0.0958496 ms (enqueue 0.0810181 ms)
[02/25/2026-14:55:32] [I] Average on 10 runs - GPU latency: 0.0954224 ms - Host latency: 0.0954224 ms (enqueue 0.0798462 ms)
[02/25/2026-14:55:32] [I] Average on 10 runs - GPU latency: 0.096167 ms - Host latency: 0.096167 ms (enqueue 0.0803711 ms)
[02/25/2026-14:55:32] [I] Average on 10 runs - GPU latency: 0.097168 ms - Host latency: 0.097168 ms (enqueue 0.0831909 ms)
[02/25/2026-14:55:32] [I] Average on 10 runs - GPU latency: 0.0971069 ms - Host latency: 0.0971069 ms (enqueue 0.0815186 ms)
[02/25/2026-14:55:32] [I] Average on 10 runs - GPU latency: 0.0956421 ms - Host latency: 0.0956421 ms (enqueue 0.0805298 ms)
[02/25/2026-14:55:32] [I] Average on 10 runs - GPU latency: 0.0950073 ms - Host latency: 0.0950073 ms (enqueue 0.0798828 ms)
[02/25/2026-14:55:32] [I] Average on 10 runs - GPU latency: 0.0974487 ms - Host latency: 0.0974487 ms (enqueue 0.0826294 ms)
[02/25/2026-14:55:32] [I] Average on 10 runs - GPU latency: 0.0962891 ms - Host latency: 0.0962891 ms (enqueue 0.0806885 ms)
[02/25/2026-14:55:32] [I] Average on 10 runs - GPU latency: 0.095459 ms - Host latency: 0.095459 ms (enqueue 0.0805542 ms)
[02/25/2026-14:55:32] [I] Average on 10 runs - GPU latency: 0.0964722 ms - Host latency: 0.0964722 ms (enqueue 0.0817627 ms)
[02/25/2026-14:55:32] [I] Average on 10 runs - GPU latency: 0.0999878 ms - Host latency: 0.0999878 ms (enqueue 0.0840332 ms)
[02/25/2026-14:55:32] [I] Average on 10 runs - GPU latency: 0.0970459 ms - Host latency: 0.0970459 ms (enqueue 0.0810913 ms)
[02/25/2026-14:55:32] [I] Average on 10 runs - GPU latency: 0.0953857 ms - Host latency: 0.0953857 ms (enqueue 0.0809204 ms)
[02/25/2026-14:55:32] [I] Average on 10 runs - GPU latency: 0.0984619 ms - Host latency: 0.0984619 ms (enqueue 0.0823608 ms)
[02/25/2026-14:55:32] [I] Average on 10 runs - GPU latency: 0.0973511 ms - Host latency: 0.0973511 ms (enqueue 0.0824951 ms)
[02/25/2026-14:55:32] [I] Average on 10 runs - GPU latency: 0.0958252 ms - Host latency: 0.0958252 ms (enqueue 0.0807495 ms)
[02/25/2026-14:55:32] [I] Average on 10 runs - GPU latency: 0.0948486 ms - Host latency: 0.0948486 ms (enqueue 0.0797241 ms)
[02/25/2026-14:55:32] [I] Average on 10 runs - GPU latency: 0.0960693 ms - Host latency: 0.0960693 ms (enqueue 0.0804321 ms)
[02/25/2026-14:55:32] [I] Average on 10 runs - GPU latency: 0.0967163 ms - Host latency: 0.0967163 ms (enqueue 0.0809448 ms)
[02/25/2026-14:55:32] [I] Average on 10 runs - GPU latency: 0.0960205 ms - Host latency: 0.0960205 ms (enqueue 0.0813354 ms)
[02/25/2026-14:55:32] [I] Average on 10 runs - GPU latency: 0.095813 ms - Host latency: 0.095813 ms (enqueue 0.0808838 ms)
[02/25/2026-14:55:32] [I] Average on 10 runs - GPU latency: 0.0961914 ms - Host latency: 0.0961914 ms (enqueue 0.0810547 ms)
[02/25/2026-14:55:32] [I] Average on 10 runs - GPU latency: 0.0980835 ms - Host latency: 0.0980835 ms (enqueue 0.0835083 ms)
[02/25/2026-14:55:32] [I] Average on 10 runs - GPU latency: 0.0958862 ms - Host latency: 0.0958862 ms (enqueue 0.0805786 ms)
[02/25/2026-14:55:32] [I] Average on 10 runs - GPU latency: 0.0969116 ms - Host latency: 0.0969116 ms (enqueue 0.0811279 ms)
[02/25/2026-14:55:32] [I] Average on 10 runs - GPU latency: 0.0960571 ms - Host latency: 0.0960571 ms (enqueue 0.0807983 ms)
[02/25/2026-14:55:32] [I] Average on 10 runs - GPU latency: 0.09729 ms - Host latency: 0.09729 ms (enqueue 0.0839478 ms)
[02/25/2026-14:55:32] [I] Average on 10 runs - GPU latency: 0.0971191 ms - Host latency: 0.0971191 ms (enqueue 0.0812378 ms)
[02/25/2026-14:55:32] [I] Average on 10 runs - GPU latency: 0.0962769 ms - Host latency: 0.0962769 ms (enqueue 0.0812134 ms)
[02/25/2026-14:55:32] [I] Average on 10 runs - GPU latency: 0.0971069 ms - Host latency: 0.0971069 ms (enqueue 0.0817017 ms)
[02/25/2026-14:55:32] [I] Average on 10 runs - GPU latency: 0.0962158 ms - Host latency: 0.0962158 ms (enqueue 0.0827515 ms)
[02/25/2026-14:55:32] [I] Average on 10 runs - GPU latency: 0.097644 ms - Host latency: 0.097644 ms (enqueue 0.0810913 ms)
[02/25/2026-14:55:32] [I] Average on 10 runs - GPU latency: 0.0958618 ms - Host latency: 0.0958618 ms (enqueue 0.080542 ms)
[02/25/2026-14:55:32] [I] Average on 10 runs - GPU latency: 0.0947266 ms - Host latency: 0.0947266 ms (enqueue 0.0798218 ms)
[02/25/2026-14:55:32] [I] Average on 10 runs - GPU latency: 0.0951294 ms - Host latency: 0.0951294 ms (enqueue 0.0797729 ms)
[02/25/2026-14:55:32] [I] Average on 10 runs - GPU latency: 0.0991577 ms - Host latency: 0.0991577 ms (enqueue 0.0838379 ms)
[02/25/2026-14:55:32] [I] Average on 10 runs - GPU latency: 0.0947021 ms - Host latency: 0.0947021 ms (enqueue 0.0797852 ms)
[02/25/2026-14:55:32] [I] Average on 10 runs - GPU latency: 0.0958862 ms - Host latency: 0.0958862 ms (enqueue 0.0807739 ms)
[02/25/2026-14:55:32] [I] Average on 10 runs - GPU latency: 0.0955689 ms - Host latency: 0.0955689 ms (enqueue 0.0805542 ms)
[02/25/2026-14:55:32] [I] Average on 10 runs - GPU latency: 0.0983765 ms - Host latency: 0.0983765 ms (enqueue 0.0833374 ms)
[02/25/2026-14:55:32] [I] Average on 10 runs - GPU latency: 0.0959717 ms - Host latency: 0.0959717 ms (enqueue 0.0817017 ms)
[02/25/2026-14:55:32] [I] Average on 10 runs - GPU latency: 0.0953613 ms - Host latency: 0.0953613 ms (enqueue 0.080603 ms)
[02/25/2026-14:55:32] [I] Average on 10 runs - GPU latency: 0.0965942 ms - Host latency: 0.0965942 ms (enqueue 0.081543 ms)
[02/25/2026-14:55:32] [I] Average on 10 runs - GPU latency: 0.098938 ms - Host latency: 0.098938 ms (enqueue 0.0839355 ms)
[02/25/2026-14:55:32] [I] Average on 10 runs - GPU latency: 0.0955689 ms - Host latency: 0.0955689 ms (enqueue 0.0804443 ms)
[02/25/2026-14:55:32] [I] Average on 10 runs - GPU latency: 0.095813 ms - Host latency: 0.095813 ms (enqueue 0.0808838 ms)
[02/25/2026-14:55:32] [I] Average on 10 runs - GPU latency: 0.0959717 ms - Host latency: 0.0959717 ms (enqueue 0.0805542 ms)
[02/25/2026-14:55:32] [I] Average on 10 runs - GPU latency: 0.0996948 ms - Host latency: 0.0996948 ms (enqueue 0.0843262 ms)
[02/25/2026-14:55:32] [I] Average on 10 runs - GPU latency: 0.0960449 ms - Host latency: 0.0960449 ms (enqueue 0.0809814 ms)
[02/25/2026-14:55:32] [I] Average on 10 runs - GPU latency: 0.0955689 ms - Host latency: 0.0955689 ms (enqueue 0.0804321 ms)
[02/25/2026-14:55:32] [I] Average on 10 runs - GPU latency: 0.0954468 ms - Host latency: 0.0954468 ms (enqueue 0.0796997 ms)
[02/25/2026-14:55:32] [I] Average on 10 runs - GPU latency: 0.0967041 ms - Host latency: 0.0967041 ms (enqueue 0.0817749 ms)
[02/25/2026-14:55:32] [I] Average on 10 runs - GPU latency: 0.095752 ms - Host latency: 0.095752 ms (enqueue 0.0813965 ms)
[02/25/2026-14:55:32] [I] Average on 10 runs - GPU latency: 0.0955566 ms - Host latency: 0.0955566 ms (enqueue 0.0805298 ms)
[02/25/2026-14:55:32] [I] Average on 10 runs - GPU latency: 0.0971313 ms - Host latency: 0.0971313 ms (enqueue 0.0823242 ms)
[02/25/2026-14:55:32] [I] Average on 10 runs - GPU latency: 0.0977905 ms - Host latency: 0.0977905 ms (enqueue 0.0826294 ms)
[02/25/2026-14:55:32] [I] Average on 10 runs - GPU latency: 0.0960571 ms - Host latency: 0.0960571 ms (enqueue 0.0807129 ms)
[02/25/2026-14:55:32] [I] Average on 10 runs - GPU latency: 0.094751 ms - Host latency: 0.094751 ms (enqueue 0.0797974 ms)
[02/25/2026-14:55:32] [I] Average on 10 runs - GPU latency: 0.0965454 ms - Host latency: 0.0965454 ms (enqueue 0.0809326 ms)
[02/25/2026-14:55:32] [I] Average on 10 runs - GPU latency: 0.0977661 ms - Host latency: 0.0977661 ms (enqueue 0.0832397 ms)
[02/25/2026-14:55:32] [I] Average on 10 runs - GPU latency: 0.0961304 ms - Host latency: 0.0961304 ms (enqueue 0.0810669 ms)
[02/25/2026-14:55:32] [I] Average on 10 runs - GPU latency: 0.0959961 ms - Host latency: 0.0959961 ms (enqueue 0.0808838 ms)
[02/25/2026-14:55:32] [I] Average on 10 runs - GPU latency: 0.0952026 ms - Host latency: 0.0952026 ms (enqueue 0.0800415 ms)
[02/25/2026-14:55:32] [I] Average on 10 runs - GPU latency: 0.09729 ms - Host latency: 0.09729 ms (enqueue 0.0827148 ms)
[02/25/2026-14:55:32] [I] Average on 10 runs - GPU latency: 0.0964844 ms - Host latency: 0.0964844 ms (enqueue 0.0808716 ms)
[02/25/2026-14:55:32] [I] Average on 10 runs - GPU latency: 0.0951904 ms - Host latency: 0.0951904 ms (enqueue 0.0811768 ms)
[02/25/2026-14:55:32] [I] Average on 10 runs - GPU latency: 0.0974365 ms - Host latency: 0.0974365 ms (enqueue 0.0813354 ms)
[02/25/2026-14:55:32] [I] Average on 10 runs - GPU latency: 0.0975708 ms - Host latency: 0.0975708 ms (enqueue 0.0816406 ms)
[02/25/2026-14:55:32] [I] Average on 10 runs - GPU latency: 0.0967651 ms - Host latency: 0.0967651 ms (enqueue 0.0821411 ms)
[02/25/2026-14:55:32] [I] Average on 10 runs - GPU latency: 0.0969604 ms - Host latency: 0.0969604 ms (enqueue 0.0814331 ms)
[02/25/2026-14:55:32] [I] Average on 10 runs - GPU latency: 0.0973999 ms - Host latency: 0.0973999 ms (enqueue 0.081604 ms)
[02/25/2026-14:55:32] [I] Average on 10 runs - GPU latency: 0.099231 ms - Host latency: 0.099231 ms (enqueue 0.0845825 ms)
[02/25/2026-14:55:32] [I] Average on 10 runs - GPU latency: 0.0974121 ms - Host latency: 0.0974121 ms (enqueue 0.0817139 ms)
[02/25/2026-14:55:32] [I] Average on 10 runs - GPU latency: 0.0964722 ms - Host latency: 0.0964722 ms (enqueue 0.081543 ms)
[02/25/2026-14:55:32] [I] Average on 10 runs - GPU latency: 0.0956055 ms - Host latency: 0.0956055 ms (enqueue 0.0810425 ms)
[02/25/2026-14:55:32] [I] Average on 10 runs - GPU latency: 0.0983154 ms - Host latency: 0.0983154 ms (enqueue 0.0832764 ms)
[02/25/2026-14:55:32] [I] Average on 10 runs - GPU latency: 0.0956665 ms - Host latency: 0.0956665 ms (enqueue 0.0810669 ms)
[02/25/2026-14:55:32] [I] Average on 10 runs - GPU latency: 0.0966675 ms - Host latency: 0.0966675 ms (enqueue 0.0809082 ms)
[02/25/2026-14:55:32] [I] Average on 10 runs - GPU latency: 0.0946167 ms - Host latency: 0.0946167 ms (enqueue 0.0800293 ms)
[02/25/2026-14:55:32] [I] Average on 10 runs - GPU latency: 0.0978638 ms - Host latency: 0.0978638 ms (enqueue 0.0831055 ms)
[02/25/2026-14:55:32] [I] Average on 10 runs - GPU latency: 0.0978516 ms - Host latency: 0.0978516 ms (enqueue 0.0828003 ms)
[02/25/2026-14:55:32] [I] Average on 10 runs - GPU latency: 0.0984009 ms - Host latency: 0.0984009 ms (enqueue 0.0830933 ms)
[02/25/2026-14:55:32] [I] Average on 10 runs - GPU latency: 0.0975098 ms - Host latency: 0.0975098 ms (enqueue 0.081958 ms)
[02/25/2026-14:55:32] [I] Average on 10 runs - GPU latency: 0.0986572 ms - Host latency: 0.0986572 ms (enqueue 0.0839722 ms)
[02/25/2026-14:55:32] [I] Average on 10 runs - GPU latency: 0.0959717 ms - Host latency: 0.0959717 ms (enqueue 0.0808838 ms)
[02/25/2026-14:55:32] [I] Average on 10 runs - GPU latency: 0.0945313 ms - Host latency: 0.0945313 ms (enqueue 0.0799194 ms)
[02/25/2026-14:55:32] [I] Average on 10 runs - GPU latency: 0.0970703 ms - Host latency: 0.0970703 ms (enqueue 0.0817017 ms)
[02/25/2026-14:55:32] [I] Average on 10 runs - GPU latency: 0.0973999 ms - Host latency: 0.0973999 ms (enqueue 0.0814453 ms)
[02/25/2026-14:55:32] [I] Average on 10 runs - GPU latency: 0.0965942 ms - Host latency: 0.0965942 ms (enqueue 0.0811646 ms)
[02/25/2026-14:55:32] [I] Average on 10 runs - GPU latency: 0.0973511 ms - Host latency: 0.0973511 ms (enqueue 0.0825073 ms)
[02/25/2026-14:55:32] [I] Average on 10 runs - GPU latency: 0.0970093 ms - Host latency: 0.0970093 ms (enqueue 0.0825317 ms)
[02/25/2026-14:55:32] [I] Average on 10 runs - GPU latency: 0.0981201 ms - Host latency: 0.0981201 ms (enqueue 0.0835815 ms)
[02/25/2026-14:55:32] [I] Average on 10 runs - GPU latency: 0.0976318 ms - Host latency: 0.0976318 ms (enqueue 0.0815918 ms)
[02/25/2026-14:55:32] [I] Average on 10 runs - GPU latency: 0.0976685 ms - Host latency: 0.0976685 ms (enqueue 0.0827515 ms)
[02/25/2026-14:55:32] [I] Average on 10 runs - GPU latency: 0.0966431 ms - Host latency: 0.0966431 ms (enqueue 0.0818115 ms)
[02/25/2026-14:55:32] [I] Average on 10 runs - GPU latency: 0.0979004 ms - Host latency: 0.0979004 ms (enqueue 0.0834839 ms)
[02/25/2026-14:55:32] [I] Average on 10 runs - GPU latency: 0.0967163 ms - Host latency: 0.0967163 ms (enqueue 0.0819092 ms)
[02/25/2026-14:55:32] [I] Average on 10 runs - GPU latency: 0.0958618 ms - Host latency: 0.0958618 ms (enqueue 0.0813232 ms)
[02/25/2026-14:55:32] [I] Average on 10 runs - GPU latency: 0.0960449 ms - Host latency: 0.0960449 ms (enqueue 0.0810791 ms)
[02/25/2026-14:55:32] [I] Average on 10 runs - GPU latency: 0.0970459 ms - Host latency: 0.0970459 ms (enqueue 0.0827881 ms)
[02/25/2026-14:55:32] [I] Average on 10 runs - GPU latency: 0.0967285 ms - Host latency: 0.0967285 ms (enqueue 0.0805664 ms)
[02/25/2026-14:55:32] [I] Average on 10 runs - GPU latency: 0.0952026 ms - Host latency: 0.0952026 ms (enqueue 0.0805664 ms)
[02/25/2026-14:55:32] [I] Average on 10 runs - GPU latency: 0.0962769 ms - Host latency: 0.0962769 ms (enqueue 0.0809082 ms)
[02/25/2026-14:55:32] [I] Average on 10 runs - GPU latency: 0.0954834 ms - Host latency: 0.0954834 ms (enqueue 0.0821167 ms)
[02/25/2026-14:55:32] [I] Average on 10 runs - GPU latency: 0.0983887 ms - Host latency: 0.0983887 ms (enqueue 0.0813354 ms)
[02/25/2026-14:55:32] [I] Average on 10 runs - GPU latency: 0.0975342 ms - Host latency: 0.0975342 ms (enqueue 0.0828491 ms)
[02/25/2026-14:55:32] [I] Average on 10 runs - GPU latency: 0.0965088 ms - Host latency: 0.0965088 ms (enqueue 0.0812988 ms)
[02/25/2026-14:55:32] [I] Average on 10 runs - GPU latency: 0.096875 ms - Host latency: 0.096875 ms (enqueue 0.0822144 ms)
[02/25/2026-14:55:32] [I] Average on 10 runs - GPU latency: 0.100012 ms - Host latency: 0.100012 ms (enqueue 0.0844727 ms)
[02/25/2026-14:55:32] [I] Average on 10 runs - GPU latency: 0.0953735 ms - Host latency: 0.0953735 ms (enqueue 0.0801392 ms)
[02/25/2026-14:55:32] [I] Average on 10 runs - GPU latency: 0.0962891 ms - Host latency: 0.0962891 ms (enqueue 0.0815063 ms)
[02/25/2026-14:55:32] [I] Average on 10 runs - GPU latency: 0.0948242 ms - Host latency: 0.0948242 ms (enqueue 0.0795166 ms)
[02/25/2026-14:55:32] [I] Average on 10 runs - GPU latency: 0.100244 ms - Host latency: 0.100244 ms (enqueue 0.0854736 ms)
[02/25/2026-14:55:32] [I] Average on 10 runs - GPU latency: 0.0961304 ms - Host latency: 0.0961304 ms (enqueue 0.0807373 ms)
[02/25/2026-14:55:32] [I] Average on 10 runs - GPU latency: 0.0965942 ms - Host latency: 0.0965942 ms (enqueue 0.0819458 ms)
[02/25/2026-14:55:32] [I] Average on 10 runs - GPU latency: 0.0982666 ms - Host latency: 0.0982666 ms (enqueue 0.0829834 ms)
[02/25/2026-14:55:32] [I] Average on 10 runs - GPU latency: 0.0964355 ms - Host latency: 0.0964355 ms (enqueue 0.0817505 ms)
[02/25/2026-14:55:32] [I] Average on 10 runs - GPU latency: 0.0954468 ms - Host latency: 0.0954468 ms (enqueue 0.0803589 ms)
[02/25/2026-14:55:32] [I] Average on 10 runs - GPU latency: 0.0979004 ms - Host latency: 0.0979004 ms (enqueue 0.0826782 ms)
[02/25/2026-14:55:32] [I] Average on 10 runs - GPU latency: 0.0964844 ms - Host latency: 0.0964844 ms (enqueue 0.0818115 ms)
[02/25/2026-14:55:32] [I] Average on 10 runs - GPU latency: 0.0983154 ms - Host latency: 0.0983154 ms (enqueue 0.0842651 ms)
[02/25/2026-14:55:32] [I] Average on 10 runs - GPU latency: 0.0981323 ms - Host latency: 0.0981323 ms (enqueue 0.0821777 ms)
[02/25/2026-14:55:32] [I] Average on 10 runs - GPU latency: 0.0956177 ms - Host latency: 0.0956177 ms (enqueue 0.0812622 ms)
[02/25/2026-14:55:32] [I] Average on 10 runs - GPU latency: 0.0956543 ms - Host latency: 0.0956543 ms (enqueue 0.0807983 ms)
[02/25/2026-14:55:32] [I] Average on 10 runs - GPU latency: 0.0981445 ms - Host latency: 0.0981445 ms (enqueue 0.0834473 ms)
[02/25/2026-14:55:32] [I] Average on 10 runs - GPU latency: 0.0955689 ms - Host latency: 0.0955689 ms (enqueue 0.0812866 ms)
[02/25/2026-14:55:32] [I] Average on 10 runs - GPU latency: 0.0985352 ms - Host latency: 0.0985352 ms (enqueue 0.0823364 ms)
[02/25/2026-14:55:32] [I] Average on 10 runs - GPU latency: 0.0964844 ms - Host latency: 0.0964844 ms (enqueue 0.0811157 ms)
[02/25/2026-14:55:32] [I] Average on 10 runs - GPU latency: 0.0987305 ms - Host latency: 0.0987305 ms (enqueue 0.0836792 ms)
[02/25/2026-14:55:32] [I] Average on 10 runs - GPU latency: 0.0952637 ms - Host latency: 0.0952637 ms (enqueue 0.0801758 ms)
[02/25/2026-14:55:32] [I] Average on 10 runs - GPU latency: 0.0950195 ms - Host latency: 0.0950195 ms (enqueue 0.0803345 ms)
[02/25/2026-14:55:32] [I] Average on 10 runs - GPU latency: 0.0962036 ms - Host latency: 0.0962036 ms (enqueue 0.081311 ms)
[02/25/2026-14:55:32] [I] Average on 10 runs - GPU latency: 0.097876 ms - Host latency: 0.097876 ms (enqueue 0.0818726 ms)
[02/25/2026-14:55:32] [I] Average on 10 runs - GPU latency: 0.094812 ms - Host latency: 0.094812 ms (enqueue 0.0797485 ms)
[02/25/2026-14:55:32] [I] Average on 10 runs - GPU latency: 0.0955444 ms - Host latency: 0.0955444 ms (enqueue 0.0803955 ms)
[02/25/2026-14:55:32] [I] Average on 10 runs - GPU latency: 0.0951294 ms - Host latency: 0.0951294 ms (enqueue 0.0801025 ms)
[02/25/2026-14:55:32] [I] Average on 10 runs - GPU latency: 0.0973267 ms - Host latency: 0.0973267 ms (enqueue 0.0820312 ms)
[02/25/2026-14:55:32] [I] Average on 10 runs - GPU latency: 0.096106 ms - Host latency: 0.096106 ms (enqueue 0.0806519 ms)
[02/25/2026-14:55:32] [I] Average on 10 runs - GPU latency: 0.0964966 ms - Host latency: 0.0964966 ms (enqueue 0.0814697 ms)
[02/25/2026-14:55:32] [I] Average on 10 runs - GPU latency: 0.094751 ms - Host latency: 0.094751 ms (enqueue 0.0798462 ms)
[02/25/2026-14:55:32] [I] Average on 10 runs - GPU latency: 0.0986816 ms - Host latency: 0.0986816 ms (enqueue 0.0844482 ms)
[02/25/2026-14:55:32] [I] Average on 10 runs - GPU latency: 0.0972656 ms - Host latency: 0.0972656 ms (enqueue 0.0815918 ms)
[02/25/2026-14:55:32] [I] Average on 10 runs - GPU latency: 0.0958862 ms - Host latency: 0.0958862 ms (enqueue 0.0814331 ms)
[02/25/2026-14:55:32] [I] Average on 10 runs - GPU latency: 0.0958252 ms - Host latency: 0.0958252 ms (enqueue 0.0807861 ms)
[02/25/2026-14:55:32] [I] Average on 10 runs - GPU latency: 0.0985474 ms - Host latency: 0.0985474 ms (enqueue 0.0820801 ms)
[02/25/2026-14:55:32] [I] Average on 10 runs - GPU latency: 0.0955933 ms - Host latency: 0.0955933 ms (enqueue 0.0805664 ms)
[02/25/2026-14:55:32] [I] Average on 10 runs - GPU latency: 0.0953247 ms - Host latency: 0.0953247 ms (enqueue 0.0801514 ms)
[02/25/2026-14:55:32] [I] Average on 10 runs - GPU latency: 0.0956787 ms - Host latency: 0.0956787 ms (enqueue 0.0809937 ms)
[02/25/2026-14:55:32] [I] Average on 10 runs - GPU latency: 0.0974487 ms - Host latency: 0.0974487 ms (enqueue 0.0834351 ms)
[02/25/2026-14:55:32] [I] Average on 10 runs - GPU latency: 0.0971191 ms - Host latency: 0.0971191 ms (enqueue 0.0819702 ms)
[02/25/2026-14:55:32] [I] Average on 10 runs - GPU latency: 0.095752 ms - Host latency: 0.095752 ms (enqueue 0.0799927 ms)
[02/25/2026-14:55:32] [I] Average on 10 runs - GPU latency: 0.094751 ms - Host latency: 0.094751 ms (enqueue 0.079248 ms)
[02/25/2026-14:55:32] [I] Average on 10 runs - GPU latency: 0.0973145 ms - Host latency: 0.0973145 ms (enqueue 0.0833496 ms)
[02/25/2026-14:55:32] [I] Average on 10 runs - GPU latency: 0.0952515 ms - Host latency: 0.0952515 ms (enqueue 0.0810059 ms)
[02/25/2026-14:55:32] [I] Average on 10 runs - GPU latency: 0.0973999 ms - Host latency: 0.0973999 ms (enqueue 0.0821533 ms)
[02/25/2026-14:55:32] [I] Average on 10 runs - GPU latency: 0.0962402 ms - Host latency: 0.0962402 ms (enqueue 0.0817627 ms)
[02/25/2026-14:55:32] [I] Average on 10 runs - GPU latency: 0.0992187 ms - Host latency: 0.0992187 ms (enqueue 0.0834473 ms)
[02/25/2026-14:55:32] [I] Average on 10 runs - GPU latency: 0.0958008 ms - Host latency: 0.0958008 ms (enqueue 0.0810913 ms)
[02/25/2026-14:55:32] [I] Average on 10 runs - GPU latency: 0.0963135 ms - Host latency: 0.0963135 ms (enqueue 0.0814941 ms)
[02/25/2026-14:55:32] [I] Average on 10 runs - GPU latency: 0.0964844 ms - Host latency: 0.0964844 ms (enqueue 0.0813843 ms)
[02/25/2026-14:55:32] [I] Average on 10 runs - GPU latency: 0.0993286 ms - Host latency: 0.0993286 ms (enqueue 0.0842773 ms)
[02/25/2026-14:55:32] [I] Average on 10 runs - GPU latency: 0.0997925 ms - Host latency: 0.0997925 ms (enqueue 0.0832642 ms)
[02/25/2026-14:55:32] [I] Average on 10 runs - GPU latency: 0.0957031 ms - Host latency: 0.0957031 ms (enqueue 0.080896 ms)
[02/25/2026-14:55:32] [I] Average on 10 runs - GPU latency: 0.0957031 ms - Host latency: 0.0957031 ms (enqueue 0.080835 ms)
[02/25/2026-14:55:32] [I] Average on 10 runs - GPU latency: 0.0970947 ms - Host latency: 0.0970947 ms (enqueue 0.0824707 ms)
[02/25/2026-14:55:32] [I] Average on 10 runs - GPU latency: 0.0977295 ms - Host latency: 0.0977295 ms (enqueue 0.0821289 ms)
[02/25/2026-14:55:32] [I] Average on 10 runs - GPU latency: 0.0970459 ms - Host latency: 0.0970459 ms (enqueue 0.0820312 ms)
[02/25/2026-14:55:32] [I] Average on 10 runs - GPU latency: 0.0954834 ms - Host latency: 0.0954834 ms (enqueue 0.0808838 ms)
[02/25/2026-14:55:32] [I] Average on 10 runs - GPU latency: 0.0973877 ms - Host latency: 0.0973877 ms (enqueue 0.0821777 ms)
[02/25/2026-14:55:32] [I] Average on 10 runs - GPU latency: 0.0956543 ms - Host latency: 0.0956543 ms (enqueue 0.080542 ms)
[02/25/2026-14:55:32] [I] Average on 10 runs - GPU latency: 0.0957764 ms - Host latency: 0.0957764 ms (enqueue 0.0808838 ms)
[02/25/2026-14:55:32] [I] Average on 10 runs - GPU latency: 0.0955078 ms - Host latency: 0.0955078 ms (enqueue 0.0796631 ms)
[02/25/2026-14:55:32] [I] Average on 10 runs - GPU latency: 0.0975586 ms - Host latency: 0.0975586 ms (enqueue 0.0817627 ms)
[02/25/2026-14:55:32] [I] Average on 10 runs - GPU latency: 0.0958496 ms - Host latency: 0.0958496 ms (enqueue 0.0801758 ms)
[02/25/2026-14:55:32] [I] Average on 10 runs - GPU latency: 0.0957031 ms - Host latency: 0.0957031 ms (enqueue 0.0806152 ms)
[02/25/2026-14:55:32] [I] Average on 10 runs - GPU latency: 0.0950195 ms - Host latency: 0.0950195 ms (enqueue 0.0803223 ms)
[02/25/2026-14:55:32] [I] Average on 10 runs - GPU latency: 0.0956055 ms - Host latency: 0.0956055 ms (enqueue 0.0818359 ms)
[02/25/2026-14:55:32] [I] Average on 10 runs - GPU latency: 0.0971924 ms - Host latency: 0.0971924 ms (enqueue 0.0807617 ms)
[02/25/2026-14:55:32] [I] Average on 10 runs - GPU latency: 0.0960938 ms - Host latency: 0.0960938 ms (enqueue 0.0814209 ms)
[02/25/2026-14:55:32] [I] Average on 10 runs - GPU latency: 0.095459 ms - Host latency: 0.095459 ms (enqueue 0.0803955 ms)
[02/25/2026-14:55:32] [I] Average on 10 runs - GPU latency: 0.0958252 ms - Host latency: 0.0958252 ms (enqueue 0.0811035 ms)
[02/25/2026-14:55:32] [I] Average on 10 runs - GPU latency: 0.0968506 ms - Host latency: 0.0968506 ms (enqueue 0.0813232 ms)
[02/25/2026-14:55:32] [I] Average on 10 runs - GPU latency: 0.0955811 ms - Host latency: 0.0955811 ms (enqueue 0.0813477 ms)
[02/25/2026-14:55:32] [I] Average on 10 runs - GPU latency: 0.0991943 ms - Host latency: 0.0991943 ms (enqueue 0.0837158 ms)
[02/25/2026-14:55:32] [I] Average on 10 runs - GPU latency: 0.0970215 ms - Host latency: 0.0970215 ms (enqueue 0.0820801 ms)
[02/25/2026-14:55:32] [I] Average on 10 runs - GPU latency: 0.0991455 ms - Host latency: 0.0991455 ms (enqueue 0.0827881 ms)
[02/25/2026-14:55:32] [I] Average on 10 runs - GPU latency: 0.0965576 ms - Host latency: 0.0965576 ms (enqueue 0.0819824 ms)
[02/25/2026-14:55:32] [I] Average on 10 runs - GPU latency: 0.09646 ms - Host latency: 0.09646 ms (enqueue 0.080957 ms)
[02/25/2026-14:55:32] [I] Average on 10 runs - GPU latency: 0.0950684 ms - Host latency: 0.0950684 ms (enqueue 0.0802734 ms)
[02/25/2026-14:55:32] [I] Average on 10 runs - GPU latency: 0.0978516 ms - Host latency: 0.0978516 ms (enqueue 0.0833252 ms)
[02/25/2026-14:55:32] [I] Average on 10 runs - GPU latency: 0.0950195 ms - Host latency: 0.0950195 ms (enqueue 0.0806641 ms)
[02/25/2026-14:55:32] [I] Average on 10 runs - GPU latency: 0.0956543 ms - Host latency: 0.0956543 ms (enqueue 0.0807617 ms)
[02/25/2026-14:55:32] [I] Average on 10 runs - GPU latency: 0.0962158 ms - Host latency: 0.0962158 ms (enqueue 0.0814941 ms)
[02/25/2026-14:55:32] [I] Average on 10 runs - GPU latency: 0.0979492 ms - Host latency: 0.0979492 ms (enqueue 0.0829346 ms)
[02/25/2026-14:55:32] [I] Average on 10 runs - GPU latency: 0.095752 ms - Host latency: 0.095752 ms (enqueue 0.0805176 ms)
[02/25/2026-14:55:32] [I] Average on 10 runs - GPU latency: 0.0966797 ms - Host latency: 0.0966797 ms (enqueue 0.0811035 ms)
[02/25/2026-14:55:32] [I] Average on 10 runs - GPU latency: 0.094751 ms - Host latency: 0.094751 ms (enqueue 0.0802246 ms)
[02/25/2026-14:55:32] [I] Average on 10 runs - GPU latency: 0.0983887 ms - Host latency: 0.0983887 ms (enqueue 0.0821777 ms)
[02/25/2026-14:55:32] [I] Average on 10 runs - GPU latency: 0.094873 ms - Host latency: 0.094873 ms (enqueue 0.0795898 ms)
[02/25/2026-14:55:32] [I] Average on 10 runs - GPU latency: 0.0958984 ms - Host latency: 0.0958984 ms (enqueue 0.0811035 ms)
[02/25/2026-14:55:32] [I] Average on 10 runs - GPU latency: 0.095166 ms - Host latency: 0.095166 ms (enqueue 0.0798096 ms)
[02/25/2026-14:55:32] [I] Average on 10 runs - GPU latency: 0.0974365 ms - Host latency: 0.0974365 ms (enqueue 0.0835937 ms)
[02/25/2026-14:55:32] [I] Average on 10 runs - GPU latency: 0.0973877 ms - Host latency: 0.0973877 ms (enqueue 0.0815674 ms)
[02/25/2026-14:55:32] [I] Average on 10 runs - GPU latency: 0.0950928 ms - Host latency: 0.0950928 ms (enqueue 0.0808105 ms)
[02/25/2026-14:55:32] [I] Average on 10 runs - GPU latency: 0.0964111 ms - Host latency: 0.0964111 ms (enqueue 0.0811279 ms)
[02/25/2026-14:55:32] [I] Average on 10 runs - GPU latency: 0.0982178 ms - Host latency: 0.0982178 ms (enqueue 0.0826172 ms)
[02/25/2026-14:55:32] [I] Average on 10 runs - GPU latency: 0.0966797 ms - Host latency: 0.0966797 ms (enqueue 0.0814209 ms)
[02/25/2026-14:55:32] [I] Average on 10 runs - GPU latency: 0.0961182 ms - Host latency: 0.0961182 ms (enqueue 0.0813721 ms)
[02/25/2026-14:55:32] [I] Average on 10 runs - GPU latency: 0.0967285 ms - Host latency: 0.0967285 ms (enqueue 0.0814697 ms)
[02/25/2026-14:55:32] [I] Average on 10 runs - GPU latency: 0.0976807 ms - Host latency: 0.0976807 ms (enqueue 0.0839111 ms)
[02/25/2026-14:55:32] [I] Average on 10 runs - GPU latency: 0.0953857 ms - Host latency: 0.0953857 ms (enqueue 0.0807373 ms)
[02/25/2026-14:55:32] [I] Average on 10 runs - GPU latency: 0.0955811 ms - Host latency: 0.0955811 ms (enqueue 0.0801025 ms)
[02/25/2026-14:55:32] [I] Average on 10 runs - GPU latency: 0.0945068 ms - Host latency: 0.0945068 ms (enqueue 0.0804688 ms)
[02/25/2026-14:55:32] [I] Average on 10 runs - GPU latency: 0.0978516 ms - Host latency: 0.0978516 ms (enqueue 0.0831787 ms)
[02/25/2026-14:55:32] [I] Average on 10 runs - GPU latency: 0.0959229 ms - Host latency: 0.0959229 ms (enqueue 0.0817139 ms)
[02/25/2026-14:55:32] [I] Average on 10 runs - GPU latency: 0.0953125 ms - Host latency: 0.0953125 ms (enqueue 0.0802979 ms)
[02/25/2026-14:55:32] [I] Average on 10 runs - GPU latency: 0.0961426 ms - Host latency: 0.0961426 ms (enqueue 0.080835 ms)
[02/25/2026-14:55:32] [I] Average on 10 runs - GPU latency: 0.0994873 ms - Host latency: 0.0994873 ms (enqueue 0.08479 ms)
[02/25/2026-14:55:32] [I] Average on 10 runs - GPU latency: 0.0972412 ms - Host latency: 0.0972412 ms (enqueue 0.0816895 ms)
[02/25/2026-14:55:32] [I] Average on 10 runs - GPU latency: 0.0972168 ms - Host latency: 0.0972168 ms (enqueue 0.0820557 ms)
[02/25/2026-14:55:32] [I] Average on 10 runs - GPU latency: 0.0963135 ms - Host latency: 0.0963135 ms (enqueue 0.0817139 ms)
[02/25/2026-14:55:32] [I] Average on 10 runs - GPU latency: 0.0972412 ms - Host latency: 0.0972412 ms (enqueue 0.081958 ms)
[02/25/2026-14:55:32] [I] Average on 10 runs - GPU latency: 0.0950439 ms - Host latency: 0.0950439 ms (enqueue 0.0804932 ms)
[02/25/2026-14:55:32] [I] Average on 10 runs - GPU latency: 0.0958008 ms - Host latency: 0.0958008 ms (enqueue 0.0807617 ms)
[02/25/2026-14:55:32] [I] Average on 10 runs - GPU latency: 0.0950684 ms - Host latency: 0.0950684 ms (enqueue 0.0803467 ms)
[02/25/2026-14:55:32] [I] Average on 10 runs - GPU latency: 0.0970703 ms - Host latency: 0.0970703 ms (enqueue 0.0822266 ms)
[02/25/2026-14:55:32] [I] Average on 10 runs - GPU latency: 0.0961182 ms - Host latency: 0.0961182 ms (enqueue 0.0802979 ms)
[02/25/2026-14:55:32] [I] Average on 10 runs - GPU latency: 0.0945557 ms - Host latency: 0.0945557 ms (enqueue 0.080957 ms)
[02/25/2026-14:55:32] [I] Average on 10 runs - GPU latency: 0.0969238 ms - Host latency: 0.0969238 ms (enqueue 0.0814209 ms)
[02/25/2026-14:55:32] [I] Average on 10 runs - GPU latency: 0.0990967 ms - Host latency: 0.0990967 ms (enqueue 0.0819092 ms)
[02/25/2026-14:55:32] [I] Average on 10 runs - GPU latency: 0.0963379 ms - Host latency: 0.0963379 ms (enqueue 0.0812988 ms)
[02/25/2026-14:55:32] [I] Average on 10 runs - GPU latency: 0.0952637 ms - Host latency: 0.0952637 ms (enqueue 0.0806885 ms)
[02/25/2026-14:55:32] [I] Average on 10 runs - GPU latency: 0.0953369 ms - Host latency: 0.0953369 ms (enqueue 0.0804443 ms)
[02/25/2026-14:55:32] [I] Average on 10 runs - GPU latency: 0.0966797 ms - Host latency: 0.0966797 ms (enqueue 0.0824707 ms)
[02/25/2026-14:55:32] [I] Average on 10 runs - GPU latency: 0.0968506 ms - Host latency: 0.0968506 ms (enqueue 0.0816895 ms)
[02/25/2026-14:55:32] [I] Average on 10 runs - GPU latency: 0.0970703 ms - Host latency: 0.0970703 ms (enqueue 0.0820557 ms)
[02/25/2026-14:55:32] [I] Average on 10 runs - GPU latency: 0.0964111 ms - Host latency: 0.0964111 ms (enqueue 0.0815674 ms)
[02/25/2026-14:55:32] [I] Average on 10 runs - GPU latency: 0.0973633 ms - Host latency: 0.0973633 ms (enqueue 0.0826904 ms)
[02/25/2026-14:55:32] [I] Average on 10 runs - GPU latency: 0.0971924 ms - Host latency: 0.0971924 ms (enqueue 0.0817627 ms)
[02/25/2026-14:55:32] [I] Average on 10 runs - GPU latency: 0.0958252 ms - Host latency: 0.0958252 ms (enqueue 0.0810547 ms)
[02/25/2026-14:55:32] [I] Average on 10 runs - GPU latency: 0.0976562 ms - Host latency: 0.0976562 ms (enqueue 0.0810059 ms)
[02/25/2026-14:55:32] [I] Average on 10 runs - GPU latency: 0.0951904 ms - Host latency: 0.0951904 ms (enqueue 0.0816162 ms)
[02/25/2026-14:55:32] [I] Average on 10 runs - GPU latency: 0.0971924 ms - Host latency: 0.0971924 ms (enqueue 0.080249 ms)
[02/25/2026-14:55:32] [I] Average on 10 runs - GPU latency: 0.0953857 ms - Host latency: 0.0953857 ms (enqueue 0.0806396 ms)
[02/25/2026-14:55:32] [I] Average on 10 runs - GPU latency: 0.0967041 ms - Host latency: 0.0967041 ms (enqueue 0.081665 ms)
[02/25/2026-14:55:32] [I] Average on 10 runs - GPU latency: 0.0962891 ms - Host latency: 0.0962891 ms (enqueue 0.080835 ms)
[02/25/2026-14:55:32] [I] Average on 10 runs - GPU latency: 0.0984619 ms - Host latency: 0.0984619 ms (enqueue 0.0841797 ms)
[02/25/2026-14:55:32] [I] Average on 10 runs - GPU latency: 0.0965576 ms - Host latency: 0.0965576 ms (enqueue 0.080835 ms)
[02/25/2026-14:55:32] [I] Average on 10 runs - GPU latency: 0.0952148 ms - Host latency: 0.0952148 ms (enqueue 0.0798828 ms)
[02/25/2026-14:55:32] [I] Average on 10 runs - GPU latency: 0.0947998 ms - Host latency: 0.0947998 ms (enqueue 0.080542 ms)
[02/25/2026-14:55:32] [I] Average on 10 runs - GPU latency: 0.0968262 ms - Host latency: 0.0968262 ms (enqueue 0.0820068 ms)
[02/25/2026-14:55:32] [I] Average on 10 runs - GPU latency: 0.0965088 ms - Host latency: 0.0965088 ms (enqueue 0.0816895 ms)
[02/25/2026-14:55:32] [I] Average on 10 runs - GPU latency: 0.0977783 ms - Host latency: 0.0977783 ms (enqueue 0.0818115 ms)
[02/25/2026-14:55:32] [I] Average on 10 runs - GPU latency: 0.0974609 ms - Host latency: 0.0974609 ms (enqueue 0.0821289 ms)
[02/25/2026-14:55:32] [I] Average on 10 runs - GPU latency: 0.0979492 ms - Host latency: 0.0979492 ms (enqueue 0.0837158 ms)
[02/25/2026-14:55:32] [I] Average on 10 runs - GPU latency: 0.09646 ms - Host latency: 0.09646 ms (enqueue 0.0815186 ms)
[02/25/2026-14:55:32] [I] Average on 10 runs - GPU latency: 0.0963379 ms - Host latency: 0.0963379 ms (enqueue 0.0814697 ms)
[02/25/2026-14:55:32] [I] Average on 10 runs - GPU latency: 0.0967529 ms - Host latency: 0.0967529 ms (enqueue 0.0815186 ms)
[02/25/2026-14:55:32] [I] Average on 10 runs - GPU latency: 0.0996826 ms - Host latency: 0.0996826 ms (enqueue 0.0835449 ms)
[02/25/2026-14:55:32] [I] Average on 10 runs - GPU latency: 0.0963623 ms - Host latency: 0.0963623 ms (enqueue 0.08125 ms)
[02/25/2026-14:55:32] [I] Average on 10 runs - GPU latency: 0.095874 ms - Host latency: 0.095874 ms (enqueue 0.0815186 ms)
[02/25/2026-14:55:32] [I] Average on 10 runs - GPU latency: 0.0962646 ms - Host latency: 0.0962646 ms (enqueue 0.0810791 ms)
[02/25/2026-14:55:32] [I] Average on 10 runs - GPU latency: 0.0986328 ms - Host latency: 0.0986328 ms (enqueue 0.0828613 ms)
[02/25/2026-14:55:32] [I] Average on 10 runs - GPU latency: 0.0976318 ms - Host latency: 0.0976318 ms (enqueue 0.0823486 ms)
[02/25/2026-14:55:32] [I] Average on 10 runs - GPU latency: 0.0967041 ms - Host latency: 0.0967041 ms (enqueue 0.0815918 ms)
[02/25/2026-14:55:32] [I] Average on 10 runs - GPU latency: 0.095874 ms - Host latency: 0.095874 ms (enqueue 0.0813477 ms)
[02/25/2026-14:55:32] [I] Average on 10 runs - GPU latency: 0.0986328 ms - Host latency: 0.0986328 ms (enqueue 0.0843506 ms)
[02/25/2026-14:55:32] [I] Average on 10 runs - GPU latency: 0.0971191 ms - Host latency: 0.0971191 ms (enqueue 0.0820068 ms)
[02/25/2026-14:55:32] [I] Average on 10 runs - GPU latency: 0.0950928 ms - Host latency: 0.0950928 ms (enqueue 0.0805176 ms)
[02/25/2026-14:55:32] [I] Average on 10 runs - GPU latency: 0.0960449 ms - Host latency: 0.0960449 ms (enqueue 0.08125 ms)
[02/25/2026-14:55:32] [I] Average on 10 runs - GPU latency: 0.0979248 ms - Host latency: 0.0979248 ms (enqueue 0.0827148 ms)
[02/25/2026-14:55:32] [I] Average on 10 runs - GPU latency: 0.0966797 ms - Host latency: 0.0966797 ms (enqueue 0.0818603 ms)
[02/25/2026-14:55:32] [I] Average on 10 runs - GPU latency: 0.0975586 ms - Host latency: 0.0975586 ms (enqueue 0.0822266 ms)
[02/25/2026-14:55:32] [I] Average on 10 runs - GPU latency: 0.0964355 ms - Host latency: 0.0964355 ms (enqueue 0.08125 ms)
[02/25/2026-14:55:32] [I] Average on 10 runs - GPU latency: 0.0979004 ms - Host latency: 0.0979004 ms (enqueue 0.0825684 ms)
[02/25/2026-14:55:32] [I] Average on 10 runs - GPU latency: 0.0958496 ms - Host latency: 0.0958496 ms (enqueue 0.0813477 ms)
[02/25/2026-14:55:32] [I] Average on 10 runs - GPU latency: 0.0968506 ms - Host latency: 0.0968506 ms (enqueue 0.08125 ms)
[02/25/2026-14:55:32] [I] Average on 10 runs - GPU latency: 0.0951904 ms - Host latency: 0.0951904 ms (enqueue 0.0801758 ms)
[02/25/2026-14:55:32] [I] Average on 10 runs - GPU latency: 0.0987061 ms - Host latency: 0.0987061 ms (enqueue 0.083667 ms)
[02/25/2026-14:55:32] [I] Average on 10 runs - GPU latency: 0.0963135 ms - Host latency: 0.0963135 ms (enqueue 0.0812744 ms)
[02/25/2026-14:55:32] [I] Average on 10 runs - GPU latency: 0.0956787 ms - Host latency: 0.0956787 ms (enqueue 0.0793457 ms)
[02/25/2026-14:55:32] [I] Average on 10 runs - GPU latency: 0.0941895 ms - Host latency: 0.0941895 ms (enqueue 0.0813477 ms)
[02/25/2026-14:55:32] [I] Average on 10 runs - GPU latency: 0.0998047 ms - Host latency: 0.0998047 ms (enqueue 0.0826416 ms)
[02/25/2026-14:55:32] [I] Average on 10 runs - GPU latency: 0.0954834 ms - Host latency: 0.0954834 ms (enqueue 0.0807129 ms)
[02/25/2026-14:55:32] [I] Average on 10 runs - GPU latency: 0.0962646 ms - Host latency: 0.0962646 ms (enqueue 0.0814697 ms)
[02/25/2026-14:55:32] [I] Average on 10 runs - GPU latency: 0.096167 ms - Host latency: 0.096167 ms (enqueue 0.0812744 ms)
[02/25/2026-14:55:32] [I] Average on 10 runs - GPU latency: 0.101514 ms - Host latency: 0.101514 ms (enqueue 0.0854004 ms)
[02/25/2026-14:55:32] [I] Average on 10 runs - GPU latency: 0.09646 ms - Host latency: 0.09646 ms (enqueue 0.081543 ms)
[02/25/2026-14:55:32] [I] Average on 10 runs - GPU latency: 0.0969238 ms - Host latency: 0.0969238 ms (enqueue 0.081958 ms)
[02/25/2026-14:55:32] [I] Average on 10 runs - GPU latency: 0.0957275 ms - Host latency: 0.0957275 ms (enqueue 0.0809814 ms)
[02/25/2026-14:55:32] [I] Average on 10 runs - GPU latency: 0.0974121 ms - Host latency: 0.0974121 ms (enqueue 0.083252 ms)
[02/25/2026-14:55:32] [I] Average on 10 runs - GPU latency: 0.0960693 ms - Host latency: 0.0960693 ms (enqueue 0.0804932 ms)
[02/25/2026-14:55:32] [I] Average on 10 runs - GPU latency: 0.0960938 ms - Host latency: 0.0960938 ms (enqueue 0.0821289 ms)
[02/25/2026-14:55:32] [I] Average on 10 runs - GPU latency: 0.0978272 ms - Host latency: 0.0978272 ms (enqueue 0.0822266 ms)
[02/25/2026-14:55:32] [I] Average on 10 runs - GPU latency: 0.0977539 ms - Host latency: 0.0977539 ms (enqueue 0.0830811 ms)
[02/25/2026-14:55:32] [I] Average on 10 runs - GPU latency: 0.0967773 ms - Host latency: 0.0967773 ms (enqueue 0.0813721 ms)
[02/25/2026-14:55:32] [I] Average on 10 runs - GPU latency: 0.0957764 ms - Host latency: 0.0957764 ms (enqueue 0.0813477 ms)
[02/25/2026-14:55:32] [I] Average on 10 runs - GPU latency: 0.0978516 ms - Host latency: 0.0978516 ms (enqueue 0.0807129 ms)
[02/25/2026-14:55:32] [I] Average on 10 runs - GPU latency: 0.0983887 ms - Host latency: 0.0983887 ms (enqueue 0.0842529 ms)
[02/25/2026-14:55:32] [I] Average on 10 runs - GPU latency: 0.0982422 ms - Host latency: 0.0982422 ms (enqueue 0.0827393 ms)
[02/25/2026-14:55:32] [I] Average on 10 runs - GPU latency: 0.0954834 ms - Host latency: 0.0954834 ms (enqueue 0.080542 ms)
[02/25/2026-14:55:32] [I] Average on 10 runs - GPU latency: 0.0954102 ms - Host latency: 0.0954102 ms (enqueue 0.080542 ms)
[02/25/2026-14:55:32] [I] Average on 10 runs - GPU latency: 0.0966797 ms - Host latency: 0.0966797 ms (enqueue 0.0814697 ms)
[02/25/2026-14:55:32] [I] Average on 10 runs - GPU latency: 0.0955078 ms - Host latency: 0.0955078 ms (enqueue 0.0803711 ms)
[02/25/2026-14:55:32] [I] Average on 10 runs - GPU latency: 0.0953613 ms - Host latency: 0.0953613 ms (enqueue 0.0802734 ms)
[02/25/2026-14:55:32] [I] Average on 10 runs - GPU latency: 0.0960693 ms - Host latency: 0.0960693 ms (enqueue 0.0814209 ms)
[02/25/2026-14:55:32] [I] Average on 10 runs - GPU latency: 0.0984863 ms - Host latency: 0.0984863 ms (enqueue 0.0822266 ms)
[02/25/2026-14:55:32] [I] Average on 10 runs - GPU latency: 0.0968506 ms - Host latency: 0.0968506 ms (enqueue 0.0810303 ms)
[02/25/2026-14:55:32] [I] Average on 10 runs - GPU latency: 0.0955566 ms - Host latency: 0.0955566 ms (enqueue 0.0810303 ms)
[02/25/2026-14:55:32] [I] Average on 10 runs - GPU latency: 0.0959473 ms - Host latency: 0.0959473 ms (enqueue 0.0801514 ms)
[02/25/2026-14:55:32] [I] Average on 10 runs - GPU latency: 0.0970459 ms - Host latency: 0.0970459 ms (enqueue 0.0830322 ms)
[02/25/2026-14:55:32] [I] Average on 10 runs - GPU latency: 0.0970215 ms - Host latency: 0.0970215 ms (enqueue 0.0814453 ms)
[02/25/2026-14:55:32] [I] Average on 10 runs - GPU latency: 0.0953125 ms - Host latency: 0.0953125 ms (enqueue 0.0809814 ms)
[02/25/2026-14:55:32] [I] Average on 10 runs - GPU latency: 0.0956543 ms - Host latency: 0.0956543 ms (enqueue 0.0804932 ms)
[02/25/2026-14:55:32] [I] Average on 10 runs - GPU latency: 0.096875 ms - Host latency: 0.096875 ms (enqueue 0.0831055 ms)
[02/25/2026-14:55:32] [I] Average on 10 runs - GPU latency: 0.0969482 ms - Host latency: 0.0969482 ms (enqueue 0.0799561 ms)
[02/25/2026-14:55:32] [I] Average on 10 runs - GPU latency: 0.0946777 ms - Host latency: 0.0946777 ms (enqueue 0.0797119 ms)
[02/25/2026-14:55:32] [I] Average on 10 runs - GPU latency: 0.0949219 ms - Host latency: 0.0949219 ms (enqueue 0.0793945 ms)
[02/25/2026-14:55:32] [I] Average on 10 runs - GPU latency: 0.095874 ms - Host latency: 0.095874 ms (enqueue 0.0814697 ms)
[02/25/2026-14:55:32] [I] Average on 10 runs - GPU latency: 0.0989746 ms - Host latency: 0.0989746 ms (enqueue 0.0835937 ms)
[02/25/2026-14:55:32] [I] Average on 10 runs - GPU latency: 0.0969727 ms - Host latency: 0.0969727 ms (enqueue 0.0816406 ms)
[02/25/2026-14:55:32] [I] Average on 10 runs - GPU latency: 0.0962158 ms - Host latency: 0.0962158 ms (enqueue 0.0813477 ms)
[02/25/2026-14:55:32] [I] Average on 10 runs - GPU latency: 0.0952148 ms - Host latency: 0.0952148 ms (enqueue 0.080127 ms)
[02/25/2026-14:55:32] [I] Average on 10 runs - GPU latency: 0.0969727 ms - Host latency: 0.0969727 ms (enqueue 0.0827637 ms)
[02/25/2026-14:55:32] [I] Average on 10 runs - GPU latency: 0.0958252 ms - Host latency: 0.0958252 ms (enqueue 0.0810547 ms)
[02/25/2026-14:55:32] [I] Average on 10 runs - GPU latency: 0.0959229 ms - Host latency: 0.0959229 ms (enqueue 0.0806885 ms)
[02/25/2026-14:55:32] [I] Average on 10 runs - GPU latency: 0.097876 ms - Host latency: 0.097876 ms (enqueue 0.0825684 ms)
[02/25/2026-14:55:32] [I] Average on 10 runs - GPU latency: 0.0984619 ms - Host latency: 0.0984619 ms (enqueue 0.0835449 ms)
[02/25/2026-14:55:32] [I] Average on 10 runs - GPU latency: 0.0962158 ms - Host latency: 0.0962158 ms (enqueue 0.0811035 ms)
[02/25/2026-14:55:32] [I] Average on 10 runs - GPU latency: 0.0954346 ms - Host latency: 0.0954346 ms (enqueue 0.0811523 ms)
[02/25/2026-14:55:32] [I] Average on 10 runs - GPU latency: 0.0974365 ms - Host latency: 0.0974365 ms (enqueue 0.0821045 ms)
[02/25/2026-14:55:32] [I] Average on 10 runs - GPU latency: 0.0993896 ms - Host latency: 0.0993896 ms (enqueue 0.0838379 ms)
[02/25/2026-14:55:32] [I] Average on 10 runs - GPU latency: 0.0970459 ms - Host latency: 0.0970459 ms (enqueue 0.0821777 ms)
[02/25/2026-14:55:32] [I] Average on 10 runs - GPU latency: 0.0961914 ms - Host latency: 0.0961914 ms (enqueue 0.0809814 ms)
[02/25/2026-14:55:32] [I] Average on 10 runs - GPU latency: 0.0968018 ms - Host latency: 0.0968018 ms (enqueue 0.0821533 ms)
[02/25/2026-14:55:32] [I] Average on 10 runs - GPU latency: 0.0988037 ms - Host latency: 0.0988037 ms (enqueue 0.0818603 ms)
[02/25/2026-14:55:32] [I] Average on 10 runs - GPU latency: 0.0949463 ms - Host latency: 0.0949463 ms (enqueue 0.0801514 ms)
[02/25/2026-14:55:32] [I] Average on 10 runs - GPU latency: 0.0964355 ms - Host latency: 0.0964355 ms (enqueue 0.0818848 ms)
[02/25/2026-14:55:32] [I] Average on 10 runs - GPU latency: 0.0963379 ms - Host latency: 0.0963379 ms (enqueue 0.0810547 ms)
[02/25/2026-14:55:32] [I] Average on 10 runs - GPU latency: 0.0988037 ms - Host latency: 0.0988037 ms (enqueue 0.0843262 ms)
[02/25/2026-14:55:32] [I] Average on 10 runs - GPU latency: 0.095752 ms - Host latency: 0.095752 ms (enqueue 0.0806885 ms)
[02/25/2026-14:55:32] [I] Average on 10 runs - GPU latency: 0.0963623 ms - Host latency: 0.0963623 ms (enqueue 0.0814209 ms)
[02/25/2026-14:55:32] [I] Average on 10 runs - GPU latency: 0.0955811 ms - Host latency: 0.0955811 ms (enqueue 0.0807129 ms)
[02/25/2026-14:55:32] [I] Average on 10 runs - GPU latency: 0.100879 ms - Host latency: 0.100879 ms (enqueue 0.0837891 ms)
[02/25/2026-14:55:32] [I] Average on 10 runs - GPU latency: 0.0952637 ms - Host latency: 0.0952637 ms (enqueue 0.080542 ms)
[02/25/2026-14:55:32] [I] Average on 10 runs - GPU latency: 0.0963135 ms - Host latency: 0.0963135 ms (enqueue 0.081543 ms)
[02/25/2026-14:55:32] [I] Average on 10 runs - GPU latency: 0.0975342 ms - Host latency: 0.0975342 ms (enqueue 0.0820557 ms)
[02/25/2026-14:55:32] [I] Average on 10 runs - GPU latency: 0.0979248 ms - Host latency: 0.0979248 ms (enqueue 0.0835449 ms)
[02/25/2026-14:55:32] [I] Average on 10 runs - GPU latency: 0.0955811 ms - Host latency: 0.0955811 ms (enqueue 0.0798584 ms)
[02/25/2026-14:55:32] [I] Average on 10 runs - GPU latency: 0.0950439 ms - Host latency: 0.0950439 ms (enqueue 0.0809082 ms)
[02/25/2026-14:55:32] [I] Average on 10 runs - GPU latency: 0.094751 ms - Host latency: 0.094751 ms (enqueue 0.0796631 ms)
[02/25/2026-14:55:32] [I] Average on 10 runs - GPU latency: 0.097168 ms - Host latency: 0.097168 ms (enqueue 0.0822022 ms)
[02/25/2026-14:55:32] [I] Average on 10 runs - GPU latency: 0.0953125 ms - Host latency: 0.0953125 ms (enqueue 0.0812256 ms)
[02/25/2026-14:55:32] [I] Average on 10 runs - GPU latency: 0.09729 ms - Host latency: 0.09729 ms (enqueue 0.0821777 ms)
[02/25/2026-14:55:32] [I] Average on 10 runs - GPU latency: 0.0968018 ms - Host latency: 0.0968018 ms (enqueue 0.0815674 ms)
[02/25/2026-14:55:32] [I] Average on 10 runs - GPU latency: 0.0994141 ms - Host latency: 0.0994141 ms (enqueue 0.085083 ms)
[02/25/2026-14:55:32] [I] Average on 10 runs - GPU latency: 0.0964355 ms - Host latency: 0.0964355 ms (enqueue 0.0805908 ms)
[02/25/2026-14:55:32] [I] Average on 10 runs - GPU latency: 0.0954102 ms - Host latency: 0.0954102 ms (enqueue 0.0810059 ms)
[02/25/2026-14:55:32] [I] Average on 10 runs - GPU latency: 0.0956055 ms - Host latency: 0.0956055 ms (enqueue 0.080249 ms)
[02/25/2026-14:55:32] [I] Average on 10 runs - GPU latency: 0.101343 ms - Host latency: 0.101343 ms (enqueue 0.0865723 ms)
[02/25/2026-14:55:32] [I] Average on 10 runs - GPU latency: 0.096875 ms - Host latency: 0.096875 ms (enqueue 0.0822998 ms)
[02/25/2026-14:55:32] [I] Average on 10 runs - GPU latency: 0.0963379 ms - Host latency: 0.0963379 ms (enqueue 0.0810791 ms)
[02/25/2026-14:55:32] [I] Average on 10 runs - GPU latency: 0.0974365 ms - Host latency: 0.0974365 ms (enqueue 0.0823486 ms)
[02/25/2026-14:55:32] [I] Average on 10 runs - GPU latency: 0.0975586 ms - Host latency: 0.0975586 ms (enqueue 0.0830322 ms)
[02/25/2026-14:55:32] [I] Average on 10 runs - GPU latency: 0.0969482 ms - Host latency: 0.0969482 ms (enqueue 0.0822754 ms)
[02/25/2026-14:55:32] [I] Average on 10 runs - GPU latency: 0.0969238 ms - Host latency: 0.0969238 ms (enqueue 0.0810547 ms)
[02/25/2026-14:55:32] [I] Average on 10 runs - GPU latency: 0.0970703 ms - Host latency: 0.0970703 ms (enqueue 0.0820068 ms)
[02/25/2026-14:55:32] [I] Average on 10 runs - GPU latency: 0.097876 ms - Host latency: 0.097876 ms (enqueue 0.0830566 ms)
[02/25/2026-14:55:32] [I] Average on 10 runs - GPU latency: 0.0967529 ms - Host latency: 0.0967529 ms (enqueue 0.0817139 ms)
[02/25/2026-14:55:32] [I] Average on 10 runs - GPU latency: 0.0969727 ms - Host latency: 0.0969727 ms (enqueue 0.0823242 ms)
[02/25/2026-14:55:32] [I] Average on 10 runs - GPU latency: 0.0956543 ms - Host latency: 0.0956543 ms (enqueue 0.0807129 ms)
[02/25/2026-14:55:32] [I] Average on 10 runs - GPU latency: 0.0990479 ms - Host latency: 0.0990479 ms (enqueue 0.084375 ms)
[02/25/2026-14:55:32] [I] Average on 10 runs - GPU latency: 0.0958008 ms - Host latency: 0.0958008 ms (enqueue 0.0803467 ms)
[02/25/2026-14:55:32] [I] Average on 10 runs - GPU latency: 0.0951416 ms - Host latency: 0.0951416 ms (enqueue 0.0811523 ms)
[02/25/2026-14:55:32] [I] Average on 10 runs - GPU latency: 0.0955566 ms - Host latency: 0.0955566 ms (enqueue 0.0804443 ms)
[02/25/2026-14:55:32] [I] Average on 10 runs - GPU latency: 0.0986572 ms - Host latency: 0.0986572 ms (enqueue 0.0824463 ms)
[02/25/2026-14:55:32] [I] Average on 10 runs - GPU latency: 0.0963135 ms - Host latency: 0.0963135 ms (enqueue 0.0810791 ms)
[02/25/2026-14:55:32] [I] Average on 10 runs - GPU latency: 0.0962646 ms - Host latency: 0.0962646 ms (enqueue 0.0809326 ms)
[02/25/2026-14:55:32] [I] Average on 10 runs - GPU latency: 0.0952148 ms - Host latency: 0.0952148 ms (enqueue 0.0802734 ms)
[02/25/2026-14:55:32] [I] Average on 10 runs - GPU latency: 0.097168 ms - Host latency: 0.097168 ms (enqueue 0.082959 ms)
[02/25/2026-14:55:32] [I] Average on 10 runs - GPU latency: 0.0956543 ms - Host latency: 0.0956543 ms (enqueue 0.0800537 ms)
[02/25/2026-14:55:32] [I] Average on 10 runs - GPU latency: 0.0959961 ms - Host latency: 0.0959961 ms (enqueue 0.0813477 ms)
[02/25/2026-14:55:32] [I] Average on 10 runs - GPU latency: 0.0958008 ms - Host latency: 0.0958008 ms (enqueue 0.0799316 ms)
[02/25/2026-14:55:32] [I] Average on 10 runs - GPU latency: 0.0963379 ms - Host latency: 0.0963379 ms (enqueue 0.0826172 ms)
[02/25/2026-14:55:32] [I] Average on 10 runs - GPU latency: 0.0964111 ms - Host latency: 0.0964111 ms (enqueue 0.0818603 ms)
[02/25/2026-14:55:32] [I] Average on 10 runs - GPU latency: 0.0953125 ms - Host latency: 0.0953125 ms (enqueue 0.0800293 ms)
[02/25/2026-14:55:32] [I] Average on 10 runs - GPU latency: 0.0958252 ms - Host latency: 0.0958252 ms (enqueue 0.0808838 ms)
[02/25/2026-14:55:32] [I] Average on 10 runs - GPU latency: 0.0962646 ms - Host latency: 0.0962646 ms (enqueue 0.0821289 ms)
[02/25/2026-14:55:32] [I] Average on 10 runs - GPU latency: 0.098999 ms - Host latency: 0.098999 ms (enqueue 0.081958 ms)
[02/25/2026-14:55:32] [I] Average on 10 runs - GPU latency: 0.0953613 ms - Host latency: 0.0953613 ms (enqueue 0.0806152 ms)
[02/25/2026-14:55:32] [I] Average on 10 runs - GPU latency: 0.0952881 ms - Host latency: 0.0952881 ms (enqueue 0.0806885 ms)
[02/25/2026-14:55:32] [I] Average on 10 runs - GPU latency: 0.0965576 ms - Host latency: 0.0965576 ms (enqueue 0.0833984 ms)
[02/25/2026-14:55:32] [I] Average on 10 runs - GPU latency: 0.0988281 ms - Host latency: 0.0988281 ms (enqueue 0.0832275 ms)
[02/25/2026-14:55:32] [I] Average on 10 runs - GPU latency: 0.0965576 ms - Host latency: 0.0965576 ms (enqueue 0.0814209 ms)
[02/25/2026-14:55:32] [I] Average on 10 runs - GPU latency: 0.0955078 ms - Host latency: 0.0955078 ms (enqueue 0.0804443 ms)
[02/25/2026-14:55:32] [I] Average on 10 runs - GPU latency: 0.0964355 ms - Host latency: 0.0964355 ms (enqueue 0.0816162 ms)
[02/25/2026-14:55:32] [I] Average on 10 runs - GPU latency: 0.0981689 ms - Host latency: 0.0981689 ms (enqueue 0.0834473 ms)
[02/25/2026-14:55:32] [I] Average on 10 runs - GPU latency: 0.0977539 ms - Host latency: 0.0977539 ms (enqueue 0.0825684 ms)
[02/25/2026-14:55:32] [I] Average on 10 runs - GPU latency: 0.0957764 ms - Host latency: 0.0957764 ms (enqueue 0.0812256 ms)
[02/25/2026-14:55:32] [I] Average on 10 runs - GPU latency: 0.0970459 ms - Host latency: 0.0970459 ms (enqueue 0.0820068 ms)
[02/25/2026-14:55:32] [I] Average on 10 runs - GPU latency: 0.0974609 ms - Host latency: 0.0974609 ms (enqueue 0.0819092 ms)
[02/25/2026-14:55:32] [I] Average on 10 runs - GPU latency: 0.094751 ms - Host latency: 0.094751 ms (enqueue 0.0800537 ms)
[02/25/2026-14:55:32] [I] Average on 10 runs - GPU latency: 0.0958984 ms - Host latency: 0.0958984 ms (enqueue 0.0807861 ms)
[02/25/2026-14:55:32] [I] Average on 10 runs - GPU latency: 0.0956055 ms - Host latency: 0.0956055 ms (enqueue 0.0809082 ms)
[02/25/2026-14:55:32] [I] Average on 10 runs - GPU latency: 0.0991943 ms - Host latency: 0.0991943 ms (enqueue 0.0851807 ms)
[02/25/2026-14:55:32] [I] Average on 10 runs - GPU latency: 0.0950928 ms - Host latency: 0.0950928 ms (enqueue 0.0802002 ms)
[02/25/2026-14:55:32] [I] Average on 10 runs - GPU latency: 0.0959717 ms - Host latency: 0.0959717 ms (enqueue 0.0812256 ms)
[02/25/2026-14:55:32] [I] Average on 10 runs - GPU latency: 0.0951172 ms - Host latency: 0.0951172 ms (enqueue 0.0799561 ms)
[02/25/2026-14:55:32] [I] Average on 10 runs - GPU latency: 0.0989746 ms - Host latency: 0.0989746 ms (enqueue 0.0832764 ms)
[02/25/2026-14:55:32] [I] Average on 10 runs - GPU latency: 0.0956543 ms - Host latency: 0.0956543 ms (enqueue 0.0808105 ms)
[02/25/2026-14:55:32] [I] Average on 10 runs - GPU latency: 0.0957031 ms - Host latency: 0.0957031 ms (enqueue 0.0813477 ms)
[02/25/2026-14:55:32] [I] Average on 10 runs - GPU latency: 0.0979736 ms - Host latency: 0.0979736 ms (enqueue 0.0821777 ms)
[02/25/2026-14:55:32] [I] Average on 10 runs - GPU latency: 0.0975098 ms - Host latency: 0.0975098 ms (enqueue 0.0828125 ms)
[02/25/2026-14:55:32] [I] Average on 10 runs - GPU latency: 0.0947754 ms - Host latency: 0.0947754 ms (enqueue 0.0792236 ms)
[02/25/2026-14:55:32] [I] Average on 10 runs - GPU latency: 0.0955566 ms - Host latency: 0.0955566 ms (enqueue 0.0812256 ms)
[02/25/2026-14:55:32] [I] Average on 10 runs - GPU latency: 0.0957031 ms - Host latency: 0.0957031 ms (enqueue 0.0807373 ms)
[02/25/2026-14:55:32] [I] Average on 10 runs - GPU latency: 0.0980469 ms - Host latency: 0.0980469 ms (enqueue 0.0830566 ms)
[02/25/2026-14:55:32] [I] Average on 10 runs - GPU latency: 0.0964844 ms - Host latency: 0.0964844 ms (enqueue 0.0820312 ms)
[02/25/2026-14:55:32] [I] Average on 10 runs - GPU latency: 0.0965576 ms - Host latency: 0.0965576 ms (enqueue 0.081543 ms)
[02/25/2026-14:55:32] [I] Average on 10 runs - GPU latency: 0.0954834 ms - Host latency: 0.0954834 ms (enqueue 0.0804688 ms)
[02/25/2026-14:55:32] [I] Average on 10 runs - GPU latency: 0.0971436 ms - Host latency: 0.0971436 ms (enqueue 0.0826416 ms)
[02/25/2026-14:55:32] [I] Average on 10 runs - GPU latency: 0.0967285 ms - Host latency: 0.0967285 ms (enqueue 0.0816162 ms)
[02/25/2026-14:55:32] [I] Average on 10 runs - GPU latency: 0.0981445 ms - Host latency: 0.0981445 ms (enqueue 0.082251 ms)
[02/25/2026-14:55:32] [I] Average on 10 runs - GPU latency: 0.0974853 ms - Host latency: 0.0974853 ms (enqueue 0.0818848 ms)
[02/25/2026-14:55:32] [I] Average on 10 runs - GPU latency: 0.0987549 ms - Host latency: 0.0987549 ms (enqueue 0.0839844 ms)
[02/25/2026-14:55:32] [I] Average on 10 runs - GPU latency: 0.0963623 ms - Host latency: 0.0963623 ms (enqueue 0.0813721 ms)
[02/25/2026-14:55:32] [I] Average on 10 runs - GPU latency: 0.0961426 ms - Host latency: 0.0961426 ms (enqueue 0.081665 ms)
[02/25/2026-14:55:32] [I] Average on 10 runs - GPU latency: 0.0971436 ms - Host latency: 0.0971436 ms (enqueue 0.0821289 ms)
[02/25/2026-14:55:32] [I] Average on 10 runs - GPU latency: 0.0981445 ms - Host latency: 0.0981445 ms (enqueue 0.0834717 ms)
[02/25/2026-14:55:32] [I] Average on 10 runs - GPU latency: 0.097583 ms - Host latency: 0.097583 ms (enqueue 0.0828369 ms)
[02/25/2026-14:55:32] [I] Average on 10 runs - GPU latency: 0.0968506 ms - Host latency: 0.0968506 ms (enqueue 0.081665 ms)
[02/25/2026-14:55:32] [I] Average on 10 runs - GPU latency: 0.0966064 ms - Host latency: 0.0966064 ms (enqueue 0.0817871 ms)
[02/25/2026-14:55:32] [I] Average on 10 runs - GPU latency: 0.0987793 ms - Host latency: 0.0987793 ms (enqueue 0.0828613 ms)
[02/25/2026-14:55:32] [I] Average on 10 runs - GPU latency: 0.0967041 ms - Host latency: 0.0967041 ms (enqueue 0.0818603 ms)
[02/25/2026-14:55:32] [I] Average on 10 runs - GPU latency: 0.0985352 ms - Host latency: 0.0985352 ms (enqueue 0.0823242 ms)
[02/25/2026-14:55:32] [I] Average on 10 runs - GPU latency: 0.0954102 ms - Host latency: 0.0954102 ms (enqueue 0.0810059 ms)
[02/25/2026-14:55:32] [I] Average on 10 runs - GPU latency: 0.0996338 ms - Host latency: 0.0996338 ms (enqueue 0.0843018 ms)
[02/25/2026-14:55:32] [I] Average on 10 runs - GPU latency: 0.0960938 ms - Host latency: 0.0960938 ms (enqueue 0.0816406 ms)
[02/25/2026-14:55:32] [I] Average on 10 runs - GPU latency: 0.0965332 ms - Host latency: 0.0965332 ms (enqueue 0.0813232 ms)
[02/25/2026-14:55:32] [I] Average on 10 runs - GPU latency: 0.0956543 ms - Host latency: 0.0956543 ms (enqueue 0.0811523 ms)
[02/25/2026-14:55:32] [I] Average on 10 runs - GPU latency: 0.0989014 ms - Host latency: 0.0989014 ms (enqueue 0.0841553 ms)
[02/25/2026-14:55:32] [I] Average on 10 runs - GPU latency: 0.0963623 ms - Host latency: 0.0963623 ms (enqueue 0.0817383 ms)
[02/25/2026-14:55:32] [I] Average on 10 runs - GPU latency: 0.0961426 ms - Host latency: 0.0961426 ms (enqueue 0.0817627 ms)
[02/25/2026-14:55:32] [I] Average on 10 runs - GPU latency: 0.0978272 ms - Host latency: 0.0978272 ms (enqueue 0.0826904 ms)
[02/25/2026-14:55:32] [I] Average on 10 runs - GPU latency: 0.0975586 ms - Host latency: 0.0975586 ms (enqueue 0.0812256 ms)
[02/25/2026-14:55:32] [I] Average on 10 runs - GPU latency: 0.0981934 ms - Host latency: 0.0981934 ms (enqueue 0.082251 ms)
[02/25/2026-14:55:32] [I] Average on 10 runs - GPU latency: 0.0950928 ms - Host latency: 0.0950928 ms (enqueue 0.0803955 ms)
[02/25/2026-14:55:32] [I] Average on 10 runs - GPU latency: 0.0948975 ms - Host latency: 0.0948975 ms (enqueue 0.0802002 ms)
[02/25/2026-14:55:32] [I] Average on 10 runs - GPU latency: 0.0975586 ms - Host latency: 0.0975586 ms (enqueue 0.0825195 ms)
[02/25/2026-14:55:32] [I] Average on 10 runs - GPU latency: 0.0968262 ms - Host latency: 0.0968262 ms (enqueue 0.0817383 ms)
[02/25/2026-14:55:32] [I] Average on 10 runs - GPU latency: 0.0973145 ms - Host latency: 0.0973145 ms (enqueue 0.0823242 ms)
[02/25/2026-14:55:32] [I] Average on 10 runs - GPU latency: 0.0968262 ms - Host latency: 0.0968262 ms (enqueue 0.0813232 ms)
[02/25/2026-14:55:32] [I] Average on 10 runs - GPU latency: 0.0978027 ms - Host latency: 0.0978027 ms (enqueue 0.0834961 ms)
[02/25/2026-14:55:32] [I] Average on 10 runs - GPU latency: 0.0970459 ms - Host latency: 0.0970459 ms (enqueue 0.0819336 ms)
[02/25/2026-14:55:32] [I] Average on 10 runs - GPU latency: 0.0975342 ms - Host latency: 0.0975342 ms (enqueue 0.082666 ms)
[02/25/2026-14:55:32] [I] Average on 10 runs - GPU latency: 0.0948486 ms - Host latency: 0.0948486 ms (enqueue 0.0799316 ms)
[02/25/2026-14:55:32] [I] Average on 10 runs - GPU latency: 0.100024 ms - Host latency: 0.100024 ms (enqueue 0.0857666 ms)
[02/25/2026-14:55:32] [I] Average on 10 runs - GPU latency: 0.096875 ms - Host latency: 0.096875 ms (enqueue 0.0819336 ms)
[02/25/2026-14:55:32] [I] Average on 10 runs - GPU latency: 0.0962402 ms - Host latency: 0.0962402 ms (enqueue 0.0812744 ms)
[02/25/2026-14:55:32] [I] Average on 10 runs - GPU latency: 0.095752 ms - Host latency: 0.095752 ms (enqueue 0.0813477 ms)
[02/25/2026-14:55:32] [I] Average on 10 runs - GPU latency: 0.0984863 ms - Host latency: 0.0984863 ms (enqueue 0.0842529 ms)
[02/25/2026-14:55:32] [I] Average on 10 runs - GPU latency: 0.0965088 ms - Host latency: 0.0965088 ms (enqueue 0.0814453 ms)
[02/25/2026-14:55:32] [I] Average on 10 runs - GPU latency: 0.0960938 ms - Host latency: 0.0960938 ms (enqueue 0.0813232 ms)
[02/25/2026-14:55:32] [I] Average on 10 runs - GPU latency: 0.0970459 ms - Host latency: 0.0970459 ms (enqueue 0.0816162 ms)
[02/25/2026-14:55:32] [I] Average on 10 runs - GPU latency: 0.0984375 ms - Host latency: 0.0984375 ms (enqueue 0.0833252 ms)
[02/25/2026-14:55:32] [I] Average on 10 runs - GPU latency: 0.0974365 ms - Host latency: 0.0974365 ms (enqueue 0.0826904 ms)
[02/25/2026-14:55:32] [I] Average on 10 runs - GPU latency: 0.096167 ms - Host latency: 0.096167 ms (enqueue 0.0811279 ms)
[02/25/2026-14:55:32] [I] Average on 10 runs - GPU latency: 0.0960449 ms - Host latency: 0.0960449 ms (enqueue 0.0809326 ms)
[02/25/2026-14:55:32] [I] Average on 10 runs - GPU latency: 0.0987061 ms - Host latency: 0.0987061 ms (enqueue 0.0830566 ms)
[02/25/2026-14:55:32] [I] Average on 10 runs - GPU latency: 0.0966309 ms - Host latency: 0.0966309 ms (enqueue 0.0813965 ms)
[02/25/2026-14:55:32] [I] Average on 10 runs - GPU latency: 0.0959229 ms - Host latency: 0.0959229 ms (enqueue 0.0804932 ms)
[02/25/2026-14:55:32] [I] Average on 10 runs - GPU latency: 0.0956299 ms - Host latency: 0.0956299 ms (enqueue 0.0811768 ms)
[02/25/2026-14:55:32] [I] Average on 10 runs - GPU latency: 0.096875 ms - Host latency: 0.096875 ms (enqueue 0.0825439 ms)
[02/25/2026-14:55:32] [I] Average on 10 runs - GPU latency: 0.0968262 ms - Host latency: 0.0968262 ms (enqueue 0.0800537 ms)
[02/25/2026-14:55:32] [I] Average on 10 runs - GPU latency: 0.0946289 ms - Host latency: 0.0946289 ms (enqueue 0.0801758 ms)
[02/25/2026-14:55:32] [I] Average on 10 runs - GPU latency: 0.0954346 ms - Host latency: 0.0954346 ms (enqueue 0.0813477 ms)
[02/25/2026-14:55:32] [I] Average on 10 runs - GPU latency: 0.0957275 ms - Host latency: 0.0957275 ms (enqueue 0.0807129 ms)
[02/25/2026-14:55:32] [I] Average on 10 runs - GPU latency: 0.0987061 ms - Host latency: 0.0987061 ms (enqueue 0.082666 ms)
[02/25/2026-14:55:32] [I] Average on 10 runs - GPU latency: 0.0949707 ms - Host latency: 0.0949707 ms (enqueue 0.0799805 ms)
[02/25/2026-14:55:32] [I] Average on 10 runs - GPU latency: 0.0957275 ms - Host latency: 0.0957275 ms (enqueue 0.0802979 ms)
[02/25/2026-14:55:32] [I] Average on 10 runs - GPU latency: 0.0950195 ms - Host latency: 0.0950195 ms (enqueue 0.080249 ms)
[02/25/2026-14:55:32] [I] Average on 10 runs - GPU latency: 0.0971924 ms - Host latency: 0.0971924 ms (enqueue 0.0829346 ms)
[02/25/2026-14:55:32] [I] Average on 10 runs - GPU latency: 0.096167 ms - Host latency: 0.096167 ms (enqueue 0.0807861 ms)
[02/25/2026-14:55:32] [I] Average on 10 runs - GPU latency: 0.0966064 ms - Host latency: 0.0966064 ms (enqueue 0.0811035 ms)
[02/25/2026-14:55:32] [I] Average on 10 runs - GPU latency: 0.0952881 ms - Host latency: 0.0952881 ms (enqueue 0.0800781 ms)
[02/25/2026-14:55:32] [I] Average on 10 runs - GPU latency: 0.0981445 ms - Host latency: 0.0981445 ms (enqueue 0.0847168 ms)
[02/25/2026-14:55:32] [I] Average on 10 runs - GPU latency: 0.0975586 ms - Host latency: 0.0975586 ms (enqueue 0.0821533 ms)
[02/25/2026-14:55:32] [I] Average on 10 runs - GPU latency: 0.0976074 ms - Host latency: 0.0976074 ms (enqueue 0.0817383 ms)
[02/25/2026-14:55:32] [I] Average on 10 runs - GPU latency: 0.0960205 ms - Host latency: 0.0960205 ms (enqueue 0.0817139 ms)
[02/25/2026-14:55:32] [I] Average on 10 runs - GPU latency: 0.097998 ms - Host latency: 0.097998 ms (enqueue 0.0831543 ms)
[02/25/2026-14:55:32] [I] Average on 10 runs - GPU latency: 0.0967529 ms - Host latency: 0.0967529 ms (enqueue 0.0819092 ms)
[02/25/2026-14:55:32] [I] Average on 10 runs - GPU latency: 0.097168 ms - Host latency: 0.097168 ms (enqueue 0.0815674 ms)
[02/25/2026-14:55:32] [I] Average on 10 runs - GPU latency: 0.0958008 ms - Host latency: 0.0958008 ms (enqueue 0.0809326 ms)
[02/25/2026-14:55:32] [I] Average on 10 runs - GPU latency: 0.0986328 ms - Host latency: 0.0986328 ms (enqueue 0.0838135 ms)
[02/25/2026-14:55:32] [I] Average on 10 runs - GPU latency: 0.0958984 ms - Host latency: 0.0958984 ms (enqueue 0.0808594 ms)
[02/25/2026-14:55:32] [I] Average on 10 runs - GPU latency: 0.0958984 ms - Host latency: 0.0958984 ms (enqueue 0.0808594 ms)
[02/25/2026-14:55:32] [I] Average on 10 runs - GPU latency: 0.0962402 ms - Host latency: 0.0962402 ms (enqueue 0.0804932 ms)
[02/25/2026-14:55:32] [I] Average on 10 runs - GPU latency: 0.0970215 ms - Host latency: 0.0970215 ms (enqueue 0.0805664 ms)
[02/25/2026-14:55:32] [I] Average on 10 runs - GPU latency: 0.0956299 ms - Host latency: 0.0956299 ms (enqueue 0.0807617 ms)
[02/25/2026-14:55:32] [I] Average on 10 runs - GPU latency: 0.0960205 ms - Host latency: 0.0960205 ms (enqueue 0.08125 ms)
[02/25/2026-14:55:32] [I] Average on 10 runs - GPU latency: 0.0958496 ms - Host latency: 0.0958496 ms (enqueue 0.0805664 ms)
[02/25/2026-14:55:32] [I] Average on 10 runs - GPU latency: 0.0981445 ms - Host latency: 0.0981445 ms (enqueue 0.0842529 ms)
[02/25/2026-14:55:32] [I] Average on 10 runs - GPU latency: 0.097583 ms - Host latency: 0.097583 ms (enqueue 0.0817383 ms)
[02/25/2026-14:55:32] [I] Average on 10 runs - GPU latency: 0.0958984 ms - Host latency: 0.0958984 ms (enqueue 0.080957 ms)
[02/25/2026-14:55:32] [I] Average on 10 runs - GPU latency: 0.0958252 ms - Host latency: 0.0958252 ms (enqueue 0.0807861 ms)
[02/25/2026-14:55:32] [I] Average on 10 runs - GPU latency: 0.099292 ms - Host latency: 0.099292 ms (enqueue 0.0831787 ms)
[02/25/2026-14:55:32] [I] Average on 10 runs - GPU latency: 0.0956787 ms - Host latency: 0.0956787 ms (enqueue 0.0804688 ms)
[02/25/2026-14:55:32] [I] Average on 10 runs - GPU latency: 0.0958496 ms - Host latency: 0.0958496 ms (enqueue 0.0816406 ms)
[02/25/2026-14:55:32] [I] Average on 10 runs - GPU latency: 0.0961182 ms - Host latency: 0.0961182 ms (enqueue 0.0803467 ms)
[02/25/2026-14:55:32] [I] Average on 10 runs - GPU latency: 0.0967041 ms - Host latency: 0.0967041 ms (enqueue 0.0812012 ms)
[02/25/2026-14:55:32] [I] Average on 10 runs - GPU latency: 0.0947998 ms - Host latency: 0.0947998 ms (enqueue 0.0795898 ms)
[02/25/2026-14:55:32] [I] Average on 10 runs - GPU latency: 0.094165 ms - Host latency: 0.094165 ms (enqueue 0.079126 ms)
[02/25/2026-14:55:32] [I] Average on 10 runs - GPU latency: 0.09646 ms - Host latency: 0.09646 ms (enqueue 0.0817871 ms)
[02/25/2026-14:55:32] [I] Average on 10 runs - GPU latency: 0.0994873 ms - Host latency: 0.0994873 ms (enqueue 0.0842041 ms)
[02/25/2026-14:55:32] [I] Average on 10 runs - GPU latency: 0.0950684 ms - Host latency: 0.0950684 ms (enqueue 0.0797852 ms)
[02/25/2026-14:55:32] [I] Average on 10 runs - GPU latency: 0.09646 ms - Host latency: 0.09646 ms (enqueue 0.0814941 ms)
[02/25/2026-14:55:32] [I] Average on 10 runs - GPU latency: 0.0948975 ms - Host latency: 0.0948975 ms (enqueue 0.0803223 ms)
[02/25/2026-14:55:32] [I] Average on 10 runs - GPU latency: 0.097583 ms - Host latency: 0.097583 ms (enqueue 0.0824219 ms)
[02/25/2026-14:55:32] [I] Average on 10 runs - GPU latency: 0.0957275 ms - Host latency: 0.0957275 ms (enqueue 0.0808838 ms)
[02/25/2026-14:55:32] [I] Average on 10 runs - GPU latency: 0.0954346 ms - Host latency: 0.0954346 ms (enqueue 0.0815186 ms)
[02/25/2026-14:55:32] [I] Average on 10 runs - GPU latency: 0.0965088 ms - Host latency: 0.0965088 ms (enqueue 0.0813232 ms)
[02/25/2026-14:55:32] [I] Average on 10 runs - GPU latency: 0.0986328 ms - Host latency: 0.0986328 ms (enqueue 0.0834961 ms)
[02/25/2026-14:55:32] [I] Average on 10 runs - GPU latency: 0.0956543 ms - Host latency: 0.0956543 ms (enqueue 0.0815186 ms)
[02/25/2026-14:55:32] [I] Average on 10 runs - GPU latency: 0.0967529 ms - Host latency: 0.0967529 ms (enqueue 0.081543 ms)
[02/25/2026-14:55:32] [I] Average on 10 runs - GPU latency: 0.0957031 ms - Host latency: 0.0957031 ms (enqueue 0.0803955 ms)
[02/25/2026-14:55:32] [I] Average on 10 runs - GPU latency: 0.0986816 ms - Host latency: 0.0986816 ms (enqueue 0.0837402 ms)
[02/25/2026-14:55:32] [I] Average on 10 runs - GPU latency: 0.0967529 ms - Host latency: 0.0967529 ms (enqueue 0.0813965 ms)
[02/25/2026-14:55:32] [I] Average on 10 runs - GPU latency: 0.0949219 ms - Host latency: 0.0949219 ms (enqueue 0.079834 ms)
[02/25/2026-14:55:32] [I] Average on 10 runs - GPU latency: 0.095874 ms - Host latency: 0.095874 ms (enqueue 0.0811279 ms)
[02/25/2026-14:55:32] [I] Average on 10 runs - GPU latency: 0.0959229 ms - Host latency: 0.0959229 ms (enqueue 0.0812988 ms)
[02/25/2026-14:55:32] [I] Average on 10 runs - GPU latency: 0.0954346 ms - Host latency: 0.0954346 ms (enqueue 0.0805176 ms)
[02/25/2026-14:55:32] [I] Average on 10 runs - GPU latency: 0.095166 ms - Host latency: 0.095166 ms (enqueue 0.080127 ms)
[02/25/2026-14:55:32] [I] Average on 10 runs - GPU latency: 0.0953369 ms - Host latency: 0.0953369 ms (enqueue 0.0808838 ms)
[02/25/2026-14:55:32] [I] Average on 10 runs - GPU latency: 0.0966309 ms - Host latency: 0.0966309 ms (enqueue 0.0833984 ms)
[02/25/2026-14:55:32] [I] Average on 10 runs - GPU latency: 0.0987549 ms - Host latency: 0.0987549 ms (enqueue 0.0821289 ms)
[02/25/2026-14:55:32] [I] Average on 10 runs - GPU latency: 0.094751 ms - Host latency: 0.094751 ms (enqueue 0.0799805 ms)
[02/25/2026-14:55:32] [I] Average on 10 runs - GPU latency: 0.0974121 ms - Host latency: 0.0974121 ms (enqueue 0.0814453 ms)
[02/25/2026-14:55:32] [I] Average on 10 runs - GPU latency: 0.0963867 ms - Host latency: 0.0963867 ms (enqueue 0.0834717 ms)
[02/25/2026-14:55:32] [I] Average on 10 runs - GPU latency: 0.0974609 ms - Host latency: 0.0974609 ms (enqueue 0.0809082 ms)
[02/25/2026-14:55:32] [I] Average on 10 runs - GPU latency: 0.0952637 ms - Host latency: 0.0952637 ms (enqueue 0.0808594 ms)
[02/25/2026-14:55:32] [I] Average on 10 runs - GPU latency: 0.0958008 ms - Host latency: 0.0958008 ms (enqueue 0.0804443 ms)
[02/25/2026-14:55:32] [I] Average on 10 runs - GPU latency: 0.0963867 ms - Host latency: 0.0963867 ms (enqueue 0.0817383 ms)
[02/25/2026-14:55:32] [I] Average on 10 runs - GPU latency: 0.0978272 ms - Host latency: 0.0978272 ms (enqueue 0.0832031 ms)
[02/25/2026-14:55:32] [I] Average on 10 runs - GPU latency: 0.0961182 ms - Host latency: 0.0961182 ms (enqueue 0.0814697 ms)
[02/25/2026-14:55:32] [I] Average on 10 runs - GPU latency: 0.0956543 ms - Host latency: 0.0956543 ms (enqueue 0.0801025 ms)
[02/25/2026-14:55:32] [I] Average on 10 runs - GPU latency: 0.0946777 ms - Host latency: 0.0946777 ms (enqueue 0.0800537 ms)
[02/25/2026-14:55:32] [I] Average on 10 runs - GPU latency: 0.0992432 ms - Host latency: 0.0992432 ms (enqueue 0.0835693 ms)
[02/25/2026-14:55:32] [I] Average on 10 runs - GPU latency: 0.0976318 ms - Host latency: 0.0976318 ms (enqueue 0.0824951 ms)
[02/25/2026-14:55:32] [I] Average on 10 runs - GPU latency: 0.0959961 ms - Host latency: 0.0959961 ms (enqueue 0.0811768 ms)
[02/25/2026-14:55:32] [I] Average on 10 runs - GPU latency: 0.0960205 ms - Host latency: 0.0960205 ms (enqueue 0.0806885 ms)
[02/25/2026-14:55:32] [I] Average on 10 runs - GPU latency: 0.0976562 ms - Host latency: 0.0976562 ms (enqueue 0.0830811 ms)
[02/25/2026-14:55:32] [I] Average on 10 runs - GPU latency: 0.0962891 ms - Host latency: 0.0962891 ms (enqueue 0.081958 ms)
[02/25/2026-14:55:32] [I] Average on 10 runs - GPU latency: 0.0965332 ms - Host latency: 0.0965332 ms (enqueue 0.0813477 ms)
[02/25/2026-14:55:32] [I] Average on 10 runs - GPU latency: 0.0954834 ms - Host latency: 0.0954834 ms (enqueue 0.0800537 ms)
[02/25/2026-14:55:32] [I] Average on 10 runs - GPU latency: 0.0986084 ms - Host latency: 0.0986084 ms (enqueue 0.0836426 ms)
[02/25/2026-14:55:32] [I] Average on 10 runs - GPU latency: 0.0950928 ms - Host latency: 0.0950928 ms (enqueue 0.0798828 ms)
[02/25/2026-14:55:32] [I] Average on 10 runs - GPU latency: 0.0952881 ms - Host latency: 0.0952881 ms (enqueue 0.0803223 ms)
[02/25/2026-14:55:32] [I] Average on 10 runs - GPU latency: 0.0949463 ms - Host latency: 0.0949463 ms (enqueue 0.079834 ms)
[02/25/2026-14:55:32] [I] Average on 10 runs - GPU latency: 0.0984619 ms - Host latency: 0.0984619 ms (enqueue 0.0831299 ms)
[02/25/2026-14:55:32] [I] Average on 10 runs - GPU latency: 0.0965332 ms - Host latency: 0.0965332 ms (enqueue 0.0806641 ms)
[02/25/2026-14:55:32] [I] Average on 10 runs - GPU latency: 0.0959229 ms - Host latency: 0.0959229 ms (enqueue 0.0805908 ms)
[02/25/2026-14:55:32] [I] Average on 10 runs - GPU latency: 0.0949707 ms - Host latency: 0.0949707 ms (enqueue 0.0802002 ms)
[02/25/2026-14:55:32] [I] Average on 10 runs - GPU latency: 0.0998047 ms - Host latency: 0.0998047 ms (enqueue 0.0852051 ms)
[02/25/2026-14:55:32] [I] Average on 10 runs - GPU latency: 0.0958984 ms - Host latency: 0.0958984 ms (enqueue 0.0814453 ms)
[02/25/2026-14:55:32] [I] Average on 10 runs - GPU latency: 0.0962891 ms - Host latency: 0.0962891 ms (enqueue 0.0814209 ms)
[02/25/2026-14:55:32] [I] Average on 10 runs - GPU latency: 0.0956299 ms - Host latency: 0.0956299 ms (enqueue 0.080542 ms)
[02/25/2026-14:55:32] [I] Average on 10 runs - GPU latency: 0.0993652 ms - Host latency: 0.0993652 ms (enqueue 0.0845947 ms)
[02/25/2026-14:55:32] [I] Average on 10 runs - GPU latency: 0.0951904 ms - Host latency: 0.0951904 ms (enqueue 0.0806396 ms)
[02/25/2026-14:55:32] [I] Average on 10 runs - GPU latency: 0.0959473 ms - Host latency: 0.0959473 ms (enqueue 0.0807861 ms)
[02/25/2026-14:55:32] [I] Average on 10 runs - GPU latency: 0.0949219 ms - Host latency: 0.0949219 ms (enqueue 0.0801025 ms)
[02/25/2026-14:55:32] [I] Average on 10 runs - GPU latency: 0.100171 ms - Host latency: 0.100171 ms (enqueue 0.0853271 ms)
[02/25/2026-14:55:32] [I] Average on 10 runs - GPU latency: 0.0965332 ms - Host latency: 0.0965332 ms (enqueue 0.0813721 ms)
[02/25/2026-14:55:32] [I] Average on 10 runs - GPU latency: 0.0968506 ms - Host latency: 0.0968506 ms (enqueue 0.08125 ms)
[02/25/2026-14:55:32] [I] Average on 10 runs - GPU latency: 0.0968994 ms - Host latency: 0.0968994 ms (enqueue 0.0820312 ms)
[02/25/2026-14:55:32] [I] Average on 10 runs - GPU latency: 0.0974609 ms - Host latency: 0.0974609 ms (enqueue 0.0824463 ms)
[02/25/2026-14:55:32] [I] Average on 10 runs - GPU latency: 0.0956055 ms - Host latency: 0.0956055 ms (enqueue 0.0809326 ms)
[02/25/2026-14:55:32] [I] Average on 10 runs - GPU latency: 0.0962891 ms - Host latency: 0.0962891 ms (enqueue 0.08125 ms)
[02/25/2026-14:55:32] [I] Average on 10 runs - GPU latency: 0.0982178 ms - Host latency: 0.0982178 ms (enqueue 0.0832764 ms)
[02/25/2026-14:55:32] [I] Average on 10 runs - GPU latency: 0.0992676 ms - Host latency: 0.0992676 ms (enqueue 0.0842529 ms)
[02/25/2026-14:55:32] [I] Average on 10 runs - GPU latency: 0.0963135 ms - Host latency: 0.0963135 ms (enqueue 0.0808105 ms)
[02/25/2026-14:55:32] [I] Average on 10 runs - GPU latency: 0.0953857 ms - Host latency: 0.0953857 ms (enqueue 0.0801025 ms)
[02/25/2026-14:55:32] [I] Average on 10 runs - GPU latency: 0.0945313 ms - Host latency: 0.0945313 ms (enqueue 0.0797607 ms)
[02/25/2026-14:55:32] [I] Average on 10 runs - GPU latency: 0.0990234 ms - Host latency: 0.0990234 ms (enqueue 0.0838379 ms)
[02/25/2026-14:55:32] [I] Average on 10 runs - GPU latency: 0.095874 ms - Host latency: 0.095874 ms (enqueue 0.0799805 ms)
[02/25/2026-14:55:32] [I] Average on 10 runs - GPU latency: 0.0952393 ms - Host latency: 0.0952393 ms (enqueue 0.0802979 ms)
[02/25/2026-14:55:32] [I] Average on 10 runs - GPU latency: 0.0957275 ms - Host latency: 0.0957275 ms (enqueue 0.0804932 ms)
[02/25/2026-14:55:32] [I] Average on 10 runs - GPU latency: 0.0981201 ms - Host latency: 0.0981201 ms (enqueue 0.0817627 ms)
[02/25/2026-14:55:32] [I] Average on 10 runs - GPU latency: 0.0946289 ms - Host latency: 0.0946289 ms (enqueue 0.0805176 ms)
[02/25/2026-14:55:32] [I] Average on 10 runs - GPU latency: 0.0953857 ms - Host latency: 0.0953857 ms (enqueue 0.0799805 ms)
[02/25/2026-14:55:32] [I] Average on 10 runs - GPU latency: 0.0959717 ms - Host latency: 0.0959717 ms (enqueue 0.081543 ms)
[02/25/2026-14:55:32] [I] Average on 10 runs - GPU latency: 0.0985352 ms - Host latency: 0.0985352 ms (enqueue 0.0840576 ms)
[02/25/2026-14:55:32] [I] Average on 10 runs - GPU latency: 0.0963623 ms - Host latency: 0.0963623 ms (enqueue 0.0808594 ms)
[02/25/2026-14:55:32] [I] Average on 10 runs - GPU latency: 0.0945068 ms - Host latency: 0.0945068 ms (enqueue 0.0796387 ms)
[02/25/2026-14:55:32] [I] Average on 10 runs - GPU latency: 0.0994385 ms - Host latency: 0.0994385 ms (enqueue 0.0828613 ms)
[02/25/2026-14:55:32] [I] Average on 10 runs - GPU latency: 0.0980713 ms - Host latency: 0.0980713 ms (enqueue 0.0832764 ms)
[02/25/2026-14:55:32] [I] Average on 10 runs - GPU latency: 0.0967773 ms - Host latency: 0.0967773 ms (enqueue 0.0810059 ms)
[02/25/2026-14:55:32] [I] Average on 10 runs - GPU latency: 0.0954346 ms - Host latency: 0.0954346 ms (enqueue 0.080127 ms)
[02/25/2026-14:55:32] [I] Average on 10 runs - GPU latency: 0.0947021 ms - Host latency: 0.0947021 ms (enqueue 0.0798584 ms)
[02/25/2026-14:55:32] [I] Average on 10 runs - GPU latency: 0.0972656 ms - Host latency: 0.0972656 ms (enqueue 0.081665 ms)
[02/25/2026-14:55:32] [I] Average on 10 runs - GPU latency: 0.0960449 ms - Host latency: 0.0960449 ms (enqueue 0.0799561 ms)
[02/25/2026-14:55:32] [I] Average on 10 runs - GPU latency: 0.0955566 ms - Host latency: 0.0955566 ms (enqueue 0.0806641 ms)
[02/25/2026-14:55:32] [I] Average on 10 runs - GPU latency: 0.0951416 ms - Host latency: 0.0951416 ms (enqueue 0.0806885 ms)
[02/25/2026-14:55:32] [I] Average on 10 runs - GPU latency: 0.0963867 ms - Host latency: 0.0963867 ms (enqueue 0.0834473 ms)
[02/25/2026-14:55:32] [I] Average on 10 runs - GPU latency: 0.0978027 ms - Host latency: 0.0978027 ms (enqueue 0.0814453 ms)
[02/25/2026-14:55:32] [I] Average on 10 runs - GPU latency: 0.0973877 ms - Host latency: 0.0973877 ms (enqueue 0.0820068 ms)
[02/25/2026-14:55:32] [I] Average on 10 runs - GPU latency: 0.0958984 ms - Host latency: 0.0958984 ms (enqueue 0.0806885 ms)
[02/25/2026-14:55:32] [I] Average on 10 runs - GPU latency: 0.0962158 ms - Host latency: 0.0962158 ms (enqueue 0.0813232 ms)
[02/25/2026-14:55:32] [I] Average on 10 runs - GPU latency: 0.0988037 ms - Host latency: 0.0988037 ms (enqueue 0.0817383 ms)
[02/25/2026-14:55:32] [I] Average on 10 runs - GPU latency: 0.0956543 ms - Host latency: 0.0956543 ms (enqueue 0.0808105 ms)
[02/25/2026-14:55:32] [I] Average on 10 runs - GPU latency: 0.0959961 ms - Host latency: 0.0959961 ms (enqueue 0.0810303 ms)
[02/25/2026-14:55:32] [I] Average on 10 runs - GPU latency: 0.0969727 ms - Host latency: 0.0969727 ms (enqueue 0.0817383 ms)
[02/25/2026-14:55:32] [I] Average on 10 runs - GPU latency: 0.0967285 ms - Host latency: 0.0967285 ms (enqueue 0.0821777 ms)
[02/25/2026-14:55:32] [I] Average on 10 runs - GPU latency: 0.0954102 ms - Host latency: 0.0954102 ms (enqueue 0.0804199 ms)
[02/25/2026-14:55:32] [I] Average on 10 runs - GPU latency: 0.0954834 ms - Host latency: 0.0954834 ms (enqueue 0.0803467 ms)
[02/25/2026-14:55:32] [I] Average on 10 runs - GPU latency: 0.0943359 ms - Host latency: 0.0943359 ms (enqueue 0.0794189 ms)
[02/25/2026-14:55:32] [I] Average on 10 runs - GPU latency: 0.097998 ms - Host latency: 0.097998 ms (enqueue 0.0838379 ms)
[02/25/2026-14:55:32] [I] Average on 10 runs - GPU latency: 0.0985352 ms - Host latency: 0.0985352 ms (enqueue 0.0829102 ms)
[02/25/2026-14:55:32] [I] Average on 10 runs - GPU latency: 0.0963135 ms - Host latency: 0.0963135 ms (enqueue 0.0810303 ms)
[02/25/2026-14:55:32] [I] Average on 10 runs - GPU latency: 0.0961182 ms - Host latency: 0.0961182 ms (enqueue 0.0814941 ms)
[02/25/2026-14:55:32] [I] Average on 10 runs - GPU latency: 0.100342 ms - Host latency: 0.100342 ms (enqueue 0.0833008 ms)
[02/25/2026-14:55:32] [I] Average on 10 runs - GPU latency: 0.0962158 ms - Host latency: 0.0962158 ms (enqueue 0.0817139 ms)
[02/25/2026-14:55:32] [I] Average on 10 runs - GPU latency: 0.0974609 ms - Host latency: 0.0974609 ms (enqueue 0.0820557 ms)
[02/25/2026-14:55:32] [I] Average on 10 runs - GPU latency: 0.0956543 ms - Host latency: 0.0956543 ms (enqueue 0.080957 ms)
[02/25/2026-14:55:32] [I] Average on 10 runs - GPU latency: 0.0989502 ms - Host latency: 0.0989502 ms (enqueue 0.0837402 ms)
[02/25/2026-14:55:32] [I] Average on 10 runs - GPU latency: 0.0969238 ms - Host latency: 0.0969238 ms (enqueue 0.0822266 ms)
[02/25/2026-14:55:32] [I] Average on 10 runs - GPU latency: 0.0967773 ms - Host latency: 0.0967773 ms (enqueue 0.0822754 ms)
[02/25/2026-14:55:32] [I] Average on 10 runs - GPU latency: 0.0969482 ms - Host latency: 0.0969482 ms (enqueue 0.081665 ms)
[02/25/2026-14:55:32] [I] Average on 10 runs - GPU latency: 0.0986816 ms - Host latency: 0.0986816 ms (enqueue 0.0827637 ms)
[02/25/2026-14:55:32] [I] Average on 10 runs - GPU latency: 0.0953613 ms - Host latency: 0.0953613 ms (enqueue 0.0800537 ms)
[02/25/2026-14:55:32] [I] Average on 10 runs - GPU latency: 0.0949219 ms - Host latency: 0.0949219 ms (enqueue 0.0799316 ms)
[02/25/2026-14:55:32] [I] Average on 10 runs - GPU latency: 0.0947021 ms - Host latency: 0.0947021 ms (enqueue 0.0798096 ms)
[02/25/2026-14:55:32] [I] Average on 10 runs - GPU latency: 0.0991455 ms - Host latency: 0.0991455 ms (enqueue 0.0844238 ms)
[02/25/2026-14:55:32] [I] Average on 10 runs - GPU latency: 0.0959961 ms - Host latency: 0.0959961 ms (enqueue 0.0810547 ms)
[02/25/2026-14:55:32] [I] Average on 10 runs - GPU latency: 0.0946777 ms - Host latency: 0.0946777 ms (enqueue 0.0795166 ms)
[02/25/2026-14:55:32] [I] Average on 10 runs - GPU latency: 0.0951172 ms - Host latency: 0.0951172 ms (enqueue 0.0802979 ms)
[02/25/2026-14:55:32] [I] Average on 10 runs - GPU latency: 0.0972412 ms - Host latency: 0.0972412 ms (enqueue 0.0821045 ms)
[02/25/2026-14:55:32] [I] Average on 10 runs - GPU latency: 0.0950684 ms - Host latency: 0.0950684 ms (enqueue 0.0799561 ms)
[02/25/2026-14:55:32] [I] Average on 10 runs - GPU latency: 0.0948975 ms - Host latency: 0.0948975 ms (enqueue 0.0804932 ms)
[02/25/2026-14:55:32] [I] Average on 10 runs - GPU latency: 0.0965088 ms - Host latency: 0.0965088 ms (enqueue 0.0807617 ms)
[02/25/2026-14:55:32] [I] Average on 10 runs - GPU latency: 0.0972656 ms - Host latency: 0.0972656 ms (enqueue 0.0806396 ms)
[02/25/2026-14:55:32] [I] Average on 10 runs - GPU latency: 0.0958252 ms - Host latency: 0.0958252 ms (enqueue 0.0808594 ms)
[02/25/2026-14:55:32] [I] Average on 10 runs - GPU latency: 0.0948242 ms - Host latency: 0.0948242 ms (enqueue 0.0796631 ms)
[02/25/2026-14:55:32] [I] Average on 10 runs - GPU latency: 0.0947021 ms - Host latency: 0.0947021 ms (enqueue 0.0798584 ms)
[02/25/2026-14:55:32] [I] Average on 10 runs - GPU latency: 0.0983154 ms - Host latency: 0.0983154 ms (enqueue 0.0819824 ms)
[02/25/2026-14:55:32] [I] Average on 10 runs - GPU latency: 0.0957275 ms - Host latency: 0.0957275 ms (enqueue 0.080835 ms)
[02/25/2026-14:55:32] [I] Average on 10 runs - GPU latency: 0.0954346 ms - Host latency: 0.0954346 ms (enqueue 0.0807129 ms)
[02/25/2026-14:55:32] [I] Average on 10 runs - GPU latency: 0.0946777 ms - Host latency: 0.0946777 ms (enqueue 0.0797363 ms)
[02/25/2026-14:55:32] [I] Average on 10 runs - GPU latency: 0.0974853 ms - Host latency: 0.0974853 ms (enqueue 0.0837646 ms)
[02/25/2026-14:55:32] [I] Average on 10 runs - GPU latency: 0.0967285 ms - Host latency: 0.0967285 ms (enqueue 0.0811523 ms)
[02/25/2026-14:55:32] [I] Average on 10 runs - GPU latency: 0.0952393 ms - Host latency: 0.0952393 ms (enqueue 0.0797119 ms)
[02/25/2026-14:55:32] [I] Average on 10 runs - GPU latency: 0.0970703 ms - Host latency: 0.0970703 ms (enqueue 0.0817139 ms)
[02/25/2026-14:55:32] [I] Average on 10 runs - GPU latency: 0.0986084 ms - Host latency: 0.0986084 ms (enqueue 0.0837158 ms)
[02/25/2026-14:55:32] [I] Average on 10 runs - GPU latency: 0.0965088 ms - Host latency: 0.0965088 ms (enqueue 0.0805908 ms)
[02/25/2026-14:55:32] [I] Average on 10 runs - GPU latency: 0.0950439 ms - Host latency: 0.0950439 ms (enqueue 0.0806641 ms)
[02/25/2026-14:55:32] [I] Average on 10 runs - GPU latency: 0.0958008 ms - Host latency: 0.0958008 ms (enqueue 0.0805664 ms)
[02/25/2026-14:55:32] [I] Average on 10 runs - GPU latency: 0.0975098 ms - Host latency: 0.0975098 ms (enqueue 0.0822754 ms)
[02/25/2026-14:55:32] [I] Average on 10 runs - GPU latency: 0.0952148 ms - Host latency: 0.0952148 ms (enqueue 0.0799561 ms)
[02/25/2026-14:55:32] [I] Average on 10 runs - GPU latency: 0.0947998 ms - Host latency: 0.0947998 ms (enqueue 0.079834 ms)
[02/25/2026-14:55:32] [I] Average on 10 runs - GPU latency: 0.0951416 ms - Host latency: 0.0951416 ms (enqueue 0.0806152 ms)
[02/25/2026-14:55:32] [I] Average on 10 runs - GPU latency: 0.09729 ms - Host latency: 0.09729 ms (enqueue 0.082666 ms)
[02/25/2026-14:55:32] [I] Average on 10 runs - GPU latency: 0.095752 ms - Host latency: 0.095752 ms (enqueue 0.0793945 ms)
[02/25/2026-14:55:32] [I] Average on 10 runs - GPU latency: 0.0969727 ms - Host latency: 0.0969727 ms (enqueue 0.0817383 ms)
[02/25/2026-14:55:32] [I] Average on 10 runs - GPU latency: 0.0951416 ms - Host latency: 0.0951416 ms (enqueue 0.0796631 ms)
[02/25/2026-14:55:32] [I] Average on 10 runs - GPU latency: 0.0947998 ms - Host latency: 0.0947998 ms (enqueue 0.0797852 ms)
[02/25/2026-14:55:32] [I] Average on 10 runs - GPU latency: 0.0980469 ms - Host latency: 0.0980469 ms (enqueue 0.0815918 ms)
[02/25/2026-14:55:32] [I] Average on 10 runs - GPU latency: 0.0963867 ms - Host latency: 0.0963867 ms (enqueue 0.0816895 ms)
[02/25/2026-14:55:32] [I] Average on 10 runs - GPU latency: 0.0974121 ms - Host latency: 0.0974121 ms (enqueue 0.0825928 ms)
[02/25/2026-14:55:32] [I] Average on 10 runs - GPU latency: 0.0954102 ms - Host latency: 0.0954102 ms (enqueue 0.0810059 ms)
[02/25/2026-14:55:32] [I] Average on 10 runs - GPU latency: 0.101807 ms - Host latency: 0.101807 ms (enqueue 0.0864502 ms)
[02/25/2026-14:55:32] [I] Average on 10 runs - GPU latency: 0.0968018 ms - Host latency: 0.0968018 ms (enqueue 0.0820557 ms)
[02/25/2026-14:55:32] [I] Average on 10 runs - GPU latency: 0.0967285 ms - Host latency: 0.0967285 ms (enqueue 0.0817627 ms)
[02/25/2026-14:55:32] [I] Average on 10 runs - GPU latency: 0.0959961 ms - Host latency: 0.0959961 ms (enqueue 0.0805908 ms)
[02/25/2026-14:55:32] [I] Average on 10 runs - GPU latency: 0.0977783 ms - Host latency: 0.0977783 ms (enqueue 0.0840332 ms)
[02/25/2026-14:55:32] [I] Average on 10 runs - GPU latency: 0.097876 ms - Host latency: 0.097876 ms (enqueue 0.0829346 ms)
[02/25/2026-14:55:32] [I] Average on 10 runs - GPU latency: 0.0967529 ms - Host latency: 0.0967529 ms (enqueue 0.0818359 ms)
[02/25/2026-14:55:32] [I] Average on 10 runs - GPU latency: 0.0966309 ms - Host latency: 0.0966309 ms (enqueue 0.0815186 ms)
[02/25/2026-14:55:32] [I] Average on 10 runs - GPU latency: 0.0978027 ms - Host latency: 0.0978027 ms (enqueue 0.0836426 ms)
[02/25/2026-14:55:32] [I] Average on 10 runs - GPU latency: 0.0958008 ms - Host latency: 0.0958008 ms (enqueue 0.0808105 ms)
[02/25/2026-14:55:32] [I] Average on 10 runs - GPU latency: 0.0958008 ms - Host latency: 0.0958008 ms (enqueue 0.0812744 ms)
[02/25/2026-14:55:32] [I] Average on 10 runs - GPU latency: 0.0953613 ms - Host latency: 0.0953613 ms (enqueue 0.0792969 ms)
[02/25/2026-14:55:32] [I] Average on 10 runs - GPU latency: 0.0976562 ms - Host latency: 0.0976562 ms (enqueue 0.0842285 ms)
[02/25/2026-14:55:32] [I] Average on 10 runs - GPU latency: 0.095874 ms - Host latency: 0.095874 ms (enqueue 0.0808838 ms)
[02/25/2026-14:55:32] [I] Average on 10 runs - GPU latency: 0.096582 ms - Host latency: 0.096582 ms (enqueue 0.08125 ms)
[02/25/2026-14:55:32] [I] Average on 10 runs - GPU latency: 0.09646 ms - Host latency: 0.09646 ms (enqueue 0.0809814 ms)
[02/25/2026-14:55:32] [I] Average on 10 runs - GPU latency: 0.10022 ms - Host latency: 0.10022 ms (enqueue 0.0839844 ms)
[02/25/2026-14:55:32] [I] Average on 10 runs - GPU latency: 0.0972656 ms - Host latency: 0.0972656 ms (enqueue 0.0823242 ms)
[02/25/2026-14:55:32] [I] Average on 10 runs - GPU latency: 0.095459 ms - Host latency: 0.095459 ms (enqueue 0.0800293 ms)
[02/25/2026-14:55:32] [I] Average on 10 runs - GPU latency: 0.0947266 ms - Host latency: 0.0947266 ms (enqueue 0.0799805 ms)
[02/25/2026-14:55:32] [I] Average on 10 runs - GPU latency: 0.0973877 ms - Host latency: 0.0973877 ms (enqueue 0.0835937 ms)
[02/25/2026-14:55:32] [I] Average on 10 runs - GPU latency: 0.0956787 ms - Host latency: 0.0956787 ms (enqueue 0.0802246 ms)
[02/25/2026-14:55:32] [I] Average on 10 runs - GPU latency: 0.0964844 ms - Host latency: 0.0964844 ms (enqueue 0.0813477 ms)
[02/25/2026-14:55:32] [I] Average on 10 runs - GPU latency: 0.0950195 ms - Host latency: 0.0950195 ms (enqueue 0.0801025 ms)
[02/25/2026-14:55:32] [I] Average on 10 runs - GPU latency: 0.0978272 ms - Host latency: 0.0978272 ms (enqueue 0.082959 ms)
[02/25/2026-14:55:32] [I] Average on 10 runs - GPU latency: 0.0960449 ms - Host latency: 0.0960449 ms (enqueue 0.0814453 ms)
[02/25/2026-14:55:32] [I] Average on 10 runs - GPU latency: 0.0961182 ms - Host latency: 0.0961182 ms (enqueue 0.0808594 ms)
[02/25/2026-14:55:32] [I] Average on 10 runs - GPU latency: 0.0981689 ms - Host latency: 0.0981689 ms (enqueue 0.0830322 ms)
[02/25/2026-14:55:32] [I] Average on 10 runs - GPU latency: 0.0989746 ms - Host latency: 0.0989746 ms (enqueue 0.0848145 ms)
[02/25/2026-14:55:32] [I] Average on 10 runs - GPU latency: 0.0957764 ms - Host latency: 0.0957764 ms (enqueue 0.0812988 ms)
[02/25/2026-14:55:32] [I] Average on 10 runs - GPU latency: 0.0965576 ms - Host latency: 0.0965576 ms (enqueue 0.0810303 ms)
[02/25/2026-14:55:32] [I] Average on 10 runs - GPU latency: 0.0953125 ms - Host latency: 0.0953125 ms (enqueue 0.0803955 ms)
[02/25/2026-14:55:32] [I] Average on 10 runs - GPU latency: 0.0979248 ms - Host latency: 0.0979248 ms (enqueue 0.0833984 ms)
[02/25/2026-14:55:32] [I] Average on 10 runs - GPU latency: 0.0970459 ms - Host latency: 0.0970459 ms (enqueue 0.0818603 ms)
[02/25/2026-14:55:32] [I] Average on 10 runs - GPU latency: 0.0959229 ms - Host latency: 0.0959229 ms (enqueue 0.0803467 ms)
[02/25/2026-14:55:32] [I] Average on 10 runs - GPU latency: 0.0948242 ms - Host latency: 0.0948242 ms (enqueue 0.0803467 ms)
[02/25/2026-14:55:32] [I] Average on 10 runs - GPU latency: 0.0983154 ms - Host latency: 0.0983154 ms (enqueue 0.0838623 ms)
[02/25/2026-14:55:32] [I] Average on 10 runs - GPU latency: 0.0973145 ms - Host latency: 0.0973145 ms (enqueue 0.0820068 ms)
[02/25/2026-14:55:32] [I] Average on 10 runs - GPU latency: 0.0955566 ms - Host latency: 0.0955566 ms (enqueue 0.08125 ms)
[02/25/2026-14:55:32] [I] Average on 10 runs - GPU latency: 0.0978516 ms - Host latency: 0.0978516 ms (enqueue 0.0816895 ms)
[02/25/2026-14:55:32] [I] Average on 10 runs - GPU latency: 0.0972168 ms - Host latency: 0.0972168 ms (enqueue 0.0825684 ms)
[02/25/2026-14:55:32] [I] Average on 10 runs - GPU latency: 0.0959473 ms - Host latency: 0.0959473 ms (enqueue 0.0812988 ms)
[02/25/2026-14:55:32] [I] Average on 10 runs - GPU latency: 0.0956299 ms - Host latency: 0.0956299 ms (enqueue 0.0806641 ms)
[02/25/2026-14:55:32] [I] Average on 10 runs - GPU latency: 0.0958496 ms - Host latency: 0.0958496 ms (enqueue 0.0812744 ms)
[02/25/2026-14:55:32] [I] Average on 10 runs - GPU latency: 0.0976074 ms - Host latency: 0.0976074 ms (enqueue 0.0813721 ms)
[02/25/2026-14:55:32] [I] Average on 10 runs - GPU latency: 0.095752 ms - Host latency: 0.095752 ms (enqueue 0.0809082 ms)
[02/25/2026-14:55:32] [I] Average on 10 runs - GPU latency: 0.0951172 ms - Host latency: 0.0951172 ms (enqueue 0.0799316 ms)
[02/25/2026-14:55:32] [I] Average on 10 runs - GPU latency: 0.097168 ms - Host latency: 0.097168 ms (enqueue 0.0819336 ms)
[02/25/2026-14:55:32] [I] Average on 10 runs - GPU latency: 0.0990479 ms - Host latency: 0.0990479 ms (enqueue 0.0847168 ms)
[02/25/2026-14:55:32] [I] Average on 10 runs - GPU latency: 0.0979248 ms - Host latency: 0.0979248 ms (enqueue 0.0828125 ms)
[02/25/2026-14:55:32] [I] Average on 10 runs - GPU latency: 0.0975098 ms - Host latency: 0.0975098 ms (enqueue 0.0812744 ms)
[02/25/2026-14:55:32] [I] Average on 10 runs - GPU latency: 0.0946289 ms - Host latency: 0.0946289 ms (enqueue 0.0796631 ms)
[02/25/2026-14:55:32] [I] Average on 10 runs - GPU latency: 0.0973145 ms - Host latency: 0.0973145 ms (enqueue 0.0811523 ms)
[02/25/2026-14:55:32] [I] Average on 10 runs - GPU latency: 0.0958496 ms - Host latency: 0.0958496 ms (enqueue 0.0810547 ms)
[02/25/2026-14:55:32] [I] Average on 10 runs - GPU latency: 0.0961182 ms - Host latency: 0.0961182 ms (enqueue 0.0805908 ms)
[02/25/2026-14:55:32] [I] Average on 10 runs - GPU latency: 0.0949707 ms - Host latency: 0.0949707 ms (enqueue 0.0802246 ms)
[02/25/2026-14:55:32] [I] Average on 10 runs - GPU latency: 0.0984375 ms - Host latency: 0.0984375 ms (enqueue 0.0842041 ms)
[02/25/2026-14:55:32] [I] Average on 10 runs - GPU latency: 0.0954102 ms - Host latency: 0.0954102 ms (enqueue 0.0799561 ms)
[02/25/2026-14:55:32] [I] Average on 10 runs - GPU latency: 0.0949951 ms - Host latency: 0.0949951 ms (enqueue 0.0801758 ms)
[02/25/2026-14:55:32] [I] Average on 10 runs - GPU latency: 0.0958984 ms - Host latency: 0.0958984 ms (enqueue 0.080542 ms)
[02/25/2026-14:55:32] [I] Average on 10 runs - GPU latency: 0.0958008 ms - Host latency: 0.0958008 ms (enqueue 0.0816162 ms)
[02/25/2026-14:55:32] [I] Average on 10 runs - GPU latency: 0.0979736 ms - Host latency: 0.0979736 ms (enqueue 0.082251 ms)
[02/25/2026-14:55:32] [I] Average on 10 runs - GPU latency: 0.0966797 ms - Host latency: 0.0966797 ms (enqueue 0.0808594 ms)
[02/25/2026-14:55:32] [I] Average on 10 runs - GPU latency: 0.0955566 ms - Host latency: 0.0955566 ms (enqueue 0.0814453 ms)
[02/25/2026-14:55:32] [I] Average on 10 runs - GPU latency: 0.098291 ms - Host latency: 0.098291 ms (enqueue 0.0830322 ms)
[02/25/2026-14:55:32] [I] Average on 10 runs - GPU latency: 0.0964111 ms - Host latency: 0.0964111 ms (enqueue 0.08125 ms)
[02/25/2026-14:55:32] [I] Average on 10 runs - GPU latency: 0.0967529 ms - Host latency: 0.0967529 ms (enqueue 0.0813965 ms)
[02/25/2026-14:55:32] [I] Average on 10 runs - GPU latency: 0.0964844 ms - Host latency: 0.0964844 ms (enqueue 0.0815918 ms)
[02/25/2026-14:55:32] [I] Average on 10 runs - GPU latency: 0.0956055 ms - Host latency: 0.0956055 ms (enqueue 0.0826904 ms)
[02/25/2026-14:55:32] [I] Average on 10 runs - GPU latency: 0.0979248 ms - Host latency: 0.0979248 ms (enqueue 0.0815918 ms)
[02/25/2026-14:55:32] [I] Average on 10 runs - GPU latency: 0.0951416 ms - Host latency: 0.0951416 ms (enqueue 0.0806152 ms)
[02/25/2026-14:55:32] [I] Average on 10 runs - GPU latency: 0.0954834 ms - Host latency: 0.0954834 ms (enqueue 0.0804199 ms)
[02/25/2026-14:55:32] [I] Average on 10 runs - GPU latency: 0.0945068 ms - Host latency: 0.0945068 ms (enqueue 0.0790771 ms)
[02/25/2026-14:55:32] [I] Average on 10 runs - GPU latency: 0.0978027 ms - Host latency: 0.0978027 ms (enqueue 0.0833252 ms)
[02/25/2026-14:55:32] [I] Average on 10 runs - GPU latency: 0.0950439 ms - Host latency: 0.0950439 ms (enqueue 0.0803955 ms)
[02/25/2026-14:55:32] [I] Average on 10 runs - GPU latency: 0.0961182 ms - Host latency: 0.0961182 ms (enqueue 0.0808105 ms)
[02/25/2026-14:55:32] [I] Average on 10 runs - GPU latency: 0.0952637 ms - Host latency: 0.0952637 ms (enqueue 0.0806152 ms)
[02/25/2026-14:55:32] [I] Average on 10 runs - GPU latency: 0.097168 ms - Host latency: 0.097168 ms (enqueue 0.0824463 ms)
[02/25/2026-14:55:32] [I] Average on 10 runs - GPU latency: 0.0956543 ms - Host latency: 0.0956543 ms (enqueue 0.0799805 ms)
[02/25/2026-14:55:32] [I] Average on 10 runs - GPU latency: 0.0954834 ms - Host latency: 0.0954834 ms (enqueue 0.0806396 ms)
[02/25/2026-14:55:32] [I] Average on 10 runs - GPU latency: 0.0961914 ms - Host latency: 0.0961914 ms (enqueue 0.080835 ms)
[02/25/2026-14:55:32] [I] Average on 10 runs - GPU latency: 0.0995605 ms - Host latency: 0.0995605 ms (enqueue 0.0833984 ms)
[02/25/2026-14:55:32] [I] Average on 10 runs - GPU latency: 0.0952148 ms - Host latency: 0.0952148 ms (enqueue 0.0806885 ms)
[02/25/2026-14:55:32] [I] Average on 10 runs - GPU latency: 0.0951416 ms - Host latency: 0.0951416 ms (enqueue 0.0801514 ms)
[02/25/2026-14:55:32] [I] Average on 10 runs - GPU latency: 0.0976074 ms - Host latency: 0.0976074 ms (enqueue 0.0818848 ms)
[02/25/2026-14:55:32] [I] Average on 10 runs - GPU latency: 0.0972168 ms - Host latency: 0.0972168 ms (enqueue 0.0828369 ms)
[02/25/2026-14:55:32] [I] Average on 10 runs - GPU latency: 0.0947998 ms - Host latency: 0.0947998 ms (enqueue 0.0797607 ms)
[02/25/2026-14:55:32] [I] Average on 10 runs - GPU latency: 0.0954346 ms - Host latency: 0.0954346 ms (enqueue 0.0797363 ms)
[02/25/2026-14:55:32] [I] Average on 10 runs - GPU latency: 0.0947754 ms - Host latency: 0.0947754 ms (enqueue 0.0795166 ms)
[02/25/2026-14:55:32] [I] Average on 10 runs - GPU latency: 0.0966309 ms - Host latency: 0.0966309 ms (enqueue 0.0823242 ms)
[02/25/2026-14:55:32] [I] Average on 10 runs - GPU latency: 0.0952881 ms - Host latency: 0.0952881 ms (enqueue 0.0804199 ms)
[02/25/2026-14:55:32] [I] Average on 10 runs - GPU latency: 0.094458 ms - Host latency: 0.094458 ms (enqueue 0.0795898 ms)
[02/25/2026-14:55:32] [I] Average on 10 runs - GPU latency: 0.095459 ms - Host latency: 0.095459 ms (enqueue 0.0804688 ms)
[02/25/2026-14:55:32] [I] Average on 10 runs - GPU latency: 0.0980957 ms - Host latency: 0.0980957 ms (enqueue 0.0829346 ms)
[02/25/2026-14:55:32] [I] Average on 10 runs - GPU latency: 0.0946533 ms - Host latency: 0.0946533 ms (enqueue 0.0805176 ms)
[02/25/2026-14:55:32] [I] Average on 10 runs - GPU latency: 0.0967285 ms - Host latency: 0.0967285 ms (enqueue 0.0817383 ms)
[02/25/2026-14:55:32] [I] Average on 10 runs - GPU latency: 0.0987793 ms - Host latency: 0.0987793 ms (enqueue 0.0828125 ms)
[02/25/2026-14:55:32] [I] Average on 10 runs - GPU latency: 0.097876 ms - Host latency: 0.097876 ms (enqueue 0.0821289 ms)
[02/25/2026-14:55:32] [I] Average on 10 runs - GPU latency: 0.0950684 ms - Host latency: 0.0950684 ms (enqueue 0.0806396 ms)
[02/25/2026-14:55:32] [I] Average on 10 runs - GPU latency: 0.0967041 ms - Host latency: 0.0967041 ms (enqueue 0.0814453 ms)
[02/25/2026-14:55:32] [I] Average on 10 runs - GPU latency: 0.0968018 ms - Host latency: 0.0968018 ms (enqueue 0.0814453 ms)
[02/25/2026-14:55:32] [I] Average on 10 runs - GPU latency: 0.097583 ms - Host latency: 0.097583 ms (enqueue 0.084082 ms)
[02/25/2026-14:55:32] [I] Average on 10 runs - GPU latency: 0.0958008 ms - Host latency: 0.0958008 ms (enqueue 0.0805176 ms)
[02/25/2026-14:55:32] [I] Average on 10 runs - GPU latency: 0.096875 ms - Host latency: 0.096875 ms (enqueue 0.0823975 ms)
[02/25/2026-14:55:32] [I] Average on 10 runs - GPU latency: 0.0966064 ms - Host latency: 0.0966064 ms (enqueue 0.0814941 ms)
[02/25/2026-14:55:32] [I] Average on 10 runs - GPU latency: 0.0983398 ms - Host latency: 0.0983398 ms (enqueue 0.0817627 ms)
[02/25/2026-14:55:32] [I] Average on 10 runs - GPU latency: 0.0954102 ms - Host latency: 0.0954102 ms (enqueue 0.0812744 ms)
[02/25/2026-14:55:32] [I] Average on 10 runs - GPU latency: 0.0980225 ms - Host latency: 0.0980225 ms (enqueue 0.0821045 ms)
[02/25/2026-14:55:32] [I] Average on 10 runs - GPU latency: 0.0968994 ms - Host latency: 0.0968994 ms (enqueue 0.0811279 ms)
[02/25/2026-14:55:32] [I] Average on 10 runs - GPU latency: 0.0983398 ms - Host latency: 0.0983398 ms (enqueue 0.0839111 ms)
[02/25/2026-14:55:32] [I] Average on 10 runs - GPU latency: 0.0966064 ms - Host latency: 0.0966064 ms (enqueue 0.081543 ms)
[02/25/2026-14:55:32] [I] Average on 10 runs - GPU latency: 0.0956787 ms - Host latency: 0.0956787 ms (enqueue 0.0802002 ms)
[02/25/2026-14:55:32] [I] Average on 10 runs - GPU latency: 0.0966553 ms - Host latency: 0.0966553 ms (enqueue 0.0819092 ms)
[02/25/2026-14:55:32] [I] Average on 10 runs - GPU latency: 0.0987305 ms - Host latency: 0.0987305 ms (enqueue 0.0843262 ms)
[02/25/2026-14:55:32] [I] Average on 10 runs - GPU latency: 0.0961914 ms - Host latency: 0.0961914 ms (enqueue 0.0807129 ms)
[02/25/2026-14:55:32] [I] Average on 10 runs - GPU latency: 0.095752 ms - Host latency: 0.095752 ms (enqueue 0.0809814 ms)
[02/25/2026-14:55:32] [I] Average on 10 runs - GPU latency: 0.0974121 ms - Host latency: 0.0974121 ms (enqueue 0.0822998 ms)
[02/25/2026-14:55:32] [I] Average on 10 runs - GPU latency: 0.0983398 ms - Host latency: 0.0983398 ms (enqueue 0.0839844 ms)
[02/25/2026-14:55:32] [I] Average on 10 runs - GPU latency: 0.0968994 ms - Host latency: 0.0968994 ms (enqueue 0.0815186 ms)
[02/25/2026-14:55:32] [I] Average on 10 runs - GPU latency: 0.0969238 ms - Host latency: 0.0969238 ms (enqueue 0.0813965 ms)
[02/25/2026-14:55:32] [I] Average on 10 runs - GPU latency: 0.0949707 ms - Host latency: 0.0949707 ms (enqueue 0.0802002 ms)
[02/25/2026-14:55:32] [I] Average on 10 runs - GPU latency: 0.097998 ms - Host latency: 0.097998 ms (enqueue 0.0826416 ms)
[02/25/2026-14:55:32] [I] Average on 10 runs - GPU latency: 0.0973877 ms - Host latency: 0.0973877 ms (enqueue 0.0820068 ms)
[02/25/2026-14:55:32] [I] Average on 10 runs - GPU latency: 0.094751 ms - Host latency: 0.094751 ms (enqueue 0.0799805 ms)
[02/25/2026-14:55:32] [I] Average on 10 runs - GPU latency: 0.0950684 ms - Host latency: 0.0950684 ms (enqueue 0.0808838 ms)
[02/25/2026-14:55:32] [I] Average on 10 runs - GPU latency: 0.0974365 ms - Host latency: 0.0974365 ms (enqueue 0.0826416 ms)
[02/25/2026-14:55:32] [I] Average on 10 runs - GPU latency: 0.0968506 ms - Host latency: 0.0968506 ms (enqueue 0.0818115 ms)
[02/25/2026-14:55:32] [I] Average on 10 runs - GPU latency: 0.0957031 ms - Host latency: 0.0957031 ms (enqueue 0.0804199 ms)
[02/25/2026-14:55:32] [I] Average on 10 runs - GPU latency: 0.0952148 ms - Host latency: 0.0952148 ms (enqueue 0.0806885 ms)
[02/25/2026-14:55:32] [I] Average on 10 runs - GPU latency: 0.0977295 ms - Host latency: 0.0977295 ms (enqueue 0.0831543 ms)
[02/25/2026-14:55:32] [I] Average on 10 runs - GPU latency: 0.0975342 ms - Host latency: 0.0975342 ms (enqueue 0.08125 ms)
[02/25/2026-14:55:32] [I] Average on 10 runs - GPU latency: 0.0956299 ms - Host latency: 0.0956299 ms (enqueue 0.0811768 ms)
[02/25/2026-14:55:32] [I] Average on 10 runs - GPU latency: 0.0979004 ms - Host latency: 0.0979004 ms (enqueue 0.0823975 ms)
[02/25/2026-14:55:32] [I] Average on 10 runs - GPU latency: 0.0953369 ms - Host latency: 0.0953369 ms (enqueue 0.0822754 ms)
[02/25/2026-14:55:32] [I] Average on 10 runs - GPU latency: 0.0971436 ms - Host latency: 0.0971436 ms (enqueue 0.0810059 ms)
[02/25/2026-14:55:32] [I] Average on 10 runs - GPU latency: 0.0963867 ms - Host latency: 0.0963867 ms (enqueue 0.0813965 ms)
[02/25/2026-14:55:32] [I] Average on 10 runs - GPU latency: 0.0954346 ms - Host latency: 0.0954346 ms (enqueue 0.0804199 ms)
[02/25/2026-14:55:32] [I] Average on 10 runs - GPU latency: 0.095459 ms - Host latency: 0.095459 ms (enqueue 0.0803223 ms)
[02/25/2026-14:55:32] [I] Average on 10 runs - GPU latency: 0.0968994 ms - Host latency: 0.0968994 ms (enqueue 0.0818115 ms)
[02/25/2026-14:55:32] [I] Average on 10 runs - GPU latency: 0.0960205 ms - Host latency: 0.0960205 ms (enqueue 0.0812256 ms)
[02/25/2026-14:55:32] [I] Average on 10 runs - GPU latency: 0.095752 ms - Host latency: 0.095752 ms (enqueue 0.0806885 ms)
[02/25/2026-14:55:32] [I] Average on 10 runs - GPU latency: 0.0985107 ms - Host latency: 0.0985107 ms (enqueue 0.0826172 ms)
[02/25/2026-14:55:32] [I] Average on 10 runs - GPU latency: 0.0993896 ms - Host latency: 0.0993896 ms (enqueue 0.0829834 ms)
[02/25/2026-14:55:32] [I] Average on 10 runs - GPU latency: 0.0956299 ms - Host latency: 0.0956299 ms (enqueue 0.080957 ms)
[02/25/2026-14:55:32] [I] Average on 10 runs - GPU latency: 0.0946533 ms - Host latency: 0.0946533 ms (enqueue 0.0798096 ms)
[02/25/2026-14:55:32] [I] Average on 10 runs - GPU latency: 0.0954346 ms - Host latency: 0.0954346 ms (enqueue 0.0799072 ms)
[02/25/2026-14:55:32] [I] Average on 10 runs - GPU latency: 0.0962646 ms - Host latency: 0.0962646 ms (enqueue 0.0822998 ms)
[02/25/2026-14:55:32] [I] Average on 10 runs - GPU latency: 0.0962402 ms - Host latency: 0.0962402 ms (enqueue 0.0816406 ms)
[02/25/2026-14:55:32] [I] Average on 10 runs - GPU latency: 0.0963135 ms - Host latency: 0.0963135 ms (enqueue 0.0813232 ms)
[02/25/2026-14:55:32] [I] Average on 10 runs - GPU latency: 0.0969238 ms - Host latency: 0.0969238 ms (enqueue 0.0812988 ms)
[02/25/2026-14:55:32] [I] Average on 10 runs - GPU latency: 0.0972656 ms - Host latency: 0.0972656 ms (enqueue 0.0824707 ms)
[02/25/2026-14:55:32] [I] Average on 10 runs - GPU latency: 0.0957764 ms - Host latency: 0.0957764 ms (enqueue 0.0808105 ms)
[02/25/2026-14:55:32] [I] Average on 10 runs - GPU latency: 0.0970215 ms - Host latency: 0.0970215 ms (enqueue 0.0820068 ms)
[02/25/2026-14:55:32] [I] Average on 10 runs - GPU latency: 0.0963379 ms - Host latency: 0.0963379 ms (enqueue 0.0806152 ms)
[02/25/2026-14:55:32] [I] Average on 10 runs - GPU latency: 0.0986328 ms - Host latency: 0.0986328 ms (enqueue 0.0824707 ms)
[02/25/2026-14:55:32] [I] Average on 10 runs - GPU latency: 0.0947998 ms - Host latency: 0.0947998 ms (enqueue 0.0798096 ms)
[02/25/2026-14:55:32] [I] Average on 10 runs - GPU latency: 0.0957031 ms - Host latency: 0.0957031 ms (enqueue 0.0807861 ms)
[02/25/2026-14:55:32] [I] Average on 10 runs - GPU latency: 0.0951904 ms - Host latency: 0.0951904 ms (enqueue 0.0798828 ms)
[02/25/2026-14:55:32] [I] Average on 10 runs - GPU latency: 0.09729 ms - Host latency: 0.09729 ms (enqueue 0.0821777 ms)
[02/25/2026-14:55:32] [I] Average on 10 runs - GPU latency: 0.0946289 ms - Host latency: 0.0946289 ms (enqueue 0.0795898 ms)
[02/25/2026-14:55:32] [I] Average on 10 runs - GPU latency: 0.0949951 ms - Host latency: 0.0949951 ms (enqueue 0.0801758 ms)
[02/25/2026-14:55:32] [I] Average on 10 runs - GPU latency: 0.0951416 ms - Host latency: 0.0951416 ms (enqueue 0.0805176 ms)
[02/25/2026-14:55:32] [I] Average on 10 runs - GPU latency: 0.0973145 ms - Host latency: 0.0973145 ms (enqueue 0.0829346 ms)
[02/25/2026-14:55:32] [I] Average on 10 runs - GPU latency: 0.0951172 ms - Host latency: 0.0951172 ms (enqueue 0.0802002 ms)
[02/25/2026-14:55:32] [I] Average on 10 runs - GPU latency: 0.0974853 ms - Host latency: 0.0974853 ms (enqueue 0.0820068 ms)
[02/25/2026-14:55:32] [I] Average on 10 runs - GPU latency: 0.0955566 ms - Host latency: 0.0955566 ms (enqueue 0.079834 ms)
[02/25/2026-14:55:32] [I] Average on 10 runs - GPU latency: 0.0977539 ms - Host latency: 0.0977539 ms (enqueue 0.0836426 ms)
[02/25/2026-14:55:32] [I] Average on 10 runs - GPU latency: 0.0953613 ms - Host latency: 0.0953613 ms (enqueue 0.0803467 ms)
[02/25/2026-14:55:32] [I] Average on 10 runs - GPU latency: 0.0959961 ms - Host latency: 0.0959961 ms (enqueue 0.0811768 ms)
[02/25/2026-14:55:32] [I] Average on 10 runs - GPU latency: 0.0960693 ms - Host latency: 0.0960693 ms (enqueue 0.0808838 ms)
[02/25/2026-14:55:32] [I] Average on 10 runs - GPU latency: 0.0989746 ms - Host latency: 0.0989746 ms (enqueue 0.0841797 ms)
[02/25/2026-14:55:32] [I] Average on 10 runs - GPU latency: 0.0952393 ms - Host latency: 0.0952393 ms (enqueue 0.0805664 ms)
[02/25/2026-14:55:32] [I] Average on 10 runs - GPU latency: 0.0964844 ms - Host latency: 0.0964844 ms (enqueue 0.0814697 ms)
[02/25/2026-14:55:32] [I] Average on 10 runs - GPU latency: 0.0959717 ms - Host latency: 0.0959717 ms (enqueue 0.0811768 ms)
[02/25/2026-14:55:32] [I] Average on 10 runs - GPU latency: 0.0983887 ms - Host latency: 0.0983887 ms (enqueue 0.0839111 ms)
[02/25/2026-14:55:32] [I] Average on 10 runs - GPU latency: 0.0987061 ms - Host latency: 0.0987061 ms (enqueue 0.0834473 ms)
[02/25/2026-14:55:32] [I] Average on 10 runs - GPU latency: 0.0970459 ms - Host latency: 0.0970459 ms (enqueue 0.081665 ms)
[02/25/2026-14:55:32] [I] Average on 10 runs - GPU latency: 0.0967773 ms - Host latency: 0.0967773 ms (enqueue 0.0819824 ms)
[02/25/2026-14:55:32] [I] Average on 10 runs - GPU latency: 0.098999 ms - Host latency: 0.098999 ms (enqueue 0.0838623 ms)
[02/25/2026-14:55:32] [I] Average on 10 runs - GPU latency: 0.0958008 ms - Host latency: 0.0958008 ms (enqueue 0.0804688 ms)
[02/25/2026-14:55:32] [I] Average on 10 runs - GPU latency: 0.0978516 ms - Host latency: 0.0978516 ms (enqueue 0.0830811 ms)
[02/25/2026-14:55:32] [I] Average on 10 runs - GPU latency: 0.0951416 ms - Host latency: 0.0951416 ms (enqueue 0.0803223 ms)
[02/25/2026-14:55:32] [I] Average on 10 runs - GPU latency: 0.0982666 ms - Host latency: 0.0982666 ms (enqueue 0.0835693 ms)
[02/25/2026-14:55:32] [I] Average on 10 runs - GPU latency: 0.0962646 ms - Host latency: 0.0962646 ms (enqueue 0.080957 ms)
[02/25/2026-14:55:32] [I] Average on 10 runs - GPU latency: 0.0954102 ms - Host latency: 0.0954102 ms (enqueue 0.0800781 ms)
[02/25/2026-14:55:32] [I] Average on 10 runs - GPU latency: 0.0959961 ms - Host latency: 0.0959961 ms (enqueue 0.0821777 ms)
[02/25/2026-14:55:32] [I] Average on 10 runs - GPU latency: 0.0991455 ms - Host latency: 0.0991455 ms (enqueue 0.0818848 ms)
[02/25/2026-14:55:32] [I] Average on 10 runs - GPU latency: 0.0970459 ms - Host latency: 0.0970459 ms (enqueue 0.0818115 ms)
[02/25/2026-14:55:32] [I] Average on 10 runs - GPU latency: 0.0959473 ms - Host latency: 0.0959473 ms (enqueue 0.0811279 ms)
[02/25/2026-14:55:32] [I] Average on 10 runs - GPU latency: 0.0953125 ms - Host latency: 0.0953125 ms (enqueue 0.0795166 ms)
[02/25/2026-14:55:32] [I] Average on 10 runs - GPU latency: 0.0964355 ms - Host latency: 0.0964355 ms (enqueue 0.082373 ms)
[02/25/2026-14:55:32] [I] Average on 10 runs - GPU latency: 0.095166 ms - Host latency: 0.095166 ms (enqueue 0.0802246 ms)
[02/25/2026-14:55:32] [I] Average on 10 runs - GPU latency: 0.0960693 ms - Host latency: 0.0960693 ms (enqueue 0.0816162 ms)
[02/25/2026-14:55:32] [I] Average on 10 runs - GPU latency: 0.0963379 ms - Host latency: 0.0963379 ms (enqueue 0.0807129 ms)
[02/25/2026-14:55:32] [I] Average on 10 runs - GPU latency: 0.0944092 ms - Host latency: 0.0944092 ms (enqueue 0.0811035 ms)
[02/25/2026-14:55:32] [I] Average on 10 runs - GPU latency: 0.096875 ms - Host latency: 0.096875 ms (enqueue 0.0799805 ms)
[02/25/2026-14:55:32] [I] Average on 10 runs - GPU latency: 0.0953125 ms - Host latency: 0.0953125 ms (enqueue 0.080249 ms)
[02/25/2026-14:55:32] [I] Average on 10 runs - GPU latency: 0.0940186 ms - Host latency: 0.0940186 ms (enqueue 0.0800049 ms)
[02/25/2026-14:55:32] [I] Average on 10 runs - GPU latency: 0.0971436 ms - Host latency: 0.0971436 ms (enqueue 0.0816162 ms)
[02/25/2026-14:55:32] [I] Average on 10 runs - GPU latency: 0.0975586 ms - Host latency: 0.0975586 ms (enqueue 0.0830811 ms)
[02/25/2026-14:55:32] [I] Average on 10 runs - GPU latency: 0.0957764 ms - Host latency: 0.0957764 ms (enqueue 0.0805908 ms)
[02/25/2026-14:55:32] [I] Average on 10 runs - GPU latency: 0.0965576 ms - Host latency: 0.0965576 ms (enqueue 0.0813721 ms)
[02/25/2026-14:55:32] [I] Average on 10 runs - GPU latency: 0.0958496 ms - Host latency: 0.0958496 ms (enqueue 0.0813232 ms)
[02/25/2026-14:55:32] [I] Average on 10 runs - GPU latency: 0.0981201 ms - Host latency: 0.0981201 ms (enqueue 0.0817627 ms)
[02/25/2026-14:55:32] [I] Average on 10 runs - GPU latency: 0.0958984 ms - Host latency: 0.0958984 ms (enqueue 0.0814453 ms)
[02/25/2026-14:55:32] [I] Average on 10 runs - GPU latency: 0.0962158 ms - Host latency: 0.0962158 ms (enqueue 0.0814453 ms)
[02/25/2026-14:55:32] [I] Average on 10 runs - GPU latency: 0.0959229 ms - Host latency: 0.0959229 ms (enqueue 0.0813965 ms)
[02/25/2026-14:55:32] [I] Average on 10 runs - GPU latency: 0.0975586 ms - Host latency: 0.0975586 ms (enqueue 0.0829102 ms)
[02/25/2026-14:55:32] [I] Average on 10 runs - GPU latency: 0.0948242 ms - Host latency: 0.0948242 ms (enqueue 0.0796875 ms)
[02/25/2026-14:55:32] [I] Average on 10 runs - GPU latency: 0.0958496 ms - Host latency: 0.0958496 ms (enqueue 0.0804932 ms)
[02/25/2026-14:55:32] [I] Average on 10 runs - GPU latency: 0.0951416 ms - Host latency: 0.0951416 ms (enqueue 0.0808594 ms)
[02/25/2026-14:55:32] [I] Average on 10 runs - GPU latency: 0.0982422 ms - Host latency: 0.0982422 ms (enqueue 0.0838623 ms)
[02/25/2026-14:55:32] [I] Average on 10 runs - GPU latency: 0.0961914 ms - Host latency: 0.0961914 ms (enqueue 0.0810791 ms)
[02/25/2026-14:55:32] [I] Average on 10 runs - GPU latency: 0.0952148 ms - Host latency: 0.0952148 ms (enqueue 0.0793701 ms)
[02/25/2026-14:55:32] [I] Average on 10 runs - GPU latency: 0.0947998 ms - Host latency: 0.0947998 ms (enqueue 0.0805664 ms)
[02/25/2026-14:55:32] [I] Average on 10 runs - GPU latency: 0.0972412 ms - Host latency: 0.0972412 ms (enqueue 0.0825928 ms)
[02/25/2026-14:55:32] [I] Average on 10 runs - GPU latency: 0.0950439 ms - Host latency: 0.0950439 ms (enqueue 0.0800049 ms)
[02/25/2026-14:55:32] [I] Average on 10 runs - GPU latency: 0.0946289 ms - Host latency: 0.0946289 ms (enqueue 0.0802246 ms)
[02/25/2026-14:55:32] [I] Average on 10 runs - GPU latency: 0.0948242 ms - Host latency: 0.0948242 ms (enqueue 0.0796631 ms)
[02/25/2026-14:55:32] [I] Average on 10 runs - GPU latency: 0.098999 ms - Host latency: 0.098999 ms (enqueue 0.0842773 ms)
[02/25/2026-14:55:32] [I] Average on 10 runs - GPU latency: 0.095874 ms - Host latency: 0.095874 ms (enqueue 0.0808105 ms)
[02/25/2026-14:55:32] [I] Average on 10 runs - GPU latency: 0.097876 ms - Host latency: 0.097876 ms (enqueue 0.082251 ms)
[02/25/2026-14:55:32] [I] Average on 10 runs - GPU latency: 0.094873 ms - Host latency: 0.094873 ms (enqueue 0.080127 ms)
[02/25/2026-14:55:32] [I] Average on 10 runs - GPU latency: 0.0971191 ms - Host latency: 0.0971191 ms (enqueue 0.0821045 ms)
[02/25/2026-14:55:32] [I] Average on 10 runs - GPU latency: 0.0947998 ms - Host latency: 0.0947998 ms (enqueue 0.0801514 ms)
[02/25/2026-14:55:32] [I] Average on 10 runs - GPU latency: 0.0959961 ms - Host latency: 0.0959961 ms (enqueue 0.0803467 ms)
[02/25/2026-14:55:32] [I] Average on 10 runs - GPU latency: 0.0950928 ms - Host latency: 0.0950928 ms (enqueue 0.0810303 ms)
[02/25/2026-14:55:32] [I] Average on 10 runs - GPU latency: 0.0979004 ms - Host latency: 0.0979004 ms (enqueue 0.0835205 ms)
[02/25/2026-14:55:32] [I] Average on 10 runs - GPU latency: 0.0952148 ms - Host latency: 0.0952148 ms (enqueue 0.0803467 ms)
[02/25/2026-14:55:32] [I] Average on 10 runs - GPU latency: 0.0949951 ms - Host latency: 0.0949951 ms (enqueue 0.0799072 ms)
[02/25/2026-14:55:32] [I] Average on 10 runs - GPU latency: 0.0946045 ms - Host latency: 0.0946045 ms (enqueue 0.0793701 ms)
[02/25/2026-14:55:32] [I] Average on 10 runs - GPU latency: 0.0980713 ms - Host latency: 0.0980713 ms (enqueue 0.0837646 ms)
[02/25/2026-14:55:32] [I] Average on 10 runs - GPU latency: 0.0969727 ms - Host latency: 0.0969727 ms (enqueue 0.0817871 ms)
[02/25/2026-14:55:32] [I] Average on 10 runs - GPU latency: 0.0953613 ms - Host latency: 0.0953613 ms (enqueue 0.080249 ms)
[02/25/2026-14:55:32] [I] Average on 10 runs - GPU latency: 0.096582 ms - Host latency: 0.096582 ms (enqueue 0.0814209 ms)
[02/25/2026-14:55:32] [I] Average on 10 runs - GPU latency: 0.0987549 ms - Host latency: 0.0987549 ms (enqueue 0.0841309 ms)
[02/25/2026-14:55:32] [I] Average on 10 runs - GPU latency: 0.0962891 ms - Host latency: 0.0962891 ms (enqueue 0.0810791 ms)
[02/25/2026-14:55:32] [I] Average on 10 runs - GPU latency: 0.0967773 ms - Host latency: 0.0967773 ms (enqueue 0.0815918 ms)
[02/25/2026-14:55:32] [I] Average on 10 runs - GPU latency: 0.0959473 ms - Host latency: 0.0959473 ms (enqueue 0.0810791 ms)
[02/25/2026-14:55:32] [I] Average on 10 runs - GPU latency: 0.0976318 ms - Host latency: 0.0976318 ms (enqueue 0.0830566 ms)
[02/25/2026-14:55:32] [I] Average on 10 runs - GPU latency: 0.0949951 ms - Host latency: 0.0949951 ms (enqueue 0.0801514 ms)
[02/25/2026-14:55:32] [I] Average on 10 runs - GPU latency: 0.0947754 ms - Host latency: 0.0947754 ms (enqueue 0.0792236 ms)
[02/25/2026-14:55:32] [I] Average on 10 runs - GPU latency: 0.0953369 ms - Host latency: 0.0953369 ms (enqueue 0.0803955 ms)
[02/25/2026-14:55:32] [I] Average on 10 runs - GPU latency: 0.0972412 ms - Host latency: 0.0972412 ms (enqueue 0.0838867 ms)
[02/25/2026-14:55:32] [I] Average on 10 runs - GPU latency: 0.09646 ms - Host latency: 0.09646 ms (enqueue 0.0807617 ms)
[02/25/2026-14:55:32] [I] Average on 10 runs - GPU latency: 0.096875 ms - Host latency: 0.096875 ms (enqueue 0.0818115 ms)
[02/25/2026-14:55:32] [I] Average on 10 runs - GPU latency: 0.0950684 ms - Host latency: 0.0950684 ms (enqueue 0.0798096 ms)
[02/25/2026-14:55:32] [I] Average on 10 runs - GPU latency: 0.0966797 ms - Host latency: 0.0966797 ms (enqueue 0.0830322 ms)
[02/25/2026-14:55:32] [I] Average on 10 runs - GPU latency: 0.097998 ms - Host latency: 0.097998 ms (enqueue 0.0822022 ms)
[02/25/2026-14:55:32] [I] Average on 10 runs - GPU latency: 0.0955811 ms - Host latency: 0.0955811 ms (enqueue 0.0809814 ms)
[02/25/2026-14:55:32] [I] Average on 10 runs - GPU latency: 0.0961426 ms - Host latency: 0.0961426 ms (enqueue 0.080957 ms)
[02/25/2026-14:55:32] [I] Average on 10 runs - GPU latency: 0.0958008 ms - Host latency: 0.0958008 ms (enqueue 0.0823242 ms)
[02/25/2026-14:55:32] [I] Average on 10 runs - GPU latency: 0.0973145 ms - Host latency: 0.0973145 ms (enqueue 0.0809814 ms)
[02/25/2026-14:55:32] [I] Average on 10 runs - GPU latency: 0.095459 ms - Host latency: 0.095459 ms (enqueue 0.0806885 ms)
[02/25/2026-14:55:32] [I] Average on 10 runs - GPU latency: 0.0945557 ms - Host latency: 0.0945557 ms (enqueue 0.079834 ms)
[02/25/2026-14:55:32] [I] Average on 10 runs - GPU latency: 0.0970947 ms - Host latency: 0.0970947 ms (enqueue 0.0819824 ms)
[02/25/2026-14:55:32] [I] Average on 10 runs - GPU latency: 0.0979248 ms - Host latency: 0.0979248 ms (enqueue 0.0830078 ms)
[02/25/2026-14:55:32] [I] Average on 10 runs - GPU latency: 0.0951416 ms - Host latency: 0.0951416 ms (enqueue 0.0805664 ms)
[02/25/2026-14:55:32] [I] Average on 10 runs - GPU latency: 0.0964844 ms - Host latency: 0.0964844 ms (enqueue 0.080542 ms)
[02/25/2026-14:55:32] [I] Average on 10 runs - GPU latency: 0.0945313 ms - Host latency: 0.0945313 ms (enqueue 0.079834 ms)
[02/25/2026-14:55:32] [I] Average on 10 runs - GPU latency: 0.0977295 ms - Host latency: 0.0977295 ms (enqueue 0.0820312 ms)
[02/25/2026-14:55:32] [I] Average on 10 runs - GPU latency: 0.094873 ms - Host latency: 0.094873 ms (enqueue 0.0808594 ms)
[02/25/2026-14:55:32] [I] Average on 10 runs - GPU latency: 0.0966064 ms - Host latency: 0.0966064 ms (enqueue 0.080835 ms)
[02/25/2026-14:55:32] [I] Average on 10 runs - GPU latency: 0.0950439 ms - Host latency: 0.0950439 ms (enqueue 0.0804932 ms)
[02/25/2026-14:55:32] [I] Average on 10 runs - GPU latency: 0.0995361 ms - Host latency: 0.0995361 ms (enqueue 0.0848877 ms)
[02/25/2026-14:55:32] [I] Average on 10 runs - GPU latency: 0.0964844 ms - Host latency: 0.0964844 ms (enqueue 0.0815674 ms)
[02/25/2026-14:55:32] [I] Average on 10 runs - GPU latency: 0.0985107 ms - Host latency: 0.0985107 ms (enqueue 0.0822754 ms)
[02/25/2026-14:55:32] [I] Average on 10 runs - GPU latency: 0.0958496 ms - Host latency: 0.0958496 ms (enqueue 0.0802246 ms)
[02/25/2026-14:55:32] [I] Average on 10 runs - GPU latency: 0.0988281 ms - Host latency: 0.0988281 ms (enqueue 0.0842285 ms)
[02/25/2026-14:55:32] [I] Average on 10 runs - GPU latency: 0.0950195 ms - Host latency: 0.0950195 ms (enqueue 0.0794434 ms)
[02/25/2026-14:55:32] [I] Average on 10 runs - GPU latency: 0.094458 ms - Host latency: 0.094458 ms (enqueue 0.0799072 ms)
[02/25/2026-14:55:32] [I] Average on 10 runs - GPU latency: 0.0965332 ms - Host latency: 0.0965332 ms (enqueue 0.081543 ms)
[02/25/2026-14:55:32] [I] Average on 10 runs - GPU latency: 0.098584 ms - Host latency: 0.098584 ms (enqueue 0.084082 ms)
[02/25/2026-14:55:32] [I] Average on 10 runs - GPU latency: 0.0963135 ms - Host latency: 0.0963135 ms (enqueue 0.0808105 ms)
[02/25/2026-14:55:32] [I] Average on 10 runs - GPU latency: 0.0963867 ms - Host latency: 0.0963867 ms (enqueue 0.0812988 ms)
[02/25/2026-14:55:32] [I] Average on 10 runs - GPU latency: 0.0947998 ms - Host latency: 0.0947998 ms (enqueue 0.0797363 ms)
[02/25/2026-14:55:32] [I] Average on 10 runs - GPU latency: 0.0984375 ms - Host latency: 0.0984375 ms (enqueue 0.0842285 ms)
[02/25/2026-14:55:32] [I] Average on 10 runs - GPU latency: 0.0957275 ms - Host latency: 0.0957275 ms (enqueue 0.080542 ms)
[02/25/2026-14:55:32] [I] Average on 10 runs - GPU latency: 0.0967773 ms - Host latency: 0.0967773 ms (enqueue 0.0811768 ms)
[02/25/2026-14:55:32] [I] Average on 10 runs - GPU latency: 0.096167 ms - Host latency: 0.096167 ms (enqueue 0.0803955 ms)
[02/25/2026-14:55:32] [I] Average on 10 runs - GPU latency: 0.0972656 ms - Host latency: 0.0972656 ms (enqueue 0.0828369 ms)
[02/25/2026-14:55:32] [I] Average on 10 runs - GPU latency: 0.0965576 ms - Host latency: 0.0965576 ms (enqueue 0.0812744 ms)
[02/25/2026-14:55:32] [I] Average on 10 runs - GPU latency: 0.0950439 ms - Host latency: 0.0950439 ms (enqueue 0.0803223 ms)
[02/25/2026-14:55:32] [I] Average on 10 runs - GPU latency: 0.0953613 ms - Host latency: 0.0953613 ms (enqueue 0.0803711 ms)
[02/25/2026-14:55:32] [I] Average on 10 runs - GPU latency: 0.0976807 ms - Host latency: 0.0976807 ms (enqueue 0.0830566 ms)
[02/25/2026-14:55:32] [I] Average on 10 runs - GPU latency: 0.0947998 ms - Host latency: 0.0947998 ms (enqueue 0.0800293 ms)
[02/25/2026-14:55:32] [I] Average on 10 runs - GPU latency: 0.0963623 ms - Host latency: 0.0963623 ms (enqueue 0.0811279 ms)
[02/25/2026-14:55:32] [I] Average on 10 runs - GPU latency: 0.0955566 ms - Host latency: 0.0955566 ms (enqueue 0.0800293 ms)
[02/25/2026-14:55:32] [I] Average on 10 runs - GPU latency: 0.0967773 ms - Host latency: 0.0967773 ms (enqueue 0.0822998 ms)
[02/25/2026-14:55:32] [I] Average on 10 runs - GPU latency: 0.0971436 ms - Host latency: 0.0971436 ms (enqueue 0.0816406 ms)
[02/25/2026-14:55:32] [I] Average on 10 runs - GPU latency: 0.095874 ms - Host latency: 0.095874 ms (enqueue 0.0805908 ms)
[02/25/2026-14:55:32] [I] Average on 10 runs - GPU latency: 0.0965576 ms - Host latency: 0.0965576 ms (enqueue 0.081958 ms)
[02/25/2026-14:55:32] [I] Average on 10 runs - GPU latency: 0.0987549 ms - Host latency: 0.0987549 ms (enqueue 0.0834961 ms)
[02/25/2026-14:55:32] [I] Average on 10 runs - GPU latency: 0.095166 ms - Host latency: 0.095166 ms (enqueue 0.0795166 ms)
[02/25/2026-14:55:32] [I] Average on 10 runs - GPU latency: 0.0956543 ms - Host latency: 0.0956543 ms (enqueue 0.081665 ms)
[02/25/2026-14:55:32] [I] Average on 10 runs - GPU latency: 0.0961914 ms - Host latency: 0.0961914 ms (enqueue 0.0815186 ms)
[02/25/2026-14:55:32] [I] Average on 10 runs - GPU latency: 0.0994141 ms - Host latency: 0.0994141 ms (enqueue 0.0844482 ms)
[02/25/2026-14:55:32] [I] Average on 10 runs - GPU latency: 0.0967285 ms - Host latency: 0.0967285 ms (enqueue 0.0813965 ms)
[02/25/2026-14:55:32] [I] Average on 10 runs - GPU latency: 0.0971924 ms - Host latency: 0.0971924 ms (enqueue 0.0819824 ms)
[02/25/2026-14:55:32] [I] Average on 10 runs - GPU latency: 0.0968994 ms - Host latency: 0.0968994 ms (enqueue 0.0822266 ms)
[02/25/2026-14:55:32] [I] Average on 10 runs - GPU latency: 0.0984131 ms - Host latency: 0.0984131 ms (enqueue 0.08396 ms)
[02/25/2026-14:55:32] [I] Average on 10 runs - GPU latency: 0.0965088 ms - Host latency: 0.0965088 ms (enqueue 0.0811279 ms)
[02/25/2026-14:55:32] [I] Average on 10 runs - GPU latency: 0.0965088 ms - Host latency: 0.0965088 ms (enqueue 0.0817871 ms)
[02/25/2026-14:55:32] [I] Average on 10 runs - GPU latency: 0.0953369 ms - Host latency: 0.0953369 ms (enqueue 0.0803467 ms)
[02/25/2026-14:55:32] [I] Average on 10 runs - GPU latency: 0.0968994 ms - Host latency: 0.0968994 ms (enqueue 0.080957 ms)
[02/25/2026-14:55:32] [I] Average on 10 runs - GPU latency: 0.096167 ms - Host latency: 0.096167 ms (enqueue 0.0808594 ms)
[02/25/2026-14:55:32] [I] Average on 10 runs - GPU latency: 0.0959473 ms - Host latency: 0.0959473 ms (enqueue 0.0802734 ms)
[02/25/2026-14:55:32] [I] Average on 10 runs - GPU latency: 0.0963135 ms - Host latency: 0.0963135 ms (enqueue 0.0817871 ms)
[02/25/2026-14:55:32] [I] Average on 10 runs - GPU latency: 0.0976807 ms - Host latency: 0.0976807 ms (enqueue 0.0838867 ms)
[02/25/2026-14:55:32] [I] Average on 10 runs - GPU latency: 0.0973389 ms - Host latency: 0.0973389 ms (enqueue 0.0821777 ms)
[02/25/2026-14:55:32] [I] Average on 10 runs - GPU latency: 0.0979736 ms - Host latency: 0.0979736 ms (enqueue 0.0828613 ms)
[02/25/2026-14:55:32] [I] Average on 10 runs - GPU latency: 0.0953369 ms - Host latency: 0.0953369 ms (enqueue 0.080127 ms)
[02/25/2026-14:55:32] [I] Average on 10 runs - GPU latency: 0.0999023 ms - Host latency: 0.0999023 ms (enqueue 0.0843994 ms)
[02/25/2026-14:55:32] [I] Average on 10 runs - GPU latency: 0.09646 ms - Host latency: 0.09646 ms (enqueue 0.0815674 ms)
[02/25/2026-14:55:32] [I] Average on 10 runs - GPU latency: 0.0978027 ms - Host latency: 0.0978027 ms (enqueue 0.0825684 ms)
[02/25/2026-14:55:32] [I] Average on 10 runs - GPU latency: 0.0962891 ms - Host latency: 0.0962891 ms (enqueue 0.0810547 ms)
[02/25/2026-14:55:32] [I] Average on 10 runs - GPU latency: 0.0984375 ms - Host latency: 0.0984375 ms (enqueue 0.0827148 ms)
[02/25/2026-14:55:32] [I] Average on 10 runs - GPU latency: 0.0971191 ms - Host latency: 0.0971191 ms (enqueue 0.0813232 ms)
[02/25/2026-14:55:32] [I] Average on 10 runs - GPU latency: 0.094751 ms - Host latency: 0.094751 ms (enqueue 0.079834 ms)
[02/25/2026-14:55:32] [I] Average on 10 runs - GPU latency: 0.0945801 ms - Host latency: 0.0945801 ms (enqueue 0.0794922 ms)
[02/25/2026-14:55:32] [I] Average on 10 runs - GPU latency: 0.0949219 ms - Host latency: 0.0949219 ms (enqueue 0.0798096 ms)
[02/25/2026-14:55:32] [I] Average on 10 runs - GPU latency: 0.0978272 ms - Host latency: 0.0978272 ms (enqueue 0.0812012 ms)
[02/25/2026-14:55:32] [I] Average on 10 runs - GPU latency: 0.0948242 ms - Host latency: 0.0948242 ms (enqueue 0.0800537 ms)
[02/25/2026-14:55:32] [I] Average on 10 runs - GPU latency: 0.0968506 ms - Host latency: 0.0968506 ms (enqueue 0.0811035 ms)
[02/25/2026-14:55:32] [I] Average on 10 runs - GPU latency: 0.0954346 ms - Host latency: 0.0954346 ms (enqueue 0.0802002 ms)
[02/25/2026-14:55:32] [I] Average on 10 runs - GPU latency: 0.099585 ms - Host latency: 0.099585 ms (enqueue 0.0849609 ms)
[02/25/2026-14:55:32] [I] Average on 10 runs - GPU latency: 0.0955566 ms - Host latency: 0.0955566 ms (enqueue 0.0812256 ms)
[02/25/2026-14:55:32] [I] Average on 10 runs - GPU latency: 0.0957031 ms - Host latency: 0.0957031 ms (enqueue 0.0803711 ms)
[02/25/2026-14:55:32] [I] Average on 10 runs - GPU latency: 0.0954346 ms - Host latency: 0.0954346 ms (enqueue 0.0804932 ms)
[02/25/2026-14:55:32] [I] Average on 10 runs - GPU latency: 0.0979004 ms - Host latency: 0.0979004 ms (enqueue 0.0819336 ms)
[02/25/2026-14:55:32] [I] Average on 10 runs - GPU latency: 0.0955811 ms - Host latency: 0.0955811 ms (enqueue 0.0815918 ms)
[02/25/2026-14:55:32] [I] Average on 10 runs - GPU latency: 0.0948975 ms - Host latency: 0.0948975 ms (enqueue 0.0799316 ms)
[02/25/2026-14:55:32] [I] Average on 10 runs - GPU latency: 0.095166 ms - Host latency: 0.095166 ms (enqueue 0.0803711 ms)
[02/25/2026-14:55:32] [I] Average on 10 runs - GPU latency: 0.0991943 ms - Host latency: 0.0991943 ms (enqueue 0.0844727 ms)
[02/25/2026-14:55:32] [I] Average on 10 runs - GPU latency: 0.094751 ms - Host latency: 0.094751 ms (enqueue 0.0798828 ms)
[02/25/2026-14:55:32] [I] Average on 10 runs - GPU latency: 0.0974609 ms - Host latency: 0.0974609 ms (enqueue 0.082251 ms)
[02/25/2026-14:55:32] [I] Average on 10 runs - GPU latency: 0.0963867 ms - Host latency: 0.0963867 ms (enqueue 0.0818115 ms)
[02/25/2026-14:55:32] [I] Average on 10 runs - GPU latency: 0.0982178 ms - Host latency: 0.0982178 ms (enqueue 0.0822754 ms)
[02/25/2026-14:55:32] [I] Average on 10 runs - GPU latency: 0.0946045 ms - Host latency: 0.0946045 ms (enqueue 0.0804688 ms)
[02/25/2026-14:55:32] [I] Average on 10 runs - GPU latency: 0.0967041 ms - Host latency: 0.0967041 ms (enqueue 0.0817871 ms)
[02/25/2026-14:55:32] [I] Average on 10 runs - GPU latency: 0.0966064 ms - Host latency: 0.0966064 ms (enqueue 0.0816406 ms)
[02/25/2026-14:55:32] [I] Average on 10 runs - GPU latency: 0.0979248 ms - Host latency: 0.0979248 ms (enqueue 0.0834229 ms)
[02/25/2026-14:55:32] [I] Average on 10 runs - GPU latency: 0.0970947 ms - Host latency: 0.0970947 ms (enqueue 0.081958 ms)
[02/25/2026-14:55:32] [I] Average on 10 runs - GPU latency: 0.0969238 ms - Host latency: 0.0969238 ms (enqueue 0.0815674 ms)
[02/25/2026-14:55:32] [I] Average on 10 runs - GPU latency: 0.0956055 ms - Host latency: 0.0956055 ms (enqueue 0.0800293 ms)
[02/25/2026-14:55:32] [I] Average on 10 runs - GPU latency: 0.0978516 ms - Host latency: 0.0978516 ms (enqueue 0.0841553 ms)
[02/25/2026-14:55:32] [I] Average on 10 runs - GPU latency: 0.0980225 ms - Host latency: 0.0980225 ms (enqueue 0.0818359 ms)
[02/25/2026-14:55:32] [I] Average on 10 runs - GPU latency: 0.0949707 ms - Host latency: 0.0949707 ms (enqueue 0.0802734 ms)
[02/25/2026-14:55:32] [I] Average on 10 runs - GPU latency: 0.0971924 ms - Host latency: 0.0971924 ms (enqueue 0.0818848 ms)
[02/25/2026-14:55:32] [I] Average on 10 runs - GPU latency: 0.0980225 ms - Host latency: 0.0980225 ms (enqueue 0.0831299 ms)
[02/25/2026-14:55:32] [I] Average on 10 runs - GPU latency: 0.0956787 ms - Host latency: 0.0956787 ms (enqueue 0.0810303 ms)
[02/25/2026-14:55:32] [I] Average on 10 runs - GPU latency: 0.0968018 ms - Host latency: 0.0968018 ms (enqueue 0.0813721 ms)
[02/25/2026-14:55:32] [I] Average on 10 runs - GPU latency: 0.0966064 ms - Host latency: 0.0966064 ms (enqueue 0.0819824 ms)
[02/25/2026-14:55:32] [I] Average on 10 runs - GPU latency: 0.100464 ms - Host latency: 0.100464 ms (enqueue 0.0859619 ms)
[02/25/2026-14:55:32] [I] Average on 10 runs - GPU latency: 0.0960938 ms - Host latency: 0.0960938 ms (enqueue 0.0814209 ms)
[02/25/2026-14:55:32] [I] Average on 10 runs - GPU latency: 0.0959961 ms - Host latency: 0.0959961 ms (enqueue 0.0809326 ms)
[02/25/2026-14:55:32] [I] Average on 10 runs - GPU latency: 0.0952148 ms - Host latency: 0.0952148 ms (enqueue 0.0812744 ms)
[02/25/2026-14:55:32] [I] Average on 10 runs - GPU latency: 0.100146 ms - Host latency: 0.100146 ms (enqueue 0.0835449 ms)
[02/25/2026-14:55:32] [I] Average on 10 runs - GPU latency: 0.0974365 ms - Host latency: 0.0974365 ms (enqueue 0.0823242 ms)
[02/25/2026-14:55:32] [I] Average on 10 runs - GPU latency: 0.0965332 ms - Host latency: 0.0965332 ms (enqueue 0.0815918 ms)
[02/25/2026-14:55:32] [I] Average on 10 runs - GPU latency: 0.0960938 ms - Host latency: 0.0960938 ms (enqueue 0.0804932 ms)
[02/25/2026-14:55:32] [I] Average on 10 runs - GPU latency: 0.0976807 ms - Host latency: 0.0976807 ms (enqueue 0.0827393 ms)
[02/25/2026-14:55:32] [I] Average on 10 runs - GPU latency: 0.0950439 ms - Host latency: 0.0950439 ms (enqueue 0.080249 ms)
[02/25/2026-14:55:32] [I] Average on 10 runs - GPU latency: 0.0980957 ms - Host latency: 0.0980957 ms (enqueue 0.0826416 ms)
[02/25/2026-14:55:32] [I] Average on 10 runs - GPU latency: 0.0959473 ms - Host latency: 0.0959473 ms (enqueue 0.0809326 ms)
[02/25/2026-14:55:32] [I] Average on 10 runs - GPU latency: 0.0973633 ms - Host latency: 0.0973633 ms (enqueue 0.0828369 ms)
[02/25/2026-14:55:32] [I] Average on 10 runs - GPU latency: 0.0966553 ms - Host latency: 0.0966553 ms (enqueue 0.080957 ms)
[02/25/2026-14:55:32] [I] Average on 10 runs - GPU latency: 0.0968506 ms - Host latency: 0.0968506 ms (enqueue 0.0824707 ms)
[02/25/2026-14:55:32] [I] Average on 10 runs - GPU latency: 0.0961426 ms - Host latency: 0.0961426 ms (enqueue 0.0812012 ms)
[02/25/2026-14:55:32] [I] Average on 10 runs - GPU latency: 0.0995361 ms - Host latency: 0.0995361 ms (enqueue 0.0838135 ms)
[02/25/2026-14:55:32] [I] Average on 10 runs - GPU latency: 0.0955811 ms - Host latency: 0.0955811 ms (enqueue 0.0808594 ms)
[02/25/2026-14:55:32] [I] Average on 10 runs - GPU latency: 0.0960449 ms - Host latency: 0.0960449 ms (enqueue 0.0813721 ms)
[02/25/2026-14:55:32] [I] Average on 10 runs - GPU latency: 0.0963623 ms - Host latency: 0.0963623 ms (enqueue 0.0816895 ms)
[02/25/2026-14:55:32] [I] Average on 10 runs - GPU latency: 0.0981201 ms - Host latency: 0.0981201 ms (enqueue 0.0835693 ms)
[02/25/2026-14:55:32] [I] Average on 10 runs - GPU latency: 0.0963623 ms - Host latency: 0.0963623 ms (enqueue 0.0816162 ms)
[02/25/2026-14:55:32] [I] Average on 10 runs - GPU latency: 0.0952393 ms - Host latency: 0.0952393 ms (enqueue 0.0803467 ms)
[02/25/2026-14:55:32] [I] Average on 10 runs - GPU latency: 0.09729 ms - Host latency: 0.09729 ms (enqueue 0.0818848 ms)
[02/25/2026-14:55:32] [I] Average on 10 runs - GPU latency: 0.0975586 ms - Host latency: 0.0975586 ms (enqueue 0.0834229 ms)
[02/25/2026-14:55:32] [I] Average on 10 runs - GPU latency: 0.0959961 ms - Host latency: 0.0959961 ms (enqueue 0.0802002 ms)
[02/25/2026-14:55:32] [I] Average on 10 runs - GPU latency: 0.096167 ms - Host latency: 0.096167 ms (enqueue 0.0813965 ms)
[02/25/2026-14:55:32] [I] Average on 10 runs - GPU latency: 0.0976074 ms - Host latency: 0.0976074 ms (enqueue 0.081958 ms)
[02/25/2026-14:55:32] [I] Average on 10 runs - GPU latency: 0.0979248 ms - Host latency: 0.0979248 ms (enqueue 0.0830566 ms)
[02/25/2026-14:55:32] [I] Average on 10 runs - GPU latency: 0.0969238 ms - Host latency: 0.0969238 ms (enqueue 0.0813721 ms)
[02/25/2026-14:55:32] [I] Average on 10 runs - GPU latency: 0.0956055 ms - Host latency: 0.0956055 ms (enqueue 0.0802734 ms)
[02/25/2026-14:55:32] [I] Average on 10 runs - GPU latency: 0.0963135 ms - Host latency: 0.0963135 ms (enqueue 0.0818848 ms)
[02/25/2026-14:55:32] [I] Average on 10 runs - GPU latency: 0.097876 ms - Host latency: 0.097876 ms (enqueue 0.0831787 ms)
[02/25/2026-14:55:32] [I] Average on 10 runs - GPU latency: 0.0964111 ms - Host latency: 0.0964111 ms (enqueue 0.0817871 ms)
[02/25/2026-14:55:32] [I] Average on 10 runs - GPU latency: 0.0964111 ms - Host latency: 0.0964111 ms (enqueue 0.0808838 ms)
[02/25/2026-14:55:32] [I] Average on 10 runs - GPU latency: 0.0959961 ms - Host latency: 0.0959961 ms (enqueue 0.0813477 ms)
[02/25/2026-14:55:32] [I] Average on 10 runs - GPU latency: 0.0982422 ms - Host latency: 0.0982422 ms (enqueue 0.0847412 ms)
[02/25/2026-14:55:32] [I] Average on 10 runs - GPU latency: 0.0962158 ms - Host latency: 0.0962158 ms (enqueue 0.0807617 ms)
[02/25/2026-14:55:32] [I] Average on 10 runs - GPU latency: 0.0962158 ms - Host latency: 0.0962158 ms (enqueue 0.0805664 ms)
[02/25/2026-14:55:32] [I] Average on 10 runs - GPU latency: 0.0965332 ms - Host latency: 0.0965332 ms (enqueue 0.0813965 ms)
[02/25/2026-14:55:32] [I] Average on 10 runs - GPU latency: 0.0968506 ms - Host latency: 0.0968506 ms (enqueue 0.0829102 ms)
[02/25/2026-14:55:32] [I] Average on 10 runs - GPU latency: 0.0975586 ms - Host latency: 0.0975586 ms (enqueue 0.0811279 ms)
[02/25/2026-14:55:32] [I] Average on 10 runs - GPU latency: 0.0970947 ms - Host latency: 0.0970947 ms (enqueue 0.0824463 ms)
[02/25/2026-14:55:32] [I] Average on 10 runs - GPU latency: 0.0965576 ms - Host latency: 0.0965576 ms (enqueue 0.0809082 ms)
[02/25/2026-14:55:32] [I] Average on 10 runs - GPU latency: 0.0956055 ms - Host latency: 0.0956055 ms (enqueue 0.0824951 ms)
[02/25/2026-14:55:32] [I] Average on 10 runs - GPU latency: 0.0977295 ms - Host latency: 0.0977295 ms (enqueue 0.0815186 ms)
[02/25/2026-14:55:32] [I] Average on 10 runs - GPU latency: 0.0955322 ms - Host latency: 0.0955322 ms (enqueue 0.0804688 ms)
[02/25/2026-14:55:32] [I] Average on 10 runs - GPU latency: 0.0962646 ms - Host latency: 0.0962646 ms (enqueue 0.08125 ms)
[02/25/2026-14:55:32] [I] Average on 10 runs - GPU latency: 0.0959717 ms - Host latency: 0.0959717 ms (enqueue 0.0811279 ms)
[02/25/2026-14:55:32] [I] Average on 10 runs - GPU latency: 0.0994385 ms - Host latency: 0.0994385 ms (enqueue 0.084668 ms)
[02/25/2026-14:55:32] [I] Average on 10 runs - GPU latency: 0.0985596 ms - Host latency: 0.0985596 ms (enqueue 0.0820068 ms)
[02/25/2026-14:55:32] [I] Average on 10 runs - GPU latency: 0.0946533 ms - Host latency: 0.0946533 ms (enqueue 0.0800537 ms)
[02/25/2026-14:55:32] [I] Average on 10 runs - GPU latency: 0.0954102 ms - Host latency: 0.0954102 ms (enqueue 0.0795166 ms)
[02/25/2026-14:55:32] [I] Average on 10 runs - GPU latency: 0.0967285 ms - Host latency: 0.0967285 ms (enqueue 0.0814941 ms)
[02/25/2026-14:55:32] [I] Average on 10 runs - GPU latency: 0.0959229 ms - Host latency: 0.0959229 ms (enqueue 0.0809082 ms)
[02/25/2026-14:55:32] [I] Average on 10 runs - GPU latency: 0.0960205 ms - Host latency: 0.0960205 ms (enqueue 0.0814941 ms)
[02/25/2026-14:55:32] [I] Average on 10 runs - GPU latency: 0.0967529 ms - Host latency: 0.0967529 ms (enqueue 0.0816406 ms)
[02/25/2026-14:55:32] [I] Average on 10 runs - GPU latency: 0.0985596 ms - Host latency: 0.0985596 ms (enqueue 0.0837646 ms)
[02/25/2026-14:55:32] [I] Average on 10 runs - GPU latency: 0.0960205 ms - Host latency: 0.0960205 ms (enqueue 0.0813965 ms)
[02/25/2026-14:55:32] [I] Average on 10 runs - GPU latency: 0.0949951 ms - Host latency: 0.0949951 ms (enqueue 0.0805664 ms)
[02/25/2026-14:55:32] [I] Average on 10 runs - GPU latency: 0.095752 ms - Host latency: 0.095752 ms (enqueue 0.0807617 ms)
[02/25/2026-14:55:32] [I] Average on 10 runs - GPU latency: 0.100439 ms - Host latency: 0.100439 ms (enqueue 0.0835205 ms)
[02/25/2026-14:55:32] [I] Average on 10 runs - GPU latency: 0.0953857 ms - Host latency: 0.0953857 ms (enqueue 0.0804443 ms)
[02/25/2026-14:55:32] [I] Average on 10 runs - GPU latency: 0.0953613 ms - Host latency: 0.0953613 ms (enqueue 0.0804688 ms)
[02/25/2026-14:55:32] [I] Average on 10 runs - GPU latency: 0.0973389 ms - Host latency: 0.0973389 ms (enqueue 0.0822022 ms)
[02/25/2026-14:55:32] [I] Average on 10 runs - GPU latency: 0.0989502 ms - Host latency: 0.0989502 ms (enqueue 0.0840576 ms)
[02/25/2026-14:55:32] [I] Average on 10 runs - GPU latency: 0.0962646 ms - Host latency: 0.0962646 ms (enqueue 0.0811035 ms)
[02/25/2026-14:55:32] [I] Average on 10 runs - GPU latency: 0.0956299 ms - Host latency: 0.0956299 ms (enqueue 0.0807129 ms)
[02/25/2026-14:55:32] [I] Average on 10 runs - GPU latency: 0.0953613 ms - Host latency: 0.0953613 ms (enqueue 0.0806641 ms)
[02/25/2026-14:55:32] [I] Average on 10 runs - GPU latency: 0.0990723 ms - Host latency: 0.0990723 ms (enqueue 0.0842041 ms)
[02/25/2026-14:55:32] [I] Average on 10 runs - GPU latency: 0.0964844 ms - Host latency: 0.0964844 ms (enqueue 0.0810791 ms)
[02/25/2026-14:55:32] [I] Average on 10 runs - GPU latency: 0.095752 ms - Host latency: 0.095752 ms (enqueue 0.0812988 ms)
[02/25/2026-14:55:32] [I] Average on 10 runs - GPU latency: 0.0963379 ms - Host latency: 0.0963379 ms (enqueue 0.0813477 ms)
[02/25/2026-14:55:32] [I] Average on 10 runs - GPU latency: 0.101367 ms - Host latency: 0.101367 ms (enqueue 0.0848877 ms)
[02/25/2026-14:55:32] [I] Average on 10 runs - GPU latency: 0.0961426 ms - Host latency: 0.0961426 ms (enqueue 0.0812744 ms)
[02/25/2026-14:55:32] [I] Average on 10 runs - GPU latency: 0.0953857 ms - Host latency: 0.0953857 ms (enqueue 0.080835 ms)
[02/25/2026-14:55:32] [I] Average on 10 runs - GPU latency: 0.0958496 ms - Host latency: 0.0958496 ms (enqueue 0.0806396 ms)
[02/25/2026-14:55:32] [I] Average on 10 runs - GPU latency: 0.0988525 ms - Host latency: 0.0988525 ms (enqueue 0.0831787 ms)
[02/25/2026-14:55:32] [I] Average on 10 runs - GPU latency: 0.0981201 ms - Host latency: 0.0981201 ms (enqueue 0.0831787 ms)
[02/25/2026-14:55:32] [I] Average on 10 runs - GPU latency: 0.0981445 ms - Host latency: 0.0981445 ms (enqueue 0.0826172 ms)
[02/25/2026-14:55:32] [I] Average on 10 runs - GPU latency: 0.0966553 ms - Host latency: 0.0966553 ms (enqueue 0.0817139 ms)
[02/25/2026-14:55:32] [I] Average on 10 runs - GPU latency: 0.0997314 ms - Host latency: 0.0997314 ms (enqueue 0.0828369 ms)
[02/25/2026-14:55:32] [I] Average on 10 runs - GPU latency: 0.0958984 ms - Host latency: 0.0958984 ms (enqueue 0.0814941 ms)
[02/25/2026-14:55:32] [I] Average on 10 runs - GPU latency: 0.0964844 ms - Host latency: 0.0964844 ms (enqueue 0.0814697 ms)
[02/25/2026-14:55:32] [I] Average on 10 runs - GPU latency: 0.0985107 ms - Host latency: 0.0985107 ms (enqueue 0.0827637 ms)
[02/25/2026-14:55:32] [I] Average on 10 runs - GPU latency: 0.0993896 ms - Host latency: 0.0993896 ms (enqueue 0.0842529 ms)
[02/25/2026-14:55:32] [I] Average on 10 runs - GPU latency: 0.096875 ms - Host latency: 0.096875 ms (enqueue 0.0818359 ms)
[02/25/2026-14:55:32] [I] Average on 10 runs - GPU latency: 0.0984131 ms - Host latency: 0.0984131 ms (enqueue 0.082959 ms)
[02/25/2026-14:55:32] [I] Average on 10 runs - GPU latency: 0.0976318 ms - Host latency: 0.0976318 ms (enqueue 0.0823486 ms)
[02/25/2026-14:55:32] [I] Average on 10 runs - GPU latency: 0.0970215 ms - Host latency: 0.0970215 ms (enqueue 0.0817383 ms)
[02/25/2026-14:55:32] [I] Average on 10 runs - GPU latency: 0.0955566 ms - Host latency: 0.0955566 ms (enqueue 0.080835 ms)
[02/25/2026-14:55:32] [I] Average on 10 runs - GPU latency: 0.0950439 ms - Host latency: 0.0950439 ms (enqueue 0.0799805 ms)
[02/25/2026-14:55:32] [I] Average on 10 runs - GPU latency: 0.095752 ms - Host latency: 0.095752 ms (enqueue 0.0808594 ms)
[02/25/2026-14:55:32] [I] Average on 10 runs - GPU latency: 0.0970459 ms - Host latency: 0.0970459 ms (enqueue 0.0822266 ms)
[02/25/2026-14:55:32] [I] Average on 10 runs - GPU latency: 0.0970703 ms - Host latency: 0.0970703 ms (enqueue 0.0821289 ms)
[02/25/2026-14:55:32] [I] Average on 10 runs - GPU latency: 0.0969727 ms - Host latency: 0.0969727 ms (enqueue 0.0816162 ms)
[02/25/2026-14:55:32] [I] Average on 10 runs - GPU latency: 0.0959717 ms - Host latency: 0.0959717 ms (enqueue 0.0802246 ms)
[02/25/2026-14:55:32] [I] Average on 10 runs - GPU latency: 0.0969482 ms - Host latency: 0.0969482 ms (enqueue 0.0831543 ms)
[02/25/2026-14:55:32] [I] Average on 10 runs - GPU latency: 0.0950439 ms - Host latency: 0.0950439 ms (enqueue 0.0796143 ms)
[02/25/2026-14:55:32] [I] Average on 10 runs - GPU latency: 0.0958008 ms - Host latency: 0.0958008 ms (enqueue 0.0812256 ms)
[02/25/2026-14:55:32] [I] Average on 10 runs - GPU latency: 0.0955811 ms - Host latency: 0.0955811 ms (enqueue 0.0809814 ms)
[02/25/2026-14:55:32] [I] Average on 10 runs - GPU latency: 0.0999268 ms - Host latency: 0.0999268 ms (enqueue 0.085376 ms)
[02/25/2026-14:55:32] [I] Average on 10 runs - GPU latency: 0.0958496 ms - Host latency: 0.0958496 ms (enqueue 0.079834 ms)
[02/25/2026-14:55:32] [I] Average on 10 runs - GPU latency: 0.0942871 ms - Host latency: 0.0942871 ms (enqueue 0.0804443 ms)
[02/25/2026-14:55:32] [I] Average on 10 runs - GPU latency: 0.0958496 ms - Host latency: 0.0958496 ms (enqueue 0.0806396 ms)
[02/25/2026-14:55:32] [I] Average on 10 runs - GPU latency: 0.0983154 ms - Host latency: 0.0983154 ms (enqueue 0.0830811 ms)
[02/25/2026-14:55:32] [I] Average on 10 runs - GPU latency: 0.0957031 ms - Host latency: 0.0957031 ms (enqueue 0.0811768 ms)
[02/25/2026-14:55:32] [I] Average on 10 runs - GPU latency: 0.0983398 ms - Host latency: 0.0983398 ms (enqueue 0.0831055 ms)
[02/25/2026-14:55:32] [I] Average on 10 runs - GPU latency: 0.096875 ms - Host latency: 0.096875 ms (enqueue 0.0806641 ms)
[02/25/2026-14:55:32] [I] Average on 10 runs - GPU latency: 0.0962402 ms - Host latency: 0.0962402 ms (enqueue 0.0820068 ms)
[02/25/2026-14:55:32] [I] Average on 10 runs - GPU latency: 0.095459 ms - Host latency: 0.095459 ms (enqueue 0.079834 ms)
[02/25/2026-14:55:32] [I] Average on 10 runs - GPU latency: 0.094458 ms - Host latency: 0.094458 ms (enqueue 0.0800781 ms)
[02/25/2026-14:55:32] [I] Average on 10 runs - GPU latency: 0.0955811 ms - Host latency: 0.0955811 ms (enqueue 0.0812744 ms)
[02/25/2026-14:55:32] [I] Average on 10 runs - GPU latency: 0.0990234 ms - Host latency: 0.0990234 ms (enqueue 0.0840332 ms)
[02/25/2026-14:55:32] [I] Average on 10 runs - GPU latency: 0.0970459 ms - Host latency: 0.0970459 ms (enqueue 0.0818115 ms)
[02/25/2026-14:55:32] [I] Average on 10 runs - GPU latency: 0.0945313 ms - Host latency: 0.0945313 ms (enqueue 0.0791016 ms)
[02/25/2026-14:55:32] [I] Average on 10 runs - GPU latency: 0.0948975 ms - Host latency: 0.0948975 ms (enqueue 0.0791748 ms)
[02/25/2026-14:55:32] [I] Average on 10 runs - GPU latency: 0.0950195 ms - Host latency: 0.0950195 ms (enqueue 0.0812012 ms)
[02/25/2026-14:55:32] [I] Average on 10 runs - GPU latency: 0.0976807 ms - Host latency: 0.0976807 ms (enqueue 0.0814209 ms)
[02/25/2026-14:55:32] [I] Average on 10 runs - GPU latency: 0.0952393 ms - Host latency: 0.0952393 ms (enqueue 0.0800537 ms)
[02/25/2026-14:55:32] [I] Average on 10 runs - GPU latency: 0.0977051 ms - Host latency: 0.0977051 ms (enqueue 0.0822754 ms)
[02/25/2026-14:55:32] [I] Average on 10 runs - GPU latency: 0.0947266 ms - Host latency: 0.0947266 ms (enqueue 0.0802002 ms)
[02/25/2026-14:55:32] [I] Average on 10 runs - GPU latency: 0.0985596 ms - Host latency: 0.0985596 ms (enqueue 0.0842773 ms)
[02/25/2026-14:55:32] [I] Average on 10 runs - GPU latency: 0.0957764 ms - Host latency: 0.0957764 ms (enqueue 0.0807129 ms)
[02/25/2026-14:55:32] [I] Average on 10 runs - GPU latency: 0.0953613 ms - Host latency: 0.0953613 ms (enqueue 0.0804688 ms)
[02/25/2026-14:55:32] [I] Average on 10 runs - GPU latency: 0.0966064 ms - Host latency: 0.0966064 ms (enqueue 0.0812256 ms)
[02/25/2026-14:55:32] [I] Average on 10 runs - GPU latency: 0.0979492 ms - Host latency: 0.0979492 ms (enqueue 0.0833984 ms)
[02/25/2026-14:55:32] [I] Average on 10 runs - GPU latency: 0.0959961 ms - Host latency: 0.0959961 ms (enqueue 0.0811768 ms)
[02/25/2026-14:55:32] [I] Average on 10 runs - GPU latency: 0.0969727 ms - Host latency: 0.0969727 ms (enqueue 0.0817139 ms)
[02/25/2026-14:55:32] [I] Average on 10 runs - GPU latency: 0.0979004 ms - Host latency: 0.0979004 ms (enqueue 0.0827881 ms)
[02/25/2026-14:55:32] [I] Average on 10 runs - GPU latency: 0.0999512 ms - Host latency: 0.0999512 ms (enqueue 0.0831543 ms)
[02/25/2026-14:55:32] [I] Average on 10 runs - GPU latency: 0.096167 ms - Host latency: 0.096167 ms (enqueue 0.0813232 ms)
[02/25/2026-14:55:32] [I] Average on 10 runs - GPU latency: 0.0961182 ms - Host latency: 0.0961182 ms (enqueue 0.0809814 ms)
[02/25/2026-14:55:32] [I] Average on 10 runs - GPU latency: 0.0950928 ms - Host latency: 0.0950928 ms (enqueue 0.0801758 ms)
[02/25/2026-14:55:32] [I] Average on 10 runs - GPU latency: 0.0976318 ms - Host latency: 0.0976318 ms (enqueue 0.083374 ms)
[02/25/2026-14:55:32] [I] Average on 10 runs - GPU latency: 0.0959473 ms - Host latency: 0.0959473 ms (enqueue 0.0812256 ms)
[02/25/2026-14:55:32] [I] Average on 10 runs - GPU latency: 0.0960205 ms - Host latency: 0.0960205 ms (enqueue 0.0811768 ms)
[02/25/2026-14:55:32] [I] Average on 10 runs - GPU latency: 0.0956543 ms - Host latency: 0.0956543 ms (enqueue 0.0796875 ms)
[02/25/2026-14:55:32] [I] Average on 10 runs - GPU latency: 0.0979736 ms - Host latency: 0.0979736 ms (enqueue 0.083252 ms)
[02/25/2026-14:55:32] [I] Average on 10 runs - GPU latency: 0.0961914 ms - Host latency: 0.0961914 ms (enqueue 0.0817139 ms)
[02/25/2026-14:55:32] [I] Average on 10 runs - GPU latency: 0.0970215 ms - Host latency: 0.0970215 ms (enqueue 0.0817139 ms)
[02/25/2026-14:55:32] [I] Average on 10 runs - GPU latency: 0.0969727 ms - Host latency: 0.0969727 ms (enqueue 0.0812256 ms)
[02/25/2026-14:55:32] [I] Average on 10 runs - GPU latency: 0.0966309 ms - Host latency: 0.0966309 ms (enqueue 0.0827637 ms)
[02/25/2026-14:55:32] [I] Average on 10 runs - GPU latency: 0.096875 ms - Host latency: 0.096875 ms (enqueue 0.0818603 ms)
[02/25/2026-14:55:32] [I] Average on 10 runs - GPU latency: 0.096167 ms - Host latency: 0.096167 ms (enqueue 0.0808838 ms)
[02/25/2026-14:55:32] [I] Average on 10 runs - GPU latency: 0.0962891 ms - Host latency: 0.0962891 ms (enqueue 0.0811279 ms)
[02/25/2026-14:55:32] [I] Average on 10 runs - GPU latency: 0.0989014 ms - Host latency: 0.0989014 ms (enqueue 0.0843018 ms)
[02/25/2026-14:55:32] [I] Average on 10 runs - GPU latency: 0.0955566 ms - Host latency: 0.0955566 ms (enqueue 0.0805908 ms)
[02/25/2026-14:55:32] [I] Average on 10 runs - GPU latency: 0.0956543 ms - Host latency: 0.0956543 ms (enqueue 0.0806885 ms)
[02/25/2026-14:55:32] [I] Average on 10 runs - GPU latency: 0.0972412 ms - Host latency: 0.0972412 ms (enqueue 0.0823242 ms)
[02/25/2026-14:55:32] [I] Average on 10 runs - GPU latency: 0.0977295 ms - Host latency: 0.0977295 ms (enqueue 0.082666 ms)
[02/25/2026-14:55:32] [I] Average on 10 runs - GPU latency: 0.0967529 ms - Host latency: 0.0967529 ms (enqueue 0.0813965 ms)
[02/25/2026-14:55:32] [I] Average on 10 runs - GPU latency: 0.0973389 ms - Host latency: 0.0973389 ms (enqueue 0.081665 ms)
[02/25/2026-14:55:32] [I] Average on 10 runs - GPU latency: 0.0971191 ms - Host latency: 0.0971191 ms (enqueue 0.0820557 ms)
[02/25/2026-14:55:32] [I] Average on 10 runs - GPU latency: 0.0973389 ms - Host latency: 0.0973389 ms (enqueue 0.0819092 ms)
[02/25/2026-14:55:32] [I] Average on 10 runs - GPU latency: 0.0962891 ms - Host latency: 0.0962891 ms (enqueue 0.0820801 ms)
[02/25/2026-14:55:32] [I] Average on 10 runs - GPU latency: 0.0972168 ms - Host latency: 0.0972168 ms (enqueue 0.0818115 ms)
[02/25/2026-14:55:32] [I] Average on 10 runs - GPU latency: 0.0966553 ms - Host latency: 0.0966553 ms (enqueue 0.0818359 ms)
[02/25/2026-14:55:32] [I] Average on 10 runs - GPU latency: 0.0973877 ms - Host latency: 0.0973877 ms (enqueue 0.0825439 ms)
[02/25/2026-14:55:32] [I] Average on 10 runs - GPU latency: 0.0959473 ms - Host latency: 0.0959473 ms (enqueue 0.0811035 ms)
[02/25/2026-14:55:32] [I] Average on 10 runs - GPU latency: 0.0964111 ms - Host latency: 0.0964111 ms (enqueue 0.0806885 ms)
[02/25/2026-14:55:32] [I] Average on 10 runs - GPU latency: 0.0944824 ms - Host latency: 0.0944824 ms (enqueue 0.0796387 ms)
[02/25/2026-14:55:32] [I] Average on 10 runs - GPU latency: 0.0994141 ms - Host latency: 0.0994141 ms (enqueue 0.0842285 ms)
[02/25/2026-14:55:32] [I] Average on 10 runs - GPU latency: 0.0948242 ms - Host latency: 0.0948242 ms (enqueue 0.0799072 ms)
[02/25/2026-14:55:32] [I] Average on 10 runs - GPU latency: 0.0969238 ms - Host latency: 0.0969238 ms (enqueue 0.0814209 ms)
[02/25/2026-14:55:32] [I] Average on 10 runs - GPU latency: 0.0955078 ms - Host latency: 0.0955078 ms (enqueue 0.080835 ms)
[02/25/2026-14:55:32] [I] Average on 10 runs - GPU latency: 0.0990234 ms - Host latency: 0.0990234 ms (enqueue 0.0833252 ms)
[02/25/2026-14:55:32] [I] Average on 10 runs - GPU latency: 0.0958496 ms - Host latency: 0.0958496 ms (enqueue 0.0809326 ms)
[02/25/2026-14:55:32] [I] Average on 10 runs - GPU latency: 0.0955566 ms - Host latency: 0.0955566 ms (enqueue 0.0811768 ms)
[02/25/2026-14:55:32] [I] Average on 10 runs - GPU latency: 0.0961914 ms - Host latency: 0.0961914 ms (enqueue 0.0810791 ms)
[02/25/2026-14:55:32] [I] Average on 10 runs - GPU latency: 0.0974853 ms - Host latency: 0.0974853 ms (enqueue 0.0832764 ms)
[02/25/2026-14:55:32] [I] Average on 10 runs - GPU latency: 0.0958496 ms - Host latency: 0.0958496 ms (enqueue 0.0813477 ms)
[02/25/2026-14:55:32] [I] Average on 10 runs - GPU latency: 0.0966309 ms - Host latency: 0.0966309 ms (enqueue 0.0815918 ms)
[02/25/2026-14:55:32] [I] Average on 10 runs - GPU latency: 0.0957275 ms - Host latency: 0.0957275 ms (enqueue 0.0804199 ms)
[02/25/2026-14:55:32] [I] Average on 10 runs - GPU latency: 0.0971191 ms - Host latency: 0.0971191 ms (enqueue 0.0823242 ms)
[02/25/2026-14:55:32] [I] Average on 10 runs - GPU latency: 0.0980225 ms - Host latency: 0.0980225 ms (enqueue 0.0827637 ms)
[02/25/2026-14:55:32] [I] Average on 10 runs - GPU latency: 0.0954834 ms - Host latency: 0.0954834 ms (enqueue 0.0800049 ms)
[02/25/2026-14:55:32] [I] Average on 10 runs - GPU latency: 0.0950684 ms - Host latency: 0.0950684 ms (enqueue 0.0808838 ms)
[02/25/2026-14:55:32] [I] Average on 10 runs - GPU latency: 0.0978516 ms - Host latency: 0.0978516 ms (enqueue 0.0840088 ms)
[02/25/2026-14:55:32] [I] Average on 10 runs - GPU latency: 0.0968506 ms - Host latency: 0.0968506 ms (enqueue 0.0818848 ms)
[02/25/2026-14:55:32] [I] Average on 10 runs - GPU latency: 0.0976318 ms - Host latency: 0.0976318 ms (enqueue 0.0823975 ms)
[02/25/2026-14:55:32] [I] Average on 10 runs - GPU latency: 0.0960693 ms - Host latency: 0.0960693 ms (enqueue 0.0816895 ms)
[02/25/2026-14:55:32] [I] Average on 10 runs - GPU latency: 0.0976807 ms - Host latency: 0.0976807 ms (enqueue 0.0826172 ms)
[02/25/2026-14:55:32] [I] Average on 10 runs - GPU latency: 0.0977051 ms - Host latency: 0.0977051 ms (enqueue 0.0822266 ms)
[02/25/2026-14:55:32] [I] Average on 10 runs - GPU latency: 0.0964844 ms - Host latency: 0.0964844 ms (enqueue 0.0811279 ms)
[02/25/2026-14:55:32] [I] Average on 10 runs - GPU latency: 0.0951416 ms - Host latency: 0.0951416 ms (enqueue 0.0804199 ms)
[02/25/2026-14:55:32] [I] Average on 10 runs - GPU latency: 0.0978027 ms - Host latency: 0.0978027 ms (enqueue 0.0832031 ms)
[02/25/2026-14:55:32] [I] Average on 10 runs - GPU latency: 0.0968994 ms - Host latency: 0.0968994 ms (enqueue 0.0817627 ms)
[02/25/2026-14:55:32] [I] Average on 10 runs - GPU latency: 0.0963379 ms - Host latency: 0.0963379 ms (enqueue 0.0816895 ms)
[02/25/2026-14:55:32] [I] Average on 10 runs - GPU latency: 0.095459 ms - Host latency: 0.095459 ms (enqueue 0.080249 ms)
[02/25/2026-14:55:32] [I] Average on 10 runs - GPU latency: 0.0957275 ms - Host latency: 0.0957275 ms (enqueue 0.0823975 ms)
[02/25/2026-14:55:32] [I] Average on 10 runs - GPU latency: 0.0977295 ms - Host latency: 0.0977295 ms (enqueue 0.0818115 ms)
[02/25/2026-14:55:32] [I] Average on 10 runs - GPU latency: 0.0968506 ms - Host latency: 0.0968506 ms (enqueue 0.0813232 ms)
[02/25/2026-14:55:32] [I] Average on 10 runs - GPU latency: 0.0967773 ms - Host latency: 0.0967773 ms (enqueue 0.082251 ms)
[02/25/2026-14:55:32] [I] Average on 10 runs - GPU latency: 0.0967773 ms - Host latency: 0.0967773 ms (enqueue 0.0836426 ms)
[02/25/2026-14:55:32] [I] Average on 10 runs - GPU latency: 0.0968994 ms - Host latency: 0.0968994 ms (enqueue 0.0806641 ms)
[02/25/2026-14:55:32] [I] Average on 10 runs - GPU latency: 0.09646 ms - Host latency: 0.09646 ms (enqueue 0.0817871 ms)
[02/25/2026-14:55:32] [I] Average on 10 runs - GPU latency: 0.09646 ms - Host latency: 0.09646 ms (enqueue 0.0810791 ms)
[02/25/2026-14:55:32] [I] Average on 10 runs - GPU latency: 0.0981689 ms - Host latency: 0.0981689 ms (enqueue 0.0827393 ms)
[02/25/2026-14:55:32] [I] Average on 10 runs - GPU latency: 0.0983887 ms - Host latency: 0.0983887 ms (enqueue 0.0814209 ms)
[02/25/2026-14:55:32] [I] Average on 10 runs - GPU latency: 0.0962158 ms - Host latency: 0.0962158 ms (enqueue 0.0820557 ms)
[02/25/2026-14:55:32] [I] Average on 10 runs - GPU latency: 0.0953369 ms - Host latency: 0.0953369 ms (enqueue 0.080835 ms)
[02/25/2026-14:55:32] [I] Average on 10 runs - GPU latency: 0.0952637 ms - Host latency: 0.0952637 ms (enqueue 0.0798096 ms)
[02/25/2026-14:55:32] [I] Average on 10 runs - GPU latency: 0.0967773 ms - Host latency: 0.0967773 ms (enqueue 0.0824219 ms)
[02/25/2026-14:55:32] [I] Average on 10 runs - GPU latency: 0.096167 ms - Host latency: 0.096167 ms (enqueue 0.0814209 ms)
[02/25/2026-14:55:32] [I] Average on 10 runs - GPU latency: 0.0962402 ms - Host latency: 0.0962402 ms (enqueue 0.0807617 ms)
[02/25/2026-14:55:32] [I] Average on 10 runs - GPU latency: 0.0950928 ms - Host latency: 0.0950928 ms (enqueue 0.0802979 ms)
[02/25/2026-14:55:32] [I] Average on 10 runs - GPU latency: 0.098999 ms - Host latency: 0.098999 ms (enqueue 0.08479 ms)
[02/25/2026-14:55:32] [I] Average on 10 runs - GPU latency: 0.0971191 ms - Host latency: 0.0971191 ms (enqueue 0.0818848 ms)
[02/25/2026-14:55:32] [I] Average on 10 runs - GPU latency: 0.0970947 ms - Host latency: 0.0970947 ms (enqueue 0.081543 ms)
[02/25/2026-14:55:32] [I] Average on 10 runs - GPU latency: 0.0950684 ms - Host latency: 0.0950684 ms (enqueue 0.0800293 ms)
[02/25/2026-14:55:32] [I] Average on 10 runs - GPU latency: 0.097168 ms - Host latency: 0.097168 ms (enqueue 0.0815674 ms)
[02/25/2026-14:55:32] [I] Average on 10 runs - GPU latency: 0.0963379 ms - Host latency: 0.0963379 ms (enqueue 0.0810303 ms)
[02/25/2026-14:55:32] [I] Average on 10 runs - GPU latency: 0.094873 ms - Host latency: 0.094873 ms (enqueue 0.0797363 ms)
[02/25/2026-14:55:32] [I] Average on 10 runs - GPU latency: 0.0954346 ms - Host latency: 0.0954346 ms (enqueue 0.0808105 ms)
[02/25/2026-14:55:32] [I] Average on 10 runs - GPU latency: 0.0989014 ms - Host latency: 0.0989014 ms (enqueue 0.0848389 ms)
[02/25/2026-14:55:32] [I] Average on 10 runs - GPU latency: 0.0973877 ms - Host latency: 0.0973877 ms (enqueue 0.0827148 ms)
[02/25/2026-14:55:32] [I] Average on 10 runs - GPU latency: 0.0961914 ms - Host latency: 0.0961914 ms (enqueue 0.0813477 ms)
[02/25/2026-14:55:32] [I] Average on 10 runs - GPU latency: 0.0965332 ms - Host latency: 0.0965332 ms (enqueue 0.0811523 ms)
[02/25/2026-14:55:32] [I] Average on 10 runs - GPU latency: 0.0974365 ms - Host latency: 0.0974365 ms (enqueue 0.081543 ms)
[02/25/2026-14:55:32] [I] Average on 10 runs - GPU latency: 0.0968018 ms - Host latency: 0.0968018 ms (enqueue 0.0819092 ms)
[02/25/2026-14:55:32] [I] Average on 10 runs - GPU latency: 0.0966309 ms - Host latency: 0.0966309 ms (enqueue 0.0812256 ms)
[02/25/2026-14:55:32] [I] Average on 10 runs - GPU latency: 0.0956299 ms - Host latency: 0.0956299 ms (enqueue 0.0802002 ms)
[02/25/2026-14:55:32] [I] Average on 10 runs - GPU latency: 0.0975586 ms - Host latency: 0.0975586 ms (enqueue 0.0837158 ms)
[02/25/2026-14:55:32] [I] Average on 10 runs - GPU latency: 0.0970703 ms - Host latency: 0.0970703 ms (enqueue 0.0821289 ms)
[02/25/2026-14:55:32] [I] Average on 10 runs - GPU latency: 0.0955078 ms - Host latency: 0.0955078 ms (enqueue 0.0800781 ms)
[02/25/2026-14:55:32] [I] Average on 10 runs - GPU latency: 0.0942627 ms - Host latency: 0.0942627 ms (enqueue 0.0799805 ms)
[02/25/2026-14:55:32] [I] Average on 10 runs - GPU latency: 0.097876 ms - Host latency: 0.097876 ms (enqueue 0.0829102 ms)
[02/25/2026-14:55:32] [I] Average on 10 runs - GPU latency: 0.0963379 ms - Host latency: 0.0963379 ms (enqueue 0.0815674 ms)
[02/25/2026-14:55:32] [I] Average on 10 runs - GPU latency: 0.0963867 ms - Host latency: 0.0963867 ms (enqueue 0.0811768 ms)
[02/25/2026-14:55:32] [I] Average on 10 runs - GPU latency: 0.0949219 ms - Host latency: 0.0949219 ms (enqueue 0.0806641 ms)
[02/25/2026-14:55:32] [I] Average on 10 runs - GPU latency: 0.0991455 ms - Host latency: 0.0991455 ms (enqueue 0.0826904 ms)
[02/25/2026-14:55:32] [I] Average on 10 runs - GPU latency: 0.097583 ms - Host latency: 0.097583 ms (enqueue 0.081958 ms)
[02/25/2026-14:55:32] [I] Average on 10 runs - GPU latency: 0.0956299 ms - Host latency: 0.0956299 ms (enqueue 0.0794189 ms)
[02/25/2026-14:55:32] [I] Average on 10 runs - GPU latency: 0.0947998 ms - Host latency: 0.0947998 ms (enqueue 0.0802734 ms)
[02/25/2026-14:55:32] [I] Average on 10 runs - GPU latency: 0.0963379 ms - Host latency: 0.0963379 ms (enqueue 0.0818848 ms)
[02/25/2026-14:55:32] [I] Average on 10 runs - GPU latency: 0.0963379 ms - Host latency: 0.0963379 ms (enqueue 0.0819824 ms)
[02/25/2026-14:55:32] [I] Average on 10 runs - GPU latency: 0.0971436 ms - Host latency: 0.0971436 ms (enqueue 0.0821533 ms)
[02/25/2026-14:55:32] [I] Average on 10 runs - GPU latency: 0.0960693 ms - Host latency: 0.0960693 ms (enqueue 0.0801025 ms)
[02/25/2026-14:55:32] [I] Average on 10 runs - GPU latency: 0.0964111 ms - Host latency: 0.0964111 ms (enqueue 0.0822998 ms)
[02/25/2026-14:55:32] [I] Average on 10 runs - GPU latency: 0.0952393 ms - Host latency: 0.0952393 ms (enqueue 0.0801025 ms)
[02/25/2026-14:55:32] [I] Average on 10 runs - GPU latency: 0.0958496 ms - Host latency: 0.0958496 ms (enqueue 0.0812744 ms)
[02/25/2026-14:55:32] [I] Average on 10 runs - GPU latency: 0.0955322 ms - Host latency: 0.0955322 ms (enqueue 0.0806396 ms)
[02/25/2026-14:55:32] [I] Average on 10 runs - GPU latency: 0.0990967 ms - Host latency: 0.0990967 ms (enqueue 0.0835205 ms)
[02/25/2026-14:55:32] [I] Average on 10 runs - GPU latency: 0.0962891 ms - Host latency: 0.0962891 ms (enqueue 0.0818359 ms)
[02/25/2026-14:55:32] [I] Average on 10 runs - GPU latency: 0.0973877 ms - Host latency: 0.0973877 ms (enqueue 0.0821533 ms)
[02/25/2026-14:55:32] [I] Average on 10 runs - GPU latency: 0.0950684 ms - Host latency: 0.0950684 ms (enqueue 0.0796143 ms)
[02/25/2026-14:55:32] [I] Average on 10 runs - GPU latency: 0.0970947 ms - Host latency: 0.0970947 ms (enqueue 0.0830566 ms)
[02/25/2026-14:55:32] [I] Average on 10 runs - GPU latency: 0.0956055 ms - Host latency: 0.0956055 ms (enqueue 0.0807617 ms)
[02/25/2026-14:55:32] [I] Average on 10 runs - GPU latency: 0.0958984 ms - Host latency: 0.0958984 ms (enqueue 0.0810547 ms)
[02/25/2026-14:55:32] [I] Average on 10 runs - GPU latency: 0.0968994 ms - Host latency: 0.0968994 ms (enqueue 0.0815186 ms)
[02/25/2026-14:55:32] [I] Average on 10 runs - GPU latency: 0.0975342 ms - Host latency: 0.0975342 ms (enqueue 0.0831299 ms)
[02/25/2026-14:55:32] [I] Average on 10 runs - GPU latency: 0.0962891 ms - Host latency: 0.0962891 ms (enqueue 0.0809326 ms)
[02/25/2026-14:55:32] [I] Average on 10 runs - GPU latency: 0.0957031 ms - Host latency: 0.0957031 ms (enqueue 0.0803955 ms)
[02/25/2026-14:55:32] [I] Average on 10 runs - GPU latency: 0.0952637 ms - Host latency: 0.0952637 ms (enqueue 0.080542 ms)
[02/25/2026-14:55:32] [I] Average on 10 runs - GPU latency: 0.0993164 ms - Host latency: 0.0993164 ms (enqueue 0.0834473 ms)
[02/25/2026-14:55:32] [I] Average on 10 runs - GPU latency: 0.0981689 ms - Host latency: 0.0981689 ms (enqueue 0.0821777 ms)
[02/25/2026-14:55:32] [I] Average on 10 runs - GPU latency: 0.0951904 ms - Host latency: 0.0951904 ms (enqueue 0.0804443 ms)
[02/25/2026-14:55:32] [I] Average on 10 runs - GPU latency: 0.0949707 ms - Host latency: 0.0949707 ms (enqueue 0.0794678 ms)
[02/25/2026-14:55:32] [I] Average on 10 runs - GPU latency: 0.0948975 ms - Host latency: 0.0948975 ms (enqueue 0.0821533 ms)
[02/25/2026-14:55:32] [I] Average on 10 runs - GPU latency: 0.0990479 ms - Host latency: 0.0990479 ms (enqueue 0.082959 ms)
[02/25/2026-14:55:32] [I] Average on 10 runs - GPU latency: 0.0959961 ms - Host latency: 0.0959961 ms (enqueue 0.0806396 ms)
[02/25/2026-14:55:32] [I] Average on 10 runs - GPU latency: 0.0947998 ms - Host latency: 0.0947998 ms (enqueue 0.0802246 ms)
[02/25/2026-14:55:32] [I] Average on 10 runs - GPU latency: 0.0950439 ms - Host latency: 0.0950439 ms (enqueue 0.0804443 ms)
[02/25/2026-14:55:32] [I] Average on 10 runs - GPU latency: 0.100049 ms - Host latency: 0.100049 ms (enqueue 0.0849365 ms)
[02/25/2026-14:55:32] [I] Average on 10 runs - GPU latency: 0.0960938 ms - Host latency: 0.0960938 ms (enqueue 0.0818115 ms)
[02/25/2026-14:55:32] [I] Average on 10 runs - GPU latency: 0.098877 ms - Host latency: 0.098877 ms (enqueue 0.0824707 ms)
[02/25/2026-14:55:32] [I] Average on 10 runs - GPU latency: 0.0951904 ms - Host latency: 0.0951904 ms (enqueue 0.0805176 ms)
[02/25/2026-14:55:32] [I] Average on 10 runs - GPU latency: 0.0990234 ms - Host latency: 0.0990234 ms (enqueue 0.0834961 ms)
[02/25/2026-14:55:32] [I] Average on 10 runs - GPU latency: 0.0952637 ms - Host latency: 0.0952637 ms (enqueue 0.0806885 ms)
[02/25/2026-14:55:32] [I] Average on 10 runs - GPU latency: 0.0953613 ms - Host latency: 0.0953613 ms (enqueue 0.0797363 ms)
[02/25/2026-14:55:32] [I] Average on 10 runs - GPU latency: 0.0944824 ms - Host latency: 0.0944824 ms (enqueue 0.0793457 ms)
[02/25/2026-14:55:32] [I] Average on 10 runs - GPU latency: 0.0965088 ms - Host latency: 0.0965088 ms (enqueue 0.0821045 ms)
[02/25/2026-14:55:32] [I] Average on 10 runs - GPU latency: 0.0957275 ms - Host latency: 0.0957275 ms (enqueue 0.0804443 ms)
[02/25/2026-14:55:32] [I] Average on 10 runs - GPU latency: 0.0954346 ms - Host latency: 0.0954346 ms (enqueue 0.0809814 ms)
[02/25/2026-14:55:32] [I] Average on 10 runs - GPU latency: 0.0957764 ms - Host latency: 0.0957764 ms (enqueue 0.0809082 ms)
[02/25/2026-14:55:32] [I] Average on 10 runs - GPU latency: 0.100586 ms - Host latency: 0.100586 ms (enqueue 0.0859375 ms)
[02/25/2026-14:55:32] [I] Average on 10 runs - GPU latency: 0.0975586 ms - Host latency: 0.0975586 ms (enqueue 0.0822754 ms)
[02/25/2026-14:55:32] [I] Average on 10 runs - GPU latency: 0.0953857 ms - Host latency: 0.0953857 ms (enqueue 0.0801025 ms)
[02/25/2026-14:55:32] [I] Average on 10 runs - GPU latency: 0.0948486 ms - Host latency: 0.0948486 ms (enqueue 0.0803711 ms)
[02/25/2026-14:55:32] [I] Average on 10 runs - GPU latency: 0.0969238 ms - Host latency: 0.0969238 ms (enqueue 0.0820312 ms)
[02/25/2026-14:55:32] [I] Average on 10 runs - GPU latency: 0.0960938 ms - Host latency: 0.0960938 ms (enqueue 0.08125 ms)
[02/25/2026-14:55:32] [I] Average on 10 runs - GPU latency: 0.0956787 ms - Host latency: 0.0956787 ms (enqueue 0.0807617 ms)
[02/25/2026-14:55:32] [I] Average on 10 runs - GPU latency: 0.0956055 ms - Host latency: 0.0956055 ms (enqueue 0.0798584 ms)
[02/25/2026-14:55:32] [I] Average on 10 runs - GPU latency: 0.0966797 ms - Host latency: 0.0966797 ms (enqueue 0.0829834 ms)
[02/25/2026-14:55:32] [I] Average on 10 runs - GPU latency: 0.0960693 ms - Host latency: 0.0960693 ms (enqueue 0.0807617 ms)
[02/25/2026-14:55:32] [I] Average on 10 runs - GPU latency: 0.0952393 ms - Host latency: 0.0952393 ms (enqueue 0.0806396 ms)
[02/25/2026-14:55:32] [I] Average on 10 runs - GPU latency: 0.0962158 ms - Host latency: 0.0962158 ms (enqueue 0.0808105 ms)
[02/25/2026-14:55:32] [I] Average on 10 runs - GPU latency: 0.096875 ms - Host latency: 0.096875 ms (enqueue 0.0813477 ms)
[02/25/2026-14:55:32] [I] Average on 10 runs - GPU latency: 0.097998 ms - Host latency: 0.097998 ms (enqueue 0.0818848 ms)
[02/25/2026-14:55:32] [I] Average on 10 runs - GPU latency: 0.0958008 ms - Host latency: 0.0958008 ms (enqueue 0.0811768 ms)
[02/25/2026-14:55:32] [I] Average on 10 runs - GPU latency: 0.097168 ms - Host latency: 0.097168 ms (enqueue 0.0822022 ms)
[02/25/2026-14:55:32] [I] Average on 10 runs - GPU latency: 0.0996338 ms - Host latency: 0.0996338 ms (enqueue 0.0852051 ms)
[02/25/2026-14:55:32] [I] Average on 10 runs - GPU latency: 0.0972168 ms - Host latency: 0.0972168 ms (enqueue 0.081543 ms)
[02/25/2026-14:55:32] [I] Average on 10 runs - GPU latency: 0.0968506 ms - Host latency: 0.0968506 ms (enqueue 0.0820068 ms)
[02/25/2026-14:55:32] [I] Average on 10 runs - GPU latency: 0.0965576 ms - Host latency: 0.0965576 ms (enqueue 0.0819336 ms)
[02/25/2026-14:55:32] [I] Average on 10 runs - GPU latency: 0.0981934 ms - Host latency: 0.0981934 ms (enqueue 0.0827148 ms)
[02/25/2026-14:55:32] [I] Average on 10 runs - GPU latency: 0.0949707 ms - Host latency: 0.0949707 ms (enqueue 0.0804932 ms)
[02/25/2026-14:55:32] [I] Average on 10 runs - GPU latency: 0.0959229 ms - Host latency: 0.0959229 ms (enqueue 0.0800781 ms)
[02/25/2026-14:55:32] [I] Average on 10 runs - GPU latency: 0.0963379 ms - Host latency: 0.0963379 ms (enqueue 0.0811279 ms)
[02/25/2026-14:55:32] [I] Average on 10 runs - GPU latency: 0.100684 ms - Host latency: 0.100684 ms (enqueue 0.0855469 ms)
[02/25/2026-14:55:32] [I] Average on 10 runs - GPU latency: 0.0959961 ms - Host latency: 0.0959961 ms (enqueue 0.0815918 ms)
[02/25/2026-14:55:32] [I] Average on 10 runs - GPU latency: 0.0979492 ms - Host latency: 0.0979492 ms (enqueue 0.0829346 ms)
[02/25/2026-14:55:32] [I] Average on 10 runs - GPU latency: 0.0962158 ms - Host latency: 0.0962158 ms (enqueue 0.0810303 ms)
[02/25/2026-14:55:32] [I] Average on 10 runs - GPU latency: 0.0987549 ms - Host latency: 0.0987549 ms (enqueue 0.084082 ms)
[02/25/2026-14:55:32] [I] Average on 10 runs - GPU latency: 0.0968506 ms - Host latency: 0.0968506 ms (enqueue 0.0814697 ms)
[02/25/2026-14:55:32] [I] Average on 10 runs - GPU latency: 0.094458 ms - Host latency: 0.094458 ms (enqueue 0.0794922 ms)
[02/25/2026-14:55:32] [I] Average on 10 runs - GPU latency: 0.096582 ms - Host latency: 0.096582 ms (enqueue 0.0819824 ms)
[02/25/2026-14:55:32] [I] Average on 10 runs - GPU latency: 0.0999268 ms - Host latency: 0.0999268 ms (enqueue 0.0849365 ms)
[02/25/2026-14:55:32] [I] Average on 10 runs - GPU latency: 0.0949707 ms - Host latency: 0.0949707 ms (enqueue 0.0807129 ms)
[02/25/2026-14:55:32] [I] 
[02/25/2026-14:55:32] [I] === Performance summary ===
[02/25/2026-14:55:32] [I] Throughput: 10125.6 qps
[02/25/2026-14:55:32] [I] Latency: min = 0.0903931 ms, max = 0.409302 ms, mean = 0.096729 ms, median = 0.0957031 ms, percentile(90%) = 0.100586 ms, percentile(95%) = 0.103027 ms, percentile(99%) = 0.111328 ms
[02/25/2026-14:55:32] [I] Enqueue Time: min = 0.0754395 ms, max = 0.124756 ms, mean = 0.0816451 ms, median = 0.0809326 ms, percentile(90%) = 0.0843506 ms, percentile(95%) = 0.0863037 ms, percentile(99%) = 0.101074 ms
[02/25/2026-14:55:32] [I] H2D Latency: min = 0 ms, max = 0 ms, mean = 0 ms, median = 0 ms, percentile(90%) = 0 ms, percentile(95%) = 0 ms, percentile(99%) = 0 ms
[02/25/2026-14:55:32] [I] GPU Compute Time: min = 0.0903931 ms, max = 0.409302 ms, mean = 0.096729 ms, median = 0.0957031 ms, percentile(90%) = 0.100586 ms, percentile(95%) = 0.103027 ms, percentile(99%) = 0.111328 ms
[02/25/2026-14:55:32] [I] D2H Latency: min = 0 ms, max = 0 ms, mean = 0 ms, median = 0 ms, percentile(90%) = 0 ms, percentile(95%) = 0 ms, percentile(99%) = 0 ms
[02/25/2026-14:55:32] [I] Total Host Walltime: 3.00021 s
[02/25/2026-14:55:32] [I] Total GPU Compute Time: 2.93853 s
[02/25/2026-14:55:32] [W] * Throughput may be bound by Enqueue Time rather than GPU Compute and the GPU may be under-utilized.
[02/25/2026-14:55:32] [W]   If not already in use, --useCudaGraph (utilize CUDA graphs where possible) may increase the throughput.
[02/25/2026-14:55:32] [W] * GPU compute time is unstable, with coefficient of variance = 5.44919%.
[02/25/2026-14:55:32] [W]   If not already in use, locking GPU clock frequency or adding --useSpinWait may improve the stability.
[02/25/2026-14:55:32] [I] Explanations of the performance metrics are printed in the verbose logs.
[02/25/2026-14:55:32] [I] 
&&&& PASSED TensorRT.trtexec [TensorRT v8502] # /usr/src/tensorrt/bin/trtexec --onnx=/home/user/Edge-ML/models/v3/TCN/TCN.onnx --saveEngine=/home/user/Edge-ML/models/v3/TCN/TCN_fp16.engine --fp16 --exportLayerInfo=/home/user/Edge-ML/models/v3/TCN/logs/quantisation_fp16_layers.json --memPoolSize=workspace:4096MiB --tacticSources=+CUBLAS,+CUBLAS_LT,+CUDNN --noDataTransfers --preview=+fasterDynamicShapes0805
