/usr/src/tensorrt/bin/trtexec --onnx=/home/user/Edge-ML/models/v3/TCN/TCN.onnx --saveEngine=/home/user/Edge-ML/models/v3/TCN/TCN_fp32.engine --exportLayerInfo=/home/user/Edge-ML/models/v3/TCN/logs/quantisation_fp32_layers.json --memPoolSize=workspace:4096MiB --tacticSources=+CUBLAS,+CUBLAS_LT,+CUDNN --noDataTransfers --preview=+fasterDynamicShapes0805

&&&& RUNNING TensorRT.trtexec [TensorRT v8502] # /usr/src/tensorrt/bin/trtexec --onnx=/home/user/Edge-ML/models/v3/TCN/TCN.onnx --saveEngine=/home/user/Edge-ML/models/v3/TCN/TCN_fp32.engine --exportLayerInfo=/home/user/Edge-ML/models/v3/TCN/logs/quantisation_fp32_layers.json --memPoolSize=workspace:4096MiB --tacticSources=+CUBLAS,+CUBLAS_LT,+CUDNN --noDataTransfers --preview=+fasterDynamicShapes0805
[02/25/2026-14:54:51] [I] === Model Options ===
[02/25/2026-14:54:51] [I] Format: ONNX
[02/25/2026-14:54:51] [I] Model: /home/user/Edge-ML/models/v3/TCN/TCN.onnx
[02/25/2026-14:54:51] [I] Output:
[02/25/2026-14:54:51] [I] === Build Options ===
[02/25/2026-14:54:51] [I] Max batch: explicit batch
[02/25/2026-14:54:51] [I] Memory Pools: workspace: 4096 MiB, dlaSRAM: default, dlaLocalDRAM: default, dlaGlobalDRAM: default
[02/25/2026-14:54:51] [I] minTiming: 1
[02/25/2026-14:54:51] [I] avgTiming: 8
[02/25/2026-14:54:51] [I] Precision: FP32
[02/25/2026-14:54:51] [I] LayerPrecisions: 
[02/25/2026-14:54:51] [I] Calibration: 
[02/25/2026-14:54:51] [I] Refit: Disabled
[02/25/2026-14:54:51] [I] Sparsity: Disabled
[02/25/2026-14:54:51] [I] Safe mode: Disabled
[02/25/2026-14:54:51] [I] DirectIO mode: Disabled
[02/25/2026-14:54:51] [I] Restricted mode: Disabled
[02/25/2026-14:54:51] [I] Build only: Disabled
[02/25/2026-14:54:51] [I] Save engine: /home/user/Edge-ML/models/v3/TCN/TCN_fp32.engine
[02/25/2026-14:54:51] [I] Load engine: 
[02/25/2026-14:54:51] [I] Profiling verbosity: 0
[02/25/2026-14:54:51] [I] Tactic sources: cublas [ON], cublasLt [ON], cudnn [ON], 
[02/25/2026-14:54:51] [I] timingCacheMode: local
[02/25/2026-14:54:51] [I] timingCacheFile: 
[02/25/2026-14:54:51] [I] Heuristic: Disabled
[02/25/2026-14:54:51] [I] Preview Features: kFASTER_DYNAMIC_SHAPES_0805 [ON], 
[02/25/2026-14:54:51] [I] Input(s)s format: fp32:CHW
[02/25/2026-14:54:51] [I] Output(s)s format: fp32:CHW
[02/25/2026-14:54:51] [I] Input build shapes: model
[02/25/2026-14:54:51] [I] Input calibration shapes: model
[02/25/2026-14:54:51] [I] === System Options ===
[02/25/2026-14:54:51] [I] Device: 0
[02/25/2026-14:54:51] [I] DLACore: 
[02/25/2026-14:54:51] [I] Plugins:
[02/25/2026-14:54:51] [I] === Inference Options ===
[02/25/2026-14:54:51] [I] Batch: Explicit
[02/25/2026-14:54:51] [I] Input inference shapes: model
[02/25/2026-14:54:51] [I] Iterations: 10
[02/25/2026-14:54:51] [I] Duration: 3s (+ 200ms warm up)
[02/25/2026-14:54:51] [I] Sleep time: 0ms
[02/25/2026-14:54:51] [I] Idle time: 0ms
[02/25/2026-14:54:51] [I] Streams: 1
[02/25/2026-14:54:51] [I] ExposeDMA: Disabled
[02/25/2026-14:54:51] [I] Data transfers: Disabled
[02/25/2026-14:54:51] [I] Spin-wait: Disabled
[02/25/2026-14:54:51] [I] Multithreading: Disabled
[02/25/2026-14:54:51] [I] CUDA Graph: Disabled
[02/25/2026-14:54:51] [I] Separate profiling: Disabled
[02/25/2026-14:54:51] [I] Time Deserialize: Disabled
[02/25/2026-14:54:51] [I] Time Refit: Disabled
[02/25/2026-14:54:51] [I] NVTX verbosity: 0
[02/25/2026-14:54:51] [I] Persistent Cache Ratio: 0
[02/25/2026-14:54:51] [I] Inputs:
[02/25/2026-14:54:51] [I] === Reporting Options ===
[02/25/2026-14:54:51] [I] Verbose: Disabled
[02/25/2026-14:54:51] [I] Averages: 10 inferences
[02/25/2026-14:54:51] [I] Percentiles: 90,95,99
[02/25/2026-14:54:51] [I] Dump refittable layers:Disabled
[02/25/2026-14:54:51] [I] Dump output: Disabled
[02/25/2026-14:54:51] [I] Profile: Disabled
[02/25/2026-14:54:51] [I] Export timing to JSON file: 
[02/25/2026-14:54:51] [I] Export output to JSON file: 
[02/25/2026-14:54:51] [I] Export profile to JSON file: 
[02/25/2026-14:54:51] [I] 
[02/25/2026-14:54:51] [I] === Device Information ===
[02/25/2026-14:54:51] [I] Selected Device: Orin
[02/25/2026-14:54:51] [I] Compute Capability: 8.7
[02/25/2026-14:54:51] [I] SMs: 4
[02/25/2026-14:54:51] [I] Compute Clock Rate: 0.624 GHz
[02/25/2026-14:54:51] [I] Device Global Memory: 3425 MiB
[02/25/2026-14:54:51] [I] Shared Memory per SM: 164 KiB
[02/25/2026-14:54:51] [I] Memory Bus Width: 128 bits (ECC disabled)
[02/25/2026-14:54:51] [I] Memory Clock Rate: 0.624 GHz
[02/25/2026-14:54:51] [I] 
[02/25/2026-14:54:51] [I] TensorRT version: 8.5.2
[02/25/2026-14:54:51] [I] [TRT] [MemUsageChange] Init CUDA: CPU +220, GPU +0, now: CPU 249, GPU 1672 (MiB)
[02/25/2026-14:54:54] [I] [TRT] [MemUsageChange] Init builder kernel library: CPU +302, GPU +117, now: CPU 574, GPU 1808 (MiB)
[02/25/2026-14:54:54] [I] Start parsing network model
[02/25/2026-14:54:54] [I] [TRT] ----------------------------------------------------------------
[02/25/2026-14:54:54] [I] [TRT] Input filename:   /home/user/Edge-ML/models/v3/TCN/TCN.onnx
[02/25/2026-14:54:54] [I] [TRT] ONNX IR version:  0.0.7
[02/25/2026-14:54:54] [I] [TRT] Opset version:    12
[02/25/2026-14:54:54] [I] [TRT] Producer name:    pytorch
[02/25/2026-14:54:54] [I] [TRT] Producer version: 2.5.1
[02/25/2026-14:54:54] [I] [TRT] Domain:           
[02/25/2026-14:54:54] [I] [TRT] Model version:    0
[02/25/2026-14:54:54] [I] [TRT] Doc string:       
[02/25/2026-14:54:54] [I] [TRT] ----------------------------------------------------------------
[02/25/2026-14:54:54] [I] Finish parsing network model
[02/25/2026-14:54:54] [I] [TRT] ---------- Layers Running on DLA ----------
[02/25/2026-14:54:54] [I] [TRT] ---------- Layers Running on GPU ----------
[02/25/2026-14:54:54] [I] [TRT] [GpuLayer] SHUFFLE: /Unsqueeze + (Unnamed Layer* 1) [Shuffle]
[02/25/2026-14:54:54] [I] [TRT] [GpuLayer] SHUFFLE: shuffle_between_(Unnamed Layer* 1) [Shuffle]_output_and_/block1/block1.0/Conv + /block1/block1.2/Relu
[02/25/2026-14:54:54] [I] [TRT] [GpuLayer] CONVOLUTION: /block1/block1.0/Conv + /block1/block1.2/Relu
[02/25/2026-14:54:54] [I] [TRT] [GpuLayer] SHUFFLE: shuffle_after_/block1/block1.2/Relu_out_tensor
[02/25/2026-14:54:54] [I] [TRT] [GpuLayer] POOLING: /block1/block1.3/MaxPool
[02/25/2026-14:54:54] [I] [TRT] [GpuLayer] SHUFFLE: shuffle_between_(Unnamed Layer* 6) [Pooling]_output_and_/block2/block2.0/Conv + /block2/block2.2/Relu
[02/25/2026-14:54:54] [I] [TRT] [GpuLayer] CONVOLUTION: /block2/block2.0/Conv + /block2/block2.2/Relu
[02/25/2026-14:54:54] [I] [TRT] [GpuLayer] SHUFFLE: shuffle_after_/block2/block2.2/Relu_out_tensor
[02/25/2026-14:54:54] [I] [TRT] [GpuLayer] POOLING: /block2/block2.3/MaxPool
[02/25/2026-14:54:54] [I] [TRT] [GpuLayer] SHUFFLE: shuffle_between_(Unnamed Layer* 13) [Pooling]_output_and_/block3/block3.0/Conv + /block3/block3.2/Relu
[02/25/2026-14:54:54] [I] [TRT] [GpuLayer] CONVOLUTION: /block3/block3.0/Conv + /block3/block3.2/Relu
[02/25/2026-14:54:54] [I] [TRT] [GpuLayer] SHUFFLE: shuffle_after_/block3/block3.2/Relu_out_tensor
[02/25/2026-14:54:54] [I] [TRT] [GpuLayer] SHUFFLE: squeeze_after_/block3/block3.2/Relu
[02/25/2026-14:54:54] [I] [TRT] [GpuLayer] REDUCE: /block3/block3.3/GlobalAveragePool
[02/25/2026-14:54:54] [I] [TRT] [GpuLayer] SHUFFLE: /fc/fc.0/Flatten + reshape_before_/fc/fc.1/Gemm
[02/25/2026-14:54:54] [I] [TRT] [GpuLayer] CONVOLUTION: /fc/fc.1/Gemm + /fc/fc.2/Relu
[02/25/2026-14:54:54] [I] [TRT] [GpuLayer] CONVOLUTION: /fc/fc.4/Gemm
[02/25/2026-14:54:54] [I] [TRT] [GpuLayer] SHUFFLE: reshape_after_/fc/fc.4/Gemm + /Squeeze
[02/25/2026-14:54:55] [I] [TRT] [MemUsageChange] Init cuBLAS/cuBLASLt: CPU +534, GPU +754, now: CPU 1108, GPU 2562 (MiB)
[02/25/2026-14:54:55] [I] [TRT] [MemUsageChange] Init cuDNN: CPU +83, GPU +130, now: CPU 1191, GPU 2692 (MiB)
[02/25/2026-14:54:55] [I] [TRT] Local timing cache in use. Profiling results in this builder pass will not be stored.
[02/25/2026-14:54:55] [W] [TRT] Using kFASTER_DYNAMIC_SHAPES_0805 preview feature.
[02/25/2026-14:55:02] [I] [TRT] Total Activation Memory: 4295035904
[02/25/2026-14:55:02] [I] [TRT] Detected 1 inputs and 1 output network tensors.
[02/25/2026-14:55:02] [I] [TRT] Total Host Persistent Memory: 17600
[02/25/2026-14:55:02] [I] [TRT] Total Device Persistent Memory: 0
[02/25/2026-14:55:02] [I] [TRT] Total Scratch Memory: 0
[02/25/2026-14:55:02] [I] [TRT] [MemUsageStats] Peak memory usage of TRT CPU/GPU memory allocators: CPU 0 MiB, GPU 71 MiB
[02/25/2026-14:55:02] [I] [TRT] [BlockAssignment] Started assigning block shifts. This will take 20 steps to complete.
[02/25/2026-14:55:02] [I] [TRT] [BlockAssignment] Algorithm ShiftNTopDown took 0.43936ms to assign 3 blocks to 20 nodes requiring 23552 bytes.
[02/25/2026-14:55:02] [I] [TRT] Total Activation Memory: 23552
[02/25/2026-14:55:02] [I] [TRT] [MemUsageChange] TensorRT-managed allocation in building engine: CPU +0, GPU +4, now: CPU 0, GPU 4 (MiB)
[02/25/2026-14:55:02] [I] Engine built in 11.6352 sec.
[02/25/2026-14:55:03] [I] [TRT] Loaded engine size: 0 MiB
[02/25/2026-14:55:03] [I] [TRT] [MemUsageChange] TensorRT-managed allocation in engine deserialization: CPU +0, GPU +0, now: CPU 0, GPU 0 (MiB)
[02/25/2026-14:55:03] [I] Engine deserialized in 0.0118236 sec.
[02/25/2026-14:55:03] [I] [TRT] [MemUsageChange] TensorRT-managed allocation in IExecutionContext creation: CPU +0, GPU +0, now: CPU 0, GPU 0 (MiB)
[02/25/2026-14:55:03] [I] Setting persistentCacheLimit to 0 bytes.
[02/25/2026-14:55:03] [I] Using random values for input input
[02/25/2026-14:55:03] [I] Created input binding for input with dimensions 1x120
[02/25/2026-14:55:03] [I] Using random values for output capacity
[02/25/2026-14:55:03] [I] Created output binding for capacity with dimensions 
[02/25/2026-14:55:03] [I] [TRT] The profiling verbosity was set to ProfilingVerbosity::kLAYER_NAMES_ONLY when the engine was built, so only the layer names will be returned. Rebuild the engine with ProfilingVerbosity::kDETAILED to get more verbose layer information.
[02/25/2026-14:55:03] [I] Starting inference
[02/25/2026-14:55:06] [I] Warmup completed 1923 queries over 200 ms
[02/25/2026-14:55:06] [I] Timing trace has 28991 queries over 3.00026 s
[02/25/2026-14:55:06] [I] 
[02/25/2026-14:55:06] [I] === Trace details ===
[02/25/2026-14:55:06] [I] Trace averages of 10 runs:
[02/25/2026-14:55:06] [I] Average on 10 runs - GPU latency: 0.101332 ms - Host latency: 0.101332 ms (enqueue 0.0789902 ms)
[02/25/2026-14:55:06] [I] Average on 10 runs - GPU latency: 0.100978 ms - Host latency: 0.100978 ms (enqueue 0.0774887 ms)
[02/25/2026-14:55:06] [I] Average on 10 runs - GPU latency: 0.101515 ms - Host latency: 0.101515 ms (enqueue 0.0779663 ms)
[02/25/2026-14:55:06] [I] Average on 10 runs - GPU latency: 0.101607 ms - Host latency: 0.101607 ms (enqueue 0.0785538 ms)
[02/25/2026-14:55:06] [I] Average on 10 runs - GPU latency: 0.101837 ms - Host latency: 0.101837 ms (enqueue 0.0777252 ms)
[02/25/2026-14:55:06] [I] Average on 10 runs - GPU latency: 0.100856 ms - Host latency: 0.100856 ms (enqueue 0.0783218 ms)
[02/25/2026-14:55:06] [I] Average on 10 runs - GPU latency: 0.102145 ms - Host latency: 0.102145 ms (enqueue 0.0796677 ms)
[02/25/2026-14:55:06] [I] Average on 10 runs - GPU latency: 0.101958 ms - Host latency: 0.101958 ms (enqueue 0.0788788 ms)
[02/25/2026-14:55:06] [I] Average on 10 runs - GPU latency: 0.101187 ms - Host latency: 0.101187 ms (enqueue 0.0780258 ms)
[02/25/2026-14:55:06] [I] Average on 10 runs - GPU latency: 0.101955 ms - Host latency: 0.101955 ms (enqueue 0.0775925 ms)
[02/25/2026-14:55:06] [I] Average on 10 runs - GPU latency: 0.101202 ms - Host latency: 0.101202 ms (enqueue 0.0774796 ms)
[02/25/2026-14:55:06] [I] Average on 10 runs - GPU latency: 0.100665 ms - Host latency: 0.100665 ms (enqueue 0.0788071 ms)
[02/25/2026-14:55:06] [I] Average on 10 runs - GPU latency: 0.103233 ms - Host latency: 0.103233 ms (enqueue 0.0776001 ms)
[02/25/2026-14:55:06] [I] Average on 10 runs - GPU latency: 0.101126 ms - Host latency: 0.101126 ms (enqueue 0.0786835 ms)
[02/25/2026-14:55:06] [I] Average on 10 runs - GPU latency: 0.102286 ms - Host latency: 0.102286 ms (enqueue 0.0768188 ms)
[02/25/2026-14:55:06] [I] Average on 10 runs - GPU latency: 0.102219 ms - Host latency: 0.102219 ms (enqueue 0.0800034 ms)
[02/25/2026-14:55:06] [I] Average on 10 runs - GPU latency: 0.101031 ms - Host latency: 0.101031 ms (enqueue 0.079216 ms)
[02/25/2026-14:55:06] [I] Average on 10 runs - GPU latency: 0.101329 ms - Host latency: 0.101329 ms (enqueue 0.0782455 ms)
[02/25/2026-14:55:06] [I] Average on 10 runs - GPU latency: 0.101607 ms - Host latency: 0.101607 ms (enqueue 0.078125 ms)
[02/25/2026-14:55:06] [I] Average on 10 runs - GPU latency: 0.10235 ms - Host latency: 0.10235 ms (enqueue 0.0785965 ms)
[02/25/2026-14:55:06] [I] Average on 10 runs - GPU latency: 0.102347 ms - Host latency: 0.102347 ms (enqueue 0.0779297 ms)
[02/25/2026-14:55:06] [I] Average on 10 runs - GPU latency: 0.102263 ms - Host latency: 0.102263 ms (enqueue 0.0768707 ms)
[02/25/2026-14:55:06] [I] Average on 10 runs - GPU latency: 0.101173 ms - Host latency: 0.101173 ms (enqueue 0.077977 ms)
[02/25/2026-14:55:06] [I] Average on 10 runs - GPU latency: 0.10166 ms - Host latency: 0.10166 ms (enqueue 0.077356 ms)
[02/25/2026-14:55:06] [I] Average on 10 runs - GPU latency: 0.10141 ms - Host latency: 0.10141 ms (enqueue 0.077272 ms)
[02/25/2026-14:55:06] [I] Average on 10 runs - GPU latency: 0.102414 ms - Host latency: 0.102414 ms (enqueue 0.077298 ms)
[02/25/2026-14:55:06] [I] Average on 10 runs - GPU latency: 0.101488 ms - Host latency: 0.101488 ms (enqueue 0.0792221 ms)
[02/25/2026-14:55:06] [I] Average on 10 runs - GPU latency: 0.101808 ms - Host latency: 0.101808 ms (enqueue 0.0768204 ms)
[02/25/2026-14:55:06] [I] Average on 10 runs - GPU latency: 0.101271 ms - Host latency: 0.101271 ms (enqueue 0.0782608 ms)
[02/25/2026-14:55:06] [I] Average on 10 runs - GPU latency: 0.101495 ms - Host latency: 0.101495 ms (enqueue 0.0772232 ms)
[02/25/2026-14:55:06] [I] Average on 10 runs - GPU latency: 0.101857 ms - Host latency: 0.101857 ms (enqueue 0.0789139 ms)
[02/25/2026-14:55:06] [I] Average on 10 runs - GPU latency: 0.102257 ms - Host latency: 0.102257 ms (enqueue 0.0757263 ms)
[02/25/2026-14:55:06] [I] Average on 10 runs - GPU latency: 0.1013 ms - Host latency: 0.1013 ms (enqueue 0.0777359 ms)
[02/25/2026-14:55:06] [I] Average on 10 runs - GPU latency: 0.100917 ms - Host latency: 0.100917 ms (enqueue 0.0786682 ms)
[02/25/2026-14:55:06] [I] Average on 10 runs - GPU latency: 0.101656 ms - Host latency: 0.101656 ms (enqueue 0.0792252 ms)
[02/25/2026-14:55:06] [I] Average on 10 runs - GPU latency: 0.102625 ms - Host latency: 0.102625 ms (enqueue 0.0779282 ms)
[02/25/2026-14:55:06] [I] Average on 10 runs - GPU latency: 0.102271 ms - Host latency: 0.102271 ms (enqueue 0.0784699 ms)
[02/25/2026-14:55:06] [I] Average on 10 runs - GPU latency: 0.10126 ms - Host latency: 0.10126 ms (enqueue 0.0794846 ms)
[02/25/2026-14:55:06] [I] Average on 10 runs - GPU latency: 0.101469 ms - Host latency: 0.101469 ms (enqueue 0.0808411 ms)
[02/25/2026-14:55:06] [I] Average on 10 runs - GPU latency: 0.101704 ms - Host latency: 0.101704 ms (enqueue 0.0769577 ms)
[02/25/2026-14:55:06] [I] Average on 10 runs - GPU latency: 0.101604 ms - Host latency: 0.101604 ms (enqueue 0.0769196 ms)
[02/25/2026-14:55:06] [I] Average on 10 runs - GPU latency: 0.101639 ms - Host latency: 0.101639 ms (enqueue 0.0763657 ms)
[02/25/2026-14:55:06] [I] Average on 10 runs - GPU latency: 0.101489 ms - Host latency: 0.101489 ms (enqueue 0.0771515 ms)
[02/25/2026-14:55:06] [I] Average on 10 runs - GPU latency: 0.100415 ms - Host latency: 0.100415 ms (enqueue 0.0775299 ms)
[02/25/2026-14:55:06] [I] Average on 10 runs - GPU latency: 0.100928 ms - Host latency: 0.100928 ms (enqueue 0.0772491 ms)
[02/25/2026-14:55:06] [I] Average on 10 runs - GPU latency: 0.101665 ms - Host latency: 0.101665 ms (enqueue 0.0765305 ms)
[02/25/2026-14:55:06] [I] Average on 10 runs - GPU latency: 0.10136 ms - Host latency: 0.10136 ms (enqueue 0.0782059 ms)
[02/25/2026-14:55:06] [I] Average on 10 runs - GPU latency: 0.101765 ms - Host latency: 0.101765 ms (enqueue 0.0765305 ms)
[02/25/2026-14:55:06] [I] Average on 10 runs - GPU latency: 0.102412 ms - Host latency: 0.102412 ms (enqueue 0.0779495 ms)
[02/25/2026-14:55:06] [I] Average on 10 runs - GPU latency: 0.102238 ms - Host latency: 0.102238 ms (enqueue 0.0809402 ms)
[02/25/2026-14:55:06] [I] Average on 10 runs - GPU latency: 0.101414 ms - Host latency: 0.101414 ms (enqueue 0.0767777 ms)
[02/25/2026-14:55:06] [I] Average on 10 runs - GPU latency: 0.101692 ms - Host latency: 0.101692 ms (enqueue 0.0757889 ms)
[02/25/2026-14:55:06] [I] Average on 10 runs - GPU latency: 0.102121 ms - Host latency: 0.102121 ms (enqueue 0.078537 ms)
[02/25/2026-14:55:06] [I] Average on 10 runs - GPU latency: 0.101312 ms - Host latency: 0.101312 ms (enqueue 0.0768967 ms)
[02/25/2026-14:55:06] [I] Average on 10 runs - GPU latency: 0.101544 ms - Host latency: 0.101544 ms (enqueue 0.0782654 ms)
[02/25/2026-14:55:06] [I] Average on 10 runs - GPU latency: 0.101682 ms - Host latency: 0.101682 ms (enqueue 0.0765991 ms)
[02/25/2026-14:55:06] [I] Average on 10 runs - GPU latency: 0.101318 ms - Host latency: 0.101318 ms (enqueue 0.0768616 ms)
[02/25/2026-14:55:06] [I] Average on 10 runs - GPU latency: 0.101697 ms - Host latency: 0.101697 ms (enqueue 0.0789368 ms)
[02/25/2026-14:55:06] [I] Average on 10 runs - GPU latency: 0.100974 ms - Host latency: 0.100974 ms (enqueue 0.0755463 ms)
[02/25/2026-14:55:06] [I] Average on 10 runs - GPU latency: 0.101279 ms - Host latency: 0.101279 ms (enqueue 0.0761322 ms)
[02/25/2026-14:55:06] [I] Average on 10 runs - GPU latency: 0.10145 ms - Host latency: 0.10145 ms (enqueue 0.0760895 ms)
[02/25/2026-14:55:06] [I] Average on 10 runs - GPU latency: 0.101453 ms - Host latency: 0.101453 ms (enqueue 0.0780701 ms)
[02/25/2026-14:55:06] [I] Average on 10 runs - GPU latency: 0.101404 ms - Host latency: 0.101404 ms (enqueue 0.0778137 ms)
[02/25/2026-14:55:06] [I] Average on 10 runs - GPU latency: 0.101599 ms - Host latency: 0.101599 ms (enqueue 0.0758087 ms)
[02/25/2026-14:55:06] [I] Average on 10 runs - GPU latency: 0.100739 ms - Host latency: 0.100739 ms (enqueue 0.077536 ms)
[02/25/2026-14:55:06] [I] Average on 10 runs - GPU latency: 0.101071 ms - Host latency: 0.101071 ms (enqueue 0.0804779 ms)
[02/25/2026-14:55:06] [I] Average on 10 runs - GPU latency: 0.100986 ms - Host latency: 0.100986 ms (enqueue 0.0775452 ms)
[02/25/2026-14:55:06] [I] Average on 10 runs - GPU latency: 0.100888 ms - Host latency: 0.100888 ms (enqueue 0.0770691 ms)
[02/25/2026-14:55:06] [I] Average on 10 runs - GPU latency: 0.101483 ms - Host latency: 0.101483 ms (enqueue 0.077475 ms)
[02/25/2026-14:55:06] [I] Average on 10 runs - GPU latency: 0.101779 ms - Host latency: 0.101779 ms (enqueue 0.0802002 ms)
[02/25/2026-14:55:06] [I] Average on 10 runs - GPU latency: 0.100909 ms - Host latency: 0.100909 ms (enqueue 0.0773193 ms)
[02/25/2026-14:55:06] [I] Average on 10 runs - GPU latency: 0.102136 ms - Host latency: 0.102136 ms (enqueue 0.0769714 ms)
[02/25/2026-14:55:06] [I] Average on 10 runs - GPU latency: 0.101355 ms - Host latency: 0.101355 ms (enqueue 0.0785736 ms)
[02/25/2026-14:55:06] [I] Average on 10 runs - GPU latency: 0.10242 ms - Host latency: 0.10242 ms (enqueue 0.0790802 ms)
[02/25/2026-14:55:06] [I] Average on 10 runs - GPU latency: 0.101633 ms - Host latency: 0.101633 ms (enqueue 0.0772308 ms)
[02/25/2026-14:55:06] [I] Average on 10 runs - GPU latency: 0.10145 ms - Host latency: 0.10145 ms (enqueue 0.0786133 ms)
[02/25/2026-14:55:06] [I] Average on 10 runs - GPU latency: 0.101239 ms - Host latency: 0.101239 ms (enqueue 0.0779633 ms)
[02/25/2026-14:55:06] [I] Average on 10 runs - GPU latency: 0.10108 ms - Host latency: 0.10108 ms (enqueue 0.0792023 ms)
[02/25/2026-14:55:06] [I] Average on 10 runs - GPU latency: 0.101492 ms - Host latency: 0.101492 ms (enqueue 0.0765167 ms)
[02/25/2026-14:55:06] [I] Average on 10 runs - GPU latency: 0.102136 ms - Host latency: 0.102136 ms (enqueue 0.0775726 ms)
[02/25/2026-14:55:06] [I] Average on 10 runs - GPU latency: 0.101477 ms - Host latency: 0.101477 ms (enqueue 0.0789917 ms)
[02/25/2026-14:55:06] [I] Average on 10 runs - GPU latency: 0.102274 ms - Host latency: 0.102274 ms (enqueue 0.0756958 ms)
[02/25/2026-14:55:06] [I] Average on 10 runs - GPU latency: 0.101169 ms - Host latency: 0.101169 ms (enqueue 0.0770325 ms)
[02/25/2026-14:55:06] [I] Average on 10 runs - GPU latency: 0.101431 ms - Host latency: 0.101431 ms (enqueue 0.0774475 ms)
[02/25/2026-14:55:06] [I] Average on 10 runs - GPU latency: 0.101987 ms - Host latency: 0.101987 ms (enqueue 0.0791107 ms)
[02/25/2026-14:55:06] [I] Average on 10 runs - GPU latency: 0.102081 ms - Host latency: 0.102081 ms (enqueue 0.0755737 ms)
[02/25/2026-14:55:06] [I] Average on 10 runs - GPU latency: 0.102325 ms - Host latency: 0.102325 ms (enqueue 0.0781921 ms)
[02/25/2026-14:55:06] [I] Average on 10 runs - GPU latency: 0.101465 ms - Host latency: 0.101465 ms (enqueue 0.0770233 ms)
[02/25/2026-14:55:06] [I] Average on 10 runs - GPU latency: 0.101163 ms - Host latency: 0.101163 ms (enqueue 0.0786591 ms)
[02/25/2026-14:55:06] [I] Average on 10 runs - GPU latency: 0.101352 ms - Host latency: 0.101352 ms (enqueue 0.0765289 ms)
[02/25/2026-14:55:06] [I] Average on 10 runs - GPU latency: 0.102225 ms - Host latency: 0.102225 ms (enqueue 0.077948 ms)
[02/25/2026-14:55:06] [I] Average on 10 runs - GPU latency: 0.101151 ms - Host latency: 0.101151 ms (enqueue 0.0766327 ms)
[02/25/2026-14:55:06] [I] Average on 10 runs - GPU latency: 0.101706 ms - Host latency: 0.101706 ms (enqueue 0.0778992 ms)
[02/25/2026-14:55:06] [I] Average on 10 runs - GPU latency: 0.101913 ms - Host latency: 0.101913 ms (enqueue 0.0781342 ms)
[02/25/2026-14:55:06] [I] Average on 10 runs - GPU latency: 0.101514 ms - Host latency: 0.101514 ms (enqueue 0.0778839 ms)
[02/25/2026-14:55:06] [I] Average on 10 runs - GPU latency: 0.10116 ms - Host latency: 0.10116 ms (enqueue 0.0763306 ms)
[02/25/2026-14:55:06] [I] Average on 10 runs - GPU latency: 0.101938 ms - Host latency: 0.101938 ms (enqueue 0.0800018 ms)
[02/25/2026-14:55:06] [I] Average on 10 runs - GPU latency: 0.101544 ms - Host latency: 0.101544 ms (enqueue 0.078183 ms)
[02/25/2026-14:55:06] [I] Average on 10 runs - GPU latency: 0.101089 ms - Host latency: 0.101089 ms (enqueue 0.0819763 ms)
[02/25/2026-14:55:06] [I] Average on 10 runs - GPU latency: 0.10152 ms - Host latency: 0.10152 ms (enqueue 0.0764587 ms)
[02/25/2026-14:55:06] [I] Average on 10 runs - GPU latency: 0.10087 ms - Host latency: 0.10087 ms (enqueue 0.077597 ms)
[02/25/2026-14:55:06] [I] Average on 10 runs - GPU latency: 0.101584 ms - Host latency: 0.101584 ms (enqueue 0.0775635 ms)
[02/25/2026-14:55:06] [I] Average on 10 runs - GPU latency: 0.101779 ms - Host latency: 0.101779 ms (enqueue 0.0795319 ms)
[02/25/2026-14:55:06] [I] Average on 10 runs - GPU latency: 0.101709 ms - Host latency: 0.101709 ms (enqueue 0.0787842 ms)
[02/25/2026-14:55:06] [I] Average on 10 runs - GPU latency: 0.100311 ms - Host latency: 0.100311 ms (enqueue 0.0787323 ms)
[02/25/2026-14:55:06] [I] Average on 10 runs - GPU latency: 0.101532 ms - Host latency: 0.101532 ms (enqueue 0.0787842 ms)
[02/25/2026-14:55:06] [I] Average on 10 runs - GPU latency: 0.100964 ms - Host latency: 0.100964 ms (enqueue 0.0761627 ms)
[02/25/2026-14:55:06] [I] Average on 10 runs - GPU latency: 0.101871 ms - Host latency: 0.101871 ms (enqueue 0.0809662 ms)
[02/25/2026-14:55:06] [I] Average on 10 runs - GPU latency: 0.101437 ms - Host latency: 0.101437 ms (enqueue 0.0762726 ms)
[02/25/2026-14:55:06] [I] Average on 10 runs - GPU latency: 0.101062 ms - Host latency: 0.101062 ms (enqueue 0.0759369 ms)
[02/25/2026-14:55:06] [I] Average on 10 runs - GPU latency: 0.101971 ms - Host latency: 0.101971 ms (enqueue 0.0780151 ms)
[02/25/2026-14:55:06] [I] Average on 10 runs - GPU latency: 0.101825 ms - Host latency: 0.101825 ms (enqueue 0.0804779 ms)
[02/25/2026-14:55:06] [I] Average on 10 runs - GPU latency: 0.101437 ms - Host latency: 0.101437 ms (enqueue 0.0772217 ms)
[02/25/2026-14:55:06] [I] Average on 10 runs - GPU latency: 0.101276 ms - Host latency: 0.101276 ms (enqueue 0.0767181 ms)
[02/25/2026-14:55:06] [I] Average on 10 runs - GPU latency: 0.102069 ms - Host latency: 0.102069 ms (enqueue 0.0778656 ms)
[02/25/2026-14:55:06] [I] Average on 10 runs - GPU latency: 0.102228 ms - Host latency: 0.102228 ms (enqueue 0.0757538 ms)
[02/25/2026-14:55:06] [I] Average on 10 runs - GPU latency: 0.101471 ms - Host latency: 0.101471 ms (enqueue 0.0792358 ms)
[02/25/2026-14:55:06] [I] Average on 10 runs - GPU latency: 0.101376 ms - Host latency: 0.101376 ms (enqueue 0.0781219 ms)
[02/25/2026-14:55:06] [I] Average on 10 runs - GPU latency: 0.102109 ms - Host latency: 0.102109 ms (enqueue 0.0766907 ms)
[02/25/2026-14:55:06] [I] Average on 10 runs - GPU latency: 0.101349 ms - Host latency: 0.101349 ms (enqueue 0.0795135 ms)
[02/25/2026-14:55:06] [I] Average on 10 runs - GPU latency: 0.101343 ms - Host latency: 0.101343 ms (enqueue 0.078244 ms)
[02/25/2026-14:55:06] [I] Average on 10 runs - GPU latency: 0.101932 ms - Host latency: 0.101932 ms (enqueue 0.0792664 ms)
[02/25/2026-14:55:06] [I] Average on 10 runs - GPU latency: 0.100851 ms - Host latency: 0.100851 ms (enqueue 0.0774567 ms)
[02/25/2026-14:55:06] [I] Average on 10 runs - GPU latency: 0.101718 ms - Host latency: 0.101718 ms (enqueue 0.0833984 ms)
[02/25/2026-14:55:06] [I] Average on 10 runs - GPU latency: 0.101584 ms - Host latency: 0.101584 ms (enqueue 0.0777161 ms)
[02/25/2026-14:55:06] [I] Average on 10 runs - GPU latency: 0.102167 ms - Host latency: 0.102167 ms (enqueue 0.0772522 ms)
[02/25/2026-14:55:06] [I] Average on 10 runs - GPU latency: 0.100784 ms - Host latency: 0.100784 ms (enqueue 0.0818817 ms)
[02/25/2026-14:55:06] [I] Average on 10 runs - GPU latency: 0.101074 ms - Host latency: 0.101074 ms (enqueue 0.0764709 ms)
[02/25/2026-14:55:06] [I] Average on 10 runs - GPU latency: 0.100909 ms - Host latency: 0.100909 ms (enqueue 0.0786316 ms)
[02/25/2026-14:55:06] [I] Average on 10 runs - GPU latency: 0.100735 ms - Host latency: 0.100735 ms (enqueue 0.0767578 ms)
[02/25/2026-14:55:06] [I] Average on 10 runs - GPU latency: 0.100827 ms - Host latency: 0.100827 ms (enqueue 0.0768249 ms)
[02/25/2026-14:55:06] [I] Average on 10 runs - GPU latency: 0.101328 ms - Host latency: 0.101328 ms (enqueue 0.0774414 ms)
[02/25/2026-14:55:06] [I] Average on 10 runs - GPU latency: 0.10173 ms - Host latency: 0.10173 ms (enqueue 0.0784119 ms)
[02/25/2026-14:55:06] [I] Average on 10 runs - GPU latency: 0.1017 ms - Host latency: 0.1017 ms (enqueue 0.0767578 ms)
[02/25/2026-14:55:06] [I] Average on 10 runs - GPU latency: 0.101288 ms - Host latency: 0.101288 ms (enqueue 0.0774231 ms)
[02/25/2026-14:55:06] [I] Average on 10 runs - GPU latency: 0.10141 ms - Host latency: 0.10141 ms (enqueue 0.0791779 ms)
[02/25/2026-14:55:06] [I] Average on 10 runs - GPU latency: 0.101666 ms - Host latency: 0.101666 ms (enqueue 0.0780792 ms)
[02/25/2026-14:55:06] [I] Average on 10 runs - GPU latency: 0.101117 ms - Host latency: 0.101117 ms (enqueue 0.0773102 ms)
[02/25/2026-14:55:06] [I] Average on 10 runs - GPU latency: 0.101578 ms - Host latency: 0.101578 ms (enqueue 0.0790771 ms)
[02/25/2026-14:55:06] [I] Average on 10 runs - GPU latency: 0.101694 ms - Host latency: 0.101694 ms (enqueue 0.077182 ms)
[02/25/2026-14:55:06] [I] Average on 10 runs - GPU latency: 0.101053 ms - Host latency: 0.101053 ms (enqueue 0.0764618 ms)
[02/25/2026-14:55:06] [I] Average on 10 runs - GPU latency: 0.101331 ms - Host latency: 0.101331 ms (enqueue 0.0771362 ms)
[02/25/2026-14:55:06] [I] Average on 10 runs - GPU latency: 0.101157 ms - Host latency: 0.101157 ms (enqueue 0.0779388 ms)
[02/25/2026-14:55:06] [I] Average on 10 runs - GPU latency: 0.102441 ms - Host latency: 0.102441 ms (enqueue 0.0796509 ms)
[02/25/2026-14:55:06] [I] Average on 10 runs - GPU latency: 0.102036 ms - Host latency: 0.102036 ms (enqueue 0.0769104 ms)
[02/25/2026-14:55:06] [I] Average on 10 runs - GPU latency: 0.10079 ms - Host latency: 0.10079 ms (enqueue 0.0787384 ms)
[02/25/2026-14:55:06] [I] Average on 10 runs - GPU latency: 0.10195 ms - Host latency: 0.10195 ms (enqueue 0.0787018 ms)
[02/25/2026-14:55:06] [I] Average on 10 runs - GPU latency: 0.101974 ms - Host latency: 0.101974 ms (enqueue 0.0776733 ms)
[02/25/2026-14:55:06] [I] Average on 10 runs - GPU latency: 0.101044 ms - Host latency: 0.101044 ms (enqueue 0.0775513 ms)
[02/25/2026-14:55:06] [I] Average on 10 runs - GPU latency: 0.102771 ms - Host latency: 0.102771 ms (enqueue 0.0777924 ms)
[02/25/2026-14:55:06] [I] Average on 10 runs - GPU latency: 0.101385 ms - Host latency: 0.101385 ms (enqueue 0.0779724 ms)
[02/25/2026-14:55:06] [I] Average on 10 runs - GPU latency: 0.101343 ms - Host latency: 0.101343 ms (enqueue 0.0760284 ms)
[02/25/2026-14:55:06] [I] Average on 10 runs - GPU latency: 0.101602 ms - Host latency: 0.101602 ms (enqueue 0.0765228 ms)
[02/25/2026-14:55:06] [I] Average on 10 runs - GPU latency: 0.101715 ms - Host latency: 0.101715 ms (enqueue 0.0779602 ms)
[02/25/2026-14:55:06] [I] Average on 10 runs - GPU latency: 0.101617 ms - Host latency: 0.101617 ms (enqueue 0.0764313 ms)
[02/25/2026-14:55:06] [I] Average on 10 runs - GPU latency: 0.102155 ms - Host latency: 0.102155 ms (enqueue 0.0774658 ms)
[02/25/2026-14:55:06] [I] Average on 10 runs - GPU latency: 0.101608 ms - Host latency: 0.101608 ms (enqueue 0.0776306 ms)
[02/25/2026-14:55:06] [I] Average on 10 runs - GPU latency: 0.102145 ms - Host latency: 0.102145 ms (enqueue 0.0776672 ms)
[02/25/2026-14:55:06] [I] Average on 10 runs - GPU latency: 0.101535 ms - Host latency: 0.101535 ms (enqueue 0.0800507 ms)
[02/25/2026-14:55:06] [I] Average on 10 runs - GPU latency: 0.101501 ms - Host latency: 0.101501 ms (enqueue 0.0783478 ms)
[02/25/2026-14:55:06] [I] Average on 10 runs - GPU latency: 0.101187 ms - Host latency: 0.101187 ms (enqueue 0.0770782 ms)
[02/25/2026-14:55:06] [I] Average on 10 runs - GPU latency: 0.101349 ms - Host latency: 0.101349 ms (enqueue 0.0768463 ms)
[02/25/2026-14:55:06] [I] Average on 10 runs - GPU latency: 0.101645 ms - Host latency: 0.101645 ms (enqueue 0.0795837 ms)
[02/25/2026-14:55:06] [I] Average on 10 runs - GPU latency: 0.101584 ms - Host latency: 0.101584 ms (enqueue 0.0760315 ms)
[02/25/2026-14:55:06] [I] Average on 10 runs - GPU latency: 0.101923 ms - Host latency: 0.101923 ms (enqueue 0.0770294 ms)
[02/25/2026-14:55:06] [I] Average on 10 runs - GPU latency: 0.10155 ms - Host latency: 0.10155 ms (enqueue 0.0787201 ms)
[02/25/2026-14:55:06] [I] Average on 10 runs - GPU latency: 0.100888 ms - Host latency: 0.100888 ms (enqueue 0.0775696 ms)
[02/25/2026-14:55:06] [I] Average on 10 runs - GPU latency: 0.102097 ms - Host latency: 0.102097 ms (enqueue 0.0796814 ms)
[02/25/2026-14:55:06] [I] Average on 10 runs - GPU latency: 0.101355 ms - Host latency: 0.101355 ms (enqueue 0.0762421 ms)
[02/25/2026-14:55:06] [I] Average on 10 runs - GPU latency: 0.101526 ms - Host latency: 0.101526 ms (enqueue 0.0773346 ms)
[02/25/2026-14:55:06] [I] Average on 10 runs - GPU latency: 0.101505 ms - Host latency: 0.101505 ms (enqueue 0.0766815 ms)
[02/25/2026-14:55:06] [I] Average on 10 runs - GPU latency: 0.102017 ms - Host latency: 0.102017 ms (enqueue 0.0773102 ms)
[02/25/2026-14:55:06] [I] Average on 10 runs - GPU latency: 0.101425 ms - Host latency: 0.101425 ms (enqueue 0.076886 ms)
[02/25/2026-14:55:06] [I] Average on 10 runs - GPU latency: 0.10148 ms - Host latency: 0.10148 ms (enqueue 0.0789215 ms)
[02/25/2026-14:55:06] [I] Average on 10 runs - GPU latency: 0.100809 ms - Host latency: 0.100809 ms (enqueue 0.0769074 ms)
[02/25/2026-14:55:06] [I] Average on 10 runs - GPU latency: 0.101651 ms - Host latency: 0.101651 ms (enqueue 0.0769958 ms)
[02/25/2026-14:55:06] [I] Average on 10 runs - GPU latency: 0.101843 ms - Host latency: 0.101843 ms (enqueue 0.0765198 ms)
[02/25/2026-14:55:06] [I] Average on 10 runs - GPU latency: 0.101282 ms - Host latency: 0.101282 ms (enqueue 0.0780884 ms)
[02/25/2026-14:55:06] [I] Average on 10 runs - GPU latency: 0.101633 ms - Host latency: 0.101633 ms (enqueue 0.0764343 ms)
[02/25/2026-14:55:06] [I] Average on 10 runs - GPU latency: 0.102023 ms - Host latency: 0.102023 ms (enqueue 0.0785004 ms)
[02/25/2026-14:55:06] [I] Average on 10 runs - GPU latency: 0.101202 ms - Host latency: 0.101202 ms (enqueue 0.0762726 ms)
[02/25/2026-14:55:06] [I] Average on 10 runs - GPU latency: 0.101172 ms - Host latency: 0.101172 ms (enqueue 0.0805969 ms)
[02/25/2026-14:55:06] [I] Average on 10 runs - GPU latency: 0.101453 ms - Host latency: 0.101453 ms (enqueue 0.0791504 ms)
[02/25/2026-14:55:06] [I] Average on 10 runs - GPU latency: 0.102109 ms - Host latency: 0.102109 ms (enqueue 0.0770355 ms)
[02/25/2026-14:55:06] [I] Average on 10 runs - GPU latency: 0.100772 ms - Host latency: 0.100772 ms (enqueue 0.0798645 ms)
[02/25/2026-14:55:06] [I] Average on 10 runs - GPU latency: 0.101547 ms - Host latency: 0.101547 ms (enqueue 0.0762909 ms)
[02/25/2026-14:55:06] [I] Average on 10 runs - GPU latency: 0.101709 ms - Host latency: 0.101709 ms (enqueue 0.0788208 ms)
[02/25/2026-14:55:06] [I] Average on 10 runs - GPU latency: 0.100873 ms - Host latency: 0.100873 ms (enqueue 0.0794708 ms)
[02/25/2026-14:55:06] [I] Average on 10 runs - GPU latency: 0.101599 ms - Host latency: 0.101599 ms (enqueue 0.0792236 ms)
[02/25/2026-14:55:06] [I] Average on 10 runs - GPU latency: 0.101086 ms - Host latency: 0.101086 ms (enqueue 0.0804291 ms)
[02/25/2026-14:55:06] [I] Average on 10 runs - GPU latency: 0.101526 ms - Host latency: 0.101526 ms (enqueue 0.0775177 ms)
[02/25/2026-14:55:06] [I] Average on 10 runs - GPU latency: 0.101025 ms - Host latency: 0.101025 ms (enqueue 0.0773468 ms)
[02/25/2026-14:55:06] [I] Average on 10 runs - GPU latency: 0.101682 ms - Host latency: 0.101682 ms (enqueue 0.0778412 ms)
[02/25/2026-14:55:06] [I] Average on 10 runs - GPU latency: 0.101196 ms - Host latency: 0.101196 ms (enqueue 0.0806671 ms)
[02/25/2026-14:55:06] [I] Average on 10 runs - GPU latency: 0.101846 ms - Host latency: 0.101846 ms (enqueue 0.0763245 ms)
[02/25/2026-14:55:06] [I] Average on 10 runs - GPU latency: 0.101913 ms - Host latency: 0.101913 ms (enqueue 0.0786804 ms)
[02/25/2026-14:55:06] [I] Average on 10 runs - GPU latency: 0.100305 ms - Host latency: 0.100305 ms (enqueue 0.0798248 ms)
[02/25/2026-14:55:06] [I] Average on 10 runs - GPU latency: 0.10105 ms - Host latency: 0.10105 ms (enqueue 0.076828 ms)
[02/25/2026-14:55:06] [I] Average on 10 runs - GPU latency: 0.102188 ms - Host latency: 0.102188 ms (enqueue 0.0775146 ms)
[02/25/2026-14:55:06] [I] Average on 10 runs - GPU latency: 0.101813 ms - Host latency: 0.101813 ms (enqueue 0.0773651 ms)
[02/25/2026-14:55:06] [I] Average on 10 runs - GPU latency: 0.101505 ms - Host latency: 0.101505 ms (enqueue 0.0787231 ms)
[02/25/2026-14:55:06] [I] Average on 10 runs - GPU latency: 0.101532 ms - Host latency: 0.101532 ms (enqueue 0.0792938 ms)
[02/25/2026-14:55:06] [I] Average on 10 runs - GPU latency: 0.101147 ms - Host latency: 0.101147 ms (enqueue 0.0783508 ms)
[02/25/2026-14:55:06] [I] Average on 10 runs - GPU latency: 0.101309 ms - Host latency: 0.101309 ms (enqueue 0.0777374 ms)
[02/25/2026-14:55:06] [I] Average on 10 runs - GPU latency: 0.101382 ms - Host latency: 0.101382 ms (enqueue 0.0779388 ms)
[02/25/2026-14:55:06] [I] Average on 10 runs - GPU latency: 0.102188 ms - Host latency: 0.102188 ms (enqueue 0.0776947 ms)
[02/25/2026-14:55:06] [I] Average on 10 runs - GPU latency: 0.101929 ms - Host latency: 0.101929 ms (enqueue 0.0780548 ms)
[02/25/2026-14:55:06] [I] Average on 10 runs - GPU latency: 0.102274 ms - Host latency: 0.102274 ms (enqueue 0.0769745 ms)
[02/25/2026-14:55:06] [I] Average on 10 runs - GPU latency: 0.101486 ms - Host latency: 0.101486 ms (enqueue 0.0790741 ms)
[02/25/2026-14:55:06] [I] Average on 10 runs - GPU latency: 0.101682 ms - Host latency: 0.101682 ms (enqueue 0.0793579 ms)
[02/25/2026-14:55:06] [I] Average on 10 runs - GPU latency: 0.102396 ms - Host latency: 0.102396 ms (enqueue 0.0787933 ms)
[02/25/2026-14:55:06] [I] Average on 10 runs - GPU latency: 0.102094 ms - Host latency: 0.102094 ms (enqueue 0.0784699 ms)
[02/25/2026-14:55:06] [I] Average on 10 runs - GPU latency: 0.101212 ms - Host latency: 0.101212 ms (enqueue 0.0779907 ms)
[02/25/2026-14:55:06] [I] Average on 10 runs - GPU latency: 0.101785 ms - Host latency: 0.101785 ms (enqueue 0.0775574 ms)
[02/25/2026-14:55:06] [I] Average on 10 runs - GPU latency: 0.101144 ms - Host latency: 0.101144 ms (enqueue 0.0800293 ms)
[02/25/2026-14:55:06] [I] Average on 10 runs - GPU latency: 0.100739 ms - Host latency: 0.100739 ms (enqueue 0.0757843 ms)
[02/25/2026-14:55:06] [I] Average on 10 runs - GPU latency: 0.10145 ms - Host latency: 0.10145 ms (enqueue 0.0799194 ms)
[02/25/2026-14:55:06] [I] Average on 10 runs - GPU latency: 0.103885 ms - Host latency: 0.103885 ms (enqueue 0.0769318 ms)
[02/25/2026-14:55:06] [I] Average on 10 runs - GPU latency: 0.100748 ms - Host latency: 0.100748 ms (enqueue 0.0780792 ms)
[02/25/2026-14:55:06] [I] Average on 10 runs - GPU latency: 0.101953 ms - Host latency: 0.101953 ms (enqueue 0.0783173 ms)
[02/25/2026-14:55:06] [I] Average on 10 runs - GPU latency: 0.101562 ms - Host latency: 0.101562 ms (enqueue 0.0799835 ms)
[02/25/2026-14:55:06] [I] Average on 10 runs - GPU latency: 0.10079 ms - Host latency: 0.10079 ms (enqueue 0.0773834 ms)
[02/25/2026-14:55:06] [I] Average on 10 runs - GPU latency: 0.10184 ms - Host latency: 0.10184 ms (enqueue 0.0776642 ms)
[02/25/2026-14:55:06] [I] Average on 10 runs - GPU latency: 0.101025 ms - Host latency: 0.101025 ms (enqueue 0.0795044 ms)
[02/25/2026-14:55:06] [I] Average on 10 runs - GPU latency: 0.101648 ms - Host latency: 0.101648 ms (enqueue 0.0776245 ms)
[02/25/2026-14:55:06] [I] Average on 10 runs - GPU latency: 0.101065 ms - Host latency: 0.101065 ms (enqueue 0.0771912 ms)
[02/25/2026-14:55:06] [I] Average on 10 runs - GPU latency: 0.101459 ms - Host latency: 0.101459 ms (enqueue 0.0780365 ms)
[02/25/2026-14:55:06] [I] Average on 10 runs - GPU latency: 0.101556 ms - Host latency: 0.101556 ms (enqueue 0.0790832 ms)
[02/25/2026-14:55:06] [I] Average on 10 runs - GPU latency: 0.101999 ms - Host latency: 0.101999 ms (enqueue 0.0769074 ms)
[02/25/2026-14:55:06] [I] Average on 10 runs - GPU latency: 0.101447 ms - Host latency: 0.101447 ms (enqueue 0.0776978 ms)
[02/25/2026-14:55:06] [I] Average on 10 runs - GPU latency: 0.101828 ms - Host latency: 0.101828 ms (enqueue 0.0782196 ms)
[02/25/2026-14:55:06] [I] Average on 10 runs - GPU latency: 0.101556 ms - Host latency: 0.101556 ms (enqueue 0.0768585 ms)
[02/25/2026-14:55:06] [I] Average on 10 runs - GPU latency: 0.101721 ms - Host latency: 0.101721 ms (enqueue 0.0776794 ms)
[02/25/2026-14:55:06] [I] Average on 10 runs - GPU latency: 0.101956 ms - Host latency: 0.101956 ms (enqueue 0.0780853 ms)
[02/25/2026-14:55:06] [I] Average on 10 runs - GPU latency: 0.101736 ms - Host latency: 0.101736 ms (enqueue 0.0777557 ms)
[02/25/2026-14:55:06] [I] Average on 10 runs - GPU latency: 0.102255 ms - Host latency: 0.102255 ms (enqueue 0.0783966 ms)
[02/25/2026-14:55:06] [I] Average on 10 runs - GPU latency: 0.101337 ms - Host latency: 0.101337 ms (enqueue 0.0771362 ms)
[02/25/2026-14:55:06] [I] Average on 10 runs - GPU latency: 0.101004 ms - Host latency: 0.101004 ms (enqueue 0.0768677 ms)
[02/25/2026-14:55:06] [I] Average on 10 runs - GPU latency: 0.101877 ms - Host latency: 0.101877 ms (enqueue 0.0772095 ms)
[02/25/2026-14:55:06] [I] Average on 10 runs - GPU latency: 0.101508 ms - Host latency: 0.101508 ms (enqueue 0.079361 ms)
[02/25/2026-14:55:06] [I] Average on 10 runs - GPU latency: 0.10127 ms - Host latency: 0.10127 ms (enqueue 0.0767151 ms)
[02/25/2026-14:55:06] [I] Average on 10 runs - GPU latency: 0.101837 ms - Host latency: 0.101837 ms (enqueue 0.0773437 ms)
[02/25/2026-14:55:06] [I] Average on 10 runs - GPU latency: 0.101938 ms - Host latency: 0.101938 ms (enqueue 0.0763794 ms)
[02/25/2026-14:55:06] [I] Average on 10 runs - GPU latency: 0.101379 ms - Host latency: 0.101379 ms (enqueue 0.0796845 ms)
[02/25/2026-14:55:06] [I] Average on 10 runs - GPU latency: 0.101135 ms - Host latency: 0.101135 ms (enqueue 0.0771179 ms)
[02/25/2026-14:55:06] [I] Average on 10 runs - GPU latency: 0.101517 ms - Host latency: 0.101517 ms (enqueue 0.077002 ms)
[02/25/2026-14:55:06] [I] Average on 10 runs - GPU latency: 0.102539 ms - Host latency: 0.102539 ms (enqueue 0.0771332 ms)
[02/25/2026-14:55:06] [I] Average on 10 runs - GPU latency: 0.101266 ms - Host latency: 0.101266 ms (enqueue 0.079538 ms)
[02/25/2026-14:55:06] [I] Average on 10 runs - GPU latency: 0.101611 ms - Host latency: 0.101611 ms (enqueue 0.0783386 ms)
[02/25/2026-14:55:06] [I] Average on 10 runs - GPU latency: 0.101312 ms - Host latency: 0.101312 ms (enqueue 0.0765594 ms)
[02/25/2026-14:55:06] [I] Average on 10 runs - GPU latency: 0.101376 ms - Host latency: 0.101376 ms (enqueue 0.0763886 ms)
[02/25/2026-14:55:06] [I] Average on 10 runs - GPU latency: 0.101749 ms - Host latency: 0.101749 ms (enqueue 0.0810577 ms)
[02/25/2026-14:55:06] [I] Average on 10 runs - GPU latency: 0.101501 ms - Host latency: 0.101501 ms (enqueue 0.0779572 ms)
[02/25/2026-14:55:06] [I] Average on 10 runs - GPU latency: 0.101074 ms - Host latency: 0.101074 ms (enqueue 0.0779144 ms)
[02/25/2026-14:55:06] [I] Average on 10 runs - GPU latency: 0.101453 ms - Host latency: 0.101453 ms (enqueue 0.0809876 ms)
[02/25/2026-14:55:06] [I] Average on 10 runs - GPU latency: 0.101242 ms - Host latency: 0.101242 ms (enqueue 0.0770599 ms)
[02/25/2026-14:55:06] [I] Average on 10 runs - GPU latency: 0.102219 ms - Host latency: 0.102219 ms (enqueue 0.0758026 ms)
[02/25/2026-14:55:06] [I] Average on 10 runs - GPU latency: 0.101361 ms - Host latency: 0.101361 ms (enqueue 0.0782562 ms)
[02/25/2026-14:55:06] [I] Average on 10 runs - GPU latency: 0.102283 ms - Host latency: 0.102283 ms (enqueue 0.0796906 ms)
[02/25/2026-14:55:06] [I] Average on 10 runs - GPU latency: 0.101892 ms - Host latency: 0.101892 ms (enqueue 0.0773529 ms)
[02/25/2026-14:55:06] [I] Average on 10 runs - GPU latency: 0.100732 ms - Host latency: 0.100732 ms (enqueue 0.0790314 ms)
[02/25/2026-14:55:06] [I] Average on 10 runs - GPU latency: 0.101117 ms - Host latency: 0.101117 ms (enqueue 0.0777283 ms)
[02/25/2026-14:55:06] [I] Average on 10 runs - GPU latency: 0.101358 ms - Host latency: 0.101358 ms (enqueue 0.0789459 ms)
[02/25/2026-14:55:06] [I] Average on 10 runs - GPU latency: 0.101868 ms - Host latency: 0.101868 ms (enqueue 0.0783264 ms)
[02/25/2026-14:55:06] [I] Average on 10 runs - GPU latency: 0.101624 ms - Host latency: 0.101624 ms (enqueue 0.0762451 ms)
[02/25/2026-14:55:06] [I] Average on 10 runs - GPU latency: 0.101382 ms - Host latency: 0.101382 ms (enqueue 0.0772278 ms)
[02/25/2026-14:55:06] [I] Average on 10 runs - GPU latency: 0.102487 ms - Host latency: 0.102487 ms (enqueue 0.0774994 ms)
[02/25/2026-14:55:06] [I] Average on 10 runs - GPU latency: 0.101373 ms - Host latency: 0.101373 ms (enqueue 0.0792114 ms)
[02/25/2026-14:55:06] [I] Average on 10 runs - GPU latency: 0.101779 ms - Host latency: 0.101779 ms (enqueue 0.0761963 ms)
[02/25/2026-14:55:06] [I] Average on 10 runs - GPU latency: 0.101477 ms - Host latency: 0.101477 ms (enqueue 0.0778534 ms)
[02/25/2026-14:55:06] [I] Average on 10 runs - GPU latency: 0.101175 ms - Host latency: 0.101175 ms (enqueue 0.0780609 ms)
[02/25/2026-14:55:06] [I] Average on 10 runs - GPU latency: 0.102591 ms - Host latency: 0.102591 ms (enqueue 0.0780792 ms)
[02/25/2026-14:55:06] [I] Average on 10 runs - GPU latency: 0.102402 ms - Host latency: 0.102402 ms (enqueue 0.0773682 ms)
[02/25/2026-14:55:06] [I] Average on 10 runs - GPU latency: 0.101181 ms - Host latency: 0.101181 ms (enqueue 0.0760895 ms)
[02/25/2026-14:55:06] [I] Average on 10 runs - GPU latency: 0.102402 ms - Host latency: 0.102402 ms (enqueue 0.080722 ms)
[02/25/2026-14:55:06] [I] Average on 10 runs - GPU latency: 0.101447 ms - Host latency: 0.101447 ms (enqueue 0.0773437 ms)
[02/25/2026-14:55:06] [I] Average on 10 runs - GPU latency: 0.102304 ms - Host latency: 0.102304 ms (enqueue 0.0789185 ms)
[02/25/2026-14:55:06] [I] Average on 10 runs - GPU latency: 0.101532 ms - Host latency: 0.101532 ms (enqueue 0.0764343 ms)
[02/25/2026-14:55:06] [I] Average on 10 runs - GPU latency: 0.101895 ms - Host latency: 0.101895 ms (enqueue 0.0784424 ms)
[02/25/2026-14:55:06] [I] Average on 10 runs - GPU latency: 0.101013 ms - Host latency: 0.101013 ms (enqueue 0.0787079 ms)
[02/25/2026-14:55:06] [I] Average on 10 runs - GPU latency: 0.101093 ms - Host latency: 0.101093 ms (enqueue 0.0787445 ms)
[02/25/2026-14:55:06] [I] Average on 10 runs - GPU latency: 0.101581 ms - Host latency: 0.101581 ms (enqueue 0.0829529 ms)
[02/25/2026-14:55:06] [I] Average on 10 runs - GPU latency: 0.101877 ms - Host latency: 0.101877 ms (enqueue 0.0772095 ms)
[02/25/2026-14:55:06] [I] Average on 10 runs - GPU latency: 0.101526 ms - Host latency: 0.101526 ms (enqueue 0.0790588 ms)
[02/25/2026-14:55:06] [I] Average on 10 runs - GPU latency: 0.101764 ms - Host latency: 0.101764 ms (enqueue 0.0776093 ms)
[02/25/2026-14:55:06] [I] Average on 10 runs - GPU latency: 0.100879 ms - Host latency: 0.100879 ms (enqueue 0.0810425 ms)
[02/25/2026-14:55:06] [I] Average on 10 runs - GPU latency: 0.101263 ms - Host latency: 0.101263 ms (enqueue 0.0763733 ms)
[02/25/2026-14:55:06] [I] Average on 10 runs - GPU latency: 0.100983 ms - Host latency: 0.100983 ms (enqueue 0.0767303 ms)
[02/25/2026-14:55:06] [I] Average on 10 runs - GPU latency: 0.101547 ms - Host latency: 0.101547 ms (enqueue 0.0770294 ms)
[02/25/2026-14:55:06] [I] Average on 10 runs - GPU latency: 0.101666 ms - Host latency: 0.101666 ms (enqueue 0.0787567 ms)
[02/25/2026-14:55:06] [I] Average on 10 runs - GPU latency: 0.101627 ms - Host latency: 0.101627 ms (enqueue 0.0787323 ms)
[02/25/2026-14:55:06] [I] Average on 10 runs - GPU latency: 0.102551 ms - Host latency: 0.102551 ms (enqueue 0.0755707 ms)
[02/25/2026-14:55:06] [I] Average on 10 runs - GPU latency: 0.101633 ms - Host latency: 0.101633 ms (enqueue 0.0768616 ms)
[02/25/2026-14:55:06] [I] Average on 10 runs - GPU latency: 0.101053 ms - Host latency: 0.101053 ms (enqueue 0.0786285 ms)
[02/25/2026-14:55:06] [I] Average on 10 runs - GPU latency: 0.101727 ms - Host latency: 0.101727 ms (enqueue 0.0781891 ms)
[02/25/2026-14:55:06] [I] Average on 10 runs - GPU latency: 0.101715 ms - Host latency: 0.101715 ms (enqueue 0.0785156 ms)
[02/25/2026-14:55:06] [I] Average on 10 runs - GPU latency: 0.101361 ms - Host latency: 0.101361 ms (enqueue 0.0770355 ms)
[02/25/2026-14:55:06] [I] Average on 10 runs - GPU latency: 0.101773 ms - Host latency: 0.101773 ms (enqueue 0.0781738 ms)
[02/25/2026-14:55:06] [I] Average on 10 runs - GPU latency: 0.101428 ms - Host latency: 0.101428 ms (enqueue 0.0763947 ms)
[02/25/2026-14:55:06] [I] Average on 10 runs - GPU latency: 0.101657 ms - Host latency: 0.101657 ms (enqueue 0.0779907 ms)
[02/25/2026-14:55:06] [I] Average on 10 runs - GPU latency: 0.101709 ms - Host latency: 0.101709 ms (enqueue 0.0775696 ms)
[02/25/2026-14:55:06] [I] Average on 10 runs - GPU latency: 0.101685 ms - Host latency: 0.101685 ms (enqueue 0.0787476 ms)
[02/25/2026-14:55:06] [I] Average on 10 runs - GPU latency: 0.101044 ms - Host latency: 0.101044 ms (enqueue 0.0800293 ms)
[02/25/2026-14:55:06] [I] Average on 10 runs - GPU latency: 0.102124 ms - Host latency: 0.102124 ms (enqueue 0.0772095 ms)
[02/25/2026-14:55:06] [I] Average on 10 runs - GPU latency: 0.100793 ms - Host latency: 0.100793 ms (enqueue 0.0789734 ms)
[02/25/2026-14:55:06] [I] Average on 10 runs - GPU latency: 0.101953 ms - Host latency: 0.101953 ms (enqueue 0.0798401 ms)
[02/25/2026-14:55:06] [I] Average on 10 runs - GPU latency: 0.100983 ms - Host latency: 0.100983 ms (enqueue 0.0775513 ms)
[02/25/2026-14:55:06] [I] Average on 10 runs - GPU latency: 0.101367 ms - Host latency: 0.101367 ms (enqueue 0.0794128 ms)
[02/25/2026-14:55:06] [I] Average on 10 runs - GPU latency: 0.100684 ms - Host latency: 0.100684 ms (enqueue 0.0766541 ms)
[02/25/2026-14:55:06] [I] Average on 10 runs - GPU latency: 0.10174 ms - Host latency: 0.10174 ms (enqueue 0.0809143 ms)
[02/25/2026-14:55:06] [I] Average on 10 runs - GPU latency: 0.101569 ms - Host latency: 0.101569 ms (enqueue 0.0765259 ms)
[02/25/2026-14:55:06] [I] Average on 10 runs - GPU latency: 0.101099 ms - Host latency: 0.101099 ms (enqueue 0.0801392 ms)
[02/25/2026-14:55:06] [I] Average on 10 runs - GPU latency: 0.100885 ms - Host latency: 0.100885 ms (enqueue 0.0771729 ms)
[02/25/2026-14:55:06] [I] Average on 10 runs - GPU latency: 0.102448 ms - Host latency: 0.102448 ms (enqueue 0.0765808 ms)
[02/25/2026-14:55:06] [I] Average on 10 runs - GPU latency: 0.101624 ms - Host latency: 0.101624 ms (enqueue 0.0773254 ms)
[02/25/2026-14:55:06] [I] Average on 10 runs - GPU latency: 0.102124 ms - Host latency: 0.102124 ms (enqueue 0.0774963 ms)
[02/25/2026-14:55:06] [I] Average on 10 runs - GPU latency: 0.101239 ms - Host latency: 0.101239 ms (enqueue 0.0804565 ms)
[02/25/2026-14:55:06] [I] Average on 10 runs - GPU latency: 0.101111 ms - Host latency: 0.101111 ms (enqueue 0.0773315 ms)
[02/25/2026-14:55:06] [I] Average on 10 runs - GPU latency: 0.102429 ms - Host latency: 0.102429 ms (enqueue 0.0767212 ms)
[02/25/2026-14:55:06] [I] Average on 10 runs - GPU latency: 0.100977 ms - Host latency: 0.100977 ms (enqueue 0.0779175 ms)
[02/25/2026-14:55:06] [I] Average on 10 runs - GPU latency: 0.10155 ms - Host latency: 0.10155 ms (enqueue 0.0814209 ms)
[02/25/2026-14:55:06] [I] Average on 10 runs - GPU latency: 0.101569 ms - Host latency: 0.101569 ms (enqueue 0.0785339 ms)
[02/25/2026-14:55:06] [I] Average on 10 runs - GPU latency: 0.101483 ms - Host latency: 0.101483 ms (enqueue 0.0784119 ms)
[02/25/2026-14:55:06] [I] Average on 10 runs - GPU latency: 0.101862 ms - Host latency: 0.101862 ms (enqueue 0.0773987 ms)
[02/25/2026-14:55:06] [I] Average on 10 runs - GPU latency: 0.102399 ms - Host latency: 0.102399 ms (enqueue 0.0799255 ms)
[02/25/2026-14:55:06] [I] Average on 10 runs - GPU latency: 0.101825 ms - Host latency: 0.101825 ms (enqueue 0.0783447 ms)
[02/25/2026-14:55:06] [I] Average on 10 runs - GPU latency: 0.100812 ms - Host latency: 0.100812 ms (enqueue 0.0759766 ms)
[02/25/2026-14:55:06] [I] Average on 10 runs - GPU latency: 0.102289 ms - Host latency: 0.102289 ms (enqueue 0.0785583 ms)
[02/25/2026-14:55:06] [I] Average on 10 runs - GPU latency: 0.10097 ms - Host latency: 0.10097 ms (enqueue 0.0803101 ms)
[02/25/2026-14:55:06] [I] Average on 10 runs - GPU latency: 0.102252 ms - Host latency: 0.102252 ms (enqueue 0.0758362 ms)
[02/25/2026-14:55:06] [I] Average on 10 runs - GPU latency: 0.101752 ms - Host latency: 0.101752 ms (enqueue 0.0783752 ms)
[02/25/2026-14:55:06] [I] Average on 10 runs - GPU latency: 0.101965 ms - Host latency: 0.101965 ms (enqueue 0.0789063 ms)
[02/25/2026-14:55:06] [I] Average on 10 runs - GPU latency: 0.102124 ms - Host latency: 0.102124 ms (enqueue 0.0796631 ms)
[02/25/2026-14:55:06] [I] Average on 10 runs - GPU latency: 0.101953 ms - Host latency: 0.101953 ms (enqueue 0.0781067 ms)
[02/25/2026-14:55:06] [I] Average on 10 runs - GPU latency: 0.101013 ms - Host latency: 0.101013 ms (enqueue 0.0807129 ms)
[02/25/2026-14:55:06] [I] Average on 10 runs - GPU latency: 0.100989 ms - Host latency: 0.100989 ms (enqueue 0.0760315 ms)
[02/25/2026-14:55:06] [I] Average on 10 runs - GPU latency: 0.102179 ms - Host latency: 0.102179 ms (enqueue 0.0808899 ms)
[02/25/2026-14:55:06] [I] Average on 10 runs - GPU latency: 0.101544 ms - Host latency: 0.101544 ms (enqueue 0.0763855 ms)
[02/25/2026-14:55:06] [I] Average on 10 runs - GPU latency: 0.101837 ms - Host latency: 0.101837 ms (enqueue 0.0780151 ms)
[02/25/2026-14:55:06] [I] Average on 10 runs - GPU latency: 0.101483 ms - Host latency: 0.101483 ms (enqueue 0.0808594 ms)
[02/25/2026-14:55:06] [I] Average on 10 runs - GPU latency: 0.101105 ms - Host latency: 0.101105 ms (enqueue 0.0769653 ms)
[02/25/2026-14:55:06] [I] Average on 10 runs - GPU latency: 0.101447 ms - Host latency: 0.101447 ms (enqueue 0.0774658 ms)
[02/25/2026-14:55:06] [I] Average on 10 runs - GPU latency: 0.101587 ms - Host latency: 0.101587 ms (enqueue 0.0775391 ms)
[02/25/2026-14:55:06] [I] Average on 10 runs - GPU latency: 0.101733 ms - Host latency: 0.101733 ms (enqueue 0.0782166 ms)
[02/25/2026-14:55:06] [I] Average on 10 runs - GPU latency: 0.102026 ms - Host latency: 0.102026 ms (enqueue 0.0779602 ms)
[02/25/2026-14:55:06] [I] Average on 10 runs - GPU latency: 0.100665 ms - Host latency: 0.100665 ms (enqueue 0.0786133 ms)
[02/25/2026-14:55:06] [I] Average on 10 runs - GPU latency: 0.102032 ms - Host latency: 0.102032 ms (enqueue 0.0765869 ms)
[02/25/2026-14:55:06] [I] Average on 10 runs - GPU latency: 0.101495 ms - Host latency: 0.101495 ms (enqueue 0.0810486 ms)
[02/25/2026-14:55:06] [I] Average on 10 runs - GPU latency: 0.101935 ms - Host latency: 0.101935 ms (enqueue 0.0770508 ms)
[02/25/2026-14:55:06] [I] Average on 10 runs - GPU latency: 0.101666 ms - Host latency: 0.101666 ms (enqueue 0.0782227 ms)
[02/25/2026-14:55:06] [I] Average on 10 runs - GPU latency: 0.101349 ms - Host latency: 0.101349 ms (enqueue 0.0776855 ms)
[02/25/2026-14:55:06] [I] Average on 10 runs - GPU latency: 0.101019 ms - Host latency: 0.101019 ms (enqueue 0.0802063 ms)
[02/25/2026-14:55:06] [I] Average on 10 runs - GPU latency: 0.101208 ms - Host latency: 0.101208 ms (enqueue 0.0773987 ms)
[02/25/2026-14:55:06] [I] Average on 10 runs - GPU latency: 0.101672 ms - Host latency: 0.101672 ms (enqueue 0.0772339 ms)
[02/25/2026-14:55:06] [I] Average on 10 runs - GPU latency: 0.101349 ms - Host latency: 0.101349 ms (enqueue 0.0794495 ms)
[02/25/2026-14:55:06] [I] Average on 10 runs - GPU latency: 0.101514 ms - Host latency: 0.101514 ms (enqueue 0.0797974 ms)
[02/25/2026-14:55:06] [I] Average on 10 runs - GPU latency: 0.101184 ms - Host latency: 0.101184 ms (enqueue 0.0770752 ms)
[02/25/2026-14:55:06] [I] Average on 10 runs - GPU latency: 0.101691 ms - Host latency: 0.101691 ms (enqueue 0.0792908 ms)
[02/25/2026-14:55:06] [I] Average on 10 runs - GPU latency: 0.101733 ms - Host latency: 0.101733 ms (enqueue 0.0763489 ms)
[02/25/2026-14:55:06] [I] Average on 10 runs - GPU latency: 0.101752 ms - Host latency: 0.101752 ms (enqueue 0.0797607 ms)
[02/25/2026-14:55:06] [I] Average on 10 runs - GPU latency: 0.102222 ms - Host latency: 0.102222 ms (enqueue 0.0779663 ms)
[02/25/2026-14:55:06] [I] Average on 10 runs - GPU latency: 0.101471 ms - Host latency: 0.101471 ms (enqueue 0.0781311 ms)
[02/25/2026-14:55:06] [I] Average on 10 runs - GPU latency: 0.101318 ms - Host latency: 0.101318 ms (enqueue 0.0775146 ms)
[02/25/2026-14:55:06] [I] Average on 10 runs - GPU latency: 0.101434 ms - Host latency: 0.101434 ms (enqueue 0.0790466 ms)
[02/25/2026-14:55:06] [I] Average on 10 runs - GPU latency: 0.10166 ms - Host latency: 0.10166 ms (enqueue 0.078894 ms)
[02/25/2026-14:55:06] [I] Average on 10 runs - GPU latency: 0.101495 ms - Host latency: 0.101495 ms (enqueue 0.0762695 ms)
[02/25/2026-14:55:06] [I] Average on 10 runs - GPU latency: 0.101654 ms - Host latency: 0.101654 ms (enqueue 0.0773071 ms)
[02/25/2026-14:55:06] [I] Average on 10 runs - GPU latency: 0.101825 ms - Host latency: 0.101825 ms (enqueue 0.0779419 ms)
[02/25/2026-14:55:06] [I] Average on 10 runs - GPU latency: 0.101294 ms - Host latency: 0.101294 ms (enqueue 0.0771301 ms)
[02/25/2026-14:55:06] [I] Average on 10 runs - GPU latency: 0.101355 ms - Host latency: 0.101355 ms (enqueue 0.0767029 ms)
[02/25/2026-14:55:06] [I] Average on 10 runs - GPU latency: 0.101093 ms - Host latency: 0.101093 ms (enqueue 0.0794006 ms)
[02/25/2026-14:55:06] [I] Average on 10 runs - GPU latency: 0.101727 ms - Host latency: 0.101727 ms (enqueue 0.0783875 ms)
[02/25/2026-14:55:06] [I] Average on 10 runs - GPU latency: 0.101575 ms - Host latency: 0.101575 ms (enqueue 0.0777893 ms)
[02/25/2026-14:55:06] [I] Average on 10 runs - GPU latency: 0.102045 ms - Host latency: 0.102045 ms (enqueue 0.0784119 ms)
[02/25/2026-14:55:06] [I] Average on 10 runs - GPU latency: 0.101514 ms - Host latency: 0.101514 ms (enqueue 0.078363 ms)
[02/25/2026-14:55:06] [I] Average on 10 runs - GPU latency: 0.101947 ms - Host latency: 0.101947 ms (enqueue 0.0777527 ms)
[02/25/2026-14:55:06] [I] Average on 10 runs - GPU latency: 0.102283 ms - Host latency: 0.102283 ms (enqueue 0.0782715 ms)
[02/25/2026-14:55:06] [I] Average on 10 runs - GPU latency: 0.102325 ms - Host latency: 0.102325 ms (enqueue 0.077417 ms)
[02/25/2026-14:55:06] [I] Average on 10 runs - GPU latency: 0.101971 ms - Host latency: 0.101971 ms (enqueue 0.0791138 ms)
[02/25/2026-14:55:06] [I] Average on 10 runs - GPU latency: 0.100739 ms - Host latency: 0.100739 ms (enqueue 0.0777222 ms)
[02/25/2026-14:55:06] [I] Average on 10 runs - GPU latency: 0.101166 ms - Host latency: 0.101166 ms (enqueue 0.0780273 ms)
[02/25/2026-14:55:06] [I] Average on 10 runs - GPU latency: 0.10144 ms - Host latency: 0.10144 ms (enqueue 0.076416 ms)
[02/25/2026-14:55:06] [I] Average on 10 runs - GPU latency: 0.101733 ms - Host latency: 0.101733 ms (enqueue 0.0801819 ms)
[02/25/2026-14:55:06] [I] Average on 10 runs - GPU latency: 0.101062 ms - Host latency: 0.101062 ms (enqueue 0.0792114 ms)
[02/25/2026-14:55:06] [I] Average on 10 runs - GPU latency: 0.102405 ms - Host latency: 0.102405 ms (enqueue 0.0780823 ms)
[02/25/2026-14:55:06] [I] Average on 10 runs - GPU latency: 0.100629 ms - Host latency: 0.100629 ms (enqueue 0.0783386 ms)
[02/25/2026-14:55:06] [I] Average on 10 runs - GPU latency: 0.101489 ms - Host latency: 0.101489 ms (enqueue 0.0780945 ms)
[02/25/2026-14:55:06] [I] Average on 10 runs - GPU latency: 0.100848 ms - Host latency: 0.100848 ms (enqueue 0.078833 ms)
[02/25/2026-14:55:06] [I] Average on 10 runs - GPU latency: 0.101733 ms - Host latency: 0.101733 ms (enqueue 0.0783142 ms)
[02/25/2026-14:55:06] [I] Average on 10 runs - GPU latency: 0.101691 ms - Host latency: 0.101691 ms (enqueue 0.0757324 ms)
[02/25/2026-14:55:06] [I] Average on 10 runs - GPU latency: 0.101758 ms - Host latency: 0.101758 ms (enqueue 0.0768677 ms)
[02/25/2026-14:55:06] [I] Average on 10 runs - GPU latency: 0.102588 ms - Host latency: 0.102588 ms (enqueue 0.0788696 ms)
[02/25/2026-14:55:06] [I] Average on 10 runs - GPU latency: 0.101276 ms - Host latency: 0.101276 ms (enqueue 0.0783997 ms)
[02/25/2026-14:55:06] [I] Average on 10 runs - GPU latency: 0.10155 ms - Host latency: 0.10155 ms (enqueue 0.0782227 ms)
[02/25/2026-14:55:06] [I] Average on 10 runs - GPU latency: 0.101697 ms - Host latency: 0.101697 ms (enqueue 0.0784607 ms)
[02/25/2026-14:55:06] [I] Average on 10 runs - GPU latency: 0.102295 ms - Host latency: 0.102295 ms (enqueue 0.0764221 ms)
[02/25/2026-14:55:06] [I] Average on 10 runs - GPU latency: 0.101898 ms - Host latency: 0.101898 ms (enqueue 0.0772583 ms)
[02/25/2026-14:55:06] [I] Average on 10 runs - GPU latency: 0.101117 ms - Host latency: 0.101117 ms (enqueue 0.0820557 ms)
[02/25/2026-14:55:06] [I] Average on 10 runs - GPU latency: 0.101184 ms - Host latency: 0.101184 ms (enqueue 0.0769226 ms)
[02/25/2026-14:55:06] [I] Average on 10 runs - GPU latency: 0.10155 ms - Host latency: 0.10155 ms (enqueue 0.0771729 ms)
[02/25/2026-14:55:06] [I] Average on 10 runs - GPU latency: 0.101532 ms - Host latency: 0.101532 ms (enqueue 0.0769958 ms)
[02/25/2026-14:55:06] [I] Average on 10 runs - GPU latency: 0.101898 ms - Host latency: 0.101898 ms (enqueue 0.0781311 ms)
[02/25/2026-14:55:06] [I] Average on 10 runs - GPU latency: 0.101337 ms - Host latency: 0.101337 ms (enqueue 0.0781067 ms)
[02/25/2026-14:55:06] [I] Average on 10 runs - GPU latency: 0.101575 ms - Host latency: 0.101575 ms (enqueue 0.0776184 ms)
[02/25/2026-14:55:06] [I] Average on 10 runs - GPU latency: 0.101074 ms - Host latency: 0.101074 ms (enqueue 0.0767517 ms)
[02/25/2026-14:55:06] [I] Average on 10 runs - GPU latency: 0.101385 ms - Host latency: 0.101385 ms (enqueue 0.0807678 ms)
[02/25/2026-14:55:06] [I] Average on 10 runs - GPU latency: 0.101825 ms - Host latency: 0.101825 ms (enqueue 0.0780273 ms)
[02/25/2026-14:55:06] [I] Average on 10 runs - GPU latency: 0.101562 ms - Host latency: 0.101562 ms (enqueue 0.0781433 ms)
[02/25/2026-14:55:06] [I] Average on 10 runs - GPU latency: 0.101501 ms - Host latency: 0.101501 ms (enqueue 0.077948 ms)
[02/25/2026-14:55:06] [I] Average on 10 runs - GPU latency: 0.10105 ms - Host latency: 0.10105 ms (enqueue 0.079071 ms)
[02/25/2026-14:55:06] [I] Average on 10 runs - GPU latency: 0.102075 ms - Host latency: 0.102075 ms (enqueue 0.076709 ms)
[02/25/2026-14:55:06] [I] Average on 10 runs - GPU latency: 0.10155 ms - Host latency: 0.10155 ms (enqueue 0.077356 ms)
[02/25/2026-14:55:06] [I] Average on 10 runs - GPU latency: 0.101575 ms - Host latency: 0.101575 ms (enqueue 0.0773376 ms)
[02/25/2026-14:55:06] [I] Average on 10 runs - GPU latency: 0.100677 ms - Host latency: 0.100677 ms (enqueue 0.0773926 ms)
[02/25/2026-14:55:06] [I] Average on 10 runs - GPU latency: 0.101624 ms - Host latency: 0.101624 ms (enqueue 0.0759766 ms)
[02/25/2026-14:55:06] [I] Average on 10 runs - GPU latency: 0.101221 ms - Host latency: 0.101221 ms (enqueue 0.0775146 ms)
[02/25/2026-14:55:06] [I] Average on 10 runs - GPU latency: 0.102063 ms - Host latency: 0.102063 ms (enqueue 0.0771545 ms)
[02/25/2026-14:55:06] [I] Average on 10 runs - GPU latency: 0.101062 ms - Host latency: 0.101062 ms (enqueue 0.0781616 ms)
[02/25/2026-14:55:06] [I] Average on 10 runs - GPU latency: 0.10235 ms - Host latency: 0.10235 ms (enqueue 0.0778442 ms)
[02/25/2026-14:55:06] [I] Average on 10 runs - GPU latency: 0.102136 ms - Host latency: 0.102136 ms (enqueue 0.0797974 ms)
[02/25/2026-14:55:06] [I] Average on 10 runs - GPU latency: 0.101465 ms - Host latency: 0.101465 ms (enqueue 0.0760376 ms)
[02/25/2026-14:55:06] [I] Average on 10 runs - GPU latency: 0.101501 ms - Host latency: 0.101501 ms (enqueue 0.0804138 ms)
[02/25/2026-14:55:06] [I] Average on 10 runs - GPU latency: 0.101428 ms - Host latency: 0.101428 ms (enqueue 0.0777344 ms)
[02/25/2026-14:55:06] [I] Average on 10 runs - GPU latency: 0.1021 ms - Host latency: 0.1021 ms (enqueue 0.0773682 ms)
[02/25/2026-14:55:06] [I] Average on 10 runs - GPU latency: 0.101495 ms - Host latency: 0.101495 ms (enqueue 0.0806519 ms)
[02/25/2026-14:55:06] [I] Average on 10 runs - GPU latency: 0.102167 ms - Host latency: 0.102167 ms (enqueue 0.0775635 ms)
[02/25/2026-14:55:06] [I] Average on 10 runs - GPU latency: 0.102429 ms - Host latency: 0.102429 ms (enqueue 0.0786255 ms)
[02/25/2026-14:55:06] [I] Average on 10 runs - GPU latency: 0.101611 ms - Host latency: 0.101611 ms (enqueue 0.0771362 ms)
[02/25/2026-14:55:06] [I] Average on 10 runs - GPU latency: 0.100934 ms - Host latency: 0.100934 ms (enqueue 0.0797974 ms)
[02/25/2026-14:55:06] [I] Average on 10 runs - GPU latency: 0.100934 ms - Host latency: 0.100934 ms (enqueue 0.0778503 ms)
[02/25/2026-14:55:06] [I] Average on 10 runs - GPU latency: 0.101343 ms - Host latency: 0.101343 ms (enqueue 0.078418 ms)
[02/25/2026-14:55:06] [I] Average on 10 runs - GPU latency: 0.10224 ms - Host latency: 0.10224 ms (enqueue 0.0788696 ms)
[02/25/2026-14:55:06] [I] Average on 10 runs - GPU latency: 0.101343 ms - Host latency: 0.101343 ms (enqueue 0.0779053 ms)
[02/25/2026-14:55:06] [I] Average on 10 runs - GPU latency: 0.101398 ms - Host latency: 0.101398 ms (enqueue 0.0774536 ms)
[02/25/2026-14:55:06] [I] Average on 10 runs - GPU latency: 0.102386 ms - Host latency: 0.102386 ms (enqueue 0.0765991 ms)
[02/25/2026-14:55:06] [I] Average on 10 runs - GPU latency: 0.101025 ms - Host latency: 0.101025 ms (enqueue 0.077533 ms)
[02/25/2026-14:55:06] [I] Average on 10 runs - GPU latency: 0.101062 ms - Host latency: 0.101062 ms (enqueue 0.080072 ms)
[02/25/2026-14:55:06] [I] Average on 10 runs - GPU latency: 0.101105 ms - Host latency: 0.101105 ms (enqueue 0.0771729 ms)
[02/25/2026-14:55:06] [I] Average on 10 runs - GPU latency: 0.101349 ms - Host latency: 0.101349 ms (enqueue 0.077948 ms)
[02/25/2026-14:55:06] [I] Average on 10 runs - GPU latency: 0.101099 ms - Host latency: 0.101099 ms (enqueue 0.0790527 ms)
[02/25/2026-14:55:06] [I] Average on 10 runs - GPU latency: 0.101923 ms - Host latency: 0.101923 ms (enqueue 0.0786987 ms)
[02/25/2026-14:55:06] [I] Average on 10 runs - GPU latency: 0.101678 ms - Host latency: 0.101678 ms (enqueue 0.0767944 ms)
[02/25/2026-14:55:06] [I] Average on 10 runs - GPU latency: 0.102063 ms - Host latency: 0.102063 ms (enqueue 0.0766235 ms)
[02/25/2026-14:55:06] [I] Average on 10 runs - GPU latency: 0.102039 ms - Host latency: 0.102039 ms (enqueue 0.0767029 ms)
[02/25/2026-14:55:06] [I] Average on 10 runs - GPU latency: 0.101166 ms - Host latency: 0.101166 ms (enqueue 0.0839478 ms)
[02/25/2026-14:55:06] [I] Average on 10 runs - GPU latency: 0.100909 ms - Host latency: 0.100909 ms (enqueue 0.0775085 ms)
[02/25/2026-14:55:06] [I] Average on 10 runs - GPU latency: 0.101727 ms - Host latency: 0.101727 ms (enqueue 0.0776367 ms)
[02/25/2026-14:55:06] [I] Average on 10 runs - GPU latency: 0.101837 ms - Host latency: 0.101837 ms (enqueue 0.0786316 ms)
[02/25/2026-14:55:06] [I] Average on 10 runs - GPU latency: 0.101343 ms - Host latency: 0.101343 ms (enqueue 0.0790955 ms)
[02/25/2026-14:55:06] [I] Average on 10 runs - GPU latency: 0.101465 ms - Host latency: 0.101465 ms (enqueue 0.0795532 ms)
[02/25/2026-14:55:06] [I] Average on 10 runs - GPU latency: 0.101196 ms - Host latency: 0.101196 ms (enqueue 0.0781006 ms)
[02/25/2026-14:55:06] [I] Average on 10 runs - GPU latency: 0.102313 ms - Host latency: 0.102313 ms (enqueue 0.0775452 ms)
[02/25/2026-14:55:06] [I] Average on 10 runs - GPU latency: 0.101013 ms - Host latency: 0.101013 ms (enqueue 0.0805664 ms)
[02/25/2026-14:55:06] [I] Average on 10 runs - GPU latency: 0.101715 ms - Host latency: 0.101715 ms (enqueue 0.0777039 ms)
[02/25/2026-14:55:06] [I] Average on 10 runs - GPU latency: 0.100684 ms - Host latency: 0.100684 ms (enqueue 0.0768738 ms)
[02/25/2026-14:55:06] [I] Average on 10 runs - GPU latency: 0.101996 ms - Host latency: 0.101996 ms (enqueue 0.0808655 ms)
[02/25/2026-14:55:06] [I] Average on 10 runs - GPU latency: 0.101508 ms - Host latency: 0.101508 ms (enqueue 0.0805664 ms)
[02/25/2026-14:55:06] [I] Average on 10 runs - GPU latency: 0.101898 ms - Host latency: 0.101898 ms (enqueue 0.0766541 ms)
[02/25/2026-14:55:06] [I] Average on 10 runs - GPU latency: 0.101813 ms - Host latency: 0.101813 ms (enqueue 0.0760437 ms)
[02/25/2026-14:55:06] [I] Average on 10 runs - GPU latency: 0.10116 ms - Host latency: 0.10116 ms (enqueue 0.0761414 ms)
[02/25/2026-14:55:06] [I] Average on 10 runs - GPU latency: 0.100964 ms - Host latency: 0.100964 ms (enqueue 0.0770752 ms)
[02/25/2026-14:55:06] [I] Average on 10 runs - GPU latency: 0.101434 ms - Host latency: 0.101434 ms (enqueue 0.0764038 ms)
[02/25/2026-14:55:06] [I] Average on 10 runs - GPU latency: 0.1013 ms - Host latency: 0.1013 ms (enqueue 0.0779358 ms)
[02/25/2026-14:55:06] [I] Average on 10 runs - GPU latency: 0.102173 ms - Host latency: 0.102173 ms (enqueue 0.0782288 ms)
[02/25/2026-14:55:06] [I] Average on 10 runs - GPU latency: 0.101807 ms - Host latency: 0.101807 ms (enqueue 0.0765015 ms)
[02/25/2026-14:55:06] [I] Average on 10 runs - GPU latency: 0.101398 ms - Host latency: 0.101398 ms (enqueue 0.0768494 ms)
[02/25/2026-14:55:06] [I] Average on 10 runs - GPU latency: 0.101074 ms - Host latency: 0.101074 ms (enqueue 0.0781982 ms)
[02/25/2026-14:55:06] [I] Average on 10 runs - GPU latency: 0.101624 ms - Host latency: 0.101624 ms (enqueue 0.0788147 ms)
[02/25/2026-14:55:06] [I] Average on 10 runs - GPU latency: 0.101624 ms - Host latency: 0.101624 ms (enqueue 0.0764099 ms)
[02/25/2026-14:55:06] [I] Average on 10 runs - GPU latency: 0.10166 ms - Host latency: 0.10166 ms (enqueue 0.0782959 ms)
[02/25/2026-14:55:06] [I] Average on 10 runs - GPU latency: 0.101715 ms - Host latency: 0.101715 ms (enqueue 0.076355 ms)
[02/25/2026-14:55:06] [I] Average on 10 runs - GPU latency: 0.101709 ms - Host latency: 0.101709 ms (enqueue 0.0783325 ms)
[02/25/2026-14:55:06] [I] Average on 10 runs - GPU latency: 0.101788 ms - Host latency: 0.101788 ms (enqueue 0.0771912 ms)
[02/25/2026-14:55:06] [I] Average on 10 runs - GPU latency: 0.101654 ms - Host latency: 0.101654 ms (enqueue 0.0782349 ms)
[02/25/2026-14:55:06] [I] Average on 10 runs - GPU latency: 0.101923 ms - Host latency: 0.101923 ms (enqueue 0.0765381 ms)
[02/25/2026-14:55:06] [I] Average on 10 runs - GPU latency: 0.101501 ms - Host latency: 0.101501 ms (enqueue 0.0807251 ms)
[02/25/2026-14:55:06] [I] Average on 10 runs - GPU latency: 0.101648 ms - Host latency: 0.101648 ms (enqueue 0.0775269 ms)
[02/25/2026-14:55:06] [I] Average on 10 runs - GPU latency: 0.101056 ms - Host latency: 0.101056 ms (enqueue 0.0802185 ms)
[02/25/2026-14:55:06] [I] Average on 10 runs - GPU latency: 0.101404 ms - Host latency: 0.101404 ms (enqueue 0.0754578 ms)
[02/25/2026-14:55:06] [I] Average on 10 runs - GPU latency: 0.101019 ms - Host latency: 0.101019 ms (enqueue 0.0793457 ms)
[02/25/2026-14:55:06] [I] Average on 10 runs - GPU latency: 0.102045 ms - Host latency: 0.102045 ms (enqueue 0.0768005 ms)
[02/25/2026-14:55:06] [I] Average on 10 runs - GPU latency: 0.101379 ms - Host latency: 0.101379 ms (enqueue 0.077478 ms)
[02/25/2026-14:55:06] [I] Average on 10 runs - GPU latency: 0.10174 ms - Host latency: 0.10174 ms (enqueue 0.0772034 ms)
[02/25/2026-14:55:06] [I] Average on 10 runs - GPU latency: 0.101221 ms - Host latency: 0.101221 ms (enqueue 0.0794922 ms)
[02/25/2026-14:55:06] [I] Average on 10 runs - GPU latency: 0.103168 ms - Host latency: 0.103168 ms (enqueue 0.0766357 ms)
[02/25/2026-14:55:06] [I] Average on 10 runs - GPU latency: 0.101697 ms - Host latency: 0.101697 ms (enqueue 0.0784973 ms)
[02/25/2026-14:55:06] [I] Average on 10 runs - GPU latency: 0.101654 ms - Host latency: 0.101654 ms (enqueue 0.081311 ms)
[02/25/2026-14:55:06] [I] Average on 10 runs - GPU latency: 0.101691 ms - Host latency: 0.101691 ms (enqueue 0.0772278 ms)
[02/25/2026-14:55:06] [I] Average on 10 runs - GPU latency: 0.102405 ms - Host latency: 0.102405 ms (enqueue 0.0781128 ms)
[02/25/2026-14:55:06] [I] Average on 10 runs - GPU latency: 0.101318 ms - Host latency: 0.101318 ms (enqueue 0.0781311 ms)
[02/25/2026-14:55:06] [I] Average on 10 runs - GPU latency: 0.101508 ms - Host latency: 0.101508 ms (enqueue 0.0800903 ms)
[02/25/2026-14:55:06] [I] Average on 10 runs - GPU latency: 0.101581 ms - Host latency: 0.101581 ms (enqueue 0.0785522 ms)
[02/25/2026-14:55:06] [I] Average on 10 runs - GPU latency: 0.100928 ms - Host latency: 0.100928 ms (enqueue 0.079602 ms)
[02/25/2026-14:55:06] [I] Average on 10 runs - GPU latency: 0.100916 ms - Host latency: 0.100916 ms (enqueue 0.0777771 ms)
[02/25/2026-14:55:06] [I] Average on 10 runs - GPU latency: 0.102905 ms - Host latency: 0.102905 ms (enqueue 0.0779358 ms)
[02/25/2026-14:55:06] [I] Average on 10 runs - GPU latency: 0.10213 ms - Host latency: 0.10213 ms (enqueue 0.0788086 ms)
[02/25/2026-14:55:06] [I] Average on 10 runs - GPU latency: 0.101373 ms - Host latency: 0.101373 ms (enqueue 0.0773071 ms)
[02/25/2026-14:55:06] [I] Average on 10 runs - GPU latency: 0.101257 ms - Host latency: 0.101257 ms (enqueue 0.0794495 ms)
[02/25/2026-14:55:06] [I] Average on 10 runs - GPU latency: 0.102704 ms - Host latency: 0.102704 ms (enqueue 0.0802063 ms)
[02/25/2026-14:55:06] [I] Average on 10 runs - GPU latency: 0.100842 ms - Host latency: 0.100842 ms (enqueue 0.0778137 ms)
[02/25/2026-14:55:06] [I] Average on 10 runs - GPU latency: 0.101141 ms - Host latency: 0.101141 ms (enqueue 0.078717 ms)
[02/25/2026-14:55:06] [I] Average on 10 runs - GPU latency: 0.102167 ms - Host latency: 0.102167 ms (enqueue 0.0768982 ms)
[02/25/2026-14:55:06] [I] Average on 10 runs - GPU latency: 0.101489 ms - Host latency: 0.101489 ms (enqueue 0.0788086 ms)
[02/25/2026-14:55:06] [I] Average on 10 runs - GPU latency: 0.101886 ms - Host latency: 0.101886 ms (enqueue 0.0771851 ms)
[02/25/2026-14:55:06] [I] Average on 10 runs - GPU latency: 0.102264 ms - Host latency: 0.102264 ms (enqueue 0.0779358 ms)
[02/25/2026-14:55:06] [I] Average on 10 runs - GPU latency: 0.102374 ms - Host latency: 0.102374 ms (enqueue 0.0771423 ms)
[02/25/2026-14:55:06] [I] Average on 10 runs - GPU latency: 0.100745 ms - Host latency: 0.100745 ms (enqueue 0.07901 ms)
[02/25/2026-14:55:06] [I] Average on 10 runs - GPU latency: 0.102478 ms - Host latency: 0.102478 ms (enqueue 0.0760925 ms)
[02/25/2026-14:55:06] [I] Average on 10 runs - GPU latency: 0.10127 ms - Host latency: 0.10127 ms (enqueue 0.0777588 ms)
[02/25/2026-14:55:06] [I] Average on 10 runs - GPU latency: 0.100702 ms - Host latency: 0.100702 ms (enqueue 0.0765381 ms)
[02/25/2026-14:55:06] [I] Average on 10 runs - GPU latency: 0.101752 ms - Host latency: 0.101752 ms (enqueue 0.0795166 ms)
[02/25/2026-14:55:06] [I] Average on 10 runs - GPU latency: 0.102289 ms - Host latency: 0.102289 ms (enqueue 0.0768005 ms)
[02/25/2026-14:55:06] [I] Average on 10 runs - GPU latency: 0.100818 ms - Host latency: 0.100818 ms (enqueue 0.0771851 ms)
[02/25/2026-14:55:06] [I] Average on 10 runs - GPU latency: 0.101978 ms - Host latency: 0.101978 ms (enqueue 0.0823914 ms)
[02/25/2026-14:55:06] [I] Average on 10 runs - GPU latency: 0.102332 ms - Host latency: 0.102332 ms (enqueue 0.0775024 ms)
[02/25/2026-14:55:06] [I] Average on 10 runs - GPU latency: 0.101477 ms - Host latency: 0.101477 ms (enqueue 0.076709 ms)
[02/25/2026-14:55:06] [I] Average on 10 runs - GPU latency: 0.101855 ms - Host latency: 0.101855 ms (enqueue 0.0778015 ms)
[02/25/2026-14:55:06] [I] Average on 10 runs - GPU latency: 0.101532 ms - Host latency: 0.101532 ms (enqueue 0.0775208 ms)
[02/25/2026-14:55:06] [I] Average on 10 runs - GPU latency: 0.102057 ms - Host latency: 0.102057 ms (enqueue 0.0780273 ms)
[02/25/2026-14:55:06] [I] Average on 10 runs - GPU latency: 0.101611 ms - Host latency: 0.101611 ms (enqueue 0.0770569 ms)
[02/25/2026-14:55:06] [I] Average on 10 runs - GPU latency: 0.10141 ms - Host latency: 0.10141 ms (enqueue 0.0768677 ms)
[02/25/2026-14:55:06] [I] Average on 10 runs - GPU latency: 0.100848 ms - Host latency: 0.100848 ms (enqueue 0.0797424 ms)
[02/25/2026-14:55:06] [I] Average on 10 runs - GPU latency: 0.1021 ms - Host latency: 0.1021 ms (enqueue 0.0774048 ms)
[02/25/2026-14:55:06] [I] Average on 10 runs - GPU latency: 0.101807 ms - Host latency: 0.101807 ms (enqueue 0.0772278 ms)
[02/25/2026-14:55:06] [I] Average on 10 runs - GPU latency: 0.101447 ms - Host latency: 0.101447 ms (enqueue 0.0775269 ms)
[02/25/2026-14:55:06] [I] Average on 10 runs - GPU latency: 0.101038 ms - Host latency: 0.101038 ms (enqueue 0.0787598 ms)
[02/25/2026-14:55:06] [I] Average on 10 runs - GPU latency: 0.101331 ms - Host latency: 0.101331 ms (enqueue 0.0778442 ms)
[02/25/2026-14:55:06] [I] Average on 10 runs - GPU latency: 0.10152 ms - Host latency: 0.10152 ms (enqueue 0.0749756 ms)
[02/25/2026-14:55:06] [I] Average on 10 runs - GPU latency: 0.10083 ms - Host latency: 0.10083 ms (enqueue 0.0779602 ms)
[02/25/2026-14:55:06] [I] Average on 10 runs - GPU latency: 0.101422 ms - Host latency: 0.101422 ms (enqueue 0.078125 ms)
[02/25/2026-14:55:06] [I] Average on 10 runs - GPU latency: 0.101025 ms - Host latency: 0.101025 ms (enqueue 0.0772461 ms)
[02/25/2026-14:55:06] [I] Average on 10 runs - GPU latency: 0.102209 ms - Host latency: 0.102209 ms (enqueue 0.0777893 ms)
[02/25/2026-14:55:06] [I] Average on 10 runs - GPU latency: 0.100958 ms - Host latency: 0.100958 ms (enqueue 0.0760254 ms)
[02/25/2026-14:55:06] [I] Average on 10 runs - GPU latency: 0.101215 ms - Host latency: 0.101215 ms (enqueue 0.0805847 ms)
[02/25/2026-14:55:06] [I] Average on 10 runs - GPU latency: 0.10155 ms - Host latency: 0.10155 ms (enqueue 0.0776001 ms)
[02/25/2026-14:55:06] [I] Average on 10 runs - GPU latency: 0.102032 ms - Host latency: 0.102032 ms (enqueue 0.0780823 ms)
[02/25/2026-14:55:06] [I] Average on 10 runs - GPU latency: 0.101459 ms - Host latency: 0.101459 ms (enqueue 0.0768066 ms)
[02/25/2026-14:55:06] [I] Average on 10 runs - GPU latency: 0.101428 ms - Host latency: 0.101428 ms (enqueue 0.0783264 ms)
[02/25/2026-14:55:06] [I] Average on 10 runs - GPU latency: 0.102167 ms - Host latency: 0.102167 ms (enqueue 0.0776489 ms)
[02/25/2026-14:55:06] [I] Average on 10 runs - GPU latency: 0.101514 ms - Host latency: 0.101514 ms (enqueue 0.0778381 ms)
[02/25/2026-14:55:06] [I] Average on 10 runs - GPU latency: 0.1013 ms - Host latency: 0.1013 ms (enqueue 0.0780945 ms)
[02/25/2026-14:55:06] [I] Average on 10 runs - GPU latency: 0.101727 ms - Host latency: 0.101727 ms (enqueue 0.0777039 ms)
[02/25/2026-14:55:06] [I] Average on 10 runs - GPU latency: 0.101935 ms - Host latency: 0.101935 ms (enqueue 0.0777588 ms)
[02/25/2026-14:55:06] [I] Average on 10 runs - GPU latency: 0.101031 ms - Host latency: 0.101031 ms (enqueue 0.0802673 ms)
[02/25/2026-14:55:06] [I] Average on 10 runs - GPU latency: 0.100861 ms - Host latency: 0.100861 ms (enqueue 0.0807007 ms)
[02/25/2026-14:55:06] [I] Average on 10 runs - GPU latency: 0.101251 ms - Host latency: 0.101251 ms (enqueue 0.0766541 ms)
[02/25/2026-14:55:06] [I] Average on 10 runs - GPU latency: 0.102051 ms - Host latency: 0.102051 ms (enqueue 0.0764465 ms)
[02/25/2026-14:55:06] [I] Average on 10 runs - GPU latency: 0.101959 ms - Host latency: 0.101959 ms (enqueue 0.0776489 ms)
[02/25/2026-14:55:06] [I] Average on 10 runs - GPU latency: 0.100836 ms - Host latency: 0.100836 ms (enqueue 0.0802612 ms)
[02/25/2026-14:55:06] [I] Average on 10 runs - GPU latency: 0.10061 ms - Host latency: 0.10061 ms (enqueue 0.0788757 ms)
[02/25/2026-14:55:06] [I] Average on 10 runs - GPU latency: 0.101166 ms - Host latency: 0.101166 ms (enqueue 0.0788757 ms)
[02/25/2026-14:55:06] [I] Average on 10 runs - GPU latency: 0.102734 ms - Host latency: 0.102734 ms (enqueue 0.0768616 ms)
[02/25/2026-14:55:06] [I] Average on 10 runs - GPU latency: 0.100793 ms - Host latency: 0.100793 ms (enqueue 0.0768982 ms)
[02/25/2026-14:55:06] [I] Average on 10 runs - GPU latency: 0.100519 ms - Host latency: 0.100519 ms (enqueue 0.0768738 ms)
[02/25/2026-14:55:06] [I] Average on 10 runs - GPU latency: 0.10119 ms - Host latency: 0.10119 ms (enqueue 0.0770935 ms)
[02/25/2026-14:55:06] [I] Average on 10 runs - GPU latency: 0.101312 ms - Host latency: 0.101312 ms (enqueue 0.0774658 ms)
[02/25/2026-14:55:06] [I] Average on 10 runs - GPU latency: 0.100671 ms - Host latency: 0.100671 ms (enqueue 0.0799255 ms)
[02/25/2026-14:55:06] [I] Average on 10 runs - GPU latency: 0.101532 ms - Host latency: 0.101532 ms (enqueue 0.0761169 ms)
[02/25/2026-14:55:06] [I] Average on 10 runs - GPU latency: 0.101178 ms - Host latency: 0.101178 ms (enqueue 0.0770508 ms)
[02/25/2026-14:55:06] [I] Average on 10 runs - GPU latency: 0.101672 ms - Host latency: 0.101672 ms (enqueue 0.0769531 ms)
[02/25/2026-14:55:06] [I] Average on 10 runs - GPU latency: 0.101031 ms - Host latency: 0.101031 ms (enqueue 0.0798767 ms)
[02/25/2026-14:55:06] [I] Average on 10 runs - GPU latency: 0.101935 ms - Host latency: 0.101935 ms (enqueue 0.0770142 ms)
[02/25/2026-14:55:06] [I] Average on 10 runs - GPU latency: 0.102057 ms - Host latency: 0.102057 ms (enqueue 0.0776672 ms)
[02/25/2026-14:55:06] [I] Average on 10 runs - GPU latency: 0.101721 ms - Host latency: 0.101721 ms (enqueue 0.0785339 ms)
[02/25/2026-14:55:06] [I] Average on 10 runs - GPU latency: 0.101886 ms - Host latency: 0.101886 ms (enqueue 0.0773499 ms)
[02/25/2026-14:55:06] [I] Average on 10 runs - GPU latency: 0.101215 ms - Host latency: 0.101215 ms (enqueue 0.0770508 ms)
[02/25/2026-14:55:06] [I] Average on 10 runs - GPU latency: 0.100793 ms - Host latency: 0.100793 ms (enqueue 0.0769226 ms)
[02/25/2026-14:55:06] [I] Average on 10 runs - GPU latency: 0.101416 ms - Host latency: 0.101416 ms (enqueue 0.0760742 ms)
[02/25/2026-14:55:06] [I] Average on 10 runs - GPU latency: 0.101257 ms - Host latency: 0.101257 ms (enqueue 0.0799377 ms)
[02/25/2026-14:55:06] [I] Average on 10 runs - GPU latency: 0.102136 ms - Host latency: 0.102136 ms (enqueue 0.0787964 ms)
[02/25/2026-14:55:06] [I] Average on 10 runs - GPU latency: 0.102649 ms - Host latency: 0.102649 ms (enqueue 0.0772644 ms)
[02/25/2026-14:55:06] [I] Average on 10 runs - GPU latency: 0.101721 ms - Host latency: 0.101721 ms (enqueue 0.079657 ms)
[02/25/2026-14:55:06] [I] Average on 10 runs - GPU latency: 0.101392 ms - Host latency: 0.101392 ms (enqueue 0.0753967 ms)
[02/25/2026-14:55:06] [I] Average on 10 runs - GPU latency: 0.101477 ms - Host latency: 0.101477 ms (enqueue 0.0772278 ms)
[02/25/2026-14:55:06] [I] Average on 10 runs - GPU latency: 0.102179 ms - Host latency: 0.102179 ms (enqueue 0.0763977 ms)
[02/25/2026-14:55:06] [I] Average on 10 runs - GPU latency: 0.101489 ms - Host latency: 0.101489 ms (enqueue 0.0775513 ms)
[02/25/2026-14:55:06] [I] Average on 10 runs - GPU latency: 0.101788 ms - Host latency: 0.101788 ms (enqueue 0.076947 ms)
[02/25/2026-14:55:06] [I] Average on 10 runs - GPU latency: 0.10202 ms - Host latency: 0.10202 ms (enqueue 0.0765991 ms)
[02/25/2026-14:55:06] [I] Average on 10 runs - GPU latency: 0.101733 ms - Host latency: 0.101733 ms (enqueue 0.0762024 ms)
[02/25/2026-14:55:06] [I] Average on 10 runs - GPU latency: 0.101868 ms - Host latency: 0.101868 ms (enqueue 0.0791931 ms)
[02/25/2026-14:55:06] [I] Average on 10 runs - GPU latency: 0.102283 ms - Host latency: 0.102283 ms (enqueue 0.0759644 ms)
[02/25/2026-14:55:06] [I] Average on 10 runs - GPU latency: 0.102075 ms - Host latency: 0.102075 ms (enqueue 0.0770447 ms)
[02/25/2026-14:55:06] [I] Average on 10 runs - GPU latency: 0.10163 ms - Host latency: 0.10163 ms (enqueue 0.0776245 ms)
[02/25/2026-14:55:06] [I] Average on 10 runs - GPU latency: 0.101465 ms - Host latency: 0.101465 ms (enqueue 0.0768066 ms)
[02/25/2026-14:55:06] [I] Average on 10 runs - GPU latency: 0.101074 ms - Host latency: 0.101074 ms (enqueue 0.0762512 ms)
[02/25/2026-14:55:06] [I] Average on 10 runs - GPU latency: 0.100995 ms - Host latency: 0.100995 ms (enqueue 0.0770874 ms)
[02/25/2026-14:55:06] [I] Average on 10 runs - GPU latency: 0.100958 ms - Host latency: 0.100958 ms (enqueue 0.0765381 ms)
[02/25/2026-14:55:06] [I] Average on 10 runs - GPU latency: 0.101642 ms - Host latency: 0.101642 ms (enqueue 0.080188 ms)
[02/25/2026-14:55:06] [I] Average on 10 runs - GPU latency: 0.101337 ms - Host latency: 0.101337 ms (enqueue 0.0784729 ms)
[02/25/2026-14:55:06] [I] Average on 10 runs - GPU latency: 0.10119 ms - Host latency: 0.10119 ms (enqueue 0.0770874 ms)
[02/25/2026-14:55:06] [I] Average on 10 runs - GPU latency: 0.101971 ms - Host latency: 0.101971 ms (enqueue 0.0764771 ms)
[02/25/2026-14:55:06] [I] Average on 10 runs - GPU latency: 0.101373 ms - Host latency: 0.101373 ms (enqueue 0.0797241 ms)
[02/25/2026-14:55:06] [I] Average on 10 runs - GPU latency: 0.102026 ms - Host latency: 0.102026 ms (enqueue 0.0765381 ms)
[02/25/2026-14:55:06] [I] Average on 10 runs - GPU latency: 0.101117 ms - Host latency: 0.101117 ms (enqueue 0.0781433 ms)
[02/25/2026-14:55:06] [I] Average on 10 runs - GPU latency: 0.101465 ms - Host latency: 0.101465 ms (enqueue 0.07677 ms)
[02/25/2026-14:55:06] [I] Average on 10 runs - GPU latency: 0.100793 ms - Host latency: 0.100793 ms (enqueue 0.0782898 ms)
[02/25/2026-14:55:06] [I] Average on 10 runs - GPU latency: 0.102063 ms - Host latency: 0.102063 ms (enqueue 0.0772949 ms)
[02/25/2026-14:55:06] [I] Average on 10 runs - GPU latency: 0.101984 ms - Host latency: 0.101984 ms (enqueue 0.0772583 ms)
[02/25/2026-14:55:06] [I] Average on 10 runs - GPU latency: 0.101593 ms - Host latency: 0.101593 ms (enqueue 0.0785645 ms)
[02/25/2026-14:55:06] [I] Average on 10 runs - GPU latency: 0.101031 ms - Host latency: 0.101031 ms (enqueue 0.0762695 ms)
[02/25/2026-14:55:06] [I] Average on 10 runs - GPU latency: 0.101276 ms - Host latency: 0.101276 ms (enqueue 0.0776855 ms)
[02/25/2026-14:55:06] [I] Average on 10 runs - GPU latency: 0.100848 ms - Host latency: 0.100848 ms (enqueue 0.0771118 ms)
[02/25/2026-14:55:06] [I] Average on 10 runs - GPU latency: 0.101569 ms - Host latency: 0.101569 ms (enqueue 0.0789978 ms)
[02/25/2026-14:55:06] [I] Average on 10 runs - GPU latency: 0.101343 ms - Host latency: 0.101343 ms (enqueue 0.0787292 ms)
[02/25/2026-14:55:06] [I] Average on 10 runs - GPU latency: 0.100983 ms - Host latency: 0.100983 ms (enqueue 0.0780151 ms)
[02/25/2026-14:55:06] [I] Average on 10 runs - GPU latency: 0.102356 ms - Host latency: 0.102356 ms (enqueue 0.0759705 ms)
[02/25/2026-14:55:06] [I] Average on 10 runs - GPU latency: 0.101636 ms - Host latency: 0.101636 ms (enqueue 0.0792847 ms)
[02/25/2026-14:55:06] [I] Average on 10 runs - GPU latency: 0.101971 ms - Host latency: 0.101971 ms (enqueue 0.0768005 ms)
[02/25/2026-14:55:06] [I] Average on 10 runs - GPU latency: 0.102106 ms - Host latency: 0.102106 ms (enqueue 0.0791016 ms)
[02/25/2026-14:55:06] [I] Average on 10 runs - GPU latency: 0.101129 ms - Host latency: 0.101129 ms (enqueue 0.076709 ms)
[02/25/2026-14:55:06] [I] Average on 10 runs - GPU latency: 0.101324 ms - Host latency: 0.101324 ms (enqueue 0.0776733 ms)
[02/25/2026-14:55:06] [I] Average on 10 runs - GPU latency: 0.100903 ms - Host latency: 0.100903 ms (enqueue 0.0773254 ms)
[02/25/2026-14:55:06] [I] Average on 10 runs - GPU latency: 0.101508 ms - Host latency: 0.101508 ms (enqueue 0.0778625 ms)
[02/25/2026-14:55:06] [I] Average on 10 runs - GPU latency: 0.10163 ms - Host latency: 0.10163 ms (enqueue 0.0768982 ms)
[02/25/2026-14:55:06] [I] Average on 10 runs - GPU latency: 0.10127 ms - Host latency: 0.10127 ms (enqueue 0.0781921 ms)
[02/25/2026-14:55:06] [I] Average on 10 runs - GPU latency: 0.102063 ms - Host latency: 0.102063 ms (enqueue 0.0774353 ms)
[02/25/2026-14:55:06] [I] Average on 10 runs - GPU latency: 0.101672 ms - Host latency: 0.101672 ms (enqueue 0.0760132 ms)
[02/25/2026-14:55:06] [I] Average on 10 runs - GPU latency: 0.103558 ms - Host latency: 0.103558 ms (enqueue 0.077063 ms)
[02/25/2026-14:55:06] [I] Average on 10 runs - GPU latency: 0.101562 ms - Host latency: 0.101562 ms (enqueue 0.0768494 ms)
[02/25/2026-14:55:06] [I] Average on 10 runs - GPU latency: 0.10155 ms - Host latency: 0.10155 ms (enqueue 0.0763184 ms)
[02/25/2026-14:55:06] [I] Average on 10 runs - GPU latency: 0.102362 ms - Host latency: 0.102362 ms (enqueue 0.0771301 ms)
[02/25/2026-14:55:06] [I] Average on 10 runs - GPU latency: 0.101343 ms - Host latency: 0.101343 ms (enqueue 0.0778503 ms)
[02/25/2026-14:55:06] [I] Average on 10 runs - GPU latency: 0.101001 ms - Host latency: 0.101001 ms (enqueue 0.078186 ms)
[02/25/2026-14:55:06] [I] Average on 10 runs - GPU latency: 0.101807 ms - Host latency: 0.101807 ms (enqueue 0.0781372 ms)
[02/25/2026-14:55:06] [I] Average on 10 runs - GPU latency: 0.100702 ms - Host latency: 0.100702 ms (enqueue 0.0779236 ms)
[02/25/2026-14:55:06] [I] Average on 10 runs - GPU latency: 0.101123 ms - Host latency: 0.101123 ms (enqueue 0.0761719 ms)
[02/25/2026-14:55:06] [I] Average on 10 runs - GPU latency: 0.101282 ms - Host latency: 0.101282 ms (enqueue 0.0793945 ms)
[02/25/2026-14:55:06] [I] Average on 10 runs - GPU latency: 0.103058 ms - Host latency: 0.103058 ms (enqueue 0.0781738 ms)
[02/25/2026-14:55:06] [I] Average on 10 runs - GPU latency: 0.101672 ms - Host latency: 0.101672 ms (enqueue 0.0766174 ms)
[02/25/2026-14:55:06] [I] Average on 10 runs - GPU latency: 0.101257 ms - Host latency: 0.101257 ms (enqueue 0.0765442 ms)
[02/25/2026-14:55:06] [I] Average on 10 runs - GPU latency: 0.101288 ms - Host latency: 0.101288 ms (enqueue 0.0765625 ms)
[02/25/2026-14:55:06] [I] Average on 10 runs - GPU latency: 0.101233 ms - Host latency: 0.101233 ms (enqueue 0.0766968 ms)
[02/25/2026-14:55:06] [I] Average on 10 runs - GPU latency: 0.101379 ms - Host latency: 0.101379 ms (enqueue 0.0758362 ms)
[02/25/2026-14:55:06] [I] Average on 10 runs - GPU latency: 0.102026 ms - Host latency: 0.102026 ms (enqueue 0.0784241 ms)
[02/25/2026-14:55:06] [I] Average on 10 runs - GPU latency: 0.101691 ms - Host latency: 0.101691 ms (enqueue 0.076062 ms)
[02/25/2026-14:55:06] [I] Average on 10 runs - GPU latency: 0.101837 ms - Host latency: 0.101837 ms (enqueue 0.0790161 ms)
[02/25/2026-14:55:06] [I] Average on 10 runs - GPU latency: 0.100958 ms - Host latency: 0.100958 ms (enqueue 0.0769226 ms)
[02/25/2026-14:55:06] [I] Average on 10 runs - GPU latency: 0.101685 ms - Host latency: 0.101685 ms (enqueue 0.0765808 ms)
[02/25/2026-14:55:06] [I] Average on 10 runs - GPU latency: 0.101288 ms - Host latency: 0.101288 ms (enqueue 0.0762268 ms)
[02/25/2026-14:55:06] [I] Average on 10 runs - GPU latency: 0.102179 ms - Host latency: 0.102179 ms (enqueue 0.0763733 ms)
[02/25/2026-14:55:06] [I] Average on 10 runs - GPU latency: 0.101849 ms - Host latency: 0.101849 ms (enqueue 0.0767639 ms)
[02/25/2026-14:55:06] [I] Average on 10 runs - GPU latency: 0.101172 ms - Host latency: 0.101172 ms (enqueue 0.0763367 ms)
[02/25/2026-14:55:06] [I] Average on 10 runs - GPU latency: 0.101373 ms - Host latency: 0.101373 ms (enqueue 0.0771606 ms)
[02/25/2026-14:55:06] [I] Average on 10 runs - GPU latency: 0.101428 ms - Host latency: 0.101428 ms (enqueue 0.0765503 ms)
[02/25/2026-14:55:06] [I] Average on 10 runs - GPU latency: 0.10144 ms - Host latency: 0.10144 ms (enqueue 0.0770508 ms)
[02/25/2026-14:55:06] [I] Average on 10 runs - GPU latency: 0.101678 ms - Host latency: 0.101678 ms (enqueue 0.0779602 ms)
[02/25/2026-14:55:06] [I] Average on 10 runs - GPU latency: 0.101288 ms - Host latency: 0.101288 ms (enqueue 0.0776367 ms)
[02/25/2026-14:55:06] [I] Average on 10 runs - GPU latency: 0.101147 ms - Host latency: 0.101147 ms (enqueue 0.0759399 ms)
[02/25/2026-14:55:06] [I] Average on 10 runs - GPU latency: 0.101031 ms - Host latency: 0.101031 ms (enqueue 0.076062 ms)
[02/25/2026-14:55:06] [I] Average on 10 runs - GPU latency: 0.100983 ms - Host latency: 0.100983 ms (enqueue 0.077417 ms)
[02/25/2026-14:55:06] [I] Average on 10 runs - GPU latency: 0.101526 ms - Host latency: 0.101526 ms (enqueue 0.0775818 ms)
[02/25/2026-14:55:06] [I] Average on 10 runs - GPU latency: 0.101434 ms - Host latency: 0.101434 ms (enqueue 0.0771912 ms)
[02/25/2026-14:55:06] [I] Average on 10 runs - GPU latency: 0.102301 ms - Host latency: 0.102301 ms (enqueue 0.0765991 ms)
[02/25/2026-14:55:06] [I] Average on 10 runs - GPU latency: 0.102142 ms - Host latency: 0.102142 ms (enqueue 0.0775269 ms)
[02/25/2026-14:55:06] [I] Average on 10 runs - GPU latency: 0.101489 ms - Host latency: 0.101489 ms (enqueue 0.076886 ms)
[02/25/2026-14:55:06] [I] Average on 10 runs - GPU latency: 0.101935 ms - Host latency: 0.101935 ms (enqueue 0.0773193 ms)
[02/25/2026-14:55:06] [I] Average on 10 runs - GPU latency: 0.101123 ms - Host latency: 0.101123 ms (enqueue 0.0782959 ms)
[02/25/2026-14:55:06] [I] Average on 10 runs - GPU latency: 0.101306 ms - Host latency: 0.101306 ms (enqueue 0.0776001 ms)
[02/25/2026-14:55:06] [I] Average on 10 runs - GPU latency: 0.101465 ms - Host latency: 0.101465 ms (enqueue 0.0785095 ms)
[02/25/2026-14:55:06] [I] Average on 10 runs - GPU latency: 0.101697 ms - Host latency: 0.101697 ms (enqueue 0.0755127 ms)
[02/25/2026-14:55:06] [I] Average on 10 runs - GPU latency: 0.101111 ms - Host latency: 0.101111 ms (enqueue 0.0801208 ms)
[02/25/2026-14:55:06] [I] Average on 10 runs - GPU latency: 0.101288 ms - Host latency: 0.101288 ms (enqueue 0.0770203 ms)
[02/25/2026-14:55:06] [I] Average on 10 runs - GPU latency: 0.101904 ms - Host latency: 0.101904 ms (enqueue 0.0767578 ms)
[02/25/2026-14:55:06] [I] Average on 10 runs - GPU latency: 0.100732 ms - Host latency: 0.100732 ms (enqueue 0.0771729 ms)
[02/25/2026-14:55:06] [I] Average on 10 runs - GPU latency: 0.10166 ms - Host latency: 0.10166 ms (enqueue 0.0791626 ms)
[02/25/2026-14:55:06] [I] Average on 10 runs - GPU latency: 0.101404 ms - Host latency: 0.101404 ms (enqueue 0.0763306 ms)
[02/25/2026-14:55:06] [I] Average on 10 runs - GPU latency: 0.101862 ms - Host latency: 0.101862 ms (enqueue 0.0766296 ms)
[02/25/2026-14:55:06] [I] Average on 10 runs - GPU latency: 0.100995 ms - Host latency: 0.100995 ms (enqueue 0.0766785 ms)
[02/25/2026-14:55:06] [I] Average on 10 runs - GPU latency: 0.100708 ms - Host latency: 0.100708 ms (enqueue 0.0789429 ms)
[02/25/2026-14:55:06] [I] Average on 10 runs - GPU latency: 0.101953 ms - Host latency: 0.101953 ms (enqueue 0.0767761 ms)
[02/25/2026-14:55:06] [I] Average on 10 runs - GPU latency: 0.101324 ms - Host latency: 0.101324 ms (enqueue 0.0775085 ms)
[02/25/2026-14:55:06] [I] Average on 10 runs - GPU latency: 0.101727 ms - Host latency: 0.101727 ms (enqueue 0.0764832 ms)
[02/25/2026-14:55:06] [I] Average on 10 runs - GPU latency: 0.101556 ms - Host latency: 0.101556 ms (enqueue 0.0799622 ms)
[02/25/2026-14:55:06] [I] Average on 10 runs - GPU latency: 0.102081 ms - Host latency: 0.102081 ms (enqueue 0.0776001 ms)
[02/25/2026-14:55:06] [I] Average on 10 runs - GPU latency: 0.101428 ms - Host latency: 0.101428 ms (enqueue 0.0787354 ms)
[02/25/2026-14:55:06] [I] Average on 10 runs - GPU latency: 0.100702 ms - Host latency: 0.100702 ms (enqueue 0.0769287 ms)
[02/25/2026-14:55:06] [I] Average on 10 runs - GPU latency: 0.101349 ms - Host latency: 0.101349 ms (enqueue 0.0789368 ms)
[02/25/2026-14:55:06] [I] Average on 10 runs - GPU latency: 0.102417 ms - Host latency: 0.102417 ms (enqueue 0.0775146 ms)
[02/25/2026-14:55:06] [I] Average on 10 runs - GPU latency: 0.101447 ms - Host latency: 0.101447 ms (enqueue 0.0772766 ms)
[02/25/2026-14:55:06] [I] Average on 10 runs - GPU latency: 0.102118 ms - Host latency: 0.102118 ms (enqueue 0.0783508 ms)
[02/25/2026-14:55:06] [I] Average on 10 runs - GPU latency: 0.101416 ms - Host latency: 0.101416 ms (enqueue 0.0809143 ms)
[02/25/2026-14:55:06] [I] Average on 10 runs - GPU latency: 0.100946 ms - Host latency: 0.100946 ms (enqueue 0.0776855 ms)
[02/25/2026-14:55:06] [I] Average on 10 runs - GPU latency: 0.101367 ms - Host latency: 0.101367 ms (enqueue 0.0780395 ms)
[02/25/2026-14:55:06] [I] Average on 10 runs - GPU latency: 0.101672 ms - Host latency: 0.101672 ms (enqueue 0.079602 ms)
[02/25/2026-14:55:06] [I] Average on 10 runs - GPU latency: 0.101581 ms - Host latency: 0.101581 ms (enqueue 0.0769897 ms)
[02/25/2026-14:55:06] [I] Average on 10 runs - GPU latency: 0.102057 ms - Host latency: 0.102057 ms (enqueue 0.0800049 ms)
[02/25/2026-14:55:06] [I] Average on 10 runs - GPU latency: 0.101965 ms - Host latency: 0.101965 ms (enqueue 0.0765869 ms)
[02/25/2026-14:55:06] [I] Average on 10 runs - GPU latency: 0.101074 ms - Host latency: 0.101074 ms (enqueue 0.078949 ms)
[02/25/2026-14:55:06] [I] Average on 10 runs - GPU latency: 0.101923 ms - Host latency: 0.101923 ms (enqueue 0.077301 ms)
[02/25/2026-14:55:06] [I] Average on 10 runs - GPU latency: 0.101587 ms - Host latency: 0.101587 ms (enqueue 0.0770081 ms)
[02/25/2026-14:55:06] [I] Average on 10 runs - GPU latency: 0.101709 ms - Host latency: 0.101709 ms (enqueue 0.0780518 ms)
[02/25/2026-14:55:06] [I] Average on 10 runs - GPU latency: 0.101489 ms - Host latency: 0.101489 ms (enqueue 0.077771 ms)
[02/25/2026-14:55:06] [I] Average on 10 runs - GPU latency: 0.101434 ms - Host latency: 0.101434 ms (enqueue 0.0766541 ms)
[02/25/2026-14:55:06] [I] Average on 10 runs - GPU latency: 0.102045 ms - Host latency: 0.102045 ms (enqueue 0.0766663 ms)
[02/25/2026-14:55:06] [I] Average on 10 runs - GPU latency: 0.101495 ms - Host latency: 0.101495 ms (enqueue 0.077948 ms)
[02/25/2026-14:55:06] [I] Average on 10 runs - GPU latency: 0.102277 ms - Host latency: 0.102277 ms (enqueue 0.0796326 ms)
[02/25/2026-14:55:06] [I] Average on 10 runs - GPU latency: 0.101215 ms - Host latency: 0.101215 ms (enqueue 0.077124 ms)
[02/25/2026-14:55:06] [I] Average on 10 runs - GPU latency: 0.101758 ms - Host latency: 0.101758 ms (enqueue 0.0802307 ms)
[02/25/2026-14:55:06] [I] Average on 10 runs - GPU latency: 0.101605 ms - Host latency: 0.101605 ms (enqueue 0.0789307 ms)
[02/25/2026-14:55:06] [I] Average on 10 runs - GPU latency: 0.10202 ms - Host latency: 0.10202 ms (enqueue 0.0777405 ms)
[02/25/2026-14:55:06] [I] Average on 10 runs - GPU latency: 0.101929 ms - Host latency: 0.101929 ms (enqueue 0.0788086 ms)
[02/25/2026-14:55:06] [I] Average on 10 runs - GPU latency: 0.10202 ms - Host latency: 0.10202 ms (enqueue 0.078717 ms)
[02/25/2026-14:55:06] [I] Average on 10 runs - GPU latency: 0.101526 ms - Host latency: 0.101526 ms (enqueue 0.0784546 ms)
[02/25/2026-14:55:06] [I] Average on 10 runs - GPU latency: 0.101233 ms - Host latency: 0.101233 ms (enqueue 0.0819214 ms)
[02/25/2026-14:55:06] [I] Average on 10 runs - GPU latency: 0.101361 ms - Host latency: 0.101361 ms (enqueue 0.0759766 ms)
[02/25/2026-14:55:06] [I] Average on 10 runs - GPU latency: 0.102386 ms - Host latency: 0.102386 ms (enqueue 0.0776306 ms)
[02/25/2026-14:55:06] [I] Average on 10 runs - GPU latency: 0.102087 ms - Host latency: 0.102087 ms (enqueue 0.0779053 ms)
[02/25/2026-14:55:06] [I] Average on 10 runs - GPU latency: 0.101123 ms - Host latency: 0.101123 ms (enqueue 0.0787537 ms)
[02/25/2026-14:55:06] [I] Average on 10 runs - GPU latency: 0.101459 ms - Host latency: 0.101459 ms (enqueue 0.0764343 ms)
[02/25/2026-14:55:06] [I] Average on 10 runs - GPU latency: 0.102734 ms - Host latency: 0.102734 ms (enqueue 0.0785889 ms)
[02/25/2026-14:55:06] [I] Average on 10 runs - GPU latency: 0.101447 ms - Host latency: 0.101447 ms (enqueue 0.0792297 ms)
[02/25/2026-14:55:06] [I] Average on 10 runs - GPU latency: 0.10144 ms - Host latency: 0.10144 ms (enqueue 0.0768982 ms)
[02/25/2026-14:55:06] [I] Average on 10 runs - GPU latency: 0.101312 ms - Host latency: 0.101312 ms (enqueue 0.0780212 ms)
[02/25/2026-14:55:06] [I] Average on 10 runs - GPU latency: 0.102271 ms - Host latency: 0.102271 ms (enqueue 0.0774841 ms)
[02/25/2026-14:55:06] [I] Average on 10 runs - GPU latency: 0.101855 ms - Host latency: 0.101855 ms (enqueue 0.078479 ms)
[02/25/2026-14:55:06] [I] Average on 10 runs - GPU latency: 0.101831 ms - Host latency: 0.101831 ms (enqueue 0.0761963 ms)
[02/25/2026-14:55:06] [I] Average on 10 runs - GPU latency: 0.102057 ms - Host latency: 0.102057 ms (enqueue 0.0785828 ms)
[02/25/2026-14:55:06] [I] Average on 10 runs - GPU latency: 0.101764 ms - Host latency: 0.101764 ms (enqueue 0.0786011 ms)
[02/25/2026-14:55:06] [I] Average on 10 runs - GPU latency: 0.101514 ms - Host latency: 0.101514 ms (enqueue 0.0788147 ms)
[02/25/2026-14:55:06] [I] Average on 10 runs - GPU latency: 0.102032 ms - Host latency: 0.102032 ms (enqueue 0.0767273 ms)
[02/25/2026-14:55:06] [I] Average on 10 runs - GPU latency: 0.101355 ms - Host latency: 0.101355 ms (enqueue 0.0792908 ms)
[02/25/2026-14:55:06] [I] Average on 10 runs - GPU latency: 0.101569 ms - Host latency: 0.101569 ms (enqueue 0.0780945 ms)
[02/25/2026-14:55:06] [I] Average on 10 runs - GPU latency: 0.101276 ms - Host latency: 0.101276 ms (enqueue 0.0803772 ms)
[02/25/2026-14:55:06] [I] Average on 10 runs - GPU latency: 0.10202 ms - Host latency: 0.10202 ms (enqueue 0.0777222 ms)
[02/25/2026-14:55:06] [I] Average on 10 runs - GPU latency: 0.101764 ms - Host latency: 0.101764 ms (enqueue 0.0765625 ms)
[02/25/2026-14:55:06] [I] Average on 10 runs - GPU latency: 0.101447 ms - Host latency: 0.101447 ms (enqueue 0.0794312 ms)
[02/25/2026-14:55:06] [I] Average on 10 runs - GPU latency: 0.100958 ms - Host latency: 0.100958 ms (enqueue 0.0801147 ms)
[02/25/2026-14:55:06] [I] Average on 10 runs - GPU latency: 0.101086 ms - Host latency: 0.101086 ms (enqueue 0.0773682 ms)
[02/25/2026-14:55:06] [I] Average on 10 runs - GPU latency: 0.101086 ms - Host latency: 0.101086 ms (enqueue 0.0768494 ms)
[02/25/2026-14:55:06] [I] Average on 10 runs - GPU latency: 0.101154 ms - Host latency: 0.101154 ms (enqueue 0.0779419 ms)
[02/25/2026-14:55:06] [I] Average on 10 runs - GPU latency: 0.101385 ms - Host latency: 0.101385 ms (enqueue 0.0817688 ms)
[02/25/2026-14:55:06] [I] Average on 10 runs - GPU latency: 0.100958 ms - Host latency: 0.100958 ms (enqueue 0.0769653 ms)
[02/25/2026-14:55:06] [I] Average on 10 runs - GPU latency: 0.101862 ms - Host latency: 0.101862 ms (enqueue 0.0792297 ms)
[02/25/2026-14:55:06] [I] Average on 10 runs - GPU latency: 0.101373 ms - Host latency: 0.101373 ms (enqueue 0.0763489 ms)
[02/25/2026-14:55:06] [I] Average on 10 runs - GPU latency: 0.101685 ms - Host latency: 0.101685 ms (enqueue 0.079187 ms)
[02/25/2026-14:55:06] [I] Average on 10 runs - GPU latency: 0.101086 ms - Host latency: 0.101086 ms (enqueue 0.0761414 ms)
[02/25/2026-14:55:06] [I] Average on 10 runs - GPU latency: 0.100946 ms - Host latency: 0.100946 ms (enqueue 0.0776184 ms)
[02/25/2026-14:55:06] [I] Average on 10 runs - GPU latency: 0.101355 ms - Host latency: 0.101355 ms (enqueue 0.0786011 ms)
[02/25/2026-14:55:06] [I] Average on 10 runs - GPU latency: 0.101416 ms - Host latency: 0.101416 ms (enqueue 0.0785339 ms)
[02/25/2026-14:55:06] [I] Average on 10 runs - GPU latency: 0.101453 ms - Host latency: 0.101453 ms (enqueue 0.0769958 ms)
[02/25/2026-14:55:06] [I] Average on 10 runs - GPU latency: 0.101477 ms - Host latency: 0.101477 ms (enqueue 0.0779053 ms)
[02/25/2026-14:55:06] [I] Average on 10 runs - GPU latency: 0.10047 ms - Host latency: 0.10047 ms (enqueue 0.0819519 ms)
[02/25/2026-14:55:06] [I] Average on 10 runs - GPU latency: 0.101947 ms - Host latency: 0.101947 ms (enqueue 0.0772339 ms)
[02/25/2026-14:55:06] [I] Average on 10 runs - GPU latency: 0.100702 ms - Host latency: 0.100702 ms (enqueue 0.0764832 ms)
[02/25/2026-14:55:06] [I] Average on 10 runs - GPU latency: 0.100983 ms - Host latency: 0.100983 ms (enqueue 0.079303 ms)
[02/25/2026-14:55:06] [I] Average on 10 runs - GPU latency: 0.101672 ms - Host latency: 0.101672 ms (enqueue 0.0805298 ms)
[02/25/2026-14:55:06] [I] Average on 10 runs - GPU latency: 0.101227 ms - Host latency: 0.101227 ms (enqueue 0.0770752 ms)
[02/25/2026-14:55:06] [I] Average on 10 runs - GPU latency: 0.102161 ms - Host latency: 0.102161 ms (enqueue 0.0776367 ms)
[02/25/2026-14:55:06] [I] Average on 10 runs - GPU latency: 0.102063 ms - Host latency: 0.102063 ms (enqueue 0.0783386 ms)
[02/25/2026-14:55:06] [I] Average on 10 runs - GPU latency: 0.101471 ms - Host latency: 0.101471 ms (enqueue 0.0812744 ms)
[02/25/2026-14:55:06] [I] Average on 10 runs - GPU latency: 0.101404 ms - Host latency: 0.101404 ms (enqueue 0.0775879 ms)
[02/25/2026-14:55:06] [I] Average on 10 runs - GPU latency: 0.10199 ms - Host latency: 0.10199 ms (enqueue 0.0779602 ms)
[02/25/2026-14:55:06] [I] Average on 10 runs - GPU latency: 0.102271 ms - Host latency: 0.102271 ms (enqueue 0.0778076 ms)
[02/25/2026-14:55:06] [I] Average on 10 runs - GPU latency: 0.101178 ms - Host latency: 0.101178 ms (enqueue 0.0805664 ms)
[02/25/2026-14:55:06] [I] Average on 10 runs - GPU latency: 0.101233 ms - Host latency: 0.101233 ms (enqueue 0.0790344 ms)
[02/25/2026-14:55:06] [I] Average on 10 runs - GPU latency: 0.102014 ms - Host latency: 0.102014 ms (enqueue 0.0763 ms)
[02/25/2026-14:55:06] [I] Average on 10 runs - GPU latency: 0.102252 ms - Host latency: 0.102252 ms (enqueue 0.0778259 ms)
[02/25/2026-14:55:06] [I] Average on 10 runs - GPU latency: 0.100732 ms - Host latency: 0.100732 ms (enqueue 0.0797363 ms)
[02/25/2026-14:55:06] [I] Average on 10 runs - GPU latency: 0.101373 ms - Host latency: 0.101373 ms (enqueue 0.0761108 ms)
[02/25/2026-14:55:06] [I] Average on 10 runs - GPU latency: 0.101501 ms - Host latency: 0.101501 ms (enqueue 0.0776672 ms)
[02/25/2026-14:55:06] [I] Average on 10 runs - GPU latency: 0.101361 ms - Host latency: 0.101361 ms (enqueue 0.0786499 ms)
[02/25/2026-14:55:06] [I] Average on 10 runs - GPU latency: 0.101971 ms - Host latency: 0.101971 ms (enqueue 0.0787476 ms)
[02/25/2026-14:55:06] [I] Average on 10 runs - GPU latency: 0.101111 ms - Host latency: 0.101111 ms (enqueue 0.0771973 ms)
[02/25/2026-14:55:06] [I] Average on 10 runs - GPU latency: 0.101733 ms - Host latency: 0.101733 ms (enqueue 0.0785095 ms)
[02/25/2026-14:55:06] [I] Average on 10 runs - GPU latency: 0.1013 ms - Host latency: 0.1013 ms (enqueue 0.0765991 ms)
[02/25/2026-14:55:06] [I] Average on 10 runs - GPU latency: 0.101263 ms - Host latency: 0.101263 ms (enqueue 0.080542 ms)
[02/25/2026-14:55:06] [I] Average on 10 runs - GPU latency: 0.102118 ms - Host latency: 0.102118 ms (enqueue 0.0761169 ms)
[02/25/2026-14:55:06] [I] Average on 10 runs - GPU latency: 0.101373 ms - Host latency: 0.101373 ms (enqueue 0.0784668 ms)
[02/25/2026-14:55:06] [I] Average on 10 runs - GPU latency: 0.102228 ms - Host latency: 0.102228 ms (enqueue 0.0774841 ms)
[02/25/2026-14:55:06] [I] Average on 10 runs - GPU latency: 0.101587 ms - Host latency: 0.101587 ms (enqueue 0.0770508 ms)
[02/25/2026-14:55:06] [I] Average on 10 runs - GPU latency: 0.100665 ms - Host latency: 0.100665 ms (enqueue 0.0769226 ms)
[02/25/2026-14:55:06] [I] Average on 10 runs - GPU latency: 0.101465 ms - Host latency: 0.101465 ms (enqueue 0.077301 ms)
[02/25/2026-14:55:06] [I] Average on 10 runs - GPU latency: 0.100824 ms - Host latency: 0.100824 ms (enqueue 0.0807251 ms)
[02/25/2026-14:55:06] [I] Average on 10 runs - GPU latency: 0.100677 ms - Host latency: 0.100677 ms (enqueue 0.07771 ms)
[02/25/2026-14:55:06] [I] Average on 10 runs - GPU latency: 0.101501 ms - Host latency: 0.101501 ms (enqueue 0.0775818 ms)
[02/25/2026-14:55:06] [I] Average on 10 runs - GPU latency: 0.101678 ms - Host latency: 0.101678 ms (enqueue 0.0788025 ms)
[02/25/2026-14:55:06] [I] Average on 10 runs - GPU latency: 0.10127 ms - Host latency: 0.10127 ms (enqueue 0.0824707 ms)
[02/25/2026-14:55:06] [I] Average on 10 runs - GPU latency: 0.101038 ms - Host latency: 0.101038 ms (enqueue 0.0796814 ms)
[02/25/2026-14:55:06] [I] Average on 10 runs - GPU latency: 0.101416 ms - Host latency: 0.101416 ms (enqueue 0.0771668 ms)
[02/25/2026-14:55:06] [I] Average on 10 runs - GPU latency: 0.101373 ms - Host latency: 0.101373 ms (enqueue 0.0774475 ms)
[02/25/2026-14:55:06] [I] Average on 10 runs - GPU latency: 0.101013 ms - Host latency: 0.101013 ms (enqueue 0.0811523 ms)
[02/25/2026-14:55:06] [I] Average on 10 runs - GPU latency: 0.102582 ms - Host latency: 0.102582 ms (enqueue 0.0781982 ms)
[02/25/2026-14:55:06] [I] Average on 10 runs - GPU latency: 0.101471 ms - Host latency: 0.101471 ms (enqueue 0.0812683 ms)
[02/25/2026-14:55:06] [I] Average on 10 runs - GPU latency: 0.101843 ms - Host latency: 0.101843 ms (enqueue 0.0770569 ms)
[02/25/2026-14:55:06] [I] Average on 10 runs - GPU latency: 0.101556 ms - Host latency: 0.101556 ms (enqueue 0.0791504 ms)
[02/25/2026-14:55:06] [I] Average on 10 runs - GPU latency: 0.10191 ms - Host latency: 0.10191 ms (enqueue 0.076886 ms)
[02/25/2026-14:55:06] [I] Average on 10 runs - GPU latency: 0.101733 ms - Host latency: 0.101733 ms (enqueue 0.0778259 ms)
[02/25/2026-14:55:06] [I] Average on 10 runs - GPU latency: 0.10116 ms - Host latency: 0.10116 ms (enqueue 0.0794739 ms)
[02/25/2026-14:55:06] [I] Average on 10 runs - GPU latency: 0.100702 ms - Host latency: 0.100702 ms (enqueue 0.0812866 ms)
[02/25/2026-14:55:06] [I] Average on 10 runs - GPU latency: 0.102087 ms - Host latency: 0.102087 ms (enqueue 0.0770508 ms)
[02/25/2026-14:55:06] [I] Average on 10 runs - GPU latency: 0.102087 ms - Host latency: 0.102087 ms (enqueue 0.0801758 ms)
[02/25/2026-14:55:06] [I] Average on 10 runs - GPU latency: 0.101636 ms - Host latency: 0.101636 ms (enqueue 0.0780029 ms)
[02/25/2026-14:55:06] [I] Average on 10 runs - GPU latency: 0.101581 ms - Host latency: 0.101581 ms (enqueue 0.0790161 ms)
[02/25/2026-14:55:06] [I] Average on 10 runs - GPU latency: 0.102277 ms - Host latency: 0.102277 ms (enqueue 0.0784241 ms)
[02/25/2026-14:55:06] [I] Average on 10 runs - GPU latency: 0.100446 ms - Host latency: 0.100446 ms (enqueue 0.0769348 ms)
[02/25/2026-14:55:06] [I] Average on 10 runs - GPU latency: 0.101337 ms - Host latency: 0.101337 ms (enqueue 0.0783569 ms)
[02/25/2026-14:55:06] [I] Average on 10 runs - GPU latency: 0.101349 ms - Host latency: 0.101349 ms (enqueue 0.0765137 ms)
[02/25/2026-14:55:06] [I] Average on 10 runs - GPU latency: 0.101172 ms - Host latency: 0.101172 ms (enqueue 0.0778442 ms)
[02/25/2026-14:55:06] [I] Average on 10 runs - GPU latency: 0.101306 ms - Host latency: 0.101306 ms (enqueue 0.0780518 ms)
[02/25/2026-14:55:06] [I] Average on 10 runs - GPU latency: 0.101599 ms - Host latency: 0.101599 ms (enqueue 0.0813477 ms)
[02/25/2026-14:55:06] [I] Average on 10 runs - GPU latency: 0.101648 ms - Host latency: 0.101648 ms (enqueue 0.0785522 ms)
[02/25/2026-14:55:06] [I] Average on 10 runs - GPU latency: 0.101721 ms - Host latency: 0.101721 ms (enqueue 0.0786621 ms)
[02/25/2026-14:55:06] [I] Average on 10 runs - GPU latency: 0.102087 ms - Host latency: 0.102087 ms (enqueue 0.0783691 ms)
[02/25/2026-14:55:06] [I] Average on 10 runs - GPU latency: 0.102063 ms - Host latency: 0.102063 ms (enqueue 0.0809937 ms)
[02/25/2026-14:55:06] [I] Average on 10 runs - GPU latency: 0.101404 ms - Host latency: 0.101404 ms (enqueue 0.0774292 ms)
[02/25/2026-14:55:06] [I] Average on 10 runs - GPU latency: 0.102405 ms - Host latency: 0.102405 ms (enqueue 0.0760498 ms)
[02/25/2026-14:55:06] [I] Average on 10 runs - GPU latency: 0.102344 ms - Host latency: 0.102344 ms (enqueue 0.0776978 ms)
[02/25/2026-14:55:06] [I] Average on 10 runs - GPU latency: 0.10116 ms - Host latency: 0.10116 ms (enqueue 0.0768921 ms)
[02/25/2026-14:55:06] [I] Average on 10 runs - GPU latency: 0.101355 ms - Host latency: 0.101355 ms (enqueue 0.0785156 ms)
[02/25/2026-14:55:06] [I] Average on 10 runs - GPU latency: 0.101318 ms - Host latency: 0.101318 ms (enqueue 0.0765137 ms)
[02/25/2026-14:55:06] [I] Average on 10 runs - GPU latency: 0.101831 ms - Host latency: 0.101831 ms (enqueue 0.0772827 ms)
[02/25/2026-14:55:06] [I] Average on 10 runs - GPU latency: 0.101978 ms - Host latency: 0.101978 ms (enqueue 0.0797729 ms)
[02/25/2026-14:55:06] [I] Average on 10 runs - GPU latency: 0.101538 ms - Host latency: 0.101538 ms (enqueue 0.0784058 ms)
[02/25/2026-14:55:06] [I] Average on 10 runs - GPU latency: 0.102026 ms - Host latency: 0.102026 ms (enqueue 0.0773437 ms)
[02/25/2026-14:55:06] [I] Average on 10 runs - GPU latency: 0.101147 ms - Host latency: 0.101147 ms (enqueue 0.0782105 ms)
[02/25/2026-14:55:06] [I] Average on 10 runs - GPU latency: 0.100952 ms - Host latency: 0.100952 ms (enqueue 0.0809082 ms)
[02/25/2026-14:55:06] [I] Average on 10 runs - GPU latency: 0.10144 ms - Host latency: 0.10144 ms (enqueue 0.078833 ms)
[02/25/2026-14:55:06] [I] Average on 10 runs - GPU latency: 0.101538 ms - Host latency: 0.101538 ms (enqueue 0.0797974 ms)
[02/25/2026-14:55:06] [I] Average on 10 runs - GPU latency: 0.10127 ms - Host latency: 0.10127 ms (enqueue 0.0787354 ms)
[02/25/2026-14:55:06] [I] Average on 10 runs - GPU latency: 0.101038 ms - Host latency: 0.101038 ms (enqueue 0.0773804 ms)
[02/25/2026-14:55:06] [I] Average on 10 runs - GPU latency: 0.102161 ms - Host latency: 0.102161 ms (enqueue 0.0769287 ms)
[02/25/2026-14:55:06] [I] Average on 10 runs - GPU latency: 0.102161 ms - Host latency: 0.102161 ms (enqueue 0.0771362 ms)
[02/25/2026-14:55:06] [I] Average on 10 runs - GPU latency: 0.101624 ms - Host latency: 0.101624 ms (enqueue 0.0773315 ms)
[02/25/2026-14:55:06] [I] Average on 10 runs - GPU latency: 0.101611 ms - Host latency: 0.101611 ms (enqueue 0.0803711 ms)
[02/25/2026-14:55:06] [I] Average on 10 runs - GPU latency: 0.102087 ms - Host latency: 0.102087 ms (enqueue 0.0777344 ms)
[02/25/2026-14:55:06] [I] Average on 10 runs - GPU latency: 0.102356 ms - Host latency: 0.102356 ms (enqueue 0.0788452 ms)
[02/25/2026-14:55:06] [I] Average on 10 runs - GPU latency: 0.101697 ms - Host latency: 0.101697 ms (enqueue 0.0772217 ms)
[02/25/2026-14:55:06] [I] Average on 10 runs - GPU latency: 0.101868 ms - Host latency: 0.101868 ms (enqueue 0.0789063 ms)
[02/25/2026-14:55:06] [I] Average on 10 runs - GPU latency: 0.103088 ms - Host latency: 0.103088 ms (enqueue 0.0773315 ms)
[02/25/2026-14:55:06] [I] Average on 10 runs - GPU latency: 0.101172 ms - Host latency: 0.101172 ms (enqueue 0.0772095 ms)
[02/25/2026-14:55:06] [I] Average on 10 runs - GPU latency: 0.10166 ms - Host latency: 0.10166 ms (enqueue 0.0825195 ms)
[02/25/2026-14:55:06] [I] Average on 10 runs - GPU latency: 0.101843 ms - Host latency: 0.101843 ms (enqueue 0.0752441 ms)
[02/25/2026-14:55:06] [I] Average on 10 runs - GPU latency: 0.101147 ms - Host latency: 0.101147 ms (enqueue 0.0768799 ms)
[02/25/2026-14:55:06] [I] Average on 10 runs - GPU latency: 0.101636 ms - Host latency: 0.101636 ms (enqueue 0.07771 ms)
[02/25/2026-14:55:06] [I] Average on 10 runs - GPU latency: 0.102197 ms - Host latency: 0.102197 ms (enqueue 0.0785767 ms)
[02/25/2026-14:55:06] [I] Average on 10 runs - GPU latency: 0.101306 ms - Host latency: 0.101306 ms (enqueue 0.077832 ms)
[02/25/2026-14:55:06] [I] Average on 10 runs - GPU latency: 0.101331 ms - Host latency: 0.101331 ms (enqueue 0.0762329 ms)
[02/25/2026-14:55:06] [I] Average on 10 runs - GPU latency: 0.101562 ms - Host latency: 0.101562 ms (enqueue 0.0774414 ms)
[02/25/2026-14:55:06] [I] Average on 10 runs - GPU latency: 0.101086 ms - Host latency: 0.101086 ms (enqueue 0.0778198 ms)
[02/25/2026-14:55:06] [I] Average on 10 runs - GPU latency: 0.101257 ms - Host latency: 0.101257 ms (enqueue 0.0783447 ms)
[02/25/2026-14:55:06] [I] Average on 10 runs - GPU latency: 0.101038 ms - Host latency: 0.101038 ms (enqueue 0.0774658 ms)
[02/25/2026-14:55:06] [I] Average on 10 runs - GPU latency: 0.101697 ms - Host latency: 0.101697 ms (enqueue 0.0771606 ms)
[02/25/2026-14:55:06] [I] Average on 10 runs - GPU latency: 0.101648 ms - Host latency: 0.101648 ms (enqueue 0.07854 ms)
[02/25/2026-14:55:06] [I] Average on 10 runs - GPU latency: 0.101465 ms - Host latency: 0.101465 ms (enqueue 0.0772339 ms)
[02/25/2026-14:55:06] [I] Average on 10 runs - GPU latency: 0.100989 ms - Host latency: 0.100989 ms (enqueue 0.0772583 ms)
[02/25/2026-14:55:06] [I] Average on 10 runs - GPU latency: 0.101538 ms - Host latency: 0.101538 ms (enqueue 0.07771 ms)
[02/25/2026-14:55:06] [I] Average on 10 runs - GPU latency: 0.101953 ms - Host latency: 0.101953 ms (enqueue 0.0786133 ms)
[02/25/2026-14:55:06] [I] Average on 10 runs - GPU latency: 0.101514 ms - Host latency: 0.101514 ms (enqueue 0.0782471 ms)
[02/25/2026-14:55:06] [I] Average on 10 runs - GPU latency: 0.102563 ms - Host latency: 0.102563 ms (enqueue 0.0790649 ms)
[02/25/2026-14:55:06] [I] Average on 10 runs - GPU latency: 0.101587 ms - Host latency: 0.101587 ms (enqueue 0.0760742 ms)
[02/25/2026-14:55:06] [I] Average on 10 runs - GPU latency: 0.101807 ms - Host latency: 0.101807 ms (enqueue 0.0771484 ms)
[02/25/2026-14:55:06] [I] Average on 10 runs - GPU latency: 0.1021 ms - Host latency: 0.1021 ms (enqueue 0.0792603 ms)
[02/25/2026-14:55:06] [I] Average on 10 runs - GPU latency: 0.101917 ms - Host latency: 0.101917 ms (enqueue 0.0784668 ms)
[02/25/2026-14:55:06] [I] Average on 10 runs - GPU latency: 0.10188 ms - Host latency: 0.10188 ms (enqueue 0.0769653 ms)
[02/25/2026-14:55:06] [I] Average on 10 runs - GPU latency: 0.101672 ms - Host latency: 0.101672 ms (enqueue 0.0782593 ms)
[02/25/2026-14:55:06] [I] Average on 10 runs - GPU latency: 0.101807 ms - Host latency: 0.101807 ms (enqueue 0.0779907 ms)
[02/25/2026-14:55:06] [I] Average on 10 runs - GPU latency: 0.101611 ms - Host latency: 0.101611 ms (enqueue 0.0764404 ms)
[02/25/2026-14:55:06] [I] Average on 10 runs - GPU latency: 0.101855 ms - Host latency: 0.101855 ms (enqueue 0.0819214 ms)
[02/25/2026-14:55:06] [I] Average on 10 runs - GPU latency: 0.101001 ms - Host latency: 0.101001 ms (enqueue 0.076062 ms)
[02/25/2026-14:55:06] [I] Average on 10 runs - GPU latency: 0.101416 ms - Host latency: 0.101416 ms (enqueue 0.0774902 ms)
[02/25/2026-14:55:06] [I] Average on 10 runs - GPU latency: 0.101904 ms - Host latency: 0.101904 ms (enqueue 0.0760742 ms)
[02/25/2026-14:55:06] [I] Average on 10 runs - GPU latency: 0.101733 ms - Host latency: 0.101733 ms (enqueue 0.0788208 ms)
[02/25/2026-14:55:06] [I] Average on 10 runs - GPU latency: 0.101929 ms - Host latency: 0.101929 ms (enqueue 0.0762817 ms)
[02/25/2026-14:55:06] [I] Average on 10 runs - GPU latency: 0.101294 ms - Host latency: 0.101294 ms (enqueue 0.07771 ms)
[02/25/2026-14:55:06] [I] Average on 10 runs - GPU latency: 0.102026 ms - Host latency: 0.102026 ms (enqueue 0.0771729 ms)
[02/25/2026-14:55:06] [I] Average on 10 runs - GPU latency: 0.101477 ms - Host latency: 0.101477 ms (enqueue 0.0791138 ms)
[02/25/2026-14:55:06] [I] Average on 10 runs - GPU latency: 0.100806 ms - Host latency: 0.100806 ms (enqueue 0.0788452 ms)
[02/25/2026-14:55:06] [I] Average on 10 runs - GPU latency: 0.101904 ms - Host latency: 0.101904 ms (enqueue 0.0777588 ms)
[02/25/2026-14:55:06] [I] Average on 10 runs - GPU latency: 0.10166 ms - Host latency: 0.10166 ms (enqueue 0.0780518 ms)
[02/25/2026-14:55:06] [I] Average on 10 runs - GPU latency: 0.101868 ms - Host latency: 0.101868 ms (enqueue 0.07948 ms)
[02/25/2026-14:55:06] [I] Average on 10 runs - GPU latency: 0.10271 ms - Host latency: 0.10271 ms (enqueue 0.0758667 ms)
[02/25/2026-14:55:06] [I] Average on 10 runs - GPU latency: 0.101855 ms - Host latency: 0.101855 ms (enqueue 0.0774902 ms)
[02/25/2026-14:55:06] [I] Average on 10 runs - GPU latency: 0.101819 ms - Host latency: 0.101819 ms (enqueue 0.077478 ms)
[02/25/2026-14:55:06] [I] Average on 10 runs - GPU latency: 0.10144 ms - Host latency: 0.10144 ms (enqueue 0.0800049 ms)
[02/25/2026-14:55:06] [I] Average on 10 runs - GPU latency: 0.101294 ms - Host latency: 0.101294 ms (enqueue 0.0776733 ms)
[02/25/2026-14:55:06] [I] Average on 10 runs - GPU latency: 0.10188 ms - Host latency: 0.10188 ms (enqueue 0.0787231 ms)
[02/25/2026-14:55:06] [I] Average on 10 runs - GPU latency: 0.102051 ms - Host latency: 0.102051 ms (enqueue 0.0792358 ms)
[02/25/2026-14:55:06] [I] Average on 10 runs - GPU latency: 0.101196 ms - Host latency: 0.101196 ms (enqueue 0.0793091 ms)
[02/25/2026-14:55:06] [I] Average on 10 runs - GPU latency: 0.101587 ms - Host latency: 0.101587 ms (enqueue 0.0776367 ms)
[02/25/2026-14:55:06] [I] Average on 10 runs - GPU latency: 0.101624 ms - Host latency: 0.101624 ms (enqueue 0.0764771 ms)
[02/25/2026-14:55:06] [I] Average on 10 runs - GPU latency: 0.101086 ms - Host latency: 0.101086 ms (enqueue 0.0795044 ms)
[02/25/2026-14:55:06] [I] Average on 10 runs - GPU latency: 0.102344 ms - Host latency: 0.102344 ms (enqueue 0.0777588 ms)
[02/25/2026-14:55:06] [I] Average on 10 runs - GPU latency: 0.102258 ms - Host latency: 0.102258 ms (enqueue 0.076123 ms)
[02/25/2026-14:55:06] [I] Average on 10 runs - GPU latency: 0.101331 ms - Host latency: 0.101331 ms (enqueue 0.0780762 ms)
[02/25/2026-14:55:06] [I] Average on 10 runs - GPU latency: 0.101208 ms - Host latency: 0.101208 ms (enqueue 0.0793335 ms)
[02/25/2026-14:55:06] [I] Average on 10 runs - GPU latency: 0.101343 ms - Host latency: 0.101343 ms (enqueue 0.077356 ms)
[02/25/2026-14:55:06] [I] Average on 10 runs - GPU latency: 0.101343 ms - Host latency: 0.101343 ms (enqueue 0.0767334 ms)
[02/25/2026-14:55:06] [I] Average on 10 runs - GPU latency: 0.100378 ms - Host latency: 0.100378 ms (enqueue 0.0776611 ms)
[02/25/2026-14:55:06] [I] Average on 10 runs - GPU latency: 0.10116 ms - Host latency: 0.10116 ms (enqueue 0.0793823 ms)
[02/25/2026-14:55:06] [I] Average on 10 runs - GPU latency: 0.101965 ms - Host latency: 0.101965 ms (enqueue 0.0769653 ms)
[02/25/2026-14:55:06] [I] Average on 10 runs - GPU latency: 0.101086 ms - Host latency: 0.101086 ms (enqueue 0.077478 ms)
[02/25/2026-14:55:06] [I] Average on 10 runs - GPU latency: 0.102185 ms - Host latency: 0.102185 ms (enqueue 0.0768921 ms)
[02/25/2026-14:55:06] [I] Average on 10 runs - GPU latency: 0.101758 ms - Host latency: 0.101758 ms (enqueue 0.0770508 ms)
[02/25/2026-14:55:06] [I] Average on 10 runs - GPU latency: 0.102075 ms - Host latency: 0.102075 ms (enqueue 0.0769653 ms)
[02/25/2026-14:55:06] [I] Average on 10 runs - GPU latency: 0.102283 ms - Host latency: 0.102283 ms (enqueue 0.076416 ms)
[02/25/2026-14:55:06] [I] Average on 10 runs - GPU latency: 0.101636 ms - Host latency: 0.101636 ms (enqueue 0.0775146 ms)
[02/25/2026-14:55:06] [I] Average on 10 runs - GPU latency: 0.101086 ms - Host latency: 0.101086 ms (enqueue 0.0814819 ms)
[02/25/2026-14:55:06] [I] Average on 10 runs - GPU latency: 0.101648 ms - Host latency: 0.101648 ms (enqueue 0.0786865 ms)
[02/25/2026-14:55:06] [I] Average on 10 runs - GPU latency: 0.101831 ms - Host latency: 0.101831 ms (enqueue 0.0776489 ms)
[02/25/2026-14:55:06] [I] Average on 10 runs - GPU latency: 0.101318 ms - Host latency: 0.101318 ms (enqueue 0.0768188 ms)
[02/25/2026-14:55:06] [I] Average on 10 runs - GPU latency: 0.101831 ms - Host latency: 0.101831 ms (enqueue 0.0784912 ms)
[02/25/2026-14:55:06] [I] Average on 10 runs - GPU latency: 0.100525 ms - Host latency: 0.100525 ms (enqueue 0.0779419 ms)
[02/25/2026-14:55:06] [I] Average on 10 runs - GPU latency: 0.101196 ms - Host latency: 0.101196 ms (enqueue 0.0778687 ms)
[02/25/2026-14:55:06] [I] Average on 10 runs - GPU latency: 0.100989 ms - Host latency: 0.100989 ms (enqueue 0.0770996 ms)
[02/25/2026-14:55:06] [I] Average on 10 runs - GPU latency: 0.101208 ms - Host latency: 0.101208 ms (enqueue 0.0787964 ms)
[02/25/2026-14:55:06] [I] Average on 10 runs - GPU latency: 0.100891 ms - Host latency: 0.100891 ms (enqueue 0.0772217 ms)
[02/25/2026-14:55:06] [I] Average on 10 runs - GPU latency: 0.101843 ms - Host latency: 0.101843 ms (enqueue 0.0781738 ms)
[02/25/2026-14:55:06] [I] Average on 10 runs - GPU latency: 0.100818 ms - Host latency: 0.100818 ms (enqueue 0.0770508 ms)
[02/25/2026-14:55:06] [I] Average on 10 runs - GPU latency: 0.101392 ms - Host latency: 0.101392 ms (enqueue 0.0791626 ms)
[02/25/2026-14:55:06] [I] Average on 10 runs - GPU latency: 0.100989 ms - Host latency: 0.100989 ms (enqueue 0.0772461 ms)
[02/25/2026-14:55:06] [I] Average on 10 runs - GPU latency: 0.100952 ms - Host latency: 0.100952 ms (enqueue 0.0779541 ms)
[02/25/2026-14:55:06] [I] Average on 10 runs - GPU latency: 0.101367 ms - Host latency: 0.101367 ms (enqueue 0.0754395 ms)
[02/25/2026-14:55:06] [I] Average on 10 runs - GPU latency: 0.101257 ms - Host latency: 0.101257 ms (enqueue 0.0798096 ms)
[02/25/2026-14:55:06] [I] Average on 10 runs - GPU latency: 0.101526 ms - Host latency: 0.101526 ms (enqueue 0.0757935 ms)
[02/25/2026-14:55:06] [I] Average on 10 runs - GPU latency: 0.101538 ms - Host latency: 0.101538 ms (enqueue 0.07771 ms)
[02/25/2026-14:55:06] [I] Average on 10 runs - GPU latency: 0.101038 ms - Host latency: 0.101038 ms (enqueue 0.0792114 ms)
[02/25/2026-14:55:06] [I] Average on 10 runs - GPU latency: 0.101355 ms - Host latency: 0.101355 ms (enqueue 0.0772949 ms)
[02/25/2026-14:55:06] [I] Average on 10 runs - GPU latency: 0.10116 ms - Host latency: 0.10116 ms (enqueue 0.0805786 ms)
[02/25/2026-14:55:06] [I] Average on 10 runs - GPU latency: 0.101733 ms - Host latency: 0.101733 ms (enqueue 0.0766846 ms)
[02/25/2026-14:55:06] [I] Average on 10 runs - GPU latency: 0.100671 ms - Host latency: 0.100671 ms (enqueue 0.0818359 ms)
[02/25/2026-14:55:06] [I] Average on 10 runs - GPU latency: 0.101233 ms - Host latency: 0.101233 ms (enqueue 0.0779907 ms)
[02/25/2026-14:55:06] [I] Average on 10 runs - GPU latency: 0.100745 ms - Host latency: 0.100745 ms (enqueue 0.0783203 ms)
[02/25/2026-14:55:06] [I] Average on 10 runs - GPU latency: 0.10127 ms - Host latency: 0.10127 ms (enqueue 0.0766357 ms)
[02/25/2026-14:55:06] [I] Average on 10 runs - GPU latency: 0.101099 ms - Host latency: 0.101099 ms (enqueue 0.0789063 ms)
[02/25/2026-14:55:06] [I] Average on 10 runs - GPU latency: 0.100928 ms - Host latency: 0.100928 ms (enqueue 0.0774536 ms)
[02/25/2026-14:55:06] [I] Average on 10 runs - GPU latency: 0.102161 ms - Host latency: 0.102161 ms (enqueue 0.0777954 ms)
[02/25/2026-14:55:06] [I] Average on 10 runs - GPU latency: 0.101685 ms - Host latency: 0.101685 ms (enqueue 0.077478 ms)
[02/25/2026-14:55:06] [I] Average on 10 runs - GPU latency: 0.102136 ms - Host latency: 0.102136 ms (enqueue 0.0774292 ms)
[02/25/2026-14:55:06] [I] Average on 10 runs - GPU latency: 0.10127 ms - Host latency: 0.10127 ms (enqueue 0.077356 ms)
[02/25/2026-14:55:06] [I] Average on 10 runs - GPU latency: 0.102234 ms - Host latency: 0.102234 ms (enqueue 0.0782593 ms)
[02/25/2026-14:55:06] [I] Average on 10 runs - GPU latency: 0.10166 ms - Host latency: 0.10166 ms (enqueue 0.0770386 ms)
[02/25/2026-14:55:06] [I] Average on 10 runs - GPU latency: 0.101343 ms - Host latency: 0.101343 ms (enqueue 0.080542 ms)
[02/25/2026-14:55:06] [I] Average on 10 runs - GPU latency: 0.101062 ms - Host latency: 0.101062 ms (enqueue 0.0777344 ms)
[02/25/2026-14:55:06] [I] Average on 10 runs - GPU latency: 0.101123 ms - Host latency: 0.101123 ms (enqueue 0.0784058 ms)
[02/25/2026-14:55:06] [I] Average on 10 runs - GPU latency: 0.101794 ms - Host latency: 0.101794 ms (enqueue 0.0767334 ms)
[02/25/2026-14:55:06] [I] Average on 10 runs - GPU latency: 0.101294 ms - Host latency: 0.101294 ms (enqueue 0.0767944 ms)
[02/25/2026-14:55:06] [I] Average on 10 runs - GPU latency: 0.101868 ms - Host latency: 0.101868 ms (enqueue 0.077063 ms)
[02/25/2026-14:55:06] [I] Average on 10 runs - GPU latency: 0.101941 ms - Host latency: 0.101941 ms (enqueue 0.077832 ms)
[02/25/2026-14:55:06] [I] Average on 10 runs - GPU latency: 0.102344 ms - Host latency: 0.102344 ms (enqueue 0.0786743 ms)
[02/25/2026-14:55:06] [I] Average on 10 runs - GPU latency: 0.100928 ms - Host latency: 0.100928 ms (enqueue 0.080188 ms)
[02/25/2026-14:55:06] [I] Average on 10 runs - GPU latency: 0.102319 ms - Host latency: 0.102319 ms (enqueue 0.0785156 ms)
[02/25/2026-14:55:06] [I] Average on 10 runs - GPU latency: 0.100952 ms - Host latency: 0.100952 ms (enqueue 0.0787964 ms)
[02/25/2026-14:55:06] [I] Average on 10 runs - GPU latency: 0.101233 ms - Host latency: 0.101233 ms (enqueue 0.0768921 ms)
[02/25/2026-14:55:06] [I] Average on 10 runs - GPU latency: 0.101294 ms - Host latency: 0.101294 ms (enqueue 0.0806641 ms)
[02/25/2026-14:55:06] [I] Average on 10 runs - GPU latency: 0.100806 ms - Host latency: 0.100806 ms (enqueue 0.0781006 ms)
[02/25/2026-14:55:06] [I] Average on 10 runs - GPU latency: 0.101428 ms - Host latency: 0.101428 ms (enqueue 0.0769531 ms)
[02/25/2026-14:55:06] [I] Average on 10 runs - GPU latency: 0.101514 ms - Host latency: 0.101514 ms (enqueue 0.0781128 ms)
[02/25/2026-14:55:06] [I] Average on 10 runs - GPU latency: 0.101453 ms - Host latency: 0.101453 ms (enqueue 0.077063 ms)
[02/25/2026-14:55:06] [I] Average on 10 runs - GPU latency: 0.10155 ms - Host latency: 0.10155 ms (enqueue 0.0784424 ms)
[02/25/2026-14:55:06] [I] Average on 10 runs - GPU latency: 0.10116 ms - Host latency: 0.10116 ms (enqueue 0.0785522 ms)
[02/25/2026-14:55:06] [I] Average on 10 runs - GPU latency: 0.102148 ms - Host latency: 0.102148 ms (enqueue 0.078479 ms)
[02/25/2026-14:55:06] [I] Average on 10 runs - GPU latency: 0.101672 ms - Host latency: 0.101672 ms (enqueue 0.0778198 ms)
[02/25/2026-14:55:06] [I] Average on 10 runs - GPU latency: 0.101526 ms - Host latency: 0.101526 ms (enqueue 0.0778931 ms)
[02/25/2026-14:55:06] [I] Average on 10 runs - GPU latency: 0.101123 ms - Host latency: 0.101123 ms (enqueue 0.0766235 ms)
[02/25/2026-14:55:06] [I] Average on 10 runs - GPU latency: 0.101831 ms - Host latency: 0.101831 ms (enqueue 0.0785645 ms)
[02/25/2026-14:55:06] [I] Average on 10 runs - GPU latency: 0.102234 ms - Host latency: 0.102234 ms (enqueue 0.0782837 ms)
[02/25/2026-14:55:06] [I] Average on 10 runs - GPU latency: 0.101782 ms - Host latency: 0.101782 ms (enqueue 0.0779785 ms)
[02/25/2026-14:55:06] [I] Average on 10 runs - GPU latency: 0.102209 ms - Host latency: 0.102209 ms (enqueue 0.0768311 ms)
[02/25/2026-14:55:06] [I] Average on 10 runs - GPU latency: 0.101001 ms - Host latency: 0.101001 ms (enqueue 0.080127 ms)
[02/25/2026-14:55:06] [I] Average on 10 runs - GPU latency: 0.100891 ms - Host latency: 0.100891 ms (enqueue 0.0770142 ms)
[02/25/2026-14:55:06] [I] Average on 10 runs - GPU latency: 0.102063 ms - Host latency: 0.102063 ms (enqueue 0.0775024 ms)
[02/25/2026-14:55:06] [I] Average on 10 runs - GPU latency: 0.101599 ms - Host latency: 0.101599 ms (enqueue 0.077124 ms)
[02/25/2026-14:55:06] [I] Average on 10 runs - GPU latency: 0.100891 ms - Host latency: 0.100891 ms (enqueue 0.0816528 ms)
[02/25/2026-14:55:06] [I] Average on 10 runs - GPU latency: 0.101099 ms - Host latency: 0.101099 ms (enqueue 0.0783936 ms)
[02/25/2026-14:55:06] [I] Average on 10 runs - GPU latency: 0.101501 ms - Host latency: 0.101501 ms (enqueue 0.0773926 ms)
[02/25/2026-14:55:06] [I] Average on 10 runs - GPU latency: 0.10177 ms - Host latency: 0.10177 ms (enqueue 0.0774902 ms)
[02/25/2026-14:55:06] [I] Average on 10 runs - GPU latency: 0.100623 ms - Host latency: 0.100623 ms (enqueue 0.0808838 ms)
[02/25/2026-14:55:06] [I] Average on 10 runs - GPU latency: 0.102063 ms - Host latency: 0.102063 ms (enqueue 0.0781738 ms)
[02/25/2026-14:55:06] [I] Average on 10 runs - GPU latency: 0.101807 ms - Host latency: 0.101807 ms (enqueue 0.0787598 ms)
[02/25/2026-14:55:06] [I] Average on 10 runs - GPU latency: 0.100574 ms - Host latency: 0.100574 ms (enqueue 0.0790527 ms)
[02/25/2026-14:55:06] [I] Average on 10 runs - GPU latency: 0.101147 ms - Host latency: 0.101147 ms (enqueue 0.0791748 ms)
[02/25/2026-14:55:06] [I] Average on 10 runs - GPU latency: 0.101782 ms - Host latency: 0.101782 ms (enqueue 0.0772339 ms)
[02/25/2026-14:55:06] [I] Average on 10 runs - GPU latency: 0.101367 ms - Host latency: 0.101367 ms (enqueue 0.0782105 ms)
[02/25/2026-14:55:06] [I] Average on 10 runs - GPU latency: 0.10094 ms - Host latency: 0.10094 ms (enqueue 0.0802734 ms)
[02/25/2026-14:55:06] [I] Average on 10 runs - GPU latency: 0.101819 ms - Host latency: 0.101819 ms (enqueue 0.0776489 ms)
[02/25/2026-14:55:06] [I] Average on 10 runs - GPU latency: 0.10188 ms - Host latency: 0.10188 ms (enqueue 0.0769165 ms)
[02/25/2026-14:55:06] [I] Average on 10 runs - GPU latency: 0.102393 ms - Host latency: 0.102393 ms (enqueue 0.0773437 ms)
[02/25/2026-14:55:06] [I] Average on 10 runs - GPU latency: 0.101709 ms - Host latency: 0.101709 ms (enqueue 0.0796875 ms)
[02/25/2026-14:55:06] [I] Average on 10 runs - GPU latency: 0.101514 ms - Host latency: 0.101514 ms (enqueue 0.077771 ms)
[02/25/2026-14:55:06] [I] Average on 10 runs - GPU latency: 0.10144 ms - Host latency: 0.10144 ms (enqueue 0.0760132 ms)
[02/25/2026-14:55:06] [I] Average on 10 runs - GPU latency: 0.102136 ms - Host latency: 0.102136 ms (enqueue 0.0782593 ms)
[02/25/2026-14:55:06] [I] Average on 10 runs - GPU latency: 0.101526 ms - Host latency: 0.101526 ms (enqueue 0.0793701 ms)
[02/25/2026-14:55:06] [I] Average on 10 runs - GPU latency: 0.101685 ms - Host latency: 0.101685 ms (enqueue 0.0780151 ms)
[02/25/2026-14:55:06] [I] Average on 10 runs - GPU latency: 0.101416 ms - Host latency: 0.101416 ms (enqueue 0.0772217 ms)
[02/25/2026-14:55:06] [I] Average on 10 runs - GPU latency: 0.101843 ms - Host latency: 0.101843 ms (enqueue 0.0789673 ms)
[02/25/2026-14:55:06] [I] Average on 10 runs - GPU latency: 0.102148 ms - Host latency: 0.102148 ms (enqueue 0.078833 ms)
[02/25/2026-14:55:06] [I] Average on 10 runs - GPU latency: 0.101721 ms - Host latency: 0.101721 ms (enqueue 0.0782471 ms)
[02/25/2026-14:55:06] [I] Average on 10 runs - GPU latency: 0.101038 ms - Host latency: 0.101038 ms (enqueue 0.0782349 ms)
[02/25/2026-14:55:06] [I] Average on 10 runs - GPU latency: 0.101318 ms - Host latency: 0.101318 ms (enqueue 0.0785034 ms)
[02/25/2026-14:55:06] [I] Average on 10 runs - GPU latency: 0.101172 ms - Host latency: 0.101172 ms (enqueue 0.0787231 ms)
[02/25/2026-14:55:06] [I] Average on 10 runs - GPU latency: 0.101184 ms - Host latency: 0.101184 ms (enqueue 0.0769165 ms)
[02/25/2026-14:55:06] [I] Average on 10 runs - GPU latency: 0.101294 ms - Host latency: 0.101294 ms (enqueue 0.0798584 ms)
[02/25/2026-14:55:06] [I] Average on 10 runs - GPU latency: 0.100769 ms - Host latency: 0.100769 ms (enqueue 0.0803711 ms)
[02/25/2026-14:55:06] [I] Average on 10 runs - GPU latency: 0.101904 ms - Host latency: 0.101904 ms (enqueue 0.0786743 ms)
[02/25/2026-14:55:06] [I] Average on 10 runs - GPU latency: 0.101965 ms - Host latency: 0.101965 ms (enqueue 0.0785156 ms)
[02/25/2026-14:55:06] [I] Average on 10 runs - GPU latency: 0.10116 ms - Host latency: 0.10116 ms (enqueue 0.0787842 ms)
[02/25/2026-14:55:06] [I] Average on 10 runs - GPU latency: 0.101184 ms - Host latency: 0.101184 ms (enqueue 0.0789917 ms)
[02/25/2026-14:55:06] [I] Average on 10 runs - GPU latency: 0.101294 ms - Host latency: 0.101294 ms (enqueue 0.0771362 ms)
[02/25/2026-14:55:06] [I] Average on 10 runs - GPU latency: 0.100598 ms - Host latency: 0.100598 ms (enqueue 0.0786743 ms)
[02/25/2026-14:55:06] [I] Average on 10 runs - GPU latency: 0.101978 ms - Host latency: 0.101978 ms (enqueue 0.0779053 ms)
[02/25/2026-14:55:06] [I] Average on 10 runs - GPU latency: 0.101831 ms - Host latency: 0.101831 ms (enqueue 0.0779297 ms)
[02/25/2026-14:55:06] [I] Average on 10 runs - GPU latency: 0.101208 ms - Host latency: 0.101208 ms (enqueue 0.0802734 ms)
[02/25/2026-14:55:06] [I] Average on 10 runs - GPU latency: 0.100842 ms - Host latency: 0.100842 ms (enqueue 0.0757812 ms)
[02/25/2026-14:55:06] [I] Average on 10 runs - GPU latency: 0.102014 ms - Host latency: 0.102014 ms (enqueue 0.0765991 ms)
[02/25/2026-14:55:06] [I] Average on 10 runs - GPU latency: 0.101599 ms - Host latency: 0.101599 ms (enqueue 0.0802002 ms)
[02/25/2026-14:55:06] [I] Average on 10 runs - GPU latency: 0.101636 ms - Host latency: 0.101636 ms (enqueue 0.078894 ms)
[02/25/2026-14:55:06] [I] Average on 10 runs - GPU latency: 0.102405 ms - Host latency: 0.102405 ms (enqueue 0.0769897 ms)
[02/25/2026-14:55:06] [I] Average on 10 runs - GPU latency: 0.102209 ms - Host latency: 0.102209 ms (enqueue 0.0801025 ms)
[02/25/2026-14:55:06] [I] Average on 10 runs - GPU latency: 0.101941 ms - Host latency: 0.101941 ms (enqueue 0.0767822 ms)
[02/25/2026-14:55:06] [I] Average on 10 runs - GPU latency: 0.101392 ms - Host latency: 0.101392 ms (enqueue 0.0794556 ms)
[02/25/2026-14:55:06] [I] Average on 10 runs - GPU latency: 0.101404 ms - Host latency: 0.101404 ms (enqueue 0.0759399 ms)
[02/25/2026-14:55:06] [I] Average on 10 runs - GPU latency: 0.101074 ms - Host latency: 0.101074 ms (enqueue 0.0786865 ms)
[02/25/2026-14:55:06] [I] Average on 10 runs - GPU latency: 0.101367 ms - Host latency: 0.101367 ms (enqueue 0.0805664 ms)
[02/25/2026-14:55:06] [I] Average on 10 runs - GPU latency: 0.101123 ms - Host latency: 0.101123 ms (enqueue 0.0777954 ms)
[02/25/2026-14:55:06] [I] Average on 10 runs - GPU latency: 0.102197 ms - Host latency: 0.102197 ms (enqueue 0.077356 ms)
[02/25/2026-14:55:06] [I] Average on 10 runs - GPU latency: 0.100867 ms - Host latency: 0.100867 ms (enqueue 0.0797241 ms)
[02/25/2026-14:55:06] [I] Average on 10 runs - GPU latency: 0.100623 ms - Host latency: 0.100623 ms (enqueue 0.0806519 ms)
[02/25/2026-14:55:06] [I] Average on 10 runs - GPU latency: 0.101843 ms - Host latency: 0.101843 ms (enqueue 0.0788818 ms)
[02/25/2026-14:55:06] [I] Average on 10 runs - GPU latency: 0.100842 ms - Host latency: 0.100842 ms (enqueue 0.0781372 ms)
[02/25/2026-14:55:06] [I] Average on 10 runs - GPU latency: 0.101282 ms - Host latency: 0.101282 ms (enqueue 0.0786865 ms)
[02/25/2026-14:55:06] [I] Average on 10 runs - GPU latency: 0.100769 ms - Host latency: 0.100769 ms (enqueue 0.0811768 ms)
[02/25/2026-14:55:06] [I] Average on 10 runs - GPU latency: 0.10144 ms - Host latency: 0.10144 ms (enqueue 0.080127 ms)
[02/25/2026-14:55:06] [I] Average on 10 runs - GPU latency: 0.102087 ms - Host latency: 0.102087 ms (enqueue 0.0804932 ms)
[02/25/2026-14:55:06] [I] Average on 10 runs - GPU latency: 0.101758 ms - Host latency: 0.101758 ms (enqueue 0.07677 ms)
[02/25/2026-14:55:06] [I] Average on 10 runs - GPU latency: 0.100818 ms - Host latency: 0.100818 ms (enqueue 0.0796387 ms)
[02/25/2026-14:55:06] [I] Average on 10 runs - GPU latency: 0.102112 ms - Host latency: 0.102112 ms (enqueue 0.0766357 ms)
[02/25/2026-14:55:06] [I] Average on 10 runs - GPU latency: 0.101465 ms - Host latency: 0.101465 ms (enqueue 0.0782715 ms)
[02/25/2026-14:55:06] [I] Average on 10 runs - GPU latency: 0.101208 ms - Host latency: 0.101208 ms (enqueue 0.0785522 ms)
[02/25/2026-14:55:06] [I] Average on 10 runs - GPU latency: 0.101819 ms - Host latency: 0.101819 ms (enqueue 0.0814819 ms)
[02/25/2026-14:55:06] [I] Average on 10 runs - GPU latency: 0.101404 ms - Host latency: 0.101404 ms (enqueue 0.0794922 ms)
[02/25/2026-14:55:06] [I] Average on 10 runs - GPU latency: 0.101025 ms - Host latency: 0.101025 ms (enqueue 0.0773437 ms)
[02/25/2026-14:55:06] [I] Average on 10 runs - GPU latency: 0.101099 ms - Host latency: 0.101099 ms (enqueue 0.0803345 ms)
[02/25/2026-14:55:06] [I] Average on 10 runs - GPU latency: 0.101636 ms - Host latency: 0.101636 ms (enqueue 0.0796265 ms)
[02/25/2026-14:55:06] [I] Average on 10 runs - GPU latency: 0.102185 ms - Host latency: 0.102185 ms (enqueue 0.0764526 ms)
[02/25/2026-14:55:06] [I] Average on 10 runs - GPU latency: 0.101392 ms - Host latency: 0.101392 ms (enqueue 0.0803101 ms)
[02/25/2026-14:55:06] [I] Average on 10 runs - GPU latency: 0.101172 ms - Host latency: 0.101172 ms (enqueue 0.0803345 ms)
[02/25/2026-14:55:06] [I] Average on 10 runs - GPU latency: 0.101904 ms - Host latency: 0.101904 ms (enqueue 0.0785278 ms)
[02/25/2026-14:55:06] [I] Average on 10 runs - GPU latency: 0.10083 ms - Host latency: 0.10083 ms (enqueue 0.0784302 ms)
[02/25/2026-14:55:06] [I] Average on 10 runs - GPU latency: 0.102368 ms - Host latency: 0.102368 ms (enqueue 0.0779541 ms)
[02/25/2026-14:55:06] [I] Average on 10 runs - GPU latency: 0.101599 ms - Host latency: 0.101599 ms (enqueue 0.0813965 ms)
[02/25/2026-14:55:06] [I] Average on 10 runs - GPU latency: 0.101208 ms - Host latency: 0.101208 ms (enqueue 0.0776245 ms)
[02/25/2026-14:55:06] [I] Average on 10 runs - GPU latency: 0.101038 ms - Host latency: 0.101038 ms (enqueue 0.0801636 ms)
[02/25/2026-14:55:06] [I] Average on 10 runs - GPU latency: 0.101562 ms - Host latency: 0.101562 ms (enqueue 0.07771 ms)
[02/25/2026-14:55:06] [I] Average on 10 runs - GPU latency: 0.101575 ms - Host latency: 0.101575 ms (enqueue 0.0814819 ms)
[02/25/2026-14:55:06] [I] Average on 10 runs - GPU latency: 0.102234 ms - Host latency: 0.102234 ms (enqueue 0.0775146 ms)
[02/25/2026-14:55:06] [I] Average on 10 runs - GPU latency: 0.102026 ms - Host latency: 0.102026 ms (enqueue 0.0781128 ms)
[02/25/2026-14:55:06] [I] Average on 10 runs - GPU latency: 0.101221 ms - Host latency: 0.101221 ms (enqueue 0.0786011 ms)
[02/25/2026-14:55:06] [I] Average on 10 runs - GPU latency: 0.101721 ms - Host latency: 0.101721 ms (enqueue 0.0773804 ms)
[02/25/2026-14:55:06] [I] Average on 10 runs - GPU latency: 0.102527 ms - Host latency: 0.102527 ms (enqueue 0.0784424 ms)
[02/25/2026-14:55:06] [I] Average on 10 runs - GPU latency: 0.10116 ms - Host latency: 0.10116 ms (enqueue 0.0789673 ms)
[02/25/2026-14:55:06] [I] Average on 10 runs - GPU latency: 0.101355 ms - Host latency: 0.101355 ms (enqueue 0.0796265 ms)
[02/25/2026-14:55:06] [I] Average on 10 runs - GPU latency: 0.101599 ms - Host latency: 0.101599 ms (enqueue 0.0803833 ms)
[02/25/2026-14:55:06] [I] Average on 10 runs - GPU latency: 0.101526 ms - Host latency: 0.101526 ms (enqueue 0.0791138 ms)
[02/25/2026-14:55:06] [I] Average on 10 runs - GPU latency: 0.101257 ms - Host latency: 0.101257 ms (enqueue 0.0793701 ms)
[02/25/2026-14:55:06] [I] Average on 10 runs - GPU latency: 0.101868 ms - Host latency: 0.101868 ms (enqueue 0.0765259 ms)
[02/25/2026-14:55:06] [I] Average on 10 runs - GPU latency: 0.101526 ms - Host latency: 0.101526 ms (enqueue 0.0805054 ms)
[02/25/2026-14:55:06] [I] Average on 10 runs - GPU latency: 0.102063 ms - Host latency: 0.102063 ms (enqueue 0.0795898 ms)
[02/25/2026-14:55:06] [I] Average on 10 runs - GPU latency: 0.100928 ms - Host latency: 0.100928 ms (enqueue 0.07948 ms)
[02/25/2026-14:55:06] [I] Average on 10 runs - GPU latency: 0.100952 ms - Host latency: 0.100952 ms (enqueue 0.0787964 ms)
[02/25/2026-14:55:06] [I] Average on 10 runs - GPU latency: 0.100586 ms - Host latency: 0.100586 ms (enqueue 0.0803101 ms)
[02/25/2026-14:55:06] [I] Average on 10 runs - GPU latency: 0.101221 ms - Host latency: 0.101221 ms (enqueue 0.078833 ms)
[02/25/2026-14:55:06] [I] Average on 10 runs - GPU latency: 0.101318 ms - Host latency: 0.101318 ms (enqueue 0.0787354 ms)
[02/25/2026-14:55:06] [I] Average on 10 runs - GPU latency: 0.100952 ms - Host latency: 0.100952 ms (enqueue 0.0806396 ms)
[02/25/2026-14:55:06] [I] Average on 10 runs - GPU latency: 0.101355 ms - Host latency: 0.101355 ms (enqueue 0.0767456 ms)
[02/25/2026-14:55:06] [I] Average on 10 runs - GPU latency: 0.101062 ms - Host latency: 0.101062 ms (enqueue 0.0783325 ms)
[02/25/2026-14:55:06] [I] Average on 10 runs - GPU latency: 0.102051 ms - Host latency: 0.102051 ms (enqueue 0.0780029 ms)
[02/25/2026-14:55:06] [I] Average on 10 runs - GPU latency: 0.101099 ms - Host latency: 0.101099 ms (enqueue 0.0796753 ms)
[02/25/2026-14:55:06] [I] Average on 10 runs - GPU latency: 0.101611 ms - Host latency: 0.101611 ms (enqueue 0.0759033 ms)
[02/25/2026-14:55:06] [I] Average on 10 runs - GPU latency: 0.101489 ms - Host latency: 0.101489 ms (enqueue 0.0781738 ms)
[02/25/2026-14:55:06] [I] Average on 10 runs - GPU latency: 0.101367 ms - Host latency: 0.101367 ms (enqueue 0.0768799 ms)
[02/25/2026-14:55:06] [I] Average on 10 runs - GPU latency: 0.101501 ms - Host latency: 0.101501 ms (enqueue 0.0786743 ms)
[02/25/2026-14:55:06] [I] Average on 10 runs - GPU latency: 0.101562 ms - Host latency: 0.101562 ms (enqueue 0.0772583 ms)
[02/25/2026-14:55:06] [I] Average on 10 runs - GPU latency: 0.101672 ms - Host latency: 0.101672 ms (enqueue 0.0765991 ms)
[02/25/2026-14:55:06] [I] Average on 10 runs - GPU latency: 0.101025 ms - Host latency: 0.101025 ms (enqueue 0.0774658 ms)
[02/25/2026-14:55:06] [I] Average on 10 runs - GPU latency: 0.102087 ms - Host latency: 0.102087 ms (enqueue 0.0759644 ms)
[02/25/2026-14:55:06] [I] Average on 10 runs - GPU latency: 0.101648 ms - Host latency: 0.101648 ms (enqueue 0.0783325 ms)
[02/25/2026-14:55:06] [I] Average on 10 runs - GPU latency: 0.101587 ms - Host latency: 0.101587 ms (enqueue 0.0802368 ms)
[02/25/2026-14:55:06] [I] Average on 10 runs - GPU latency: 0.101453 ms - Host latency: 0.101453 ms (enqueue 0.076123 ms)
[02/25/2026-14:55:06] [I] Average on 10 runs - GPU latency: 0.10155 ms - Host latency: 0.10155 ms (enqueue 0.0820068 ms)
[02/25/2026-14:55:06] [I] Average on 10 runs - GPU latency: 0.101868 ms - Host latency: 0.101868 ms (enqueue 0.0760254 ms)
[02/25/2026-14:55:06] [I] Average on 10 runs - GPU latency: 0.101538 ms - Host latency: 0.101538 ms (enqueue 0.0765015 ms)
[02/25/2026-14:55:06] [I] Average on 10 runs - GPU latency: 0.101917 ms - Host latency: 0.101917 ms (enqueue 0.079602 ms)
[02/25/2026-14:55:06] [I] Average on 10 runs - GPU latency: 0.100842 ms - Host latency: 0.100842 ms (enqueue 0.0794556 ms)
[02/25/2026-14:55:06] [I] Average on 10 runs - GPU latency: 0.101599 ms - Host latency: 0.101599 ms (enqueue 0.078479 ms)
[02/25/2026-14:55:06] [I] Average on 10 runs - GPU latency: 0.101172 ms - Host latency: 0.101172 ms (enqueue 0.0773682 ms)
[02/25/2026-14:55:06] [I] Average on 10 runs - GPU latency: 0.101501 ms - Host latency: 0.101501 ms (enqueue 0.0796265 ms)
[02/25/2026-14:55:06] [I] Average on 10 runs - GPU latency: 0.101819 ms - Host latency: 0.101819 ms (enqueue 0.0792969 ms)
[02/25/2026-14:55:06] [I] Average on 10 runs - GPU latency: 0.101099 ms - Host latency: 0.101099 ms (enqueue 0.0770508 ms)
[02/25/2026-14:55:06] [I] Average on 10 runs - GPU latency: 0.101819 ms - Host latency: 0.101819 ms (enqueue 0.0765381 ms)
[02/25/2026-14:55:06] [I] Average on 10 runs - GPU latency: 0.100732 ms - Host latency: 0.100732 ms (enqueue 0.0791626 ms)
[02/25/2026-14:55:06] [I] Average on 10 runs - GPU latency: 0.102356 ms - Host latency: 0.102356 ms (enqueue 0.0806519 ms)
[02/25/2026-14:55:06] [I] Average on 10 runs - GPU latency: 0.101746 ms - Host latency: 0.101746 ms (enqueue 0.0782593 ms)
[02/25/2026-14:55:06] [I] Average on 10 runs - GPU latency: 0.101184 ms - Host latency: 0.101184 ms (enqueue 0.0772949 ms)
[02/25/2026-14:55:06] [I] Average on 10 runs - GPU latency: 0.101562 ms - Host latency: 0.101562 ms (enqueue 0.0803711 ms)
[02/25/2026-14:55:06] [I] Average on 10 runs - GPU latency: 0.100952 ms - Host latency: 0.100952 ms (enqueue 0.0762573 ms)
[02/25/2026-14:55:06] [I] Average on 10 runs - GPU latency: 0.101135 ms - Host latency: 0.101135 ms (enqueue 0.07948 ms)
[02/25/2026-14:55:06] [I] Average on 10 runs - GPU latency: 0.101086 ms - Host latency: 0.101086 ms (enqueue 0.0781006 ms)
[02/25/2026-14:55:06] [I] Average on 10 runs - GPU latency: 0.101892 ms - Host latency: 0.101892 ms (enqueue 0.0795044 ms)
[02/25/2026-14:55:06] [I] Average on 10 runs - GPU latency: 0.10083 ms - Host latency: 0.10083 ms (enqueue 0.0807495 ms)
[02/25/2026-14:55:06] [I] Average on 10 runs - GPU latency: 0.101929 ms - Host latency: 0.101929 ms (enqueue 0.077478 ms)
[02/25/2026-14:55:06] [I] Average on 10 runs - GPU latency: 0.10155 ms - Host latency: 0.10155 ms (enqueue 0.0775879 ms)
[02/25/2026-14:55:06] [I] Average on 10 runs - GPU latency: 0.102136 ms - Host latency: 0.102136 ms (enqueue 0.0800171 ms)
[02/25/2026-14:55:06] [I] Average on 10 runs - GPU latency: 0.101367 ms - Host latency: 0.101367 ms (enqueue 0.0791016 ms)
[02/25/2026-14:55:06] [I] Average on 10 runs - GPU latency: 0.101575 ms - Host latency: 0.101575 ms (enqueue 0.0786377 ms)
[02/25/2026-14:55:06] [I] Average on 10 runs - GPU latency: 0.103186 ms - Host latency: 0.103186 ms (enqueue 0.0772461 ms)
[02/25/2026-14:55:06] [I] Average on 10 runs - GPU latency: 0.100928 ms - Host latency: 0.100928 ms (enqueue 0.0813232 ms)
[02/25/2026-14:55:06] [I] Average on 10 runs - GPU latency: 0.101782 ms - Host latency: 0.101782 ms (enqueue 0.0783203 ms)
[02/25/2026-14:55:06] [I] Average on 10 runs - GPU latency: 0.101624 ms - Host latency: 0.101624 ms (enqueue 0.0773315 ms)
[02/25/2026-14:55:06] [I] Average on 10 runs - GPU latency: 0.10238 ms - Host latency: 0.10238 ms (enqueue 0.0785156 ms)
[02/25/2026-14:55:06] [I] Average on 10 runs - GPU latency: 0.101123 ms - Host latency: 0.101123 ms (enqueue 0.078186 ms)
[02/25/2026-14:55:06] [I] Average on 10 runs - GPU latency: 0.101367 ms - Host latency: 0.101367 ms (enqueue 0.0795044 ms)
[02/25/2026-14:55:06] [I] Average on 10 runs - GPU latency: 0.100989 ms - Host latency: 0.100989 ms (enqueue 0.0794189 ms)
[02/25/2026-14:55:06] [I] Average on 10 runs - GPU latency: 0.101453 ms - Host latency: 0.101453 ms (enqueue 0.0782471 ms)
[02/25/2026-14:55:06] [I] Average on 10 runs - GPU latency: 0.101453 ms - Host latency: 0.101453 ms (enqueue 0.0791748 ms)
[02/25/2026-14:55:06] [I] Average on 10 runs - GPU latency: 0.101709 ms - Host latency: 0.101709 ms (enqueue 0.0775391 ms)
[02/25/2026-14:55:06] [I] Average on 10 runs - GPU latency: 0.10166 ms - Host latency: 0.10166 ms (enqueue 0.0777466 ms)
[02/25/2026-14:55:06] [I] Average on 10 runs - GPU latency: 0.101221 ms - Host latency: 0.101221 ms (enqueue 0.0785767 ms)
[02/25/2026-14:55:06] [I] Average on 10 runs - GPU latency: 0.10144 ms - Host latency: 0.10144 ms (enqueue 0.0791504 ms)
[02/25/2026-14:55:06] [I] Average on 10 runs - GPU latency: 0.101355 ms - Host latency: 0.101355 ms (enqueue 0.0782349 ms)
[02/25/2026-14:55:06] [I] Average on 10 runs - GPU latency: 0.101331 ms - Host latency: 0.101331 ms (enqueue 0.0771973 ms)
[02/25/2026-14:55:06] [I] Average on 10 runs - GPU latency: 0.100818 ms - Host latency: 0.100818 ms (enqueue 0.0798584 ms)
[02/25/2026-14:55:06] [I] Average on 10 runs - GPU latency: 0.101685 ms - Host latency: 0.101685 ms (enqueue 0.0809937 ms)
[02/25/2026-14:55:06] [I] Average on 10 runs - GPU latency: 0.101636 ms - Host latency: 0.101636 ms (enqueue 0.0791504 ms)
[02/25/2026-14:55:06] [I] Average on 10 runs - GPU latency: 0.101294 ms - Host latency: 0.101294 ms (enqueue 0.0761963 ms)
[02/25/2026-14:55:06] [I] Average on 10 runs - GPU latency: 0.101648 ms - Host latency: 0.101648 ms (enqueue 0.080188 ms)
[02/25/2026-14:55:06] [I] Average on 10 runs - GPU latency: 0.101978 ms - Host latency: 0.101978 ms (enqueue 0.076416 ms)
[02/25/2026-14:55:06] [I] Average on 10 runs - GPU latency: 0.100818 ms - Host latency: 0.100818 ms (enqueue 0.0809204 ms)
[02/25/2026-14:55:06] [I] Average on 10 runs - GPU latency: 0.100842 ms - Host latency: 0.100842 ms (enqueue 0.0783936 ms)
[02/25/2026-14:55:06] [I] Average on 10 runs - GPU latency: 0.100525 ms - Host latency: 0.100525 ms (enqueue 0.0802612 ms)
[02/25/2026-14:55:06] [I] Average on 10 runs - GPU latency: 0.101367 ms - Host latency: 0.101367 ms (enqueue 0.0776001 ms)
[02/25/2026-14:55:06] [I] Average on 10 runs - GPU latency: 0.101599 ms - Host latency: 0.101599 ms (enqueue 0.0787964 ms)
[02/25/2026-14:55:06] [I] Average on 10 runs - GPU latency: 0.101172 ms - Host latency: 0.101172 ms (enqueue 0.0779785 ms)
[02/25/2026-14:55:06] [I] Average on 10 runs - GPU latency: 0.10199 ms - Host latency: 0.10199 ms (enqueue 0.0807617 ms)
[02/25/2026-14:55:06] [I] Average on 10 runs - GPU latency: 0.100928 ms - Host latency: 0.100928 ms (enqueue 0.0787109 ms)
[02/25/2026-14:55:06] [I] Average on 10 runs - GPU latency: 0.101648 ms - Host latency: 0.101648 ms (enqueue 0.0778931 ms)
[02/25/2026-14:55:06] [I] Average on 10 runs - GPU latency: 0.101978 ms - Host latency: 0.101978 ms (enqueue 0.0792603 ms)
[02/25/2026-14:55:06] [I] Average on 10 runs - GPU latency: 0.101221 ms - Host latency: 0.101221 ms (enqueue 0.0791016 ms)
[02/25/2026-14:55:06] [I] Average on 10 runs - GPU latency: 0.101465 ms - Host latency: 0.101465 ms (enqueue 0.0788208 ms)
[02/25/2026-14:55:06] [I] Average on 10 runs - GPU latency: 0.1021 ms - Host latency: 0.1021 ms (enqueue 0.0809326 ms)
[02/25/2026-14:55:06] [I] Average on 10 runs - GPU latency: 0.101038 ms - Host latency: 0.101038 ms (enqueue 0.0790161 ms)
[02/25/2026-14:55:06] [I] Average on 10 runs - GPU latency: 0.101501 ms - Host latency: 0.101501 ms (enqueue 0.0795288 ms)
[02/25/2026-14:55:06] [I] Average on 10 runs - GPU latency: 0.1021 ms - Host latency: 0.1021 ms (enqueue 0.0791382 ms)
[02/25/2026-14:55:06] [I] Average on 10 runs - GPU latency: 0.101428 ms - Host latency: 0.101428 ms (enqueue 0.0779053 ms)
[02/25/2026-14:55:06] [I] Average on 10 runs - GPU latency: 0.101575 ms - Host latency: 0.101575 ms (enqueue 0.0794189 ms)
[02/25/2026-14:55:06] [I] Average on 10 runs - GPU latency: 0.101855 ms - Host latency: 0.101855 ms (enqueue 0.0791748 ms)
[02/25/2026-14:55:06] [I] Average on 10 runs - GPU latency: 0.101514 ms - Host latency: 0.101514 ms (enqueue 0.0780762 ms)
[02/25/2026-14:55:06] [I] Average on 10 runs - GPU latency: 0.101624 ms - Host latency: 0.101624 ms (enqueue 0.0799194 ms)
[02/25/2026-14:55:06] [I] Average on 10 runs - GPU latency: 0.101074 ms - Host latency: 0.101074 ms (enqueue 0.0767334 ms)
[02/25/2026-14:55:06] [I] Average on 10 runs - GPU latency: 0.101013 ms - Host latency: 0.101013 ms (enqueue 0.0792847 ms)
[02/25/2026-14:55:06] [I] Average on 10 runs - GPU latency: 0.101111 ms - Host latency: 0.101111 ms (enqueue 0.0787231 ms)
[02/25/2026-14:55:06] [I] Average on 10 runs - GPU latency: 0.100879 ms - Host latency: 0.100879 ms (enqueue 0.0770996 ms)
[02/25/2026-14:55:06] [I] Average on 10 runs - GPU latency: 0.101416 ms - Host latency: 0.101416 ms (enqueue 0.0787231 ms)
[02/25/2026-14:55:06] [I] Average on 10 runs - GPU latency: 0.10144 ms - Host latency: 0.10144 ms (enqueue 0.0781738 ms)
[02/25/2026-14:55:06] [I] Average on 10 runs - GPU latency: 0.101941 ms - Host latency: 0.101941 ms (enqueue 0.0771118 ms)
[02/25/2026-14:55:06] [I] Average on 10 runs - GPU latency: 0.100745 ms - Host latency: 0.100745 ms (enqueue 0.0791382 ms)
[02/25/2026-14:55:06] [I] Average on 10 runs - GPU latency: 0.101379 ms - Host latency: 0.101379 ms (enqueue 0.0781738 ms)
[02/25/2026-14:55:06] [I] Average on 10 runs - GPU latency: 0.101123 ms - Host latency: 0.101123 ms (enqueue 0.0773071 ms)
[02/25/2026-14:55:06] [I] Average on 10 runs - GPU latency: 0.101172 ms - Host latency: 0.101172 ms (enqueue 0.0779907 ms)
[02/25/2026-14:55:06] [I] Average on 10 runs - GPU latency: 0.101672 ms - Host latency: 0.101672 ms (enqueue 0.0794922 ms)
[02/25/2026-14:55:06] [I] Average on 10 runs - GPU latency: 0.101453 ms - Host latency: 0.101453 ms (enqueue 0.078186 ms)
[02/25/2026-14:55:06] [I] Average on 10 runs - GPU latency: 0.101489 ms - Host latency: 0.101489 ms (enqueue 0.0782837 ms)
[02/25/2026-14:55:06] [I] Average on 10 runs - GPU latency: 0.10177 ms - Host latency: 0.10177 ms (enqueue 0.0785278 ms)
[02/25/2026-14:55:06] [I] Average on 10 runs - GPU latency: 0.101208 ms - Host latency: 0.101208 ms (enqueue 0.0777588 ms)
[02/25/2026-14:55:06] [I] Average on 10 runs - GPU latency: 0.101453 ms - Host latency: 0.101453 ms (enqueue 0.07948 ms)
[02/25/2026-14:55:06] [I] Average on 10 runs - GPU latency: 0.101257 ms - Host latency: 0.101257 ms (enqueue 0.0797119 ms)
[02/25/2026-14:55:06] [I] Average on 10 runs - GPU latency: 0.101367 ms - Host latency: 0.101367 ms (enqueue 0.0781128 ms)
[02/25/2026-14:55:06] [I] Average on 10 runs - GPU latency: 0.101477 ms - Host latency: 0.101477 ms (enqueue 0.0768433 ms)
[02/25/2026-14:55:06] [I] Average on 10 runs - GPU latency: 0.101721 ms - Host latency: 0.101721 ms (enqueue 0.079248 ms)
[02/25/2026-14:55:06] [I] Average on 10 runs - GPU latency: 0.102319 ms - Host latency: 0.102319 ms (enqueue 0.0781372 ms)
[02/25/2026-14:55:06] [I] Average on 10 runs - GPU latency: 0.102026 ms - Host latency: 0.102026 ms (enqueue 0.0777344 ms)
[02/25/2026-14:55:06] [I] Average on 10 runs - GPU latency: 0.101721 ms - Host latency: 0.101721 ms (enqueue 0.0778931 ms)
[02/25/2026-14:55:06] [I] Average on 10 runs - GPU latency: 0.101672 ms - Host latency: 0.101672 ms (enqueue 0.0798218 ms)
[02/25/2026-14:55:06] [I] Average on 10 runs - GPU latency: 0.100745 ms - Host latency: 0.100745 ms (enqueue 0.0778198 ms)
[02/25/2026-14:55:06] [I] Average on 10 runs - GPU latency: 0.101294 ms - Host latency: 0.101294 ms (enqueue 0.0763306 ms)
[02/25/2026-14:55:06] [I] Average on 10 runs - GPU latency: 0.101233 ms - Host latency: 0.101233 ms (enqueue 0.0786743 ms)
[02/25/2026-14:55:06] [I] Average on 10 runs - GPU latency: 0.101526 ms - Host latency: 0.101526 ms (enqueue 0.0794189 ms)
[02/25/2026-14:55:06] [I] Average on 10 runs - GPU latency: 0.101099 ms - Host latency: 0.101099 ms (enqueue 0.0772461 ms)
[02/25/2026-14:55:06] [I] Average on 10 runs - GPU latency: 0.101013 ms - Host latency: 0.101013 ms (enqueue 0.0767456 ms)
[02/25/2026-14:55:06] [I] Average on 10 runs - GPU latency: 0.101331 ms - Host latency: 0.101331 ms (enqueue 0.0795288 ms)
[02/25/2026-14:55:06] [I] Average on 10 runs - GPU latency: 0.101672 ms - Host latency: 0.101672 ms (enqueue 0.0779907 ms)
[02/25/2026-14:55:06] [I] Average on 10 runs - GPU latency: 0.102222 ms - Host latency: 0.102222 ms (enqueue 0.0775391 ms)
[02/25/2026-14:55:06] [I] Average on 10 runs - GPU latency: 0.101819 ms - Host latency: 0.101819 ms (enqueue 0.0769165 ms)
[02/25/2026-14:55:06] [I] Average on 10 runs - GPU latency: 0.101965 ms - Host latency: 0.101965 ms (enqueue 0.0787109 ms)
[02/25/2026-14:55:06] [I] Average on 10 runs - GPU latency: 0.101392 ms - Host latency: 0.101392 ms (enqueue 0.0775635 ms)
[02/25/2026-14:55:06] [I] Average on 10 runs - GPU latency: 0.100916 ms - Host latency: 0.100916 ms (enqueue 0.0773926 ms)
[02/25/2026-14:55:06] [I] Average on 10 runs - GPU latency: 0.101685 ms - Host latency: 0.101685 ms (enqueue 0.0772095 ms)
[02/25/2026-14:55:06] [I] Average on 10 runs - GPU latency: 0.101965 ms - Host latency: 0.101965 ms (enqueue 0.0818481 ms)
[02/25/2026-14:55:06] [I] Average on 10 runs - GPU latency: 0.10155 ms - Host latency: 0.10155 ms (enqueue 0.077356 ms)
[02/25/2026-14:55:06] [I] Average on 10 runs - GPU latency: 0.101575 ms - Host latency: 0.101575 ms (enqueue 0.0794922 ms)
[02/25/2026-14:55:06] [I] Average on 10 runs - GPU latency: 0.101416 ms - Host latency: 0.101416 ms (enqueue 0.0786621 ms)
[02/25/2026-14:55:06] [I] Average on 10 runs - GPU latency: 0.102393 ms - Host latency: 0.102393 ms (enqueue 0.0831543 ms)
[02/25/2026-14:55:06] [I] Average on 10 runs - GPU latency: 0.101245 ms - Host latency: 0.101245 ms (enqueue 0.0760498 ms)
[02/25/2026-14:55:06] [I] Average on 10 runs - GPU latency: 0.102502 ms - Host latency: 0.102502 ms (enqueue 0.0767456 ms)
[02/25/2026-14:55:06] [I] Average on 10 runs - GPU latency: 0.101147 ms - Host latency: 0.101147 ms (enqueue 0.0776611 ms)
[02/25/2026-14:55:06] [I] Average on 10 runs - GPU latency: 0.101904 ms - Host latency: 0.101904 ms (enqueue 0.0800537 ms)
[02/25/2026-14:55:06] [I] Average on 10 runs - GPU latency: 0.10105 ms - Host latency: 0.10105 ms (enqueue 0.0779175 ms)
[02/25/2026-14:55:06] [I] Average on 10 runs - GPU latency: 0.102209 ms - Host latency: 0.102209 ms (enqueue 0.0789917 ms)
[02/25/2026-14:55:06] [I] Average on 10 runs - GPU latency: 0.101965 ms - Host latency: 0.101965 ms (enqueue 0.0773437 ms)
[02/25/2026-14:55:06] [I] Average on 10 runs - GPU latency: 0.101904 ms - Host latency: 0.101904 ms (enqueue 0.0783325 ms)
[02/25/2026-14:55:06] [I] Average on 10 runs - GPU latency: 0.10177 ms - Host latency: 0.10177 ms (enqueue 0.0766968 ms)
[02/25/2026-14:55:06] [I] Average on 10 runs - GPU latency: 0.101367 ms - Host latency: 0.101367 ms (enqueue 0.0768921 ms)
[02/25/2026-14:55:06] [I] Average on 10 runs - GPU latency: 0.101184 ms - Host latency: 0.101184 ms (enqueue 0.0786987 ms)
[02/25/2026-14:55:06] [I] Average on 10 runs - GPU latency: 0.101697 ms - Host latency: 0.101697 ms (enqueue 0.0779175 ms)
[02/25/2026-14:55:06] [I] Average on 10 runs - GPU latency: 0.101831 ms - Host latency: 0.101831 ms (enqueue 0.0790894 ms)
[02/25/2026-14:55:06] [I] Average on 10 runs - GPU latency: 0.101917 ms - Host latency: 0.101917 ms (enqueue 0.0776367 ms)
[02/25/2026-14:55:06] [I] Average on 10 runs - GPU latency: 0.10155 ms - Host latency: 0.10155 ms (enqueue 0.0783936 ms)
[02/25/2026-14:55:06] [I] Average on 10 runs - GPU latency: 0.102319 ms - Host latency: 0.102319 ms (enqueue 0.0788452 ms)
[02/25/2026-14:55:06] [I] Average on 10 runs - GPU latency: 0.100696 ms - Host latency: 0.100696 ms (enqueue 0.0776245 ms)
[02/25/2026-14:55:06] [I] Average on 10 runs - GPU latency: 0.102002 ms - Host latency: 0.102002 ms (enqueue 0.0779663 ms)
[02/25/2026-14:55:06] [I] Average on 10 runs - GPU latency: 0.101562 ms - Host latency: 0.101562 ms (enqueue 0.0777588 ms)
[02/25/2026-14:55:06] [I] Average on 10 runs - GPU latency: 0.101575 ms - Host latency: 0.101575 ms (enqueue 0.0793579 ms)
[02/25/2026-14:55:06] [I] Average on 10 runs - GPU latency: 0.101965 ms - Host latency: 0.101965 ms (enqueue 0.0770996 ms)
[02/25/2026-14:55:06] [I] Average on 10 runs - GPU latency: 0.101831 ms - Host latency: 0.101831 ms (enqueue 0.0781006 ms)
[02/25/2026-14:55:06] [I] Average on 10 runs - GPU latency: 0.100818 ms - Host latency: 0.100818 ms (enqueue 0.0795898 ms)
[02/25/2026-14:55:06] [I] Average on 10 runs - GPU latency: 0.101636 ms - Host latency: 0.101636 ms (enqueue 0.076648 ms)
[02/25/2026-14:55:06] [I] Average on 10 runs - GPU latency: 0.101562 ms - Host latency: 0.101562 ms (enqueue 0.0774658 ms)
[02/25/2026-14:55:06] [I] Average on 10 runs - GPU latency: 0.101343 ms - Host latency: 0.101343 ms (enqueue 0.0769897 ms)
[02/25/2026-14:55:06] [I] Average on 10 runs - GPU latency: 0.101111 ms - Host latency: 0.101111 ms (enqueue 0.0798706 ms)
[02/25/2026-14:55:06] [I] Average on 10 runs - GPU latency: 0.101599 ms - Host latency: 0.101599 ms (enqueue 0.0769653 ms)
[02/25/2026-14:55:06] [I] Average on 10 runs - GPU latency: 0.101721 ms - Host latency: 0.101721 ms (enqueue 0.0770264 ms)
[02/25/2026-14:55:06] [I] Average on 10 runs - GPU latency: 0.100781 ms - Host latency: 0.100781 ms (enqueue 0.0775879 ms)
[02/25/2026-14:55:06] [I] Average on 10 runs - GPU latency: 0.101221 ms - Host latency: 0.101221 ms (enqueue 0.0763306 ms)
[02/25/2026-14:55:06] [I] Average on 10 runs - GPU latency: 0.101208 ms - Host latency: 0.101208 ms (enqueue 0.0780884 ms)
[02/25/2026-14:55:06] [I] Average on 10 runs - GPU latency: 0.10155 ms - Host latency: 0.10155 ms (enqueue 0.0780762 ms)
[02/25/2026-14:55:06] [I] Average on 10 runs - GPU latency: 0.10072 ms - Host latency: 0.10072 ms (enqueue 0.0783203 ms)
[02/25/2026-14:55:06] [I] Average on 10 runs - GPU latency: 0.102136 ms - Host latency: 0.102136 ms (enqueue 0.0823242 ms)
[02/25/2026-14:55:06] [I] Average on 10 runs - GPU latency: 0.101331 ms - Host latency: 0.101331 ms (enqueue 0.0767212 ms)
[02/25/2026-14:55:06] [I] Average on 10 runs - GPU latency: 0.10144 ms - Host latency: 0.10144 ms (enqueue 0.0777466 ms)
[02/25/2026-14:55:06] [I] Average on 10 runs - GPU latency: 0.102148 ms - Host latency: 0.102148 ms (enqueue 0.0783203 ms)
[02/25/2026-14:55:06] [I] Average on 10 runs - GPU latency: 0.101562 ms - Host latency: 0.101562 ms (enqueue 0.0782959 ms)
[02/25/2026-14:55:06] [I] Average on 10 runs - GPU latency: 0.101086 ms - Host latency: 0.101086 ms (enqueue 0.0773315 ms)
[02/25/2026-14:55:06] [I] Average on 10 runs - GPU latency: 0.101135 ms - Host latency: 0.101135 ms (enqueue 0.0783691 ms)
[02/25/2026-14:55:06] [I] Average on 10 runs - GPU latency: 0.101733 ms - Host latency: 0.101733 ms (enqueue 0.0795898 ms)
[02/25/2026-14:55:06] [I] Average on 10 runs - GPU latency: 0.101294 ms - Host latency: 0.101294 ms (enqueue 0.0806641 ms)
[02/25/2026-14:55:06] [I] Average on 10 runs - GPU latency: 0.10144 ms - Host latency: 0.10144 ms (enqueue 0.0778809 ms)
[02/25/2026-14:55:06] [I] Average on 10 runs - GPU latency: 0.101562 ms - Host latency: 0.101562 ms (enqueue 0.0777222 ms)
[02/25/2026-14:55:06] [I] Average on 10 runs - GPU latency: 0.10144 ms - Host latency: 0.10144 ms (enqueue 0.0785156 ms)
[02/25/2026-14:55:06] [I] Average on 10 runs - GPU latency: 0.102075 ms - Host latency: 0.102075 ms (enqueue 0.0807861 ms)
[02/25/2026-14:55:06] [I] Average on 10 runs - GPU latency: 0.101465 ms - Host latency: 0.101465 ms (enqueue 0.0795044 ms)
[02/25/2026-14:55:06] [I] Average on 10 runs - GPU latency: 0.101172 ms - Host latency: 0.101172 ms (enqueue 0.0789185 ms)
[02/25/2026-14:55:06] [I] Average on 10 runs - GPU latency: 0.101062 ms - Host latency: 0.101062 ms (enqueue 0.0790649 ms)
[02/25/2026-14:55:06] [I] Average on 10 runs - GPU latency: 0.101807 ms - Host latency: 0.101807 ms (enqueue 0.0778564 ms)
[02/25/2026-14:55:06] [I] Average on 10 runs - GPU latency: 0.101208 ms - Host latency: 0.101208 ms (enqueue 0.0779785 ms)
[02/25/2026-14:55:06] [I] Average on 10 runs - GPU latency: 0.101733 ms - Host latency: 0.101733 ms (enqueue 0.0780762 ms)
[02/25/2026-14:55:06] [I] Average on 10 runs - GPU latency: 0.101624 ms - Host latency: 0.101624 ms (enqueue 0.0781738 ms)
[02/25/2026-14:55:06] [I] Average on 10 runs - GPU latency: 0.101025 ms - Host latency: 0.101025 ms (enqueue 0.0784302 ms)
[02/25/2026-14:55:06] [I] Average on 10 runs - GPU latency: 0.101343 ms - Host latency: 0.101343 ms (enqueue 0.0779053 ms)
[02/25/2026-14:55:06] [I] Average on 10 runs - GPU latency: 0.101404 ms - Host latency: 0.101404 ms (enqueue 0.0780762 ms)
[02/25/2026-14:55:06] [I] Average on 10 runs - GPU latency: 0.101721 ms - Host latency: 0.101721 ms (enqueue 0.0778931 ms)
[02/25/2026-14:55:06] [I] Average on 10 runs - GPU latency: 0.101062 ms - Host latency: 0.101062 ms (enqueue 0.0770874 ms)
[02/25/2026-14:55:06] [I] Average on 10 runs - GPU latency: 0.102637 ms - Host latency: 0.102637 ms (enqueue 0.0774902 ms)
[02/25/2026-14:55:06] [I] Average on 10 runs - GPU latency: 0.101416 ms - Host latency: 0.101416 ms (enqueue 0.0771362 ms)
[02/25/2026-14:55:06] [I] Average on 10 runs - GPU latency: 0.100977 ms - Host latency: 0.100977 ms (enqueue 0.0802124 ms)
[02/25/2026-14:55:06] [I] Average on 10 runs - GPU latency: 0.100964 ms - Host latency: 0.100964 ms (enqueue 0.0775513 ms)
[02/25/2026-14:55:06] [I] Average on 10 runs - GPU latency: 0.101416 ms - Host latency: 0.101416 ms (enqueue 0.0786499 ms)
[02/25/2026-14:55:06] [I] Average on 10 runs - GPU latency: 0.101562 ms - Host latency: 0.101562 ms (enqueue 0.0764893 ms)
[02/25/2026-14:55:06] [I] Average on 10 runs - GPU latency: 0.101013 ms - Host latency: 0.101013 ms (enqueue 0.0808228 ms)
[02/25/2026-14:55:06] [I] Average on 10 runs - GPU latency: 0.100854 ms - Host latency: 0.100854 ms (enqueue 0.0774292 ms)
[02/25/2026-14:55:06] [I] Average on 10 runs - GPU latency: 0.100928 ms - Host latency: 0.100928 ms (enqueue 0.0773682 ms)
[02/25/2026-14:55:06] [I] Average on 10 runs - GPU latency: 0.101453 ms - Host latency: 0.101453 ms (enqueue 0.0801025 ms)
[02/25/2026-14:55:06] [I] Average on 10 runs - GPU latency: 0.101685 ms - Host latency: 0.101685 ms (enqueue 0.0790283 ms)
[02/25/2026-14:55:06] [I] Average on 10 runs - GPU latency: 0.10116 ms - Host latency: 0.10116 ms (enqueue 0.0781738 ms)
[02/25/2026-14:55:06] [I] Average on 10 runs - GPU latency: 0.101648 ms - Host latency: 0.101648 ms (enqueue 0.0776123 ms)
[02/25/2026-14:55:06] [I] Average on 10 runs - GPU latency: 0.101086 ms - Host latency: 0.101086 ms (enqueue 0.0782105 ms)
[02/25/2026-14:55:06] [I] Average on 10 runs - GPU latency: 0.101953 ms - Host latency: 0.101953 ms (enqueue 0.0788574 ms)
[02/25/2026-14:55:06] [I] Average on 10 runs - GPU latency: 0.101917 ms - Host latency: 0.101917 ms (enqueue 0.0765137 ms)
[02/25/2026-14:55:06] [I] Average on 10 runs - GPU latency: 0.101538 ms - Host latency: 0.101538 ms (enqueue 0.0789673 ms)
[02/25/2026-14:55:06] [I] Average on 10 runs - GPU latency: 0.102136 ms - Host latency: 0.102136 ms (enqueue 0.0779053 ms)
[02/25/2026-14:55:06] [I] Average on 10 runs - GPU latency: 0.100659 ms - Host latency: 0.100659 ms (enqueue 0.0808228 ms)
[02/25/2026-14:55:06] [I] Average on 10 runs - GPU latency: 0.101001 ms - Host latency: 0.101001 ms (enqueue 0.0786133 ms)
[02/25/2026-14:55:06] [I] Average on 10 runs - GPU latency: 0.101636 ms - Host latency: 0.101636 ms (enqueue 0.0776978 ms)
[02/25/2026-14:55:06] [I] Average on 10 runs - GPU latency: 0.101306 ms - Host latency: 0.101306 ms (enqueue 0.0793945 ms)
[02/25/2026-14:55:06] [I] Average on 10 runs - GPU latency: 0.101746 ms - Host latency: 0.101746 ms (enqueue 0.0785034 ms)
[02/25/2026-14:55:06] [I] Average on 10 runs - GPU latency: 0.101514 ms - Host latency: 0.101514 ms (enqueue 0.0783936 ms)
[02/25/2026-14:55:06] [I] Average on 10 runs - GPU latency: 0.102222 ms - Host latency: 0.102222 ms (enqueue 0.0796753 ms)
[02/25/2026-14:55:06] [I] Average on 10 runs - GPU latency: 0.101758 ms - Host latency: 0.101758 ms (enqueue 0.0770874 ms)
[02/25/2026-14:55:06] [I] Average on 10 runs - GPU latency: 0.100806 ms - Host latency: 0.100806 ms (enqueue 0.076416 ms)
[02/25/2026-14:55:06] [I] Average on 10 runs - GPU latency: 0.101648 ms - Host latency: 0.101648 ms (enqueue 0.0782227 ms)
[02/25/2026-14:55:06] [I] Average on 10 runs - GPU latency: 0.101611 ms - Host latency: 0.101611 ms (enqueue 0.0766602 ms)
[02/25/2026-14:55:06] [I] Average on 10 runs - GPU latency: 0.102283 ms - Host latency: 0.102283 ms (enqueue 0.0783081 ms)
[02/25/2026-14:55:06] [I] Average on 10 runs - GPU latency: 0.101904 ms - Host latency: 0.101904 ms (enqueue 0.0777222 ms)
[02/25/2026-14:55:06] [I] Average on 10 runs - GPU latency: 0.102271 ms - Host latency: 0.102271 ms (enqueue 0.0773437 ms)
[02/25/2026-14:55:06] [I] Average on 10 runs - GPU latency: 0.101465 ms - Host latency: 0.101465 ms (enqueue 0.0787354 ms)
[02/25/2026-14:55:06] [I] Average on 10 runs - GPU latency: 0.101672 ms - Host latency: 0.101672 ms (enqueue 0.0794189 ms)
[02/25/2026-14:55:06] [I] Average on 10 runs - GPU latency: 0.102014 ms - Host latency: 0.102014 ms (enqueue 0.0775757 ms)
[02/25/2026-14:55:06] [I] Average on 10 runs - GPU latency: 0.101672 ms - Host latency: 0.101672 ms (enqueue 0.0765259 ms)
[02/25/2026-14:55:06] [I] Average on 10 runs - GPU latency: 0.101599 ms - Host latency: 0.101599 ms (enqueue 0.0784912 ms)
[02/25/2026-14:55:06] [I] Average on 10 runs - GPU latency: 0.101575 ms - Host latency: 0.101575 ms (enqueue 0.0764648 ms)
[02/25/2026-14:55:06] [I] Average on 10 runs - GPU latency: 0.100952 ms - Host latency: 0.100952 ms (enqueue 0.0788574 ms)
[02/25/2026-14:55:06] [I] Average on 10 runs - GPU latency: 0.101733 ms - Host latency: 0.101733 ms (enqueue 0.0762451 ms)
[02/25/2026-14:55:06] [I] Average on 10 runs - GPU latency: 0.101648 ms - Host latency: 0.101648 ms (enqueue 0.0776001 ms)
[02/25/2026-14:55:06] [I] Average on 10 runs - GPU latency: 0.101306 ms - Host latency: 0.101306 ms (enqueue 0.0804565 ms)
[02/25/2026-14:55:06] [I] Average on 10 runs - GPU latency: 0.10188 ms - Host latency: 0.10188 ms (enqueue 0.078125 ms)
[02/25/2026-14:55:06] [I] Average on 10 runs - GPU latency: 0.101013 ms - Host latency: 0.101013 ms (enqueue 0.0777588 ms)
[02/25/2026-14:55:06] [I] Average on 10 runs - GPU latency: 0.101636 ms - Host latency: 0.101636 ms (enqueue 0.0774048 ms)
[02/25/2026-14:55:06] [I] Average on 10 runs - GPU latency: 0.101086 ms - Host latency: 0.101086 ms (enqueue 0.0805786 ms)
[02/25/2026-14:55:06] [I] Average on 10 runs - GPU latency: 0.101331 ms - Host latency: 0.101331 ms (enqueue 0.0777466 ms)
[02/25/2026-14:55:06] [I] Average on 10 runs - GPU latency: 0.101392 ms - Host latency: 0.101392 ms (enqueue 0.0775757 ms)
[02/25/2026-14:55:06] [I] Average on 10 runs - GPU latency: 0.101196 ms - Host latency: 0.101196 ms (enqueue 0.0766846 ms)
[02/25/2026-14:55:06] [I] Average on 10 runs - GPU latency: 0.101965 ms - Host latency: 0.101965 ms (enqueue 0.0765137 ms)
[02/25/2026-14:55:06] [I] Average on 10 runs - GPU latency: 0.100806 ms - Host latency: 0.100806 ms (enqueue 0.0774414 ms)
[02/25/2026-14:55:06] [I] Average on 10 runs - GPU latency: 0.101819 ms - Host latency: 0.101819 ms (enqueue 0.0771362 ms)
[02/25/2026-14:55:06] [I] Average on 10 runs - GPU latency: 0.100916 ms - Host latency: 0.100916 ms (enqueue 0.0776978 ms)
[02/25/2026-14:55:06] [I] Average on 10 runs - GPU latency: 0.101257 ms - Host latency: 0.101257 ms (enqueue 0.0777222 ms)
[02/25/2026-14:55:06] [I] Average on 10 runs - GPU latency: 0.102185 ms - Host latency: 0.102185 ms (enqueue 0.0769165 ms)
[02/25/2026-14:55:06] [I] Average on 10 runs - GPU latency: 0.101831 ms - Host latency: 0.101831 ms (enqueue 0.0777954 ms)
[02/25/2026-14:55:06] [I] Average on 10 runs - GPU latency: 0.101917 ms - Host latency: 0.101917 ms (enqueue 0.0795898 ms)
[02/25/2026-14:55:06] [I] Average on 10 runs - GPU latency: 0.101343 ms - Host latency: 0.101343 ms (enqueue 0.0778809 ms)
[02/25/2026-14:55:06] [I] Average on 10 runs - GPU latency: 0.101477 ms - Host latency: 0.101477 ms (enqueue 0.0774048 ms)
[02/25/2026-14:55:06] [I] Average on 10 runs - GPU latency: 0.101611 ms - Host latency: 0.101611 ms (enqueue 0.0762207 ms)
[02/25/2026-14:55:06] [I] Average on 10 runs - GPU latency: 0.101526 ms - Host latency: 0.101526 ms (enqueue 0.0803345 ms)
[02/25/2026-14:55:06] [I] Average on 10 runs - GPU latency: 0.101501 ms - Host latency: 0.101501 ms (enqueue 0.0775391 ms)
[02/25/2026-14:55:06] [I] Average on 10 runs - GPU latency: 0.101892 ms - Host latency: 0.101892 ms (enqueue 0.0772583 ms)
[02/25/2026-14:55:06] [I] Average on 10 runs - GPU latency: 0.102234 ms - Host latency: 0.102234 ms (enqueue 0.0784302 ms)
[02/25/2026-14:55:06] [I] Average on 10 runs - GPU latency: 0.101184 ms - Host latency: 0.101184 ms (enqueue 0.0786621 ms)
[02/25/2026-14:55:06] [I] Average on 10 runs - GPU latency: 0.101196 ms - Host latency: 0.101196 ms (enqueue 0.0787476 ms)
[02/25/2026-14:55:06] [I] Average on 10 runs - GPU latency: 0.101929 ms - Host latency: 0.101929 ms (enqueue 0.0793579 ms)
[02/25/2026-14:55:06] [I] Average on 10 runs - GPU latency: 0.101196 ms - Host latency: 0.101196 ms (enqueue 0.0772949 ms)
[02/25/2026-14:55:06] [I] Average on 10 runs - GPU latency: 0.101685 ms - Host latency: 0.101685 ms (enqueue 0.0792358 ms)
[02/25/2026-14:55:06] [I] Average on 10 runs - GPU latency: 0.101526 ms - Host latency: 0.101526 ms (enqueue 0.0794922 ms)
[02/25/2026-14:55:06] [I] Average on 10 runs - GPU latency: 0.101404 ms - Host latency: 0.101404 ms (enqueue 0.0779907 ms)
[02/25/2026-14:55:06] [I] Average on 10 runs - GPU latency: 0.102539 ms - Host latency: 0.102539 ms (enqueue 0.0763306 ms)
[02/25/2026-14:55:06] [I] Average on 10 runs - GPU latency: 0.101196 ms - Host latency: 0.101196 ms (enqueue 0.0772949 ms)
[02/25/2026-14:55:06] [I] Average on 10 runs - GPU latency: 0.101831 ms - Host latency: 0.101831 ms (enqueue 0.078772 ms)
[02/25/2026-14:55:06] [I] Average on 10 runs - GPU latency: 0.101929 ms - Host latency: 0.101929 ms (enqueue 0.0774658 ms)
[02/25/2026-14:55:06] [I] Average on 10 runs - GPU latency: 0.101001 ms - Host latency: 0.101001 ms (enqueue 0.0791138 ms)
[02/25/2026-14:55:06] [I] Average on 10 runs - GPU latency: 0.101465 ms - Host latency: 0.101465 ms (enqueue 0.0807373 ms)
[02/25/2026-14:55:06] [I] Average on 10 runs - GPU latency: 0.10127 ms - Host latency: 0.10127 ms (enqueue 0.0792114 ms)
[02/25/2026-14:55:06] [I] Average on 10 runs - GPU latency: 0.100635 ms - Host latency: 0.100635 ms (enqueue 0.0771118 ms)
[02/25/2026-14:55:06] [I] Average on 10 runs - GPU latency: 0.101575 ms - Host latency: 0.101575 ms (enqueue 0.0821899 ms)
[02/25/2026-14:55:06] [I] Average on 10 runs - GPU latency: 0.101074 ms - Host latency: 0.101074 ms (enqueue 0.0775269 ms)
[02/25/2026-14:55:06] [I] Average on 10 runs - GPU latency: 0.101624 ms - Host latency: 0.101624 ms (enqueue 0.0794189 ms)
[02/25/2026-14:55:06] [I] Average on 10 runs - GPU latency: 0.101746 ms - Host latency: 0.101746 ms (enqueue 0.0771851 ms)
[02/25/2026-14:55:06] [I] Average on 10 runs - GPU latency: 0.102502 ms - Host latency: 0.102502 ms (enqueue 0.0769531 ms)
[02/25/2026-14:55:06] [I] Average on 10 runs - GPU latency: 0.10177 ms - Host latency: 0.10177 ms (enqueue 0.0798828 ms)
[02/25/2026-14:55:06] [I] Average on 10 runs - GPU latency: 0.101501 ms - Host latency: 0.101501 ms (enqueue 0.0780518 ms)
[02/25/2026-14:55:06] [I] Average on 10 runs - GPU latency: 0.101917 ms - Host latency: 0.101917 ms (enqueue 0.0778809 ms)
[02/25/2026-14:55:06] [I] Average on 10 runs - GPU latency: 0.101379 ms - Host latency: 0.101379 ms (enqueue 0.0788696 ms)
[02/25/2026-14:55:06] [I] Average on 10 runs - GPU latency: 0.102063 ms - Host latency: 0.102063 ms (enqueue 0.077478 ms)
[02/25/2026-14:55:06] [I] Average on 10 runs - GPU latency: 0.101489 ms - Host latency: 0.101489 ms (enqueue 0.0782837 ms)
[02/25/2026-14:55:06] [I] Average on 10 runs - GPU latency: 0.10166 ms - Host latency: 0.10166 ms (enqueue 0.0781372 ms)
[02/25/2026-14:55:06] [I] Average on 10 runs - GPU latency: 0.10116 ms - Host latency: 0.10116 ms (enqueue 0.0802368 ms)
[02/25/2026-14:55:06] [I] Average on 10 runs - GPU latency: 0.101392 ms - Host latency: 0.101392 ms (enqueue 0.0793091 ms)
[02/25/2026-14:55:06] [I] Average on 10 runs - GPU latency: 0.101099 ms - Host latency: 0.101099 ms (enqueue 0.0776123 ms)
[02/25/2026-14:55:06] [I] Average on 10 runs - GPU latency: 0.101562 ms - Host latency: 0.101562 ms (enqueue 0.0786987 ms)
[02/25/2026-14:55:06] [I] Average on 10 runs - GPU latency: 0.101306 ms - Host latency: 0.101306 ms (enqueue 0.0772217 ms)
[02/25/2026-14:55:06] [I] Average on 10 runs - GPU latency: 0.101221 ms - Host latency: 0.101221 ms (enqueue 0.0772461 ms)
[02/25/2026-14:55:06] [I] Average on 10 runs - GPU latency: 0.101843 ms - Host latency: 0.101843 ms (enqueue 0.0769409 ms)
[02/25/2026-14:55:06] [I] Average on 10 runs - GPU latency: 0.10177 ms - Host latency: 0.10177 ms (enqueue 0.0776978 ms)
[02/25/2026-14:55:06] [I] Average on 10 runs - GPU latency: 0.101843 ms - Host latency: 0.101843 ms (enqueue 0.0785156 ms)
[02/25/2026-14:55:06] [I] Average on 10 runs - GPU latency: 0.101392 ms - Host latency: 0.101392 ms (enqueue 0.0773193 ms)
[02/25/2026-14:55:06] [I] Average on 10 runs - GPU latency: 0.101685 ms - Host latency: 0.101685 ms (enqueue 0.0772705 ms)
[02/25/2026-14:55:06] [I] Average on 10 runs - GPU latency: 0.10127 ms - Host latency: 0.10127 ms (enqueue 0.0763184 ms)
[02/25/2026-14:55:06] [I] Average on 10 runs - GPU latency: 0.101086 ms - Host latency: 0.101086 ms (enqueue 0.0814941 ms)
[02/25/2026-14:55:06] [I] Average on 10 runs - GPU latency: 0.101282 ms - Host latency: 0.101282 ms (enqueue 0.0767822 ms)
[02/25/2026-14:55:06] [I] Average on 10 runs - GPU latency: 0.101941 ms - Host latency: 0.101941 ms (enqueue 0.0768677 ms)
[02/25/2026-14:55:06] [I] Average on 10 runs - GPU latency: 0.102344 ms - Host latency: 0.102344 ms (enqueue 0.0788086 ms)
[02/25/2026-14:55:06] [I] Average on 10 runs - GPU latency: 0.1021 ms - Host latency: 0.1021 ms (enqueue 0.0775146 ms)
[02/25/2026-14:55:06] [I] Average on 10 runs - GPU latency: 0.101965 ms - Host latency: 0.101965 ms (enqueue 0.0782349 ms)
[02/25/2026-14:55:06] [I] Average on 10 runs - GPU latency: 0.101233 ms - Host latency: 0.101233 ms (enqueue 0.0793823 ms)
[02/25/2026-14:55:06] [I] Average on 10 runs - GPU latency: 0.100879 ms - Host latency: 0.100879 ms (enqueue 0.079895 ms)
[02/25/2026-14:55:06] [I] Average on 10 runs - GPU latency: 0.102197 ms - Host latency: 0.102197 ms (enqueue 0.077356 ms)
[02/25/2026-14:55:06] [I] Average on 10 runs - GPU latency: 0.100635 ms - Host latency: 0.100635 ms (enqueue 0.0787354 ms)
[02/25/2026-14:55:06] [I] Average on 10 runs - GPU latency: 0.10155 ms - Host latency: 0.10155 ms (enqueue 0.077063 ms)
[02/25/2026-14:55:06] [I] Average on 10 runs - GPU latency: 0.101501 ms - Host latency: 0.101501 ms (enqueue 0.0803955 ms)
[02/25/2026-14:55:06] [I] Average on 10 runs - GPU latency: 0.102051 ms - Host latency: 0.102051 ms (enqueue 0.0788818 ms)
[02/25/2026-14:55:06] [I] Average on 10 runs - GPU latency: 0.101855 ms - Host latency: 0.101855 ms (enqueue 0.0777466 ms)
[02/25/2026-14:55:06] [I] Average on 10 runs - GPU latency: 0.102002 ms - Host latency: 0.102002 ms (enqueue 0.0770508 ms)
[02/25/2026-14:55:06] [I] Average on 10 runs - GPU latency: 0.101221 ms - Host latency: 0.101221 ms (enqueue 0.0802002 ms)
[02/25/2026-14:55:06] [I] Average on 10 runs - GPU latency: 0.101416 ms - Host latency: 0.101416 ms (enqueue 0.078479 ms)
[02/25/2026-14:55:06] [I] Average on 10 runs - GPU latency: 0.101807 ms - Host latency: 0.101807 ms (enqueue 0.0766846 ms)
[02/25/2026-14:55:06] [I] Average on 10 runs - GPU latency: 0.100854 ms - Host latency: 0.100854 ms (enqueue 0.0798096 ms)
[02/25/2026-14:55:06] [I] Average on 10 runs - GPU latency: 0.101624 ms - Host latency: 0.101624 ms (enqueue 0.0797852 ms)
[02/25/2026-14:55:06] [I] Average on 10 runs - GPU latency: 0.101672 ms - Host latency: 0.101672 ms (enqueue 0.0790649 ms)
[02/25/2026-14:55:06] [I] Average on 10 runs - GPU latency: 0.101831 ms - Host latency: 0.101831 ms (enqueue 0.0792847 ms)
[02/25/2026-14:55:06] [I] Average on 10 runs - GPU latency: 0.100879 ms - Host latency: 0.100879 ms (enqueue 0.0784058 ms)
[02/25/2026-14:55:06] [I] Average on 10 runs - GPU latency: 0.102405 ms - Host latency: 0.102405 ms (enqueue 0.0797607 ms)
[02/25/2026-14:55:06] [I] Average on 10 runs - GPU latency: 0.102209 ms - Host latency: 0.102209 ms (enqueue 0.0778564 ms)
[02/25/2026-14:55:06] [I] Average on 10 runs - GPU latency: 0.102197 ms - Host latency: 0.102197 ms (enqueue 0.0764648 ms)
[02/25/2026-14:55:06] [I] Average on 10 runs - GPU latency: 0.101172 ms - Host latency: 0.101172 ms (enqueue 0.0777466 ms)
[02/25/2026-14:55:06] [I] Average on 10 runs - GPU latency: 0.102197 ms - Host latency: 0.102197 ms (enqueue 0.0804932 ms)
[02/25/2026-14:55:06] [I] Average on 10 runs - GPU latency: 0.101636 ms - Host latency: 0.101636 ms (enqueue 0.0768921 ms)
[02/25/2026-14:55:06] [I] Average on 10 runs - GPU latency: 0.10072 ms - Host latency: 0.10072 ms (enqueue 0.0795532 ms)
[02/25/2026-14:55:06] [I] Average on 10 runs - GPU latency: 0.101477 ms - Host latency: 0.101477 ms (enqueue 0.0764282 ms)
[02/25/2026-14:55:06] [I] Average on 10 runs - GPU latency: 0.10177 ms - Host latency: 0.10177 ms (enqueue 0.0793823 ms)
[02/25/2026-14:55:06] [I] Average on 10 runs - GPU latency: 0.10166 ms - Host latency: 0.10166 ms (enqueue 0.0769653 ms)
[02/25/2026-14:55:06] [I] Average on 10 runs - GPU latency: 0.101099 ms - Host latency: 0.101099 ms (enqueue 0.0797363 ms)
[02/25/2026-14:55:06] [I] Average on 10 runs - GPU latency: 0.101184 ms - Host latency: 0.101184 ms (enqueue 0.0819214 ms)
[02/25/2026-14:55:06] [I] Average on 10 runs - GPU latency: 0.100696 ms - Host latency: 0.100696 ms (enqueue 0.0787354 ms)
[02/25/2026-14:55:06] [I] Average on 10 runs - GPU latency: 0.101624 ms - Host latency: 0.101624 ms (enqueue 0.0770996 ms)
[02/25/2026-14:55:06] [I] Average on 10 runs - GPU latency: 0.102368 ms - Host latency: 0.102368 ms (enqueue 0.0793335 ms)
[02/25/2026-14:55:06] [I] Average on 10 runs - GPU latency: 0.101624 ms - Host latency: 0.101624 ms (enqueue 0.0792358 ms)
[02/25/2026-14:55:06] [I] Average on 10 runs - GPU latency: 0.101245 ms - Host latency: 0.101245 ms (enqueue 0.0795044 ms)
[02/25/2026-14:55:06] [I] Average on 10 runs - GPU latency: 0.100586 ms - Host latency: 0.100586 ms (enqueue 0.0787598 ms)
[02/25/2026-14:55:06] [I] Average on 10 runs - GPU latency: 0.100793 ms - Host latency: 0.100793 ms (enqueue 0.0787842 ms)
[02/25/2026-14:55:06] [I] Average on 10 runs - GPU latency: 0.100708 ms - Host latency: 0.100708 ms (enqueue 0.0805664 ms)
[02/25/2026-14:55:06] [I] Average on 10 runs - GPU latency: 0.101648 ms - Host latency: 0.101648 ms (enqueue 0.0788452 ms)
[02/25/2026-14:55:06] [I] Average on 10 runs - GPU latency: 0.102502 ms - Host latency: 0.102502 ms (enqueue 0.0763916 ms)
[02/25/2026-14:55:06] [I] Average on 10 runs - GPU latency: 0.101086 ms - Host latency: 0.101086 ms (enqueue 0.0769287 ms)
[02/25/2026-14:55:06] [I] Average on 10 runs - GPU latency: 0.101331 ms - Host latency: 0.101331 ms (enqueue 0.0809326 ms)
[02/25/2026-14:55:06] [I] Average on 10 runs - GPU latency: 0.100879 ms - Host latency: 0.100879 ms (enqueue 0.0781616 ms)
[02/25/2026-14:55:06] [I] Average on 10 runs - GPU latency: 0.101807 ms - Host latency: 0.101807 ms (enqueue 0.0767212 ms)
[02/25/2026-14:55:06] [I] Average on 10 runs - GPU latency: 0.101331 ms - Host latency: 0.101331 ms (enqueue 0.0810303 ms)
[02/25/2026-14:55:06] [I] Average on 10 runs - GPU latency: 0.101428 ms - Host latency: 0.101428 ms (enqueue 0.0798584 ms)
[02/25/2026-14:55:06] [I] Average on 10 runs - GPU latency: 0.103137 ms - Host latency: 0.103137 ms (enqueue 0.0766235 ms)
[02/25/2026-14:55:06] [I] Average on 10 runs - GPU latency: 0.1021 ms - Host latency: 0.1021 ms (enqueue 0.0782837 ms)
[02/25/2026-14:55:06] [I] Average on 10 runs - GPU latency: 0.100586 ms - Host latency: 0.100586 ms (enqueue 0.0786743 ms)
[02/25/2026-14:55:06] [I] Average on 10 runs - GPU latency: 0.101636 ms - Host latency: 0.101636 ms (enqueue 0.0788818 ms)
[02/25/2026-14:55:06] [I] Average on 10 runs - GPU latency: 0.101379 ms - Host latency: 0.101379 ms (enqueue 0.077124 ms)
[02/25/2026-14:55:06] [I] Average on 10 runs - GPU latency: 0.10144 ms - Host latency: 0.10144 ms (enqueue 0.0798706 ms)
[02/25/2026-14:55:06] [I] Average on 10 runs - GPU latency: 0.101221 ms - Host latency: 0.101221 ms (enqueue 0.0771851 ms)
[02/25/2026-14:55:06] [I] Average on 10 runs - GPU latency: 0.10127 ms - Host latency: 0.10127 ms (enqueue 0.0780762 ms)
[02/25/2026-14:55:06] [I] Average on 10 runs - GPU latency: 0.101562 ms - Host latency: 0.101562 ms (enqueue 0.0770874 ms)
[02/25/2026-14:55:06] [I] Average on 10 runs - GPU latency: 0.101282 ms - Host latency: 0.101282 ms (enqueue 0.0767578 ms)
[02/25/2026-14:55:06] [I] Average on 10 runs - GPU latency: 0.101538 ms - Host latency: 0.101538 ms (enqueue 0.0763061 ms)
[02/25/2026-14:55:06] [I] Average on 10 runs - GPU latency: 0.101636 ms - Host latency: 0.101636 ms (enqueue 0.0791382 ms)
[02/25/2026-14:55:06] [I] Average on 10 runs - GPU latency: 0.10177 ms - Host latency: 0.10177 ms (enqueue 0.0773804 ms)
[02/25/2026-14:55:06] [I] Average on 10 runs - GPU latency: 0.102344 ms - Host latency: 0.102344 ms (enqueue 0.0767944 ms)
[02/25/2026-14:55:06] [I] Average on 10 runs - GPU latency: 0.101831 ms - Host latency: 0.101831 ms (enqueue 0.0795288 ms)
[02/25/2026-14:55:06] [I] Average on 10 runs - GPU latency: 0.10188 ms - Host latency: 0.10188 ms (enqueue 0.0761475 ms)
[02/25/2026-14:55:06] [I] Average on 10 runs - GPU latency: 0.101123 ms - Host latency: 0.101123 ms (enqueue 0.0772705 ms)
[02/25/2026-14:55:06] [I] Average on 10 runs - GPU latency: 0.101904 ms - Host latency: 0.101904 ms (enqueue 0.077124 ms)
[02/25/2026-14:55:06] [I] Average on 10 runs - GPU latency: 0.100842 ms - Host latency: 0.100842 ms (enqueue 0.0785889 ms)
[02/25/2026-14:55:06] [I] Average on 10 runs - GPU latency: 0.101477 ms - Host latency: 0.101477 ms (enqueue 0.0775513 ms)
[02/25/2026-14:55:06] [I] Average on 10 runs - GPU latency: 0.103003 ms - Host latency: 0.103003 ms (enqueue 0.0765991 ms)
[02/25/2026-14:55:06] [I] Average on 10 runs - GPU latency: 0.10238 ms - Host latency: 0.10238 ms (enqueue 0.0768921 ms)
[02/25/2026-14:55:06] [I] Average on 10 runs - GPU latency: 0.101282 ms - Host latency: 0.101282 ms (enqueue 0.0793091 ms)
[02/25/2026-14:55:06] [I] Average on 10 runs - GPU latency: 0.102014 ms - Host latency: 0.102014 ms (enqueue 0.0784546 ms)
[02/25/2026-14:55:06] [I] Average on 10 runs - GPU latency: 0.101306 ms - Host latency: 0.101306 ms (enqueue 0.0768921 ms)
[02/25/2026-14:55:06] [I] Average on 10 runs - GPU latency: 0.101123 ms - Host latency: 0.101123 ms (enqueue 0.0777344 ms)
[02/25/2026-14:55:06] [I] Average on 10 runs - GPU latency: 0.100854 ms - Host latency: 0.100854 ms (enqueue 0.0792847 ms)
[02/25/2026-14:55:06] [I] Average on 10 runs - GPU latency: 0.101404 ms - Host latency: 0.101404 ms (enqueue 0.077356 ms)
[02/25/2026-14:55:06] [I] Average on 10 runs - GPU latency: 0.101697 ms - Host latency: 0.101697 ms (enqueue 0.0773682 ms)
[02/25/2026-14:55:06] [I] Average on 10 runs - GPU latency: 0.10199 ms - Host latency: 0.10199 ms (enqueue 0.0763061 ms)
[02/25/2026-14:55:06] [I] Average on 10 runs - GPU latency: 0.101562 ms - Host latency: 0.101562 ms (enqueue 0.0816772 ms)
[02/25/2026-14:55:06] [I] Average on 10 runs - GPU latency: 0.102148 ms - Host latency: 0.102148 ms (enqueue 0.0762573 ms)
[02/25/2026-14:55:06] [I] Average on 10 runs - GPU latency: 0.101404 ms - Host latency: 0.101404 ms (enqueue 0.0776611 ms)
[02/25/2026-14:55:06] [I] Average on 10 runs - GPU latency: 0.102344 ms - Host latency: 0.102344 ms (enqueue 0.0757446 ms)
[02/25/2026-14:55:06] [I] Average on 10 runs - GPU latency: 0.10127 ms - Host latency: 0.10127 ms (enqueue 0.0786987 ms)
[02/25/2026-14:55:06] [I] Average on 10 runs - GPU latency: 0.101697 ms - Host latency: 0.101697 ms (enqueue 0.0765747 ms)
[02/25/2026-14:55:06] [I] Average on 10 runs - GPU latency: 0.101184 ms - Host latency: 0.101184 ms (enqueue 0.0766724 ms)
[02/25/2026-14:55:06] [I] Average on 10 runs - GPU latency: 0.102051 ms - Host latency: 0.102051 ms (enqueue 0.0787598 ms)
[02/25/2026-14:55:06] [I] Average on 10 runs - GPU latency: 0.101074 ms - Host latency: 0.101074 ms (enqueue 0.0792236 ms)
[02/25/2026-14:55:06] [I] Average on 10 runs - GPU latency: 0.101978 ms - Host latency: 0.101978 ms (enqueue 0.077417 ms)
[02/25/2026-14:55:06] [I] Average on 10 runs - GPU latency: 0.101965 ms - Host latency: 0.101965 ms (enqueue 0.0776733 ms)
[02/25/2026-14:55:06] [I] Average on 10 runs - GPU latency: 0.102563 ms - Host latency: 0.102563 ms (enqueue 0.0795776 ms)
[02/25/2026-14:55:06] [I] Average on 10 runs - GPU latency: 0.102271 ms - Host latency: 0.102271 ms (enqueue 0.078479 ms)
[02/25/2026-14:55:06] [I] Average on 10 runs - GPU latency: 0.101709 ms - Host latency: 0.101709 ms (enqueue 0.0769287 ms)
[02/25/2026-14:55:06] [I] Average on 10 runs - GPU latency: 0.101453 ms - Host latency: 0.101453 ms (enqueue 0.0769531 ms)
[02/25/2026-14:55:06] [I] Average on 10 runs - GPU latency: 0.101782 ms - Host latency: 0.101782 ms (enqueue 0.078418 ms)
[02/25/2026-14:55:06] [I] Average on 10 runs - GPU latency: 0.102185 ms - Host latency: 0.102185 ms (enqueue 0.0782471 ms)
[02/25/2026-14:55:06] [I] Average on 10 runs - GPU latency: 0.101379 ms - Host latency: 0.101379 ms (enqueue 0.0779297 ms)
[02/25/2026-14:55:06] [I] Average on 10 runs - GPU latency: 0.101331 ms - Host latency: 0.101331 ms (enqueue 0.0821411 ms)
[02/25/2026-14:55:06] [I] Average on 10 runs - GPU latency: 0.100623 ms - Host latency: 0.100623 ms (enqueue 0.0763184 ms)
[02/25/2026-14:55:06] [I] Average on 10 runs - GPU latency: 0.101343 ms - Host latency: 0.101343 ms (enqueue 0.0794556 ms)
[02/25/2026-14:55:06] [I] Average on 10 runs - GPU latency: 0.102405 ms - Host latency: 0.102405 ms (enqueue 0.0777588 ms)
[02/25/2026-14:55:06] [I] Average on 10 runs - GPU latency: 0.10166 ms - Host latency: 0.10166 ms (enqueue 0.078064 ms)
[02/25/2026-14:55:06] [I] Average on 10 runs - GPU latency: 0.101025 ms - Host latency: 0.101025 ms (enqueue 0.0781128 ms)
[02/25/2026-14:55:06] [I] Average on 10 runs - GPU latency: 0.101941 ms - Host latency: 0.101941 ms (enqueue 0.0772461 ms)
[02/25/2026-14:55:06] [I] Average on 10 runs - GPU latency: 0.100037 ms - Host latency: 0.100037 ms (enqueue 0.0793213 ms)
[02/25/2026-14:55:06] [I] Average on 10 runs - GPU latency: 0.102124 ms - Host latency: 0.102124 ms (enqueue 0.0789429 ms)
[02/25/2026-14:55:06] [I] Average on 10 runs - GPU latency: 0.101086 ms - Host latency: 0.101086 ms (enqueue 0.0783691 ms)
[02/25/2026-14:55:06] [I] Average on 10 runs - GPU latency: 0.101685 ms - Host latency: 0.101685 ms (enqueue 0.0763306 ms)
[02/25/2026-14:55:06] [I] Average on 10 runs - GPU latency: 0.102112 ms - Host latency: 0.102112 ms (enqueue 0.0775879 ms)
[02/25/2026-14:55:06] [I] Average on 10 runs - GPU latency: 0.101733 ms - Host latency: 0.101733 ms (enqueue 0.0773071 ms)
[02/25/2026-14:55:06] [I] Average on 10 runs - GPU latency: 0.10166 ms - Host latency: 0.10166 ms (enqueue 0.0770874 ms)
[02/25/2026-14:55:06] [I] Average on 10 runs - GPU latency: 0.102625 ms - Host latency: 0.102625 ms (enqueue 0.0772217 ms)
[02/25/2026-14:55:06] [I] Average on 10 runs - GPU latency: 0.101611 ms - Host latency: 0.101611 ms (enqueue 0.0771851 ms)
[02/25/2026-14:55:06] [I] Average on 10 runs - GPU latency: 0.101367 ms - Host latency: 0.101367 ms (enqueue 0.0776978 ms)
[02/25/2026-14:55:06] [I] Average on 10 runs - GPU latency: 0.101624 ms - Host latency: 0.101624 ms (enqueue 0.0782105 ms)
[02/25/2026-14:55:06] [I] Average on 10 runs - GPU latency: 0.101514 ms - Host latency: 0.101514 ms (enqueue 0.0768188 ms)
[02/25/2026-14:55:06] [I] Average on 10 runs - GPU latency: 0.10166 ms - Host latency: 0.10166 ms (enqueue 0.0783691 ms)
[02/25/2026-14:55:06] [I] Average on 10 runs - GPU latency: 0.10127 ms - Host latency: 0.10127 ms (enqueue 0.0760376 ms)
[02/25/2026-14:55:06] [I] Average on 10 runs - GPU latency: 0.101208 ms - Host latency: 0.101208 ms (enqueue 0.0784424 ms)
[02/25/2026-14:55:06] [I] Average on 10 runs - GPU latency: 0.101794 ms - Host latency: 0.101794 ms (enqueue 0.0775391 ms)
[02/25/2026-14:55:06] [I] Average on 10 runs - GPU latency: 0.101904 ms - Host latency: 0.101904 ms (enqueue 0.077832 ms)
[02/25/2026-14:55:06] [I] Average on 10 runs - GPU latency: 0.10144 ms - Host latency: 0.10144 ms (enqueue 0.0796997 ms)
[02/25/2026-14:55:06] [I] Average on 10 runs - GPU latency: 0.101416 ms - Host latency: 0.101416 ms (enqueue 0.0771851 ms)
[02/25/2026-14:55:06] [I] Average on 10 runs - GPU latency: 0.101379 ms - Host latency: 0.101379 ms (enqueue 0.0778198 ms)
[02/25/2026-14:55:06] [I] Average on 10 runs - GPU latency: 0.10155 ms - Host latency: 0.10155 ms (enqueue 0.0799683 ms)
[02/25/2026-14:55:06] [I] Average on 10 runs - GPU latency: 0.102014 ms - Host latency: 0.102014 ms (enqueue 0.0773804 ms)
[02/25/2026-14:55:06] [I] Average on 10 runs - GPU latency: 0.102197 ms - Host latency: 0.102197 ms (enqueue 0.078186 ms)
[02/25/2026-14:55:06] [I] Average on 10 runs - GPU latency: 0.102185 ms - Host latency: 0.102185 ms (enqueue 0.0772949 ms)
[02/25/2026-14:55:06] [I] Average on 10 runs - GPU latency: 0.101379 ms - Host latency: 0.101379 ms (enqueue 0.0780518 ms)
[02/25/2026-14:55:06] [I] Average on 10 runs - GPU latency: 0.101489 ms - Host latency: 0.101489 ms (enqueue 0.0775024 ms)
[02/25/2026-14:55:06] [I] Average on 10 runs - GPU latency: 0.102551 ms - Host latency: 0.102551 ms (enqueue 0.0777466 ms)
[02/25/2026-14:55:06] [I] Average on 10 runs - GPU latency: 0.101648 ms - Host latency: 0.101648 ms (enqueue 0.0765991 ms)
[02/25/2026-14:55:06] [I] Average on 10 runs - GPU latency: 0.101782 ms - Host latency: 0.101782 ms (enqueue 0.0797363 ms)
[02/25/2026-14:55:06] [I] Average on 10 runs - GPU latency: 0.101941 ms - Host latency: 0.101941 ms (enqueue 0.0780395 ms)
[02/25/2026-14:55:06] [I] Average on 10 runs - GPU latency: 0.101697 ms - Host latency: 0.101697 ms (enqueue 0.0790527 ms)
[02/25/2026-14:55:06] [I] Average on 10 runs - GPU latency: 0.102112 ms - Host latency: 0.102112 ms (enqueue 0.0787354 ms)
[02/25/2026-14:55:06] [I] Average on 10 runs - GPU latency: 0.101904 ms - Host latency: 0.101904 ms (enqueue 0.0792969 ms)
[02/25/2026-14:55:06] [I] Average on 10 runs - GPU latency: 0.102454 ms - Host latency: 0.102454 ms (enqueue 0.0776611 ms)
[02/25/2026-14:55:06] [I] Average on 10 runs - GPU latency: 0.101147 ms - Host latency: 0.101147 ms (enqueue 0.0819458 ms)
[02/25/2026-14:55:06] [I] Average on 10 runs - GPU latency: 0.101501 ms - Host latency: 0.101501 ms (enqueue 0.0770508 ms)
[02/25/2026-14:55:06] [I] Average on 10 runs - GPU latency: 0.101331 ms - Host latency: 0.101331 ms (enqueue 0.0787842 ms)
[02/25/2026-14:55:06] [I] Average on 10 runs - GPU latency: 0.102075 ms - Host latency: 0.102075 ms (enqueue 0.0778564 ms)
[02/25/2026-14:55:06] [I] Average on 10 runs - GPU latency: 0.101685 ms - Host latency: 0.101685 ms (enqueue 0.0790039 ms)
[02/25/2026-14:55:06] [I] Average on 10 runs - GPU latency: 0.100671 ms - Host latency: 0.100671 ms (enqueue 0.0771484 ms)
[02/25/2026-14:55:06] [I] Average on 10 runs - GPU latency: 0.101819 ms - Host latency: 0.101819 ms (enqueue 0.0792725 ms)
[02/25/2026-14:55:06] [I] Average on 10 runs - GPU latency: 0.10116 ms - Host latency: 0.10116 ms (enqueue 0.0810425 ms)
[02/25/2026-14:55:06] [I] Average on 10 runs - GPU latency: 0.104089 ms - Host latency: 0.104089 ms (enqueue 0.0774414 ms)
[02/25/2026-14:55:06] [I] Average on 10 runs - GPU latency: 0.101025 ms - Host latency: 0.101025 ms (enqueue 0.0788452 ms)
[02/25/2026-14:55:06] [I] Average on 10 runs - GPU latency: 0.101575 ms - Host latency: 0.101575 ms (enqueue 0.0790527 ms)
[02/25/2026-14:55:06] [I] Average on 10 runs - GPU latency: 0.101733 ms - Host latency: 0.101733 ms (enqueue 0.0793823 ms)
[02/25/2026-14:55:06] [I] Average on 10 runs - GPU latency: 0.101074 ms - Host latency: 0.101074 ms (enqueue 0.0781982 ms)
[02/25/2026-14:55:06] [I] Average on 10 runs - GPU latency: 0.101501 ms - Host latency: 0.101501 ms (enqueue 0.07854 ms)
[02/25/2026-14:55:06] [I] Average on 10 runs - GPU latency: 0.101941 ms - Host latency: 0.101941 ms (enqueue 0.0778442 ms)
[02/25/2026-14:55:06] [I] Average on 10 runs - GPU latency: 0.101562 ms - Host latency: 0.101562 ms (enqueue 0.0768311 ms)
[02/25/2026-14:55:06] [I] Average on 10 runs - GPU latency: 0.100928 ms - Host latency: 0.100928 ms (enqueue 0.0781128 ms)
[02/25/2026-14:55:06] [I] Average on 10 runs - GPU latency: 0.102234 ms - Host latency: 0.102234 ms (enqueue 0.0780273 ms)
[02/25/2026-14:55:06] [I] Average on 10 runs - GPU latency: 0.101794 ms - Host latency: 0.101794 ms (enqueue 0.0789307 ms)
[02/25/2026-14:55:06] [I] Average on 10 runs - GPU latency: 0.101636 ms - Host latency: 0.101636 ms (enqueue 0.0755737 ms)
[02/25/2026-14:55:06] [I] Average on 10 runs - GPU latency: 0.101538 ms - Host latency: 0.101538 ms (enqueue 0.0776367 ms)
[02/25/2026-14:55:06] [I] Average on 10 runs - GPU latency: 0.101587 ms - Host latency: 0.101587 ms (enqueue 0.0797852 ms)
[02/25/2026-14:55:06] [I] Average on 10 runs - GPU latency: 0.101013 ms - Host latency: 0.101013 ms (enqueue 0.0786255 ms)
[02/25/2026-14:55:06] [I] Average on 10 runs - GPU latency: 0.102576 ms - Host latency: 0.102576 ms (enqueue 0.0778809 ms)
[02/25/2026-14:55:06] [I] Average on 10 runs - GPU latency: 0.101965 ms - Host latency: 0.101965 ms (enqueue 0.0776367 ms)
[02/25/2026-14:55:06] [I] Average on 10 runs - GPU latency: 0.101782 ms - Host latency: 0.101782 ms (enqueue 0.0801147 ms)
[02/25/2026-14:55:06] [I] Average on 10 runs - GPU latency: 0.102441 ms - Host latency: 0.102441 ms (enqueue 0.0768188 ms)
[02/25/2026-14:55:06] [I] Average on 10 runs - GPU latency: 0.101416 ms - Host latency: 0.101416 ms (enqueue 0.0774536 ms)
[02/25/2026-14:55:06] [I] Average on 10 runs - GPU latency: 0.101501 ms - Host latency: 0.101501 ms (enqueue 0.0773804 ms)
[02/25/2026-14:55:06] [I] Average on 10 runs - GPU latency: 0.10094 ms - Host latency: 0.10094 ms (enqueue 0.0776855 ms)
[02/25/2026-14:55:06] [I] Average on 10 runs - GPU latency: 0.100623 ms - Host latency: 0.100623 ms (enqueue 0.0767334 ms)
[02/25/2026-14:55:06] [I] Average on 10 runs - GPU latency: 0.102136 ms - Host latency: 0.102136 ms (enqueue 0.0793213 ms)
[02/25/2026-14:55:06] [I] Average on 10 runs - GPU latency: 0.101819 ms - Host latency: 0.101819 ms (enqueue 0.078064 ms)
[02/25/2026-14:55:06] [I] Average on 10 runs - GPU latency: 0.10144 ms - Host latency: 0.10144 ms (enqueue 0.0779053 ms)
[02/25/2026-14:55:06] [I] Average on 10 runs - GPU latency: 0.101221 ms - Host latency: 0.101221 ms (enqueue 0.0800659 ms)
[02/25/2026-14:55:06] [I] Average on 10 runs - GPU latency: 0.100891 ms - Host latency: 0.100891 ms (enqueue 0.0779053 ms)
[02/25/2026-14:55:06] [I] Average on 10 runs - GPU latency: 0.101062 ms - Host latency: 0.101062 ms (enqueue 0.0792847 ms)
[02/25/2026-14:55:06] [I] Average on 10 runs - GPU latency: 0.102319 ms - Host latency: 0.102319 ms (enqueue 0.0799072 ms)
[02/25/2026-14:55:06] [I] Average on 10 runs - GPU latency: 0.101868 ms - Host latency: 0.101868 ms (enqueue 0.0765503 ms)
[02/25/2026-14:55:06] [I] Average on 10 runs - GPU latency: 0.101648 ms - Host latency: 0.101648 ms (enqueue 0.0757935 ms)
[02/25/2026-14:55:06] [I] Average on 10 runs - GPU latency: 0.10166 ms - Host latency: 0.10166 ms (enqueue 0.0783325 ms)
[02/25/2026-14:55:06] [I] Average on 10 runs - GPU latency: 0.102063 ms - Host latency: 0.102063 ms (enqueue 0.0767944 ms)
[02/25/2026-14:55:06] [I] Average on 10 runs - GPU latency: 0.101489 ms - Host latency: 0.101489 ms (enqueue 0.0764526 ms)
[02/25/2026-14:55:06] [I] Average on 10 runs - GPU latency: 0.100854 ms - Host latency: 0.100854 ms (enqueue 0.077356 ms)
[02/25/2026-14:55:06] [I] Average on 10 runs - GPU latency: 0.101404 ms - Host latency: 0.101404 ms (enqueue 0.0790771 ms)
[02/25/2026-14:55:06] [I] Average on 10 runs - GPU latency: 0.100903 ms - Host latency: 0.100903 ms (enqueue 0.0763184 ms)
[02/25/2026-14:55:06] [I] Average on 10 runs - GPU latency: 0.101477 ms - Host latency: 0.101477 ms (enqueue 0.0771118 ms)
[02/25/2026-14:55:06] [I] Average on 10 runs - GPU latency: 0.100806 ms - Host latency: 0.100806 ms (enqueue 0.0776978 ms)
[02/25/2026-14:55:06] [I] Average on 10 runs - GPU latency: 0.101782 ms - Host latency: 0.101782 ms (enqueue 0.0784546 ms)
[02/25/2026-14:55:06] [I] Average on 10 runs - GPU latency: 0.101855 ms - Host latency: 0.101855 ms (enqueue 0.0766113 ms)
[02/25/2026-14:55:06] [I] Average on 10 runs - GPU latency: 0.101062 ms - Host latency: 0.101062 ms (enqueue 0.0793823 ms)
[02/25/2026-14:55:06] [I] Average on 10 runs - GPU latency: 0.101123 ms - Host latency: 0.101123 ms (enqueue 0.0780884 ms)
[02/25/2026-14:55:06] [I] Average on 10 runs - GPU latency: 0.101892 ms - Host latency: 0.101892 ms (enqueue 0.0778809 ms)
[02/25/2026-14:55:06] [I] Average on 10 runs - GPU latency: 0.101172 ms - Host latency: 0.101172 ms (enqueue 0.077356 ms)
[02/25/2026-14:55:06] [I] Average on 10 runs - GPU latency: 0.101636 ms - Host latency: 0.101636 ms (enqueue 0.0779053 ms)
[02/25/2026-14:55:06] [I] Average on 10 runs - GPU latency: 0.101282 ms - Host latency: 0.101282 ms (enqueue 0.077063 ms)
[02/25/2026-14:55:06] [I] Average on 10 runs - GPU latency: 0.10083 ms - Host latency: 0.10083 ms (enqueue 0.0762695 ms)
[02/25/2026-14:55:06] [I] Average on 10 runs - GPU latency: 0.101746 ms - Host latency: 0.101746 ms (enqueue 0.0766113 ms)
[02/25/2026-14:55:06] [I] Average on 10 runs - GPU latency: 0.100781 ms - Host latency: 0.100781 ms (enqueue 0.0776489 ms)
[02/25/2026-14:55:06] [I] Average on 10 runs - GPU latency: 0.101477 ms - Host latency: 0.101477 ms (enqueue 0.0815796 ms)
[02/25/2026-14:55:06] [I] Average on 10 runs - GPU latency: 0.101367 ms - Host latency: 0.101367 ms (enqueue 0.0775391 ms)
[02/25/2026-14:55:06] [I] Average on 10 runs - GPU latency: 0.102429 ms - Host latency: 0.102429 ms (enqueue 0.0772583 ms)
[02/25/2026-14:55:06] [I] Average on 10 runs - GPU latency: 0.101599 ms - Host latency: 0.101599 ms (enqueue 0.0765381 ms)
[02/25/2026-14:55:06] [I] Average on 10 runs - GPU latency: 0.101208 ms - Host latency: 0.101208 ms (enqueue 0.0771606 ms)
[02/25/2026-14:55:06] [I] Average on 10 runs - GPU latency: 0.101892 ms - Host latency: 0.101892 ms (enqueue 0.0783569 ms)
[02/25/2026-14:55:06] [I] Average on 10 runs - GPU latency: 0.101929 ms - Host latency: 0.101929 ms (enqueue 0.0770874 ms)
[02/25/2026-14:55:06] [I] Average on 10 runs - GPU latency: 0.101526 ms - Host latency: 0.101526 ms (enqueue 0.0769531 ms)
[02/25/2026-14:55:06] [I] Average on 10 runs - GPU latency: 0.102002 ms - Host latency: 0.102002 ms (enqueue 0.0769531 ms)
[02/25/2026-14:55:06] [I] Average on 10 runs - GPU latency: 0.101331 ms - Host latency: 0.101331 ms (enqueue 0.0767212 ms)
[02/25/2026-14:55:06] [I] Average on 10 runs - GPU latency: 0.101929 ms - Host latency: 0.101929 ms (enqueue 0.0770996 ms)
[02/25/2026-14:55:06] [I] Average on 10 runs - GPU latency: 0.101965 ms - Host latency: 0.101965 ms (enqueue 0.0784546 ms)
[02/25/2026-14:55:06] [I] Average on 10 runs - GPU latency: 0.101196 ms - Host latency: 0.101196 ms (enqueue 0.0789063 ms)
[02/25/2026-14:55:06] [I] Average on 10 runs - GPU latency: 0.100854 ms - Host latency: 0.100854 ms (enqueue 0.0761719 ms)
[02/25/2026-14:55:06] [I] Average on 10 runs - GPU latency: 0.101367 ms - Host latency: 0.101367 ms (enqueue 0.0775513 ms)
[02/25/2026-14:55:06] [I] Average on 10 runs - GPU latency: 0.100903 ms - Host latency: 0.100903 ms (enqueue 0.0769165 ms)
[02/25/2026-14:55:06] [I] Average on 10 runs - GPU latency: 0.101416 ms - Host latency: 0.101416 ms (enqueue 0.0784546 ms)
[02/25/2026-14:55:06] [I] Average on 10 runs - GPU latency: 0.101282 ms - Host latency: 0.101282 ms (enqueue 0.0765015 ms)
[02/25/2026-14:55:06] [I] Average on 10 runs - GPU latency: 0.101233 ms - Host latency: 0.101233 ms (enqueue 0.0783569 ms)
[02/25/2026-14:55:06] [I] Average on 10 runs - GPU latency: 0.101379 ms - Host latency: 0.101379 ms (enqueue 0.0780762 ms)
[02/25/2026-14:55:06] [I] Average on 10 runs - GPU latency: 0.102112 ms - Host latency: 0.102112 ms (enqueue 0.0776489 ms)
[02/25/2026-14:55:06] [I] Average on 10 runs - GPU latency: 0.100928 ms - Host latency: 0.100928 ms (enqueue 0.0789429 ms)
[02/25/2026-14:55:06] [I] Average on 10 runs - GPU latency: 0.10155 ms - Host latency: 0.10155 ms (enqueue 0.0763061 ms)
[02/25/2026-14:55:06] [I] Average on 10 runs - GPU latency: 0.101941 ms - Host latency: 0.101941 ms (enqueue 0.07771 ms)
[02/25/2026-14:55:06] [I] Average on 10 runs - GPU latency: 0.101465 ms - Host latency: 0.101465 ms (enqueue 0.0770264 ms)
[02/25/2026-14:55:06] [I] Average on 10 runs - GPU latency: 0.101941 ms - Host latency: 0.101941 ms (enqueue 0.0760376 ms)
[02/25/2026-14:55:06] [I] Average on 10 runs - GPU latency: 0.102026 ms - Host latency: 0.102026 ms (enqueue 0.0765747 ms)
[02/25/2026-14:55:06] [I] Average on 10 runs - GPU latency: 0.101318 ms - Host latency: 0.101318 ms (enqueue 0.0771118 ms)
[02/25/2026-14:55:06] [I] Average on 10 runs - GPU latency: 0.101233 ms - Host latency: 0.101233 ms (enqueue 0.0793213 ms)
[02/25/2026-14:55:06] [I] Average on 10 runs - GPU latency: 0.10116 ms - Host latency: 0.10116 ms (enqueue 0.0765869 ms)
[02/25/2026-14:55:06] [I] Average on 10 runs - GPU latency: 0.101172 ms - Host latency: 0.101172 ms (enqueue 0.0763306 ms)
[02/25/2026-14:55:06] [I] Average on 10 runs - GPU latency: 0.101196 ms - Host latency: 0.101196 ms (enqueue 0.0790405 ms)
[02/25/2026-14:55:06] [I] Average on 10 runs - GPU latency: 0.101428 ms - Host latency: 0.101428 ms (enqueue 0.0787109 ms)
[02/25/2026-14:55:06] [I] Average on 10 runs - GPU latency: 0.101709 ms - Host latency: 0.101709 ms (enqueue 0.0775269 ms)
[02/25/2026-14:55:06] [I] Average on 10 runs - GPU latency: 0.101819 ms - Host latency: 0.101819 ms (enqueue 0.0764893 ms)
[02/25/2026-14:55:06] [I] Average on 10 runs - GPU latency: 0.102014 ms - Host latency: 0.102014 ms (enqueue 0.0783081 ms)
[02/25/2026-14:55:06] [I] Average on 10 runs - GPU latency: 0.10094 ms - Host latency: 0.10094 ms (enqueue 0.0771851 ms)
[02/25/2026-14:55:06] [I] Average on 10 runs - GPU latency: 0.101465 ms - Host latency: 0.101465 ms (enqueue 0.0781372 ms)
[02/25/2026-14:55:06] [I] Average on 10 runs - GPU latency: 0.102393 ms - Host latency: 0.102393 ms (enqueue 0.0756592 ms)
[02/25/2026-14:55:06] [I] Average on 10 runs - GPU latency: 0.101599 ms - Host latency: 0.101599 ms (enqueue 0.0798462 ms)
[02/25/2026-14:55:06] [I] Average on 10 runs - GPU latency: 0.101221 ms - Host latency: 0.101221 ms (enqueue 0.0777832 ms)
[02/25/2026-14:55:06] [I] Average on 10 runs - GPU latency: 0.101807 ms - Host latency: 0.101807 ms (enqueue 0.0782349 ms)
[02/25/2026-14:55:06] [I] Average on 10 runs - GPU latency: 0.10238 ms - Host latency: 0.10238 ms (enqueue 0.0764771 ms)
[02/25/2026-14:55:06] [I] Average on 10 runs - GPU latency: 0.102173 ms - Host latency: 0.102173 ms (enqueue 0.078833 ms)
[02/25/2026-14:55:06] [I] Average on 10 runs - GPU latency: 0.101892 ms - Host latency: 0.101892 ms (enqueue 0.0766724 ms)
[02/25/2026-14:55:06] [I] Average on 10 runs - GPU latency: 0.10116 ms - Host latency: 0.10116 ms (enqueue 0.076709 ms)
[02/25/2026-14:55:06] [I] Average on 10 runs - GPU latency: 0.101013 ms - Host latency: 0.101013 ms (enqueue 0.0793213 ms)
[02/25/2026-14:55:06] [I] Average on 10 runs - GPU latency: 0.101794 ms - Host latency: 0.101794 ms (enqueue 0.0774414 ms)
[02/25/2026-14:55:06] [I] Average on 10 runs - GPU latency: 0.102014 ms - Host latency: 0.102014 ms (enqueue 0.0774658 ms)
[02/25/2026-14:55:06] [I] Average on 10 runs - GPU latency: 0.101392 ms - Host latency: 0.101392 ms (enqueue 0.0772339 ms)
[02/25/2026-14:55:06] [I] Average on 10 runs - GPU latency: 0.10155 ms - Host latency: 0.10155 ms (enqueue 0.0785645 ms)
[02/25/2026-14:55:06] [I] Average on 10 runs - GPU latency: 0.101208 ms - Host latency: 0.101208 ms (enqueue 0.0800537 ms)
[02/25/2026-14:55:06] [I] Average on 10 runs - GPU latency: 0.101477 ms - Host latency: 0.101477 ms (enqueue 0.076709 ms)
[02/25/2026-14:55:06] [I] Average on 10 runs - GPU latency: 0.101453 ms - Host latency: 0.101453 ms (enqueue 0.0756348 ms)
[02/25/2026-14:55:06] [I] Average on 10 runs - GPU latency: 0.100708 ms - Host latency: 0.100708 ms (enqueue 0.080542 ms)
[02/25/2026-14:55:06] [I] Average on 10 runs - GPU latency: 0.102722 ms - Host latency: 0.102722 ms (enqueue 0.0777466 ms)
[02/25/2026-14:55:06] [I] Average on 10 runs - GPU latency: 0.101746 ms - Host latency: 0.101746 ms (enqueue 0.0782959 ms)
[02/25/2026-14:55:06] [I] Average on 10 runs - GPU latency: 0.101794 ms - Host latency: 0.101794 ms (enqueue 0.0772095 ms)
[02/25/2026-14:55:06] [I] Average on 10 runs - GPU latency: 0.100818 ms - Host latency: 0.100818 ms (enqueue 0.0788086 ms)
[02/25/2026-14:55:06] [I] Average on 10 runs - GPU latency: 0.101428 ms - Host latency: 0.101428 ms (enqueue 0.0786377 ms)
[02/25/2026-14:55:06] [I] Average on 10 runs - GPU latency: 0.101514 ms - Host latency: 0.101514 ms (enqueue 0.0775513 ms)
[02/25/2026-14:55:06] [I] Average on 10 runs - GPU latency: 0.101257 ms - Host latency: 0.101257 ms (enqueue 0.0766846 ms)
[02/25/2026-14:55:06] [I] Average on 10 runs - GPU latency: 0.101672 ms - Host latency: 0.101672 ms (enqueue 0.0793945 ms)
[02/25/2026-14:55:06] [I] Average on 10 runs - GPU latency: 0.101709 ms - Host latency: 0.101709 ms (enqueue 0.0795654 ms)
[02/25/2026-14:55:06] [I] Average on 10 runs - GPU latency: 0.101721 ms - Host latency: 0.101721 ms (enqueue 0.0771118 ms)
[02/25/2026-14:55:06] [I] Average on 10 runs - GPU latency: 0.101697 ms - Host latency: 0.101697 ms (enqueue 0.0766235 ms)
[02/25/2026-14:55:06] [I] Average on 10 runs - GPU latency: 0.101404 ms - Host latency: 0.101404 ms (enqueue 0.078064 ms)
[02/25/2026-14:55:06] [I] Average on 10 runs - GPU latency: 0.101086 ms - Host latency: 0.101086 ms (enqueue 0.0799072 ms)
[02/25/2026-14:55:06] [I] Average on 10 runs - GPU latency: 0.102002 ms - Host latency: 0.102002 ms (enqueue 0.0778564 ms)
[02/25/2026-14:55:06] [I] Average on 10 runs - GPU latency: 0.102356 ms - Host latency: 0.102356 ms (enqueue 0.078479 ms)
[02/25/2026-14:55:06] [I] Average on 10 runs - GPU latency: 0.101086 ms - Host latency: 0.101086 ms (enqueue 0.0765991 ms)
[02/25/2026-14:55:06] [I] Average on 10 runs - GPU latency: 0.103003 ms - Host latency: 0.103003 ms (enqueue 0.0760498 ms)
[02/25/2026-14:55:06] [I] Average on 10 runs - GPU latency: 0.101245 ms - Host latency: 0.101245 ms (enqueue 0.0773804 ms)
[02/25/2026-14:55:06] [I] Average on 10 runs - GPU latency: 0.10199 ms - Host latency: 0.10199 ms (enqueue 0.0758789 ms)
[02/25/2026-14:55:06] [I] Average on 10 runs - GPU latency: 0.100867 ms - Host latency: 0.100867 ms (enqueue 0.0801636 ms)
[02/25/2026-14:55:06] [I] Average on 10 runs - GPU latency: 0.101184 ms - Host latency: 0.101184 ms (enqueue 0.0758423 ms)
[02/25/2026-14:55:06] [I] Average on 10 runs - GPU latency: 0.101782 ms - Host latency: 0.101782 ms (enqueue 0.0787109 ms)
[02/25/2026-14:55:06] [I] Average on 10 runs - GPU latency: 0.101892 ms - Host latency: 0.101892 ms (enqueue 0.0775146 ms)
[02/25/2026-14:55:06] [I] Average on 10 runs - GPU latency: 0.101636 ms - Host latency: 0.101636 ms (enqueue 0.077124 ms)
[02/25/2026-14:55:06] [I] Average on 10 runs - GPU latency: 0.101208 ms - Host latency: 0.101208 ms (enqueue 0.0778076 ms)
[02/25/2026-14:55:06] [I] Average on 10 runs - GPU latency: 0.101917 ms - Host latency: 0.101917 ms (enqueue 0.0773682 ms)
[02/25/2026-14:55:06] [I] Average on 10 runs - GPU latency: 0.101672 ms - Host latency: 0.101672 ms (enqueue 0.0789795 ms)
[02/25/2026-14:55:06] [I] Average on 10 runs - GPU latency: 0.100928 ms - Host latency: 0.100928 ms (enqueue 0.0792603 ms)
[02/25/2026-14:55:06] [I] Average on 10 runs - GPU latency: 0.100769 ms - Host latency: 0.100769 ms (enqueue 0.0756104 ms)
[02/25/2026-14:55:06] [I] Average on 10 runs - GPU latency: 0.101819 ms - Host latency: 0.101819 ms (enqueue 0.0770996 ms)
[02/25/2026-14:55:06] [I] Average on 10 runs - GPU latency: 0.102026 ms - Host latency: 0.102026 ms (enqueue 0.0759399 ms)
[02/25/2026-14:55:06] [I] Average on 10 runs - GPU latency: 0.100684 ms - Host latency: 0.100684 ms (enqueue 0.0787231 ms)
[02/25/2026-14:55:06] [I] Average on 10 runs - GPU latency: 0.101721 ms - Host latency: 0.101721 ms (enqueue 0.0772339 ms)
[02/25/2026-14:55:06] [I] Average on 10 runs - GPU latency: 0.102014 ms - Host latency: 0.102014 ms (enqueue 0.0766846 ms)
[02/25/2026-14:55:06] [I] Average on 10 runs - GPU latency: 0.101172 ms - Host latency: 0.101172 ms (enqueue 0.0769165 ms)
[02/25/2026-14:55:06] [I] Average on 10 runs - GPU latency: 0.101245 ms - Host latency: 0.101245 ms (enqueue 0.0791626 ms)
[02/25/2026-14:55:06] [I] Average on 10 runs - GPU latency: 0.101367 ms - Host latency: 0.101367 ms (enqueue 0.0755737 ms)
[02/25/2026-14:55:06] [I] Average on 10 runs - GPU latency: 0.101611 ms - Host latency: 0.101611 ms (enqueue 0.0771606 ms)
[02/25/2026-14:55:06] [I] Average on 10 runs - GPU latency: 0.101416 ms - Host latency: 0.101416 ms (enqueue 0.077478 ms)
[02/25/2026-14:55:06] [I] Average on 10 runs - GPU latency: 0.100854 ms - Host latency: 0.100854 ms (enqueue 0.0795288 ms)
[02/25/2026-14:55:06] [I] Average on 10 runs - GPU latency: 0.101831 ms - Host latency: 0.101831 ms (enqueue 0.0761841 ms)
[02/25/2026-14:55:06] [I] Average on 10 runs - GPU latency: 0.101282 ms - Host latency: 0.101282 ms (enqueue 0.0773682 ms)
[02/25/2026-14:55:06] [I] Average on 10 runs - GPU latency: 0.101038 ms - Host latency: 0.101038 ms (enqueue 0.0794067 ms)
[02/25/2026-14:55:06] [I] Average on 10 runs - GPU latency: 0.101685 ms - Host latency: 0.101685 ms (enqueue 0.0760376 ms)
[02/25/2026-14:55:06] [I] Average on 10 runs - GPU latency: 0.101343 ms - Host latency: 0.101343 ms (enqueue 0.0758545 ms)
[02/25/2026-14:55:06] [I] Average on 10 runs - GPU latency: 0.101074 ms - Host latency: 0.101074 ms (enqueue 0.0791992 ms)
[02/25/2026-14:55:06] [I] Average on 10 runs - GPU latency: 0.101648 ms - Host latency: 0.101648 ms (enqueue 0.0808228 ms)
[02/25/2026-14:55:06] [I] Average on 10 runs - GPU latency: 0.101782 ms - Host latency: 0.101782 ms (enqueue 0.0773437 ms)
[02/25/2026-14:55:06] [I] Average on 10 runs - GPU latency: 0.101465 ms - Host latency: 0.101465 ms (enqueue 0.0777222 ms)
[02/25/2026-14:55:06] [I] Average on 10 runs - GPU latency: 0.101794 ms - Host latency: 0.101794 ms (enqueue 0.0784058 ms)
[02/25/2026-14:55:06] [I] Average on 10 runs - GPU latency: 0.101636 ms - Host latency: 0.101636 ms (enqueue 0.0761597 ms)
[02/25/2026-14:55:06] [I] Average on 10 runs - GPU latency: 0.102075 ms - Host latency: 0.102075 ms (enqueue 0.0794556 ms)
[02/25/2026-14:55:06] [I] Average on 10 runs - GPU latency: 0.10199 ms - Host latency: 0.10199 ms (enqueue 0.0777344 ms)
[02/25/2026-14:55:06] [I] Average on 10 runs - GPU latency: 0.101575 ms - Host latency: 0.101575 ms (enqueue 0.0784302 ms)
[02/25/2026-14:55:06] [I] Average on 10 runs - GPU latency: 0.101746 ms - Host latency: 0.101746 ms (enqueue 0.0805298 ms)
[02/25/2026-14:55:06] [I] Average on 10 runs - GPU latency: 0.100806 ms - Host latency: 0.100806 ms (enqueue 0.0785767 ms)
[02/25/2026-14:55:06] [I] Average on 10 runs - GPU latency: 0.101453 ms - Host latency: 0.101453 ms (enqueue 0.0783936 ms)
[02/25/2026-14:55:06] [I] Average on 10 runs - GPU latency: 0.101001 ms - Host latency: 0.101001 ms (enqueue 0.0791626 ms)
[02/25/2026-14:55:06] [I] Average on 10 runs - GPU latency: 0.101343 ms - Host latency: 0.101343 ms (enqueue 0.0810547 ms)
[02/25/2026-14:55:06] [I] Average on 10 runs - GPU latency: 0.101025 ms - Host latency: 0.101025 ms (enqueue 0.0783325 ms)
[02/25/2026-14:55:06] [I] Average on 10 runs - GPU latency: 0.101404 ms - Host latency: 0.101404 ms (enqueue 0.0779541 ms)
[02/25/2026-14:55:06] [I] Average on 10 runs - GPU latency: 0.10127 ms - Host latency: 0.10127 ms (enqueue 0.077832 ms)
[02/25/2026-14:55:06] [I] Average on 10 runs - GPU latency: 0.101465 ms - Host latency: 0.101465 ms (enqueue 0.079541 ms)
[02/25/2026-14:55:06] [I] Average on 10 runs - GPU latency: 0.102271 ms - Host latency: 0.102271 ms (enqueue 0.0788818 ms)
[02/25/2026-14:55:06] [I] Average on 10 runs - GPU latency: 0.101672 ms - Host latency: 0.101672 ms (enqueue 0.0796265 ms)
[02/25/2026-14:55:06] [I] Average on 10 runs - GPU latency: 0.101147 ms - Host latency: 0.101147 ms (enqueue 0.0784912 ms)
[02/25/2026-14:55:06] [I] Average on 10 runs - GPU latency: 0.101294 ms - Host latency: 0.101294 ms (enqueue 0.07854 ms)
[02/25/2026-14:55:06] [I] Average on 10 runs - GPU latency: 0.102466 ms - Host latency: 0.102466 ms (enqueue 0.079248 ms)
[02/25/2026-14:55:06] [I] Average on 10 runs - GPU latency: 0.101074 ms - Host latency: 0.101074 ms (enqueue 0.0780273 ms)
[02/25/2026-14:55:06] [I] Average on 10 runs - GPU latency: 0.101416 ms - Host latency: 0.101416 ms (enqueue 0.0790405 ms)
[02/25/2026-14:55:06] [I] Average on 10 runs - GPU latency: 0.101343 ms - Host latency: 0.101343 ms (enqueue 0.0795044 ms)
[02/25/2026-14:55:06] [I] Average on 10 runs - GPU latency: 0.10199 ms - Host latency: 0.10199 ms (enqueue 0.0781982 ms)
[02/25/2026-14:55:06] [I] Average on 10 runs - GPU latency: 0.102051 ms - Host latency: 0.102051 ms (enqueue 0.078833 ms)
[02/25/2026-14:55:06] [I] Average on 10 runs - GPU latency: 0.101819 ms - Host latency: 0.101819 ms (enqueue 0.0775146 ms)
[02/25/2026-14:55:06] [I] Average on 10 runs - GPU latency: 0.102673 ms - Host latency: 0.102673 ms (enqueue 0.0766968 ms)
[02/25/2026-14:55:06] [I] Average on 10 runs - GPU latency: 0.102295 ms - Host latency: 0.102295 ms (enqueue 0.0765869 ms)
[02/25/2026-14:55:06] [I] Average on 10 runs - GPU latency: 0.100916 ms - Host latency: 0.100916 ms (enqueue 0.0797119 ms)
[02/25/2026-14:55:06] [I] Average on 10 runs - GPU latency: 0.10072 ms - Host latency: 0.10072 ms (enqueue 0.0797241 ms)
[02/25/2026-14:55:06] [I] Average on 10 runs - GPU latency: 0.102429 ms - Host latency: 0.102429 ms (enqueue 0.0782471 ms)
[02/25/2026-14:55:06] [I] Average on 10 runs - GPU latency: 0.101477 ms - Host latency: 0.101477 ms (enqueue 0.0758423 ms)
[02/25/2026-14:55:06] [I] Average on 10 runs - GPU latency: 0.101343 ms - Host latency: 0.101343 ms (enqueue 0.0775879 ms)
[02/25/2026-14:55:06] [I] Average on 10 runs - GPU latency: 0.102026 ms - Host latency: 0.102026 ms (enqueue 0.0792725 ms)
[02/25/2026-14:55:06] [I] Average on 10 runs - GPU latency: 0.101331 ms - Host latency: 0.101331 ms (enqueue 0.0781494 ms)
[02/25/2026-14:55:06] [I] Average on 10 runs - GPU latency: 0.101172 ms - Host latency: 0.101172 ms (enqueue 0.0776001 ms)
[02/25/2026-14:55:06] [I] Average on 10 runs - GPU latency: 0.101038 ms - Host latency: 0.101038 ms (enqueue 0.0781006 ms)
[02/25/2026-14:55:06] [I] Average on 10 runs - GPU latency: 0.101416 ms - Host latency: 0.101416 ms (enqueue 0.078894 ms)
[02/25/2026-14:55:06] [I] Average on 10 runs - GPU latency: 0.101233 ms - Host latency: 0.101233 ms (enqueue 0.0760498 ms)
[02/25/2026-14:55:06] [I] Average on 10 runs - GPU latency: 0.102014 ms - Host latency: 0.102014 ms (enqueue 0.0775635 ms)
[02/25/2026-14:55:06] [I] Average on 10 runs - GPU latency: 0.1021 ms - Host latency: 0.1021 ms (enqueue 0.0768066 ms)
[02/25/2026-14:55:06] [I] Average on 10 runs - GPU latency: 0.101575 ms - Host latency: 0.101575 ms (enqueue 0.0789185 ms)
[02/25/2026-14:55:06] [I] Average on 10 runs - GPU latency: 0.101514 ms - Host latency: 0.101514 ms (enqueue 0.0768921 ms)
[02/25/2026-14:55:06] [I] Average on 10 runs - GPU latency: 0.102197 ms - Host latency: 0.102197 ms (enqueue 0.0768799 ms)
[02/25/2026-14:55:06] [I] Average on 10 runs - GPU latency: 0.10155 ms - Host latency: 0.10155 ms (enqueue 0.0770752 ms)
[02/25/2026-14:55:06] [I] Average on 10 runs - GPU latency: 0.101721 ms - Host latency: 0.101721 ms (enqueue 0.0800171 ms)
[02/25/2026-14:55:06] [I] Average on 10 runs - GPU latency: 0.101868 ms - Host latency: 0.101868 ms (enqueue 0.0769287 ms)
[02/25/2026-14:55:06] [I] Average on 10 runs - GPU latency: 0.101953 ms - Host latency: 0.101953 ms (enqueue 0.0780029 ms)
[02/25/2026-14:55:06] [I] Average on 10 runs - GPU latency: 0.102356 ms - Host latency: 0.102356 ms (enqueue 0.0778564 ms)
[02/25/2026-14:55:06] [I] Average on 10 runs - GPU latency: 0.101001 ms - Host latency: 0.101001 ms (enqueue 0.0782227 ms)
[02/25/2026-14:55:06] [I] Average on 10 runs - GPU latency: 0.101099 ms - Host latency: 0.101099 ms (enqueue 0.0798218 ms)
[02/25/2026-14:55:06] [I] Average on 10 runs - GPU latency: 0.101318 ms - Host latency: 0.101318 ms (enqueue 0.0783813 ms)
[02/25/2026-14:55:06] [I] Average on 10 runs - GPU latency: 0.102502 ms - Host latency: 0.102502 ms (enqueue 0.0804443 ms)
[02/25/2026-14:55:06] [I] Average on 10 runs - GPU latency: 0.101233 ms - Host latency: 0.101233 ms (enqueue 0.0770874 ms)
[02/25/2026-14:55:06] [I] Average on 10 runs - GPU latency: 0.102051 ms - Host latency: 0.102051 ms (enqueue 0.0785522 ms)
[02/25/2026-14:55:06] [I] Average on 10 runs - GPU latency: 0.101062 ms - Host latency: 0.101062 ms (enqueue 0.0772095 ms)
[02/25/2026-14:55:06] [I] Average on 10 runs - GPU latency: 0.101611 ms - Host latency: 0.101611 ms (enqueue 0.0821777 ms)
[02/25/2026-14:55:06] [I] Average on 10 runs - GPU latency: 0.100549 ms - Host latency: 0.100549 ms (enqueue 0.0782105 ms)
[02/25/2026-14:55:06] [I] Average on 10 runs - GPU latency: 0.101477 ms - Host latency: 0.101477 ms (enqueue 0.0786377 ms)
[02/25/2026-14:55:06] [I] Average on 10 runs - GPU latency: 0.101233 ms - Host latency: 0.101233 ms (enqueue 0.0796143 ms)
[02/25/2026-14:55:06] [I] Average on 10 runs - GPU latency: 0.101453 ms - Host latency: 0.101453 ms (enqueue 0.0787842 ms)
[02/25/2026-14:55:06] [I] Average on 10 runs - GPU latency: 0.101611 ms - Host latency: 0.101611 ms (enqueue 0.0778076 ms)
[02/25/2026-14:55:06] [I] Average on 10 runs - GPU latency: 0.102014 ms - Host latency: 0.102014 ms (enqueue 0.0770752 ms)
[02/25/2026-14:55:06] [I] Average on 10 runs - GPU latency: 0.101794 ms - Host latency: 0.101794 ms (enqueue 0.0768433 ms)
[02/25/2026-14:55:06] [I] Average on 10 runs - GPU latency: 0.101453 ms - Host latency: 0.101453 ms (enqueue 0.0791138 ms)
[02/25/2026-14:55:06] [I] Average on 10 runs - GPU latency: 0.101453 ms - Host latency: 0.101453 ms (enqueue 0.0776978 ms)
[02/25/2026-14:55:06] [I] Average on 10 runs - GPU latency: 0.101404 ms - Host latency: 0.101404 ms (enqueue 0.0773193 ms)
[02/25/2026-14:55:06] [I] Average on 10 runs - GPU latency: 0.102161 ms - Host latency: 0.102161 ms (enqueue 0.0767456 ms)
[02/25/2026-14:55:06] [I] Average on 10 runs - GPU latency: 0.100964 ms - Host latency: 0.100964 ms (enqueue 0.0799927 ms)
[02/25/2026-14:55:06] [I] Average on 10 runs - GPU latency: 0.102026 ms - Host latency: 0.102026 ms (enqueue 0.0765625 ms)
[02/25/2026-14:55:06] [I] Average on 10 runs - GPU latency: 0.101453 ms - Host latency: 0.101453 ms (enqueue 0.0772461 ms)
[02/25/2026-14:55:06] [I] Average on 10 runs - GPU latency: 0.10094 ms - Host latency: 0.10094 ms (enqueue 0.0780151 ms)
[02/25/2026-14:55:06] [I] Average on 10 runs - GPU latency: 0.100342 ms - Host latency: 0.100342 ms (enqueue 0.0768433 ms)
[02/25/2026-14:55:06] [I] Average on 10 runs - GPU latency: 0.10166 ms - Host latency: 0.10166 ms (enqueue 0.0772095 ms)
[02/25/2026-14:55:06] [I] Average on 10 runs - GPU latency: 0.10127 ms - Host latency: 0.10127 ms (enqueue 0.0764893 ms)
[02/25/2026-14:55:06] [I] Average on 10 runs - GPU latency: 0.101245 ms - Host latency: 0.101245 ms (enqueue 0.0790283 ms)
[02/25/2026-14:55:06] [I] Average on 10 runs - GPU latency: 0.100854 ms - Host latency: 0.100854 ms (enqueue 0.0780029 ms)
[02/25/2026-14:55:06] [I] Average on 10 runs - GPU latency: 0.101294 ms - Host latency: 0.101294 ms (enqueue 0.0779297 ms)
[02/25/2026-14:55:06] [I] Average on 10 runs - GPU latency: 0.102087 ms - Host latency: 0.102087 ms (enqueue 0.0773804 ms)
[02/25/2026-14:55:06] [I] Average on 10 runs - GPU latency: 0.101392 ms - Host latency: 0.101392 ms (enqueue 0.0794434 ms)
[02/25/2026-14:55:06] [I] Average on 10 runs - GPU latency: 0.101562 ms - Host latency: 0.101562 ms (enqueue 0.0798096 ms)
[02/25/2026-14:55:06] [I] Average on 10 runs - GPU latency: 0.101489 ms - Host latency: 0.101489 ms (enqueue 0.0769653 ms)
[02/25/2026-14:55:06] [I] Average on 10 runs - GPU latency: 0.10155 ms - Host latency: 0.10155 ms (enqueue 0.0788452 ms)
[02/25/2026-14:55:06] [I] Average on 10 runs - GPU latency: 0.101257 ms - Host latency: 0.101257 ms (enqueue 0.079187 ms)
[02/25/2026-14:55:06] [I] Average on 10 runs - GPU latency: 0.102271 ms - Host latency: 0.102271 ms (enqueue 0.0768188 ms)
[02/25/2026-14:55:06] [I] Average on 10 runs - GPU latency: 0.102051 ms - Host latency: 0.102051 ms (enqueue 0.0767822 ms)
[02/25/2026-14:55:06] [I] Average on 10 runs - GPU latency: 0.100769 ms - Host latency: 0.100769 ms (enqueue 0.0777832 ms)
[02/25/2026-14:55:06] [I] Average on 10 runs - GPU latency: 0.101282 ms - Host latency: 0.101282 ms (enqueue 0.0776123 ms)
[02/25/2026-14:55:06] [I] Average on 10 runs - GPU latency: 0.102026 ms - Host latency: 0.102026 ms (enqueue 0.0771484 ms)
[02/25/2026-14:55:06] [I] Average on 10 runs - GPU latency: 0.101355 ms - Host latency: 0.101355 ms (enqueue 0.07854 ms)
[02/25/2026-14:55:06] [I] Average on 10 runs - GPU latency: 0.101624 ms - Host latency: 0.101624 ms (enqueue 0.0780762 ms)
[02/25/2026-14:55:06] [I] Average on 10 runs - GPU latency: 0.101721 ms - Host latency: 0.101721 ms (enqueue 0.0783325 ms)
[02/25/2026-14:55:06] [I] Average on 10 runs - GPU latency: 0.101477 ms - Host latency: 0.101477 ms (enqueue 0.0769531 ms)
[02/25/2026-14:55:06] [I] Average on 10 runs - GPU latency: 0.102002 ms - Host latency: 0.102002 ms (enqueue 0.0778076 ms)
[02/25/2026-14:55:06] [I] Average on 10 runs - GPU latency: 0.10238 ms - Host latency: 0.10238 ms (enqueue 0.0793457 ms)
[02/25/2026-14:55:06] [I] Average on 10 runs - GPU latency: 0.101282 ms - Host latency: 0.101282 ms (enqueue 0.0818848 ms)
[02/25/2026-14:55:06] [I] Average on 10 runs - GPU latency: 0.101233 ms - Host latency: 0.101233 ms (enqueue 0.0772583 ms)
[02/25/2026-14:55:06] [I] Average on 10 runs - GPU latency: 0.101367 ms - Host latency: 0.101367 ms (enqueue 0.0770142 ms)
[02/25/2026-14:55:06] [I] Average on 10 runs - GPU latency: 0.102136 ms - Host latency: 0.102136 ms (enqueue 0.0772827 ms)
[02/25/2026-14:55:06] [I] Average on 10 runs - GPU latency: 0.101135 ms - Host latency: 0.101135 ms (enqueue 0.080188 ms)
[02/25/2026-14:55:06] [I] Average on 10 runs - GPU latency: 0.10144 ms - Host latency: 0.10144 ms (enqueue 0.0758789 ms)
[02/25/2026-14:55:06] [I] Average on 10 runs - GPU latency: 0.101917 ms - Host latency: 0.101917 ms (enqueue 0.076709 ms)
[02/25/2026-14:55:06] [I] Average on 10 runs - GPU latency: 0.100708 ms - Host latency: 0.100708 ms (enqueue 0.0773193 ms)
[02/25/2026-14:55:06] [I] Average on 10 runs - GPU latency: 0.101343 ms - Host latency: 0.101343 ms (enqueue 0.0789185 ms)
[02/25/2026-14:55:06] [I] Average on 10 runs - GPU latency: 0.102136 ms - Host latency: 0.102136 ms (enqueue 0.0770996 ms)
[02/25/2026-14:55:06] [I] Average on 10 runs - GPU latency: 0.101147 ms - Host latency: 0.101147 ms (enqueue 0.0775024 ms)
[02/25/2026-14:55:06] [I] Average on 10 runs - GPU latency: 0.101331 ms - Host latency: 0.101331 ms (enqueue 0.0765869 ms)
[02/25/2026-14:55:06] [I] Average on 10 runs - GPU latency: 0.101794 ms - Host latency: 0.101794 ms (enqueue 0.0795776 ms)
[02/25/2026-14:55:06] [I] Average on 10 runs - GPU latency: 0.101392 ms - Host latency: 0.101392 ms (enqueue 0.0773804 ms)
[02/25/2026-14:55:06] [I] Average on 10 runs - GPU latency: 0.101489 ms - Host latency: 0.101489 ms (enqueue 0.0768921 ms)
[02/25/2026-14:55:06] [I] Average on 10 runs - GPU latency: 0.101331 ms - Host latency: 0.101331 ms (enqueue 0.0772339 ms)
[02/25/2026-14:55:06] [I] Average on 10 runs - GPU latency: 0.101648 ms - Host latency: 0.101648 ms (enqueue 0.0783081 ms)
[02/25/2026-14:55:06] [I] Average on 10 runs - GPU latency: 0.101831 ms - Host latency: 0.101831 ms (enqueue 0.0769775 ms)
[02/25/2026-14:55:06] [I] Average on 10 runs - GPU latency: 0.10155 ms - Host latency: 0.10155 ms (enqueue 0.077356 ms)
[02/25/2026-14:55:06] [I] Average on 10 runs - GPU latency: 0.101135 ms - Host latency: 0.101135 ms (enqueue 0.079541 ms)
[02/25/2026-14:55:06] [I] Average on 10 runs - GPU latency: 0.101208 ms - Host latency: 0.101208 ms (enqueue 0.0760254 ms)
[02/25/2026-14:55:06] [I] Average on 10 runs - GPU latency: 0.102539 ms - Host latency: 0.102539 ms (enqueue 0.078833 ms)
[02/25/2026-14:55:06] [I] Average on 10 runs - GPU latency: 0.10072 ms - Host latency: 0.10072 ms (enqueue 0.0759888 ms)
[02/25/2026-14:55:06] [I] Average on 10 runs - GPU latency: 0.102637 ms - Host latency: 0.102637 ms (enqueue 0.0777344 ms)
[02/25/2026-14:55:06] [I] Average on 10 runs - GPU latency: 0.101624 ms - Host latency: 0.101624 ms (enqueue 0.07771 ms)
[02/25/2026-14:55:06] [I] Average on 10 runs - GPU latency: 0.10144 ms - Host latency: 0.10144 ms (enqueue 0.0784668 ms)
[02/25/2026-14:55:06] [I] Average on 10 runs - GPU latency: 0.101501 ms - Host latency: 0.101501 ms (enqueue 0.0763794 ms)
[02/25/2026-14:55:06] [I] Average on 10 runs - GPU latency: 0.102283 ms - Host latency: 0.102283 ms (enqueue 0.078064 ms)
[02/25/2026-14:55:06] [I] Average on 10 runs - GPU latency: 0.101062 ms - Host latency: 0.101062 ms (enqueue 0.0794922 ms)
[02/25/2026-14:55:06] [I] Average on 10 runs - GPU latency: 0.101233 ms - Host latency: 0.101233 ms (enqueue 0.0783081 ms)
[02/25/2026-14:55:06] [I] Average on 10 runs - GPU latency: 0.101013 ms - Host latency: 0.101013 ms (enqueue 0.0773682 ms)
[02/25/2026-14:55:06] [I] Average on 10 runs - GPU latency: 0.100745 ms - Host latency: 0.100745 ms (enqueue 0.0796875 ms)
[02/25/2026-14:55:06] [I] Average on 10 runs - GPU latency: 0.101587 ms - Host latency: 0.101587 ms (enqueue 0.0775391 ms)
[02/25/2026-14:55:06] [I] Average on 10 runs - GPU latency: 0.102234 ms - Host latency: 0.102234 ms (enqueue 0.077832 ms)
[02/25/2026-14:55:06] [I] Average on 10 runs - GPU latency: 0.101624 ms - Host latency: 0.101624 ms (enqueue 0.0776978 ms)
[02/25/2026-14:55:06] [I] Average on 10 runs - GPU latency: 0.100256 ms - Host latency: 0.100256 ms (enqueue 0.0794434 ms)
[02/25/2026-14:55:06] [I] Average on 10 runs - GPU latency: 0.10127 ms - Host latency: 0.10127 ms (enqueue 0.0786865 ms)
[02/25/2026-14:55:06] [I] Average on 10 runs - GPU latency: 0.101294 ms - Host latency: 0.101294 ms (enqueue 0.0768311 ms)
[02/25/2026-14:55:06] [I] Average on 10 runs - GPU latency: 0.101318 ms - Host latency: 0.101318 ms (enqueue 0.0786133 ms)
[02/25/2026-14:55:06] [I] Average on 10 runs - GPU latency: 0.100732 ms - Host latency: 0.100732 ms (enqueue 0.0792969 ms)
[02/25/2026-14:55:06] [I] Average on 10 runs - GPU latency: 0.102051 ms - Host latency: 0.102051 ms (enqueue 0.0775879 ms)
[02/25/2026-14:55:06] [I] Average on 10 runs - GPU latency: 0.101172 ms - Host latency: 0.101172 ms (enqueue 0.0787598 ms)
[02/25/2026-14:55:06] [I] Average on 10 runs - GPU latency: 0.102637 ms - Host latency: 0.102637 ms (enqueue 0.0772217 ms)
[02/25/2026-14:55:06] [I] Average on 10 runs - GPU latency: 0.101367 ms - Host latency: 0.101367 ms (enqueue 0.0792236 ms)
[02/25/2026-14:55:06] [I] Average on 10 runs - GPU latency: 0.10188 ms - Host latency: 0.10188 ms (enqueue 0.0786133 ms)
[02/25/2026-14:55:06] [I] Average on 10 runs - GPU latency: 0.102148 ms - Host latency: 0.102148 ms (enqueue 0.078125 ms)
[02/25/2026-14:55:06] [I] Average on 10 runs - GPU latency: 0.10144 ms - Host latency: 0.10144 ms (enqueue 0.0810303 ms)
[02/25/2026-14:55:06] [I] Average on 10 runs - GPU latency: 0.101929 ms - Host latency: 0.101929 ms (enqueue 0.0772705 ms)
[02/25/2026-14:55:06] [I] Average on 10 runs - GPU latency: 0.101807 ms - Host latency: 0.101807 ms (enqueue 0.0792969 ms)
[02/25/2026-14:55:06] [I] Average on 10 runs - GPU latency: 0.101245 ms - Host latency: 0.101245 ms (enqueue 0.078418 ms)
[02/25/2026-14:55:06] [I] Average on 10 runs - GPU latency: 0.101392 ms - Host latency: 0.101392 ms (enqueue 0.0791504 ms)
[02/25/2026-14:55:06] [I] Average on 10 runs - GPU latency: 0.101416 ms - Host latency: 0.101416 ms (enqueue 0.0773926 ms)
[02/25/2026-14:55:06] [I] Average on 10 runs - GPU latency: 0.101245 ms - Host latency: 0.101245 ms (enqueue 0.0771973 ms)
[02/25/2026-14:55:06] [I] Average on 10 runs - GPU latency: 0.101147 ms - Host latency: 0.101147 ms (enqueue 0.0767822 ms)
[02/25/2026-14:55:06] [I] Average on 10 runs - GPU latency: 0.102319 ms - Host latency: 0.102319 ms (enqueue 0.0779053 ms)
[02/25/2026-14:55:06] [I] Average on 10 runs - GPU latency: 0.101587 ms - Host latency: 0.101587 ms (enqueue 0.0767334 ms)
[02/25/2026-14:55:06] [I] Average on 10 runs - GPU latency: 0.101782 ms - Host latency: 0.101782 ms (enqueue 0.0764893 ms)
[02/25/2026-14:55:06] [I] Average on 10 runs - GPU latency: 0.102026 ms - Host latency: 0.102026 ms (enqueue 0.0782471 ms)
[02/25/2026-14:55:06] [I] Average on 10 runs - GPU latency: 0.101196 ms - Host latency: 0.101196 ms (enqueue 0.0791748 ms)
[02/25/2026-14:55:06] [I] Average on 10 runs - GPU latency: 0.100854 ms - Host latency: 0.100854 ms (enqueue 0.0777588 ms)
[02/25/2026-14:55:06] [I] Average on 10 runs - GPU latency: 0.1021 ms - Host latency: 0.1021 ms (enqueue 0.0775146 ms)
[02/25/2026-14:55:06] [I] Average on 10 runs - GPU latency: 0.101514 ms - Host latency: 0.101514 ms (enqueue 0.077832 ms)
[02/25/2026-14:55:06] [I] Average on 10 runs - GPU latency: 0.101562 ms - Host latency: 0.101562 ms (enqueue 0.0775146 ms)
[02/25/2026-14:55:06] [I] Average on 10 runs - GPU latency: 0.102075 ms - Host latency: 0.102075 ms (enqueue 0.0781982 ms)
[02/25/2026-14:55:06] [I] Average on 10 runs - GPU latency: 0.101807 ms - Host latency: 0.101807 ms (enqueue 0.0767822 ms)
[02/25/2026-14:55:06] [I] Average on 10 runs - GPU latency: 0.100757 ms - Host latency: 0.100757 ms (enqueue 0.0773682 ms)
[02/25/2026-14:55:06] [I] Average on 10 runs - GPU latency: 0.102246 ms - Host latency: 0.102246 ms (enqueue 0.0783203 ms)
[02/25/2026-14:55:06] [I] Average on 10 runs - GPU latency: 0.10166 ms - Host latency: 0.10166 ms (enqueue 0.0770996 ms)
[02/25/2026-14:55:06] [I] Average on 10 runs - GPU latency: 0.100977 ms - Host latency: 0.100977 ms (enqueue 0.0782471 ms)
[02/25/2026-14:55:06] [I] Average on 10 runs - GPU latency: 0.101636 ms - Host latency: 0.101636 ms (enqueue 0.0771729 ms)
[02/25/2026-14:55:06] [I] Average on 10 runs - GPU latency: 0.101172 ms - Host latency: 0.101172 ms (enqueue 0.0803223 ms)
[02/25/2026-14:55:06] [I] Average on 10 runs - GPU latency: 0.102002 ms - Host latency: 0.102002 ms (enqueue 0.078833 ms)
[02/25/2026-14:55:06] [I] Average on 10 runs - GPU latency: 0.100952 ms - Host latency: 0.100952 ms (enqueue 0.0773437 ms)
[02/25/2026-14:55:06] [I] Average on 10 runs - GPU latency: 0.101123 ms - Host latency: 0.101123 ms (enqueue 0.0768799 ms)
[02/25/2026-14:55:06] [I] Average on 10 runs - GPU latency: 0.101611 ms - Host latency: 0.101611 ms (enqueue 0.0770264 ms)
[02/25/2026-14:55:06] [I] Average on 10 runs - GPU latency: 0.100806 ms - Host latency: 0.100806 ms (enqueue 0.0757324 ms)
[02/25/2026-14:55:06] [I] Average on 10 runs - GPU latency: 0.102197 ms - Host latency: 0.102197 ms (enqueue 0.076416 ms)
[02/25/2026-14:55:06] [I] Average on 10 runs - GPU latency: 0.10144 ms - Host latency: 0.10144 ms (enqueue 0.079248 ms)
[02/25/2026-14:55:06] [I] Average on 10 runs - GPU latency: 0.101978 ms - Host latency: 0.101978 ms (enqueue 0.0764893 ms)
[02/25/2026-14:55:06] [I] Average on 10 runs - GPU latency: 0.101123 ms - Host latency: 0.101123 ms (enqueue 0.079126 ms)
[02/25/2026-14:55:06] [I] Average on 10 runs - GPU latency: 0.101074 ms - Host latency: 0.101074 ms (enqueue 0.0772217 ms)
[02/25/2026-14:55:06] [I] Average on 10 runs - GPU latency: 0.101025 ms - Host latency: 0.101025 ms (enqueue 0.0809814 ms)
[02/25/2026-14:55:06] [I] Average on 10 runs - GPU latency: 0.101172 ms - Host latency: 0.101172 ms (enqueue 0.0784424 ms)
[02/25/2026-14:55:06] [I] Average on 10 runs - GPU latency: 0.100684 ms - Host latency: 0.100684 ms (enqueue 0.0792236 ms)
[02/25/2026-14:55:06] [I] Average on 10 runs - GPU latency: 0.101685 ms - Host latency: 0.101685 ms (enqueue 0.0778564 ms)
[02/25/2026-14:55:06] [I] Average on 10 runs - GPU latency: 0.101416 ms - Host latency: 0.101416 ms (enqueue 0.080249 ms)
[02/25/2026-14:55:06] [I] Average on 10 runs - GPU latency: 0.101318 ms - Host latency: 0.101318 ms (enqueue 0.0795654 ms)
[02/25/2026-14:55:06] [I] Average on 10 runs - GPU latency: 0.101196 ms - Host latency: 0.101196 ms (enqueue 0.0771973 ms)
[02/25/2026-14:55:06] [I] Average on 10 runs - GPU latency: 0.101196 ms - Host latency: 0.101196 ms (enqueue 0.079541 ms)
[02/25/2026-14:55:06] [I] Average on 10 runs - GPU latency: 0.100903 ms - Host latency: 0.100903 ms (enqueue 0.0801758 ms)
[02/25/2026-14:55:06] [I] Average on 10 runs - GPU latency: 0.100879 ms - Host latency: 0.100879 ms (enqueue 0.0804688 ms)
[02/25/2026-14:55:06] [I] Average on 10 runs - GPU latency: 0.101587 ms - Host latency: 0.101587 ms (enqueue 0.0782715 ms)
[02/25/2026-14:55:06] [I] Average on 10 runs - GPU latency: 0.101489 ms - Host latency: 0.101489 ms (enqueue 0.0783691 ms)
[02/25/2026-14:55:06] [I] Average on 10 runs - GPU latency: 0.101489 ms - Host latency: 0.101489 ms (enqueue 0.0786621 ms)
[02/25/2026-14:55:06] [I] Average on 10 runs - GPU latency: 0.100732 ms - Host latency: 0.100732 ms (enqueue 0.0773682 ms)
[02/25/2026-14:55:06] [I] Average on 10 runs - GPU latency: 0.10166 ms - Host latency: 0.10166 ms (enqueue 0.078833 ms)
[02/25/2026-14:55:06] [I] Average on 10 runs - GPU latency: 0.101196 ms - Host latency: 0.101196 ms (enqueue 0.0775879 ms)
[02/25/2026-14:55:06] [I] Average on 10 runs - GPU latency: 0.101245 ms - Host latency: 0.101245 ms (enqueue 0.0788574 ms)
[02/25/2026-14:55:06] [I] Average on 10 runs - GPU latency: 0.10249 ms - Host latency: 0.10249 ms (enqueue 0.0782227 ms)
[02/25/2026-14:55:06] [I] Average on 10 runs - GPU latency: 0.101318 ms - Host latency: 0.101318 ms (enqueue 0.0780029 ms)
[02/25/2026-14:55:06] [I] Average on 10 runs - GPU latency: 0.101392 ms - Host latency: 0.101392 ms (enqueue 0.0776611 ms)
[02/25/2026-14:55:06] [I] Average on 10 runs - GPU latency: 0.101147 ms - Host latency: 0.101147 ms (enqueue 0.0805176 ms)
[02/25/2026-14:55:06] [I] Average on 10 runs - GPU latency: 0.100928 ms - Host latency: 0.100928 ms (enqueue 0.0771973 ms)
[02/25/2026-14:55:06] [I] Average on 10 runs - GPU latency: 0.101074 ms - Host latency: 0.101074 ms (enqueue 0.0782959 ms)
[02/25/2026-14:55:06] [I] Average on 10 runs - GPU latency: 0.100757 ms - Host latency: 0.100757 ms (enqueue 0.077002 ms)
[02/25/2026-14:55:06] [I] Average on 10 runs - GPU latency: 0.102466 ms - Host latency: 0.102466 ms (enqueue 0.0797119 ms)
[02/25/2026-14:55:06] [I] Average on 10 runs - GPU latency: 0.101562 ms - Host latency: 0.101562 ms (enqueue 0.0781006 ms)
[02/25/2026-14:55:06] [I] Average on 10 runs - GPU latency: 0.100586 ms - Host latency: 0.100586 ms (enqueue 0.0782715 ms)
[02/25/2026-14:55:06] [I] Average on 10 runs - GPU latency: 0.101221 ms - Host latency: 0.101221 ms (enqueue 0.079541 ms)
[02/25/2026-14:55:06] [I] Average on 10 runs - GPU latency: 0.100708 ms - Host latency: 0.100708 ms (enqueue 0.0773437 ms)
[02/25/2026-14:55:06] [I] Average on 10 runs - GPU latency: 0.10188 ms - Host latency: 0.10188 ms (enqueue 0.0789063 ms)
[02/25/2026-14:55:06] [I] Average on 10 runs - GPU latency: 0.101831 ms - Host latency: 0.101831 ms (enqueue 0.0799316 ms)
[02/25/2026-14:55:06] [I] Average on 10 runs - GPU latency: 0.101172 ms - Host latency: 0.101172 ms (enqueue 0.0786377 ms)
[02/25/2026-14:55:06] [I] Average on 10 runs - GPU latency: 0.101978 ms - Host latency: 0.101978 ms (enqueue 0.0781006 ms)
[02/25/2026-14:55:06] [I] Average on 10 runs - GPU latency: 0.101489 ms - Host latency: 0.101489 ms (enqueue 0.0783447 ms)
[02/25/2026-14:55:06] [I] Average on 10 runs - GPU latency: 0.101538 ms - Host latency: 0.101538 ms (enqueue 0.0776123 ms)
[02/25/2026-14:55:06] [I] Average on 10 runs - GPU latency: 0.101196 ms - Host latency: 0.101196 ms (enqueue 0.0779785 ms)
[02/25/2026-14:55:06] [I] Average on 10 runs - GPU latency: 0.101538 ms - Host latency: 0.101538 ms (enqueue 0.0759277 ms)
[02/25/2026-14:55:06] [I] Average on 10 runs - GPU latency: 0.101611 ms - Host latency: 0.101611 ms (enqueue 0.0772949 ms)
[02/25/2026-14:55:06] [I] Average on 10 runs - GPU latency: 0.101636 ms - Host latency: 0.101636 ms (enqueue 0.0780029 ms)
[02/25/2026-14:55:06] [I] Average on 10 runs - GPU latency: 0.101685 ms - Host latency: 0.101685 ms (enqueue 0.0793213 ms)
[02/25/2026-14:55:06] [I] Average on 10 runs - GPU latency: 0.101611 ms - Host latency: 0.101611 ms (enqueue 0.0772949 ms)
[02/25/2026-14:55:06] [I] Average on 10 runs - GPU latency: 0.101709 ms - Host latency: 0.101709 ms (enqueue 0.0778564 ms)
[02/25/2026-14:55:06] [I] Average on 10 runs - GPU latency: 0.101685 ms - Host latency: 0.101685 ms (enqueue 0.0767822 ms)
[02/25/2026-14:55:06] [I] Average on 10 runs - GPU latency: 0.101172 ms - Host latency: 0.101172 ms (enqueue 0.0793457 ms)
[02/25/2026-14:55:06] [I] Average on 10 runs - GPU latency: 0.10127 ms - Host latency: 0.10127 ms (enqueue 0.0779297 ms)
[02/25/2026-14:55:06] [I] Average on 10 runs - GPU latency: 0.101562 ms - Host latency: 0.101562 ms (enqueue 0.077124 ms)
[02/25/2026-14:55:06] [I] Average on 10 runs - GPU latency: 0.102295 ms - Host latency: 0.102295 ms (enqueue 0.0773437 ms)
[02/25/2026-14:55:06] [I] Average on 10 runs - GPU latency: 0.101465 ms - Host latency: 0.101465 ms (enqueue 0.0767334 ms)
[02/25/2026-14:55:06] [I] Average on 10 runs - GPU latency: 0.101636 ms - Host latency: 0.101636 ms (enqueue 0.0767822 ms)
[02/25/2026-14:55:06] [I] Average on 10 runs - GPU latency: 0.101123 ms - Host latency: 0.101123 ms (enqueue 0.0776123 ms)
[02/25/2026-14:55:06] [I] Average on 10 runs - GPU latency: 0.101514 ms - Host latency: 0.101514 ms (enqueue 0.0784424 ms)
[02/25/2026-14:55:06] [I] Average on 10 runs - GPU latency: 0.101318 ms - Host latency: 0.101318 ms (enqueue 0.0786133 ms)
[02/25/2026-14:55:06] [I] Average on 10 runs - GPU latency: 0.101465 ms - Host latency: 0.101465 ms (enqueue 0.0779053 ms)
[02/25/2026-14:55:06] [I] Average on 10 runs - GPU latency: 0.101538 ms - Host latency: 0.101538 ms (enqueue 0.0789307 ms)
[02/25/2026-14:55:06] [I] Average on 10 runs - GPU latency: 0.100732 ms - Host latency: 0.100732 ms (enqueue 0.0810791 ms)
[02/25/2026-14:55:06] [I] Average on 10 runs - GPU latency: 0.101514 ms - Host latency: 0.101514 ms (enqueue 0.0788086 ms)
[02/25/2026-14:55:06] [I] Average on 10 runs - GPU latency: 0.101416 ms - Host latency: 0.101416 ms (enqueue 0.0774658 ms)
[02/25/2026-14:55:06] [I] Average on 10 runs - GPU latency: 0.101392 ms - Host latency: 0.101392 ms (enqueue 0.0780273 ms)
[02/25/2026-14:55:06] [I] Average on 10 runs - GPU latency: 0.101782 ms - Host latency: 0.101782 ms (enqueue 0.0812744 ms)
[02/25/2026-14:55:06] [I] Average on 10 runs - GPU latency: 0.101562 ms - Host latency: 0.101562 ms (enqueue 0.0771729 ms)
[02/25/2026-14:55:06] [I] Average on 10 runs - GPU latency: 0.101416 ms - Host latency: 0.101416 ms (enqueue 0.0783691 ms)
[02/25/2026-14:55:06] [I] Average on 10 runs - GPU latency: 0.101611 ms - Host latency: 0.101611 ms (enqueue 0.0772949 ms)
[02/25/2026-14:55:06] [I] Average on 10 runs - GPU latency: 0.10127 ms - Host latency: 0.10127 ms (enqueue 0.0787109 ms)
[02/25/2026-14:55:06] [I] Average on 10 runs - GPU latency: 0.101172 ms - Host latency: 0.101172 ms (enqueue 0.0797852 ms)
[02/25/2026-14:55:06] [I] Average on 10 runs - GPU latency: 0.101074 ms - Host latency: 0.101074 ms (enqueue 0.0797119 ms)
[02/25/2026-14:55:06] [I] Average on 10 runs - GPU latency: 0.101685 ms - Host latency: 0.101685 ms (enqueue 0.0771729 ms)
[02/25/2026-14:55:06] [I] Average on 10 runs - GPU latency: 0.101733 ms - Host latency: 0.101733 ms (enqueue 0.0803711 ms)
[02/25/2026-14:55:06] [I] Average on 10 runs - GPU latency: 0.101489 ms - Host latency: 0.101489 ms (enqueue 0.0790039 ms)
[02/25/2026-14:55:06] [I] Average on 10 runs - GPU latency: 0.101758 ms - Host latency: 0.101758 ms (enqueue 0.0777344 ms)
[02/25/2026-14:55:06] [I] Average on 10 runs - GPU latency: 0.101172 ms - Host latency: 0.101172 ms (enqueue 0.0780273 ms)
[02/25/2026-14:55:06] [I] Average on 10 runs - GPU latency: 0.101562 ms - Host latency: 0.101562 ms (enqueue 0.0810303 ms)
[02/25/2026-14:55:06] [I] Average on 10 runs - GPU latency: 0.102026 ms - Host latency: 0.102026 ms (enqueue 0.0769775 ms)
[02/25/2026-14:55:06] [I] Average on 10 runs - GPU latency: 0.100806 ms - Host latency: 0.100806 ms (enqueue 0.0791992 ms)
[02/25/2026-14:55:06] [I] Average on 10 runs - GPU latency: 0.10188 ms - Host latency: 0.10188 ms (enqueue 0.0784424 ms)
[02/25/2026-14:55:06] [I] Average on 10 runs - GPU latency: 0.100708 ms - Host latency: 0.100708 ms (enqueue 0.0807861 ms)
[02/25/2026-14:55:06] [I] Average on 10 runs - GPU latency: 0.101221 ms - Host latency: 0.101221 ms (enqueue 0.0786133 ms)
[02/25/2026-14:55:06] [I] Average on 10 runs - GPU latency: 0.101807 ms - Host latency: 0.101807 ms (enqueue 0.0784668 ms)
[02/25/2026-14:55:06] [I] Average on 10 runs - GPU latency: 0.101147 ms - Host latency: 0.101147 ms (enqueue 0.0784424 ms)
[02/25/2026-14:55:06] [I] Average on 10 runs - GPU latency: 0.101733 ms - Host latency: 0.101733 ms (enqueue 0.0766357 ms)
[02/25/2026-14:55:06] [I] Average on 10 runs - GPU latency: 0.101001 ms - Host latency: 0.101001 ms (enqueue 0.0789307 ms)
[02/25/2026-14:55:06] [I] Average on 10 runs - GPU latency: 0.101611 ms - Host latency: 0.101611 ms (enqueue 0.0796387 ms)
[02/25/2026-14:55:06] [I] Average on 10 runs - GPU latency: 0.101147 ms - Host latency: 0.101147 ms (enqueue 0.0784668 ms)
[02/25/2026-14:55:06] [I] Average on 10 runs - GPU latency: 0.101294 ms - Host latency: 0.101294 ms (enqueue 0.0785645 ms)
[02/25/2026-14:55:06] [I] Average on 10 runs - GPU latency: 0.10188 ms - Host latency: 0.10188 ms (enqueue 0.0791016 ms)
[02/25/2026-14:55:06] [I] Average on 10 runs - GPU latency: 0.101685 ms - Host latency: 0.101685 ms (enqueue 0.0760498 ms)
[02/25/2026-14:55:06] [I] Average on 10 runs - GPU latency: 0.101465 ms - Host latency: 0.101465 ms (enqueue 0.081543 ms)
[02/25/2026-14:55:06] [I] Average on 10 runs - GPU latency: 0.101538 ms - Host latency: 0.101538 ms (enqueue 0.078833 ms)
[02/25/2026-14:55:06] [I] Average on 10 runs - GPU latency: 0.101416 ms - Host latency: 0.101416 ms (enqueue 0.0769775 ms)
[02/25/2026-14:55:06] [I] Average on 10 runs - GPU latency: 0.101343 ms - Host latency: 0.101343 ms (enqueue 0.0767334 ms)
[02/25/2026-14:55:06] [I] Average on 10 runs - GPU latency: 0.101025 ms - Host latency: 0.101025 ms (enqueue 0.0788086 ms)
[02/25/2026-14:55:06] [I] Average on 10 runs - GPU latency: 0.102002 ms - Host latency: 0.102002 ms (enqueue 0.0780762 ms)
[02/25/2026-14:55:06] [I] Average on 10 runs - GPU latency: 0.101562 ms - Host latency: 0.101562 ms (enqueue 0.077002 ms)
[02/25/2026-14:55:06] [I] Average on 10 runs - GPU latency: 0.101929 ms - Host latency: 0.101929 ms (enqueue 0.0792725 ms)
[02/25/2026-14:55:06] [I] Average on 10 runs - GPU latency: 0.100928 ms - Host latency: 0.100928 ms (enqueue 0.0789551 ms)
[02/25/2026-14:55:06] [I] Average on 10 runs - GPU latency: 0.102051 ms - Host latency: 0.102051 ms (enqueue 0.0770996 ms)
[02/25/2026-14:55:06] [I] Average on 10 runs - GPU latency: 0.101978 ms - Host latency: 0.101978 ms (enqueue 0.077124 ms)
[02/25/2026-14:55:06] [I] Average on 10 runs - GPU latency: 0.101953 ms - Host latency: 0.101953 ms (enqueue 0.0769775 ms)
[02/25/2026-14:55:06] [I] Average on 10 runs - GPU latency: 0.101514 ms - Host latency: 0.101514 ms (enqueue 0.0800049 ms)
[02/25/2026-14:55:06] [I] Average on 10 runs - GPU latency: 0.102539 ms - Host latency: 0.102539 ms (enqueue 0.0760498 ms)
[02/25/2026-14:55:06] [I] Average on 10 runs - GPU latency: 0.101831 ms - Host latency: 0.101831 ms (enqueue 0.0773682 ms)
[02/25/2026-14:55:06] [I] Average on 10 runs - GPU latency: 0.101514 ms - Host latency: 0.101514 ms (enqueue 0.0783203 ms)
[02/25/2026-14:55:06] [I] Average on 10 runs - GPU latency: 0.100903 ms - Host latency: 0.100903 ms (enqueue 0.0773193 ms)
[02/25/2026-14:55:06] [I] Average on 10 runs - GPU latency: 0.101465 ms - Host latency: 0.101465 ms (enqueue 0.0811035 ms)
[02/25/2026-14:55:06] [I] Average on 10 runs - GPU latency: 0.100684 ms - Host latency: 0.100684 ms (enqueue 0.076416 ms)
[02/25/2026-14:55:06] [I] Average on 10 runs - GPU latency: 0.101025 ms - Host latency: 0.101025 ms (enqueue 0.0780762 ms)
[02/25/2026-14:55:06] [I] Average on 10 runs - GPU latency: 0.101196 ms - Host latency: 0.101196 ms (enqueue 0.0802979 ms)
[02/25/2026-14:55:06] [I] Average on 10 runs - GPU latency: 0.101733 ms - Host latency: 0.101733 ms (enqueue 0.0769775 ms)
[02/25/2026-14:55:06] [I] Average on 10 runs - GPU latency: 0.101318 ms - Host latency: 0.101318 ms (enqueue 0.0757812 ms)
[02/25/2026-14:55:06] [I] Average on 10 runs - GPU latency: 0.101904 ms - Host latency: 0.101904 ms (enqueue 0.0782715 ms)
[02/25/2026-14:55:06] [I] Average on 10 runs - GPU latency: 0.101343 ms - Host latency: 0.101343 ms (enqueue 0.0789795 ms)
[02/25/2026-14:55:06] [I] Average on 10 runs - GPU latency: 0.102051 ms - Host latency: 0.102051 ms (enqueue 0.0766113 ms)
[02/25/2026-14:55:06] [I] Average on 10 runs - GPU latency: 0.101392 ms - Host latency: 0.101392 ms (enqueue 0.078125 ms)
[02/25/2026-14:55:06] [I] Average on 10 runs - GPU latency: 0.101147 ms - Host latency: 0.101147 ms (enqueue 0.0783203 ms)
[02/25/2026-14:55:06] [I] Average on 10 runs - GPU latency: 0.101343 ms - Host latency: 0.101343 ms (enqueue 0.0788574 ms)
[02/25/2026-14:55:06] [I] Average on 10 runs - GPU latency: 0.101392 ms - Host latency: 0.101392 ms (enqueue 0.0774414 ms)
[02/25/2026-14:55:06] [I] Average on 10 runs - GPU latency: 0.101929 ms - Host latency: 0.101929 ms (enqueue 0.0779785 ms)
[02/25/2026-14:55:06] [I] Average on 10 runs - GPU latency: 0.101392 ms - Host latency: 0.101392 ms (enqueue 0.0794189 ms)
[02/25/2026-14:55:06] [I] Average on 10 runs - GPU latency: 0.1021 ms - Host latency: 0.1021 ms (enqueue 0.0761719 ms)
[02/25/2026-14:55:06] [I] Average on 10 runs - GPU latency: 0.100928 ms - Host latency: 0.100928 ms (enqueue 0.0780029 ms)
[02/25/2026-14:55:06] [I] Average on 10 runs - GPU latency: 0.101221 ms - Host latency: 0.101221 ms (enqueue 0.0778564 ms)
[02/25/2026-14:55:06] [I] Average on 10 runs - GPU latency: 0.101196 ms - Host latency: 0.101196 ms (enqueue 0.0794189 ms)
[02/25/2026-14:55:06] [I] Average on 10 runs - GPU latency: 0.102295 ms - Host latency: 0.102295 ms (enqueue 0.0768555 ms)
[02/25/2026-14:55:06] [I] Average on 10 runs - GPU latency: 0.102026 ms - Host latency: 0.102026 ms (enqueue 0.079126 ms)
[02/25/2026-14:55:06] [I] Average on 10 runs - GPU latency: 0.10166 ms - Host latency: 0.10166 ms (enqueue 0.0774414 ms)
[02/25/2026-14:55:06] [I] Average on 10 runs - GPU latency: 0.10293 ms - Host latency: 0.10293 ms (enqueue 0.0776855 ms)
[02/25/2026-14:55:06] [I] Average on 10 runs - GPU latency: 0.101514 ms - Host latency: 0.101514 ms (enqueue 0.0807373 ms)
[02/25/2026-14:55:06] [I] Average on 10 runs - GPU latency: 0.101562 ms - Host latency: 0.101562 ms (enqueue 0.0777588 ms)
[02/25/2026-14:55:06] [I] Average on 10 runs - GPU latency: 0.101562 ms - Host latency: 0.101562 ms (enqueue 0.077832 ms)
[02/25/2026-14:55:06] [I] Average on 10 runs - GPU latency: 0.101294 ms - Host latency: 0.101294 ms (enqueue 0.0805176 ms)
[02/25/2026-14:55:06] [I] Average on 10 runs - GPU latency: 0.100977 ms - Host latency: 0.100977 ms (enqueue 0.0800537 ms)
[02/25/2026-14:55:06] [I] Average on 10 runs - GPU latency: 0.101074 ms - Host latency: 0.101074 ms (enqueue 0.0785156 ms)
[02/25/2026-14:55:06] [I] Average on 10 runs - GPU latency: 0.10166 ms - Host latency: 0.10166 ms (enqueue 0.0775146 ms)
[02/25/2026-14:55:06] [I] Average on 10 runs - GPU latency: 0.100977 ms - Host latency: 0.100977 ms (enqueue 0.0789307 ms)
[02/25/2026-14:55:06] [I] Average on 10 runs - GPU latency: 0.10105 ms - Host latency: 0.10105 ms (enqueue 0.0782959 ms)
[02/25/2026-14:55:06] [I] Average on 10 runs - GPU latency: 0.100977 ms - Host latency: 0.100977 ms (enqueue 0.080127 ms)
[02/25/2026-14:55:06] [I] Average on 10 runs - GPU latency: 0.102148 ms - Host latency: 0.102148 ms (enqueue 0.0785889 ms)
[02/25/2026-14:55:06] [I] Average on 10 runs - GPU latency: 0.10166 ms - Host latency: 0.10166 ms (enqueue 0.0786377 ms)
[02/25/2026-14:55:06] [I] Average on 10 runs - GPU latency: 0.101367 ms - Host latency: 0.101367 ms (enqueue 0.0774414 ms)
[02/25/2026-14:55:06] [I] Average on 10 runs - GPU latency: 0.101123 ms - Host latency: 0.101123 ms (enqueue 0.0755371 ms)
[02/25/2026-14:55:06] [I] Average on 10 runs - GPU latency: 0.101465 ms - Host latency: 0.101465 ms (enqueue 0.0779785 ms)
[02/25/2026-14:55:06] [I] Average on 10 runs - GPU latency: 0.101416 ms - Host latency: 0.101416 ms (enqueue 0.0789795 ms)
[02/25/2026-14:55:06] [I] Average on 10 runs - GPU latency: 0.101245 ms - Host latency: 0.101245 ms (enqueue 0.078833 ms)
[02/25/2026-14:55:06] [I] Average on 10 runs - GPU latency: 0.101782 ms - Host latency: 0.101782 ms (enqueue 0.0768555 ms)
[02/25/2026-14:55:06] [I] Average on 10 runs - GPU latency: 0.101343 ms - Host latency: 0.101343 ms (enqueue 0.0787354 ms)
[02/25/2026-14:55:06] [I] Average on 10 runs - GPU latency: 0.101514 ms - Host latency: 0.101514 ms (enqueue 0.0795898 ms)
[02/25/2026-14:55:06] [I] Average on 10 runs - GPU latency: 0.101611 ms - Host latency: 0.101611 ms (enqueue 0.0775391 ms)
[02/25/2026-14:55:06] [I] Average on 10 runs - GPU latency: 0.101196 ms - Host latency: 0.101196 ms (enqueue 0.0781006 ms)
[02/25/2026-14:55:06] [I] Average on 10 runs - GPU latency: 0.101489 ms - Host latency: 0.101489 ms (enqueue 0.0781982 ms)
[02/25/2026-14:55:06] [I] Average on 10 runs - GPU latency: 0.100952 ms - Host latency: 0.100952 ms (enqueue 0.0798096 ms)
[02/25/2026-14:55:06] [I] Average on 10 runs - GPU latency: 0.102246 ms - Host latency: 0.102246 ms (enqueue 0.0760498 ms)
[02/25/2026-14:55:06] [I] Average on 10 runs - GPU latency: 0.101318 ms - Host latency: 0.101318 ms (enqueue 0.0783936 ms)
[02/25/2026-14:55:06] [I] Average on 10 runs - GPU latency: 0.102222 ms - Host latency: 0.102222 ms (enqueue 0.0799561 ms)
[02/25/2026-14:55:06] [I] Average on 10 runs - GPU latency: 0.100781 ms - Host latency: 0.100781 ms (enqueue 0.0781982 ms)
[02/25/2026-14:55:06] [I] Average on 10 runs - GPU latency: 0.101465 ms - Host latency: 0.101465 ms (enqueue 0.0781738 ms)
[02/25/2026-14:55:06] [I] Average on 10 runs - GPU latency: 0.101465 ms - Host latency: 0.101465 ms (enqueue 0.0791748 ms)
[02/25/2026-14:55:06] [I] Average on 10 runs - GPU latency: 0.100952 ms - Host latency: 0.100952 ms (enqueue 0.0828857 ms)
[02/25/2026-14:55:06] [I] Average on 10 runs - GPU latency: 0.10105 ms - Host latency: 0.10105 ms (enqueue 0.0787354 ms)
[02/25/2026-14:55:06] [I] Average on 10 runs - GPU latency: 0.101367 ms - Host latency: 0.101367 ms (enqueue 0.0769287 ms)
[02/25/2026-14:55:06] [I] Average on 10 runs - GPU latency: 0.101489 ms - Host latency: 0.101489 ms (enqueue 0.0779053 ms)
[02/25/2026-14:55:06] [I] Average on 10 runs - GPU latency: 0.10105 ms - Host latency: 0.10105 ms (enqueue 0.0798096 ms)
[02/25/2026-14:55:06] [I] Average on 10 runs - GPU latency: 0.101416 ms - Host latency: 0.101416 ms (enqueue 0.0783936 ms)
[02/25/2026-14:55:06] [I] Average on 10 runs - GPU latency: 0.101685 ms - Host latency: 0.101685 ms (enqueue 0.0774902 ms)
[02/25/2026-14:55:06] [I] Average on 10 runs - GPU latency: 0.101318 ms - Host latency: 0.101318 ms (enqueue 0.0777344 ms)
[02/25/2026-14:55:06] [I] Average on 10 runs - GPU latency: 0.102246 ms - Host latency: 0.102246 ms (enqueue 0.0790771 ms)
[02/25/2026-14:55:06] [I] Average on 10 runs - GPU latency: 0.102148 ms - Host latency: 0.102148 ms (enqueue 0.0773682 ms)
[02/25/2026-14:55:06] [I] Average on 10 runs - GPU latency: 0.101782 ms - Host latency: 0.101782 ms (enqueue 0.0766113 ms)
[02/25/2026-14:55:06] [I] Average on 10 runs - GPU latency: 0.101733 ms - Host latency: 0.101733 ms (enqueue 0.0778076 ms)
[02/25/2026-14:55:06] [I] Average on 10 runs - GPU latency: 0.10188 ms - Host latency: 0.10188 ms (enqueue 0.0792725 ms)
[02/25/2026-14:55:06] [I] Average on 10 runs - GPU latency: 0.102368 ms - Host latency: 0.102368 ms (enqueue 0.079126 ms)
[02/25/2026-14:55:06] [I] Average on 10 runs - GPU latency: 0.101343 ms - Host latency: 0.101343 ms (enqueue 0.07771 ms)
[02/25/2026-14:55:06] [I] Average on 10 runs - GPU latency: 0.101636 ms - Host latency: 0.101636 ms (enqueue 0.0773193 ms)
[02/25/2026-14:55:06] [I] Average on 10 runs - GPU latency: 0.101831 ms - Host latency: 0.101831 ms (enqueue 0.0785645 ms)
[02/25/2026-14:55:06] [I] Average on 10 runs - GPU latency: 0.102441 ms - Host latency: 0.102441 ms (enqueue 0.0763428 ms)
[02/25/2026-14:55:06] [I] Average on 10 runs - GPU latency: 0.101562 ms - Host latency: 0.101562 ms (enqueue 0.0770752 ms)
[02/25/2026-14:55:06] [I] Average on 10 runs - GPU latency: 0.100317 ms - Host latency: 0.100317 ms (enqueue 0.0796143 ms)
[02/25/2026-14:55:06] [I] Average on 10 runs - GPU latency: 0.101538 ms - Host latency: 0.101538 ms (enqueue 0.0761719 ms)
[02/25/2026-14:55:06] [I] Average on 10 runs - GPU latency: 0.102002 ms - Host latency: 0.102002 ms (enqueue 0.0767334 ms)
[02/25/2026-14:55:06] [I] Average on 10 runs - GPU latency: 0.101099 ms - Host latency: 0.101099 ms (enqueue 0.077832 ms)
[02/25/2026-14:55:06] [I] Average on 10 runs - GPU latency: 0.101245 ms - Host latency: 0.101245 ms (enqueue 0.076709 ms)
[02/25/2026-14:55:06] [I] Average on 10 runs - GPU latency: 0.101685 ms - Host latency: 0.101685 ms (enqueue 0.0765625 ms)
[02/25/2026-14:55:06] [I] Average on 10 runs - GPU latency: 0.101562 ms - Host latency: 0.101562 ms (enqueue 0.077124 ms)
[02/25/2026-14:55:06] [I] Average on 10 runs - GPU latency: 0.101001 ms - Host latency: 0.101001 ms (enqueue 0.0781982 ms)
[02/25/2026-14:55:06] [I] Average on 10 runs - GPU latency: 0.101221 ms - Host latency: 0.101221 ms (enqueue 0.0782471 ms)
[02/25/2026-14:55:06] [I] Average on 10 runs - GPU latency: 0.10166 ms - Host latency: 0.10166 ms (enqueue 0.0775146 ms)
[02/25/2026-14:55:06] [I] Average on 10 runs - GPU latency: 0.100464 ms - Host latency: 0.100464 ms (enqueue 0.0799561 ms)
[02/25/2026-14:55:06] [I] Average on 10 runs - GPU latency: 0.100928 ms - Host latency: 0.100928 ms (enqueue 0.0783203 ms)
[02/25/2026-14:55:06] [I] Average on 10 runs - GPU latency: 0.101318 ms - Host latency: 0.101318 ms (enqueue 0.0820557 ms)
[02/25/2026-14:55:06] [I] Average on 10 runs - GPU latency: 0.101904 ms - Host latency: 0.101904 ms (enqueue 0.0775879 ms)
[02/25/2026-14:55:06] [I] Average on 10 runs - GPU latency: 0.10144 ms - Host latency: 0.10144 ms (enqueue 0.0775391 ms)
[02/25/2026-14:55:06] [I] Average on 10 runs - GPU latency: 0.101489 ms - Host latency: 0.101489 ms (enqueue 0.076001 ms)
[02/25/2026-14:55:06] [I] Average on 10 runs - GPU latency: 0.101416 ms - Host latency: 0.101416 ms (enqueue 0.076416 ms)
[02/25/2026-14:55:06] [I] Average on 10 runs - GPU latency: 0.101929 ms - Host latency: 0.101929 ms (enqueue 0.0775391 ms)
[02/25/2026-14:55:06] [I] Average on 10 runs - GPU latency: 0.101489 ms - Host latency: 0.101489 ms (enqueue 0.0776611 ms)
[02/25/2026-14:55:06] [I] Average on 10 runs - GPU latency: 0.101489 ms - Host latency: 0.101489 ms (enqueue 0.0780029 ms)
[02/25/2026-14:55:06] [I] Average on 10 runs - GPU latency: 0.101099 ms - Host latency: 0.101099 ms (enqueue 0.0782471 ms)
[02/25/2026-14:55:06] [I] Average on 10 runs - GPU latency: 0.102393 ms - Host latency: 0.102393 ms (enqueue 0.0773682 ms)
[02/25/2026-14:55:06] [I] Average on 10 runs - GPU latency: 0.102563 ms - Host latency: 0.102563 ms (enqueue 0.0780029 ms)
[02/25/2026-14:55:06] [I] Average on 10 runs - GPU latency: 0.101489 ms - Host latency: 0.101489 ms (enqueue 0.0783691 ms)
[02/25/2026-14:55:06] [I] Average on 10 runs - GPU latency: 0.102051 ms - Host latency: 0.102051 ms (enqueue 0.0789063 ms)
[02/25/2026-14:55:06] [I] Average on 10 runs - GPU latency: 0.101465 ms - Host latency: 0.101465 ms (enqueue 0.0777344 ms)
[02/25/2026-14:55:06] [I] Average on 10 runs - GPU latency: 0.102417 ms - Host latency: 0.102417 ms (enqueue 0.0763428 ms)
[02/25/2026-14:55:06] [I] Average on 10 runs - GPU latency: 0.101416 ms - Host latency: 0.101416 ms (enqueue 0.0826172 ms)
[02/25/2026-14:55:06] [I] Average on 10 runs - GPU latency: 0.101904 ms - Host latency: 0.101904 ms (enqueue 0.0768311 ms)
[02/25/2026-14:55:06] [I] Average on 10 runs - GPU latency: 0.101001 ms - Host latency: 0.101001 ms (enqueue 0.0770264 ms)
[02/25/2026-14:55:06] [I] Average on 10 runs - GPU latency: 0.101733 ms - Host latency: 0.101733 ms (enqueue 0.0766602 ms)
[02/25/2026-14:55:06] [I] Average on 10 runs - GPU latency: 0.101733 ms - Host latency: 0.101733 ms (enqueue 0.0822998 ms)
[02/25/2026-14:55:06] [I] Average on 10 runs - GPU latency: 0.100684 ms - Host latency: 0.100684 ms (enqueue 0.076123 ms)
[02/25/2026-14:55:06] [I] Average on 10 runs - GPU latency: 0.101904 ms - Host latency: 0.101904 ms (enqueue 0.0770996 ms)
[02/25/2026-14:55:06] [I] Average on 10 runs - GPU latency: 0.101611 ms - Host latency: 0.101611 ms (enqueue 0.0774658 ms)
[02/25/2026-14:55:06] [I] Average on 10 runs - GPU latency: 0.101147 ms - Host latency: 0.101147 ms (enqueue 0.0787354 ms)
[02/25/2026-14:55:06] [I] Average on 10 runs - GPU latency: 0.101636 ms - Host latency: 0.101636 ms (enqueue 0.0782715 ms)
[02/25/2026-14:55:06] [I] Average on 10 runs - GPU latency: 0.10127 ms - Host latency: 0.10127 ms (enqueue 0.0770996 ms)
[02/25/2026-14:55:06] [I] Average on 10 runs - GPU latency: 0.101855 ms - Host latency: 0.101855 ms (enqueue 0.0773682 ms)
[02/25/2026-14:55:06] [I] Average on 10 runs - GPU latency: 0.100952 ms - Host latency: 0.100952 ms (enqueue 0.076001 ms)
[02/25/2026-14:55:06] [I] Average on 10 runs - GPU latency: 0.10105 ms - Host latency: 0.10105 ms (enqueue 0.0794189 ms)
[02/25/2026-14:55:06] [I] Average on 10 runs - GPU latency: 0.100708 ms - Host latency: 0.100708 ms (enqueue 0.0765625 ms)
[02/25/2026-14:55:06] [I] Average on 10 runs - GPU latency: 0.101904 ms - Host latency: 0.101904 ms (enqueue 0.0768555 ms)
[02/25/2026-14:55:06] [I] Average on 10 runs - GPU latency: 0.100684 ms - Host latency: 0.100684 ms (enqueue 0.0785889 ms)
[02/25/2026-14:55:06] [I] Average on 10 runs - GPU latency: 0.101831 ms - Host latency: 0.101831 ms (enqueue 0.0775146 ms)
[02/25/2026-14:55:06] [I] Average on 10 runs - GPU latency: 0.101562 ms - Host latency: 0.101562 ms (enqueue 0.0758545 ms)
[02/25/2026-14:55:06] [I] Average on 10 runs - GPU latency: 0.101538 ms - Host latency: 0.101538 ms (enqueue 0.0781494 ms)
[02/25/2026-14:55:06] [I] Average on 10 runs - GPU latency: 0.101221 ms - Host latency: 0.101221 ms (enqueue 0.0804688 ms)
[02/25/2026-14:55:06] [I] Average on 10 runs - GPU latency: 0.101001 ms - Host latency: 0.101001 ms (enqueue 0.077417 ms)
[02/25/2026-14:55:06] [I] Average on 10 runs - GPU latency: 0.102075 ms - Host latency: 0.102075 ms (enqueue 0.0765869 ms)
[02/25/2026-14:55:06] [I] Average on 10 runs - GPU latency: 0.101245 ms - Host latency: 0.101245 ms (enqueue 0.0784668 ms)
[02/25/2026-14:55:06] [I] Average on 10 runs - GPU latency: 0.101587 ms - Host latency: 0.101587 ms (enqueue 0.0768311 ms)
[02/25/2026-14:55:06] [I] Average on 10 runs - GPU latency: 0.101294 ms - Host latency: 0.101294 ms (enqueue 0.077124 ms)
[02/25/2026-14:55:06] [I] Average on 10 runs - GPU latency: 0.101562 ms - Host latency: 0.101562 ms (enqueue 0.0773926 ms)
[02/25/2026-14:55:06] [I] Average on 10 runs - GPU latency: 0.101392 ms - Host latency: 0.101392 ms (enqueue 0.0770996 ms)
[02/25/2026-14:55:06] [I] Average on 10 runs - GPU latency: 0.101538 ms - Host latency: 0.101538 ms (enqueue 0.0789307 ms)
[02/25/2026-14:55:06] [I] Average on 10 runs - GPU latency: 0.101416 ms - Host latency: 0.101416 ms (enqueue 0.0773437 ms)
[02/25/2026-14:55:06] [I] Average on 10 runs - GPU latency: 0.102026 ms - Host latency: 0.102026 ms (enqueue 0.0765625 ms)
[02/25/2026-14:55:06] [I] Average on 10 runs - GPU latency: 0.101343 ms - Host latency: 0.101343 ms (enqueue 0.0789551 ms)
[02/25/2026-14:55:06] [I] Average on 10 runs - GPU latency: 0.101172 ms - Host latency: 0.101172 ms (enqueue 0.0769531 ms)
[02/25/2026-14:55:06] [I] Average on 10 runs - GPU latency: 0.101221 ms - Host latency: 0.101221 ms (enqueue 0.0768066 ms)
[02/25/2026-14:55:06] [I] Average on 10 runs - GPU latency: 0.10144 ms - Host latency: 0.10144 ms (enqueue 0.0767578 ms)
[02/25/2026-14:55:06] [I] Average on 10 runs - GPU latency: 0.101245 ms - Host latency: 0.101245 ms (enqueue 0.0796387 ms)
[02/25/2026-14:55:06] [I] Average on 10 runs - GPU latency: 0.101318 ms - Host latency: 0.101318 ms (enqueue 0.07771 ms)
[02/25/2026-14:55:06] [I] Average on 10 runs - GPU latency: 0.100903 ms - Host latency: 0.100903 ms (enqueue 0.0772461 ms)
[02/25/2026-14:55:06] [I] Average on 10 runs - GPU latency: 0.101636 ms - Host latency: 0.101636 ms (enqueue 0.0770508 ms)
[02/25/2026-14:55:06] [I] Average on 10 runs - GPU latency: 0.101636 ms - Host latency: 0.101636 ms (enqueue 0.0799805 ms)
[02/25/2026-14:55:06] [I] Average on 10 runs - GPU latency: 0.101611 ms - Host latency: 0.101611 ms (enqueue 0.0756836 ms)
[02/25/2026-14:55:06] [I] Average on 10 runs - GPU latency: 0.10127 ms - Host latency: 0.10127 ms (enqueue 0.0769043 ms)
[02/25/2026-14:55:06] [I] Average on 10 runs - GPU latency: 0.101733 ms - Host latency: 0.101733 ms (enqueue 0.0760986 ms)
[02/25/2026-14:55:06] [I] Average on 10 runs - GPU latency: 0.101636 ms - Host latency: 0.101636 ms (enqueue 0.0786377 ms)
[02/25/2026-14:55:06] [I] Average on 10 runs - GPU latency: 0.102368 ms - Host latency: 0.102368 ms (enqueue 0.0773926 ms)
[02/25/2026-14:55:06] [I] Average on 10 runs - GPU latency: 0.101367 ms - Host latency: 0.101367 ms (enqueue 0.0773193 ms)
[02/25/2026-14:55:06] [I] Average on 10 runs - GPU latency: 0.101343 ms - Host latency: 0.101343 ms (enqueue 0.0768311 ms)
[02/25/2026-14:55:06] [I] Average on 10 runs - GPU latency: 0.101343 ms - Host latency: 0.101343 ms (enqueue 0.0788574 ms)
[02/25/2026-14:55:06] [I] Average on 10 runs - GPU latency: 0.101343 ms - Host latency: 0.101343 ms (enqueue 0.0763672 ms)
[02/25/2026-14:55:06] [I] Average on 10 runs - GPU latency: 0.102002 ms - Host latency: 0.102002 ms (enqueue 0.0768311 ms)
[02/25/2026-14:55:06] [I] Average on 10 runs - GPU latency: 0.102075 ms - Host latency: 0.102075 ms (enqueue 0.0768311 ms)
[02/25/2026-14:55:06] [I] Average on 10 runs - GPU latency: 0.101343 ms - Host latency: 0.101343 ms (enqueue 0.0781006 ms)
[02/25/2026-14:55:06] [I] Average on 10 runs - GPU latency: 0.102466 ms - Host latency: 0.102466 ms (enqueue 0.0772949 ms)
[02/25/2026-14:55:06] [I] Average on 10 runs - GPU latency: 0.102417 ms - Host latency: 0.102417 ms (enqueue 0.0767334 ms)
[02/25/2026-14:55:06] [I] Average on 10 runs - GPU latency: 0.10166 ms - Host latency: 0.10166 ms (enqueue 0.0774902 ms)
[02/25/2026-14:55:06] [I] Average on 10 runs - GPU latency: 0.101318 ms - Host latency: 0.101318 ms (enqueue 0.0791504 ms)
[02/25/2026-14:55:06] [I] Average on 10 runs - GPU latency: 0.1021 ms - Host latency: 0.1021 ms (enqueue 0.0780029 ms)
[02/25/2026-14:55:06] [I] Average on 10 runs - GPU latency: 0.101782 ms - Host latency: 0.101782 ms (enqueue 0.0770996 ms)
[02/25/2026-14:55:06] [I] Average on 10 runs - GPU latency: 0.101587 ms - Host latency: 0.101587 ms (enqueue 0.0762695 ms)
[02/25/2026-14:55:06] [I] Average on 10 runs - GPU latency: 0.102515 ms - Host latency: 0.102515 ms (enqueue 0.0778564 ms)
[02/25/2026-14:55:06] [I] Average on 10 runs - GPU latency: 0.101416 ms - Host latency: 0.101416 ms (enqueue 0.0788086 ms)
[02/25/2026-14:55:06] [I] Average on 10 runs - GPU latency: 0.101343 ms - Host latency: 0.101343 ms (enqueue 0.0772949 ms)
[02/25/2026-14:55:06] [I] Average on 10 runs - GPU latency: 0.101514 ms - Host latency: 0.101514 ms (enqueue 0.0785156 ms)
[02/25/2026-14:55:06] [I] Average on 10 runs - GPU latency: 0.101147 ms - Host latency: 0.101147 ms (enqueue 0.0758057 ms)
[02/25/2026-14:55:06] [I] Average on 10 runs - GPU latency: 0.102124 ms - Host latency: 0.102124 ms (enqueue 0.077002 ms)
[02/25/2026-14:55:06] [I] Average on 10 runs - GPU latency: 0.101636 ms - Host latency: 0.101636 ms (enqueue 0.0769043 ms)
[02/25/2026-14:55:06] [I] Average on 10 runs - GPU latency: 0.100977 ms - Host latency: 0.100977 ms (enqueue 0.0792725 ms)
[02/25/2026-14:55:06] [I] Average on 10 runs - GPU latency: 0.10166 ms - Host latency: 0.10166 ms (enqueue 0.0770264 ms)
[02/25/2026-14:55:06] [I] Average on 10 runs - GPU latency: 0.101758 ms - Host latency: 0.101758 ms (enqueue 0.078833 ms)
[02/25/2026-14:55:06] [I] Average on 10 runs - GPU latency: 0.101123 ms - Host latency: 0.101123 ms (enqueue 0.0802002 ms)
[02/25/2026-14:55:06] [I] Average on 10 runs - GPU latency: 0.101685 ms - Host latency: 0.101685 ms (enqueue 0.0777588 ms)
[02/25/2026-14:55:06] [I] Average on 10 runs - GPU latency: 0.102563 ms - Host latency: 0.102563 ms (enqueue 0.0766846 ms)
[02/25/2026-14:55:06] [I] Average on 10 runs - GPU latency: 0.101807 ms - Host latency: 0.101807 ms (enqueue 0.0769287 ms)
[02/25/2026-14:55:06] [I] Average on 10 runs - GPU latency: 0.101367 ms - Host latency: 0.101367 ms (enqueue 0.0769043 ms)
[02/25/2026-14:55:06] [I] Average on 10 runs - GPU latency: 0.101343 ms - Host latency: 0.101343 ms (enqueue 0.0779541 ms)
[02/25/2026-14:55:06] [I] Average on 10 runs - GPU latency: 0.102319 ms - Host latency: 0.102319 ms (enqueue 0.0774658 ms)
[02/25/2026-14:55:06] [I] Average on 10 runs - GPU latency: 0.101929 ms - Host latency: 0.101929 ms (enqueue 0.0760986 ms)
[02/25/2026-14:55:06] [I] Average on 10 runs - GPU latency: 0.101733 ms - Host latency: 0.101733 ms (enqueue 0.0781982 ms)
[02/25/2026-14:55:06] [I] Average on 10 runs - GPU latency: 0.10249 ms - Host latency: 0.10249 ms (enqueue 0.0780518 ms)
[02/25/2026-14:55:06] [I] Average on 10 runs - GPU latency: 0.101709 ms - Host latency: 0.101709 ms (enqueue 0.0780518 ms)
[02/25/2026-14:55:06] [I] Average on 10 runs - GPU latency: 0.101221 ms - Host latency: 0.101221 ms (enqueue 0.0781738 ms)
[02/25/2026-14:55:06] [I] Average on 10 runs - GPU latency: 0.101172 ms - Host latency: 0.101172 ms (enqueue 0.0771484 ms)
[02/25/2026-14:55:06] [I] Average on 10 runs - GPU latency: 0.101367 ms - Host latency: 0.101367 ms (enqueue 0.079248 ms)
[02/25/2026-14:55:06] [I] Average on 10 runs - GPU latency: 0.101611 ms - Host latency: 0.101611 ms (enqueue 0.0772705 ms)
[02/25/2026-14:55:06] [I] Average on 10 runs - GPU latency: 0.101245 ms - Host latency: 0.101245 ms (enqueue 0.0771973 ms)
[02/25/2026-14:55:06] [I] Average on 10 runs - GPU latency: 0.100513 ms - Host latency: 0.100513 ms (enqueue 0.0783447 ms)
[02/25/2026-14:55:06] [I] Average on 10 runs - GPU latency: 0.10105 ms - Host latency: 0.10105 ms (enqueue 0.0775635 ms)
[02/25/2026-14:55:06] [I] Average on 10 runs - GPU latency: 0.102637 ms - Host latency: 0.102637 ms (enqueue 0.077832 ms)
[02/25/2026-14:55:06] [I] Average on 10 runs - GPU latency: 0.101465 ms - Host latency: 0.101465 ms (enqueue 0.0759521 ms)
[02/25/2026-14:55:06] [I] Average on 10 runs - GPU latency: 0.101489 ms - Host latency: 0.101489 ms (enqueue 0.0787598 ms)
[02/25/2026-14:55:06] [I] Average on 10 runs - GPU latency: 0.101367 ms - Host latency: 0.101367 ms (enqueue 0.0758789 ms)
[02/25/2026-14:55:06] [I] Average on 10 runs - GPU latency: 0.102661 ms - Host latency: 0.102661 ms (enqueue 0.0768066 ms)
[02/25/2026-14:55:06] [I] Average on 10 runs - GPU latency: 0.102197 ms - Host latency: 0.102197 ms (enqueue 0.0780273 ms)
[02/25/2026-14:55:06] [I] Average on 10 runs - GPU latency: 0.100781 ms - Host latency: 0.100781 ms (enqueue 0.0795898 ms)
[02/25/2026-14:55:06] [I] Average on 10 runs - GPU latency: 0.102295 ms - Host latency: 0.102295 ms (enqueue 0.0769531 ms)
[02/25/2026-14:55:06] [I] Average on 10 runs - GPU latency: 0.10144 ms - Host latency: 0.10144 ms (enqueue 0.0771484 ms)
[02/25/2026-14:55:06] [I] Average on 10 runs - GPU latency: 0.101367 ms - Host latency: 0.101367 ms (enqueue 0.0763916 ms)
[02/25/2026-14:55:06] [I] Average on 10 runs - GPU latency: 0.101196 ms - Host latency: 0.101196 ms (enqueue 0.0786377 ms)
[02/25/2026-14:55:06] [I] Average on 10 runs - GPU latency: 0.102368 ms - Host latency: 0.102368 ms (enqueue 0.0772705 ms)
[02/25/2026-14:55:06] [I] Average on 10 runs - GPU latency: 0.101074 ms - Host latency: 0.101074 ms (enqueue 0.0784668 ms)
[02/25/2026-14:55:06] [I] Average on 10 runs - GPU latency: 0.10144 ms - Host latency: 0.10144 ms (enqueue 0.0763672 ms)
[02/25/2026-14:55:06] [I] Average on 10 runs - GPU latency: 0.101636 ms - Host latency: 0.101636 ms (enqueue 0.0776123 ms)
[02/25/2026-14:55:06] [I] Average on 10 runs - GPU latency: 0.101343 ms - Host latency: 0.101343 ms (enqueue 0.0769043 ms)
[02/25/2026-14:55:06] [I] Average on 10 runs - GPU latency: 0.101562 ms - Host latency: 0.101562 ms (enqueue 0.0770996 ms)
[02/25/2026-14:55:06] [I] Average on 10 runs - GPU latency: 0.101489 ms - Host latency: 0.101489 ms (enqueue 0.0785156 ms)
[02/25/2026-14:55:06] [I] Average on 10 runs - GPU latency: 0.10083 ms - Host latency: 0.10083 ms (enqueue 0.0816895 ms)
[02/25/2026-14:55:06] [I] Average on 10 runs - GPU latency: 0.101465 ms - Host latency: 0.101465 ms (enqueue 0.0778564 ms)
[02/25/2026-14:55:06] [I] Average on 10 runs - GPU latency: 0.101465 ms - Host latency: 0.101465 ms (enqueue 0.0788818 ms)
[02/25/2026-14:55:06] [I] Average on 10 runs - GPU latency: 0.10083 ms - Host latency: 0.10083 ms (enqueue 0.0793701 ms)
[02/25/2026-14:55:06] [I] Average on 10 runs - GPU latency: 0.101001 ms - Host latency: 0.101001 ms (enqueue 0.0816895 ms)
[02/25/2026-14:55:06] [I] Average on 10 runs - GPU latency: 0.101318 ms - Host latency: 0.101318 ms (enqueue 0.0773437 ms)
[02/25/2026-14:55:06] [I] Average on 10 runs - GPU latency: 0.10105 ms - Host latency: 0.10105 ms (enqueue 0.0777588 ms)
[02/25/2026-14:55:06] [I] Average on 10 runs - GPU latency: 0.101392 ms - Host latency: 0.101392 ms (enqueue 0.0786621 ms)
[02/25/2026-14:55:06] [I] Average on 10 runs - GPU latency: 0.101343 ms - Host latency: 0.101343 ms (enqueue 0.0786865 ms)
[02/25/2026-14:55:06] [I] Average on 10 runs - GPU latency: 0.100903 ms - Host latency: 0.100903 ms (enqueue 0.0774414 ms)
[02/25/2026-14:55:06] [I] Average on 10 runs - GPU latency: 0.101196 ms - Host latency: 0.101196 ms (enqueue 0.0799316 ms)
[02/25/2026-14:55:06] [I] Average on 10 runs - GPU latency: 0.101733 ms - Host latency: 0.101733 ms (enqueue 0.077832 ms)
[02/25/2026-14:55:06] [I] Average on 10 runs - GPU latency: 0.101318 ms - Host latency: 0.101318 ms (enqueue 0.0763672 ms)
[02/25/2026-14:55:06] [I] Average on 10 runs - GPU latency: 0.101172 ms - Host latency: 0.101172 ms (enqueue 0.0775146 ms)
[02/25/2026-14:55:06] [I] Average on 10 runs - GPU latency: 0.102026 ms - Host latency: 0.102026 ms (enqueue 0.077124 ms)
[02/25/2026-14:55:06] [I] Average on 10 runs - GPU latency: 0.101343 ms - Host latency: 0.101343 ms (enqueue 0.0786865 ms)
[02/25/2026-14:55:06] [I] Average on 10 runs - GPU latency: 0.101855 ms - Host latency: 0.101855 ms (enqueue 0.0763672 ms)
[02/25/2026-14:55:06] [I] Average on 10 runs - GPU latency: 0.100903 ms - Host latency: 0.100903 ms (enqueue 0.0781982 ms)
[02/25/2026-14:55:06] [I] Average on 10 runs - GPU latency: 0.10105 ms - Host latency: 0.10105 ms (enqueue 0.0770996 ms)
[02/25/2026-14:55:06] [I] Average on 10 runs - GPU latency: 0.101318 ms - Host latency: 0.101318 ms (enqueue 0.0800781 ms)
[02/25/2026-14:55:06] [I] Average on 10 runs - GPU latency: 0.101758 ms - Host latency: 0.101758 ms (enqueue 0.0767334 ms)
[02/25/2026-14:55:06] [I] Average on 10 runs - GPU latency: 0.101318 ms - Host latency: 0.101318 ms (enqueue 0.0765381 ms)
[02/25/2026-14:55:06] [I] Average on 10 runs - GPU latency: 0.102246 ms - Host latency: 0.102246 ms (enqueue 0.0776123 ms)
[02/25/2026-14:55:06] [I] Average on 10 runs - GPU latency: 0.101099 ms - Host latency: 0.101099 ms (enqueue 0.0791748 ms)
[02/25/2026-14:55:06] [I] Average on 10 runs - GPU latency: 0.1021 ms - Host latency: 0.1021 ms (enqueue 0.0789551 ms)
[02/25/2026-14:55:06] [I] Average on 10 runs - GPU latency: 0.101416 ms - Host latency: 0.101416 ms (enqueue 0.0763184 ms)
[02/25/2026-14:55:06] [I] Average on 10 runs - GPU latency: 0.101733 ms - Host latency: 0.101733 ms (enqueue 0.0770508 ms)
[02/25/2026-14:55:06] [I] Average on 10 runs - GPU latency: 0.101685 ms - Host latency: 0.101685 ms (enqueue 0.0779541 ms)
[02/25/2026-14:55:06] [I] Average on 10 runs - GPU latency: 0.101465 ms - Host latency: 0.101465 ms (enqueue 0.0775391 ms)
[02/25/2026-14:55:06] [I] Average on 10 runs - GPU latency: 0.101074 ms - Host latency: 0.101074 ms (enqueue 0.0771973 ms)
[02/25/2026-14:55:06] [I] Average on 10 runs - GPU latency: 0.101343 ms - Host latency: 0.101343 ms (enqueue 0.0767822 ms)
[02/25/2026-14:55:06] [I] Average on 10 runs - GPU latency: 0.101978 ms - Host latency: 0.101978 ms (enqueue 0.0797119 ms)
[02/25/2026-14:55:06] [I] Average on 10 runs - GPU latency: 0.102222 ms - Host latency: 0.102222 ms (enqueue 0.0784424 ms)
[02/25/2026-14:55:06] [I] Average on 10 runs - GPU latency: 0.101685 ms - Host latency: 0.101685 ms (enqueue 0.0783936 ms)
[02/25/2026-14:55:06] [I] Average on 10 runs - GPU latency: 0.101758 ms - Host latency: 0.101758 ms (enqueue 0.0782959 ms)
[02/25/2026-14:55:06] [I] Average on 10 runs - GPU latency: 0.10249 ms - Host latency: 0.10249 ms (enqueue 0.0792236 ms)
[02/25/2026-14:55:06] [I] Average on 10 runs - GPU latency: 0.10166 ms - Host latency: 0.10166 ms (enqueue 0.0779053 ms)
[02/25/2026-14:55:06] [I] Average on 10 runs - GPU latency: 0.101294 ms - Host latency: 0.101294 ms (enqueue 0.0767822 ms)
[02/25/2026-14:55:06] [I] Average on 10 runs - GPU latency: 0.101025 ms - Host latency: 0.101025 ms (enqueue 0.077832 ms)
[02/25/2026-14:55:06] [I] Average on 10 runs - GPU latency: 0.101685 ms - Host latency: 0.101685 ms (enqueue 0.0781982 ms)
[02/25/2026-14:55:06] [I] Average on 10 runs - GPU latency: 0.101953 ms - Host latency: 0.101953 ms (enqueue 0.0763916 ms)
[02/25/2026-14:55:06] [I] Average on 10 runs - GPU latency: 0.100854 ms - Host latency: 0.100854 ms (enqueue 0.0778564 ms)
[02/25/2026-14:55:06] [I] Average on 10 runs - GPU latency: 0.10105 ms - Host latency: 0.10105 ms (enqueue 0.0800049 ms)
[02/25/2026-14:55:06] [I] Average on 10 runs - GPU latency: 0.101196 ms - Host latency: 0.101196 ms (enqueue 0.0785156 ms)
[02/25/2026-14:55:06] [I] Average on 10 runs - GPU latency: 0.101416 ms - Host latency: 0.101416 ms (enqueue 0.0771729 ms)
[02/25/2026-14:55:06] [I] Average on 10 runs - GPU latency: 0.101514 ms - Host latency: 0.101514 ms (enqueue 0.0775635 ms)
[02/25/2026-14:55:06] [I] Average on 10 runs - GPU latency: 0.101318 ms - Host latency: 0.101318 ms (enqueue 0.0798096 ms)
[02/25/2026-14:55:06] [I] Average on 10 runs - GPU latency: 0.101953 ms - Host latency: 0.101953 ms (enqueue 0.0767578 ms)
[02/25/2026-14:55:06] [I] Average on 10 runs - GPU latency: 0.101904 ms - Host latency: 0.101904 ms (enqueue 0.07771 ms)
[02/25/2026-14:55:06] [I] Average on 10 runs - GPU latency: 0.101904 ms - Host latency: 0.101904 ms (enqueue 0.0788818 ms)
[02/25/2026-14:55:06] [I] Average on 10 runs - GPU latency: 0.101831 ms - Host latency: 0.101831 ms (enqueue 0.0769531 ms)
[02/25/2026-14:55:06] [I] Average on 10 runs - GPU latency: 0.102173 ms - Host latency: 0.102173 ms (enqueue 0.078418 ms)
[02/25/2026-14:55:06] [I] Average on 10 runs - GPU latency: 0.101611 ms - Host latency: 0.101611 ms (enqueue 0.0760986 ms)
[02/25/2026-14:55:06] [I] Average on 10 runs - GPU latency: 0.101953 ms - Host latency: 0.101953 ms (enqueue 0.0773437 ms)
[02/25/2026-14:55:06] [I] Average on 10 runs - GPU latency: 0.101123 ms - Host latency: 0.101123 ms (enqueue 0.0797607 ms)
[02/25/2026-14:55:06] [I] Average on 10 runs - GPU latency: 0.101025 ms - Host latency: 0.101025 ms (enqueue 0.0770996 ms)
[02/25/2026-14:55:06] [I] Average on 10 runs - GPU latency: 0.102661 ms - Host latency: 0.102661 ms (enqueue 0.0780518 ms)
[02/25/2026-14:55:06] [I] Average on 10 runs - GPU latency: 0.100879 ms - Host latency: 0.100879 ms (enqueue 0.078125 ms)
[02/25/2026-14:55:06] [I] Average on 10 runs - GPU latency: 0.101514 ms - Host latency: 0.101514 ms (enqueue 0.0789795 ms)
[02/25/2026-14:55:06] [I] Average on 10 runs - GPU latency: 0.101367 ms - Host latency: 0.101367 ms (enqueue 0.0779541 ms)
[02/25/2026-14:55:06] [I] Average on 10 runs - GPU latency: 0.101294 ms - Host latency: 0.101294 ms (enqueue 0.0784668 ms)
[02/25/2026-14:55:06] [I] Average on 10 runs - GPU latency: 0.101709 ms - Host latency: 0.101709 ms (enqueue 0.0765381 ms)
[02/25/2026-14:55:06] [I] Average on 10 runs - GPU latency: 0.101709 ms - Host latency: 0.101709 ms (enqueue 0.0778076 ms)
[02/25/2026-14:55:06] [I] Average on 10 runs - GPU latency: 0.101465 ms - Host latency: 0.101465 ms (enqueue 0.0772949 ms)
[02/25/2026-14:55:06] [I] Average on 10 runs - GPU latency: 0.101953 ms - Host latency: 0.101953 ms (enqueue 0.0769287 ms)
[02/25/2026-14:55:06] [I] Average on 10 runs - GPU latency: 0.101538 ms - Host latency: 0.101538 ms (enqueue 0.0771973 ms)
[02/25/2026-14:55:06] [I] Average on 10 runs - GPU latency: 0.10144 ms - Host latency: 0.10144 ms (enqueue 0.0786377 ms)
[02/25/2026-14:55:06] [I] Average on 10 runs - GPU latency: 0.101953 ms - Host latency: 0.101953 ms (enqueue 0.0781494 ms)
[02/25/2026-14:55:06] [I] Average on 10 runs - GPU latency: 0.101709 ms - Host latency: 0.101709 ms (enqueue 0.0771973 ms)
[02/25/2026-14:55:06] [I] Average on 10 runs - GPU latency: 0.1021 ms - Host latency: 0.1021 ms (enqueue 0.0799561 ms)
[02/25/2026-14:55:06] [I] Average on 10 runs - GPU latency: 0.101367 ms - Host latency: 0.101367 ms (enqueue 0.0768555 ms)
[02/25/2026-14:55:06] [I] Average on 10 runs - GPU latency: 0.101733 ms - Host latency: 0.101733 ms (enqueue 0.0774902 ms)
[02/25/2026-14:55:06] [I] Average on 10 runs - GPU latency: 0.101709 ms - Host latency: 0.101709 ms (enqueue 0.0766602 ms)
[02/25/2026-14:55:06] [I] Average on 10 runs - GPU latency: 0.10127 ms - Host latency: 0.10127 ms (enqueue 0.0802734 ms)
[02/25/2026-14:55:06] [I] Average on 10 runs - GPU latency: 0.101855 ms - Host latency: 0.101855 ms (enqueue 0.0765137 ms)
[02/25/2026-14:55:06] [I] Average on 10 runs - GPU latency: 0.101953 ms - Host latency: 0.101953 ms (enqueue 0.0780029 ms)
[02/25/2026-14:55:06] [I] Average on 10 runs - GPU latency: 0.10166 ms - Host latency: 0.10166 ms (enqueue 0.0782227 ms)
[02/25/2026-14:55:06] [I] Average on 10 runs - GPU latency: 0.102124 ms - Host latency: 0.102124 ms (enqueue 0.07854 ms)
[02/25/2026-14:55:06] [I] Average on 10 runs - GPU latency: 0.101636 ms - Host latency: 0.101636 ms (enqueue 0.0778564 ms)
[02/25/2026-14:55:06] [I] Average on 10 runs - GPU latency: 0.102173 ms - Host latency: 0.102173 ms (enqueue 0.0781006 ms)
[02/25/2026-14:55:06] [I] Average on 10 runs - GPU latency: 0.102368 ms - Host latency: 0.102368 ms (enqueue 0.0766113 ms)
[02/25/2026-14:55:06] [I] Average on 10 runs - GPU latency: 0.101514 ms - Host latency: 0.101514 ms (enqueue 0.0790039 ms)
[02/25/2026-14:55:06] [I] Average on 10 runs - GPU latency: 0.101636 ms - Host latency: 0.101636 ms (enqueue 0.0782715 ms)
[02/25/2026-14:55:06] [I] Average on 10 runs - GPU latency: 0.102417 ms - Host latency: 0.102417 ms (enqueue 0.078125 ms)
[02/25/2026-14:55:06] [I] Average on 10 runs - GPU latency: 0.101807 ms - Host latency: 0.101807 ms (enqueue 0.0771729 ms)
[02/25/2026-14:55:06] [I] Average on 10 runs - GPU latency: 0.101465 ms - Host latency: 0.101465 ms (enqueue 0.0792725 ms)
[02/25/2026-14:55:06] [I] Average on 10 runs - GPU latency: 0.101953 ms - Host latency: 0.101953 ms (enqueue 0.0784424 ms)
[02/25/2026-14:55:06] [I] Average on 10 runs - GPU latency: 0.102075 ms - Host latency: 0.102075 ms (enqueue 0.0779541 ms)
[02/25/2026-14:55:06] [I] Average on 10 runs - GPU latency: 0.100952 ms - Host latency: 0.100952 ms (enqueue 0.077832 ms)
[02/25/2026-14:55:06] [I] Average on 10 runs - GPU latency: 0.101392 ms - Host latency: 0.101392 ms (enqueue 0.0791748 ms)
[02/25/2026-14:55:06] [I] Average on 10 runs - GPU latency: 0.100854 ms - Host latency: 0.100854 ms (enqueue 0.0769775 ms)
[02/25/2026-14:55:06] [I] Average on 10 runs - GPU latency: 0.10127 ms - Host latency: 0.10127 ms (enqueue 0.0768066 ms)
[02/25/2026-14:55:06] [I] Average on 10 runs - GPU latency: 0.102393 ms - Host latency: 0.102393 ms (enqueue 0.0764648 ms)
[02/25/2026-14:55:06] [I] Average on 10 runs - GPU latency: 0.101001 ms - Host latency: 0.101001 ms (enqueue 0.0787842 ms)
[02/25/2026-14:55:06] [I] Average on 10 runs - GPU latency: 0.102319 ms - Host latency: 0.102319 ms (enqueue 0.0781006 ms)
[02/25/2026-14:55:06] [I] Average on 10 runs - GPU latency: 0.102051 ms - Host latency: 0.102051 ms (enqueue 0.0760986 ms)
[02/25/2026-14:55:06] [I] Average on 10 runs - GPU latency: 0.101758 ms - Host latency: 0.101758 ms (enqueue 0.0771729 ms)
[02/25/2026-14:55:06] [I] Average on 10 runs - GPU latency: 0.10105 ms - Host latency: 0.10105 ms (enqueue 0.0775635 ms)
[02/25/2026-14:55:06] [I] Average on 10 runs - GPU latency: 0.102295 ms - Host latency: 0.102295 ms (enqueue 0.0772949 ms)
[02/25/2026-14:55:06] [I] Average on 10 runs - GPU latency: 0.10083 ms - Host latency: 0.10083 ms (enqueue 0.0779297 ms)
[02/25/2026-14:55:06] [I] Average on 10 runs - GPU latency: 0.100977 ms - Host latency: 0.100977 ms (enqueue 0.077417 ms)
[02/25/2026-14:55:06] [I] Average on 10 runs - GPU latency: 0.101172 ms - Host latency: 0.101172 ms (enqueue 0.0772461 ms)
[02/25/2026-14:55:06] [I] Average on 10 runs - GPU latency: 0.101392 ms - Host latency: 0.101392 ms (enqueue 0.076001 ms)
[02/25/2026-14:55:06] [I] Average on 10 runs - GPU latency: 0.101709 ms - Host latency: 0.101709 ms (enqueue 0.0781006 ms)
[02/25/2026-14:55:06] [I] Average on 10 runs - GPU latency: 0.101489 ms - Host latency: 0.101489 ms (enqueue 0.080127 ms)
[02/25/2026-14:55:06] [I] Average on 10 runs - GPU latency: 0.101147 ms - Host latency: 0.101147 ms (enqueue 0.0771973 ms)
[02/25/2026-14:55:06] [I] Average on 10 runs - GPU latency: 0.102441 ms - Host latency: 0.102441 ms (enqueue 0.0794434 ms)
[02/25/2026-14:55:06] [I] Average on 10 runs - GPU latency: 0.101831 ms - Host latency: 0.101831 ms (enqueue 0.0767822 ms)
[02/25/2026-14:55:06] [I] Average on 10 runs - GPU latency: 0.102319 ms - Host latency: 0.102319 ms (enqueue 0.0776611 ms)
[02/25/2026-14:55:06] [I] Average on 10 runs - GPU latency: 0.100806 ms - Host latency: 0.100806 ms (enqueue 0.0773682 ms)
[02/25/2026-14:55:06] [I] Average on 10 runs - GPU latency: 0.101538 ms - Host latency: 0.101538 ms (enqueue 0.076001 ms)
[02/25/2026-14:55:06] [I] Average on 10 runs - GPU latency: 0.102173 ms - Host latency: 0.102173 ms (enqueue 0.0769531 ms)
[02/25/2026-14:55:06] [I] Average on 10 runs - GPU latency: 0.101294 ms - Host latency: 0.101294 ms (enqueue 0.0779053 ms)
[02/25/2026-14:55:06] [I] Average on 10 runs - GPU latency: 0.101953 ms - Host latency: 0.101953 ms (enqueue 0.0760986 ms)
[02/25/2026-14:55:06] [I] Average on 10 runs - GPU latency: 0.101074 ms - Host latency: 0.101074 ms (enqueue 0.0782715 ms)
[02/25/2026-14:55:06] [I] Average on 10 runs - GPU latency: 0.101099 ms - Host latency: 0.101099 ms (enqueue 0.0796631 ms)
[02/25/2026-14:55:06] [I] Average on 10 runs - GPU latency: 0.101514 ms - Host latency: 0.101514 ms (enqueue 0.0792725 ms)
[02/25/2026-14:55:06] [I] Average on 10 runs - GPU latency: 0.101611 ms - Host latency: 0.101611 ms (enqueue 0.0795898 ms)
[02/25/2026-14:55:06] [I] Average on 10 runs - GPU latency: 0.101099 ms - Host latency: 0.101099 ms (enqueue 0.0773926 ms)
[02/25/2026-14:55:06] [I] Average on 10 runs - GPU latency: 0.100928 ms - Host latency: 0.100928 ms (enqueue 0.0762939 ms)
[02/25/2026-14:55:06] [I] Average on 10 runs - GPU latency: 0.100903 ms - Host latency: 0.100903 ms (enqueue 0.0803955 ms)
[02/25/2026-14:55:06] [I] Average on 10 runs - GPU latency: 0.101465 ms - Host latency: 0.101465 ms (enqueue 0.0769531 ms)
[02/25/2026-14:55:06] [I] Average on 10 runs - GPU latency: 0.1021 ms - Host latency: 0.1021 ms (enqueue 0.0764648 ms)
[02/25/2026-14:55:06] [I] Average on 10 runs - GPU latency: 0.101855 ms - Host latency: 0.101855 ms (enqueue 0.0773682 ms)
[02/25/2026-14:55:06] [I] Average on 10 runs - GPU latency: 0.101172 ms - Host latency: 0.101172 ms (enqueue 0.0791992 ms)
[02/25/2026-14:55:06] [I] Average on 10 runs - GPU latency: 0.101709 ms - Host latency: 0.101709 ms (enqueue 0.0782227 ms)
[02/25/2026-14:55:06] [I] Average on 10 runs - GPU latency: 0.100952 ms - Host latency: 0.100952 ms (enqueue 0.0790039 ms)
[02/25/2026-14:55:06] [I] Average on 10 runs - GPU latency: 0.1021 ms - Host latency: 0.1021 ms (enqueue 0.078418 ms)
[02/25/2026-14:55:06] [I] Average on 10 runs - GPU latency: 0.101855 ms - Host latency: 0.101855 ms (enqueue 0.0771973 ms)
[02/25/2026-14:55:06] [I] Average on 10 runs - GPU latency: 0.102881 ms - Host latency: 0.102881 ms (enqueue 0.0767334 ms)
[02/25/2026-14:55:06] [I] Average on 10 runs - GPU latency: 0.101929 ms - Host latency: 0.101929 ms (enqueue 0.0779053 ms)
[02/25/2026-14:55:06] [I] Average on 10 runs - GPU latency: 0.102539 ms - Host latency: 0.102539 ms (enqueue 0.0803467 ms)
[02/25/2026-14:55:06] [I] Average on 10 runs - GPU latency: 0.101465 ms - Host latency: 0.101465 ms (enqueue 0.0774902 ms)
[02/25/2026-14:55:06] [I] Average on 10 runs - GPU latency: 0.101245 ms - Host latency: 0.101245 ms (enqueue 0.0772217 ms)
[02/25/2026-14:55:06] [I] Average on 10 runs - GPU latency: 0.101416 ms - Host latency: 0.101416 ms (enqueue 0.0774414 ms)
[02/25/2026-14:55:06] [I] Average on 10 runs - GPU latency: 0.101025 ms - Host latency: 0.101025 ms (enqueue 0.0790527 ms)
[02/25/2026-14:55:06] [I] Average on 10 runs - GPU latency: 0.100366 ms - Host latency: 0.100366 ms (enqueue 0.0763672 ms)
[02/25/2026-14:55:06] [I] Average on 10 runs - GPU latency: 0.101611 ms - Host latency: 0.101611 ms (enqueue 0.0774658 ms)
[02/25/2026-14:55:06] [I] Average on 10 runs - GPU latency: 0.101611 ms - Host latency: 0.101611 ms (enqueue 0.0762939 ms)
[02/25/2026-14:55:06] [I] Average on 10 runs - GPU latency: 0.101025 ms - Host latency: 0.101025 ms (enqueue 0.0792969 ms)
[02/25/2026-14:55:06] [I] Average on 10 runs - GPU latency: 0.101147 ms - Host latency: 0.101147 ms (enqueue 0.077002 ms)
[02/25/2026-14:55:06] [I] Average on 10 runs - GPU latency: 0.101904 ms - Host latency: 0.101904 ms (enqueue 0.0765869 ms)
[02/25/2026-14:55:06] [I] Average on 10 runs - GPU latency: 0.101465 ms - Host latency: 0.101465 ms (enqueue 0.0777344 ms)
[02/25/2026-14:55:06] [I] Average on 10 runs - GPU latency: 0.101953 ms - Host latency: 0.101953 ms (enqueue 0.0799561 ms)
[02/25/2026-14:55:06] [I] Average on 10 runs - GPU latency: 0.102148 ms - Host latency: 0.102148 ms (enqueue 0.0780029 ms)
[02/25/2026-14:55:06] [I] Average on 10 runs - GPU latency: 0.100806 ms - Host latency: 0.100806 ms (enqueue 0.0790771 ms)
[02/25/2026-14:55:06] [I] Average on 10 runs - GPU latency: 0.101465 ms - Host latency: 0.101465 ms (enqueue 0.0778076 ms)
[02/25/2026-14:55:06] [I] Average on 10 runs - GPU latency: 0.101562 ms - Host latency: 0.101562 ms (enqueue 0.0781494 ms)
[02/25/2026-14:55:06] [I] Average on 10 runs - GPU latency: 0.101807 ms - Host latency: 0.101807 ms (enqueue 0.0793213 ms)
[02/25/2026-14:55:06] [I] Average on 10 runs - GPU latency: 0.101709 ms - Host latency: 0.101709 ms (enqueue 0.0790527 ms)
[02/25/2026-14:55:06] [I] Average on 10 runs - GPU latency: 0.101904 ms - Host latency: 0.101904 ms (enqueue 0.0782227 ms)
[02/25/2026-14:55:06] [I] Average on 10 runs - GPU latency: 0.101367 ms - Host latency: 0.101367 ms (enqueue 0.0797363 ms)
[02/25/2026-14:55:06] [I] Average on 10 runs - GPU latency: 0.101758 ms - Host latency: 0.101758 ms (enqueue 0.077832 ms)
[02/25/2026-14:55:06] [I] Average on 10 runs - GPU latency: 0.101978 ms - Host latency: 0.101978 ms (enqueue 0.0778076 ms)
[02/25/2026-14:55:06] [I] Average on 10 runs - GPU latency: 0.101514 ms - Host latency: 0.101514 ms (enqueue 0.0781738 ms)
[02/25/2026-14:55:06] [I] Average on 10 runs - GPU latency: 0.101587 ms - Host latency: 0.101587 ms (enqueue 0.0801758 ms)
[02/25/2026-14:55:06] [I] Average on 10 runs - GPU latency: 0.102393 ms - Host latency: 0.102393 ms (enqueue 0.0762207 ms)
[02/25/2026-14:55:06] [I] Average on 10 runs - GPU latency: 0.101001 ms - Host latency: 0.101001 ms (enqueue 0.0791992 ms)
[02/25/2026-14:55:06] [I] Average on 10 runs - GPU latency: 0.101489 ms - Host latency: 0.101489 ms (enqueue 0.0812744 ms)
[02/25/2026-14:55:06] [I] Average on 10 runs - GPU latency: 0.101733 ms - Host latency: 0.101733 ms (enqueue 0.0765869 ms)
[02/25/2026-14:55:06] [I] Average on 10 runs - GPU latency: 0.10166 ms - Host latency: 0.10166 ms (enqueue 0.0794922 ms)
[02/25/2026-14:55:06] [I] Average on 10 runs - GPU latency: 0.102783 ms - Host latency: 0.102783 ms (enqueue 0.0770508 ms)
[02/25/2026-14:55:06] [I] Average on 10 runs - GPU latency: 0.100903 ms - Host latency: 0.100903 ms (enqueue 0.0797363 ms)
[02/25/2026-14:55:06] [I] Average on 10 runs - GPU latency: 0.101367 ms - Host latency: 0.101367 ms (enqueue 0.0785645 ms)
[02/25/2026-14:55:06] [I] Average on 10 runs - GPU latency: 0.102173 ms - Host latency: 0.102173 ms (enqueue 0.0779297 ms)
[02/25/2026-14:55:06] [I] Average on 10 runs - GPU latency: 0.101221 ms - Host latency: 0.101221 ms (enqueue 0.0779053 ms)
[02/25/2026-14:55:06] [I] Average on 10 runs - GPU latency: 0.101221 ms - Host latency: 0.101221 ms (enqueue 0.0803711 ms)
[02/25/2026-14:55:06] [I] Average on 10 runs - GPU latency: 0.101294 ms - Host latency: 0.101294 ms (enqueue 0.0771729 ms)
[02/25/2026-14:55:06] [I] Average on 10 runs - GPU latency: 0.101196 ms - Host latency: 0.101196 ms (enqueue 0.0784912 ms)
[02/25/2026-14:55:06] [I] Average on 10 runs - GPU latency: 0.101123 ms - Host latency: 0.101123 ms (enqueue 0.0774658 ms)
[02/25/2026-14:55:06] [I] Average on 10 runs - GPU latency: 0.10188 ms - Host latency: 0.10188 ms (enqueue 0.0765869 ms)
[02/25/2026-14:55:06] [I] Average on 10 runs - GPU latency: 0.101025 ms - Host latency: 0.101025 ms (enqueue 0.0776123 ms)
[02/25/2026-14:55:06] [I] Average on 10 runs - GPU latency: 0.101904 ms - Host latency: 0.101904 ms (enqueue 0.0783203 ms)
[02/25/2026-14:55:06] [I] Average on 10 runs - GPU latency: 0.101147 ms - Host latency: 0.101147 ms (enqueue 0.0794922 ms)
[02/25/2026-14:55:06] [I] Average on 10 runs - GPU latency: 0.101367 ms - Host latency: 0.101367 ms (enqueue 0.078125 ms)
[02/25/2026-14:55:06] [I] Average on 10 runs - GPU latency: 0.101196 ms - Host latency: 0.101196 ms (enqueue 0.0775635 ms)
[02/25/2026-14:55:06] [I] Average on 10 runs - GPU latency: 0.101611 ms - Host latency: 0.101611 ms (enqueue 0.0761475 ms)
[02/25/2026-14:55:06] [I] Average on 10 runs - GPU latency: 0.101611 ms - Host latency: 0.101611 ms (enqueue 0.0777832 ms)
[02/25/2026-14:55:06] [I] Average on 10 runs - GPU latency: 0.101367 ms - Host latency: 0.101367 ms (enqueue 0.0794189 ms)
[02/25/2026-14:55:06] [I] Average on 10 runs - GPU latency: 0.100244 ms - Host latency: 0.100244 ms (enqueue 0.0769287 ms)
[02/25/2026-14:55:06] [I] Average on 10 runs - GPU latency: 0.100903 ms - Host latency: 0.100903 ms (enqueue 0.0766357 ms)
[02/25/2026-14:55:06] [I] Average on 10 runs - GPU latency: 0.101099 ms - Host latency: 0.101099 ms (enqueue 0.0764404 ms)
[02/25/2026-14:55:06] [I] Average on 10 runs - GPU latency: 0.100732 ms - Host latency: 0.100732 ms (enqueue 0.0806396 ms)
[02/25/2026-14:55:06] [I] Average on 10 runs - GPU latency: 0.101465 ms - Host latency: 0.101465 ms (enqueue 0.0770508 ms)
[02/25/2026-14:55:06] [I] Average on 10 runs - GPU latency: 0.100977 ms - Host latency: 0.100977 ms (enqueue 0.0774902 ms)
[02/25/2026-14:55:06] [I] Average on 10 runs - GPU latency: 0.101733 ms - Host latency: 0.101733 ms (enqueue 0.0763184 ms)
[02/25/2026-14:55:06] [I] Average on 10 runs - GPU latency: 0.102148 ms - Host latency: 0.102148 ms (enqueue 0.0794434 ms)
[02/25/2026-14:55:06] [I] Average on 10 runs - GPU latency: 0.10083 ms - Host latency: 0.10083 ms (enqueue 0.0774658 ms)
[02/25/2026-14:55:06] [I] Average on 10 runs - GPU latency: 0.10293 ms - Host latency: 0.10293 ms (enqueue 0.0789307 ms)
[02/25/2026-14:55:06] [I] Average on 10 runs - GPU latency: 0.101978 ms - Host latency: 0.101978 ms (enqueue 0.0793457 ms)
[02/25/2026-14:55:06] [I] Average on 10 runs - GPU latency: 0.101245 ms - Host latency: 0.101245 ms (enqueue 0.0772217 ms)
[02/25/2026-14:55:06] [I] Average on 10 runs - GPU latency: 0.100928 ms - Host latency: 0.100928 ms (enqueue 0.078125 ms)
[02/25/2026-14:55:06] [I] Average on 10 runs - GPU latency: 0.101465 ms - Host latency: 0.101465 ms (enqueue 0.0799072 ms)
[02/25/2026-14:55:06] [I] Average on 10 runs - GPU latency: 0.100879 ms - Host latency: 0.100879 ms (enqueue 0.0800049 ms)
[02/25/2026-14:55:06] [I] Average on 10 runs - GPU latency: 0.101465 ms - Host latency: 0.101465 ms (enqueue 0.0779541 ms)
[02/25/2026-14:55:06] [I] Average on 10 runs - GPU latency: 0.101123 ms - Host latency: 0.101123 ms (enqueue 0.0771484 ms)
[02/25/2026-14:55:06] [I] Average on 10 runs - GPU latency: 0.101758 ms - Host latency: 0.101758 ms (enqueue 0.0772705 ms)
[02/25/2026-14:55:06] [I] Average on 10 runs - GPU latency: 0.100903 ms - Host latency: 0.100903 ms (enqueue 0.0812744 ms)
[02/25/2026-14:55:06] [I] Average on 10 runs - GPU latency: 0.101489 ms - Host latency: 0.101489 ms (enqueue 0.0777588 ms)
[02/25/2026-14:55:06] [I] Average on 10 runs - GPU latency: 0.101733 ms - Host latency: 0.101733 ms (enqueue 0.0783203 ms)
[02/25/2026-14:55:06] [I] Average on 10 runs - GPU latency: 0.101343 ms - Host latency: 0.101343 ms (enqueue 0.0766846 ms)
[02/25/2026-14:55:06] [I] Average on 10 runs - GPU latency: 0.100977 ms - Host latency: 0.100977 ms (enqueue 0.081665 ms)
[02/25/2026-14:55:06] [I] Average on 10 runs - GPU latency: 0.100879 ms - Host latency: 0.100879 ms (enqueue 0.0771484 ms)
[02/25/2026-14:55:06] [I] Average on 10 runs - GPU latency: 0.101562 ms - Host latency: 0.101562 ms (enqueue 0.0783203 ms)
[02/25/2026-14:55:06] [I] Average on 10 runs - GPU latency: 0.101538 ms - Host latency: 0.101538 ms (enqueue 0.076416 ms)
[02/25/2026-14:55:06] [I] Average on 10 runs - GPU latency: 0.100684 ms - Host latency: 0.100684 ms (enqueue 0.0796631 ms)
[02/25/2026-14:55:06] [I] Average on 10 runs - GPU latency: 0.100952 ms - Host latency: 0.100952 ms (enqueue 0.0790283 ms)
[02/25/2026-14:55:06] [I] Average on 10 runs - GPU latency: 0.101562 ms - Host latency: 0.101562 ms (enqueue 0.0772217 ms)
[02/25/2026-14:55:06] [I] Average on 10 runs - GPU latency: 0.103052 ms - Host latency: 0.103052 ms (enqueue 0.0781006 ms)
[02/25/2026-14:55:06] [I] Average on 10 runs - GPU latency: 0.101514 ms - Host latency: 0.101514 ms (enqueue 0.0801758 ms)
[02/25/2026-14:55:06] [I] Average on 10 runs - GPU latency: 0.101831 ms - Host latency: 0.101831 ms (enqueue 0.0786865 ms)
[02/25/2026-14:55:06] [I] Average on 10 runs - GPU latency: 0.10188 ms - Host latency: 0.10188 ms (enqueue 0.076416 ms)
[02/25/2026-14:55:06] [I] Average on 10 runs - GPU latency: 0.10144 ms - Host latency: 0.10144 ms (enqueue 0.0789795 ms)
[02/25/2026-14:55:06] [I] Average on 10 runs - GPU latency: 0.101587 ms - Host latency: 0.101587 ms (enqueue 0.0776367 ms)
[02/25/2026-14:55:06] [I] Average on 10 runs - GPU latency: 0.101538 ms - Host latency: 0.101538 ms (enqueue 0.0775635 ms)
[02/25/2026-14:55:06] [I] Average on 10 runs - GPU latency: 0.10144 ms - Host latency: 0.10144 ms (enqueue 0.0789307 ms)
[02/25/2026-14:55:06] [I] Average on 10 runs - GPU latency: 0.101025 ms - Host latency: 0.101025 ms (enqueue 0.0812256 ms)
[02/25/2026-14:55:06] [I] Average on 10 runs - GPU latency: 0.101953 ms - Host latency: 0.101953 ms (enqueue 0.0773926 ms)
[02/25/2026-14:55:06] [I] Average on 10 runs - GPU latency: 0.101318 ms - Host latency: 0.101318 ms (enqueue 0.0772217 ms)
[02/25/2026-14:55:06] [I] Average on 10 runs - GPU latency: 0.102026 ms - Host latency: 0.102026 ms (enqueue 0.0773682 ms)
[02/25/2026-14:55:06] [I] Average on 10 runs - GPU latency: 0.101587 ms - Host latency: 0.101587 ms (enqueue 0.0807373 ms)
[02/25/2026-14:55:06] [I] Average on 10 runs - GPU latency: 0.100977 ms - Host latency: 0.100977 ms (enqueue 0.0769775 ms)
[02/25/2026-14:55:06] [I] Average on 10 runs - GPU latency: 0.100757 ms - Host latency: 0.100757 ms (enqueue 0.0778076 ms)
[02/25/2026-14:55:06] [I] Average on 10 runs - GPU latency: 0.102124 ms - Host latency: 0.102124 ms (enqueue 0.0763916 ms)
[02/25/2026-14:55:06] [I] Average on 10 runs - GPU latency: 0.101636 ms - Host latency: 0.101636 ms (enqueue 0.0793945 ms)
[02/25/2026-14:55:06] [I] Average on 10 runs - GPU latency: 0.101807 ms - Host latency: 0.101807 ms (enqueue 0.0785889 ms)
[02/25/2026-14:55:06] [I] Average on 10 runs - GPU latency: 0.101294 ms - Host latency: 0.101294 ms (enqueue 0.0775391 ms)
[02/25/2026-14:55:06] [I] Average on 10 runs - GPU latency: 0.101343 ms - Host latency: 0.101343 ms (enqueue 0.0776611 ms)
[02/25/2026-14:55:06] [I] Average on 10 runs - GPU latency: 0.101831 ms - Host latency: 0.101831 ms (enqueue 0.0809814 ms)
[02/25/2026-14:55:06] [I] Average on 10 runs - GPU latency: 0.102588 ms - Host latency: 0.102588 ms (enqueue 0.0769043 ms)
[02/25/2026-14:55:06] [I] Average on 10 runs - GPU latency: 0.102466 ms - Host latency: 0.102466 ms (enqueue 0.0775146 ms)
[02/25/2026-14:55:06] [I] Average on 10 runs - GPU latency: 0.100659 ms - Host latency: 0.100659 ms (enqueue 0.0768066 ms)
[02/25/2026-14:55:06] [I] Average on 10 runs - GPU latency: 0.102026 ms - Host latency: 0.102026 ms (enqueue 0.0789795 ms)
[02/25/2026-14:55:06] [I] Average on 10 runs - GPU latency: 0.101758 ms - Host latency: 0.101758 ms (enqueue 0.0774658 ms)
[02/25/2026-14:55:06] [I] Average on 10 runs - GPU latency: 0.102881 ms - Host latency: 0.102881 ms (enqueue 0.0775879 ms)
[02/25/2026-14:55:06] [I] Average on 10 runs - GPU latency: 0.10127 ms - Host latency: 0.10127 ms (enqueue 0.0812744 ms)
[02/25/2026-14:55:06] [I] Average on 10 runs - GPU latency: 0.1021 ms - Host latency: 0.1021 ms (enqueue 0.0783447 ms)
[02/25/2026-14:55:06] [I] Average on 10 runs - GPU latency: 0.100928 ms - Host latency: 0.100928 ms (enqueue 0.0777344 ms)
[02/25/2026-14:55:06] [I] Average on 10 runs - GPU latency: 0.101685 ms - Host latency: 0.101685 ms (enqueue 0.0771484 ms)
[02/25/2026-14:55:06] [I] Average on 10 runs - GPU latency: 0.101733 ms - Host latency: 0.101733 ms (enqueue 0.0779541 ms)
[02/25/2026-14:55:06] [I] Average on 10 runs - GPU latency: 0.102393 ms - Host latency: 0.102393 ms (enqueue 0.0790039 ms)
[02/25/2026-14:55:06] [I] Average on 10 runs - GPU latency: 0.10127 ms - Host latency: 0.10127 ms (enqueue 0.0775146 ms)
[02/25/2026-14:55:06] [I] Average on 10 runs - GPU latency: 0.101465 ms - Host latency: 0.101465 ms (enqueue 0.0775146 ms)
[02/25/2026-14:55:06] [I] Average on 10 runs - GPU latency: 0.101489 ms - Host latency: 0.101489 ms (enqueue 0.0776123 ms)
[02/25/2026-14:55:06] [I] Average on 10 runs - GPU latency: 0.101953 ms - Host latency: 0.101953 ms (enqueue 0.0774902 ms)
[02/25/2026-14:55:06] [I] Average on 10 runs - GPU latency: 0.102173 ms - Host latency: 0.102173 ms (enqueue 0.0770508 ms)
[02/25/2026-14:55:06] [I] Average on 10 runs - GPU latency: 0.101929 ms - Host latency: 0.101929 ms (enqueue 0.0776611 ms)
[02/25/2026-14:55:06] [I] Average on 10 runs - GPU latency: 0.101221 ms - Host latency: 0.101221 ms (enqueue 0.079126 ms)
[02/25/2026-14:55:06] [I] Average on 10 runs - GPU latency: 0.101782 ms - Host latency: 0.101782 ms (enqueue 0.0775635 ms)
[02/25/2026-14:55:06] [I] Average on 10 runs - GPU latency: 0.101147 ms - Host latency: 0.101147 ms (enqueue 0.0763428 ms)
[02/25/2026-14:55:06] [I] Average on 10 runs - GPU latency: 0.101221 ms - Host latency: 0.101221 ms (enqueue 0.0784668 ms)
[02/25/2026-14:55:06] [I] Average on 10 runs - GPU latency: 0.101904 ms - Host latency: 0.101904 ms (enqueue 0.0814453 ms)
[02/25/2026-14:55:06] [I] Average on 10 runs - GPU latency: 0.101074 ms - Host latency: 0.101074 ms (enqueue 0.0780762 ms)
[02/25/2026-14:55:06] [I] Average on 10 runs - GPU latency: 0.101001 ms - Host latency: 0.101001 ms (enqueue 0.0791992 ms)
[02/25/2026-14:55:06] [I] Average on 10 runs - GPU latency: 0.101392 ms - Host latency: 0.101392 ms (enqueue 0.0776855 ms)
[02/25/2026-14:55:06] [I] Average on 10 runs - GPU latency: 0.101245 ms - Host latency: 0.101245 ms (enqueue 0.0783203 ms)
[02/25/2026-14:55:06] [I] Average on 10 runs - GPU latency: 0.101074 ms - Host latency: 0.101074 ms (enqueue 0.0782959 ms)
[02/25/2026-14:55:06] [I] Average on 10 runs - GPU latency: 0.102197 ms - Host latency: 0.102197 ms (enqueue 0.0767578 ms)
[02/25/2026-14:55:06] [I] Average on 10 runs - GPU latency: 0.10127 ms - Host latency: 0.10127 ms (enqueue 0.0780762 ms)
[02/25/2026-14:55:06] [I] Average on 10 runs - GPU latency: 0.100537 ms - Host latency: 0.100537 ms (enqueue 0.082251 ms)
[02/25/2026-14:55:06] [I] Average on 10 runs - GPU latency: 0.101099 ms - Host latency: 0.101099 ms (enqueue 0.0786377 ms)
[02/25/2026-14:55:06] [I] Average on 10 runs - GPU latency: 0.101758 ms - Host latency: 0.101758 ms (enqueue 0.079541 ms)
[02/25/2026-14:55:06] [I] Average on 10 runs - GPU latency: 0.101685 ms - Host latency: 0.101685 ms (enqueue 0.0775635 ms)
[02/25/2026-14:55:06] [I] Average on 10 runs - GPU latency: 0.102148 ms - Host latency: 0.102148 ms (enqueue 0.0798828 ms)
[02/25/2026-14:55:06] [I] Average on 10 runs - GPU latency: 0.101196 ms - Host latency: 0.101196 ms (enqueue 0.0789795 ms)
[02/25/2026-14:55:06] [I] Average on 10 runs - GPU latency: 0.100806 ms - Host latency: 0.100806 ms (enqueue 0.0791992 ms)
[02/25/2026-14:55:06] [I] Average on 10 runs - GPU latency: 0.101489 ms - Host latency: 0.101489 ms (enqueue 0.0781738 ms)
[02/25/2026-14:55:06] [I] Average on 10 runs - GPU latency: 0.101636 ms - Host latency: 0.101636 ms (enqueue 0.0811279 ms)
[02/25/2026-14:55:06] [I] Average on 10 runs - GPU latency: 0.101758 ms - Host latency: 0.101758 ms (enqueue 0.0788086 ms)
[02/25/2026-14:55:06] [I] Average on 10 runs - GPU latency: 0.100879 ms - Host latency: 0.100879 ms (enqueue 0.0790039 ms)
[02/25/2026-14:55:06] [I] Average on 10 runs - GPU latency: 0.101562 ms - Host latency: 0.101562 ms (enqueue 0.0782471 ms)
[02/25/2026-14:55:06] [I] Average on 10 runs - GPU latency: 0.101172 ms - Host latency: 0.101172 ms (enqueue 0.0810303 ms)
[02/25/2026-14:55:06] [I] Average on 10 runs - GPU latency: 0.10083 ms - Host latency: 0.10083 ms (enqueue 0.0777832 ms)
[02/25/2026-14:55:06] [I] Average on 10 runs - GPU latency: 0.101636 ms - Host latency: 0.101636 ms (enqueue 0.0800537 ms)
[02/25/2026-14:55:06] [I] Average on 10 runs - GPU latency: 0.101562 ms - Host latency: 0.101562 ms (enqueue 0.0794189 ms)
[02/25/2026-14:55:06] [I] Average on 10 runs - GPU latency: 0.101025 ms - Host latency: 0.101025 ms (enqueue 0.076416 ms)
[02/25/2026-14:55:06] [I] Average on 10 runs - GPU latency: 0.101367 ms - Host latency: 0.101367 ms (enqueue 0.0786621 ms)
[02/25/2026-14:55:06] [I] Average on 10 runs - GPU latency: 0.101514 ms - Host latency: 0.101514 ms (enqueue 0.0769287 ms)
[02/25/2026-14:55:06] [I] Average on 10 runs - GPU latency: 0.101294 ms - Host latency: 0.101294 ms (enqueue 0.0811035 ms)
[02/25/2026-14:55:06] [I] Average on 10 runs - GPU latency: 0.101172 ms - Host latency: 0.101172 ms (enqueue 0.079248 ms)
[02/25/2026-14:55:06] [I] Average on 10 runs - GPU latency: 0.101416 ms - Host latency: 0.101416 ms (enqueue 0.0763184 ms)
[02/25/2026-14:55:06] [I] Average on 10 runs - GPU latency: 0.101318 ms - Host latency: 0.101318 ms (enqueue 0.0794189 ms)
[02/25/2026-14:55:06] [I] Average on 10 runs - GPU latency: 0.100537 ms - Host latency: 0.100537 ms (enqueue 0.0811523 ms)
[02/25/2026-14:55:06] [I] Average on 10 runs - GPU latency: 0.10144 ms - Host latency: 0.10144 ms (enqueue 0.0792725 ms)
[02/25/2026-14:55:06] [I] Average on 10 runs - GPU latency: 0.101392 ms - Host latency: 0.101392 ms (enqueue 0.0790039 ms)
[02/25/2026-14:55:06] [I] Average on 10 runs - GPU latency: 0.10188 ms - Host latency: 0.10188 ms (enqueue 0.0778564 ms)
[02/25/2026-14:55:06] [I] Average on 10 runs - GPU latency: 0.101025 ms - Host latency: 0.101025 ms (enqueue 0.0793457 ms)
[02/25/2026-14:55:06] [I] Average on 10 runs - GPU latency: 0.101245 ms - Host latency: 0.101245 ms (enqueue 0.0778564 ms)
[02/25/2026-14:55:06] [I] Average on 10 runs - GPU latency: 0.101147 ms - Host latency: 0.101147 ms (enqueue 0.0801758 ms)
[02/25/2026-14:55:06] [I] Average on 10 runs - GPU latency: 0.101758 ms - Host latency: 0.101758 ms (enqueue 0.0765381 ms)
[02/25/2026-14:55:06] [I] Average on 10 runs - GPU latency: 0.102246 ms - Host latency: 0.102246 ms (enqueue 0.0802734 ms)
[02/25/2026-14:55:06] [I] Average on 10 runs - GPU latency: 0.101465 ms - Host latency: 0.101465 ms (enqueue 0.0783447 ms)
[02/25/2026-14:55:06] [I] Average on 10 runs - GPU latency: 0.102393 ms - Host latency: 0.102393 ms (enqueue 0.076001 ms)
[02/25/2026-14:55:06] [I] Average on 10 runs - GPU latency: 0.101318 ms - Host latency: 0.101318 ms (enqueue 0.0786377 ms)
[02/25/2026-14:55:06] [I] Average on 10 runs - GPU latency: 0.101465 ms - Host latency: 0.101465 ms (enqueue 0.079834 ms)
[02/25/2026-14:55:06] [I] Average on 10 runs - GPU latency: 0.100879 ms - Host latency: 0.100879 ms (enqueue 0.077002 ms)
[02/25/2026-14:55:06] [I] Average on 10 runs - GPU latency: 0.100659 ms - Host latency: 0.100659 ms (enqueue 0.0799072 ms)
[02/25/2026-14:55:06] [I] Average on 10 runs - GPU latency: 0.101416 ms - Host latency: 0.101416 ms (enqueue 0.0785889 ms)
[02/25/2026-14:55:06] [I] Average on 10 runs - GPU latency: 0.102148 ms - Host latency: 0.102148 ms (enqueue 0.0798584 ms)
[02/25/2026-14:55:06] [I] Average on 10 runs - GPU latency: 0.100977 ms - Host latency: 0.100977 ms (enqueue 0.0782715 ms)
[02/25/2026-14:55:06] [I] Average on 10 runs - GPU latency: 0.101782 ms - Host latency: 0.101782 ms (enqueue 0.0796143 ms)
[02/25/2026-14:55:06] [I] Average on 10 runs - GPU latency: 0.101831 ms - Host latency: 0.101831 ms (enqueue 0.0766357 ms)
[02/25/2026-14:55:06] [I] Average on 10 runs - GPU latency: 0.101465 ms - Host latency: 0.101465 ms (enqueue 0.0807617 ms)
[02/25/2026-14:55:06] [I] Average on 10 runs - GPU latency: 0.101587 ms - Host latency: 0.101587 ms (enqueue 0.0783691 ms)
[02/25/2026-14:55:06] [I] Average on 10 runs - GPU latency: 0.101587 ms - Host latency: 0.101587 ms (enqueue 0.0773437 ms)
[02/25/2026-14:55:06] [I] Average on 10 runs - GPU latency: 0.100659 ms - Host latency: 0.100659 ms (enqueue 0.0811523 ms)
[02/25/2026-14:55:06] [I] Average on 10 runs - GPU latency: 0.101099 ms - Host latency: 0.101099 ms (enqueue 0.0765625 ms)
[02/25/2026-14:55:06] [I] Average on 10 runs - GPU latency: 0.10127 ms - Host latency: 0.10127 ms (enqueue 0.0779541 ms)
[02/25/2026-14:55:06] [I] Average on 10 runs - GPU latency: 0.10271 ms - Host latency: 0.10271 ms (enqueue 0.0766357 ms)
[02/25/2026-14:55:06] [I] Average on 10 runs - GPU latency: 0.101074 ms - Host latency: 0.101074 ms (enqueue 0.0805176 ms)
[02/25/2026-14:55:06] [I] Average on 10 runs - GPU latency: 0.101392 ms - Host latency: 0.101392 ms (enqueue 0.0792725 ms)
[02/25/2026-14:55:06] [I] Average on 10 runs - GPU latency: 0.102222 ms - Host latency: 0.102222 ms (enqueue 0.0774902 ms)
[02/25/2026-14:55:06] [I] Average on 10 runs - GPU latency: 0.102271 ms - Host latency: 0.102271 ms (enqueue 0.0775146 ms)
[02/25/2026-14:55:06] [I] Average on 10 runs - GPU latency: 0.101709 ms - Host latency: 0.101709 ms (enqueue 0.080127 ms)
[02/25/2026-14:55:06] [I] Average on 10 runs - GPU latency: 0.101904 ms - Host latency: 0.101904 ms (enqueue 0.079541 ms)
[02/25/2026-14:55:06] [I] Average on 10 runs - GPU latency: 0.10144 ms - Host latency: 0.10144 ms (enqueue 0.0776367 ms)
[02/25/2026-14:55:06] [I] Average on 10 runs - GPU latency: 0.101538 ms - Host latency: 0.101538 ms (enqueue 0.0769287 ms)
[02/25/2026-14:55:06] [I] Average on 10 runs - GPU latency: 0.101929 ms - Host latency: 0.101929 ms (enqueue 0.0827393 ms)
[02/25/2026-14:55:06] [I] Average on 10 runs - GPU latency: 0.10083 ms - Host latency: 0.10083 ms (enqueue 0.0759766 ms)
[02/25/2026-14:55:06] [I] Average on 10 runs - GPU latency: 0.101953 ms - Host latency: 0.101953 ms (enqueue 0.0779785 ms)
[02/25/2026-14:55:06] [I] Average on 10 runs - GPU latency: 0.101074 ms - Host latency: 0.101074 ms (enqueue 0.0780029 ms)
[02/25/2026-14:55:06] [I] Average on 10 runs - GPU latency: 0.101196 ms - Host latency: 0.101196 ms (enqueue 0.0800537 ms)
[02/25/2026-14:55:06] [I] Average on 10 runs - GPU latency: 0.102124 ms - Host latency: 0.102124 ms (enqueue 0.0761475 ms)
[02/25/2026-14:55:06] [I] Average on 10 runs - GPU latency: 0.101147 ms - Host latency: 0.101147 ms (enqueue 0.0773193 ms)
[02/25/2026-14:55:06] [I] Average on 10 runs - GPU latency: 0.101221 ms - Host latency: 0.101221 ms (enqueue 0.0772949 ms)
[02/25/2026-14:55:06] [I] Average on 10 runs - GPU latency: 0.101929 ms - Host latency: 0.101929 ms (enqueue 0.0780518 ms)
[02/25/2026-14:55:06] [I] Average on 10 runs - GPU latency: 0.101562 ms - Host latency: 0.101562 ms (enqueue 0.0771729 ms)
[02/25/2026-14:55:06] [I] Average on 10 runs - GPU latency: 0.101416 ms - Host latency: 0.101416 ms (enqueue 0.0766846 ms)
[02/25/2026-14:55:06] [I] Average on 10 runs - GPU latency: 0.101709 ms - Host latency: 0.101709 ms (enqueue 0.0775391 ms)
[02/25/2026-14:55:06] [I] Average on 10 runs - GPU latency: 0.101392 ms - Host latency: 0.101392 ms (enqueue 0.0794434 ms)
[02/25/2026-14:55:06] [I] Average on 10 runs - GPU latency: 0.100977 ms - Host latency: 0.100977 ms (enqueue 0.0784912 ms)
[02/25/2026-14:55:06] [I] Average on 10 runs - GPU latency: 0.101343 ms - Host latency: 0.101343 ms (enqueue 0.0790771 ms)
[02/25/2026-14:55:06] [I] Average on 10 runs - GPU latency: 0.102539 ms - Host latency: 0.102539 ms (enqueue 0.0775635 ms)
[02/25/2026-14:55:06] [I] Average on 10 runs - GPU latency: 0.101245 ms - Host latency: 0.101245 ms (enqueue 0.0792236 ms)
[02/25/2026-14:55:06] [I] Average on 10 runs - GPU latency: 0.101392 ms - Host latency: 0.101392 ms (enqueue 0.0770508 ms)
[02/25/2026-14:55:06] [I] Average on 10 runs - GPU latency: 0.101514 ms - Host latency: 0.101514 ms (enqueue 0.0773682 ms)
[02/25/2026-14:55:06] [I] Average on 10 runs - GPU latency: 0.101001 ms - Host latency: 0.101001 ms (enqueue 0.0783691 ms)
[02/25/2026-14:55:06] [I] Average on 10 runs - GPU latency: 0.102051 ms - Host latency: 0.102051 ms (enqueue 0.0765137 ms)
[02/25/2026-14:55:06] [I] Average on 10 runs - GPU latency: 0.102393 ms - Host latency: 0.102393 ms (enqueue 0.0784668 ms)
[02/25/2026-14:55:06] [I] Average on 10 runs - GPU latency: 0.10105 ms - Host latency: 0.10105 ms (enqueue 0.0764648 ms)
[02/25/2026-14:55:06] [I] Average on 10 runs - GPU latency: 0.101221 ms - Host latency: 0.101221 ms (enqueue 0.0794922 ms)
[02/25/2026-14:55:06] [I] Average on 10 runs - GPU latency: 0.1021 ms - Host latency: 0.1021 ms (enqueue 0.0787354 ms)
[02/25/2026-14:55:06] [I] Average on 10 runs - GPU latency: 0.10105 ms - Host latency: 0.10105 ms (enqueue 0.0776367 ms)
[02/25/2026-14:55:06] [I] Average on 10 runs - GPU latency: 0.102563 ms - Host latency: 0.102563 ms (enqueue 0.0780518 ms)
[02/25/2026-14:55:06] [I] Average on 10 runs - GPU latency: 0.101367 ms - Host latency: 0.101367 ms (enqueue 0.0769287 ms)
[02/25/2026-14:55:06] [I] Average on 10 runs - GPU latency: 0.101099 ms - Host latency: 0.101099 ms (enqueue 0.0791992 ms)
[02/25/2026-14:55:06] [I] Average on 10 runs - GPU latency: 0.101343 ms - Host latency: 0.101343 ms (enqueue 0.0770752 ms)
[02/25/2026-14:55:06] [I] Average on 10 runs - GPU latency: 0.101782 ms - Host latency: 0.101782 ms (enqueue 0.0788086 ms)
[02/25/2026-14:55:06] [I] Average on 10 runs - GPU latency: 0.10105 ms - Host latency: 0.10105 ms (enqueue 0.0764648 ms)
[02/25/2026-14:55:06] [I] Average on 10 runs - GPU latency: 0.102441 ms - Host latency: 0.102441 ms (enqueue 0.0764648 ms)
[02/25/2026-14:55:06] [I] Average on 10 runs - GPU latency: 0.101758 ms - Host latency: 0.101758 ms (enqueue 0.0774902 ms)
[02/25/2026-14:55:06] [I] Average on 10 runs - GPU latency: 0.102026 ms - Host latency: 0.102026 ms (enqueue 0.0807373 ms)
[02/25/2026-14:55:06] [I] Average on 10 runs - GPU latency: 0.100586 ms - Host latency: 0.100586 ms (enqueue 0.0781982 ms)
[02/25/2026-14:55:06] [I] Average on 10 runs - GPU latency: 0.101245 ms - Host latency: 0.101245 ms (enqueue 0.0782227 ms)
[02/25/2026-14:55:06] [I] Average on 10 runs - GPU latency: 0.100708 ms - Host latency: 0.100708 ms (enqueue 0.0789551 ms)
[02/25/2026-14:55:06] [I] Average on 10 runs - GPU latency: 0.102246 ms - Host latency: 0.102246 ms (enqueue 0.0789795 ms)
[02/25/2026-14:55:06] [I] Average on 10 runs - GPU latency: 0.101758 ms - Host latency: 0.101758 ms (enqueue 0.0785889 ms)
[02/25/2026-14:55:06] [I] Average on 10 runs - GPU latency: 0.101123 ms - Host latency: 0.101123 ms (enqueue 0.0761475 ms)
[02/25/2026-14:55:06] [I] Average on 10 runs - GPU latency: 0.101782 ms - Host latency: 0.101782 ms (enqueue 0.0769287 ms)
[02/25/2026-14:55:06] [I] Average on 10 runs - GPU latency: 0.101245 ms - Host latency: 0.101245 ms (enqueue 0.079126 ms)
[02/25/2026-14:55:06] [I] Average on 10 runs - GPU latency: 0.102441 ms - Host latency: 0.102441 ms (enqueue 0.0775879 ms)
[02/25/2026-14:55:06] [I] Average on 10 runs - GPU latency: 0.101123 ms - Host latency: 0.101123 ms (enqueue 0.0790283 ms)
[02/25/2026-14:55:06] [I] Average on 10 runs - GPU latency: 0.101611 ms - Host latency: 0.101611 ms (enqueue 0.076709 ms)
[02/25/2026-14:55:06] [I] Average on 10 runs - GPU latency: 0.101465 ms - Host latency: 0.101465 ms (enqueue 0.0805664 ms)
[02/25/2026-14:55:06] [I] Average on 10 runs - GPU latency: 0.101074 ms - Host latency: 0.101074 ms (enqueue 0.0771484 ms)
[02/25/2026-14:55:06] [I] Average on 10 runs - GPU latency: 0.101709 ms - Host latency: 0.101709 ms (enqueue 0.0758545 ms)
[02/25/2026-14:55:06] [I] Average on 10 runs - GPU latency: 0.101245 ms - Host latency: 0.101245 ms (enqueue 0.0792236 ms)
[02/25/2026-14:55:06] [I] Average on 10 runs - GPU latency: 0.101978 ms - Host latency: 0.101978 ms (enqueue 0.0794434 ms)
[02/25/2026-14:55:06] [I] Average on 10 runs - GPU latency: 0.10127 ms - Host latency: 0.10127 ms (enqueue 0.0770752 ms)
[02/25/2026-14:55:06] [I] Average on 10 runs - GPU latency: 0.100586 ms - Host latency: 0.100586 ms (enqueue 0.0792236 ms)
[02/25/2026-14:55:06] [I] Average on 10 runs - GPU latency: 0.102612 ms - Host latency: 0.102612 ms (enqueue 0.0781738 ms)
[02/25/2026-14:55:06] [I] Average on 10 runs - GPU latency: 0.101611 ms - Host latency: 0.101611 ms (enqueue 0.0785156 ms)
[02/25/2026-14:55:06] [I] Average on 10 runs - GPU latency: 0.101343 ms - Host latency: 0.101343 ms (enqueue 0.079126 ms)
[02/25/2026-14:55:06] [I] Average on 10 runs - GPU latency: 0.102686 ms - Host latency: 0.102686 ms (enqueue 0.077832 ms)
[02/25/2026-14:55:06] [I] Average on 10 runs - GPU latency: 0.101343 ms - Host latency: 0.101343 ms (enqueue 0.0770996 ms)
[02/25/2026-14:55:06] [I] Average on 10 runs - GPU latency: 0.100806 ms - Host latency: 0.100806 ms (enqueue 0.0792969 ms)
[02/25/2026-14:55:06] [I] Average on 10 runs - GPU latency: 0.10105 ms - Host latency: 0.10105 ms (enqueue 0.0788574 ms)
[02/25/2026-14:55:06] [I] Average on 10 runs - GPU latency: 0.101172 ms - Host latency: 0.101172 ms (enqueue 0.0804199 ms)
[02/25/2026-14:55:06] [I] Average on 10 runs - GPU latency: 0.101367 ms - Host latency: 0.101367 ms (enqueue 0.0783691 ms)
[02/25/2026-14:55:06] [I] Average on 10 runs - GPU latency: 0.10127 ms - Host latency: 0.10127 ms (enqueue 0.0806641 ms)
[02/25/2026-14:55:06] [I] Average on 10 runs - GPU latency: 0.10166 ms - Host latency: 0.10166 ms (enqueue 0.0779541 ms)
[02/25/2026-14:55:06] [I] Average on 10 runs - GPU latency: 0.101978 ms - Host latency: 0.101978 ms (enqueue 0.077002 ms)
[02/25/2026-14:55:06] [I] Average on 10 runs - GPU latency: 0.101318 ms - Host latency: 0.101318 ms (enqueue 0.0781494 ms)
[02/25/2026-14:55:06] [I] Average on 10 runs - GPU latency: 0.102515 ms - Host latency: 0.102515 ms (enqueue 0.0758057 ms)
[02/25/2026-14:55:06] [I] Average on 10 runs - GPU latency: 0.101074 ms - Host latency: 0.101074 ms (enqueue 0.078125 ms)
[02/25/2026-14:55:06] [I] Average on 10 runs - GPU latency: 0.101733 ms - Host latency: 0.101733 ms (enqueue 0.0787354 ms)
[02/25/2026-14:55:06] [I] Average on 10 runs - GPU latency: 0.102222 ms - Host latency: 0.102222 ms (enqueue 0.0788086 ms)
[02/25/2026-14:55:06] [I] Average on 10 runs - GPU latency: 0.101562 ms - Host latency: 0.101562 ms (enqueue 0.0766846 ms)
[02/25/2026-14:55:06] [I] Average on 10 runs - GPU latency: 0.101123 ms - Host latency: 0.101123 ms (enqueue 0.0765869 ms)
[02/25/2026-14:55:06] [I] Average on 10 runs - GPU latency: 0.100977 ms - Host latency: 0.100977 ms (enqueue 0.0785156 ms)
[02/25/2026-14:55:06] [I] Average on 10 runs - GPU latency: 0.101416 ms - Host latency: 0.101416 ms (enqueue 0.0787354 ms)
[02/25/2026-14:55:06] [I] Average on 10 runs - GPU latency: 0.101807 ms - Host latency: 0.101807 ms (enqueue 0.0769287 ms)
[02/25/2026-14:55:06] [I] Average on 10 runs - GPU latency: 0.101758 ms - Host latency: 0.101758 ms (enqueue 0.0795654 ms)
[02/25/2026-14:55:06] [I] Average on 10 runs - GPU latency: 0.101367 ms - Host latency: 0.101367 ms (enqueue 0.0799561 ms)
[02/25/2026-14:55:06] [I] Average on 10 runs - GPU latency: 0.100903 ms - Host latency: 0.100903 ms (enqueue 0.07854 ms)
[02/25/2026-14:55:06] [I] Average on 10 runs - GPU latency: 0.100781 ms - Host latency: 0.100781 ms (enqueue 0.0786133 ms)
[02/25/2026-14:55:06] [I] Average on 10 runs - GPU latency: 0.102295 ms - Host latency: 0.102295 ms (enqueue 0.0775146 ms)
[02/25/2026-14:55:06] [I] Average on 10 runs - GPU latency: 0.10127 ms - Host latency: 0.10127 ms (enqueue 0.0768311 ms)
[02/25/2026-14:55:06] [I] Average on 10 runs - GPU latency: 0.10083 ms - Host latency: 0.10083 ms (enqueue 0.0799561 ms)
[02/25/2026-14:55:06] [I] Average on 10 runs - GPU latency: 0.101025 ms - Host latency: 0.101025 ms (enqueue 0.0787598 ms)
[02/25/2026-14:55:06] [I] Average on 10 runs - GPU latency: 0.1021 ms - Host latency: 0.1021 ms (enqueue 0.0775879 ms)
[02/25/2026-14:55:06] [I] Average on 10 runs - GPU latency: 0.101978 ms - Host latency: 0.101978 ms (enqueue 0.0764648 ms)
[02/25/2026-14:55:06] [I] Average on 10 runs - GPU latency: 0.101392 ms - Host latency: 0.101392 ms (enqueue 0.080127 ms)
[02/25/2026-14:55:06] [I] Average on 10 runs - GPU latency: 0.101147 ms - Host latency: 0.101147 ms (enqueue 0.0790283 ms)
[02/25/2026-14:55:06] [I] Average on 10 runs - GPU latency: 0.10127 ms - Host latency: 0.10127 ms (enqueue 0.0777832 ms)
[02/25/2026-14:55:06] [I] Average on 10 runs - GPU latency: 0.100366 ms - Host latency: 0.100366 ms (enqueue 0.0781006 ms)
[02/25/2026-14:55:06] [I] Average on 10 runs - GPU latency: 0.102124 ms - Host latency: 0.102124 ms (enqueue 0.0801514 ms)
[02/25/2026-14:55:06] [I] Average on 10 runs - GPU latency: 0.101611 ms - Host latency: 0.101611 ms (enqueue 0.0770264 ms)
[02/25/2026-14:55:06] [I] Average on 10 runs - GPU latency: 0.1021 ms - Host latency: 0.1021 ms (enqueue 0.0785645 ms)
[02/25/2026-14:55:06] [I] Average on 10 runs - GPU latency: 0.101025 ms - Host latency: 0.101025 ms (enqueue 0.0779785 ms)
[02/25/2026-14:55:06] [I] Average on 10 runs - GPU latency: 0.101685 ms - Host latency: 0.101685 ms (enqueue 0.0775146 ms)
[02/25/2026-14:55:06] [I] Average on 10 runs - GPU latency: 0.102075 ms - Host latency: 0.102075 ms (enqueue 0.0774658 ms)
[02/25/2026-14:55:06] [I] Average on 10 runs - GPU latency: 0.101807 ms - Host latency: 0.101807 ms (enqueue 0.0780762 ms)
[02/25/2026-14:55:06] [I] Average on 10 runs - GPU latency: 0.100952 ms - Host latency: 0.100952 ms (enqueue 0.0791992 ms)
[02/25/2026-14:55:06] [I] Average on 10 runs - GPU latency: 0.101929 ms - Host latency: 0.101929 ms (enqueue 0.0768799 ms)
[02/25/2026-14:55:06] [I] Average on 10 runs - GPU latency: 0.10127 ms - Host latency: 0.10127 ms (enqueue 0.0780762 ms)
[02/25/2026-14:55:06] [I] Average on 10 runs - GPU latency: 0.101538 ms - Host latency: 0.101538 ms (enqueue 0.077002 ms)
[02/25/2026-14:55:06] [I] Average on 10 runs - GPU latency: 0.102197 ms - Host latency: 0.102197 ms (enqueue 0.0815918 ms)
[02/25/2026-14:55:06] [I] Average on 10 runs - GPU latency: 0.102002 ms - Host latency: 0.102002 ms (enqueue 0.0794678 ms)
[02/25/2026-14:55:06] [I] Average on 10 runs - GPU latency: 0.1021 ms - Host latency: 0.1021 ms (enqueue 0.0773437 ms)
[02/25/2026-14:55:06] [I] Average on 10 runs - GPU latency: 0.102222 ms - Host latency: 0.102222 ms (enqueue 0.0795898 ms)
[02/25/2026-14:55:06] [I] Average on 10 runs - GPU latency: 0.102026 ms - Host latency: 0.102026 ms (enqueue 0.077124 ms)
[02/25/2026-14:55:06] [I] Average on 10 runs - GPU latency: 0.102026 ms - Host latency: 0.102026 ms (enqueue 0.0769531 ms)
[02/25/2026-14:55:06] [I] Average on 10 runs - GPU latency: 0.101343 ms - Host latency: 0.101343 ms (enqueue 0.0770508 ms)
[02/25/2026-14:55:06] [I] Average on 10 runs - GPU latency: 0.101416 ms - Host latency: 0.101416 ms (enqueue 0.0794189 ms)
[02/25/2026-14:55:06] [I] Average on 10 runs - GPU latency: 0.101807 ms - Host latency: 0.101807 ms (enqueue 0.0812256 ms)
[02/25/2026-14:55:06] [I] Average on 10 runs - GPU latency: 0.101782 ms - Host latency: 0.101782 ms (enqueue 0.0759033 ms)
[02/25/2026-14:55:06] [I] Average on 10 runs - GPU latency: 0.101831 ms - Host latency: 0.101831 ms (enqueue 0.0790527 ms)
[02/25/2026-14:55:06] [I] Average on 10 runs - GPU latency: 0.100757 ms - Host latency: 0.100757 ms (enqueue 0.0793945 ms)
[02/25/2026-14:55:06] [I] Average on 10 runs - GPU latency: 0.101367 ms - Host latency: 0.101367 ms (enqueue 0.080127 ms)
[02/25/2026-14:55:06] [I] Average on 10 runs - GPU latency: 0.101489 ms - Host latency: 0.101489 ms (enqueue 0.0786621 ms)
[02/25/2026-14:55:06] [I] Average on 10 runs - GPU latency: 0.101245 ms - Host latency: 0.101245 ms (enqueue 0.0786865 ms)
[02/25/2026-14:55:06] [I] Average on 10 runs - GPU latency: 0.10166 ms - Host latency: 0.10166 ms (enqueue 0.0782471 ms)
[02/25/2026-14:55:06] [I] Average on 10 runs - GPU latency: 0.101392 ms - Host latency: 0.101392 ms (enqueue 0.0792969 ms)
[02/25/2026-14:55:06] [I] Average on 10 runs - GPU latency: 0.101538 ms - Host latency: 0.101538 ms (enqueue 0.0782471 ms)
[02/25/2026-14:55:06] [I] Average on 10 runs - GPU latency: 0.101685 ms - Host latency: 0.101685 ms (enqueue 0.0778809 ms)
[02/25/2026-14:55:06] [I] Average on 10 runs - GPU latency: 0.101196 ms - Host latency: 0.101196 ms (enqueue 0.0802002 ms)
[02/25/2026-14:55:06] [I] Average on 10 runs - GPU latency: 0.10188 ms - Host latency: 0.10188 ms (enqueue 0.0798096 ms)
[02/25/2026-14:55:06] [I] Average on 10 runs - GPU latency: 0.101855 ms - Host latency: 0.101855 ms (enqueue 0.0774414 ms)
[02/25/2026-14:55:06] [I] Average on 10 runs - GPU latency: 0.102124 ms - Host latency: 0.102124 ms (enqueue 0.0779541 ms)
[02/25/2026-14:55:06] [I] Average on 10 runs - GPU latency: 0.100928 ms - Host latency: 0.100928 ms (enqueue 0.0797607 ms)
[02/25/2026-14:55:06] [I] Average on 10 runs - GPU latency: 0.102637 ms - Host latency: 0.102637 ms (enqueue 0.077417 ms)
[02/25/2026-14:55:06] [I] Average on 10 runs - GPU latency: 0.102368 ms - Host latency: 0.102368 ms (enqueue 0.0768799 ms)
[02/25/2026-14:55:06] [I] Average on 10 runs - GPU latency: 0.101514 ms - Host latency: 0.101514 ms (enqueue 0.0786621 ms)
[02/25/2026-14:55:06] [I] Average on 10 runs - GPU latency: 0.101587 ms - Host latency: 0.101587 ms (enqueue 0.0791504 ms)
[02/25/2026-14:55:06] [I] Average on 10 runs - GPU latency: 0.101343 ms - Host latency: 0.101343 ms (enqueue 0.077124 ms)
[02/25/2026-14:55:06] [I] Average on 10 runs - GPU latency: 0.101685 ms - Host latency: 0.101685 ms (enqueue 0.0769775 ms)
[02/25/2026-14:55:06] [I] Average on 10 runs - GPU latency: 0.101416 ms - Host latency: 0.101416 ms (enqueue 0.0781494 ms)
[02/25/2026-14:55:06] [I] Average on 10 runs - GPU latency: 0.100977 ms - Host latency: 0.100977 ms (enqueue 0.0790039 ms)
[02/25/2026-14:55:06] [I] Average on 10 runs - GPU latency: 0.100903 ms - Host latency: 0.100903 ms (enqueue 0.0788086 ms)
[02/25/2026-14:55:06] [I] Average on 10 runs - GPU latency: 0.102222 ms - Host latency: 0.102222 ms (enqueue 0.0772949 ms)
[02/25/2026-14:55:06] [I] Average on 10 runs - GPU latency: 0.101855 ms - Host latency: 0.101855 ms (enqueue 0.0770508 ms)
[02/25/2026-14:55:06] [I] Average on 10 runs - GPU latency: 0.101392 ms - Host latency: 0.101392 ms (enqueue 0.0794922 ms)
[02/25/2026-14:55:06] [I] Average on 10 runs - GPU latency: 0.101343 ms - Host latency: 0.101343 ms (enqueue 0.0782471 ms)
[02/25/2026-14:55:06] [I] Average on 10 runs - GPU latency: 0.103052 ms - Host latency: 0.103052 ms (enqueue 0.0776611 ms)
[02/25/2026-14:55:06] [I] Average on 10 runs - GPU latency: 0.100928 ms - Host latency: 0.100928 ms (enqueue 0.0775146 ms)
[02/25/2026-14:55:06] [I] Average on 10 runs - GPU latency: 0.100732 ms - Host latency: 0.100732 ms (enqueue 0.0808594 ms)
[02/25/2026-14:55:06] [I] Average on 10 runs - GPU latency: 0.101611 ms - Host latency: 0.101611 ms (enqueue 0.0777588 ms)
[02/25/2026-14:55:06] [I] Average on 10 runs - GPU latency: 0.101172 ms - Host latency: 0.101172 ms (enqueue 0.0760254 ms)
[02/25/2026-14:55:06] [I] Average on 10 runs - GPU latency: 0.102515 ms - Host latency: 0.102515 ms (enqueue 0.0776855 ms)
[02/25/2026-14:55:06] [I] Average on 10 runs - GPU latency: 0.101221 ms - Host latency: 0.101221 ms (enqueue 0.0805664 ms)
[02/25/2026-14:55:06] [I] Average on 10 runs - GPU latency: 0.101123 ms - Host latency: 0.101123 ms (enqueue 0.0758545 ms)
[02/25/2026-14:55:06] [I] Average on 10 runs - GPU latency: 0.101025 ms - Host latency: 0.101025 ms (enqueue 0.0772949 ms)
[02/25/2026-14:55:06] [I] Average on 10 runs - GPU latency: 0.10144 ms - Host latency: 0.10144 ms (enqueue 0.0771729 ms)
[02/25/2026-14:55:06] [I] Average on 10 runs - GPU latency: 0.101318 ms - Host latency: 0.101318 ms (enqueue 0.0795654 ms)
[02/25/2026-14:55:06] [I] Average on 10 runs - GPU latency: 0.101709 ms - Host latency: 0.101709 ms (enqueue 0.077417 ms)
[02/25/2026-14:55:06] [I] Average on 10 runs - GPU latency: 0.100928 ms - Host latency: 0.100928 ms (enqueue 0.0774414 ms)
[02/25/2026-14:55:06] [I] Average on 10 runs - GPU latency: 0.101831 ms - Host latency: 0.101831 ms (enqueue 0.0767578 ms)
[02/25/2026-14:55:06] [I] Average on 10 runs - GPU latency: 0.101855 ms - Host latency: 0.101855 ms (enqueue 0.0785156 ms)
[02/25/2026-14:55:06] [I] Average on 10 runs - GPU latency: 0.101904 ms - Host latency: 0.101904 ms (enqueue 0.0766113 ms)
[02/25/2026-14:55:06] [I] Average on 10 runs - GPU latency: 0.102393 ms - Host latency: 0.102393 ms (enqueue 0.077417 ms)
[02/25/2026-14:55:06] [I] Average on 10 runs - GPU latency: 0.101782 ms - Host latency: 0.101782 ms (enqueue 0.0794434 ms)
[02/25/2026-14:55:06] [I] Average on 10 runs - GPU latency: 0.10105 ms - Host latency: 0.10105 ms (enqueue 0.0771484 ms)
[02/25/2026-14:55:06] [I] Average on 10 runs - GPU latency: 0.101221 ms - Host latency: 0.101221 ms (enqueue 0.0778076 ms)
[02/25/2026-14:55:06] [I] Average on 10 runs - GPU latency: 0.101489 ms - Host latency: 0.101489 ms (enqueue 0.078125 ms)
[02/25/2026-14:55:06] [I] Average on 10 runs - GPU latency: 0.101489 ms - Host latency: 0.101489 ms (enqueue 0.080957 ms)
[02/25/2026-14:55:06] [I] Average on 10 runs - GPU latency: 0.10144 ms - Host latency: 0.10144 ms (enqueue 0.0785156 ms)
[02/25/2026-14:55:06] [I] Average on 10 runs - GPU latency: 0.101733 ms - Host latency: 0.101733 ms (enqueue 0.0776123 ms)
[02/25/2026-14:55:06] [I] Average on 10 runs - GPU latency: 0.10249 ms - Host latency: 0.10249 ms (enqueue 0.0774414 ms)
[02/25/2026-14:55:06] [I] Average on 10 runs - GPU latency: 0.101294 ms - Host latency: 0.101294 ms (enqueue 0.0810303 ms)
[02/25/2026-14:55:06] [I] Average on 10 runs - GPU latency: 0.101636 ms - Host latency: 0.101636 ms (enqueue 0.0765625 ms)
[02/25/2026-14:55:06] [I] Average on 10 runs - GPU latency: 0.103052 ms - Host latency: 0.103052 ms (enqueue 0.0760498 ms)
[02/25/2026-14:55:06] [I] Average on 10 runs - GPU latency: 0.101343 ms - Host latency: 0.101343 ms (enqueue 0.0781494 ms)
[02/25/2026-14:55:06] [I] Average on 10 runs - GPU latency: 0.101196 ms - Host latency: 0.101196 ms (enqueue 0.0797607 ms)
[02/25/2026-14:55:06] [I] Average on 10 runs - GPU latency: 0.100928 ms - Host latency: 0.100928 ms (enqueue 0.0780273 ms)
[02/25/2026-14:55:06] [I] Average on 10 runs - GPU latency: 0.10127 ms - Host latency: 0.10127 ms (enqueue 0.0796143 ms)
[02/25/2026-14:55:06] [I] Average on 10 runs - GPU latency: 0.102026 ms - Host latency: 0.102026 ms (enqueue 0.0781738 ms)
[02/25/2026-14:55:06] [I] Average on 10 runs - GPU latency: 0.102173 ms - Host latency: 0.102173 ms (enqueue 0.0788574 ms)
[02/25/2026-14:55:06] [I] Average on 10 runs - GPU latency: 0.101758 ms - Host latency: 0.101758 ms (enqueue 0.0769531 ms)
[02/25/2026-14:55:06] [I] Average on 10 runs - GPU latency: 0.101196 ms - Host latency: 0.101196 ms (enqueue 0.0781494 ms)
[02/25/2026-14:55:06] [I] Average on 10 runs - GPU latency: 0.101831 ms - Host latency: 0.101831 ms (enqueue 0.0784668 ms)
[02/25/2026-14:55:06] [I] Average on 10 runs - GPU latency: 0.101343 ms - Host latency: 0.101343 ms (enqueue 0.0802002 ms)
[02/25/2026-14:55:06] [I] Average on 10 runs - GPU latency: 0.101025 ms - Host latency: 0.101025 ms (enqueue 0.0780518 ms)
[02/25/2026-14:55:06] [I] Average on 10 runs - GPU latency: 0.101465 ms - Host latency: 0.101465 ms (enqueue 0.0777344 ms)
[02/25/2026-14:55:06] [I] Average on 10 runs - GPU latency: 0.101929 ms - Host latency: 0.101929 ms (enqueue 0.077002 ms)
[02/25/2026-14:55:06] [I] Average on 10 runs - GPU latency: 0.101245 ms - Host latency: 0.101245 ms (enqueue 0.0797119 ms)
[02/25/2026-14:55:06] [I] Average on 10 runs - GPU latency: 0.10166 ms - Host latency: 0.10166 ms (enqueue 0.0790527 ms)
[02/25/2026-14:55:06] [I] Average on 10 runs - GPU latency: 0.101514 ms - Host latency: 0.101514 ms (enqueue 0.0779297 ms)
[02/25/2026-14:55:06] [I] Average on 10 runs - GPU latency: 0.101025 ms - Host latency: 0.101025 ms (enqueue 0.0790527 ms)
[02/25/2026-14:55:06] [I] Average on 10 runs - GPU latency: 0.102368 ms - Host latency: 0.102368 ms (enqueue 0.0765381 ms)
[02/25/2026-14:55:06] [I] Average on 10 runs - GPU latency: 0.101587 ms - Host latency: 0.101587 ms (enqueue 0.078418 ms)
[02/25/2026-14:55:06] [I] Average on 10 runs - GPU latency: 0.102197 ms - Host latency: 0.102197 ms (enqueue 0.075293 ms)
[02/25/2026-14:55:06] [I] Average on 10 runs - GPU latency: 0.101172 ms - Host latency: 0.101172 ms (enqueue 0.078833 ms)
[02/25/2026-14:55:06] [I] Average on 10 runs - GPU latency: 0.101001 ms - Host latency: 0.101001 ms (enqueue 0.0787598 ms)
[02/25/2026-14:55:06] [I] Average on 10 runs - GPU latency: 0.101807 ms - Host latency: 0.101807 ms (enqueue 0.077124 ms)
[02/25/2026-14:55:06] [I] Average on 10 runs - GPU latency: 0.10188 ms - Host latency: 0.10188 ms (enqueue 0.0787109 ms)
[02/25/2026-14:55:06] [I] Average on 10 runs - GPU latency: 0.101294 ms - Host latency: 0.101294 ms (enqueue 0.0782227 ms)
[02/25/2026-14:55:06] [I] Average on 10 runs - GPU latency: 0.10144 ms - Host latency: 0.10144 ms (enqueue 0.0766602 ms)
[02/25/2026-14:55:06] [I] Average on 10 runs - GPU latency: 0.102441 ms - Host latency: 0.102441 ms (enqueue 0.0782715 ms)
[02/25/2026-14:55:06] [I] Average on 10 runs - GPU latency: 0.101514 ms - Host latency: 0.101514 ms (enqueue 0.0780029 ms)
[02/25/2026-14:55:06] [I] Average on 10 runs - GPU latency: 0.101099 ms - Host latency: 0.101099 ms (enqueue 0.0794434 ms)
[02/25/2026-14:55:06] [I] Average on 10 runs - GPU latency: 0.101562 ms - Host latency: 0.101562 ms (enqueue 0.0776855 ms)
[02/25/2026-14:55:06] [I] Average on 10 runs - GPU latency: 0.101758 ms - Host latency: 0.101758 ms (enqueue 0.0786865 ms)
[02/25/2026-14:55:06] [I] Average on 10 runs - GPU latency: 0.101758 ms - Host latency: 0.101758 ms (enqueue 0.0775146 ms)
[02/25/2026-14:55:06] [I] Average on 10 runs - GPU latency: 0.102344 ms - Host latency: 0.102344 ms (enqueue 0.0793701 ms)
[02/25/2026-14:55:06] [I] Average on 10 runs - GPU latency: 0.102295 ms - Host latency: 0.102295 ms (enqueue 0.0779541 ms)
[02/25/2026-14:55:06] [I] Average on 10 runs - GPU latency: 0.101367 ms - Host latency: 0.101367 ms (enqueue 0.0773437 ms)
[02/25/2026-14:55:06] [I] Average on 10 runs - GPU latency: 0.101123 ms - Host latency: 0.101123 ms (enqueue 0.0757324 ms)
[02/25/2026-14:55:06] [I] Average on 10 runs - GPU latency: 0.102002 ms - Host latency: 0.102002 ms (enqueue 0.0793457 ms)
[02/25/2026-14:55:06] [I] Average on 10 runs - GPU latency: 0.102197 ms - Host latency: 0.102197 ms (enqueue 0.0788818 ms)
[02/25/2026-14:55:06] [I] Average on 10 runs - GPU latency: 0.102783 ms - Host latency: 0.102783 ms (enqueue 0.076416 ms)
[02/25/2026-14:55:06] [I] Average on 10 runs - GPU latency: 0.102686 ms - Host latency: 0.102686 ms (enqueue 0.0793457 ms)
[02/25/2026-14:55:06] [I] Average on 10 runs - GPU latency: 0.101636 ms - Host latency: 0.101636 ms (enqueue 0.0786377 ms)
[02/25/2026-14:55:06] [I] Average on 10 runs - GPU latency: 0.1021 ms - Host latency: 0.1021 ms (enqueue 0.0789063 ms)
[02/25/2026-14:55:06] [I] Average on 10 runs - GPU latency: 0.101758 ms - Host latency: 0.101758 ms (enqueue 0.078418 ms)
[02/25/2026-14:55:06] [I] Average on 10 runs - GPU latency: 0.101343 ms - Host latency: 0.101343 ms (enqueue 0.080542 ms)
[02/25/2026-14:55:06] [I] Average on 10 runs - GPU latency: 0.101489 ms - Host latency: 0.101489 ms (enqueue 0.0770264 ms)
[02/25/2026-14:55:06] [I] Average on 10 runs - GPU latency: 0.102002 ms - Host latency: 0.102002 ms (enqueue 0.0784912 ms)
[02/25/2026-14:55:06] [I] Average on 10 runs - GPU latency: 0.101001 ms - Host latency: 0.101001 ms (enqueue 0.0770508 ms)
[02/25/2026-14:55:06] [I] Average on 10 runs - GPU latency: 0.100854 ms - Host latency: 0.100854 ms (enqueue 0.0787842 ms)
[02/25/2026-14:55:06] [I] Average on 10 runs - GPU latency: 0.10127 ms - Host latency: 0.10127 ms (enqueue 0.0776611 ms)
[02/25/2026-14:55:06] [I] Average on 10 runs - GPU latency: 0.101733 ms - Host latency: 0.101733 ms (enqueue 0.0793213 ms)
[02/25/2026-14:55:06] [I] Average on 10 runs - GPU latency: 0.101611 ms - Host latency: 0.101611 ms (enqueue 0.0804932 ms)
[02/25/2026-14:55:06] [I] Average on 10 runs - GPU latency: 0.10127 ms - Host latency: 0.10127 ms (enqueue 0.0793213 ms)
[02/25/2026-14:55:06] [I] Average on 10 runs - GPU latency: 0.101294 ms - Host latency: 0.101294 ms (enqueue 0.0766113 ms)
[02/25/2026-14:55:06] [I] Average on 10 runs - GPU latency: 0.101636 ms - Host latency: 0.101636 ms (enqueue 0.0797119 ms)
[02/25/2026-14:55:06] [I] Average on 10 runs - GPU latency: 0.101587 ms - Host latency: 0.101587 ms (enqueue 0.0797119 ms)
[02/25/2026-14:55:06] [I] Average on 10 runs - GPU latency: 0.101245 ms - Host latency: 0.101245 ms (enqueue 0.0790283 ms)
[02/25/2026-14:55:06] [I] Average on 10 runs - GPU latency: 0.100806 ms - Host latency: 0.100806 ms (enqueue 0.0773926 ms)
[02/25/2026-14:55:06] [I] Average on 10 runs - GPU latency: 0.101489 ms - Host latency: 0.101489 ms (enqueue 0.0773193 ms)
[02/25/2026-14:55:06] [I] Average on 10 runs - GPU latency: 0.101562 ms - Host latency: 0.101562 ms (enqueue 0.0799316 ms)
[02/25/2026-14:55:06] [I] Average on 10 runs - GPU latency: 0.101489 ms - Host latency: 0.101489 ms (enqueue 0.0775879 ms)
[02/25/2026-14:55:06] [I] Average on 10 runs - GPU latency: 0.101782 ms - Host latency: 0.101782 ms (enqueue 0.0775391 ms)
[02/25/2026-14:55:06] [I] Average on 10 runs - GPU latency: 0.101636 ms - Host latency: 0.101636 ms (enqueue 0.077832 ms)
[02/25/2026-14:55:06] [I] Average on 10 runs - GPU latency: 0.101611 ms - Host latency: 0.101611 ms (enqueue 0.0781494 ms)
[02/25/2026-14:55:06] [I] Average on 10 runs - GPU latency: 0.101587 ms - Host latency: 0.101587 ms (enqueue 0.0781494 ms)
[02/25/2026-14:55:06] [I] Average on 10 runs - GPU latency: 0.101953 ms - Host latency: 0.101953 ms (enqueue 0.0788574 ms)
[02/25/2026-14:55:06] [I] Average on 10 runs - GPU latency: 0.102197 ms - Host latency: 0.102197 ms (enqueue 0.0766357 ms)
[02/25/2026-14:55:06] [I] Average on 10 runs - GPU latency: 0.101392 ms - Host latency: 0.101392 ms (enqueue 0.0775146 ms)
[02/25/2026-14:55:06] [I] Average on 10 runs - GPU latency: 0.101782 ms - Host latency: 0.101782 ms (enqueue 0.0791016 ms)
[02/25/2026-14:55:06] [I] Average on 10 runs - GPU latency: 0.101514 ms - Host latency: 0.101514 ms (enqueue 0.0780029 ms)
[02/25/2026-14:55:06] [I] Average on 10 runs - GPU latency: 0.101147 ms - Host latency: 0.101147 ms (enqueue 0.0758545 ms)
[02/25/2026-14:55:06] [I] Average on 10 runs - GPU latency: 0.10127 ms - Host latency: 0.10127 ms (enqueue 0.0794434 ms)
[02/25/2026-14:55:06] [I] Average on 10 runs - GPU latency: 0.100977 ms - Host latency: 0.100977 ms (enqueue 0.0793213 ms)
[02/25/2026-14:55:06] [I] Average on 10 runs - GPU latency: 0.10127 ms - Host latency: 0.10127 ms (enqueue 0.0761963 ms)
[02/25/2026-14:55:06] [I] Average on 10 runs - GPU latency: 0.101416 ms - Host latency: 0.101416 ms (enqueue 0.0796143 ms)
[02/25/2026-14:55:06] [I] Average on 10 runs - GPU latency: 0.101343 ms - Host latency: 0.101343 ms (enqueue 0.0792969 ms)
[02/25/2026-14:55:06] [I] Average on 10 runs - GPU latency: 0.101636 ms - Host latency: 0.101636 ms (enqueue 0.0756104 ms)
[02/25/2026-14:55:06] [I] Average on 10 runs - GPU latency: 0.101392 ms - Host latency: 0.101392 ms (enqueue 0.0780762 ms)
[02/25/2026-14:55:06] [I] Average on 10 runs - GPU latency: 0.101392 ms - Host latency: 0.101392 ms (enqueue 0.0809326 ms)
[02/25/2026-14:55:06] [I] Average on 10 runs - GPU latency: 0.102368 ms - Host latency: 0.102368 ms (enqueue 0.0796631 ms)
[02/25/2026-14:55:06] [I] Average on 10 runs - GPU latency: 0.101465 ms - Host latency: 0.101465 ms (enqueue 0.0781006 ms)
[02/25/2026-14:55:06] [I] Average on 10 runs - GPU latency: 0.101392 ms - Host latency: 0.101392 ms (enqueue 0.0802246 ms)
[02/25/2026-14:55:06] [I] Average on 10 runs - GPU latency: 0.100928 ms - Host latency: 0.100928 ms (enqueue 0.076416 ms)
[02/25/2026-14:55:06] [I] Average on 10 runs - GPU latency: 0.102246 ms - Host latency: 0.102246 ms (enqueue 0.0789063 ms)
[02/25/2026-14:55:06] [I] Average on 10 runs - GPU latency: 0.100952 ms - Host latency: 0.100952 ms (enqueue 0.0803467 ms)
[02/25/2026-14:55:06] [I] Average on 10 runs - GPU latency: 0.100708 ms - Host latency: 0.100708 ms (enqueue 0.0769287 ms)
[02/25/2026-14:55:06] [I] Average on 10 runs - GPU latency: 0.100488 ms - Host latency: 0.100488 ms (enqueue 0.0785645 ms)
[02/25/2026-14:55:06] [I] Average on 10 runs - GPU latency: 0.102075 ms - Host latency: 0.102075 ms (enqueue 0.0810059 ms)
[02/25/2026-14:55:06] [I] Average on 10 runs - GPU latency: 0.10127 ms - Host latency: 0.10127 ms (enqueue 0.0813477 ms)
[02/25/2026-14:55:06] [I] Average on 10 runs - GPU latency: 0.100684 ms - Host latency: 0.100684 ms (enqueue 0.0777588 ms)
[02/25/2026-14:55:06] [I] Average on 10 runs - GPU latency: 0.10144 ms - Host latency: 0.10144 ms (enqueue 0.0772949 ms)
[02/25/2026-14:55:06] [I] Average on 10 runs - GPU latency: 0.101611 ms - Host latency: 0.101611 ms (enqueue 0.0794678 ms)
[02/25/2026-14:55:06] [I] Average on 10 runs - GPU latency: 0.100708 ms - Host latency: 0.100708 ms (enqueue 0.0785156 ms)
[02/25/2026-14:55:06] [I] Average on 10 runs - GPU latency: 0.10127 ms - Host latency: 0.10127 ms (enqueue 0.0771484 ms)
[02/25/2026-14:55:06] [I] Average on 10 runs - GPU latency: 0.100879 ms - Host latency: 0.100879 ms (enqueue 0.0773926 ms)
[02/25/2026-14:55:06] [I] Average on 10 runs - GPU latency: 0.100903 ms - Host latency: 0.100903 ms (enqueue 0.081958 ms)
[02/25/2026-14:55:06] [I] Average on 10 runs - GPU latency: 0.102051 ms - Host latency: 0.102051 ms (enqueue 0.078125 ms)
[02/25/2026-14:55:06] [I] Average on 10 runs - GPU latency: 0.10061 ms - Host latency: 0.10061 ms (enqueue 0.0788086 ms)
[02/25/2026-14:55:06] [I] Average on 10 runs - GPU latency: 0.101929 ms - Host latency: 0.101929 ms (enqueue 0.0798096 ms)
[02/25/2026-14:55:06] [I] Average on 10 runs - GPU latency: 0.10083 ms - Host latency: 0.10083 ms (enqueue 0.0784912 ms)
[02/25/2026-14:55:06] [I] Average on 10 runs - GPU latency: 0.101929 ms - Host latency: 0.101929 ms (enqueue 0.0796631 ms)
[02/25/2026-14:55:06] [I] Average on 10 runs - GPU latency: 0.101025 ms - Host latency: 0.101025 ms (enqueue 0.0787109 ms)
[02/25/2026-14:55:06] [I] Average on 10 runs - GPU latency: 0.100952 ms - Host latency: 0.100952 ms (enqueue 0.0788086 ms)
[02/25/2026-14:55:06] [I] Average on 10 runs - GPU latency: 0.101636 ms - Host latency: 0.101636 ms (enqueue 0.0813477 ms)
[02/25/2026-14:55:06] [I] Average on 10 runs - GPU latency: 0.101001 ms - Host latency: 0.101001 ms (enqueue 0.0792969 ms)
[02/25/2026-14:55:06] [I] Average on 10 runs - GPU latency: 0.101685 ms - Host latency: 0.101685 ms (enqueue 0.0779297 ms)
[02/25/2026-14:55:06] [I] Average on 10 runs - GPU latency: 0.101978 ms - Host latency: 0.101978 ms (enqueue 0.0786621 ms)
[02/25/2026-14:55:06] [I] Average on 10 runs - GPU latency: 0.101196 ms - Host latency: 0.101196 ms (enqueue 0.0780762 ms)
[02/25/2026-14:55:06] [I] Average on 10 runs - GPU latency: 0.102319 ms - Host latency: 0.102319 ms (enqueue 0.0760254 ms)
[02/25/2026-14:55:06] [I] Average on 10 runs - GPU latency: 0.101196 ms - Host latency: 0.101196 ms (enqueue 0.0789551 ms)
[02/25/2026-14:55:06] [I] Average on 10 runs - GPU latency: 0.101099 ms - Host latency: 0.101099 ms (enqueue 0.0797607 ms)
[02/25/2026-14:55:06] [I] Average on 10 runs - GPU latency: 0.10249 ms - Host latency: 0.10249 ms (enqueue 0.0775391 ms)
[02/25/2026-14:55:06] [I] Average on 10 runs - GPU latency: 0.101733 ms - Host latency: 0.101733 ms (enqueue 0.0764893 ms)
[02/25/2026-14:55:06] [I] Average on 10 runs - GPU latency: 0.101733 ms - Host latency: 0.101733 ms (enqueue 0.0792236 ms)
[02/25/2026-14:55:06] [I] Average on 10 runs - GPU latency: 0.101172 ms - Host latency: 0.101172 ms (enqueue 0.07854 ms)
[02/25/2026-14:55:06] [I] Average on 10 runs - GPU latency: 0.102539 ms - Host latency: 0.102539 ms (enqueue 0.0792725 ms)
[02/25/2026-14:55:06] [I] Average on 10 runs - GPU latency: 0.100928 ms - Host latency: 0.100928 ms (enqueue 0.0788574 ms)
[02/25/2026-14:55:06] [I] Average on 10 runs - GPU latency: 0.101782 ms - Host latency: 0.101782 ms (enqueue 0.0762939 ms)
[02/25/2026-14:55:06] [I] Average on 10 runs - GPU latency: 0.1021 ms - Host latency: 0.1021 ms (enqueue 0.0772949 ms)
[02/25/2026-14:55:06] [I] Average on 10 runs - GPU latency: 0.101636 ms - Host latency: 0.101636 ms (enqueue 0.0768555 ms)
[02/25/2026-14:55:06] [I] Average on 10 runs - GPU latency: 0.102026 ms - Host latency: 0.102026 ms (enqueue 0.0787598 ms)
[02/25/2026-14:55:06] [I] Average on 10 runs - GPU latency: 0.100439 ms - Host latency: 0.100439 ms (enqueue 0.0803711 ms)
[02/25/2026-14:55:06] [I] Average on 10 runs - GPU latency: 0.101001 ms - Host latency: 0.101001 ms (enqueue 0.0770996 ms)
[02/25/2026-14:55:06] [I] Average on 10 runs - GPU latency: 0.100903 ms - Host latency: 0.100903 ms (enqueue 0.0777588 ms)
[02/25/2026-14:55:06] [I] Average on 10 runs - GPU latency: 0.101733 ms - Host latency: 0.101733 ms (enqueue 0.0776367 ms)
[02/25/2026-14:55:06] [I] Average on 10 runs - GPU latency: 0.100977 ms - Host latency: 0.100977 ms (enqueue 0.0792236 ms)
[02/25/2026-14:55:06] [I] Average on 10 runs - GPU latency: 0.101514 ms - Host latency: 0.101514 ms (enqueue 0.0792725 ms)
[02/25/2026-14:55:06] [I] Average on 10 runs - GPU latency: 0.10188 ms - Host latency: 0.10188 ms (enqueue 0.0759766 ms)
[02/25/2026-14:55:06] [I] Average on 10 runs - GPU latency: 0.101294 ms - Host latency: 0.101294 ms (enqueue 0.0799072 ms)
[02/25/2026-14:55:06] [I] Average on 10 runs - GPU latency: 0.102637 ms - Host latency: 0.102637 ms (enqueue 0.0775879 ms)
[02/25/2026-14:55:06] [I] Average on 10 runs - GPU latency: 0.101294 ms - Host latency: 0.101294 ms (enqueue 0.0763428 ms)
[02/25/2026-14:55:06] [I] Average on 10 runs - GPU latency: 0.101294 ms - Host latency: 0.101294 ms (enqueue 0.0787354 ms)
[02/25/2026-14:55:06] [I] Average on 10 runs - GPU latency: 0.102026 ms - Host latency: 0.102026 ms (enqueue 0.0765869 ms)
[02/25/2026-14:55:06] [I] Average on 10 runs - GPU latency: 0.102124 ms - Host latency: 0.102124 ms (enqueue 0.079248 ms)
[02/25/2026-14:55:06] [I] Average on 10 runs - GPU latency: 0.101392 ms - Host latency: 0.101392 ms (enqueue 0.0804932 ms)
[02/25/2026-14:55:06] [I] Average on 10 runs - GPU latency: 0.101392 ms - Host latency: 0.101392 ms (enqueue 0.0772949 ms)
[02/25/2026-14:55:06] [I] Average on 10 runs - GPU latency: 0.101392 ms - Host latency: 0.101392 ms (enqueue 0.0772217 ms)
[02/25/2026-14:55:06] [I] Average on 10 runs - GPU latency: 0.101416 ms - Host latency: 0.101416 ms (enqueue 0.0783936 ms)
[02/25/2026-14:55:06] [I] Average on 10 runs - GPU latency: 0.101147 ms - Host latency: 0.101147 ms (enqueue 0.0776367 ms)
[02/25/2026-14:55:06] [I] Average on 10 runs - GPU latency: 0.101514 ms - Host latency: 0.101514 ms (enqueue 0.0802734 ms)
[02/25/2026-14:55:06] [I] Average on 10 runs - GPU latency: 0.100952 ms - Host latency: 0.100952 ms (enqueue 0.0814453 ms)
[02/25/2026-14:55:06] [I] Average on 10 runs - GPU latency: 0.101953 ms - Host latency: 0.101953 ms (enqueue 0.0758057 ms)
[02/25/2026-14:55:06] [I] Average on 10 runs - GPU latency: 0.101465 ms - Host latency: 0.101465 ms (enqueue 0.080835 ms)
[02/25/2026-14:55:06] [I] Average on 10 runs - GPU latency: 0.102075 ms - Host latency: 0.102075 ms (enqueue 0.0784912 ms)
[02/25/2026-14:55:06] [I] Average on 10 runs - GPU latency: 0.101807 ms - Host latency: 0.101807 ms (enqueue 0.0790039 ms)
[02/25/2026-14:55:06] [I] Average on 10 runs - GPU latency: 0.102319 ms - Host latency: 0.102319 ms (enqueue 0.0813965 ms)
[02/25/2026-14:55:06] [I] Average on 10 runs - GPU latency: 0.100928 ms - Host latency: 0.100928 ms (enqueue 0.0778809 ms)
[02/25/2026-14:55:06] [I] Average on 10 runs - GPU latency: 0.101099 ms - Host latency: 0.101099 ms (enqueue 0.0774902 ms)
[02/25/2026-14:55:06] [I] Average on 10 runs - GPU latency: 0.101172 ms - Host latency: 0.101172 ms (enqueue 0.0804932 ms)
[02/25/2026-14:55:06] [I] Average on 10 runs - GPU latency: 0.100757 ms - Host latency: 0.100757 ms (enqueue 0.0797852 ms)
[02/25/2026-14:55:06] [I] Average on 10 runs - GPU latency: 0.101831 ms - Host latency: 0.101831 ms (enqueue 0.0787842 ms)
[02/25/2026-14:55:06] [I] Average on 10 runs - GPU latency: 0.101489 ms - Host latency: 0.101489 ms (enqueue 0.0789551 ms)
[02/25/2026-14:55:06] [I] Average on 10 runs - GPU latency: 0.101172 ms - Host latency: 0.101172 ms (enqueue 0.0785156 ms)
[02/25/2026-14:55:06] [I] Average on 10 runs - GPU latency: 0.101074 ms - Host latency: 0.101074 ms (enqueue 0.077832 ms)
[02/25/2026-14:55:06] [I] Average on 10 runs - GPU latency: 0.102344 ms - Host latency: 0.102344 ms (enqueue 0.0782959 ms)
[02/25/2026-14:55:06] [I] Average on 10 runs - GPU latency: 0.101685 ms - Host latency: 0.101685 ms (enqueue 0.0778564 ms)
[02/25/2026-14:55:06] [I] Average on 10 runs - GPU latency: 0.100757 ms - Host latency: 0.100757 ms (enqueue 0.0792969 ms)
[02/25/2026-14:55:06] [I] Average on 10 runs - GPU latency: 0.101562 ms - Host latency: 0.101562 ms (enqueue 0.077002 ms)
[02/25/2026-14:55:06] [I] Average on 10 runs - GPU latency: 0.1021 ms - Host latency: 0.1021 ms (enqueue 0.0765869 ms)
[02/25/2026-14:55:06] [I] Average on 10 runs - GPU latency: 0.102393 ms - Host latency: 0.102393 ms (enqueue 0.078125 ms)
[02/25/2026-14:55:06] [I] Average on 10 runs - GPU latency: 0.101587 ms - Host latency: 0.101587 ms (enqueue 0.080957 ms)
[02/25/2026-14:55:06] [I] Average on 10 runs - GPU latency: 0.102002 ms - Host latency: 0.102002 ms (enqueue 0.0755859 ms)
[02/25/2026-14:55:06] [I] Average on 10 runs - GPU latency: 0.101343 ms - Host latency: 0.101343 ms (enqueue 0.0806396 ms)
[02/25/2026-14:55:06] [I] Average on 10 runs - GPU latency: 0.102124 ms - Host latency: 0.102124 ms (enqueue 0.0770752 ms)
[02/25/2026-14:55:06] [I] Average on 10 runs - GPU latency: 0.101489 ms - Host latency: 0.101489 ms (enqueue 0.0799805 ms)
[02/25/2026-14:55:06] [I] Average on 10 runs - GPU latency: 0.100903 ms - Host latency: 0.100903 ms (enqueue 0.0801514 ms)
[02/25/2026-14:55:06] [I] Average on 10 runs - GPU latency: 0.100952 ms - Host latency: 0.100952 ms (enqueue 0.0775146 ms)
[02/25/2026-14:55:06] [I] Average on 10 runs - GPU latency: 0.10105 ms - Host latency: 0.10105 ms (enqueue 0.0770264 ms)
[02/25/2026-14:55:06] [I] Average on 10 runs - GPU latency: 0.101538 ms - Host latency: 0.101538 ms (enqueue 0.0797852 ms)
[02/25/2026-14:55:06] [I] Average on 10 runs - GPU latency: 0.100977 ms - Host latency: 0.100977 ms (enqueue 0.0766113 ms)
[02/25/2026-14:55:06] [I] Average on 10 runs - GPU latency: 0.102173 ms - Host latency: 0.102173 ms (enqueue 0.0787109 ms)
[02/25/2026-14:55:06] [I] Average on 10 runs - GPU latency: 0.100952 ms - Host latency: 0.100952 ms (enqueue 0.0773926 ms)
[02/25/2026-14:55:06] [I] Average on 10 runs - GPU latency: 0.100952 ms - Host latency: 0.100952 ms (enqueue 0.0786621 ms)
[02/25/2026-14:55:06] [I] Average on 10 runs - GPU latency: 0.101709 ms - Host latency: 0.101709 ms (enqueue 0.0780762 ms)
[02/25/2026-14:55:06] [I] Average on 10 runs - GPU latency: 0.100928 ms - Host latency: 0.100928 ms (enqueue 0.0753662 ms)
[02/25/2026-14:55:06] [I] Average on 10 runs - GPU latency: 0.101929 ms - Host latency: 0.101929 ms (enqueue 0.077002 ms)
[02/25/2026-14:55:06] [I] Average on 10 runs - GPU latency: 0.101562 ms - Host latency: 0.101562 ms (enqueue 0.0806641 ms)
[02/25/2026-14:55:06] [I] Average on 10 runs - GPU latency: 0.101587 ms - Host latency: 0.101587 ms (enqueue 0.0777832 ms)
[02/25/2026-14:55:06] [I] Average on 10 runs - GPU latency: 0.101489 ms - Host latency: 0.101489 ms (enqueue 0.0768311 ms)
[02/25/2026-14:55:06] [I] Average on 10 runs - GPU latency: 0.101074 ms - Host latency: 0.101074 ms (enqueue 0.0789551 ms)
[02/25/2026-14:55:06] [I] Average on 10 runs - GPU latency: 0.100879 ms - Host latency: 0.100879 ms (enqueue 0.0753662 ms)
[02/25/2026-14:55:06] [I] Average on 10 runs - GPU latency: 0.10166 ms - Host latency: 0.10166 ms (enqueue 0.0793945 ms)
[02/25/2026-14:55:06] [I] Average on 10 runs - GPU latency: 0.100928 ms - Host latency: 0.100928 ms (enqueue 0.0786865 ms)
[02/25/2026-14:55:06] [I] Average on 10 runs - GPU latency: 0.101758 ms - Host latency: 0.101758 ms (enqueue 0.0808838 ms)
[02/25/2026-14:55:06] [I] Average on 10 runs - GPU latency: 0.101904 ms - Host latency: 0.101904 ms (enqueue 0.0775879 ms)
[02/25/2026-14:55:06] [I] Average on 10 runs - GPU latency: 0.102124 ms - Host latency: 0.102124 ms (enqueue 0.0776611 ms)
[02/25/2026-14:55:06] [I] Average on 10 runs - GPU latency: 0.10188 ms - Host latency: 0.10188 ms (enqueue 0.0766357 ms)
[02/25/2026-14:55:06] [I] Average on 10 runs - GPU latency: 0.101807 ms - Host latency: 0.101807 ms (enqueue 0.0785889 ms)
[02/25/2026-14:55:06] [I] Average on 10 runs - GPU latency: 0.101782 ms - Host latency: 0.101782 ms (enqueue 0.0772705 ms)
[02/25/2026-14:55:06] [I] Average on 10 runs - GPU latency: 0.101587 ms - Host latency: 0.101587 ms (enqueue 0.0760498 ms)
[02/25/2026-14:55:06] [I] Average on 10 runs - GPU latency: 0.101416 ms - Host latency: 0.101416 ms (enqueue 0.0759033 ms)
[02/25/2026-14:55:06] [I] Average on 10 runs - GPU latency: 0.101904 ms - Host latency: 0.101904 ms (enqueue 0.0787842 ms)
[02/25/2026-14:55:06] [I] Average on 10 runs - GPU latency: 0.101392 ms - Host latency: 0.101392 ms (enqueue 0.0779541 ms)
[02/25/2026-14:55:06] [I] Average on 10 runs - GPU latency: 0.100366 ms - Host latency: 0.100366 ms (enqueue 0.0778809 ms)
[02/25/2026-14:55:06] [I] Average on 10 runs - GPU latency: 0.10166 ms - Host latency: 0.10166 ms (enqueue 0.0768066 ms)
[02/25/2026-14:55:06] [I] Average on 10 runs - GPU latency: 0.102148 ms - Host latency: 0.102148 ms (enqueue 0.0792236 ms)
[02/25/2026-14:55:06] [I] Average on 10 runs - GPU latency: 0.10105 ms - Host latency: 0.10105 ms (enqueue 0.0776367 ms)
[02/25/2026-14:55:06] [I] Average on 10 runs - GPU latency: 0.101685 ms - Host latency: 0.101685 ms (enqueue 0.0778076 ms)
[02/25/2026-14:55:06] [I] Average on 10 runs - GPU latency: 0.100464 ms - Host latency: 0.100464 ms (enqueue 0.0783203 ms)
[02/25/2026-14:55:06] [I] Average on 10 runs - GPU latency: 0.101123 ms - Host latency: 0.101123 ms (enqueue 0.0810791 ms)
[02/25/2026-14:55:06] [I] Average on 10 runs - GPU latency: 0.102148 ms - Host latency: 0.102148 ms (enqueue 0.0775635 ms)
[02/25/2026-14:55:06] [I] Average on 10 runs - GPU latency: 0.101636 ms - Host latency: 0.101636 ms (enqueue 0.077124 ms)
[02/25/2026-14:55:06] [I] Average on 10 runs - GPU latency: 0.102393 ms - Host latency: 0.102393 ms (enqueue 0.0769287 ms)
[02/25/2026-14:55:06] [I] Average on 10 runs - GPU latency: 0.101782 ms - Host latency: 0.101782 ms (enqueue 0.0774658 ms)
[02/25/2026-14:55:06] [I] Average on 10 runs - GPU latency: 0.102173 ms - Host latency: 0.102173 ms (enqueue 0.0790771 ms)
[02/25/2026-14:55:06] [I] Average on 10 runs - GPU latency: 0.101196 ms - Host latency: 0.101196 ms (enqueue 0.076001 ms)
[02/25/2026-14:55:06] [I] Average on 10 runs - GPU latency: 0.101782 ms - Host latency: 0.101782 ms (enqueue 0.0778076 ms)
[02/25/2026-14:55:06] [I] Average on 10 runs - GPU latency: 0.102002 ms - Host latency: 0.102002 ms (enqueue 0.0781006 ms)
[02/25/2026-14:55:06] [I] Average on 10 runs - GPU latency: 0.101123 ms - Host latency: 0.101123 ms (enqueue 0.0790283 ms)
[02/25/2026-14:55:06] [I] Average on 10 runs - GPU latency: 0.10105 ms - Host latency: 0.10105 ms (enqueue 0.0778076 ms)
[02/25/2026-14:55:06] [I] Average on 10 runs - GPU latency: 0.102222 ms - Host latency: 0.102222 ms (enqueue 0.0831055 ms)
[02/25/2026-14:55:06] [I] Average on 10 runs - GPU latency: 0.101294 ms - Host latency: 0.101294 ms (enqueue 0.0776123 ms)
[02/25/2026-14:55:06] [I] Average on 10 runs - GPU latency: 0.10083 ms - Host latency: 0.10083 ms (enqueue 0.0796631 ms)
[02/25/2026-14:55:06] [I] Average on 10 runs - GPU latency: 0.101514 ms - Host latency: 0.101514 ms (enqueue 0.0783447 ms)
[02/25/2026-14:55:06] [I] Average on 10 runs - GPU latency: 0.10188 ms - Host latency: 0.10188 ms (enqueue 0.0818359 ms)
[02/25/2026-14:55:06] [I] Average on 10 runs - GPU latency: 0.10188 ms - Host latency: 0.10188 ms (enqueue 0.077002 ms)
[02/25/2026-14:55:06] [I] Average on 10 runs - GPU latency: 0.101855 ms - Host latency: 0.101855 ms (enqueue 0.0783447 ms)
[02/25/2026-14:55:06] [I] Average on 10 runs - GPU latency: 0.101709 ms - Host latency: 0.101709 ms (enqueue 0.0773926 ms)
[02/25/2026-14:55:06] [I] Average on 10 runs - GPU latency: 0.101489 ms - Host latency: 0.101489 ms (enqueue 0.0803711 ms)
[02/25/2026-14:55:06] [I] Average on 10 runs - GPU latency: 0.101538 ms - Host latency: 0.101538 ms (enqueue 0.076123 ms)
[02/25/2026-14:55:06] [I] Average on 10 runs - GPU latency: 0.101831 ms - Host latency: 0.101831 ms (enqueue 0.0786377 ms)
[02/25/2026-14:55:06] [I] Average on 10 runs - GPU latency: 0.101465 ms - Host latency: 0.101465 ms (enqueue 0.0767334 ms)
[02/25/2026-14:55:06] [I] Average on 10 runs - GPU latency: 0.101587 ms - Host latency: 0.101587 ms (enqueue 0.0784912 ms)
[02/25/2026-14:55:06] [I] Average on 10 runs - GPU latency: 0.101196 ms - Host latency: 0.101196 ms (enqueue 0.0766113 ms)
[02/25/2026-14:55:06] [I] Average on 10 runs - GPU latency: 0.101709 ms - Host latency: 0.101709 ms (enqueue 0.07854 ms)
[02/25/2026-14:55:06] [I] Average on 10 runs - GPU latency: 0.101367 ms - Host latency: 0.101367 ms (enqueue 0.0787109 ms)
[02/25/2026-14:55:06] [I] Average on 10 runs - GPU latency: 0.100879 ms - Host latency: 0.100879 ms (enqueue 0.0782959 ms)
[02/25/2026-14:55:06] [I] Average on 10 runs - GPU latency: 0.100977 ms - Host latency: 0.100977 ms (enqueue 0.0780029 ms)
[02/25/2026-14:55:06] [I] Average on 10 runs - GPU latency: 0.102075 ms - Host latency: 0.102075 ms (enqueue 0.07854 ms)
[02/25/2026-14:55:06] [I] Average on 10 runs - GPU latency: 0.101001 ms - Host latency: 0.101001 ms (enqueue 0.0785645 ms)
[02/25/2026-14:55:06] [I] Average on 10 runs - GPU latency: 0.102271 ms - Host latency: 0.102271 ms (enqueue 0.079834 ms)
[02/25/2026-14:55:06] [I] Average on 10 runs - GPU latency: 0.102515 ms - Host latency: 0.102515 ms (enqueue 0.0790039 ms)
[02/25/2026-14:55:06] [I] Average on 10 runs - GPU latency: 0.101758 ms - Host latency: 0.101758 ms (enqueue 0.0774902 ms)
[02/25/2026-14:55:06] [I] Average on 10 runs - GPU latency: 0.101294 ms - Host latency: 0.101294 ms (enqueue 0.0779541 ms)
[02/25/2026-14:55:06] [I] Average on 10 runs - GPU latency: 0.100659 ms - Host latency: 0.100659 ms (enqueue 0.0791016 ms)
[02/25/2026-14:55:06] [I] Average on 10 runs - GPU latency: 0.10188 ms - Host latency: 0.10188 ms (enqueue 0.0788818 ms)
[02/25/2026-14:55:06] [I] Average on 10 runs - GPU latency: 0.100635 ms - Host latency: 0.100635 ms (enqueue 0.0771484 ms)
[02/25/2026-14:55:06] [I] Average on 10 runs - GPU latency: 0.102588 ms - Host latency: 0.102588 ms (enqueue 0.0803711 ms)
[02/25/2026-14:55:06] [I] Average on 10 runs - GPU latency: 0.101343 ms - Host latency: 0.101343 ms (enqueue 0.0789795 ms)
[02/25/2026-14:55:06] [I] Average on 10 runs - GPU latency: 0.101782 ms - Host latency: 0.101782 ms (enqueue 0.0766357 ms)
[02/25/2026-14:55:06] [I] Average on 10 runs - GPU latency: 0.101392 ms - Host latency: 0.101392 ms (enqueue 0.0769043 ms)
[02/25/2026-14:55:06] [I] Average on 10 runs - GPU latency: 0.101172 ms - Host latency: 0.101172 ms (enqueue 0.0798828 ms)
[02/25/2026-14:55:06] [I] Average on 10 runs - GPU latency: 0.1021 ms - Host latency: 0.1021 ms (enqueue 0.0760498 ms)
[02/25/2026-14:55:06] [I] Average on 10 runs - GPU latency: 0.101782 ms - Host latency: 0.101782 ms (enqueue 0.0770508 ms)
[02/25/2026-14:55:06] [I] Average on 10 runs - GPU latency: 0.101025 ms - Host latency: 0.101025 ms (enqueue 0.0787598 ms)
[02/25/2026-14:55:06] [I] Average on 10 runs - GPU latency: 0.101904 ms - Host latency: 0.101904 ms (enqueue 0.0801514 ms)
[02/25/2026-14:55:06] [I] Average on 10 runs - GPU latency: 0.100903 ms - Host latency: 0.100903 ms (enqueue 0.0769043 ms)
[02/25/2026-14:55:06] [I] Average on 10 runs - GPU latency: 0.101953 ms - Host latency: 0.101953 ms (enqueue 0.0775879 ms)
[02/25/2026-14:55:06] [I] Average on 10 runs - GPU latency: 0.100977 ms - Host latency: 0.100977 ms (enqueue 0.0798096 ms)
[02/25/2026-14:55:06] [I] Average on 10 runs - GPU latency: 0.100024 ms - Host latency: 0.100024 ms (enqueue 0.0773193 ms)
[02/25/2026-14:55:06] [I] Average on 10 runs - GPU latency: 0.101807 ms - Host latency: 0.101807 ms (enqueue 0.0791748 ms)
[02/25/2026-14:55:06] [I] Average on 10 runs - GPU latency: 0.10144 ms - Host latency: 0.10144 ms (enqueue 0.0794678 ms)
[02/25/2026-14:55:06] [I] Average on 10 runs - GPU latency: 0.101929 ms - Host latency: 0.101929 ms (enqueue 0.0758057 ms)
[02/25/2026-14:55:06] [I] Average on 10 runs - GPU latency: 0.10144 ms - Host latency: 0.10144 ms (enqueue 0.0811035 ms)
[02/25/2026-14:55:06] [I] Average on 10 runs - GPU latency: 0.101099 ms - Host latency: 0.101099 ms (enqueue 0.0772705 ms)
[02/25/2026-14:55:06] [I] Average on 10 runs - GPU latency: 0.101636 ms - Host latency: 0.101636 ms (enqueue 0.0786865 ms)
[02/25/2026-14:55:06] [I] Average on 10 runs - GPU latency: 0.101489 ms - Host latency: 0.101489 ms (enqueue 0.0779785 ms)
[02/25/2026-14:55:06] [I] Average on 10 runs - GPU latency: 0.101221 ms - Host latency: 0.101221 ms (enqueue 0.0788818 ms)
[02/25/2026-14:55:06] [I] Average on 10 runs - GPU latency: 0.101758 ms - Host latency: 0.101758 ms (enqueue 0.0783203 ms)
[02/25/2026-14:55:06] [I] Average on 10 runs - GPU latency: 0.10105 ms - Host latency: 0.10105 ms (enqueue 0.0791504 ms)
[02/25/2026-14:55:06] [I] Average on 10 runs - GPU latency: 0.101343 ms - Host latency: 0.101343 ms (enqueue 0.0794189 ms)
[02/25/2026-14:55:06] [I] Average on 10 runs - GPU latency: 0.101733 ms - Host latency: 0.101733 ms (enqueue 0.0801514 ms)
[02/25/2026-14:55:06] [I] Average on 10 runs - GPU latency: 0.101685 ms - Host latency: 0.101685 ms (enqueue 0.0779297 ms)
[02/25/2026-14:55:06] [I] Average on 10 runs - GPU latency: 0.10105 ms - Host latency: 0.10105 ms (enqueue 0.0776855 ms)
[02/25/2026-14:55:06] [I] Average on 10 runs - GPU latency: 0.101587 ms - Host latency: 0.101587 ms (enqueue 0.0788086 ms)
[02/25/2026-14:55:06] [I] Average on 10 runs - GPU latency: 0.100977 ms - Host latency: 0.100977 ms (enqueue 0.0793945 ms)
[02/25/2026-14:55:06] [I] Average on 10 runs - GPU latency: 0.100781 ms - Host latency: 0.100781 ms (enqueue 0.077417 ms)
[02/25/2026-14:55:06] [I] Average on 10 runs - GPU latency: 0.102148 ms - Host latency: 0.102148 ms (enqueue 0.0783203 ms)
[02/25/2026-14:55:06] [I] Average on 10 runs - GPU latency: 0.101025 ms - Host latency: 0.101025 ms (enqueue 0.0792969 ms)
[02/25/2026-14:55:06] [I] Average on 10 runs - GPU latency: 0.101489 ms - Host latency: 0.101489 ms (enqueue 0.0763916 ms)
[02/25/2026-14:55:06] [I] Average on 10 runs - GPU latency: 0.101831 ms - Host latency: 0.101831 ms (enqueue 0.0768799 ms)
[02/25/2026-14:55:06] [I] Average on 10 runs - GPU latency: 0.101294 ms - Host latency: 0.101294 ms (enqueue 0.077832 ms)
[02/25/2026-14:55:06] [I] Average on 10 runs - GPU latency: 0.101587 ms - Host latency: 0.101587 ms (enqueue 0.0781494 ms)
[02/25/2026-14:55:06] [I] Average on 10 runs - GPU latency: 0.102222 ms - Host latency: 0.102222 ms (enqueue 0.0765869 ms)
[02/25/2026-14:55:06] [I] Average on 10 runs - GPU latency: 0.101636 ms - Host latency: 0.101636 ms (enqueue 0.0773926 ms)
[02/25/2026-14:55:06] [I] Average on 10 runs - GPU latency: 0.101709 ms - Host latency: 0.101709 ms (enqueue 0.0789063 ms)
[02/25/2026-14:55:06] [I] Average on 10 runs - GPU latency: 0.10166 ms - Host latency: 0.10166 ms (enqueue 0.0807617 ms)
[02/25/2026-14:55:06] [I] Average on 10 runs - GPU latency: 0.100854 ms - Host latency: 0.100854 ms (enqueue 0.078418 ms)
[02/25/2026-14:55:06] [I] Average on 10 runs - GPU latency: 0.10166 ms - Host latency: 0.10166 ms (enqueue 0.0771973 ms)
[02/25/2026-14:55:06] [I] Average on 10 runs - GPU latency: 0.101514 ms - Host latency: 0.101514 ms (enqueue 0.0780518 ms)
[02/25/2026-14:55:06] [I] Average on 10 runs - GPU latency: 0.101587 ms - Host latency: 0.101587 ms (enqueue 0.0789551 ms)
[02/25/2026-14:55:06] [I] 
[02/25/2026-14:55:06] [I] === Performance summary ===
[02/25/2026-14:55:06] [I] Throughput: 9662.84 qps
[02/25/2026-14:55:06] [I] Latency: min = 0.0969238 ms, max = 0.127075 ms, mean = 0.101537 ms, median = 0.101318 ms, percentile(90%) = 0.103516 ms, percentile(95%) = 0.104736 ms, percentile(99%) = 0.107178 ms
[02/25/2026-14:55:06] [I] Enqueue Time: min = 0.0695801 ms, max = 0.132568 ms, mean = 0.0781183 ms, median = 0.0751953 ms, percentile(90%) = 0.0878906 ms, percentile(95%) = 0.0922852 ms, percentile(99%) = 0.102417 ms
[02/25/2026-14:55:06] [I] H2D Latency: min = 0 ms, max = 0 ms, mean = 0 ms, median = 0 ms, percentile(90%) = 0 ms, percentile(95%) = 0 ms, percentile(99%) = 0 ms
[02/25/2026-14:55:06] [I] GPU Compute Time: min = 0.0969238 ms, max = 0.127075 ms, mean = 0.101537 ms, median = 0.101318 ms, percentile(90%) = 0.103516 ms, percentile(95%) = 0.104736 ms, percentile(99%) = 0.107178 ms
[02/25/2026-14:55:06] [I] D2H Latency: min = 0 ms, max = 0 ms, mean = 0 ms, median = 0 ms, percentile(90%) = 0 ms, percentile(95%) = 0 ms, percentile(99%) = 0 ms
[02/25/2026-14:55:06] [I] Total Host Walltime: 3.00026 s
[02/25/2026-14:55:06] [I] Total GPU Compute Time: 2.94366 s
[02/25/2026-14:55:06] [W] * GPU compute time is unstable, with coefficient of variance = 1.66978%.
[02/25/2026-14:55:06] [W]   If not already in use, locking GPU clock frequency or adding --useSpinWait may improve the stability.
[02/25/2026-14:55:06] [I] Explanations of the performance metrics are printed in the verbose logs.
[02/25/2026-14:55:06] [I] 
&&&& PASSED TensorRT.trtexec [TensorRT v8502] # /usr/src/tensorrt/bin/trtexec --onnx=/home/user/Edge-ML/models/v3/TCN/TCN.onnx --saveEngine=/home/user/Edge-ML/models/v3/TCN/TCN_fp32.engine --exportLayerInfo=/home/user/Edge-ML/models/v3/TCN/logs/quantisation_fp32_layers.json --memPoolSize=workspace:4096MiB --tacticSources=+CUBLAS,+CUBLAS_LT,+CUDNN --noDataTransfers --preview=+fasterDynamicShapes0805
