/usr/src/tensorrt/bin/trtexec --onnx=/home/user/Edge-ML/models/v3/TCN/TCN.onnx --saveEngine=/home/user/Edge-ML/models/v3/TCN/TCN_int8.engine --int8 --fp16 --exportLayerInfo=/home/user/Edge-ML/models/v3/TCN/logs/quantisation_int8_layers.json --memPoolSize=workspace:4096MiB --tacticSources=+CUBLAS,+CUBLAS_LT,+CUDNN --noDataTransfers --preview=+fasterDynamicShapes0805 --calib=/home/user/Edge-ML/models/v3/TCN/TCN.cache

&&&& RUNNING TensorRT.trtexec [TensorRT v8502] # /usr/src/tensorrt/bin/trtexec --onnx=/home/user/Edge-ML/models/v3/TCN/TCN.onnx --saveEngine=/home/user/Edge-ML/models/v3/TCN/TCN_int8.engine --int8 --fp16 --exportLayerInfo=/home/user/Edge-ML/models/v3/TCN/logs/quantisation_int8_layers.json --memPoolSize=workspace:4096MiB --tacticSources=+CUBLAS,+CUBLAS_LT,+CUDNN --noDataTransfers --preview=+fasterDynamicShapes0805 --calib=/home/user/Edge-ML/models/v3/TCN/TCN.cache
[02/25/2026-14:55:34] [I] === Model Options ===
[02/25/2026-14:55:34] [I] Format: ONNX
[02/25/2026-14:55:34] [I] Model: /home/user/Edge-ML/models/v3/TCN/TCN.onnx
[02/25/2026-14:55:34] [I] Output:
[02/25/2026-14:55:34] [I] === Build Options ===
[02/25/2026-14:55:34] [I] Max batch: explicit batch
[02/25/2026-14:55:34] [I] Memory Pools: workspace: 4096 MiB, dlaSRAM: default, dlaLocalDRAM: default, dlaGlobalDRAM: default
[02/25/2026-14:55:34] [I] minTiming: 1
[02/25/2026-14:55:34] [I] avgTiming: 8
[02/25/2026-14:55:34] [I] Precision: FP32+FP16+INT8
[02/25/2026-14:55:34] [I] LayerPrecisions: 
[02/25/2026-14:55:34] [I] Calibration: /home/user/Edge-ML/models/v3/TCN/TCN.cache
[02/25/2026-14:55:34] [I] Refit: Disabled
[02/25/2026-14:55:34] [I] Sparsity: Disabled
[02/25/2026-14:55:34] [I] Safe mode: Disabled
[02/25/2026-14:55:34] [I] DirectIO mode: Disabled
[02/25/2026-14:55:34] [I] Restricted mode: Disabled
[02/25/2026-14:55:34] [I] Build only: Disabled
[02/25/2026-14:55:34] [I] Save engine: /home/user/Edge-ML/models/v3/TCN/TCN_int8.engine
[02/25/2026-14:55:34] [I] Load engine: 
[02/25/2026-14:55:34] [I] Profiling verbosity: 0
[02/25/2026-14:55:34] [I] Tactic sources: cublas [ON], cublasLt [ON], cudnn [ON], 
[02/25/2026-14:55:34] [I] timingCacheMode: local
[02/25/2026-14:55:34] [I] timingCacheFile: 
[02/25/2026-14:55:34] [I] Heuristic: Disabled
[02/25/2026-14:55:34] [I] Preview Features: kFASTER_DYNAMIC_SHAPES_0805 [ON], 
[02/25/2026-14:55:34] [I] Input(s)s format: fp32:CHW
[02/25/2026-14:55:34] [I] Output(s)s format: fp32:CHW
[02/25/2026-14:55:34] [I] Input build shapes: model
[02/25/2026-14:55:34] [I] Input calibration shapes: model
[02/25/2026-14:55:34] [I] === System Options ===
[02/25/2026-14:55:34] [I] Device: 0
[02/25/2026-14:55:34] [I] DLACore: 
[02/25/2026-14:55:34] [I] Plugins:
[02/25/2026-14:55:34] [I] === Inference Options ===
[02/25/2026-14:55:34] [I] Batch: Explicit
[02/25/2026-14:55:34] [I] Input inference shapes: model
[02/25/2026-14:55:34] [I] Iterations: 10
[02/25/2026-14:55:34] [I] Duration: 3s (+ 200ms warm up)
[02/25/2026-14:55:34] [I] Sleep time: 0ms
[02/25/2026-14:55:34] [I] Idle time: 0ms
[02/25/2026-14:55:34] [I] Streams: 1
[02/25/2026-14:55:34] [I] ExposeDMA: Disabled
[02/25/2026-14:55:34] [I] Data transfers: Disabled
[02/25/2026-14:55:34] [I] Spin-wait: Disabled
[02/25/2026-14:55:34] [I] Multithreading: Disabled
[02/25/2026-14:55:34] [I] CUDA Graph: Disabled
[02/25/2026-14:55:34] [I] Separate profiling: Disabled
[02/25/2026-14:55:34] [I] Time Deserialize: Disabled
[02/25/2026-14:55:34] [I] Time Refit: Disabled
[02/25/2026-14:55:34] [I] NVTX verbosity: 0
[02/25/2026-14:55:34] [I] Persistent Cache Ratio: 0
[02/25/2026-14:55:34] [I] Inputs:
[02/25/2026-14:55:34] [I] === Reporting Options ===
[02/25/2026-14:55:34] [I] Verbose: Disabled
[02/25/2026-14:55:34] [I] Averages: 10 inferences
[02/25/2026-14:55:34] [I] Percentiles: 90,95,99
[02/25/2026-14:55:34] [I] Dump refittable layers:Disabled
[02/25/2026-14:55:34] [I] Dump output: Disabled
[02/25/2026-14:55:34] [I] Profile: Disabled
[02/25/2026-14:55:34] [I] Export timing to JSON file: 
[02/25/2026-14:55:34] [I] Export output to JSON file: 
[02/25/2026-14:55:34] [I] Export profile to JSON file: 
[02/25/2026-14:55:34] [I] 
[02/25/2026-14:55:34] [I] === Device Information ===
[02/25/2026-14:55:34] [I] Selected Device: Orin
[02/25/2026-14:55:34] [I] Compute Capability: 8.7
[02/25/2026-14:55:34] [I] SMs: 4
[02/25/2026-14:55:34] [I] Compute Clock Rate: 0.624 GHz
[02/25/2026-14:55:34] [I] Device Global Memory: 3425 MiB
[02/25/2026-14:55:34] [I] Shared Memory per SM: 164 KiB
[02/25/2026-14:55:34] [I] Memory Bus Width: 128 bits (ECC disabled)
[02/25/2026-14:55:34] [I] Memory Clock Rate: 0.624 GHz
[02/25/2026-14:55:34] [I] 
[02/25/2026-14:55:34] [I] TensorRT version: 8.5.2
[02/25/2026-14:55:34] [I] [TRT] [MemUsageChange] Init CUDA: CPU +220, GPU +0, now: CPU 249, GPU 1598 (MiB)
[02/25/2026-14:55:37] [I] [TRT] [MemUsageChange] Init builder kernel library: CPU +302, GPU +196, now: CPU 574, GPU 1781 (MiB)
[02/25/2026-14:55:37] [I] Start parsing network model
[02/25/2026-14:55:37] [I] [TRT] ----------------------------------------------------------------
[02/25/2026-14:55:37] [I] [TRT] Input filename:   /home/user/Edge-ML/models/v3/TCN/TCN.onnx
[02/25/2026-14:55:37] [I] [TRT] ONNX IR version:  0.0.7
[02/25/2026-14:55:37] [I] [TRT] Opset version:    12
[02/25/2026-14:55:37] [I] [TRT] Producer name:    pytorch
[02/25/2026-14:55:37] [I] [TRT] Producer version: 2.5.1
[02/25/2026-14:55:37] [I] [TRT] Domain:           
[02/25/2026-14:55:37] [I] [TRT] Model version:    0
[02/25/2026-14:55:37] [I] [TRT] Doc string:       
[02/25/2026-14:55:37] [I] [TRT] ----------------------------------------------------------------
[02/25/2026-14:55:37] [I] Finish parsing network model
[02/25/2026-14:55:37] [I] [TRT] Reading Calibration Cache for calibrator: EntropyCalibration2
[02/25/2026-14:55:37] [I] [TRT] Generated calibration scales using calibration cache. Make sure that calibration cache has latest scales.
[02/25/2026-14:55:37] [I] [TRT] To regenerate calibration cache, please delete the existing one. TensorRT will generate a new calibration cache.
[02/25/2026-14:55:37] [W] [TRT] Missing scale and zero-point for tensor capacity, expect fall back to non-int8 implementation for any layer consuming or producing given tensor
[02/25/2026-14:55:37] [I] [TRT] ---------- Layers Running on DLA ----------
[02/25/2026-14:55:37] [I] [TRT] ---------- Layers Running on GPU ----------
[02/25/2026-14:55:37] [I] [TRT] [GpuLayer] SHUFFLE: /Unsqueeze + (Unnamed Layer* 1) [Shuffle]
[02/25/2026-14:55:37] [I] [TRT] [GpuLayer] SHUFFLE: shuffle_between_(Unnamed Layer* 1) [Shuffle]_output_and_/block1/block1.0/Conv + /block1/block1.2/Relu
[02/25/2026-14:55:37] [I] [TRT] [GpuLayer] CONVOLUTION: /block1/block1.0/Conv + /block1/block1.2/Relu
[02/25/2026-14:55:37] [I] [TRT] [GpuLayer] SHUFFLE: shuffle_after_/block1/block1.2/Relu_out_tensor
[02/25/2026-14:55:37] [I] [TRT] [GpuLayer] POOLING: /block1/block1.3/MaxPool
[02/25/2026-14:55:37] [I] [TRT] [GpuLayer] SHUFFLE: shuffle_between_(Unnamed Layer* 6) [Pooling]_output_and_/block2/block2.0/Conv + /block2/block2.2/Relu
[02/25/2026-14:55:37] [I] [TRT] [GpuLayer] CONVOLUTION: /block2/block2.0/Conv + /block2/block2.2/Relu
[02/25/2026-14:55:37] [I] [TRT] [GpuLayer] SHUFFLE: shuffle_after_/block2/block2.2/Relu_out_tensor
[02/25/2026-14:55:37] [I] [TRT] [GpuLayer] POOLING: /block2/block2.3/MaxPool
[02/25/2026-14:55:37] [I] [TRT] [GpuLayer] SHUFFLE: shuffle_between_(Unnamed Layer* 13) [Pooling]_output_and_/block3/block3.0/Conv + /block3/block3.2/Relu
[02/25/2026-14:55:37] [I] [TRT] [GpuLayer] CONVOLUTION: /block3/block3.0/Conv + /block3/block3.2/Relu
[02/25/2026-14:55:37] [I] [TRT] [GpuLayer] SHUFFLE: shuffle_after_/block3/block3.2/Relu_out_tensor
[02/25/2026-14:55:37] [I] [TRT] [GpuLayer] SHUFFLE: squeeze_after_/block3/block3.2/Relu
[02/25/2026-14:55:37] [I] [TRT] [GpuLayer] REDUCE: /block3/block3.3/GlobalAveragePool
[02/25/2026-14:55:37] [I] [TRT] [GpuLayer] SHUFFLE: /fc/fc.0/Flatten + reshape_before_/fc/fc.1/Gemm
[02/25/2026-14:55:37] [I] [TRT] [GpuLayer] CONVOLUTION: /fc/fc.1/Gemm + /fc/fc.2/Relu
[02/25/2026-14:55:37] [I] [TRT] [GpuLayer] CONVOLUTION: /fc/fc.4/Gemm
[02/25/2026-14:55:37] [I] [TRT] [GpuLayer] SHUFFLE: reshape_after_/fc/fc.4/Gemm + /Squeeze
[02/25/2026-14:55:39] [I] [TRT] [MemUsageChange] Init cuBLAS/cuBLASLt: CPU +534, GPU +826, now: CPU 1108, GPU 2607 (MiB)
[02/25/2026-14:55:39] [I] [TRT] [MemUsageChange] Init cuDNN: CPU +83, GPU +115, now: CPU 1191, GPU 2722 (MiB)
[02/25/2026-14:55:39] [I] [TRT] Local timing cache in use. Profiling results in this builder pass will not be stored.
[02/25/2026-14:55:39] [W] [TRT] Using kFASTER_DYNAMIC_SHAPES_0805 preview feature.
[02/25/2026-14:56:09] [I] [TRT] Total Activation Memory: 4295010816
[02/25/2026-14:56:09] [I] [TRT] Detected 1 inputs and 1 output network tensors.
[02/25/2026-14:56:10] [I] [TRT] Total Host Persistent Memory: 17472
[02/25/2026-14:56:10] [I] [TRT] Total Device Persistent Memory: 0
[02/25/2026-14:56:10] [I] [TRT] Total Scratch Memory: 0
[02/25/2026-14:56:10] [I] [TRT] [MemUsageStats] Peak memory usage of TRT CPU/GPU memory allocators: CPU 0 MiB, GPU 71 MiB
[02/25/2026-14:56:10] [I] [TRT] [BlockAssignment] Started assigning block shifts. This will take 19 steps to complete.
[02/25/2026-14:56:10] [I] [TRT] [BlockAssignment] Algorithm ShiftNTopDown took 0.195968ms to assign 3 blocks to 19 nodes requiring 15872 bytes.
[02/25/2026-14:56:10] [I] [TRT] Total Activation Memory: 15872
[02/25/2026-14:56:10] [W] [TRT] TensorRT encountered issues when converting weights between types and that could affect accuracy.
[02/25/2026-14:56:10] [W] [TRT] If this is not the desired behavior, please modify the weights or retrain with regularization to adjust the magnitude of the weights.
[02/25/2026-14:56:10] [W] [TRT] Check verbose logs for the list of affected weights.
[02/25/2026-14:56:10] [W] [TRT] - 3 weights are affected by this issue: Detected subnormal FP16 values.
[02/25/2026-14:56:10] [W] [TRT] - 1 weights are affected by this issue: Detected values less than smallest positive FP16 subnormal value and converted them to the FP16 minimum subnormalized value.
[02/25/2026-14:56:10] [I] [TRT] [MemUsageChange] TensorRT-managed allocation in building engine: CPU +0, GPU +4, now: CPU 0, GPU 4 (MiB)
[02/25/2026-14:56:10] [I] Engine built in 35.8122 sec.
[02/25/2026-14:56:10] [I] [TRT] Loaded engine size: 0 MiB
[02/25/2026-14:56:10] [I] [TRT] [MemUsageChange] TensorRT-managed allocation in engine deserialization: CPU +0, GPU +0, now: CPU 0, GPU 0 (MiB)
[02/25/2026-14:56:10] [I] Engine deserialized in 0.01253 sec.
[02/25/2026-14:56:10] [I] [TRT] [MemUsageChange] TensorRT-managed allocation in IExecutionContext creation: CPU +0, GPU +0, now: CPU 0, GPU 0 (MiB)
[02/25/2026-14:56:10] [I] Setting persistentCacheLimit to 0 bytes.
[02/25/2026-14:56:10] [I] Using random values for input input
[02/25/2026-14:56:10] [I] Created input binding for input with dimensions 1x120
[02/25/2026-14:56:10] [I] Using random values for output capacity
[02/25/2026-14:56:10] [I] Created output binding for capacity with dimensions 
[02/25/2026-14:56:10] [I] [TRT] The profiling verbosity was set to ProfilingVerbosity::kLAYER_NAMES_ONLY when the engine was built, so only the layer names will be returned. Rebuild the engine with ProfilingVerbosity::kDETAILED to get more verbose layer information.
[02/25/2026-14:56:10] [I] Starting inference
[02/25/2026-14:56:13] [I] Warmup completed 2027 queries over 200 ms
[02/25/2026-14:56:13] [I] Timing trace has 30450 queries over 3.00021 s
[02/25/2026-14:56:13] [I] 
[02/25/2026-14:56:13] [I] === Trace details ===
[02/25/2026-14:56:13] [I] Trace averages of 10 runs:
[02/25/2026-14:56:13] [I] Average on 10 runs - GPU latency: 0.0978821 ms - Host latency: 0.0978821 ms (enqueue 0.0819626 ms)
[02/25/2026-14:56:13] [I] Average on 10 runs - GPU latency: 0.0959671 ms - Host latency: 0.0959671 ms (enqueue 0.0809876 ms)
[02/25/2026-14:56:13] [I] Average on 10 runs - GPU latency: 0.105142 ms - Host latency: 0.105142 ms (enqueue 0.0862671 ms)
[02/25/2026-14:56:13] [I] Average on 10 runs - GPU latency: 0.0965256 ms - Host latency: 0.0965256 ms (enqueue 0.0801819 ms)
[02/25/2026-14:56:13] [I] Average on 10 runs - GPU latency: 0.0964767 ms - Host latency: 0.0964767 ms (enqueue 0.0791641 ms)
[02/25/2026-14:56:13] [I] Average on 10 runs - GPU latency: 0.0956039 ms - Host latency: 0.0956039 ms (enqueue 0.0808121 ms)
[02/25/2026-14:56:13] [I] Average on 10 runs - GPU latency: 0.0952744 ms - Host latency: 0.0952744 ms (enqueue 0.080542 ms)
[02/25/2026-14:56:13] [I] Average on 10 runs - GPU latency: 0.0959778 ms - Host latency: 0.0959778 ms (enqueue 0.0811768 ms)
[02/25/2026-14:56:13] [I] Average on 10 runs - GPU latency: 0.0960999 ms - Host latency: 0.0960999 ms (enqueue 0.0805267 ms)
[02/25/2026-14:56:13] [I] Average on 10 runs - GPU latency: 0.096434 ms - Host latency: 0.096434 ms (enqueue 0.0806915 ms)
[02/25/2026-14:56:13] [I] Average on 10 runs - GPU latency: 0.0968124 ms - Host latency: 0.0968124 ms (enqueue 0.0815445 ms)
[02/25/2026-14:56:13] [I] Average on 10 runs - GPU latency: 0.0963196 ms - Host latency: 0.0963196 ms (enqueue 0.0800964 ms)
[02/25/2026-14:56:13] [I] Average on 10 runs - GPU latency: 0.096257 ms - Host latency: 0.096257 ms (enqueue 0.0809601 ms)
[02/25/2026-14:56:13] [I] Average on 10 runs - GPU latency: 0.0959091 ms - Host latency: 0.0959091 ms (enqueue 0.0800781 ms)
[02/25/2026-14:56:13] [I] Average on 10 runs - GPU latency: 0.0986374 ms - Host latency: 0.0986374 ms (enqueue 0.0848358 ms)
[02/25/2026-14:56:13] [I] Average on 10 runs - GPU latency: 0.0973831 ms - Host latency: 0.0973831 ms (enqueue 0.0818497 ms)
[02/25/2026-14:56:13] [I] Average on 10 runs - GPU latency: 0.0965668 ms - Host latency: 0.0965668 ms (enqueue 0.0806274 ms)
[02/25/2026-14:56:13] [I] Average on 10 runs - GPU latency: 0.0976624 ms - Host latency: 0.0976624 ms (enqueue 0.0817261 ms)
[02/25/2026-14:56:13] [I] Average on 10 runs - GPU latency: 0.0983902 ms - Host latency: 0.0983902 ms (enqueue 0.0826279 ms)
[02/25/2026-14:56:13] [I] Average on 10 runs - GPU latency: 0.0958054 ms - Host latency: 0.0958054 ms (enqueue 0.0804657 ms)
[02/25/2026-14:56:13] [I] Average on 10 runs - GPU latency: 0.0966812 ms - Host latency: 0.0966812 ms (enqueue 0.0798782 ms)
[02/25/2026-14:56:13] [I] Average on 10 runs - GPU latency: 0.0965088 ms - Host latency: 0.0965088 ms (enqueue 0.0804596 ms)
[02/25/2026-14:56:13] [I] Average on 10 runs - GPU latency: 0.0967499 ms - Host latency: 0.0967499 ms (enqueue 0.0829117 ms)
[02/25/2026-14:56:13] [I] Average on 10 runs - GPU latency: 0.0975861 ms - Host latency: 0.0975861 ms (enqueue 0.0809998 ms)
[02/25/2026-14:56:13] [I] Average on 10 runs - GPU latency: 0.0963257 ms - Host latency: 0.0963257 ms (enqueue 0.0818054 ms)
[02/25/2026-14:56:13] [I] Average on 10 runs - GPU latency: 0.0967667 ms - Host latency: 0.0967667 ms (enqueue 0.0799301 ms)
[02/25/2026-14:56:13] [I] Average on 10 runs - GPU latency: 0.0963394 ms - Host latency: 0.0963394 ms (enqueue 0.0815353 ms)
[02/25/2026-14:56:13] [I] Average on 10 runs - GPU latency: 0.096991 ms - Host latency: 0.096991 ms (enqueue 0.0815659 ms)
[02/25/2026-14:56:13] [I] Average on 10 runs - GPU latency: 0.0963089 ms - Host latency: 0.0963089 ms (enqueue 0.0809998 ms)
[02/25/2026-14:56:13] [I] Average on 10 runs - GPU latency: 0.0965439 ms - Host latency: 0.0965439 ms (enqueue 0.0797897 ms)
[02/25/2026-14:56:13] [I] Average on 10 runs - GPU latency: 0.0951385 ms - Host latency: 0.0951385 ms (enqueue 0.0821548 ms)
[02/25/2026-14:56:13] [I] Average on 10 runs - GPU latency: 0.0975983 ms - Host latency: 0.0975983 ms (enqueue 0.0804993 ms)
[02/25/2026-14:56:13] [I] Average on 10 runs - GPU latency: 0.0969635 ms - Host latency: 0.0969635 ms (enqueue 0.0806763 ms)
[02/25/2026-14:56:13] [I] Average on 10 runs - GPU latency: 0.0959946 ms - Host latency: 0.0959946 ms (enqueue 0.0803268 ms)
[02/25/2026-14:56:13] [I] Average on 10 runs - GPU latency: 0.096347 ms - Host latency: 0.096347 ms (enqueue 0.079776 ms)
[02/25/2026-14:56:13] [I] Average on 10 runs - GPU latency: 0.097049 ms - Host latency: 0.097049 ms (enqueue 0.0830887 ms)
[02/25/2026-14:56:13] [I] Average on 10 runs - GPU latency: 0.0967102 ms - Host latency: 0.0967102 ms (enqueue 0.0803436 ms)
[02/25/2026-14:56:13] [I] Average on 10 runs - GPU latency: 0.0961853 ms - Host latency: 0.0961853 ms (enqueue 0.0814102 ms)
[02/25/2026-14:56:13] [I] Average on 10 runs - GPU latency: 0.096463 ms - Host latency: 0.096463 ms (enqueue 0.0814087 ms)
[02/25/2026-14:56:13] [I] Average on 10 runs - GPU latency: 0.0978714 ms - Host latency: 0.0978714 ms (enqueue 0.0829437 ms)
[02/25/2026-14:56:13] [I] Average on 10 runs - GPU latency: 0.0967957 ms - Host latency: 0.0967957 ms (enqueue 0.0801895 ms)
[02/25/2026-14:56:13] [I] Average on 10 runs - GPU latency: 0.0964508 ms - Host latency: 0.0964508 ms (enqueue 0.0799011 ms)
[02/25/2026-14:56:13] [I] Average on 10 runs - GPU latency: 0.0957184 ms - Host latency: 0.0957184 ms (enqueue 0.0802277 ms)
[02/25/2026-14:56:13] [I] Average on 10 runs - GPU latency: 0.0986191 ms - Host latency: 0.0986191 ms (enqueue 0.0845306 ms)
[02/25/2026-14:56:13] [I] Average on 10 runs - GPU latency: 0.0964218 ms - Host latency: 0.0964218 ms (enqueue 0.0804779 ms)
[02/25/2026-14:56:13] [I] Average on 10 runs - GPU latency: 0.0964615 ms - Host latency: 0.0964615 ms (enqueue 0.0802933 ms)
[02/25/2026-14:56:13] [I] Average on 10 runs - GPU latency: 0.0966476 ms - Host latency: 0.0966476 ms (enqueue 0.0822769 ms)
[02/25/2026-14:56:13] [I] Average on 10 runs - GPU latency: 0.099118 ms - Host latency: 0.099118 ms (enqueue 0.0829041 ms)
[02/25/2026-14:56:13] [I] Average on 10 runs - GPU latency: 0.0974091 ms - Host latency: 0.0974091 ms (enqueue 0.0827072 ms)
[02/25/2026-14:56:13] [I] Average on 10 runs - GPU latency: 0.0966965 ms - Host latency: 0.0966965 ms (enqueue 0.0808731 ms)
[02/25/2026-14:56:13] [I] Average on 10 runs - GPU latency: 0.0954803 ms - Host latency: 0.0954803 ms (enqueue 0.0797119 ms)
[02/25/2026-14:56:13] [I] Average on 10 runs - GPU latency: 0.0982224 ms - Host latency: 0.0982224 ms (enqueue 0.0817871 ms)
[02/25/2026-14:56:13] [I] Average on 10 runs - GPU latency: 0.0973206 ms - Host latency: 0.0973206 ms (enqueue 0.081395 ms)
[02/25/2026-14:56:13] [I] Average on 10 runs - GPU latency: 0.09673 ms - Host latency: 0.09673 ms (enqueue 0.0807343 ms)
[02/25/2026-14:56:13] [I] Average on 10 runs - GPU latency: 0.0958191 ms - Host latency: 0.0958191 ms (enqueue 0.0803619 ms)
[02/25/2026-14:56:13] [I] Average on 10 runs - GPU latency: 0.100011 ms - Host latency: 0.100011 ms (enqueue 0.0848129 ms)
[02/25/2026-14:56:13] [I] Average on 10 runs - GPU latency: 0.096701 ms - Host latency: 0.096701 ms (enqueue 0.0800995 ms)
[02/25/2026-14:56:13] [I] Average on 10 runs - GPU latency: 0.0967285 ms - Host latency: 0.0967285 ms (enqueue 0.0815338 ms)
[02/25/2026-14:56:13] [I] Average on 10 runs - GPU latency: 0.0952911 ms - Host latency: 0.0952911 ms (enqueue 0.0802734 ms)
[02/25/2026-14:56:13] [I] Average on 10 runs - GPU latency: 0.0986267 ms - Host latency: 0.0986267 ms (enqueue 0.0844086 ms)
[02/25/2026-14:56:13] [I] Average on 10 runs - GPU latency: 0.0967865 ms - Host latency: 0.0967865 ms (enqueue 0.0797089 ms)
[02/25/2026-14:56:13] [I] Average on 10 runs - GPU latency: 0.0957611 ms - Host latency: 0.0957611 ms (enqueue 0.0781769 ms)
[02/25/2026-14:56:13] [I] Average on 10 runs - GPU latency: 0.0957245 ms - Host latency: 0.0957245 ms (enqueue 0.0808411 ms)
[02/25/2026-14:56:13] [I] Average on 10 runs - GPU latency: 0.095636 ms - Host latency: 0.095636 ms (enqueue 0.0823547 ms)
[02/25/2026-14:56:13] [I] Average on 10 runs - GPU latency: 0.0954864 ms - Host latency: 0.0954864 ms (enqueue 0.0796875 ms)
[02/25/2026-14:56:13] [I] Average on 10 runs - GPU latency: 0.0955811 ms - Host latency: 0.0955811 ms (enqueue 0.0812103 ms)
[02/25/2026-14:56:13] [I] Average on 10 runs - GPU latency: 0.0969971 ms - Host latency: 0.0969971 ms (enqueue 0.0811462 ms)
[02/25/2026-14:56:13] [I] Average on 10 runs - GPU latency: 0.0980743 ms - Host latency: 0.0980743 ms (enqueue 0.0819336 ms)
[02/25/2026-14:56:13] [I] Average on 10 runs - GPU latency: 0.0959625 ms - Host latency: 0.0959625 ms (enqueue 0.0802765 ms)
[02/25/2026-14:56:13] [I] Average on 10 runs - GPU latency: 0.0957336 ms - Host latency: 0.0957336 ms (enqueue 0.0798431 ms)
[02/25/2026-14:56:13] [I] Average on 10 runs - GPU latency: 0.0956238 ms - Host latency: 0.0956238 ms (enqueue 0.0803986 ms)
[02/25/2026-14:56:13] [I] Average on 10 runs - GPU latency: 0.0990082 ms - Host latency: 0.0990082 ms (enqueue 0.0837769 ms)
[02/25/2026-14:56:13] [I] Average on 10 runs - GPU latency: 0.0973175 ms - Host latency: 0.0973175 ms (enqueue 0.0807526 ms)
[02/25/2026-14:56:13] [I] Average on 10 runs - GPU latency: 0.0967865 ms - Host latency: 0.0967865 ms (enqueue 0.0799194 ms)
[02/25/2026-14:56:13] [I] Average on 10 runs - GPU latency: 0.0959473 ms - Host latency: 0.0959473 ms (enqueue 0.0795685 ms)
[02/25/2026-14:56:13] [I] Average on 10 runs - GPU latency: 0.0962189 ms - Host latency: 0.0962189 ms (enqueue 0.0815826 ms)
[02/25/2026-14:56:13] [I] Average on 10 runs - GPU latency: 0.0960663 ms - Host latency: 0.0960663 ms (enqueue 0.080365 ms)
[02/25/2026-14:56:13] [I] Average on 10 runs - GPU latency: 0.0959442 ms - Host latency: 0.0959442 ms (enqueue 0.0812622 ms)
[02/25/2026-14:56:13] [I] Average on 10 runs - GPU latency: 0.0955292 ms - Host latency: 0.0955292 ms (enqueue 0.079306 ms)
[02/25/2026-14:56:13] [I] Average on 10 runs - GPU latency: 0.0965149 ms - Host latency: 0.0965149 ms (enqueue 0.082782 ms)
[02/25/2026-14:56:13] [I] Average on 10 runs - GPU latency: 0.095993 ms - Host latency: 0.095993 ms (enqueue 0.07901 ms)
[02/25/2026-14:56:13] [I] Average on 10 runs - GPU latency: 0.0956573 ms - Host latency: 0.0956573 ms (enqueue 0.0801727 ms)
[02/25/2026-14:56:13] [I] Average on 10 runs - GPU latency: 0.0957245 ms - Host latency: 0.0957245 ms (enqueue 0.0801727 ms)
[02/25/2026-14:56:13] [I] Average on 10 runs - GPU latency: 0.0971069 ms - Host latency: 0.0971069 ms (enqueue 0.0822723 ms)
[02/25/2026-14:56:13] [I] Average on 10 runs - GPU latency: 0.0959198 ms - Host latency: 0.0959198 ms (enqueue 0.0798798 ms)
[02/25/2026-14:56:13] [I] Average on 10 runs - GPU latency: 0.0961304 ms - Host latency: 0.0961304 ms (enqueue 0.0793121 ms)
[02/25/2026-14:56:13] [I] Average on 10 runs - GPU latency: 0.0959717 ms - Host latency: 0.0959717 ms (enqueue 0.0788208 ms)
[02/25/2026-14:56:13] [I] Average on 10 runs - GPU latency: 0.0950439 ms - Host latency: 0.0950439 ms (enqueue 0.0828064 ms)
[02/25/2026-14:56:13] [I] Average on 10 runs - GPU latency: 0.0970459 ms - Host latency: 0.0970459 ms (enqueue 0.0811279 ms)
[02/25/2026-14:56:13] [I] Average on 10 runs - GPU latency: 0.0986237 ms - Host latency: 0.0986237 ms (enqueue 0.0814819 ms)
[02/25/2026-14:56:13] [I] Average on 10 runs - GPU latency: 0.09487 ms - Host latency: 0.09487 ms (enqueue 0.0794464 ms)
[02/25/2026-14:56:13] [I] Average on 10 runs - GPU latency: 0.0970154 ms - Host latency: 0.0970154 ms (enqueue 0.0831573 ms)
[02/25/2026-14:56:13] [I] Average on 10 runs - GPU latency: 0.096814 ms - Host latency: 0.096814 ms (enqueue 0.0792908 ms)
[02/25/2026-14:56:13] [I] Average on 10 runs - GPU latency: 0.0966553 ms - Host latency: 0.0966553 ms (enqueue 0.0793274 ms)
[02/25/2026-14:56:13] [I] Average on 10 runs - GPU latency: 0.0960754 ms - Host latency: 0.0960754 ms (enqueue 0.0814758 ms)
[02/25/2026-14:56:13] [I] Average on 10 runs - GPU latency: 0.0956329 ms - Host latency: 0.0956329 ms (enqueue 0.0820282 ms)
[02/25/2026-14:56:13] [I] Average on 10 runs - GPU latency: 0.0952637 ms - Host latency: 0.0952637 ms (enqueue 0.0802246 ms)
[02/25/2026-14:56:13] [I] Average on 10 runs - GPU latency: 0.0959534 ms - Host latency: 0.0959534 ms (enqueue 0.0792053 ms)
[02/25/2026-14:56:13] [I] Average on 10 runs - GPU latency: 0.0955658 ms - Host latency: 0.0955658 ms (enqueue 0.0795898 ms)
[02/25/2026-14:56:13] [I] Average on 10 runs - GPU latency: 0.0963226 ms - Host latency: 0.0963226 ms (enqueue 0.081488 ms)
[02/25/2026-14:56:13] [I] Average on 10 runs - GPU latency: 0.097995 ms - Host latency: 0.097995 ms (enqueue 0.0838104 ms)
[02/25/2026-14:56:13] [I] Average on 10 runs - GPU latency: 0.0959839 ms - Host latency: 0.0959839 ms (enqueue 0.0802033 ms)
[02/25/2026-14:56:13] [I] Average on 10 runs - GPU latency: 0.0962616 ms - Host latency: 0.0962616 ms (enqueue 0.0795319 ms)
[02/25/2026-14:56:13] [I] Average on 10 runs - GPU latency: 0.0965332 ms - Host latency: 0.0965332 ms (enqueue 0.0806488 ms)
[02/25/2026-14:56:13] [I] Average on 10 runs - GPU latency: 0.0959198 ms - Host latency: 0.0959198 ms (enqueue 0.0820618 ms)
[02/25/2026-14:56:13] [I] Average on 10 runs - GPU latency: 0.0956024 ms - Host latency: 0.0956024 ms (enqueue 0.0812408 ms)
[02/25/2026-14:56:13] [I] Average on 10 runs - GPU latency: 0.0963776 ms - Host latency: 0.0963776 ms (enqueue 0.0798798 ms)
[02/25/2026-14:56:13] [I] Average on 10 runs - GPU latency: 0.0958618 ms - Host latency: 0.0958618 ms (enqueue 0.0812469 ms)
[02/25/2026-14:56:13] [I] Average on 10 runs - GPU latency: 0.0992157 ms - Host latency: 0.0992157 ms (enqueue 0.0846283 ms)
[02/25/2026-14:56:13] [I] Average on 10 runs - GPU latency: 0.0964569 ms - Host latency: 0.0964569 ms (enqueue 0.0808411 ms)
[02/25/2026-14:56:13] [I] Average on 10 runs - GPU latency: 0.0961914 ms - Host latency: 0.0961914 ms (enqueue 0.0796631 ms)
[02/25/2026-14:56:13] [I] Average on 10 runs - GPU latency: 0.0974396 ms - Host latency: 0.0974396 ms (enqueue 0.0829407 ms)
[02/25/2026-14:56:13] [I] Average on 10 runs - GPU latency: 0.0982513 ms - Host latency: 0.0982513 ms (enqueue 0.0834625 ms)
[02/25/2026-14:56:13] [I] Average on 10 runs - GPU latency: 0.0963318 ms - Host latency: 0.0963318 ms (enqueue 0.0807678 ms)
[02/25/2026-14:56:13] [I] Average on 10 runs - GPU latency: 0.0966736 ms - Host latency: 0.0966736 ms (enqueue 0.0809052 ms)
[02/25/2026-14:56:13] [I] Average on 10 runs - GPU latency: 0.0971222 ms - Host latency: 0.0971222 ms (enqueue 0.0818359 ms)
[02/25/2026-14:56:13] [I] Average on 10 runs - GPU latency: 0.0989777 ms - Host latency: 0.0989777 ms (enqueue 0.0833588 ms)
[02/25/2026-14:56:13] [I] Average on 10 runs - GPU latency: 0.0968414 ms - Host latency: 0.0968414 ms (enqueue 0.081604 ms)
[02/25/2026-14:56:13] [I] Average on 10 runs - GPU latency: 0.0964478 ms - Host latency: 0.0964478 ms (enqueue 0.0805054 ms)
[02/25/2026-14:56:13] [I] Average on 10 runs - GPU latency: 0.0960297 ms - Host latency: 0.0960297 ms (enqueue 0.080249 ms)
[02/25/2026-14:56:13] [I] Average on 10 runs - GPU latency: 0.0976196 ms - Host latency: 0.0976196 ms (enqueue 0.0819061 ms)
[02/25/2026-14:56:13] [I] Average on 10 runs - GPU latency: 0.096463 ms - Host latency: 0.096463 ms (enqueue 0.0808044 ms)
[02/25/2026-14:56:13] [I] Average on 10 runs - GPU latency: 0.0959412 ms - Host latency: 0.0959412 ms (enqueue 0.0807282 ms)
[02/25/2026-14:56:13] [I] Average on 10 runs - GPU latency: 0.0973114 ms - Host latency: 0.0973114 ms (enqueue 0.0808838 ms)
[02/25/2026-14:56:13] [I] Average on 10 runs - GPU latency: 0.099646 ms - Host latency: 0.099646 ms (enqueue 0.0835693 ms)
[02/25/2026-14:56:13] [I] Average on 10 runs - GPU latency: 0.0968842 ms - Host latency: 0.0968842 ms (enqueue 0.0812744 ms)
[02/25/2026-14:56:13] [I] Average on 10 runs - GPU latency: 0.0975861 ms - Host latency: 0.0975861 ms (enqueue 0.0817291 ms)
[02/25/2026-14:56:13] [I] Average on 10 runs - GPU latency: 0.0967072 ms - Host latency: 0.0967072 ms (enqueue 0.0811157 ms)
[02/25/2026-14:56:13] [I] Average on 10 runs - GPU latency: 0.103101 ms - Host latency: 0.103101 ms (enqueue 0.0878845 ms)
[02/25/2026-14:56:13] [I] Average on 10 runs - GPU latency: 0.0969513 ms - Host latency: 0.0969513 ms (enqueue 0.0807617 ms)
[02/25/2026-14:56:13] [I] Average on 10 runs - GPU latency: 0.0965759 ms - Host latency: 0.0965759 ms (enqueue 0.0820679 ms)
[02/25/2026-14:56:13] [I] Average on 10 runs - GPU latency: 0.0972565 ms - Host latency: 0.0972565 ms (enqueue 0.0812073 ms)
[02/25/2026-14:56:13] [I] Average on 10 runs - GPU latency: 0.098645 ms - Host latency: 0.098645 ms (enqueue 0.0827393 ms)
[02/25/2026-14:56:13] [I] Average on 10 runs - GPU latency: 0.0979401 ms - Host latency: 0.0979401 ms (enqueue 0.0823547 ms)
[02/25/2026-14:56:13] [I] Average on 10 runs - GPU latency: 0.0983276 ms - Host latency: 0.0983276 ms (enqueue 0.0824158 ms)
[02/25/2026-14:56:13] [I] Average on 10 runs - GPU latency: 0.0966095 ms - Host latency: 0.0966095 ms (enqueue 0.0798828 ms)
[02/25/2026-14:56:13] [I] Average on 10 runs - GPU latency: 0.0971069 ms - Host latency: 0.0971069 ms (enqueue 0.0829254 ms)
[02/25/2026-14:56:13] [I] Average on 10 runs - GPU latency: 0.0968933 ms - Host latency: 0.0968933 ms (enqueue 0.0811798 ms)
[02/25/2026-14:56:13] [I] Average on 10 runs - GPU latency: 0.096228 ms - Host latency: 0.096228 ms (enqueue 0.0806427 ms)
[02/25/2026-14:56:13] [I] Average on 10 runs - GPU latency: 0.0954864 ms - Host latency: 0.0954864 ms (enqueue 0.0794189 ms)
[02/25/2026-14:56:13] [I] Average on 10 runs - GPU latency: 0.0970764 ms - Host latency: 0.0970764 ms (enqueue 0.0824249 ms)
[02/25/2026-14:56:13] [I] Average on 10 runs - GPU latency: 0.0967957 ms - Host latency: 0.0967957 ms (enqueue 0.0818665 ms)
[02/25/2026-14:56:13] [I] Average on 10 runs - GPU latency: 0.0975433 ms - Host latency: 0.0975433 ms (enqueue 0.0814148 ms)
[02/25/2026-14:56:13] [I] Average on 10 runs - GPU latency: 0.0968231 ms - Host latency: 0.0968231 ms (enqueue 0.0818878 ms)
[02/25/2026-14:56:13] [I] Average on 10 runs - GPU latency: 0.100443 ms - Host latency: 0.100443 ms (enqueue 0.0848968 ms)
[02/25/2026-14:56:13] [I] Average on 10 runs - GPU latency: 0.0967224 ms - Host latency: 0.0967224 ms (enqueue 0.0799439 ms)
[02/25/2026-14:56:13] [I] Average on 10 runs - GPU latency: 0.0956177 ms - Host latency: 0.0956177 ms (enqueue 0.0804291 ms)
[02/25/2026-14:56:13] [I] Average on 10 runs - GPU latency: 0.0960785 ms - Host latency: 0.0960785 ms (enqueue 0.08078 ms)
[02/25/2026-14:56:13] [I] Average on 10 runs - GPU latency: 0.0973755 ms - Host latency: 0.0973755 ms (enqueue 0.0814087 ms)
[02/25/2026-14:56:13] [I] Average on 10 runs - GPU latency: 0.0961395 ms - Host latency: 0.0961395 ms (enqueue 0.0800842 ms)
[02/25/2026-14:56:13] [I] Average on 10 runs - GPU latency: 0.0959076 ms - Host latency: 0.0959076 ms (enqueue 0.0803009 ms)
[02/25/2026-14:56:13] [I] Average on 10 runs - GPU latency: 0.0959991 ms - Host latency: 0.0959991 ms (enqueue 0.0797974 ms)
[02/25/2026-14:56:13] [I] Average on 10 runs - GPU latency: 0.0961914 ms - Host latency: 0.0961914 ms (enqueue 0.0824127 ms)
[02/25/2026-14:56:13] [I] Average on 10 runs - GPU latency: 0.096759 ms - Host latency: 0.096759 ms (enqueue 0.0819092 ms)
[02/25/2026-14:56:13] [I] Average on 10 runs - GPU latency: 0.0967896 ms - Host latency: 0.0967896 ms (enqueue 0.0788086 ms)
[02/25/2026-14:56:13] [I] Average on 10 runs - GPU latency: 0.0958221 ms - Host latency: 0.0958221 ms (enqueue 0.0795898 ms)
[02/25/2026-14:56:13] [I] Average on 10 runs - GPU latency: 0.0959869 ms - Host latency: 0.0959869 ms (enqueue 0.0821228 ms)
[02/25/2026-14:56:13] [I] Average on 10 runs - GPU latency: 0.0955719 ms - Host latency: 0.0955719 ms (enqueue 0.080957 ms)
[02/25/2026-14:56:13] [I] Average on 10 runs - GPU latency: 0.0953796 ms - Host latency: 0.0953796 ms (enqueue 0.0792358 ms)
[02/25/2026-14:56:13] [I] Average on 10 runs - GPU latency: 0.0954895 ms - Host latency: 0.0954895 ms (enqueue 0.0803284 ms)
[02/25/2026-14:56:13] [I] Average on 10 runs - GPU latency: 0.0970886 ms - Host latency: 0.0970886 ms (enqueue 0.0825806 ms)
[02/25/2026-14:56:13] [I] Average on 10 runs - GPU latency: 0.0963715 ms - Host latency: 0.0963715 ms (enqueue 0.0804688 ms)
[02/25/2026-14:56:13] [I] Average on 10 runs - GPU latency: 0.096347 ms - Host latency: 0.096347 ms (enqueue 0.0796936 ms)
[02/25/2026-14:56:13] [I] Average on 10 runs - GPU latency: 0.0953613 ms - Host latency: 0.0953613 ms (enqueue 0.0790741 ms)
[02/25/2026-14:56:13] [I] Average on 10 runs - GPU latency: 0.0955963 ms - Host latency: 0.0955963 ms (enqueue 0.0827484 ms)
[02/25/2026-14:56:13] [I] Average on 10 runs - GPU latency: 0.0954071 ms - Host latency: 0.0954071 ms (enqueue 0.0797058 ms)
[02/25/2026-14:56:13] [I] Average on 10 runs - GPU latency: 0.0957367 ms - Host latency: 0.0957367 ms (enqueue 0.0811279 ms)
[02/25/2026-14:56:13] [I] Average on 10 runs - GPU latency: 0.0965179 ms - Host latency: 0.0965179 ms (enqueue 0.0812408 ms)
[02/25/2026-14:56:13] [I] Average on 10 runs - GPU latency: 0.0982574 ms - Host latency: 0.0982574 ms (enqueue 0.0823425 ms)
[02/25/2026-14:56:13] [I] Average on 10 runs - GPU latency: 0.0969391 ms - Host latency: 0.0969391 ms (enqueue 0.0797516 ms)
[02/25/2026-14:56:13] [I] Average on 10 runs - GPU latency: 0.095752 ms - Host latency: 0.095752 ms (enqueue 0.07995 ms)
[02/25/2026-14:56:13] [I] Average on 10 runs - GPU latency: 0.0964661 ms - Host latency: 0.0964661 ms (enqueue 0.0791657 ms)
[02/25/2026-14:56:13] [I] Average on 10 runs - GPU latency: 0.0960052 ms - Host latency: 0.0960052 ms (enqueue 0.0794128 ms)
[02/25/2026-14:56:13] [I] Average on 10 runs - GPU latency: 0.09664 ms - Host latency: 0.09664 ms (enqueue 0.0842346 ms)
[02/25/2026-14:56:13] [I] Average on 10 runs - GPU latency: 0.096109 ms - Host latency: 0.096109 ms (enqueue 0.0799408 ms)
[02/25/2026-14:56:13] [I] Average on 10 runs - GPU latency: 0.0955597 ms - Host latency: 0.0955597 ms (enqueue 0.0800568 ms)
[02/25/2026-14:56:13] [I] Average on 10 runs - GPU latency: 0.0962952 ms - Host latency: 0.0962952 ms (enqueue 0.0813568 ms)
[02/25/2026-14:56:13] [I] Average on 10 runs - GPU latency: 0.0974701 ms - Host latency: 0.0974701 ms (enqueue 0.0821899 ms)
[02/25/2026-14:56:13] [I] Average on 10 runs - GPU latency: 0.0959106 ms - Host latency: 0.0959106 ms (enqueue 0.0796936 ms)
[02/25/2026-14:56:13] [I] Average on 10 runs - GPU latency: 0.0954742 ms - Host latency: 0.0954742 ms (enqueue 0.07948 ms)
[02/25/2026-14:56:13] [I] Average on 10 runs - GPU latency: 0.097464 ms - Host latency: 0.097464 ms (enqueue 0.0834747 ms)
[02/25/2026-14:56:13] [I] Average on 10 runs - GPU latency: 0.0974731 ms - Host latency: 0.0974731 ms (enqueue 0.0810028 ms)
[02/25/2026-14:56:13] [I] Average on 10 runs - GPU latency: 0.0954834 ms - Host latency: 0.0954834 ms (enqueue 0.0792419 ms)
[02/25/2026-14:56:13] [I] Average on 10 runs - GPU latency: 0.0960236 ms - Host latency: 0.0960236 ms (enqueue 0.0795837 ms)
[02/25/2026-14:56:13] [I] Average on 10 runs - GPU latency: 0.0957855 ms - Host latency: 0.0957855 ms (enqueue 0.0790375 ms)
[02/25/2026-14:56:13] [I] Average on 10 runs - GPU latency: 0.0961243 ms - Host latency: 0.0961243 ms (enqueue 0.0817688 ms)
[02/25/2026-14:56:13] [I] Average on 10 runs - GPU latency: 0.0963623 ms - Host latency: 0.0963623 ms (enqueue 0.0797241 ms)
[02/25/2026-14:56:13] [I] Average on 10 runs - GPU latency: 0.0956573 ms - Host latency: 0.0956573 ms (enqueue 0.0803925 ms)
[02/25/2026-14:56:13] [I] Average on 10 runs - GPU latency: 0.0957947 ms - Host latency: 0.0957947 ms (enqueue 0.0796204 ms)
[02/25/2026-14:56:13] [I] Average on 10 runs - GPU latency: 0.096109 ms - Host latency: 0.096109 ms (enqueue 0.0806183 ms)
[02/25/2026-14:56:13] [I] Average on 10 runs - GPU latency: 0.0956085 ms - Host latency: 0.0956085 ms (enqueue 0.0799683 ms)
[02/25/2026-14:56:13] [I] Average on 10 runs - GPU latency: 0.0968842 ms - Host latency: 0.0968842 ms (enqueue 0.0816498 ms)
[02/25/2026-14:56:13] [I] Average on 10 runs - GPU latency: 0.0961029 ms - Host latency: 0.0961029 ms (enqueue 0.0796814 ms)
[02/25/2026-14:56:13] [I] Average on 10 runs - GPU latency: 0.0964142 ms - Host latency: 0.0964142 ms (enqueue 0.0827423 ms)
[02/25/2026-14:56:13] [I] Average on 10 runs - GPU latency: 0.095578 ms - Host latency: 0.095578 ms (enqueue 0.0808197 ms)
[02/25/2026-14:56:13] [I] Average on 10 runs - GPU latency: 0.0959503 ms - Host latency: 0.0959503 ms (enqueue 0.0814148 ms)
[02/25/2026-14:56:13] [I] Average on 10 runs - GPU latency: 0.0962555 ms - Host latency: 0.0962555 ms (enqueue 0.0793854 ms)
[02/25/2026-14:56:13] [I] Average on 10 runs - GPU latency: 0.0964325 ms - Host latency: 0.0964325 ms (enqueue 0.0829071 ms)
[02/25/2026-14:56:13] [I] Average on 10 runs - GPU latency: 0.0973084 ms - Host latency: 0.0973084 ms (enqueue 0.081543 ms)
[02/25/2026-14:56:13] [I] Average on 10 runs - GPU latency: 0.0958893 ms - Host latency: 0.0958893 ms (enqueue 0.0798981 ms)
[02/25/2026-14:56:13] [I] Average on 10 runs - GPU latency: 0.0961304 ms - Host latency: 0.0961304 ms (enqueue 0.0807159 ms)
[02/25/2026-14:56:13] [I] Average on 10 runs - GPU latency: 0.0981934 ms - Host latency: 0.0981934 ms (enqueue 0.0815948 ms)
[02/25/2026-14:56:13] [I] Average on 10 runs - GPU latency: 0.0961517 ms - Host latency: 0.0961517 ms (enqueue 0.0804108 ms)
[02/25/2026-14:56:13] [I] Average on 10 runs - GPU latency: 0.0955292 ms - Host latency: 0.0955292 ms (enqueue 0.0800018 ms)
[02/25/2026-14:56:13] [I] Average on 10 runs - GPU latency: 0.0956787 ms - Host latency: 0.0956787 ms (enqueue 0.0804779 ms)
[02/25/2026-14:56:13] [I] Average on 10 runs - GPU latency: 0.0984314 ms - Host latency: 0.0984314 ms (enqueue 0.0848145 ms)
[02/25/2026-14:56:13] [I] Average on 10 runs - GPU latency: 0.0971283 ms - Host latency: 0.0971283 ms (enqueue 0.0809967 ms)
[02/25/2026-14:56:13] [I] Average on 10 runs - GPU latency: 0.101895 ms - Host latency: 0.101895 ms (enqueue 0.0840393 ms)
[02/25/2026-14:56:13] [I] Average on 10 runs - GPU latency: 0.0962067 ms - Host latency: 0.0962067 ms (enqueue 0.0802917 ms)
[02/25/2026-14:56:13] [I] Average on 10 runs - GPU latency: 0.0979187 ms - Host latency: 0.0979187 ms (enqueue 0.0835083 ms)
[02/25/2026-14:56:13] [I] Average on 10 runs - GPU latency: 0.0971924 ms - Host latency: 0.0971924 ms (enqueue 0.0812592 ms)
[02/25/2026-14:56:13] [I] Average on 10 runs - GPU latency: 0.0965668 ms - Host latency: 0.0965668 ms (enqueue 0.0795502 ms)
[02/25/2026-14:56:13] [I] Average on 10 runs - GPU latency: 0.0955292 ms - Host latency: 0.0955292 ms (enqueue 0.0807465 ms)
[02/25/2026-14:56:13] [I] Average on 10 runs - GPU latency: 0.0976654 ms - Host latency: 0.0976654 ms (enqueue 0.0824219 ms)
[02/25/2026-14:56:13] [I] Average on 10 runs - GPU latency: 0.0982788 ms - Host latency: 0.0982788 ms (enqueue 0.0820496 ms)
[02/25/2026-14:56:13] [I] Average on 10 runs - GPU latency: 0.096344 ms - Host latency: 0.096344 ms (enqueue 0.0798157 ms)
[02/25/2026-14:56:13] [I] Average on 10 runs - GPU latency: 0.0965027 ms - Host latency: 0.0965027 ms (enqueue 0.0800934 ms)
[02/25/2026-14:56:13] [I] Average on 10 runs - GPU latency: 0.0977631 ms - Host latency: 0.0977631 ms (enqueue 0.0836609 ms)
[02/25/2026-14:56:13] [I] Average on 10 runs - GPU latency: 0.0968781 ms - Host latency: 0.0968781 ms (enqueue 0.0818726 ms)
[02/25/2026-14:56:13] [I] Average on 10 runs - GPU latency: 0.096994 ms - Host latency: 0.096994 ms (enqueue 0.0815399 ms)
[02/25/2026-14:56:13] [I] Average on 10 runs - GPU latency: 0.0970337 ms - Host latency: 0.0970337 ms (enqueue 0.0815399 ms)
[02/25/2026-14:56:13] [I] Average on 10 runs - GPU latency: 0.0974609 ms - Host latency: 0.0974609 ms (enqueue 0.0800964 ms)
[02/25/2026-14:56:13] [I] Average on 10 runs - GPU latency: 0.0961792 ms - Host latency: 0.0961792 ms (enqueue 0.0800385 ms)
[02/25/2026-14:56:13] [I] Average on 10 runs - GPU latency: 0.0958649 ms - Host latency: 0.0958649 ms (enqueue 0.0793579 ms)
[02/25/2026-14:56:13] [I] Average on 10 runs - GPU latency: 0.0966858 ms - Host latency: 0.0966858 ms (enqueue 0.0799316 ms)
[02/25/2026-14:56:13] [I] Average on 10 runs - GPU latency: 0.0957733 ms - Host latency: 0.0957733 ms (enqueue 0.0812164 ms)
[02/25/2026-14:56:13] [I] Average on 10 runs - GPU latency: 0.0963928 ms - Host latency: 0.0963928 ms (enqueue 0.0799561 ms)
[02/25/2026-14:56:13] [I] Average on 10 runs - GPU latency: 0.0965637 ms - Host latency: 0.0965637 ms (enqueue 0.0804382 ms)
[02/25/2026-14:56:13] [I] Average on 10 runs - GPU latency: 0.0962189 ms - Host latency: 0.0962189 ms (enqueue 0.0813293 ms)
[02/25/2026-14:56:13] [I] Average on 10 runs - GPU latency: 0.0970551 ms - Host latency: 0.0970551 ms (enqueue 0.0827698 ms)
[02/25/2026-14:56:13] [I] Average on 10 runs - GPU latency: 0.0960114 ms - Host latency: 0.0960114 ms (enqueue 0.0801422 ms)
[02/25/2026-14:56:13] [I] Average on 10 runs - GPU latency: 0.0963135 ms - Host latency: 0.0963135 ms (enqueue 0.0799133 ms)
[02/25/2026-14:56:13] [I] Average on 10 runs - GPU latency: 0.0960083 ms - Host latency: 0.0960083 ms (enqueue 0.0808166 ms)
[02/25/2026-14:56:13] [I] Average on 10 runs - GPU latency: 0.0978607 ms - Host latency: 0.0978607 ms (enqueue 0.0828613 ms)
[02/25/2026-14:56:13] [I] Average on 10 runs - GPU latency: 0.0962769 ms - Host latency: 0.0962769 ms (enqueue 0.0792725 ms)
[02/25/2026-14:56:13] [I] Average on 10 runs - GPU latency: 0.0955963 ms - Host latency: 0.0955963 ms (enqueue 0.080127 ms)
[02/25/2026-14:56:13] [I] Average on 10 runs - GPU latency: 0.096228 ms - Host latency: 0.096228 ms (enqueue 0.0789551 ms)
[02/25/2026-14:56:13] [I] Average on 10 runs - GPU latency: 0.0959137 ms - Host latency: 0.0959137 ms (enqueue 0.082254 ms)
[02/25/2026-14:56:13] [I] Average on 10 runs - GPU latency: 0.0963135 ms - Host latency: 0.0963135 ms (enqueue 0.0804565 ms)
[02/25/2026-14:56:13] [I] Average on 10 runs - GPU latency: 0.0959045 ms - Host latency: 0.0959045 ms (enqueue 0.0819183 ms)
[02/25/2026-14:56:13] [I] Average on 10 runs - GPU latency: 0.0961395 ms - Host latency: 0.0961395 ms (enqueue 0.080304 ms)
[02/25/2026-14:56:13] [I] Average on 10 runs - GPU latency: 0.0965027 ms - Host latency: 0.0965027 ms (enqueue 0.0827911 ms)
[02/25/2026-14:56:13] [I] Average on 10 runs - GPU latency: 0.0977203 ms - Host latency: 0.0977203 ms (enqueue 0.0796906 ms)
[02/25/2026-14:56:13] [I] Average on 10 runs - GPU latency: 0.0959076 ms - Host latency: 0.0959076 ms (enqueue 0.080835 ms)
[02/25/2026-14:56:13] [I] Average on 10 runs - GPU latency: 0.0953308 ms - Host latency: 0.0953308 ms (enqueue 0.0809509 ms)
[02/25/2026-14:56:13] [I] Average on 10 runs - GPU latency: 0.0968658 ms - Host latency: 0.0968658 ms (enqueue 0.081012 ms)
[02/25/2026-14:56:13] [I] Average on 10 runs - GPU latency: 0.100552 ms - Host latency: 0.100552 ms (enqueue 0.0853699 ms)
[02/25/2026-14:56:13] [I] Average on 10 runs - GPU latency: 0.0963287 ms - Host latency: 0.0963287 ms (enqueue 0.0804199 ms)
[02/25/2026-14:56:13] [I] Average on 10 runs - GPU latency: 0.0975525 ms - Host latency: 0.0975525 ms (enqueue 0.0810455 ms)
[02/25/2026-14:56:13] [I] Average on 10 runs - GPU latency: 0.0962982 ms - Host latency: 0.0962982 ms (enqueue 0.0800995 ms)
[02/25/2026-14:56:13] [I] Average on 10 runs - GPU latency: 0.097876 ms - Host latency: 0.097876 ms (enqueue 0.0822937 ms)
[02/25/2026-14:56:13] [I] Average on 10 runs - GPU latency: 0.0963348 ms - Host latency: 0.0963348 ms (enqueue 0.0813232 ms)
[02/25/2026-14:56:13] [I] Average on 10 runs - GPU latency: 0.0965729 ms - Host latency: 0.0965729 ms (enqueue 0.0801605 ms)
[02/25/2026-14:56:13] [I] Average on 10 runs - GPU latency: 0.0959351 ms - Host latency: 0.0959351 ms (enqueue 0.0801422 ms)
[02/25/2026-14:56:13] [I] Average on 10 runs - GPU latency: 0.097525 ms - Host latency: 0.097525 ms (enqueue 0.0833984 ms)
[02/25/2026-14:56:13] [I] Average on 10 runs - GPU latency: 0.095755 ms - Host latency: 0.095755 ms (enqueue 0.0787506 ms)
[02/25/2026-14:56:13] [I] Average on 10 runs - GPU latency: 0.0956146 ms - Host latency: 0.0956146 ms (enqueue 0.0802979 ms)
[02/25/2026-14:56:13] [I] Average on 10 runs - GPU latency: 0.0959137 ms - Host latency: 0.0959137 ms (enqueue 0.0800934 ms)
[02/25/2026-14:56:13] [I] Average on 10 runs - GPU latency: 0.0963135 ms - Host latency: 0.0963135 ms (enqueue 0.0818085 ms)
[02/25/2026-14:56:13] [I] Average on 10 runs - GPU latency: 0.0968048 ms - Host latency: 0.0968048 ms (enqueue 0.0812927 ms)
[02/25/2026-14:56:13] [I] Average on 10 runs - GPU latency: 0.0967957 ms - Host latency: 0.0967957 ms (enqueue 0.0804779 ms)
[02/25/2026-14:56:13] [I] Average on 10 runs - GPU latency: 0.0962646 ms - Host latency: 0.0962646 ms (enqueue 0.0798492 ms)
[02/25/2026-14:56:13] [I] Average on 10 runs - GPU latency: 0.0978729 ms - Host latency: 0.0978729 ms (enqueue 0.0855194 ms)
[02/25/2026-14:56:13] [I] Average on 10 runs - GPU latency: 0.0967468 ms - Host latency: 0.0967468 ms (enqueue 0.080014 ms)
[02/25/2026-14:56:13] [I] Average on 10 runs - GPU latency: 0.096283 ms - Host latency: 0.096283 ms (enqueue 0.0788025 ms)
[02/25/2026-14:56:13] [I] Average on 10 runs - GPU latency: 0.0950439 ms - Host latency: 0.0950439 ms (enqueue 0.0794464 ms)
[02/25/2026-14:56:13] [I] Average on 10 runs - GPU latency: 0.09534 ms - Host latency: 0.09534 ms (enqueue 0.0811676 ms)
[02/25/2026-14:56:13] [I] Average on 10 runs - GPU latency: 0.096048 ms - Host latency: 0.096048 ms (enqueue 0.0802002 ms)
[02/25/2026-14:56:13] [I] Average on 10 runs - GPU latency: 0.0963074 ms - Host latency: 0.0963074 ms (enqueue 0.0796509 ms)
[02/25/2026-14:56:13] [I] Average on 10 runs - GPU latency: 0.0960114 ms - Host latency: 0.0960114 ms (enqueue 0.0800385 ms)
[02/25/2026-14:56:13] [I] Average on 10 runs - GPU latency: 0.0955811 ms - Host latency: 0.0955811 ms (enqueue 0.0830383 ms)
[02/25/2026-14:56:13] [I] Average on 10 runs - GPU latency: 0.0963745 ms - Host latency: 0.0963745 ms (enqueue 0.0818298 ms)
[02/25/2026-14:56:13] [I] Average on 10 runs - GPU latency: 0.0970703 ms - Host latency: 0.0970703 ms (enqueue 0.0805054 ms)
[02/25/2026-14:56:13] [I] Average on 10 runs - GPU latency: 0.0958954 ms - Host latency: 0.0958954 ms (enqueue 0.0810211 ms)
[02/25/2026-14:56:13] [I] Average on 10 runs - GPU latency: 0.0982697 ms - Host latency: 0.0982697 ms (enqueue 0.0821136 ms)
[02/25/2026-14:56:13] [I] Average on 10 runs - GPU latency: 0.0962067 ms - Host latency: 0.0962067 ms (enqueue 0.0794037 ms)
[02/25/2026-14:56:13] [I] Average on 10 runs - GPU latency: 0.0959595 ms - Host latency: 0.0959595 ms (enqueue 0.079303 ms)
[02/25/2026-14:56:13] [I] Average on 10 runs - GPU latency: 0.095697 ms - Host latency: 0.095697 ms (enqueue 0.0790741 ms)
[02/25/2026-14:56:13] [I] Average on 10 runs - GPU latency: 0.0959076 ms - Host latency: 0.0959076 ms (enqueue 0.082608 ms)
[02/25/2026-14:56:13] [I] Average on 10 runs - GPU latency: 0.0961426 ms - Host latency: 0.0961426 ms (enqueue 0.0804901 ms)
[02/25/2026-14:56:13] [I] Average on 10 runs - GPU latency: 0.0958069 ms - Host latency: 0.0958069 ms (enqueue 0.0800903 ms)
[02/25/2026-14:56:13] [I] Average on 10 runs - GPU latency: 0.0961822 ms - Host latency: 0.0961822 ms (enqueue 0.0801086 ms)
[02/25/2026-14:56:13] [I] Average on 10 runs - GPU latency: 0.0966248 ms - Host latency: 0.0966248 ms (enqueue 0.083902 ms)
[02/25/2026-14:56:13] [I] Average on 10 runs - GPU latency: 0.0965149 ms - Host latency: 0.0965149 ms (enqueue 0.0795563 ms)
[02/25/2026-14:56:13] [I] Average on 10 runs - GPU latency: 0.0962921 ms - Host latency: 0.0962921 ms (enqueue 0.0820831 ms)
[02/25/2026-14:56:13] [I] Average on 10 runs - GPU latency: 0.0966248 ms - Host latency: 0.0966248 ms (enqueue 0.0801392 ms)
[02/25/2026-14:56:13] [I] Average on 10 runs - GPU latency: 0.0963165 ms - Host latency: 0.0963165 ms (enqueue 0.0823914 ms)
[02/25/2026-14:56:13] [I] Average on 10 runs - GPU latency: 0.0966614 ms - Host latency: 0.0966614 ms (enqueue 0.0796478 ms)
[02/25/2026-14:56:13] [I] Average on 10 runs - GPU latency: 0.0962158 ms - Host latency: 0.0962158 ms (enqueue 0.0798676 ms)
[02/25/2026-14:56:13] [I] Average on 10 runs - GPU latency: 0.0958527 ms - Host latency: 0.0958527 ms (enqueue 0.0801849 ms)
[02/25/2026-14:56:13] [I] Average on 10 runs - GPU latency: 0.0966766 ms - Host latency: 0.0966766 ms (enqueue 0.0837219 ms)
[02/25/2026-14:56:13] [I] Average on 10 runs - GPU latency: 0.0971802 ms - Host latency: 0.0971802 ms (enqueue 0.0797913 ms)
[02/25/2026-14:56:13] [I] Average on 10 runs - GPU latency: 0.0954254 ms - Host latency: 0.0954254 ms (enqueue 0.0792053 ms)
[02/25/2026-14:56:13] [I] Average on 10 runs - GPU latency: 0.0958954 ms - Host latency: 0.0958954 ms (enqueue 0.0810333 ms)
[02/25/2026-14:56:13] [I] Average on 10 runs - GPU latency: 0.0964874 ms - Host latency: 0.0964874 ms (enqueue 0.0822083 ms)
[02/25/2026-14:56:13] [I] Average on 10 runs - GPU latency: 0.0961121 ms - Host latency: 0.0961121 ms (enqueue 0.0800079 ms)
[02/25/2026-14:56:13] [I] Average on 10 runs - GPU latency: 0.0965485 ms - Host latency: 0.0965485 ms (enqueue 0.0817291 ms)
[02/25/2026-14:56:13] [I] Average on 10 runs - GPU latency: 0.0968536 ms - Host latency: 0.0968536 ms (enqueue 0.0814758 ms)
[02/25/2026-14:56:13] [I] Average on 10 runs - GPU latency: 0.0963684 ms - Host latency: 0.0963684 ms (enqueue 0.0812775 ms)
[02/25/2026-14:56:13] [I] Average on 10 runs - GPU latency: 0.0963104 ms - Host latency: 0.0963104 ms (enqueue 0.0807007 ms)
[02/25/2026-14:56:13] [I] Average on 10 runs - GPU latency: 0.0958893 ms - Host latency: 0.0958893 ms (enqueue 0.0800049 ms)
[02/25/2026-14:56:13] [I] Average on 10 runs - GPU latency: 0.0960541 ms - Host latency: 0.0960541 ms (enqueue 0.0813232 ms)
[02/25/2026-14:56:13] [I] Average on 10 runs - GPU latency: 0.0967407 ms - Host latency: 0.0967407 ms (enqueue 0.0809692 ms)
[02/25/2026-14:56:13] [I] Average on 10 runs - GPU latency: 0.0984375 ms - Host latency: 0.0984375 ms (enqueue 0.0821259 ms)
[02/25/2026-14:56:13] [I] Average on 10 runs - GPU latency: 0.0962372 ms - Host latency: 0.0962372 ms (enqueue 0.080246 ms)
[02/25/2026-14:56:13] [I] Average on 10 runs - GPU latency: 0.0959869 ms - Host latency: 0.0959869 ms (enqueue 0.0803284 ms)
[02/25/2026-14:56:13] [I] Average on 10 runs - GPU latency: 0.0959381 ms - Host latency: 0.0959381 ms (enqueue 0.0797699 ms)
[02/25/2026-14:56:13] [I] Average on 10 runs - GPU latency: 0.0954193 ms - Host latency: 0.0954193 ms (enqueue 0.0812439 ms)
[02/25/2026-14:56:13] [I] Average on 10 runs - GPU latency: 0.0960175 ms - Host latency: 0.0960175 ms (enqueue 0.0801666 ms)
[02/25/2026-14:56:13] [I] Average on 10 runs - GPU latency: 0.0959442 ms - Host latency: 0.0959442 ms (enqueue 0.0795013 ms)
[02/25/2026-14:56:13] [I] Average on 10 runs - GPU latency: 0.0963654 ms - Host latency: 0.0963654 ms (enqueue 0.0796356 ms)
[02/25/2026-14:56:13] [I] Average on 10 runs - GPU latency: 0.0957855 ms - Host latency: 0.0957855 ms (enqueue 0.0827942 ms)
[02/25/2026-14:56:13] [I] Average on 10 runs - GPU latency: 0.0955689 ms - Host latency: 0.0955689 ms (enqueue 0.0792389 ms)
[02/25/2026-14:56:13] [I] Average on 10 runs - GPU latency: 0.0962921 ms - Host latency: 0.0962921 ms (enqueue 0.0794556 ms)
[02/25/2026-14:56:13] [I] Average on 10 runs - GPU latency: 0.0954803 ms - Host latency: 0.0954803 ms (enqueue 0.0798492 ms)
[02/25/2026-14:56:13] [I] Average on 10 runs - GPU latency: 0.0967163 ms - Host latency: 0.0967163 ms (enqueue 0.0821625 ms)
[02/25/2026-14:56:13] [I] Average on 10 runs - GPU latency: 0.0964325 ms - Host latency: 0.0964325 ms (enqueue 0.0832489 ms)
[02/25/2026-14:56:13] [I] Average on 10 runs - GPU latency: 0.0999329 ms - Host latency: 0.0999329 ms (enqueue 0.0838074 ms)
[02/25/2026-14:56:13] [I] Average on 10 runs - GPU latency: 0.0962891 ms - Host latency: 0.0962891 ms (enqueue 0.0794617 ms)
[02/25/2026-14:56:13] [I] Average on 10 runs - GPU latency: 0.0983032 ms - Host latency: 0.0983032 ms (enqueue 0.0838013 ms)
[02/25/2026-14:56:13] [I] Average on 10 runs - GPU latency: 0.0966858 ms - Host latency: 0.0966858 ms (enqueue 0.0798584 ms)
[02/25/2026-14:56:13] [I] Average on 10 runs - GPU latency: 0.0956299 ms - Host latency: 0.0956299 ms (enqueue 0.0802673 ms)
[02/25/2026-14:56:13] [I] Average on 10 runs - GPU latency: 0.096228 ms - Host latency: 0.096228 ms (enqueue 0.0802795 ms)
[02/25/2026-14:56:13] [I] Average on 10 runs - GPU latency: 0.0977722 ms - Host latency: 0.0977722 ms (enqueue 0.0833679 ms)
[02/25/2026-14:56:13] [I] Average on 10 runs - GPU latency: 0.0970154 ms - Host latency: 0.0970154 ms (enqueue 0.0794556 ms)
[02/25/2026-14:56:13] [I] Average on 10 runs - GPU latency: 0.0964233 ms - Host latency: 0.0964233 ms (enqueue 0.0787415 ms)
[02/25/2026-14:56:13] [I] Average on 10 runs - GPU latency: 0.0960999 ms - Host latency: 0.0960999 ms (enqueue 0.0797485 ms)
[02/25/2026-14:56:13] [I] Average on 10 runs - GPU latency: 0.0954834 ms - Host latency: 0.0954834 ms (enqueue 0.0818359 ms)
[02/25/2026-14:56:13] [I] Average on 10 runs - GPU latency: 0.0955078 ms - Host latency: 0.0955078 ms (enqueue 0.0817322 ms)
[02/25/2026-14:56:13] [I] Average on 10 runs - GPU latency: 0.0956238 ms - Host latency: 0.0956238 ms (enqueue 0.0807556 ms)
[02/25/2026-14:56:13] [I] Average on 10 runs - GPU latency: 0.0961914 ms - Host latency: 0.0961914 ms (enqueue 0.0801575 ms)
[02/25/2026-14:56:13] [I] Average on 10 runs - GPU latency: 0.0962708 ms - Host latency: 0.0962708 ms (enqueue 0.0829224 ms)
[02/25/2026-14:56:13] [I] Average on 10 runs - GPU latency: 0.0955566 ms - Host latency: 0.0955566 ms (enqueue 0.0796936 ms)
[02/25/2026-14:56:13] [I] Average on 10 runs - GPU latency: 0.096228 ms - Host latency: 0.096228 ms (enqueue 0.0807739 ms)
[02/25/2026-14:56:13] [I] Average on 10 runs - GPU latency: 0.0966431 ms - Host latency: 0.0966431 ms (enqueue 0.0808838 ms)
[02/25/2026-14:56:13] [I] Average on 10 runs - GPU latency: 0.0981323 ms - Host latency: 0.0981323 ms (enqueue 0.0837891 ms)
[02/25/2026-14:56:13] [I] Average on 10 runs - GPU latency: 0.0977356 ms - Host latency: 0.0977356 ms (enqueue 0.0813965 ms)
[02/25/2026-14:56:13] [I] Average on 10 runs - GPU latency: 0.0962708 ms - Host latency: 0.0962708 ms (enqueue 0.0799194 ms)
[02/25/2026-14:56:13] [I] Average on 10 runs - GPU latency: 0.0966492 ms - Host latency: 0.0966492 ms (enqueue 0.0810608 ms)
[02/25/2026-14:56:13] [I] Average on 10 runs - GPU latency: 0.0978394 ms - Host latency: 0.0978394 ms (enqueue 0.0817871 ms)
[02/25/2026-14:56:13] [I] Average on 10 runs - GPU latency: 0.0965454 ms - Host latency: 0.0965454 ms (enqueue 0.0798645 ms)
[02/25/2026-14:56:13] [I] Average on 10 runs - GPU latency: 0.0959717 ms - Host latency: 0.0959717 ms (enqueue 0.0799805 ms)
[02/25/2026-14:56:13] [I] Average on 10 runs - GPU latency: 0.0950989 ms - Host latency: 0.0950989 ms (enqueue 0.0801514 ms)
[02/25/2026-14:56:13] [I] Average on 10 runs - GPU latency: 0.0981445 ms - Host latency: 0.0981445 ms (enqueue 0.0816101 ms)
[02/25/2026-14:56:13] [I] Average on 10 runs - GPU latency: 0.095636 ms - Host latency: 0.095636 ms (enqueue 0.079126 ms)
[02/25/2026-14:56:13] [I] Average on 10 runs - GPU latency: 0.095752 ms - Host latency: 0.095752 ms (enqueue 0.0789429 ms)
[02/25/2026-14:56:13] [I] Average on 10 runs - GPU latency: 0.0962952 ms - Host latency: 0.0962952 ms (enqueue 0.0812256 ms)
[02/25/2026-14:56:13] [I] Average on 10 runs - GPU latency: 0.0958374 ms - Host latency: 0.0958374 ms (enqueue 0.0819275 ms)
[02/25/2026-14:56:13] [I] Average on 10 runs - GPU latency: 0.096167 ms - Host latency: 0.096167 ms (enqueue 0.0816284 ms)
[02/25/2026-14:56:13] [I] Average on 10 runs - GPU latency: 0.0974304 ms - Host latency: 0.0974304 ms (enqueue 0.0821533 ms)
[02/25/2026-14:56:13] [I] Average on 10 runs - GPU latency: 0.097998 ms - Host latency: 0.097998 ms (enqueue 0.0816101 ms)
[02/25/2026-14:56:13] [I] Average on 10 runs - GPU latency: 0.097467 ms - Host latency: 0.097467 ms (enqueue 0.0818115 ms)
[02/25/2026-14:56:13] [I] Average on 10 runs - GPU latency: 0.0967407 ms - Host latency: 0.0967407 ms (enqueue 0.0794678 ms)
[02/25/2026-14:56:13] [I] Average on 10 runs - GPU latency: 0.0959534 ms - Host latency: 0.0959534 ms (enqueue 0.0792419 ms)
[02/25/2026-14:56:13] [I] Average on 10 runs - GPU latency: 0.0958557 ms - Host latency: 0.0958557 ms (enqueue 0.0803223 ms)
[02/25/2026-14:56:13] [I] Average on 10 runs - GPU latency: 0.0960876 ms - Host latency: 0.0960876 ms (enqueue 0.0833862 ms)
[02/25/2026-14:56:13] [I] Average on 10 runs - GPU latency: 0.0981323 ms - Host latency: 0.0981323 ms (enqueue 0.0806824 ms)
[02/25/2026-14:56:13] [I] Average on 10 runs - GPU latency: 0.0959106 ms - Host latency: 0.0959106 ms (enqueue 0.0804382 ms)
[02/25/2026-14:56:13] [I] Average on 10 runs - GPU latency: 0.0961853 ms - Host latency: 0.0961853 ms (enqueue 0.0799866 ms)
[02/25/2026-14:56:13] [I] Average on 10 runs - GPU latency: 0.0958801 ms - Host latency: 0.0958801 ms (enqueue 0.0829773 ms)
[02/25/2026-14:56:13] [I] Average on 10 runs - GPU latency: 0.0977905 ms - Host latency: 0.0977905 ms (enqueue 0.0821777 ms)
[02/25/2026-14:56:13] [I] Average on 10 runs - GPU latency: 0.0973267 ms - Host latency: 0.0973267 ms (enqueue 0.0812439 ms)
[02/25/2026-14:56:13] [I] Average on 10 runs - GPU latency: 0.0976685 ms - Host latency: 0.0976685 ms (enqueue 0.0815918 ms)
[02/25/2026-14:56:13] [I] Average on 10 runs - GPU latency: 0.0972229 ms - Host latency: 0.0972229 ms (enqueue 0.0828674 ms)
[02/25/2026-14:56:13] [I] Average on 10 runs - GPU latency: 0.0983398 ms - Host latency: 0.0983398 ms (enqueue 0.0796265 ms)
[02/25/2026-14:56:13] [I] Average on 10 runs - GPU latency: 0.0956909 ms - Host latency: 0.0956909 ms (enqueue 0.0805725 ms)
[02/25/2026-14:56:13] [I] Average on 10 runs - GPU latency: 0.0959473 ms - Host latency: 0.0959473 ms (enqueue 0.0797791 ms)
[02/25/2026-14:56:13] [I] Average on 10 runs - GPU latency: 0.0961792 ms - Host latency: 0.0961792 ms (enqueue 0.0797607 ms)
[02/25/2026-14:56:13] [I] Average on 10 runs - GPU latency: 0.0964783 ms - Host latency: 0.0964783 ms (enqueue 0.0827148 ms)
[02/25/2026-14:56:13] [I] Average on 10 runs - GPU latency: 0.0956726 ms - Host latency: 0.0956726 ms (enqueue 0.0804688 ms)
[02/25/2026-14:56:13] [I] Average on 10 runs - GPU latency: 0.0966126 ms - Host latency: 0.0966126 ms (enqueue 0.0802002 ms)
[02/25/2026-14:56:13] [I] Average on 10 runs - GPU latency: 0.0960388 ms - Host latency: 0.0960388 ms (enqueue 0.0812012 ms)
[02/25/2026-14:56:13] [I] Average on 10 runs - GPU latency: 0.100317 ms - Host latency: 0.100317 ms (enqueue 0.0835144 ms)
[02/25/2026-14:56:13] [I] Average on 10 runs - GPU latency: 0.0960449 ms - Host latency: 0.0960449 ms (enqueue 0.0802307 ms)
[02/25/2026-14:56:13] [I] Average on 10 runs - GPU latency: 0.0961731 ms - Host latency: 0.0961731 ms (enqueue 0.0796631 ms)
[02/25/2026-14:56:13] [I] Average on 10 runs - GPU latency: 0.0964233 ms - Host latency: 0.0964233 ms (enqueue 0.0794861 ms)
[02/25/2026-14:56:13] [I] Average on 10 runs - GPU latency: 0.0954956 ms - Host latency: 0.0954956 ms (enqueue 0.0827942 ms)
[02/25/2026-14:56:13] [I] Average on 10 runs - GPU latency: 0.0971375 ms - Host latency: 0.0971375 ms (enqueue 0.0815369 ms)
[02/25/2026-14:56:13] [I] Average on 10 runs - GPU latency: 0.0964355 ms - Host latency: 0.0964355 ms (enqueue 0.0797363 ms)
[02/25/2026-14:56:13] [I] Average on 10 runs - GPU latency: 0.0965698 ms - Host latency: 0.0965698 ms (enqueue 0.0790588 ms)
[02/25/2026-14:56:13] [I] Average on 10 runs - GPU latency: 0.0976074 ms - Host latency: 0.0976074 ms (enqueue 0.0839905 ms)
[02/25/2026-14:56:13] [I] Average on 10 runs - GPU latency: 0.095459 ms - Host latency: 0.095459 ms (enqueue 0.0788391 ms)
[02/25/2026-14:56:13] [I] Average on 10 runs - GPU latency: 0.0958618 ms - Host latency: 0.0958618 ms (enqueue 0.0796875 ms)
[02/25/2026-14:56:13] [I] Average on 10 runs - GPU latency: 0.0951843 ms - Host latency: 0.0951843 ms (enqueue 0.0791809 ms)
[02/25/2026-14:56:13] [I] Average on 10 runs - GPU latency: 0.096106 ms - Host latency: 0.096106 ms (enqueue 0.0811279 ms)
[02/25/2026-14:56:13] [I] Average on 10 runs - GPU latency: 0.0960571 ms - Host latency: 0.0960571 ms (enqueue 0.0802307 ms)
[02/25/2026-14:56:13] [I] Average on 10 runs - GPU latency: 0.0957886 ms - Host latency: 0.0957886 ms (enqueue 0.0802734 ms)
[02/25/2026-14:56:13] [I] Average on 10 runs - GPU latency: 0.0955261 ms - Host latency: 0.0955261 ms (enqueue 0.0806091 ms)
[02/25/2026-14:56:13] [I] Average on 10 runs - GPU latency: 0.0960693 ms - Host latency: 0.0960693 ms (enqueue 0.0816589 ms)
[02/25/2026-14:56:13] [I] Average on 10 runs - GPU latency: 0.0955689 ms - Host latency: 0.0955689 ms (enqueue 0.0799683 ms)
[02/25/2026-14:56:13] [I] Average on 10 runs - GPU latency: 0.0960327 ms - Host latency: 0.0960327 ms (enqueue 0.0812256 ms)
[02/25/2026-14:56:13] [I] Average on 10 runs - GPU latency: 0.0957214 ms - Host latency: 0.0957214 ms (enqueue 0.0808899 ms)
[02/25/2026-14:56:13] [I] Average on 10 runs - GPU latency: 0.0969727 ms - Host latency: 0.0969727 ms (enqueue 0.0832703 ms)
[02/25/2026-14:56:13] [I] Average on 10 runs - GPU latency: 0.0958374 ms - Host latency: 0.0958374 ms (enqueue 0.080658 ms)
[02/25/2026-14:56:13] [I] Average on 10 runs - GPU latency: 0.0965698 ms - Host latency: 0.0965698 ms (enqueue 0.0804871 ms)
[02/25/2026-14:56:13] [I] Average on 10 runs - GPU latency: 0.0963867 ms - Host latency: 0.0963867 ms (enqueue 0.0803894 ms)
[02/25/2026-14:56:13] [I] Average on 10 runs - GPU latency: 0.100415 ms - Host latency: 0.100415 ms (enqueue 0.0838989 ms)
[02/25/2026-14:56:13] [I] Average on 10 runs - GPU latency: 0.096228 ms - Host latency: 0.096228 ms (enqueue 0.0799988 ms)
[02/25/2026-14:56:13] [I] Average on 10 runs - GPU latency: 0.0961548 ms - Host latency: 0.0961548 ms (enqueue 0.0813721 ms)
[02/25/2026-14:56:13] [I] Average on 10 runs - GPU latency: 0.0958923 ms - Host latency: 0.0958923 ms (enqueue 0.079834 ms)
[02/25/2026-14:56:13] [I] Average on 10 runs - GPU latency: 0.0963806 ms - Host latency: 0.0963806 ms (enqueue 0.0810791 ms)
[02/25/2026-14:56:13] [I] Average on 10 runs - GPU latency: 0.0966736 ms - Host latency: 0.0966736 ms (enqueue 0.0803589 ms)
[02/25/2026-14:56:13] [I] Average on 10 runs - GPU latency: 0.0960144 ms - Host latency: 0.0960144 ms (enqueue 0.0798645 ms)
[02/25/2026-14:56:13] [I] Average on 10 runs - GPU latency: 0.0957397 ms - Host latency: 0.0957397 ms (enqueue 0.0799133 ms)
[02/25/2026-14:56:13] [I] Average on 10 runs - GPU latency: 0.0965088 ms - Host latency: 0.0965088 ms (enqueue 0.0823425 ms)
[02/25/2026-14:56:13] [I] Average on 10 runs - GPU latency: 0.096698 ms - Host latency: 0.096698 ms (enqueue 0.0807861 ms)
[02/25/2026-14:56:13] [I] Average on 10 runs - GPU latency: 0.0970459 ms - Host latency: 0.0970459 ms (enqueue 0.080957 ms)
[02/25/2026-14:56:13] [I] Average on 10 runs - GPU latency: 0.096814 ms - Host latency: 0.096814 ms (enqueue 0.0813171 ms)
[02/25/2026-14:56:13] [I] Average on 10 runs - GPU latency: 0.0960876 ms - Host latency: 0.0960876 ms (enqueue 0.0807129 ms)
[02/25/2026-14:56:13] [I] Average on 10 runs - GPU latency: 0.0966919 ms - Host latency: 0.0966919 ms (enqueue 0.0789124 ms)
[02/25/2026-14:56:13] [I] Average on 10 runs - GPU latency: 0.0968506 ms - Host latency: 0.0968506 ms (enqueue 0.0795654 ms)
[02/25/2026-14:56:13] [I] Average on 10 runs - GPU latency: 0.0958374 ms - Host latency: 0.0958374 ms (enqueue 0.0790344 ms)
[02/25/2026-14:56:13] [I] Average on 10 runs - GPU latency: 0.095343 ms - Host latency: 0.095343 ms (enqueue 0.0824402 ms)
[02/25/2026-14:56:13] [I] Average on 10 runs - GPU latency: 0.0955078 ms - Host latency: 0.0955078 ms (enqueue 0.0797058 ms)
[02/25/2026-14:56:13] [I] Average on 10 runs - GPU latency: 0.0955078 ms - Host latency: 0.0955078 ms (enqueue 0.0800049 ms)
[02/25/2026-14:56:13] [I] Average on 10 runs - GPU latency: 0.0957153 ms - Host latency: 0.0957153 ms (enqueue 0.0792603 ms)
[02/25/2026-14:56:13] [I] Average on 10 runs - GPU latency: 0.0959473 ms - Host latency: 0.0959473 ms (enqueue 0.0804565 ms)
[02/25/2026-14:56:13] [I] Average on 10 runs - GPU latency: 0.0957458 ms - Host latency: 0.0957458 ms (enqueue 0.0800659 ms)
[02/25/2026-14:56:13] [I] Average on 10 runs - GPU latency: 0.0961975 ms - Host latency: 0.0961975 ms (enqueue 0.0798401 ms)
[02/25/2026-14:56:13] [I] Average on 10 runs - GPU latency: 0.0954651 ms - Host latency: 0.0954651 ms (enqueue 0.0803284 ms)
[02/25/2026-14:56:13] [I] Average on 10 runs - GPU latency: 0.0963318 ms - Host latency: 0.0963318 ms (enqueue 0.0801575 ms)
[02/25/2026-14:56:13] [I] Average on 10 runs - GPU latency: 0.0958313 ms - Host latency: 0.0958313 ms (enqueue 0.0855225 ms)
[02/25/2026-14:56:13] [I] Average on 10 runs - GPU latency: 0.0956116 ms - Host latency: 0.0956116 ms (enqueue 0.0789307 ms)
[02/25/2026-14:56:13] [I] Average on 10 runs - GPU latency: 0.0960571 ms - Host latency: 0.0960571 ms (enqueue 0.0790466 ms)
[02/25/2026-14:56:13] [I] Average on 10 runs - GPU latency: 0.0959473 ms - Host latency: 0.0959473 ms (enqueue 0.0819946 ms)
[02/25/2026-14:56:13] [I] Average on 10 runs - GPU latency: 0.0965454 ms - Host latency: 0.0965454 ms (enqueue 0.081842 ms)
[02/25/2026-14:56:13] [I] Average on 10 runs - GPU latency: 0.0961548 ms - Host latency: 0.0961548 ms (enqueue 0.0804382 ms)
[02/25/2026-14:56:13] [I] Average on 10 runs - GPU latency: 0.095227 ms - Host latency: 0.095227 ms (enqueue 0.080127 ms)
[02/25/2026-14:56:13] [I] Average on 10 runs - GPU latency: 0.0954895 ms - Host latency: 0.0954895 ms (enqueue 0.0786194 ms)
[02/25/2026-14:56:13] [I] Average on 10 runs - GPU latency: 0.0981628 ms - Host latency: 0.0981628 ms (enqueue 0.0832214 ms)
[02/25/2026-14:56:13] [I] Average on 10 runs - GPU latency: 0.0971008 ms - Host latency: 0.0971008 ms (enqueue 0.0803223 ms)
[02/25/2026-14:56:13] [I] Average on 10 runs - GPU latency: 0.0961304 ms - Host latency: 0.0961304 ms (enqueue 0.0798767 ms)
[02/25/2026-14:56:13] [I] Average on 10 runs - GPU latency: 0.0959839 ms - Host latency: 0.0959839 ms (enqueue 0.0805054 ms)
[02/25/2026-14:56:13] [I] Average on 10 runs - GPU latency: 0.099884 ms - Host latency: 0.099884 ms (enqueue 0.0854248 ms)
[02/25/2026-14:56:13] [I] Average on 10 runs - GPU latency: 0.0964722 ms - Host latency: 0.0964722 ms (enqueue 0.0797607 ms)
[02/25/2026-14:56:13] [I] Average on 10 runs - GPU latency: 0.0969421 ms - Host latency: 0.0969421 ms (enqueue 0.0802673 ms)
[02/25/2026-14:56:13] [I] Average on 10 runs - GPU latency: 0.0955261 ms - Host latency: 0.0955261 ms (enqueue 0.0810913 ms)
[02/25/2026-14:56:13] [I] Average on 10 runs - GPU latency: 0.0958191 ms - Host latency: 0.0958191 ms (enqueue 0.081366 ms)
[02/25/2026-14:56:13] [I] Average on 10 runs - GPU latency: 0.0951477 ms - Host latency: 0.0951477 ms (enqueue 0.0798157 ms)
[02/25/2026-14:56:13] [I] Average on 10 runs - GPU latency: 0.095929 ms - Host latency: 0.095929 ms (enqueue 0.0792542 ms)
[02/25/2026-14:56:13] [I] Average on 10 runs - GPU latency: 0.0957031 ms - Host latency: 0.0957031 ms (enqueue 0.0799194 ms)
[02/25/2026-14:56:13] [I] Average on 10 runs - GPU latency: 0.0968994 ms - Host latency: 0.0968994 ms (enqueue 0.0842712 ms)
[02/25/2026-14:56:13] [I] Average on 10 runs - GPU latency: 0.0959229 ms - Host latency: 0.0959229 ms (enqueue 0.0798035 ms)
[02/25/2026-14:56:13] [I] Average on 10 runs - GPU latency: 0.0951538 ms - Host latency: 0.0951538 ms (enqueue 0.0799866 ms)
[02/25/2026-14:56:13] [I] Average on 10 runs - GPU latency: 0.0961426 ms - Host latency: 0.0961426 ms (enqueue 0.0804626 ms)
[02/25/2026-14:56:13] [I] Average on 10 runs - GPU latency: 0.0968445 ms - Host latency: 0.0968445 ms (enqueue 0.0819275 ms)
[02/25/2026-14:56:13] [I] Average on 10 runs - GPU latency: 0.0962219 ms - Host latency: 0.0962219 ms (enqueue 0.0801147 ms)
[02/25/2026-14:56:13] [I] Average on 10 runs - GPU latency: 0.0959351 ms - Host latency: 0.0959351 ms (enqueue 0.0808533 ms)
[02/25/2026-14:56:13] [I] Average on 10 runs - GPU latency: 0.0962708 ms - Host latency: 0.0962708 ms (enqueue 0.0803162 ms)
[02/25/2026-14:56:13] [I] Average on 10 runs - GPU latency: 0.0988159 ms - Host latency: 0.0988159 ms (enqueue 0.0835815 ms)
[02/25/2026-14:56:13] [I] Average on 10 runs - GPU latency: 0.0956421 ms - Host latency: 0.0956421 ms (enqueue 0.0794189 ms)
[02/25/2026-14:56:13] [I] Average on 10 runs - GPU latency: 0.0967285 ms - Host latency: 0.0967285 ms (enqueue 0.0807739 ms)
[02/25/2026-14:56:13] [I] Average on 10 runs - GPU latency: 0.095929 ms - Host latency: 0.095929 ms (enqueue 0.0811584 ms)
[02/25/2026-14:56:13] [I] Average on 10 runs - GPU latency: 0.100494 ms - Host latency: 0.100494 ms (enqueue 0.084613 ms)
[02/25/2026-14:56:13] [I] Average on 10 runs - GPU latency: 0.0968262 ms - Host latency: 0.0968262 ms (enqueue 0.0807129 ms)
[02/25/2026-14:56:13] [I] Average on 10 runs - GPU latency: 0.0969055 ms - Host latency: 0.0969055 ms (enqueue 0.0800232 ms)
[02/25/2026-14:56:13] [I] Average on 10 runs - GPU latency: 0.0951416 ms - Host latency: 0.0951416 ms (enqueue 0.0809509 ms)
[02/25/2026-14:56:13] [I] Average on 10 runs - GPU latency: 0.0997681 ms - Host latency: 0.0997681 ms (enqueue 0.0850098 ms)
[02/25/2026-14:56:13] [I] Average on 10 runs - GPU latency: 0.0961792 ms - Host latency: 0.0961792 ms (enqueue 0.0801514 ms)
[02/25/2026-14:56:13] [I] Average on 10 runs - GPU latency: 0.0959595 ms - Host latency: 0.0959595 ms (enqueue 0.0792786 ms)
[02/25/2026-14:56:13] [I] Average on 10 runs - GPU latency: 0.0957092 ms - Host latency: 0.0957092 ms (enqueue 0.0799927 ms)
[02/25/2026-14:56:13] [I] Average on 10 runs - GPU latency: 0.0990662 ms - Host latency: 0.0990662 ms (enqueue 0.0859009 ms)
[02/25/2026-14:56:13] [I] Average on 10 runs - GPU latency: 0.0958923 ms - Host latency: 0.0958923 ms (enqueue 0.0798462 ms)
[02/25/2026-14:56:13] [I] Average on 10 runs - GPU latency: 0.0958557 ms - Host latency: 0.0958557 ms (enqueue 0.080304 ms)
[02/25/2026-14:56:13] [I] Average on 10 runs - GPU latency: 0.0954712 ms - Host latency: 0.0954712 ms (enqueue 0.0797607 ms)
[02/25/2026-14:56:13] [I] Average on 10 runs - GPU latency: 0.0959595 ms - Host latency: 0.0959595 ms (enqueue 0.0812134 ms)
[02/25/2026-14:56:13] [I] Average on 10 runs - GPU latency: 0.0967834 ms - Host latency: 0.0967834 ms (enqueue 0.0789856 ms)
[02/25/2026-14:56:13] [I] Average on 10 runs - GPU latency: 0.0959656 ms - Host latency: 0.0959656 ms (enqueue 0.0799011 ms)
[02/25/2026-14:56:13] [I] Average on 10 runs - GPU latency: 0.0960388 ms - Host latency: 0.0960388 ms (enqueue 0.078833 ms)
[02/25/2026-14:56:13] [I] Average on 10 runs - GPU latency: 0.0957886 ms - Host latency: 0.0957886 ms (enqueue 0.0825928 ms)
[02/25/2026-14:56:13] [I] Average on 10 runs - GPU latency: 0.0953552 ms - Host latency: 0.0953552 ms (enqueue 0.0803528 ms)
[02/25/2026-14:56:13] [I] Average on 10 runs - GPU latency: 0.0958618 ms - Host latency: 0.0958618 ms (enqueue 0.079657 ms)
[02/25/2026-14:56:13] [I] Average on 10 runs - GPU latency: 0.0961243 ms - Host latency: 0.0961243 ms (enqueue 0.0790527 ms)
[02/25/2026-14:56:13] [I] Average on 10 runs - GPU latency: 0.0955017 ms - Host latency: 0.0955017 ms (enqueue 0.0819946 ms)
[02/25/2026-14:56:13] [I] Average on 10 runs - GPU latency: 0.0962097 ms - Host latency: 0.0962097 ms (enqueue 0.0804321 ms)
[02/25/2026-14:56:13] [I] Average on 10 runs - GPU latency: 0.0961121 ms - Host latency: 0.0961121 ms (enqueue 0.0789734 ms)
[02/25/2026-14:56:13] [I] Average on 10 runs - GPU latency: 0.0961731 ms - Host latency: 0.0961731 ms (enqueue 0.0811707 ms)
[02/25/2026-14:56:13] [I] Average on 10 runs - GPU latency: 0.095166 ms - Host latency: 0.095166 ms (enqueue 0.0794983 ms)
[02/25/2026-14:56:13] [I] Average on 10 runs - GPU latency: 0.0964966 ms - Host latency: 0.0964966 ms (enqueue 0.0806213 ms)
[02/25/2026-14:56:13] [I] Average on 10 runs - GPU latency: 0.0959961 ms - Host latency: 0.0959961 ms (enqueue 0.0786133 ms)
[02/25/2026-14:56:13] [I] Average on 10 runs - GPU latency: 0.0961487 ms - Host latency: 0.0961487 ms (enqueue 0.0794006 ms)
[02/25/2026-14:56:13] [I] Average on 10 runs - GPU latency: 0.0963989 ms - Host latency: 0.0963989 ms (enqueue 0.0824097 ms)
[02/25/2026-14:56:13] [I] Average on 10 runs - GPU latency: 0.0967102 ms - Host latency: 0.0967102 ms (enqueue 0.0822144 ms)
[02/25/2026-14:56:13] [I] Average on 10 runs - GPU latency: 0.096582 ms - Host latency: 0.096582 ms (enqueue 0.0800415 ms)
[02/25/2026-14:56:13] [I] Average on 10 runs - GPU latency: 0.0957336 ms - Host latency: 0.0957336 ms (enqueue 0.0797241 ms)
[02/25/2026-14:56:13] [I] Average on 10 runs - GPU latency: 0.0959717 ms - Host latency: 0.0959717 ms (enqueue 0.0816589 ms)
[02/25/2026-14:56:13] [I] Average on 10 runs - GPU latency: 0.0961182 ms - Host latency: 0.0961182 ms (enqueue 0.0814941 ms)
[02/25/2026-14:56:13] [I] Average on 10 runs - GPU latency: 0.0960205 ms - Host latency: 0.0960205 ms (enqueue 0.0805664 ms)
[02/25/2026-14:56:13] [I] Average on 10 runs - GPU latency: 0.0960205 ms - Host latency: 0.0960205 ms (enqueue 0.0810913 ms)
[02/25/2026-14:56:13] [I] Average on 10 runs - GPU latency: 0.0965759 ms - Host latency: 0.0965759 ms (enqueue 0.0807007 ms)
[02/25/2026-14:56:13] [I] Average on 10 runs - GPU latency: 0.098468 ms - Host latency: 0.098468 ms (enqueue 0.0814941 ms)
[02/25/2026-14:56:13] [I] Average on 10 runs - GPU latency: 0.096344 ms - Host latency: 0.096344 ms (enqueue 0.0794006 ms)
[02/25/2026-14:56:13] [I] Average on 10 runs - GPU latency: 0.0959229 ms - Host latency: 0.0959229 ms (enqueue 0.0789307 ms)
[02/25/2026-14:56:13] [I] Average on 10 runs - GPU latency: 0.0966553 ms - Host latency: 0.0966553 ms (enqueue 0.0803101 ms)
[02/25/2026-14:56:13] [I] Average on 10 runs - GPU latency: 0.0953979 ms - Host latency: 0.0953979 ms (enqueue 0.0825989 ms)
[02/25/2026-14:56:13] [I] Average on 10 runs - GPU latency: 0.0958008 ms - Host latency: 0.0958008 ms (enqueue 0.0809326 ms)
[02/25/2026-14:56:13] [I] Average on 10 runs - GPU latency: 0.0975708 ms - Host latency: 0.0975708 ms (enqueue 0.0812622 ms)
[02/25/2026-14:56:13] [I] Average on 10 runs - GPU latency: 0.0961182 ms - Host latency: 0.0961182 ms (enqueue 0.0809326 ms)
[02/25/2026-14:56:13] [I] Average on 10 runs - GPU latency: 0.100751 ms - Host latency: 0.100751 ms (enqueue 0.0844116 ms)
[02/25/2026-14:56:13] [I] Average on 10 runs - GPU latency: 0.0959717 ms - Host latency: 0.0959717 ms (enqueue 0.0799439 ms)
[02/25/2026-14:56:13] [I] Average on 10 runs - GPU latency: 0.0960388 ms - Host latency: 0.0960388 ms (enqueue 0.0804199 ms)
[02/25/2026-14:56:13] [I] Average on 10 runs - GPU latency: 0.0954102 ms - Host latency: 0.0954102 ms (enqueue 0.0792053 ms)
[02/25/2026-14:56:13] [I] Average on 10 runs - GPU latency: 0.0970825 ms - Host latency: 0.0970825 ms (enqueue 0.0813904 ms)
[02/25/2026-14:56:13] [I] Average on 10 runs - GPU latency: 0.0960938 ms - Host latency: 0.0960938 ms (enqueue 0.0805481 ms)
[02/25/2026-14:56:13] [I] Average on 10 runs - GPU latency: 0.0962158 ms - Host latency: 0.0962158 ms (enqueue 0.0797485 ms)
[02/25/2026-14:56:13] [I] Average on 10 runs - GPU latency: 0.0958496 ms - Host latency: 0.0958496 ms (enqueue 0.0817749 ms)
[02/25/2026-14:56:13] [I] Average on 10 runs - GPU latency: 0.0995728 ms - Host latency: 0.0995728 ms (enqueue 0.0843079 ms)
[02/25/2026-14:56:13] [I] Average on 10 runs - GPU latency: 0.0962036 ms - Host latency: 0.0962036 ms (enqueue 0.0805664 ms)
[02/25/2026-14:56:13] [I] Average on 10 runs - GPU latency: 0.0980896 ms - Host latency: 0.0980896 ms (enqueue 0.0823242 ms)
[02/25/2026-14:56:13] [I] Average on 10 runs - GPU latency: 0.0960876 ms - Host latency: 0.0960876 ms (enqueue 0.0800903 ms)
[02/25/2026-14:56:13] [I] Average on 10 runs - GPU latency: 0.100012 ms - Host latency: 0.100012 ms (enqueue 0.084668 ms)
[02/25/2026-14:56:13] [I] Average on 10 runs - GPU latency: 0.0958557 ms - Host latency: 0.0958557 ms (enqueue 0.0797424 ms)
[02/25/2026-14:56:13] [I] Average on 10 runs - GPU latency: 0.0965515 ms - Host latency: 0.0965515 ms (enqueue 0.0808533 ms)
[02/25/2026-14:56:13] [I] Average on 10 runs - GPU latency: 0.0956543 ms - Host latency: 0.0956543 ms (enqueue 0.0794251 ms)
[02/25/2026-14:56:13] [I] Average on 10 runs - GPU latency: 0.0978149 ms - Host latency: 0.0978149 ms (enqueue 0.0841736 ms)
[02/25/2026-14:56:13] [I] Average on 10 runs - GPU latency: 0.0961853 ms - Host latency: 0.0961853 ms (enqueue 0.079187 ms)
[02/25/2026-14:56:13] [I] Average on 10 runs - GPU latency: 0.096106 ms - Host latency: 0.096106 ms (enqueue 0.0798584 ms)
[02/25/2026-14:56:13] [I] Average on 10 runs - GPU latency: 0.0955261 ms - Host latency: 0.0955261 ms (enqueue 0.0803772 ms)
[02/25/2026-14:56:13] [I] Average on 10 runs - GPU latency: 0.0971863 ms - Host latency: 0.0971863 ms (enqueue 0.0817993 ms)
[02/25/2026-14:56:13] [I] Average on 10 runs - GPU latency: 0.0968933 ms - Host latency: 0.0968933 ms (enqueue 0.0797913 ms)
[02/25/2026-14:56:13] [I] Average on 10 runs - GPU latency: 0.0954712 ms - Host latency: 0.0954712 ms (enqueue 0.0812805 ms)
[02/25/2026-14:56:13] [I] Average on 10 runs - GPU latency: 0.0962036 ms - Host latency: 0.0962036 ms (enqueue 0.0808533 ms)
[02/25/2026-14:56:13] [I] Average on 10 runs - GPU latency: 0.0972351 ms - Host latency: 0.0972351 ms (enqueue 0.0823914 ms)
[02/25/2026-14:56:13] [I] Average on 10 runs - GPU latency: 0.0968628 ms - Host latency: 0.0968628 ms (enqueue 0.0801208 ms)
[02/25/2026-14:56:13] [I] Average on 10 runs - GPU latency: 0.0959778 ms - Host latency: 0.0959778 ms (enqueue 0.0800232 ms)
[02/25/2026-14:56:13] [I] Average on 10 runs - GPU latency: 0.0957886 ms - Host latency: 0.0957886 ms (enqueue 0.0800964 ms)
[02/25/2026-14:56:13] [I] Average on 10 runs - GPU latency: 0.0991943 ms - Host latency: 0.0991943 ms (enqueue 0.0835937 ms)
[02/25/2026-14:56:13] [I] Average on 10 runs - GPU latency: 0.0957336 ms - Host latency: 0.0957336 ms (enqueue 0.0793457 ms)
[02/25/2026-14:56:13] [I] Average on 10 runs - GPU latency: 0.0957031 ms - Host latency: 0.0957031 ms (enqueue 0.0790649 ms)
[02/25/2026-14:56:13] [I] Average on 10 runs - GPU latency: 0.0966064 ms - Host latency: 0.0966064 ms (enqueue 0.0801697 ms)
[02/25/2026-14:56:13] [I] Average on 10 runs - GPU latency: 0.0954285 ms - Host latency: 0.0954285 ms (enqueue 0.0814697 ms)
[02/25/2026-14:56:13] [I] Average on 10 runs - GPU latency: 0.0953308 ms - Host latency: 0.0953308 ms (enqueue 0.080011 ms)
[02/25/2026-14:56:13] [I] Average on 10 runs - GPU latency: 0.0965454 ms - Host latency: 0.0965454 ms (enqueue 0.0802734 ms)
[02/25/2026-14:56:13] [I] Average on 10 runs - GPU latency: 0.0952332 ms - Host latency: 0.0952332 ms (enqueue 0.0797729 ms)
[02/25/2026-14:56:13] [I] Average on 10 runs - GPU latency: 0.0960388 ms - Host latency: 0.0960388 ms (enqueue 0.0816895 ms)
[02/25/2026-14:56:13] [I] Average on 10 runs - GPU latency: 0.097522 ms - Host latency: 0.097522 ms (enqueue 0.0792419 ms)
[02/25/2026-14:56:13] [I] Average on 10 runs - GPU latency: 0.09552 ms - Host latency: 0.09552 ms (enqueue 0.0802307 ms)
[02/25/2026-14:56:13] [I] Average on 10 runs - GPU latency: 0.0952637 ms - Host latency: 0.0952637 ms (enqueue 0.078125 ms)
[02/25/2026-14:56:13] [I] Average on 10 runs - GPU latency: 0.0957703 ms - Host latency: 0.0957703 ms (enqueue 0.0784119 ms)
[02/25/2026-14:56:13] [I] Average on 10 runs - GPU latency: 0.0959717 ms - Host latency: 0.0959717 ms (enqueue 0.0834595 ms)
[02/25/2026-14:56:13] [I] Average on 10 runs - GPU latency: 0.0952087 ms - Host latency: 0.0952087 ms (enqueue 0.0808289 ms)
[02/25/2026-14:56:13] [I] Average on 10 runs - GPU latency: 0.0962769 ms - Host latency: 0.0962769 ms (enqueue 0.0790649 ms)
[02/25/2026-14:56:13] [I] Average on 10 runs - GPU latency: 0.0955994 ms - Host latency: 0.0955994 ms (enqueue 0.0795044 ms)
[02/25/2026-14:56:13] [I] Average on 10 runs - GPU latency: 0.0962463 ms - Host latency: 0.0962463 ms (enqueue 0.0817505 ms)
[02/25/2026-14:56:13] [I] Average on 10 runs - GPU latency: 0.0968689 ms - Host latency: 0.0968689 ms (enqueue 0.0800476 ms)
[02/25/2026-14:56:13] [I] Average on 10 runs - GPU latency: 0.0957214 ms - Host latency: 0.0957214 ms (enqueue 0.07854 ms)
[02/25/2026-14:56:13] [I] Average on 10 runs - GPU latency: 0.0967468 ms - Host latency: 0.0967468 ms (enqueue 0.0813171 ms)
[02/25/2026-14:56:13] [I] Average on 10 runs - GPU latency: 0.0960876 ms - Host latency: 0.0960876 ms (enqueue 0.0822388 ms)
[02/25/2026-14:56:13] [I] Average on 10 runs - GPU latency: 0.0972107 ms - Host latency: 0.0972107 ms (enqueue 0.0801208 ms)
[02/25/2026-14:56:13] [I] Average on 10 runs - GPU latency: 0.0966614 ms - Host latency: 0.0966614 ms (enqueue 0.0803467 ms)
[02/25/2026-14:56:13] [I] Average on 10 runs - GPU latency: 0.0956177 ms - Host latency: 0.0956177 ms (enqueue 0.0806641 ms)
[02/25/2026-14:56:13] [I] Average on 10 runs - GPU latency: 0.0966492 ms - Host latency: 0.0966492 ms (enqueue 0.0814148 ms)
[02/25/2026-14:56:13] [I] Average on 10 runs - GPU latency: 0.0956787 ms - Host latency: 0.0956787 ms (enqueue 0.0806396 ms)
[02/25/2026-14:56:13] [I] Average on 10 runs - GPU latency: 0.0961731 ms - Host latency: 0.0961731 ms (enqueue 0.0811401 ms)
[02/25/2026-14:56:13] [I] Average on 10 runs - GPU latency: 0.0968994 ms - Host latency: 0.0968994 ms (enqueue 0.0807251 ms)
[02/25/2026-14:56:13] [I] Average on 10 runs - GPU latency: 0.0995361 ms - Host latency: 0.0995361 ms (enqueue 0.0856812 ms)
[02/25/2026-14:56:13] [I] Average on 10 runs - GPU latency: 0.0957092 ms - Host latency: 0.0957092 ms (enqueue 0.0797668 ms)
[02/25/2026-14:56:13] [I] Average on 10 runs - GPU latency: 0.096167 ms - Host latency: 0.096167 ms (enqueue 0.0789856 ms)
[02/25/2026-14:56:13] [I] Average on 10 runs - GPU latency: 0.0966248 ms - Host latency: 0.0966248 ms (enqueue 0.0791077 ms)
[02/25/2026-14:56:13] [I] Average on 10 runs - GPU latency: 0.0953674 ms - Host latency: 0.0953674 ms (enqueue 0.0823242 ms)
[02/25/2026-14:56:13] [I] Average on 10 runs - GPU latency: 0.0964722 ms - Host latency: 0.0964722 ms (enqueue 0.0811279 ms)
[02/25/2026-14:56:13] [I] Average on 10 runs - GPU latency: 0.0964294 ms - Host latency: 0.0964294 ms (enqueue 0.0809814 ms)
[02/25/2026-14:56:13] [I] Average on 10 runs - GPU latency: 0.0966309 ms - Host latency: 0.0966309 ms (enqueue 0.0789551 ms)
[02/25/2026-14:56:13] [I] Average on 10 runs - GPU latency: 0.0966675 ms - Host latency: 0.0966675 ms (enqueue 0.0833008 ms)
[02/25/2026-14:56:13] [I] Average on 10 runs - GPU latency: 0.0963501 ms - Host latency: 0.0963501 ms (enqueue 0.079895 ms)
[02/25/2026-14:56:13] [I] Average on 10 runs - GPU latency: 0.0955566 ms - Host latency: 0.0955566 ms (enqueue 0.0802429 ms)
[02/25/2026-14:56:13] [I] Average on 10 runs - GPU latency: 0.0956116 ms - Host latency: 0.0956116 ms (enqueue 0.0793091 ms)
[02/25/2026-14:56:13] [I] Average on 10 runs - GPU latency: 0.0982056 ms - Host latency: 0.0982056 ms (enqueue 0.0819519 ms)
[02/25/2026-14:56:13] [I] Average on 10 runs - GPU latency: 0.0961914 ms - Host latency: 0.0961914 ms (enqueue 0.081012 ms)
[02/25/2026-14:56:13] [I] Average on 10 runs - GPU latency: 0.096698 ms - Host latency: 0.096698 ms (enqueue 0.0806824 ms)
[02/25/2026-14:56:13] [I] Average on 10 runs - GPU latency: 0.0960938 ms - Host latency: 0.0960938 ms (enqueue 0.0802063 ms)
[02/25/2026-14:56:13] [I] Average on 10 runs - GPU latency: 0.0971802 ms - Host latency: 0.0971802 ms (enqueue 0.0824463 ms)
[02/25/2026-14:56:13] [I] Average on 10 runs - GPU latency: 0.0954956 ms - Host latency: 0.0954956 ms (enqueue 0.07995 ms)
[02/25/2026-14:56:13] [I] Average on 10 runs - GPU latency: 0.0959778 ms - Host latency: 0.0959778 ms (enqueue 0.0795593 ms)
[02/25/2026-14:56:13] [I] Average on 10 runs - GPU latency: 0.0963501 ms - Host latency: 0.0963501 ms (enqueue 0.08078 ms)
[02/25/2026-14:56:13] [I] Average on 10 runs - GPU latency: 0.0977295 ms - Host latency: 0.0977295 ms (enqueue 0.0834839 ms)
[02/25/2026-14:56:13] [I] Average on 10 runs - GPU latency: 0.096698 ms - Host latency: 0.096698 ms (enqueue 0.080719 ms)
[02/25/2026-14:56:13] [I] Average on 10 runs - GPU latency: 0.0963562 ms - Host latency: 0.0963562 ms (enqueue 0.0810547 ms)
[02/25/2026-14:56:13] [I] Average on 10 runs - GPU latency: 0.0963684 ms - Host latency: 0.0963684 ms (enqueue 0.0804321 ms)
[02/25/2026-14:56:13] [I] Average on 10 runs - GPU latency: 0.0963684 ms - Host latency: 0.0963684 ms (enqueue 0.081189 ms)
[02/25/2026-14:56:13] [I] Average on 10 runs - GPU latency: 0.0965088 ms - Host latency: 0.0965088 ms (enqueue 0.0800842 ms)
[02/25/2026-14:56:13] [I] Average on 10 runs - GPU latency: 0.0971313 ms - Host latency: 0.0971313 ms (enqueue 0.0825989 ms)
[02/25/2026-14:56:13] [I] Average on 10 runs - GPU latency: 0.0959473 ms - Host latency: 0.0959473 ms (enqueue 0.080249 ms)
[02/25/2026-14:56:13] [I] Average on 10 runs - GPU latency: 0.0981506 ms - Host latency: 0.0981506 ms (enqueue 0.0832214 ms)
[02/25/2026-14:56:13] [I] Average on 10 runs - GPU latency: 0.0971375 ms - Host latency: 0.0971375 ms (enqueue 0.080481 ms)
[02/25/2026-14:56:13] [I] Average on 10 runs - GPU latency: 0.0956604 ms - Host latency: 0.0956604 ms (enqueue 0.0813599 ms)
[02/25/2026-14:56:13] [I] Average on 10 runs - GPU latency: 0.0969971 ms - Host latency: 0.0969971 ms (enqueue 0.081311 ms)
[02/25/2026-14:56:13] [I] Average on 10 runs - GPU latency: 0.0995056 ms - Host latency: 0.0995056 ms (enqueue 0.0846619 ms)
[02/25/2026-14:56:13] [I] Average on 10 runs - GPU latency: 0.0963013 ms - Host latency: 0.0963013 ms (enqueue 0.0798279 ms)
[02/25/2026-14:56:13] [I] Average on 10 runs - GPU latency: 0.0970093 ms - Host latency: 0.0970093 ms (enqueue 0.0809387 ms)
[02/25/2026-14:56:13] [I] Average on 10 runs - GPU latency: 0.096637 ms - Host latency: 0.096637 ms (enqueue 0.0794556 ms)
[02/25/2026-14:56:13] [I] Average on 10 runs - GPU latency: 0.0953003 ms - Host latency: 0.0953003 ms (enqueue 0.0819702 ms)
[02/25/2026-14:56:13] [I] Average on 10 runs - GPU latency: 0.0964661 ms - Host latency: 0.0964661 ms (enqueue 0.0794617 ms)
[02/25/2026-14:56:13] [I] Average on 10 runs - GPU latency: 0.0964722 ms - Host latency: 0.0964722 ms (enqueue 0.0793396 ms)
[02/25/2026-14:56:13] [I] Average on 10 runs - GPU latency: 0.0952209 ms - Host latency: 0.0952209 ms (enqueue 0.0791687 ms)
[02/25/2026-14:56:13] [I] Average on 10 runs - GPU latency: 0.0958618 ms - Host latency: 0.0958618 ms (enqueue 0.080072 ms)
[02/25/2026-14:56:13] [I] Average on 10 runs - GPU latency: 0.095636 ms - Host latency: 0.095636 ms (enqueue 0.0799561 ms)
[02/25/2026-14:56:13] [I] Average on 10 runs - GPU latency: 0.0963623 ms - Host latency: 0.0963623 ms (enqueue 0.0792114 ms)
[02/25/2026-14:56:13] [I] Average on 10 runs - GPU latency: 0.096521 ms - Host latency: 0.096521 ms (enqueue 0.0812744 ms)
[02/25/2026-14:56:13] [I] Average on 10 runs - GPU latency: 0.0955322 ms - Host latency: 0.0955322 ms (enqueue 0.079541 ms)
[02/25/2026-14:56:13] [I] Average on 10 runs - GPU latency: 0.0954224 ms - Host latency: 0.0954224 ms (enqueue 0.0823425 ms)
[02/25/2026-14:56:13] [I] Average on 10 runs - GPU latency: 0.0961182 ms - Host latency: 0.0961182 ms (enqueue 0.0800354 ms)
[02/25/2026-14:56:13] [I] Average on 10 runs - GPU latency: 0.0958557 ms - Host latency: 0.0958557 ms (enqueue 0.0806152 ms)
[02/25/2026-14:56:13] [I] Average on 10 runs - GPU latency: 0.0959778 ms - Host latency: 0.0959778 ms (enqueue 0.0802002 ms)
[02/25/2026-14:56:13] [I] Average on 10 runs - GPU latency: 0.10011 ms - Host latency: 0.10011 ms (enqueue 0.0848328 ms)
[02/25/2026-14:56:13] [I] Average on 10 runs - GPU latency: 0.0970886 ms - Host latency: 0.0970886 ms (enqueue 0.0797974 ms)
[02/25/2026-14:56:13] [I] Average on 10 runs - GPU latency: 0.0964844 ms - Host latency: 0.0964844 ms (enqueue 0.0802185 ms)
[02/25/2026-14:56:13] [I] Average on 10 runs - GPU latency: 0.0959045 ms - Host latency: 0.0959045 ms (enqueue 0.0797241 ms)
[02/25/2026-14:56:13] [I] Average on 10 runs - GPU latency: 0.0967102 ms - Host latency: 0.0967102 ms (enqueue 0.0811768 ms)
[02/25/2026-14:56:13] [I] Average on 10 runs - GPU latency: 0.0956299 ms - Host latency: 0.0956299 ms (enqueue 0.0797119 ms)
[02/25/2026-14:56:13] [I] Average on 10 runs - GPU latency: 0.096167 ms - Host latency: 0.096167 ms (enqueue 0.080011 ms)
[02/25/2026-14:56:13] [I] Average on 10 runs - GPU latency: 0.0961487 ms - Host latency: 0.0961487 ms (enqueue 0.0798584 ms)
[02/25/2026-14:56:13] [I] Average on 10 runs - GPU latency: 0.0966064 ms - Host latency: 0.0966064 ms (enqueue 0.0815308 ms)
[02/25/2026-14:56:13] [I] Average on 10 runs - GPU latency: 0.09599 ms - Host latency: 0.09599 ms (enqueue 0.0800537 ms)
[02/25/2026-14:56:13] [I] Average on 10 runs - GPU latency: 0.0961304 ms - Host latency: 0.0961304 ms (enqueue 0.0800049 ms)
[02/25/2026-14:56:13] [I] Average on 10 runs - GPU latency: 0.0953918 ms - Host latency: 0.0953918 ms (enqueue 0.0808044 ms)
[02/25/2026-14:56:13] [I] Average on 10 runs - GPU latency: 0.0998291 ms - Host latency: 0.0998291 ms (enqueue 0.0841675 ms)
[02/25/2026-14:56:13] [I] Average on 10 runs - GPU latency: 0.0973145 ms - Host latency: 0.0973145 ms (enqueue 0.0811523 ms)
[02/25/2026-14:56:13] [I] Average on 10 runs - GPU latency: 0.0963135 ms - Host latency: 0.0963135 ms (enqueue 0.0798401 ms)
[02/25/2026-14:56:13] [I] Average on 10 runs - GPU latency: 0.0950378 ms - Host latency: 0.0950378 ms (enqueue 0.0797913 ms)
[02/25/2026-14:56:13] [I] Average on 10 runs - GPU latency: 0.0975708 ms - Host latency: 0.0975708 ms (enqueue 0.0830017 ms)
[02/25/2026-14:56:13] [I] Average on 10 runs - GPU latency: 0.0962769 ms - Host latency: 0.0962769 ms (enqueue 0.0803894 ms)
[02/25/2026-14:56:13] [I] Average on 10 runs - GPU latency: 0.0960876 ms - Host latency: 0.0960876 ms (enqueue 0.0794983 ms)
[02/25/2026-14:56:13] [I] Average on 10 runs - GPU latency: 0.0956055 ms - Host latency: 0.0956055 ms (enqueue 0.0808777 ms)
[02/25/2026-14:56:13] [I] Average on 10 runs - GPU latency: 0.0984619 ms - Host latency: 0.0984619 ms (enqueue 0.0824219 ms)
[02/25/2026-14:56:13] [I] Average on 10 runs - GPU latency: 0.0964172 ms - Host latency: 0.0964172 ms (enqueue 0.0802246 ms)
[02/25/2026-14:56:13] [I] Average on 10 runs - GPU latency: 0.0963623 ms - Host latency: 0.0963623 ms (enqueue 0.0807495 ms)
[02/25/2026-14:56:13] [I] Average on 10 runs - GPU latency: 0.0960632 ms - Host latency: 0.0960632 ms (enqueue 0.0813293 ms)
[02/25/2026-14:56:13] [I] Average on 10 runs - GPU latency: 0.0992981 ms - Host latency: 0.0992981 ms (enqueue 0.0826782 ms)
[02/25/2026-14:56:13] [I] Average on 10 runs - GPU latency: 0.0957764 ms - Host latency: 0.0957764 ms (enqueue 0.0800842 ms)
[02/25/2026-14:56:13] [I] Average on 10 runs - GPU latency: 0.0960022 ms - Host latency: 0.0960022 ms (enqueue 0.0795532 ms)
[02/25/2026-14:56:13] [I] Average on 10 runs - GPU latency: 0.0966309 ms - Host latency: 0.0966309 ms (enqueue 0.0797668 ms)
[02/25/2026-14:56:13] [I] Average on 10 runs - GPU latency: 0.0956177 ms - Host latency: 0.0956177 ms (enqueue 0.08255 ms)
[02/25/2026-14:56:13] [I] Average on 10 runs - GPU latency: 0.0954712 ms - Host latency: 0.0954712 ms (enqueue 0.0802124 ms)
[02/25/2026-14:56:13] [I] Average on 10 runs - GPU latency: 0.0961182 ms - Host latency: 0.0961182 ms (enqueue 0.0810242 ms)
[02/25/2026-14:56:13] [I] Average on 10 runs - GPU latency: 0.097821 ms - Host latency: 0.097821 ms (enqueue 0.0809326 ms)
[02/25/2026-14:56:13] [I] Average on 10 runs - GPU latency: 0.0973572 ms - Host latency: 0.0973572 ms (enqueue 0.0823486 ms)
[02/25/2026-14:56:13] [I] Average on 10 runs - GPU latency: 0.0960876 ms - Host latency: 0.0960876 ms (enqueue 0.0797302 ms)
[02/25/2026-14:56:13] [I] Average on 10 runs - GPU latency: 0.0961243 ms - Host latency: 0.0961243 ms (enqueue 0.0783386 ms)
[02/25/2026-14:56:13] [I] Average on 10 runs - GPU latency: 0.0958801 ms - Host latency: 0.0958801 ms (enqueue 0.0797424 ms)
[02/25/2026-14:56:13] [I] Average on 10 runs - GPU latency: 0.0957947 ms - Host latency: 0.0957947 ms (enqueue 0.0837463 ms)
[02/25/2026-14:56:13] [I] Average on 10 runs - GPU latency: 0.0961182 ms - Host latency: 0.0961182 ms (enqueue 0.0803101 ms)
[02/25/2026-14:56:13] [I] Average on 10 runs - GPU latency: 0.097699 ms - Host latency: 0.097699 ms (enqueue 0.0818359 ms)
[02/25/2026-14:56:13] [I] Average on 10 runs - GPU latency: 0.0960266 ms - Host latency: 0.0960266 ms (enqueue 0.0805115 ms)
[02/25/2026-14:56:13] [I] Average on 10 runs - GPU latency: 0.0970032 ms - Host latency: 0.0970032 ms (enqueue 0.0821838 ms)
[02/25/2026-14:56:13] [I] Average on 10 runs - GPU latency: 0.0967163 ms - Host latency: 0.0967163 ms (enqueue 0.0809692 ms)
[02/25/2026-14:56:13] [I] Average on 10 runs - GPU latency: 0.0974243 ms - Host latency: 0.0974243 ms (enqueue 0.0807617 ms)
[02/25/2026-14:56:13] [I] Average on 10 runs - GPU latency: 0.0973389 ms - Host latency: 0.0973389 ms (enqueue 0.0815002 ms)
[02/25/2026-14:56:13] [I] Average on 10 runs - GPU latency: 0.0997009 ms - Host latency: 0.0997009 ms (enqueue 0.0850403 ms)
[02/25/2026-14:56:13] [I] Average on 10 runs - GPU latency: 0.0974548 ms - Host latency: 0.0974548 ms (enqueue 0.0814575 ms)
[02/25/2026-14:56:13] [I] Average on 10 runs - GPU latency: 0.0962036 ms - Host latency: 0.0962036 ms (enqueue 0.079541 ms)
[02/25/2026-14:56:13] [I] Average on 10 runs - GPU latency: 0.0957397 ms - Host latency: 0.0957397 ms (enqueue 0.0820618 ms)
[02/25/2026-14:56:13] [I] Average on 10 runs - GPU latency: 0.0976135 ms - Host latency: 0.0976135 ms (enqueue 0.081897 ms)
[02/25/2026-14:56:13] [I] Average on 10 runs - GPU latency: 0.0970764 ms - Host latency: 0.0970764 ms (enqueue 0.0800659 ms)
[02/25/2026-14:56:13] [I] Average on 10 runs - GPU latency: 0.0970398 ms - Host latency: 0.0970398 ms (enqueue 0.0836853 ms)
[02/25/2026-14:56:13] [I] Average on 10 runs - GPU latency: 0.0974731 ms - Host latency: 0.0974731 ms (enqueue 0.0821594 ms)
[02/25/2026-14:56:13] [I] Average on 10 runs - GPU latency: 0.100049 ms - Host latency: 0.100049 ms (enqueue 0.0825989 ms)
[02/25/2026-14:56:13] [I] Average on 10 runs - GPU latency: 0.0964355 ms - Host latency: 0.0964355 ms (enqueue 0.0804932 ms)
[02/25/2026-14:56:13] [I] Average on 10 runs - GPU latency: 0.0988525 ms - Host latency: 0.0988525 ms (enqueue 0.0822815 ms)
[02/25/2026-14:56:13] [I] Average on 10 runs - GPU latency: 0.0973206 ms - Host latency: 0.0973206 ms (enqueue 0.0818542 ms)
[02/25/2026-14:56:13] [I] Average on 10 runs - GPU latency: 0.0986572 ms - Host latency: 0.0986572 ms (enqueue 0.0825134 ms)
[02/25/2026-14:56:13] [I] Average on 10 runs - GPU latency: 0.0968445 ms - Host latency: 0.0968445 ms (enqueue 0.0811707 ms)
[02/25/2026-14:56:13] [I] Average on 10 runs - GPU latency: 0.0959961 ms - Host latency: 0.0959961 ms (enqueue 0.0795898 ms)
[02/25/2026-14:56:13] [I] Average on 10 runs - GPU latency: 0.0963806 ms - Host latency: 0.0963806 ms (enqueue 0.0805298 ms)
[02/25/2026-14:56:13] [I] Average on 10 runs - GPU latency: 0.0982727 ms - Host latency: 0.0982727 ms (enqueue 0.0836365 ms)
[02/25/2026-14:56:13] [I] Average on 10 runs - GPU latency: 0.0957886 ms - Host latency: 0.0957886 ms (enqueue 0.0797119 ms)
[02/25/2026-14:56:13] [I] Average on 10 runs - GPU latency: 0.0960022 ms - Host latency: 0.0960022 ms (enqueue 0.0805298 ms)
[02/25/2026-14:56:13] [I] Average on 10 runs - GPU latency: 0.0951172 ms - Host latency: 0.0951172 ms (enqueue 0.0793701 ms)
[02/25/2026-14:56:13] [I] Average on 10 runs - GPU latency: 0.0966064 ms - Host latency: 0.0966064 ms (enqueue 0.0825684 ms)
[02/25/2026-14:56:13] [I] Average on 10 runs - GPU latency: 0.0978272 ms - Host latency: 0.0978272 ms (enqueue 0.0808411 ms)
[02/25/2026-14:56:13] [I] Average on 10 runs - GPU latency: 0.0968994 ms - Host latency: 0.0968994 ms (enqueue 0.0812256 ms)
[02/25/2026-14:56:13] [I] Average on 10 runs - GPU latency: 0.0963928 ms - Host latency: 0.0963928 ms (enqueue 0.0805969 ms)
[02/25/2026-14:56:13] [I] Average on 10 runs - GPU latency: 0.0983215 ms - Host latency: 0.0983215 ms (enqueue 0.0835083 ms)
[02/25/2026-14:56:13] [I] Average on 10 runs - GPU latency: 0.0968689 ms - Host latency: 0.0968689 ms (enqueue 0.079248 ms)
[02/25/2026-14:56:13] [I] Average on 10 runs - GPU latency: 0.0963684 ms - Host latency: 0.0963684 ms (enqueue 0.07995 ms)
[02/25/2026-14:56:13] [I] Average on 10 runs - GPU latency: 0.0963257 ms - Host latency: 0.0963257 ms (enqueue 0.0808105 ms)
[02/25/2026-14:56:13] [I] Average on 10 runs - GPU latency: 0.096051 ms - Host latency: 0.096051 ms (enqueue 0.0827698 ms)
[02/25/2026-14:56:13] [I] Average on 10 runs - GPU latency: 0.0965454 ms - Host latency: 0.0965454 ms (enqueue 0.0809265 ms)
[02/25/2026-14:56:13] [I] Average on 10 runs - GPU latency: 0.0963074 ms - Host latency: 0.0963074 ms (enqueue 0.0809692 ms)
[02/25/2026-14:56:13] [I] Average on 10 runs - GPU latency: 0.096106 ms - Host latency: 0.096106 ms (enqueue 0.0794861 ms)
[02/25/2026-14:56:13] [I] Average on 10 runs - GPU latency: 0.0966858 ms - Host latency: 0.0966858 ms (enqueue 0.0807434 ms)
[02/25/2026-14:56:13] [I] Average on 10 runs - GPU latency: 0.0982971 ms - Host latency: 0.0982971 ms (enqueue 0.0831299 ms)
[02/25/2026-14:56:13] [I] Average on 10 runs - GPU latency: 0.0971375 ms - Host latency: 0.0971375 ms (enqueue 0.0809814 ms)
[02/25/2026-14:56:13] [I] Average on 10 runs - GPU latency: 0.0960571 ms - Host latency: 0.0960571 ms (enqueue 0.0805603 ms)
[02/25/2026-14:56:13] [I] Average on 10 runs - GPU latency: 0.0957703 ms - Host latency: 0.0957703 ms (enqueue 0.0799561 ms)
[02/25/2026-14:56:13] [I] Average on 10 runs - GPU latency: 0.0979187 ms - Host latency: 0.0979187 ms (enqueue 0.0820312 ms)
[02/25/2026-14:56:13] [I] Average on 10 runs - GPU latency: 0.096051 ms - Host latency: 0.096051 ms (enqueue 0.07948 ms)
[02/25/2026-14:56:13] [I] Average on 10 runs - GPU latency: 0.0963501 ms - Host latency: 0.0963501 ms (enqueue 0.0793518 ms)
[02/25/2026-14:56:13] [I] Average on 10 runs - GPU latency: 0.0957581 ms - Host latency: 0.0957581 ms (enqueue 0.0786133 ms)
[02/25/2026-14:56:13] [I] Average on 10 runs - GPU latency: 0.0956726 ms - Host latency: 0.0956726 ms (enqueue 0.0821655 ms)
[02/25/2026-14:56:13] [I] Average on 10 runs - GPU latency: 0.0954773 ms - Host latency: 0.0954773 ms (enqueue 0.0796814 ms)
[02/25/2026-14:56:13] [I] Average on 10 runs - GPU latency: 0.0963989 ms - Host latency: 0.0963989 ms (enqueue 0.0797791 ms)
[02/25/2026-14:56:13] [I] Average on 10 runs - GPU latency: 0.0953369 ms - Host latency: 0.0953369 ms (enqueue 0.0791138 ms)
[02/25/2026-14:56:13] [I] Average on 10 runs - GPU latency: 0.0967224 ms - Host latency: 0.0967224 ms (enqueue 0.0839905 ms)
[02/25/2026-14:56:13] [I] Average on 10 runs - GPU latency: 0.0953735 ms - Host latency: 0.0953735 ms (enqueue 0.0793945 ms)
[02/25/2026-14:56:13] [I] Average on 10 runs - GPU latency: 0.0961243 ms - Host latency: 0.0961243 ms (enqueue 0.0789795 ms)
[02/25/2026-14:56:13] [I] Average on 10 runs - GPU latency: 0.0960205 ms - Host latency: 0.0960205 ms (enqueue 0.0799377 ms)
[02/25/2026-14:56:13] [I] Average on 10 runs - GPU latency: 0.0962524 ms - Host latency: 0.0962524 ms (enqueue 0.0826782 ms)
[02/25/2026-14:56:13] [I] Average on 10 runs - GPU latency: 0.0958496 ms - Host latency: 0.0958496 ms (enqueue 0.0788391 ms)
[02/25/2026-14:56:13] [I] Average on 10 runs - GPU latency: 0.0951782 ms - Host latency: 0.0951782 ms (enqueue 0.0795166 ms)
[02/25/2026-14:56:13] [I] Average on 10 runs - GPU latency: 0.0963196 ms - Host latency: 0.0963196 ms (enqueue 0.0805481 ms)
[02/25/2026-14:56:13] [I] Average on 10 runs - GPU latency: 0.0951294 ms - Host latency: 0.0951294 ms (enqueue 0.081488 ms)
[02/25/2026-14:56:13] [I] Average on 10 runs - GPU latency: 0.0960266 ms - Host latency: 0.0960266 ms (enqueue 0.0797241 ms)
[02/25/2026-14:56:13] [I] Average on 10 runs - GPU latency: 0.0952576 ms - Host latency: 0.0952576 ms (enqueue 0.0814514 ms)
[02/25/2026-14:56:13] [I] Average on 10 runs - GPU latency: 0.095282 ms - Host latency: 0.095282 ms (enqueue 0.0796082 ms)
[02/25/2026-14:56:13] [I] Average on 10 runs - GPU latency: 0.0968933 ms - Host latency: 0.0968933 ms (enqueue 0.0826538 ms)
[02/25/2026-14:56:13] [I] Average on 10 runs - GPU latency: 0.0965332 ms - Host latency: 0.0965332 ms (enqueue 0.0793457 ms)
[02/25/2026-14:56:13] [I] Average on 10 runs - GPU latency: 0.096582 ms - Host latency: 0.096582 ms (enqueue 0.0795715 ms)
[02/25/2026-14:56:13] [I] Average on 10 runs - GPU latency: 0.0954529 ms - Host latency: 0.0954529 ms (enqueue 0.0799011 ms)
[02/25/2026-14:56:13] [I] Average on 10 runs - GPU latency: 0.096228 ms - Host latency: 0.096228 ms (enqueue 0.08302 ms)
[02/25/2026-14:56:13] [I] Average on 10 runs - GPU latency: 0.0956848 ms - Host latency: 0.0956848 ms (enqueue 0.0808411 ms)
[02/25/2026-14:56:13] [I] Average on 10 runs - GPU latency: 0.0958435 ms - Host latency: 0.0958435 ms (enqueue 0.0791809 ms)
[02/25/2026-14:56:13] [I] Average on 10 runs - GPU latency: 0.0957764 ms - Host latency: 0.0957764 ms (enqueue 0.0794373 ms)
[02/25/2026-14:56:13] [I] Average on 10 runs - GPU latency: 0.0960999 ms - Host latency: 0.0960999 ms (enqueue 0.0844727 ms)
[02/25/2026-14:56:13] [I] Average on 10 runs - GPU latency: 0.0972229 ms - Host latency: 0.0972229 ms (enqueue 0.081189 ms)
[02/25/2026-14:56:13] [I] Average on 10 runs - GPU latency: 0.097229 ms - Host latency: 0.097229 ms (enqueue 0.0808166 ms)
[02/25/2026-14:56:13] [I] Average on 10 runs - GPU latency: 0.0966858 ms - Host latency: 0.0966858 ms (enqueue 0.0801575 ms)
[02/25/2026-14:56:13] [I] Average on 10 runs - GPU latency: 0.0974853 ms - Host latency: 0.0974853 ms (enqueue 0.0824951 ms)
[02/25/2026-14:56:13] [I] Average on 10 runs - GPU latency: 0.0963928 ms - Host latency: 0.0963928 ms (enqueue 0.0807495 ms)
[02/25/2026-14:56:13] [I] Average on 10 runs - GPU latency: 0.0968689 ms - Host latency: 0.0968689 ms (enqueue 0.0807617 ms)
[02/25/2026-14:56:13] [I] Average on 10 runs - GPU latency: 0.096991 ms - Host latency: 0.096991 ms (enqueue 0.0811157 ms)
[02/25/2026-14:56:13] [I] Average on 10 runs - GPU latency: 0.0984253 ms - Host latency: 0.0984253 ms (enqueue 0.0834961 ms)
[02/25/2026-14:56:13] [I] Average on 10 runs - GPU latency: 0.0972412 ms - Host latency: 0.0972412 ms (enqueue 0.0815918 ms)
[02/25/2026-14:56:13] [I] Average on 10 runs - GPU latency: 0.0972473 ms - Host latency: 0.0972473 ms (enqueue 0.0814331 ms)
[02/25/2026-14:56:13] [I] Average on 10 runs - GPU latency: 0.096283 ms - Host latency: 0.096283 ms (enqueue 0.0802063 ms)
[02/25/2026-14:56:13] [I] Average on 10 runs - GPU latency: 0.0981323 ms - Host latency: 0.0981323 ms (enqueue 0.0825317 ms)
[02/25/2026-14:56:13] [I] Average on 10 runs - GPU latency: 0.0972656 ms - Host latency: 0.0972656 ms (enqueue 0.0811279 ms)
[02/25/2026-14:56:13] [I] Average on 10 runs - GPU latency: 0.0958557 ms - Host latency: 0.0958557 ms (enqueue 0.0802063 ms)
[02/25/2026-14:56:13] [I] Average on 10 runs - GPU latency: 0.0963806 ms - Host latency: 0.0963806 ms (enqueue 0.080896 ms)
[02/25/2026-14:56:13] [I] Average on 10 runs - GPU latency: 0.097699 ms - Host latency: 0.097699 ms (enqueue 0.0819763 ms)
[02/25/2026-14:56:13] [I] Average on 10 runs - GPU latency: 0.0961365 ms - Host latency: 0.0961365 ms (enqueue 0.0793884 ms)
[02/25/2026-14:56:13] [I] Average on 10 runs - GPU latency: 0.09552 ms - Host latency: 0.09552 ms (enqueue 0.0796143 ms)
[02/25/2026-14:56:13] [I] Average on 10 runs - GPU latency: 0.0957275 ms - Host latency: 0.0957275 ms (enqueue 0.0802551 ms)
[02/25/2026-14:56:13] [I] Average on 10 runs - GPU latency: 0.0957458 ms - Host latency: 0.0957458 ms (enqueue 0.0825562 ms)
[02/25/2026-14:56:13] [I] Average on 10 runs - GPU latency: 0.0969788 ms - Host latency: 0.0969788 ms (enqueue 0.0797363 ms)
[02/25/2026-14:56:13] [I] Average on 10 runs - GPU latency: 0.0957031 ms - Host latency: 0.0957031 ms (enqueue 0.0796753 ms)
[02/25/2026-14:56:13] [I] Average on 10 runs - GPU latency: 0.0961487 ms - Host latency: 0.0961487 ms (enqueue 0.0795227 ms)
[02/25/2026-14:56:13] [I] Average on 10 runs - GPU latency: 0.0961731 ms - Host latency: 0.0961731 ms (enqueue 0.0806946 ms)
[02/25/2026-14:56:13] [I] Average on 10 runs - GPU latency: 0.0972473 ms - Host latency: 0.0972473 ms (enqueue 0.0821777 ms)
[02/25/2026-14:56:13] [I] Average on 10 runs - GPU latency: 0.095697 ms - Host latency: 0.095697 ms (enqueue 0.080249 ms)
[02/25/2026-14:56:13] [I] Average on 10 runs - GPU latency: 0.0957581 ms - Host latency: 0.0957581 ms (enqueue 0.0806335 ms)
[02/25/2026-14:56:13] [I] Average on 10 runs - GPU latency: 0.0950684 ms - Host latency: 0.0950684 ms (enqueue 0.0801941 ms)
[02/25/2026-14:56:13] [I] Average on 10 runs - GPU latency: 0.0981873 ms - Host latency: 0.0981873 ms (enqueue 0.0826355 ms)
[02/25/2026-14:56:13] [I] Average on 10 runs - GPU latency: 0.0964783 ms - Host latency: 0.0964783 ms (enqueue 0.080304 ms)
[02/25/2026-14:56:13] [I] Average on 10 runs - GPU latency: 0.0963501 ms - Host latency: 0.0963501 ms (enqueue 0.0804321 ms)
[02/25/2026-14:56:13] [I] Average on 10 runs - GPU latency: 0.0958984 ms - Host latency: 0.0958984 ms (enqueue 0.0803894 ms)
[02/25/2026-14:56:13] [I] Average on 10 runs - GPU latency: 0.0980896 ms - Host latency: 0.0980896 ms (enqueue 0.0833801 ms)
[02/25/2026-14:56:13] [I] Average on 10 runs - GPU latency: 0.0976562 ms - Host latency: 0.0976562 ms (enqueue 0.0815674 ms)
[02/25/2026-14:56:13] [I] Average on 10 runs - GPU latency: 0.0961731 ms - Host latency: 0.0961731 ms (enqueue 0.0803772 ms)
[02/25/2026-14:56:13] [I] Average on 10 runs - GPU latency: 0.0969727 ms - Host latency: 0.0969727 ms (enqueue 0.0815308 ms)
[02/25/2026-14:56:13] [I] Average on 10 runs - GPU latency: 0.101312 ms - Host latency: 0.101312 ms (enqueue 0.0837891 ms)
[02/25/2026-14:56:13] [I] Average on 10 runs - GPU latency: 0.0971802 ms - Host latency: 0.0971802 ms (enqueue 0.0809204 ms)
[02/25/2026-14:56:13] [I] Average on 10 runs - GPU latency: 0.0967285 ms - Host latency: 0.0967285 ms (enqueue 0.080365 ms)
[02/25/2026-14:56:13] [I] Average on 10 runs - GPU latency: 0.0953979 ms - Host latency: 0.0953979 ms (enqueue 0.0809082 ms)
[02/25/2026-14:56:13] [I] Average on 10 runs - GPU latency: 0.0985657 ms - Host latency: 0.0985657 ms (enqueue 0.0834473 ms)
[02/25/2026-14:56:13] [I] Average on 10 runs - GPU latency: 0.0959778 ms - Host latency: 0.0959778 ms (enqueue 0.0795654 ms)
[02/25/2026-14:56:13] [I] Average on 10 runs - GPU latency: 0.0962219 ms - Host latency: 0.0962219 ms (enqueue 0.0800903 ms)
[02/25/2026-14:56:13] [I] Average on 10 runs - GPU latency: 0.095874 ms - Host latency: 0.095874 ms (enqueue 0.0811096 ms)
[02/25/2026-14:56:13] [I] Average on 10 runs - GPU latency: 0.0980896 ms - Host latency: 0.0980896 ms (enqueue 0.0818665 ms)
[02/25/2026-14:56:13] [I] Average on 10 runs - GPU latency: 0.0957153 ms - Host latency: 0.0957153 ms (enqueue 0.0799805 ms)
[02/25/2026-14:56:13] [I] Average on 10 runs - GPU latency: 0.0971436 ms - Host latency: 0.0971436 ms (enqueue 0.0809814 ms)
[02/25/2026-14:56:13] [I] Average on 10 runs - GPU latency: 0.0967285 ms - Host latency: 0.0967285 ms (enqueue 0.0802063 ms)
[02/25/2026-14:56:13] [I] Average on 10 runs - GPU latency: 0.097522 ms - Host latency: 0.097522 ms (enqueue 0.0827332 ms)
[02/25/2026-14:56:13] [I] Average on 10 runs - GPU latency: 0.0963806 ms - Host latency: 0.0963806 ms (enqueue 0.0803589 ms)
[02/25/2026-14:56:13] [I] Average on 10 runs - GPU latency: 0.0953979 ms - Host latency: 0.0953979 ms (enqueue 0.0805115 ms)
[02/25/2026-14:56:13] [I] Average on 10 runs - GPU latency: 0.0959534 ms - Host latency: 0.0959534 ms (enqueue 0.0801392 ms)
[02/25/2026-14:56:13] [I] Average on 10 runs - GPU latency: 0.095874 ms - Host latency: 0.095874 ms (enqueue 0.0812256 ms)
[02/25/2026-14:56:13] [I] Average on 10 runs - GPU latency: 0.0964966 ms - Host latency: 0.0964966 ms (enqueue 0.0798828 ms)
[02/25/2026-14:56:13] [I] Average on 10 runs - GPU latency: 0.0952942 ms - Host latency: 0.0952942 ms (enqueue 0.0794861 ms)
[02/25/2026-14:56:13] [I] Average on 10 runs - GPU latency: 0.0957825 ms - Host latency: 0.0957825 ms (enqueue 0.0813904 ms)
[02/25/2026-14:56:13] [I] Average on 10 runs - GPU latency: 0.097876 ms - Host latency: 0.097876 ms (enqueue 0.0813538 ms)
[02/25/2026-14:56:13] [I] Average on 10 runs - GPU latency: 0.0985046 ms - Host latency: 0.0985046 ms (enqueue 0.0817383 ms)
[02/25/2026-14:56:13] [I] Average on 10 runs - GPU latency: 0.0962219 ms - Host latency: 0.0962219 ms (enqueue 0.0791748 ms)
[02/25/2026-14:56:13] [I] Average on 10 runs - GPU latency: 0.0959045 ms - Host latency: 0.0959045 ms (enqueue 0.0796143 ms)
[02/25/2026-14:56:13] [I] Average on 10 runs - GPU latency: 0.0961182 ms - Host latency: 0.0961182 ms (enqueue 0.0821472 ms)
[02/25/2026-14:56:13] [I] Average on 10 runs - GPU latency: 0.0963562 ms - Host latency: 0.0963562 ms (enqueue 0.0793213 ms)
[02/25/2026-14:56:13] [I] Average on 10 runs - GPU latency: 0.0961914 ms - Host latency: 0.0961914 ms (enqueue 0.0798645 ms)
[02/25/2026-14:56:13] [I] Average on 10 runs - GPU latency: 0.0954651 ms - Host latency: 0.0954651 ms (enqueue 0.079602 ms)
[02/25/2026-14:56:13] [I] Average on 10 runs - GPU latency: 0.0954163 ms - Host latency: 0.0954163 ms (enqueue 0.0823486 ms)
[02/25/2026-14:56:13] [I] Average on 10 runs - GPU latency: 0.0958313 ms - Host latency: 0.0958313 ms (enqueue 0.0804138 ms)
[02/25/2026-14:56:13] [I] Average on 10 runs - GPU latency: 0.0961426 ms - Host latency: 0.0961426 ms (enqueue 0.0811829 ms)
[02/25/2026-14:56:13] [I] Average on 10 runs - GPU latency: 0.0958069 ms - Host latency: 0.0958069 ms (enqueue 0.0803711 ms)
[02/25/2026-14:56:13] [I] Average on 10 runs - GPU latency: 0.0972107 ms - Host latency: 0.0972107 ms (enqueue 0.0822266 ms)
[02/25/2026-14:56:13] [I] Average on 10 runs - GPU latency: 0.0972168 ms - Host latency: 0.0972168 ms (enqueue 0.0805298 ms)
[02/25/2026-14:56:13] [I] Average on 10 runs - GPU latency: 0.095813 ms - Host latency: 0.095813 ms (enqueue 0.0798035 ms)
[02/25/2026-14:56:13] [I] Average on 10 runs - GPU latency: 0.0957214 ms - Host latency: 0.0957214 ms (enqueue 0.0802307 ms)
[02/25/2026-14:56:13] [I] Average on 10 runs - GPU latency: 0.0969604 ms - Host latency: 0.0969604 ms (enqueue 0.0809998 ms)
[02/25/2026-14:56:13] [I] Average on 10 runs - GPU latency: 0.096051 ms - Host latency: 0.096051 ms (enqueue 0.0794312 ms)
[02/25/2026-14:56:13] [I] Average on 10 runs - GPU latency: 0.0966492 ms - Host latency: 0.0966492 ms (enqueue 0.0792603 ms)
[02/25/2026-14:56:13] [I] Average on 10 runs - GPU latency: 0.0964233 ms - Host latency: 0.0964233 ms (enqueue 0.0805725 ms)
[02/25/2026-14:56:13] [I] Average on 10 runs - GPU latency: 0.0959778 ms - Host latency: 0.0959778 ms (enqueue 0.0812012 ms)
[02/25/2026-14:56:13] [I] Average on 10 runs - GPU latency: 0.0956787 ms - Host latency: 0.0956787 ms (enqueue 0.0813171 ms)
[02/25/2026-14:56:13] [I] Average on 10 runs - GPU latency: 0.0955444 ms - Host latency: 0.0955444 ms (enqueue 0.0795837 ms)
[02/25/2026-14:56:13] [I] Average on 10 runs - GPU latency: 0.09599 ms - Host latency: 0.09599 ms (enqueue 0.0800476 ms)
[02/25/2026-14:56:13] [I] Average on 10 runs - GPU latency: 0.095874 ms - Host latency: 0.095874 ms (enqueue 0.0815063 ms)
[02/25/2026-14:56:13] [I] Average on 10 runs - GPU latency: 0.0960327 ms - Host latency: 0.0960327 ms (enqueue 0.0811096 ms)
[02/25/2026-14:56:13] [I] Average on 10 runs - GPU latency: 0.0954163 ms - Host latency: 0.0954163 ms (enqueue 0.0795715 ms)
[02/25/2026-14:56:13] [I] Average on 10 runs - GPU latency: 0.0959473 ms - Host latency: 0.0959473 ms (enqueue 0.0809265 ms)
[02/25/2026-14:56:13] [I] Average on 10 runs - GPU latency: 0.0955933 ms - Host latency: 0.0955933 ms (enqueue 0.0805725 ms)
[02/25/2026-14:56:13] [I] Average on 10 runs - GPU latency: 0.0992493 ms - Host latency: 0.0992493 ms (enqueue 0.0846985 ms)
[02/25/2026-14:56:13] [I] Average on 10 runs - GPU latency: 0.0961548 ms - Host latency: 0.0961548 ms (enqueue 0.0796448 ms)
[02/25/2026-14:56:13] [I] Average on 10 runs - GPU latency: 0.0961548 ms - Host latency: 0.0961548 ms (enqueue 0.0804626 ms)
[02/25/2026-14:56:13] [I] Average on 10 runs - GPU latency: 0.0958618 ms - Host latency: 0.0958618 ms (enqueue 0.0798889 ms)
[02/25/2026-14:56:13] [I] Average on 10 runs - GPU latency: 0.0962402 ms - Host latency: 0.0962402 ms (enqueue 0.0821594 ms)
[02/25/2026-14:56:13] [I] Average on 10 runs - GPU latency: 0.0962952 ms - Host latency: 0.0962952 ms (enqueue 0.0803162 ms)
[02/25/2026-14:56:13] [I] Average on 10 runs - GPU latency: 0.0961365 ms - Host latency: 0.0961365 ms (enqueue 0.0813477 ms)
[02/25/2026-14:56:13] [I] Average on 10 runs - GPU latency: 0.097583 ms - Host latency: 0.097583 ms (enqueue 0.0813843 ms)
[02/25/2026-14:56:13] [I] Average on 10 runs - GPU latency: 0.0982849 ms - Host latency: 0.0982849 ms (enqueue 0.0826843 ms)
[02/25/2026-14:56:13] [I] Average on 10 runs - GPU latency: 0.0962097 ms - Host latency: 0.0962097 ms (enqueue 0.080719 ms)
[02/25/2026-14:56:13] [I] Average on 10 runs - GPU latency: 0.0967102 ms - Host latency: 0.0967102 ms (enqueue 0.0806458 ms)
[02/25/2026-14:56:13] [I] Average on 10 runs - GPU latency: 0.0964844 ms - Host latency: 0.0964844 ms (enqueue 0.0809631 ms)
[02/25/2026-14:56:13] [I] Average on 10 runs - GPU latency: 0.0983704 ms - Host latency: 0.0983704 ms (enqueue 0.0812561 ms)
[02/25/2026-14:56:13] [I] Average on 10 runs - GPU latency: 0.0967285 ms - Host latency: 0.0967285 ms (enqueue 0.0809692 ms)
[02/25/2026-14:56:13] [I] Average on 10 runs - GPU latency: 0.0958618 ms - Host latency: 0.0958618 ms (enqueue 0.0805054 ms)
[02/25/2026-14:56:13] [I] Average on 10 runs - GPU latency: 0.0960999 ms - Host latency: 0.0960999 ms (enqueue 0.0809692 ms)
[02/25/2026-14:56:13] [I] Average on 10 runs - GPU latency: 0.0986206 ms - Host latency: 0.0986206 ms (enqueue 0.0835937 ms)
[02/25/2026-14:56:13] [I] Average on 10 runs - GPU latency: 0.0963623 ms - Host latency: 0.0963623 ms (enqueue 0.0801331 ms)
[02/25/2026-14:56:13] [I] Average on 10 runs - GPU latency: 0.0963562 ms - Host latency: 0.0963562 ms (enqueue 0.0809876 ms)
[02/25/2026-14:56:13] [I] Average on 10 runs - GPU latency: 0.0969849 ms - Host latency: 0.0969849 ms (enqueue 0.0813538 ms)
[02/25/2026-14:56:13] [I] Average on 10 runs - GPU latency: 0.0973389 ms - Host latency: 0.0973389 ms (enqueue 0.0815979 ms)
[02/25/2026-14:56:13] [I] Average on 10 runs - GPU latency: 0.0963989 ms - Host latency: 0.0963989 ms (enqueue 0.0799988 ms)
[02/25/2026-14:56:13] [I] Average on 10 runs - GPU latency: 0.0958374 ms - Host latency: 0.0958374 ms (enqueue 0.0801575 ms)
[02/25/2026-14:56:13] [I] Average on 10 runs - GPU latency: 0.0956299 ms - Host latency: 0.0956299 ms (enqueue 0.0796265 ms)
[02/25/2026-14:56:13] [I] Average on 10 runs - GPU latency: 0.0969971 ms - Host latency: 0.0969971 ms (enqueue 0.0827148 ms)
[02/25/2026-14:56:13] [I] Average on 10 runs - GPU latency: 0.0963379 ms - Host latency: 0.0963379 ms (enqueue 0.080481 ms)
[02/25/2026-14:56:13] [I] Average on 10 runs - GPU latency: 0.096698 ms - Host latency: 0.096698 ms (enqueue 0.081311 ms)
[02/25/2026-14:56:13] [I] Average on 10 runs - GPU latency: 0.0965942 ms - Host latency: 0.0965942 ms (enqueue 0.080127 ms)
[02/25/2026-14:56:13] [I] Average on 10 runs - GPU latency: 0.0973145 ms - Host latency: 0.0973145 ms (enqueue 0.0823853 ms)
[02/25/2026-14:56:13] [I] Average on 10 runs - GPU latency: 0.0959961 ms - Host latency: 0.0959961 ms (enqueue 0.0804871 ms)
[02/25/2026-14:56:13] [I] Average on 10 runs - GPU latency: 0.0967468 ms - Host latency: 0.0967468 ms (enqueue 0.0806885 ms)
[02/25/2026-14:56:13] [I] Average on 10 runs - GPU latency: 0.0959351 ms - Host latency: 0.0959351 ms (enqueue 0.0801025 ms)
[02/25/2026-14:56:13] [I] Average on 10 runs - GPU latency: 0.0970398 ms - Host latency: 0.0970398 ms (enqueue 0.0823791 ms)
[02/25/2026-14:56:13] [I] Average on 10 runs - GPU latency: 0.0959778 ms - Host latency: 0.0959778 ms (enqueue 0.0795166 ms)
[02/25/2026-14:56:13] [I] Average on 10 runs - GPU latency: 0.0960754 ms - Host latency: 0.0960754 ms (enqueue 0.0789368 ms)
[02/25/2026-14:56:13] [I] Average on 10 runs - GPU latency: 0.0958313 ms - Host latency: 0.0958313 ms (enqueue 0.0807678 ms)
[02/25/2026-14:56:13] [I] Average on 10 runs - GPU latency: 0.0967041 ms - Host latency: 0.0967041 ms (enqueue 0.0822815 ms)
[02/25/2026-14:56:13] [I] Average on 10 runs - GPU latency: 0.0974182 ms - Host latency: 0.0974182 ms (enqueue 0.0806824 ms)
[02/25/2026-14:56:13] [I] Average on 10 runs - GPU latency: 0.0953003 ms - Host latency: 0.0953003 ms (enqueue 0.0798706 ms)
[02/25/2026-14:56:13] [I] Average on 10 runs - GPU latency: 0.0963867 ms - Host latency: 0.0963867 ms (enqueue 0.0793945 ms)
[02/25/2026-14:56:13] [I] Average on 10 runs - GPU latency: 0.0994995 ms - Host latency: 0.0994995 ms (enqueue 0.0858276 ms)
[02/25/2026-14:56:13] [I] Average on 10 runs - GPU latency: 0.100293 ms - Host latency: 0.100293 ms (enqueue 0.0834839 ms)
[02/25/2026-14:56:13] [I] Average on 10 runs - GPU latency: 0.097583 ms - Host latency: 0.097583 ms (enqueue 0.0814941 ms)
[02/25/2026-14:56:13] [I] Average on 10 runs - GPU latency: 0.0962524 ms - Host latency: 0.0962524 ms (enqueue 0.0797852 ms)
[02/25/2026-14:56:13] [I] Average on 10 runs - GPU latency: 0.0975586 ms - Host latency: 0.0975586 ms (enqueue 0.0824707 ms)
[02/25/2026-14:56:13] [I] Average on 10 runs - GPU latency: 0.0963989 ms - Host latency: 0.0963989 ms (enqueue 0.0811646 ms)
[02/25/2026-14:56:13] [I] Average on 10 runs - GPU latency: 0.096875 ms - Host latency: 0.096875 ms (enqueue 0.0799439 ms)
[02/25/2026-14:56:13] [I] Average on 10 runs - GPU latency: 0.0961304 ms - Host latency: 0.0961304 ms (enqueue 0.0811401 ms)
[02/25/2026-14:56:13] [I] Average on 10 runs - GPU latency: 0.0970215 ms - Host latency: 0.0970215 ms (enqueue 0.0810913 ms)
[02/25/2026-14:56:13] [I] Average on 10 runs - GPU latency: 0.0968018 ms - Host latency: 0.0968018 ms (enqueue 0.0807861 ms)
[02/25/2026-14:56:13] [I] Average on 10 runs - GPU latency: 0.0961914 ms - Host latency: 0.0961914 ms (enqueue 0.0812256 ms)
[02/25/2026-14:56:13] [I] Average on 10 runs - GPU latency: 0.0966431 ms - Host latency: 0.0966431 ms (enqueue 0.0793213 ms)
[02/25/2026-14:56:13] [I] Average on 10 runs - GPU latency: 0.0966553 ms - Host latency: 0.0966553 ms (enqueue 0.0824463 ms)
[02/25/2026-14:56:13] [I] Average on 10 runs - GPU latency: 0.0969604 ms - Host latency: 0.0969604 ms (enqueue 0.0803955 ms)
[02/25/2026-14:56:13] [I] Average on 10 runs - GPU latency: 0.0959839 ms - Host latency: 0.0959839 ms (enqueue 0.0802612 ms)
[02/25/2026-14:56:13] [I] Average on 10 runs - GPU latency: 0.0966309 ms - Host latency: 0.0966309 ms (enqueue 0.080835 ms)
[02/25/2026-14:56:13] [I] Average on 10 runs - GPU latency: 0.0986206 ms - Host latency: 0.0986206 ms (enqueue 0.0831421 ms)
[02/25/2026-14:56:13] [I] Average on 10 runs - GPU latency: 0.096228 ms - Host latency: 0.096228 ms (enqueue 0.079248 ms)
[02/25/2026-14:56:13] [I] Average on 10 runs - GPU latency: 0.0953491 ms - Host latency: 0.0953491 ms (enqueue 0.0807495 ms)
[02/25/2026-14:56:13] [I] Average on 10 runs - GPU latency: 0.0965698 ms - Host latency: 0.0965698 ms (enqueue 0.0806885 ms)
[02/25/2026-14:56:13] [I] Average on 10 runs - GPU latency: 0.0967163 ms - Host latency: 0.0967163 ms (enqueue 0.0819458 ms)
[02/25/2026-14:56:13] [I] Average on 10 runs - GPU latency: 0.0970459 ms - Host latency: 0.0970459 ms (enqueue 0.0800293 ms)
[02/25/2026-14:56:13] [I] Average on 10 runs - GPU latency: 0.0964478 ms - Host latency: 0.0964478 ms (enqueue 0.0798828 ms)
[02/25/2026-14:56:13] [I] Average on 10 runs - GPU latency: 0.0959473 ms - Host latency: 0.0959473 ms (enqueue 0.0802734 ms)
[02/25/2026-14:56:13] [I] Average on 10 runs - GPU latency: 0.09552 ms - Host latency: 0.09552 ms (enqueue 0.0831787 ms)
[02/25/2026-14:56:13] [I] Average on 10 runs - GPU latency: 0.0989868 ms - Host latency: 0.0989868 ms (enqueue 0.0811401 ms)
[02/25/2026-14:56:13] [I] Average on 10 runs - GPU latency: 0.0966797 ms - Host latency: 0.0966797 ms (enqueue 0.0809692 ms)
[02/25/2026-14:56:13] [I] Average on 10 runs - GPU latency: 0.0956909 ms - Host latency: 0.0956909 ms (enqueue 0.0805664 ms)
[02/25/2026-14:56:13] [I] Average on 10 runs - GPU latency: 0.0964233 ms - Host latency: 0.0964233 ms (enqueue 0.0803345 ms)
[02/25/2026-14:56:13] [I] Average on 10 runs - GPU latency: 0.0976929 ms - Host latency: 0.0976929 ms (enqueue 0.081604 ms)
[02/25/2026-14:56:13] [I] Average on 10 runs - GPU latency: 0.0967407 ms - Host latency: 0.0967407 ms (enqueue 0.0804077 ms)
[02/25/2026-14:56:13] [I] Average on 10 runs - GPU latency: 0.09646 ms - Host latency: 0.09646 ms (enqueue 0.0805542 ms)
[02/25/2026-14:56:13] [I] Average on 10 runs - GPU latency: 0.0962158 ms - Host latency: 0.0962158 ms (enqueue 0.0802612 ms)
[02/25/2026-14:56:13] [I] Average on 10 runs - GPU latency: 0.0988403 ms - Host latency: 0.0988403 ms (enqueue 0.0838257 ms)
[02/25/2026-14:56:13] [I] Average on 10 runs - GPU latency: 0.0960205 ms - Host latency: 0.0960205 ms (enqueue 0.0802856 ms)
[02/25/2026-14:56:13] [I] Average on 10 runs - GPU latency: 0.0960693 ms - Host latency: 0.0960693 ms (enqueue 0.0815918 ms)
[02/25/2026-14:56:13] [I] Average on 10 runs - GPU latency: 0.0971069 ms - Host latency: 0.0971069 ms (enqueue 0.0816162 ms)
[02/25/2026-14:56:13] [I] Average on 10 runs - GPU latency: 0.0981079 ms - Host latency: 0.0981079 ms (enqueue 0.0812866 ms)
[02/25/2026-14:56:13] [I] Average on 10 runs - GPU latency: 0.0964844 ms - Host latency: 0.0964844 ms (enqueue 0.0805176 ms)
[02/25/2026-14:56:13] [I] Average on 10 runs - GPU latency: 0.0963867 ms - Host latency: 0.0963867 ms (enqueue 0.0795654 ms)
[02/25/2026-14:56:13] [I] Average on 10 runs - GPU latency: 0.0958862 ms - Host latency: 0.0958862 ms (enqueue 0.0794678 ms)
[02/25/2026-14:56:13] [I] Average on 10 runs - GPU latency: 0.0961426 ms - Host latency: 0.0961426 ms (enqueue 0.0820923 ms)
[02/25/2026-14:56:13] [I] Average on 10 runs - GPU latency: 0.0964233 ms - Host latency: 0.0964233 ms (enqueue 0.0808594 ms)
[02/25/2026-14:56:13] [I] Average on 10 runs - GPU latency: 0.0959106 ms - Host latency: 0.0959106 ms (enqueue 0.0802124 ms)
[02/25/2026-14:56:13] [I] Average on 10 runs - GPU latency: 0.0958862 ms - Host latency: 0.0958862 ms (enqueue 0.080127 ms)
[02/25/2026-14:56:13] [I] Average on 10 runs - GPU latency: 0.0960083 ms - Host latency: 0.0960083 ms (enqueue 0.0831421 ms)
[02/25/2026-14:56:13] [I] Average on 10 runs - GPU latency: 0.0966431 ms - Host latency: 0.0966431 ms (enqueue 0.0810303 ms)
[02/25/2026-14:56:13] [I] Average on 10 runs - GPU latency: 0.0956055 ms - Host latency: 0.0956055 ms (enqueue 0.0805054 ms)
[02/25/2026-14:56:13] [I] Average on 10 runs - GPU latency: 0.096167 ms - Host latency: 0.096167 ms (enqueue 0.0803467 ms)
[02/25/2026-14:56:13] [I] Average on 10 runs - GPU latency: 0.0982056 ms - Host latency: 0.0982056 ms (enqueue 0.0831177 ms)
[02/25/2026-14:56:13] [I] Average on 10 runs - GPU latency: 0.0956421 ms - Host latency: 0.0956421 ms (enqueue 0.0795654 ms)
[02/25/2026-14:56:13] [I] Average on 10 runs - GPU latency: 0.0958618 ms - Host latency: 0.0958618 ms (enqueue 0.0801514 ms)
[02/25/2026-14:56:13] [I] Average on 10 runs - GPU latency: 0.096228 ms - Host latency: 0.096228 ms (enqueue 0.0824219 ms)
[02/25/2026-14:56:13] [I] Average on 10 runs - GPU latency: 0.100879 ms - Host latency: 0.100879 ms (enqueue 0.0840332 ms)
[02/25/2026-14:56:13] [I] Average on 10 runs - GPU latency: 0.0969849 ms - Host latency: 0.0969849 ms (enqueue 0.081897 ms)
[02/25/2026-14:56:13] [I] Average on 10 runs - GPU latency: 0.0968506 ms - Host latency: 0.0968506 ms (enqueue 0.0810181 ms)
[02/25/2026-14:56:13] [I] Average on 10 runs - GPU latency: 0.0974243 ms - Host latency: 0.0974243 ms (enqueue 0.0817139 ms)
[02/25/2026-14:56:13] [I] Average on 10 runs - GPU latency: 0.0990723 ms - Host latency: 0.0990723 ms (enqueue 0.0837891 ms)
[02/25/2026-14:56:13] [I] Average on 10 runs - GPU latency: 0.0970825 ms - Host latency: 0.0970825 ms (enqueue 0.0791748 ms)
[02/25/2026-14:56:13] [I] Average on 10 runs - GPU latency: 0.0964111 ms - Host latency: 0.0964111 ms (enqueue 0.0820312 ms)
[02/25/2026-14:56:13] [I] Average on 10 runs - GPU latency: 0.0960205 ms - Host latency: 0.0960205 ms (enqueue 0.0811401 ms)
[02/25/2026-14:56:13] [I] Average on 10 runs - GPU latency: 0.0974853 ms - Host latency: 0.0974853 ms (enqueue 0.0827637 ms)
[02/25/2026-14:56:13] [I] Average on 10 runs - GPU latency: 0.0963135 ms - Host latency: 0.0963135 ms (enqueue 0.0801636 ms)
[02/25/2026-14:56:13] [I] Average on 10 runs - GPU latency: 0.0968994 ms - Host latency: 0.0968994 ms (enqueue 0.0810303 ms)
[02/25/2026-14:56:13] [I] Average on 10 runs - GPU latency: 0.0969849 ms - Host latency: 0.0969849 ms (enqueue 0.0817139 ms)
[02/25/2026-14:56:13] [I] Average on 10 runs - GPU latency: 0.0978027 ms - Host latency: 0.0978027 ms (enqueue 0.0830322 ms)
[02/25/2026-14:56:13] [I] Average on 10 runs - GPU latency: 0.0976196 ms - Host latency: 0.0976196 ms (enqueue 0.0820435 ms)
[02/25/2026-14:56:13] [I] Average on 10 runs - GPU latency: 0.0976562 ms - Host latency: 0.0976562 ms (enqueue 0.0815796 ms)
[02/25/2026-14:56:13] [I] Average on 10 runs - GPU latency: 0.0966797 ms - Host latency: 0.0966797 ms (enqueue 0.0813843 ms)
[02/25/2026-14:56:13] [I] Average on 10 runs - GPU latency: 0.0993286 ms - Host latency: 0.0993286 ms (enqueue 0.082605 ms)
[02/25/2026-14:56:13] [I] Average on 10 runs - GPU latency: 0.0961304 ms - Host latency: 0.0961304 ms (enqueue 0.0802124 ms)
[02/25/2026-14:56:13] [I] Average on 10 runs - GPU latency: 0.0970825 ms - Host latency: 0.0970825 ms (enqueue 0.080957 ms)
[02/25/2026-14:56:13] [I] Average on 10 runs - GPU latency: 0.0956909 ms - Host latency: 0.0956909 ms (enqueue 0.0794434 ms)
[02/25/2026-14:56:13] [I] Average on 10 runs - GPU latency: 0.0968018 ms - Host latency: 0.0968018 ms (enqueue 0.0822266 ms)
[02/25/2026-14:56:13] [I] Average on 10 runs - GPU latency: 0.0962524 ms - Host latency: 0.0962524 ms (enqueue 0.0799439 ms)
[02/25/2026-14:56:13] [I] Average on 10 runs - GPU latency: 0.0959961 ms - Host latency: 0.0959961 ms (enqueue 0.0811768 ms)
[02/25/2026-14:56:13] [I] Average on 10 runs - GPU latency: 0.0962769 ms - Host latency: 0.0962769 ms (enqueue 0.0808105 ms)
[02/25/2026-14:56:13] [I] Average on 10 runs - GPU latency: 0.0985962 ms - Host latency: 0.0985962 ms (enqueue 0.0814941 ms)
[02/25/2026-14:56:13] [I] Average on 10 runs - GPU latency: 0.0964966 ms - Host latency: 0.0964966 ms (enqueue 0.0812744 ms)
[02/25/2026-14:56:13] [I] Average on 10 runs - GPU latency: 0.0968506 ms - Host latency: 0.0968506 ms (enqueue 0.0812378 ms)
[02/25/2026-14:56:13] [I] Average on 10 runs - GPU latency: 0.0983398 ms - Host latency: 0.0983398 ms (enqueue 0.0812988 ms)
[02/25/2026-14:56:13] [I] Average on 10 runs - GPU latency: 0.0989624 ms - Host latency: 0.0989624 ms (enqueue 0.0831299 ms)
[02/25/2026-14:56:13] [I] Average on 10 runs - GPU latency: 0.0963257 ms - Host latency: 0.0963257 ms (enqueue 0.0797363 ms)
[02/25/2026-14:56:13] [I] Average on 10 runs - GPU latency: 0.0962524 ms - Host latency: 0.0962524 ms (enqueue 0.0805664 ms)
[02/25/2026-14:56:13] [I] Average on 10 runs - GPU latency: 0.0958374 ms - Host latency: 0.0958374 ms (enqueue 0.0807373 ms)
[02/25/2026-14:56:13] [I] Average on 10 runs - GPU latency: 0.100525 ms - Host latency: 0.100525 ms (enqueue 0.0829224 ms)
[02/25/2026-14:56:13] [I] Average on 10 runs - GPU latency: 0.0969482 ms - Host latency: 0.0969482 ms (enqueue 0.0807129 ms)
[02/25/2026-14:56:13] [I] Average on 10 runs - GPU latency: 0.0959595 ms - Host latency: 0.0959595 ms (enqueue 0.0808838 ms)
[02/25/2026-14:56:13] [I] Average on 10 runs - GPU latency: 0.096228 ms - Host latency: 0.096228 ms (enqueue 0.0805176 ms)
[02/25/2026-14:56:13] [I] Average on 10 runs - GPU latency: 0.099231 ms - Host latency: 0.099231 ms (enqueue 0.0826782 ms)
[02/25/2026-14:56:13] [I] Average on 10 runs - GPU latency: 0.0970947 ms - Host latency: 0.0970947 ms (enqueue 0.0814941 ms)
[02/25/2026-14:56:13] [I] Average on 10 runs - GPU latency: 0.0963867 ms - Host latency: 0.0963867 ms (enqueue 0.0799194 ms)
[02/25/2026-14:56:13] [I] Average on 10 runs - GPU latency: 0.0964478 ms - Host latency: 0.0964478 ms (enqueue 0.0804688 ms)
[02/25/2026-14:56:13] [I] Average on 10 runs - GPU latency: 0.0971924 ms - Host latency: 0.0971924 ms (enqueue 0.0826294 ms)
[02/25/2026-14:56:13] [I] Average on 10 runs - GPU latency: 0.09729 ms - Host latency: 0.09729 ms (enqueue 0.0817261 ms)
[02/25/2026-14:56:13] [I] Average on 10 runs - GPU latency: 0.0970581 ms - Host latency: 0.0970581 ms (enqueue 0.0816406 ms)
[02/25/2026-14:56:13] [I] Average on 10 runs - GPU latency: 0.0968994 ms - Host latency: 0.0968994 ms (enqueue 0.0800659 ms)
[02/25/2026-14:56:13] [I] Average on 10 runs - GPU latency: 0.0974731 ms - Host latency: 0.0974731 ms (enqueue 0.0823975 ms)
[02/25/2026-14:56:13] [I] Average on 10 runs - GPU latency: 0.0961304 ms - Host latency: 0.0961304 ms (enqueue 0.078772 ms)
[02/25/2026-14:56:13] [I] Average on 10 runs - GPU latency: 0.0954468 ms - Host latency: 0.0954468 ms (enqueue 0.079187 ms)
[02/25/2026-14:56:13] [I] Average on 10 runs - GPU latency: 0.0959229 ms - Host latency: 0.0959229 ms (enqueue 0.0795166 ms)
[02/25/2026-14:56:13] [I] Average on 10 runs - GPU latency: 0.0963379 ms - Host latency: 0.0963379 ms (enqueue 0.0806152 ms)
[02/25/2026-14:56:13] [I] Average on 10 runs - GPU latency: 0.0960449 ms - Host latency: 0.0960449 ms (enqueue 0.0797729 ms)
[02/25/2026-14:56:13] [I] Average on 10 runs - GPU latency: 0.0957764 ms - Host latency: 0.0957764 ms (enqueue 0.0795776 ms)
[02/25/2026-14:56:13] [I] Average on 10 runs - GPU latency: 0.0961548 ms - Host latency: 0.0961548 ms (enqueue 0.078479 ms)
[02/25/2026-14:56:13] [I] Average on 10 runs - GPU latency: 0.095874 ms - Host latency: 0.095874 ms (enqueue 0.0787231 ms)
[02/25/2026-14:56:13] [I] Average on 10 runs - GPU latency: 0.0962402 ms - Host latency: 0.0962402 ms (enqueue 0.0825195 ms)
[02/25/2026-14:56:13] [I] Average on 10 runs - GPU latency: 0.0969482 ms - Host latency: 0.0969482 ms (enqueue 0.0799316 ms)
[02/25/2026-14:56:13] [I] Average on 10 runs - GPU latency: 0.0956177 ms - Host latency: 0.0956177 ms (enqueue 0.0816772 ms)
[02/25/2026-14:56:13] [I] Average on 10 runs - GPU latency: 0.0962036 ms - Host latency: 0.0962036 ms (enqueue 0.080481 ms)
[02/25/2026-14:56:13] [I] Average on 10 runs - GPU latency: 0.0983276 ms - Host latency: 0.0983276 ms (enqueue 0.0828857 ms)
[02/25/2026-14:56:13] [I] Average on 10 runs - GPU latency: 0.0960938 ms - Host latency: 0.0960938 ms (enqueue 0.0795288 ms)
[02/25/2026-14:56:13] [I] Average on 10 runs - GPU latency: 0.0961426 ms - Host latency: 0.0961426 ms (enqueue 0.0807251 ms)
[02/25/2026-14:56:13] [I] Average on 10 runs - GPU latency: 0.0960083 ms - Host latency: 0.0960083 ms (enqueue 0.0798218 ms)
[02/25/2026-14:56:13] [I] Average on 10 runs - GPU latency: 0.0995239 ms - Host latency: 0.0995239 ms (enqueue 0.0826904 ms)
[02/25/2026-14:56:13] [I] Average on 10 runs - GPU latency: 0.0962646 ms - Host latency: 0.0962646 ms (enqueue 0.080249 ms)
[02/25/2026-14:56:13] [I] Average on 10 runs - GPU latency: 0.0963989 ms - Host latency: 0.0963989 ms (enqueue 0.0799805 ms)
[02/25/2026-14:56:13] [I] Average on 10 runs - GPU latency: 0.0955933 ms - Host latency: 0.0955933 ms (enqueue 0.0798462 ms)
[02/25/2026-14:56:13] [I] Average on 10 runs - GPU latency: 0.0973145 ms - Host latency: 0.0973145 ms (enqueue 0.0820557 ms)
[02/25/2026-14:56:13] [I] Average on 10 runs - GPU latency: 0.0960693 ms - Host latency: 0.0960693 ms (enqueue 0.0800293 ms)
[02/25/2026-14:56:13] [I] Average on 10 runs - GPU latency: 0.0960693 ms - Host latency: 0.0960693 ms (enqueue 0.0807739 ms)
[02/25/2026-14:56:13] [I] Average on 10 runs - GPU latency: 0.0964844 ms - Host latency: 0.0964844 ms (enqueue 0.0804565 ms)
[02/25/2026-14:56:13] [I] Average on 10 runs - GPU latency: 0.0977417 ms - Host latency: 0.0977417 ms (enqueue 0.0823975 ms)
[02/25/2026-14:56:13] [I] Average on 10 runs - GPU latency: 0.095752 ms - Host latency: 0.095752 ms (enqueue 0.0795898 ms)
[02/25/2026-14:56:13] [I] Average on 10 runs - GPU latency: 0.0959961 ms - Host latency: 0.0959961 ms (enqueue 0.0803955 ms)
[02/25/2026-14:56:13] [I] Average on 10 runs - GPU latency: 0.0960327 ms - Host latency: 0.0960327 ms (enqueue 0.0795044 ms)
[02/25/2026-14:56:13] [I] Average on 10 runs - GPU latency: 0.0976929 ms - Host latency: 0.0976929 ms (enqueue 0.0816406 ms)
[02/25/2026-14:56:13] [I] Average on 10 runs - GPU latency: 0.0957642 ms - Host latency: 0.0957642 ms (enqueue 0.079834 ms)
[02/25/2026-14:56:13] [I] Average on 10 runs - GPU latency: 0.0964355 ms - Host latency: 0.0964355 ms (enqueue 0.0808716 ms)
[02/25/2026-14:56:13] [I] Average on 10 runs - GPU latency: 0.0965454 ms - Host latency: 0.0965454 ms (enqueue 0.0807983 ms)
[02/25/2026-14:56:13] [I] Average on 10 runs - GPU latency: 0.0984497 ms - Host latency: 0.0984497 ms (enqueue 0.0822754 ms)
[02/25/2026-14:56:13] [I] Average on 10 runs - GPU latency: 0.0963257 ms - Host latency: 0.0963257 ms (enqueue 0.0803101 ms)
[02/25/2026-14:56:13] [I] Average on 10 runs - GPU latency: 0.0965942 ms - Host latency: 0.0965942 ms (enqueue 0.0801025 ms)
[02/25/2026-14:56:13] [I] Average on 10 runs - GPU latency: 0.0956787 ms - Host latency: 0.0956787 ms (enqueue 0.0813599 ms)
[02/25/2026-14:56:13] [I] Average on 10 runs - GPU latency: 0.0981445 ms - Host latency: 0.0981445 ms (enqueue 0.0829102 ms)
[02/25/2026-14:56:13] [I] Average on 10 runs - GPU latency: 0.0962402 ms - Host latency: 0.0962402 ms (enqueue 0.0802734 ms)
[02/25/2026-14:56:13] [I] Average on 10 runs - GPU latency: 0.0963379 ms - Host latency: 0.0963379 ms (enqueue 0.0815552 ms)
[02/25/2026-14:56:13] [I] Average on 10 runs - GPU latency: 0.0982544 ms - Host latency: 0.0982544 ms (enqueue 0.082312 ms)
[02/25/2026-14:56:13] [I] Average on 10 runs - GPU latency: 0.1 ms - Host latency: 0.1 ms (enqueue 0.084082 ms)
[02/25/2026-14:56:13] [I] Average on 10 runs - GPU latency: 0.0964355 ms - Host latency: 0.0964355 ms (enqueue 0.0812744 ms)
[02/25/2026-14:56:13] [I] Average on 10 runs - GPU latency: 0.0959961 ms - Host latency: 0.0959961 ms (enqueue 0.0802612 ms)
[02/25/2026-14:56:13] [I] Average on 10 runs - GPU latency: 0.096106 ms - Host latency: 0.096106 ms (enqueue 0.0798096 ms)
[02/25/2026-14:56:13] [I] Average on 10 runs - GPU latency: 0.0983643 ms - Host latency: 0.0983643 ms (enqueue 0.0833374 ms)
[02/25/2026-14:56:13] [I] Average on 10 runs - GPU latency: 0.0965576 ms - Host latency: 0.0965576 ms (enqueue 0.0808594 ms)
[02/25/2026-14:56:13] [I] Average on 10 runs - GPU latency: 0.0967651 ms - Host latency: 0.0967651 ms (enqueue 0.0804443 ms)
[02/25/2026-14:56:13] [I] Average on 10 runs - GPU latency: 0.0955689 ms - Host latency: 0.0955689 ms (enqueue 0.0802002 ms)
[02/25/2026-14:56:13] [I] Average on 10 runs - GPU latency: 0.0987549 ms - Host latency: 0.0987549 ms (enqueue 0.0828735 ms)
[02/25/2026-14:56:13] [I] Average on 10 runs - GPU latency: 0.0957031 ms - Host latency: 0.0957031 ms (enqueue 0.080542 ms)
[02/25/2026-14:56:13] [I] Average on 10 runs - GPU latency: 0.0969482 ms - Host latency: 0.0969482 ms (enqueue 0.0818848 ms)
[02/25/2026-14:56:13] [I] Average on 10 runs - GPU latency: 0.0968262 ms - Host latency: 0.0968262 ms (enqueue 0.0810181 ms)
[02/25/2026-14:56:13] [I] Average on 10 runs - GPU latency: 0.0985596 ms - Host latency: 0.0985596 ms (enqueue 0.0838135 ms)
[02/25/2026-14:56:13] [I] Average on 10 runs - GPU latency: 0.0966797 ms - Host latency: 0.0966797 ms (enqueue 0.0802246 ms)
[02/25/2026-14:56:13] [I] Average on 10 runs - GPU latency: 0.0960693 ms - Host latency: 0.0960693 ms (enqueue 0.0812622 ms)
[02/25/2026-14:56:13] [I] Average on 10 runs - GPU latency: 0.0972656 ms - Host latency: 0.0972656 ms (enqueue 0.0812622 ms)
[02/25/2026-14:56:13] [I] Average on 10 runs - GPU latency: 0.10033 ms - Host latency: 0.10033 ms (enqueue 0.0833496 ms)
[02/25/2026-14:56:13] [I] Average on 10 runs - GPU latency: 0.096582 ms - Host latency: 0.096582 ms (enqueue 0.0800659 ms)
[02/25/2026-14:56:13] [I] Average on 10 runs - GPU latency: 0.0962646 ms - Host latency: 0.0962646 ms (enqueue 0.0809204 ms)
[02/25/2026-14:56:13] [I] Average on 10 runs - GPU latency: 0.0960449 ms - Host latency: 0.0960449 ms (enqueue 0.0808105 ms)
[02/25/2026-14:56:13] [I] Average on 10 runs - GPU latency: 0.0994263 ms - Host latency: 0.0994263 ms (enqueue 0.0843872 ms)
[02/25/2026-14:56:13] [I] Average on 10 runs - GPU latency: 0.0959961 ms - Host latency: 0.0959961 ms (enqueue 0.0802368 ms)
[02/25/2026-14:56:13] [I] Average on 10 runs - GPU latency: 0.0983276 ms - Host latency: 0.0983276 ms (enqueue 0.0833618 ms)
[02/25/2026-14:56:13] [I] Average on 10 runs - GPU latency: 0.0965942 ms - Host latency: 0.0965942 ms (enqueue 0.0786743 ms)
[02/25/2026-14:56:13] [I] Average on 10 runs - GPU latency: 0.0959351 ms - Host latency: 0.0959351 ms (enqueue 0.0827148 ms)
[02/25/2026-14:56:13] [I] Average on 10 runs - GPU latency: 0.0960571 ms - Host latency: 0.0960571 ms (enqueue 0.0795654 ms)
[02/25/2026-14:56:13] [I] Average on 10 runs - GPU latency: 0.0959595 ms - Host latency: 0.0959595 ms (enqueue 0.0807739 ms)
[02/25/2026-14:56:13] [I] Average on 10 runs - GPU latency: 0.0958618 ms - Host latency: 0.0958618 ms (enqueue 0.0810913 ms)
[02/25/2026-14:56:13] [I] Average on 10 runs - GPU latency: 0.0976807 ms - Host latency: 0.0976807 ms (enqueue 0.0828491 ms)
[02/25/2026-14:56:13] [I] Average on 10 runs - GPU latency: 0.0964111 ms - Host latency: 0.0964111 ms (enqueue 0.0802002 ms)
[02/25/2026-14:56:13] [I] Average on 10 runs - GPU latency: 0.0969727 ms - Host latency: 0.0969727 ms (enqueue 0.0812622 ms)
[02/25/2026-14:56:13] [I] Average on 10 runs - GPU latency: 0.0967651 ms - Host latency: 0.0967651 ms (enqueue 0.0810669 ms)
[02/25/2026-14:56:13] [I] Average on 10 runs - GPU latency: 0.0971802 ms - Host latency: 0.0971802 ms (enqueue 0.0817749 ms)
[02/25/2026-14:56:13] [I] Average on 10 runs - GPU latency: 0.0971436 ms - Host latency: 0.0971436 ms (enqueue 0.0809082 ms)
[02/25/2026-14:56:13] [I] Average on 10 runs - GPU latency: 0.0962769 ms - Host latency: 0.0962769 ms (enqueue 0.0805908 ms)
[02/25/2026-14:56:13] [I] Average on 10 runs - GPU latency: 0.0967896 ms - Host latency: 0.0967896 ms (enqueue 0.0801758 ms)
[02/25/2026-14:56:13] [I] Average on 10 runs - GPU latency: 0.0962036 ms - Host latency: 0.0962036 ms (enqueue 0.081189 ms)
[02/25/2026-14:56:13] [I] Average on 10 runs - GPU latency: 0.0957886 ms - Host latency: 0.0957886 ms (enqueue 0.0818481 ms)
[02/25/2026-14:56:13] [I] Average on 10 runs - GPU latency: 0.0961182 ms - Host latency: 0.0961182 ms (enqueue 0.0800171 ms)
[02/25/2026-14:56:13] [I] Average on 10 runs - GPU latency: 0.0955933 ms - Host latency: 0.0955933 ms (enqueue 0.0797607 ms)
[02/25/2026-14:56:13] [I] Average on 10 runs - GPU latency: 0.0963501 ms - Host latency: 0.0963501 ms (enqueue 0.0824219 ms)
[02/25/2026-14:56:13] [I] Average on 10 runs - GPU latency: 0.097937 ms - Host latency: 0.097937 ms (enqueue 0.080896 ms)
[02/25/2026-14:56:13] [I] Average on 10 runs - GPU latency: 0.0957764 ms - Host latency: 0.0957764 ms (enqueue 0.0803833 ms)
[02/25/2026-14:56:13] [I] Average on 10 runs - GPU latency: 0.0962524 ms - Host latency: 0.0962524 ms (enqueue 0.0805176 ms)
[02/25/2026-14:56:13] [I] Average on 10 runs - GPU latency: 0.0955933 ms - Host latency: 0.0955933 ms (enqueue 0.0797974 ms)
[02/25/2026-14:56:13] [I] Average on 10 runs - GPU latency: 0.0979492 ms - Host latency: 0.0979492 ms (enqueue 0.082312 ms)
[02/25/2026-14:56:13] [I] Average on 10 runs - GPU latency: 0.0964722 ms - Host latency: 0.0964722 ms (enqueue 0.0789673 ms)
[02/25/2026-14:56:13] [I] Average on 10 runs - GPU latency: 0.0956055 ms - Host latency: 0.0956055 ms (enqueue 0.0786865 ms)
[02/25/2026-14:56:13] [I] Average on 10 runs - GPU latency: 0.0956177 ms - Host latency: 0.0956177 ms (enqueue 0.0795532 ms)
[02/25/2026-14:56:13] [I] Average on 10 runs - GPU latency: 0.0958984 ms - Host latency: 0.0958984 ms (enqueue 0.082373 ms)
[02/25/2026-14:56:13] [I] Average on 10 runs - GPU latency: 0.0961304 ms - Host latency: 0.0961304 ms (enqueue 0.0806152 ms)
[02/25/2026-14:56:13] [I] Average on 10 runs - GPU latency: 0.0960449 ms - Host latency: 0.0960449 ms (enqueue 0.0803589 ms)
[02/25/2026-14:56:13] [I] Average on 10 runs - GPU latency: 0.0962646 ms - Host latency: 0.0962646 ms (enqueue 0.0796875 ms)
[02/25/2026-14:56:13] [I] Average on 10 runs - GPU latency: 0.0959961 ms - Host latency: 0.0959961 ms (enqueue 0.0806274 ms)
[02/25/2026-14:56:13] [I] Average on 10 runs - GPU latency: 0.0961426 ms - Host latency: 0.0961426 ms (enqueue 0.0812988 ms)
[02/25/2026-14:56:13] [I] Average on 10 runs - GPU latency: 0.0962646 ms - Host latency: 0.0962646 ms (enqueue 0.0795654 ms)
[02/25/2026-14:56:13] [I] Average on 10 runs - GPU latency: 0.0961426 ms - Host latency: 0.0961426 ms (enqueue 0.0810913 ms)
[02/25/2026-14:56:13] [I] Average on 10 runs - GPU latency: 0.0968872 ms - Host latency: 0.0968872 ms (enqueue 0.0839478 ms)
[02/25/2026-14:56:13] [I] Average on 10 runs - GPU latency: 0.096936 ms - Host latency: 0.096936 ms (enqueue 0.0809692 ms)
[02/25/2026-14:56:13] [I] Average on 10 runs - GPU latency: 0.0966797 ms - Host latency: 0.0966797 ms (enqueue 0.0803101 ms)
[02/25/2026-14:56:13] [I] Average on 10 runs - GPU latency: 0.0956543 ms - Host latency: 0.0956543 ms (enqueue 0.0799072 ms)
[02/25/2026-14:56:13] [I] Average on 10 runs - GPU latency: 0.100293 ms - Host latency: 0.100293 ms (enqueue 0.0836792 ms)
[02/25/2026-14:56:13] [I] Average on 10 runs - GPU latency: 0.0962036 ms - Host latency: 0.0962036 ms (enqueue 0.0809448 ms)
[02/25/2026-14:56:13] [I] Average on 10 runs - GPU latency: 0.0977173 ms - Host latency: 0.0977173 ms (enqueue 0.0806641 ms)
[02/25/2026-14:56:13] [I] Average on 10 runs - GPU latency: 0.0957397 ms - Host latency: 0.0957397 ms (enqueue 0.0810181 ms)
[02/25/2026-14:56:13] [I] Average on 10 runs - GPU latency: 0.0984009 ms - Host latency: 0.0984009 ms (enqueue 0.0820923 ms)
[02/25/2026-14:56:13] [I] Average on 10 runs - GPU latency: 0.0965454 ms - Host latency: 0.0965454 ms (enqueue 0.0806396 ms)
[02/25/2026-14:56:13] [I] Average on 10 runs - GPU latency: 0.0961426 ms - Host latency: 0.0961426 ms (enqueue 0.0814697 ms)
[02/25/2026-14:56:13] [I] Average on 10 runs - GPU latency: 0.0963379 ms - Host latency: 0.0963379 ms (enqueue 0.0802612 ms)
[02/25/2026-14:56:13] [I] Average on 10 runs - GPU latency: 0.0975098 ms - Host latency: 0.0975098 ms (enqueue 0.0805054 ms)
[02/25/2026-14:56:13] [I] Average on 10 runs - GPU latency: 0.0959595 ms - Host latency: 0.0959595 ms (enqueue 0.0810547 ms)
[02/25/2026-14:56:13] [I] Average on 10 runs - GPU latency: 0.0957397 ms - Host latency: 0.0957397 ms (enqueue 0.080603 ms)
[02/25/2026-14:56:13] [I] Average on 10 runs - GPU latency: 0.0960083 ms - Host latency: 0.0960083 ms (enqueue 0.0808716 ms)
[02/25/2026-14:56:13] [I] Average on 10 runs - GPU latency: 0.0994873 ms - Host latency: 0.0994873 ms (enqueue 0.0852783 ms)
[02/25/2026-14:56:13] [I] Average on 10 runs - GPU latency: 0.0963379 ms - Host latency: 0.0963379 ms (enqueue 0.0795654 ms)
[02/25/2026-14:56:13] [I] Average on 10 runs - GPU latency: 0.0966309 ms - Host latency: 0.0966309 ms (enqueue 0.0791626 ms)
[02/25/2026-14:56:13] [I] Average on 10 runs - GPU latency: 0.0962158 ms - Host latency: 0.0962158 ms (enqueue 0.0803467 ms)
[02/25/2026-14:56:13] [I] Average on 10 runs - GPU latency: 0.0963135 ms - Host latency: 0.0963135 ms (enqueue 0.0819214 ms)
[02/25/2026-14:56:13] [I] Average on 10 runs - GPU latency: 0.0956177 ms - Host latency: 0.0956177 ms (enqueue 0.0792725 ms)
[02/25/2026-14:56:13] [I] Average on 10 runs - GPU latency: 0.0961426 ms - Host latency: 0.0961426 ms (enqueue 0.0803345 ms)
[02/25/2026-14:56:13] [I] Average on 10 runs - GPU latency: 0.0957642 ms - Host latency: 0.0957642 ms (enqueue 0.079895 ms)
[02/25/2026-14:56:13] [I] Average on 10 runs - GPU latency: 0.0961304 ms - Host latency: 0.0961304 ms (enqueue 0.081311 ms)
[02/25/2026-14:56:13] [I] Average on 10 runs - GPU latency: 0.0958374 ms - Host latency: 0.0958374 ms (enqueue 0.0796509 ms)
[02/25/2026-14:56:13] [I] Average on 10 runs - GPU latency: 0.0959717 ms - Host latency: 0.0959717 ms (enqueue 0.0801147 ms)
[02/25/2026-14:56:13] [I] Average on 10 runs - GPU latency: 0.095813 ms - Host latency: 0.095813 ms (enqueue 0.0801636 ms)
[02/25/2026-14:56:13] [I] Average on 10 runs - GPU latency: 0.0963257 ms - Host latency: 0.0963257 ms (enqueue 0.0835815 ms)
[02/25/2026-14:56:13] [I] Average on 10 runs - GPU latency: 0.096521 ms - Host latency: 0.096521 ms (enqueue 0.0797729 ms)
[02/25/2026-14:56:13] [I] Average on 10 runs - GPU latency: 0.095459 ms - Host latency: 0.095459 ms (enqueue 0.0795654 ms)
[02/25/2026-14:56:13] [I] Average on 10 runs - GPU latency: 0.0956299 ms - Host latency: 0.0956299 ms (enqueue 0.0801514 ms)
[02/25/2026-14:56:13] [I] Average on 10 runs - GPU latency: 0.0956421 ms - Host latency: 0.0956421 ms (enqueue 0.0815552 ms)
[02/25/2026-14:56:13] [I] Average on 10 runs - GPU latency: 0.0958496 ms - Host latency: 0.0958496 ms (enqueue 0.0810303 ms)
[02/25/2026-14:56:13] [I] Average on 10 runs - GPU latency: 0.0953613 ms - Host latency: 0.0953613 ms (enqueue 0.0804077 ms)
[02/25/2026-14:56:13] [I] Average on 10 runs - GPU latency: 0.096106 ms - Host latency: 0.096106 ms (enqueue 0.080188 ms)
[02/25/2026-14:56:13] [I] Average on 10 runs - GPU latency: 0.0975708 ms - Host latency: 0.0975708 ms (enqueue 0.0827637 ms)
[02/25/2026-14:56:13] [I] Average on 10 runs - GPU latency: 0.096228 ms - Host latency: 0.096228 ms (enqueue 0.079187 ms)
[02/25/2026-14:56:13] [I] Average on 10 runs - GPU latency: 0.0961914 ms - Host latency: 0.0961914 ms (enqueue 0.0800293 ms)
[02/25/2026-14:56:13] [I] Average on 10 runs - GPU latency: 0.0959229 ms - Host latency: 0.0959229 ms (enqueue 0.0807861 ms)
[02/25/2026-14:56:13] [I] Average on 10 runs - GPU latency: 0.0960083 ms - Host latency: 0.0960083 ms (enqueue 0.0812012 ms)
[02/25/2026-14:56:13] [I] Average on 10 runs - GPU latency: 0.0946655 ms - Host latency: 0.0946655 ms (enqueue 0.081311 ms)
[02/25/2026-14:56:13] [I] Average on 10 runs - GPU latency: 0.096814 ms - Host latency: 0.096814 ms (enqueue 0.0797241 ms)
[02/25/2026-14:56:13] [I] Average on 10 runs - GPU latency: 0.0966064 ms - Host latency: 0.0966064 ms (enqueue 0.0797852 ms)
[02/25/2026-14:56:13] [I] Average on 10 runs - GPU latency: 0.0952515 ms - Host latency: 0.0952515 ms (enqueue 0.0807129 ms)
[02/25/2026-14:56:13] [I] Average on 10 runs - GPU latency: 0.0984619 ms - Host latency: 0.0984619 ms (enqueue 0.0835693 ms)
[02/25/2026-14:56:13] [I] Average on 10 runs - GPU latency: 0.0956299 ms - Host latency: 0.0956299 ms (enqueue 0.0800659 ms)
[02/25/2026-14:56:13] [I] Average on 10 runs - GPU latency: 0.0957153 ms - Host latency: 0.0957153 ms (enqueue 0.0793579 ms)
[02/25/2026-14:56:13] [I] Average on 10 runs - GPU latency: 0.0955322 ms - Host latency: 0.0955322 ms (enqueue 0.0808228 ms)
[02/25/2026-14:56:13] [I] Average on 10 runs - GPU latency: 0.097876 ms - Host latency: 0.097876 ms (enqueue 0.0826416 ms)
[02/25/2026-14:56:13] [I] Average on 10 runs - GPU latency: 0.0960083 ms - Host latency: 0.0960083 ms (enqueue 0.0792114 ms)
[02/25/2026-14:56:13] [I] Average on 10 runs - GPU latency: 0.0961792 ms - Host latency: 0.0961792 ms (enqueue 0.0812378 ms)
[02/25/2026-14:56:13] [I] Average on 10 runs - GPU latency: 0.0963623 ms - Host latency: 0.0963623 ms (enqueue 0.0811523 ms)
[02/25/2026-14:56:13] [I] Average on 10 runs - GPU latency: 0.0970825 ms - Host latency: 0.0970825 ms (enqueue 0.0834473 ms)
[02/25/2026-14:56:13] [I] Average on 10 runs - GPU latency: 0.0956787 ms - Host latency: 0.0956787 ms (enqueue 0.081189 ms)
[02/25/2026-14:56:13] [I] Average on 10 runs - GPU latency: 0.0966431 ms - Host latency: 0.0966431 ms (enqueue 0.0806274 ms)
[02/25/2026-14:56:13] [I] Average on 10 runs - GPU latency: 0.0974365 ms - Host latency: 0.0974365 ms (enqueue 0.0810059 ms)
[02/25/2026-14:56:13] [I] Average on 10 runs - GPU latency: 0.0979126 ms - Host latency: 0.0979126 ms (enqueue 0.0823608 ms)
[02/25/2026-14:56:13] [I] Average on 10 runs - GPU latency: 0.0968628 ms - Host latency: 0.0968628 ms (enqueue 0.0788574 ms)
[02/25/2026-14:56:13] [I] Average on 10 runs - GPU latency: 0.0964966 ms - Host latency: 0.0964966 ms (enqueue 0.0799316 ms)
[02/25/2026-14:56:13] [I] Average on 10 runs - GPU latency: 0.0964355 ms - Host latency: 0.0964355 ms (enqueue 0.0805054 ms)
[02/25/2026-14:56:13] [I] Average on 10 runs - GPU latency: 0.0959595 ms - Host latency: 0.0959595 ms (enqueue 0.0818237 ms)
[02/25/2026-14:56:13] [I] Average on 10 runs - GPU latency: 0.0960815 ms - Host latency: 0.0960815 ms (enqueue 0.082019 ms)
[02/25/2026-14:56:13] [I] Average on 10 runs - GPU latency: 0.0961792 ms - Host latency: 0.0961792 ms (enqueue 0.0795288 ms)
[02/25/2026-14:56:13] [I] Average on 10 runs - GPU latency: 0.0960449 ms - Host latency: 0.0960449 ms (enqueue 0.081604 ms)
[02/25/2026-14:56:13] [I] Average on 10 runs - GPU latency: 0.0967041 ms - Host latency: 0.0967041 ms (enqueue 0.0841431 ms)
[02/25/2026-14:56:13] [I] Average on 10 runs - GPU latency: 0.0958862 ms - Host latency: 0.0958862 ms (enqueue 0.0802368 ms)
[02/25/2026-14:56:13] [I] Average on 10 runs - GPU latency: 0.0968628 ms - Host latency: 0.0968628 ms (enqueue 0.0812988 ms)
[02/25/2026-14:56:13] [I] Average on 10 runs - GPU latency: 0.0967041 ms - Host latency: 0.0967041 ms (enqueue 0.0803467 ms)
[02/25/2026-14:56:13] [I] Average on 10 runs - GPU latency: 0.0971802 ms - Host latency: 0.0971802 ms (enqueue 0.0823364 ms)
[02/25/2026-14:56:13] [I] Average on 10 runs - GPU latency: 0.0961182 ms - Host latency: 0.0961182 ms (enqueue 0.080127 ms)
[02/25/2026-14:56:13] [I] Average on 10 runs - GPU latency: 0.0964722 ms - Host latency: 0.0964722 ms (enqueue 0.0796753 ms)
[02/25/2026-14:56:13] [I] Average on 10 runs - GPU latency: 0.0955689 ms - Host latency: 0.0955689 ms (enqueue 0.0799439 ms)
[02/25/2026-14:56:13] [I] Average on 10 runs - GPU latency: 0.0962891 ms - Host latency: 0.0962891 ms (enqueue 0.0807739 ms)
[02/25/2026-14:56:13] [I] Average on 10 runs - GPU latency: 0.0958252 ms - Host latency: 0.0958252 ms (enqueue 0.0796265 ms)
[02/25/2026-14:56:13] [I] Average on 10 runs - GPU latency: 0.0959106 ms - Host latency: 0.0959106 ms (enqueue 0.0807983 ms)
[02/25/2026-14:56:13] [I] Average on 10 runs - GPU latency: 0.0961792 ms - Host latency: 0.0961792 ms (enqueue 0.0804688 ms)
[02/25/2026-14:56:13] [I] Average on 10 runs - GPU latency: 0.0966553 ms - Host latency: 0.0966553 ms (enqueue 0.0834351 ms)
[02/25/2026-14:56:13] [I] Average on 10 runs - GPU latency: 0.0966553 ms - Host latency: 0.0966553 ms (enqueue 0.0800903 ms)
[02/25/2026-14:56:13] [I] Average on 10 runs - GPU latency: 0.0973389 ms - Host latency: 0.0973389 ms (enqueue 0.080542 ms)
[02/25/2026-14:56:13] [I] Average on 10 runs - GPU latency: 0.0954834 ms - Host latency: 0.0954834 ms (enqueue 0.079895 ms)
[02/25/2026-14:56:13] [I] Average on 10 runs - GPU latency: 0.0967651 ms - Host latency: 0.0967651 ms (enqueue 0.0813354 ms)
[02/25/2026-14:56:13] [I] Average on 10 runs - GPU latency: 0.09646 ms - Host latency: 0.09646 ms (enqueue 0.0802979 ms)
[02/25/2026-14:56:13] [I] Average on 10 runs - GPU latency: 0.0965332 ms - Host latency: 0.0965332 ms (enqueue 0.0790161 ms)
[02/25/2026-14:56:13] [I] Average on 10 runs - GPU latency: 0.0963501 ms - Host latency: 0.0963501 ms (enqueue 0.0790283 ms)
[02/25/2026-14:56:13] [I] Average on 10 runs - GPU latency: 0.0960571 ms - Host latency: 0.0960571 ms (enqueue 0.0838013 ms)
[02/25/2026-14:56:13] [I] Average on 10 runs - GPU latency: 0.0958252 ms - Host latency: 0.0958252 ms (enqueue 0.0810059 ms)
[02/25/2026-14:56:13] [I] Average on 10 runs - GPU latency: 0.0965942 ms - Host latency: 0.0965942 ms (enqueue 0.0801758 ms)
[02/25/2026-14:56:13] [I] Average on 10 runs - GPU latency: 0.0957031 ms - Host latency: 0.0957031 ms (enqueue 0.0803223 ms)
[02/25/2026-14:56:13] [I] Average on 10 runs - GPU latency: 0.0960571 ms - Host latency: 0.0960571 ms (enqueue 0.082373 ms)
[02/25/2026-14:56:13] [I] Average on 10 runs - GPU latency: 0.0977051 ms - Host latency: 0.0977051 ms (enqueue 0.082666 ms)
[02/25/2026-14:56:13] [I] Average on 10 runs - GPU latency: 0.0973022 ms - Host latency: 0.0973022 ms (enqueue 0.0808716 ms)
[02/25/2026-14:56:13] [I] Average on 10 runs - GPU latency: 0.0982178 ms - Host latency: 0.0982178 ms (enqueue 0.0820801 ms)
[02/25/2026-14:56:13] [I] Average on 10 runs - GPU latency: 0.0980835 ms - Host latency: 0.0980835 ms (enqueue 0.0823975 ms)
[02/25/2026-14:56:13] [I] Average on 10 runs - GPU latency: 0.097998 ms - Host latency: 0.097998 ms (enqueue 0.0820557 ms)
[02/25/2026-14:56:13] [I] Average on 10 runs - GPU latency: 0.0973877 ms - Host latency: 0.0973877 ms (enqueue 0.0815796 ms)
[02/25/2026-14:56:13] [I] Average on 10 runs - GPU latency: 0.0966187 ms - Host latency: 0.0966187 ms (enqueue 0.0807983 ms)
[02/25/2026-14:56:13] [I] Average on 10 runs - GPU latency: 0.0997314 ms - Host latency: 0.0997314 ms (enqueue 0.0846558 ms)
[02/25/2026-14:56:13] [I] Average on 10 runs - GPU latency: 0.0971069 ms - Host latency: 0.0971069 ms (enqueue 0.0811523 ms)
[02/25/2026-14:56:13] [I] Average on 10 runs - GPU latency: 0.0973999 ms - Host latency: 0.0973999 ms (enqueue 0.0816772 ms)
[02/25/2026-14:56:13] [I] Average on 10 runs - GPU latency: 0.096875 ms - Host latency: 0.096875 ms (enqueue 0.0811157 ms)
[02/25/2026-14:56:13] [I] Average on 10 runs - GPU latency: 0.0982422 ms - Host latency: 0.0982422 ms (enqueue 0.08302 ms)
[02/25/2026-14:56:13] [I] Average on 10 runs - GPU latency: 0.0977295 ms - Host latency: 0.0977295 ms (enqueue 0.0804932 ms)
[02/25/2026-14:56:13] [I] Average on 10 runs - GPU latency: 0.0955811 ms - Host latency: 0.0955811 ms (enqueue 0.0804688 ms)
[02/25/2026-14:56:13] [I] Average on 10 runs - GPU latency: 0.0959229 ms - Host latency: 0.0959229 ms (enqueue 0.080957 ms)
[02/25/2026-14:56:13] [I] Average on 10 runs - GPU latency: 0.0966064 ms - Host latency: 0.0966064 ms (enqueue 0.0819702 ms)
[02/25/2026-14:56:13] [I] Average on 10 runs - GPU latency: 0.0984863 ms - Host latency: 0.0984863 ms (enqueue 0.0817017 ms)
[02/25/2026-14:56:13] [I] Average on 10 runs - GPU latency: 0.0974609 ms - Host latency: 0.0974609 ms (enqueue 0.0810669 ms)
[02/25/2026-14:56:13] [I] Average on 10 runs - GPU latency: 0.0962891 ms - Host latency: 0.0962891 ms (enqueue 0.0811279 ms)
[02/25/2026-14:56:13] [I] Average on 10 runs - GPU latency: 0.0957886 ms - Host latency: 0.0957886 ms (enqueue 0.0826782 ms)
[02/25/2026-14:56:13] [I] Average on 10 runs - GPU latency: 0.0983398 ms - Host latency: 0.0983398 ms (enqueue 0.0799316 ms)
[02/25/2026-14:56:13] [I] Average on 10 runs - GPU latency: 0.0968506 ms - Host latency: 0.0968506 ms (enqueue 0.0807251 ms)
[02/25/2026-14:56:13] [I] Average on 10 runs - GPU latency: 0.0958862 ms - Host latency: 0.0958862 ms (enqueue 0.0795532 ms)
[02/25/2026-14:56:13] [I] Average on 10 runs - GPU latency: 0.0962158 ms - Host latency: 0.0962158 ms (enqueue 0.0814819 ms)
[02/25/2026-14:56:13] [I] Average on 10 runs - GPU latency: 0.0978516 ms - Host latency: 0.0978516 ms (enqueue 0.0838745 ms)
[02/25/2026-14:56:13] [I] Average on 10 runs - GPU latency: 0.0963989 ms - Host latency: 0.0963989 ms (enqueue 0.0804199 ms)
[02/25/2026-14:56:13] [I] Average on 10 runs - GPU latency: 0.0963013 ms - Host latency: 0.0963013 ms (enqueue 0.0807861 ms)
[02/25/2026-14:56:13] [I] Average on 10 runs - GPU latency: 0.0966675 ms - Host latency: 0.0966675 ms (enqueue 0.0804077 ms)
[02/25/2026-14:56:13] [I] Average on 10 runs - GPU latency: 0.0992798 ms - Host latency: 0.0992798 ms (enqueue 0.08396 ms)
[02/25/2026-14:56:13] [I] Average on 10 runs - GPU latency: 0.0974121 ms - Host latency: 0.0974121 ms (enqueue 0.0821777 ms)
[02/25/2026-14:56:13] [I] Average on 10 runs - GPU latency: 0.0985718 ms - Host latency: 0.0985718 ms (enqueue 0.0826904 ms)
[02/25/2026-14:56:13] [I] Average on 10 runs - GPU latency: 0.0969238 ms - Host latency: 0.0969238 ms (enqueue 0.0808472 ms)
[02/25/2026-14:56:13] [I] Average on 10 runs - GPU latency: 0.0974976 ms - Host latency: 0.0974976 ms (enqueue 0.0830811 ms)
[02/25/2026-14:56:13] [I] Average on 10 runs - GPU latency: 0.0987671 ms - Host latency: 0.0987671 ms (enqueue 0.0824219 ms)
[02/25/2026-14:56:13] [I] Average on 10 runs - GPU latency: 0.0978882 ms - Host latency: 0.0978882 ms (enqueue 0.0813232 ms)
[02/25/2026-14:56:13] [I] Average on 10 runs - GPU latency: 0.0961548 ms - Host latency: 0.0961548 ms (enqueue 0.0805786 ms)
[02/25/2026-14:56:13] [I] Average on 10 runs - GPU latency: 0.0996826 ms - Host latency: 0.0996826 ms (enqueue 0.0836548 ms)
[02/25/2026-14:56:13] [I] Average on 10 runs - GPU latency: 0.0956543 ms - Host latency: 0.0956543 ms (enqueue 0.080542 ms)
[02/25/2026-14:56:13] [I] Average on 10 runs - GPU latency: 0.0959106 ms - Host latency: 0.0959106 ms (enqueue 0.0786133 ms)
[02/25/2026-14:56:13] [I] Average on 10 runs - GPU latency: 0.0956177 ms - Host latency: 0.0956177 ms (enqueue 0.0790894 ms)
[02/25/2026-14:56:13] [I] Average on 10 runs - GPU latency: 0.0959351 ms - Host latency: 0.0959351 ms (enqueue 0.0814819 ms)
[02/25/2026-14:56:13] [I] Average on 10 runs - GPU latency: 0.0958496 ms - Host latency: 0.0958496 ms (enqueue 0.080603 ms)
[02/25/2026-14:56:13] [I] Average on 10 runs - GPU latency: 0.0955078 ms - Host latency: 0.0955078 ms (enqueue 0.0799561 ms)
[02/25/2026-14:56:13] [I] Average on 10 runs - GPU latency: 0.0952148 ms - Host latency: 0.0952148 ms (enqueue 0.0792358 ms)
[02/25/2026-14:56:13] [I] Average on 10 runs - GPU latency: 0.0981567 ms - Host latency: 0.0981567 ms (enqueue 0.0842896 ms)
[02/25/2026-14:56:13] [I] Average on 10 runs - GPU latency: 0.0957153 ms - Host latency: 0.0957153 ms (enqueue 0.0805542 ms)
[02/25/2026-14:56:13] [I] Average on 10 runs - GPU latency: 0.0969727 ms - Host latency: 0.0969727 ms (enqueue 0.0795776 ms)
[02/25/2026-14:56:13] [I] Average on 10 runs - GPU latency: 0.0961792 ms - Host latency: 0.0961792 ms (enqueue 0.0793579 ms)
[02/25/2026-14:56:13] [I] Average on 10 runs - GPU latency: 0.0963989 ms - Host latency: 0.0963989 ms (enqueue 0.0847046 ms)
[02/25/2026-14:56:13] [I] Average on 10 runs - GPU latency: 0.0959595 ms - Host latency: 0.0959595 ms (enqueue 0.080127 ms)
[02/25/2026-14:56:13] [I] Average on 10 runs - GPU latency: 0.0956909 ms - Host latency: 0.0956909 ms (enqueue 0.0798462 ms)
[02/25/2026-14:56:13] [I] Average on 10 runs - GPU latency: 0.0966431 ms - Host latency: 0.0966431 ms (enqueue 0.0801025 ms)
[02/25/2026-14:56:13] [I] Average on 10 runs - GPU latency: 0.0985962 ms - Host latency: 0.0985962 ms (enqueue 0.0841064 ms)
[02/25/2026-14:56:13] [I] Average on 10 runs - GPU latency: 0.0960571 ms - Host latency: 0.0960571 ms (enqueue 0.0791504 ms)
[02/25/2026-14:56:13] [I] Average on 10 runs - GPU latency: 0.0959961 ms - Host latency: 0.0959961 ms (enqueue 0.0797729 ms)
[02/25/2026-14:56:13] [I] Average on 10 runs - GPU latency: 0.0961304 ms - Host latency: 0.0961304 ms (enqueue 0.0815063 ms)
[02/25/2026-14:56:13] [I] Average on 10 runs - GPU latency: 0.0969482 ms - Host latency: 0.0969482 ms (enqueue 0.0823486 ms)
[02/25/2026-14:56:13] [I] Average on 10 runs - GPU latency: 0.0968384 ms - Host latency: 0.0968384 ms (enqueue 0.0799072 ms)
[02/25/2026-14:56:13] [I] Average on 10 runs - GPU latency: 0.0956665 ms - Host latency: 0.0956665 ms (enqueue 0.0791504 ms)
[02/25/2026-14:56:13] [I] Average on 10 runs - GPU latency: 0.0958618 ms - Host latency: 0.0958618 ms (enqueue 0.0803833 ms)
[02/25/2026-14:56:13] [I] Average on 10 runs - GPU latency: 0.0965698 ms - Host latency: 0.0965698 ms (enqueue 0.081665 ms)
[02/25/2026-14:56:13] [I] Average on 10 runs - GPU latency: 0.0977905 ms - Host latency: 0.0977905 ms (enqueue 0.0820801 ms)
[02/25/2026-14:56:13] [I] Average on 10 runs - GPU latency: 0.0959961 ms - Host latency: 0.0959961 ms (enqueue 0.0801636 ms)
[02/25/2026-14:56:13] [I] Average on 10 runs - GPU latency: 0.0973511 ms - Host latency: 0.0973511 ms (enqueue 0.0786377 ms)
[02/25/2026-14:56:13] [I] Average on 10 runs - GPU latency: 0.0958496 ms - Host latency: 0.0958496 ms (enqueue 0.0825195 ms)
[02/25/2026-14:56:13] [I] Average on 10 runs - GPU latency: 0.0956543 ms - Host latency: 0.0956543 ms (enqueue 0.0798828 ms)
[02/25/2026-14:56:13] [I] Average on 10 runs - GPU latency: 0.0957153 ms - Host latency: 0.0957153 ms (enqueue 0.0796631 ms)
[02/25/2026-14:56:13] [I] Average on 10 runs - GPU latency: 0.0961914 ms - Host latency: 0.0961914 ms (enqueue 0.0791626 ms)
[02/25/2026-14:56:13] [I] Average on 10 runs - GPU latency: 0.0968384 ms - Host latency: 0.0968384 ms (enqueue 0.0845215 ms)
[02/25/2026-14:56:13] [I] Average on 10 runs - GPU latency: 0.0972046 ms - Host latency: 0.0972046 ms (enqueue 0.079602 ms)
[02/25/2026-14:56:13] [I] Average on 10 runs - GPU latency: 0.096228 ms - Host latency: 0.096228 ms (enqueue 0.078418 ms)
[02/25/2026-14:56:13] [I] Average on 10 runs - GPU latency: 0.0962646 ms - Host latency: 0.0962646 ms (enqueue 0.0790283 ms)
[02/25/2026-14:56:13] [I] Average on 10 runs - GPU latency: 0.0963867 ms - Host latency: 0.0963867 ms (enqueue 0.0829224 ms)
[02/25/2026-14:56:13] [I] Average on 10 runs - GPU latency: 0.0948364 ms - Host latency: 0.0948364 ms (enqueue 0.0805664 ms)
[02/25/2026-14:56:13] [I] Average on 10 runs - GPU latency: 0.0953613 ms - Host latency: 0.0953613 ms (enqueue 0.0804688 ms)
[02/25/2026-14:56:13] [I] Average on 10 runs - GPU latency: 0.0961426 ms - Host latency: 0.0961426 ms (enqueue 0.0798828 ms)
[02/25/2026-14:56:13] [I] Average on 10 runs - GPU latency: 0.0958008 ms - Host latency: 0.0958008 ms (enqueue 0.0818603 ms)
[02/25/2026-14:56:13] [I] Average on 10 runs - GPU latency: 0.0955933 ms - Host latency: 0.0955933 ms (enqueue 0.0789917 ms)
[02/25/2026-14:56:13] [I] Average on 10 runs - GPU latency: 0.0958496 ms - Host latency: 0.0958496 ms (enqueue 0.0781006 ms)
[02/25/2026-14:56:13] [I] Average on 10 runs - GPU latency: 0.0962036 ms - Host latency: 0.0962036 ms (enqueue 0.0796509 ms)
[02/25/2026-14:56:13] [I] Average on 10 runs - GPU latency: 0.096521 ms - Host latency: 0.096521 ms (enqueue 0.0825073 ms)
[02/25/2026-14:56:13] [I] Average on 10 runs - GPU latency: 0.0959839 ms - Host latency: 0.0959839 ms (enqueue 0.0806641 ms)
[02/25/2026-14:56:13] [I] Average on 10 runs - GPU latency: 0.0963013 ms - Host latency: 0.0963013 ms (enqueue 0.0804321 ms)
[02/25/2026-14:56:13] [I] Average on 10 runs - GPU latency: 0.0950317 ms - Host latency: 0.0950317 ms (enqueue 0.0787354 ms)
[02/25/2026-14:56:13] [I] Average on 10 runs - GPU latency: 0.0960938 ms - Host latency: 0.0960938 ms (enqueue 0.07948 ms)
[02/25/2026-14:56:13] [I] Average on 10 runs - GPU latency: 0.0964233 ms - Host latency: 0.0964233 ms (enqueue 0.0825684 ms)
[02/25/2026-14:56:13] [I] Average on 10 runs - GPU latency: 0.0959595 ms - Host latency: 0.0959595 ms (enqueue 0.0804443 ms)
[02/25/2026-14:56:13] [I] Average on 10 runs - GPU latency: 0.0957886 ms - Host latency: 0.0957886 ms (enqueue 0.0795532 ms)
[02/25/2026-14:56:13] [I] Average on 10 runs - GPU latency: 0.0957764 ms - Host latency: 0.0957764 ms (enqueue 0.080127 ms)
[02/25/2026-14:56:13] [I] Average on 10 runs - GPU latency: 0.0980225 ms - Host latency: 0.0980225 ms (enqueue 0.0861206 ms)
[02/25/2026-14:56:13] [I] Average on 10 runs - GPU latency: 0.0967041 ms - Host latency: 0.0967041 ms (enqueue 0.0797729 ms)
[02/25/2026-14:56:13] [I] Average on 10 runs - GPU latency: 0.0958252 ms - Host latency: 0.0958252 ms (enqueue 0.0806763 ms)
[02/25/2026-14:56:13] [I] Average on 10 runs - GPU latency: 0.0952881 ms - Host latency: 0.0952881 ms (enqueue 0.0792603 ms)
[02/25/2026-14:56:13] [I] Average on 10 runs - GPU latency: 0.0967407 ms - Host latency: 0.0967407 ms (enqueue 0.0807739 ms)
[02/25/2026-14:56:13] [I] Average on 10 runs - GPU latency: 0.096106 ms - Host latency: 0.096106 ms (enqueue 0.080481 ms)
[02/25/2026-14:56:13] [I] Average on 10 runs - GPU latency: 0.0958496 ms - Host latency: 0.0958496 ms (enqueue 0.0802246 ms)
[02/25/2026-14:56:13] [I] Average on 10 runs - GPU latency: 0.0966309 ms - Host latency: 0.0966309 ms (enqueue 0.0815674 ms)
[02/25/2026-14:56:13] [I] Average on 10 runs - GPU latency: 0.0972778 ms - Host latency: 0.0972778 ms (enqueue 0.0815063 ms)
[02/25/2026-14:56:13] [I] Average on 10 runs - GPU latency: 0.0972778 ms - Host latency: 0.0972778 ms (enqueue 0.082019 ms)
[02/25/2026-14:56:13] [I] Average on 10 runs - GPU latency: 0.0965698 ms - Host latency: 0.0965698 ms (enqueue 0.0812866 ms)
[02/25/2026-14:56:13] [I] Average on 10 runs - GPU latency: 0.096228 ms - Host latency: 0.096228 ms (enqueue 0.0804688 ms)
[02/25/2026-14:56:13] [I] Average on 10 runs - GPU latency: 0.098584 ms - Host latency: 0.098584 ms (enqueue 0.0828125 ms)
[02/25/2026-14:56:13] [I] Average on 10 runs - GPU latency: 0.0960693 ms - Host latency: 0.0960693 ms (enqueue 0.0816528 ms)
[02/25/2026-14:56:13] [I] Average on 10 runs - GPU latency: 0.0985718 ms - Host latency: 0.0985718 ms (enqueue 0.0811646 ms)
[02/25/2026-14:56:13] [I] Average on 10 runs - GPU latency: 0.0956909 ms - Host latency: 0.0956909 ms (enqueue 0.0799683 ms)
[02/25/2026-14:56:13] [I] Average on 10 runs - GPU latency: 0.0964966 ms - Host latency: 0.0964966 ms (enqueue 0.0814941 ms)
[02/25/2026-14:56:13] [I] Average on 10 runs - GPU latency: 0.0954102 ms - Host latency: 0.0954102 ms (enqueue 0.0799805 ms)
[02/25/2026-14:56:13] [I] Average on 10 runs - GPU latency: 0.0963745 ms - Host latency: 0.0963745 ms (enqueue 0.0794067 ms)
[02/25/2026-14:56:13] [I] Average on 10 runs - GPU latency: 0.0955689 ms - Host latency: 0.0955689 ms (enqueue 0.0792725 ms)
[02/25/2026-14:56:13] [I] Average on 10 runs - GPU latency: 0.0959839 ms - Host latency: 0.0959839 ms (enqueue 0.082019 ms)
[02/25/2026-14:56:13] [I] Average on 10 runs - GPU latency: 0.096228 ms - Host latency: 0.096228 ms (enqueue 0.0820679 ms)
[02/25/2026-14:56:13] [I] Average on 10 runs - GPU latency: 0.09646 ms - Host latency: 0.09646 ms (enqueue 0.0802979 ms)
[02/25/2026-14:56:13] [I] Average on 10 runs - GPU latency: 0.0960449 ms - Host latency: 0.0960449 ms (enqueue 0.0801147 ms)
[02/25/2026-14:56:13] [I] Average on 10 runs - GPU latency: 0.096936 ms - Host latency: 0.096936 ms (enqueue 0.0820923 ms)
[02/25/2026-14:56:13] [I] Average on 10 runs - GPU latency: 0.0982056 ms - Host latency: 0.0982056 ms (enqueue 0.0819458 ms)
[02/25/2026-14:56:13] [I] Average on 10 runs - GPU latency: 0.0964355 ms - Host latency: 0.0964355 ms (enqueue 0.0803467 ms)
[02/25/2026-14:56:13] [I] Average on 10 runs - GPU latency: 0.0969116 ms - Host latency: 0.0969116 ms (enqueue 0.0805908 ms)
[02/25/2026-14:56:13] [I] Average on 10 runs - GPU latency: 0.0966431 ms - Host latency: 0.0966431 ms (enqueue 0.0829346 ms)
[02/25/2026-14:56:13] [I] Average on 10 runs - GPU latency: 0.0967773 ms - Host latency: 0.0967773 ms (enqueue 0.0804443 ms)
[02/25/2026-14:56:13] [I] Average on 10 runs - GPU latency: 0.0958374 ms - Host latency: 0.0958374 ms (enqueue 0.0798828 ms)
[02/25/2026-14:56:13] [I] Average on 10 runs - GPU latency: 0.0963501 ms - Host latency: 0.0963501 ms (enqueue 0.080835 ms)
[02/25/2026-14:56:13] [I] Average on 10 runs - GPU latency: 0.0956787 ms - Host latency: 0.0956787 ms (enqueue 0.0815308 ms)
[02/25/2026-14:56:13] [I] Average on 10 runs - GPU latency: 0.095752 ms - Host latency: 0.095752 ms (enqueue 0.079541 ms)
[02/25/2026-14:56:13] [I] Average on 10 runs - GPU latency: 0.0962769 ms - Host latency: 0.0962769 ms (enqueue 0.0813843 ms)
[02/25/2026-14:56:13] [I] Average on 10 runs - GPU latency: 0.09646 ms - Host latency: 0.09646 ms (enqueue 0.0809204 ms)
[02/25/2026-14:56:13] [I] Average on 10 runs - GPU latency: 0.0991943 ms - Host latency: 0.0991943 ms (enqueue 0.0841186 ms)
[02/25/2026-14:56:13] [I] Average on 10 runs - GPU latency: 0.0978272 ms - Host latency: 0.0978272 ms (enqueue 0.0817383 ms)
[02/25/2026-14:56:13] [I] Average on 10 runs - GPU latency: 0.0966553 ms - Host latency: 0.0966553 ms (enqueue 0.0801758 ms)
[02/25/2026-14:56:13] [I] Average on 10 runs - GPU latency: 0.0958008 ms - Host latency: 0.0958008 ms (enqueue 0.0814575 ms)
[02/25/2026-14:56:13] [I] Average on 10 runs - GPU latency: 0.0987305 ms - Host latency: 0.0987305 ms (enqueue 0.084021 ms)
[02/25/2026-14:56:13] [I] Average on 10 runs - GPU latency: 0.0967896 ms - Host latency: 0.0967896 ms (enqueue 0.0806274 ms)
[02/25/2026-14:56:13] [I] Average on 10 runs - GPU latency: 0.0956055 ms - Host latency: 0.0956055 ms (enqueue 0.0803223 ms)
[02/25/2026-14:56:13] [I] Average on 10 runs - GPU latency: 0.0961914 ms - Host latency: 0.0961914 ms (enqueue 0.0811646 ms)
[02/25/2026-14:56:13] [I] Average on 10 runs - GPU latency: 0.100659 ms - Host latency: 0.100659 ms (enqueue 0.0861084 ms)
[02/25/2026-14:56:13] [I] Average on 10 runs - GPU latency: 0.098645 ms - Host latency: 0.098645 ms (enqueue 0.0820312 ms)
[02/25/2026-14:56:13] [I] Average on 10 runs - GPU latency: 0.0960327 ms - Host latency: 0.0960327 ms (enqueue 0.0807983 ms)
[02/25/2026-14:56:13] [I] Average on 10 runs - GPU latency: 0.0967529 ms - Host latency: 0.0967529 ms (enqueue 0.0811523 ms)
[02/25/2026-14:56:13] [I] Average on 10 runs - GPU latency: 0.0999023 ms - Host latency: 0.0999023 ms (enqueue 0.0834595 ms)
[02/25/2026-14:56:13] [I] Average on 10 runs - GPU latency: 0.0959961 ms - Host latency: 0.0959961 ms (enqueue 0.0797729 ms)
[02/25/2026-14:56:13] [I] Average on 10 runs - GPU latency: 0.0959961 ms - Host latency: 0.0959961 ms (enqueue 0.0813721 ms)
[02/25/2026-14:56:13] [I] Average on 10 runs - GPU latency: 0.0963501 ms - Host latency: 0.0963501 ms (enqueue 0.0800171 ms)
[02/25/2026-14:56:13] [I] Average on 10 runs - GPU latency: 0.0956909 ms - Host latency: 0.0956909 ms (enqueue 0.080481 ms)
[02/25/2026-14:56:13] [I] Average on 10 runs - GPU latency: 0.0963257 ms - Host latency: 0.0963257 ms (enqueue 0.0800293 ms)
[02/25/2026-14:56:13] [I] Average on 10 runs - GPU latency: 0.0960205 ms - Host latency: 0.0960205 ms (enqueue 0.0800781 ms)
[02/25/2026-14:56:13] [I] Average on 10 runs - GPU latency: 0.0965088 ms - Host latency: 0.0965088 ms (enqueue 0.0812256 ms)
[02/25/2026-14:56:13] [I] Average on 10 runs - GPU latency: 0.095874 ms - Host latency: 0.095874 ms (enqueue 0.0815186 ms)
[02/25/2026-14:56:13] [I] Average on 10 runs - GPU latency: 0.0968262 ms - Host latency: 0.0968262 ms (enqueue 0.0820312 ms)
[02/25/2026-14:56:13] [I] Average on 10 runs - GPU latency: 0.0965698 ms - Host latency: 0.0965698 ms (enqueue 0.0806519 ms)
[02/25/2026-14:56:13] [I] Average on 10 runs - GPU latency: 0.0974243 ms - Host latency: 0.0974243 ms (enqueue 0.0802002 ms)
[02/25/2026-14:56:13] [I] Average on 10 runs - GPU latency: 0.0967163 ms - Host latency: 0.0967163 ms (enqueue 0.0824341 ms)
[02/25/2026-14:56:13] [I] Average on 10 runs - GPU latency: 0.095459 ms - Host latency: 0.095459 ms (enqueue 0.0797241 ms)
[02/25/2026-14:56:13] [I] Average on 10 runs - GPU latency: 0.0963501 ms - Host latency: 0.0963501 ms (enqueue 0.0807251 ms)
[02/25/2026-14:56:13] [I] Average on 10 runs - GPU latency: 0.0959717 ms - Host latency: 0.0959717 ms (enqueue 0.0803711 ms)
[02/25/2026-14:56:13] [I] Average on 10 runs - GPU latency: 0.095874 ms - Host latency: 0.095874 ms (enqueue 0.0796143 ms)
[02/25/2026-14:56:13] [I] Average on 10 runs - GPU latency: 0.0978027 ms - Host latency: 0.0978027 ms (enqueue 0.0832031 ms)
[02/25/2026-14:56:13] [I] Average on 10 runs - GPU latency: 0.096228 ms - Host latency: 0.096228 ms (enqueue 0.0793579 ms)
[02/25/2026-14:56:13] [I] Average on 10 runs - GPU latency: 0.096167 ms - Host latency: 0.096167 ms (enqueue 0.0795044 ms)
[02/25/2026-14:56:13] [I] Average on 10 runs - GPU latency: 0.0960327 ms - Host latency: 0.0960327 ms (enqueue 0.0792603 ms)
[02/25/2026-14:56:13] [I] Average on 10 runs - GPU latency: 0.0963257 ms - Host latency: 0.0963257 ms (enqueue 0.0828735 ms)
[02/25/2026-14:56:13] [I] Average on 10 runs - GPU latency: 0.0954834 ms - Host latency: 0.0954834 ms (enqueue 0.0806152 ms)
[02/25/2026-14:56:13] [I] Average on 10 runs - GPU latency: 0.09646 ms - Host latency: 0.09646 ms (enqueue 0.0812012 ms)
[02/25/2026-14:56:13] [I] Average on 10 runs - GPU latency: 0.0961426 ms - Host latency: 0.0961426 ms (enqueue 0.0804443 ms)
[02/25/2026-14:56:13] [I] Average on 10 runs - GPU latency: 0.0967285 ms - Host latency: 0.0967285 ms (enqueue 0.0828247 ms)
[02/25/2026-14:56:13] [I] Average on 10 runs - GPU latency: 0.0958374 ms - Host latency: 0.0958374 ms (enqueue 0.0805542 ms)
[02/25/2026-14:56:13] [I] Average on 10 runs - GPU latency: 0.0956055 ms - Host latency: 0.0956055 ms (enqueue 0.0786621 ms)
[02/25/2026-14:56:13] [I] Average on 10 runs - GPU latency: 0.0964355 ms - Host latency: 0.0964355 ms (enqueue 0.0795776 ms)
[02/25/2026-14:56:13] [I] Average on 10 runs - GPU latency: 0.0959106 ms - Host latency: 0.0959106 ms (enqueue 0.0829956 ms)
[02/25/2026-14:56:13] [I] Average on 10 runs - GPU latency: 0.0960571 ms - Host latency: 0.0960571 ms (enqueue 0.0820068 ms)
[02/25/2026-14:56:13] [I] Average on 10 runs - GPU latency: 0.0959961 ms - Host latency: 0.0959961 ms (enqueue 0.0797607 ms)
[02/25/2026-14:56:13] [I] Average on 10 runs - GPU latency: 0.0963989 ms - Host latency: 0.0963989 ms (enqueue 0.0797119 ms)
[02/25/2026-14:56:13] [I] Average on 10 runs - GPU latency: 0.0963623 ms - Host latency: 0.0963623 ms (enqueue 0.0827759 ms)
[02/25/2026-14:56:13] [I] Average on 10 runs - GPU latency: 0.0969604 ms - Host latency: 0.0969604 ms (enqueue 0.0810181 ms)
[02/25/2026-14:56:13] [I] Average on 10 runs - GPU latency: 0.096582 ms - Host latency: 0.096582 ms (enqueue 0.0806152 ms)
[02/25/2026-14:56:13] [I] Average on 10 runs - GPU latency: 0.0960449 ms - Host latency: 0.0960449 ms (enqueue 0.0800293 ms)
[02/25/2026-14:56:13] [I] Average on 10 runs - GPU latency: 0.0972656 ms - Host latency: 0.0972656 ms (enqueue 0.0836914 ms)
[02/25/2026-14:56:13] [I] Average on 10 runs - GPU latency: 0.0969849 ms - Host latency: 0.0969849 ms (enqueue 0.0810059 ms)
[02/25/2026-14:56:13] [I] Average on 10 runs - GPU latency: 0.0961304 ms - Host latency: 0.0961304 ms (enqueue 0.0796753 ms)
[02/25/2026-14:56:13] [I] Average on 10 runs - GPU latency: 0.0957031 ms - Host latency: 0.0957031 ms (enqueue 0.0805176 ms)
[02/25/2026-14:56:13] [I] Average on 10 runs - GPU latency: 0.0979248 ms - Host latency: 0.0979248 ms (enqueue 0.0843872 ms)
[02/25/2026-14:56:13] [I] Average on 10 runs - GPU latency: 0.0967773 ms - Host latency: 0.0967773 ms (enqueue 0.0806519 ms)
[02/25/2026-14:56:13] [I] Average on 10 runs - GPU latency: 0.0960815 ms - Host latency: 0.0960815 ms (enqueue 0.0802612 ms)
[02/25/2026-14:56:13] [I] Average on 10 runs - GPU latency: 0.0961548 ms - Host latency: 0.0961548 ms (enqueue 0.0804443 ms)
[02/25/2026-14:56:13] [I] Average on 10 runs - GPU latency: 0.098877 ms - Host latency: 0.098877 ms (enqueue 0.0825928 ms)
[02/25/2026-14:56:13] [I] Average on 10 runs - GPU latency: 0.0968506 ms - Host latency: 0.0968506 ms (enqueue 0.0802002 ms)
[02/25/2026-14:56:13] [I] Average on 10 runs - GPU latency: 0.0967163 ms - Host latency: 0.0967163 ms (enqueue 0.0803101 ms)
[02/25/2026-14:56:13] [I] Average on 10 runs - GPU latency: 0.0960938 ms - Host latency: 0.0960938 ms (enqueue 0.0799316 ms)
[02/25/2026-14:56:13] [I] Average on 10 runs - GPU latency: 0.096521 ms - Host latency: 0.096521 ms (enqueue 0.0833008 ms)
[02/25/2026-14:56:13] [I] Average on 10 runs - GPU latency: 0.0970459 ms - Host latency: 0.0970459 ms (enqueue 0.0813354 ms)
[02/25/2026-14:56:13] [I] Average on 10 runs - GPU latency: 0.0962402 ms - Host latency: 0.0962402 ms (enqueue 0.0808228 ms)
[02/25/2026-14:56:13] [I] Average on 10 runs - GPU latency: 0.0958008 ms - Host latency: 0.0958008 ms (enqueue 0.078479 ms)
[02/25/2026-14:56:13] [I] Average on 10 runs - GPU latency: 0.0967041 ms - Host latency: 0.0967041 ms (enqueue 0.0832153 ms)
[02/25/2026-14:56:13] [I] Average on 10 runs - GPU latency: 0.0970459 ms - Host latency: 0.0970459 ms (enqueue 0.0812988 ms)
[02/25/2026-14:56:13] [I] Average on 10 runs - GPU latency: 0.0973022 ms - Host latency: 0.0973022 ms (enqueue 0.0806519 ms)
[02/25/2026-14:56:13] [I] Average on 10 runs - GPU latency: 0.0962158 ms - Host latency: 0.0962158 ms (enqueue 0.0810669 ms)
[02/25/2026-14:56:13] [I] Average on 10 runs - GPU latency: 0.100208 ms - Host latency: 0.100208 ms (enqueue 0.0847046 ms)
[02/25/2026-14:56:13] [I] Average on 10 runs - GPU latency: 0.0977051 ms - Host latency: 0.0977051 ms (enqueue 0.0819092 ms)
[02/25/2026-14:56:13] [I] Average on 10 runs - GPU latency: 0.0964111 ms - Host latency: 0.0964111 ms (enqueue 0.0807861 ms)
[02/25/2026-14:56:13] [I] Average on 10 runs - GPU latency: 0.097229 ms - Host latency: 0.097229 ms (enqueue 0.0810181 ms)
[02/25/2026-14:56:13] [I] Average on 10 runs - GPU latency: 0.0967896 ms - Host latency: 0.0967896 ms (enqueue 0.082019 ms)
[02/25/2026-14:56:13] [I] Average on 10 runs - GPU latency: 0.0971558 ms - Host latency: 0.0971558 ms (enqueue 0.0812866 ms)
[02/25/2026-14:56:13] [I] Average on 10 runs - GPU latency: 0.0963501 ms - Host latency: 0.0963501 ms (enqueue 0.0808472 ms)
[02/25/2026-14:56:13] [I] Average on 10 runs - GPU latency: 0.0962158 ms - Host latency: 0.0962158 ms (enqueue 0.0801758 ms)
[02/25/2026-14:56:13] [I] Average on 10 runs - GPU latency: 0.0968018 ms - Host latency: 0.0968018 ms (enqueue 0.081897 ms)
[02/25/2026-14:56:13] [I] Average on 10 runs - GPU latency: 0.0976196 ms - Host latency: 0.0976196 ms (enqueue 0.0816162 ms)
[02/25/2026-14:56:13] [I] Average on 10 runs - GPU latency: 0.0961914 ms - Host latency: 0.0961914 ms (enqueue 0.0806396 ms)
[02/25/2026-14:56:13] [I] Average on 10 runs - GPU latency: 0.09823 ms - Host latency: 0.09823 ms (enqueue 0.0824097 ms)
[02/25/2026-14:56:13] [I] Average on 10 runs - GPU latency: 0.0985107 ms - Host latency: 0.0985107 ms (enqueue 0.0826538 ms)
[02/25/2026-14:56:13] [I] Average on 10 runs - GPU latency: 0.0958984 ms - Host latency: 0.0958984 ms (enqueue 0.0804932 ms)
[02/25/2026-14:56:13] [I] Average on 10 runs - GPU latency: 0.095874 ms - Host latency: 0.095874 ms (enqueue 0.0795166 ms)
[02/25/2026-14:56:13] [I] Average on 10 runs - GPU latency: 0.0956299 ms - Host latency: 0.0956299 ms (enqueue 0.0796997 ms)
[02/25/2026-14:56:13] [I] Average on 10 runs - GPU latency: 0.096936 ms - Host latency: 0.096936 ms (enqueue 0.0821533 ms)
[02/25/2026-14:56:13] [I] Average on 10 runs - GPU latency: 0.096521 ms - Host latency: 0.096521 ms (enqueue 0.0814819 ms)
[02/25/2026-14:56:13] [I] Average on 10 runs - GPU latency: 0.0965332 ms - Host latency: 0.0965332 ms (enqueue 0.0811035 ms)
[02/25/2026-14:56:13] [I] Average on 10 runs - GPU latency: 0.0958496 ms - Host latency: 0.0958496 ms (enqueue 0.0796509 ms)
[02/25/2026-14:56:13] [I] Average on 10 runs - GPU latency: 0.0956177 ms - Host latency: 0.0956177 ms (enqueue 0.0818603 ms)
[02/25/2026-14:56:13] [I] Average on 10 runs - GPU latency: 0.0958984 ms - Host latency: 0.0958984 ms (enqueue 0.0806519 ms)
[02/25/2026-14:56:13] [I] Average on 10 runs - GPU latency: 0.0970093 ms - Host latency: 0.0970093 ms (enqueue 0.0813599 ms)
[02/25/2026-14:56:13] [I] Average on 10 runs - GPU latency: 0.0960571 ms - Host latency: 0.0960571 ms (enqueue 0.0800537 ms)
[02/25/2026-14:56:13] [I] Average on 10 runs - GPU latency: 0.0953735 ms - Host latency: 0.0953735 ms (enqueue 0.0800903 ms)
[02/25/2026-14:56:13] [I] Average on 10 runs - GPU latency: 0.098938 ms - Host latency: 0.098938 ms (enqueue 0.0837036 ms)
[02/25/2026-14:56:13] [I] Average on 10 runs - GPU latency: 0.0954956 ms - Host latency: 0.0954956 ms (enqueue 0.0789185 ms)
[02/25/2026-14:56:13] [I] Average on 10 runs - GPU latency: 0.0960938 ms - Host latency: 0.0960938 ms (enqueue 0.0792847 ms)
[02/25/2026-14:56:13] [I] Average on 10 runs - GPU latency: 0.0958496 ms - Host latency: 0.0958496 ms (enqueue 0.0810913 ms)
[02/25/2026-14:56:13] [I] Average on 10 runs - GPU latency: 0.0973877 ms - Host latency: 0.0973877 ms (enqueue 0.0828979 ms)
[02/25/2026-14:56:13] [I] Average on 10 runs - GPU latency: 0.0963745 ms - Host latency: 0.0963745 ms (enqueue 0.0785767 ms)
[02/25/2026-14:56:13] [I] Average on 10 runs - GPU latency: 0.0963501 ms - Host latency: 0.0963501 ms (enqueue 0.0800537 ms)
[02/25/2026-14:56:13] [I] Average on 10 runs - GPU latency: 0.0958496 ms - Host latency: 0.0958496 ms (enqueue 0.078833 ms)
[02/25/2026-14:56:13] [I] Average on 10 runs - GPU latency: 0.0959473 ms - Host latency: 0.0959473 ms (enqueue 0.0818237 ms)
[02/25/2026-14:56:13] [I] Average on 10 runs - GPU latency: 0.0956909 ms - Host latency: 0.0956909 ms (enqueue 0.0807251 ms)
[02/25/2026-14:56:13] [I] Average on 10 runs - GPU latency: 0.0959351 ms - Host latency: 0.0959351 ms (enqueue 0.080603 ms)
[02/25/2026-14:56:13] [I] Average on 10 runs - GPU latency: 0.0957397 ms - Host latency: 0.0957397 ms (enqueue 0.0786133 ms)
[02/25/2026-14:56:13] [I] Average on 10 runs - GPU latency: 0.0961914 ms - Host latency: 0.0961914 ms (enqueue 0.0824097 ms)
[02/25/2026-14:56:13] [I] Average on 10 runs - GPU latency: 0.0964844 ms - Host latency: 0.0964844 ms (enqueue 0.0787964 ms)
[02/25/2026-14:56:13] [I] Average on 10 runs - GPU latency: 0.09646 ms - Host latency: 0.09646 ms (enqueue 0.0791992 ms)
[02/25/2026-14:56:13] [I] Average on 10 runs - GPU latency: 0.0954346 ms - Host latency: 0.0954346 ms (enqueue 0.0832764 ms)
[02/25/2026-14:56:13] [I] Average on 10 runs - GPU latency: 0.0987671 ms - Host latency: 0.0987671 ms (enqueue 0.0828491 ms)
[02/25/2026-14:56:13] [I] Average on 10 runs - GPU latency: 0.0962769 ms - Host latency: 0.0962769 ms (enqueue 0.0812988 ms)
[02/25/2026-14:56:13] [I] Average on 10 runs - GPU latency: 0.0963135 ms - Host latency: 0.0963135 ms (enqueue 0.0805054 ms)
[02/25/2026-14:56:13] [I] Average on 10 runs - GPU latency: 0.096167 ms - Host latency: 0.096167 ms (enqueue 0.0813599 ms)
[02/25/2026-14:56:13] [I] Average on 10 runs - GPU latency: 0.0990356 ms - Host latency: 0.0990356 ms (enqueue 0.0825684 ms)
[02/25/2026-14:56:13] [I] Average on 10 runs - GPU latency: 0.095752 ms - Host latency: 0.095752 ms (enqueue 0.0801636 ms)
[02/25/2026-14:56:13] [I] Average on 10 runs - GPU latency: 0.0963257 ms - Host latency: 0.0963257 ms (enqueue 0.080896 ms)
[02/25/2026-14:56:13] [I] Average on 10 runs - GPU latency: 0.0959595 ms - Host latency: 0.0959595 ms (enqueue 0.0807495 ms)
[02/25/2026-14:56:13] [I] Average on 10 runs - GPU latency: 0.097937 ms - Host latency: 0.097937 ms (enqueue 0.0831909 ms)
[02/25/2026-14:56:13] [I] Average on 10 runs - GPU latency: 0.0958618 ms - Host latency: 0.0958618 ms (enqueue 0.0802856 ms)
[02/25/2026-14:56:13] [I] Average on 10 runs - GPU latency: 0.0966431 ms - Host latency: 0.0966431 ms (enqueue 0.0803589 ms)
[02/25/2026-14:56:13] [I] Average on 10 runs - GPU latency: 0.0966919 ms - Host latency: 0.0966919 ms (enqueue 0.081665 ms)
[02/25/2026-14:56:13] [I] Average on 10 runs - GPU latency: 0.0983154 ms - Host latency: 0.0983154 ms (enqueue 0.0836182 ms)
[02/25/2026-14:56:13] [I] Average on 10 runs - GPU latency: 0.0976562 ms - Host latency: 0.0976562 ms (enqueue 0.08125 ms)
[02/25/2026-14:56:13] [I] Average on 10 runs - GPU latency: 0.0963745 ms - Host latency: 0.0963745 ms (enqueue 0.0802856 ms)
[02/25/2026-14:56:13] [I] Average on 10 runs - GPU latency: 0.096228 ms - Host latency: 0.096228 ms (enqueue 0.0814087 ms)
[02/25/2026-14:56:13] [I] Average on 10 runs - GPU latency: 0.099231 ms - Host latency: 0.099231 ms (enqueue 0.0822022 ms)
[02/25/2026-14:56:13] [I] Average on 10 runs - GPU latency: 0.0970581 ms - Host latency: 0.0970581 ms (enqueue 0.0812866 ms)
[02/25/2026-14:56:13] [I] Average on 10 runs - GPU latency: 0.0997192 ms - Host latency: 0.0997192 ms (enqueue 0.084314 ms)
[02/25/2026-14:56:13] [I] Average on 10 runs - GPU latency: 0.0983276 ms - Host latency: 0.0983276 ms (enqueue 0.0827026 ms)
[02/25/2026-14:56:13] [I] Average on 10 runs - GPU latency: 0.100195 ms - Host latency: 0.100195 ms (enqueue 0.0847778 ms)
[02/25/2026-14:56:13] [I] Average on 10 runs - GPU latency: 0.0983032 ms - Host latency: 0.0983032 ms (enqueue 0.0827148 ms)
[02/25/2026-14:56:13] [I] Average on 10 runs - GPU latency: 0.0970337 ms - Host latency: 0.0970337 ms (enqueue 0.0812256 ms)
[02/25/2026-14:56:13] [I] Average on 10 runs - GPU latency: 0.101672 ms - Host latency: 0.101672 ms (enqueue 0.0853882 ms)
[02/25/2026-14:56:13] [I] Average on 10 runs - GPU latency: 0.100098 ms - Host latency: 0.100098 ms (enqueue 0.0844849 ms)
[02/25/2026-14:56:13] [I] Average on 10 runs - GPU latency: 0.0961304 ms - Host latency: 0.0961304 ms (enqueue 0.079187 ms)
[02/25/2026-14:56:13] [I] Average on 10 runs - GPU latency: 0.0973633 ms - Host latency: 0.0973633 ms (enqueue 0.0829224 ms)
[02/25/2026-14:56:13] [I] Average on 10 runs - GPU latency: 0.0997681 ms - Host latency: 0.0997681 ms (enqueue 0.083252 ms)
[02/25/2026-14:56:13] [I] Average on 10 runs - GPU latency: 0.0983643 ms - Host latency: 0.0983643 ms (enqueue 0.0825439 ms)
[02/25/2026-14:56:13] [I] Average on 10 runs - GPU latency: 0.0964844 ms - Host latency: 0.0964844 ms (enqueue 0.0802124 ms)
[02/25/2026-14:56:13] [I] Average on 10 runs - GPU latency: 0.0961304 ms - Host latency: 0.0961304 ms (enqueue 0.0802979 ms)
[02/25/2026-14:56:13] [I] Average on 10 runs - GPU latency: 0.0973755 ms - Host latency: 0.0973755 ms (enqueue 0.0817993 ms)
[02/25/2026-14:56:13] [I] Average on 10 runs - GPU latency: 0.0984741 ms - Host latency: 0.0984741 ms (enqueue 0.082959 ms)
[02/25/2026-14:56:13] [I] Average on 10 runs - GPU latency: 0.0956543 ms - Host latency: 0.0956543 ms (enqueue 0.0798706 ms)
[02/25/2026-14:56:13] [I] Average on 10 runs - GPU latency: 0.095874 ms - Host latency: 0.095874 ms (enqueue 0.0817139 ms)
[02/25/2026-14:56:13] [I] Average on 10 runs - GPU latency: 0.0967163 ms - Host latency: 0.0967163 ms (enqueue 0.0815063 ms)
[02/25/2026-14:56:13] [I] Average on 10 runs - GPU latency: 0.0997436 ms - Host latency: 0.0997436 ms (enqueue 0.0846436 ms)
[02/25/2026-14:56:13] [I] Average on 10 runs - GPU latency: 0.0969116 ms - Host latency: 0.0969116 ms (enqueue 0.0806152 ms)
[02/25/2026-14:56:13] [I] Average on 10 runs - GPU latency: 0.0981323 ms - Host latency: 0.0981323 ms (enqueue 0.0822144 ms)
[02/25/2026-14:56:13] [I] Average on 10 runs - GPU latency: 0.0971802 ms - Host latency: 0.0971802 ms (enqueue 0.0817505 ms)
[02/25/2026-14:56:13] [I] Average on 10 runs - GPU latency: 0.0976685 ms - Host latency: 0.0976685 ms (enqueue 0.082312 ms)
[02/25/2026-14:56:13] [I] Average on 10 runs - GPU latency: 0.097229 ms - Host latency: 0.097229 ms (enqueue 0.0810425 ms)
[02/25/2026-14:56:13] [I] Average on 10 runs - GPU latency: 0.0960083 ms - Host latency: 0.0960083 ms (enqueue 0.0787476 ms)
[02/25/2026-14:56:13] [I] Average on 10 runs - GPU latency: 0.0962402 ms - Host latency: 0.0962402 ms (enqueue 0.0796387 ms)
[02/25/2026-14:56:13] [I] Average on 10 runs - GPU latency: 0.0970337 ms - Host latency: 0.0970337 ms (enqueue 0.0854004 ms)
[02/25/2026-14:56:13] [I] Average on 10 runs - GPU latency: 0.0972168 ms - Host latency: 0.0972168 ms (enqueue 0.0816284 ms)
[02/25/2026-14:56:13] [I] Average on 10 runs - GPU latency: 0.0972168 ms - Host latency: 0.0972168 ms (enqueue 0.0814209 ms)
[02/25/2026-14:56:13] [I] Average on 10 runs - GPU latency: 0.0967773 ms - Host latency: 0.0967773 ms (enqueue 0.0799927 ms)
[02/25/2026-14:56:13] [I] Average on 10 runs - GPU latency: 0.0962524 ms - Host latency: 0.0962524 ms (enqueue 0.081665 ms)
[02/25/2026-14:56:13] [I] Average on 10 runs - GPU latency: 0.0959351 ms - Host latency: 0.0959351 ms (enqueue 0.0807007 ms)
[02/25/2026-14:56:13] [I] Average on 10 runs - GPU latency: 0.096814 ms - Host latency: 0.096814 ms (enqueue 0.0805298 ms)
[02/25/2026-14:56:13] [I] Average on 10 runs - GPU latency: 0.0976807 ms - Host latency: 0.0976807 ms (enqueue 0.0821777 ms)
[02/25/2026-14:56:13] [I] Average on 10 runs - GPU latency: 0.0985474 ms - Host latency: 0.0985474 ms (enqueue 0.0826416 ms)
[02/25/2026-14:56:13] [I] Average on 10 runs - GPU latency: 0.0960327 ms - Host latency: 0.0960327 ms (enqueue 0.0806885 ms)
[02/25/2026-14:56:13] [I] Average on 10 runs - GPU latency: 0.0979004 ms - Host latency: 0.0979004 ms (enqueue 0.0819458 ms)
[02/25/2026-14:56:13] [I] Average on 10 runs - GPU latency: 0.0959839 ms - Host latency: 0.0959839 ms (enqueue 0.0796143 ms)
[02/25/2026-14:56:13] [I] Average on 10 runs - GPU latency: 0.0970947 ms - Host latency: 0.0970947 ms (enqueue 0.0828979 ms)
[02/25/2026-14:56:13] [I] Average on 10 runs - GPU latency: 0.096106 ms - Host latency: 0.096106 ms (enqueue 0.0801514 ms)
[02/25/2026-14:56:13] [I] Average on 10 runs - GPU latency: 0.096521 ms - Host latency: 0.096521 ms (enqueue 0.0791626 ms)
[02/25/2026-14:56:13] [I] Average on 10 runs - GPU latency: 0.0957764 ms - Host latency: 0.0957764 ms (enqueue 0.0812134 ms)
[02/25/2026-14:56:13] [I] Average on 10 runs - GPU latency: 0.0956665 ms - Host latency: 0.0956665 ms (enqueue 0.0818603 ms)
[02/25/2026-14:56:13] [I] Average on 10 runs - GPU latency: 0.0966187 ms - Host latency: 0.0966187 ms (enqueue 0.0808105 ms)
[02/25/2026-14:56:13] [I] Average on 10 runs - GPU latency: 0.0967651 ms - Host latency: 0.0967651 ms (enqueue 0.0799683 ms)
[02/25/2026-14:56:13] [I] Average on 10 runs - GPU latency: 0.0960815 ms - Host latency: 0.0960815 ms (enqueue 0.0804565 ms)
[02/25/2026-14:56:13] [I] Average on 10 runs - GPU latency: 0.0957764 ms - Host latency: 0.0957764 ms (enqueue 0.0812378 ms)
[02/25/2026-14:56:13] [I] Average on 10 runs - GPU latency: 0.0968994 ms - Host latency: 0.0968994 ms (enqueue 0.0807983 ms)
[02/25/2026-14:56:13] [I] Average on 10 runs - GPU latency: 0.0962646 ms - Host latency: 0.0962646 ms (enqueue 0.0794922 ms)
[02/25/2026-14:56:13] [I] Average on 10 runs - GPU latency: 0.0957397 ms - Host latency: 0.0957397 ms (enqueue 0.0785645 ms)
[02/25/2026-14:56:13] [I] Average on 10 runs - GPU latency: 0.0956909 ms - Host latency: 0.0956909 ms (enqueue 0.0803833 ms)
[02/25/2026-14:56:13] [I] Average on 10 runs - GPU latency: 0.0960205 ms - Host latency: 0.0960205 ms (enqueue 0.0829956 ms)
[02/25/2026-14:56:13] [I] Average on 10 runs - GPU latency: 0.0955689 ms - Host latency: 0.0955689 ms (enqueue 0.0795166 ms)
[02/25/2026-14:56:13] [I] Average on 10 runs - GPU latency: 0.0958862 ms - Host latency: 0.0958862 ms (enqueue 0.0804565 ms)
[02/25/2026-14:56:13] [I] Average on 10 runs - GPU latency: 0.0963013 ms - Host latency: 0.0963013 ms (enqueue 0.0807373 ms)
[02/25/2026-14:56:13] [I] Average on 10 runs - GPU latency: 0.0972168 ms - Host latency: 0.0972168 ms (enqueue 0.0806885 ms)
[02/25/2026-14:56:13] [I] Average on 10 runs - GPU latency: 0.0957397 ms - Host latency: 0.0957397 ms (enqueue 0.0795898 ms)
[02/25/2026-14:56:13] [I] Average on 10 runs - GPU latency: 0.0963501 ms - Host latency: 0.0963501 ms (enqueue 0.0806152 ms)
[02/25/2026-14:56:13] [I] Average on 10 runs - GPU latency: 0.0976685 ms - Host latency: 0.0976685 ms (enqueue 0.0823608 ms)
[02/25/2026-14:56:13] [I] Average on 10 runs - GPU latency: 0.0993896 ms - Host latency: 0.0993896 ms (enqueue 0.116968 ms)
[02/25/2026-14:56:13] [I] Average on 10 runs - GPU latency: 0.0967773 ms - Host latency: 0.0967773 ms (enqueue 0.0828369 ms)
[02/25/2026-14:56:13] [I] Average on 10 runs - GPU latency: 0.0960693 ms - Host latency: 0.0960693 ms (enqueue 0.0789429 ms)
[02/25/2026-14:56:13] [I] Average on 10 runs - GPU latency: 0.0956665 ms - Host latency: 0.0956665 ms (enqueue 0.0797119 ms)
[02/25/2026-14:56:13] [I] Average on 10 runs - GPU latency: 0.0957886 ms - Host latency: 0.0957886 ms (enqueue 0.0781494 ms)
[02/25/2026-14:56:13] [I] Average on 10 runs - GPU latency: 0.0954712 ms - Host latency: 0.0954712 ms (enqueue 0.0816772 ms)
[02/25/2026-14:56:13] [I] Average on 10 runs - GPU latency: 0.0964233 ms - Host latency: 0.0964233 ms (enqueue 0.081311 ms)
[02/25/2026-14:56:13] [I] Average on 10 runs - GPU latency: 0.0968018 ms - Host latency: 0.0968018 ms (enqueue 0.080542 ms)
[02/25/2026-14:56:13] [I] Average on 10 runs - GPU latency: 0.095874 ms - Host latency: 0.095874 ms (enqueue 0.0807373 ms)
[02/25/2026-14:56:13] [I] Average on 10 runs - GPU latency: 0.0971924 ms - Host latency: 0.0971924 ms (enqueue 0.0817017 ms)
[02/25/2026-14:56:13] [I] Average on 10 runs - GPU latency: 0.0970947 ms - Host latency: 0.0970947 ms (enqueue 0.0812378 ms)
[02/25/2026-14:56:13] [I] Average on 10 runs - GPU latency: 0.0963867 ms - Host latency: 0.0963867 ms (enqueue 0.0806641 ms)
[02/25/2026-14:56:13] [I] Average on 10 runs - GPU latency: 0.0964233 ms - Host latency: 0.0964233 ms (enqueue 0.0803589 ms)
[02/25/2026-14:56:13] [I] Average on 10 runs - GPU latency: 0.0975708 ms - Host latency: 0.0975708 ms (enqueue 0.0822998 ms)
[02/25/2026-14:56:13] [I] Average on 10 runs - GPU latency: 0.0965332 ms - Host latency: 0.0965332 ms (enqueue 0.0802734 ms)
[02/25/2026-14:56:13] [I] Average on 10 runs - GPU latency: 0.0957886 ms - Host latency: 0.0957886 ms (enqueue 0.0795776 ms)
[02/25/2026-14:56:13] [I] Average on 10 runs - GPU latency: 0.0963257 ms - Host latency: 0.0963257 ms (enqueue 0.0789795 ms)
[02/25/2026-14:56:13] [I] Average on 10 runs - GPU latency: 0.095459 ms - Host latency: 0.095459 ms (enqueue 0.0815674 ms)
[02/25/2026-14:56:13] [I] Average on 10 runs - GPU latency: 0.0959229 ms - Host latency: 0.0959229 ms (enqueue 0.0805298 ms)
[02/25/2026-14:56:13] [I] Average on 10 runs - GPU latency: 0.0956055 ms - Host latency: 0.0956055 ms (enqueue 0.0800293 ms)
[02/25/2026-14:56:13] [I] Average on 10 runs - GPU latency: 0.09646 ms - Host latency: 0.09646 ms (enqueue 0.0802124 ms)
[02/25/2026-14:56:13] [I] Average on 10 runs - GPU latency: 0.0969482 ms - Host latency: 0.0969482 ms (enqueue 0.0821655 ms)
[02/25/2026-14:56:13] [I] Average on 10 runs - GPU latency: 0.0963623 ms - Host latency: 0.0963623 ms (enqueue 0.0798706 ms)
[02/25/2026-14:56:13] [I] Average on 10 runs - GPU latency: 0.0960083 ms - Host latency: 0.0960083 ms (enqueue 0.0790894 ms)
[02/25/2026-14:56:13] [I] Average on 10 runs - GPU latency: 0.0959595 ms - Host latency: 0.0959595 ms (enqueue 0.0805908 ms)
[02/25/2026-14:56:13] [I] Average on 10 runs - GPU latency: 0.0955811 ms - Host latency: 0.0955811 ms (enqueue 0.0816162 ms)
[02/25/2026-14:56:13] [I] Average on 10 runs - GPU latency: 0.0965576 ms - Host latency: 0.0965576 ms (enqueue 0.0808838 ms)
[02/25/2026-14:56:13] [I] Average on 10 runs - GPU latency: 0.0962646 ms - Host latency: 0.0962646 ms (enqueue 0.080542 ms)
[02/25/2026-14:56:13] [I] Average on 10 runs - GPU latency: 0.0962769 ms - Host latency: 0.0962769 ms (enqueue 0.0803345 ms)
[02/25/2026-14:56:13] [I] Average on 10 runs - GPU latency: 0.0985229 ms - Host latency: 0.0985229 ms (enqueue 0.0824341 ms)
[02/25/2026-14:56:13] [I] Average on 10 runs - GPU latency: 0.0962524 ms - Host latency: 0.0962524 ms (enqueue 0.07948 ms)
[02/25/2026-14:56:13] [I] Average on 10 runs - GPU latency: 0.0964233 ms - Host latency: 0.0964233 ms (enqueue 0.0791138 ms)
[02/25/2026-14:56:13] [I] Average on 10 runs - GPU latency: 0.0963135 ms - Host latency: 0.0963135 ms (enqueue 0.0799194 ms)
[02/25/2026-14:56:13] [I] Average on 10 runs - GPU latency: 0.0960815 ms - Host latency: 0.0960815 ms (enqueue 0.08125 ms)
[02/25/2026-14:56:13] [I] Average on 10 runs - GPU latency: 0.09552 ms - Host latency: 0.09552 ms (enqueue 0.0816895 ms)
[02/25/2026-14:56:13] [I] Average on 10 runs - GPU latency: 0.0963501 ms - Host latency: 0.0963501 ms (enqueue 0.0804443 ms)
[02/25/2026-14:56:13] [I] Average on 10 runs - GPU latency: 0.0959229 ms - Host latency: 0.0959229 ms (enqueue 0.0796997 ms)
[02/25/2026-14:56:13] [I] Average on 10 runs - GPU latency: 0.0960083 ms - Host latency: 0.0960083 ms (enqueue 0.0830811 ms)
[02/25/2026-14:56:13] [I] Average on 10 runs - GPU latency: 0.0988037 ms - Host latency: 0.0988037 ms (enqueue 0.0826416 ms)
[02/25/2026-14:56:13] [I] Average on 10 runs - GPU latency: 0.0958252 ms - Host latency: 0.0958252 ms (enqueue 0.0792358 ms)
[02/25/2026-14:56:13] [I] Average on 10 runs - GPU latency: 0.0965454 ms - Host latency: 0.0965454 ms (enqueue 0.0820312 ms)
[02/25/2026-14:56:13] [I] Average on 10 runs - GPU latency: 0.0993652 ms - Host latency: 0.0993652 ms (enqueue 0.0820923 ms)
[02/25/2026-14:56:13] [I] Average on 10 runs - GPU latency: 0.0986328 ms - Host latency: 0.0986328 ms (enqueue 0.0813354 ms)
[02/25/2026-14:56:13] [I] Average on 10 runs - GPU latency: 0.0958618 ms - Host latency: 0.0958618 ms (enqueue 0.0801147 ms)
[02/25/2026-14:56:13] [I] Average on 10 runs - GPU latency: 0.0951538 ms - Host latency: 0.0951538 ms (enqueue 0.0796875 ms)
[02/25/2026-14:56:13] [I] Average on 10 runs - GPU latency: 0.0955933 ms - Host latency: 0.0955933 ms (enqueue 0.0802979 ms)
[02/25/2026-14:56:13] [I] Average on 10 runs - GPU latency: 0.0981689 ms - Host latency: 0.0981689 ms (enqueue 0.0821655 ms)
[02/25/2026-14:56:13] [I] Average on 10 runs - GPU latency: 0.095459 ms - Host latency: 0.095459 ms (enqueue 0.0799194 ms)
[02/25/2026-14:56:13] [I] Average on 10 runs - GPU latency: 0.0957886 ms - Host latency: 0.0957886 ms (enqueue 0.0804932 ms)
[02/25/2026-14:56:13] [I] Average on 10 runs - GPU latency: 0.0957153 ms - Host latency: 0.0957153 ms (enqueue 0.0803467 ms)
[02/25/2026-14:56:13] [I] Average on 10 runs - GPU latency: 0.0970703 ms - Host latency: 0.0970703 ms (enqueue 0.0814941 ms)
[02/25/2026-14:56:13] [I] Average on 10 runs - GPU latency: 0.0961426 ms - Host latency: 0.0961426 ms (enqueue 0.0802612 ms)
[02/25/2026-14:56:13] [I] Average on 10 runs - GPU latency: 0.0964111 ms - Host latency: 0.0964111 ms (enqueue 0.0811157 ms)
[02/25/2026-14:56:13] [I] Average on 10 runs - GPU latency: 0.0963013 ms - Host latency: 0.0963013 ms (enqueue 0.0793945 ms)
[02/25/2026-14:56:13] [I] Average on 10 runs - GPU latency: 0.0970093 ms - Host latency: 0.0970093 ms (enqueue 0.082666 ms)
[02/25/2026-14:56:13] [I] Average on 10 runs - GPU latency: 0.0966797 ms - Host latency: 0.0966797 ms (enqueue 0.0808105 ms)
[02/25/2026-14:56:13] [I] Average on 10 runs - GPU latency: 0.0965576 ms - Host latency: 0.0965576 ms (enqueue 0.0801758 ms)
[02/25/2026-14:56:13] [I] Average on 10 runs - GPU latency: 0.0959595 ms - Host latency: 0.0959595 ms (enqueue 0.0797119 ms)
[02/25/2026-14:56:13] [I] Average on 10 runs - GPU latency: 0.0983643 ms - Host latency: 0.0983643 ms (enqueue 0.0821655 ms)
[02/25/2026-14:56:13] [I] Average on 10 runs - GPU latency: 0.0959473 ms - Host latency: 0.0959473 ms (enqueue 0.0814697 ms)
[02/25/2026-14:56:13] [I] Average on 10 runs - GPU latency: 0.0964722 ms - Host latency: 0.0964722 ms (enqueue 0.0805786 ms)
[02/25/2026-14:56:13] [I] Average on 10 runs - GPU latency: 0.0967529 ms - Host latency: 0.0967529 ms (enqueue 0.0806519 ms)
[02/25/2026-14:56:13] [I] Average on 10 runs - GPU latency: 0.0993408 ms - Host latency: 0.0993408 ms (enqueue 0.0833374 ms)
[02/25/2026-14:56:13] [I] Average on 10 runs - GPU latency: 0.0970825 ms - Host latency: 0.0970825 ms (enqueue 0.0810913 ms)
[02/25/2026-14:56:13] [I] Average on 10 runs - GPU latency: 0.0981689 ms - Host latency: 0.0981689 ms (enqueue 0.0821899 ms)
[02/25/2026-14:56:13] [I] Average on 10 runs - GPU latency: 0.0973145 ms - Host latency: 0.0973145 ms (enqueue 0.0814941 ms)
[02/25/2026-14:56:13] [I] Average on 10 runs - GPU latency: 0.0993286 ms - Host latency: 0.0993286 ms (enqueue 0.0825806 ms)
[02/25/2026-14:56:13] [I] Average on 10 runs - GPU latency: 0.0961548 ms - Host latency: 0.0961548 ms (enqueue 0.080249 ms)
[02/25/2026-14:56:13] [I] Average on 10 runs - GPU latency: 0.0959229 ms - Host latency: 0.0959229 ms (enqueue 0.0797974 ms)
[02/25/2026-14:56:13] [I] Average on 10 runs - GPU latency: 0.0963745 ms - Host latency: 0.0963745 ms (enqueue 0.0808838 ms)
[02/25/2026-14:56:13] [I] Average on 10 runs - GPU latency: 0.0973633 ms - Host latency: 0.0973633 ms (enqueue 0.0817505 ms)
[02/25/2026-14:56:13] [I] Average on 10 runs - GPU latency: 0.0963501 ms - Host latency: 0.0963501 ms (enqueue 0.081543 ms)
[02/25/2026-14:56:13] [I] Average on 10 runs - GPU latency: 0.0973999 ms - Host latency: 0.0973999 ms (enqueue 0.0812988 ms)
[02/25/2026-14:56:13] [I] Average on 10 runs - GPU latency: 0.0964233 ms - Host latency: 0.0964233 ms (enqueue 0.0793945 ms)
[02/25/2026-14:56:13] [I] Average on 10 runs - GPU latency: 0.0958862 ms - Host latency: 0.0958862 ms (enqueue 0.0811035 ms)
[02/25/2026-14:56:13] [I] Average on 10 runs - GPU latency: 0.0964844 ms - Host latency: 0.0964844 ms (enqueue 0.0810913 ms)
[02/25/2026-14:56:13] [I] Average on 10 runs - GPU latency: 0.0972656 ms - Host latency: 0.0972656 ms (enqueue 0.0811157 ms)
[02/25/2026-14:56:13] [I] Average on 10 runs - GPU latency: 0.0969116 ms - Host latency: 0.0969116 ms (enqueue 0.0809204 ms)
[02/25/2026-14:56:13] [I] Average on 10 runs - GPU latency: 0.0980591 ms - Host latency: 0.0980591 ms (enqueue 0.0810547 ms)
[02/25/2026-14:56:13] [I] Average on 10 runs - GPU latency: 0.0962402 ms - Host latency: 0.0962402 ms (enqueue 0.0799072 ms)
[02/25/2026-14:56:13] [I] Average on 10 runs - GPU latency: 0.0962036 ms - Host latency: 0.0962036 ms (enqueue 0.0795288 ms)
[02/25/2026-14:56:13] [I] Average on 10 runs - GPU latency: 0.0958496 ms - Host latency: 0.0958496 ms (enqueue 0.080481 ms)
[02/25/2026-14:56:13] [I] Average on 10 runs - GPU latency: 0.0977539 ms - Host latency: 0.0977539 ms (enqueue 0.0833862 ms)
[02/25/2026-14:56:13] [I] Average on 10 runs - GPU latency: 0.0959839 ms - Host latency: 0.0959839 ms (enqueue 0.0803711 ms)
[02/25/2026-14:56:13] [I] Average on 10 runs - GPU latency: 0.0963745 ms - Host latency: 0.0963745 ms (enqueue 0.0808228 ms)
[02/25/2026-14:56:13] [I] Average on 10 runs - GPU latency: 0.0952393 ms - Host latency: 0.0952393 ms (enqueue 0.0797363 ms)
[02/25/2026-14:56:13] [I] Average on 10 runs - GPU latency: 0.0989502 ms - Host latency: 0.0989502 ms (enqueue 0.0839478 ms)
[02/25/2026-14:56:13] [I] Average on 10 runs - GPU latency: 0.0968506 ms - Host latency: 0.0968506 ms (enqueue 0.0802612 ms)
[02/25/2026-14:56:13] [I] Average on 10 runs - GPU latency: 0.0959473 ms - Host latency: 0.0959473 ms (enqueue 0.0802979 ms)
[02/25/2026-14:56:13] [I] Average on 10 runs - GPU latency: 0.0963257 ms - Host latency: 0.0963257 ms (enqueue 0.0806519 ms)
[02/25/2026-14:56:13] [I] Average on 10 runs - GPU latency: 0.0980225 ms - Host latency: 0.0980225 ms (enqueue 0.082666 ms)
[02/25/2026-14:56:13] [I] Average on 10 runs - GPU latency: 0.0975342 ms - Host latency: 0.0975342 ms (enqueue 0.0819946 ms)
[02/25/2026-14:56:13] [I] Average on 10 runs - GPU latency: 0.0966064 ms - Host latency: 0.0966064 ms (enqueue 0.0803589 ms)
[02/25/2026-14:56:13] [I] Average on 10 runs - GPU latency: 0.0968994 ms - Host latency: 0.0968994 ms (enqueue 0.0794556 ms)
[02/25/2026-14:56:13] [I] Average on 10 runs - GPU latency: 0.0962158 ms - Host latency: 0.0962158 ms (enqueue 0.0838257 ms)
[02/25/2026-14:56:13] [I] Average on 10 runs - GPU latency: 0.096582 ms - Host latency: 0.096582 ms (enqueue 0.0803711 ms)
[02/25/2026-14:56:13] [I] Average on 10 runs - GPU latency: 0.0959229 ms - Host latency: 0.0959229 ms (enqueue 0.0795654 ms)
[02/25/2026-14:56:13] [I] Average on 10 runs - GPU latency: 0.0957886 ms - Host latency: 0.0957886 ms (enqueue 0.0814209 ms)
[02/25/2026-14:56:13] [I] Average on 10 runs - GPU latency: 0.0996704 ms - Host latency: 0.0996704 ms (enqueue 0.0835327 ms)
[02/25/2026-14:56:13] [I] Average on 10 runs - GPU latency: 0.0967163 ms - Host latency: 0.0967163 ms (enqueue 0.0788574 ms)
[02/25/2026-14:56:13] [I] Average on 10 runs - GPU latency: 0.0962891 ms - Host latency: 0.0962891 ms (enqueue 0.079248 ms)
[02/25/2026-14:56:13] [I] Average on 10 runs - GPU latency: 0.0959839 ms - Host latency: 0.0959839 ms (enqueue 0.0786621 ms)
[02/25/2026-14:56:13] [I] Average on 10 runs - GPU latency: 0.0957153 ms - Host latency: 0.0957153 ms (enqueue 0.0803711 ms)
[02/25/2026-14:56:13] [I] Average on 10 runs - GPU latency: 0.096167 ms - Host latency: 0.096167 ms (enqueue 0.0803345 ms)
[02/25/2026-14:56:13] [I] Average on 10 runs - GPU latency: 0.096228 ms - Host latency: 0.096228 ms (enqueue 0.0809326 ms)
[02/25/2026-14:56:13] [I] Average on 10 runs - GPU latency: 0.0961914 ms - Host latency: 0.0961914 ms (enqueue 0.0812744 ms)
[02/25/2026-14:56:13] [I] Average on 10 runs - GPU latency: 0.0959106 ms - Host latency: 0.0959106 ms (enqueue 0.0803345 ms)
[02/25/2026-14:56:13] [I] Average on 10 runs - GPU latency: 0.095874 ms - Host latency: 0.095874 ms (enqueue 0.0803955 ms)
[02/25/2026-14:56:13] [I] Average on 10 runs - GPU latency: 0.0959229 ms - Host latency: 0.0959229 ms (enqueue 0.0793823 ms)
[02/25/2026-14:56:13] [I] Average on 10 runs - GPU latency: 0.0968018 ms - Host latency: 0.0968018 ms (enqueue 0.0802002 ms)
[02/25/2026-14:56:13] [I] Average on 10 runs - GPU latency: 0.0954956 ms - Host latency: 0.0954956 ms (enqueue 0.0819214 ms)
[02/25/2026-14:56:13] [I] Average on 10 runs - GPU latency: 0.0961792 ms - Host latency: 0.0961792 ms (enqueue 0.0817139 ms)
[02/25/2026-14:56:13] [I] Average on 10 runs - GPU latency: 0.0955933 ms - Host latency: 0.0955933 ms (enqueue 0.0802734 ms)
[02/25/2026-14:56:13] [I] Average on 10 runs - GPU latency: 0.0965576 ms - Host latency: 0.0965576 ms (enqueue 0.080127 ms)
[02/25/2026-14:56:13] [I] Average on 10 runs - GPU latency: 0.0956299 ms - Host latency: 0.0956299 ms (enqueue 0.0799683 ms)
[02/25/2026-14:56:13] [I] Average on 10 runs - GPU latency: 0.0965088 ms - Host latency: 0.0965088 ms (enqueue 0.0797363 ms)
[02/25/2026-14:56:13] [I] Average on 10 runs - GPU latency: 0.0966431 ms - Host latency: 0.0966431 ms (enqueue 0.0795654 ms)
[02/25/2026-14:56:13] [I] Average on 10 runs - GPU latency: 0.0958374 ms - Host latency: 0.0958374 ms (enqueue 0.0790039 ms)
[02/25/2026-14:56:13] [I] Average on 10 runs - GPU latency: 0.0962646 ms - Host latency: 0.0962646 ms (enqueue 0.0802368 ms)
[02/25/2026-14:56:13] [I] Average on 10 runs - GPU latency: 0.0966797 ms - Host latency: 0.0966797 ms (enqueue 0.0824341 ms)
[02/25/2026-14:56:13] [I] Average on 10 runs - GPU latency: 0.0958618 ms - Host latency: 0.0958618 ms (enqueue 0.0799683 ms)
[02/25/2026-14:56:13] [I] Average on 10 runs - GPU latency: 0.096521 ms - Host latency: 0.096521 ms (enqueue 0.0804199 ms)
[02/25/2026-14:56:13] [I] Average on 10 runs - GPU latency: 0.0959351 ms - Host latency: 0.0959351 ms (enqueue 0.0799561 ms)
[02/25/2026-14:56:13] [I] Average on 10 runs - GPU latency: 0.0963013 ms - Host latency: 0.0963013 ms (enqueue 0.0823608 ms)
[02/25/2026-14:56:13] [I] Average on 10 runs - GPU latency: 0.0959473 ms - Host latency: 0.0959473 ms (enqueue 0.0799927 ms)
[02/25/2026-14:56:13] [I] Average on 10 runs - GPU latency: 0.096228 ms - Host latency: 0.096228 ms (enqueue 0.0802612 ms)
[02/25/2026-14:56:13] [I] Average on 10 runs - GPU latency: 0.0960693 ms - Host latency: 0.0960693 ms (enqueue 0.0801636 ms)
[02/25/2026-14:56:13] [I] Average on 10 runs - GPU latency: 0.0959839 ms - Host latency: 0.0959839 ms (enqueue 0.082666 ms)
[02/25/2026-14:56:13] [I] Average on 10 runs - GPU latency: 0.0960205 ms - Host latency: 0.0960205 ms (enqueue 0.0806763 ms)
[02/25/2026-14:56:13] [I] Average on 10 runs - GPU latency: 0.0959106 ms - Host latency: 0.0959106 ms (enqueue 0.0806396 ms)
[02/25/2026-14:56:13] [I] Average on 10 runs - GPU latency: 0.0967285 ms - Host latency: 0.0967285 ms (enqueue 0.080896 ms)
[02/25/2026-14:56:13] [I] Average on 10 runs - GPU latency: 0.0976929 ms - Host latency: 0.0976929 ms (enqueue 0.081958 ms)
[02/25/2026-14:56:13] [I] Average on 10 runs - GPU latency: 0.0980835 ms - Host latency: 0.0980835 ms (enqueue 0.080835 ms)
[02/25/2026-14:56:13] [I] Average on 10 runs - GPU latency: 0.0962158 ms - Host latency: 0.0962158 ms (enqueue 0.0791992 ms)
[02/25/2026-14:56:13] [I] Average on 10 runs - GPU latency: 0.0955566 ms - Host latency: 0.0955566 ms (enqueue 0.0798828 ms)
[02/25/2026-14:56:13] [I] Average on 10 runs - GPU latency: 0.0955933 ms - Host latency: 0.0955933 ms (enqueue 0.0822144 ms)
[02/25/2026-14:56:13] [I] Average on 10 runs - GPU latency: 0.0963135 ms - Host latency: 0.0963135 ms (enqueue 0.0800415 ms)
[02/25/2026-14:56:13] [I] Average on 10 runs - GPU latency: 0.0960693 ms - Host latency: 0.0960693 ms (enqueue 0.0798218 ms)
[02/25/2026-14:56:13] [I] Average on 10 runs - GPU latency: 0.0955444 ms - Host latency: 0.0955444 ms (enqueue 0.0801147 ms)
[02/25/2026-14:56:13] [I] Average on 10 runs - GPU latency: 0.0956177 ms - Host latency: 0.0956177 ms (enqueue 0.0810547 ms)
[02/25/2026-14:56:13] [I] Average on 10 runs - GPU latency: 0.095813 ms - Host latency: 0.095813 ms (enqueue 0.0805908 ms)
[02/25/2026-14:56:13] [I] Average on 10 runs - GPU latency: 0.096521 ms - Host latency: 0.096521 ms (enqueue 0.0805664 ms)
[02/25/2026-14:56:13] [I] Average on 10 runs - GPU latency: 0.0960938 ms - Host latency: 0.0960938 ms (enqueue 0.0809204 ms)
[02/25/2026-14:56:13] [I] Average on 10 runs - GPU latency: 0.0987915 ms - Host latency: 0.0987915 ms (enqueue 0.0844727 ms)
[02/25/2026-14:56:13] [I] Average on 10 runs - GPU latency: 0.0962524 ms - Host latency: 0.0962524 ms (enqueue 0.0796753 ms)
[02/25/2026-14:56:13] [I] Average on 10 runs - GPU latency: 0.0961548 ms - Host latency: 0.0961548 ms (enqueue 0.0789429 ms)
[02/25/2026-14:56:13] [I] Average on 10 runs - GPU latency: 0.095752 ms - Host latency: 0.095752 ms (enqueue 0.0797852 ms)
[02/25/2026-14:56:13] [I] Average on 10 runs - GPU latency: 0.0956055 ms - Host latency: 0.0956055 ms (enqueue 0.0830933 ms)
[02/25/2026-14:56:13] [I] Average on 10 runs - GPU latency: 0.0959717 ms - Host latency: 0.0959717 ms (enqueue 0.0815674 ms)
[02/25/2026-14:56:13] [I] Average on 10 runs - GPU latency: 0.0970459 ms - Host latency: 0.0970459 ms (enqueue 0.0809814 ms)
[02/25/2026-14:56:13] [I] Average on 10 runs - GPU latency: 0.0959839 ms - Host latency: 0.0959839 ms (enqueue 0.0807129 ms)
[02/25/2026-14:56:13] [I] Average on 10 runs - GPU latency: 0.0976929 ms - Host latency: 0.0976929 ms (enqueue 0.0824951 ms)
[02/25/2026-14:56:13] [I] Average on 10 runs - GPU latency: 0.0962036 ms - Host latency: 0.0962036 ms (enqueue 0.0806641 ms)
[02/25/2026-14:56:13] [I] Average on 10 runs - GPU latency: 0.0964355 ms - Host latency: 0.0964355 ms (enqueue 0.0803589 ms)
[02/25/2026-14:56:13] [I] Average on 10 runs - GPU latency: 0.0959473 ms - Host latency: 0.0959473 ms (enqueue 0.0810303 ms)
[02/25/2026-14:56:13] [I] Average on 10 runs - GPU latency: 0.097998 ms - Host latency: 0.097998 ms (enqueue 0.0820435 ms)
[02/25/2026-14:56:13] [I] Average on 10 runs - GPU latency: 0.0966431 ms - Host latency: 0.0966431 ms (enqueue 0.0795166 ms)
[02/25/2026-14:56:13] [I] Average on 10 runs - GPU latency: 0.0957153 ms - Host latency: 0.0957153 ms (enqueue 0.0786499 ms)
[02/25/2026-14:56:13] [I] Average on 10 runs - GPU latency: 0.0963867 ms - Host latency: 0.0963867 ms (enqueue 0.0787842 ms)
[02/25/2026-14:56:13] [I] Average on 10 runs - GPU latency: 0.0953491 ms - Host latency: 0.0953491 ms (enqueue 0.0822876 ms)
[02/25/2026-14:56:13] [I] Average on 10 runs - GPU latency: 0.0953979 ms - Host latency: 0.0953979 ms (enqueue 0.0791748 ms)
[02/25/2026-14:56:13] [I] Average on 10 runs - GPU latency: 0.095752 ms - Host latency: 0.095752 ms (enqueue 0.0797485 ms)
[02/25/2026-14:56:13] [I] Average on 10 runs - GPU latency: 0.0958008 ms - Host latency: 0.0958008 ms (enqueue 0.0799805 ms)
[02/25/2026-14:56:13] [I] Average on 10 runs - GPU latency: 0.0962402 ms - Host latency: 0.0962402 ms (enqueue 0.0806274 ms)
[02/25/2026-14:56:13] [I] Average on 10 runs - GPU latency: 0.0956665 ms - Host latency: 0.0956665 ms (enqueue 0.0831787 ms)
[02/25/2026-14:56:13] [I] Average on 10 runs - GPU latency: 0.0958252 ms - Host latency: 0.0958252 ms (enqueue 0.0800659 ms)
[02/25/2026-14:56:13] [I] Average on 10 runs - GPU latency: 0.0964722 ms - Host latency: 0.0964722 ms (enqueue 0.0793823 ms)
[02/25/2026-14:56:13] [I] Average on 10 runs - GPU latency: 0.0958496 ms - Host latency: 0.0958496 ms (enqueue 0.0801025 ms)
[02/25/2026-14:56:13] [I] Average on 10 runs - GPU latency: 0.099292 ms - Host latency: 0.099292 ms (enqueue 0.0833374 ms)
[02/25/2026-14:56:13] [I] Average on 10 runs - GPU latency: 0.0967041 ms - Host latency: 0.0967041 ms (enqueue 0.0805664 ms)
[02/25/2026-14:56:13] [I] Average on 10 runs - GPU latency: 0.0956909 ms - Host latency: 0.0956909 ms (enqueue 0.0798462 ms)
[02/25/2026-14:56:13] [I] Average on 10 runs - GPU latency: 0.0959839 ms - Host latency: 0.0959839 ms (enqueue 0.0814941 ms)
[02/25/2026-14:56:13] [I] Average on 10 runs - GPU latency: 0.0998657 ms - Host latency: 0.0998657 ms (enqueue 0.0838013 ms)
[02/25/2026-14:56:13] [I] Average on 10 runs - GPU latency: 0.096167 ms - Host latency: 0.096167 ms (enqueue 0.0806641 ms)
[02/25/2026-14:56:13] [I] Average on 10 runs - GPU latency: 0.0976196 ms - Host latency: 0.0976196 ms (enqueue 0.0817749 ms)
[02/25/2026-14:56:13] [I] Average on 10 runs - GPU latency: 0.0969238 ms - Host latency: 0.0969238 ms (enqueue 0.0813599 ms)
[02/25/2026-14:56:13] [I] Average on 10 runs - GPU latency: 0.0978272 ms - Host latency: 0.0978272 ms (enqueue 0.0814087 ms)
[02/25/2026-14:56:13] [I] Average on 10 runs - GPU latency: 0.096106 ms - Host latency: 0.096106 ms (enqueue 0.0805298 ms)
[02/25/2026-14:56:13] [I] Average on 10 runs - GPU latency: 0.0963867 ms - Host latency: 0.0963867 ms (enqueue 0.0805908 ms)
[02/25/2026-14:56:13] [I] Average on 10 runs - GPU latency: 0.0961426 ms - Host latency: 0.0961426 ms (enqueue 0.0796875 ms)
[02/25/2026-14:56:13] [I] Average on 10 runs - GPU latency: 0.0987061 ms - Host latency: 0.0987061 ms (enqueue 0.0841431 ms)
[02/25/2026-14:56:13] [I] Average on 10 runs - GPU latency: 0.0970337 ms - Host latency: 0.0970337 ms (enqueue 0.0814087 ms)
[02/25/2026-14:56:13] [I] Average on 10 runs - GPU latency: 0.0970581 ms - Host latency: 0.0970581 ms (enqueue 0.0813721 ms)
[02/25/2026-14:56:13] [I] Average on 10 runs - GPU latency: 0.0961792 ms - Host latency: 0.0961792 ms (enqueue 0.0802612 ms)
[02/25/2026-14:56:13] [I] Average on 10 runs - GPU latency: 0.0971802 ms - Host latency: 0.0971802 ms (enqueue 0.0820068 ms)
[02/25/2026-14:56:13] [I] Average on 10 runs - GPU latency: 0.096167 ms - Host latency: 0.096167 ms (enqueue 0.0795654 ms)
[02/25/2026-14:56:13] [I] Average on 10 runs - GPU latency: 0.0963379 ms - Host latency: 0.0963379 ms (enqueue 0.0801147 ms)
[02/25/2026-14:56:13] [I] Average on 10 runs - GPU latency: 0.0964966 ms - Host latency: 0.0964966 ms (enqueue 0.0798462 ms)
[02/25/2026-14:56:13] [I] Average on 10 runs - GPU latency: 0.0959473 ms - Host latency: 0.0959473 ms (enqueue 0.0831909 ms)
[02/25/2026-14:56:13] [I] Average on 10 runs - GPU latency: 0.0986328 ms - Host latency: 0.0986328 ms (enqueue 0.0820068 ms)
[02/25/2026-14:56:13] [I] Average on 10 runs - GPU latency: 0.0961914 ms - Host latency: 0.0961914 ms (enqueue 0.080603 ms)
[02/25/2026-14:56:13] [I] Average on 10 runs - GPU latency: 0.097937 ms - Host latency: 0.097937 ms (enqueue 0.082312 ms)
[02/25/2026-14:56:13] [I] Average on 10 runs - GPU latency: 0.0997192 ms - Host latency: 0.0997192 ms (enqueue 0.0834351 ms)
[02/25/2026-14:56:13] [I] Average on 10 runs - GPU latency: 0.0980835 ms - Host latency: 0.0980835 ms (enqueue 0.0823364 ms)
[02/25/2026-14:56:13] [I] Average on 10 runs - GPU latency: 0.0979858 ms - Host latency: 0.0979858 ms (enqueue 0.0828979 ms)
[02/25/2026-14:56:13] [I] Average on 10 runs - GPU latency: 0.0967041 ms - Host latency: 0.0967041 ms (enqueue 0.0799805 ms)
[02/25/2026-14:56:13] [I] Average on 10 runs - GPU latency: 0.0987549 ms - Host latency: 0.0987549 ms (enqueue 0.0842896 ms)
[02/25/2026-14:56:13] [I] Average on 10 runs - GPU latency: 0.0975098 ms - Host latency: 0.0975098 ms (enqueue 0.0807373 ms)
[02/25/2026-14:56:13] [I] Average on 10 runs - GPU latency: 0.096521 ms - Host latency: 0.096521 ms (enqueue 0.0795898 ms)
[02/25/2026-14:56:13] [I] Average on 10 runs - GPU latency: 0.0966797 ms - Host latency: 0.0966797 ms (enqueue 0.0796265 ms)
[02/25/2026-14:56:13] [I] Average on 10 runs - GPU latency: 0.096106 ms - Host latency: 0.096106 ms (enqueue 0.0819824 ms)
[02/25/2026-14:56:13] [I] Average on 10 runs - GPU latency: 0.0967163 ms - Host latency: 0.0967163 ms (enqueue 0.0806152 ms)
[02/25/2026-14:56:13] [I] Average on 10 runs - GPU latency: 0.0965454 ms - Host latency: 0.0965454 ms (enqueue 0.0799561 ms)
[02/25/2026-14:56:13] [I] Average on 10 runs - GPU latency: 0.0965942 ms - Host latency: 0.0965942 ms (enqueue 0.0795288 ms)
[02/25/2026-14:56:13] [I] Average on 10 runs - GPU latency: 0.0964966 ms - Host latency: 0.0964966 ms (enqueue 0.0825195 ms)
[02/25/2026-14:56:13] [I] Average on 10 runs - GPU latency: 0.0964478 ms - Host latency: 0.0964478 ms (enqueue 0.0815308 ms)
[02/25/2026-14:56:13] [I] Average on 10 runs - GPU latency: 0.0956299 ms - Host latency: 0.0956299 ms (enqueue 0.0795776 ms)
[02/25/2026-14:56:13] [I] Average on 10 runs - GPU latency: 0.095813 ms - Host latency: 0.095813 ms (enqueue 0.0800903 ms)
[02/25/2026-14:56:13] [I] Average on 10 runs - GPU latency: 0.0973511 ms - Host latency: 0.0973511 ms (enqueue 0.0824707 ms)
[02/25/2026-14:56:13] [I] Average on 10 runs - GPU latency: 0.0962402 ms - Host latency: 0.0962402 ms (enqueue 0.0804565 ms)
[02/25/2026-14:56:13] [I] Average on 10 runs - GPU latency: 0.0962891 ms - Host latency: 0.0962891 ms (enqueue 0.0792969 ms)
[02/25/2026-14:56:13] [I] Average on 10 runs - GPU latency: 0.0966309 ms - Host latency: 0.0966309 ms (enqueue 0.0821289 ms)
[02/25/2026-14:56:13] [I] Average on 10 runs - GPU latency: 0.0972168 ms - Host latency: 0.0972168 ms (enqueue 0.0816406 ms)
[02/25/2026-14:56:13] [I] Average on 10 runs - GPU latency: 0.0963501 ms - Host latency: 0.0963501 ms (enqueue 0.0798706 ms)
[02/25/2026-14:56:13] [I] Average on 10 runs - GPU latency: 0.0969849 ms - Host latency: 0.0969849 ms (enqueue 0.0794434 ms)
[02/25/2026-14:56:13] [I] Average on 10 runs - GPU latency: 0.0961426 ms - Host latency: 0.0961426 ms (enqueue 0.0802856 ms)
[02/25/2026-14:56:13] [I] Average on 10 runs - GPU latency: 0.0959961 ms - Host latency: 0.0959961 ms (enqueue 0.0829346 ms)
[02/25/2026-14:56:13] [I] Average on 10 runs - GPU latency: 0.095459 ms - Host latency: 0.095459 ms (enqueue 0.0806641 ms)
[02/25/2026-14:56:13] [I] Average on 10 runs - GPU latency: 0.0963989 ms - Host latency: 0.0963989 ms (enqueue 0.0811157 ms)
[02/25/2026-14:56:13] [I] Average on 10 runs - GPU latency: 0.0964355 ms - Host latency: 0.0964355 ms (enqueue 0.0791138 ms)
[02/25/2026-14:56:13] [I] Average on 10 runs - GPU latency: 0.0972534 ms - Host latency: 0.0972534 ms (enqueue 0.0840698 ms)
[02/25/2026-14:56:13] [I] Average on 10 runs - GPU latency: 0.0960327 ms - Host latency: 0.0960327 ms (enqueue 0.0797607 ms)
[02/25/2026-14:56:13] [I] Average on 10 runs - GPU latency: 0.0959839 ms - Host latency: 0.0959839 ms (enqueue 0.0803345 ms)
[02/25/2026-14:56:13] [I] Average on 10 runs - GPU latency: 0.0963745 ms - Host latency: 0.0963745 ms (enqueue 0.0800415 ms)
[02/25/2026-14:56:13] [I] Average on 10 runs - GPU latency: 0.0970581 ms - Host latency: 0.0970581 ms (enqueue 0.0819214 ms)
[02/25/2026-14:56:13] [I] Average on 10 runs - GPU latency: 0.0965698 ms - Host latency: 0.0965698 ms (enqueue 0.0800171 ms)
[02/25/2026-14:56:13] [I] Average on 10 runs - GPU latency: 0.0967163 ms - Host latency: 0.0967163 ms (enqueue 0.0794067 ms)
[02/25/2026-14:56:13] [I] Average on 10 runs - GPU latency: 0.0961426 ms - Host latency: 0.0961426 ms (enqueue 0.0799927 ms)
[02/25/2026-14:56:13] [I] Average on 10 runs - GPU latency: 0.0960693 ms - Host latency: 0.0960693 ms (enqueue 0.0797241 ms)
[02/25/2026-14:56:13] [I] Average on 10 runs - GPU latency: 0.0951782 ms - Host latency: 0.0951782 ms (enqueue 0.0802246 ms)
[02/25/2026-14:56:13] [I] Average on 10 runs - GPU latency: 0.0957886 ms - Host latency: 0.0957886 ms (enqueue 0.0797607 ms)
[02/25/2026-14:56:13] [I] Average on 10 runs - GPU latency: 0.0964478 ms - Host latency: 0.0964478 ms (enqueue 0.0806519 ms)
[02/25/2026-14:56:13] [I] Average on 10 runs - GPU latency: 0.0959717 ms - Host latency: 0.0959717 ms (enqueue 0.0831665 ms)
[02/25/2026-14:56:13] [I] Average on 10 runs - GPU latency: 0.09729 ms - Host latency: 0.09729 ms (enqueue 0.0816528 ms)
[02/25/2026-14:56:13] [I] Average on 10 runs - GPU latency: 0.0979126 ms - Host latency: 0.0979126 ms (enqueue 0.0811035 ms)
[02/25/2026-14:56:13] [I] Average on 10 runs - GPU latency: 0.0963623 ms - Host latency: 0.0963623 ms (enqueue 0.0806641 ms)
[02/25/2026-14:56:13] [I] Average on 10 runs - GPU latency: 0.0960449 ms - Host latency: 0.0960449 ms (enqueue 0.0802124 ms)
[02/25/2026-14:56:13] [I] Average on 10 runs - GPU latency: 0.0994263 ms - Host latency: 0.0994263 ms (enqueue 0.0825928 ms)
[02/25/2026-14:56:13] [I] Average on 10 runs - GPU latency: 0.0967041 ms - Host latency: 0.0967041 ms (enqueue 0.0800049 ms)
[02/25/2026-14:56:13] [I] Average on 10 runs - GPU latency: 0.0960693 ms - Host latency: 0.0960693 ms (enqueue 0.080957 ms)
[02/25/2026-14:56:13] [I] Average on 10 runs - GPU latency: 0.0972046 ms - Host latency: 0.0972046 ms (enqueue 0.0817749 ms)
[02/25/2026-14:56:13] [I] Average on 10 runs - GPU latency: 0.0985229 ms - Host latency: 0.0985229 ms (enqueue 0.0830688 ms)
[02/25/2026-14:56:13] [I] Average on 10 runs - GPU latency: 0.097229 ms - Host latency: 0.097229 ms (enqueue 0.0800781 ms)
[02/25/2026-14:56:13] [I] Average on 10 runs - GPU latency: 0.0960205 ms - Host latency: 0.0960205 ms (enqueue 0.0803711 ms)
[02/25/2026-14:56:13] [I] Average on 10 runs - GPU latency: 0.0959229 ms - Host latency: 0.0959229 ms (enqueue 0.0804077 ms)
[02/25/2026-14:56:13] [I] Average on 10 runs - GPU latency: 0.0971313 ms - Host latency: 0.0971313 ms (enqueue 0.0809692 ms)
[02/25/2026-14:56:13] [I] Average on 10 runs - GPU latency: 0.0961426 ms - Host latency: 0.0961426 ms (enqueue 0.0800293 ms)
[02/25/2026-14:56:13] [I] Average on 10 runs - GPU latency: 0.0960815 ms - Host latency: 0.0960815 ms (enqueue 0.0800537 ms)
[02/25/2026-14:56:13] [I] Average on 10 runs - GPU latency: 0.0955811 ms - Host latency: 0.0955811 ms (enqueue 0.0805054 ms)
[02/25/2026-14:56:13] [I] Average on 10 runs - GPU latency: 0.0988037 ms - Host latency: 0.0988037 ms (enqueue 0.0820923 ms)
[02/25/2026-14:56:13] [I] Average on 10 runs - GPU latency: 0.0962158 ms - Host latency: 0.0962158 ms (enqueue 0.079541 ms)
[02/25/2026-14:56:13] [I] Average on 10 runs - GPU latency: 0.0963135 ms - Host latency: 0.0963135 ms (enqueue 0.0801392 ms)
[02/25/2026-14:56:13] [I] Average on 10 runs - GPU latency: 0.0958984 ms - Host latency: 0.0958984 ms (enqueue 0.079834 ms)
[02/25/2026-14:56:13] [I] Average on 10 runs - GPU latency: 0.0955078 ms - Host latency: 0.0955078 ms (enqueue 0.0822388 ms)
[02/25/2026-14:56:13] [I] Average on 10 runs - GPU latency: 0.0956787 ms - Host latency: 0.0956787 ms (enqueue 0.0804199 ms)
[02/25/2026-14:56:13] [I] Average on 10 runs - GPU latency: 0.0961792 ms - Host latency: 0.0961792 ms (enqueue 0.0795654 ms)
[02/25/2026-14:56:13] [I] Average on 10 runs - GPU latency: 0.0957031 ms - Host latency: 0.0957031 ms (enqueue 0.0815308 ms)
[02/25/2026-14:56:13] [I] Average on 10 runs - GPU latency: 0.0978272 ms - Host latency: 0.0978272 ms (enqueue 0.0817505 ms)
[02/25/2026-14:56:13] [I] Average on 10 runs - GPU latency: 0.0960815 ms - Host latency: 0.0960815 ms (enqueue 0.0805786 ms)
[02/25/2026-14:56:13] [I] Average on 10 runs - GPU latency: 0.0956421 ms - Host latency: 0.0956421 ms (enqueue 0.0801147 ms)
[02/25/2026-14:56:13] [I] Average on 10 runs - GPU latency: 0.096228 ms - Host latency: 0.096228 ms (enqueue 0.0795898 ms)
[02/25/2026-14:56:13] [I] Average on 10 runs - GPU latency: 0.095874 ms - Host latency: 0.095874 ms (enqueue 0.0822022 ms)
[02/25/2026-14:56:13] [I] Average on 10 runs - GPU latency: 0.0970581 ms - Host latency: 0.0970581 ms (enqueue 0.0802246 ms)
[02/25/2026-14:56:13] [I] Average on 10 runs - GPU latency: 0.095752 ms - Host latency: 0.095752 ms (enqueue 0.0802856 ms)
[02/25/2026-14:56:13] [I] Average on 10 runs - GPU latency: 0.0959229 ms - Host latency: 0.0959229 ms (enqueue 0.0810181 ms)
[02/25/2026-14:56:13] [I] Average on 10 runs - GPU latency: 0.0969849 ms - Host latency: 0.0969849 ms (enqueue 0.080127 ms)
[02/25/2026-14:56:13] [I] Average on 10 runs - GPU latency: 0.0960327 ms - Host latency: 0.0960327 ms (enqueue 0.0807617 ms)
[02/25/2026-14:56:13] [I] Average on 10 runs - GPU latency: 0.0958984 ms - Host latency: 0.0958984 ms (enqueue 0.0785034 ms)
[02/25/2026-14:56:13] [I] Average on 10 runs - GPU latency: 0.0961914 ms - Host latency: 0.0961914 ms (enqueue 0.0822266 ms)
[02/25/2026-14:56:13] [I] Average on 10 runs - GPU latency: 0.098645 ms - Host latency: 0.098645 ms (enqueue 0.0847412 ms)
[02/25/2026-14:56:13] [I] Average on 10 runs - GPU latency: 0.0960083 ms - Host latency: 0.0960083 ms (enqueue 0.0789917 ms)
[02/25/2026-14:56:13] [I] Average on 10 runs - GPU latency: 0.0958618 ms - Host latency: 0.0958618 ms (enqueue 0.0794434 ms)
[02/25/2026-14:56:13] [I] Average on 10 runs - GPU latency: 0.0967407 ms - Host latency: 0.0967407 ms (enqueue 0.0803833 ms)
[02/25/2026-14:56:13] [I] Average on 10 runs - GPU latency: 0.09552 ms - Host latency: 0.09552 ms (enqueue 0.0810547 ms)
[02/25/2026-14:56:13] [I] Average on 10 runs - GPU latency: 0.0965088 ms - Host latency: 0.0965088 ms (enqueue 0.0791992 ms)
[02/25/2026-14:56:13] [I] Average on 10 runs - GPU latency: 0.0961304 ms - Host latency: 0.0961304 ms (enqueue 0.0791382 ms)
[02/25/2026-14:56:13] [I] Average on 10 runs - GPU latency: 0.095752 ms - Host latency: 0.095752 ms (enqueue 0.0794678 ms)
[02/25/2026-14:56:13] [I] Average on 10 runs - GPU latency: 0.0963745 ms - Host latency: 0.0963745 ms (enqueue 0.0831543 ms)
[02/25/2026-14:56:13] [I] Average on 10 runs - GPU latency: 0.0959229 ms - Host latency: 0.0959229 ms (enqueue 0.0796631 ms)
[02/25/2026-14:56:13] [I] Average on 10 runs - GPU latency: 0.0959473 ms - Host latency: 0.0959473 ms (enqueue 0.080896 ms)
[02/25/2026-14:56:13] [I] Average on 10 runs - GPU latency: 0.0958496 ms - Host latency: 0.0958496 ms (enqueue 0.0818115 ms)
[02/25/2026-14:56:13] [I] Average on 10 runs - GPU latency: 0.0971924 ms - Host latency: 0.0971924 ms (enqueue 0.0822876 ms)
[02/25/2026-14:56:13] [I] Average on 10 runs - GPU latency: 0.0960571 ms - Host latency: 0.0960571 ms (enqueue 0.0811523 ms)
[02/25/2026-14:56:13] [I] Average on 10 runs - GPU latency: 0.0971924 ms - Host latency: 0.0971924 ms (enqueue 0.0806274 ms)
[02/25/2026-14:56:13] [I] Average on 10 runs - GPU latency: 0.095813 ms - Host latency: 0.095813 ms (enqueue 0.0799927 ms)
[02/25/2026-14:56:13] [I] Average on 10 runs - GPU latency: 0.0984619 ms - Host latency: 0.0984619 ms (enqueue 0.0839233 ms)
[02/25/2026-14:56:13] [I] Average on 10 runs - GPU latency: 0.0963867 ms - Host latency: 0.0963867 ms (enqueue 0.080603 ms)
[02/25/2026-14:56:13] [I] Average on 10 runs - GPU latency: 0.0958618 ms - Host latency: 0.0958618 ms (enqueue 0.0804321 ms)
[02/25/2026-14:56:13] [I] Average on 10 runs - GPU latency: 0.0971802 ms - Host latency: 0.0971802 ms (enqueue 0.0814087 ms)
[02/25/2026-14:56:13] [I] Average on 10 runs - GPU latency: 0.0990112 ms - Host latency: 0.0990112 ms (enqueue 0.0849243 ms)
[02/25/2026-14:56:13] [I] Average on 10 runs - GPU latency: 0.0979858 ms - Host latency: 0.0979858 ms (enqueue 0.0810303 ms)
[02/25/2026-14:56:13] [I] Average on 10 runs - GPU latency: 0.0971069 ms - Host latency: 0.0971069 ms (enqueue 0.0823242 ms)
[02/25/2026-14:56:13] [I] Average on 10 runs - GPU latency: 0.0962769 ms - Host latency: 0.0962769 ms (enqueue 0.0799927 ms)
[02/25/2026-14:56:13] [I] Average on 10 runs - GPU latency: 0.0983276 ms - Host latency: 0.0983276 ms (enqueue 0.0821533 ms)
[02/25/2026-14:56:13] [I] Average on 10 runs - GPU latency: 0.097644 ms - Host latency: 0.097644 ms (enqueue 0.0802612 ms)
[02/25/2026-14:56:13] [I] Average on 10 runs - GPU latency: 0.0962891 ms - Host latency: 0.0962891 ms (enqueue 0.0799072 ms)
[02/25/2026-14:56:13] [I] Average on 10 runs - GPU latency: 0.0963135 ms - Host latency: 0.0963135 ms (enqueue 0.0794434 ms)
[02/25/2026-14:56:13] [I] Average on 10 runs - GPU latency: 0.0964111 ms - Host latency: 0.0964111 ms (enqueue 0.0824951 ms)
[02/25/2026-14:56:13] [I] Average on 10 runs - GPU latency: 0.0963379 ms - Host latency: 0.0963379 ms (enqueue 0.0820801 ms)
[02/25/2026-14:56:13] [I] Average on 10 runs - GPU latency: 0.0963135 ms - Host latency: 0.0963135 ms (enqueue 0.0799072 ms)
[02/25/2026-14:56:13] [I] Average on 10 runs - GPU latency: 0.0960571 ms - Host latency: 0.0960571 ms (enqueue 0.0786255 ms)
[02/25/2026-14:56:13] [I] Average on 10 runs - GPU latency: 0.0962036 ms - Host latency: 0.0962036 ms (enqueue 0.0800781 ms)
[02/25/2026-14:56:13] [I] Average on 10 runs - GPU latency: 0.0959229 ms - Host latency: 0.0959229 ms (enqueue 0.0831421 ms)
[02/25/2026-14:56:13] [I] Average on 10 runs - GPU latency: 0.0961792 ms - Host latency: 0.0961792 ms (enqueue 0.0788208 ms)
[02/25/2026-14:56:13] [I] Average on 10 runs - GPU latency: 0.0963989 ms - Host latency: 0.0963989 ms (enqueue 0.0803223 ms)
[02/25/2026-14:56:13] [I] Average on 10 runs - GPU latency: 0.0957397 ms - Host latency: 0.0957397 ms (enqueue 0.079248 ms)
[02/25/2026-14:56:13] [I] Average on 10 runs - GPU latency: 0.0982178 ms - Host latency: 0.0982178 ms (enqueue 0.0848633 ms)
[02/25/2026-14:56:13] [I] Average on 10 runs - GPU latency: 0.0954712 ms - Host latency: 0.0954712 ms (enqueue 0.0800049 ms)
[02/25/2026-14:56:13] [I] Average on 10 runs - GPU latency: 0.0958862 ms - Host latency: 0.0958862 ms (enqueue 0.0815552 ms)
[02/25/2026-14:56:13] [I] Average on 10 runs - GPU latency: 0.0966187 ms - Host latency: 0.0966187 ms (enqueue 0.080188 ms)
[02/25/2026-14:56:13] [I] Average on 10 runs - GPU latency: 0.0992432 ms - Host latency: 0.0992432 ms (enqueue 0.0841797 ms)
[02/25/2026-14:56:13] [I] Average on 10 runs - GPU latency: 0.0976074 ms - Host latency: 0.0976074 ms (enqueue 0.0816528 ms)
[02/25/2026-14:56:13] [I] Average on 10 runs - GPU latency: 0.09646 ms - Host latency: 0.09646 ms (enqueue 0.0806396 ms)
[02/25/2026-14:56:13] [I] Average on 10 runs - GPU latency: 0.0965454 ms - Host latency: 0.0965454 ms (enqueue 0.080542 ms)
[02/25/2026-14:56:13] [I] Average on 10 runs - GPU latency: 0.101331 ms - Host latency: 0.101331 ms (enqueue 0.0863159 ms)
[02/25/2026-14:56:13] [I] Average on 10 runs - GPU latency: 0.0971558 ms - Host latency: 0.0971558 ms (enqueue 0.0815552 ms)
[02/25/2026-14:56:13] [I] Average on 10 runs - GPU latency: 0.0975708 ms - Host latency: 0.0975708 ms (enqueue 0.0816284 ms)
[02/25/2026-14:56:13] [I] Average on 10 runs - GPU latency: 0.0963989 ms - Host latency: 0.0963989 ms (enqueue 0.0811035 ms)
[02/25/2026-14:56:13] [I] Average on 10 runs - GPU latency: 0.0984619 ms - Host latency: 0.0984619 ms (enqueue 0.0823242 ms)
[02/25/2026-14:56:13] [I] Average on 10 runs - GPU latency: 0.0963135 ms - Host latency: 0.0963135 ms (enqueue 0.0806763 ms)
[02/25/2026-14:56:13] [I] Average on 10 runs - GPU latency: 0.0965088 ms - Host latency: 0.0965088 ms (enqueue 0.0801758 ms)
[02/25/2026-14:56:13] [I] Average on 10 runs - GPU latency: 0.0959839 ms - Host latency: 0.0959839 ms (enqueue 0.0803955 ms)
[02/25/2026-14:56:13] [I] Average on 10 runs - GPU latency: 0.0984253 ms - Host latency: 0.0984253 ms (enqueue 0.0830078 ms)
[02/25/2026-14:56:13] [I] Average on 10 runs - GPU latency: 0.0963745 ms - Host latency: 0.0963745 ms (enqueue 0.0793579 ms)
[02/25/2026-14:56:13] [I] Average on 10 runs - GPU latency: 0.096521 ms - Host latency: 0.096521 ms (enqueue 0.0817139 ms)
[02/25/2026-14:56:13] [I] Average on 10 runs - GPU latency: 0.0952026 ms - Host latency: 0.0952026 ms (enqueue 0.0812256 ms)
[02/25/2026-14:56:13] [I] Average on 10 runs - GPU latency: 0.0997681 ms - Host latency: 0.0997681 ms (enqueue 0.0845703 ms)
[02/25/2026-14:56:13] [I] Average on 10 runs - GPU latency: 0.0958008 ms - Host latency: 0.0958008 ms (enqueue 0.079602 ms)
[02/25/2026-14:56:13] [I] Average on 10 runs - GPU latency: 0.0960815 ms - Host latency: 0.0960815 ms (enqueue 0.0800659 ms)
[02/25/2026-14:56:13] [I] Average on 10 runs - GPU latency: 0.0959229 ms - Host latency: 0.0959229 ms (enqueue 0.0812866 ms)
[02/25/2026-14:56:13] [I] Average on 10 runs - GPU latency: 0.0979858 ms - Host latency: 0.0979858 ms (enqueue 0.0831909 ms)
[02/25/2026-14:56:13] [I] Average on 10 runs - GPU latency: 0.0957153 ms - Host latency: 0.0957153 ms (enqueue 0.0796509 ms)
[02/25/2026-14:56:13] [I] Average on 10 runs - GPU latency: 0.0957031 ms - Host latency: 0.0957031 ms (enqueue 0.0796997 ms)
[02/25/2026-14:56:13] [I] Average on 10 runs - GPU latency: 0.0963745 ms - Host latency: 0.0963745 ms (enqueue 0.0791138 ms)
[02/25/2026-14:56:13] [I] Average on 10 runs - GPU latency: 0.0956421 ms - Host latency: 0.0956421 ms (enqueue 0.0828125 ms)
[02/25/2026-14:56:13] [I] Average on 10 runs - GPU latency: 0.0962769 ms - Host latency: 0.0962769 ms (enqueue 0.0800537 ms)
[02/25/2026-14:56:13] [I] Average on 10 runs - GPU latency: 0.096228 ms - Host latency: 0.096228 ms (enqueue 0.0794556 ms)
[02/25/2026-14:56:13] [I] Average on 10 runs - GPU latency: 0.0966553 ms - Host latency: 0.0966553 ms (enqueue 0.0812622 ms)
[02/25/2026-14:56:13] [I] Average on 10 runs - GPU latency: 0.0958618 ms - Host latency: 0.0958618 ms (enqueue 0.0827026 ms)
[02/25/2026-14:56:13] [I] Average on 10 runs - GPU latency: 0.0963867 ms - Host latency: 0.0963867 ms (enqueue 0.0804199 ms)
[02/25/2026-14:56:13] [I] Average on 10 runs - GPU latency: 0.0969971 ms - Host latency: 0.0969971 ms (enqueue 0.081311 ms)
[02/25/2026-14:56:13] [I] Average on 10 runs - GPU latency: 0.0964722 ms - Host latency: 0.0964722 ms (enqueue 0.080896 ms)
[02/25/2026-14:56:13] [I] Average on 10 runs - GPU latency: 0.097583 ms - Host latency: 0.097583 ms (enqueue 0.0819946 ms)
[02/25/2026-14:56:13] [I] Average on 10 runs - GPU latency: 0.0963867 ms - Host latency: 0.0963867 ms (enqueue 0.0814941 ms)
[02/25/2026-14:56:13] [I] Average on 10 runs - GPU latency: 0.0986572 ms - Host latency: 0.0986572 ms (enqueue 0.0824219 ms)
[02/25/2026-14:56:13] [I] Average on 10 runs - GPU latency: 0.0966553 ms - Host latency: 0.0966553 ms (enqueue 0.0801147 ms)
[02/25/2026-14:56:13] [I] Average on 10 runs - GPU latency: 0.0971924 ms - Host latency: 0.0971924 ms (enqueue 0.0822388 ms)
[02/25/2026-14:56:13] [I] Average on 10 runs - GPU latency: 0.0960815 ms - Host latency: 0.0960815 ms (enqueue 0.0804199 ms)
[02/25/2026-14:56:13] [I] Average on 10 runs - GPU latency: 0.0976929 ms - Host latency: 0.0976929 ms (enqueue 0.0810425 ms)
[02/25/2026-14:56:13] [I] Average on 10 runs - GPU latency: 0.0956299 ms - Host latency: 0.0956299 ms (enqueue 0.080835 ms)
[02/25/2026-14:56:13] [I] Average on 10 runs - GPU latency: 0.0972046 ms - Host latency: 0.0972046 ms (enqueue 0.081665 ms)
[02/25/2026-14:56:13] [I] Average on 10 runs - GPU latency: 0.0965332 ms - Host latency: 0.0965332 ms (enqueue 0.0799194 ms)
[02/25/2026-14:56:13] [I] Average on 10 runs - GPU latency: 0.0962036 ms - Host latency: 0.0962036 ms (enqueue 0.0802246 ms)
[02/25/2026-14:56:13] [I] Average on 10 runs - GPU latency: 0.0959106 ms - Host latency: 0.0959106 ms (enqueue 0.0812622 ms)
[02/25/2026-14:56:13] [I] Average on 10 runs - GPU latency: 0.0996826 ms - Host latency: 0.0996826 ms (enqueue 0.0828003 ms)
[02/25/2026-14:56:13] [I] Average on 10 runs - GPU latency: 0.0963989 ms - Host latency: 0.0963989 ms (enqueue 0.0807617 ms)
[02/25/2026-14:56:13] [I] Average on 10 runs - GPU latency: 0.0961304 ms - Host latency: 0.0961304 ms (enqueue 0.0794678 ms)
[02/25/2026-14:56:13] [I] Average on 10 runs - GPU latency: 0.0959351 ms - Host latency: 0.0959351 ms (enqueue 0.0805542 ms)
[02/25/2026-14:56:13] [I] Average on 10 runs - GPU latency: 0.0974365 ms - Host latency: 0.0974365 ms (enqueue 0.0827515 ms)
[02/25/2026-14:56:13] [I] Average on 10 runs - GPU latency: 0.0978638 ms - Host latency: 0.0978638 ms (enqueue 0.081543 ms)
[02/25/2026-14:56:13] [I] Average on 10 runs - GPU latency: 0.0971313 ms - Host latency: 0.0971313 ms (enqueue 0.0810547 ms)
[02/25/2026-14:56:13] [I] Average on 10 runs - GPU latency: 0.0961914 ms - Host latency: 0.0961914 ms (enqueue 0.0813965 ms)
[02/25/2026-14:56:13] [I] Average on 10 runs - GPU latency: 0.0986572 ms - Host latency: 0.0986572 ms (enqueue 0.0831787 ms)
[02/25/2026-14:56:13] [I] Average on 10 runs - GPU latency: 0.0967773 ms - Host latency: 0.0967773 ms (enqueue 0.0804688 ms)
[02/25/2026-14:56:13] [I] Average on 10 runs - GPU latency: 0.096814 ms - Host latency: 0.096814 ms (enqueue 0.0807251 ms)
[02/25/2026-14:56:13] [I] Average on 10 runs - GPU latency: 0.0962036 ms - Host latency: 0.0962036 ms (enqueue 0.0799683 ms)
[02/25/2026-14:56:13] [I] Average on 10 runs - GPU latency: 0.0962036 ms - Host latency: 0.0962036 ms (enqueue 0.0820312 ms)
[02/25/2026-14:56:13] [I] Average on 10 runs - GPU latency: 0.0960938 ms - Host latency: 0.0960938 ms (enqueue 0.0806763 ms)
[02/25/2026-14:56:13] [I] Average on 10 runs - GPU latency: 0.0978272 ms - Host latency: 0.0978272 ms (enqueue 0.0808228 ms)
[02/25/2026-14:56:13] [I] Average on 10 runs - GPU latency: 0.0960571 ms - Host latency: 0.0960571 ms (enqueue 0.0808228 ms)
[02/25/2026-14:56:13] [I] Average on 10 runs - GPU latency: 0.0969116 ms - Host latency: 0.0969116 ms (enqueue 0.0812012 ms)
[02/25/2026-14:56:13] [I] Average on 10 runs - GPU latency: 0.0984619 ms - Host latency: 0.0984619 ms (enqueue 0.0808716 ms)
[02/25/2026-14:56:13] [I] Average on 10 runs - GPU latency: 0.0961914 ms - Host latency: 0.0961914 ms (enqueue 0.0805908 ms)
[02/25/2026-14:56:13] [I] Average on 10 runs - GPU latency: 0.095752 ms - Host latency: 0.095752 ms (enqueue 0.080127 ms)
[02/25/2026-14:56:13] [I] Average on 10 runs - GPU latency: 0.0959473 ms - Host latency: 0.0959473 ms (enqueue 0.0836792 ms)
[02/25/2026-14:56:13] [I] Average on 10 runs - GPU latency: 0.0984497 ms - Host latency: 0.0984497 ms (enqueue 0.0810669 ms)
[02/25/2026-14:56:13] [I] Average on 10 runs - GPU latency: 0.0959717 ms - Host latency: 0.0959717 ms (enqueue 0.0803345 ms)
[02/25/2026-14:56:13] [I] Average on 10 runs - GPU latency: 0.0958252 ms - Host latency: 0.0958252 ms (enqueue 0.0788574 ms)
[02/25/2026-14:56:13] [I] Average on 10 runs - GPU latency: 0.0957275 ms - Host latency: 0.0957275 ms (enqueue 0.0796265 ms)
[02/25/2026-14:56:13] [I] Average on 10 runs - GPU latency: 0.097998 ms - Host latency: 0.097998 ms (enqueue 0.0833008 ms)
[02/25/2026-14:56:13] [I] Average on 10 runs - GPU latency: 0.0961914 ms - Host latency: 0.0961914 ms (enqueue 0.0789185 ms)
[02/25/2026-14:56:13] [I] Average on 10 runs - GPU latency: 0.0956787 ms - Host latency: 0.0956787 ms (enqueue 0.0808228 ms)
[02/25/2026-14:56:13] [I] Average on 10 runs - GPU latency: 0.0962524 ms - Host latency: 0.0962524 ms (enqueue 0.0810425 ms)
[02/25/2026-14:56:13] [I] Average on 10 runs - GPU latency: 0.0978638 ms - Host latency: 0.0978638 ms (enqueue 0.0827637 ms)
[02/25/2026-14:56:13] [I] Average on 10 runs - GPU latency: 0.0961304 ms - Host latency: 0.0961304 ms (enqueue 0.0808594 ms)
[02/25/2026-14:56:13] [I] Average on 10 runs - GPU latency: 0.0960693 ms - Host latency: 0.0960693 ms (enqueue 0.0800293 ms)
[02/25/2026-14:56:13] [I] Average on 10 runs - GPU latency: 0.0958496 ms - Host latency: 0.0958496 ms (enqueue 0.0794678 ms)
[02/25/2026-14:56:13] [I] Average on 10 runs - GPU latency: 0.0971558 ms - Host latency: 0.0971558 ms (enqueue 0.0819824 ms)
[02/25/2026-14:56:13] [I] Average on 10 runs - GPU latency: 0.0963379 ms - Host latency: 0.0963379 ms (enqueue 0.0809937 ms)
[02/25/2026-14:56:13] [I] Average on 10 runs - GPU latency: 0.0963745 ms - Host latency: 0.0963745 ms (enqueue 0.0799561 ms)
[02/25/2026-14:56:13] [I] Average on 10 runs - GPU latency: 0.0957031 ms - Host latency: 0.0957031 ms (enqueue 0.0797485 ms)
[02/25/2026-14:56:13] [I] Average on 10 runs - GPU latency: 0.0965698 ms - Host latency: 0.0965698 ms (enqueue 0.0823364 ms)
[02/25/2026-14:56:13] [I] Average on 10 runs - GPU latency: 0.0963501 ms - Host latency: 0.0963501 ms (enqueue 0.0788208 ms)
[02/25/2026-14:56:13] [I] Average on 10 runs - GPU latency: 0.0955444 ms - Host latency: 0.0955444 ms (enqueue 0.0799439 ms)
[02/25/2026-14:56:13] [I] Average on 10 runs - GPU latency: 0.0953979 ms - Host latency: 0.0953979 ms (enqueue 0.078772 ms)
[02/25/2026-14:56:13] [I] Average on 10 runs - GPU latency: 0.0977783 ms - Host latency: 0.0977783 ms (enqueue 0.0833496 ms)
[02/25/2026-14:56:13] [I] Average on 10 runs - GPU latency: 0.0958618 ms - Host latency: 0.0958618 ms (enqueue 0.0793213 ms)
[02/25/2026-14:56:13] [I] Average on 10 runs - GPU latency: 0.0954712 ms - Host latency: 0.0954712 ms (enqueue 0.0797485 ms)
[02/25/2026-14:56:13] [I] Average on 10 runs - GPU latency: 0.0962402 ms - Host latency: 0.0962402 ms (enqueue 0.0797974 ms)
[02/25/2026-14:56:13] [I] Average on 10 runs - GPU latency: 0.0955933 ms - Host latency: 0.0955933 ms (enqueue 0.0803101 ms)
[02/25/2026-14:56:13] [I] Average on 10 runs - GPU latency: 0.0961182 ms - Host latency: 0.0961182 ms (enqueue 0.0805908 ms)
[02/25/2026-14:56:13] [I] Average on 10 runs - GPU latency: 0.0963623 ms - Host latency: 0.0963623 ms (enqueue 0.0800537 ms)
[02/25/2026-14:56:13] [I] Average on 10 runs - GPU latency: 0.0961182 ms - Host latency: 0.0961182 ms (enqueue 0.0806274 ms)
[02/25/2026-14:56:13] [I] Average on 10 runs - GPU latency: 0.0984253 ms - Host latency: 0.0984253 ms (enqueue 0.0833496 ms)
[02/25/2026-14:56:13] [I] Average on 10 runs - GPU latency: 0.0965576 ms - Host latency: 0.0965576 ms (enqueue 0.0790405 ms)
[02/25/2026-14:56:13] [I] Average on 10 runs - GPU latency: 0.095166 ms - Host latency: 0.095166 ms (enqueue 0.0804199 ms)
[02/25/2026-14:56:13] [I] Average on 10 runs - GPU latency: 0.0958862 ms - Host latency: 0.0958862 ms (enqueue 0.0802368 ms)
[02/25/2026-14:56:13] [I] Average on 10 runs - GPU latency: 0.0981445 ms - Host latency: 0.0981445 ms (enqueue 0.0832886 ms)
[02/25/2026-14:56:13] [I] Average on 10 runs - GPU latency: 0.0956665 ms - Host latency: 0.0956665 ms (enqueue 0.0790771 ms)
[02/25/2026-14:56:13] [I] Average on 10 runs - GPU latency: 0.0955811 ms - Host latency: 0.0955811 ms (enqueue 0.0804688 ms)
[02/25/2026-14:56:13] [I] Average on 10 runs - GPU latency: 0.0966309 ms - Host latency: 0.0966309 ms (enqueue 0.0799927 ms)
[02/25/2026-14:56:13] [I] Average on 10 runs - GPU latency: 0.0957764 ms - Host latency: 0.0957764 ms (enqueue 0.0829834 ms)
[02/25/2026-14:56:13] [I] Average on 10 runs - GPU latency: 0.0967529 ms - Host latency: 0.0967529 ms (enqueue 0.0807129 ms)
[02/25/2026-14:56:13] [I] Average on 10 runs - GPU latency: 0.0960815 ms - Host latency: 0.0960815 ms (enqueue 0.0796875 ms)
[02/25/2026-14:56:13] [I] Average on 10 runs - GPU latency: 0.0963379 ms - Host latency: 0.0963379 ms (enqueue 0.0797729 ms)
[02/25/2026-14:56:13] [I] Average on 10 runs - GPU latency: 0.0964111 ms - Host latency: 0.0964111 ms (enqueue 0.0819214 ms)
[02/25/2026-14:56:13] [I] Average on 10 runs - GPU latency: 0.0963135 ms - Host latency: 0.0963135 ms (enqueue 0.081311 ms)
[02/25/2026-14:56:13] [I] Average on 10 runs - GPU latency: 0.0968994 ms - Host latency: 0.0968994 ms (enqueue 0.080603 ms)
[02/25/2026-14:56:13] [I] Average on 10 runs - GPU latency: 0.0968506 ms - Host latency: 0.0968506 ms (enqueue 0.0808594 ms)
[02/25/2026-14:56:13] [I] Average on 10 runs - GPU latency: 0.0985474 ms - Host latency: 0.0985474 ms (enqueue 0.0834595 ms)
[02/25/2026-14:56:13] [I] Average on 10 runs - GPU latency: 0.0961792 ms - Host latency: 0.0961792 ms (enqueue 0.0787842 ms)
[02/25/2026-14:56:13] [I] Average on 10 runs - GPU latency: 0.095874 ms - Host latency: 0.095874 ms (enqueue 0.079541 ms)
[02/25/2026-14:56:13] [I] Average on 10 runs - GPU latency: 0.0959106 ms - Host latency: 0.0959106 ms (enqueue 0.0793579 ms)
[02/25/2026-14:56:13] [I] Average on 10 runs - GPU latency: 0.0961914 ms - Host latency: 0.0961914 ms (enqueue 0.0813477 ms)
[02/25/2026-14:56:13] [I] Average on 10 runs - GPU latency: 0.0960327 ms - Host latency: 0.0960327 ms (enqueue 0.0801025 ms)
[02/25/2026-14:56:13] [I] Average on 10 runs - GPU latency: 0.096582 ms - Host latency: 0.096582 ms (enqueue 0.0795044 ms)
[02/25/2026-14:56:13] [I] Average on 10 runs - GPU latency: 0.0960327 ms - Host latency: 0.0960327 ms (enqueue 0.0796631 ms)
[02/25/2026-14:56:13] [I] Average on 10 runs - GPU latency: 0.0958984 ms - Host latency: 0.0958984 ms (enqueue 0.0848511 ms)
[02/25/2026-14:56:13] [I] Average on 10 runs - GPU latency: 0.0989258 ms - Host latency: 0.0989258 ms (enqueue 0.0818603 ms)
[02/25/2026-14:56:13] [I] Average on 10 runs - GPU latency: 0.0969727 ms - Host latency: 0.0969727 ms (enqueue 0.0807373 ms)
[02/25/2026-14:56:13] [I] Average on 10 runs - GPU latency: 0.0967407 ms - Host latency: 0.0967407 ms (enqueue 0.0812012 ms)
[02/25/2026-14:56:13] [I] Average on 10 runs - GPU latency: 0.0969116 ms - Host latency: 0.0969116 ms (enqueue 0.0805298 ms)
[02/25/2026-14:56:13] [I] Average on 10 runs - GPU latency: 0.0970703 ms - Host latency: 0.0970703 ms (enqueue 0.0810059 ms)
[02/25/2026-14:56:13] [I] Average on 10 runs - GPU latency: 0.0969116 ms - Host latency: 0.0969116 ms (enqueue 0.0805542 ms)
[02/25/2026-14:56:13] [I] Average on 10 runs - GPU latency: 0.0972534 ms - Host latency: 0.0972534 ms (enqueue 0.0809082 ms)
[02/25/2026-14:56:13] [I] Average on 10 runs - GPU latency: 0.0965332 ms - Host latency: 0.0965332 ms (enqueue 0.0832275 ms)
[02/25/2026-14:56:13] [I] Average on 10 runs - GPU latency: 0.0983765 ms - Host latency: 0.0983765 ms (enqueue 0.0809204 ms)
[02/25/2026-14:56:13] [I] Average on 10 runs - GPU latency: 0.0959961 ms - Host latency: 0.0959961 ms (enqueue 0.0800537 ms)
[02/25/2026-14:56:13] [I] Average on 10 runs - GPU latency: 0.0960938 ms - Host latency: 0.0960938 ms (enqueue 0.0798096 ms)
[02/25/2026-14:56:13] [I] Average on 10 runs - GPU latency: 0.0960938 ms - Host latency: 0.0960938 ms (enqueue 0.0806152 ms)
[02/25/2026-14:56:13] [I] Average on 10 runs - GPU latency: 0.0973389 ms - Host latency: 0.0973389 ms (enqueue 0.0827148 ms)
[02/25/2026-14:56:13] [I] Average on 10 runs - GPU latency: 0.09646 ms - Host latency: 0.09646 ms (enqueue 0.0797363 ms)
[02/25/2026-14:56:13] [I] Average on 10 runs - GPU latency: 0.0967285 ms - Host latency: 0.0967285 ms (enqueue 0.0810303 ms)
[02/25/2026-14:56:13] [I] Average on 10 runs - GPU latency: 0.0963867 ms - Host latency: 0.0963867 ms (enqueue 0.0814453 ms)
[02/25/2026-14:56:13] [I] Average on 10 runs - GPU latency: 0.0977295 ms - Host latency: 0.0977295 ms (enqueue 0.0814697 ms)
[02/25/2026-14:56:13] [I] Average on 10 runs - GPU latency: 0.0960938 ms - Host latency: 0.0960938 ms (enqueue 0.0789307 ms)
[02/25/2026-14:56:13] [I] Average on 10 runs - GPU latency: 0.0969482 ms - Host latency: 0.0969482 ms (enqueue 0.0792236 ms)
[02/25/2026-14:56:13] [I] Average on 10 runs - GPU latency: 0.0967773 ms - Host latency: 0.0967773 ms (enqueue 0.080957 ms)
[02/25/2026-14:56:13] [I] Average on 10 runs - GPU latency: 0.0959229 ms - Host latency: 0.0959229 ms (enqueue 0.0835449 ms)
[02/25/2026-14:56:13] [I] Average on 10 runs - GPU latency: 0.0957031 ms - Host latency: 0.0957031 ms (enqueue 0.0797119 ms)
[02/25/2026-14:56:13] [I] Average on 10 runs - GPU latency: 0.0959229 ms - Host latency: 0.0959229 ms (enqueue 0.0801514 ms)
[02/25/2026-14:56:13] [I] Average on 10 runs - GPU latency: 0.0956055 ms - Host latency: 0.0956055 ms (enqueue 0.0804199 ms)
[02/25/2026-14:56:13] [I] Average on 10 runs - GPU latency: 0.0966797 ms - Host latency: 0.0966797 ms (enqueue 0.0825928 ms)
[02/25/2026-14:56:13] [I] Average on 10 runs - GPU latency: 0.0958252 ms - Host latency: 0.0958252 ms (enqueue 0.0799561 ms)
[02/25/2026-14:56:13] [I] Average on 10 runs - GPU latency: 0.0959961 ms - Host latency: 0.0959961 ms (enqueue 0.0804932 ms)
[02/25/2026-14:56:13] [I] Average on 10 runs - GPU latency: 0.0959961 ms - Host latency: 0.0959961 ms (enqueue 0.0797607 ms)
[02/25/2026-14:56:13] [I] Average on 10 runs - GPU latency: 0.0970703 ms - Host latency: 0.0970703 ms (enqueue 0.0810791 ms)
[02/25/2026-14:56:13] [I] Average on 10 runs - GPU latency: 0.0961914 ms - Host latency: 0.0961914 ms (enqueue 0.0806152 ms)
[02/25/2026-14:56:13] [I] Average on 10 runs - GPU latency: 0.095752 ms - Host latency: 0.095752 ms (enqueue 0.0800537 ms)
[02/25/2026-14:56:13] [I] Average on 10 runs - GPU latency: 0.0966064 ms - Host latency: 0.0966064 ms (enqueue 0.0809082 ms)
[02/25/2026-14:56:13] [I] Average on 10 runs - GPU latency: 0.0978272 ms - Host latency: 0.0978272 ms (enqueue 0.082666 ms)
[02/25/2026-14:56:13] [I] Average on 10 runs - GPU latency: 0.095752 ms - Host latency: 0.095752 ms (enqueue 0.0806885 ms)
[02/25/2026-14:56:13] [I] Average on 10 runs - GPU latency: 0.0979248 ms - Host latency: 0.0979248 ms (enqueue 0.0811523 ms)
[02/25/2026-14:56:13] [I] Average on 10 runs - GPU latency: 0.0960938 ms - Host latency: 0.0960938 ms (enqueue 0.0796875 ms)
[02/25/2026-14:56:13] [I] Average on 10 runs - GPU latency: 0.0964844 ms - Host latency: 0.0964844 ms (enqueue 0.0821777 ms)
[02/25/2026-14:56:13] [I] Average on 10 runs - GPU latency: 0.0963379 ms - Host latency: 0.0963379 ms (enqueue 0.0796387 ms)
[02/25/2026-14:56:13] [I] Average on 10 runs - GPU latency: 0.0959229 ms - Host latency: 0.0959229 ms (enqueue 0.0811523 ms)
[02/25/2026-14:56:13] [I] Average on 10 runs - GPU latency: 0.0973145 ms - Host latency: 0.0973145 ms (enqueue 0.0807861 ms)
[02/25/2026-14:56:13] [I] Average on 10 runs - GPU latency: 0.0987549 ms - Host latency: 0.0987549 ms (enqueue 0.0845215 ms)
[02/25/2026-14:56:13] [I] Average on 10 runs - GPU latency: 0.0964355 ms - Host latency: 0.0964355 ms (enqueue 0.0813721 ms)
[02/25/2026-14:56:13] [I] Average on 10 runs - GPU latency: 0.0965576 ms - Host latency: 0.0965576 ms (enqueue 0.0795898 ms)
[02/25/2026-14:56:13] [I] Average on 10 runs - GPU latency: 0.0963135 ms - Host latency: 0.0963135 ms (enqueue 0.0821777 ms)
[02/25/2026-14:56:13] [I] Average on 10 runs - GPU latency: 0.0982666 ms - Host latency: 0.0982666 ms (enqueue 0.0820312 ms)
[02/25/2026-14:56:13] [I] Average on 10 runs - GPU latency: 0.0966064 ms - Host latency: 0.0966064 ms (enqueue 0.0802734 ms)
[02/25/2026-14:56:13] [I] Average on 10 runs - GPU latency: 0.0957275 ms - Host latency: 0.0957275 ms (enqueue 0.0796387 ms)
[02/25/2026-14:56:13] [I] Average on 10 runs - GPU latency: 0.0959717 ms - Host latency: 0.0959717 ms (enqueue 0.0799316 ms)
[02/25/2026-14:56:13] [I] Average on 10 runs - GPU latency: 0.0975098 ms - Host latency: 0.0975098 ms (enqueue 0.0834473 ms)
[02/25/2026-14:56:13] [I] Average on 10 runs - GPU latency: 0.096167 ms - Host latency: 0.096167 ms (enqueue 0.0797119 ms)
[02/25/2026-14:56:13] [I] Average on 10 runs - GPU latency: 0.0966309 ms - Host latency: 0.0966309 ms (enqueue 0.080542 ms)
[02/25/2026-14:56:13] [I] Average on 10 runs - GPU latency: 0.0957275 ms - Host latency: 0.0957275 ms (enqueue 0.0801514 ms)
[02/25/2026-14:56:13] [I] Average on 10 runs - GPU latency: 0.0968018 ms - Host latency: 0.0968018 ms (enqueue 0.0821045 ms)
[02/25/2026-14:56:13] [I] Average on 10 runs - GPU latency: 0.0962891 ms - Host latency: 0.0962891 ms (enqueue 0.0801025 ms)
[02/25/2026-14:56:13] [I] Average on 10 runs - GPU latency: 0.0963379 ms - Host latency: 0.0963379 ms (enqueue 0.0806885 ms)
[02/25/2026-14:56:13] [I] Average on 10 runs - GPU latency: 0.09646 ms - Host latency: 0.09646 ms (enqueue 0.0807129 ms)
[02/25/2026-14:56:13] [I] Average on 10 runs - GPU latency: 0.0997803 ms - Host latency: 0.0997803 ms (enqueue 0.0818115 ms)
[02/25/2026-14:56:13] [I] Average on 10 runs - GPU latency: 0.0987549 ms - Host latency: 0.0987549 ms (enqueue 0.082251 ms)
[02/25/2026-14:56:13] [I] Average on 10 runs - GPU latency: 0.0968018 ms - Host latency: 0.0968018 ms (enqueue 0.0799316 ms)
[02/25/2026-14:56:13] [I] Average on 10 runs - GPU latency: 0.0961426 ms - Host latency: 0.0961426 ms (enqueue 0.0804443 ms)
[02/25/2026-14:56:13] [I] Average on 10 runs - GPU latency: 0.0996094 ms - Host latency: 0.0996094 ms (enqueue 0.0846924 ms)
[02/25/2026-14:56:13] [I] Average on 10 runs - GPU latency: 0.0967041 ms - Host latency: 0.0967041 ms (enqueue 0.0806152 ms)
[02/25/2026-14:56:13] [I] Average on 10 runs - GPU latency: 0.0960938 ms - Host latency: 0.0960938 ms (enqueue 0.0796875 ms)
[02/25/2026-14:56:13] [I] Average on 10 runs - GPU latency: 0.0958252 ms - Host latency: 0.0958252 ms (enqueue 0.0790039 ms)
[02/25/2026-14:56:13] [I] Average on 10 runs - GPU latency: 0.0961426 ms - Host latency: 0.0961426 ms (enqueue 0.0834473 ms)
[02/25/2026-14:56:13] [I] Average on 10 runs - GPU latency: 0.0992676 ms - Host latency: 0.0992676 ms (enqueue 0.0825195 ms)
[02/25/2026-14:56:13] [I] Average on 10 runs - GPU latency: 0.0963867 ms - Host latency: 0.0963867 ms (enqueue 0.080542 ms)
[02/25/2026-14:56:13] [I] Average on 10 runs - GPU latency: 0.0959717 ms - Host latency: 0.0959717 ms (enqueue 0.080835 ms)
[02/25/2026-14:56:13] [I] Average on 10 runs - GPU latency: 0.099585 ms - Host latency: 0.099585 ms (enqueue 0.0825439 ms)
[02/25/2026-14:56:13] [I] Average on 10 runs - GPU latency: 0.0969238 ms - Host latency: 0.0969238 ms (enqueue 0.0790771 ms)
[02/25/2026-14:56:13] [I] Average on 10 runs - GPU latency: 0.0958496 ms - Host latency: 0.0958496 ms (enqueue 0.0820801 ms)
[02/25/2026-14:56:13] [I] Average on 10 runs - GPU latency: 0.0964111 ms - Host latency: 0.0964111 ms (enqueue 0.0800293 ms)
[02/25/2026-14:56:13] [I] Average on 10 runs - GPU latency: 0.0968994 ms - Host latency: 0.0968994 ms (enqueue 0.0824219 ms)
[02/25/2026-14:56:13] [I] Average on 10 runs - GPU latency: 0.0960693 ms - Host latency: 0.0960693 ms (enqueue 0.0800781 ms)
[02/25/2026-14:56:13] [I] Average on 10 runs - GPU latency: 0.0962891 ms - Host latency: 0.0962891 ms (enqueue 0.0783203 ms)
[02/25/2026-14:56:13] [I] Average on 10 runs - GPU latency: 0.0959229 ms - Host latency: 0.0959229 ms (enqueue 0.0793945 ms)
[02/25/2026-14:56:13] [I] Average on 10 runs - GPU latency: 0.0956787 ms - Host latency: 0.0956787 ms (enqueue 0.0827393 ms)
[02/25/2026-14:56:13] [I] Average on 10 runs - GPU latency: 0.0965576 ms - Host latency: 0.0965576 ms (enqueue 0.0802979 ms)
[02/25/2026-14:56:13] [I] Average on 10 runs - GPU latency: 0.0966309 ms - Host latency: 0.0966309 ms (enqueue 0.0816895 ms)
[02/25/2026-14:56:13] [I] Average on 10 runs - GPU latency: 0.0965088 ms - Host latency: 0.0965088 ms (enqueue 0.0804443 ms)
[02/25/2026-14:56:13] [I] Average on 10 runs - GPU latency: 0.0971924 ms - Host latency: 0.0971924 ms (enqueue 0.0808838 ms)
[02/25/2026-14:56:13] [I] Average on 10 runs - GPU latency: 0.097583 ms - Host latency: 0.097583 ms (enqueue 0.0811523 ms)
[02/25/2026-14:56:13] [I] Average on 10 runs - GPU latency: 0.098999 ms - Host latency: 0.098999 ms (enqueue 0.0833008 ms)
[02/25/2026-14:56:13] [I] Average on 10 runs - GPU latency: 0.100024 ms - Host latency: 0.100024 ms (enqueue 0.0844971 ms)
[02/25/2026-14:56:13] [I] Average on 10 runs - GPU latency: 0.101318 ms - Host latency: 0.101318 ms (enqueue 0.0869629 ms)
[02/25/2026-14:56:13] [I] Average on 10 runs - GPU latency: 0.0996582 ms - Host latency: 0.0996582 ms (enqueue 0.0822998 ms)
[02/25/2026-14:56:13] [I] Average on 10 runs - GPU latency: 0.0958496 ms - Host latency: 0.0958496 ms (enqueue 0.078833 ms)
[02/25/2026-14:56:13] [I] Average on 10 runs - GPU latency: 0.0957764 ms - Host latency: 0.0957764 ms (enqueue 0.0791992 ms)
[02/25/2026-14:56:13] [I] Average on 10 runs - GPU latency: 0.0957764 ms - Host latency: 0.0957764 ms (enqueue 0.0797852 ms)
[02/25/2026-14:56:13] [I] Average on 10 runs - GPU latency: 0.0964355 ms - Host latency: 0.0964355 ms (enqueue 0.0831543 ms)
[02/25/2026-14:56:13] [I] Average on 10 runs - GPU latency: 0.0959717 ms - Host latency: 0.0959717 ms (enqueue 0.079834 ms)
[02/25/2026-14:56:13] [I] Average on 10 runs - GPU latency: 0.0973877 ms - Host latency: 0.0973877 ms (enqueue 0.0799805 ms)
[02/25/2026-14:56:13] [I] Average on 10 runs - GPU latency: 0.0962646 ms - Host latency: 0.0962646 ms (enqueue 0.0794434 ms)
[02/25/2026-14:56:13] [I] Average on 10 runs - GPU latency: 0.0966309 ms - Host latency: 0.0966309 ms (enqueue 0.0817871 ms)
[02/25/2026-14:56:13] [I] Average on 10 runs - GPU latency: 0.0963135 ms - Host latency: 0.0963135 ms (enqueue 0.0798828 ms)
[02/25/2026-14:56:13] [I] Average on 10 runs - GPU latency: 0.0961426 ms - Host latency: 0.0961426 ms (enqueue 0.0792725 ms)
[02/25/2026-14:56:13] [I] Average on 10 runs - GPU latency: 0.0955322 ms - Host latency: 0.0955322 ms (enqueue 0.0797852 ms)
[02/25/2026-14:56:13] [I] Average on 10 runs - GPU latency: 0.0965576 ms - Host latency: 0.0965576 ms (enqueue 0.0819092 ms)
[02/25/2026-14:56:13] [I] Average on 10 runs - GPU latency: 0.0956055 ms - Host latency: 0.0956055 ms (enqueue 0.0799805 ms)
[02/25/2026-14:56:13] [I] Average on 10 runs - GPU latency: 0.0958984 ms - Host latency: 0.0958984 ms (enqueue 0.0791992 ms)
[02/25/2026-14:56:13] [I] Average on 10 runs - GPU latency: 0.0960205 ms - Host latency: 0.0960205 ms (enqueue 0.080249 ms)
[02/25/2026-14:56:13] [I] Average on 10 runs - GPU latency: 0.0959717 ms - Host latency: 0.0959717 ms (enqueue 0.0834229 ms)
[02/25/2026-14:56:13] [I] Average on 10 runs - GPU latency: 0.0982422 ms - Host latency: 0.0982422 ms (enqueue 0.0809326 ms)
[02/25/2026-14:56:13] [I] Average on 10 runs - GPU latency: 0.0967529 ms - Host latency: 0.0967529 ms (enqueue 0.0816895 ms)
[02/25/2026-14:56:13] [I] Average on 10 runs - GPU latency: 0.0965088 ms - Host latency: 0.0965088 ms (enqueue 0.0803467 ms)
[02/25/2026-14:56:13] [I] Average on 10 runs - GPU latency: 0.0980225 ms - Host latency: 0.0980225 ms (enqueue 0.082251 ms)
[02/25/2026-14:56:13] [I] Average on 10 runs - GPU latency: 0.095874 ms - Host latency: 0.095874 ms (enqueue 0.079126 ms)
[02/25/2026-14:56:13] [I] Average on 10 runs - GPU latency: 0.0963623 ms - Host latency: 0.0963623 ms (enqueue 0.0802246 ms)
[02/25/2026-14:56:13] [I] Average on 10 runs - GPU latency: 0.0957764 ms - Host latency: 0.0957764 ms (enqueue 0.0810059 ms)
[02/25/2026-14:56:13] [I] Average on 10 runs - GPU latency: 0.0970947 ms - Host latency: 0.0970947 ms (enqueue 0.0840576 ms)
[02/25/2026-14:56:13] [I] Average on 10 runs - GPU latency: 0.0971436 ms - Host latency: 0.0971436 ms (enqueue 0.0801758 ms)
[02/25/2026-14:56:13] [I] Average on 10 runs - GPU latency: 0.0962891 ms - Host latency: 0.0962891 ms (enqueue 0.0817871 ms)
[02/25/2026-14:56:13] [I] Average on 10 runs - GPU latency: 0.0979248 ms - Host latency: 0.0979248 ms (enqueue 0.08125 ms)
[02/25/2026-14:56:13] [I] Average on 10 runs - GPU latency: 0.098999 ms - Host latency: 0.098999 ms (enqueue 0.0830811 ms)
[02/25/2026-14:56:13] [I] Average on 10 runs - GPU latency: 0.0967285 ms - Host latency: 0.0967285 ms (enqueue 0.0799072 ms)
[02/25/2026-14:56:13] [I] Average on 10 runs - GPU latency: 0.0959473 ms - Host latency: 0.0959473 ms (enqueue 0.0801514 ms)
[02/25/2026-14:56:13] [I] Average on 10 runs - GPU latency: 0.0967041 ms - Host latency: 0.0967041 ms (enqueue 0.0795166 ms)
[02/25/2026-14:56:13] [I] Average on 10 runs - GPU latency: 0.0953369 ms - Host latency: 0.0953369 ms (enqueue 0.0815674 ms)
[02/25/2026-14:56:13] [I] Average on 10 runs - GPU latency: 0.0958008 ms - Host latency: 0.0958008 ms (enqueue 0.0810303 ms)
[02/25/2026-14:56:13] [I] Average on 10 runs - GPU latency: 0.0960449 ms - Host latency: 0.0960449 ms (enqueue 0.0810303 ms)
[02/25/2026-14:56:13] [I] Average on 10 runs - GPU latency: 0.0962402 ms - Host latency: 0.0962402 ms (enqueue 0.0799561 ms)
[02/25/2026-14:56:13] [I] Average on 10 runs - GPU latency: 0.0986328 ms - Host latency: 0.0986328 ms (enqueue 0.0836182 ms)
[02/25/2026-14:56:13] [I] Average on 10 runs - GPU latency: 0.0972656 ms - Host latency: 0.0972656 ms (enqueue 0.0811035 ms)
[02/25/2026-14:56:13] [I] Average on 10 runs - GPU latency: 0.0961182 ms - Host latency: 0.0961182 ms (enqueue 0.0795654 ms)
[02/25/2026-14:56:13] [I] Average on 10 runs - GPU latency: 0.0952881 ms - Host latency: 0.0952881 ms (enqueue 0.0799072 ms)
[02/25/2026-14:56:13] [I] Average on 10 runs - GPU latency: 0.098584 ms - Host latency: 0.098584 ms (enqueue 0.0840576 ms)
[02/25/2026-14:56:13] [I] Average on 10 runs - GPU latency: 0.0973877 ms - Host latency: 0.0973877 ms (enqueue 0.0824951 ms)
[02/25/2026-14:56:13] [I] Average on 10 runs - GPU latency: 0.0974121 ms - Host latency: 0.0974121 ms (enqueue 0.0806641 ms)
[02/25/2026-14:56:13] [I] Average on 10 runs - GPU latency: 0.0963867 ms - Host latency: 0.0963867 ms (enqueue 0.0803711 ms)
[02/25/2026-14:56:13] [I] Average on 10 runs - GPU latency: 0.097876 ms - Host latency: 0.097876 ms (enqueue 0.0821533 ms)
[02/25/2026-14:56:13] [I] Average on 10 runs - GPU latency: 0.0960693 ms - Host latency: 0.0960693 ms (enqueue 0.0792969 ms)
[02/25/2026-14:56:13] [I] Average on 10 runs - GPU latency: 0.0958008 ms - Host latency: 0.0958008 ms (enqueue 0.080542 ms)
[02/25/2026-14:56:13] [I] Average on 10 runs - GPU latency: 0.0963867 ms - Host latency: 0.0963867 ms (enqueue 0.0792969 ms)
[02/25/2026-14:56:13] [I] Average on 10 runs - GPU latency: 0.0957275 ms - Host latency: 0.0957275 ms (enqueue 0.0811035 ms)
[02/25/2026-14:56:13] [I] Average on 10 runs - GPU latency: 0.0958008 ms - Host latency: 0.0958008 ms (enqueue 0.0788818 ms)
[02/25/2026-14:56:13] [I] Average on 10 runs - GPU latency: 0.0956299 ms - Host latency: 0.0956299 ms (enqueue 0.0800781 ms)
[02/25/2026-14:56:13] [I] Average on 10 runs - GPU latency: 0.0960693 ms - Host latency: 0.0960693 ms (enqueue 0.079834 ms)
[02/25/2026-14:56:13] [I] Average on 10 runs - GPU latency: 0.0961182 ms - Host latency: 0.0961182 ms (enqueue 0.08396 ms)
[02/25/2026-14:56:13] [I] Average on 10 runs - GPU latency: 0.0967285 ms - Host latency: 0.0967285 ms (enqueue 0.0796387 ms)
[02/25/2026-14:56:13] [I] Average on 10 runs - GPU latency: 0.0956787 ms - Host latency: 0.0956787 ms (enqueue 0.0799072 ms)
[02/25/2026-14:56:13] [I] Average on 10 runs - GPU latency: 0.0958252 ms - Host latency: 0.0958252 ms (enqueue 0.0790283 ms)
[02/25/2026-14:56:13] [I] Average on 10 runs - GPU latency: 0.096167 ms - Host latency: 0.096167 ms (enqueue 0.0823242 ms)
[02/25/2026-14:56:13] [I] Average on 10 runs - GPU latency: 0.0955078 ms - Host latency: 0.0955078 ms (enqueue 0.0790283 ms)
[02/25/2026-14:56:13] [I] Average on 10 runs - GPU latency: 0.0962891 ms - Host latency: 0.0962891 ms (enqueue 0.0781738 ms)
[02/25/2026-14:56:13] [I] Average on 10 runs - GPU latency: 0.0960693 ms - Host latency: 0.0960693 ms (enqueue 0.0800049 ms)
[02/25/2026-14:56:13] [I] Average on 10 runs - GPU latency: 0.0961914 ms - Host latency: 0.0961914 ms (enqueue 0.0823975 ms)
[02/25/2026-14:56:13] [I] Average on 10 runs - GPU latency: 0.0962891 ms - Host latency: 0.0962891 ms (enqueue 0.0807617 ms)
[02/25/2026-14:56:13] [I] Average on 10 runs - GPU latency: 0.0960205 ms - Host latency: 0.0960205 ms (enqueue 0.0822998 ms)
[02/25/2026-14:56:13] [I] Average on 10 runs - GPU latency: 0.09646 ms - Host latency: 0.09646 ms (enqueue 0.0794189 ms)
[02/25/2026-14:56:13] [I] Average on 10 runs - GPU latency: 0.0956543 ms - Host latency: 0.0956543 ms (enqueue 0.0789551 ms)
[02/25/2026-14:56:13] [I] Average on 10 runs - GPU latency: 0.0961914 ms - Host latency: 0.0961914 ms (enqueue 0.0814209 ms)
[02/25/2026-14:56:13] [I] Average on 10 runs - GPU latency: 0.0956543 ms - Host latency: 0.0956543 ms (enqueue 0.0790771 ms)
[02/25/2026-14:56:13] [I] Average on 10 runs - GPU latency: 0.0956299 ms - Host latency: 0.0956299 ms (enqueue 0.0794189 ms)
[02/25/2026-14:56:13] [I] Average on 10 runs - GPU latency: 0.0959473 ms - Host latency: 0.0959473 ms (enqueue 0.0800049 ms)
[02/25/2026-14:56:13] [I] Average on 10 runs - GPU latency: 0.0960449 ms - Host latency: 0.0960449 ms (enqueue 0.0817627 ms)
[02/25/2026-14:56:13] [I] Average on 10 runs - GPU latency: 0.095874 ms - Host latency: 0.095874 ms (enqueue 0.0793457 ms)
[02/25/2026-14:56:13] [I] Average on 10 runs - GPU latency: 0.0951416 ms - Host latency: 0.0951416 ms (enqueue 0.0791016 ms)
[02/25/2026-14:56:13] [I] Average on 10 runs - GPU latency: 0.0962646 ms - Host latency: 0.0962646 ms (enqueue 0.0798584 ms)
[02/25/2026-14:56:13] [I] Average on 10 runs - GPU latency: 0.0963867 ms - Host latency: 0.0963867 ms (enqueue 0.0820557 ms)
[02/25/2026-14:56:13] [I] Average on 10 runs - GPU latency: 0.0956055 ms - Host latency: 0.0956055 ms (enqueue 0.0795654 ms)
[02/25/2026-14:56:13] [I] Average on 10 runs - GPU latency: 0.0958008 ms - Host latency: 0.0958008 ms (enqueue 0.080249 ms)
[02/25/2026-14:56:13] [I] Average on 10 runs - GPU latency: 0.09646 ms - Host latency: 0.09646 ms (enqueue 0.0803223 ms)
[02/25/2026-14:56:13] [I] Average on 10 runs - GPU latency: 0.095874 ms - Host latency: 0.095874 ms (enqueue 0.0814453 ms)
[02/25/2026-14:56:13] [I] Average on 10 runs - GPU latency: 0.0962891 ms - Host latency: 0.0962891 ms (enqueue 0.0798584 ms)
[02/25/2026-14:56:13] [I] Average on 10 runs - GPU latency: 0.0959961 ms - Host latency: 0.0959961 ms (enqueue 0.0798096 ms)
[02/25/2026-14:56:13] [I] Average on 10 runs - GPU latency: 0.0955566 ms - Host latency: 0.0955566 ms (enqueue 0.0793457 ms)
[02/25/2026-14:56:13] [I] Average on 10 runs - GPU latency: 0.0965332 ms - Host latency: 0.0965332 ms (enqueue 0.0822754 ms)
[02/25/2026-14:56:13] [I] Average on 10 runs - GPU latency: 0.095459 ms - Host latency: 0.095459 ms (enqueue 0.0800537 ms)
[02/25/2026-14:56:13] [I] Average on 10 runs - GPU latency: 0.0960205 ms - Host latency: 0.0960205 ms (enqueue 0.0797852 ms)
[02/25/2026-14:56:13] [I] Average on 10 runs - GPU latency: 0.0961182 ms - Host latency: 0.0961182 ms (enqueue 0.079248 ms)
[02/25/2026-14:56:13] [I] Average on 10 runs - GPU latency: 0.0960693 ms - Host latency: 0.0960693 ms (enqueue 0.0828125 ms)
[02/25/2026-14:56:13] [I] Average on 10 runs - GPU latency: 0.0960938 ms - Host latency: 0.0960938 ms (enqueue 0.0791992 ms)
[02/25/2026-14:56:13] [I] Average on 10 runs - GPU latency: 0.0966064 ms - Host latency: 0.0966064 ms (enqueue 0.0805176 ms)
[02/25/2026-14:56:13] [I] Average on 10 runs - GPU latency: 0.0962891 ms - Host latency: 0.0962891 ms (enqueue 0.0803467 ms)
[02/25/2026-14:56:13] [I] Average on 10 runs - GPU latency: 0.0975586 ms - Host latency: 0.0975586 ms (enqueue 0.0826416 ms)
[02/25/2026-14:56:13] [I] Average on 10 runs - GPU latency: 0.0960205 ms - Host latency: 0.0960205 ms (enqueue 0.0801514 ms)
[02/25/2026-14:56:13] [I] Average on 10 runs - GPU latency: 0.0956543 ms - Host latency: 0.0956543 ms (enqueue 0.0782227 ms)
[02/25/2026-14:56:13] [I] Average on 10 runs - GPU latency: 0.0952637 ms - Host latency: 0.0952637 ms (enqueue 0.0785156 ms)
[02/25/2026-14:56:13] [I] Average on 10 runs - GPU latency: 0.0961914 ms - Host latency: 0.0961914 ms (enqueue 0.0820312 ms)
[02/25/2026-14:56:13] [I] Average on 10 runs - GPU latency: 0.0963867 ms - Host latency: 0.0963867 ms (enqueue 0.0805908 ms)
[02/25/2026-14:56:13] [I] Average on 10 runs - GPU latency: 0.0963623 ms - Host latency: 0.0963623 ms (enqueue 0.0803223 ms)
[02/25/2026-14:56:13] [I] Average on 10 runs - GPU latency: 0.0961426 ms - Host latency: 0.0961426 ms (enqueue 0.0799805 ms)
[02/25/2026-14:56:13] [I] Average on 10 runs - GPU latency: 0.100073 ms - Host latency: 0.100073 ms (enqueue 0.0841064 ms)
[02/25/2026-14:56:13] [I] Average on 10 runs - GPU latency: 0.0966553 ms - Host latency: 0.0966553 ms (enqueue 0.0816406 ms)
[02/25/2026-14:56:13] [I] Average on 10 runs - GPU latency: 0.0968994 ms - Host latency: 0.0968994 ms (enqueue 0.0791992 ms)
[02/25/2026-14:56:13] [I] Average on 10 runs - GPU latency: 0.0961426 ms - Host latency: 0.0961426 ms (enqueue 0.0781738 ms)
[02/25/2026-14:56:13] [I] Average on 10 runs - GPU latency: 0.0957031 ms - Host latency: 0.0957031 ms (enqueue 0.0822754 ms)
[02/25/2026-14:56:13] [I] Average on 10 runs - GPU latency: 0.0962158 ms - Host latency: 0.0962158 ms (enqueue 0.0792969 ms)
[02/25/2026-14:56:13] [I] Average on 10 runs - GPU latency: 0.0961182 ms - Host latency: 0.0961182 ms (enqueue 0.0793457 ms)
[02/25/2026-14:56:13] [I] Average on 10 runs - GPU latency: 0.095874 ms - Host latency: 0.095874 ms (enqueue 0.079248 ms)
[02/25/2026-14:56:13] [I] Average on 10 runs - GPU latency: 0.0955078 ms - Host latency: 0.0955078 ms (enqueue 0.0835205 ms)
[02/25/2026-14:56:13] [I] Average on 10 runs - GPU latency: 0.095874 ms - Host latency: 0.095874 ms (enqueue 0.0798096 ms)
[02/25/2026-14:56:13] [I] Average on 10 runs - GPU latency: 0.0962402 ms - Host latency: 0.0962402 ms (enqueue 0.0787842 ms)
[02/25/2026-14:56:13] [I] Average on 10 runs - GPU latency: 0.0958252 ms - Host latency: 0.0958252 ms (enqueue 0.0810791 ms)
[02/25/2026-14:56:13] [I] Average on 10 runs - GPU latency: 0.0950195 ms - Host latency: 0.0950195 ms (enqueue 0.0819336 ms)
[02/25/2026-14:56:13] [I] Average on 10 runs - GPU latency: 0.095874 ms - Host latency: 0.095874 ms (enqueue 0.080835 ms)
[02/25/2026-14:56:13] [I] Average on 10 runs - GPU latency: 0.0968994 ms - Host latency: 0.0968994 ms (enqueue 0.0818848 ms)
[02/25/2026-14:56:13] [I] Average on 10 runs - GPU latency: 0.0962158 ms - Host latency: 0.0962158 ms (enqueue 0.0808838 ms)
[02/25/2026-14:56:13] [I] Average on 10 runs - GPU latency: 0.0975342 ms - Host latency: 0.0975342 ms (enqueue 0.0841309 ms)
[02/25/2026-14:56:13] [I] Average on 10 runs - GPU latency: 0.0993164 ms - Host latency: 0.0993164 ms (enqueue 0.0820557 ms)
[02/25/2026-14:56:13] [I] Average on 10 runs - GPU latency: 0.0959229 ms - Host latency: 0.0959229 ms (enqueue 0.0795166 ms)
[02/25/2026-14:56:13] [I] Average on 10 runs - GPU latency: 0.0962402 ms - Host latency: 0.0962402 ms (enqueue 0.0806152 ms)
[02/25/2026-14:56:13] [I] Average on 10 runs - GPU latency: 0.096167 ms - Host latency: 0.096167 ms (enqueue 0.0806641 ms)
[02/25/2026-14:56:13] [I] Average on 10 runs - GPU latency: 0.099707 ms - Host latency: 0.099707 ms (enqueue 0.0842529 ms)
[02/25/2026-14:56:13] [I] Average on 10 runs - GPU latency: 0.096582 ms - Host latency: 0.096582 ms (enqueue 0.0811523 ms)
[02/25/2026-14:56:13] [I] Average on 10 runs - GPU latency: 0.0958984 ms - Host latency: 0.0958984 ms (enqueue 0.0797607 ms)
[02/25/2026-14:56:13] [I] Average on 10 runs - GPU latency: 0.0966797 ms - Host latency: 0.0966797 ms (enqueue 0.0798096 ms)
[02/25/2026-14:56:13] [I] Average on 10 runs - GPU latency: 0.0971436 ms - Host latency: 0.0971436 ms (enqueue 0.0822754 ms)
[02/25/2026-14:56:13] [I] Average on 10 runs - GPU latency: 0.0959961 ms - Host latency: 0.0959961 ms (enqueue 0.0809326 ms)
[02/25/2026-14:56:13] [I] Average on 10 runs - GPU latency: 0.0957031 ms - Host latency: 0.0957031 ms (enqueue 0.0802734 ms)
[02/25/2026-14:56:13] [I] Average on 10 runs - GPU latency: 0.0958984 ms - Host latency: 0.0958984 ms (enqueue 0.080249 ms)
[02/25/2026-14:56:13] [I] Average on 10 runs - GPU latency: 0.0978027 ms - Host latency: 0.0978027 ms (enqueue 0.0828369 ms)
[02/25/2026-14:56:13] [I] Average on 10 runs - GPU latency: 0.0968018 ms - Host latency: 0.0968018 ms (enqueue 0.0806152 ms)
[02/25/2026-14:56:13] [I] Average on 10 runs - GPU latency: 0.0959961 ms - Host latency: 0.0959961 ms (enqueue 0.0807129 ms)
[02/25/2026-14:56:13] [I] Average on 10 runs - GPU latency: 0.0959229 ms - Host latency: 0.0959229 ms (enqueue 0.0793945 ms)
[02/25/2026-14:56:13] [I] Average on 10 runs - GPU latency: 0.0967041 ms - Host latency: 0.0967041 ms (enqueue 0.081665 ms)
[02/25/2026-14:56:13] [I] Average on 10 runs - GPU latency: 0.096875 ms - Host latency: 0.096875 ms (enqueue 0.0803955 ms)
[02/25/2026-14:56:13] [I] Average on 10 runs - GPU latency: 0.0967529 ms - Host latency: 0.0967529 ms (enqueue 0.0794189 ms)
[02/25/2026-14:56:13] [I] Average on 10 runs - GPU latency: 0.0963135 ms - Host latency: 0.0963135 ms (enqueue 0.0795166 ms)
[02/25/2026-14:56:13] [I] Average on 10 runs - GPU latency: 0.0957031 ms - Host latency: 0.0957031 ms (enqueue 0.083252 ms)
[02/25/2026-14:56:13] [I] Average on 10 runs - GPU latency: 0.0956299 ms - Host latency: 0.0956299 ms (enqueue 0.0799561 ms)
[02/25/2026-14:56:13] [I] Average on 10 runs - GPU latency: 0.0956055 ms - Host latency: 0.0956055 ms (enqueue 0.0790527 ms)
[02/25/2026-14:56:13] [I] Average on 10 runs - GPU latency: 0.0961426 ms - Host latency: 0.0961426 ms (enqueue 0.0788574 ms)
[02/25/2026-14:56:13] [I] Average on 10 runs - GPU latency: 0.0952637 ms - Host latency: 0.0952637 ms (enqueue 0.0819092 ms)
[02/25/2026-14:56:13] [I] Average on 10 runs - GPU latency: 0.0967041 ms - Host latency: 0.0967041 ms (enqueue 0.0809326 ms)
[02/25/2026-14:56:13] [I] Average on 10 runs - GPU latency: 0.0977539 ms - Host latency: 0.0977539 ms (enqueue 0.0825928 ms)
[02/25/2026-14:56:13] [I] Average on 10 runs - GPU latency: 0.0958984 ms - Host latency: 0.0958984 ms (enqueue 0.0797363 ms)
[02/25/2026-14:56:13] [I] Average on 10 runs - GPU latency: 0.0981445 ms - Host latency: 0.0981445 ms (enqueue 0.0830811 ms)
[02/25/2026-14:56:13] [I] Average on 10 runs - GPU latency: 0.0962646 ms - Host latency: 0.0962646 ms (enqueue 0.0802734 ms)
[02/25/2026-14:56:13] [I] Average on 10 runs - GPU latency: 0.0959229 ms - Host latency: 0.0959229 ms (enqueue 0.0796387 ms)
[02/25/2026-14:56:13] [I] Average on 10 runs - GPU latency: 0.0963135 ms - Host latency: 0.0963135 ms (enqueue 0.0806641 ms)
[02/25/2026-14:56:13] [I] Average on 10 runs - GPU latency: 0.0976562 ms - Host latency: 0.0976562 ms (enqueue 0.0831543 ms)
[02/25/2026-14:56:13] [I] Average on 10 runs - GPU latency: 0.0973877 ms - Host latency: 0.0973877 ms (enqueue 0.0810547 ms)
[02/25/2026-14:56:13] [I] Average on 10 runs - GPU latency: 0.0964111 ms - Host latency: 0.0964111 ms (enqueue 0.0805664 ms)
[02/25/2026-14:56:13] [I] Average on 10 runs - GPU latency: 0.0963623 ms - Host latency: 0.0963623 ms (enqueue 0.0803223 ms)
[02/25/2026-14:56:13] [I] Average on 10 runs - GPU latency: 0.0970947 ms - Host latency: 0.0970947 ms (enqueue 0.0818603 ms)
[02/25/2026-14:56:13] [I] Average on 10 runs - GPU latency: 0.0963379 ms - Host latency: 0.0963379 ms (enqueue 0.0794922 ms)
[02/25/2026-14:56:13] [I] Average on 10 runs - GPU latency: 0.0954834 ms - Host latency: 0.0954834 ms (enqueue 0.0798584 ms)
[02/25/2026-14:56:13] [I] Average on 10 runs - GPU latency: 0.09729 ms - Host latency: 0.09729 ms (enqueue 0.0824707 ms)
[02/25/2026-14:56:13] [I] Average on 10 runs - GPU latency: 0.0996338 ms - Host latency: 0.0996338 ms (enqueue 0.0839355 ms)
[02/25/2026-14:56:13] [I] Average on 10 runs - GPU latency: 0.0963379 ms - Host latency: 0.0963379 ms (enqueue 0.0803955 ms)
[02/25/2026-14:56:13] [I] Average on 10 runs - GPU latency: 0.0964111 ms - Host latency: 0.0964111 ms (enqueue 0.0798828 ms)
[02/25/2026-14:56:13] [I] Average on 10 runs - GPU latency: 0.0967041 ms - Host latency: 0.0967041 ms (enqueue 0.080835 ms)
[02/25/2026-14:56:13] [I] Average on 10 runs - GPU latency: 0.0979736 ms - Host latency: 0.0979736 ms (enqueue 0.0838135 ms)
[02/25/2026-14:56:13] [I] Average on 10 runs - GPU latency: 0.0959229 ms - Host latency: 0.0959229 ms (enqueue 0.0794922 ms)
[02/25/2026-14:56:13] [I] Average on 10 runs - GPU latency: 0.0961426 ms - Host latency: 0.0961426 ms (enqueue 0.0800781 ms)
[02/25/2026-14:56:13] [I] Average on 10 runs - GPU latency: 0.0958008 ms - Host latency: 0.0958008 ms (enqueue 0.0813721 ms)
[02/25/2026-14:56:13] [I] Average on 10 runs - GPU latency: 0.096875 ms - Host latency: 0.096875 ms (enqueue 0.0811523 ms)
[02/25/2026-14:56:13] [I] Average on 10 runs - GPU latency: 0.0968994 ms - Host latency: 0.0968994 ms (enqueue 0.080249 ms)
[02/25/2026-14:56:13] [I] Average on 10 runs - GPU latency: 0.0960449 ms - Host latency: 0.0960449 ms (enqueue 0.0800781 ms)
[02/25/2026-14:56:13] [I] Average on 10 runs - GPU latency: 0.096582 ms - Host latency: 0.096582 ms (enqueue 0.080835 ms)
[02/25/2026-14:56:13] [I] Average on 10 runs - GPU latency: 0.0964844 ms - Host latency: 0.0964844 ms (enqueue 0.081958 ms)
[02/25/2026-14:56:13] [I] Average on 10 runs - GPU latency: 0.0960938 ms - Host latency: 0.0960938 ms (enqueue 0.0796387 ms)
[02/25/2026-14:56:13] [I] Average on 10 runs - GPU latency: 0.0958984 ms - Host latency: 0.0958984 ms (enqueue 0.0798828 ms)
[02/25/2026-14:56:13] [I] Average on 10 runs - GPU latency: 0.0959961 ms - Host latency: 0.0959961 ms (enqueue 0.0799805 ms)
[02/25/2026-14:56:13] [I] Average on 10 runs - GPU latency: 0.0975342 ms - Host latency: 0.0975342 ms (enqueue 0.0848389 ms)
[02/25/2026-14:56:13] [I] Average on 10 runs - GPU latency: 0.0964111 ms - Host latency: 0.0964111 ms (enqueue 0.0802002 ms)
[02/25/2026-14:56:13] [I] Average on 10 runs - GPU latency: 0.0958984 ms - Host latency: 0.0958984 ms (enqueue 0.0800293 ms)
[02/25/2026-14:56:13] [I] Average on 10 runs - GPU latency: 0.0964111 ms - Host latency: 0.0964111 ms (enqueue 0.0796387 ms)
[02/25/2026-14:56:13] [I] Average on 10 runs - GPU latency: 0.0960449 ms - Host latency: 0.0960449 ms (enqueue 0.0807617 ms)
[02/25/2026-14:56:13] [I] Average on 10 runs - GPU latency: 0.0961426 ms - Host latency: 0.0961426 ms (enqueue 0.0794678 ms)
[02/25/2026-14:56:13] [I] Average on 10 runs - GPU latency: 0.0957764 ms - Host latency: 0.0957764 ms (enqueue 0.0796387 ms)
[02/25/2026-14:56:13] [I] Average on 10 runs - GPU latency: 0.0959473 ms - Host latency: 0.0959473 ms (enqueue 0.0793945 ms)
[02/25/2026-14:56:13] [I] Average on 10 runs - GPU latency: 0.0953857 ms - Host latency: 0.0953857 ms (enqueue 0.0807617 ms)
[02/25/2026-14:56:13] [I] Average on 10 runs - GPU latency: 0.0965088 ms - Host latency: 0.0965088 ms (enqueue 0.0806641 ms)
[02/25/2026-14:56:13] [I] Average on 10 runs - GPU latency: 0.0959717 ms - Host latency: 0.0959717 ms (enqueue 0.0807617 ms)
[02/25/2026-14:56:13] [I] Average on 10 runs - GPU latency: 0.0960693 ms - Host latency: 0.0960693 ms (enqueue 0.0802979 ms)
[02/25/2026-14:56:13] [I] Average on 10 runs - GPU latency: 0.0953125 ms - Host latency: 0.0953125 ms (enqueue 0.0816162 ms)
[02/25/2026-14:56:13] [I] Average on 10 runs - GPU latency: 0.098584 ms - Host latency: 0.098584 ms (enqueue 0.082666 ms)
[02/25/2026-14:56:13] [I] Average on 10 runs - GPU latency: 0.0972656 ms - Host latency: 0.0972656 ms (enqueue 0.0816895 ms)
[02/25/2026-14:56:13] [I] Average on 10 runs - GPU latency: 0.097876 ms - Host latency: 0.097876 ms (enqueue 0.0822266 ms)
[02/25/2026-14:56:13] [I] Average on 10 runs - GPU latency: 0.0959961 ms - Host latency: 0.0959961 ms (enqueue 0.0793945 ms)
[02/25/2026-14:56:13] [I] Average on 10 runs - GPU latency: 0.0987305 ms - Host latency: 0.0987305 ms (enqueue 0.0817627 ms)
[02/25/2026-14:56:13] [I] Average on 10 runs - GPU latency: 0.0961426 ms - Host latency: 0.0961426 ms (enqueue 0.080957 ms)
[02/25/2026-14:56:13] [I] Average on 10 runs - GPU latency: 0.0963867 ms - Host latency: 0.0963867 ms (enqueue 0.0797852 ms)
[02/25/2026-14:56:13] [I] Average on 10 runs - GPU latency: 0.0961914 ms - Host latency: 0.0961914 ms (enqueue 0.0788574 ms)
[02/25/2026-14:56:13] [I] Average on 10 runs - GPU latency: 0.095874 ms - Host latency: 0.095874 ms (enqueue 0.0834229 ms)
[02/25/2026-14:56:13] [I] Average on 10 runs - GPU latency: 0.0966309 ms - Host latency: 0.0966309 ms (enqueue 0.0808594 ms)
[02/25/2026-14:56:13] [I] Average on 10 runs - GPU latency: 0.0977539 ms - Host latency: 0.0977539 ms (enqueue 0.0794434 ms)
[02/25/2026-14:56:13] [I] Average on 10 runs - GPU latency: 0.0962646 ms - Host latency: 0.0962646 ms (enqueue 0.0800049 ms)
[02/25/2026-14:56:13] [I] Average on 10 runs - GPU latency: 0.0966064 ms - Host latency: 0.0966064 ms (enqueue 0.0833252 ms)
[02/25/2026-14:56:13] [I] Average on 10 runs - GPU latency: 0.0962402 ms - Host latency: 0.0962402 ms (enqueue 0.0800049 ms)
[02/25/2026-14:56:13] [I] Average on 10 runs - GPU latency: 0.0959473 ms - Host latency: 0.0959473 ms (enqueue 0.0789063 ms)
[02/25/2026-14:56:13] [I] Average on 10 runs - GPU latency: 0.0961426 ms - Host latency: 0.0961426 ms (enqueue 0.0815186 ms)
[02/25/2026-14:56:13] [I] Average on 10 runs - GPU latency: 0.097168 ms - Host latency: 0.097168 ms (enqueue 0.080835 ms)
[02/25/2026-14:56:13] [I] Average on 10 runs - GPU latency: 0.0960938 ms - Host latency: 0.0960938 ms (enqueue 0.0800537 ms)
[02/25/2026-14:56:13] [I] Average on 10 runs - GPU latency: 0.0954346 ms - Host latency: 0.0954346 ms (enqueue 0.0794678 ms)
[02/25/2026-14:56:13] [I] Average on 10 runs - GPU latency: 0.0960205 ms - Host latency: 0.0960205 ms (enqueue 0.0818359 ms)
[02/25/2026-14:56:13] [I] Average on 10 runs - GPU latency: 0.0979004 ms - Host latency: 0.0979004 ms (enqueue 0.0821045 ms)
[02/25/2026-14:56:13] [I] Average on 10 runs - GPU latency: 0.0966309 ms - Host latency: 0.0966309 ms (enqueue 0.0813477 ms)
[02/25/2026-14:56:13] [I] Average on 10 runs - GPU latency: 0.0961182 ms - Host latency: 0.0961182 ms (enqueue 0.0799805 ms)
[02/25/2026-14:56:13] [I] Average on 10 runs - GPU latency: 0.0950928 ms - Host latency: 0.0950928 ms (enqueue 0.0790527 ms)
[02/25/2026-14:56:13] [I] Average on 10 runs - GPU latency: 0.0966553 ms - Host latency: 0.0966553 ms (enqueue 0.0813477 ms)
[02/25/2026-14:56:13] [I] Average on 10 runs - GPU latency: 0.0954346 ms - Host latency: 0.0954346 ms (enqueue 0.0784912 ms)
[02/25/2026-14:56:13] [I] Average on 10 runs - GPU latency: 0.0952881 ms - Host latency: 0.0952881 ms (enqueue 0.0790283 ms)
[02/25/2026-14:56:13] [I] Average on 10 runs - GPU latency: 0.0958496 ms - Host latency: 0.0958496 ms (enqueue 0.0795166 ms)
[02/25/2026-14:56:13] [I] Average on 10 runs - GPU latency: 0.0962402 ms - Host latency: 0.0962402 ms (enqueue 0.0825928 ms)
[02/25/2026-14:56:13] [I] Average on 10 runs - GPU latency: 0.0958252 ms - Host latency: 0.0958252 ms (enqueue 0.0800537 ms)
[02/25/2026-14:56:13] [I] Average on 10 runs - GPU latency: 0.0967529 ms - Host latency: 0.0967529 ms (enqueue 0.0812012 ms)
[02/25/2026-14:56:13] [I] Average on 10 runs - GPU latency: 0.0966553 ms - Host latency: 0.0966553 ms (enqueue 0.0804688 ms)
[02/25/2026-14:56:13] [I] Average on 10 runs - GPU latency: 0.0962646 ms - Host latency: 0.0962646 ms (enqueue 0.0805176 ms)
[02/25/2026-14:56:13] [I] Average on 10 runs - GPU latency: 0.096875 ms - Host latency: 0.096875 ms (enqueue 0.0811279 ms)
[02/25/2026-14:56:13] [I] Average on 10 runs - GPU latency: 0.0958984 ms - Host latency: 0.0958984 ms (enqueue 0.0796631 ms)
[02/25/2026-14:56:13] [I] Average on 10 runs - GPU latency: 0.0959717 ms - Host latency: 0.0959717 ms (enqueue 0.0786621 ms)
[02/25/2026-14:56:13] [I] Average on 10 runs - GPU latency: 0.0981934 ms - Host latency: 0.0981934 ms (enqueue 0.084375 ms)
[02/25/2026-14:56:13] [I] Average on 10 runs - GPU latency: 0.096582 ms - Host latency: 0.096582 ms (enqueue 0.0806396 ms)
[02/25/2026-14:56:13] [I] Average on 10 runs - GPU latency: 0.0963379 ms - Host latency: 0.0963379 ms (enqueue 0.0797119 ms)
[02/25/2026-14:56:13] [I] Average on 10 runs - GPU latency: 0.0977295 ms - Host latency: 0.0977295 ms (enqueue 0.0820557 ms)
[02/25/2026-14:56:13] [I] Average on 10 runs - GPU latency: 0.0979492 ms - Host latency: 0.0979492 ms (enqueue 0.0818115 ms)
[02/25/2026-14:56:13] [I] Average on 10 runs - GPU latency: 0.0963623 ms - Host latency: 0.0963623 ms (enqueue 0.079834 ms)
[02/25/2026-14:56:13] [I] Average on 10 runs - GPU latency: 0.0963135 ms - Host latency: 0.0963135 ms (enqueue 0.0797852 ms)
[02/25/2026-14:56:13] [I] Average on 10 runs - GPU latency: 0.0956787 ms - Host latency: 0.0956787 ms (enqueue 0.0801514 ms)
[02/25/2026-14:56:13] [I] Average on 10 runs - GPU latency: 0.0979004 ms - Host latency: 0.0979004 ms (enqueue 0.0833984 ms)
[02/25/2026-14:56:13] [I] Average on 10 runs - GPU latency: 0.0973145 ms - Host latency: 0.0973145 ms (enqueue 0.0815674 ms)
[02/25/2026-14:56:13] [I] Average on 10 runs - GPU latency: 0.0971191 ms - Host latency: 0.0971191 ms (enqueue 0.0811768 ms)
[02/25/2026-14:56:13] [I] Average on 10 runs - GPU latency: 0.0979492 ms - Host latency: 0.0979492 ms (enqueue 0.0813965 ms)
[02/25/2026-14:56:13] [I] Average on 10 runs - GPU latency: 0.0983887 ms - Host latency: 0.0983887 ms (enqueue 0.0831543 ms)
[02/25/2026-14:56:13] [I] Average on 10 runs - GPU latency: 0.0961914 ms - Host latency: 0.0961914 ms (enqueue 0.0794678 ms)
[02/25/2026-14:56:13] [I] Average on 10 runs - GPU latency: 0.0967773 ms - Host latency: 0.0967773 ms (enqueue 0.0813477 ms)
[02/25/2026-14:56:13] [I] Average on 10 runs - GPU latency: 0.09646 ms - Host latency: 0.09646 ms (enqueue 0.0811035 ms)
[02/25/2026-14:56:13] [I] Average on 10 runs - GPU latency: 0.0960449 ms - Host latency: 0.0960449 ms (enqueue 0.0814941 ms)
[02/25/2026-14:56:13] [I] Average on 10 runs - GPU latency: 0.0967041 ms - Host latency: 0.0967041 ms (enqueue 0.0808105 ms)
[02/25/2026-14:56:13] [I] Average on 10 runs - GPU latency: 0.0966553 ms - Host latency: 0.0966553 ms (enqueue 0.0812256 ms)
[02/25/2026-14:56:13] [I] Average on 10 runs - GPU latency: 0.0968506 ms - Host latency: 0.0968506 ms (enqueue 0.0800781 ms)
[02/25/2026-14:56:13] [I] Average on 10 runs - GPU latency: 0.0965088 ms - Host latency: 0.0965088 ms (enqueue 0.0822266 ms)
[02/25/2026-14:56:13] [I] Average on 10 runs - GPU latency: 0.0974365 ms - Host latency: 0.0974365 ms (enqueue 0.08125 ms)
[02/25/2026-14:56:13] [I] Average on 10 runs - GPU latency: 0.0963623 ms - Host latency: 0.0963623 ms (enqueue 0.0800049 ms)
[02/25/2026-14:56:13] [I] Average on 10 runs - GPU latency: 0.0961914 ms - Host latency: 0.0961914 ms (enqueue 0.0810303 ms)
[02/25/2026-14:56:13] [I] Average on 10 runs - GPU latency: 0.0967041 ms - Host latency: 0.0967041 ms (enqueue 0.0828857 ms)
[02/25/2026-14:56:13] [I] Average on 10 runs - GPU latency: 0.0983154 ms - Host latency: 0.0983154 ms (enqueue 0.0803955 ms)
[02/25/2026-14:56:13] [I] Average on 10 runs - GPU latency: 0.0974121 ms - Host latency: 0.0974121 ms (enqueue 0.0815918 ms)
[02/25/2026-14:56:13] [I] Average on 10 runs - GPU latency: 0.0962402 ms - Host latency: 0.0962402 ms (enqueue 0.0795654 ms)
[02/25/2026-14:56:13] [I] Average on 10 runs - GPU latency: 0.0964355 ms - Host latency: 0.0964355 ms (enqueue 0.0811035 ms)
[02/25/2026-14:56:13] [I] Average on 10 runs - GPU latency: 0.0989258 ms - Host latency: 0.0989258 ms (enqueue 0.0813721 ms)
[02/25/2026-14:56:13] [I] Average on 10 runs - GPU latency: 0.0967285 ms - Host latency: 0.0967285 ms (enqueue 0.0805664 ms)
[02/25/2026-14:56:13] [I] Average on 10 runs - GPU latency: 0.0960205 ms - Host latency: 0.0960205 ms (enqueue 0.0799072 ms)
[02/25/2026-14:56:13] [I] Average on 10 runs - GPU latency: 0.0961914 ms - Host latency: 0.0961914 ms (enqueue 0.0792725 ms)
[02/25/2026-14:56:13] [I] Average on 10 runs - GPU latency: 0.0985596 ms - Host latency: 0.0985596 ms (enqueue 0.0832031 ms)
[02/25/2026-14:56:13] [I] Average on 10 runs - GPU latency: 0.09646 ms - Host latency: 0.09646 ms (enqueue 0.0795654 ms)
[02/25/2026-14:56:13] [I] Average on 10 runs - GPU latency: 0.0958984 ms - Host latency: 0.0958984 ms (enqueue 0.0793701 ms)
[02/25/2026-14:56:13] [I] Average on 10 runs - GPU latency: 0.0957764 ms - Host latency: 0.0957764 ms (enqueue 0.0804688 ms)
[02/25/2026-14:56:13] [I] Average on 10 runs - GPU latency: 0.0989014 ms - Host latency: 0.0989014 ms (enqueue 0.0838379 ms)
[02/25/2026-14:56:13] [I] Average on 10 runs - GPU latency: 0.0955811 ms - Host latency: 0.0955811 ms (enqueue 0.0803955 ms)
[02/25/2026-14:56:13] [I] Average on 10 runs - GPU latency: 0.0957275 ms - Host latency: 0.0957275 ms (enqueue 0.0808594 ms)
[02/25/2026-14:56:13] [I] Average on 10 runs - GPU latency: 0.0960205 ms - Host latency: 0.0960205 ms (enqueue 0.0792725 ms)
[02/25/2026-14:56:13] [I] Average on 10 runs - GPU latency: 0.0968506 ms - Host latency: 0.0968506 ms (enqueue 0.0807861 ms)
[02/25/2026-14:56:13] [I] Average on 10 runs - GPU latency: 0.09646 ms - Host latency: 0.09646 ms (enqueue 0.0805664 ms)
[02/25/2026-14:56:13] [I] Average on 10 runs - GPU latency: 0.0953857 ms - Host latency: 0.0953857 ms (enqueue 0.080249 ms)
[02/25/2026-14:56:13] [I] Average on 10 runs - GPU latency: 0.0958984 ms - Host latency: 0.0958984 ms (enqueue 0.080127 ms)
[02/25/2026-14:56:13] [I] Average on 10 runs - GPU latency: 0.0969482 ms - Host latency: 0.0969482 ms (enqueue 0.0816162 ms)
[02/25/2026-14:56:13] [I] Average on 10 runs - GPU latency: 0.0963623 ms - Host latency: 0.0963623 ms (enqueue 0.0799316 ms)
[02/25/2026-14:56:13] [I] Average on 10 runs - GPU latency: 0.0964111 ms - Host latency: 0.0964111 ms (enqueue 0.080835 ms)
[02/25/2026-14:56:13] [I] Average on 10 runs - GPU latency: 0.0962158 ms - Host latency: 0.0962158 ms (enqueue 0.0805664 ms)
[02/25/2026-14:56:13] [I] Average on 10 runs - GPU latency: 0.097998 ms - Host latency: 0.097998 ms (enqueue 0.0821777 ms)
[02/25/2026-14:56:13] [I] Average on 10 runs - GPU latency: 0.0960449 ms - Host latency: 0.0960449 ms (enqueue 0.0816162 ms)
[02/25/2026-14:56:13] [I] Average on 10 runs - GPU latency: 0.0962646 ms - Host latency: 0.0962646 ms (enqueue 0.079248 ms)
[02/25/2026-14:56:13] [I] Average on 10 runs - GPU latency: 0.0957275 ms - Host latency: 0.0957275 ms (enqueue 0.0787354 ms)
[02/25/2026-14:56:13] [I] Average on 10 runs - GPU latency: 0.0957031 ms - Host latency: 0.0957031 ms (enqueue 0.0820801 ms)
[02/25/2026-14:56:13] [I] Average on 10 runs - GPU latency: 0.0961426 ms - Host latency: 0.0961426 ms (enqueue 0.0796875 ms)
[02/25/2026-14:56:13] [I] Average on 10 runs - GPU latency: 0.0952881 ms - Host latency: 0.0952881 ms (enqueue 0.0801758 ms)
[02/25/2026-14:56:13] [I] Average on 10 runs - GPU latency: 0.0963867 ms - Host latency: 0.0963867 ms (enqueue 0.0797607 ms)
[02/25/2026-14:56:13] [I] Average on 10 runs - GPU latency: 0.0964355 ms - Host latency: 0.0964355 ms (enqueue 0.0815918 ms)
[02/25/2026-14:56:13] [I] Average on 10 runs - GPU latency: 0.0958496 ms - Host latency: 0.0958496 ms (enqueue 0.0801025 ms)
[02/25/2026-14:56:13] [I] Average on 10 runs - GPU latency: 0.0969971 ms - Host latency: 0.0969971 ms (enqueue 0.0802734 ms)
[02/25/2026-14:56:13] [I] Average on 10 runs - GPU latency: 0.0958984 ms - Host latency: 0.0958984 ms (enqueue 0.0829834 ms)
[02/25/2026-14:56:13] [I] Average on 10 runs - GPU latency: 0.097876 ms - Host latency: 0.097876 ms (enqueue 0.0819336 ms)
[02/25/2026-14:56:13] [I] Average on 10 runs - GPU latency: 0.0983398 ms - Host latency: 0.0983398 ms (enqueue 0.0826904 ms)
[02/25/2026-14:56:13] [I] Average on 10 runs - GPU latency: 0.0972168 ms - Host latency: 0.0972168 ms (enqueue 0.0815186 ms)
[02/25/2026-14:56:13] [I] Average on 10 runs - GPU latency: 0.0963623 ms - Host latency: 0.0963623 ms (enqueue 0.0793701 ms)
[02/25/2026-14:56:13] [I] Average on 10 runs - GPU latency: 0.0968262 ms - Host latency: 0.0968262 ms (enqueue 0.0811279 ms)
[02/25/2026-14:56:13] [I] Average on 10 runs - GPU latency: 0.0956055 ms - Host latency: 0.0956055 ms (enqueue 0.0796143 ms)
[02/25/2026-14:56:13] [I] Average on 10 runs - GPU latency: 0.0965088 ms - Host latency: 0.0965088 ms (enqueue 0.0791992 ms)
[02/25/2026-14:56:13] [I] Average on 10 runs - GPU latency: 0.0954102 ms - Host latency: 0.0954102 ms (enqueue 0.0802734 ms)
[02/25/2026-14:56:13] [I] Average on 10 runs - GPU latency: 0.0964355 ms - Host latency: 0.0964355 ms (enqueue 0.0820312 ms)
[02/25/2026-14:56:13] [I] Average on 10 runs - GPU latency: 0.0963135 ms - Host latency: 0.0963135 ms (enqueue 0.0787842 ms)
[02/25/2026-14:56:13] [I] Average on 10 runs - GPU latency: 0.095752 ms - Host latency: 0.095752 ms (enqueue 0.0813232 ms)
[02/25/2026-14:56:13] [I] Average on 10 runs - GPU latency: 0.0959961 ms - Host latency: 0.0959961 ms (enqueue 0.0798096 ms)
[02/25/2026-14:56:13] [I] Average on 10 runs - GPU latency: 0.096167 ms - Host latency: 0.096167 ms (enqueue 0.0817871 ms)
[02/25/2026-14:56:13] [I] Average on 10 runs - GPU latency: 0.0959961 ms - Host latency: 0.0959961 ms (enqueue 0.080127 ms)
[02/25/2026-14:56:13] [I] Average on 10 runs - GPU latency: 0.0959717 ms - Host latency: 0.0959717 ms (enqueue 0.080835 ms)
[02/25/2026-14:56:13] [I] Average on 10 runs - GPU latency: 0.0958496 ms - Host latency: 0.0958496 ms (enqueue 0.0812012 ms)
[02/25/2026-14:56:13] [I] Average on 10 runs - GPU latency: 0.0983643 ms - Host latency: 0.0983643 ms (enqueue 0.082666 ms)
[02/25/2026-14:56:13] [I] Average on 10 runs - GPU latency: 0.0963623 ms - Host latency: 0.0963623 ms (enqueue 0.0806396 ms)
[02/25/2026-14:56:13] [I] Average on 10 runs - GPU latency: 0.0970703 ms - Host latency: 0.0970703 ms (enqueue 0.0807373 ms)
[02/25/2026-14:56:13] [I] Average on 10 runs - GPU latency: 0.0962158 ms - Host latency: 0.0962158 ms (enqueue 0.0797119 ms)
[02/25/2026-14:56:13] [I] Average on 10 runs - GPU latency: 0.0997803 ms - Host latency: 0.0997803 ms (enqueue 0.0866211 ms)
[02/25/2026-14:56:13] [I] Average on 10 runs - GPU latency: 0.0983643 ms - Host latency: 0.0983643 ms (enqueue 0.0814941 ms)
[02/25/2026-14:56:13] [I] Average on 10 runs - GPU latency: 0.0959229 ms - Host latency: 0.0959229 ms (enqueue 0.0793457 ms)
[02/25/2026-14:56:13] [I] Average on 10 runs - GPU latency: 0.0955078 ms - Host latency: 0.0955078 ms (enqueue 0.0791016 ms)
[02/25/2026-14:56:13] [I] Average on 10 runs - GPU latency: 0.0963379 ms - Host latency: 0.0963379 ms (enqueue 0.0826416 ms)
[02/25/2026-14:56:13] [I] Average on 10 runs - GPU latency: 0.0960205 ms - Host latency: 0.0960205 ms (enqueue 0.079248 ms)
[02/25/2026-14:56:13] [I] Average on 10 runs - GPU latency: 0.0953369 ms - Host latency: 0.0953369 ms (enqueue 0.0806641 ms)
[02/25/2026-14:56:13] [I] Average on 10 runs - GPU latency: 0.0968262 ms - Host latency: 0.0968262 ms (enqueue 0.081543 ms)
[02/25/2026-14:56:13] [I] Average on 10 runs - GPU latency: 0.096167 ms - Host latency: 0.096167 ms (enqueue 0.0817871 ms)
[02/25/2026-14:56:13] [I] Average on 10 runs - GPU latency: 0.0990967 ms - Host latency: 0.0990967 ms (enqueue 0.0804932 ms)
[02/25/2026-14:56:13] [I] Average on 10 runs - GPU latency: 0.0957764 ms - Host latency: 0.0957764 ms (enqueue 0.0793213 ms)
[02/25/2026-14:56:13] [I] Average on 10 runs - GPU latency: 0.0956055 ms - Host latency: 0.0956055 ms (enqueue 0.080957 ms)
[02/25/2026-14:56:13] [I] Average on 10 runs - GPU latency: 0.0951172 ms - Host latency: 0.0951172 ms (enqueue 0.0806396 ms)
[02/25/2026-14:56:13] [I] Average on 10 runs - GPU latency: 0.097876 ms - Host latency: 0.097876 ms (enqueue 0.0819824 ms)
[02/25/2026-14:56:13] [I] Average on 10 runs - GPU latency: 0.0963623 ms - Host latency: 0.0963623 ms (enqueue 0.0802979 ms)
[02/25/2026-14:56:13] [I] Average on 10 runs - GPU latency: 0.0955322 ms - Host latency: 0.0955322 ms (enqueue 0.0802246 ms)
[02/25/2026-14:56:13] [I] Average on 10 runs - GPU latency: 0.0964355 ms - Host latency: 0.0964355 ms (enqueue 0.0797363 ms)
[02/25/2026-14:56:13] [I] Average on 10 runs - GPU latency: 0.0966553 ms - Host latency: 0.0966553 ms (enqueue 0.0823975 ms)
[02/25/2026-14:56:13] [I] Average on 10 runs - GPU latency: 0.0957764 ms - Host latency: 0.0957764 ms (enqueue 0.0787598 ms)
[02/25/2026-14:56:13] [I] Average on 10 runs - GPU latency: 0.0960938 ms - Host latency: 0.0960938 ms (enqueue 0.0794678 ms)
[02/25/2026-14:56:13] [I] Average on 10 runs - GPU latency: 0.0966064 ms - Host latency: 0.0966064 ms (enqueue 0.0813965 ms)
[02/25/2026-14:56:13] [I] Average on 10 runs - GPU latency: 0.0957031 ms - Host latency: 0.0957031 ms (enqueue 0.0820312 ms)
[02/25/2026-14:56:13] [I] Average on 10 runs - GPU latency: 0.0959717 ms - Host latency: 0.0959717 ms (enqueue 0.0812256 ms)
[02/25/2026-14:56:13] [I] Average on 10 runs - GPU latency: 0.0962402 ms - Host latency: 0.0962402 ms (enqueue 0.0802734 ms)
[02/25/2026-14:56:13] [I] Average on 10 runs - GPU latency: 0.0967529 ms - Host latency: 0.0967529 ms (enqueue 0.0817627 ms)
[02/25/2026-14:56:13] [I] Average on 10 runs - GPU latency: 0.0986572 ms - Host latency: 0.0986572 ms (enqueue 0.0836914 ms)
[02/25/2026-14:56:13] [I] Average on 10 runs - GPU latency: 0.0969971 ms - Host latency: 0.0969971 ms (enqueue 0.0807617 ms)
[02/25/2026-14:56:13] [I] Average on 10 runs - GPU latency: 0.0955811 ms - Host latency: 0.0955811 ms (enqueue 0.0797363 ms)
[02/25/2026-14:56:13] [I] Average on 10 runs - GPU latency: 0.0959473 ms - Host latency: 0.0959473 ms (enqueue 0.0796631 ms)
[02/25/2026-14:56:13] [I] Average on 10 runs - GPU latency: 0.0962402 ms - Host latency: 0.0962402 ms (enqueue 0.0814941 ms)
[02/25/2026-14:56:13] [I] Average on 10 runs - GPU latency: 0.0962891 ms - Host latency: 0.0962891 ms (enqueue 0.0793945 ms)
[02/25/2026-14:56:13] [I] Average on 10 runs - GPU latency: 0.0959961 ms - Host latency: 0.0959961 ms (enqueue 0.0804688 ms)
[02/25/2026-14:56:13] [I] Average on 10 runs - GPU latency: 0.0963623 ms - Host latency: 0.0963623 ms (enqueue 0.0794434 ms)
[02/25/2026-14:56:13] [I] Average on 10 runs - GPU latency: 0.095459 ms - Host latency: 0.095459 ms (enqueue 0.083667 ms)
[02/25/2026-14:56:13] [I] Average on 10 runs - GPU latency: 0.0959717 ms - Host latency: 0.0959717 ms (enqueue 0.0803711 ms)
[02/25/2026-14:56:13] [I] Average on 10 runs - GPU latency: 0.0955566 ms - Host latency: 0.0955566 ms (enqueue 0.0783691 ms)
[02/25/2026-14:56:13] [I] Average on 10 runs - GPU latency: 0.0954102 ms - Host latency: 0.0954102 ms (enqueue 0.0812988 ms)
[02/25/2026-14:56:13] [I] Average on 10 runs - GPU latency: 0.097583 ms - Host latency: 0.097583 ms (enqueue 0.0812988 ms)
[02/25/2026-14:56:13] [I] Average on 10 runs - GPU latency: 0.0959229 ms - Host latency: 0.0959229 ms (enqueue 0.079248 ms)
[02/25/2026-14:56:13] [I] Average on 10 runs - GPU latency: 0.0961914 ms - Host latency: 0.0961914 ms (enqueue 0.0796143 ms)
[02/25/2026-14:56:13] [I] Average on 10 runs - GPU latency: 0.0967529 ms - Host latency: 0.0967529 ms (enqueue 0.0806885 ms)
[02/25/2026-14:56:13] [I] Average on 10 runs - GPU latency: 0.0952393 ms - Host latency: 0.0952393 ms (enqueue 0.081665 ms)
[02/25/2026-14:56:13] [I] Average on 10 runs - GPU latency: 0.0961182 ms - Host latency: 0.0961182 ms (enqueue 0.0784912 ms)
[02/25/2026-14:56:13] [I] Average on 10 runs - GPU latency: 0.0959229 ms - Host latency: 0.0959229 ms (enqueue 0.0803467 ms)
[02/25/2026-14:56:13] [I] Average on 10 runs - GPU latency: 0.0960205 ms - Host latency: 0.0960205 ms (enqueue 0.0785645 ms)
[02/25/2026-14:56:13] [I] Average on 10 runs - GPU latency: 0.0960693 ms - Host latency: 0.0960693 ms (enqueue 0.0816895 ms)
[02/25/2026-14:56:13] [I] Average on 10 runs - GPU latency: 0.0966553 ms - Host latency: 0.0966553 ms (enqueue 0.0811523 ms)
[02/25/2026-14:56:13] [I] Average on 10 runs - GPU latency: 0.0964355 ms - Host latency: 0.0964355 ms (enqueue 0.0808105 ms)
[02/25/2026-14:56:13] [I] Average on 10 runs - GPU latency: 0.0959229 ms - Host latency: 0.0959229 ms (enqueue 0.0795166 ms)
[02/25/2026-14:56:13] [I] Average on 10 runs - GPU latency: 0.096167 ms - Host latency: 0.096167 ms (enqueue 0.0824463 ms)
[02/25/2026-14:56:13] [I] Average on 10 runs - GPU latency: 0.0964355 ms - Host latency: 0.0964355 ms (enqueue 0.0809814 ms)
[02/25/2026-14:56:13] [I] Average on 10 runs - GPU latency: 0.0955566 ms - Host latency: 0.0955566 ms (enqueue 0.0804688 ms)
[02/25/2026-14:56:13] [I] Average on 10 runs - GPU latency: 0.0969482 ms - Host latency: 0.0969482 ms (enqueue 0.0802979 ms)
[02/25/2026-14:56:13] [I] Average on 10 runs - GPU latency: 0.0970459 ms - Host latency: 0.0970459 ms (enqueue 0.0818848 ms)
[02/25/2026-14:56:13] [I] Average on 10 runs - GPU latency: 0.0956299 ms - Host latency: 0.0956299 ms (enqueue 0.0793457 ms)
[02/25/2026-14:56:13] [I] Average on 10 runs - GPU latency: 0.0960938 ms - Host latency: 0.0960938 ms (enqueue 0.0799316 ms)
[02/25/2026-14:56:13] [I] Average on 10 runs - GPU latency: 0.0960205 ms - Host latency: 0.0960205 ms (enqueue 0.0816162 ms)
[02/25/2026-14:56:13] [I] Average on 10 runs - GPU latency: 0.0964844 ms - Host latency: 0.0964844 ms (enqueue 0.0806885 ms)
[02/25/2026-14:56:13] [I] Average on 10 runs - GPU latency: 0.0998779 ms - Host latency: 0.0998779 ms (enqueue 0.0827393 ms)
[02/25/2026-14:56:13] [I] Average on 10 runs - GPU latency: 0.0968262 ms - Host latency: 0.0968262 ms (enqueue 0.0799805 ms)
[02/25/2026-14:56:13] [I] Average on 10 runs - GPU latency: 0.0952637 ms - Host latency: 0.0952637 ms (enqueue 0.0794434 ms)
[02/25/2026-14:56:13] [I] Average on 10 runs - GPU latency: 0.096582 ms - Host latency: 0.096582 ms (enqueue 0.0823242 ms)
[02/25/2026-14:56:13] [I] Average on 10 runs - GPU latency: 0.0973877 ms - Host latency: 0.0973877 ms (enqueue 0.081543 ms)
[02/25/2026-14:56:13] [I] Average on 10 runs - GPU latency: 0.0955811 ms - Host latency: 0.0955811 ms (enqueue 0.0799316 ms)
[02/25/2026-14:56:13] [I] Average on 10 runs - GPU latency: 0.0963135 ms - Host latency: 0.0963135 ms (enqueue 0.0789795 ms)
[02/25/2026-14:56:13] [I] Average on 10 runs - GPU latency: 0.0958008 ms - Host latency: 0.0958008 ms (enqueue 0.0796631 ms)
[02/25/2026-14:56:13] [I] Average on 10 runs - GPU latency: 0.0984863 ms - Host latency: 0.0984863 ms (enqueue 0.0854248 ms)
[02/25/2026-14:56:13] [I] Average on 10 runs - GPU latency: 0.095874 ms - Host latency: 0.095874 ms (enqueue 0.0796143 ms)
[02/25/2026-14:56:13] [I] Average on 10 runs - GPU latency: 0.0964355 ms - Host latency: 0.0964355 ms (enqueue 0.0793701 ms)
[02/25/2026-14:56:13] [I] Average on 10 runs - GPU latency: 0.0960449 ms - Host latency: 0.0960449 ms (enqueue 0.0810547 ms)
[02/25/2026-14:56:13] [I] Average on 10 runs - GPU latency: 0.0989014 ms - Host latency: 0.0989014 ms (enqueue 0.0843994 ms)
[02/25/2026-14:56:13] [I] Average on 10 runs - GPU latency: 0.0963135 ms - Host latency: 0.0963135 ms (enqueue 0.0804199 ms)
[02/25/2026-14:56:13] [I] Average on 10 runs - GPU latency: 0.0966064 ms - Host latency: 0.0966064 ms (enqueue 0.0793213 ms)
[02/25/2026-14:56:13] [I] Average on 10 runs - GPU latency: 0.0960205 ms - Host latency: 0.0960205 ms (enqueue 0.0803223 ms)
[02/25/2026-14:56:13] [I] Average on 10 runs - GPU latency: 0.0996338 ms - Host latency: 0.0996338 ms (enqueue 0.0868164 ms)
[02/25/2026-14:56:13] [I] Average on 10 runs - GPU latency: 0.0967041 ms - Host latency: 0.0967041 ms (enqueue 0.0804932 ms)
[02/25/2026-14:56:13] [I] Average on 10 runs - GPU latency: 0.0956055 ms - Host latency: 0.0956055 ms (enqueue 0.0794678 ms)
[02/25/2026-14:56:13] [I] Average on 10 runs - GPU latency: 0.0962402 ms - Host latency: 0.0962402 ms (enqueue 0.0797607 ms)
[02/25/2026-14:56:13] [I] Average on 10 runs - GPU latency: 0.0975342 ms - Host latency: 0.0975342 ms (enqueue 0.0836426 ms)
[02/25/2026-14:56:13] [I] Average on 10 runs - GPU latency: 0.0954346 ms - Host latency: 0.0954346 ms (enqueue 0.0790039 ms)
[02/25/2026-14:56:13] [I] Average on 10 runs - GPU latency: 0.0959717 ms - Host latency: 0.0959717 ms (enqueue 0.0799072 ms)
[02/25/2026-14:56:13] [I] Average on 10 runs - GPU latency: 0.0962891 ms - Host latency: 0.0962891 ms (enqueue 0.0814209 ms)
[02/25/2026-14:56:13] [I] Average on 10 runs - GPU latency: 0.097998 ms - Host latency: 0.097998 ms (enqueue 0.0814209 ms)
[02/25/2026-14:56:13] [I] Average on 10 runs - GPU latency: 0.0960693 ms - Host latency: 0.0960693 ms (enqueue 0.0787109 ms)
[02/25/2026-14:56:13] [I] Average on 10 runs - GPU latency: 0.0960938 ms - Host latency: 0.0960938 ms (enqueue 0.0805664 ms)
[02/25/2026-14:56:13] [I] Average on 10 runs - GPU latency: 0.0957275 ms - Host latency: 0.0957275 ms (enqueue 0.0793457 ms)
[02/25/2026-14:56:13] [I] Average on 10 runs - GPU latency: 0.0954346 ms - Host latency: 0.0954346 ms (enqueue 0.0807129 ms)
[02/25/2026-14:56:13] [I] Average on 10 runs - GPU latency: 0.0958496 ms - Host latency: 0.0958496 ms (enqueue 0.0789063 ms)
[02/25/2026-14:56:13] [I] Average on 10 runs - GPU latency: 0.0958496 ms - Host latency: 0.0958496 ms (enqueue 0.0783936 ms)
[02/25/2026-14:56:13] [I] Average on 10 runs - GPU latency: 0.0959961 ms - Host latency: 0.0959961 ms (enqueue 0.0816406 ms)
[02/25/2026-14:56:13] [I] Average on 10 runs - GPU latency: 0.0955811 ms - Host latency: 0.0955811 ms (enqueue 0.0827148 ms)
[02/25/2026-14:56:13] [I] Average on 10 runs - GPU latency: 0.0964355 ms - Host latency: 0.0964355 ms (enqueue 0.0794678 ms)
[02/25/2026-14:56:13] [I] Average on 10 runs - GPU latency: 0.0969482 ms - Host latency: 0.0969482 ms (enqueue 0.0807129 ms)
[02/25/2026-14:56:13] [I] Average on 10 runs - GPU latency: 0.0965332 ms - Host latency: 0.0965332 ms (enqueue 0.0798828 ms)
[02/25/2026-14:56:13] [I] Average on 10 runs - GPU latency: 0.0959961 ms - Host latency: 0.0959961 ms (enqueue 0.0797852 ms)
[02/25/2026-14:56:13] [I] Average on 10 runs - GPU latency: 0.0965088 ms - Host latency: 0.0965088 ms (enqueue 0.0791016 ms)
[02/25/2026-14:56:13] [I] Average on 10 runs - GPU latency: 0.0959717 ms - Host latency: 0.0959717 ms (enqueue 0.0816162 ms)
[02/25/2026-14:56:13] [I] Average on 10 runs - GPU latency: 0.0968262 ms - Host latency: 0.0968262 ms (enqueue 0.0802734 ms)
[02/25/2026-14:56:13] [I] Average on 10 runs - GPU latency: 0.0960449 ms - Host latency: 0.0960449 ms (enqueue 0.0817383 ms)
[02/25/2026-14:56:13] [I] Average on 10 runs - GPU latency: 0.0960938 ms - Host latency: 0.0960938 ms (enqueue 0.0802979 ms)
[02/25/2026-14:56:13] [I] Average on 10 runs - GPU latency: 0.0961426 ms - Host latency: 0.0961426 ms (enqueue 0.0807861 ms)
[02/25/2026-14:56:13] [I] Average on 10 runs - GPU latency: 0.0965088 ms - Host latency: 0.0965088 ms (enqueue 0.0804688 ms)
[02/25/2026-14:56:13] [I] Average on 10 runs - GPU latency: 0.0959229 ms - Host latency: 0.0959229 ms (enqueue 0.0831055 ms)
[02/25/2026-14:56:13] [I] Average on 10 runs - GPU latency: 0.0965332 ms - Host latency: 0.0965332 ms (enqueue 0.080127 ms)
[02/25/2026-14:56:13] [I] Average on 10 runs - GPU latency: 0.0966797 ms - Host latency: 0.0966797 ms (enqueue 0.0799805 ms)
[02/25/2026-14:56:13] [I] Average on 10 runs - GPU latency: 0.0962402 ms - Host latency: 0.0962402 ms (enqueue 0.0798096 ms)
[02/25/2026-14:56:13] [I] Average on 10 runs - GPU latency: 0.0959229 ms - Host latency: 0.0959229 ms (enqueue 0.08125 ms)
[02/25/2026-14:56:13] [I] Average on 10 runs - GPU latency: 0.095166 ms - Host latency: 0.095166 ms (enqueue 0.079248 ms)
[02/25/2026-14:56:13] [I] Average on 10 runs - GPU latency: 0.0962402 ms - Host latency: 0.0962402 ms (enqueue 0.0784912 ms)
[02/25/2026-14:56:13] [I] Average on 10 runs - GPU latency: 0.0958984 ms - Host latency: 0.0958984 ms (enqueue 0.0797852 ms)
[02/25/2026-14:56:13] [I] Average on 10 runs - GPU latency: 0.0958008 ms - Host latency: 0.0958008 ms (enqueue 0.0805176 ms)
[02/25/2026-14:56:13] [I] Average on 10 runs - GPU latency: 0.0961914 ms - Host latency: 0.0961914 ms (enqueue 0.0802246 ms)
[02/25/2026-14:56:13] [I] Average on 10 runs - GPU latency: 0.0958496 ms - Host latency: 0.0958496 ms (enqueue 0.0799561 ms)
[02/25/2026-14:56:13] [I] Average on 10 runs - GPU latency: 0.0958252 ms - Host latency: 0.0958252 ms (enqueue 0.0807129 ms)
[02/25/2026-14:56:13] [I] Average on 10 runs - GPU latency: 0.0962158 ms - Host latency: 0.0962158 ms (enqueue 0.0811279 ms)
[02/25/2026-14:56:13] [I] Average on 10 runs - GPU latency: 0.0968262 ms - Host latency: 0.0968262 ms (enqueue 0.0804932 ms)
[02/25/2026-14:56:13] [I] Average on 10 runs - GPU latency: 0.0954102 ms - Host latency: 0.0954102 ms (enqueue 0.0799316 ms)
[02/25/2026-14:56:13] [I] Average on 10 runs - GPU latency: 0.0959473 ms - Host latency: 0.0959473 ms (enqueue 0.080249 ms)
[02/25/2026-14:56:13] [I] Average on 10 runs - GPU latency: 0.0957031 ms - Host latency: 0.0957031 ms (enqueue 0.0824219 ms)
[02/25/2026-14:56:13] [I] Average on 10 runs - GPU latency: 0.0992187 ms - Host latency: 0.0992187 ms (enqueue 0.0800293 ms)
[02/25/2026-14:56:13] [I] Average on 10 runs - GPU latency: 0.0956787 ms - Host latency: 0.0956787 ms (enqueue 0.0787842 ms)
[02/25/2026-14:56:13] [I] Average on 10 runs - GPU latency: 0.09646 ms - Host latency: 0.09646 ms (enqueue 0.0801758 ms)
[02/25/2026-14:56:13] [I] Average on 10 runs - GPU latency: 0.0959229 ms - Host latency: 0.0959229 ms (enqueue 0.0803955 ms)
[02/25/2026-14:56:13] [I] Average on 10 runs - GPU latency: 0.0959717 ms - Host latency: 0.0959717 ms (enqueue 0.0823975 ms)
[02/25/2026-14:56:13] [I] Average on 10 runs - GPU latency: 0.0958496 ms - Host latency: 0.0958496 ms (enqueue 0.0799561 ms)
[02/25/2026-14:56:13] [I] Average on 10 runs - GPU latency: 0.095874 ms - Host latency: 0.095874 ms (enqueue 0.0807861 ms)
[02/25/2026-14:56:13] [I] Average on 10 runs - GPU latency: 0.0964111 ms - Host latency: 0.0964111 ms (enqueue 0.079834 ms)
[02/25/2026-14:56:13] [I] Average on 10 runs - GPU latency: 0.0956543 ms - Host latency: 0.0956543 ms (enqueue 0.0835205 ms)
[02/25/2026-14:56:13] [I] Average on 10 runs - GPU latency: 0.0970215 ms - Host latency: 0.0970215 ms (enqueue 0.0810547 ms)
[02/25/2026-14:56:13] [I] Average on 10 runs - GPU latency: 0.0962646 ms - Host latency: 0.0962646 ms (enqueue 0.080127 ms)
[02/25/2026-14:56:13] [I] Average on 10 runs - GPU latency: 0.0958984 ms - Host latency: 0.0958984 ms (enqueue 0.0801025 ms)
[02/25/2026-14:56:13] [I] Average on 10 runs - GPU latency: 0.0974365 ms - Host latency: 0.0974365 ms (enqueue 0.0831299 ms)
[02/25/2026-14:56:13] [I] Average on 10 runs - GPU latency: 0.0960938 ms - Host latency: 0.0960938 ms (enqueue 0.0801025 ms)
[02/25/2026-14:56:13] [I] Average on 10 runs - GPU latency: 0.0962891 ms - Host latency: 0.0962891 ms (enqueue 0.0790039 ms)
[02/25/2026-14:56:13] [I] Average on 10 runs - GPU latency: 0.0958252 ms - Host latency: 0.0958252 ms (enqueue 0.080249 ms)
[02/25/2026-14:56:13] [I] Average on 10 runs - GPU latency: 0.0964111 ms - Host latency: 0.0964111 ms (enqueue 0.0831055 ms)
[02/25/2026-14:56:13] [I] Average on 10 runs - GPU latency: 0.0962402 ms - Host latency: 0.0962402 ms (enqueue 0.0813721 ms)
[02/25/2026-14:56:13] [I] Average on 10 runs - GPU latency: 0.0977783 ms - Host latency: 0.0977783 ms (enqueue 0.0820312 ms)
[02/25/2026-14:56:13] [I] Average on 10 runs - GPU latency: 0.0969482 ms - Host latency: 0.0969482 ms (enqueue 0.0810547 ms)
[02/25/2026-14:56:13] [I] Average on 10 runs - GPU latency: 0.0976318 ms - Host latency: 0.0976318 ms (enqueue 0.0797852 ms)
[02/25/2026-14:56:13] [I] Average on 10 runs - GPU latency: 0.0967773 ms - Host latency: 0.0967773 ms (enqueue 0.0821045 ms)
[02/25/2026-14:56:13] [I] Average on 10 runs - GPU latency: 0.0960938 ms - Host latency: 0.0960938 ms (enqueue 0.0799561 ms)
[02/25/2026-14:56:13] [I] Average on 10 runs - GPU latency: 0.0956543 ms - Host latency: 0.0956543 ms (enqueue 0.0801514 ms)
[02/25/2026-14:56:13] [I] Average on 10 runs - GPU latency: 0.0964844 ms - Host latency: 0.0964844 ms (enqueue 0.0812744 ms)
[02/25/2026-14:56:13] [I] Average on 10 runs - GPU latency: 0.0954102 ms - Host latency: 0.0954102 ms (enqueue 0.0801025 ms)
[02/25/2026-14:56:13] [I] Average on 10 runs - GPU latency: 0.0960938 ms - Host latency: 0.0960938 ms (enqueue 0.0795898 ms)
[02/25/2026-14:56:13] [I] Average on 10 runs - GPU latency: 0.0955322 ms - Host latency: 0.0955322 ms (enqueue 0.0796875 ms)
[02/25/2026-14:56:13] [I] Average on 10 runs - GPU latency: 0.0962646 ms - Host latency: 0.0962646 ms (enqueue 0.0832031 ms)
[02/25/2026-14:56:13] [I] Average on 10 runs - GPU latency: 0.0965332 ms - Host latency: 0.0965332 ms (enqueue 0.0792236 ms)
[02/25/2026-14:56:13] [I] Average on 10 runs - GPU latency: 0.0961426 ms - Host latency: 0.0961426 ms (enqueue 0.0798584 ms)
[02/25/2026-14:56:13] [I] Average on 10 runs - GPU latency: 0.0963867 ms - Host latency: 0.0963867 ms (enqueue 0.079126 ms)
[02/25/2026-14:56:13] [I] Average on 10 runs - GPU latency: 0.0962158 ms - Host latency: 0.0962158 ms (enqueue 0.0817139 ms)
[02/25/2026-14:56:13] [I] Average on 10 runs - GPU latency: 0.0960693 ms - Host latency: 0.0960693 ms (enqueue 0.079834 ms)
[02/25/2026-14:56:13] [I] Average on 10 runs - GPU latency: 0.0957764 ms - Host latency: 0.0957764 ms (enqueue 0.080249 ms)
[02/25/2026-14:56:13] [I] Average on 10 runs - GPU latency: 0.0961426 ms - Host latency: 0.0961426 ms (enqueue 0.0800537 ms)
[02/25/2026-14:56:13] [I] Average on 10 runs - GPU latency: 0.096167 ms - Host latency: 0.096167 ms (enqueue 0.0820068 ms)
[02/25/2026-14:56:13] [I] Average on 10 runs - GPU latency: 0.0958252 ms - Host latency: 0.0958252 ms (enqueue 0.0795166 ms)
[02/25/2026-14:56:13] [I] Average on 10 runs - GPU latency: 0.0960693 ms - Host latency: 0.0960693 ms (enqueue 0.0800537 ms)
[02/25/2026-14:56:13] [I] Average on 10 runs - GPU latency: 0.0964111 ms - Host latency: 0.0964111 ms (enqueue 0.0813965 ms)
[02/25/2026-14:56:13] [I] Average on 10 runs - GPU latency: 0.0959717 ms - Host latency: 0.0959717 ms (enqueue 0.0820312 ms)
[02/25/2026-14:56:13] [I] Average on 10 runs - GPU latency: 0.0964111 ms - Host latency: 0.0964111 ms (enqueue 0.0806396 ms)
[02/25/2026-14:56:13] [I] Average on 10 runs - GPU latency: 0.0970947 ms - Host latency: 0.0970947 ms (enqueue 0.0820557 ms)
[02/25/2026-14:56:13] [I] Average on 10 runs - GPU latency: 0.0963135 ms - Host latency: 0.0963135 ms (enqueue 0.0800293 ms)
[02/25/2026-14:56:13] [I] Average on 10 runs - GPU latency: 0.0974121 ms - Host latency: 0.0974121 ms (enqueue 0.0828369 ms)
[02/25/2026-14:56:13] [I] Average on 10 runs - GPU latency: 0.0964111 ms - Host latency: 0.0964111 ms (enqueue 0.0790283 ms)
[02/25/2026-14:56:13] [I] Average on 10 runs - GPU latency: 0.096167 ms - Host latency: 0.096167 ms (enqueue 0.0803223 ms)
[02/25/2026-14:56:13] [I] Average on 10 runs - GPU latency: 0.0965088 ms - Host latency: 0.0965088 ms (enqueue 0.0798584 ms)
[02/25/2026-14:56:13] [I] Average on 10 runs - GPU latency: 0.0961182 ms - Host latency: 0.0961182 ms (enqueue 0.0820557 ms)
[02/25/2026-14:56:13] [I] Average on 10 runs - GPU latency: 0.0960205 ms - Host latency: 0.0960205 ms (enqueue 0.0805908 ms)
[02/25/2026-14:56:13] [I] Average on 10 runs - GPU latency: 0.095752 ms - Host latency: 0.095752 ms (enqueue 0.078833 ms)
[02/25/2026-14:56:13] [I] Average on 10 runs - GPU latency: 0.0956787 ms - Host latency: 0.0956787 ms (enqueue 0.0795166 ms)
[02/25/2026-14:56:13] [I] Average on 10 runs - GPU latency: 0.0956055 ms - Host latency: 0.0956055 ms (enqueue 0.0816162 ms)
[02/25/2026-14:56:13] [I] Average on 10 runs - GPU latency: 0.0969238 ms - Host latency: 0.0969238 ms (enqueue 0.0805908 ms)
[02/25/2026-14:56:13] [I] Average on 10 runs - GPU latency: 0.0958252 ms - Host latency: 0.0958252 ms (enqueue 0.0809326 ms)
[02/25/2026-14:56:13] [I] Average on 10 runs - GPU latency: 0.0961426 ms - Host latency: 0.0961426 ms (enqueue 0.0791992 ms)
[02/25/2026-14:56:13] [I] Average on 10 runs - GPU latency: 0.0963623 ms - Host latency: 0.0963623 ms (enqueue 0.0799805 ms)
[02/25/2026-14:56:13] [I] Average on 10 runs - GPU latency: 0.095752 ms - Host latency: 0.095752 ms (enqueue 0.0821045 ms)
[02/25/2026-14:56:13] [I] Average on 10 runs - GPU latency: 0.0956299 ms - Host latency: 0.0956299 ms (enqueue 0.0807617 ms)
[02/25/2026-14:56:13] [I] Average on 10 runs - GPU latency: 0.095874 ms - Host latency: 0.095874 ms (enqueue 0.0803955 ms)
[02/25/2026-14:56:13] [I] Average on 10 runs - GPU latency: 0.0956055 ms - Host latency: 0.0956055 ms (enqueue 0.080957 ms)
[02/25/2026-14:56:13] [I] Average on 10 runs - GPU latency: 0.0976318 ms - Host latency: 0.0976318 ms (enqueue 0.0820312 ms)
[02/25/2026-14:56:13] [I] Average on 10 runs - GPU latency: 0.0973145 ms - Host latency: 0.0973145 ms (enqueue 0.0812012 ms)
[02/25/2026-14:56:13] [I] Average on 10 runs - GPU latency: 0.097583 ms - Host latency: 0.097583 ms (enqueue 0.0811523 ms)
[02/25/2026-14:56:13] [I] Average on 10 runs - GPU latency: 0.0960938 ms - Host latency: 0.0960938 ms (enqueue 0.0809082 ms)
[02/25/2026-14:56:13] [I] Average on 10 runs - GPU latency: 0.0979736 ms - Host latency: 0.0979736 ms (enqueue 0.0829102 ms)
[02/25/2026-14:56:13] [I] Average on 10 runs - GPU latency: 0.0973389 ms - Host latency: 0.0973389 ms (enqueue 0.0817627 ms)
[02/25/2026-14:56:13] [I] Average on 10 runs - GPU latency: 0.0966309 ms - Host latency: 0.0966309 ms (enqueue 0.0812744 ms)
[02/25/2026-14:56:13] [I] Average on 10 runs - GPU latency: 0.0975098 ms - Host latency: 0.0975098 ms (enqueue 0.0817627 ms)
[02/25/2026-14:56:13] [I] Average on 10 runs - GPU latency: 0.0980469 ms - Host latency: 0.0980469 ms (enqueue 0.0813477 ms)
[02/25/2026-14:56:13] [I] Average on 10 runs - GPU latency: 0.0965332 ms - Host latency: 0.0965332 ms (enqueue 0.0797852 ms)
[02/25/2026-14:56:13] [I] Average on 10 runs - GPU latency: 0.0958252 ms - Host latency: 0.0958252 ms (enqueue 0.0807617 ms)
[02/25/2026-14:56:13] [I] Average on 10 runs - GPU latency: 0.0959717 ms - Host latency: 0.0959717 ms (enqueue 0.0806152 ms)
[02/25/2026-14:56:13] [I] Average on 10 runs - GPU latency: 0.0970459 ms - Host latency: 0.0970459 ms (enqueue 0.0835693 ms)
[02/25/2026-14:56:13] [I] Average on 10 runs - GPU latency: 0.0962646 ms - Host latency: 0.0962646 ms (enqueue 0.0806396 ms)
[02/25/2026-14:56:13] [I] Average on 10 runs - GPU latency: 0.0962646 ms - Host latency: 0.0962646 ms (enqueue 0.0807129 ms)
[02/25/2026-14:56:13] [I] Average on 10 runs - GPU latency: 0.0980225 ms - Host latency: 0.0980225 ms (enqueue 0.0816895 ms)
[02/25/2026-14:56:13] [I] Average on 10 runs - GPU latency: 0.0984863 ms - Host latency: 0.0984863 ms (enqueue 0.0836914 ms)
[02/25/2026-14:56:13] [I] Average on 10 runs - GPU latency: 0.0959229 ms - Host latency: 0.0959229 ms (enqueue 0.0801758 ms)
[02/25/2026-14:56:13] [I] Average on 10 runs - GPU latency: 0.0963623 ms - Host latency: 0.0963623 ms (enqueue 0.0801758 ms)
[02/25/2026-14:56:13] [I] Average on 10 runs - GPU latency: 0.0956299 ms - Host latency: 0.0956299 ms (enqueue 0.0799072 ms)
[02/25/2026-14:56:13] [I] Average on 10 runs - GPU latency: 0.0962891 ms - Host latency: 0.0962891 ms (enqueue 0.0820801 ms)
[02/25/2026-14:56:13] [I] Average on 10 runs - GPU latency: 0.0956543 ms - Host latency: 0.0956543 ms (enqueue 0.0802979 ms)
[02/25/2026-14:56:13] [I] Average on 10 runs - GPU latency: 0.0959961 ms - Host latency: 0.0959961 ms (enqueue 0.0797852 ms)
[02/25/2026-14:56:13] [I] Average on 10 runs - GPU latency: 0.0962891 ms - Host latency: 0.0962891 ms (enqueue 0.0796875 ms)
[02/25/2026-14:56:13] [I] Average on 10 runs - GPU latency: 0.0958496 ms - Host latency: 0.0958496 ms (enqueue 0.0817627 ms)
[02/25/2026-14:56:13] [I] Average on 10 runs - GPU latency: 0.0960693 ms - Host latency: 0.0960693 ms (enqueue 0.0800293 ms)
[02/25/2026-14:56:13] [I] Average on 10 runs - GPU latency: 0.0965576 ms - Host latency: 0.0965576 ms (enqueue 0.0813232 ms)
[02/25/2026-14:56:13] [I] Average on 10 runs - GPU latency: 0.0962402 ms - Host latency: 0.0962402 ms (enqueue 0.0818115 ms)
[02/25/2026-14:56:13] [I] Average on 10 runs - GPU latency: 0.0968994 ms - Host latency: 0.0968994 ms (enqueue 0.0806641 ms)
[02/25/2026-14:56:13] [I] Average on 10 runs - GPU latency: 0.0964355 ms - Host latency: 0.0964355 ms (enqueue 0.0804932 ms)
[02/25/2026-14:56:13] [I] Average on 10 runs - GPU latency: 0.0967529 ms - Host latency: 0.0967529 ms (enqueue 0.0810547 ms)
[02/25/2026-14:56:13] [I] Average on 10 runs - GPU latency: 0.0957031 ms - Host latency: 0.0957031 ms (enqueue 0.0807617 ms)
[02/25/2026-14:56:13] [I] Average on 10 runs - GPU latency: 0.0998535 ms - Host latency: 0.0998535 ms (enqueue 0.085376 ms)
[02/25/2026-14:56:13] [I] Average on 10 runs - GPU latency: 0.0959473 ms - Host latency: 0.0959473 ms (enqueue 0.0798096 ms)
[02/25/2026-14:56:13] [I] Average on 10 runs - GPU latency: 0.0963379 ms - Host latency: 0.0963379 ms (enqueue 0.0805664 ms)
[02/25/2026-14:56:13] [I] Average on 10 runs - GPU latency: 0.096167 ms - Host latency: 0.096167 ms (enqueue 0.0796875 ms)
[02/25/2026-14:56:13] [I] Average on 10 runs - GPU latency: 0.0973877 ms - Host latency: 0.0973877 ms (enqueue 0.0811523 ms)
[02/25/2026-14:56:13] [I] Average on 10 runs - GPU latency: 0.0960938 ms - Host latency: 0.0960938 ms (enqueue 0.0790283 ms)
[02/25/2026-14:56:13] [I] Average on 10 runs - GPU latency: 0.095752 ms - Host latency: 0.095752 ms (enqueue 0.0806396 ms)
[02/25/2026-14:56:13] [I] Average on 10 runs - GPU latency: 0.0955322 ms - Host latency: 0.0955322 ms (enqueue 0.0804443 ms)
[02/25/2026-14:56:13] [I] Average on 10 runs - GPU latency: 0.0973389 ms - Host latency: 0.0973389 ms (enqueue 0.0822266 ms)
[02/25/2026-14:56:13] [I] Average on 10 runs - GPU latency: 0.0960449 ms - Host latency: 0.0960449 ms (enqueue 0.0795898 ms)
[02/25/2026-14:56:13] [I] Average on 10 runs - GPU latency: 0.0967285 ms - Host latency: 0.0967285 ms (enqueue 0.0798584 ms)
[02/25/2026-14:56:13] [I] Average on 10 runs - GPU latency: 0.09646 ms - Host latency: 0.09646 ms (enqueue 0.0796143 ms)
[02/25/2026-14:56:13] [I] Average on 10 runs - GPU latency: 0.0956299 ms - Host latency: 0.0956299 ms (enqueue 0.0813477 ms)
[02/25/2026-14:56:13] [I] Average on 10 runs - GPU latency: 0.0963135 ms - Host latency: 0.0963135 ms (enqueue 0.0800537 ms)
[02/25/2026-14:56:13] [I] Average on 10 runs - GPU latency: 0.0959717 ms - Host latency: 0.0959717 ms (enqueue 0.0795166 ms)
[02/25/2026-14:56:13] [I] Average on 10 runs - GPU latency: 0.0962646 ms - Host latency: 0.0962646 ms (enqueue 0.0786133 ms)
[02/25/2026-14:56:13] [I] Average on 10 runs - GPU latency: 0.0953613 ms - Host latency: 0.0953613 ms (enqueue 0.0803955 ms)
[02/25/2026-14:56:13] [I] Average on 10 runs - GPU latency: 0.0960693 ms - Host latency: 0.0960693 ms (enqueue 0.0807617 ms)
[02/25/2026-14:56:13] [I] Average on 10 runs - GPU latency: 0.0953369 ms - Host latency: 0.0953369 ms (enqueue 0.0790039 ms)
[02/25/2026-14:56:13] [I] Average on 10 runs - GPU latency: 0.0965576 ms - Host latency: 0.0965576 ms (enqueue 0.0791748 ms)
[02/25/2026-14:56:13] [I] Average on 10 runs - GPU latency: 0.096167 ms - Host latency: 0.096167 ms (enqueue 0.0841797 ms)
[02/25/2026-14:56:13] [I] Average on 10 runs - GPU latency: 0.0971924 ms - Host latency: 0.0971924 ms (enqueue 0.0808838 ms)
[02/25/2026-14:56:13] [I] Average on 10 runs - GPU latency: 0.095166 ms - Host latency: 0.095166 ms (enqueue 0.0800293 ms)
[02/25/2026-14:56:13] [I] Average on 10 runs - GPU latency: 0.0958984 ms - Host latency: 0.0958984 ms (enqueue 0.0807373 ms)
[02/25/2026-14:56:13] [I] Average on 10 runs - GPU latency: 0.0966064 ms - Host latency: 0.0966064 ms (enqueue 0.0802734 ms)
[02/25/2026-14:56:13] [I] Average on 10 runs - GPU latency: 0.0985352 ms - Host latency: 0.0985352 ms (enqueue 0.0839111 ms)
[02/25/2026-14:56:13] [I] Average on 10 runs - GPU latency: 0.0966064 ms - Host latency: 0.0966064 ms (enqueue 0.0813965 ms)
[02/25/2026-14:56:13] [I] Average on 10 runs - GPU latency: 0.0959473 ms - Host latency: 0.0959473 ms (enqueue 0.0796143 ms)
[02/25/2026-14:56:13] [I] Average on 10 runs - GPU latency: 0.095752 ms - Host latency: 0.095752 ms (enqueue 0.0801758 ms)
[02/25/2026-14:56:13] [I] Average on 10 runs - GPU latency: 0.0983887 ms - Host latency: 0.0983887 ms (enqueue 0.0828613 ms)
[02/25/2026-14:56:13] [I] Average on 10 runs - GPU latency: 0.0966309 ms - Host latency: 0.0966309 ms (enqueue 0.0791504 ms)
[02/25/2026-14:56:13] [I] Average on 10 runs - GPU latency: 0.0961914 ms - Host latency: 0.0961914 ms (enqueue 0.08125 ms)
[02/25/2026-14:56:13] [I] Average on 10 runs - GPU latency: 0.0961182 ms - Host latency: 0.0961182 ms (enqueue 0.0803955 ms)
[02/25/2026-14:56:13] [I] Average on 10 runs - GPU latency: 0.0954834 ms - Host latency: 0.0954834 ms (enqueue 0.0821533 ms)
[02/25/2026-14:56:13] [I] Average on 10 runs - GPU latency: 0.0956055 ms - Host latency: 0.0956055 ms (enqueue 0.080127 ms)
[02/25/2026-14:56:13] [I] Average on 10 runs - GPU latency: 0.0958252 ms - Host latency: 0.0958252 ms (enqueue 0.0805908 ms)
[02/25/2026-14:56:13] [I] Average on 10 runs - GPU latency: 0.0956055 ms - Host latency: 0.0956055 ms (enqueue 0.0789063 ms)
[02/25/2026-14:56:13] [I] Average on 10 runs - GPU latency: 0.0956055 ms - Host latency: 0.0956055 ms (enqueue 0.0816406 ms)
[02/25/2026-14:56:13] [I] Average on 10 runs - GPU latency: 0.0960938 ms - Host latency: 0.0960938 ms (enqueue 0.0805176 ms)
[02/25/2026-14:56:13] [I] Average on 10 runs - GPU latency: 0.0961914 ms - Host latency: 0.0961914 ms (enqueue 0.0812256 ms)
[02/25/2026-14:56:13] [I] Average on 10 runs - GPU latency: 0.0984863 ms - Host latency: 0.0984863 ms (enqueue 0.0815186 ms)
[02/25/2026-14:56:13] [I] Average on 10 runs - GPU latency: 0.0972656 ms - Host latency: 0.0972656 ms (enqueue 0.0818848 ms)
[02/25/2026-14:56:13] [I] Average on 10 runs - GPU latency: 0.0971436 ms - Host latency: 0.0971436 ms (enqueue 0.0811523 ms)
[02/25/2026-14:56:13] [I] Average on 10 runs - GPU latency: 0.0962891 ms - Host latency: 0.0962891 ms (enqueue 0.0809082 ms)
[02/25/2026-14:56:13] [I] Average on 10 runs - GPU latency: 0.0960938 ms - Host latency: 0.0960938 ms (enqueue 0.080542 ms)
[02/25/2026-14:56:13] [I] Average on 10 runs - GPU latency: 0.098999 ms - Host latency: 0.098999 ms (enqueue 0.0839844 ms)
[02/25/2026-14:56:13] [I] Average on 10 runs - GPU latency: 0.0970703 ms - Host latency: 0.0970703 ms (enqueue 0.0810303 ms)
[02/25/2026-14:56:13] [I] Average on 10 runs - GPU latency: 0.0959717 ms - Host latency: 0.0959717 ms (enqueue 0.0802246 ms)
[02/25/2026-14:56:13] [I] Average on 10 runs - GPU latency: 0.0958984 ms - Host latency: 0.0958984 ms (enqueue 0.0797363 ms)
[02/25/2026-14:56:13] [I] Average on 10 runs - GPU latency: 0.0970459 ms - Host latency: 0.0970459 ms (enqueue 0.082251 ms)
[02/25/2026-14:56:13] [I] Average on 10 runs - GPU latency: 0.096167 ms - Host latency: 0.096167 ms (enqueue 0.0804443 ms)
[02/25/2026-14:56:13] [I] Average on 10 runs - GPU latency: 0.0973389 ms - Host latency: 0.0973389 ms (enqueue 0.0806641 ms)
[02/25/2026-14:56:13] [I] Average on 10 runs - GPU latency: 0.0953369 ms - Host latency: 0.0953369 ms (enqueue 0.078833 ms)
[02/25/2026-14:56:13] [I] Average on 10 runs - GPU latency: 0.098877 ms - Host latency: 0.098877 ms (enqueue 0.0846924 ms)
[02/25/2026-14:56:13] [I] Average on 10 runs - GPU latency: 0.0961426 ms - Host latency: 0.0961426 ms (enqueue 0.0793457 ms)
[02/25/2026-14:56:13] [I] Average on 10 runs - GPU latency: 0.0958252 ms - Host latency: 0.0958252 ms (enqueue 0.0800049 ms)
[02/25/2026-14:56:13] [I] Average on 10 runs - GPU latency: 0.0956787 ms - Host latency: 0.0956787 ms (enqueue 0.080127 ms)
[02/25/2026-14:56:13] [I] Average on 10 runs - GPU latency: 0.0968018 ms - Host latency: 0.0968018 ms (enqueue 0.0824707 ms)
[02/25/2026-14:56:13] [I] Average on 10 runs - GPU latency: 0.0963867 ms - Host latency: 0.0963867 ms (enqueue 0.0800537 ms)
[02/25/2026-14:56:13] [I] Average on 10 runs - GPU latency: 0.0952637 ms - Host latency: 0.0952637 ms (enqueue 0.0801758 ms)
[02/25/2026-14:56:13] [I] Average on 10 runs - GPU latency: 0.0964844 ms - Host latency: 0.0964844 ms (enqueue 0.0797119 ms)
[02/25/2026-14:56:13] [I] Average on 10 runs - GPU latency: 0.0972168 ms - Host latency: 0.0972168 ms (enqueue 0.0827881 ms)
[02/25/2026-14:56:13] [I] Average on 10 runs - GPU latency: 0.0953369 ms - Host latency: 0.0953369 ms (enqueue 0.080249 ms)
[02/25/2026-14:56:13] [I] Average on 10 runs - GPU latency: 0.0969238 ms - Host latency: 0.0969238 ms (enqueue 0.0808594 ms)
[02/25/2026-14:56:13] [I] Average on 10 runs - GPU latency: 0.0965576 ms - Host latency: 0.0965576 ms (enqueue 0.079248 ms)
[02/25/2026-14:56:13] [I] Average on 10 runs - GPU latency: 0.0961914 ms - Host latency: 0.0961914 ms (enqueue 0.0821533 ms)
[02/25/2026-14:56:13] [I] Average on 10 runs - GPU latency: 0.09646 ms - Host latency: 0.09646 ms (enqueue 0.0813965 ms)
[02/25/2026-14:56:13] [I] Average on 10 runs - GPU latency: 0.0955811 ms - Host latency: 0.0955811 ms (enqueue 0.0804932 ms)
[02/25/2026-14:56:13] [I] Average on 10 runs - GPU latency: 0.0960693 ms - Host latency: 0.0960693 ms (enqueue 0.0806885 ms)
[02/25/2026-14:56:13] [I] Average on 10 runs - GPU latency: 0.0967285 ms - Host latency: 0.0967285 ms (enqueue 0.0816406 ms)
[02/25/2026-14:56:13] [I] Average on 10 runs - GPU latency: 0.0961914 ms - Host latency: 0.0961914 ms (enqueue 0.079541 ms)
[02/25/2026-14:56:13] [I] Average on 10 runs - GPU latency: 0.096167 ms - Host latency: 0.096167 ms (enqueue 0.0814453 ms)
[02/25/2026-14:56:13] [I] Average on 10 runs - GPU latency: 0.0970215 ms - Host latency: 0.0970215 ms (enqueue 0.0814697 ms)
[02/25/2026-14:56:13] [I] Average on 10 runs - GPU latency: 0.0985596 ms - Host latency: 0.0985596 ms (enqueue 0.0831787 ms)
[02/25/2026-14:56:13] [I] Average on 10 runs - GPU latency: 0.0982666 ms - Host latency: 0.0982666 ms (enqueue 0.0808838 ms)
[02/25/2026-14:56:13] [I] Average on 10 runs - GPU latency: 0.0960449 ms - Host latency: 0.0960449 ms (enqueue 0.080957 ms)
[02/25/2026-14:56:13] [I] Average on 10 runs - GPU latency: 0.0962891 ms - Host latency: 0.0962891 ms (enqueue 0.0804443 ms)
[02/25/2026-14:56:13] [I] Average on 10 runs - GPU latency: 0.0979736 ms - Host latency: 0.0979736 ms (enqueue 0.0838135 ms)
[02/25/2026-14:56:13] [I] Average on 10 runs - GPU latency: 0.0970459 ms - Host latency: 0.0970459 ms (enqueue 0.0802979 ms)
[02/25/2026-14:56:13] [I] Average on 10 runs - GPU latency: 0.0958496 ms - Host latency: 0.0958496 ms (enqueue 0.0796875 ms)
[02/25/2026-14:56:13] [I] Average on 10 runs - GPU latency: 0.0966797 ms - Host latency: 0.0966797 ms (enqueue 0.0796631 ms)
[02/25/2026-14:56:13] [I] Average on 10 runs - GPU latency: 0.0955322 ms - Host latency: 0.0955322 ms (enqueue 0.0817139 ms)
[02/25/2026-14:56:13] [I] Average on 10 runs - GPU latency: 0.0964111 ms - Host latency: 0.0964111 ms (enqueue 0.0796875 ms)
[02/25/2026-14:56:13] [I] Average on 10 runs - GPU latency: 0.0960938 ms - Host latency: 0.0960938 ms (enqueue 0.0797363 ms)
[02/25/2026-14:56:13] [I] Average on 10 runs - GPU latency: 0.0954834 ms - Host latency: 0.0954834 ms (enqueue 0.0797607 ms)
[02/25/2026-14:56:13] [I] Average on 10 runs - GPU latency: 0.0958008 ms - Host latency: 0.0958008 ms (enqueue 0.0832764 ms)
[02/25/2026-14:56:13] [I] Average on 10 runs - GPU latency: 0.0969238 ms - Host latency: 0.0969238 ms (enqueue 0.079834 ms)
[02/25/2026-14:56:13] [I] Average on 10 runs - GPU latency: 0.0954102 ms - Host latency: 0.0954102 ms (enqueue 0.0793457 ms)
[02/25/2026-14:56:13] [I] Average on 10 runs - GPU latency: 0.0963623 ms - Host latency: 0.0963623 ms (enqueue 0.079541 ms)
[02/25/2026-14:56:13] [I] Average on 10 runs - GPU latency: 0.0958252 ms - Host latency: 0.0958252 ms (enqueue 0.0801025 ms)
[02/25/2026-14:56:13] [I] Average on 10 runs - GPU latency: 0.0958008 ms - Host latency: 0.0958008 ms (enqueue 0.0818603 ms)
[02/25/2026-14:56:13] [I] Average on 10 runs - GPU latency: 0.0963135 ms - Host latency: 0.0963135 ms (enqueue 0.0804932 ms)
[02/25/2026-14:56:13] [I] Average on 10 runs - GPU latency: 0.0959961 ms - Host latency: 0.0959961 ms (enqueue 0.0784668 ms)
[02/25/2026-14:56:13] [I] Average on 10 runs - GPU latency: 0.0960449 ms - Host latency: 0.0960449 ms (enqueue 0.078833 ms)
[02/25/2026-14:56:13] [I] Average on 10 runs - GPU latency: 0.0951904 ms - Host latency: 0.0951904 ms (enqueue 0.0823242 ms)
[02/25/2026-14:56:13] [I] Average on 10 runs - GPU latency: 0.0953857 ms - Host latency: 0.0953857 ms (enqueue 0.0786865 ms)
[02/25/2026-14:56:13] [I] Average on 10 runs - GPU latency: 0.0958984 ms - Host latency: 0.0958984 ms (enqueue 0.0798828 ms)
[02/25/2026-14:56:13] [I] Average on 10 runs - GPU latency: 0.0955566 ms - Host latency: 0.0955566 ms (enqueue 0.0806885 ms)
[02/25/2026-14:56:13] [I] Average on 10 runs - GPU latency: 0.0956299 ms - Host latency: 0.0956299 ms (enqueue 0.0823975 ms)
[02/25/2026-14:56:13] [I] Average on 10 runs - GPU latency: 0.0959961 ms - Host latency: 0.0959961 ms (enqueue 0.0793213 ms)
[02/25/2026-14:56:13] [I] Average on 10 runs - GPU latency: 0.0966553 ms - Host latency: 0.0966553 ms (enqueue 0.0805664 ms)
[02/25/2026-14:56:13] [I] Average on 10 runs - GPU latency: 0.0958008 ms - Host latency: 0.0958008 ms (enqueue 0.0792236 ms)
[02/25/2026-14:56:13] [I] Average on 10 runs - GPU latency: 0.0967041 ms - Host latency: 0.0967041 ms (enqueue 0.0840088 ms)
[02/25/2026-14:56:13] [I] Average on 10 runs - GPU latency: 0.0956543 ms - Host latency: 0.0956543 ms (enqueue 0.0803467 ms)
[02/25/2026-14:56:13] [I] Average on 10 runs - GPU latency: 0.0964844 ms - Host latency: 0.0964844 ms (enqueue 0.0803955 ms)
[02/25/2026-14:56:13] [I] Average on 10 runs - GPU latency: 0.0963135 ms - Host latency: 0.0963135 ms (enqueue 0.080249 ms)
[02/25/2026-14:56:13] [I] Average on 10 runs - GPU latency: 0.0966064 ms - Host latency: 0.0966064 ms (enqueue 0.0811523 ms)
[02/25/2026-14:56:13] [I] Average on 10 runs - GPU latency: 0.0968506 ms - Host latency: 0.0968506 ms (enqueue 0.0799316 ms)
[02/25/2026-14:56:13] [I] Average on 10 runs - GPU latency: 0.0957275 ms - Host latency: 0.0957275 ms (enqueue 0.0809814 ms)
[02/25/2026-14:56:13] [I] Average on 10 runs - GPU latency: 0.09646 ms - Host latency: 0.09646 ms (enqueue 0.0801514 ms)
[02/25/2026-14:56:13] [I] Average on 10 runs - GPU latency: 0.0975586 ms - Host latency: 0.0975586 ms (enqueue 0.0830078 ms)
[02/25/2026-14:56:13] [I] Average on 10 runs - GPU latency: 0.0958008 ms - Host latency: 0.0958008 ms (enqueue 0.0794678 ms)
[02/25/2026-14:56:13] [I] Average on 10 runs - GPU latency: 0.0956299 ms - Host latency: 0.0956299 ms (enqueue 0.0792236 ms)
[02/25/2026-14:56:13] [I] Average on 10 runs - GPU latency: 0.0955322 ms - Host latency: 0.0955322 ms (enqueue 0.0802734 ms)
[02/25/2026-14:56:13] [I] Average on 10 runs - GPU latency: 0.0965332 ms - Host latency: 0.0965332 ms (enqueue 0.0815918 ms)
[02/25/2026-14:56:13] [I] Average on 10 runs - GPU latency: 0.0959717 ms - Host latency: 0.0959717 ms (enqueue 0.079834 ms)
[02/25/2026-14:56:13] [I] Average on 10 runs - GPU latency: 0.0960205 ms - Host latency: 0.0960205 ms (enqueue 0.0815918 ms)
[02/25/2026-14:56:13] [I] Average on 10 runs - GPU latency: 0.0960938 ms - Host latency: 0.0960938 ms (enqueue 0.079834 ms)
[02/25/2026-14:56:13] [I] Average on 10 runs - GPU latency: 0.0973633 ms - Host latency: 0.0973633 ms (enqueue 0.0824707 ms)
[02/25/2026-14:56:13] [I] Average on 10 runs - GPU latency: 0.0974121 ms - Host latency: 0.0974121 ms (enqueue 0.080835 ms)
[02/25/2026-14:56:13] [I] Average on 10 runs - GPU latency: 0.0962891 ms - Host latency: 0.0962891 ms (enqueue 0.0812988 ms)
[02/25/2026-14:56:13] [I] Average on 10 runs - GPU latency: 0.0984619 ms - Host latency: 0.0984619 ms (enqueue 0.0815186 ms)
[02/25/2026-14:56:13] [I] Average on 10 runs - GPU latency: 0.0993164 ms - Host latency: 0.0993164 ms (enqueue 0.0839355 ms)
[02/25/2026-14:56:13] [I] Average on 10 runs - GPU latency: 0.0964111 ms - Host latency: 0.0964111 ms (enqueue 0.0804443 ms)
[02/25/2026-14:56:13] [I] Average on 10 runs - GPU latency: 0.0964111 ms - Host latency: 0.0964111 ms (enqueue 0.080249 ms)
[02/25/2026-14:56:13] [I] Average on 10 runs - GPU latency: 0.0956055 ms - Host latency: 0.0956055 ms (enqueue 0.0816895 ms)
[02/25/2026-14:56:13] [I] Average on 10 runs - GPU latency: 0.0986084 ms - Host latency: 0.0986084 ms (enqueue 0.0814697 ms)
[02/25/2026-14:56:13] [I] Average on 10 runs - GPU latency: 0.0963379 ms - Host latency: 0.0963379 ms (enqueue 0.0804932 ms)
[02/25/2026-14:56:13] [I] Average on 10 runs - GPU latency: 0.0961426 ms - Host latency: 0.0961426 ms (enqueue 0.0800049 ms)
[02/25/2026-14:56:13] [I] Average on 10 runs - GPU latency: 0.096582 ms - Host latency: 0.096582 ms (enqueue 0.0821777 ms)
[02/25/2026-14:56:13] [I] Average on 10 runs - GPU latency: 0.100586 ms - Host latency: 0.100586 ms (enqueue 0.0853271 ms)
[02/25/2026-14:56:13] [I] Average on 10 runs - GPU latency: 0.0975098 ms - Host latency: 0.0975098 ms (enqueue 0.0804932 ms)
[02/25/2026-14:56:13] [I] Average on 10 runs - GPU latency: 0.0960449 ms - Host latency: 0.0960449 ms (enqueue 0.0803955 ms)
[02/25/2026-14:56:13] [I] Average on 10 runs - GPU latency: 0.0965576 ms - Host latency: 0.0965576 ms (enqueue 0.0805908 ms)
[02/25/2026-14:56:13] [I] Average on 10 runs - GPU latency: 0.0961182 ms - Host latency: 0.0961182 ms (enqueue 0.0812988 ms)
[02/25/2026-14:56:13] [I] Average on 10 runs - GPU latency: 0.0971924 ms - Host latency: 0.0971924 ms (enqueue 0.0807617 ms)
[02/25/2026-14:56:13] [I] Average on 10 runs - GPU latency: 0.0956787 ms - Host latency: 0.0956787 ms (enqueue 0.0803223 ms)
[02/25/2026-14:56:13] [I] Average on 10 runs - GPU latency: 0.0958252 ms - Host latency: 0.0958252 ms (enqueue 0.0812744 ms)
[02/25/2026-14:56:13] [I] Average on 10 runs - GPU latency: 0.0977051 ms - Host latency: 0.0977051 ms (enqueue 0.0818359 ms)
[02/25/2026-14:56:13] [I] Average on 10 runs - GPU latency: 0.0968262 ms - Host latency: 0.0968262 ms (enqueue 0.0806152 ms)
[02/25/2026-14:56:13] [I] Average on 10 runs - GPU latency: 0.0961426 ms - Host latency: 0.0961426 ms (enqueue 0.0803223 ms)
[02/25/2026-14:56:13] [I] Average on 10 runs - GPU latency: 0.0957031 ms - Host latency: 0.0957031 ms (enqueue 0.0796143 ms)
[02/25/2026-14:56:13] [I] Average on 10 runs - GPU latency: 0.0967773 ms - Host latency: 0.0967773 ms (enqueue 0.0826904 ms)
[02/25/2026-14:56:13] [I] Average on 10 runs - GPU latency: 0.0972168 ms - Host latency: 0.0972168 ms (enqueue 0.0802246 ms)
[02/25/2026-14:56:13] [I] Average on 10 runs - GPU latency: 0.0964844 ms - Host latency: 0.0964844 ms (enqueue 0.0796875 ms)
[02/25/2026-14:56:13] [I] Average on 10 runs - GPU latency: 0.0966797 ms - Host latency: 0.0966797 ms (enqueue 0.0804688 ms)
[02/25/2026-14:56:13] [I] Average on 10 runs - GPU latency: 0.0957275 ms - Host latency: 0.0957275 ms (enqueue 0.0794922 ms)
[02/25/2026-14:56:13] [I] Average on 10 runs - GPU latency: 0.0959473 ms - Host latency: 0.0959473 ms (enqueue 0.0809326 ms)
[02/25/2026-14:56:13] [I] Average on 10 runs - GPU latency: 0.0963379 ms - Host latency: 0.0963379 ms (enqueue 0.0804688 ms)
[02/25/2026-14:56:13] [I] Average on 10 runs - GPU latency: 0.0966064 ms - Host latency: 0.0966064 ms (enqueue 0.0802246 ms)
[02/25/2026-14:56:13] [I] Average on 10 runs - GPU latency: 0.0965332 ms - Host latency: 0.0965332 ms (enqueue 0.0796143 ms)
[02/25/2026-14:56:13] [I] Average on 10 runs - GPU latency: 0.0965332 ms - Host latency: 0.0965332 ms (enqueue 0.0818115 ms)
[02/25/2026-14:56:13] [I] Average on 10 runs - GPU latency: 0.0961182 ms - Host latency: 0.0961182 ms (enqueue 0.0800049 ms)
[02/25/2026-14:56:13] [I] Average on 10 runs - GPU latency: 0.0963623 ms - Host latency: 0.0963623 ms (enqueue 0.0808838 ms)
[02/25/2026-14:56:13] [I] Average on 10 runs - GPU latency: 0.09646 ms - Host latency: 0.09646 ms (enqueue 0.0784912 ms)
[02/25/2026-14:56:13] [I] Average on 10 runs - GPU latency: 0.0960205 ms - Host latency: 0.0960205 ms (enqueue 0.082251 ms)
[02/25/2026-14:56:13] [I] Average on 10 runs - GPU latency: 0.0960938 ms - Host latency: 0.0960938 ms (enqueue 0.0807617 ms)
[02/25/2026-14:56:13] [I] Average on 10 runs - GPU latency: 0.094873 ms - Host latency: 0.094873 ms (enqueue 0.07854 ms)
[02/25/2026-14:56:13] [I] Average on 10 runs - GPU latency: 0.09646 ms - Host latency: 0.09646 ms (enqueue 0.079541 ms)
[02/25/2026-14:56:13] [I] Average on 10 runs - GPU latency: 0.0968018 ms - Host latency: 0.0968018 ms (enqueue 0.0832275 ms)
[02/25/2026-14:56:13] [I] Average on 10 runs - GPU latency: 0.0963623 ms - Host latency: 0.0963623 ms (enqueue 0.0807617 ms)
[02/25/2026-14:56:13] [I] Average on 10 runs - GPU latency: 0.0958984 ms - Host latency: 0.0958984 ms (enqueue 0.0813232 ms)
[02/25/2026-14:56:13] [I] Average on 10 runs - GPU latency: 0.0958496 ms - Host latency: 0.0958496 ms (enqueue 0.0792236 ms)
[02/25/2026-14:56:13] [I] Average on 10 runs - GPU latency: 0.0960693 ms - Host latency: 0.0960693 ms (enqueue 0.0819824 ms)
[02/25/2026-14:56:13] [I] Average on 10 runs - GPU latency: 0.0961426 ms - Host latency: 0.0961426 ms (enqueue 0.0793213 ms)
[02/25/2026-14:56:13] [I] Average on 10 runs - GPU latency: 0.09646 ms - Host latency: 0.09646 ms (enqueue 0.0804688 ms)
[02/25/2026-14:56:13] [I] Average on 10 runs - GPU latency: 0.0959961 ms - Host latency: 0.0959961 ms (enqueue 0.0812256 ms)
[02/25/2026-14:56:13] [I] Average on 10 runs - GPU latency: 0.0960693 ms - Host latency: 0.0960693 ms (enqueue 0.0804199 ms)
[02/25/2026-14:56:13] [I] Average on 10 runs - GPU latency: 0.0956299 ms - Host latency: 0.0956299 ms (enqueue 0.0800049 ms)
[02/25/2026-14:56:13] [I] Average on 10 runs - GPU latency: 0.0960693 ms - Host latency: 0.0960693 ms (enqueue 0.0786377 ms)
[02/25/2026-14:56:13] [I] Average on 10 runs - GPU latency: 0.0955811 ms - Host latency: 0.0955811 ms (enqueue 0.0795654 ms)
[02/25/2026-14:56:13] [I] Average on 10 runs - GPU latency: 0.095874 ms - Host latency: 0.095874 ms (enqueue 0.0803711 ms)
[02/25/2026-14:56:13] [I] Average on 10 runs - GPU latency: 0.0967529 ms - Host latency: 0.0967529 ms (enqueue 0.0803711 ms)
[02/25/2026-14:56:13] [I] Average on 10 runs - GPU latency: 0.0962158 ms - Host latency: 0.0962158 ms (enqueue 0.0809326 ms)
[02/25/2026-14:56:13] [I] Average on 10 runs - GPU latency: 0.0960938 ms - Host latency: 0.0960938 ms (enqueue 0.0817871 ms)
[02/25/2026-14:56:13] [I] Average on 10 runs - GPU latency: 0.0965576 ms - Host latency: 0.0965576 ms (enqueue 0.0815674 ms)
[02/25/2026-14:56:13] [I] Average on 10 runs - GPU latency: 0.09729 ms - Host latency: 0.09729 ms (enqueue 0.0806396 ms)
[02/25/2026-14:56:13] [I] Average on 10 runs - GPU latency: 0.0957275 ms - Host latency: 0.0957275 ms (enqueue 0.0800781 ms)
[02/25/2026-14:56:13] [I] Average on 10 runs - GPU latency: 0.0960205 ms - Host latency: 0.0960205 ms (enqueue 0.080249 ms)
[02/25/2026-14:56:13] [I] Average on 10 runs - GPU latency: 0.0978516 ms - Host latency: 0.0978516 ms (enqueue 0.0848633 ms)
[02/25/2026-14:56:13] [I] Average on 10 runs - GPU latency: 0.0964844 ms - Host latency: 0.0964844 ms (enqueue 0.0794678 ms)
[02/25/2026-14:56:13] [I] Average on 10 runs - GPU latency: 0.0959717 ms - Host latency: 0.0959717 ms (enqueue 0.0807861 ms)
[02/25/2026-14:56:13] [I] Average on 10 runs - GPU latency: 0.0960693 ms - Host latency: 0.0960693 ms (enqueue 0.0794434 ms)
[02/25/2026-14:56:13] [I] Average on 10 runs - GPU latency: 0.0964111 ms - Host latency: 0.0964111 ms (enqueue 0.0813232 ms)
[02/25/2026-14:56:13] [I] Average on 10 runs - GPU latency: 0.095874 ms - Host latency: 0.095874 ms (enqueue 0.0788086 ms)
[02/25/2026-14:56:13] [I] Average on 10 runs - GPU latency: 0.0961914 ms - Host latency: 0.0961914 ms (enqueue 0.0805908 ms)
[02/25/2026-14:56:13] [I] Average on 10 runs - GPU latency: 0.0962646 ms - Host latency: 0.0962646 ms (enqueue 0.0808594 ms)
[02/25/2026-14:56:13] [I] Average on 10 runs - GPU latency: 0.0960938 ms - Host latency: 0.0960938 ms (enqueue 0.0824219 ms)
[02/25/2026-14:56:13] [I] Average on 10 runs - GPU latency: 0.0972168 ms - Host latency: 0.0972168 ms (enqueue 0.0814941 ms)
[02/25/2026-14:56:13] [I] Average on 10 runs - GPU latency: 0.096167 ms - Host latency: 0.096167 ms (enqueue 0.0796143 ms)
[02/25/2026-14:56:13] [I] Average on 10 runs - GPU latency: 0.0963379 ms - Host latency: 0.0963379 ms (enqueue 0.0806885 ms)
[02/25/2026-14:56:13] [I] Average on 10 runs - GPU latency: 0.096167 ms - Host latency: 0.096167 ms (enqueue 0.0818603 ms)
[02/25/2026-14:56:13] [I] Average on 10 runs - GPU latency: 0.0958984 ms - Host latency: 0.0958984 ms (enqueue 0.0787354 ms)
[02/25/2026-14:56:13] [I] Average on 10 runs - GPU latency: 0.0962402 ms - Host latency: 0.0962402 ms (enqueue 0.0802734 ms)
[02/25/2026-14:56:13] [I] Average on 10 runs - GPU latency: 0.0956787 ms - Host latency: 0.0956787 ms (enqueue 0.0805176 ms)
[02/25/2026-14:56:13] [I] Average on 10 runs - GPU latency: 0.0960693 ms - Host latency: 0.0960693 ms (enqueue 0.0820801 ms)
[02/25/2026-14:56:13] [I] Average on 10 runs - GPU latency: 0.0953369 ms - Host latency: 0.0953369 ms (enqueue 0.0802246 ms)
[02/25/2026-14:56:13] [I] Average on 10 runs - GPU latency: 0.0965576 ms - Host latency: 0.0965576 ms (enqueue 0.0791992 ms)
[02/25/2026-14:56:13] [I] Average on 10 runs - GPU latency: 0.0961426 ms - Host latency: 0.0961426 ms (enqueue 0.0794434 ms)
[02/25/2026-14:56:13] [I] Average on 10 runs - GPU latency: 0.0947021 ms - Host latency: 0.0947021 ms (enqueue 0.0803955 ms)
[02/25/2026-14:56:13] [I] Average on 10 runs - GPU latency: 0.0970215 ms - Host latency: 0.0970215 ms (enqueue 0.0819092 ms)
[02/25/2026-14:56:13] [I] Average on 10 runs - GPU latency: 0.0968262 ms - Host latency: 0.0968262 ms (enqueue 0.0817627 ms)
[02/25/2026-14:56:13] [I] Average on 10 runs - GPU latency: 0.0978027 ms - Host latency: 0.0978027 ms (enqueue 0.0817871 ms)
[02/25/2026-14:56:13] [I] Average on 10 runs - GPU latency: 0.0970215 ms - Host latency: 0.0970215 ms (enqueue 0.080249 ms)
[02/25/2026-14:56:13] [I] Average on 10 runs - GPU latency: 0.0980469 ms - Host latency: 0.0980469 ms (enqueue 0.0821045 ms)
[02/25/2026-14:56:13] [I] Average on 10 runs - GPU latency: 0.0959717 ms - Host latency: 0.0959717 ms (enqueue 0.0804932 ms)
[02/25/2026-14:56:13] [I] Average on 10 runs - GPU latency: 0.096167 ms - Host latency: 0.096167 ms (enqueue 0.0808105 ms)
[02/25/2026-14:56:13] [I] Average on 10 runs - GPU latency: 0.095752 ms - Host latency: 0.095752 ms (enqueue 0.0816406 ms)
[02/25/2026-14:56:13] [I] Average on 10 runs - GPU latency: 0.0977783 ms - Host latency: 0.0977783 ms (enqueue 0.0805908 ms)
[02/25/2026-14:56:13] [I] Average on 10 runs - GPU latency: 0.0961426 ms - Host latency: 0.0961426 ms (enqueue 0.0797852 ms)
[02/25/2026-14:56:13] [I] Average on 10 runs - GPU latency: 0.0964111 ms - Host latency: 0.0964111 ms (enqueue 0.0798584 ms)
[02/25/2026-14:56:13] [I] Average on 10 runs - GPU latency: 0.0959717 ms - Host latency: 0.0959717 ms (enqueue 0.0796143 ms)
[02/25/2026-14:56:13] [I] Average on 10 runs - GPU latency: 0.0961426 ms - Host latency: 0.0961426 ms (enqueue 0.0799072 ms)
[02/25/2026-14:56:13] [I] Average on 10 runs - GPU latency: 0.0959961 ms - Host latency: 0.0959961 ms (enqueue 0.0801758 ms)
[02/25/2026-14:56:13] [I] Average on 10 runs - GPU latency: 0.0955566 ms - Host latency: 0.0955566 ms (enqueue 0.0800293 ms)
[02/25/2026-14:56:13] [I] Average on 10 runs - GPU latency: 0.0958252 ms - Host latency: 0.0958252 ms (enqueue 0.0784668 ms)
[02/25/2026-14:56:13] [I] Average on 10 runs - GPU latency: 0.0963379 ms - Host latency: 0.0963379 ms (enqueue 0.0797119 ms)
[02/25/2026-14:56:13] [I] Average on 10 runs - GPU latency: 0.0960449 ms - Host latency: 0.0960449 ms (enqueue 0.0798096 ms)
[02/25/2026-14:56:13] [I] Average on 10 runs - GPU latency: 0.0959229 ms - Host latency: 0.0959229 ms (enqueue 0.0819336 ms)
[02/25/2026-14:56:13] [I] Average on 10 runs - GPU latency: 0.0957031 ms - Host latency: 0.0957031 ms (enqueue 0.0799805 ms)
[02/25/2026-14:56:13] [I] Average on 10 runs - GPU latency: 0.0963867 ms - Host latency: 0.0963867 ms (enqueue 0.0830811 ms)
[02/25/2026-14:56:13] [I] Average on 10 runs - GPU latency: 0.0966064 ms - Host latency: 0.0966064 ms (enqueue 0.0787109 ms)
[02/25/2026-14:56:13] [I] Average on 10 runs - GPU latency: 0.0966064 ms - Host latency: 0.0966064 ms (enqueue 0.0802979 ms)
[02/25/2026-14:56:13] [I] Average on 10 runs - GPU latency: 0.0960693 ms - Host latency: 0.0960693 ms (enqueue 0.0803467 ms)
[02/25/2026-14:56:13] [I] Average on 10 runs - GPU latency: 0.0960449 ms - Host latency: 0.0960449 ms (enqueue 0.0822266 ms)
[02/25/2026-14:56:13] [I] Average on 10 runs - GPU latency: 0.0967285 ms - Host latency: 0.0967285 ms (enqueue 0.0818603 ms)
[02/25/2026-14:56:13] [I] Average on 10 runs - GPU latency: 0.096167 ms - Host latency: 0.096167 ms (enqueue 0.0820312 ms)
[02/25/2026-14:56:13] [I] Average on 10 runs - GPU latency: 0.0977295 ms - Host latency: 0.0977295 ms (enqueue 0.0811279 ms)
[02/25/2026-14:56:13] [I] Average on 10 runs - GPU latency: 0.097876 ms - Host latency: 0.097876 ms (enqueue 0.0817627 ms)
[02/25/2026-14:56:13] [I] Average on 10 runs - GPU latency: 0.0956543 ms - Host latency: 0.0956543 ms (enqueue 0.0790039 ms)
[02/25/2026-14:56:13] [I] Average on 10 runs - GPU latency: 0.0957275 ms - Host latency: 0.0957275 ms (enqueue 0.0816895 ms)
[02/25/2026-14:56:13] [I] Average on 10 runs - GPU latency: 0.096582 ms - Host latency: 0.096582 ms (enqueue 0.0812256 ms)
[02/25/2026-14:56:13] [I] Average on 10 runs - GPU latency: 0.0994141 ms - Host latency: 0.0994141 ms (enqueue 0.0834717 ms)
[02/25/2026-14:56:13] [I] Average on 10 runs - GPU latency: 0.0977783 ms - Host latency: 0.0977783 ms (enqueue 0.0814209 ms)
[02/25/2026-14:56:13] [I] Average on 10 runs - GPU latency: 0.0968994 ms - Host latency: 0.0968994 ms (enqueue 0.0811523 ms)
[02/25/2026-14:56:13] [I] Average on 10 runs - GPU latency: 0.0975342 ms - Host latency: 0.0975342 ms (enqueue 0.081958 ms)
[02/25/2026-14:56:13] [I] Average on 10 runs - GPU latency: 0.0991699 ms - Host latency: 0.0991699 ms (enqueue 0.0831787 ms)
[02/25/2026-14:56:13] [I] Average on 10 runs - GPU latency: 0.0984375 ms - Host latency: 0.0984375 ms (enqueue 0.0827148 ms)
[02/25/2026-14:56:13] [I] Average on 10 runs - GPU latency: 0.0971191 ms - Host latency: 0.0971191 ms (enqueue 0.0814453 ms)
[02/25/2026-14:56:13] [I] Average on 10 runs - GPU latency: 0.0980957 ms - Host latency: 0.0980957 ms (enqueue 0.0815674 ms)
[02/25/2026-14:56:13] [I] Average on 10 runs - GPU latency: 0.0983887 ms - Host latency: 0.0983887 ms (enqueue 0.0822022 ms)
[02/25/2026-14:56:13] [I] Average on 10 runs - GPU latency: 0.09646 ms - Host latency: 0.09646 ms (enqueue 0.0800537 ms)
[02/25/2026-14:56:13] [I] Average on 10 runs - GPU latency: 0.0961914 ms - Host latency: 0.0961914 ms (enqueue 0.0813477 ms)
[02/25/2026-14:56:13] [I] Average on 10 runs - GPU latency: 0.09729 ms - Host latency: 0.09729 ms (enqueue 0.0816895 ms)
[02/25/2026-14:56:13] [I] Average on 10 runs - GPU latency: 0.100024 ms - Host latency: 0.100024 ms (enqueue 0.0844482 ms)
[02/25/2026-14:56:13] [I] Average on 10 runs - GPU latency: 0.0977295 ms - Host latency: 0.0977295 ms (enqueue 0.0815918 ms)
[02/25/2026-14:56:13] [I] Average on 10 runs - GPU latency: 0.0966797 ms - Host latency: 0.0966797 ms (enqueue 0.0806152 ms)
[02/25/2026-14:56:13] [I] Average on 10 runs - GPU latency: 0.0965576 ms - Host latency: 0.0965576 ms (enqueue 0.0805908 ms)
[02/25/2026-14:56:13] [I] Average on 10 runs - GPU latency: 0.0988281 ms - Host latency: 0.0988281 ms (enqueue 0.0818115 ms)
[02/25/2026-14:56:13] [I] Average on 10 runs - GPU latency: 0.0963135 ms - Host latency: 0.0963135 ms (enqueue 0.0799072 ms)
[02/25/2026-14:56:13] [I] Average on 10 runs - GPU latency: 0.0963379 ms - Host latency: 0.0963379 ms (enqueue 0.0801025 ms)
[02/25/2026-14:56:13] [I] Average on 10 runs - GPU latency: 0.0958008 ms - Host latency: 0.0958008 ms (enqueue 0.0804443 ms)
[02/25/2026-14:56:13] [I] Average on 10 runs - GPU latency: 0.0977295 ms - Host latency: 0.0977295 ms (enqueue 0.0833984 ms)
[02/25/2026-14:56:13] [I] Average on 10 runs - GPU latency: 0.0959473 ms - Host latency: 0.0959473 ms (enqueue 0.0803467 ms)
[02/25/2026-14:56:13] [I] Average on 10 runs - GPU latency: 0.0958252 ms - Host latency: 0.0958252 ms (enqueue 0.0796875 ms)
[02/25/2026-14:56:13] [I] Average on 10 runs - GPU latency: 0.0965332 ms - Host latency: 0.0965332 ms (enqueue 0.0800781 ms)
[02/25/2026-14:56:13] [I] Average on 10 runs - GPU latency: 0.0965332 ms - Host latency: 0.0965332 ms (enqueue 0.082251 ms)
[02/25/2026-14:56:13] [I] Average on 10 runs - GPU latency: 0.0956543 ms - Host latency: 0.0956543 ms (enqueue 0.0791504 ms)
[02/25/2026-14:56:13] [I] Average on 10 runs - GPU latency: 0.0956787 ms - Host latency: 0.0956787 ms (enqueue 0.0799805 ms)
[02/25/2026-14:56:13] [I] Average on 10 runs - GPU latency: 0.0959961 ms - Host latency: 0.0959961 ms (enqueue 0.0808594 ms)
[02/25/2026-14:56:13] [I] Average on 10 runs - GPU latency: 0.0969238 ms - Host latency: 0.0969238 ms (enqueue 0.0827393 ms)
[02/25/2026-14:56:13] [I] Average on 10 runs - GPU latency: 0.0966797 ms - Host latency: 0.0966797 ms (enqueue 0.0807373 ms)
[02/25/2026-14:56:13] [I] Average on 10 runs - GPU latency: 0.0957275 ms - Host latency: 0.0957275 ms (enqueue 0.0787354 ms)
[02/25/2026-14:56:13] [I] Average on 10 runs - GPU latency: 0.0956055 ms - Host latency: 0.0956055 ms (enqueue 0.0805176 ms)
[02/25/2026-14:56:13] [I] Average on 10 runs - GPU latency: 0.0971436 ms - Host latency: 0.0971436 ms (enqueue 0.0830566 ms)
[02/25/2026-14:56:13] [I] Average on 10 runs - GPU latency: 0.0980225 ms - Host latency: 0.0980225 ms (enqueue 0.0823975 ms)
[02/25/2026-14:56:13] [I] Average on 10 runs - GPU latency: 0.0971924 ms - Host latency: 0.0971924 ms (enqueue 0.0813232 ms)
[02/25/2026-14:56:13] [I] Average on 10 runs - GPU latency: 0.098291 ms - Host latency: 0.098291 ms (enqueue 0.0824951 ms)
[02/25/2026-14:56:13] [I] Average on 10 runs - GPU latency: 0.099707 ms - Host latency: 0.099707 ms (enqueue 0.0846191 ms)
[02/25/2026-14:56:13] [I] Average on 10 runs - GPU latency: 0.0970459 ms - Host latency: 0.0970459 ms (enqueue 0.0804932 ms)
[02/25/2026-14:56:13] [I] Average on 10 runs - GPU latency: 0.0963867 ms - Host latency: 0.0963867 ms (enqueue 0.0806641 ms)
[02/25/2026-14:56:13] [I] Average on 10 runs - GPU latency: 0.096582 ms - Host latency: 0.096582 ms (enqueue 0.0798828 ms)
[02/25/2026-14:56:13] [I] Average on 10 runs - GPU latency: 0.0970459 ms - Host latency: 0.0970459 ms (enqueue 0.0828125 ms)
[02/25/2026-14:56:13] [I] Average on 10 runs - GPU latency: 0.0969971 ms - Host latency: 0.0969971 ms (enqueue 0.0794434 ms)
[02/25/2026-14:56:13] [I] Average on 10 runs - GPU latency: 0.0960449 ms - Host latency: 0.0960449 ms (enqueue 0.079248 ms)
[02/25/2026-14:56:13] [I] Average on 10 runs - GPU latency: 0.0959473 ms - Host latency: 0.0959473 ms (enqueue 0.0813477 ms)
[02/25/2026-14:56:13] [I] Average on 10 runs - GPU latency: 0.0959229 ms - Host latency: 0.0959229 ms (enqueue 0.0813965 ms)
[02/25/2026-14:56:13] [I] Average on 10 runs - GPU latency: 0.0980713 ms - Host latency: 0.0980713 ms (enqueue 0.0814697 ms)
[02/25/2026-14:56:13] [I] Average on 10 runs - GPU latency: 0.0958252 ms - Host latency: 0.0958252 ms (enqueue 0.0802979 ms)
[02/25/2026-14:56:13] [I] Average on 10 runs - GPU latency: 0.0976318 ms - Host latency: 0.0976318 ms (enqueue 0.0804443 ms)
[02/25/2026-14:56:13] [I] Average on 10 runs - GPU latency: 0.0958008 ms - Host latency: 0.0958008 ms (enqueue 0.0804932 ms)
[02/25/2026-14:56:13] [I] Average on 10 runs - GPU latency: 0.0980957 ms - Host latency: 0.0980957 ms (enqueue 0.0829102 ms)
[02/25/2026-14:56:13] [I] Average on 10 runs - GPU latency: 0.096167 ms - Host latency: 0.096167 ms (enqueue 0.0807861 ms)
[02/25/2026-14:56:13] [I] Average on 10 runs - GPU latency: 0.095874 ms - Host latency: 0.095874 ms (enqueue 0.0799805 ms)
[02/25/2026-14:56:13] [I] Average on 10 runs - GPU latency: 0.0959473 ms - Host latency: 0.0959473 ms (enqueue 0.080835 ms)
[02/25/2026-14:56:13] [I] Average on 10 runs - GPU latency: 0.0981689 ms - Host latency: 0.0981689 ms (enqueue 0.0828369 ms)
[02/25/2026-14:56:13] [I] Average on 10 runs - GPU latency: 0.0963867 ms - Host latency: 0.0963867 ms (enqueue 0.0803711 ms)
[02/25/2026-14:56:13] [I] Average on 10 runs - GPU latency: 0.0973145 ms - Host latency: 0.0973145 ms (enqueue 0.0816162 ms)
[02/25/2026-14:56:13] [I] Average on 10 runs - GPU latency: 0.0969482 ms - Host latency: 0.0969482 ms (enqueue 0.0806152 ms)
[02/25/2026-14:56:13] [I] Average on 10 runs - GPU latency: 0.0996338 ms - Host latency: 0.0996338 ms (enqueue 0.0848633 ms)
[02/25/2026-14:56:13] [I] Average on 10 runs - GPU latency: 0.0989746 ms - Host latency: 0.0989746 ms (enqueue 0.0823242 ms)
[02/25/2026-14:56:13] [I] Average on 10 runs - GPU latency: 0.0969971 ms - Host latency: 0.0969971 ms (enqueue 0.0797363 ms)
[02/25/2026-14:56:13] [I] Average on 10 runs - GPU latency: 0.0949951 ms - Host latency: 0.0949951 ms (enqueue 0.0793701 ms)
[02/25/2026-14:56:13] [I] Average on 10 runs - GPU latency: 0.0978516 ms - Host latency: 0.0978516 ms (enqueue 0.0834473 ms)
[02/25/2026-14:56:13] [I] Average on 10 runs - GPU latency: 0.0968506 ms - Host latency: 0.0968506 ms (enqueue 0.08125 ms)
[02/25/2026-14:56:13] [I] Average on 10 runs - GPU latency: 0.0961182 ms - Host latency: 0.0961182 ms (enqueue 0.0793701 ms)
[02/25/2026-14:56:13] [I] Average on 10 runs - GPU latency: 0.0952881 ms - Host latency: 0.0952881 ms (enqueue 0.0799072 ms)
[02/25/2026-14:56:13] [I] Average on 10 runs - GPU latency: 0.0970947 ms - Host latency: 0.0970947 ms (enqueue 0.0825439 ms)
[02/25/2026-14:56:13] [I] Average on 10 runs - GPU latency: 0.0961182 ms - Host latency: 0.0961182 ms (enqueue 0.079248 ms)
[02/25/2026-14:56:13] [I] Average on 10 runs - GPU latency: 0.0959961 ms - Host latency: 0.0959961 ms (enqueue 0.0799805 ms)
[02/25/2026-14:56:13] [I] Average on 10 runs - GPU latency: 0.0952881 ms - Host latency: 0.0952881 ms (enqueue 0.0802979 ms)
[02/25/2026-14:56:13] [I] Average on 10 runs - GPU latency: 0.0969727 ms - Host latency: 0.0969727 ms (enqueue 0.0820557 ms)
[02/25/2026-14:56:13] [I] Average on 10 runs - GPU latency: 0.0966309 ms - Host latency: 0.0966309 ms (enqueue 0.0805908 ms)
[02/25/2026-14:56:13] [I] Average on 10 runs - GPU latency: 0.0951904 ms - Host latency: 0.0951904 ms (enqueue 0.080127 ms)
[02/25/2026-14:56:13] [I] Average on 10 runs - GPU latency: 0.0963379 ms - Host latency: 0.0963379 ms (enqueue 0.0799561 ms)
[02/25/2026-14:56:13] [I] Average on 10 runs - GPU latency: 0.0962158 ms - Host latency: 0.0962158 ms (enqueue 0.0794189 ms)
[02/25/2026-14:56:13] [I] Average on 10 runs - GPU latency: 0.0963135 ms - Host latency: 0.0963135 ms (enqueue 0.0782715 ms)
[02/25/2026-14:56:13] [I] Average on 10 runs - GPU latency: 0.0956055 ms - Host latency: 0.0956055 ms (enqueue 0.079541 ms)
[02/25/2026-14:56:13] [I] Average on 10 runs - GPU latency: 0.0960449 ms - Host latency: 0.0960449 ms (enqueue 0.0791016 ms)
[02/25/2026-14:56:13] [I] Average on 10 runs - GPU latency: 0.0956543 ms - Host latency: 0.0956543 ms (enqueue 0.083374 ms)
[02/25/2026-14:56:13] [I] Average on 10 runs - GPU latency: 0.0953857 ms - Host latency: 0.0953857 ms (enqueue 0.0809082 ms)
[02/25/2026-14:56:13] [I] Average on 10 runs - GPU latency: 0.0960693 ms - Host latency: 0.0960693 ms (enqueue 0.0808594 ms)
[02/25/2026-14:56:13] [I] Average on 10 runs - GPU latency: 0.0952881 ms - Host latency: 0.0952881 ms (enqueue 0.079834 ms)
[02/25/2026-14:56:13] [I] Average on 10 runs - GPU latency: 0.0985352 ms - Host latency: 0.0985352 ms (enqueue 0.0826416 ms)
[02/25/2026-14:56:13] [I] Average on 10 runs - GPU latency: 0.0956055 ms - Host latency: 0.0956055 ms (enqueue 0.0788574 ms)
[02/25/2026-14:56:13] [I] Average on 10 runs - GPU latency: 0.0952881 ms - Host latency: 0.0952881 ms (enqueue 0.07854 ms)
[02/25/2026-14:56:13] [I] Average on 10 runs - GPU latency: 0.0960449 ms - Host latency: 0.0960449 ms (enqueue 0.0793701 ms)
[02/25/2026-14:56:13] [I] Average on 10 runs - GPU latency: 0.0957275 ms - Host latency: 0.0957275 ms (enqueue 0.0827148 ms)
[02/25/2026-14:56:13] [I] Average on 10 runs - GPU latency: 0.0955078 ms - Host latency: 0.0955078 ms (enqueue 0.0785889 ms)
[02/25/2026-14:56:13] [I] Average on 10 runs - GPU latency: 0.095752 ms - Host latency: 0.095752 ms (enqueue 0.078833 ms)
[02/25/2026-14:56:13] [I] Average on 10 runs - GPU latency: 0.0963867 ms - Host latency: 0.0963867 ms (enqueue 0.0809326 ms)
[02/25/2026-14:56:13] [I] Average on 10 runs - GPU latency: 0.0959229 ms - Host latency: 0.0959229 ms (enqueue 0.082959 ms)
[02/25/2026-14:56:13] [I] Average on 10 runs - GPU latency: 0.0961426 ms - Host latency: 0.0961426 ms (enqueue 0.0795654 ms)
[02/25/2026-14:56:13] [I] Average on 10 runs - GPU latency: 0.0956299 ms - Host latency: 0.0956299 ms (enqueue 0.0794434 ms)
[02/25/2026-14:56:13] [I] Average on 10 runs - GPU latency: 0.0962646 ms - Host latency: 0.0962646 ms (enqueue 0.0803711 ms)
[02/25/2026-14:56:13] [I] Average on 10 runs - GPU latency: 0.0979248 ms - Host latency: 0.0979248 ms (enqueue 0.0837891 ms)
[02/25/2026-14:56:13] [I] Average on 10 runs - GPU latency: 0.0976807 ms - Host latency: 0.0976807 ms (enqueue 0.080249 ms)
[02/25/2026-14:56:13] [I] Average on 10 runs - GPU latency: 0.0957764 ms - Host latency: 0.0957764 ms (enqueue 0.0797607 ms)
[02/25/2026-14:56:13] [I] Average on 10 runs - GPU latency: 0.0963379 ms - Host latency: 0.0963379 ms (enqueue 0.0788818 ms)
[02/25/2026-14:56:13] [I] Average on 10 runs - GPU latency: 0.0955322 ms - Host latency: 0.0955322 ms (enqueue 0.0821289 ms)
[02/25/2026-14:56:13] [I] Average on 10 runs - GPU latency: 0.095874 ms - Host latency: 0.095874 ms (enqueue 0.0783936 ms)
[02/25/2026-14:56:13] [I] Average on 10 runs - GPU latency: 0.0957764 ms - Host latency: 0.0957764 ms (enqueue 0.07854 ms)
[02/25/2026-14:56:13] [I] Average on 10 runs - GPU latency: 0.095752 ms - Host latency: 0.095752 ms (enqueue 0.0803955 ms)
[02/25/2026-14:56:13] [I] Average on 10 runs - GPU latency: 0.0967285 ms - Host latency: 0.0967285 ms (enqueue 0.0811279 ms)
[02/25/2026-14:56:13] [I] Average on 10 runs - GPU latency: 0.0959229 ms - Host latency: 0.0959229 ms (enqueue 0.0803223 ms)
[02/25/2026-14:56:13] [I] Average on 10 runs - GPU latency: 0.0963623 ms - Host latency: 0.0963623 ms (enqueue 0.0787354 ms)
[02/25/2026-14:56:13] [I] Average on 10 runs - GPU latency: 0.0963379 ms - Host latency: 0.0963379 ms (enqueue 0.0798584 ms)
[02/25/2026-14:56:13] [I] Average on 10 runs - GPU latency: 0.0968506 ms - Host latency: 0.0968506 ms (enqueue 0.0807373 ms)
[02/25/2026-14:56:13] [I] Average on 10 runs - GPU latency: 0.096167 ms - Host latency: 0.096167 ms (enqueue 0.0817871 ms)
[02/25/2026-14:56:13] [I] Average on 10 runs - GPU latency: 0.0958984 ms - Host latency: 0.0958984 ms (enqueue 0.0791992 ms)
[02/25/2026-14:56:13] [I] Average on 10 runs - GPU latency: 0.0955811 ms - Host latency: 0.0955811 ms (enqueue 0.0806396 ms)
[02/25/2026-14:56:13] [I] Average on 10 runs - GPU latency: 0.09646 ms - Host latency: 0.09646 ms (enqueue 0.0797119 ms)
[02/25/2026-14:56:13] [I] Average on 10 runs - GPU latency: 0.095874 ms - Host latency: 0.095874 ms (enqueue 0.0814941 ms)
[02/25/2026-14:56:13] [I] Average on 10 runs - GPU latency: 0.0953613 ms - Host latency: 0.0953613 ms (enqueue 0.0790283 ms)
[02/25/2026-14:56:13] [I] Average on 10 runs - GPU latency: 0.0963623 ms - Host latency: 0.0963623 ms (enqueue 0.0799805 ms)
[02/25/2026-14:56:13] [I] Average on 10 runs - GPU latency: 0.0966064 ms - Host latency: 0.0966064 ms (enqueue 0.0803711 ms)
[02/25/2026-14:56:13] [I] Average on 10 runs - GPU latency: 0.0962646 ms - Host latency: 0.0962646 ms (enqueue 0.0821533 ms)
[02/25/2026-14:56:13] [I] Average on 10 runs - GPU latency: 0.0962402 ms - Host latency: 0.0962402 ms (enqueue 0.080542 ms)
[02/25/2026-14:56:13] [I] Average on 10 runs - GPU latency: 0.0960693 ms - Host latency: 0.0960693 ms (enqueue 0.0797607 ms)
[02/25/2026-14:56:13] [I] Average on 10 runs - GPU latency: 0.0962158 ms - Host latency: 0.0962158 ms (enqueue 0.0801758 ms)
[02/25/2026-14:56:13] [I] Average on 10 runs - GPU latency: 0.0974853 ms - Host latency: 0.0974853 ms (enqueue 0.0851074 ms)
[02/25/2026-14:56:13] [I] Average on 10 runs - GPU latency: 0.0965332 ms - Host latency: 0.0965332 ms (enqueue 0.0792969 ms)
[02/25/2026-14:56:13] [I] Average on 10 runs - GPU latency: 0.0963135 ms - Host latency: 0.0963135 ms (enqueue 0.0803467 ms)
[02/25/2026-14:56:13] [I] Average on 10 runs - GPU latency: 0.096582 ms - Host latency: 0.096582 ms (enqueue 0.0813965 ms)
[02/25/2026-14:56:13] [I] Average on 10 runs - GPU latency: 0.0973389 ms - Host latency: 0.0973389 ms (enqueue 0.0836426 ms)
[02/25/2026-14:56:13] [I] Average on 10 runs - GPU latency: 0.0971191 ms - Host latency: 0.0971191 ms (enqueue 0.0802979 ms)
[02/25/2026-14:56:13] [I] Average on 10 runs - GPU latency: 0.0956055 ms - Host latency: 0.0956055 ms (enqueue 0.0812256 ms)
[02/25/2026-14:56:13] [I] Average on 10 runs - GPU latency: 0.0966797 ms - Host latency: 0.0966797 ms (enqueue 0.0796875 ms)
[02/25/2026-14:56:13] [I] Average on 10 runs - GPU latency: 0.0978027 ms - Host latency: 0.0978027 ms (enqueue 0.0827393 ms)
[02/25/2026-14:56:13] [I] Average on 10 runs - GPU latency: 0.0957275 ms - Host latency: 0.0957275 ms (enqueue 0.0797852 ms)
[02/25/2026-14:56:13] [I] Average on 10 runs - GPU latency: 0.096582 ms - Host latency: 0.096582 ms (enqueue 0.0804443 ms)
[02/25/2026-14:56:13] [I] Average on 10 runs - GPU latency: 0.0965576 ms - Host latency: 0.0965576 ms (enqueue 0.0811523 ms)
[02/25/2026-14:56:13] [I] Average on 10 runs - GPU latency: 0.0968506 ms - Host latency: 0.0968506 ms (enqueue 0.0801025 ms)
[02/25/2026-14:56:13] [I] Average on 10 runs - GPU latency: 0.0959473 ms - Host latency: 0.0959473 ms (enqueue 0.0798584 ms)
[02/25/2026-14:56:13] [I] Average on 10 runs - GPU latency: 0.0960205 ms - Host latency: 0.0960205 ms (enqueue 0.0791748 ms)
[02/25/2026-14:56:13] [I] Average on 10 runs - GPU latency: 0.0959961 ms - Host latency: 0.0959961 ms (enqueue 0.0793701 ms)
[02/25/2026-14:56:13] [I] Average on 10 runs - GPU latency: 0.0959717 ms - Host latency: 0.0959717 ms (enqueue 0.0799561 ms)
[02/25/2026-14:56:13] [I] Average on 10 runs - GPU latency: 0.0958496 ms - Host latency: 0.0958496 ms (enqueue 0.0797607 ms)
[02/25/2026-14:56:13] [I] Average on 10 runs - GPU latency: 0.0958008 ms - Host latency: 0.0958008 ms (enqueue 0.0808105 ms)
[02/25/2026-14:56:13] [I] Average on 10 runs - GPU latency: 0.0963867 ms - Host latency: 0.0963867 ms (enqueue 0.0810059 ms)
[02/25/2026-14:56:13] [I] Average on 10 runs - GPU latency: 0.096167 ms - Host latency: 0.096167 ms (enqueue 0.0817383 ms)
[02/25/2026-14:56:13] [I] Average on 10 runs - GPU latency: 0.0957031 ms - Host latency: 0.0957031 ms (enqueue 0.0798828 ms)
[02/25/2026-14:56:13] [I] Average on 10 runs - GPU latency: 0.09646 ms - Host latency: 0.09646 ms (enqueue 0.0806152 ms)
[02/25/2026-14:56:13] [I] Average on 10 runs - GPU latency: 0.0956543 ms - Host latency: 0.0956543 ms (enqueue 0.0789551 ms)
[02/25/2026-14:56:13] [I] Average on 10 runs - GPU latency: 0.0956543 ms - Host latency: 0.0956543 ms (enqueue 0.0821777 ms)
[02/25/2026-14:56:13] [I] Average on 10 runs - GPU latency: 0.0959717 ms - Host latency: 0.0959717 ms (enqueue 0.0799561 ms)
[02/25/2026-14:56:13] [I] Average on 10 runs - GPU latency: 0.0957275 ms - Host latency: 0.0957275 ms (enqueue 0.0812256 ms)
[02/25/2026-14:56:13] [I] Average on 10 runs - GPU latency: 0.0962158 ms - Host latency: 0.0962158 ms (enqueue 0.0808594 ms)
[02/25/2026-14:56:13] [I] Average on 10 runs - GPU latency: 0.0979004 ms - Host latency: 0.0979004 ms (enqueue 0.0833496 ms)
[02/25/2026-14:56:13] [I] Average on 10 runs - GPU latency: 0.0964111 ms - Host latency: 0.0964111 ms (enqueue 0.0798096 ms)
[02/25/2026-14:56:13] [I] Average on 10 runs - GPU latency: 0.0954102 ms - Host latency: 0.0954102 ms (enqueue 0.0801025 ms)
[02/25/2026-14:56:13] [I] Average on 10 runs - GPU latency: 0.0983398 ms - Host latency: 0.0983398 ms (enqueue 0.0827148 ms)
[02/25/2026-14:56:13] [I] Average on 10 runs - GPU latency: 0.0973877 ms - Host latency: 0.0973877 ms (enqueue 0.0814697 ms)
[02/25/2026-14:56:13] [I] Average on 10 runs - GPU latency: 0.0962158 ms - Host latency: 0.0962158 ms (enqueue 0.079834 ms)
[02/25/2026-14:56:13] [I] Average on 10 runs - GPU latency: 0.0955566 ms - Host latency: 0.0955566 ms (enqueue 0.079834 ms)
[02/25/2026-14:56:13] [I] Average on 10 runs - GPU latency: 0.0963135 ms - Host latency: 0.0963135 ms (enqueue 0.0794922 ms)
[02/25/2026-14:56:13] [I] Average on 10 runs - GPU latency: 0.0954346 ms - Host latency: 0.0954346 ms (enqueue 0.0828857 ms)
[02/25/2026-14:56:13] [I] Average on 10 runs - GPU latency: 0.0966309 ms - Host latency: 0.0966309 ms (enqueue 0.0793457 ms)
[02/25/2026-14:56:13] [I] Average on 10 runs - GPU latency: 0.0960938 ms - Host latency: 0.0960938 ms (enqueue 0.0804932 ms)
[02/25/2026-14:56:13] [I] Average on 10 runs - GPU latency: 0.0960938 ms - Host latency: 0.0960938 ms (enqueue 0.0813232 ms)
[02/25/2026-14:56:13] [I] Average on 10 runs - GPU latency: 0.0964111 ms - Host latency: 0.0964111 ms (enqueue 0.080127 ms)
[02/25/2026-14:56:13] [I] Average on 10 runs - GPU latency: 0.09646 ms - Host latency: 0.09646 ms (enqueue 0.0810791 ms)
[02/25/2026-14:56:13] [I] Average on 10 runs - GPU latency: 0.0964111 ms - Host latency: 0.0964111 ms (enqueue 0.0805908 ms)
[02/25/2026-14:56:13] [I] Average on 10 runs - GPU latency: 0.0958496 ms - Host latency: 0.0958496 ms (enqueue 0.0797607 ms)
[02/25/2026-14:56:13] [I] Average on 10 runs - GPU latency: 0.096167 ms - Host latency: 0.096167 ms (enqueue 0.0796387 ms)
[02/25/2026-14:56:13] [I] Average on 10 runs - GPU latency: 0.0960938 ms - Host latency: 0.0960938 ms (enqueue 0.0812012 ms)
[02/25/2026-14:56:13] [I] Average on 10 runs - GPU latency: 0.0958984 ms - Host latency: 0.0958984 ms (enqueue 0.0810059 ms)
[02/25/2026-14:56:13] [I] Average on 10 runs - GPU latency: 0.0960693 ms - Host latency: 0.0960693 ms (enqueue 0.080249 ms)
[02/25/2026-14:56:13] [I] Average on 10 runs - GPU latency: 0.0963623 ms - Host latency: 0.0963623 ms (enqueue 0.0800781 ms)
[02/25/2026-14:56:13] [I] Average on 10 runs - GPU latency: 0.0963623 ms - Host latency: 0.0963623 ms (enqueue 0.08125 ms)
[02/25/2026-14:56:13] [I] Average on 10 runs - GPU latency: 0.0962891 ms - Host latency: 0.0962891 ms (enqueue 0.0807129 ms)
[02/25/2026-14:56:13] [I] Average on 10 runs - GPU latency: 0.0964111 ms - Host latency: 0.0964111 ms (enqueue 0.0804688 ms)
[02/25/2026-14:56:13] [I] Average on 10 runs - GPU latency: 0.095166 ms - Host latency: 0.095166 ms (enqueue 0.0792969 ms)
[02/25/2026-14:56:13] [I] Average on 10 runs - GPU latency: 0.0972656 ms - Host latency: 0.0972656 ms (enqueue 0.0830322 ms)
[02/25/2026-14:56:13] [I] Average on 10 runs - GPU latency: 0.0975586 ms - Host latency: 0.0975586 ms (enqueue 0.0810303 ms)
[02/25/2026-14:56:13] [I] Average on 10 runs - GPU latency: 0.095459 ms - Host latency: 0.095459 ms (enqueue 0.0796143 ms)
[02/25/2026-14:56:13] [I] Average on 10 runs - GPU latency: 0.0963379 ms - Host latency: 0.0963379 ms (enqueue 0.079541 ms)
[02/25/2026-14:56:13] [I] Average on 10 runs - GPU latency: 0.0960693 ms - Host latency: 0.0960693 ms (enqueue 0.0830566 ms)
[02/25/2026-14:56:13] [I] Average on 10 runs - GPU latency: 0.0967041 ms - Host latency: 0.0967041 ms (enqueue 0.0784912 ms)
[02/25/2026-14:56:13] [I] Average on 10 runs - GPU latency: 0.0966553 ms - Host latency: 0.0966553 ms (enqueue 0.0803467 ms)
[02/25/2026-14:56:13] [I] Average on 10 runs - GPU latency: 0.0952637 ms - Host latency: 0.0952637 ms (enqueue 0.079126 ms)
[02/25/2026-14:56:13] [I] Average on 10 runs - GPU latency: 0.0955322 ms - Host latency: 0.0955322 ms (enqueue 0.0822998 ms)
[02/25/2026-14:56:13] [I] Average on 10 runs - GPU latency: 0.0964355 ms - Host latency: 0.0964355 ms (enqueue 0.0806396 ms)
[02/25/2026-14:56:13] [I] Average on 10 runs - GPU latency: 0.0960693 ms - Host latency: 0.0960693 ms (enqueue 0.0798828 ms)
[02/25/2026-14:56:13] [I] Average on 10 runs - GPU latency: 0.0962646 ms - Host latency: 0.0962646 ms (enqueue 0.0800537 ms)
[02/25/2026-14:56:13] [I] Average on 10 runs - GPU latency: 0.0960693 ms - Host latency: 0.0960693 ms (enqueue 0.0826416 ms)
[02/25/2026-14:56:13] [I] Average on 10 runs - GPU latency: 0.0961426 ms - Host latency: 0.0961426 ms (enqueue 0.0793945 ms)
[02/25/2026-14:56:13] [I] Average on 10 runs - GPU latency: 0.0965332 ms - Host latency: 0.0965332 ms (enqueue 0.0800293 ms)
[02/25/2026-14:56:13] [I] Average on 10 runs - GPU latency: 0.0965576 ms - Host latency: 0.0965576 ms (enqueue 0.0811768 ms)
[02/25/2026-14:56:13] [I] Average on 10 runs - GPU latency: 0.0967773 ms - Host latency: 0.0967773 ms (enqueue 0.0814453 ms)
[02/25/2026-14:56:13] [I] Average on 10 runs - GPU latency: 0.0956787 ms - Host latency: 0.0956787 ms (enqueue 0.0811768 ms)
[02/25/2026-14:56:13] [I] Average on 10 runs - GPU latency: 0.0959229 ms - Host latency: 0.0959229 ms (enqueue 0.0786621 ms)
[02/25/2026-14:56:13] [I] Average on 10 runs - GPU latency: 0.0961426 ms - Host latency: 0.0961426 ms (enqueue 0.0804199 ms)
[02/25/2026-14:56:13] [I] Average on 10 runs - GPU latency: 0.0955811 ms - Host latency: 0.0955811 ms (enqueue 0.0825684 ms)
[02/25/2026-14:56:13] [I] Average on 10 runs - GPU latency: 0.0956299 ms - Host latency: 0.0956299 ms (enqueue 0.0801025 ms)
[02/25/2026-14:56:13] [I] Average on 10 runs - GPU latency: 0.0961182 ms - Host latency: 0.0961182 ms (enqueue 0.0787842 ms)
[02/25/2026-14:56:13] [I] Average on 10 runs - GPU latency: 0.0961426 ms - Host latency: 0.0961426 ms (enqueue 0.0805908 ms)
[02/25/2026-14:56:13] [I] Average on 10 runs - GPU latency: 0.0966553 ms - Host latency: 0.0966553 ms (enqueue 0.0831299 ms)
[02/25/2026-14:56:13] [I] Average on 10 runs - GPU latency: 0.0972412 ms - Host latency: 0.0972412 ms (enqueue 0.0815186 ms)
[02/25/2026-14:56:13] [I] Average on 10 runs - GPU latency: 0.0962646 ms - Host latency: 0.0962646 ms (enqueue 0.0807861 ms)
[02/25/2026-14:56:13] [I] Average on 10 runs - GPU latency: 0.0968506 ms - Host latency: 0.0968506 ms (enqueue 0.0817383 ms)
[02/25/2026-14:56:13] [I] Average on 10 runs - GPU latency: 0.0987793 ms - Host latency: 0.0987793 ms (enqueue 0.0825684 ms)
[02/25/2026-14:56:13] [I] Average on 10 runs - GPU latency: 0.0966553 ms - Host latency: 0.0966553 ms (enqueue 0.079248 ms)
[02/25/2026-14:56:13] [I] Average on 10 runs - GPU latency: 0.096167 ms - Host latency: 0.096167 ms (enqueue 0.0791016 ms)
[02/25/2026-14:56:13] [I] Average on 10 runs - GPU latency: 0.0959229 ms - Host latency: 0.0959229 ms (enqueue 0.0802734 ms)
[02/25/2026-14:56:13] [I] Average on 10 runs - GPU latency: 0.0960205 ms - Host latency: 0.0960205 ms (enqueue 0.0799561 ms)
[02/25/2026-14:56:13] [I] Average on 10 runs - GPU latency: 0.0961426 ms - Host latency: 0.0961426 ms (enqueue 0.0799805 ms)
[02/25/2026-14:56:13] [I] Average on 10 runs - GPU latency: 0.0963623 ms - Host latency: 0.0963623 ms (enqueue 0.0795898 ms)
[02/25/2026-14:56:13] [I] Average on 10 runs - GPU latency: 0.0963135 ms - Host latency: 0.0963135 ms (enqueue 0.0811523 ms)
[02/25/2026-14:56:13] [I] Average on 10 runs - GPU latency: 0.0951904 ms - Host latency: 0.0951904 ms (enqueue 0.0821045 ms)
[02/25/2026-14:56:13] [I] Average on 10 runs - GPU latency: 0.0961914 ms - Host latency: 0.0961914 ms (enqueue 0.0811523 ms)
[02/25/2026-14:56:13] [I] Average on 10 runs - GPU latency: 0.09646 ms - Host latency: 0.09646 ms (enqueue 0.0802979 ms)
[02/25/2026-14:56:13] [I] Average on 10 runs - GPU latency: 0.0960205 ms - Host latency: 0.0960205 ms (enqueue 0.0812256 ms)
[02/25/2026-14:56:13] [I] Average on 10 runs - GPU latency: 0.0955566 ms - Host latency: 0.0955566 ms (enqueue 0.0800781 ms)
[02/25/2026-14:56:13] [I] Average on 10 runs - GPU latency: 0.0975342 ms - Host latency: 0.0975342 ms (enqueue 0.0823975 ms)
[02/25/2026-14:56:13] [I] Average on 10 runs - GPU latency: 0.0956299 ms - Host latency: 0.0956299 ms (enqueue 0.0808838 ms)
[02/25/2026-14:56:13] [I] Average on 10 runs - GPU latency: 0.0965088 ms - Host latency: 0.0965088 ms (enqueue 0.080957 ms)
[02/25/2026-14:56:13] [I] Average on 10 runs - GPU latency: 0.0961182 ms - Host latency: 0.0961182 ms (enqueue 0.0799316 ms)
[02/25/2026-14:56:13] [I] Average on 10 runs - GPU latency: 0.0989014 ms - Host latency: 0.0989014 ms (enqueue 0.0820312 ms)
[02/25/2026-14:56:13] [I] Average on 10 runs - GPU latency: 0.0966553 ms - Host latency: 0.0966553 ms (enqueue 0.0811523 ms)
[02/25/2026-14:56:13] [I] Average on 10 runs - GPU latency: 0.0958984 ms - Host latency: 0.0958984 ms (enqueue 0.0788086 ms)
[02/25/2026-14:56:13] [I] Average on 10 runs - GPU latency: 0.0965088 ms - Host latency: 0.0965088 ms (enqueue 0.0795654 ms)
[02/25/2026-14:56:13] [I] Average on 10 runs - GPU latency: 0.0966553 ms - Host latency: 0.0966553 ms (enqueue 0.0817627 ms)
[02/25/2026-14:56:13] [I] Average on 10 runs - GPU latency: 0.0960205 ms - Host latency: 0.0960205 ms (enqueue 0.080542 ms)
[02/25/2026-14:56:13] [I] Average on 10 runs - GPU latency: 0.0953369 ms - Host latency: 0.0953369 ms (enqueue 0.0800293 ms)
[02/25/2026-14:56:13] [I] Average on 10 runs - GPU latency: 0.0959229 ms - Host latency: 0.0959229 ms (enqueue 0.0807617 ms)
[02/25/2026-14:56:13] [I] Average on 10 runs - GPU latency: 0.0977295 ms - Host latency: 0.0977295 ms (enqueue 0.0820068 ms)
[02/25/2026-14:56:13] [I] Average on 10 runs - GPU latency: 0.0958252 ms - Host latency: 0.0958252 ms (enqueue 0.0792236 ms)
[02/25/2026-14:56:13] [I] Average on 10 runs - GPU latency: 0.0966064 ms - Host latency: 0.0966064 ms (enqueue 0.0790771 ms)
[02/25/2026-14:56:13] [I] Average on 10 runs - GPU latency: 0.0949951 ms - Host latency: 0.0949951 ms (enqueue 0.0806152 ms)
[02/25/2026-14:56:13] [I] Average on 10 runs - GPU latency: 0.0962646 ms - Host latency: 0.0962646 ms (enqueue 0.0818115 ms)
[02/25/2026-14:56:13] [I] Average on 10 runs - GPU latency: 0.0964844 ms - Host latency: 0.0964844 ms (enqueue 0.0812012 ms)
[02/25/2026-14:56:13] [I] Average on 10 runs - GPU latency: 0.096875 ms - Host latency: 0.096875 ms (enqueue 0.0809326 ms)
[02/25/2026-14:56:13] [I] Average on 10 runs - GPU latency: 0.0962158 ms - Host latency: 0.0962158 ms (enqueue 0.0800781 ms)
[02/25/2026-14:56:13] [I] Average on 10 runs - GPU latency: 0.0987793 ms - Host latency: 0.0987793 ms (enqueue 0.0835449 ms)
[02/25/2026-14:56:13] [I] Average on 10 runs - GPU latency: 0.0967773 ms - Host latency: 0.0967773 ms (enqueue 0.0804932 ms)
[02/25/2026-14:56:13] [I] Average on 10 runs - GPU latency: 0.0956299 ms - Host latency: 0.0956299 ms (enqueue 0.0796387 ms)
[02/25/2026-14:56:13] [I] Average on 10 runs - GPU latency: 0.0958496 ms - Host latency: 0.0958496 ms (enqueue 0.0796875 ms)
[02/25/2026-14:56:13] [I] Average on 10 runs - GPU latency: 0.096582 ms - Host latency: 0.096582 ms (enqueue 0.0823242 ms)
[02/25/2026-14:56:13] [I] Average on 10 runs - GPU latency: 0.0958984 ms - Host latency: 0.0958984 ms (enqueue 0.0803711 ms)
[02/25/2026-14:56:13] [I] Average on 10 runs - GPU latency: 0.0979736 ms - Host latency: 0.0979736 ms (enqueue 0.0821777 ms)
[02/25/2026-14:56:13] [I] Average on 10 runs - GPU latency: 0.0984619 ms - Host latency: 0.0984619 ms (enqueue 0.0819824 ms)
[02/25/2026-14:56:13] [I] Average on 10 runs - GPU latency: 0.100562 ms - Host latency: 0.100562 ms (enqueue 0.0848389 ms)
[02/25/2026-14:56:13] [I] Average on 10 runs - GPU latency: 0.0966797 ms - Host latency: 0.0966797 ms (enqueue 0.0802246 ms)
[02/25/2026-14:56:13] [I] Average on 10 runs - GPU latency: 0.09646 ms - Host latency: 0.09646 ms (enqueue 0.0804932 ms)
[02/25/2026-14:56:13] [I] Average on 10 runs - GPU latency: 0.0960449 ms - Host latency: 0.0960449 ms (enqueue 0.080249 ms)
[02/25/2026-14:56:13] [I] Average on 10 runs - GPU latency: 0.0984619 ms - Host latency: 0.0984619 ms (enqueue 0.0834717 ms)
[02/25/2026-14:56:13] [I] Average on 10 runs - GPU latency: 0.0985596 ms - Host latency: 0.0985596 ms (enqueue 0.0828125 ms)
[02/25/2026-14:56:13] [I] Average on 10 runs - GPU latency: 0.0978516 ms - Host latency: 0.0978516 ms (enqueue 0.0819336 ms)
[02/25/2026-14:56:13] [I] Average on 10 runs - GPU latency: 0.0988281 ms - Host latency: 0.0988281 ms (enqueue 0.0821533 ms)
[02/25/2026-14:56:13] [I] Average on 10 runs - GPU latency: 0.100439 ms - Host latency: 0.100439 ms (enqueue 0.0851562 ms)
[02/25/2026-14:56:13] [I] Average on 10 runs - GPU latency: 0.0967041 ms - Host latency: 0.0967041 ms (enqueue 0.0794678 ms)
[02/25/2026-14:56:13] [I] Average on 10 runs - GPU latency: 0.0961182 ms - Host latency: 0.0961182 ms (enqueue 0.0806152 ms)
[02/25/2026-14:56:13] [I] Average on 10 runs - GPU latency: 0.0955811 ms - Host latency: 0.0955811 ms (enqueue 0.080542 ms)
[02/25/2026-14:56:13] [I] Average on 10 runs - GPU latency: 0.0965088 ms - Host latency: 0.0965088 ms (enqueue 0.0807373 ms)
[02/25/2026-14:56:13] [I] Average on 10 runs - GPU latency: 0.096167 ms - Host latency: 0.096167 ms (enqueue 0.0804932 ms)
[02/25/2026-14:56:13] [I] Average on 10 runs - GPU latency: 0.0958252 ms - Host latency: 0.0958252 ms (enqueue 0.080835 ms)
[02/25/2026-14:56:13] [I] Average on 10 runs - GPU latency: 0.0962646 ms - Host latency: 0.0962646 ms (enqueue 0.0796143 ms)
[02/25/2026-14:56:13] [I] Average on 10 runs - GPU latency: 0.096167 ms - Host latency: 0.096167 ms (enqueue 0.0816162 ms)
[02/25/2026-14:56:13] [I] Average on 10 runs - GPU latency: 0.0957275 ms - Host latency: 0.0957275 ms (enqueue 0.0784668 ms)
[02/25/2026-14:56:13] [I] Average on 10 runs - GPU latency: 0.0955322 ms - Host latency: 0.0955322 ms (enqueue 0.0789551 ms)
[02/25/2026-14:56:13] [I] Average on 10 runs - GPU latency: 0.0957764 ms - Host latency: 0.0957764 ms (enqueue 0.0799072 ms)
[02/25/2026-14:56:13] [I] Average on 10 runs - GPU latency: 0.0959473 ms - Host latency: 0.0959473 ms (enqueue 0.082251 ms)
[02/25/2026-14:56:13] [I] Average on 10 runs - GPU latency: 0.0957031 ms - Host latency: 0.0957031 ms (enqueue 0.0798584 ms)
[02/25/2026-14:56:13] [I] Average on 10 runs - GPU latency: 0.0952148 ms - Host latency: 0.0952148 ms (enqueue 0.0790039 ms)
[02/25/2026-14:56:13] [I] Average on 10 runs - GPU latency: 0.0958984 ms - Host latency: 0.0958984 ms (enqueue 0.0793457 ms)
[02/25/2026-14:56:13] [I] Average on 10 runs - GPU latency: 0.095874 ms - Host latency: 0.095874 ms (enqueue 0.0797119 ms)
[02/25/2026-14:56:13] [I] Average on 10 runs - GPU latency: 0.0961182 ms - Host latency: 0.0961182 ms (enqueue 0.0809326 ms)
[02/25/2026-14:56:13] [I] Average on 10 runs - GPU latency: 0.0957031 ms - Host latency: 0.0957031 ms (enqueue 0.0791504 ms)
[02/25/2026-14:56:13] [I] Average on 10 runs - GPU latency: 0.0966064 ms - Host latency: 0.0966064 ms (enqueue 0.0794434 ms)
[02/25/2026-14:56:13] [I] Average on 10 runs - GPU latency: 0.0952881 ms - Host latency: 0.0952881 ms (enqueue 0.080249 ms)
[02/25/2026-14:56:13] [I] Average on 10 runs - GPU latency: 0.0958984 ms - Host latency: 0.0958984 ms (enqueue 0.0799072 ms)
[02/25/2026-14:56:13] [I] Average on 10 runs - GPU latency: 0.0963867 ms - Host latency: 0.0963867 ms (enqueue 0.0802002 ms)
[02/25/2026-14:56:13] [I] Average on 10 runs - GPU latency: 0.0960693 ms - Host latency: 0.0960693 ms (enqueue 0.0802734 ms)
[02/25/2026-14:56:13] [I] Average on 10 runs - GPU latency: 0.0960449 ms - Host latency: 0.0960449 ms (enqueue 0.0814209 ms)
[02/25/2026-14:56:13] [I] Average on 10 runs - GPU latency: 0.0957764 ms - Host latency: 0.0957764 ms (enqueue 0.0804199 ms)
[02/25/2026-14:56:13] [I] Average on 10 runs - GPU latency: 0.0963867 ms - Host latency: 0.0963867 ms (enqueue 0.0799561 ms)
[02/25/2026-14:56:13] [I] Average on 10 runs - GPU latency: 0.0957275 ms - Host latency: 0.0957275 ms (enqueue 0.0793945 ms)
[02/25/2026-14:56:13] [I] Average on 10 runs - GPU latency: 0.0962402 ms - Host latency: 0.0962402 ms (enqueue 0.0790039 ms)
[02/25/2026-14:56:13] [I] Average on 10 runs - GPU latency: 0.0961914 ms - Host latency: 0.0961914 ms (enqueue 0.0802734 ms)
[02/25/2026-14:56:13] [I] Average on 10 runs - GPU latency: 0.0960205 ms - Host latency: 0.0960205 ms (enqueue 0.0802979 ms)
[02/25/2026-14:56:13] [I] Average on 10 runs - GPU latency: 0.0959717 ms - Host latency: 0.0959717 ms (enqueue 0.0808838 ms)
[02/25/2026-14:56:13] [I] Average on 10 runs - GPU latency: 0.0956543 ms - Host latency: 0.0956543 ms (enqueue 0.0798584 ms)
[02/25/2026-14:56:13] [I] Average on 10 runs - GPU latency: 0.095874 ms - Host latency: 0.095874 ms (enqueue 0.0831543 ms)
[02/25/2026-14:56:13] [I] Average on 10 runs - GPU latency: 0.096875 ms - Host latency: 0.096875 ms (enqueue 0.0810547 ms)
[02/25/2026-14:56:13] [I] Average on 10 runs - GPU latency: 0.0963135 ms - Host latency: 0.0963135 ms (enqueue 0.0792969 ms)
[02/25/2026-14:56:13] [I] Average on 10 runs - GPU latency: 0.096167 ms - Host latency: 0.096167 ms (enqueue 0.0800049 ms)
[02/25/2026-14:56:13] [I] Average on 10 runs - GPU latency: 0.0968018 ms - Host latency: 0.0968018 ms (enqueue 0.0827881 ms)
[02/25/2026-14:56:13] [I] Average on 10 runs - GPU latency: 0.0954834 ms - Host latency: 0.0954834 ms (enqueue 0.0800781 ms)
[02/25/2026-14:56:13] [I] Average on 10 runs - GPU latency: 0.0960449 ms - Host latency: 0.0960449 ms (enqueue 0.0807373 ms)
[02/25/2026-14:56:13] [I] Average on 10 runs - GPU latency: 0.0962891 ms - Host latency: 0.0962891 ms (enqueue 0.0796875 ms)
[02/25/2026-14:56:13] [I] Average on 10 runs - GPU latency: 0.095752 ms - Host latency: 0.095752 ms (enqueue 0.0831787 ms)
[02/25/2026-14:56:13] [I] Average on 10 runs - GPU latency: 0.0972412 ms - Host latency: 0.0972412 ms (enqueue 0.0805908 ms)
[02/25/2026-14:56:13] [I] Average on 10 runs - GPU latency: 0.0958252 ms - Host latency: 0.0958252 ms (enqueue 0.0802246 ms)
[02/25/2026-14:56:13] [I] Average on 10 runs - GPU latency: 0.0963135 ms - Host latency: 0.0963135 ms (enqueue 0.0798096 ms)
[02/25/2026-14:56:13] [I] Average on 10 runs - GPU latency: 0.0960938 ms - Host latency: 0.0960938 ms (enqueue 0.0831543 ms)
[02/25/2026-14:56:13] [I] Average on 10 runs - GPU latency: 0.0967529 ms - Host latency: 0.0967529 ms (enqueue 0.0813477 ms)
[02/25/2026-14:56:13] [I] Average on 10 runs - GPU latency: 0.0963379 ms - Host latency: 0.0963379 ms (enqueue 0.0801025 ms)
[02/25/2026-14:56:13] [I] Average on 10 runs - GPU latency: 0.0963379 ms - Host latency: 0.0963379 ms (enqueue 0.0797607 ms)
[02/25/2026-14:56:13] [I] Average on 10 runs - GPU latency: 0.0969238 ms - Host latency: 0.0969238 ms (enqueue 0.0826416 ms)
[02/25/2026-14:56:13] [I] Average on 10 runs - GPU latency: 0.0960449 ms - Host latency: 0.0960449 ms (enqueue 0.0799316 ms)
[02/25/2026-14:56:13] [I] Average on 10 runs - GPU latency: 0.0964111 ms - Host latency: 0.0964111 ms (enqueue 0.0814209 ms)
[02/25/2026-14:56:13] [I] Average on 10 runs - GPU latency: 0.0958496 ms - Host latency: 0.0958496 ms (enqueue 0.0796631 ms)
[02/25/2026-14:56:13] [I] Average on 10 runs - GPU latency: 0.0959961 ms - Host latency: 0.0959961 ms (enqueue 0.080542 ms)
[02/25/2026-14:56:13] [I] Average on 10 runs - GPU latency: 0.0966064 ms - Host latency: 0.0966064 ms (enqueue 0.0805908 ms)
[02/25/2026-14:56:13] [I] Average on 10 runs - GPU latency: 0.0966309 ms - Host latency: 0.0966309 ms (enqueue 0.0808105 ms)
[02/25/2026-14:56:13] [I] Average on 10 runs - GPU latency: 0.0968018 ms - Host latency: 0.0968018 ms (enqueue 0.0810303 ms)
[02/25/2026-14:56:13] [I] Average on 10 runs - GPU latency: 0.0981445 ms - Host latency: 0.0981445 ms (enqueue 0.0834229 ms)
[02/25/2026-14:56:13] [I] Average on 10 runs - GPU latency: 0.0966797 ms - Host latency: 0.0966797 ms (enqueue 0.0803223 ms)
[02/25/2026-14:56:13] [I] Average on 10 runs - GPU latency: 0.0959473 ms - Host latency: 0.0959473 ms (enqueue 0.0802246 ms)
[02/25/2026-14:56:13] [I] Average on 10 runs - GPU latency: 0.0957275 ms - Host latency: 0.0957275 ms (enqueue 0.080542 ms)
[02/25/2026-14:56:13] [I] Average on 10 runs - GPU latency: 0.0964844 ms - Host latency: 0.0964844 ms (enqueue 0.0811768 ms)
[02/25/2026-14:56:13] [I] Average on 10 runs - GPU latency: 0.0961182 ms - Host latency: 0.0961182 ms (enqueue 0.0804688 ms)
[02/25/2026-14:56:13] [I] Average on 10 runs - GPU latency: 0.096167 ms - Host latency: 0.096167 ms (enqueue 0.0800049 ms)
[02/25/2026-14:56:13] [I] Average on 10 runs - GPU latency: 0.0958984 ms - Host latency: 0.0958984 ms (enqueue 0.079248 ms)
[02/25/2026-14:56:13] [I] Average on 10 runs - GPU latency: 0.0962402 ms - Host latency: 0.0962402 ms (enqueue 0.0813232 ms)
[02/25/2026-14:56:13] [I] Average on 10 runs - GPU latency: 0.0962646 ms - Host latency: 0.0962646 ms (enqueue 0.0797119 ms)
[02/25/2026-14:56:13] [I] Average on 10 runs - GPU latency: 0.0961182 ms - Host latency: 0.0961182 ms (enqueue 0.0803711 ms)
[02/25/2026-14:56:13] [I] Average on 10 runs - GPU latency: 0.0965332 ms - Host latency: 0.0965332 ms (enqueue 0.0800537 ms)
[02/25/2026-14:56:13] [I] Average on 10 runs - GPU latency: 0.0964355 ms - Host latency: 0.0964355 ms (enqueue 0.0822022 ms)
[02/25/2026-14:56:13] [I] Average on 10 runs - GPU latency: 0.095874 ms - Host latency: 0.095874 ms (enqueue 0.0800781 ms)
[02/25/2026-14:56:13] [I] Average on 10 runs - GPU latency: 0.0962402 ms - Host latency: 0.0962402 ms (enqueue 0.0791016 ms)
[02/25/2026-14:56:13] [I] Average on 10 runs - GPU latency: 0.0960693 ms - Host latency: 0.0960693 ms (enqueue 0.0812744 ms)
[02/25/2026-14:56:13] [I] Average on 10 runs - GPU latency: 0.096582 ms - Host latency: 0.096582 ms (enqueue 0.0830078 ms)
[02/25/2026-14:56:13] [I] Average on 10 runs - GPU latency: 0.0965332 ms - Host latency: 0.0965332 ms (enqueue 0.0802979 ms)
[02/25/2026-14:56:13] [I] Average on 10 runs - GPU latency: 0.0963135 ms - Host latency: 0.0963135 ms (enqueue 0.0811768 ms)
[02/25/2026-14:56:13] [I] Average on 10 runs - GPU latency: 0.0956543 ms - Host latency: 0.0956543 ms (enqueue 0.0802979 ms)
[02/25/2026-14:56:13] [I] Average on 10 runs - GPU latency: 0.0962646 ms - Host latency: 0.0962646 ms (enqueue 0.0827393 ms)
[02/25/2026-14:56:13] [I] Average on 10 runs - GPU latency: 0.0981201 ms - Host latency: 0.0981201 ms (enqueue 0.0800781 ms)
[02/25/2026-14:56:13] [I] Average on 10 runs - GPU latency: 0.0961182 ms - Host latency: 0.0961182 ms (enqueue 0.0792725 ms)
[02/25/2026-14:56:13] [I] Average on 10 runs - GPU latency: 0.0964111 ms - Host latency: 0.0964111 ms (enqueue 0.0787354 ms)
[02/25/2026-14:56:13] [I] Average on 10 runs - GPU latency: 0.0958496 ms - Host latency: 0.0958496 ms (enqueue 0.0804199 ms)
[02/25/2026-14:56:13] [I] Average on 10 runs - GPU latency: 0.0958008 ms - Host latency: 0.0958008 ms (enqueue 0.0824951 ms)
[02/25/2026-14:56:13] [I] Average on 10 runs - GPU latency: 0.0965576 ms - Host latency: 0.0965576 ms (enqueue 0.0800049 ms)
[02/25/2026-14:56:13] [I] Average on 10 runs - GPU latency: 0.0955566 ms - Host latency: 0.0955566 ms (enqueue 0.0797119 ms)
[02/25/2026-14:56:13] [I] Average on 10 runs - GPU latency: 0.0967529 ms - Host latency: 0.0967529 ms (enqueue 0.0782227 ms)
[02/25/2026-14:56:13] [I] Average on 10 runs - GPU latency: 0.0962158 ms - Host latency: 0.0962158 ms (enqueue 0.0850342 ms)
[02/25/2026-14:56:13] [I] Average on 10 runs - GPU latency: 0.0960938 ms - Host latency: 0.0960938 ms (enqueue 0.0795654 ms)
[02/25/2026-14:56:13] [I] Average on 10 runs - GPU latency: 0.0960205 ms - Host latency: 0.0960205 ms (enqueue 0.0812256 ms)
[02/25/2026-14:56:13] [I] Average on 10 runs - GPU latency: 0.0959717 ms - Host latency: 0.0959717 ms (enqueue 0.0794189 ms)
[02/25/2026-14:56:13] [I] Average on 10 runs - GPU latency: 0.0963379 ms - Host latency: 0.0963379 ms (enqueue 0.0816895 ms)
[02/25/2026-14:56:13] [I] Average on 10 runs - GPU latency: 0.0968018 ms - Host latency: 0.0968018 ms (enqueue 0.0792969 ms)
[02/25/2026-14:56:13] [I] Average on 10 runs - GPU latency: 0.0957764 ms - Host latency: 0.0957764 ms (enqueue 0.0801758 ms)
[02/25/2026-14:56:13] [I] Average on 10 runs - GPU latency: 0.0959961 ms - Host latency: 0.0959961 ms (enqueue 0.080542 ms)
[02/25/2026-14:56:13] [I] Average on 10 runs - GPU latency: 0.0969727 ms - Host latency: 0.0969727 ms (enqueue 0.0846436 ms)
[02/25/2026-14:56:13] [I] Average on 10 runs - GPU latency: 0.0968506 ms - Host latency: 0.0968506 ms (enqueue 0.0798584 ms)
[02/25/2026-14:56:13] [I] Average on 10 runs - GPU latency: 0.0960938 ms - Host latency: 0.0960938 ms (enqueue 0.0793213 ms)
[02/25/2026-14:56:13] [I] Average on 10 runs - GPU latency: 0.0954834 ms - Host latency: 0.0954834 ms (enqueue 0.0782959 ms)
[02/25/2026-14:56:13] [I] Average on 10 runs - GPU latency: 0.0957764 ms - Host latency: 0.0957764 ms (enqueue 0.0818359 ms)
[02/25/2026-14:56:13] [I] Average on 10 runs - GPU latency: 0.0960938 ms - Host latency: 0.0960938 ms (enqueue 0.0796875 ms)
[02/25/2026-14:56:13] [I] Average on 10 runs - GPU latency: 0.0963135 ms - Host latency: 0.0963135 ms (enqueue 0.0782959 ms)
[02/25/2026-14:56:13] [I] Average on 10 runs - GPU latency: 0.0964844 ms - Host latency: 0.0964844 ms (enqueue 0.0803955 ms)
[02/25/2026-14:56:13] [I] Average on 10 runs - GPU latency: 0.0960693 ms - Host latency: 0.0960693 ms (enqueue 0.0804932 ms)
[02/25/2026-14:56:13] [I] Average on 10 runs - GPU latency: 0.0967773 ms - Host latency: 0.0967773 ms (enqueue 0.0800049 ms)
[02/25/2026-14:56:13] [I] 
[02/25/2026-14:56:13] [I] === Performance summary ===
[02/25/2026-14:56:13] [I] Throughput: 10149.3 qps
[02/25/2026-14:56:13] [I] Latency: min = 0.09198 ms, max = 0.136215 ms, mean = 0.0965485 ms, median = 0.0961914 ms, percentile(90%) = 0.0982666 ms, percentile(95%) = 0.0997314 ms, percentile(99%) = 0.108276 ms
[02/25/2026-14:56:13] [I] Enqueue Time: min = 0.0744629 ms, max = 0.164917 ms, mean = 0.0808959 ms, median = 0.0801392 ms, percentile(90%) = 0.0834961 ms, percentile(95%) = 0.0853882 ms, percentile(99%) = 0.101562 ms
[02/25/2026-14:56:13] [I] H2D Latency: min = 0 ms, max = 0 ms, mean = 0 ms, median = 0 ms, percentile(90%) = 0 ms, percentile(95%) = 0 ms, percentile(99%) = 0 ms
[02/25/2026-14:56:13] [I] GPU Compute Time: min = 0.09198 ms, max = 0.136215 ms, mean = 0.0965485 ms, median = 0.0961914 ms, percentile(90%) = 0.0982666 ms, percentile(95%) = 0.0997314 ms, percentile(99%) = 0.108276 ms
[02/25/2026-14:56:13] [I] D2H Latency: min = 0 ms, max = 0 ms, mean = 0 ms, median = 0 ms, percentile(90%) = 0 ms, percentile(95%) = 0 ms, percentile(99%) = 0 ms
[02/25/2026-14:56:13] [I] Total Host Walltime: 3.00021 s
[02/25/2026-14:56:13] [I] Total GPU Compute Time: 2.9399 s
[02/25/2026-14:56:13] [W] * Throughput may be bound by Enqueue Time rather than GPU Compute and the GPU may be under-utilized.
[02/25/2026-14:56:13] [W]   If not already in use, --useCudaGraph (utilize CUDA graphs where possible) may increase the throughput.
[02/25/2026-14:56:13] [W] * GPU compute time is unstable, with coefficient of variance = 2.45771%.
[02/25/2026-14:56:13] [W]   If not already in use, locking GPU clock frequency or adding --useSpinWait may improve the stability.
[02/25/2026-14:56:13] [I] Explanations of the performance metrics are printed in the verbose logs.
[02/25/2026-14:56:13] [I] 
&&&& PASSED TensorRT.trtexec [TensorRT v8502] # /usr/src/tensorrt/bin/trtexec --onnx=/home/user/Edge-ML/models/v3/TCN/TCN.onnx --saveEngine=/home/user/Edge-ML/models/v3/TCN/TCN_int8.engine --int8 --fp16 --exportLayerInfo=/home/user/Edge-ML/models/v3/TCN/logs/quantisation_int8_layers.json --memPoolSize=workspace:4096MiB --tacticSources=+CUBLAS,+CUBLAS_LT,+CUDNN --noDataTransfers --preview=+fasterDynamicShapes0805 --calib=/home/user/Edge-ML/models/v3/TCN/TCN.cache
